# Wyeksportowano z NFSEngine Exporter
o Mesh_Cube_52560.obj
v -0.005 -0.00875 0.003
v -0.0075 -0.00875 0.003
v -0.00875 -0.00875 0.003
v -0.00875 -0.005 0.003
v -0.00875 -0.0075 0.003
v -0.005 0.00875 0.003
v -0.00875 0.00875 0.003
v -0.0075 0.00875 0.003
v -0.00875 0.005 0.003
v -0.00875 0.0075 0.003
v 0.0075 0.00875 0.003
v 0.00875 0.00875 0.003
v 0.005 0.00875 0.003
v 0.00875 0.0075 0.003
v 0.00875 0.005 0.003
v 0.00875 -0.00875 0.003
v 0.0075 -0.00875 0.003
v 0.005 -0.00875 0.003
v 0.00875 -0.005 0.003
v 0.00875 -0.0075 0.003
v -0.009228354 -0.009904849 -0.002625
v -0.009570318 -0.009570318 -0.002764639
v -0.009633883 -0.009633883 -0.002625
v -0.009240342 -0.009790014 -0.002772103
v -0.00875 -0.01 -0.002625
v -0.00875 -0.009904849 -0.002768506
v -0.0075 -0.01 -0.002625
v -0.0075 -0.009904849 -0.002768506
v -0.005 -0.01 -0.002625
v -0.005 -0.009904849 -0.002768506
v 0 -0.01 -0.002625
v 0 -0.009904849 -0.002768506
v 0.005 -0.01 -0.002625
v 0.005 -0.009904849 -0.002768506
v 0.0075 -0.01 -0.002625
v 0.0075 -0.009904849 -0.002768506
v 0.00875 -0.01 -0.002625
v 0.00875 -0.009904849 -0.002768506
v 0.009240342 -0.009790014 -0.002772103
v 0.009228354 -0.009904849 -0.002625
v 0.009570318 -0.009570318 -0.002764639
v 0.009633883 -0.009633883 -0.002625
v -0.009904849 -0.009228354 -0.002625
v -0.009633883 -0.009633883 -0.002625
v -0.009570318 -0.009570318 -0.002764639
v -0.009790014 -0.009240342 -0.002772103
v -0.01 -0.00875 -0.002625
v -0.009904849 -0.00875 -0.002768506
v -0.009904849 -0.0075 -0.002768506
v -0.01 -0.0075 -0.002625
v -0.009904849 -0.005 -0.002768506
v -0.01 -0.005 -0.002625
v -0.009904849 0 -0.002768506
v -0.01 0 -0.002625
v -0.009904849 0.005 -0.002768506
v -0.01 0.005 -0.002625
v -0.009904849 0.0075 -0.002768506
v -0.01 0.0075 -0.002625
v -0.009904849 0.00875 -0.002768506
v -0.01 0.00875 -0.002625
v -0.009790014 0.009240342 -0.002772103
v -0.009904849 0.009228354 -0.002625
v -0.009570318 0.009570318 -0.002764639
v -0.009633883 0.009633883 -0.002625
v -0.009904849 -0.009228354 0.002625
v -0.009570318 -0.009570318 0.002764639
v -0.009633883 -0.009633883 0.002625
v -0.009790014 -0.009240342 0.002772103
v -0.01 -0.00875 0.002625
v -0.009904849 -0.00875 0.002768506
v -0.01 -0.0075 0.002625
v -0.009904849 -0.0075 0.002768506
v -0.01 -0.005 0.002625
v -0.009904849 -0.005 0.002768506
v -0.01 0 0.002625
v -0.009904849 0 0.002768506
v -0.01 0.005 0.002625
v -0.009904849 0.005 0.002768506
v -0.01 0.0075 0.002625
v -0.009904849 0.0075 0.002768506
v -0.01 0.00875 0.002625
v -0.009904849 0.00875 0.002768506
v -0.009790014 0.009240342 0.002772103
v -0.009904849 0.009228354 0.002625
v -0.009570318 0.009570318 0.002764639
v -0.009633883 0.009633883 0.002625
v -0.009228354 -0.009904849 0.002625
v -0.009633883 -0.009633883 0.002625
v -0.009570318 -0.009570318 0.002764639
v -0.009240342 -0.009790014 0.002772103
v -0.00875 -0.01 0.002625
v -0.00875 -0.009904849 0.002768506
v -0.0075 -0.009904849 0.002768506
v -0.0075 -0.01 0.002625
v -0.005 -0.009904849 0.002768506
v -0.005 -0.01 0.002625
v 0 -0.009904849 0.002768506
v 0 -0.01 0.002625
v 0.005 -0.009904849 0.002768506
v 0.005 -0.01 0.002625
v 0.0075 -0.009904849 0.002768506
v 0.0075 -0.01 0.002625
v 0.00875 -0.009904849 0.002768506
v 0.00875 -0.01 0.002625
v 0.009240342 -0.009790014 0.002772103
v 0.009228354 -0.009904849 0.002625
v 0.009570318 -0.009570318 0.002764639
v 0.009633883 -0.009633883 0.002625
v -0.009228354 0.009904849 -0.002625
v -0.009633883 0.009633883 -0.002625
v -0.009570318 0.009570318 -0.002764639
v -0.009240342 0.009790014 -0.002772103
v -0.00875 0.01 -0.002625
v -0.00875 0.009904849 -0.002768506
v -0.0075 0.009904849 -0.002768506
v -0.0075 0.01 -0.002625
v -0.005 0.009904849 -0.002768506
v -0.005 0.01 -0.002625
v 0 0.009904849 -0.002768506
v 0 0.01 -0.002625
v 0.005 0.009904849 -0.002768506
v 0.005 0.01 -0.002625
v 0.0075 0.009904849 -0.002768506
v 0.0075 0.01 -0.002625
v 0.00875 0.009904849 -0.002768506
v 0.00875 0.01 -0.002625
v 0.009240342 0.009790014 -0.002772103
v 0.009228354 0.009904849 -0.002625
v 0.009570318 0.009570318 -0.002764639
v 0.009633883 0.009633883 -0.002625
v -0.009228354 0.009904849 0.002625
v -0.009570318 0.009570318 0.002764639
v -0.009633883 0.009633883 0.002625
v -0.009240342 0.009790014 0.002772103
v -0.00875 0.01 0.002625
v -0.00875 0.009904849 0.002768506
v -0.0075 0.01 0.002625
v -0.0075 0.009904849 0.002768506
v -0.005 0.01 0.002625
v -0.005 0.009904849 0.002768506
v 0 0.01 0.002625
v 0 0.009904849 0.002768506
v 0.005 0.01 0.002625
v 0.005 0.009904849 0.002768506
v 0.0075 0.01 0.002625
v 0.0075 0.009904849 0.002768506
v 0.00875 0.01 0.002625
v 0.00875 0.009904849 0.002768506
v 0.009240342 0.009790014 0.002772103
v 0.009228354 0.009904849 0.002625
v 0.009570318 0.009570318 0.002764639
v 0.009633883 0.009633883 0.002625
v 0.009904849 -0.009228354 -0.002625
v 0.009570318 -0.009570318 -0.002764639
v 0.009633883 -0.009633883 -0.002625
v 0.009790014 -0.009240342 -0.002772103
v 0.01 -0.00875 -0.002625
v 0.009904849 -0.00875 -0.002768506
v 0.01 -0.0075 -0.002625
v 0.009904849 -0.0075 -0.002768506
v 0.01 -0.005 -0.002625
v 0.009904849 -0.005 -0.002768506
v 0.01 0 -0.002625
v 0.009904849 0 -0.002768506
v 0.01 0.005 -0.002625
v 0.009904849 0.005 -0.002768506
v 0.01 0.0075 -0.002625
v 0.009904849 0.0075 -0.002768506
v 0.01 0.00875 -0.002625
v 0.009904849 0.00875 -0.002768506
v 0.009790014 0.009240342 -0.002772103
v 0.009904849 0.009228354 -0.002625
v 0.009570318 0.009570318 -0.002764639
v 0.009633883 0.009633883 -0.002625
v 0.009904849 -0.009228354 0.002625
v 0.009633883 -0.009633883 0.002625
v 0.009570318 -0.009570318 0.002764639
v 0.009790014 -0.009240342 0.002772103
v 0.01 -0.00875 0.002625
v 0.009904849 -0.00875 0.002768506
v 0.009904849 -0.0075 0.002768506
v 0.01 -0.0075 0.002625
v 0.009904849 -0.005 0.002768506
v 0.01 -0.005 0.002625
v 0.009904849 0 0.002768506
v 0.01 0 0.002625
v 0.009904849 0.005 0.002768506
v 0.01 0.005 0.002625
v 0.009904849 0.0075 0.002768506
v 0.01 0.0075 0.002625
v 0.009904849 0.00875 0.002768506
v 0.01 0.00875 0.002625
v 0.009790014 0.009240342 0.002772103
v 0.009904849 0.009228354 0.002625
v 0.009570318 0.009570318 0.002764639
v 0.009633883 0.009633883 0.002625
v -0.007404849 0.006728354 0.000375
v -0.007133883 0.007133883 0.000375
v -0.007070318 0.007070318 0.0002353611
v -0.007290014 0.006740342 0.0002278973
v -0.0075 0.00625 0.000375
v -0.007404849 0.00625 0.0002314937
v -0.007404849 0.005 0.0002314937
v -0.0075 0.005 0.000375
v -0.007404849 0 0.0002314937
v -0.0075 0 0.000375
v -0.007404849 -0.005 0.0002314937
v -0.0075 -0.005 0.000375
v -0.007404849 -0.00625 0.0002314937
v -0.0075 -0.00625 0.000375
v -0.007290014 -0.006740342 0.0002278973
v -0.007404849 -0.006728354 0.000375
v -0.007070318 -0.007070318 0.0002353611
v -0.007133883 -0.007133883 0.000375
v -0.006728354 0.007404849 0.000375
v -0.007070318 0.007070318 0.0002353611
v -0.007133883 0.007133883 0.000375
v -0.006740342 0.007290014 0.0002278973
v -0.00625 0.0075 0.000375
v -0.00625 0.007404849 0.0002314937
v -0.005 0.0075 0.000375
v -0.005 0.007404849 0.0002314937
v 0 0.0075 0.000375
v 0 0.007404849 0.0002314937
v 0.005 0.0075 0.000375
v 0.005 0.007404849 0.0002314937
v 0.00625 0.0075 0.000375
v 0.00625 0.007404849 0.0002314937
v 0.006740342 0.007290014 0.0002278973
v 0.006728354 0.007404849 0.000375
v 0.007070318 0.007070318 0.0002353611
v 0.007133883 0.007133883 0.000375
v -0.006728354 -0.007404849 0.000375
v -0.007133883 -0.007133883 0.000375
v -0.007070318 -0.007070318 0.0002353611
v -0.006740342 -0.007290014 0.0002278973
v -0.00625 -0.0075 0.000375
v -0.00625 -0.007404849 0.0002314937
v -0.005 -0.007404849 0.0002314937
v -0.005 -0.0075 0.000375
v 0 -0.007404849 0.0002314937
v 0 -0.0075 0.000375
v 0.005 -0.007404849 0.0002314937
v 0.005 -0.0075 0.000375
v 0.00625 -0.007404849 0.0002314937
v 0.00625 -0.0075 0.000375
v 0.006740342 -0.007290014 0.0002278973
v 0.006728354 -0.007404849 0.000375
v 0.007070318 -0.007070318 0.0002353611
v 0.007133883 -0.007133883 0.000375
v 0.007404849 0.006728354 0.000375
v 0.007070318 0.007070318 0.0002353611
v 0.007133883 0.007133883 0.000375
v 0.007290014 0.006740342 0.0002278973
v 0.0075 0.00625 0.000375
v 0.007404849 0.00625 0.0002314937
v 0.0075 0.005 0.000375
v 0.007404849 0.005 0.0002314937
v 0.0075 0 0.000375
v 0.007404849 0 0.0002314937
v 0.0075 -0.005 0.000375
v 0.007404849 -0.005 0.0002314937
v 0.0075 -0.00625 0.000375
v 0.007404849 -0.00625 0.0002314937
v 0.007290014 -0.006740342 0.0002278973
v 0.007404849 -0.006728354 0.000375
v 0.007070318 -0.007070318 0.0002353611
v 0.007133883 -0.007133883 0.000375
v -0.009633883 -0.009633883 0
v -0.009904849 -0.009228354 0.002625
v -0.009633883 -0.009633883 0.002625
v -0.009904849 -0.009228354 0
v -0.009633883 -0.009633883 -0.002625
v -0.01 -0.00875 0.002625
v -0.009904849 -0.009228354 -0.002625
v -0.01 -0.00875 0
v -0.01 -0.0075 0.002625
v -0.01 -0.00875 -0.002625
v -0.01 -0.0075 0
v -0.01 -0.005 0.002625
v -0.01 -0.0075 -0.002625
v -0.01 -0.005 0
v -0.01 0 0.002625
v -0.01 -0.005 -0.002625
v -0.01 0 0
v -0.01 0.005 0.002625
v -0.01 0 -0.002625
v -0.01 0.005 0
v -0.01 0.0075 0.002625
v -0.01 0.005 -0.002625
v -0.01 0.0075 0
v -0.01 0.00875 0.002625
v -0.01 0.0075 -0.002625
v -0.01 0.00875 0
v -0.009904849 0.009228354 0.002625
v -0.01 0.00875 -0.002625
v -0.009904849 0.009228354 0
v -0.009633883 0.009633883 0.002625
v -0.009904849 0.009228354 -0.002625
v -0.009633883 0.009633883 0
v -0.009633883 0.009633883 -0.002625
v 0.009633883 0.009633883 0
v 0.009228354 0.009904849 -0.002625
v 0.009633883 0.009633883 -0.002625
v 0.009228354 0.009904849 0
v 0.009633883 0.009633883 0.002625
v 0.00875 0.01 -0.002625
v 0.009228354 0.009904849 0.002625
v 0.00875 0.01 0
v 0.0075 0.01 -0.002625
v 0.00875 0.01 0.002625
v 0.0075 0.01 0
v 0.005 0.01 -0.002625
v 0.0075 0.01 0.002625
v 0.005 0.01 0
v 0 0.01 -0.002625
v 0.005 0.01 0.002625
v 0 0.01 0
v -0.005 0.01 -0.002625
v 0 0.01 0.002625
v -0.005 0.01 0
v -0.0075 0.01 -0.002625
v -0.005 0.01 0.002625
v -0.0075 0.01 0
v -0.00875 0.01 -0.002625
v -0.0075 0.01 0.002625
v -0.00875 0.01 0
v -0.009228354 0.009904849 -0.002625
v -0.00875 0.01 0.002625
v -0.009228354 0.009904849 0
v -0.009633883 0.009633883 -0.002625
v -0.009228354 0.009904849 0.002625
v -0.009633883 0.009633883 0
v -0.009633883 0.009633883 0.002625
v 0.009633883 -0.009633883 0
v 0.009904849 -0.009228354 -0.002625
v 0.009633883 -0.009633883 -0.002625
v 0.009904849 -0.009228354 0
v 0.009633883 -0.009633883 0.002625
v 0.01 -0.00875 -0.002625
v 0.009904849 -0.009228354 0.002625
v 0.01 -0.00875 0
v 0.01 -0.0075 -0.002625
v 0.01 -0.00875 0.002625
v 0.01 -0.0075 0
v 0.01 -0.005 -0.002625
v 0.01 -0.0075 0.002625
v 0.01 -0.005 0
v 0.01 0 -0.002625
v 0.01 -0.005 0.002625
v 0.01 0 0
v 0.01 0.005 -0.002625
v 0.01 0 0.002625
v 0.01 0.005 0
v 0.01 0.0075 -0.002625
v 0.01 0.005 0.002625
v 0.01 0.0075 0
v 0.01 0.00875 -0.002625
v 0.01 0.0075 0.002625
v 0.01 0.00875 0
v 0.009904849 0.009228354 -0.002625
v 0.01 0.00875 0.002625
v 0.009904849 0.009228354 0
v 0.009633883 0.009633883 -0.002625
v 0.009904849 0.009228354 0.002625
v 0.009633883 0.009633883 0
v 0.009633883 0.009633883 0.002625
v -0.009228354 -0.009904849 -0.002625
v -0.009633883 -0.009633883 -0.002625
v -0.009633883 -0.009633883 0
v -0.009228354 -0.009904849 0
v -0.009633883 -0.009633883 0.002625
v -0.00875 -0.01 -0.002625
v -0.009228354 -0.009904849 0.002625
v -0.00875 -0.01 0
v -0.0075 -0.01 -0.002625
v -0.00875 -0.01 0.002625
v -0.0075 -0.01 0
v -0.005 -0.01 -0.002625
v -0.0075 -0.01 0.002625
v -0.005 -0.01 0
v 0 -0.01 -0.002625
v -0.005 -0.01 0.002625
v 0 -0.01 0
v 0.005 -0.01 -0.002625
v 0 -0.01 0.002625
v 0.005 -0.01 0
v 0.0075 -0.01 -0.002625
v 0.005 -0.01 0.002625
v 0.0075 -0.01 0
v 0.00875 -0.01 -0.002625
v 0.0075 -0.01 0.002625
v 0.00875 -0.01 0
v 0.009228354 -0.009904849 -0.002625
v 0.00875 -0.01 0.002625
v 0.009228354 -0.009904849 0
v 0.009633883 -0.009633883 -0.002625
v 0.009228354 -0.009904849 0.002625
v 0.009633883 -0.009633883 0
v 0.009633883 -0.009633883 0.002625
v -0.006728354 -0.007404849 0.002625
v -0.007133883 -0.007133883 0.002625
v -0.007133883 -0.007133883 0.000375
v -0.006728354 -0.007404849 0.000375
v -0.00625 -0.0075 0.002625
v -0.00625 -0.0075 0.000375
v -0.005 -0.0075 0.000375
v -0.005 -0.0075 0.002625
v 0 -0.0075 0.000375
v 0 -0.0075 0.002625
v 0.005 -0.0075 0.000375
v 0.005 -0.0075 0.002625
v 0.00625 -0.0075 0.000375
v 0.00625 -0.0075 0.002625
v 0.006728354 -0.007404849 0.002625
v 0.006728354 -0.007404849 0.000375
v 0.007133883 -0.007133883 0.002625
v 0.007133883 -0.007133883 0.000375
v -0.007133883 -0.007133883 0.002625
v -0.007404849 -0.006728354 0.000375
v -0.007133883 -0.007133883 0.000375
v -0.007404849 -0.006728354 0.002625
v -0.0075 -0.00625 0.000375
v -0.0075 -0.00625 0.002625
v -0.0075 -0.005 0.002625
v -0.0075 -0.005 0.000375
v -0.0075 0 0.002625
v -0.0075 0 0.000375
v -0.0075 0.005 0.002625
v -0.0075 0.005 0.000375
v -0.0075 0.00625 0.002625
v -0.0075 0.00625 0.000375
v -0.007404849 0.006728354 0.000375
v -0.007404849 0.006728354 0.002625
v -0.007133883 0.007133883 0.000375
v -0.007133883 0.007133883 0.002625
v 0.007404849 -0.006728354 0.002625
v 0.007133883 -0.007133883 0.002625
v 0.007133883 -0.007133883 0.000375
v 0.007404849 -0.006728354 0.000375
v 0.0075 -0.00625 0.002625
v 0.0075 -0.00625 0.000375
v 0.0075 -0.005 0.000375
v 0.0075 -0.005 0.002625
v 0.0075 0 0.000375
v 0.0075 0 0.002625
v 0.0075 0.005 0.000375
v 0.0075 0.005 0.002625
v 0.0075 0.00625 0.000375
v 0.0075 0.00625 0.002625
v 0.007404849 0.006728354 0.002625
v 0.007404849 0.006728354 0.000375
v 0.007133883 0.007133883 0.002625
v 0.007133883 0.007133883 0.000375
v 0.007133883 0.007133883 0.000375
v 0.006728354 0.007404849 0.002625
v 0.007133883 0.007133883 0.002625
v 0.006728354 0.007404849 0.000375
v 0.00625 0.0075 0.002625
v 0.00625 0.0075 0.000375
v 0.005 0.0075 0.000375
v 0.005 0.0075 0.002625
v 0 0.0075 0.000375
v 0 0.0075 0.002625
v -0.005 0.0075 0.000375
v -0.005 0.0075 0.002625
v -0.00625 0.0075 0.000375
v -0.00625 0.0075 0.002625
v -0.006728354 0.007404849 0.002625
v -0.006728354 0.007404849 0.000375
v -0.007133883 0.007133883 0.002625
v -0.007133883 0.007133883 0.000375
v -0.00625 0.0075 0.002625
v -0.006823504 0.00759515 0.002768506
v -0.005 0.00759515 0.002768506
v -0.005 0.0075 0.002625
v 0 0.00759515 0.002768506
v 0 0.0075 0.002625
v 0.005 0.00759515 0.002768506
v 0.005 0.0075 0.002625
v 0.006823504 0.00759515 0.002768506
v 0.00625 0.0075 0.002625
v -0.00759515 0.006823504 0.002768506
v -0.0075 0.00625 0.002625
v -0.0075 0.005 0.002625
v -0.00759515 0.005 0.002768506
v -0.0075 0 0.002625
v -0.00759515 0 0.002768506
v -0.0075 -0.005 0.002625
v -0.00759515 -0.005 0.002768506
v -0.0075 -0.00625 0.002625
v -0.00759515 -0.006823504 0.002768506
v -0.006823504 -0.00759515 0.002768506
v -0.00625 -0.0075 0.002625
v -0.005 -0.0075 0.002625
v -0.005 -0.00759515 0.002768506
v 0 -0.0075 0.002625
v 0 -0.00759515 0.002768506
v 0.005 -0.0075 0.002625
v 0.005 -0.00759515 0.002768506
v 0.00625 -0.0075 0.002625
v 0.006823504 -0.00759515 0.002768506
v 0.0075 -0.005 0.002625
v 0.00759515 -0.006823504 0.002768506
v 0.0075 -0.00625 0.002625
v 0.00759515 -0.005 0.002768506
v 0.0075 0 0.002625
v 0.00759515 0 0.002768506
v 0.0075 0.005 0.002625
v 0.00759515 0.005 0.002768506
v 0.0075 0.00625 0.002625
v 0.00759515 0.006823504 0.002768506
v 0.007290014 -0.006740342 0.0002278973
v 0.007070318 -0.007070318 0.0002353611
v 0.006971688 -0.006971688 0.0001584937
v 0.006740342 -0.007290014 0.0002278973
v 0.007070318 -0.006715463 0.0001289045
v 0.007404849 -0.00625 0.0002314937
v 0.006715463 -0.007070318 0.0001289045
v 0.00625 -0.007404849 0.0002314937
v 0.006740342 -0.006740342 6.299584E-05
v 0.00625 -0.007133883 0.0001098349
v 0.005 -0.007404849 0.0002314937
v 0.00625 -0.006728354 2.854514E-05
v 0.005 -0.007133883 0.000109835
v 0 -0.007404849 0.0002314937
v 0 -0.007133883 0.000109835
v -0.005 -0.007404849 0.0002314937
v 0.005 -0.006728354 2.854519E-05
v 0.00625 -0.00625 0
v 0.006728354 -0.00625 2.854514E-05
v -0.005 -0.007133883 0.000109835
v -0.00625 -0.007404849 0.0002314937
v 0 -0.006728354 2.854519E-05
v 0.005 -0.00625 0
v 0.007133883 -0.00625 0.0001098349
v 0.00625 -0.005 0
v 0.007133883 -0.005 0.000109835
v 0.007404849 -0.005 0.0002314937
v 0.006728354 -0.005 2.854519E-05
v 0.007133883 0 0.000109835
v 0.007404849 0 0.0002314937
v 0.006728354 0 2.854519E-05
v 0.00625 0 0
v 0.005 -0.005 0
v 0.007133883 0.005 0.000109835
v 0.007404849 0.005 0.0002314937
v 0.006728354 0.005 2.854519E-05
v 0.00625 0.005 0
v 0.007133883 0.00625 0.0001098349
v 0.007404849 0.00625 0.0002314937
v 0.006728354 0.00625 2.854514E-05
v 0.007070318 0.006715463 0.0001289045
v 0.007290014 0.006740342 0.0002278973
v 0.00625 0.00625 0
v 0.005 0 0
v 0.006971688 0.006971688 0.0001584937
v 0.007070318 0.007070318 0.0002353611
v 0.006740342 0.007290014 0.0002278973
v 0.006740342 0.006740342 6.299584E-05
v 0.006715463 0.007070318 0.0001289045
v 0.00625 0.007404849 0.0002314937
v 0.00625 0.006728354 2.854514E-05
v 0.005 0.005 0
v 0.00625 0.007133883 0.0001098349
v 0.005 0.00625 0
v 0.005 0.007133883 0.000109835
v 0.005 0.007404849 0.0002314937
v 0.005 0.006728354 2.854519E-05
v 0 0.007133883 0.000109835
v 0 0.007404849 0.0002314937
v 0 0.006728354 2.854519E-05
v 0 0.00625 0
v 0 0.005 0
v 0 0 0
v -0.005 0.007133883 0.000109835
v -0.005 0.007404849 0.0002314937
v -0.005 0.006728354 2.854519E-05
v -0.005 0.00625 0
v -0.005 0.005 0
v -0.00625 0.007133883 0.0001098349
v -0.00625 0.007404849 0.0002314937
v -0.00625 0.006728354 2.854514E-05
v -0.006715463 0.007070318 0.0001289045
v -0.006740342 0.007290014 0.0002278973
v -0.00625 0.00625 0
v -0.006740342 0.006740342 6.299584E-05
v -0.006971688 0.006971688 0.0001584937
v -0.007070318 0.007070318 0.0002353611
v -0.007290014 0.006740342 0.0002278973
v -0.007070318 0.006715463 0.0001289045
v -0.007404849 0.00625 0.0002314937
v -0.00625 0.005 0
v -0.006728354 0.00625 2.854514E-05
v -0.007133883 0.00625 0.0001098349
v -0.006728354 0.005 2.854519E-05
v -0.007133883 0.005 0.000109835
v -0.007404849 0.005 0.0002314937
v -0.00625 0 0
v -0.007133883 0 0.000109835
v -0.007404849 0 0.0002314937
v -0.006728354 0 2.854519E-05
v -0.005 0 0
v -0.007133883 -0.005 0.000109835
v -0.007404849 -0.005 0.0002314937
v -0.006728354 -0.005 2.854519E-05
v -0.00625 -0.005 0
v -0.005 -0.005 0
v -0.007133883 -0.00625 0.0001098349
v -0.007404849 -0.00625 0.0002314937
v -0.006728354 -0.00625 2.854514E-05
v -0.00625 -0.00625 0
v -0.007070318 -0.006715463 0.0001289045
v -0.007290014 -0.006740342 0.0002278973
v 0 -0.005 0
v -0.006740342 -0.006740342 6.299584E-05
v -0.006971688 -0.006971688 0.0001584937
v -0.007070318 -0.007070318 0.0002353611
v -0.006740342 -0.007290014 0.0002278973
v -0.006715463 -0.007070318 0.0001289045
v -0.005 -0.00625 0
v 0 -0.00625 0
v -0.00625 -0.006728354 2.854514E-05
v -0.00625 -0.007133883 0.0001098349
v -0.005 -0.006728354 2.854519E-05
v 0.009790014 0.009240342 0.002772103
v 0.009471687 0.009471687 0.002841506
v 0.009570318 0.009570318 0.002764639
v 0.009240342 0.009790014 0.002772103
v 0.009570318 0.009215463 0.002871095
v 0.009904849 0.00875 0.002768506
v 0.009215463 0.009570318 0.002871095
v 0.00875 0.009904849 0.002768506
v 0.009633883 0.00875 0.002890165
v 0.009904849 0.0075 0.002768506
v 0.009240342 0.009240342 0.002937004
v 0.009228354 0.00875 0.002971455
v 0.009633883 0.0075 0.002890165
v 0.009904849 0.005 0.002768506
v 0.009633883 0.005 0.002890165
v 0.009904849 0 0.002768506
v 0.009228354 0.0075 0.002971455
v 0.00875 0.00875 0.003
v 0.00875 0.009228354 0.002971455
v 0.00875 0.0075 0.003
v 0.0075 0.00875 0.003
v 0.009228354 0.005 0.002971455
v 0.00875 0.005 0.003
v 0.009633883 0 0.002890165
v 0.009904849 -0.005 0.002768506
v 0.009228354 0 0.002971455
v 0.00875 0 0.003
v 0.009633883 -0.005 0.002890165
v 0.009904849 -0.0075 0.002768506
v 0.009228354 -0.005 0.002971455
v 0.00875 -0.005 0.003
v 0.009633883 -0.0075 0.002890165
v 0.009904849 -0.00875 0.002768506
v 0.009228354 -0.0075 0.002971455
v 0.00875 -0.0075 0.003
v 0.009633883 -0.00875 0.002890165
v 0.009228354 -0.00875 0.002971455
v 0.00875 -0.00875 0.003
v 0.009570318 -0.009215463 0.002871095
v 0.009790014 -0.009240342 0.002772103
v 0.009240342 -0.009240342 0.002937004
v 0.009471687 -0.009471687 0.002841506
v 0.009570318 -0.009570318 0.002764639
v 0.009240342 -0.009790014 0.002772103
v 0.009215463 -0.009570318 0.002871095
v 0.00875 -0.009904849 0.002768506
v 0.00875 -0.009228354 0.002971455
v 0.00875 -0.009633883 0.002890165
v 0.0075 -0.009904849 0.002768506
v 0.0075 -0.009633883 0.002890165
v 0.005 -0.009904849 0.002768506
v 0.0075 -0.009228354 0.002971455
v 0.0075 -0.00875 0.003
v 0.005 -0.009633883 0.002890165
v 0 -0.009904849 0.002768506
v 0.005 -0.009228354 0.002971455
v 0.005 -0.00875 0.003
v 0 -0.009633883 0.002890165
v -0.005 -0.009904849 0.002768506
v 0 -0.009228354 0.002971455
v 0 -0.00875 0.003
v -0.005 -0.009633883 0.002890165
v -0.0075 -0.009904849 0.002768506
v -0.005 -0.009228354 0.002971455
v -0.005 -0.00875 0.003
v -0.0075 -0.009633883 0.002890165
v -0.00875 -0.009904849 0.002768506
v -0.0075 -0.009228354 0.002971455
v -0.0075 -0.00875 0.003
v -0.00875 -0.009633883 0.002890165
v -0.00875 -0.009228354 0.002971455
v -0.00875 -0.00875 0.003
v -0.009215463 -0.009570318 0.002871095
v -0.009240342 -0.009790014 0.002772103
v -0.009240342 -0.009240342 0.002937004
v -0.009471687 -0.009471687 0.002841506
v -0.009570318 -0.009570318 0.002764639
v -0.009790014 -0.009240342 0.002772103
v -0.009570318 -0.009215463 0.002871095
v -0.009904849 -0.00875 0.002768506
v -0.009228354 -0.00875 0.002971455
v -0.009633883 -0.00875 0.002890165
v -0.009904849 -0.0075 0.002768506
v -0.009633883 -0.0075 0.002890165
v -0.009904849 -0.005 0.002768506
v -0.009228354 -0.0075 0.002971455
v -0.00875 -0.0075 0.003
v -0.009633883 -0.005 0.002890165
v -0.009904849 0 0.002768506
v -0.009228354 -0.005 0.002971455
v -0.00875 -0.005 0.003
v -0.009633883 0 0.002890165
v -0.009904849 0.005 0.002768506
v -0.009228354 0 0.002971455
v -0.00875 0 0.003
v -0.009633883 0.005 0.002890165
v -0.009904849 0.0075 0.002768506
v -0.009228354 0.005 0.002971455
v -0.00875 0.005 0.003
v -0.009633883 0.0075 0.002890165
v -0.009904849 0.00875 0.002768506
v -0.009228354 0.0075 0.002971455
v -0.00875 0.0075 0.003
v -0.009633883 0.00875 0.002890165
v -0.009228354 0.00875 0.002971455
v -0.00875 0.00875 0.003
v -0.009570318 0.009215463 0.002871095
v -0.009790014 0.009240342 0.002772103
v -0.009240342 0.009240342 0.002937004
v -0.009471687 0.009471687 0.002841506
v -0.009570318 0.009570318 0.002764639
v -0.009240342 0.009790014 0.002772103
v -0.009215463 0.009570318 0.002871095
v -0.00875 0.009904849 0.002768506
v -0.00875 0.009228354 0.002971455
v -0.00875 0.009633883 0.002890165
v -0.0075 0.009904849 0.002768506
v -0.0075 0.009633883 0.002890165
v -0.005 0.009904849 0.002768506
v -0.0075 0.009228354 0.002971455
v -0.0075 0.00875 0.003
v -0.005 0.009633883 0.002890165
v 0 0.009904849 0.002768506
v -0.005 0.009228354 0.002971455
v -0.005 0.00875 0.003
v 0 0.009633883 0.002890165
v 0.005 0.009904849 0.002768506
v 0 0.009228354 0.002971455
v 0 0.00875 0.003
v 0.005 0.009633883 0.002890165
v 0.0075 0.009904849 0.002768506
v 0.005 0.009228354 0.002971455
v 0.005 0.00875 0.003
v 0.0075 0.009633883 0.002890165
v 0.0075 0.009228354 0.002971455
v 0.00875 0.009633883 0.002890165
v 0.009240342 0.009790014 -0.002772103
v 0.009471687 0.009471687 -0.002841506
v 0.009570318 0.009570318 -0.002764639
v 0.009790014 0.009240342 -0.002772103
v 0.009215463 0.009570318 -0.002871095
v 0.00875 0.009904849 -0.002768506
v 0.009570318 0.009215463 -0.002871095
v 0.009904849 0.00875 -0.002768506
v 0.00875 0.009633883 -0.002890165
v 0.0075 0.009904849 -0.002768506
v 0.009240342 0.009240342 -0.002937004
v 0.00875 0.009228354 -0.002971455
v 0.0075 0.009633883 -0.002890165
v 0.005 0.009904849 -0.002768506
v 0.005 0.009633883 -0.002890165
v 0 0.009904849 -0.002768506
v 0.0075 0.009228354 -0.002971455
v 0.00875 0.00875 -0.003
v 0.009228354 0.00875 -0.002971455
v 0 0.009633883 -0.002890165
v -0.005 0.009904849 -0.002768506
v 0.005 0.009228354 -0.002971455
v 0.0075 0.00875 -0.003
v -0.005 0.009633883 -0.002890165
v -0.0075 0.009904849 -0.002768506
v 0 0.009228354 -0.002971455
v -0.0075 0.009633883 -0.002890165
v -0.00875 0.009904849 -0.002768506
v 0.009633883 0.00875 -0.002890165
v 0.00875 0.0075 -0.003
v 0.005 0.00875 -0.003
v -0.005 0.009228354 -0.002971455
v 0.009633883 0.0075 -0.002890165
v 0.009904849 0.0075 -0.002768506
v 0.009228354 0.0075 -0.002971455
v 0.0075 0.0075 -0.003
v 0 0.00875 -0.003
v 0.009633883 0.005 -0.002890165
v 0.009904849 0.005 -0.002768506
v 0.00875 0.005 -0.003
v 0.009228354 0.005 -0.002971455
v 0.005 0.0075 -0.003
v 0.009633883 0 -0.002890165
v 0.009904849 0 -0.002768506
v 0.0075 0.005 -0.003
v 0.00875 0 -0.003
v 0.009228354 0 -0.002971455
v 0.009633883 -0.005 -0.002890165
v 0.009904849 -0.005 -0.002768506
v 0.009228354 -0.005 -0.002971455
v 0.00875 -0.005 -0.003
v 0.0075 0 -0.003
v 0.005 0.005 -0.003
v 0.009633883 -0.0075 -0.002890165
v 0.009904849 -0.0075 -0.002768506
v 0.009228354 -0.0075 -0.002971455
v 0.00875 -0.0075 -0.003
v 0.0075 -0.005 -0.003
v 0.009633883 -0.00875 -0.002890165
v 0.009904849 -0.00875 -0.002768506
v 0.009228354 -0.00875 -0.002971455
v 0.009570318 -0.009215463 -0.002871095
v 0.009790014 -0.009240342 -0.002772103
v 0.00875 -0.00875 -0.003
v 0.009471687 -0.009471687 -0.002841506
v 0.009570318 -0.009570318 -0.002764639
v 0.009240342 -0.009790014 -0.002772103
v 0.009240342 -0.009240342 -0.002937004
v 0.009215463 -0.009570318 -0.002871095
v 0.00875 -0.009904849 -0.002768506
v 0.00875 -0.009228354 -0.002971455
v 0.0075 -0.0075 -0.003
v 0.00875 -0.009633883 -0.002890165
v 0.0075 -0.00875 -0.003
v 0.0075 -0.009633883 -0.002890165
v 0.0075 -0.009904849 -0.002768506
v 0.0075 -0.009228354 -0.002971455
v 0.005 -0.009633883 -0.002890165
v 0.005 -0.009904849 -0.002768506
v 0.005 -0.009228354 -0.002971455
v 0.005 -0.00875 -0.003
v 0.005 -0.0075 -0.003
v 0 -0.009633883 -0.002890165
v 0 -0.009904849 -0.002768506
v 0 -0.009228354 -0.002971455
v 0 -0.00875 -0.003
v -0.005 -0.009633883 -0.002890165
v -0.005 -0.009904849 -0.002768506
v -0.005 -0.009228354 -0.002971455
v -0.0075 -0.009633883 -0.002890165
v -0.0075 -0.009904849 -0.002768506
v 0.005 -0.005 -0.003
v 0 -0.0075 -0.003
v -0.005 -0.00875 -0.003
v -0.0075 -0.009228354 -0.002971455
v -0.00875 -0.009633883 -0.002890165
v -0.00875 -0.009904849 -0.002768506
v -0.00875 -0.009228354 -0.002971455
v -0.009215463 -0.009570318 -0.002871095
v -0.009240342 -0.009790014 -0.002772103
v -0.0075 -0.00875 -0.003
v -0.005 -0.0075 -0.003
v -0.00875 -0.00875 -0.003
v -0.009240342 -0.009240342 -0.002937004
v -0.009471687 -0.009471687 -0.002841506
v -0.009570318 -0.009570318 -0.002764639
v -0.009790014 -0.009240342 -0.002772103
v -0.009570318 -0.009215463 -0.002871095
v -0.009904849 -0.00875 -0.002768506
v -0.0075 -0.0075 -0.003
v -0.009228354 -0.00875 -0.002971455
v -0.00875 -0.0075 -0.003
v -0.009633883 -0.00875 -0.002890165
v -0.009228354 -0.0075 -0.002971455
v -0.009633883 -0.0075 -0.002890165
v -0.009904849 -0.0075 -0.002768506
v -0.00875 -0.005 -0.003
v -0.0075 -0.005 -0.003
v -0.009228354 -0.005 -0.002971455
v -0.009633883 -0.005 -0.002890165
v -0.009904849 -0.005 -0.002768506
v -0.00875 0 -0.003
v -0.005 -0.005 -0.003
v -0.009228354 0 -0.002971455
v -0.009633883 0 -0.002890165
v -0.009904849 0 -0.002768506
v -0.0075 0 -0.003
v 0 -0.005 -0.003
v -0.00875 0.005 -0.003
v -0.009228354 0.005 -0.002971455
v -0.009633883 0.005 -0.002890165
v -0.009904849 0.005 -0.002768506
v -0.005 0 -0.003
v 0 0 -0.003
v -0.0075 0.005 -0.003
v -0.00875 0.0075 -0.003
v -0.009228354 0.0075 -0.002971455
v -0.009633883 0.0075 -0.002890165
v -0.009904849 0.0075 -0.002768506
v -0.005 0.005 -0.003
v 0.005 0 -0.003
v 0 0.005 -0.003
v -0.009633883 0.00875 -0.002890165
v -0.009904849 0.00875 -0.002768506
v -0.0075 0.0075 -0.003
v 0 0.0075 -0.003
v -0.005 0.0075 -0.003
v -0.005 0.00875 -0.003
v -0.009228354 0.00875 -0.002971455
v -0.00875 0.00875 -0.003
v -0.0075 0.00875 -0.003
v -0.0075 0.009228354 -0.002971455
v -0.009570318 0.009215463 -0.002871095
v -0.009790014 0.009240342 -0.002772103
v -0.009240342 0.009240342 -0.002937004
v -0.00875 0.009228354 -0.002971455
v -0.00875 0.009633883 -0.002890165
v -0.009471687 0.009471687 -0.002841506
v -0.009570318 0.009570318 -0.002764639
v -0.009240342 0.009790014 -0.002772103
v -0.009215463 0.009570318 -0.002871095
v 0.007404849 -0.006728354 0.002625
v 0.00733443 -0.00733443 0.002759913
v 0.007133883 -0.007133883 0.002625
v 0.006728354 -0.007404849 0.002625
v 0.0075 -0.007117544 0.002763451
v 0.0075 -0.00625 0.002625
v 0.00759515 -0.006823504 0.002768506
v 0.007117544 -0.0075 0.002763451
v 0.00625 -0.0075 0.002625
v 0.006823504 -0.00759515 0.002768506
v 0.0075 -0.0075 0.002840663
v 0.007665569 -0.0075 0.002874305
v 0.0075 -0.007665569 0.002874305
v 0.007866116 -0.0075 0.002890165
v 0.00759515 -0.005 0.002768506
v 0.007882455 -0.007882455 0.002929964
v 0.007866116 -0.005 0.002890165
v 0.00759515 0 0.002768506
v 0.008271646 -0.008176495 0.002971455
v 0.007866116 0 0.002890165
v 0.00759515 0.005 0.002768506
v 0.008271646 -0.005 0.002971455
v 0.00875 -0.00875 0.003
v 0.008176495 -0.008271646 0.002971455
v 0.00875 -0.005 0.003
v 0.005 -0.00875 0.003
v 0.008271646 0 0.002971455
v 0.00875 0 0.003
v 0.007866116 0.005 0.002890165
v 0.00759515 0.006823504 0.002768506
v 0.008271646 0.005 0.002971455
v 0.00875 0.005 0.003
v 0.0075 -0.007866116 0.002890165
v 0.005 -0.008271646 0.002971455
v 0 -0.00875 0.003
v 0.005 -0.007866116 0.002890165
v 0.005 -0.00759515 0.002768506
v 0 -0.008271646 0.002971455
v -0.005 -0.00875 0.003
v 0 -0.007866116 0.002890165
v 0 -0.00759515 0.002768506
v -0.005 -0.008271646 0.002971455
v -0.00875 -0.00875 0.003
v -0.005 -0.007866116 0.002890165
v -0.005 -0.00759515 0.002768506
v -0.008176495 -0.008271646 0.002971455
v -0.0075 -0.007866116 0.002890165
v -0.006823504 -0.00759515 0.002768506
v -0.0075 -0.007665569 0.002874305
v -0.007882455 -0.007882455 0.002929964
v -0.007117544 -0.0075 0.002763451
v -0.00625 -0.0075 0.002625
v -0.006728354 -0.007404849 0.002625
v -0.0075 -0.0075 0.002840663
v -0.00733443 -0.00733443 0.002759913
v -0.007133883 -0.007133883 0.002625
v -0.007404849 -0.006728354 0.002625
v -0.0075 -0.007117544 0.002763451
v -0.0075 -0.00625 0.002625
v -0.00759515 -0.006823504 0.002768506
v -0.007665569 -0.0075 0.002874305
v -0.008271646 -0.008176495 0.002971455
v -0.00875 -0.005 0.003
v -0.007866116 -0.0075 0.002890165
v -0.008271646 -0.005 0.002971455
v -0.00875 0 0.003
v -0.007866116 -0.005 0.002890165
v -0.00759515 -0.005 0.002768506
v -0.008271646 0 0.002971455
v -0.00875 0.005 0.003
v -0.007866116 0 0.002890165
v -0.00759515 0 0.002768506
v -0.008271646 0.005 0.002971455
v -0.00875 0.00875 0.003
v -0.007866116 0.005 0.002890165
v -0.00759515 0.005 0.002768506
v -0.008271646 0.008176495 0.002971455
v -0.007866116 0.0075 0.002890165
v -0.00759515 0.006823504 0.002768506
v -0.007665569 0.0075 0.002874305
v -0.007882455 0.007882455 0.002929964
v -0.0075 0.007117544 0.002763451
v -0.0075 0.00625 0.002625
v -0.007404849 0.006728354 0.002625
v -0.0075 0.0075 0.002840663
v -0.00733443 0.00733443 0.002759913
v -0.007133883 0.007133883 0.002625
v -0.006728354 0.007404849 0.002625
v -0.007117544 0.0075 0.002763451
v -0.00625 0.0075 0.002625
v -0.006823504 0.00759515 0.002768506
v -0.0075 0.007665569 0.002874305
v -0.008176495 0.008271646 0.002971455
v -0.005 0.00875 0.003
v -0.0075 0.007866116 0.002890165
v -0.005 0.008271646 0.002971455
v 0 0.00875 0.003
v -0.005 0.007866116 0.002890165
v -0.005 0.00759515 0.002768506
v 0 0.008271646 0.002971455
v 0.005 0.00875 0.003
v 0 0.007866116 0.002890165
v 0 0.00759515 0.002768506
v 0.005 0.008271646 0.002971455
v 0.00875 0.00875 0.003
v 0.005 0.007866116 0.002890165
v 0.005 0.00759515 0.002768506
v 0.008176495 0.008271646 0.002971455
v 0.0075 0.007866116 0.002890165
v 0.006823504 0.00759515 0.002768506
v 0.0075 0.007665569 0.002874305
v 0.007882455 0.007882455 0.002929964
v 0.007117544 0.0075 0.002763451
v 0.00625 0.0075 0.002625
v 0.006728354 0.007404849 0.002625
v 0.0075 0.0075 0.002840663
v 0.00733443 0.00733443 0.002759913
v 0.007133883 0.007133883 0.002625
v 0.007404849 0.006728354 0.002625
v 0.0075 0.007117544 0.002763451
v 0.0075 0.00625 0.002625
v 0.007665569 0.0075 0.002874305
v 0.008271646 0.008176495 0.002971455
v 0.007866116 0.0075 0.002890165
vn 0 -0.0297972 0.9995559
vn 0 -0.0297972 0.9995559
vn 0.01551286 0.01551274 0.9997594
vn 0.02979723 0 0.9995559
vn -0.0297972 0 0.9995559
vn 0 -0.02979721 0.9995559
vn 0.01551286 -0.01551276 0.9997594
vn 0 0.0297972 0.9995559
vn -0.0297972 0 0.9995559
vn -0.0297972 0 0.9995559
vn 0 0.0297972 0.9995559
vn -0.01551286 -0.01551276 0.9997594
vn 0 0.0297972 0.9995559
vn 0.0297972 0 0.9995559
vn -0.02979723 0 0.9995559
vn -0.01551286 0.01551274 0.9997594
vn 0 -0.0297972 0.9995559
vn 0 0.02979718 0.9995559
vn 0.0297972 0 0.9995559
vn 0.0297972 0 0.9995559
vn -0.2969156 -0.7732021 -0.5603568
vn -0.5988474 -0.5988479 -0.5317547
vn -0.5988474 -0.5988478 -0.5317547
vn -0.3558282 -0.7546886 -0.551209
vn -0.08311275 -0.8213835 -0.5642885
vn -0.08966288 -0.8201773 -0.5650396
vn 0 -0.8334424 -0.5526063
vn 0 -0.8334424 -0.5526063
vn 0 -0.8334424 -0.5526063
vn 0 -0.8334424 -0.5526063
vn 0 -0.8334424 -0.5526063
vn 0 -0.8334424 -0.5526063
vn 0 -0.8334424 -0.5526063
vn 0 -0.8334424 -0.5526063
vn 0 -0.8334424 -0.5526063
vn 0 -0.8334424 -0.5526063
vn 0.08311272 -0.8213832 -0.5642888
vn 0.08966284 -0.8201771 -0.5650399
vn 0.3558282 -0.7546889 -0.5512087
vn 0.2969156 -0.7732021 -0.5603567
vn 0.598848 -0.5988481 -0.5317537
vn 0.598848 -0.5988482 -0.5317537
vn -0.7732015 -0.296916 -0.5603573
vn -0.5988474 -0.5988478 -0.5317547
vn -0.5988474 -0.5988479 -0.5317547
vn -0.7546884 -0.355829 -0.5512087
vn -0.8213827 -0.08311263 -0.5642896
vn -0.8201765 -0.08966274 -0.5650408
vn -0.8334424 0 -0.5526063
vn -0.8334424 0 -0.5526063
vn -0.8334424 0 -0.5526063
vn -0.8334424 0 -0.5526063
vn -0.8334424 0 -0.5526063
vn -0.8334424 0 -0.5526063
vn -0.8334424 0 -0.5526063
vn -0.8334424 0 -0.5526063
vn -0.8334424 0 -0.5526063
vn -0.8334424 0 -0.5526063
vn -0.8201765 0.08966281 -0.5650407
vn -0.8213827 0.0831127 -0.5642896
vn -0.7546889 0.3558289 -0.5512081
vn -0.7732019 0.296916 -0.5603567
vn -0.598848 0.5988481 -0.5317537
vn -0.598848 0.5988482 -0.5317537
vn -0.7732019 -0.296916 0.5603567
vn -0.598848 -0.5988481 0.5317537
vn -0.598848 -0.5988482 0.5317537
vn -0.7546889 -0.3558289 0.5512081
vn -0.8213827 -0.0831127 0.5642896
vn -0.8201765 -0.08966281 0.5650407
vn -0.8334424 0 0.5526063
vn -0.8334424 0 0.5526063
vn -0.8334424 0 0.5526063
vn -0.8334424 0 0.5526063
vn -0.8334424 0 0.5526063
vn -0.8334424 0 0.5526063
vn -0.8334424 0 0.5526063
vn -0.8334424 0 0.5526063
vn -0.8334424 0 0.5526063
vn -0.8334424 0 0.5526063
vn -0.8213827 0.08311263 0.5642896
vn -0.8201765 0.08966274 0.5650408
vn -0.7546884 0.355829 0.5512087
vn -0.7732015 0.296916 0.5603573
vn -0.5988474 0.5988479 0.5317547
vn -0.5988474 0.5988478 0.5317547
vn -0.2969156 -0.7732021 0.5603567
vn -0.598848 -0.5988482 0.5317537
vn -0.598848 -0.5988481 0.5317537
vn -0.3558282 -0.7546889 0.5512087
vn -0.08311272 -0.8213832 0.5642888
vn -0.08966284 -0.8201771 0.5650399
vn 0 -0.8334424 0.5526063
vn 0 -0.8334424 0.5526063
vn 0 -0.8334424 0.5526063
vn 0 -0.8334424 0.5526063
vn 0 -0.8334424 0.5526063
vn 0 -0.8334424 0.5526063
vn 0 -0.8334424 0.5526063
vn 0 -0.8334424 0.5526063
vn 0 -0.8334424 0.5526063
vn 0 -0.8334424 0.5526063
vn 0.08966288 -0.8201773 0.5650396
vn 0.08311275 -0.8213835 0.5642885
vn 0.3558282 -0.7546886 0.551209
vn 0.2969156 -0.7732021 0.5603568
vn 0.5988474 -0.5988479 0.5317547
vn 0.5988474 -0.5988478 0.5317547
vn -0.2969156 0.7732021 -0.5603567
vn -0.598848 0.5988482 -0.5317537
vn -0.598848 0.5988481 -0.5317537
vn -0.3558282 0.7546889 -0.5512087
vn -0.08311272 0.8213832 -0.5642888
vn -0.08966284 0.8201771 -0.5650399
vn 0 0.8334424 -0.5526063
vn 0 0.8334424 -0.5526063
vn 0 0.8334424 -0.5526063
vn 0 0.8334424 -0.5526063
vn 0 0.8334424 -0.5526063
vn 0 0.8334424 -0.5526063
vn 0 0.8334424 -0.5526063
vn 0 0.8334424 -0.5526063
vn 0 0.8334424 -0.5526063
vn 0 0.8334424 -0.5526063
vn 0.08966288 0.8201773 -0.5650396
vn 0.08311275 0.8213835 -0.5642885
vn 0.3558282 0.7546886 -0.551209
vn 0.2969156 0.7732021 -0.5603568
vn 0.5988474 0.5988479 -0.5317547
vn 0.5988474 0.5988478 -0.5317547
vn -0.2969156 0.7732021 0.5603568
vn -0.5988474 0.5988479 0.5317547
vn -0.5988474 0.5988478 0.5317547
vn -0.3558282 0.7546886 0.551209
vn -0.08311275 0.8213835 0.5642885
vn -0.08966288 0.8201773 0.5650396
vn 0 0.8334424 0.5526063
vn 0 0.8334424 0.5526063
vn 0 0.8334424 0.5526063
vn 0 0.8334424 0.5526063
vn 0 0.8334424 0.5526063
vn 0 0.8334424 0.5526063
vn 0 0.8334424 0.5526063
vn 0 0.8334424 0.5526063
vn 0 0.8334424 0.5526063
vn 0 0.8334424 0.5526063
vn 0.08311272 0.8213832 0.5642888
vn 0.08966284 0.8201771 0.5650399
vn 0.3558282 0.7546889 0.5512087
vn 0.2969156 0.7732021 0.5603567
vn 0.598848 0.5988481 0.5317537
vn 0.598848 0.5988482 0.5317537
vn 0.7732019 -0.296916 -0.5603567
vn 0.598848 -0.5988481 -0.5317537
vn 0.598848 -0.5988482 -0.5317537
vn 0.7546889 -0.3558289 -0.5512081
vn 0.8213827 -0.0831127 -0.5642896
vn 0.8201765 -0.08966281 -0.5650407
vn 0.8334424 0 -0.5526063
vn 0.8334424 0 -0.5526063
vn 0.8334424 0 -0.5526063
vn 0.8334424 0 -0.5526063
vn 0.8334424 0 -0.5526063
vn 0.8334424 0 -0.5526063
vn 0.8334424 0 -0.5526063
vn 0.8334424 0 -0.5526063
vn 0.8334424 0 -0.5526063
vn 0.8334424 0 -0.5526063
vn 0.8213827 0.08311263 -0.5642896
vn 0.8201765 0.08966274 -0.5650408
vn 0.7546884 0.355829 -0.5512087
vn 0.7732015 0.296916 -0.5603573
vn 0.5988474 0.5988479 -0.5317547
vn 0.5988474 0.5988478 -0.5317547
vn 0.7732015 -0.296916 0.5603573
vn 0.5988474 -0.5988478 0.5317547
vn 0.5988474 -0.5988479 0.5317547
vn 0.7546884 -0.355829 0.5512087
vn 0.8213827 -0.08311263 0.5642896
vn 0.8201765 -0.08966274 0.5650408
vn 0.8334424 0 0.5526063
vn 0.8334424 0 0.5526063
vn 0.8334424 0 0.5526063
vn 0.8334424 0 0.5526063
vn 0.8334424 0 0.5526063
vn 0.8334424 0 0.5526063
vn 0.8334424 0 0.5526063
vn 0.8334424 0 0.5526063
vn 0.8334424 0 0.5526063
vn 0.8334424 0 0.5526063
vn 0.8201765 0.08966281 0.5650407
vn 0.8213827 0.0831127 0.5642896
vn 0.7546889 0.3558289 0.5512081
vn 0.7732019 0.296916 0.5603567
vn 0.598848 0.5988481 0.5317537
vn 0.598848 0.5988482 0.5317537
vn 0.7732019 -0.2969153 0.5603569
vn 0.5988478 -0.5988472 0.531755
vn 0.5988478 -0.5988472 0.531755
vn 0.7546889 -0.3558285 0.5512085
vn 0.821383 -0.08311212 0.5642893
vn 0.8201768 -0.08966217 0.5650405
vn 0.8334425 0 0.5526061
vn 0.8334425 0 0.5526061
vn 0.8334425 0 0.5526061
vn 0.8334425 0 0.5526061
vn 0.8334425 0 0.5526061
vn 0.8334425 0 0.5526061
vn 0.8201767 0.08966242 0.5650406
vn 0.8213828 0.08311233 0.5642894
vn 0.7546886 0.3558289 0.5512085
vn 0.7732016 0.2969158 0.5603572
vn 0.5988479 0.5988476 0.5317544
vn 0.5988479 0.5988476 0.5317544
vn 0.2969159 -0.7732019 0.5603568
vn 0.5988478 -0.5988472 0.531755
vn 0.5988478 -0.5988472 0.531755
vn 0.3558286 -0.7546881 0.5512094
vn 0.08311286 -0.8213837 0.5642881
vn 0.08966298 -0.8201776 0.5650392
vn 0 -0.8334425 0.5526061
vn 0 -0.8334425 0.5526061
vn 0 -0.8334425 0.5526061
vn 0 -0.8334425 0.5526061
vn 0 -0.8334425 0.5526061
vn 0 -0.8334425 0.5526061
vn -0.08311282 -0.8213835 0.5642885
vn -0.08966292 -0.8201773 0.5650396
vn -0.3558288 -0.7546883 0.5512092
vn -0.296916 -0.7732018 0.5603569
vn -0.5988479 -0.5988476 0.5317544
vn -0.5988479 -0.5988476 0.5317544
vn 0.296916 0.7732018 0.5603569
vn 0.5988479 0.5988476 0.5317544
vn 0.5988479 0.5988476 0.5317544
vn 0.3558288 0.7546883 0.5512092
vn 0.08311281 0.8213835 0.5642885
vn 0.08966292 0.8201773 0.5650396
vn 0 0.8334425 0.5526061
vn 0 0.8334425 0.5526061
vn 0 0.8334425 0.5526061
vn 0 0.8334425 0.5526061
vn 0 0.8334425 0.5526061
vn 0 0.8334425 0.5526061
vn -0.08966298 0.8201776 0.5650392
vn -0.08311285 0.8213837 0.5642881
vn -0.3558286 0.7546881 0.5512094
vn -0.2969159 0.7732019 0.5603568
vn -0.5988478 0.5988472 0.531755
vn -0.5988478 0.5988472 0.531755
vn -0.7732016 -0.2969158 0.5603572
vn -0.5988479 -0.5988476 0.5317544
vn -0.5988479 -0.5988476 0.5317544
vn -0.7546886 -0.3558289 0.5512085
vn -0.8213828 -0.08311234 0.5642894
vn -0.8201767 -0.08966243 0.5650406
vn -0.8334425 0 0.5526061
vn -0.8334425 0 0.5526061
vn -0.8334425 0 0.5526061
vn -0.8334425 0 0.5526061
vn -0.8334425 0 0.5526061
vn -0.8334425 0 0.5526061
vn -0.821383 0.08311212 0.5642893
vn -0.8201768 0.08966219 0.5650405
vn -0.7546889 0.3558285 0.5512085
vn -0.7732019 0.2969153 0.5603569
vn -0.5988478 0.5988472 0.531755
vn -0.5988478 0.5988472 0.531755
vn -0.707107 -0.7071065 0
vn -0.9238794 -0.3826836 0
vn -0.707107 -0.7071065 0
vn -0.9238794 -0.3826836 0
vn -0.707107 -0.7071065 0
vn -0.9951847 -0.09801717 0
vn -0.9238794 -0.3826836 0
vn -0.9951847 -0.09801717 0
vn -1 0 0
vn -0.9951847 -0.09801717 0
vn -1 0 0
vn -1 0 0
vn -1 0 0
vn -1 0 0
vn -1 0 0
vn -1 0 0
vn -1 0 0
vn -1 0 0
vn -1 0 0
vn -1 0 0
vn -1 0 0
vn -1 0 0
vn -1 0 0
vn -0.9951847 0.09801717 0
vn -1 0 0
vn -0.9951847 0.09801717 0
vn -0.9238794 0.3826836 0
vn -0.9951847 0.09801717 0
vn -0.9238794 0.3826836 0
vn -0.707107 0.7071065 0
vn -0.9238794 0.3826836 0
vn -0.707107 0.7071065 0
vn -0.707107 0.7071065 0
vn 0.707107 0.7071065 0
vn 0.3826837 0.9238794 0
vn 0.707107 0.7071065 0
vn 0.3826837 0.9238794 0
vn 0.707107 0.7071065 0
vn 0.09801698 0.9951847 0
vn 0.3826837 0.9238794 0
vn 0.09801698 0.9951847 0
vn 0 1 0
vn 0.09801698 0.9951847 0
vn 0 1 0
vn 0 1 0
vn 0 1 0
vn 0 1 0
vn 0 1 0
vn 0 1 0
vn 0 1 0
vn 0 1 0
vn 0 1 0
vn 0 1 0
vn 0 1 0
vn 0 1 0
vn 0 1 0
vn -0.09801698 0.9951847 0
vn 0 1 0
vn -0.09801698 0.9951847 0
vn -0.3826837 0.9238794 0
vn -0.09801698 0.9951847 0
vn -0.3826837 0.9238794 0
vn -0.707107 0.7071065 0
vn -0.3826837 0.9238794 0
vn -0.707107 0.7071065 0
vn -0.707107 0.7071065 0
vn 0.707107 -0.7071065 0
vn 0.9238794 -0.3826836 0
vn 0.707107 -0.7071065 0
vn 0.9238794 -0.3826836 0
vn 0.707107 -0.7071065 0
vn 0.9951847 -0.09801717 0
vn 0.9238794 -0.3826836 0
vn 0.9951847 -0.09801717 0
vn 1 0 0
vn 0.9951847 -0.09801717 0
vn 1 0 0
vn 1 0 0
vn 1 0 0
vn 1 0 0
vn 1 0 0
vn 1 0 0
vn 1 0 0
vn 1 0 0
vn 1 0 0
vn 1 0 0
vn 1 0 0
vn 1 0 0
vn 1 0 0
vn 0.9951847 0.09801717 0
vn 1 0 0
vn 0.9951847 0.09801717 0
vn 0.9238794 0.3826836 0
vn 0.9951847 0.09801717 0
vn 0.9238794 0.3826836 0
vn 0.707107 0.7071065 0
vn 0.9238794 0.3826836 0
vn 0.707107 0.7071065 0
vn 0.707107 0.7071065 0
vn -0.3826837 -0.9238794 0
vn -0.707107 -0.7071065 0
vn -0.707107 -0.7071065 0
vn -0.3826837 -0.9238794 0
vn -0.707107 -0.7071065 0
vn -0.09801698 -0.9951847 0
vn -0.3826837 -0.9238794 0
vn -0.09801698 -0.9951847 0
vn 0 -1 0
vn -0.09801698 -0.9951847 0
vn 0 -1 0
vn 0 -1 0
vn 0 -1 0
vn 0 -1 0
vn 0 -1 0
vn 0 -1 0
vn 0 -1 0
vn 0 -1 0
vn 0 -1 0
vn 0 -1 0
vn 0 -1 0
vn 0 -1 0
vn 0 -1 0
vn 0.09801698 -0.9951847 0
vn 0 -1 0
vn 0.09801698 -0.9951847 0
vn 0.3826837 -0.9238794 0
vn 0.09801698 -0.9951847 0
vn 0.3826837 -0.9238794 0
vn 0.707107 -0.7071065 0
vn 0.3826837 -0.9238794 0
vn 0.707107 -0.7071065 0
vn 0.707107 -0.7071065 0
vn 0.3826838 0.9238794 0
vn 0.7071066 0.7071068 0
vn 0.7071066 0.7071068 0
vn 0.3826838 0.9238794 0
vn 0.09801698 0.9951847 0
vn 0.09801698 0.9951847 0
vn 0 1 0
vn 0 1 0
vn 0 1 0
vn 0 1 0
vn 0 1 0
vn 0 1 0
vn -0.09801698 0.9951847 0
vn -0.09801698 0.9951847 0
vn -0.3826838 0.9238794 0
vn -0.3826838 0.9238794 0
vn -0.7071066 0.7071068 0
vn -0.7071066 0.7071068 0
vn 0.7071066 0.7071068 0
vn 0.9238794 0.3826837 0
vn 0.7071066 0.7071068 0
vn 0.9238794 0.3826837 0
vn 0.9951847 0.09801678 0
vn 0.9951847 0.09801678 0
vn 1 0 0
vn 1 0 0
vn 1 0 0
vn 1 0 0
vn 1 0 0
vn 1 0 0
vn 0.9951847 -0.09801678 0
vn 0.9951847 -0.09801678 0
vn 0.9238794 -0.3826837 0
vn 0.9238794 -0.3826837 0
vn 0.7071066 -0.7071068 0
vn 0.7071066 -0.7071068 0
vn -0.9238794 0.3826837 0
vn -0.7071066 0.7071068 0
vn -0.7071066 0.7071068 0
vn -0.9238794 0.3826837 0
vn -0.9951847 0.09801678 0
vn -0.9951847 0.09801678 0
vn -1 0 0
vn -1 0 0
vn -1 0 0
vn -1 0 0
vn -1 0 0
vn -1 0 0
vn -0.9951847 -0.09801678 0
vn -0.9951847 -0.09801678 0
vn -0.9238794 -0.3826837 0
vn -0.9238794 -0.3826837 0
vn -0.7071066 -0.7071068 0
vn -0.7071066 -0.7071068 0
vn -0.7071066 -0.7071068 0
vn -0.3826838 -0.9238794 0
vn -0.7071066 -0.7071068 0
vn -0.3826838 -0.9238794 0
vn -0.09801698 -0.9951847 0
vn -0.09801698 -0.9951847 0
vn 0 -1 0
vn 0 -1 0
vn 0 -1 0
vn 0 -1 0
vn 0 -1 0
vn 0 -1 0
vn 0.09801698 -0.9951847 0
vn 0.09801698 -0.9951847 0
vn 0.3826838 -0.9238794 0
vn 0.3826838 -0.9238794 0
vn 0.7071066 -0.7071068 0
vn 0.7071066 -0.7071068 0
vn 0.01741384 -0.804476 0.5937299
vn 0.06974103 -0.472056 0.8788056
vn 0 -0.8334429 0.5526055
vn 0 -0.8334429 0.5526055
vn 0 -0.8334424 0.5526063
vn 0 -0.8334424 0.5526063
vn 0 -0.8334429 0.5526055
vn 0 -0.8334429 0.5526055
vn -0.06974103 -0.472056 0.8788056
vn -0.01741384 -0.804476 0.5937299
vn 0.4720555 -0.06974128 0.8788059
vn 0.8044754 -0.01741392 0.5937307
vn 0.8334427 0 0.552606
vn 0.8334427 0 0.552606
vn 0.8334424 0 0.5526063
vn 0.8334424 0 0.5526063
vn 0.8334427 0 0.552606
vn 0.8334427 0 0.552606
vn 0.8044754 0.01741398 0.5937307
vn 0.4720555 0.06974148 0.8788059
vn 0.06974103 0.472056 0.8788056
vn 0.01741383 0.8044747 0.5937316
vn 0 0.8334423 0.5526065
vn 0 0.8334423 0.5526065
vn 0 0.8334424 0.5526063
vn 0 0.8334424 0.5526063
vn 0 0.8334423 0.5526065
vn 0 0.8334423 0.5526065
vn -0.01741384 0.8044747 0.5937316
vn -0.06974103 0.4720559 0.8788057
vn -0.8334427 0 0.552606
vn -0.4720555 0.06974128 0.8788059
vn -0.8044754 0.01741392 0.5937307
vn -0.8334427 0 0.552606
vn -0.8334424 0 0.5526063
vn -0.8334424 0 0.5526063
vn -0.8334427 0 0.552606
vn -0.8334427 0 0.552606
vn -0.8044754 -0.01741398 0.5937307
vn -0.4720555 -0.06974148 0.8788059
vn -0.3983584 0.161894 0.9028294
vn -0.3264567 0.3264568 0.8870468
vn -0.2808262 0.2808263 0.9177545
vn -0.1618938 0.3983574 0.9028298
vn -0.3051842 0.1538169 0.9397889
vn -0.4077168 0.04189774 0.9121467
vn -0.1538167 0.3051838 0.9397889
vn -0.04189783 0.4077162 0.9121469
vn -0.1336846 0.1336848 0.9819658
vn -0.03954719 0.3081413 0.9505183
vn 0 0.4095916 0.912269
vn -0.03239249 0.1291698 0.9910933
vn 0 0.3049815 0.9523583
vn 0 0.4095916 0.912269
vn 0 0.3049815 0.9523583
vn 0 0.4095916 0.912269
vn 0 0.1283622 0.9917274
vn -0.03089613 0.03089614 0.999045
vn -0.1291696 0.03239247 0.9910933
vn 0 0.3049815 0.9523583
vn 0.04189786 0.4077163 0.9121469
vn 0 0.1283622 0.9917274
vn 0 0.02979711 0.9995559
vn -0.3081415 0.03954712 0.9505182
vn -0.02979711 0 0.9995559
vn -0.3049815 0 0.9523583
vn -0.4095916 0 0.912269
vn -0.1283622 0 0.9917274
vn -0.3049815 0 0.9523583
vn -0.4095916 0 0.912269
vn -0.1283622 0 0.9917274
vn -0.02979712 0 0.9995559
vn 0 0 1
vn -0.3049816 0 0.9523583
vn -0.4095916 0 0.912269
vn -0.1283622 0 0.9917274
vn -0.02979711 0 0.9995559
vn -0.3081415 -0.03954716 0.9505182
vn -0.4077167 -0.04189781 0.9121467
vn -0.1291697 -0.03239248 0.9910933
vn -0.3051841 -0.1538168 0.9397889
vn -0.3983583 -0.1618939 0.9028294
vn -0.03089613 -0.03089614 0.999045
vn 0 0 1
vn -0.2808261 -0.280826 0.9177546
vn -0.3264566 -0.3264564 0.887047
vn -0.1618937 -0.3983572 0.9028299
vn -0.1336846 -0.1336847 0.9819658
vn -0.1538166 -0.3051836 0.9397891
vn -0.04189786 -0.4077163 0.9121469
vn -0.03239248 -0.1291698 0.9910933
vn 0 0 1
vn -0.0395472 -0.3081413 0.9505183
vn 0 -0.02979711 0.9995559
vn 0 -0.3049816 0.9523583
vn 0 -0.4095916 0.912269
vn 0 -0.1283622 0.9917274
vn 0 -0.3049815 0.9523583
vn 0 -0.4095916 0.912269
vn 0 -0.1283622 0.9917274
vn 0 -0.02979712 0.9995559
vn 0 0 1
vn 0 0 1
vn 0 -0.3049816 0.9523583
vn 0 -0.4095916 0.912269
vn 0 -0.1283622 0.9917274
vn 0 -0.02979711 0.9995559
vn 0 0 1
vn 0.03954719 -0.3081414 0.9505183
vn 0.04189783 -0.4077162 0.9121469
vn 0.03239249 -0.1291698 0.9910933
vn 0.1538167 -0.3051838 0.9397889
vn 0.1618938 -0.3983574 0.9028298
vn 0.03089613 -0.03089614 0.999045
vn 0.1336846 -0.1336848 0.9819658
vn 0.2808262 -0.2808263 0.9177545
vn 0.3264567 -0.3264568 0.8870468
vn 0.3983584 -0.161894 0.9028294
vn 0.3051842 -0.1538169 0.9397889
vn 0.4077168 -0.04189775 0.9121467
vn 0.02979711 0 0.9995559
vn 0.1291696 -0.03239248 0.9910933
vn 0.3081415 -0.03954714 0.9505182
vn 0.1283622 0 0.9917274
vn 0.3049815 0 0.9523583
vn 0.4095916 0 0.912269
vn 0.02979712 0 0.9995559
vn 0.3049816 0 0.9523583
vn 0.4095916 0 0.912269
vn 0.1283622 0 0.9917274
vn 0 0 1
vn 0.3049815 0 0.9523583
vn 0.4095916 0 0.912269
vn 0.1283622 0 0.9917274
vn 0.02979711 0 0.9995559
vn 0 0 1
vn 0.3081415 0.03954718 0.9505182
vn 0.4077167 0.04189783 0.9121467
vn 0.1291697 0.03239249 0.9910933
vn 0.03089613 0.03089614 0.999045
vn 0.3051842 0.1538168 0.9397889
vn 0.3983583 0.1618939 0.9028294
vn 0 0 1
vn 0.1336846 0.1336847 0.9819658
vn 0.2808261 0.280826 0.9177546
vn 0.3264566 0.3264564 0.887047
vn 0.1618937 0.3983572 0.9028299
vn 0.1538166 0.3051836 0.9397891
vn 0 0.02979711 0.9995559
vn 0 0.02979712 0.9995559
vn 0.03239248 0.1291697 0.9910933
vn 0.03954719 0.3081413 0.9505183
vn 0 0.1283622 0.9917274
vn 0.3983585 0.1618938 0.9028294
vn 0.2808256 0.2808255 0.9177549
vn 0.3264565 0.3264556 0.8870472
vn 0.1618938 0.3983568 0.9028301
vn 0.3051839 0.1538166 0.9397889
vn 0.407717 0.04189777 0.9121467
vn 0.1538164 0.3051832 0.9397893
vn 0.04189796 0.4077162 0.9121469
vn 0.3081415 0.03954711 0.9505182
vn 0.4095916 0 0.912269
vn 0.1336841 0.1336846 0.981966
vn 0.1291695 0.03239245 0.9910933
vn 0.3049814 0 0.9523583
vn 0.4095916 0 0.912269
vn 0.3049814 0 0.9523583
vn 0.4095916 0 0.912269
vn 0.1283622 0 0.9917274
vn 0.03089604 0.0308962 0.999045
vn 0.0323923 0.1291696 0.9910933
vn 0.0297972 0 0.9995559
vn 0 0.0297972 0.9995559
vn 0.1283622 0 0.9917274
vn 0.0297972 0 0.9995559
vn 0.3049814 0 0.9523583
vn 0.4095916 0 0.912269
vn 0.1283622 0 0.9917274
vn 0.0297972 0 0.9995559
vn 0.3049814 0 0.9523583
vn 0.4095916 0 0.912269
vn 0.1283622 0 0.9917274
vn 0.0297972 0 0.9995559
vn 0.3049814 0 0.9523583
vn 0.4077169 -0.0418977 0.9121467
vn 0.1283622 0 0.9917274
vn 0.0297972 0 0.9995559
vn 0.3081415 -0.03954709 0.9505182
vn 0.1291695 -0.03239247 0.9910933
vn 0.03089605 -0.0308962 0.999045
vn 0.305184 -0.1538166 0.9397889
vn 0.3983586 -0.1618936 0.9028294
vn 0.1336841 -0.1336846 0.981966
vn 0.2808258 -0.2808256 0.9177548
vn 0.3264569 -0.3264557 0.8870472
vn 0.1618939 -0.3983568 0.9028301
vn 0.1538164 -0.3051832 0.9397892
vn 0.04189793 -0.4077161 0.912147
vn 0.03239226 -0.1291696 0.9910933
vn 0.03954717 -0.3081411 0.9505184
vn 0 -0.4095916 0.912269
vn 0 -0.3049814 0.9523583
vn 0 -0.4095916 0.912269
vn 0 -0.1283622 0.9917274
vn 0 -0.0297972 0.9995559
vn 0 -0.3049814 0.9523583
vn 0 -0.4095916 0.912269
vn 0 -0.1283622 0.9917274
vn 0 -0.0297972 0.9995559
vn 0 -0.3049814 0.9523583
vn 0 -0.4095916 0.912269
vn 0 -0.1283622 0.9917274
vn 0 -0.0297972 0.9995559
vn 0 -0.3049814 0.9523583
vn 0 -0.4095916 0.912269
vn 0 -0.1283622 0.9917274
vn 0 -0.0297972 0.9995559
vn 0 -0.3049814 0.9523583
vn -0.04189796 -0.4077162 0.9121469
vn 0 -0.1283622 0.9917274
vn 0 -0.0297972 0.9995559
vn -0.03954723 -0.3081412 0.9505183
vn -0.0323923 -0.1291696 0.9910933
vn -0.03089604 -0.0308962 0.999045
vn -0.1538163 -0.3051832 0.9397893
vn -0.1618938 -0.3983568 0.9028301
vn -0.1336841 -0.1336846 0.981966
vn -0.2808256 -0.2808255 0.9177549
vn -0.3264565 -0.3264556 0.8870472
vn -0.3983585 -0.1618938 0.9028294
vn -0.3051839 -0.1538166 0.9397889
vn -0.407717 -0.04189777 0.9121467
vn -0.1291695 -0.03239245 0.9910933
vn -0.3081415 -0.03954711 0.9505182
vn -0.4095916 0 0.912269
vn -0.3049814 0 0.9523583
vn -0.4095916 0 0.912269
vn -0.1283622 0 0.9917274
vn -0.0297972 0 0.9995559
vn -0.3049814 0 0.9523583
vn -0.4095916 0 0.912269
vn -0.1283622 0 0.9917274
vn -0.0297972 0 0.9995559
vn -0.3049814 0 0.9523583
vn -0.4095916 0 0.912269
vn -0.1283622 0 0.9917274
vn -0.0297972 0 0.9995559
vn -0.3049814 0 0.9523583
vn -0.4095916 0 0.912269
vn -0.1283622 0 0.9917274
vn -0.0297972 0 0.9995559
vn -0.3049814 0 0.9523583
vn -0.4077169 0.0418977 0.9121467
vn -0.1283622 0 0.9917274
vn -0.0297972 0 0.9995559
vn -0.3081415 0.03954709 0.9505182
vn -0.1291695 0.03239247 0.9910933
vn -0.03089605 0.0308962 0.999045
vn -0.305184 0.1538166 0.9397889
vn -0.3983586 0.1618936 0.9028294
vn -0.1336841 0.1336846 0.981966
vn -0.2808258 0.2808256 0.9177548
vn -0.3264569 0.3264557 0.8870472
vn -0.1618939 0.3983568 0.9028301
vn -0.1538164 0.3051832 0.9397892
vn -0.04189793 0.4077161 0.912147
vn -0.03239226 0.1291696 0.9910933
vn -0.03954717 0.3081411 0.9505184
vn 0 0.4095916 0.912269
vn 0 0.3049814 0.9523583
vn 0 0.4095916 0.912269
vn 0 0.1283622 0.9917274
vn 0 0.0297972 0.9995559
vn 0 0.3049814 0.9523583
vn 0 0.4095916 0.912269
vn 0 0.1283622 0.9917274
vn 0 0.0297972 0.9995559
vn 0 0.3049814 0.9523583
vn 0 0.4095916 0.912269
vn 0 0.1283622 0.9917274
vn 0 0.0297972 0.9995559
vn 0 0.3049814 0.9523583
vn 0 0.4095916 0.912269
vn 0 0.1283622 0.9917274
vn 0 0.0297972 0.9995559
vn 0 0.3049814 0.9523583
vn 0 0.1283622 0.9917274
vn 0.03954723 0.3081412 0.9505183
vn 0.1618939 0.3983568 -0.9028301
vn 0.2808258 0.2808256 -0.9177548
vn 0.3264569 0.3264557 -0.8870472
vn 0.3983586 0.1618936 -0.9028294
vn 0.1538164 0.3051832 -0.9397892
vn 0.04189793 0.4077161 -0.912147
vn 0.305184 0.1538166 -0.9397889
vn 0.4077169 0.0418977 -0.9121467
vn 0.03954717 0.3081411 -0.9505184
vn 0 0.4095916 -0.912269
vn 0.1336841 0.1336846 -0.981966
vn 0.03239226 0.1291696 -0.9910933
vn 0 0.3049814 -0.9523583
vn 0 0.4095916 -0.912269
vn 0 0.3049814 -0.9523583
vn 0 0.4095916 -0.912269
vn 0 0.1283622 -0.9917274
vn 0.03089605 0.0308962 -0.999045
vn 0.1291695 0.03239247 -0.9910933
vn 0 0.3049814 -0.9523583
vn 0 0.4095916 -0.912269
vn 0 0.1283622 -0.9917274
vn 0 0.0297972 -0.9995559
vn 0 0.3049814 -0.9523583
vn 0 0.4095916 -0.912269
vn 0 0.1283622 -0.9917274
vn 0 0.3049814 -0.9523583
vn -0.04189796 0.4077162 -0.9121469
vn 0.3081415 0.03954709 -0.9505182
vn 0.0297972 0 -0.9995559
vn 0 0.0297972 -0.9995559
vn 0 0.1283622 -0.9917274
vn 0.3049814 0 -0.9523583
vn 0.4095916 0 -0.912269
vn 0.1283622 0 -0.9917274
vn 0 0 -1
vn 0 0.0297972 -0.9995559
vn 0.3049814 0 -0.9523583
vn 0.4095916 0 -0.912269
vn 0.0297972 0 -0.9995559
vn 0.1283622 0 -0.9917274
vn 0 0 -1
vn 0.3049814 0 -0.9523583
vn 0.4095916 0 -0.912269
vn 0 0 -1
vn 0.0297972 0 -0.9995559
vn 0.1283622 0 -0.9917274
vn 0.3049814 0 -0.9523583
vn 0.4095916 0 -0.912269
vn 0.1283622 0 -0.9917274
vn 0.0297972 0 -0.9995559
vn 0 0 -1
vn 0 0 -1
vn 0.3049814 0 -0.9523583
vn 0.4095916 0 -0.912269
vn 0.1283622 0 -0.9917274
vn 0.0297972 0 -0.9995559
vn 0 0 -1
vn 0.3081415 -0.03954711 -0.9505182
vn 0.407717 -0.04189777 -0.9121467
vn 0.1291695 -0.03239245 -0.9910933
vn 0.3051839 -0.1538166 -0.9397889
vn 0.3983585 -0.1618938 -0.9028294
vn 0.03089604 -0.0308962 -0.999045
vn 0.2808256 -0.2808255 -0.9177549
vn 0.3264565 -0.3264556 -0.8870472
vn 0.1618938 -0.3983568 -0.9028301
vn 0.1336841 -0.1336846 -0.981966
vn 0.1538163 -0.3051832 -0.9397893
vn 0.04189796 -0.4077162 -0.9121469
vn 0.0323923 -0.1291696 -0.9910933
vn 0 0 -1
vn 0.03954723 -0.3081412 -0.9505183
vn 0 -0.0297972 -0.9995559
vn 0 -0.3049814 -0.9523583
vn 0 -0.4095916 -0.912269
vn 0 -0.1283622 -0.9917274
vn 0 -0.3049814 -0.9523583
vn 0 -0.4095916 -0.912269
vn 0 -0.1283622 -0.9917274
vn 0 -0.0297972 -0.9995559
vn 0 0 -1
vn 0 -0.3049814 -0.9523583
vn 0 -0.4095916 -0.912269
vn 0 -0.1283622 -0.9917274
vn 0 -0.0297972 -0.9995559
vn 0 -0.3049814 -0.9523583
vn 0 -0.4095916 -0.912269
vn 0 -0.1283622 -0.9917274
vn 0 -0.3049814 -0.9523583
vn 0 -0.4095916 -0.912269
vn 0 0 -1
vn 0 0 -1
vn 0 -0.0297972 -0.9995559
vn 0 -0.1283622 -0.9917274
vn -0.03954717 -0.3081411 -0.9505184
vn -0.04189793 -0.4077161 -0.912147
vn -0.03239226 -0.1291696 -0.9910933
vn -0.1538164 -0.3051832 -0.9397892
vn -0.1618939 -0.3983568 -0.9028301
vn 0 -0.0297972 -0.9995559
vn 0 0 -1
vn -0.03089605 -0.0308962 -0.999045
vn -0.1336841 -0.1336846 -0.981966
vn -0.2808258 -0.2808256 -0.9177548
vn -0.3264569 -0.3264557 -0.8870472
vn -0.3983586 -0.1618936 -0.9028294
vn -0.305184 -0.1538166 -0.9397889
vn -0.4077169 -0.0418977 -0.9121467
vn 0 0 -1
vn -0.1291695 -0.03239247 -0.9910933
vn -0.0297972 0 -0.9995559
vn -0.3081415 -0.03954709 -0.9505182
vn -0.1283622 0 -0.9917274
vn -0.3049814 0 -0.9523583
vn -0.4095916 0 -0.912269
vn -0.0297972 0 -0.9995559
vn 0 0 -1
vn -0.1283622 0 -0.9917274
vn -0.3049814 0 -0.9523583
vn -0.4095916 0 -0.912269
vn -0.0297972 0 -0.9995559
vn 0 0 -1
vn -0.1283622 0 -0.9917274
vn -0.3049814 0 -0.9523583
vn -0.4095916 0 -0.912269
vn 0 0 -1
vn 0 0 -1
vn -0.0297972 0 -0.9995559
vn -0.1283622 0 -0.9917274
vn -0.3049814 0 -0.9523583
vn -0.4095916 0 -0.912269
vn 0 0 -1
vn 0 0 -1
vn 0 0 -1
vn -0.0297972 0 -0.9995559
vn -0.1283622 0 -0.9917274
vn -0.3049814 0 -0.9523583
vn -0.4095916 0 -0.912269
vn 0 0 -1
vn 0 0 -1
vn 0 0 -1
vn -0.3081415 0.03954711 -0.9505182
vn -0.407717 0.04189777 -0.9121467
vn 0 0 -1
vn 0 0 -1
vn 0 0 -1
vn 0 0.0297972 -0.9995559
vn -0.1291695 0.03239245 -0.9910933
vn -0.03089604 0.0308962 -0.999045
vn 0 0.0297972 -0.9995559
vn 0 0.1283622 -0.9917274
vn -0.3051839 0.1538166 -0.9397889
vn -0.3983585 0.1618938 -0.9028294
vn -0.1336841 0.1336846 -0.981966
vn -0.0323923 0.1291696 -0.9910933
vn -0.03954723 0.3081412 -0.9505183
vn -0.2808256 0.2808255 -0.9177549
vn -0.3264565 0.3264556 -0.8870472
vn -0.1618938 0.3983568 -0.9028301
vn -0.1538163 0.3051832 -0.9397893
vn -0.5061984 0.1601049 0.8474253
vn -0.2528403 0.2528402 0.9338863
vn -0.2983095 0.2983093 0.9066548
vn -0.1601046 0.5061993 0.8474248
vn -0.2973831 0.1819734 0.9372561
vn -0.8044754 0.01741392 0.5937307
vn -0.4720555 0.06974128 0.8788059
vn -0.1819736 0.2973829 0.9372561
vn -0.01741384 0.8044747 0.5937316
vn -0.06974103 0.4720559 0.8788057
vn -0.1893801 0.1893801 0.9634678
vn -0.1518599 0.1322237 0.9795179
vn -0.1322238 0.1518598 0.9795179
vn -0.161561 0.05902025 0.9850963
vn -0.4095914 0 0.9122691
vn -0.0758785 0.07587912 0.9942257
vn -0.3049814 0 0.9523583
vn -0.4095916 0 0.912269
vn -0.06186876 0.02485414 0.9977748
vn -0.3049814 0 0.9523583
vn -0.4095914 0 0.9122691
vn -0.1283623 0 0.9917274
vn -0.01551286 0.01551274 0.9997594
vn -0.02485476 0.06186808 0.9977748
vn -0.02979723 0 0.9995559
vn 0 0.02979718 0.9995559
vn -0.1283622 0 0.9917274
vn -0.0297972 0 0.9995559
vn -0.3049814 0 0.9523583
vn -0.4720555 -0.06974148 0.8788059
vn -0.1283623 0 0.9917274
vn -0.02979723 0 0.9995559
vn -0.0590201 0.1615611 0.9850963
vn 0 0.1283622 0.9917274
vn 0 0.0297972 0.9995559
vn 0 0.3049814 0.9523583
vn 0 0.4095916 0.912269
vn 0 0.1283622 0.9917274
vn 0 0.02979718 0.9995559
vn 0 0.3049814 0.9523583
vn 0 0.4095916 0.912269
vn 0 0.1283622 0.9917274
vn 0.01551286 0.01551274 0.9997594
vn 0 0.3049814 0.9523583
vn 0 0.4095916 0.912269
vn 0.02485476 0.06186809 0.9977748
vn 0.05902009 0.1615611 0.9850963
vn 0.06974103 0.472056 0.8788056
vn 0.1322238 0.1518598 0.9795179
vn 0.07587849 0.07587916 0.9942257
vn 0.1819736 0.2973829 0.9372561
vn 0.01741383 0.8044747 0.5937316
vn 0.1601046 0.5061995 0.8474248
vn 0.1893801 0.1893801 0.9634678
vn 0.2528403 0.2528402 0.9338863
vn 0.2983095 0.2983094 0.9066548
vn 0.5061984 0.1601053 0.8474252
vn 0.2973831 0.1819735 0.9372561
vn 0.8044754 0.01741398 0.5937307
vn 0.4720555 0.06974148 0.8788059
vn 0.1518598 0.1322238 0.9795179
vn 0.06186876 0.02485413 0.9977748
vn 0.02979723 0 0.9995559
vn 0.161561 0.05902028 0.9850963
vn 0.1283623 0 0.9917274
vn 0.0297972 0 0.9995559
vn 0.3049814 0 0.9523583
vn 0.4095914 0 0.9122691
vn 0.1283622 0 0.9917274
vn 0.02979723 0 0.9995559
vn 0.3049814 0 0.9523583
vn 0.4095916 0 0.912269
vn 0.1283623 0 0.9917274
vn 0.01551286 -0.01551276 0.9997594
vn 0.3049814 0 0.9523583
vn 0.4095914 0 0.9122691
vn 0.06186876 -0.02485414 0.9977748
vn 0.161561 -0.05902025 0.9850963
vn 0.4720555 -0.06974128 0.8788059
vn 0.1518599 -0.1322237 0.979518
vn 0.0758785 -0.07587912 0.9942257
vn 0.2973831 -0.1819734 0.9372561
vn 0.8044754 -0.01741392 0.5937307
vn 0.5061984 -0.1601049 0.8474253
vn 0.1893801 -0.1893801 0.9634678
vn 0.2528403 -0.2528402 0.9338863
vn 0.2983095 -0.2983093 0.9066548
vn 0.1601046 -0.5061993 0.8474248
vn 0.1819736 -0.2973829 0.9372561
vn 0.01741384 -0.804476 0.5937299
vn 0.06974103 -0.472056 0.8788056
vn 0.1322238 -0.1518598 0.9795179
vn 0.02485476 -0.06186812 0.9977748
vn 0 -0.02979721 0.9995559
vn 0.0590201 -0.1615611 0.9850963
vn 0 -0.1283622 0.9917274
vn 0 -0.0297972 0.9995559
vn 0 -0.3049814 0.9523583
vn 0 -0.4095916 0.912269
vn 0 -0.1283622 0.9917274
vn 0 -0.02979721 0.9995559
vn 0 -0.3049814 0.9523583
vn 0 -0.4095916 0.912269
vn 0 -0.1283622 0.9917274
vn -0.01551286 -0.01551276 0.9997594
vn 0 -0.3049814 0.9523583
vn 0 -0.4095916 0.912269
vn -0.02485476 -0.06186813 0.9977748
vn -0.05902009 -0.1615611 0.9850963
vn -0.06974103 -0.472056 0.8788056
vn -0.1322238 -0.1518598 0.9795179
vn -0.07587849 -0.07587916 0.9942257
vn -0.1819736 -0.2973829 0.9372561
vn -0.01741384 -0.804476 0.5937299
vn -0.1601046 -0.5061995 0.8474248
vn -0.1893801 -0.1893801 0.9634678
vn -0.2528403 -0.2528402 0.9338863
vn -0.2983095 -0.2983094 0.9066548
vn -0.5061984 -0.1601053 0.8474252
vn -0.2973831 -0.1819735 0.9372561
vn -0.8044754 -0.01741398 0.5937307
vn -0.1518598 -0.1322238 0.9795179
vn -0.06186876 -0.02485413 0.9977748
vn -0.161561 -0.05902028 0.9850963
vt 0.885924 0.4904794
vt 0.885924 0.4904794
vt 0.885924 0.4904794
vt 0.885924 0.4904794
vt 0.885924 0.4904794
vt 0.885924 0.4904794
vt 0.885924 0.4904794
vt 0.885924 0.4904794
vt 0.885924 0.4904794
vt 0.885924 0.4904794
vt 0.885924 0.4904794
vt 0.885924 0.4904794
vt 0.885924 0.4904794
vt 0.885924 0.4904794
vt 0.885924 0.4904794
vt 0.885924 0.4904794
vt 0.885924 0.4904794
vt 0.885924 0.4904794
vt 0.885924 0.4904794
vt 0.885924 0.4904794
vt 0.1921126 0.6830665
vt 0.1944363 0.6770096
vt 0.1921126 0.6760265
vt 0.1945605 0.6827372
vt 0.1921126 0.691116
vt 0.1945006 0.691008
vt 0.1921126 0.7118683
vt 0.1945006 0.7117603
vt 0.1921126 0.7533727
vt 0.1945006 0.7532647
vt 0.1921126 0.8363815
vt 0.1945006 0.8362735
vt 0.1921126 0.9193903
vt 0.1945006 0.9192823
vt 0.1921126 0.9608948
vt 0.1945006 0.9607868
vt 0.1921126 0.981647
vt 0.1945006 0.981539
vt 0.1945604 0.9895492
vt 0.1921126 0.9894805
vt 0.1944362 0.994778
vt 0.1921126 0.9959055
vt 0.09315843 0.9899039
vt 0.09315843 0.9966521
vt 0.0954821 0.9955944
vt 0.0956063 0.9901034
vt 0.09315843 0.9819438
vt 0.09554645 0.9819438
vt 0.09554645 0.9611432
vt 0.09315843 0.9611432
vt 0.09554645 0.9195419
vt 0.09315843 0.9195419
vt 0.09554645 0.8363393
vt 0.09315844 0.8363393
vt 0.09554646 0.7531367
vt 0.09315845 0.7531367
vt 0.09554647 0.7115354
vt 0.09315845 0.7115354
vt 0.09554647 0.6907347
vt 0.09315845 0.6907347
vt 0.09560632 0.6825752
vt 0.09315845 0.6827747
vt 0.09548212 0.6770843
vt 0.09315845 0.6760265
vt 0.0057957 0.9899039
vt 0.003472032 0.9955944
vt 0.005795699 0.9966521
vt 0.003347833 0.9901034
vt 0.0057957 0.9819438
vt 0.003407682 0.9819438
vt 0.005795702 0.9611432
vt 0.003407684 0.9611432
vt 0.005795705 0.9195419
vt 0.003407687 0.9195419
vt 0.005795711 0.8363393
vt 0.003407693 0.8363393
vt 0.005795717 0.7531367
vt 0.003407699 0.7531367
vt 0.00579572 0.7115354
vt 0.003407703 0.7115354
vt 0.005795722 0.6907347
vt 0.003407704 0.6907347
vt 0.003347856 0.6825752
vt 0.005795723 0.6827747
vt 0.003472056 0.6770842
vt 0.005795723 0.6760265
vt 0.1047499 0.6830665
vt 0.1047499 0.6760265
vt 0.1024262 0.6770096
vt 0.102302 0.6827372
vt 0.1047499 0.691116
vt 0.1023618 0.691008
vt 0.1023618 0.7117603
vt 0.1047499 0.7118682
vt 0.1023618 0.7532647
vt 0.1047499 0.7533727
vt 0.1023618 0.8362735
vt 0.1047499 0.8363815
vt 0.1023618 0.9192823
vt 0.1047498 0.9193903
vt 0.1023618 0.9607868
vt 0.1047498 0.9608948
vt 0.1023618 0.981539
vt 0.1047498 0.981647
vt 0.102302 0.9895492
vt 0.1047498 0.9894805
vt 0.1024262 0.994778
vt 0.1047498 0.9959055
vt 0.2910667 0.9888654
vt 0.2910667 0.9959055
vt 0.2933904 0.9949223
vt 0.2935146 0.9891948
vt 0.2910667 0.9808159
vt 0.2934547 0.9809239
vt 0.2934547 0.9601717
vt 0.2910667 0.9600637
vt 0.2934547 0.9186673
vt 0.2910667 0.9185593
vt 0.2934548 0.8356584
vt 0.2910667 0.8355504
vt 0.2934548 0.7526496
vt 0.2910667 0.7525416
vt 0.2934548 0.7111452
vt 0.2910667 0.7110372
vt 0.2934548 0.690393
vt 0.2910667 0.690285
vt 0.2935146 0.6823828
vt 0.2910667 0.6824515
vt 0.2933904 0.6771539
vt 0.2910667 0.6760265
vt 0.203704 0.9888654
vt 0.2013803 0.9949223
vt 0.203704 0.9959055
vt 0.2012561 0.9891948
vt 0.203704 0.9808159
vt 0.201316 0.9809239
vt 0.203704 0.9600637
vt 0.201316 0.9601717
vt 0.203704 0.9185593
vt 0.201316 0.9186673
vt 0.203704 0.8355504
vt 0.201316 0.8356584
vt 0.203704 0.7525416
vt 0.201316 0.7526496
vt 0.203704 0.7110372
vt 0.201316 0.7111452
vt 0.203704 0.690285
vt 0.201316 0.690393
vt 0.2012562 0.6823828
vt 0.203704 0.6824515
vt 0.2013804 0.6771539
vt 0.203704 0.6760265
vt 0.3900209 0.6830665
vt 0.3923446 0.6770096
vt 0.3900209 0.6760265
vt 0.3924688 0.6827372
vt 0.3900209 0.6911161
vt 0.3924089 0.6910081
vt 0.3900209 0.7118683
vt 0.3924089 0.7117603
vt 0.3900209 0.7533727
vt 0.3924089 0.7532647
vt 0.3900209 0.8363815
vt 0.3924089 0.8362736
vt 0.3900209 0.9193904
vt 0.3924089 0.9192824
vt 0.3900209 0.9608948
vt 0.3924089 0.9607868
vt 0.3900209 0.981647
vt 0.3924089 0.981539
vt 0.3924688 0.9895492
vt 0.3900209 0.9894805
vt 0.3923445 0.994778
vt 0.3900209 0.9959055
vt 0.3026582 0.6830665
vt 0.3026582 0.6760265
vt 0.3003345 0.6770096
vt 0.3002103 0.6827372
vt 0.3026582 0.691116
vt 0.3002702 0.6910081
vt 0.3002702 0.7117603
vt 0.3026582 0.7118683
vt 0.3002701 0.7532647
vt 0.3026582 0.7533727
vt 0.3002701 0.8362735
vt 0.3026582 0.8363815
vt 0.3002701 0.9192823
vt 0.3026582 0.9193903
vt 0.3002701 0.9607868
vt 0.3026582 0.9608948
vt 0.3002701 0.981539
vt 0.3026581 0.981647
vt 0.3002103 0.9895492
vt 0.3026581 0.9894805
vt 0.3003345 0.994778
vt 0.3026581 0.9959055
vt 0.8752881 0.9058566
vt 0.8752881 0.9128966
vt 0.8776118 0.9119135
vt 0.877736 0.9061859
vt 0.8752881 0.8978071
vt 0.8776761 0.8979151
vt 0.8776761 0.8771629
vt 0.8752881 0.8770549
vt 0.8776762 0.794154
vt 0.8752881 0.794046
vt 0.8776762 0.7111452
vt 0.8752881 0.7110372
vt 0.8776762 0.690393
vt 0.8752881 0.690285
vt 0.877736 0.6823828
vt 0.8752881 0.6824515
vt 0.8776118 0.6771539
vt 0.8752881 0.6760265
vt 0.9257532 0.009772779
vt 0.9280769 0.004475258
vt 0.9257532 0.003347829
vt 0.928201 0.009704084
vt 0.9257532 0.0176063
vt 0.9281412 0.0177143
vt 0.9257532 0.03835852
vt 0.9281412 0.03846651
vt 0.9257532 0.1213673
vt 0.9281412 0.1214753
vt 0.9257532 0.2043762
vt 0.9281412 0.2044842
vt 0.9257532 0.2251284
vt 0.9281412 0.2252364
vt 0.928201 0.2335073
vt 0.9257532 0.2331779
vt 0.9280768 0.2392348
vt 0.9257532 0.2402179
vt 0.9257531 0.4773588
vt 0.9257531 0.4837838
vt 0.9280768 0.4826563
vt 0.928201 0.4774275
vt 0.9257531 0.4695253
vt 0.9281412 0.4694173
vt 0.9281412 0.4486651
vt 0.9257531 0.4487731
vt 0.9281412 0.3656562
vt 0.9257531 0.3657642
vt 0.9281412 0.2826474
vt 0.9257532 0.2827554
vt 0.9281412 0.2618952
vt 0.9257532 0.2620032
vt 0.928201 0.2536243
vt 0.9257532 0.2539537
vt 0.9280768 0.2478968
vt 0.9257532 0.2469136
vt 0.8263154 0.6827747
vt 0.8286391 0.6770842
vt 0.8263154 0.6760265
vt 0.8287633 0.6825752
vt 0.8263154 0.6907347
vt 0.8287034 0.6907347
vt 0.8263154 0.7115354
vt 0.8287034 0.7115354
vt 0.8263154 0.794738
vt 0.8287034 0.794738
vt 0.8263154 0.8779406
vt 0.8287034 0.8779406
vt 0.8263154 0.8987412
vt 0.8287034 0.8987412
vt 0.8287632 0.9069008
vt 0.8263154 0.9067013
vt 0.828639 0.9123917
vt 0.8263154 0.9134495
vt 0.04947706 0.9966521
vt 0.0057957 0.9899039
vt 0.005795699 0.9966521
vt 0.04947706 0.9899039
vt 0.09315843 0.9966521
vt 0.0057957 0.9819438
vt 0.09315843 0.9899039
vt 0.04947706 0.9819438
vt 0.005795702 0.9611432
vt 0.09315843 0.9819438
vt 0.04947707 0.9611432
vt 0.005795705 0.9195419
vt 0.09315843 0.9611432
vt 0.04947707 0.9195419
vt 0.005795711 0.8363393
vt 0.09315843 0.9195419
vt 0.04947707 0.8363393
vt 0.005795717 0.7531367
vt 0.09315844 0.8363393
vt 0.04947708 0.7531367
vt 0.00579572 0.7115354
vt 0.09315845 0.7531367
vt 0.04947709 0.7115354
vt 0.005795722 0.6907347
vt 0.09315845 0.7115354
vt 0.04947709 0.6907347
vt 0.005795723 0.6827747
vt 0.09315845 0.6907347
vt 0.04947709 0.6827747
vt 0.005795723 0.6760265
vt 0.09315845 0.6827747
vt 0.04947709 0.6760265
vt 0.09315845 0.6760265
vt 0.2473854 0.6760265
vt 0.2910667 0.6824515
vt 0.2910667 0.6760265
vt 0.2473854 0.6824515
vt 0.203704 0.6760265
vt 0.2910667 0.690285
vt 0.203704 0.6824515
vt 0.2473854 0.690285
vt 0.2910667 0.7110372
vt 0.203704 0.690285
vt 0.2473854 0.7110372
vt 0.2910667 0.7525416
vt 0.203704 0.7110372
vt 0.2473854 0.7525416
vt 0.2910667 0.8355504
vt 0.203704 0.7525416
vt 0.2473854 0.8355504
vt 0.2910667 0.9185593
vt 0.203704 0.8355504
vt 0.2473854 0.9185593
vt 0.2910667 0.9600637
vt 0.203704 0.9185593
vt 0.2473854 0.9600637
vt 0.2910667 0.9808159
vt 0.203704 0.9600637
vt 0.2473854 0.9808159
vt 0.2910667 0.9888654
vt 0.203704 0.9808159
vt 0.2473854 0.9888654
vt 0.2910667 0.9959055
vt 0.203704 0.9888654
vt 0.2473854 0.9959055
vt 0.203704 0.9959055
vt 0.3463396 0.6760265
vt 0.3900209 0.6830665
vt 0.3900209 0.6760265
vt 0.3463396 0.6830665
vt 0.3026582 0.6760265
vt 0.3900209 0.6911161
vt 0.3026582 0.6830665
vt 0.3463396 0.691116
vt 0.3900209 0.7118683
vt 0.3026582 0.691116
vt 0.3463396 0.7118683
vt 0.3900209 0.7533727
vt 0.3026582 0.7118683
vt 0.3463395 0.7533727
vt 0.3900209 0.8363815
vt 0.3026582 0.7533727
vt 0.3463395 0.8363815
vt 0.3900209 0.9193904
vt 0.3026582 0.8363815
vt 0.3463395 0.9193904
vt 0.3900209 0.9608948
vt 0.3026582 0.9193903
vt 0.3463395 0.9608948
vt 0.3900209 0.981647
vt 0.3026582 0.9608948
vt 0.3463395 0.981647
vt 0.3900209 0.9894805
vt 0.3026581 0.981647
vt 0.3463395 0.9894805
vt 0.3900209 0.9959055
vt 0.3026581 0.9894805
vt 0.3463395 0.9959055
vt 0.3026581 0.9959055
vt 0.1921126 0.6830665
vt 0.1921126 0.6760265
vt 0.1484312 0.6760265
vt 0.1484312 0.6830665
vt 0.1047499 0.6760265
vt 0.1921126 0.691116
vt 0.1047499 0.6830665
vt 0.1484312 0.691116
vt 0.1921126 0.7118683
vt 0.1047499 0.691116
vt 0.1484312 0.7118682
vt 0.1921126 0.7533727
vt 0.1047499 0.7118682
vt 0.1484312 0.7533727
vt 0.1921126 0.8363815
vt 0.1047499 0.7533727
vt 0.1484312 0.8363815
vt 0.1921126 0.9193903
vt 0.1047499 0.8363815
vt 0.1484312 0.9193903
vt 0.1921126 0.9608948
vt 0.1047498 0.9193903
vt 0.1484312 0.9608948
vt 0.1921126 0.981647
vt 0.1047498 0.9608948
vt 0.1484312 0.981647
vt 0.1921126 0.9894805
vt 0.1047498 0.981647
vt 0.1484312 0.9894805
vt 0.1921126 0.9959055
vt 0.1047498 0.9894805
vt 0.1484312 0.9959055
vt 0.1047498 0.9959055
vt 0.888312 0.4773588
vt 0.888312 0.4837837
vt 0.9257531 0.4837838
vt 0.9257531 0.4773588
vt 0.888312 0.4695253
vt 0.9257531 0.4695253
vt 0.9257531 0.4487731
vt 0.888312 0.4487731
vt 0.9257531 0.3657642
vt 0.888312 0.3657642
vt 0.9257532 0.2827554
vt 0.888312 0.2827554
vt 0.9257532 0.2620032
vt 0.888312 0.2620032
vt 0.888312 0.2539537
vt 0.9257532 0.2539537
vt 0.888312 0.2469136
vt 0.9257532 0.2469136
vt 0.837847 0.6760265
vt 0.8752881 0.6824515
vt 0.8752881 0.6760265
vt 0.837847 0.6824515
vt 0.8752881 0.690285
vt 0.837847 0.690285
vt 0.837847 0.7110372
vt 0.8752881 0.7110372
vt 0.837847 0.794046
vt 0.8752881 0.794046
vt 0.837847 0.8770549
vt 0.8752881 0.8770549
vt 0.837847 0.8978071
vt 0.8752881 0.8978071
vt 0.8752881 0.9058566
vt 0.837847 0.9058566
vt 0.8752881 0.9128966
vt 0.837847 0.9128966
vt 0.7888742 0.9067013
vt 0.7888742 0.9134495
vt 0.8263154 0.9134495
vt 0.8263154 0.9067013
vt 0.7888742 0.8987412
vt 0.8263154 0.8987412
vt 0.8263154 0.8779406
vt 0.7888742 0.8779406
vt 0.8263154 0.794738
vt 0.7888742 0.794738
vt 0.8263154 0.7115354
vt 0.7888743 0.7115354
vt 0.8263154 0.6907347
vt 0.7888743 0.6907347
vt 0.7888743 0.6827747
vt 0.8263154 0.6827747
vt 0.7888743 0.6760265
vt 0.8263154 0.6760265
vt 0.9257532 0.2402179
vt 0.888312 0.2331779
vt 0.888312 0.2402179
vt 0.9257532 0.2331779
vt 0.888312 0.2251284
vt 0.9257532 0.2251284
vt 0.9257532 0.2043762
vt 0.888312 0.2043762
vt 0.9257532 0.1213673
vt 0.888312 0.1213673
vt 0.9257532 0.03835852
vt 0.888312 0.03835851
vt 0.9257532 0.0176063
vt 0.888312 0.0176063
vt 0.888312 0.009772777
vt 0.9257532 0.009772779
vt 0.888312 0.003347826
vt 0.9257532 0.003347829
vt 0.888312 0.0176063
vt 0.885924 0.007977118
vt 0.885924 0.03825051
vt 0.888312 0.03835851
vt 0.885924 0.1212593
vt 0.888312 0.1213673
vt 0.885924 0.2042682
vt 0.888312 0.2043762
vt 0.885924 0.2345416
vt 0.888312 0.2251284
vt 0.8354589 0.9072202
vt 0.837847 0.8978071
vt 0.837847 0.8770549
vt 0.8354589 0.8769469
vt 0.837847 0.794046
vt 0.8354589 0.793938
vt 0.837847 0.7110372
vt 0.835459 0.7109292
vt 0.837847 0.690285
vt 0.835459 0.6806558
vt 0.8859239 0.4791544
vt 0.888312 0.4695253
vt 0.888312 0.4487731
vt 0.8859239 0.4488811
vt 0.888312 0.3657642
vt 0.885924 0.3658722
vt 0.888312 0.2827554
vt 0.885924 0.2828634
vt 0.888312 0.2620032
vt 0.885924 0.25259
vt 0.7888742 0.8779406
vt 0.7864862 0.9082847
vt 0.7888742 0.8987412
vt 0.7864862 0.8779406
vt 0.7888742 0.794738
vt 0.7864862 0.794738
vt 0.7888743 0.7115354
vt 0.7864862 0.7115354
vt 0.7888743 0.6907347
vt 0.7864862 0.6811913
vt 0.350745 0.3031635
vt 0.345254 0.3068194
vt 0.3468952 0.3084606
vt 0.3415982 0.3123103
vt 0.3511589 0.3068194
vt 0.3589045 0.3012526
vt 0.345254 0.3127244
vt 0.3396872 0.3204699
vt 0.350745 0.3123103
vt 0.3441962 0.3204699
vt 0.3396872 0.3412705
vt 0.3509445 0.3204699
vt 0.3441962 0.3412705
vt 0.3396872 0.4244731
vt 0.3441962 0.4244731
vt 0.3396872 0.5076757
vt 0.3509445 0.3412705
vt 0.3589045 0.3204699
vt 0.3589045 0.3125098
vt 0.3441962 0.5076757
vt 0.3396872 0.5284764
vt 0.3509444 0.4244731
vt 0.3589045 0.3412705
vt 0.3589045 0.3057616
vt 0.3797052 0.3204699
vt 0.3797052 0.3057616
vt 0.3797052 0.3012526
vt 0.3797052 0.3125098
vt 0.4629078 0.3057616
vt 0.4629078 0.3012526
vt 0.4629078 0.3125098
vt 0.4629078 0.3204699
vt 0.3797052 0.3412705
vt 0.5461103 0.3057616
vt 0.5461103 0.3012526
vt 0.5461103 0.3125098
vt 0.5461103 0.3204699
vt 0.566911 0.3057616
vt 0.566911 0.3012526
vt 0.566911 0.3125098
vt 0.5746565 0.3068194
vt 0.5750706 0.3031635
vt 0.566911 0.3204699
vt 0.4629078 0.3412705
vt 0.5789202 0.3084607
vt 0.5805615 0.3068194
vt 0.5842174 0.3123104
vt 0.5750706 0.3123104
vt 0.5805615 0.3127244
vt 0.5861283 0.3204699
vt 0.5748711 0.3204699
vt 0.5461103 0.3412706
vt 0.5816193 0.3204699
vt 0.566911 0.3412706
vt 0.5816193 0.3412706
vt 0.5861283 0.3412706
vt 0.5748711 0.3412706
vt 0.5816193 0.4244731
vt 0.5861283 0.4244732
vt 0.5748711 0.4244731
vt 0.566911 0.4244731
vt 0.5461103 0.4244731
vt 0.4629077 0.4244731
vt 0.5816193 0.5076758
vt 0.5861283 0.5076758
vt 0.5748711 0.5076758
vt 0.566911 0.5076758
vt 0.5461103 0.5076758
vt 0.5816193 0.5284764
vt 0.5861283 0.5284764
vt 0.5748711 0.5284764
vt 0.5805615 0.5362219
vt 0.5842174 0.5366359
vt 0.566911 0.5284764
vt 0.5750705 0.5366359
vt 0.5789202 0.5404856
vt 0.5805615 0.5421269
vt 0.5750705 0.5457827
vt 0.5746565 0.5421269
vt 0.566911 0.5476937
vt 0.5461103 0.5284764
vt 0.566911 0.5364364
vt 0.566911 0.5431846
vt 0.5461103 0.5364364
vt 0.5461103 0.5431846
vt 0.5461103 0.5476937
vt 0.4629077 0.5284764
vt 0.4629077 0.5431846
vt 0.4629077 0.5476937
vt 0.4629077 0.5364364
vt 0.4629077 0.5076757
vt 0.3797051 0.5431846
vt 0.3797051 0.5476937
vt 0.3797051 0.5364364
vt 0.3797051 0.5284764
vt 0.3797051 0.5076757
vt 0.3589045 0.5431846
vt 0.3589045 0.5476937
vt 0.3589045 0.5364364
vt 0.3589045 0.5284764
vt 0.3511589 0.5421269
vt 0.3507449 0.5457827
vt 0.3797052 0.4244731
vt 0.3507449 0.5366359
vt 0.3468952 0.5404856
vt 0.345254 0.5421269
vt 0.3415981 0.5366359
vt 0.345254 0.5362219
vt 0.3589045 0.5076757
vt 0.3589045 0.4244731
vt 0.3509444 0.5284764
vt 0.3441962 0.5284764
vt 0.3509444 0.5076757
vt 0.3219338 0.3415982
vt 0.3257835 0.3468953
vt 0.3274247 0.345254
vt 0.3310806 0.350745
vt 0.3215198 0.345254
vt 0.3137742 0.3396872
vt 0.3274247 0.351159
vt 0.3329915 0.3589045
vt 0.3137742 0.3441962
vt 0.2929736 0.3396872
vt 0.3219338 0.350745
vt 0.3137742 0.3509445
vt 0.2929736 0.3441962
vt 0.2513723 0.3396872
vt 0.2513723 0.3441962
vt 0.1681697 0.3396872
vt 0.2929736 0.3509445
vt 0.3137742 0.3589045
vt 0.3217343 0.3589045
vt 0.2929736 0.3589045
vt 0.3137742 0.3797052
vt 0.2513723 0.3509445
vt 0.2513723 0.3589045
vt 0.1681697 0.3441962
vt 0.08496709 0.3396872
vt 0.1681697 0.3509445
vt 0.1681697 0.3589045
vt 0.08496709 0.3441962
vt 0.0433658 0.3396872
vt 0.08496709 0.3509444
vt 0.08496709 0.3589045
vt 0.0433658 0.3441962
vt 0.02256515 0.3396872
vt 0.0433658 0.3509444
vt 0.0433658 0.3589045
vt 0.02256515 0.3441962
vt 0.02256515 0.3509444
vt 0.02256515 0.3589045
vt 0.0148196 0.345254
vt 0.0144056 0.3415981
vt 0.0144056 0.3507449
vt 0.01055589 0.3468952
vt 0.008914622 0.345254
vt 0.005258774 0.3507449
vt 0.008914622 0.3511589
vt 0.003347851 0.3589045
vt 0.01460509 0.3589045
vt 0.007856871 0.3589045
vt 0.003347849 0.3797051
vt 0.007856869 0.3797051
vt 0.003347846 0.4213064
vt 0.01460508 0.3797051
vt 0.02256515 0.3797051
vt 0.007856866 0.4213064
vt 0.00334784 0.504509
vt 0.01460508 0.4213064
vt 0.02256514 0.4213064
vt 0.00785686 0.504509
vt 0.003347834 0.5877116
vt 0.01460508 0.504509
vt 0.02256514 0.504509
vt 0.007856853 0.5877116
vt 0.003347831 0.6293129
vt 0.01460507 0.5877116
vt 0.02256513 0.5877116
vt 0.007856851 0.6293129
vt 0.003347829 0.6501136
vt 0.01460507 0.6293129
vt 0.02256513 0.6293129
vt 0.007856849 0.6501136
vt 0.01460506 0.6501136
vt 0.02256512 0.6501136
vt 0.008914599 0.6578591
vt 0.005258751 0.6582731
vt 0.01440557 0.6582731
vt 0.01055587 0.6621228
vt 0.008914598 0.6637641
vt 0.01440557 0.66742
vt 0.01481957 0.6637641
vt 0.02256512 0.6693309
vt 0.02256512 0.6580736
vt 0.02256512 0.6648219
vt 0.04336577 0.6693309
vt 0.04336577 0.6648219
vt 0.08496707 0.6693309
vt 0.04336577 0.6580737
vt 0.04336577 0.6501136
vt 0.08496707 0.6648219
vt 0.1681697 0.6693309
vt 0.08496707 0.6580737
vt 0.08496707 0.6501136
vt 0.1681697 0.6648219
vt 0.2513722 0.6693309
vt 0.1681697 0.6580737
vt 0.1681697 0.6501136
vt 0.2513722 0.6648219
vt 0.2929735 0.6693309
vt 0.2513722 0.6580737
vt 0.2513722 0.6501136
vt 0.2929735 0.6648219
vt 0.3137742 0.6693309
vt 0.2929735 0.6580737
vt 0.2929735 0.6501136
vt 0.3137742 0.6648219
vt 0.3137742 0.6580737
vt 0.3137742 0.6501136
vt 0.3215198 0.6637641
vt 0.3219337 0.66742
vt 0.3219337 0.6582732
vt 0.3257835 0.6621228
vt 0.3274247 0.6637641
vt 0.3310806 0.6582732
vt 0.3274247 0.6578591
vt 0.3329915 0.6501136
vt 0.3217342 0.6501136
vt 0.3284825 0.6501136
vt 0.3329915 0.6293129
vt 0.3284825 0.6293129
vt 0.3329915 0.5877116
vt 0.3217342 0.6293129
vt 0.3137742 0.6293129
vt 0.3284825 0.5877116
vt 0.3329915 0.504509
vt 0.3217343 0.5877116
vt 0.3137742 0.5877116
vt 0.3284825 0.504509
vt 0.3329915 0.4213065
vt 0.3217343 0.504509
vt 0.3137742 0.504509
vt 0.3284825 0.4213065
vt 0.3329915 0.3797052
vt 0.3217343 0.4213065
vt 0.3137742 0.4213065
vt 0.3284825 0.3797052
vt 0.3217343 0.3797052
vt 0.3284825 0.3589045
vt 0.3310806 0.3219338
vt 0.3257835 0.3257835
vt 0.3274247 0.3274247
vt 0.3219337 0.3310806
vt 0.3274247 0.3215198
vt 0.3329915 0.3137742
vt 0.3215198 0.3274247
vt 0.3137742 0.3329915
vt 0.3284825 0.3137742
vt 0.3329915 0.2929736
vt 0.3219337 0.3219338
vt 0.3217343 0.3137742
vt 0.3284825 0.2929736
vt 0.3329915 0.2513723
vt 0.3284825 0.2513723
vt 0.3329915 0.1681697
vt 0.3217343 0.2929736
vt 0.3137742 0.3137742
vt 0.3137742 0.3217343
vt 0.3284825 0.1681697
vt 0.3329915 0.08496708
vt 0.3217343 0.2513723
vt 0.3137742 0.2929736
vt 0.3284825 0.08496708
vt 0.3329915 0.04336579
vt 0.3217343 0.1681697
vt 0.3284825 0.04336579
vt 0.3329915 0.02256514
vt 0.3137742 0.3284825
vt 0.2929735 0.3137742
vt 0.3137742 0.2513723
vt 0.3217343 0.08496708
vt 0.2929735 0.3284825
vt 0.2929735 0.3329915
vt 0.2929735 0.3217343
vt 0.2929735 0.2929736
vt 0.3137742 0.1681697
vt 0.2513722 0.3284825
vt 0.2513722 0.3329915
vt 0.2513722 0.3137742
vt 0.2513722 0.3217343
vt 0.2929735 0.2513723
vt 0.1681697 0.3284825
vt 0.1681697 0.3329915
vt 0.2513722 0.2929735
vt 0.1681697 0.3137742
vt 0.1681697 0.3217342
vt 0.08496708 0.3284825
vt 0.08496707 0.3329915
vt 0.08496708 0.3217342
vt 0.08496708 0.3137742
vt 0.1681697 0.2929735
vt 0.2513723 0.2513723
vt 0.04336578 0.3284825
vt 0.04336578 0.3329915
vt 0.04336578 0.3217342
vt 0.04336578 0.3137742
vt 0.08496708 0.2929735
vt 0.02256513 0.3284825
vt 0.02256513 0.3329915
vt 0.02256513 0.3217342
vt 0.01481958 0.3274247
vt 0.01440558 0.3310806
vt 0.02256513 0.3137742
vt 0.01055587 0.3257835
vt 0.008914604 0.3274247
vt 0.005258756 0.3219337
vt 0.01440558 0.3219337
vt 0.008914605 0.3215197
vt 0.003347835 0.3137742
vt 0.01460507 0.3137742
vt 0.04336578 0.2929735
vt 0.007856854 0.3137742
vt 0.02256513 0.2929735
vt 0.007856856 0.2929735
vt 0.003347836 0.2929735
vt 0.01460507 0.2929735
vt 0.007856859 0.2513722
vt 0.003347839 0.2513722
vt 0.01460507 0.2513722
vt 0.02256513 0.2513722
vt 0.04336578 0.2513722
vt 0.007856865 0.1681696
vt 0.003347846 0.1681696
vt 0.01460508 0.1681696
vt 0.02256514 0.1681696
vt 0.007856871 0.08496706
vt 0.003347852 0.08496706
vt 0.01460509 0.08496706
vt 0.007856875 0.04336576
vt 0.003347855 0.04336576
vt 0.08496708 0.2513722
vt 0.04336579 0.1681696
vt 0.02256515 0.08496706
vt 0.01460509 0.04336576
vt 0.007856877 0.02256511
vt 0.003347856 0.02256511
vt 0.01460509 0.02256512
vt 0.008914627 0.01481956
vt 0.00525878 0.01440556
vt 0.02256515 0.04336577
vt 0.0433658 0.08496706
vt 0.02256515 0.02256512
vt 0.0144056 0.01440556
vt 0.0105559 0.01055586
vt 0.008914628 0.00891459
vt 0.0144056 0.005258742
vt 0.0148196 0.00891459
vt 0.02256515 0.00334782
vt 0.0433658 0.04336577
vt 0.02256515 0.01460506
vt 0.0433658 0.02256512
vt 0.02256515 0.00785684
vt 0.0433658 0.01460506
vt 0.0433658 0.007856841
vt 0.0433658 0.003347822
vt 0.0849671 0.02256512
vt 0.08496709 0.04336577
vt 0.0849671 0.01460506
vt 0.0849671 0.007856845
vt 0.0849671 0.003347825
vt 0.1681697 0.02256513
vt 0.08496709 0.08496706
vt 0.1681697 0.01460507
vt 0.1681697 0.007856851
vt 0.1681697 0.003347831
vt 0.1681697 0.04336577
vt 0.08496708 0.1681697
vt 0.2513723 0.02256513
vt 0.2513723 0.01460507
vt 0.2513723 0.007856857
vt 0.2513723 0.003347838
vt 0.1681697 0.08496707
vt 0.1681697 0.1681697
vt 0.2513723 0.04336578
vt 0.2929736 0.02256514
vt 0.2929736 0.01460508
vt 0.2929736 0.007856861
vt 0.2929736 0.003347841
vt 0.2513723 0.08496708
vt 0.1681697 0.2513722
vt 0.2513723 0.1681697
vt 0.3137742 0.007856862
vt 0.3137742 0.003347842
vt 0.2929736 0.04336578
vt 0.2929736 0.1681697
vt 0.2929736 0.08496708
vt 0.3137742 0.08496708
vt 0.3137742 0.01460508
vt 0.3137742 0.02256514
vt 0.3137742 0.04336578
vt 0.3217343 0.04336579
vt 0.3215198 0.008914613
vt 0.3219338 0.005258765
vt 0.3219338 0.01440559
vt 0.3217343 0.02256514
vt 0.3284825 0.02256514
vt 0.3257835 0.01055588
vt 0.3274248 0.008914614
vt 0.3310806 0.01440559
vt 0.3274248 0.01481959
vt 0.3733284 0.02573183
vt 0.363243 0.02690364
vt 0.3665802 0.03024085
vt 0.3620712 0.03698906
vt 0.3668521 0.02414848
vt 0.3812885 0.02414848
vt 0.371745 0.02256512
vt 0.3604878 0.03051273
vt 0.3604878 0.04494912
vt 0.3589045 0.03540571
vt 0.3604878 0.02414847
vt 0.3604878 0.02139331
vt 0.3577327 0.02414847
vt 0.3604878 0.0180561
vt 0.4020891 0.02256512
vt 0.3541236 0.01778421
vt 0.4020891 0.0180561
vt 0.4852917 0.02256513
vt 0.3492306 0.01130788
vt 0.4852917 0.01805611
vt 0.5684943 0.02256514
vt 0.4020891 0.01130789
vt 0.3396872 0.003347824
vt 0.3476472 0.01289124
vt 0.4020891 0.003347829
vt 0.3396872 0.06574977
vt 0.4852917 0.0113079
vt 0.4852917 0.003347835
vt 0.5684943 0.01805612
vt 0.5988383 0.02256514
vt 0.5684943 0.0113079
vt 0.5684943 0.003347842
vt 0.3543954 0.02414847
vt 0.3476472 0.06574977
vt 0.3396871 0.1489524
vt 0.3543954 0.06574977
vt 0.3589045 0.06574977
vt 0.3476472 0.1489524
vt 0.3396871 0.232155
vt 0.3543954 0.1489524
vt 0.3589045 0.1489524
vt 0.3476472 0.232155
vt 0.3396871 0.2945569
vt 0.3543954 0.232155
vt 0.3589045 0.232155
vt 0.3476472 0.2850135
vt 0.3543954 0.2737563
vt 0.3589045 0.262499
vt 0.3577326 0.2737563
vt 0.3541235 0.2801205
vt 0.3604878 0.267392
vt 0.3604878 0.2529556
vt 0.3620712 0.2609157
vt 0.3604878 0.2737563
vt 0.363243 0.2710011
vt 0.3665802 0.2676639
vt 0.3733284 0.2721729
vt 0.366852 0.2737563
vt 0.3812884 0.2737563
vt 0.371745 0.2753396
vt 0.3604878 0.2765114
vt 0.3492306 0.2865968
vt 0.4020891 0.2945569
vt 0.3604878 0.2798486
vt 0.4020891 0.2865968
vt 0.4852917 0.2945569
vt 0.4020891 0.2798486
vt 0.4020891 0.2753396
vt 0.4852917 0.2865969
vt 0.5684943 0.2945569
vt 0.4852917 0.2798486
vt 0.4852917 0.2753396
vt 0.5684943 0.2865969
vt 0.6308962 0.2945569
vt 0.5684943 0.2798486
vt 0.5684943 0.2753396
vt 0.6213528 0.2865969
vt 0.6100956 0.2798486
vt 0.5988383 0.2753396
vt 0.6100956 0.2765114
vt 0.6164598 0.2801205
vt 0.6037313 0.2737563
vt 0.5892949 0.2737563
vt 0.597255 0.2721729
vt 0.6100956 0.2737563
vt 0.6073404 0.2710011
vt 0.6040032 0.2676639
vt 0.6085122 0.2609157
vt 0.6100956 0.267392
vt 0.6100956 0.2529556
vt 0.6116789 0.262499
vt 0.6128507 0.2737563
vt 0.6229361 0.2850135
vt 0.6308962 0.232155
vt 0.6161879 0.2737563
vt 0.6229361 0.232155
vt 0.6308962 0.1489524
vt 0.6161879 0.232155
vt 0.6116789 0.232155
vt 0.6229362 0.1489524
vt 0.6308962 0.06574979
vt 0.6161879 0.1489524
vt 0.611679 0.1489524
vt 0.6229362 0.06574979
vt 0.6308962 0.003347846
vt 0.6161879 0.06574979
vt 0.611679 0.06574979
vt 0.6229362 0.01289126
vt 0.6161879 0.02414849
vt 0.611679 0.03540573
vt 0.6128507 0.02414849
vt 0.6164598 0.01778423
vt 0.6100956 0.03051275
vt 0.6100956 0.04494914
vt 0.6085122 0.03698908
vt 0.6100956 0.02414849
vt 0.6073404 0.02690366
vt 0.6040032 0.03024087
vt 0.597255 0.02573184
vt 0.6037313 0.02414849
vt 0.5892949 0.02414849
vt 0.6100956 0.02139333
vt 0.6213529 0.01130791
vt 0.6100956 0.01805612
f 1/1/1 3/3/3 2/2/2
f 4/4/4 5/5/5 3/3/3
f 6/6/6 8/8/8 7/7/7
f 7/7/7 10/10/10 9/9/9
f 11/11/11 13/13/13 12/12/12
f 14/14/14 12/12/12 15/15/15
f 16/16/16 18/18/18 17/17/17
f 19/19/19 16/16/16 20/20/20
f 21/21/21 23/23/23 22/22/22
f 21/21/21 22/22/22 24/24/24
f 25/25/25 21/21/21 24/24/24
f 25/25/25 24/24/24 26/26/26
f 26/26/26 27/27/27 25/25/25
f 26/26/26 28/28/28 27/27/27
f 28/28/28 29/29/29 27/27/27
f 28/28/28 30/30/30 29/29/29
f 30/30/30 31/31/31 29/29/29
f 30/30/30 32/32/32 31/31/31
f 32/32/32 33/33/33 31/31/31
f 32/32/32 34/34/34 33/33/33
f 34/34/34 35/35/35 33/33/33
f 34/34/34 36/36/36 35/35/35
f 36/36/36 37/37/37 35/35/35
f 36/36/36 38/38/38 37/37/37
f 37/37/37 38/38/38 39/39/39
f 37/37/37 39/39/39 40/40/40
f 40/40/40 39/39/39 41/41/41
f 40/40/40 41/41/41 42/42/42
f 43/43/43 45/45/45 44/44/44
f 43/43/43 46/46/46 45/45/45
f 47/47/47 46/46/46 43/43/43
f 47/47/47 48/48/48 46/46/46
f 49/49/49 48/48/48 47/47/47
f 49/49/49 47/47/47 50/50/50
f 51/51/51 49/49/49 50/50/50
f 51/51/51 50/50/50 52/52/52
f 53/53/53 51/51/51 52/52/52
f 53/53/53 52/52/52 54/54/54
f 55/55/55 53/53/53 54/54/54
f 55/55/55 54/54/54 56/56/56
f 57/57/57 55/55/55 56/56/56
f 57/57/57 56/56/56 58/58/58
f 59/59/59 57/57/57 58/58/58
f 59/59/59 58/58/58 60/60/60
f 60/60/60 61/61/61 59/59/59
f 60/60/60 62/62/62 61/61/61
f 62/62/62 63/63/63 61/61/61
f 62/62/62 64/64/64 63/63/63
f 65/65/65 67/67/67 66/66/66
f 65/65/65 66/66/66 68/68/68
f 69/69/69 65/65/65 68/68/68
f 69/69/69 68/68/68 70/70/70
f 70/70/70 71/71/71 69/69/69
f 70/70/70 72/72/72 71/71/71
f 72/72/72 73/73/73 71/71/71
f 72/72/72 74/74/74 73/73/73
f 74/74/74 75/75/75 73/73/73
f 74/74/74 76/76/76 75/75/75
f 76/76/76 77/77/77 75/75/75
f 76/76/76 78/78/78 77/77/77
f 78/78/78 79/79/79 77/77/77
f 78/78/78 80/80/80 79/79/79
f 80/80/80 81/81/81 79/79/79
f 80/80/80 82/82/82 81/81/81
f 81/81/81 82/82/82 83/83/83
f 81/81/81 83/83/83 84/84/84
f 84/84/84 83/83/83 85/85/85
f 84/84/84 85/85/85 86/86/86
f 87/87/87 89/89/89 88/88/88
f 87/87/87 90/90/90 89/89/89
f 91/91/91 90/90/90 87/87/87
f 91/91/91 92/92/92 90/90/90
f 93/93/93 92/92/92 91/91/91
f 93/93/93 91/91/91 94/94/94
f 95/95/95 93/93/93 94/94/94
f 95/95/95 94/94/94 96/96/96
f 97/97/97 95/95/95 96/96/96
f 97/97/97 96/96/96 98/98/98
f 99/99/99 97/97/97 98/98/98
f 99/99/99 98/98/98 100/100/100
f 101/101/101 99/99/99 100/100/100
f 101/101/101 100/100/100 102/102/102
f 103/103/103 101/101/101 102/102/102
f 103/103/103 102/102/102 104/104/104
f 104/104/104 105/105/105 103/103/103
f 104/104/104 106/106/106 105/105/105
f 106/106/106 107/107/107 105/105/105
f 106/106/106 108/108/108 107/107/107
f 109/109/109 111/111/111 110/110/110
f 109/109/109 112/112/112 111/111/111
f 113/113/113 112/112/112 109/109/109
f 113/113/113 114/114/114 112/112/112
f 115/115/115 114/114/114 113/113/113
f 115/115/115 113/113/113 116/116/116
f 117/117/117 115/115/115 116/116/116
f 117/117/117 116/116/116 118/118/118
f 119/119/119 117/117/117 118/118/118
f 119/119/119 118/118/118 120/120/120
f 121/121/121 119/119/119 120/120/120
f 121/121/121 120/120/120 122/122/122
f 123/123/123 121/121/121 122/122/122
f 123/123/123 122/122/122 124/124/124
f 125/125/125 123/123/123 124/124/124
f 125/125/125 124/124/124 126/126/126
f 126/126/126 127/127/127 125/125/125
f 126/126/126 128/128/128 127/127/127
f 128/128/128 129/129/129 127/127/127
f 128/128/128 130/130/130 129/129/129
f 131/131/131 133/133/133 132/132/132
f 131/131/131 132/132/132 134/134/134
f 135/135/135 131/131/131 134/134/134
f 135/135/135 134/134/134 136/136/136
f 136/136/136 137/137/137 135/135/135
f 136/136/136 138/138/138 137/137/137
f 138/138/138 139/139/139 137/137/137
f 138/138/138 140/140/140 139/139/139
f 140/140/140 141/141/141 139/139/139
f 140/140/140 142/142/142 141/141/141
f 142/142/142 143/143/143 141/141/141
f 142/142/142 144/144/144 143/143/143
f 144/144/144 145/145/145 143/143/143
f 144/144/144 146/146/146 145/145/145
f 146/146/146 147/147/147 145/145/145
f 146/146/146 148/148/148 147/147/147
f 147/147/147 148/148/148 149/149/149
f 147/147/147 149/149/149 150/150/150
f 150/150/150 149/149/149 151/151/151
f 150/150/150 151/151/151 152/152/152
f 153/153/153 155/155/155 154/154/154
f 153/153/153 154/154/154 156/156/156
f 157/157/157 153/153/153 156/156/156
f 157/157/157 156/156/156 158/158/158
f 158/158/158 159/159/159 157/157/157
f 158/158/158 160/160/160 159/159/159
f 160/160/160 161/161/161 159/159/159
f 160/160/160 162/162/162 161/161/161
f 162/162/162 163/163/163 161/161/161
f 162/162/162 164/164/164 163/163/163
f 164/164/164 165/165/165 163/163/163
f 164/164/164 166/166/166 165/165/165
f 166/166/166 167/167/167 165/165/165
f 166/166/166 168/168/168 167/167/167
f 168/168/168 169/169/169 167/167/167
f 168/168/168 170/170/170 169/169/169
f 169/169/169 170/170/170 171/171/171
f 169/169/169 171/171/171 172/172/172
f 172/172/172 171/171/171 173/173/173
f 172/172/172 173/173/173 174/174/174
f 175/175/175 177/177/177 176/176/176
f 175/175/175 178/178/178 177/177/177
f 179/179/179 178/178/178 175/175/175
f 179/179/179 180/180/180 178/178/178
f 181/181/181 180/180/180 179/179/179
f 181/181/181 179/179/179 182/182/182
f 183/183/183 181/181/181 182/182/182
f 183/183/183 182/182/182 184/184/184
f 185/185/185 183/183/183 184/184/184
f 185/185/185 184/184/184 186/186/186
f 187/187/187 185/185/185 186/186/186
f 187/187/187 186/186/186 188/188/188
f 189/189/189 187/187/187 188/188/188
f 189/189/189 188/188/188 190/190/190
f 191/191/191 189/189/189 190/190/190
f 191/191/191 190/190/190 192/192/192
f 192/192/192 193/193/193 191/191/191
f 192/192/192 194/194/194 193/193/193
f 194/194/194 195/195/195 193/193/193
f 194/194/194 196/196/196 195/195/195
f 197/197/197 199/199/199 198/198/198
f 197/197/197 200/200/200 199/199/199
f 201/201/201 200/200/200 197/197/197
f 201/201/201 202/202/202 200/200/200
f 201/201/201 203/203/203 202/202/202
f 201/201/201 204/204/204 203/203/203
f 204/204/204 205/205/205 203/203/203
f 204/204/204 206/206/206 205/205/205
f 206/206/206 207/207/207 205/205/205
f 206/206/206 208/208/208 207/207/207
f 208/208/208 209/209/209 207/207/207
f 208/208/208 210/210/210 209/209/209
f 210/210/210 211/211/211 209/209/209
f 210/210/210 212/212/212 211/211/211
f 212/212/212 213/213/213 211/211/211
f 212/212/212 214/214/214 213/213/213
f 215/215/215 217/217/217 216/216/216
f 215/215/215 216/216/216 218/218/218
f 219/219/219 215/215/215 218/218/218
f 219/219/219 218/218/218 220/220/220
f 220/220/220 221/221/221 219/219/219
f 220/220/220 222/222/222 221/221/221
f 222/222/222 223/223/223 221/221/221
f 222/222/222 224/224/224 223/223/223
f 224/224/224 225/225/225 223/223/223
f 224/224/224 226/226/226 225/225/225
f 226/226/226 227/227/227 225/225/225
f 226/226/226 228/228/228 227/227/227
f 227/227/227 228/228/228 229/229/229
f 227/227/227 229/229/229 230/230/230
f 230/230/230 229/229/229 231/231/231
f 230/230/230 231/231/231 232/232/232
f 233/233/233 235/235/235 234/234/234
f 233/233/233 236/236/236 235/235/235
f 237/237/237 236/236/236 233/233/233
f 237/237/237 238/238/238 236/236/236
f 237/237/237 239/239/239 238/238/238
f 237/237/237 240/240/240 239/239/239
f 240/240/240 241/241/241 239/239/239
f 240/240/240 242/242/242 241/241/241
f 242/242/242 243/243/243 241/241/241
f 242/242/242 244/244/244 243/243/243
f 244/244/244 245/245/245 243/243/243
f 244/244/244 246/246/246 245/245/245
f 246/246/246 247/247/247 245/245/245
f 246/246/246 248/248/248 247/247/247
f 248/248/248 249/249/249 247/247/247
f 248/248/248 250/250/250 249/249/249
f 251/251/251 253/253/253 252/252/252
f 251/251/251 252/252/252 254/254/254
f 255/255/255 251/251/251 254/254/254
f 255/255/255 254/254/254 256/256/256
f 256/256/256 257/257/257 255/255/255
f 256/256/256 258/258/258 257/257/257
f 258/258/258 259/259/259 257/257/257
f 258/258/258 260/260/260 259/259/259
f 260/260/260 261/261/261 259/259/259
f 260/260/260 262/262/262 261/261/261
f 262/262/262 263/263/263 261/261/261
f 262/262/262 264/264/264 263/263/263
f 263/263/263 264/264/264 265/265/265
f 263/263/263 265/265/265 266/266/266
f 266/266/266 265/265/265 267/267/267
f 266/266/266 267/267/267 268/268/268
f 269/269/269 271/271/271 270/270/270
f 269/269/269 270/270/270 272/272/272
f 273/273/273 269/269/269 272/272/272
f 272/272/272 270/270/270 274/274/274
f 273/273/273 272/272/272 275/275/275
f 272/272/272 274/274/274 276/276/276
f 275/275/275 272/272/272 276/276/276
f 276/276/276 274/274/274 277/277/277
f 275/275/275 276/276/276 278/278/278
f 276/276/276 277/277/277 279/279/279
f 278/278/278 276/276/276 279/279/279
f 279/279/279 277/277/277 280/280/280
f 278/278/278 279/279/279 281/281/281
f 279/279/279 280/280/280 282/282/282
f 281/281/281 279/279/279 282/282/282
f 282/282/282 280/280/280 283/283/283
f 281/281/281 282/282/282 284/284/284
f 282/282/282 283/283/283 285/285/285
f 284/284/284 282/282/282 285/285/285
f 285/285/285 283/283/283 286/286/286
f 284/284/284 285/285/285 287/287/287
f 285/285/285 286/286/286 288/288/288
f 287/287/287 285/285/285 288/288/288
f 288/288/288 286/286/286 289/289/289
f 287/287/287 288/288/288 290/290/290
f 288/288/288 289/289/289 291/291/291
f 290/290/290 288/288/288 291/291/291
f 291/291/291 289/289/289 292/292/292
f 290/290/290 291/291/291 293/293/293
f 291/291/291 292/292/292 294/294/294
f 293/293/293 291/291/291 294/294/294
f 295/295/295 294/294/294 292/292/292
f 293/293/293 294/294/294 296/296/296
f 295/295/295 297/297/297 294/294/294
f 297/297/297 296/296/296 294/294/294
f 298/298/298 297/297/297 295/295/295
f 297/297/297 299/299/299 296/296/296
f 298/298/298 300/300/300 297/297/297
f 300/300/300 299/299/299 297/297/297
f 300/300/300 301/301/301 299/299/299
f 302/302/302 304/304/304 303/303/303
f 302/302/302 303/303/303 305/305/305
f 306/306/306 302/302/302 305/305/305
f 305/305/305 303/303/303 307/307/307
f 306/306/306 305/305/305 308/308/308
f 305/305/305 307/307/307 309/309/309
f 308/308/308 305/305/305 309/309/309
f 310/310/310 309/309/309 307/307/307
f 308/308/308 309/309/309 311/311/311
f 310/310/310 312/312/312 309/309/309
f 312/312/312 311/311/311 309/309/309
f 313/313/313 312/312/312 310/310/310
f 312/312/312 314/314/314 311/311/311
f 313/313/313 315/315/315 312/312/312
f 315/315/315 314/314/314 312/312/312
f 316/316/316 315/315/315 313/313/313
f 315/315/315 317/317/317 314/314/314
f 316/316/316 318/318/318 315/315/315
f 318/318/318 317/317/317 315/315/315
f 319/319/319 318/318/318 316/316/316
f 318/318/318 320/320/320 317/317/317
f 319/319/319 321/321/321 318/318/318
f 321/321/321 320/320/320 318/318/318
f 322/322/322 321/321/321 319/319/319
f 321/321/321 323/323/323 320/320/320
f 322/322/322 324/324/324 321/321/321
f 324/324/324 323/323/323 321/321/321
f 325/325/325 324/324/324 322/322/322
f 324/324/324 326/326/326 323/323/323
f 325/325/325 327/327/327 324/324/324
f 327/327/327 326/326/326 324/324/324
f 327/327/327 325/325/325 328/328/328
f 327/327/327 329/329/329 326/326/326
f 327/327/327 328/328/328 330/330/330
f 329/329/329 327/327/327 330/330/330
f 330/330/330 328/328/328 331/331/331
f 329/329/329 330/330/330 332/332/332
f 330/330/330 331/331/331 333/333/333
f 332/332/332 330/330/330 333/333/333
f 332/332/332 333/333/333 334/334/334
f 335/335/335 337/337/337 336/336/336
f 335/335/335 336/336/336 338/338/338
f 339/339/339 335/335/335 338/338/338
f 338/338/338 336/336/336 340/340/340
f 339/339/339 338/338/338 341/341/341
f 338/338/338 340/340/340 342/342/342
f 341/341/341 338/338/338 342/342/342
f 343/343/343 342/342/342 340/340/340
f 341/341/341 342/342/342 344/344/344
f 343/343/343 345/345/345 342/342/342
f 345/345/345 344/344/344 342/342/342
f 346/346/346 345/345/345 343/343/343
f 345/345/345 347/347/347 344/344/344
f 346/346/346 348/348/348 345/345/345
f 348/348/348 347/347/347 345/345/345
f 349/349/349 348/348/348 346/346/346
f 348/348/348 350/350/350 347/347/347
f 349/349/349 351/351/351 348/348/348
f 351/351/351 350/350/350 348/348/348
f 352/352/352 351/351/351 349/349/349
f 351/351/351 353/353/353 350/350/350
f 352/352/352 354/354/354 351/351/351
f 354/354/354 353/353/353 351/351/351
f 355/355/355 354/354/354 352/352/352
f 354/354/354 356/356/356 353/353/353
f 355/355/355 357/357/357 354/354/354
f 357/357/357 356/356/356 354/354/354
f 358/358/358 357/357/357 355/355/355
f 357/357/357 359/359/359 356/356/356
f 358/358/358 360/360/360 357/357/357
f 360/360/360 359/359/359 357/357/357
f 360/360/360 358/358/358 361/361/361
f 360/360/360 362/362/362 359/359/359
f 360/360/360 361/361/361 363/363/363
f 362/362/362 360/360/360 363/363/363
f 363/363/363 361/361/361 364/364/364
f 362/362/362 363/363/363 365/365/365
f 363/363/363 364/364/364 366/366/366
f 365/365/365 363/363/363 366/366/366
f 365/365/365 366/366/366 367/367/367
f 368/368/368 370/370/370 369/369/369
f 368/368/368 371/371/371 370/370/370
f 371/371/371 372/372/372 370/370/370
f 373/373/373 371/371/371 368/368/368
f 371/371/371 374/374/374 372/372/372
f 373/373/373 375/375/375 371/371/371
f 375/375/375 374/374/374 371/371/371
f 376/376/376 375/375/375 373/373/373
f 375/375/375 377/377/377 374/374/374
f 376/376/376 378/378/378 375/375/375
f 378/378/378 377/377/377 375/375/375
f 379/379/379 378/378/378 376/376/376
f 378/378/378 380/380/380 377/377/377
f 379/379/379 381/381/381 378/378/378
f 381/381/381 380/380/380 378/378/378
f 382/382/382 381/381/381 379/379/379
f 381/381/381 383/383/383 380/380/380
f 382/382/382 384/384/384 381/381/381
f 384/384/384 383/383/383 381/381/381
f 385/385/385 384/384/384 382/382/382
f 384/384/384 386/386/386 383/383/383
f 385/385/385 387/387/387 384/384/384
f 387/387/387 386/386/386 384/384/384
f 388/388/388 387/387/387 385/385/385
f 387/387/387 389/389/389 386/386/386
f 388/388/388 390/390/390 387/387/387
f 390/390/390 389/389/389 387/387/387
f 391/391/391 390/390/390 388/388/388
f 390/390/390 392/392/392 389/389/389
f 391/391/391 393/393/393 390/390/390
f 393/393/393 392/392/392 390/390/390
f 393/393/393 391/391/391 394/394/394
f 393/393/393 395/395/395 392/392/392
f 393/393/393 394/394/394 396/396/396
f 395/395/395 393/393/393 396/396/396
f 396/396/396 394/394/394 397/397/397
f 395/395/395 396/396/396 398/398/398
f 396/396/396 397/397/397 399/399/399
f 398/398/398 396/396/396 399/399/399
f 398/398/398 399/399/399 400/400/400
f 401/401/401 403/403/403 402/402/402
f 401/401/401 404/404/404 403/403/403
f 405/405/405 404/404/404 401/401/401
f 405/405/405 406/406/406 404/404/404
f 405/405/405 407/407/407 406/406/406
f 405/405/405 408/408/408 407/407/407
f 408/408/408 409/409/409 407/407/407
f 408/408/408 410/410/410 409/409/409
f 410/410/410 411/411/411 409/409/409
f 410/410/410 412/412/412 411/411/411
f 412/412/412 413/413/413 411/411/411
f 412/412/412 414/414/414 413/413/413
f 415/415/415 413/413/413 414/414/414
f 415/415/415 416/416/416 413/413/413
f 417/417/417 416/416/416 415/415/415
f 417/417/417 418/418/418 416/416/416
f 419/419/419 421/421/421 420/420/420
f 419/419/419 420/420/420 422/422/422
f 422/422/422 420/420/420 423/423/423
f 422/422/422 423/423/423 424/424/424
f 425/425/425 424/424/424 423/423/423
f 425/425/425 423/423/423 426/426/426
f 427/427/427 425/425/425 426/426/426
f 427/427/427 426/426/426 428/428/428
f 429/429/429 427/427/427 428/428/428
f 429/429/429 428/428/428 430/430/430
f 431/431/431 429/429/429 430/430/430
f 431/431/431 430/430/430 432/432/432
f 433/433/433 431/431/431 432/432/432
f 433/433/433 434/434/434 431/431/431
f 435/435/435 434/434/434 433/433/433
f 435/435/435 436/436/436 434/434/434
f 437/437/437 439/439/439 438/438/438
f 437/437/437 440/440/440 439/439/439
f 441/441/441 440/440/440 437/437/437
f 441/441/441 442/442/442 440/440/440
f 441/441/441 443/443/443 442/442/442
f 441/441/441 444/444/444 443/443/443
f 444/444/444 445/445/445 443/443/443
f 444/444/444 446/446/446 445/445/445
f 446/446/446 447/447/447 445/445/445
f 446/446/446 448/448/448 447/447/447
f 448/448/448 449/449/449 447/447/447
f 448/448/448 450/450/450 449/449/449
f 449/449/449 450/450/450 451/451/451
f 449/449/449 451/451/451 452/452/452
f 452/452/452 451/451/451 453/453/453
f 452/452/452 453/453/453 454/454/454
f 455/455/455 457/457/457 456/456/456
f 455/455/455 456/456/456 458/458/458
f 458/458/458 456/456/456 459/459/459
f 458/458/458 459/459/459 460/460/460
f 459/459/459 461/461/461 460/460/460
f 459/459/459 462/462/462 461/461/461
f 462/462/462 463/463/463 461/461/461
f 462/462/462 464/464/464 463/463/463
f 464/464/464 465/465/465 463/463/463
f 464/464/464 466/466/466 465/465/465
f 466/466/466 467/467/467 465/465/465
f 466/466/466 468/468/468 467/467/467
f 467/467/467 468/468/468 469/469/469
f 467/467/467 469/469/469 470/470/470
f 470/470/470 469/469/469 471/471/471
f 470/470/470 471/471/471 472/472/472
f 473/473/473 475/475/475 474/474/474
f 473/473/473 476/476/476 475/475/475
f 476/476/476 477/477/477 475/475/475
f 476/476/476 478/478/478 477/477/477
f 478/478/478 479/479/479 477/477/477
f 478/478/478 480/480/480 479/479/479
f 480/480/480 481/481/481 479/479/479
f 480/480/480 482/482/482 481/481/481
f 483/483/483 485/485/485 484/484/484
f 483/483/483 486/486/486 485/485/485
f 486/486/486 487/487/487 485/485/485
f 486/486/486 488/488/488 487/487/487
f 488/488/488 489/489/489 487/487/487
f 488/488/488 490/490/490 489/489/489
f 490/490/490 491/491/491 489/489/489
f 490/490/490 492/492/492 491/491/491
f 493/493/493 495/495/495 494/494/494
f 493/493/493 496/496/496 495/495/495
f 496/496/496 497/497/497 495/495/495
f 496/496/496 498/498/498 497/497/497
f 498/498/498 499/499/499 497/497/497
f 498/498/498 500/500/500 499/499/499
f 500/500/500 501/501/501 499/499/499
f 500/500/500 502/502/502 501/501/501
f 503/503/503 505/505/505 504/504/504
f 503/503/503 504/504/504 506/506/506
f 507/507/507 503/503/503 506/506/506
f 507/507/507 506/506/506 508/508/508
f 509/509/509 507/507/507 508/508/508
f 509/509/509 508/508/508 510/510/510
f 511/511/511 509/509/509 510/510/510
f 511/511/511 510/510/510 512/512/512
f 513/513/513 515/515/515 514/514/514
f 516/516/516 514/514/514 515/515/515
f 513/513/513 517/517/517 515/515/515
f 518/518/518 517/517/517 513/513/513
f 516/516/516 515/515/515 519/519/519
f 520/520/520 516/516/516 519/519/519
f 521/521/521 515/515/515 517/517/517
f 521/521/521 519/519/519 515/515/515
f 520/520/520 519/519/519 522/522/522
f 523/523/523 520/520/520 522/522/522
f 524/524/524 522/522/522 519/519/519
f 524/524/524 519/519/519 521/521/521
f 523/523/523 522/522/522 525/525/525
f 525/525/525 522/522/522 524/524/524
f 526/526/526 523/523/523 525/525/525
f 526/526/526 525/525/525 527/527/527
f 528/528/528 526/526/526 527/527/527
f 525/525/525 524/524/524 529/529/529
f 527/527/527 525/525/525 529/529/529
f 530/530/530 524/524/524 521/521/521
f 529/529/529 524/524/524 530/530/530
f 531/531/531 521/521/521 517/517/517
f 530/530/530 521/521/521 531/531/531
f 528/528/528 527/527/527 532/532/532
f 533/533/533 528/528/528 532/532/532
f 527/527/527 529/529/529 534/534/534
f 532/532/532 527/527/527 534/534/534
f 529/529/529 530/530/530 535/535/535
f 534/534/534 529/529/529 535/535/535
f 531/531/531 517/517/517 536/536/536
f 518/518/518 536/536/536 517/517/517
f 537/537/537 530/530/530 531/531/531
f 537/537/537 535/535/535 530/530/530
f 538/538/538 536/536/536 518/518/518
f 538/538/538 518/518/518 539/539/539
f 540/540/540 531/531/531 536/536/536
f 537/537/537 531/531/531 540/540/540
f 540/540/540 536/536/536 538/538/538
f 541/541/541 538/538/538 539/539/539
f 541/541/541 539/539/539 542/542/542
f 543/543/543 540/540/540 538/538/538
f 543/543/543 538/538/538 541/541/541
f 544/544/544 537/537/537 540/540/540
f 544/544/544 540/540/540 543/543/543
f 537/537/537 545/545/545 535/535/535
f 544/544/544 545/545/545 537/537/537
f 546/546/546 541/541/541 542/542/542
f 546/546/546 542/542/542 547/547/547
f 548/548/548 543/543/543 541/541/541
f 548/548/548 541/541/541 546/546/546
f 549/549/549 544/544/544 543/543/543
f 549/549/549 543/543/543 548/548/548
f 550/550/550 546/546/546 547/547/547
f 550/550/550 547/547/547 551/551/551
f 552/552/552 548/548/548 546/546/546
f 552/552/552 546/546/546 550/550/550
f 551/551/551 553/553/553 550/550/550
f 552/552/552 550/550/550 553/553/553
f 551/551/551 554/554/554 553/553/553
f 555/555/555 548/548/548 552/552/552
f 555/555/555 549/549/549 548/548/548
f 549/549/549 556/556/556 544/544/544
f 544/544/544 556/556/556 545/545/545
f 554/554/554 557/557/557 553/553/553
f 554/554/554 558/558/558 557/557/557
f 559/559/559 557/557/557 558/558/558
f 552/552/552 553/553/553 560/560/560
f 560/560/560 553/553/553 557/557/557
f 555/555/555 552/552/552 560/560/560
f 559/559/559 561/561/561 557/557/557
f 560/560/560 557/557/557 561/561/561
f 562/562/562 561/561/561 559/559/559
f 563/563/563 560/560/560 561/561/561
f 555/555/555 560/560/560 563/563/563
f 555/555/555 564/564/564 549/549/549
f 549/549/549 564/564/564 556/556/556
f 562/562/562 565/565/565 561/561/561
f 563/563/563 561/561/561 565/565/565
f 566/566/566 555/555/555 563/563/563
f 555/555/555 566/566/566 564/564/564
f 567/567/567 565/565/565 562/562/562
f 567/567/567 562/562/562 568/568/568
f 569/569/569 563/563/563 565/565/565
f 566/566/566 563/563/563 569/569/569
f 569/569/569 565/565/565 567/567/567
f 570/570/570 567/567/567 568/568/568
f 570/570/570 568/568/568 571/571/571
f 572/572/572 569/569/569 567/567/567
f 572/572/572 567/567/567 570/570/570
f 573/573/573 566/566/566 569/569/569
f 573/573/573 569/569/569 572/572/572
f 566/566/566 574/574/574 564/564/564
f 566/566/566 573/573/573 574/574/574
f 564/564/564 575/575/575 556/556/556
f 564/564/564 574/574/574 575/575/575
f 576/576/576 570/570/570 571/571/571
f 576/576/576 571/571/571 577/577/577
f 578/578/578 572/572/572 570/570/570
f 578/578/578 570/570/570 576/576/576
f 579/579/579 573/573/573 572/572/572
f 579/579/579 572/572/572 578/578/578
f 573/573/573 580/580/580 574/574/574
f 573/573/573 579/579/579 580/580/580
f 581/581/581 576/576/576 577/577/577
f 581/581/581 577/577/577 582/582/582
f 583/583/583 578/578/578 576/576/576
f 583/583/583 576/576/576 581/581/581
f 582/582/582 584/584/584 581/581/581
f 583/583/583 581/581/581 584/584/584
f 582/582/582 585/585/585 584/584/584
f 586/586/586 579/579/579 578/578/578
f 586/586/586 578/578/578 583/583/583
f 583/583/583 584/584/584 587/587/587
f 586/586/586 583/583/583 587/587/587
f 585/585/585 588/588/588 584/584/584
f 587/587/587 584/584/584 588/588/588
f 585/585/585 589/589/589 588/588/588
f 590/590/590 588/588/588 589/589/589
f 590/590/590 591/591/591 588/588/588
f 587/587/587 588/588/588 591/591/591
f 592/592/592 591/591/591 590/590/590
f 579/579/579 586/586/586 593/593/593
f 579/579/579 593/593/593 580/580/580
f 586/586/586 587/587/587 594/594/594
f 594/594/594 587/587/587 591/591/591
f 594/594/594 593/593/593 586/586/586
f 592/592/592 595/595/595 591/591/591
f 594/594/594 591/591/591 595/595/595
f 594/594/594 596/596/596 593/593/593
f 595/595/595 596/596/596 594/594/594
f 592/592/592 597/597/597 595/595/595
f 595/595/595 597/597/597 596/596/596
f 592/592/592 598/598/598 597/597/597
f 580/580/580 593/593/593 599/599/599
f 596/596/596 599/599/599 593/593/593
f 598/598/598 600/600/600 597/597/597
f 598/598/598 601/601/601 600/600/600
f 597/597/597 602/602/602 596/596/596
f 596/596/596 602/602/602 599/599/599
f 597/597/597 600/600/600 602/602/602
f 580/580/580 599/599/599 603/603/603
f 574/574/574 580/580/580 603/603/603
f 574/574/574 603/603/603 575/575/575
f 601/601/601 604/604/604 600/600/600
f 601/601/601 605/605/605 604/604/604
f 600/600/600 606/606/606 602/602/602
f 600/600/600 604/604/604 606/606/606
f 602/602/602 607/607/607 599/599/599
f 603/603/603 599/599/599 607/607/607
f 602/602/602 606/606/606 607/607/607
f 575/575/575 603/603/603 608/608/608
f 603/603/603 607/607/607 608/608/608
f 605/605/605 609/609/609 604/604/604
f 605/605/605 610/610/610 609/609/609
f 604/604/604 611/611/611 606/606/606
f 604/604/604 609/609/609 611/611/611
f 606/606/606 612/612/612 607/607/607
f 608/608/608 607/607/607 612/612/612
f 606/606/606 611/611/611 612/612/612
f 610/610/610 613/613/613 609/609/609
f 611/611/611 609/609/609 613/613/613
f 610/610/610 614/614/614 613/613/613
f 575/575/575 608/608/608 615/615/615
f 556/556/556 575/575/575 615/615/615
f 556/556/556 615/615/615 545/545/545
f 611/611/611 613/613/613 616/616/616
f 612/612/612 611/611/611 616/616/616
f 614/614/614 617/617/617 613/613/613
f 616/616/616 613/613/613 617/617/617
f 614/614/614 618/618/618 617/617/617
f 619/619/619 617/617/617 618/618/618
f 619/619/619 620/620/620 617/617/617
f 616/616/616 617/617/617 620/620/620
f 533/533/533 620/620/620 619/619/619
f 608/608/608 612/612/612 621/621/621
f 615/615/615 608/608/608 621/621/621
f 545/545/545 615/615/615 622/622/622
f 615/615/615 621/621/621 622/622/622
f 545/545/545 622/622/622 535/535/535
f 534/534/534 535/535/535 622/622/622
f 612/612/612 616/616/616 623/623/623
f 623/623/623 616/616/616 620/620/620
f 623/623/623 621/621/621 612/612/612
f 533/533/533 624/624/624 620/620/620
f 623/623/623 620/620/620 624/624/624
f 533/533/533 532/532/532 624/624/624
f 532/532/532 534/534/534 625/625/625
f 625/625/625 534/534/534 622/622/622
f 625/625/625 622/622/622 621/621/621
f 623/623/623 625/625/625 621/621/621
f 624/624/624 625/625/625 623/623/623
f 624/624/624 532/532/532 625/625/625
f 626/626/626 628/628/628 627/627/627
f 629/629/629 627/627/627 628/628/628
f 626/626/626 627/627/627 630/630/630
f 631/631/631 626/626/626 630/630/630
f 629/629/629 632/632/632 627/627/627
f 633/633/633 632/632/632 629/629/629
f 631/631/631 630/630/630 634/634/634
f 634/634/634 635/635/635 631/631/631
f 636/636/636 630/630/630 627/627/627
f 636/636/636 627/627/627 632/632/632
f 637/637/637 634/634/634 630/630/630
f 637/637/637 630/630/630 636/636/636
f 634/634/634 638/638/638 635/635/635
f 637/637/637 638/638/638 634/634/634
f 638/638/638 639/639/639 635/635/635
f 638/638/638 640/640/640 639/639/639
f 640/640/640 641/641/641 639/639/639
f 637/637/637 642/642/642 638/638/638
f 642/642/642 640/640/640 638/638/638
f 643/643/643 637/637/637 636/636/636
f 643/643/643 642/642/642 637/637/637
f 644/644/644 636/636/636 632/632/632
f 643/643/643 636/636/636 644/644/644
f 643/643/643 645/645/645 642/642/642
f 646/646/646 643/643/643 644/644/644
f 645/645/645 647/647/647 642/642/642
f 642/642/642 647/647/647 640/640/640
f 645/645/645 648/648/648 647/647/647
f 640/640/640 649/649/649 641/641/641
f 647/647/647 649/649/649 640/640/640
f 649/649/649 650/650/650 641/641/641
f 648/648/648 651/651/651 647/647/647
f 647/647/647 651/651/651 649/649/649
f 648/648/648 652/652/652 651/651/651
f 649/649/649 653/653/653 650/650/650
f 651/651/651 653/653/653 649/649/649
f 653/653/653 654/654/654 650/650/650
f 652/652/652 655/655/655 651/651/651
f 651/651/651 655/655/655 653/653/653
f 652/652/652 656/656/656 655/655/655
f 653/653/653 657/657/657 654/654/654
f 655/655/655 657/657/657 653/653/653
f 657/657/657 658/658/658 654/654/654
f 656/656/656 659/659/659 655/655/655
f 655/655/655 659/659/659 657/657/657
f 656/656/656 660/660/660 659/659/659
f 657/657/657 661/661/661 658/658/658
f 659/659/659 661/661/661 657/657/657
f 660/660/660 662/662/662 659/659/659
f 659/659/659 662/662/662 661/661/661
f 660/660/660 663/663/663 662/662/662
f 658/658/658 661/661/661 664/664/664
f 662/662/662 664/664/664 661/661/661
f 658/658/658 664/664/664 665/665/665
f 662/662/662 666/666/666 664/664/664
f 663/663/663 666/666/666 662/662/662
f 665/665/665 664/664/664 667/667/667
f 666/666/666 667/667/667 664/664/664
f 665/665/665 667/667/667 668/668/668
f 669/669/669 668/668/668 667/667/667
f 669/669/669 667/667/667 670/670/670
f 666/666/666 670/670/670 667/667/667
f 671/671/671 669/669/669 670/670/670
f 663/663/663 672/672/672 666/666/666
f 672/672/672 670/670/670 666/666/666
f 671/671/671 670/670/670 673/673/673
f 672/672/672 673/673/673 670/670/670
f 673/673/673 674/674/674 671/671/671
f 673/673/673 675/675/675 674/674/674
f 672/672/672 675/675/675 673/673/673
f 675/675/675 676/676/676 674/674/674
f 663/663/663 677/677/677 672/672/672
f 672/672/672 677/677/677 675/675/675
f 663/663/663 678/678/678 677/677/677
f 675/675/675 679/679/679 676/676/676
f 677/677/677 679/679/679 675/675/675
f 679/679/679 680/680/680 676/676/676
f 678/678/678 681/681/681 677/677/677
f 677/677/677 681/681/681 679/679/679
f 678/678/678 682/682/682 681/681/681
f 679/679/679 683/683/683 680/680/680
f 681/681/681 683/683/683 679/679/679
f 683/683/683 684/684/684 680/680/680
f 682/682/682 685/685/685 681/681/681
f 681/681/681 685/685/685 683/683/683
f 682/682/682 686/686/686 685/685/685
f 683/683/683 687/687/687 684/684/684
f 685/685/685 687/687/687 683/683/683
f 687/687/687 688/688/688 684/684/684
f 686/686/686 689/689/689 685/685/685
f 685/685/685 689/689/689 687/687/687
f 686/686/686 690/690/690 689/689/689
f 687/687/687 691/691/691 688/688/688
f 689/689/689 691/691/691 687/687/687
f 691/691/691 692/692/692 688/688/688
f 690/690/690 693/693/693 689/689/689
f 689/689/689 693/693/693 691/691/691
f 690/690/690 694/694/694 693/693/693
f 691/691/691 695/695/695 692/692/692
f 693/693/693 695/695/695 691/691/691
f 694/694/694 696/696/696 693/693/693
f 693/693/693 696/696/696 695/695/695
f 694/694/694 697/697/697 696/696/696
f 692/692/692 695/695/695 698/698/698
f 696/696/696 698/698/698 695/695/695
f 692/692/692 698/698/698 699/699/699
f 696/696/696 700/700/700 698/698/698
f 697/697/697 700/700/700 696/696/696
f 699/699/699 698/698/698 701/701/701
f 700/700/700 701/701/701 698/698/698
f 699/699/699 701/701/701 702/702/702
f 703/703/703 702/702/702 701/701/701
f 703/703/703 701/701/701 704/704/704
f 700/700/700 704/704/704 701/701/701
f 705/705/705 703/703/703 704/704/704
f 697/697/697 706/706/706 700/700/700
f 706/706/706 704/704/704 700/700/700
f 705/705/705 704/704/704 707/707/707
f 706/706/706 707/707/707 704/704/704
f 707/707/707 708/708/708 705/705/705
f 707/707/707 709/709/709 708/708/708
f 706/706/706 709/709/709 707/707/707
f 709/709/709 710/710/710 708/708/708
f 697/697/697 711/711/711 706/706/706
f 706/706/706 711/711/711 709/709/709
f 697/697/697 712/712/712 711/711/711
f 709/709/709 713/713/713 710/710/710
f 711/711/711 713/713/713 709/709/709
f 713/713/713 714/714/714 710/710/710
f 712/712/712 715/715/715 711/711/711
f 711/711/711 715/715/715 713/713/713
f 712/712/712 716/716/716 715/715/715
f 713/713/713 717/717/717 714/714/714
f 715/715/715 717/717/717 713/713/713
f 717/717/717 718/718/718 714/714/714
f 716/716/716 719/719/719 715/715/715
f 715/715/715 719/719/719 717/717/717
f 716/716/716 720/720/720 719/719/719
f 717/717/717 721/721/721 718/718/718
f 719/719/719 721/721/721 717/717/717
f 721/721/721 722/722/722 718/718/718
f 720/720/720 723/723/723 719/719/719
f 719/719/719 723/723/723 721/721/721
f 720/720/720 724/724/724 723/723/723
f 721/721/721 725/725/725 722/722/722
f 723/723/723 725/725/725 721/721/721
f 725/725/725 726/726/726 722/722/722
f 724/724/724 727/727/727 723/723/723
f 723/723/723 727/727/727 725/725/725
f 724/724/724 728/728/728 727/727/727
f 725/725/725 729/729/729 726/726/726
f 727/727/727 729/729/729 725/725/725
f 728/728/728 730/730/730 727/727/727
f 727/727/727 730/730/730 729/729/729
f 728/728/728 731/731/731 730/730/730
f 726/726/726 729/729/729 732/732/732
f 730/730/730 732/732/732 729/729/729
f 726/726/726 732/732/732 733/733/733
f 730/730/730 734/734/734 732/732/732
f 731/731/731 734/734/734 730/730/730
f 733/733/733 732/732/732 735/735/735
f 734/734/734 735/735/735 732/732/732
f 733/733/733 735/735/735 736/736/736
f 737/737/737 736/736/736 735/735/735
f 737/737/737 735/735/735 738/738/738
f 734/734/734 738/738/738 735/735/735
f 739/739/739 737/737/737 738/738/738
f 731/731/731 740/740/740 734/734/734
f 740/740/740 738/738/738 734/734/734
f 739/739/739 738/738/738 741/741/741
f 740/740/740 741/741/741 738/738/738
f 741/741/741 742/742/742 739/739/739
f 741/741/741 743/743/743 742/742/742
f 740/740/740 743/743/743 741/741/741
f 743/743/743 744/744/744 742/742/742
f 731/731/731 745/745/745 740/740/740
f 740/740/740 745/745/745 743/743/743
f 731/731/731 746/746/746 745/745/745
f 743/743/743 747/747/747 744/744/744
f 745/745/745 747/747/747 743/743/743
f 747/747/747 748/748/748 744/744/744
f 746/746/746 749/749/749 745/745/745
f 745/745/745 749/749/749 747/747/747
f 746/746/746 750/750/750 749/749/749
f 747/747/747 751/751/751 748/748/748
f 749/749/749 751/751/751 747/747/747
f 751/751/751 752/752/752 748/748/748
f 750/750/750 753/753/753 749/749/749
f 749/749/749 753/753/753 751/751/751
f 750/750/750 754/754/754 753/753/753
f 751/751/751 755/755/755 752/752/752
f 753/753/753 755/755/755 751/751/751
f 755/755/755 756/756/756 752/752/752
f 754/754/754 757/757/757 753/753/753
f 753/753/753 757/757/757 755/755/755
f 754/754/754 758/758/758 757/757/757
f 755/755/755 759/759/759 756/756/756
f 757/757/757 759/759/759 755/755/755
f 759/759/759 633/633/633 756/756/756
f 758/758/758 760/760/760 757/757/757
f 757/757/757 760/760/760 759/759/759
f 758/758/758 646/646/646 760/760/760
f 646/646/646 644/644/644 760/760/760
f 759/759/759 761/761/761 633/633/633
f 760/760/760 761/761/761 759/759/759
f 760/760/760 644/644/644 761/761/761
f 633/633/633 761/761/761 632/632/632
f 644/644/644 632/632/632 761/761/761
f 762/762/762 764/764/764 763/763/763
f 765/765/765 763/763/763 764/764/764
f 762/762/762 763/763/763 766/766/766
f 767/767/767 762/762/762 766/766/766
f 765/765/765 768/768/768 763/763/763
f 769/769/769 768/768/768 765/765/765
f 767/767/767 766/766/766 770/770/770
f 770/770/770 771/771/771 767/767/767
f 772/772/772 766/766/766 763/763/763
f 772/772/772 763/763/763 768/768/768
f 773/773/773 770/770/770 766/766/766
f 773/773/773 766/766/766 772/772/772
f 770/770/770 774/774/774 771/771/771
f 773/773/773 774/774/774 770/770/770
f 774/774/774 775/775/775 771/771/771
f 774/774/774 776/776/776 775/775/775
f 776/776/776 777/777/777 775/775/775
f 773/773/773 778/778/778 774/774/774
f 778/778/778 776/776/776 774/774/774
f 779/779/779 773/773/773 772/772/772
f 779/779/779 778/778/778 773/773/773
f 780/780/780 772/772/772 768/768/768
f 779/779/779 772/772/772 780/780/780
f 776/776/776 781/781/781 777/777/777
f 781/781/781 782/782/782 777/777/777
f 778/778/778 783/783/783 776/776/776
f 783/783/783 781/781/781 776/776/776
f 779/779/779 784/784/784 778/778/778
f 784/784/784 783/783/783 778/778/778
f 781/781/781 785/785/785 782/782/782
f 785/785/785 786/786/786 782/782/782
f 783/783/783 787/787/787 781/781/781
f 787/787/787 785/785/785 781/781/781
f 785/785/785 788/788/788 786/786/786
f 788/788/788 789/789/789 786/786/786
f 780/780/780 768/768/768 790/790/790
f 769/769/769 790/790/790 768/768/768
f 791/791/791 779/779/779 780/780/780
f 784/784/784 779/779/779 791/791/791
f 784/784/784 792/792/792 783/783/783
f 792/792/792 787/787/787 783/783/783
f 787/787/787 793/793/793 785/785/785
f 793/793/793 788/788/788 785/785/785
f 794/794/794 790/790/790 769/769/769
f 794/794/794 769/769/769 795/795/795
f 796/796/796 780/780/780 790/790/790
f 791/791/791 780/780/780 796/796/796
f 796/796/796 790/790/790 794/794/794
f 784/784/784 791/791/791 797/797/797
f 792/792/792 784/784/784 797/797/797
f 792/792/792 798/798/798 787/787/787
f 798/798/798 793/793/793 787/787/787
f 799/799/799 794/794/794 795/795/795
f 799/799/799 795/795/795 800/800/800
f 801/801/801 791/791/791 796/796/796
f 797/797/797 791/791/791 801/801/801
f 802/802/802 796/796/796 794/794/794
f 802/802/802 794/794/794 799/799/799
f 801/801/801 796/796/796 802/802/802
f 792/792/792 797/797/797 803/803/803
f 798/798/798 792/792/792 803/803/803
f 804/804/804 799/799/799 800/800/800
f 804/804/804 800/800/800 805/805/805
f 797/797/797 801/801/801 806/806/806
f 803/803/803 797/797/797 806/806/806
f 807/807/807 801/801/801 802/802/802
f 806/806/806 801/801/801 807/807/807
f 808/808/808 802/802/802 799/799/799
f 808/808/808 799/799/799 804/804/804
f 807/807/807 802/802/802 808/808/808
f 809/809/809 804/804/804 805/805/805
f 809/809/809 805/805/805 810/810/810
f 811/811/811 808/808/808 804/804/804
f 811/811/811 804/804/804 809/809/809
f 812/812/812 807/807/807 808/808/808
f 812/812/812 808/808/808 811/811/811
f 806/806/806 807/807/807 813/813/813
f 813/813/813 807/807/807 812/812/812
f 803/803/803 806/806/806 814/814/814
f 814/814/814 806/806/806 813/813/813
f 815/815/815 809/809/809 810/810/810
f 815/815/815 810/810/810 816/816/816
f 817/817/817 811/811/811 809/809/809
f 817/817/817 809/809/809 815/815/815
f 818/818/818 812/812/812 811/811/811
f 818/818/818 811/811/811 817/817/817
f 813/813/813 812/812/812 819/819/819
f 819/819/819 812/812/812 818/818/818
f 820/820/820 815/815/815 816/816/816
f 820/820/820 816/816/816 821/821/821
f 822/822/822 817/817/817 815/815/815
f 822/822/822 815/815/815 820/820/820
f 821/821/821 823/823/823 820/820/820
f 822/822/822 820/820/820 823/823/823
f 821/821/821 824/824/824 823/823/823
f 825/825/825 818/818/818 817/817/817
f 825/825/825 817/817/817 822/822/822
f 824/824/824 826/826/826 823/823/823
f 824/824/824 827/827/827 826/826/826
f 828/828/828 826/826/826 827/827/827
f 822/822/822 823/823/823 829/829/829
f 829/829/829 823/823/823 826/826/826
f 825/825/825 822/822/822 829/829/829
f 828/828/828 830/830/830 826/826/826
f 829/829/829 826/826/826 830/830/830
f 831/831/831 830/830/830 828/828/828
f 832/832/832 829/829/829 830/830/830
f 825/825/825 829/829/829 832/832/832
f 833/833/833 818/818/818 825/825/825
f 819/819/819 818/818/818 833/833/833
f 831/831/831 834/834/834 830/830/830
f 832/832/832 830/830/830 834/834/834
f 835/835/835 825/825/825 832/832/832
f 833/833/833 825/825/825 835/835/835
f 836/836/836 834/834/834 831/831/831
f 836/836/836 831/831/831 837/837/837
f 838/838/838 832/832/832 834/834/834
f 835/835/835 832/832/832 838/838/838
f 838/838/838 834/834/834 836/836/836
f 839/839/839 836/836/836 837/837/837
f 839/839/839 837/837/837 840/840/840
f 841/841/841 838/838/838 836/836/836
f 841/841/841 836/836/836 839/839/839
f 842/842/842 835/835/835 838/838/838
f 842/842/842 838/838/838 841/841/841
f 843/843/843 833/833/833 835/835/835
f 843/843/843 835/835/835 842/842/842
f 844/844/844 839/839/839 840/840/840
f 844/844/844 840/840/840 845/845/845
f 846/846/846 841/841/841 839/839/839
f 846/846/846 839/839/839 844/844/844
f 847/847/847 842/842/842 841/841/841
f 847/847/847 841/841/841 846/846/846
f 848/848/848 844/844/844 845/845/845
f 848/848/848 845/845/845 849/849/849
f 850/850/850 846/846/846 844/844/844
f 850/850/850 844/844/844 848/848/848
f 851/851/851 848/848/848 849/849/849
f 851/851/851 849/849/849 852/852/852
f 853/853/853 833/833/833 843/843/843
f 853/853/853 819/819/819 833/833/833
f 854/854/854 843/843/843 842/842/842
f 854/854/854 842/842/842 847/847/847
f 855/855/855 847/847/847 846/846/846
f 855/855/855 846/846/846 850/850/850
f 856/856/856 850/850/850 848/848/848
f 856/856/856 848/848/848 851/851/851
f 857/857/857 851/851/851 852/852/852
f 857/857/857 852/852/852 858/858/858
f 859/859/859 851/851/851 857/857/857
f 859/859/859 856/856/856 851/851/851
f 858/858/858 860/860/860 857/857/857
f 859/859/859 857/857/857 860/860/860
f 858/858/858 861/861/861 860/860/860
f 862/862/862 850/850/850 856/856/856
f 862/862/862 855/855/855 850/850/850
f 863/863/863 847/847/847 855/855/855
f 863/863/863 854/854/854 847/847/847
f 864/864/864 856/856/856 859/859/859
f 864/864/864 862/862/862 856/856/856
f 859/859/859 860/860/860 865/865/865
f 864/864/864 859/859/859 865/865/865
f 861/861/861 866/866/866 860/860/860
f 865/865/865 860/860/860 866/866/866
f 861/861/861 867/867/867 866/866/866
f 868/868/868 866/866/866 867/867/867
f 868/868/868 869/869/869 866/866/866
f 865/865/865 866/866/866 869/869/869
f 870/870/870 869/869/869 868/868/868
f 871/871/871 855/855/855 862/862/862
f 871/871/871 863/863/863 855/855/855
f 864/864/864 865/865/865 872/872/872
f 872/872/872 865/865/865 869/869/869
f 873/873/873 862/862/862 864/864/864
f 873/873/873 871/871/871 862/862/862
f 873/873/873 864/864/864 872/872/872
f 870/870/870 874/874/874 869/869/869
f 872/872/872 869/869/869 874/874/874
f 873/873/873 872/872/872 875/875/875
f 875/875/875 872/872/872 874/874/874
f 876/876/876 874/874/874 870/870/870
f 875/875/875 874/874/874 876/876/876
f 876/876/876 870/870/870 877/877/877
f 878/878/878 871/871/871 873/873/873
f 878/878/878 873/873/873 875/875/875
f 879/879/879 863/863/863 871/871/871
f 878/878/878 879/879/879 871/871/871
f 880/880/880 875/875/875 876/876/876
f 878/878/878 875/875/875 880/880/880
f 881/881/881 876/876/876 877/877/877
f 880/880/880 876/876/876 881/881/881
f 881/881/881 877/877/877 882/882/882
f 883/883/883 878/878/878 880/880/880
f 883/883/883 879/879/879 878/878/878
f 879/879/879 884/884/884 863/863/863
f 884/884/884 854/854/854 863/863/863
f 885/885/885 880/880/880 881/881/881
f 883/883/883 880/880/880 885/885/885
f 886/886/886 881/881/881 882/882/882
f 885/885/885 881/881/881 886/886/886
f 886/886/886 882/882/882 887/887/887
f 883/883/883 888/888/888 879/879/879
f 888/888/888 884/884/884 879/879/879
f 884/884/884 889/889/889 854/854/854
f 889/889/889 843/843/843 854/854/854
f 889/889/889 853/853/853 843/843/843
f 890/890/890 883/883/883 885/885/885
f 890/890/890 888/888/888 883/883/883
f 891/891/891 885/885/885 886/886/886
f 890/890/890 885/885/885 891/891/891
f 892/892/892 886/886/886 887/887/887
f 891/891/891 886/886/886 892/892/892
f 892/892/892 887/887/887 893/893/893
f 888/888/888 894/894/894 884/884/884
f 894/894/894 889/889/889 884/884/884
f 895/895/895 853/853/853 889/889/889
f 894/894/894 895/895/895 889/889/889
f 890/890/890 896/896/896 888/888/888
f 896/896/896 894/894/894 888/888/888
f 897/897/897 890/890/890 891/891/891
f 897/897/897 896/896/896 890/890/890
f 898/898/898 891/891/891 892/892/892
f 897/897/897 891/891/891 898/898/898
f 899/899/899 892/892/892 893/893/893
f 898/898/898 892/892/892 899/899/899
f 899/899/899 893/893/893 900/900/900
f 896/896/896 901/901/901 894/894/894
f 901/901/901 895/895/895 894/894/894
f 895/895/895 902/902/902 853/853/853
f 902/902/902 819/819/819 853/853/853
f 902/902/902 813/813/813 819/819/819
f 814/814/814 813/813/813 902/902/902
f 903/903/903 902/902/902 895/895/895
f 903/903/903 814/814/814 902/902/902
f 901/901/901 903/903/903 895/895/895
f 904/904/904 899/899/899 900/900/900
f 904/904/904 900/900/900 905/905/905
f 906/906/906 901/901/901 896/896/896
f 897/897/897 906/906/906 896/896/896
f 907/907/907 814/814/814 903/903/903
f 907/907/907 803/803/803 814/814/814
f 798/798/798 803/803/803 907/907/907
f 908/908/908 903/903/903 901/901/901
f 908/908/908 907/907/907 903/903/903
f 906/906/906 908/908/908 901/901/901
f 909/909/909 798/798/798 907/907/907
f 909/909/909 907/907/907 908/908/908
f 798/798/798 909/909/909 793/793/793
f 910/910/910 899/899/899 904/904/904
f 910/910/910 898/898/898 899/899/899
f 911/911/911 897/897/897 898/898/898
f 911/911/911 906/906/906 897/897/897
f 911/911/911 898/898/898 910/910/910
f 912/912/912 908/908/908 906/906/906
f 912/912/912 909/909/909 908/908/908
f 911/911/911 912/912/912 906/906/906
f 909/909/909 913/913/913 793/793/793
f 909/909/909 912/912/912 913/913/913
f 793/793/793 913/913/913 788/788/788
f 910/910/910 904/904/904 914/914/914
f 905/905/905 914/914/914 904/904/904
f 905/905/905 915/915/915 914/914/914
f 911/911/911 910/910/910 916/916/916
f 910/910/910 914/914/914 916/916/916
f 912/912/912 911/911/911 917/917/917
f 912/912/912 917/917/917 913/913/913
f 911/911/911 916/916/916 917/917/917
f 913/913/913 918/918/918 788/788/788
f 913/913/913 917/917/917 918/918/918
f 788/788/788 918/918/918 789/789/789
f 915/915/915 919/919/919 914/914/914
f 916/916/916 914/914/914 919/919/919
f 915/915/915 920/920/920 919/919/919
f 921/921/921 919/919/919 920/920/920
f 917/917/917 922/922/922 918/918/918
f 789/789/789 918/918/918 922/922/922
f 917/917/917 916/916/916 922/922/922
f 789/789/789 922/922/922 921/921/921
f 921/921/921 922/922/922 919/919/919
f 916/916/916 919/919/919 922/922/922
f 923/923/923 925/925/925 924/924/924
f 926/926/926 924/924/924 925/925/925
f 923/923/923 924/924/924 927/927/927
f 928/928/928 923/923/923 927/927/927
f 928/928/928 927/927/927 929/929/929
f 926/926/926 930/930/930 924/924/924
f 931/931/931 930/930/930 926/926/926
f 931/931/931 932/932/932 930/930/930
f 927/927/927 924/924/924 933/933/933
f 930/930/930 933/933/933 924/924/924
f 929/929/929 927/927/927 934/934/934
f 927/927/927 933/933/933 934/934/934
f 930/930/930 935/935/935 933/933/933
f 932/932/932 935/935/935 930/930/930
f 929/929/929 934/934/934 936/936/936
f 937/937/937 929/929/929 936/936/936
f 938/938/938 934/934/934 933/933/933
f 938/938/938 933/933/933 935/935/935
f 937/937/937 936/936/936 939/939/939
f 940/940/940 937/937/937 939/939/939
f 941/941/941 936/936/936 934/934/934
f 941/941/941 934/934/934 938/938/938
f 939/939/939 936/936/936 941/941/941
f 940/940/940 939/939/939 942/942/942
f 943/943/943 940/940/940 942/942/942
f 939/939/939 941/941/941 944/944/944
f 942/942/942 939/939/939 944/944/944
f 945/945/945 941/941/941 938/938/938
f 944/944/944 941/941/941 945/945/945
f 946/946/946 938/938/938 935/935/935
f 945/945/945 938/938/938 946/946/946
f 944/944/944 945/945/945 947/947/947
f 948/948/948 945/945/945 946/946/946
f 949/949/949 944/944/944 947/947/947
f 942/942/942 944/944/944 949/949/949
f 949/949/949 947/947/947 950/950/950
f 943/943/943 942/942/942 951/951/951
f 951/951/951 942/942/942 949/949/949
f 952/952/952 943/943/943 951/951/951
f 953/953/953 949/949/949 950/950/950
f 951/951/951 949/949/949 953/953/953
f 953/953/953 950/950/950 954/954/954
f 946/946/946 935/935/935 955/955/955
f 932/932/932 955/955/955 935/935/935
f 948/948/948 946/946/946 956/956/956
f 956/956/956 946/946/946 955/955/955
f 957/957/957 948/948/948 956/956/956
f 958/958/958 955/955/955 932/932/932
f 956/956/956 955/955/955 958/958/958
f 958/958/958 932/932/932 959/959/959
f 957/957/957 956/956/956 960/960/960
f 960/960/960 956/956/956 958/958/958
f 961/961/961 957/957/957 960/960/960
f 962/962/962 958/958/958 959/959/959
f 960/960/960 958/958/958 962/962/962
f 962/962/962 959/959/959 963/963/963
f 961/961/961 960/960/960 964/964/964
f 964/964/964 960/960/960 962/962/962
f 965/965/965 961/961/961 964/964/964
f 966/966/966 962/962/962 963/963/963
f 964/964/964 962/962/962 966/966/966
f 966/966/966 963/963/963 967/967/967
f 968/968/968 964/964/964 966/966/966
f 965/965/965 964/964/964 968/968/968
f 969/969/969 966/966/966 967/967/967
f 968/968/968 966/966/966 969/969/969
f 969/969/969 967/967/967 970/970/970
f 968/968/968 969/969/969 971/971/971
f 970/970/970 971/971/971 969/969/969
f 965/965/965 968/968/968 972/972/972
f 968/968/968 971/971/971 972/972/972
f 970/970/970 973/973/973 971/971/971
f 974/974/974 973/973/973 970/970/970
f 974/974/974 975/975/975 973/973/973
f 973/973/973 976/976/976 971/971/971
f 972/972/972 971/971/971 976/976/976
f 975/975/975 977/977/977 973/973/973
f 973/973/973 977/977/977 976/976/976
f 975/975/975 978/978/978 977/977/977
f 979/979/979 977/977/977 978/978/978
f 979/979/979 980/980/980 977/977/977
f 980/980/980 976/976/976 977/977/977
f 981/981/981 980/980/980 979/979/979
f 981/981/981 982/982/982 980/980/980
f 980/980/980 983/983/983 976/976/976
f 972/972/972 976/976/976 983/983/983
f 982/982/982 983/983/983 980/980/980
f 965/965/965 972/972/972 984/984/984
f 984/984/984 972/972/972 983/983/983
f 985/985/985 965/965/965 984/984/984
f 982/982/982 986/986/986 983/983/983
f 984/984/984 983/983/983 986/986/986
f 985/985/985 984/984/984 987/987/987
f 987/987/987 984/984/984 986/986/986
f 988/988/988 985/985/985 987/987/987
f 989/989/989 986/986/986 982/982/982
f 987/987/987 986/986/986 989/989/989
f 989/989/989 982/982/982 990/990/990
f 988/988/988 987/987/987 991/991/991
f 991/991/991 987/987/987 989/989/989
f 992/992/992 988/988/988 991/991/991
f 993/993/993 989/989/989 990/990/990
f 991/991/991 989/989/989 993/993/993
f 993/993/993 990/990/990 994/994/994
f 992/992/992 991/991/991 995/995/995
f 995/995/995 991/991/991 993/993/993
f 996/996/996 992/992/992 995/995/995
f 997/997/997 993/993/993 994/994/994
f 995/995/995 993/993/993 997/997/997
f 997/997/997 994/994/994 998/998/998
f 999/999/999 995/995/995 997/997/997
f 996/996/996 995/995/995 999/999/999
f 1000/1000/1000 997/997/997 998/998/998
f 999/999/999 997/997/997 1000/1000/1000
f 1000/1000/1000 998/998/998 1001/1001/1001
f 999/999/999 1000/1000/1000 1002/1002/1002
f 1001/1001/1001 1002/1002/1002 1000/1000/1000
f 996/996/996 999/999/999 1003/1003/1003
f 999/999/999 1002/1002/1002 1003/1003/1003
f 1001/1001/1001 1004/1004/1004 1002/1002/1002
f 1005/1005/1005 1004/1004/1004 1001/1001/1001
f 1005/1005/1005 1006/1006/1006 1004/1004/1004
f 1004/1004/1004 1007/1007/1007 1002/1002/1002
f 1003/1003/1003 1002/1002/1002 1007/1007/1007
f 1006/1006/1006 1008/1008/1008 1004/1004/1004
f 1004/1004/1004 1008/1008/1008 1007/1007/1007
f 1006/1006/1006 1009/1009/1009 1008/1008/1008
f 1010/1010/1010 1008/1008/1008 1009/1009/1009
f 1010/1010/1010 1011/1011/1011 1008/1008/1008
f 1011/1011/1011 1007/1007/1007 1008/1008/1008
f 1012/1012/1012 1011/1011/1011 1010/1010/1010
f 1012/1012/1012 1013/1013/1013 1011/1011/1011
f 1011/1011/1011 1014/1014/1014 1007/1007/1007
f 1003/1003/1003 1007/1007/1007 1014/1014/1014
f 1013/1013/1013 1014/1014/1014 1011/1011/1011
f 996/996/996 1003/1003/1003 1015/1015/1015
f 1015/1015/1015 1003/1003/1003 1014/1014/1014
f 1015/1015/1015 1016/1016/1016 996/996/996
f 1013/1013/1013 1017/1017/1017 1014/1014/1014
f 1015/1015/1015 1014/1014/1014 1017/1017/1017
f 1015/1015/1015 1018/1018/1018 1016/1016/1016
f 1017/1017/1017 1018/1018/1018 1015/1015/1015
f 1018/1018/1018 1019/1019/1019 1016/1016/1016
f 1013/1013/1013 1020/1020/1020 1017/1017/1017
f 1017/1017/1017 1020/1020/1020 1018/1018/1018
f 1013/1013/1013 1021/1021/1021 1020/1020/1020
f 1018/1018/1018 1022/1022/1022 1019/1019/1019
f 1020/1020/1020 1022/1022/1022 1018/1018/1018
f 1022/1022/1022 1023/1023/1023 1019/1019/1019
f 1021/1021/1021 1024/1024/1024 1020/1020/1020
f 1020/1020/1020 1024/1024/1024 1022/1022/1022
f 1021/1021/1021 1025/1025/1025 1024/1024/1024
f 1022/1022/1022 1026/1026/1026 1023/1023/1023
f 1024/1024/1024 1026/1026/1026 1022/1022/1022
f 1026/1026/1026 1027/1027/1027 1023/1023/1023
f 1025/1025/1025 1028/1028/1028 1024/1024/1024
f 1024/1024/1024 1028/1028/1028 1026/1026/1026
f 1025/1025/1025 1029/1029/1029 1028/1028/1028
f 1028/1028/1028 1030/1030/1030 1026/1026/1026
f 1026/1026/1026 1030/1030/1030 1027/1027/1027
f 1029/1029/1029 1031/1031/1031 1028/1028/1028
f 1028/1028/1028 1031/1031/1031 1030/1030/1030
f 1029/1029/1029 1032/1032/1032 1031/1031/1031
f 1030/1030/1030 1031/1031/1031 1033/1033/1033
f 1032/1032/1032 1033/1033/1033 1031/1031/1031
f 1027/1027/1027 1030/1030/1030 1034/1034/1034
f 1030/1030/1030 1033/1033/1033 1034/1034/1034
f 1032/1032/1032 1035/1035/1035 1033/1033/1033
f 1036/1036/1036 1035/1035/1035 1032/1032/1032
f 1036/1036/1036 1037/1037/1037 1035/1035/1035
f 1035/1035/1035 1038/1038/1038 1033/1033/1033
f 1034/1034/1034 1033/1033/1033 1038/1038/1038
f 1037/1037/1037 1039/1039/1039 1035/1035/1035
f 1035/1035/1035 1039/1039/1039 1038/1038/1038
f 1037/1037/1037 1040/1040/1040 1039/1039/1039
f 1041/1041/1041 1039/1039/1039 1040/1040/1040
f 1041/1041/1041 1042/1042/1042 1039/1039/1039
f 1042/1042/1042 1038/1038/1038 1039/1039/1039
f 1043/1043/1043 1042/1042/1042 1041/1041/1041
f 1043/1043/1043 952/952/952 1042/1042/1042
f 1042/1042/1042 1044/1044/1044 1038/1038/1038
f 1034/1034/1034 1038/1038/1038 1044/1044/1044
f 952/952/952 1044/1044/1044 1042/1042/1042
f 1027/1027/1027 1034/1034/1034 1045/1045/1045
f 1045/1045/1045 1034/1034/1034 1044/1044/1044
f 1045/1045/1045 954/954/954 1027/1027/1027
f 1045/1045/1045 953/953/953 954/954/954
f 952/952/952 1046/1046/1046 1044/1044/1044
f 1045/1045/1045 1044/1044/1044 1046/1046/1046
f 1046/1046/1046 953/953/953 1045/1045/1045
f 952/952/952 951/951/951 1046/1046/1046
f 1046/1046/1046 951/951/951 953/953/953
