# Wyeksportowano z NFSEngine Exporter
o Mesh_Stol.003_75570.obj
v 0.01152697 -0.08041011 -0.007561684
v 0.01161541 -0.07712992 -0.007561684
v 0.01161541 0.07712993 -0.007561684
v 0.01152697 0.08041012 -0.007561684
v 0.01127514 -0.08319092 -0.007561684
v 0.01127514 0.08319093 -0.007561684
v 0.01089824 -0.085049 -0.007561684
v 0.01089824 0.085049 -0.007561684
v 0.01045366 -0.08570147 -0.007561684
v 0.01045366 0.08570147 -0.007561684
v -0.0104539 -0.08570147 -0.007561684
v -0.0104539 0.08570147 -0.007561684
v -0.01089848 -0.085049 -0.007561684
v -0.01089848 0.085049 -0.007561684
v -0.01127538 -0.08319092 -0.007561684
v -0.01127538 0.08319093 -0.007561684
v -0.01152721 -0.08041011 -0.007561684
v -0.01152721 0.08041012 -0.007561684
v -0.01161564 -0.07712992 -0.007561684
v -0.01161564 0.07712993 -0.007561684
v -0.0104371 -0.08444256 0.006526852
v -0.01044512 -0.08504377 0.005965902
v -0.0108637 -0.08442947 0.005965902
v -0.01083191 -0.08386312 0.006526852
v -0.01042644 -0.08364406 0.00698603
v -0.01121111 -0.08271676 0.005965902
v -0.01078968 -0.08311097 0.00698603
v -0.01115236 -0.08228329 0.006526852
v -0.01144324 -0.0801535 0.005965902
v -0.01107434 -0.08170762 0.00698603
v -0.01136648 -0.07991891 0.006526852
v -0.0115265 -0.07706515 0.005965902
v -0.01126454 -0.07960735 0.00698603
v -0.01144502 -0.07700592 0.006526852
v -0.0115265 0.07706515 0.005965902
v -0.01144502 0.07700594 0.006526852
v -0.01144324 0.0801535 0.005965902
v -0.0113368 -0.07692727 0.00698603
v -0.01136648 0.07991891 0.006526852
v -0.01121111 0.08271676 0.005965902
v -0.0113368 0.07692728 0.00698603
v -0.01115236 0.0822833 0.006526852
v -0.0108637 0.08442947 0.005965902
v -0.01126454 0.07960735 0.00698603
v -0.01083191 0.08386312 0.006526852
v -0.01044512 0.08504378 0.005965902
v -0.0104371 0.08444256 0.006526852
v -0.01107434 0.08170763 0.00698603
v -0.01078968 0.08311098 0.00698603
v -0.01042644 0.08364408 0.00698603
v -0.01108167 -0.07674187 0.007268706
v -0.01102422 -0.0788729 0.007268706
v -0.01108167 0.07674188 0.007268706
v -0.01102422 0.0788729 0.007268706
v -0.0108904 -0.08035051 0.007268706
v -0.01107434 0.08170763 0.00698603
v -0.01107434 -0.08170762 0.00698603
v -0.0108904 0.08035052 0.007268706
v -0.01078968 0.08311098 0.00698603
v -0.01069014 -0.08133782 0.007268706
v -0.01069014 0.08133782 0.007268706
v -0.01078968 -0.08311097 0.00698603
v -0.01042644 0.08364408 0.00698603
v -0.01040131 -0.0817617 0.007268706
v -0.01042644 -0.08364406 0.00698603
v -0.0108904 0.08035052 0.007268706
v -0.0108904 -0.08035051 0.007268706
v -0.01102422 0.0788729 0.007268706
v -0.01102422 -0.0788729 0.007268706
v -0.01108167 0.07674188 0.007268706
v -0.01108167 -0.07674187 0.007268706
v -0.01040131 0.08176172 0.007268706
v 0.01040107 -0.0817617 0.007268706
v 0.0104262 -0.08364406 0.00698603
v -0.0104371 -0.08444256 0.006526852
v 0.01043686 -0.08444256 0.006526852
v -0.01044512 -0.08504377 0.005965902
v 0.01044488 -0.08504377 0.005965902
v 0.0106899 -0.08133782 0.007268706
v 0.01078944 -0.08311097 0.00698603
v 0.01040107 0.08176172 0.007268706
v 0.01089017 -0.08035051 0.007268706
v 0.0110741 -0.08170762 0.00698603
v 0.01102398 -0.0788729 0.007268706
v 0.0112643 -0.07960735 0.00698603
v 0.01108143 -0.07674187 0.007268706
v 0.0104262 0.08364408 0.00698603
v 0.01043686 0.08444256 0.006526852
v -0.0104371 0.08444256 0.006526852
v 0.01044488 0.08504378 0.005965902
v -0.01044512 0.08504378 0.005965902
v 0.01078944 0.08311098 0.00698603
v 0.0106899 0.08133782 0.007268706
v 0.01089017 -0.08035051 0.007268706
v 0.0110741 0.08170763 0.00698603
v 0.01089017 0.08035052 0.007268706
v 0.01089017 0.08035052 0.007268706
v 0.01102398 -0.0788729 0.007268706
v 0.01102398 0.0788729 0.007268706
v 0.01108143 -0.07674187 0.007268706
v 0.01108143 0.07674188 0.007268706
v 0.0112643 0.07960735 0.00698603
v 0.01102398 0.0788729 0.007268706
v 0.01133656 0.07692728 0.00698603
v 0.01108143 0.07674188 0.007268706
v 0.01133656 -0.07692727 0.00698603
v 0.01144478 0.07700594 0.006526852
v 0.01144478 -0.07700592 0.006526852
v 0.01136624 -0.07991891 0.006526852
v 0.01136624 0.07991891 0.006526852
v 0.0110741 0.08170763 0.00698603
v 0.01115212 -0.08228329 0.006526852
v 0.0110741 -0.08170762 0.00698603
v 0.01115212 0.0822833 0.006526852
v 0.01078944 0.08311098 0.00698603
v 0.01083167 -0.08386312 0.006526852
v 0.01078944 -0.08311097 0.00698603
v 0.01043686 -0.08444256 0.006526852
v 0.0104262 -0.08364406 0.00698603
v 0.01044488 -0.08504377 0.005965902
v 0.01086346 -0.08442947 0.005965902
v 0.01121087 -0.08271676 0.005965902
v 0.011443 -0.0801535 0.005965902
v 0.01152627 -0.07706515 0.005965902
v 0.01152627 0.07706515 0.005965902
v 0.011443 0.0801535 0.005965902
v 0.01121087 0.08271676 0.005965902
v 0.01083167 0.08386312 0.006526852
v 0.0104262 0.08364408 0.00698603
v 0.01086346 0.08442947 0.005965902
v 0.01043686 0.08444256 0.006526852
v 0.01044488 0.08504378 0.005965902
v -0.01144324 -0.0801535 0.005965902
v -0.01159994 -0.07711851 0.004173975
v -0.0115265 -0.07706515 0.005965902
v -0.01151242 -0.08036491 0.004173975
v -0.01121111 -0.08271676 0.005965902
v -0.01161564 -0.07712992 0.002041001
v -0.01126406 -0.0831074 0.004173975
v -0.0108637 -0.08442947 0.005965902
v -0.01152721 -0.08041011 0.002041001
v -0.01089235 -0.08493986 0.004173975
v -0.01044512 -0.08504377 0.005965902
v -0.01045236 -0.08558562 0.004173975
v -0.01152721 -0.08041011 -0.007561684
v -0.01161564 -0.07712992 -0.007561684
v -0.01127538 -0.08319092 -0.007561684
v -0.01127538 -0.08319092 0.002041001
v -0.01089848 -0.085049 -0.007561684
v -0.01089848 -0.085049 0.002041001
v -0.0104539 -0.08570147 0.002041001
v -0.0104539 -0.08570147 -0.007561684
v -0.0108637 0.08442947 0.005965902
v -0.01045236 0.08558563 0.004173975
v -0.01044512 0.08504378 0.005965902
v -0.01089235 0.08493988 0.004173975
v -0.01121111 0.08271676 0.005965902
v -0.01126406 0.08310741 0.004173975
v -0.0104539 0.08570147 0.002041001
v -0.01089848 0.085049 0.002041001
v -0.01127538 0.08319093 0.002041001
v -0.01127538 0.08319093 -0.007561684
v -0.01089848 0.085049 -0.007561684
v -0.0104539 0.08570147 -0.007561684
v -0.01144324 0.0801535 0.005965902
v -0.01126406 0.08310741 0.004173975
v -0.01121111 0.08271676 0.005965902
v -0.01151242 0.08036491 0.004173975
v -0.0115265 0.07706515 0.005965902
v -0.01127538 0.08319093 0.002041001
v -0.01159994 0.07711852 0.004173975
v -0.0115265 -0.07706515 0.005965902
v -0.01159994 -0.07711851 0.004173975
v -0.01152721 0.08041012 0.002041001
v -0.01161564 0.07712993 0.002041001
v -0.01161564 -0.07712992 0.002041001
v -0.01161564 -0.07712992 -0.007561684
v -0.01161564 0.07712993 -0.007561684
v -0.01152721 0.08041012 -0.007561684
v -0.01127538 0.08319093 -0.007561684
v 0.01121087 0.08271676 0.005965902
v 0.01151218 0.08036491 0.004173975
v 0.011443 0.0801535 0.005965902
v 0.01126382 0.08310741 0.004173975
v 0.01086346 0.08442947 0.005965902
v 0.01152697 0.08041012 0.002041001
v 0.01089212 0.08493988 0.004173975
v 0.01044488 0.08504378 0.005965902
v 0.01045212 0.08558563 0.004173975
v 0.01127514 0.08319093 0.002041001
v 0.01089824 0.085049 0.002041001
v 0.01045366 0.08570147 0.002041001
v 0.01045366 0.08570147 -0.007561684
v 0.01089824 0.085049 -0.007561684
v 0.01127514 0.08319093 -0.007561684
v 0.01152697 0.08041012 -0.007561684
v 0.01086346 -0.08442947 0.005965902
v 0.01045212 -0.08558562 0.004173975
v 0.01044488 -0.08504377 0.005965902
v 0.01089212 -0.08493986 0.004173975
v 0.01045366 -0.08570147 0.002041001
v 0.01089824 -0.085049 0.002041001
v 0.01089824 -0.085049 -0.007561684
v 0.01045366 -0.08570147 -0.007561684
v 0.01121087 -0.08271676 0.005965902
v 0.01089212 -0.08493986 0.004173975
v 0.01086346 -0.08442947 0.005965902
v 0.01126382 -0.0831074 0.004173975
v 0.011443 -0.0801535 0.005965902
v 0.01089824 -0.085049 0.002041001
v 0.01151218 -0.08036491 0.004173975
v 0.01152627 -0.07706515 0.005965902
v 0.01127514 -0.08319092 0.002041001
v 0.0115997 -0.07711851 0.004173975
v 0.01152627 0.07706515 0.005965902
v 0.01127514 -0.08319092 -0.007561684
v 0.01089824 -0.085049 -0.007561684
v 0.01152697 -0.08041011 -0.007561684
v 0.01152697 -0.08041011 0.002041001
v 0.01161541 -0.07712992 -0.007561684
v 0.01161541 -0.07712992 0.002041001
v 0.01161541 0.07712993 -0.007561684
v 0.0115997 0.07711852 0.004173975
v 0.011443 0.0801535 0.005965902
v 0.01151218 0.08036491 0.004173975
v 0.01161541 0.07712993 0.002041001
v 0.01152697 0.08041012 -0.007561684
v 0.01152697 0.08041012 0.002041001
v 0.01044488 -0.08504377 0.005965902
v -0.01045236 -0.08558562 0.004173975
v -0.01044512 -0.08504377 0.005965902
v 0.01045212 -0.08558562 0.004173975
v -0.0104539 -0.08570147 0.002041001
v 0.01045366 -0.08570147 0.002041001
v 0.01045366 -0.08570147 -0.007561684
v -0.0104539 -0.08570147 -0.007561684
v 0.01045212 0.08558563 0.004173975
v 0.01044488 0.08504378 0.005965902
v -0.01044512 0.08504378 0.005965902
v -0.01045236 0.08558563 0.004173975
v 0.01045366 0.08570147 0.002041001
v -0.0104539 0.08570147 0.002041001
v -0.0104539 0.08570147 -0.007561684
v 0.01045366 0.08570147 -0.007561684
v 0.2537331 -0.08041012 0.1735712
v 0.255019 -0.07712993 0.1735712
v 0.255019 0.07712993 0.1735712
v 0.2537331 0.08041012 0.1735712
v 0.2500712 -0.08319093 0.1735712
v 0.2500712 0.08319093 0.1735712
v 0.2445908 -0.085049 0.1735712
v 0.2445908 0.08504902 0.1735712
v 0.2381261 -0.08570147 0.1735712
v 0.2381261 0.08570148 0.1735712
v -0.06589 -0.08570147 0.1735712
v -0.06589 0.08570148 0.1735712
v -0.07235461 -0.085049 0.1735712
v -0.07235461 0.08504902 0.1735712
v -0.07783505 -0.08319093 0.1735712
v -0.07783505 0.08319093 0.1735712
v -0.08149694 -0.08041012 0.1735712
v -0.08149694 0.08041012 0.1735712
v -0.08278285 -0.07712993 0.1735712
v -0.08278285 0.07712993 0.1735712
v -0.08027596 -0.0801535 0.1870988
v -0.08255453 -0.07711852 0.1853069
v -0.08148666 -0.07706515 0.1870988
v -0.08128188 -0.08036491 0.1853069
v -0.07690055 -0.08271676 0.1870988
v -0.08278285 -0.07712993 0.1831739
v -0.08149694 -0.08041012 0.1831739
v -0.08149694 -0.08041012 0.1735712
v -0.08278285 -0.07712993 0.1735712
v -0.07767043 -0.08310741 0.1853069
v -0.07184885 -0.08442947 0.1870988
v -0.08149694 -0.08041012 0.1831739
v -0.07226551 -0.08493988 0.1853069
v -0.06576234 -0.08504378 0.1870988
v -0.07783505 -0.08319093 0.1831739
v -0.0658675 -0.08558563 0.1853069
v 0.2379985 -0.08504378 0.1870988
v -0.07783505 -0.08319093 0.1735712
v -0.08149694 -0.08041012 0.1735712
v -0.07235461 -0.085049 0.1735712
v -0.07235461 -0.085049 0.1831739
v -0.06589 -0.08570147 0.1735712
v -0.06589 -0.08570147 0.1831739
v 0.2381261 -0.08570147 0.1735712
v 0.2381036 -0.08558563 0.1853069
v 0.244085 -0.08442947 0.1870988
v 0.2445016 -0.08493988 0.1853069
v 0.2381261 -0.08570147 0.1831739
v 0.2445908 -0.085049 0.1735712
v 0.2445908 -0.085049 0.1831739
v -0.08027596 0.0801535 0.1870988
v -0.07767043 0.08310741 0.1853069
v -0.07690055 0.08271677 0.1870988
v -0.08128188 0.08036492 0.1853069
v -0.08148666 0.07706516 0.1870988
v -0.07783505 0.08319093 0.1831739
v -0.08149694 0.08041012 0.1831739
v -0.08149694 0.08041012 0.1735712
v -0.07783505 0.08319093 0.1735712
v -0.08255453 0.07711852 0.1853069
v -0.08148666 -0.07706515 0.1870988
v -0.08255453 -0.07711852 0.1853069
v -0.08149694 0.08041012 0.1831739
v -0.08278285 0.07712993 0.1831739
v -0.08278285 -0.07712993 0.1831739
v -0.08278285 -0.07712993 0.1735712
v -0.08278285 0.07712993 0.1735712
v -0.08149694 0.08041012 0.1735712
v 0.2491367 0.08271677 0.1870988
v 0.253518 0.08036492 0.1853069
v 0.2525121 0.0801535 0.1870988
v 0.2499066 0.08310741 0.1853069
v 0.244085 0.08442947 0.1870988
v 0.2537331 0.08041012 0.1831739
v 0.2445016 0.08493988 0.1853069
v 0.2379985 0.08504378 0.1870988
v 0.2500712 0.08319093 0.1831739
v 0.2381036 0.08558563 0.1853069
v -0.06576234 0.08504378 0.1870988
v 0.2500712 0.08319093 0.1735712
v 0.2537331 0.08041012 0.1735712
v 0.2445908 0.08504902 0.1735712
v 0.2445908 0.08504902 0.1831739
v 0.2381261 0.08570148 0.1735712
v 0.2381261 0.08570148 0.1831739
v -0.06589 0.08570148 0.1735712
v -0.0658675 0.08558563 0.1853069
v -0.07184885 0.08442947 0.1870988
v -0.06589 0.08570148 0.1831739
v -0.07235461 0.08504902 0.1735712
v -0.07226551 0.08493988 0.1853069
v -0.07690055 0.08271677 0.1870988
v -0.07767043 0.08310741 0.1853069
v -0.07235461 0.08504902 0.1831739
v -0.07783505 0.08319093 0.1735712
v -0.07783505 0.08319093 0.1831739
v 0.2491367 -0.08271676 0.1870988
v 0.2445016 -0.08493988 0.1853069
v 0.244085 -0.08442947 0.1870988
v 0.2499066 -0.08310741 0.1853069
v 0.2525121 -0.0801535 0.1870988
v 0.2445908 -0.085049 0.1831739
v 0.253518 -0.08036491 0.1853069
v 0.2537228 -0.07706515 0.1870988
v 0.2500712 -0.08319093 0.1831739
v 0.2547907 -0.07711852 0.1853069
v 0.2537228 0.07706516 0.1870988
v 0.2537331 -0.08041012 0.1831739
v 0.2537331 -0.08041012 0.1735712
v 0.2500712 -0.08319093 0.1735712
v 0.2445908 -0.085049 0.1735712
v 0.2537331 -0.08041012 0.1831739
v 0.2547907 0.07711852 0.1853069
v 0.2525121 0.0801535 0.1870988
v 0.253518 0.08036492 0.1853069
v 0.255019 -0.07712993 0.1831739
v 0.255019 0.07712993 0.1831739
v 0.2537331 0.08041012 0.1831739
v 0.2537331 0.08041012 0.1735712
v 0.255019 0.07712993 0.1735712
v 0.255019 -0.07712993 0.1735712
v 0.2537331 -0.08041012 0.1735712
v 0.01152697 -0.08041011 0.1636571
v 0.01161541 -0.07712992 0.1636571
v 0.01161541 0.07712993 0.1636571
v 0.01152697 0.08041012 0.1636571
v 0.01127514 -0.08319092 0.1636571
v 0.01127514 0.08319093 0.1636571
v 0.01089824 -0.085049 0.1636571
v 0.01089824 0.085049 0.1636571
v 0.01045366 -0.08570147 0.1636571
v 0.01045366 0.08570147 0.1636571
v -0.0104539 -0.08570147 0.1636571
v -0.0104539 0.08570147 0.1636571
v -0.01089848 -0.085049 0.1636571
v -0.01089848 0.085049 0.1636571
v -0.01127538 -0.08319092 0.1636571
v -0.01127538 0.08319093 0.1636571
v -0.01152721 -0.08041011 0.1636571
v -0.01152721 0.08041012 0.1636571
v -0.01161564 -0.07712992 0.1636571
v -0.01161564 0.07712993 0.1636571
v -0.0104371 -0.08444256 0.1749123
v -0.01044512 -0.08504377 0.1744642
v -0.0108637 -0.08442947 0.1744642
v -0.01083191 -0.08386312 0.1749123
v -0.01121111 -0.08271676 0.1744642
v -0.01042644 -0.08364406 0.1752791
v -0.01115236 -0.08228329 0.1749123
v -0.01144324 -0.0801535 0.1744642
v -0.01078968 -0.08311097 0.1752791
v -0.01136648 -0.07991891 0.1749123
v -0.0115265 -0.07706515 0.1744642
v -0.01107434 -0.08170762 0.1752791
v -0.01126454 -0.07960735 0.1752791
v -0.01144502 -0.07700592 0.1749123
v -0.0115265 0.07706515 0.1744642
v -0.0113368 -0.07692727 0.1752791
v -0.01144502 0.07700594 0.1749123
v -0.01144324 0.0801535 0.1744642
v -0.0113368 0.07692728 0.1752791
v -0.01136648 0.07991891 0.1749123
v -0.01121111 0.08271676 0.1744642
v -0.01126454 0.07960735 0.1752791
v -0.01115236 0.0822833 0.1749123
v -0.0108637 0.08442947 0.1744642
v -0.01107434 0.08170763 0.1752791
v -0.01083191 0.08386312 0.1749123
v -0.01044512 0.08504378 0.1744642
v -0.0104371 0.08444256 0.1749123
v -0.01078968 0.08311098 0.1752791
v -0.01042644 0.08364408 0.1752791
v -0.01069014 0.08133782 0.1755049
v -0.0108904 0.08035052 0.1755049
v -0.01107434 0.08170763 0.1752791
v -0.01102422 0.0788729 0.1755049
v -0.01126454 0.07960735 0.1752791
v -0.01108167 0.07674188 0.1755049
v -0.0113368 0.07692728 0.1752791
v -0.01108167 -0.07674187 0.1755049
v -0.0113368 -0.07692727 0.1752791
v -0.01102422 -0.0788729 0.1755049
v -0.01126454 -0.07960735 0.1752791
v -0.0108904 -0.08035051 0.1755049
v -0.01107434 -0.08170762 0.1752791
v -0.01069014 -0.08133782 0.1755049
v -0.01102422 0.0788729 0.1755049
v -0.01102422 -0.0788729 0.1755049
v -0.01108167 0.07674188 0.1755049
v -0.01108167 -0.07674187 0.1755049
v -0.01040131 -0.0817617 0.1755049
v -0.01040131 0.08176172 0.1755049
v 0.01040107 -0.0817617 0.1755049
v 0.0104262 -0.08364406 0.1752791
v -0.0104371 -0.08444256 0.1749123
v 0.01043686 -0.08444256 0.1749123
v -0.01044512 -0.08504377 0.1744642
v 0.01044488 -0.08504377 0.1744642
v 0.0104262 0.08364408 0.1752791
v 0.01040107 0.08176172 0.1755049
v 0.0106899 -0.08133782 0.1755049
v 0.01043686 0.08444256 0.1749123
v -0.0104371 0.08444256 0.1749123
v 0.01044488 0.08504378 0.1744642
v -0.01044512 0.08504378 0.1744642
v 0.01078944 -0.08311097 0.1752791
v 0.01043686 -0.08444256 0.1749123
v 0.01083167 -0.08386312 0.1749123
v 0.01044488 -0.08504377 0.1744642
v 0.01086346 -0.08442947 0.1744642
v 0.01115212 -0.08228329 0.1749123
v 0.01121087 -0.08271676 0.1744642
v 0.0110741 -0.08170762 0.1752791
v 0.0112643 -0.07960735 0.1752791
v 0.01136624 -0.07991891 0.1749123
v 0.011443 -0.0801535 0.1744642
v 0.01133656 -0.07692727 0.1752791
v 0.01144478 -0.07700592 0.1749123
v 0.01152627 -0.07706515 0.1744642
v 0.01133656 0.07692728 0.1752791
v 0.01144478 0.07700594 0.1749123
v 0.01152627 0.07706515 0.1744642
v 0.0112643 0.07960735 0.1752791
v 0.01136624 0.07991891 0.1749123
v 0.011443 0.0801535 0.1744642
v 0.0110741 0.08170763 0.1752791
v 0.01115212 0.0822833 0.1749123
v 0.01121087 0.08271676 0.1744642
v 0.01078944 0.08311098 0.1752791
v 0.01083167 0.08386312 0.1749123
v 0.01086346 0.08442947 0.1744642
v 0.01043686 0.08444256 0.1749123
v 0.01044488 0.08504378 0.1744642
v 0.0106899 0.08133782 0.1755049
v 0.0110741 0.08170763 0.1752791
v 0.01089017 -0.08035051 0.1755049
v 0.0110741 -0.08170762 0.1752791
v 0.01089017 0.08035052 0.1755049
v 0.0112643 0.07960735 0.1752791
v 0.01102398 -0.0788729 0.1755049
v 0.0112643 -0.07960735 0.1752791
v 0.01108143 -0.07674187 0.1755049
v 0.01133656 -0.07692727 0.1752791
v 0.01108143 0.07674188 0.1755049
v 0.01133656 0.07692728 0.1752791
v 0.01102398 0.0788729 0.1755049
v 0.01102398 -0.0788729 0.1755049
v 0.01102398 0.0788729 0.1755049
v 0.01108143 -0.07674187 0.1755049
v 0.01108143 0.07674188 0.1755049
v -0.01144324 -0.0801535 0.1744642
v -0.01159994 -0.07711851 0.1730326
v -0.0115265 -0.07706515 0.1744642
v -0.01151242 -0.08036491 0.1730326
v -0.01121111 -0.08271676 0.1744642
v -0.01161564 -0.07712992 0.1713286
v -0.01126406 -0.0831074 0.1730326
v -0.0108637 -0.08442947 0.1744642
v -0.01152721 -0.08041011 0.1713286
v -0.01089235 -0.08493986 0.1730326
v -0.01044512 -0.08504377 0.1744642
v -0.01045236 -0.08558562 0.1730326
v -0.01152721 -0.08041011 0.1636571
v -0.01161564 -0.07712992 0.1636571
v -0.01127538 -0.08319092 0.1636571
v -0.01127538 -0.08319092 0.1713286
v -0.01089848 -0.085049 0.1636571
v -0.01089848 -0.085049 0.1713286
v -0.0104539 -0.08570147 0.1713286
v -0.0104539 -0.08570147 0.1636571
v -0.0108637 0.08442947 0.1744642
v -0.01045236 0.08558562 0.1730326
v -0.01044512 0.08504378 0.1744642
v -0.01089235 0.08493988 0.1730326
v -0.01121111 0.08271676 0.1744642
v -0.01126406 0.08310741 0.1730326
v -0.0104539 0.08570147 0.1713286
v -0.01089848 0.085049 0.1713286
v -0.01127538 0.08319093 0.1713286
v -0.01127538 0.08319093 0.1636571
v -0.01089848 0.085049 0.1636571
v -0.0104539 0.08570147 0.1636571
v -0.01144324 0.0801535 0.1744642
v -0.01126406 0.08310741 0.1730326
v -0.01121111 0.08271676 0.1744642
v -0.01151242 0.08036491 0.1730326
v -0.0115265 0.07706515 0.1744642
v -0.01127538 0.08319093 0.1713286
v -0.01159994 0.07711852 0.1730326
v -0.0115265 -0.07706515 0.1744642
v -0.01159994 -0.07711851 0.1730326
v -0.01152721 0.08041012 0.1713286
v -0.01161564 0.07712993 0.1713286
v -0.01161564 -0.07712992 0.1713286
v -0.01161564 -0.07712992 0.1636571
v -0.01161564 0.07712993 0.1636571
v -0.01152721 0.08041012 0.1636571
v -0.01127538 0.08319093 0.1636571
v 0.01121087 0.08271676 0.1744642
v 0.01151218 0.08036491 0.1730326
v 0.011443 0.0801535 0.1744642
v 0.01126382 0.08310741 0.1730326
v 0.01086346 0.08442947 0.1744642
v 0.01152697 0.08041012 0.1713286
v 0.01089212 0.08493988 0.1730326
v 0.01044488 0.08504378 0.1744642
v 0.01045212 0.08558562 0.1730326
v 0.01127514 0.08319093 0.1713286
v 0.01089824 0.085049 0.1713286
v 0.01045366 0.08570147 0.1713286
v 0.01045366 0.08570147 0.1636571
v 0.01089824 0.085049 0.1636571
v 0.01127514 0.08319093 0.1636571
v 0.01152697 0.08041012 0.1636571
v 0.01086346 -0.08442947 0.1744642
v 0.01045212 -0.08558562 0.1730326
v 0.01044488 -0.08504377 0.1744642
v 0.01089212 -0.08493986 0.1730326
v 0.01045366 -0.08570147 0.1713286
v 0.01089824 -0.085049 0.1713286
v 0.01089824 -0.085049 0.1636571
v 0.01045366 -0.08570147 0.1636571
v 0.01121087 -0.08271676 0.1744642
v 0.01089212 -0.08493986 0.1730326
v 0.01086346 -0.08442947 0.1744642
v 0.01126382 -0.0831074 0.1730326
v 0.011443 -0.0801535 0.1744642
v 0.01089824 -0.085049 0.1713286
v 0.01151218 -0.08036491 0.1730326
v 0.01152627 -0.07706515 0.1744642
v 0.01127514 -0.08319092 0.1713286
v 0.0115997 -0.07711851 0.1730326
v 0.01152627 0.07706515 0.1744642
v 0.01127514 -0.08319092 0.1636571
v 0.01089824 -0.085049 0.1636571
v 0.01152697 -0.08041011 0.1636571
v 0.01152697 -0.08041011 0.1713286
v 0.01161541 -0.07712992 0.1636571
v 0.01161541 -0.07712992 0.1713286
v 0.01161541 0.07712993 0.1636571
v 0.0115997 0.07711852 0.1730326
v 0.011443 0.0801535 0.1744642
v 0.01151218 0.08036491 0.1730326
v 0.01161541 0.07712993 0.1713286
v 0.01152697 0.08041012 0.1636571
v 0.01152697 0.08041012 0.1713286
v 0.01044488 -0.08504377 0.1744642
v -0.01045236 -0.08558562 0.1730326
v -0.01044512 -0.08504377 0.1744642
v 0.01045212 -0.08558562 0.1730326
v -0.0104539 -0.08570147 0.1713286
v 0.01045366 -0.08570147 0.1713286
v 0.01045366 -0.08570147 0.1636571
v -0.0104539 -0.08570147 0.1636571
v 0.01045212 0.08558562 0.1730326
v 0.01044488 0.08504378 0.1744642
v -0.01044512 0.08504378 0.1744642
v -0.01045236 0.08558562 0.1730326
v 0.01045366 0.08570147 0.1713286
v -0.0104539 0.08570147 0.1713286
v -0.0104539 0.08570147 0.1636571
v 0.01045366 0.08570147 0.1636571
v 0.1855847 -0.08041011 0.1636571
v 0.1856732 -0.07712992 0.1636571
v 0.1856732 0.07712993 0.1636571
v 0.1855847 0.08041012 0.1636571
v 0.1853329 -0.08319092 0.1636571
v 0.1853329 0.08319093 0.1636571
v 0.184956 -0.085049 0.1636571
v 0.184956 0.085049 0.1636571
v 0.1845114 -0.08570147 0.1636571
v 0.1845114 0.08570147 0.1636571
v 0.1636039 -0.08570147 0.1636571
v 0.1636039 0.08570147 0.1636571
v 0.1631593 -0.085049 0.1636571
v 0.1631593 0.085049 0.1636571
v 0.1627824 -0.08319092 0.1636571
v 0.1627824 0.08319093 0.1636571
v 0.1625306 -0.08041011 0.1636571
v 0.1625306 0.08041012 0.1636571
v 0.1624421 -0.07712992 0.1636571
v 0.1624421 0.07712993 0.1636571
v 0.1636207 -0.08444256 0.1749123
v 0.1636126 -0.08504377 0.1744642
v 0.1631941 -0.08442947 0.1744642
v 0.1632259 -0.08386312 0.1749123
v 0.1628467 -0.08271676 0.1744642
v 0.1636313 -0.08364406 0.1752791
v 0.1629054 -0.08228329 0.1749123
v 0.1626145 -0.0801535 0.1744642
v 0.1632681 -0.08311097 0.1752791
v 0.1626913 -0.07991891 0.1749123
v 0.1625313 -0.07706515 0.1744642
v 0.1629834 -0.08170762 0.1752791
v 0.1627932 -0.07960735 0.1752791
v 0.1626128 -0.07700592 0.1749123
v 0.1625313 0.07706515 0.1744642
v 0.162721 -0.07692727 0.1752791
v 0.1626128 0.07700594 0.1749123
v 0.1626145 0.0801535 0.1744642
v 0.162721 0.07692728 0.1752791
v 0.1626913 0.07991891 0.1749123
v 0.1628467 0.08271676 0.1744642
v 0.1627932 0.07960735 0.1752791
v 0.1629054 0.0822833 0.1749123
v 0.1631941 0.08442947 0.1744642
v 0.1629834 0.08170763 0.1752791
v 0.1632259 0.08386312 0.1749123
v 0.1636126 0.08504378 0.1744642
v 0.1636207 0.08444256 0.1749123
v 0.1632681 0.08311098 0.1752791
v 0.1636313 0.08364408 0.1752791
v 0.1633676 0.08133782 0.1755049
v 0.1631674 0.08035052 0.1755049
v 0.1629834 0.08170763 0.1752791
v 0.1630335 0.0788729 0.1755049
v 0.1627932 0.07960735 0.1752791
v 0.1629761 0.07674188 0.1755049
v 0.162721 0.07692728 0.1752791
v 0.1629761 -0.07674187 0.1755049
v 0.162721 -0.07692727 0.1752791
v 0.1630335 -0.0788729 0.1755049
v 0.1627932 -0.07960735 0.1752791
v 0.1631674 -0.08035051 0.1755049
v 0.1629834 -0.08170762 0.1752791
v 0.1633676 -0.08133782 0.1755049
v 0.1630335 0.0788729 0.1755049
v 0.1630335 -0.0788729 0.1755049
v 0.1629761 0.07674188 0.1755049
v 0.1629761 -0.07674187 0.1755049
v 0.1636565 -0.0817617 0.1755049
v 0.1636565 0.08176172 0.1755049
v 0.1844588 -0.0817617 0.1755049
v 0.184484 -0.08364406 0.1752791
v 0.1636207 -0.08444256 0.1749123
v 0.1844946 -0.08444256 0.1749123
v 0.1636126 -0.08504377 0.1744642
v 0.1845027 -0.08504377 0.1744642
v 0.184484 0.08364408 0.1752791
v 0.1844588 0.08176172 0.1755049
v 0.1847477 -0.08133782 0.1755049
v 0.1844946 0.08444256 0.1749123
v 0.1636207 0.08444256 0.1749123
v 0.1845027 0.08504378 0.1744642
v 0.1636126 0.08504378 0.1744642
v 0.1848472 -0.08311097 0.1752791
v 0.1844946 -0.08444256 0.1749123
v 0.1848895 -0.08386312 0.1749123
v 0.1845027 -0.08504377 0.1744642
v 0.1849212 -0.08442947 0.1744642
v 0.1852099 -0.08228329 0.1749123
v 0.1852686 -0.08271676 0.1744642
v 0.1851319 -0.08170762 0.1752791
v 0.1853221 -0.07960735 0.1752791
v 0.185424 -0.07991891 0.1749123
v 0.1855008 -0.0801535 0.1744642
v 0.1853943 -0.07692727 0.1752791
v 0.1855025 -0.07700592 0.1749123
v 0.185584 -0.07706515 0.1744642
v 0.1853943 0.07692728 0.1752791
v 0.1855025 0.07700594 0.1749123
v 0.185584 0.07706515 0.1744642
v 0.1853221 0.07960735 0.1752791
v 0.185424 0.07991891 0.1749123
v 0.1855008 0.0801535 0.1744642
v 0.1851319 0.08170763 0.1752791
v 0.1852099 0.0822833 0.1749123
v 0.1852686 0.08271676 0.1744642
v 0.1848472 0.08311098 0.1752791
v 0.1848895 0.08386312 0.1749123
v 0.1849212 0.08442947 0.1744642
v 0.1844946 0.08444256 0.1749123
v 0.1845027 0.08504378 0.1744642
v 0.1847477 0.08133782 0.1755049
v 0.1851319 0.08170763 0.1752791
v 0.1849479 -0.08035051 0.1755049
v 0.1851319 -0.08170762 0.1752791
v 0.1849479 0.08035052 0.1755049
v 0.1853221 0.07960735 0.1752791
v 0.1850818 -0.0788729 0.1755049
v 0.1853221 -0.07960735 0.1752791
v 0.1851392 -0.07674187 0.1755049
v 0.1853943 -0.07692727 0.1752791
v 0.1851392 0.07674188 0.1755049
v 0.1853943 0.07692728 0.1752791
v 0.1850818 0.0788729 0.1755049
v 0.1850818 -0.0788729 0.1755049
v 0.1850818 0.0788729 0.1755049
v 0.1851392 -0.07674187 0.1755049
v 0.1851392 0.07674188 0.1755049
v 0.1626145 -0.0801535 0.1744642
v 0.1624578 -0.07711851 0.1730326
v 0.1625313 -0.07706515 0.1744642
v 0.1625454 -0.08036491 0.1730326
v 0.1628467 -0.08271676 0.1744642
v 0.1624421 -0.07712992 0.1713286
v 0.1627937 -0.0831074 0.1730326
v 0.1631941 -0.08442947 0.1744642
v 0.1625306 -0.08041011 0.1713286
v 0.1631654 -0.08493986 0.1730326
v 0.1636126 -0.08504377 0.1744642
v 0.1636054 -0.08558562 0.1730326
v 0.1625306 -0.08041011 0.1636571
v 0.1624421 -0.07712992 0.1636571
v 0.1627824 -0.08319092 0.1636571
v 0.1627824 -0.08319092 0.1713286
v 0.1631593 -0.085049 0.1636571
v 0.1631593 -0.085049 0.1713286
v 0.1636039 -0.08570147 0.1713286
v 0.1636039 -0.08570147 0.1636571
v 0.1631941 0.08442947 0.1744642
v 0.1636054 0.08558562 0.1730326
v 0.1636126 0.08504378 0.1744642
v 0.1631654 0.08493988 0.1730326
v 0.1628467 0.08271676 0.1744642
v 0.1627937 0.08310741 0.1730326
v 0.1636039 0.08570147 0.1713286
v 0.1631593 0.085049 0.1713286
v 0.1627824 0.08319093 0.1713286
v 0.1627824 0.08319093 0.1636571
v 0.1631593 0.085049 0.1636571
v 0.1636039 0.08570147 0.1636571
v 0.1626145 0.0801535 0.1744642
v 0.1627937 0.08310741 0.1730326
v 0.1628467 0.08271676 0.1744642
v 0.1625454 0.08036491 0.1730326
v 0.1625313 0.07706515 0.1744642
v 0.1627824 0.08319093 0.1713286
v 0.1624578 0.07711852 0.1730326
v 0.1625313 -0.07706515 0.1744642
v 0.1624578 -0.07711851 0.1730326
v 0.1625306 0.08041012 0.1713286
v 0.1624421 0.07712993 0.1713286
v 0.1624421 -0.07712992 0.1713286
v 0.1624421 -0.07712992 0.1636571
v 0.1624421 0.07712993 0.1636571
v 0.1625306 0.08041012 0.1636571
v 0.1627824 0.08319093 0.1636571
v 0.1852686 0.08271676 0.1744642
v 0.18557 0.08036491 0.1730326
v 0.1855008 0.0801535 0.1744642
v 0.1853216 0.08310741 0.1730326
v 0.1849212 0.08442947 0.1744642
v 0.1855847 0.08041012 0.1713286
v 0.1849499 0.08493988 0.1730326
v 0.1845027 0.08504378 0.1744642
v 0.1845099 0.08558562 0.1730326
v 0.1853329 0.08319093 0.1713286
v 0.184956 0.085049 0.1713286
v 0.1845114 0.08570147 0.1713286
v 0.1845114 0.08570147 0.1636571
v 0.184956 0.085049 0.1636571
v 0.1853329 0.08319093 0.1636571
v 0.1855847 0.08041012 0.1636571
v 0.1849212 -0.08442947 0.1744642
v 0.1845099 -0.08558562 0.1730326
v 0.1845027 -0.08504377 0.1744642
v 0.1849499 -0.08493986 0.1730326
v 0.1845114 -0.08570147 0.1713286
v 0.184956 -0.085049 0.1713286
v 0.184956 -0.085049 0.1636571
v 0.1845114 -0.08570147 0.1636571
v 0.1852686 -0.08271676 0.1744642
v 0.1849499 -0.08493986 0.1730326
v 0.1849212 -0.08442947 0.1744642
v 0.1853216 -0.0831074 0.1730326
v 0.1855008 -0.0801535 0.1744642
v 0.184956 -0.085049 0.1713286
v 0.18557 -0.08036491 0.1730326
v 0.185584 -0.07706515 0.1744642
v 0.1853329 -0.08319092 0.1713286
v 0.1856575 -0.07711851 0.1730326
v 0.185584 0.07706515 0.1744642
v 0.1853329 -0.08319092 0.1636571
v 0.184956 -0.085049 0.1636571
v 0.1855847 -0.08041011 0.1636571
v 0.1855847 -0.08041011 0.1713286
v 0.1856732 -0.07712992 0.1636571
v 0.1856732 -0.07712992 0.1713286
v 0.1856732 0.07712993 0.1636571
v 0.1856575 0.07711852 0.1730326
v 0.1855008 0.0801535 0.1744642
v 0.18557 0.08036491 0.1730326
v 0.1856732 0.07712993 0.1713286
v 0.1855847 0.08041012 0.1636571
v 0.1855847 0.08041012 0.1713286
v 0.1845027 -0.08504377 0.1744642
v 0.1636054 -0.08558562 0.1730326
v 0.1636126 -0.08504377 0.1744642
v 0.1845099 -0.08558562 0.1730326
v 0.1636039 -0.08570147 0.1713286
v 0.1845114 -0.08570147 0.1713286
v 0.1845114 -0.08570147 0.1636571
v 0.1636039 -0.08570147 0.1636571
v 0.1845099 0.08558562 0.1730326
v 0.1845027 0.08504378 0.1744642
v 0.1636126 0.08504378 0.1744642
v 0.1636054 0.08558562 0.1730326
v 0.1845114 0.08570147 0.1713286
v 0.1636039 0.08570147 0.1713286
v 0.1636039 0.08570147 0.1636571
v 0.1845114 0.08570147 0.1636571
v 0.1855847 -0.08041011 -0.007561684
v 0.1856732 -0.07712992 -0.007561684
v 0.1856732 0.07712993 -0.007561684
v 0.1855847 0.08041012 -0.007561684
v 0.1853329 -0.08319092 -0.007561684
v 0.1853329 0.08319093 -0.007561684
v 0.184956 -0.085049 -0.007561684
v 0.184956 0.085049 -0.007561684
v 0.1845114 -0.08570147 -0.007561684
v 0.1845114 0.08570147 -0.007561684
v 0.1636039 -0.08570147 -0.007561684
v 0.1636039 0.08570147 -0.007561684
v 0.1631593 -0.085049 -0.007561684
v 0.1631593 0.085049 -0.007561684
v 0.1627824 -0.08319092 -0.007561684
v 0.1627824 0.08319093 -0.007561684
v 0.1625306 -0.08041011 -0.007561684
v 0.1625306 0.08041012 -0.007561684
v 0.1624421 -0.07712992 -0.007561684
v 0.1624421 0.07712993 -0.007561684
v 0.1636207 -0.08444256 0.006526852
v 0.1636126 -0.08504377 0.005965902
v 0.1631941 -0.08442947 0.005965902
v 0.1632259 -0.08386312 0.006526852
v 0.1636313 -0.08364406 0.00698603
v 0.1628467 -0.08271676 0.005965902
v 0.1632681 -0.08311097 0.00698603
v 0.1629054 -0.08228329 0.006526852
v 0.1626145 -0.0801535 0.005965902
v 0.1629834 -0.08170762 0.00698603
v 0.1626913 -0.07991891 0.006526852
v 0.1625313 -0.07706515 0.005965902
v 0.1627932 -0.07960735 0.00698603
v 0.1626128 -0.07700592 0.006526852
v 0.1625313 0.07706515 0.005965902
v 0.1626128 0.07700594 0.006526852
v 0.1626145 0.0801535 0.005965902
v 0.162721 -0.07692727 0.00698603
v 0.1626913 0.07991891 0.006526852
v 0.1628467 0.08271676 0.005965902
v 0.162721 0.07692728 0.00698603
v 0.1629054 0.0822833 0.006526852
v 0.1631941 0.08442947 0.005965902
v 0.1627932 0.07960735 0.00698603
v 0.1632259 0.08386312 0.006526852
v 0.1636126 0.08504378 0.005965902
v 0.1636207 0.08444256 0.006526852
v 0.1629834 0.08170763 0.00698603
v 0.1632681 0.08311098 0.00698603
v 0.1636313 0.08364408 0.00698603
v 0.1629761 -0.07674187 0.007268706
v 0.1630335 -0.0788729 0.007268706
v 0.1629761 0.07674188 0.007268706
v 0.1630335 0.0788729 0.007268706
v 0.1631674 -0.08035051 0.007268706
v 0.1629834 0.08170763 0.00698603
v 0.1629834 -0.08170762 0.00698603
v 0.1631674 0.08035052 0.007268706
v 0.1632681 0.08311098 0.00698603
v 0.1633676 -0.08133782 0.007268706
v 0.1633676 0.08133782 0.007268706
v 0.1632681 -0.08311097 0.00698603
v 0.1636313 0.08364408 0.00698603
v 0.1636565 -0.0817617 0.007268706
v 0.1636313 -0.08364406 0.00698603
v 0.1631674 0.08035052 0.007268706
v 0.1631674 -0.08035051 0.007268706
v 0.1630335 0.0788729 0.007268706
v 0.1630335 -0.0788729 0.007268706
v 0.1629761 0.07674188 0.007268706
v 0.1629761 -0.07674187 0.007268706
v 0.1636565 0.08176172 0.007268706
v 0.1844588 -0.0817617 0.007268706
v 0.184484 -0.08364406 0.00698603
v 0.1636207 -0.08444256 0.006526852
v 0.1844946 -0.08444256 0.006526852
v 0.1636126 -0.08504377 0.005965902
v 0.1845027 -0.08504377 0.005965902
v 0.1847477 -0.08133782 0.007268706
v 0.1848472 -0.08311097 0.00698603
v 0.1844588 0.08176172 0.007268706
v 0.1849479 -0.08035051 0.007268706
v 0.1851319 -0.08170762 0.00698603
v 0.1850818 -0.0788729 0.007268706
v 0.1853221 -0.07960735 0.00698603
v 0.1851392 -0.07674187 0.007268706
v 0.184484 0.08364408 0.00698603
v 0.1844946 0.08444256 0.006526852
v 0.1636207 0.08444256 0.006526852
v 0.1845027 0.08504378 0.005965902
v 0.1636126 0.08504378 0.005965902
v 0.1848472 0.08311098 0.00698603
v 0.1847477 0.08133782 0.007268706
v 0.1849479 -0.08035051 0.007268706
v 0.1851319 0.08170763 0.00698603
v 0.1849479 0.08035052 0.007268706
v 0.1849479 0.08035052 0.007268706
v 0.1850818 -0.0788729 0.007268706
v 0.1850818 0.0788729 0.007268706
v 0.1851392 -0.07674187 0.007268706
v 0.1851392 0.07674188 0.007268706
v 0.1853221 0.07960735 0.00698603
v 0.1850818 0.0788729 0.007268706
v 0.1853943 0.07692728 0.00698603
v 0.1851392 0.07674188 0.007268706
v 0.1853943 -0.07692727 0.00698603
v 0.1855025 0.07700594 0.006526852
v 0.1855025 -0.07700592 0.006526852
v 0.185424 -0.07991891 0.006526852
v 0.185424 0.07991891 0.006526852
v 0.1851319 0.08170763 0.00698603
v 0.1852099 -0.08228329 0.006526852
v 0.1851319 -0.08170762 0.00698603
v 0.1852099 0.0822833 0.006526852
v 0.1848472 0.08311098 0.00698603
v 0.1848895 -0.08386312 0.006526852
v 0.1848472 -0.08311097 0.00698603
v 0.1844946 -0.08444256 0.006526852
v 0.184484 -0.08364406 0.00698603
v 0.1845027 -0.08504377 0.005965902
v 0.1849212 -0.08442947 0.005965902
v 0.1852686 -0.08271676 0.005965902
v 0.1855008 -0.0801535 0.005965902
v 0.185584 -0.07706515 0.005965902
v 0.185584 0.07706515 0.005965902
v 0.1855008 0.0801535 0.005965902
v 0.1852686 0.08271676 0.005965902
v 0.1848895 0.08386312 0.006526852
v 0.184484 0.08364408 0.00698603
v 0.1849212 0.08442947 0.005965902
v 0.1844946 0.08444256 0.006526852
v 0.1845027 0.08504378 0.005965902
v 0.1626145 -0.0801535 0.005965902
v 0.1624578 -0.07711851 0.004173975
v 0.1625313 -0.07706515 0.005965902
v 0.1625454 -0.08036491 0.004173975
v 0.1628467 -0.08271676 0.005965902
v 0.1624421 -0.07712992 0.002041001
v 0.1627937 -0.0831074 0.004173975
v 0.1631941 -0.08442947 0.005965902
v 0.1625306 -0.08041011 0.002041001
v 0.1631654 -0.08493986 0.004173975
v 0.1636126 -0.08504377 0.005965902
v 0.1636054 -0.08558562 0.004173975
v 0.1625306 -0.08041011 -0.007561684
v 0.1624421 -0.07712992 -0.007561684
v 0.1627824 -0.08319092 -0.007561684
v 0.1627824 -0.08319092 0.002041001
v 0.1631593 -0.085049 -0.007561684
v 0.1631593 -0.085049 0.002041001
v 0.1636039 -0.08570147 0.002041001
v 0.1636039 -0.08570147 -0.007561684
v 0.1631941 0.08442947 0.005965902
v 0.1636054 0.08558563 0.004173975
v 0.1636126 0.08504378 0.005965902
v 0.1631654 0.08493988 0.004173975
v 0.1628467 0.08271676 0.005965902
v 0.1627937 0.08310741 0.004173975
v 0.1636039 0.08570147 0.002041001
v 0.1631593 0.085049 0.002041001
v 0.1627824 0.08319093 0.002041001
v 0.1627824 0.08319093 -0.007561684
v 0.1631593 0.085049 -0.007561684
v 0.1636039 0.08570147 -0.007561684
v 0.1626145 0.0801535 0.005965902
v 0.1627937 0.08310741 0.004173975
v 0.1628467 0.08271676 0.005965902
v 0.1625454 0.08036491 0.004173975
v 0.1625313 0.07706515 0.005965902
v 0.1627824 0.08319093 0.002041001
v 0.1624578 0.07711852 0.004173975
v 0.1625313 -0.07706515 0.005965902
v 0.1624578 -0.07711851 0.004173975
v 0.1625306 0.08041012 0.002041001
v 0.1624421 0.07712993 0.002041001
v 0.1624421 -0.07712992 0.002041001
v 0.1624421 -0.07712992 -0.007561684
v 0.1624421 0.07712993 -0.007561684
v 0.1625306 0.08041012 -0.007561684
v 0.1627824 0.08319093 -0.007561684
v 0.1852686 0.08271676 0.005965902
v 0.18557 0.08036491 0.004173975
v 0.1855008 0.0801535 0.005965902
v 0.1853216 0.08310741 0.004173975
v 0.1849212 0.08442947 0.005965902
v 0.1855847 0.08041012 0.002041001
v 0.1849499 0.08493988 0.004173975
v 0.1845027 0.08504378 0.005965902
v 0.1845099 0.08558563 0.004173975
v 0.1853329 0.08319093 0.002041001
v 0.184956 0.085049 0.002041001
v 0.1845114 0.08570147 0.002041001
v 0.1845114 0.08570147 -0.007561684
v 0.184956 0.085049 -0.007561684
v 0.1853329 0.08319093 -0.007561684
v 0.1855847 0.08041012 -0.007561684
v 0.1849212 -0.08442947 0.005965902
v 0.1845099 -0.08558562 0.004173975
v 0.1845027 -0.08504377 0.005965902
v 0.1849499 -0.08493986 0.004173975
v 0.1845114 -0.08570147 0.002041001
v 0.184956 -0.085049 0.002041001
v 0.184956 -0.085049 -0.007561684
v 0.1845114 -0.08570147 -0.007561684
v 0.1852686 -0.08271676 0.005965902
v 0.1849499 -0.08493986 0.004173975
v 0.1849212 -0.08442947 0.005965902
v 0.1853216 -0.0831074 0.004173975
v 0.1855008 -0.0801535 0.005965902
v 0.184956 -0.085049 0.002041001
v 0.18557 -0.08036491 0.004173975
v 0.185584 -0.07706515 0.005965902
v 0.1853329 -0.08319092 0.002041001
v 0.1856575 -0.07711851 0.004173975
v 0.185584 0.07706515 0.005965902
v 0.1853329 -0.08319092 -0.007561684
v 0.184956 -0.085049 -0.007561684
v 0.1855847 -0.08041011 -0.007561684
v 0.1855847 -0.08041011 0.002041001
v 0.1856732 -0.07712992 -0.007561684
v 0.1856732 -0.07712992 0.002041001
v 0.1856732 0.07712993 -0.007561684
v 0.1856575 0.07711852 0.004173975
v 0.1855008 0.0801535 0.005965902
v 0.18557 0.08036491 0.004173975
v 0.1856732 0.07712993 0.002041001
v 0.1855847 0.08041012 -0.007561684
v 0.1855847 0.08041012 0.002041001
v 0.1845027 -0.08504377 0.005965902
v 0.1636054 -0.08558562 0.004173975
v 0.1636126 -0.08504377 0.005965902
v 0.1845099 -0.08558562 0.004173975
v 0.1636039 -0.08570147 0.002041001
v 0.1845114 -0.08570147 0.002041001
v 0.1845114 -0.08570147 -0.007561684
v 0.1636039 -0.08570147 -0.007561684
v 0.1845099 0.08558563 0.004173975
v 0.1845027 0.08504378 0.005965902
v 0.1636126 0.08504378 0.005965902
v 0.1636054 0.08558563 0.004173975
v 0.1845114 0.08570147 0.002041001
v 0.1636039 0.08570147 0.002041001
v 0.1636039 0.08570147 -0.007561684
v 0.1845114 0.08570147 -0.007561684
v 0.166496 -0.06636297 0.007370388
v 0.166496 -0.06662222 0.006586069
v 0.166496 -0.0567317 -0.0008240542
v 0.166496 -0.06520405 0.009288779
v 0.166496 -0.06332191 0.01204919
v 0.166496 -0.06100309 0.01523137
v 0.166496 0.05001343 0.1634085
v 0.166496 -0.05605182 -0.0003548825
v 0.166496 -0.05453632 0.001296349
v 0.166496 -0.05241591 0.003878251
v 0.166496 -0.05001342 0.006997751
v 0.166496 0.0610031 0.1551749
v 0.166496 0.05241591 0.166528
v 0.166496 0.05453633 0.1691099
v 0.166496 0.05605183 0.1707611
v 0.166496 0.0567317 0.1712303
v 0.166496 0.06662222 0.1638202
v 0.166496 0.06332193 0.1583571
v 0.166496 0.06520405 0.1611175
v 0.166496 0.06636297 0.1630358
v 0.1805845 -0.06570827 0.007789389
v 0.1800236 -0.06614473 0.007214725
v 0.1800236 -0.06590065 0.007953159
v 0.1805845 -0.06547803 0.008485912
v 0.1810437 -0.06512858 0.00855261
v 0.1800236 -0.06483241 0.009721464
v 0.1810437 -0.06491675 0.009193428
v 0.1805845 -0.06449267 0.01011701
v 0.1800236 -0.06309751 0.01226594
v 0.1805845 -0.06289237 0.01246406
v 0.1800236 -0.0609143 0.015262
v 0.1810437 -0.06404146 0.01064233
v 0.1805845 -0.06083314 0.01529001
v 0.1800236 0.05000898 0.1633147
v 0.1810437 -0.06261992 0.0127272
v 0.1805845 0.05000491 0.1632289
v 0.1800236 0.05227096 0.1662517
v 0.1810437 -0.06072534 0.01532721
v 0.1805845 0.05213845 0.1659992
v 0.1800236 0.05422548 0.1686316
v 0.1810437 0.0499995 0.163115
v 0.1805845 0.05394132 0.1681945
v 0.1800236 0.05562241 0.1701537
v 0.1810437 0.05196245 0.1656638
v 0.1805845 0.05522988 0.1695984
v 0.1800236 0.05626253 0.1705954
v 0.1805845 0.05583365 0.1700151
v 0.1810437 0.05356394 0.1676138
v 0.1810437 0.05470855 0.1688609
v 0.1810437 0.05526405 0.1692443
v 0.1813263 -0.06047123 0.01541487
v 0.1813263 -0.06197769 0.01334751
v 0.1813263 0.04998677 0.1628465
v 0.1813263 0.05154758 0.1648731
v 0.1813263 -0.06297778 0.01188073
v 0.1813263 0.05267428 0.1662451
v 0.1813263 0.05347955 0.1671225
v 0.1813264 -0.06359357 0.01086138
v 0.1810437 0.05526405 0.1692443
v 0.1813264 -0.063762 0.01035184
v 0.1813264 -0.05392124 0.002978989
v 0.1813263 -0.06297778 0.01188073
v 0.1810437 -0.06512858 0.00855261
v 0.1813263 -0.06197769 0.01334751
v 0.1813263 -0.06047123 0.01541487
v 0.1813263 0.04998677 0.1628465
v 0.1810437 -0.05526404 0.001161946
v 0.1805845 -0.06570827 0.007789389
v 0.1805845 -0.05583365 0.0003911711
v 0.1800236 -0.06614473 0.007214725
v 0.1800236 -0.05626253 -0.000189181
v 0.1813264 -0.05347954 0.003283805
v 0.1810437 -0.05470855 0.001545291
v 0.1813264 -0.05267427 0.004161197
v 0.1813264 -0.05154757 0.005533113
v 0.1813264 -0.04998676 0.007559746
v 0.1813263 0.06047123 0.1549914
v 0.1813263 0.05154758 0.1648731
v 0.1813263 0.05267428 0.1662451
v 0.1813264 -0.05267427 0.004161197
v 0.1813263 0.05392125 0.1674273
v 0.1813263 0.06376202 0.1600544
v 0.1813263 0.06197769 0.1570587
v 0.1813263 0.06297778 0.1585255
v 0.1813263 0.06359358 0.1595449
v 0.1810437 0.06512858 0.1618536
v 0.1805845 0.06570827 0.1626169
v 0.1805845 0.05583365 0.1700151
v 0.1800236 0.06614475 0.1631915
v 0.1800236 0.05626253 0.1705954
v 0.1810437 0.06491675 0.1612128
v 0.1810437 0.06404146 0.1597639
v 0.1813263 0.06297778 0.1585255
v 0.1810437 0.06261994 0.1576791
v 0.1813263 0.06197769 0.1570587
v 0.1810437 0.06072534 0.155079
v 0.1813263 0.06047123 0.1549914
v 0.1810437 -0.04999949 0.007291241
v 0.1813264 -0.04998676 0.007559746
v 0.1810437 -0.05196245 0.004742452
v 0.1813264 -0.05154757 0.005533113
v 0.1810437 -0.05356393 0.00279241
v 0.1805845 0.06449267 0.1602892
v 0.1805845 0.06289238 0.1579422
v 0.1805845 0.06083314 0.1551162
v 0.1805845 -0.0500049 0.007177334
v 0.1805845 -0.05213845 0.004407044
v 0.1805845 -0.05394132 0.002211786
v 0.1805845 -0.05522987 0.0008078353
v 0.1805845 -0.05583365 0.0003911711
v 0.1810437 -0.05526404 0.001161946
v 0.1800236 -0.05626253 -0.000189181
v 0.1800236 -0.05562241 0.00025255
v 0.1800236 -0.05422548 0.001774597
v 0.1800236 -0.05227095 0.004154516
v 0.1800236 -0.05000897 0.007091566
v 0.1800236 0.06091431 0.1551442
v 0.1800236 0.06309751 0.1581403
v 0.1800236 0.06483243 0.1606848
v 0.1805845 0.06547804 0.1619203
v 0.1810437 0.06512858 0.1618536
v 0.1800236 0.06590065 0.1624531
v 0.1805845 0.06570827 0.1626169
v 0.1800236 0.06614475 0.1631915
v 0.1800236 -0.06309751 0.01226594
v 0.1782316 -0.06098745 0.01523677
v 0.1800236 -0.0609143 0.015262
v 0.1782316 -0.06328239 0.01208737
v 0.1800236 -0.06483241 0.009721464
v 0.1760986 -0.06100309 0.01523137
v 0.1782316 -0.06513859 0.009364994
v 0.1800236 -0.06590065 0.007953159
v 0.1760986 -0.06332191 0.01204919
v 0.1782316 -0.06628152 0.007473037
v 0.1800236 -0.06614473 0.007214725
v 0.1782316 -0.06653813 0.006696809
v 0.166496 -0.06332191 0.01204919
v 0.166496 -0.06100309 0.01523137
v 0.166496 -0.06520405 0.009288779
v 0.1760986 -0.06520405 0.009288779
v 0.166496 -0.06636297 0.007370388
v 0.1760986 -0.06636297 0.007370388
v 0.1760986 -0.06662222 0.006586069
v 0.166496 -0.06662222 0.006586069
v 0.1800236 0.05562241 0.1701537
v 0.1782316 0.05664906 0.1711185
v 0.1800236 0.05626253 0.1705954
v 0.1782316 0.05597619 0.1706541
v 0.1800236 0.05422548 0.1686316
v 0.1782316 0.05448158 0.1690256
v 0.1760986 0.0567317 0.1712303
v 0.1760986 0.05605183 0.1707611
v 0.1760986 0.05453633 0.1691099
v 0.166496 0.05453633 0.1691099
v 0.166496 0.05605183 0.1707611
v 0.166496 0.0567317 0.1712303
v 0.1800236 0.05227096 0.1662517
v 0.1782316 0.05448158 0.1690256
v 0.1800236 0.05422548 0.1686316
v 0.1782316 0.05239038 0.1664793
v 0.1800236 0.05000898 0.1633147
v 0.1760986 0.05453633 0.1691099
v 0.1782316 0.05001264 0.163392
v 0.1800236 -0.0609143 0.015262
v 0.1782316 -0.06098745 0.01523677
v 0.1760986 0.05241591 0.166528
v 0.1760986 0.05001343 0.1634085
v 0.1760986 -0.06100309 0.01523137
v 0.166496 -0.06100309 0.01523137
v 0.166496 0.05001343 0.1634085
v 0.166496 0.05241591 0.166528
v 0.166496 0.05453633 0.1691099
v 0.1800236 0.06483243 0.1606848
v 0.1782316 0.06328239 0.1583189
v 0.1800236 0.06309751 0.1581403
v 0.1782316 0.06513859 0.1610413
v 0.1800236 0.06590065 0.1624531
v 0.1760986 0.06332193 0.1583571
v 0.1782316 0.06628153 0.1629332
v 0.1800236 0.06614475 0.1631915
v 0.1782316 0.06653813 0.1637094
v 0.1760986 0.06520405 0.1611175
v 0.1760986 0.06636297 0.1630358
v 0.1760986 0.06662222 0.1638202
v 0.166496 0.06662222 0.1638202
v 0.166496 0.06636297 0.1630358
v 0.166496 0.06520405 0.1611175
v 0.166496 0.06332193 0.1583571
v 0.1800236 -0.05562241 0.00025255
v 0.1782316 -0.05664906 -0.000712227
v 0.1800236 -0.05626253 -0.000189181
v 0.1782316 -0.05597617 -0.0002478835
v 0.1760986 -0.0567317 -0.0008240542
v 0.1760986 -0.05605182 -0.0003548825
v 0.166496 -0.05605182 -0.0003548825
v 0.166496 -0.0567317 -0.0008240542
v 0.1800236 -0.05422548 0.001774597
v 0.1782316 -0.05597617 -0.0002478835
v 0.1800236 -0.05562241 0.00025255
v 0.1782316 -0.05448157 0.001380589
v 0.1800236 -0.05227095 0.004154516
v 0.1760986 -0.05605182 -0.0003548825
v 0.1782316 -0.05239038 0.003926916
v 0.1800236 -0.05000897 0.007091566
v 0.1760986 -0.05453632 0.001296349
v 0.1782316 -0.05001263 0.007014279
v 0.1800236 0.06091431 0.1551442
v 0.166496 -0.05453632 0.001296349
v 0.166496 -0.05605182 -0.0003548825
v 0.166496 -0.05241591 0.003878251
v 0.1760986 -0.05241591 0.003878251
v 0.166496 -0.05001342 0.006997751
v 0.1760986 -0.05001342 0.006997751
v 0.166496 0.0610031 0.1551749
v 0.1782316 0.06098746 0.1551695
v 0.1800236 0.06309751 0.1581403
v 0.1782316 0.06328239 0.1583189
v 0.1760986 0.0610031 0.1551749
v 0.166496 0.06332193 0.1583571
v 0.1760986 0.06332193 0.1583571
v 0.1800236 -0.05626253 -0.000189181
v 0.1782316 -0.06653813 0.006696809
v 0.1800236 -0.06614473 0.007214725
v 0.1782316 -0.05664906 -0.000712227
v 0.1760986 -0.06662222 0.006586069
v 0.1760986 -0.0567317 -0.0008240542
v 0.166496 -0.0567317 -0.0008240542
v 0.166496 -0.06662222 0.006586069
v 0.1782316 0.06653813 0.1637094
v 0.1800236 0.06614475 0.1631915
v 0.1800236 0.05626253 0.1705954
v 0.1782316 0.05664906 0.1711185
v 0.1760986 0.06662222 0.1638202
v 0.1760986 0.0567317 0.1712303
v 0.166496 0.0567317 0.1712303
v 0.166496 0.06662222 0.1638202
v -0.007662191 -0.06636297 0.007370388
v -0.007662191 -0.06662221 0.006586069
v -0.007662191 -0.05673169 -0.0008240542
v -0.007662191 -0.06520405 0.009288779
v -0.007662192 -0.06332191 0.01204919
v -0.007662192 -0.06100309 0.01523137
v -0.007662197 0.05001343 0.1634085
v -0.007662191 -0.05605182 -0.0003548825
v -0.007662191 -0.05453632 0.001296349
v -0.007662191 -0.0524159 0.003878251
v -0.007662191 -0.05001342 0.006997751
v -0.007662197 0.0610031 0.1551749
v -0.007662197 0.05241592 0.166528
v -0.007662197 0.05453633 0.1691099
v -0.007662197 0.05605183 0.1707611
v -0.007662197 0.05673171 0.1712303
v -0.007662197 0.06662223 0.1638202
v -0.007662197 0.06332193 0.1583571
v -0.007662197 0.06520406 0.1611175
v -0.007662197 0.06636298 0.1630358
v 0.006426343 -0.06570826 0.007789389
v 0.005865394 -0.06614473 0.007214725
v 0.005865394 -0.06590065 0.007953159
v 0.006426343 -0.06547803 0.008485912
v 0.006885521 -0.06512857 0.00855261
v 0.005865394 -0.06483241 0.009721464
v 0.006885521 -0.06491674 0.009193428
v 0.006426343 -0.06449266 0.01011701
v 0.005865394 -0.0630975 0.01226594
v 0.006426343 -0.06289237 0.01246406
v 0.005865394 -0.0609143 0.015262
v 0.006885521 -0.06404146 0.01064233
v 0.006426343 -0.06083314 0.01529001
v 0.005865389 0.05000898 0.1633147
v 0.006885521 -0.06261992 0.0127272
v 0.006426337 0.05000491 0.1632289
v 0.005865389 0.05227096 0.1662517
v 0.006885521 -0.06072534 0.01532721
v 0.006426337 0.05213846 0.1659992
v 0.005865389 0.05422549 0.1686316
v 0.006885516 0.0499995 0.163115
v 0.006426337 0.05394132 0.1681945
v 0.005865389 0.05562242 0.1701537
v 0.006885516 0.05196245 0.1656638
v 0.006426337 0.05522988 0.1695984
v 0.005865389 0.05626253 0.1705954
v 0.006426337 0.05583365 0.1700151
v 0.006885516 0.05356394 0.1676138
v 0.006885516 0.05470856 0.1688609
v 0.006885516 0.05526405 0.1692443
v 0.007168197 -0.06047122 0.01541487
v 0.007168197 -0.06197768 0.01334751
v 0.007168191 0.04998677 0.1628465
v 0.007168191 0.05154758 0.1648731
v 0.007168197 -0.06297778 0.01188073
v 0.007168191 0.05267428 0.1662451
v 0.007168191 0.05347956 0.1671225
v 0.007168198 -0.06359357 0.01086138
v 0.006885516 0.05526405 0.1692443
v 0.007168198 -0.063762 0.01035184
v 0.007168198 -0.05392124 0.002978989
v 0.007168197 -0.06297778 0.01188073
v 0.006885521 -0.06512857 0.00855261
v 0.007168197 -0.06197768 0.01334751
v 0.007168197 -0.06047122 0.01541487
v 0.007168191 0.04998677 0.1628465
v 0.006885522 -0.05526403 0.001161946
v 0.006426343 -0.06570826 0.007789389
v 0.006426344 -0.05583364 0.0003911711
v 0.005865394 -0.06614473 0.007214725
v 0.005865395 -0.05626252 -0.000189181
v 0.007168198 -0.05347954 0.003283805
v 0.006885522 -0.05470854 0.001545291
v 0.007168198 -0.05267427 0.004161197
v 0.007168198 -0.05154757 0.005533113
v 0.007168198 -0.04998676 0.007559746
v 0.007168193 0.06047124 0.1549914
v 0.007168191 0.05154758 0.1648731
v 0.007168191 0.05267428 0.1662451
v 0.007168198 -0.05267427 0.004161197
v 0.007168191 0.05392125 0.1674273
v 0.007168192 0.06376202 0.1600544
v 0.007168193 0.0619777 0.1570587
v 0.007168193 0.06297779 0.1585255
v 0.007168192 0.06359358 0.1595449
v 0.006885516 0.06512859 0.1618536
v 0.006426338 0.06570827 0.1626169
v 0.006426337 0.05583365 0.1700151
v 0.005865389 0.06614475 0.1631915
v 0.005865389 0.05626253 0.1705954
v 0.006885516 0.06491676 0.1612128
v 0.006885516 0.06404147 0.1597639
v 0.007168193 0.06297779 0.1585255
v 0.006885516 0.06261994 0.1576791
v 0.007168193 0.0619777 0.1570587
v 0.006885516 0.06072535 0.155079
v 0.007168193 0.06047124 0.1549914
v 0.006885522 -0.04999949 0.007291241
v 0.007168198 -0.04998676 0.007559746
v 0.006885522 -0.05196244 0.004742452
v 0.007168198 -0.05154757 0.005533113
v 0.006885522 -0.05356393 0.00279241
v 0.006426338 0.06449267 0.1602892
v 0.006426338 0.06289238 0.1579422
v 0.006426338 0.06083315 0.1551162
v 0.006426344 -0.0500049 0.007177334
v 0.006426344 -0.05213844 0.004407044
v 0.006426344 -0.05394131 0.002211786
v 0.006426344 -0.05522987 0.0008078353
v 0.006426344 -0.05583364 0.0003911711
v 0.006885522 -0.05526403 0.001161946
v 0.005865395 -0.05626252 -0.000189181
v 0.005865395 -0.05562241 0.00025255
v 0.005865395 -0.05422547 0.001774597
v 0.005865395 -0.05227095 0.004154516
v 0.005865395 -0.05000897 0.007091566
v 0.005865389 0.06091431 0.1551442
v 0.005865389 0.06309751 0.1581403
v 0.005865389 0.06483243 0.1606848
v 0.006426338 0.06547804 0.1619203
v 0.006885516 0.06512859 0.1618536
v 0.005865389 0.06590066 0.1624531
v 0.006426338 0.06570827 0.1626169
v 0.005865389 0.06614475 0.1631915
v 0.005865394 -0.0630975 0.01226594
v 0.004073466 -0.06098745 0.01523677
v 0.005865394 -0.0609143 0.015262
v 0.004073466 -0.06328239 0.01208737
v 0.005865394 -0.06483241 0.009721464
v 0.001940493 -0.06100309 0.01523137
v 0.004073466 -0.06513859 0.009364994
v 0.005865394 -0.06590065 0.007953159
v 0.001940493 -0.06332191 0.01204919
v 0.004073466 -0.06628152 0.007473037
v 0.005865394 -0.06614473 0.007214725
v 0.004073466 -0.06653811 0.006696809
v -0.007662192 -0.06332191 0.01204919
v -0.007662192 -0.06100309 0.01523137
v -0.007662191 -0.06520405 0.009288779
v 0.001940493 -0.06520405 0.009288779
v -0.007662191 -0.06636297 0.007370388
v 0.001940493 -0.06636297 0.007370388
v 0.001940493 -0.06662221 0.006586069
v -0.007662191 -0.06662221 0.006586069
v 0.005865389 0.05562242 0.1701537
v 0.00407346 0.05664907 0.1711185
v 0.005865389 0.05626253 0.1705954
v 0.00407346 0.05597619 0.1706541
v 0.005865389 0.05422549 0.1686316
v 0.00407346 0.05448158 0.1690256
v 0.001940487 0.05673171 0.1712303
v 0.001940487 0.05605183 0.1707611
v 0.001940487 0.05453633 0.1691099
v -0.007662197 0.05453633 0.1691099
v -0.007662197 0.05605183 0.1707611
v -0.007662197 0.05673171 0.1712303
v 0.005865389 0.05227096 0.1662517
v 0.00407346 0.05448158 0.1690256
v 0.005865389 0.05422549 0.1686316
v 0.00407346 0.05239039 0.1664793
v 0.005865389 0.05000898 0.1633147
v 0.001940487 0.05453633 0.1691099
v 0.00407346 0.05001265 0.163392
v 0.005865394 -0.0609143 0.015262
v 0.004073466 -0.06098745 0.01523677
v 0.001940487 0.05241592 0.166528
v 0.001940487 0.05001343 0.1634085
v 0.001940493 -0.06100309 0.01523137
v -0.007662192 -0.06100309 0.01523137
v -0.007662197 0.05001343 0.1634085
v -0.007662197 0.05241592 0.166528
v -0.007662197 0.05453633 0.1691099
v 0.005865389 0.06483243 0.1606848
v 0.004073461 0.0632824 0.1583189
v 0.005865389 0.06309751 0.1581403
v 0.004073461 0.06513861 0.1610413
v 0.005865389 0.06590066 0.1624531
v 0.001940488 0.06332193 0.1583571
v 0.004073461 0.06628153 0.1629332
v 0.005865389 0.06614475 0.1631915
v 0.004073461 0.06653813 0.1637094
v 0.001940488 0.06520406 0.1611175
v 0.001940487 0.06636298 0.1630358
v 0.001940487 0.06662223 0.1638202
v -0.007662197 0.06662223 0.1638202
v -0.007662197 0.06636298 0.1630358
v -0.007662197 0.06520406 0.1611175
v -0.007662197 0.06332193 0.1583571
v 0.005865395 -0.05562241 0.00025255
v 0.004073467 -0.05664906 -0.000712227
v 0.005865395 -0.05626252 -0.000189181
v 0.004073467 -0.05597617 -0.0002478835
v 0.001940494 -0.05673169 -0.0008240542
v 0.001940494 -0.05605182 -0.0003548825
v -0.007662191 -0.05605182 -0.0003548825
v -0.007662191 -0.05673169 -0.0008240542
v 0.005865395 -0.05422547 0.001774597
v 0.004073467 -0.05597617 -0.0002478835
v 0.005865395 -0.05562241 0.00025255
v 0.004073467 -0.05448156 0.001380589
v 0.005865395 -0.05227095 0.004154516
v 0.001940494 -0.05605182 -0.0003548825
v 0.004073467 -0.05239037 0.003926916
v 0.005865395 -0.05000897 0.007091566
v 0.001940494 -0.05453632 0.001296349
v 0.004073467 -0.05001263 0.007014279
v 0.005865389 0.06091431 0.1551442
v -0.007662191 -0.05453632 0.001296349
v -0.007662191 -0.05605182 -0.0003548825
v -0.007662191 -0.0524159 0.003878251
v 0.001940493 -0.0524159 0.003878251
v -0.007662191 -0.05001342 0.006997751
v 0.001940493 -0.05001342 0.006997751
v -0.007662197 0.0610031 0.1551749
v 0.004073461 0.06098746 0.1551695
v 0.005865389 0.06309751 0.1581403
v 0.004073461 0.0632824 0.1583189
v 0.001940488 0.0610031 0.1551749
v -0.007662197 0.06332193 0.1583571
v 0.001940488 0.06332193 0.1583571
v 0.005865395 -0.05626252 -0.000189181
v 0.004073466 -0.06653811 0.006696809
v 0.005865394 -0.06614473 0.007214725
v 0.004073467 -0.05664906 -0.000712227
v 0.001940493 -0.06662221 0.006586069
v 0.001940494 -0.05673169 -0.0008240542
v -0.007662191 -0.05673169 -0.0008240542
v -0.007662191 -0.06662221 0.006586069
v 0.004073461 0.06653813 0.1637094
v 0.005865389 0.06614475 0.1631915
v 0.005865389 0.05626253 0.1705954
v 0.00407346 0.05664907 0.1711185
v 0.001940487 0.06662223 0.1638202
v 0.001940487 0.05673171 0.1712303
v -0.007662197 0.05673171 0.1712303
v -0.007662197 0.06662223 0.1638202
v 0.1768825 0.006495103 0.0959184
v 0.1775612 0.006657409 0.0959184
v 0.1775612 0.01429032 0.0959184
v 0.1768825 0.01445262 0.0959184
v 0.1749499 0.006357506 0.0959184
v 0.1749499 0.01459022 0.0959184
v 0.1720575 0.006265568 0.0959184
v 0.1720575 0.01468216 0.0959184
v 0.1686457 0.006233282 0.0959184
v 0.1686457 0.01471444 0.0959184
v 0.008195589 0.006233275 0.0959184
v 0.008195589 0.01471443 0.0959184
v 0.00478378 0.00626556 0.0959184
v 0.00478378 0.01468215 0.0959184
v 0.001891378 0.006357498 0.0959184
v 0.001891378 0.01459021 0.0959184
v -4.126209E-05 0.006495095 0.0959184
v -4.126209E-05 0.01445261 0.0959184
v -0.0007199204 0.006657402 0.0959184
v -0.0007199204 0.01429031 0.0959184
v 0.1762517 0.006663545 0.1046198
v 0.1768771 0.006660615 0.1042734
v 0.1762381 0.006507801 0.1042734
v 0.175649 0.006519409 0.1046198
v 0.1754212 0.006667437 0.1049034
v 0.1744567 0.006380969 0.1042734
v 0.1748667 0.006534824 0.1049034
v 0.1740058 0.006402417 0.1046198
v 0.1717905 0.006296222 0.1042734
v 0.1715465 0.006324246 0.1046198
v 0.1685783 0.006265825 0.1042734
v 0.173407 0.006430901 0.1049034
v 0.1685167 0.006295574 0.1046198
v 0.008262964 0.006265818 0.1042734
v 0.1712225 0.006361462 0.1049034
v 0.008324559 0.006295567 0.1046198
v 0.005050699 0.006296215 0.1042734
v 0.1684349 0.006335084 0.1049034
v 0.005294687 0.006324238 0.1046198
v 0.002384574 0.006380961 0.1042734
v 0.008406374 0.006335076 0.1049034
v 0.002835424 0.006402409 0.1046198
v 0.0006031331 0.006507793 0.1042734
v 0.005618747 0.006361455 0.1049034
v 0.001192208 0.006519401 0.1046198
v -3.582422E-05 0.006660607 0.1042734
v 0.000589516 0.006663538 0.1046198
v 0.003434202 0.006430893 0.1049034
v 0.001974537 0.006534817 0.1049034
v 0.001420039 0.006667429 0.1049034
v 0.168242 0.006428225 0.105078
v 0.1704586 0.006449199 0.105078
v 0.008599209 0.006428218 0.105078
v 0.006382672 0.006449192 0.105078
v 0.1719955 0.006498052 0.105078
v 0.004845763 0.006498044 0.105078
v 0.003818842 0.006571159 0.105078
v 0.1730224 0.006571166 0.105078
v 0.001420039 0.006667429 0.1049034
v 0.1734633 0.00667661 0.105078
v 0.1754212 0.006667437 0.1049034
v 0.1730224 0.01437656 0.105078
v 0.1734633 0.01427112 0.105078
v 0.1754212 0.01428029 0.1049034
v 0.1762517 0.006663545 0.1046198
v 0.1762517 0.01428418 0.1046198
v 0.1768771 0.006660615 0.1042734
v 0.1768771 0.01428711 0.1042734
v 0.1748667 0.0144129 0.1049034
v 0.1719955 0.01444967 0.105078
v 0.1719955 0.006498052 0.105078
v 0.1704586 0.01449852 0.105078
v 0.1704586 0.006449199 0.105078
v 0.168242 0.0145195 0.105078
v 0.168242 0.006428225 0.105078
v 0.008599209 0.01451949 0.105078
v 0.008599209 0.006428218 0.105078
v 0.006382672 0.01449852 0.105078
v 0.006382672 0.006449192 0.105078
v 0.004845763 0.01444967 0.105078
v 0.004845763 0.006498044 0.105078
v 0.003818842 0.01437655 0.105078
v 0.003377941 0.01427111 0.105078
v 0.003377941 0.006676602 0.105078
v 0.001420039 0.01428028 0.1049034
v 0.000589516 0.01428417 0.1046198
v 0.000589516 0.006663538 0.1046198
v -3.582422E-05 0.0142871 0.1042734
v -3.582422E-05 0.006660607 0.1042734
v 0.001974537 0.01441289 0.1049034
v 0.003434202 0.01451682 0.1049034
v 0.004845763 0.01444967 0.105078
v 0.005618747 0.01458625 0.1049034
v 0.006382672 0.01449852 0.105078
v 0.008406374 0.01461263 0.1049034
v 0.008599209 0.01451949 0.105078
v 0.1684349 0.01461264 0.1049034
v 0.168242 0.0145195 0.105078
v 0.1712225 0.01458626 0.1049034
v 0.1704586 0.01449852 0.105078
v 0.173407 0.01451682 0.1049034
v 0.1719955 0.01444967 0.105078
v 0.002835424 0.0145453 0.1046198
v 0.005294687 0.01462347 0.1046198
v 0.008324559 0.01465214 0.1046198
v 0.1685167 0.01465215 0.1046198
v 0.1715465 0.01462348 0.1046198
v 0.1740058 0.01454531 0.1046198
v 0.175649 0.01442832 0.1046198
v 0.1762517 0.01428418 0.1046198
v 0.1754212 0.01428029 0.1049034
v 0.1768771 0.01428711 0.1042734
v 0.1762381 0.01443992 0.1042734
v 0.1744567 0.01456676 0.1042734
v 0.1717905 0.0146515 0.1042734
v 0.1685783 0.0146819 0.1042734
v 0.008262964 0.01468189 0.1042734
v 0.005050699 0.0146515 0.1042734
v 0.002384574 0.01456675 0.1042734
v 0.001192208 0.01442831 0.1046198
v 0.001420039 0.01428028 0.1049034
v 0.0006031331 0.01443992 0.1042734
v 0.000589516 0.01428417 0.1046198
v -3.582422E-05 0.0142871 0.1042734
v 0.1717905 0.006296222 0.1042734
v 0.1686338 0.006239014 0.1031666
v 0.1685783 0.006265825 0.1042734
v 0.1720104 0.006270967 0.1031666
v 0.1744567 0.006380969 0.1042734
v 0.1686457 0.006233282 0.1018493
v 0.174863 0.006361639 0.1031666
v 0.1762381 0.006507801 0.1042734
v 0.1720575 0.006265568 0.1018493
v 0.176769 0.00649734 0.1031666
v 0.1768771 0.006660615 0.1042734
v 0.1774407 0.006657974 0.1031666
v 0.1720575 0.006265568 0.0959184
v 0.1686457 0.006233282 0.0959184
v 0.1749499 0.006357506 0.0959184
v 0.1749499 0.006357506 0.1018493
v 0.1768825 0.006495103 0.0959184
v 0.1768825 0.006495103 0.1018493
v 0.1775612 0.006657409 0.1018493
v 0.1775612 0.006657409 0.0959184
v 0.0006031331 0.006507793 0.1042734
v -0.0005994207 0.006657967 0.1031666
v -3.582422E-05 0.006660607 0.1042734
v 7.2246E-05 0.006497332 0.1031666
v 0.002384574 0.006380961 0.1042734
v 0.00197825 0.006361632 0.1031666
v -0.0007199204 0.006657402 0.1018493
v -4.126209E-05 0.006495095 0.1018493
v 0.001891378 0.006357498 0.1018493
v 0.001891378 0.006357498 0.0959184
v -4.126209E-05 0.006495095 0.0959184
v -0.0007199204 0.006657402 0.0959184
v 0.005050699 0.006296215 0.1042734
v 0.00197825 0.006361632 0.1031666
v 0.002384574 0.006380961 0.1042734
v 0.004830794 0.006270959 0.1031666
v 0.008262964 0.006265818 0.1042734
v 0.001891378 0.006357498 0.1018493
v 0.008207458 0.006239007 0.1031666
v 0.1685783 0.006265825 0.1042734
v 0.1686338 0.006239014 0.1031666
v 0.00478378 0.00626556 0.1018493
v 0.008195589 0.006233275 0.1018493
v 0.1686457 0.006233282 0.1018493
v 0.1686457 0.006233282 0.0959184
v 0.008195589 0.006233275 0.0959184
v 0.00478378 0.00626556 0.0959184
v 0.001891378 0.006357498 0.0959184
v 0.002384574 0.01456675 0.1042734
v 0.004830794 0.01467675 0.1031666
v 0.005050699 0.0146515 0.1042734
v 0.00197825 0.01458608 0.1031666
v 0.0006031331 0.01443992 0.1042734
v 0.00478378 0.01468215 0.1018493
v 7.2246E-05 0.01445038 0.1031666
v -3.582422E-05 0.0142871 0.1042734
v -0.0005994207 0.01428974 0.1031666
v 0.001891378 0.01459021 0.1018493
v -4.126209E-05 0.01445261 0.1018493
v -0.0007199204 0.01429031 0.1018493
v -0.0007199204 0.01429031 0.0959184
v -4.126209E-05 0.01445261 0.0959184
v 0.001891378 0.01459021 0.0959184
v 0.00478378 0.01468215 0.0959184
v 0.1762381 0.01443992 0.1042734
v 0.1774407 0.01428975 0.1031666
v 0.1768771 0.01428711 0.1042734
v 0.176769 0.01445039 0.1031666
v 0.1775612 0.01429032 0.1018493
v 0.1768825 0.01445262 0.1018493
v 0.1768825 0.01445262 0.0959184
v 0.1775612 0.01429032 0.0959184
v 0.1744567 0.01456676 0.1042734
v 0.176769 0.01445039 0.1031666
v 0.1762381 0.01443992 0.1042734
v 0.174863 0.01458609 0.1031666
v 0.1717905 0.0146515 0.1042734
v 0.1768825 0.01445262 0.1018493
v 0.1720104 0.01467676 0.1031666
v 0.1685783 0.0146819 0.1042734
v 0.1749499 0.01459022 0.1018493
v 0.1686338 0.01470871 0.1031666
v 0.008262964 0.01468189 0.1042734
v 0.1749499 0.01459022 0.0959184
v 0.1768825 0.01445262 0.0959184
v 0.1720575 0.01468216 0.0959184
v 0.1720575 0.01468216 0.1018493
v 0.1686457 0.01471444 0.0959184
v 0.1686457 0.01471444 0.1018493
v 0.008195589 0.01471443 0.0959184
v 0.008207458 0.0147087 0.1031666
v 0.005050699 0.0146515 0.1042734
v 0.004830794 0.01467675 0.1031666
v 0.008195589 0.01471443 0.1018493
v 0.00478378 0.01468215 0.0959184
v 0.00478378 0.01468215 0.1018493
v 0.1768771 0.01428711 0.1042734
v 0.1774407 0.006657974 0.1031666
v 0.1768771 0.006660615 0.1042734
v 0.1774407 0.01428975 0.1031666
v 0.1775612 0.006657409 0.1018493
v 0.1775612 0.01429032 0.1018493
v 0.1775612 0.01429032 0.0959184
v 0.1775612 0.006657409 0.0959184
v -0.0005994207 0.01428974 0.1031666
v -3.582422E-05 0.0142871 0.1042734
v -3.582422E-05 0.006660607 0.1042734
v -0.0005994207 0.006657967 0.1031666
v -0.0007199204 0.01429031 0.1018493
v -0.0007199204 0.006657402 0.1018493
v -0.0007199204 0.006657402 0.0959184
v -0.0007199204 0.01429031 0.0959184
v 0.2436227 0.08386312 0.1876598
v 0.244085 0.08442947 0.1870988
v 0.2491367 0.08271677 0.1870988
v 0.2482824 0.0822833 0.1876598
v 0.2525121 0.0801535 0.1870988
v 0.2378818 0.08444258 0.1876598
v 0.2379985 0.08504378 0.1870988
v 0.2513959 0.07991892 0.1876598
v 0.2537228 0.07706516 0.1870988
v -0.06564564 0.08444258 0.1876598
v -0.06576234 0.08504378 0.1870988
v 0.2525379 0.07700594 0.1876598
v 0.2537228 -0.07706515 0.1870988
v -0.07138653 0.08386312 0.1876598
v -0.07184885 0.08442947 0.1870988
v 0.2525379 -0.07700594 0.1876598
v 0.2525121 -0.0801535 0.1870988
v -0.07604628 0.0822833 0.1876598
v -0.07690055 0.08271677 0.1870988
v 0.2513959 -0.07991891 0.1876598
v 0.2491367 -0.08271676 0.1870988
v -0.0791598 0.07991892 0.1876598
v -0.08027596 0.0801535 0.1870988
v 0.2482824 -0.0822833 0.1876598
v 0.244085 -0.08442947 0.1870988
v -0.08030176 0.07700594 0.1876598
v -0.08148666 0.07706516 0.1870988
v 0.2436227 -0.08386312 0.1876598
v 0.2379985 -0.08504378 0.1870988
v -0.08030176 -0.07700594 0.1876598
v -0.08148666 -0.07706515 0.1870988
v 0.2378818 -0.08444256 0.1876598
v -0.06576234 -0.08504378 0.1870988
v -0.0791598 -0.07991891 0.1876598
v -0.08027596 -0.0801535 0.1870988
v -0.06564564 -0.08444256 0.1876598
v -0.07184885 -0.08442947 0.1870988
v -0.07604628 -0.0822833 0.1876598
v -0.07690055 -0.08271676 0.1870988
v -0.07138653 -0.08386312 0.1876598
v -0.07872812 -0.07692728 0.1881189
v -0.07767747 -0.07960735 0.1881189
v -0.07491174 -0.08170763 0.1881189
v -0.07077252 -0.08311098 0.1881189
v -0.06549063 -0.08364408 0.1881189
v 0.2377268 -0.08364408 0.1881189
v -0.07872812 0.07692728 0.1881189
v 0.2430087 -0.08311098 0.1881189
v -0.07767747 0.07960737 0.1881189
v 0.2471479 -0.08170763 0.1881189
v -0.07491174 0.08170763 0.1881189
v 0.2499136 -0.07960735 0.1881189
v -0.07077252 0.08311098 0.1881189
v 0.2509643 -0.07692728 0.1881189
v -0.06549063 0.08364408 0.1881189
v 0.2509643 0.07692728 0.1881189
v 0.2377268 0.08364408 0.1881189
v 0.2499136 0.07960737 0.1881189
v 0.2430087 0.08311098 0.1881189
v 0.2471479 0.08170763 0.1881189
v -0.06932506 0.08133783 0.1884016
v -0.06512524 0.08176172 0.1884016
v 0.2373614 0.08176172 0.1884016
v 0.2415612 0.08133783 0.1884016
v 0.2444733 0.08035052 0.1884016
v 0.2464191 0.07887292 0.1884016
v -0.07223716 0.08035052 0.1884016
v 0.2472545 0.07674188 0.1884016
v 0.2472545 -0.07674188 0.1884016
v 0.2464191 -0.0788729 0.1884016
v 0.2444733 -0.08035052 0.1884016
v 0.2415612 -0.08133782 0.1884016
v 0.2373614 -0.08176172 0.1884016
v -0.06512524 -0.08176172 0.1884016
v -0.06932506 -0.08133782 0.1884016
v -0.07223716 -0.08035052 0.1884016
v -0.07418293 0.07887292 0.1884016
v -0.07418293 -0.0788729 0.1884016
v -0.07501834 0.07674188 0.1884016
v -0.07501834 -0.07674188 0.1884016
vn 0 0 -1
vn 0 0 -1
vn 0 0 -1
vn 0 0 -1
vn 0 0 -1
vn 0 0 -1
vn 0 0 -1
vn 0 0 -1
vn 0 0 -1
vn 0 0 -1
vn 0 0 -1
vn 0 0 -1
vn 0 0 -1
vn 0 0 -1
vn 0 0 -1
vn 0 0 -1
vn 0 0 -1
vn 0 0 -1
vn 0 0 -1
vn 0 0 -1
vn -0.6763001 -0.46081 0.5746933
vn -0.7894888 -0.5379335 0.295525
vn -0.8753076 -0.38934 0.2867942
vn -0.8045094 -0.3269286 0.4958654
vn -0.5848358 -0.3984892 0.7065222
vn -0.9783327 -0.1501196 0.1425802
vn -0.8464715 -0.2420079 0.4742553
vn -0.9502612 -0.141536 0.2774366
vn -0.992744 -0.06092069 0.1036734
vn -0.9481608 -0.1094641 0.2983434
vn -0.9763618 -0.05895777 0.2079461
vn -0.9955379 -0.01372488 0.09335972
vn -0.8625557 -0.0521943 0.5032628
vn -0.9819824 -0.01347326 0.188492
vn -0.9955379 0.01372477 0.09335984
vn -0.9819822 0.01347343 0.1884923
vn -0.9927441 0.06092053 0.1036725
vn -0.8841776 -0.01264817 0.4669796
vn -0.9763618 0.05895754 0.2079463
vn -0.9783334 0.1501189 0.1425768
vn -0.8841779 0.01264825 0.4669791
vn -0.9502612 0.1415365 0.2774363
vn -0.8753062 0.3893402 0.286798
vn -0.8625562 0.05219423 0.503262
vn -0.8045105 0.3269295 0.4958628
vn -0.7894858 0.5379356 0.2955291
vn -0.6762948 0.4608087 0.5747004
vn -0.9481601 0.1094634 0.2983457
vn -0.8464706 0.2420081 0.474257
vn -0.5848386 0.3984911 0.7065188
vn -0.7400077 -0.00713008 0.6725606
vn -0.7262433 -0.02674351 0.6869173
vn -0.7400084 0.007130031 0.6725599
vn -0.726245 0.02674354 0.6869156
vn -0.6589289 -0.06675355 0.7492375
vn -0.537537 0.1015087 0.8371081
vn -0.5375403 -0.1015092 0.8371059
vn -0.6589302 0.06675351 0.7492363
vn -0.2442523 0.139277 0.9596576
vn -0.268721 -0.06562528 0.9609799
vn -0.2687186 0.06562438 0.9609806
vn -0.2442494 -0.1392778 0.9596583
vn -0.03552363 0.3005262 0.9531117
vn -0.08455557 -0.09544113 0.9918373
vn -0.0355233 -0.3005221 0.9531131
vn 0 0 1
vn 0 0 1
vn 0 0 1
vn 0 0 1
vn 0 0 1
vn 0 0 1
vn -0.08455792 0.09544132 0.9918372
vn 0.08455519 -0.09544075 0.9918374
vn 0.0355232 -0.3005219 0.9531131
vn 0 -0.594871 0.8038212
vn 0 -0.594871 0.8038212
vn 0 -0.6822041 0.7311617
vn 0 -0.6822041 0.7311617
vn 0.2687197 -0.06562483 0.9609802
vn 0.2442484 -0.1392769 0.9596586
vn 0.08455791 0.09544118 0.9918372
vn 0.6589295 -0.06675334 0.7492369
vn 0.5375385 -0.1015086 0.8371071
vn 0.7262433 -0.02674382 0.6869173
vn 0.8625563 -0.05219406 0.5032617
vn 0.7400086 -0.007130219 0.6725596
vn 0.0355237 0.3005262 0.9531117
vn 0 0.5948718 0.8038205
vn 0 0.5948718 0.8038205
vn 0 0.6821986 0.731167
vn 0 0.6821986 0.731167
vn 0.2442525 0.1392767 0.9596576
vn 0.268719 0.06562433 0.9609806
vn 0 0 1
vn 0.5375378 0.1015086 0.8371077
vn 0 0 1
vn 0.6589294 0.06675322 0.7492369
vn 0 0 1
vn 0 0 1
vn 0 0 1
vn 0 0 1
vn 0.8625561 0.05219392 0.5032622
vn 0.7262438 0.02674381 0.6869168
vn 0.884178 0.01264825 0.466979
vn 0.7400089 0.00713016 0.6725593
vn 0.8841779 -0.01264817 0.4669791
vn 0.9819824 0.01347338 0.1884919
vn 0.9819824 -0.01347321 0.1884919
vn 0.9763618 -0.05895764 0.2079459
vn 0.9763618 0.05895739 0.2079463
vn 0.9481601 0.1094634 0.2983458
vn 0.9502612 -0.1415357 0.2774368
vn 0.948161 -0.1094641 0.2983424
vn 0.9502611 0.1415362 0.2774372
vn 0.8464698 0.2420081 0.4742584
vn 0.8045085 -0.3269283 0.4958667
vn 0.846471 -0.2420078 0.4742564
vn 0.6762997 -0.4608095 0.5746941
vn 0.5848327 -0.398488 0.7065253
vn 0.7894889 -0.5379334 0.295525
vn 0.8753079 -0.3893397 0.2867938
vn 0.9783328 -0.1501195 0.1425802
vn 0.9927438 -0.06092043 0.103674
vn 0.9955378 -0.01372493 0.09336022
vn 0.9955379 0.01372482 0.09336022
vn 0.9927441 0.06092028 0.1036729
vn 0.9783332 0.1501187 0.1425777
vn 0.804509 0.3269292 0.4958654
vn 0.5848351 0.3984901 0.7065223
vn 0.8753062 0.3893399 0.2867984
vn 0.6762939 0.4608086 0.5747016
vn 0.7894858 0.5379356 0.2955292
vn -0.992744 -0.06092069 0.1036734
vn -0.9996104 -0.01357468 0.02439243
vn -0.9955379 -0.01372488 0.09335972
vn -0.9978642 -0.05952336 0.02690825
vn -0.9783327 -0.1501196 0.1425802
vn -0.999902 -0.01349872 0.003716224
vn -0.9883834 -0.1475311 0.03650974
vn -0.8753076 -0.38934 0.2867942
vn -0.9982609 -0.05880843 0.004085959
vn -0.9139083 -0.3985975 0.07675663
vn -0.7894888 -0.5379335 0.295525
vn -0.8226935 -0.5605581 0.09460476
vn -0.9982815 -0.05860033 0
vn -0.9999092 -0.01347628 0
vn -0.989474 -0.1447109 0
vn -0.9893631 -0.1453638 0.005482985
vn -0.9214031 -0.3886083 0
vn -0.9202228 -0.3912297 0.0113789
vn -0.8263019 -0.5630178 0.01536314
vn -0.826399 -0.5630851 0
vn -0.8753062 0.3893402 0.286798
vn -0.8226917 0.560561 0.09460243
vn -0.7894858 0.5379356 0.2955291
vn -0.9139073 0.3986 0.07675587
vn -0.9783334 0.1501189 0.1425768
vn -0.9883834 0.1475312 0.03651011
vn -0.826301 0.5630192 0.01536061
vn -0.9202225 0.3912304 0.01137735
vn -0.989363 0.145364 0.005482732
vn -0.9894739 0.1447114 0
vn -0.9214028 0.3886088 0
vn -0.826399 0.5630851 0
vn -0.9927441 0.06092053 0.1036725
vn -0.9883834 0.1475312 0.03651011
vn -0.9783334 0.1501189 0.1425768
vn -0.9978642 0.05952318 0.02690833
vn -0.9955379 0.01372477 0.09335984
vn -0.989363 0.145364 0.005482732
vn -0.9996104 0.01357475 0.02439247
vn -0.9955379 -0.01372488 0.09335972
vn -0.9996104 -0.01357468 0.02439243
vn -0.9982609 0.05880841 0.004085865
vn -0.999902 0.01349873 0.003716201
vn -0.999902 -0.01349872 0.003716224
vn -0.9999092 -0.01347628 0
vn -0.9999092 0.01347628 0
vn -0.9982815 0.05860033 0
vn -0.9894739 0.1447114 0
vn 0.9783332 0.1501187 0.1425777
vn 0.9978642 0.05952333 0.0269082
vn 0.9927441 0.06092028 0.1036729
vn 0.9883834 0.147531 0.03650997
vn 0.8753062 0.3893399 0.2867984
vn 0.9982609 0.05880862 0.004085722
vn 0.9139075 0.3985996 0.07675586
vn 0.7894858 0.5379356 0.2955292
vn 0.8226917 0.5605611 0.09460247
vn 0.9893631 0.1453638 0.005482671
vn 0.9202226 0.39123 0.01137735
vn 0.826301 0.5630192 0.01536061
vn 0.826399 0.5630851 0
vn 0.9214031 0.3886085 0
vn 0.989474 0.1447111 0
vn 0.9982815 0.05860053 0
vn 0.8753079 -0.3893397 0.2867938
vn 0.8226935 -0.560558 0.09460476
vn 0.7894889 -0.5379334 0.295525
vn 0.9139085 -0.3985971 0.07675643
vn 0.8263019 -0.5630178 0.01536315
vn 0.9202229 -0.3912293 0.0113789
vn 0.9214031 -0.388608 0
vn 0.826399 -0.5630851 0
vn 0.9783328 -0.1501195 0.1425802
vn 0.9139085 -0.3985971 0.07675643
vn 0.8753079 -0.3893397 0.2867938
vn 0.9883834 -0.1475309 0.03650935
vn 0.9927438 -0.06092043 0.103674
vn 0.9202229 -0.3912293 0.0113789
vn 0.9978642 -0.0595235 0.02690814
vn 0.9955378 -0.01372493 0.09336022
vn 0.9893631 -0.1453636 0.005482862
vn 0.9996104 -0.01357461 0.02439261
vn 0.9955379 0.01372482 0.09336022
vn 0.9894741 -0.1447106 0
vn 0.9214031 -0.388608 0
vn 0.9982815 -0.05860053 0
vn 0.9982609 -0.05880864 0.004085752
vn 0.9999092 -0.01347647 0
vn 0.999902 -0.01349882 0.003716144
vn 0.9999092 0.01347647 0
vn 0.9996104 0.01357468 0.02439265
vn 0.9927441 0.06092028 0.1036729
vn 0.9978642 0.05952333 0.0269082
vn 0.999902 0.01349882 0.003716121
vn 0.9982815 0.05860053 0
vn 0.9982609 0.05880862 0.004085722
vn 0 -0.9571947 0.289445
vn 0 -0.9849385 0.1729047
vn 0 -0.9571947 0.289445
vn 0 -0.9849385 0.1729046
vn 0 -0.9996321 0.02712057
vn 0 -0.9996321 0.02712057
vn 0 -1 0
vn 0 -1 0
vn 0 0.984939 0.1729026
vn 0 0.9571947 0.289445
vn 0 0.9571947 0.289445
vn 0 0.984939 0.1729026
vn 0 0.9996322 0.02711844
vn 0 0.9996322 0.02711844
vn 0 1 0
vn 0 1 0
vn 0 0 -1
vn 0 0 -1
vn 0 0 -1
vn 0 0 -1
vn 0 0 -1
vn 0 0 -1
vn 0 0 -1
vn 0 0 -1
vn 0 0 -1
vn 0 0 -1
vn 0 0 -1
vn 0 0 -1
vn 0 0 -1
vn 0 0 -1
vn 0 0 -1
vn 0 0 -1
vn 0 0 -1
vn 0 0 -1
vn 0 0 -1
vn 0 0 -1
vn -0.688068 -0.5667822 0.453123
vn -0.9354748 -0.174462 0.3073272
vn -0.8446761 -0.1676054 0.5083609
vn -0.7726874 -0.5716466 0.2759971
vn -0.414864 -0.8354723 0.3603804
vn -0.9813999 -0.1846425 0.05254864
vn -0.9298107 -0.3645041 0.05088041
vn -0.9310159 -0.3649785 0
vn -0.9826026 -0.1857203 0
vn -0.4650482 -0.8573844 0.2205043
vn -0.190815 -0.9314942 0.3096904
vn -0.6043397 -0.7958204 0.03799142
vn -0.2123932 -0.9593771 0.1857006
vn -0.04680308 -0.9553847 0.2916327
vn -0.4709288 -0.8814639 0.03531887
vn -0.05000848 -0.9835065 0.1738221
vn 0.04680306 -0.9553847 0.2916325
vn -0.4690188 -0.8831882 0
vn -0.6047749 -0.7963964 0
vn -0.2121091 -0.977246 0
vn -0.2130564 -0.9765987 0.02935884
vn -0.0502736 -0.9987355 0
vn -0.05037846 -0.998356 0.02733267
vn 0.05027352 -0.9987355 0
vn 0.05000835 -0.9835067 0.1738211
vn 0.1908145 -0.9314936 0.3096926
vn 0.2123921 -0.9593771 0.1857019
vn 0.05037853 -0.998356 0.02733182
vn 0.2121091 -0.977246 0
vn 0.2130564 -0.9765987 0.02935896
vn -0.688069 0.5667829 0.4531206
vn -0.4650489 0.8573844 0.2205028
vn -0.4148631 0.8354741 0.3603771
vn -0.7726876 0.571647 0.2759958
vn -0.8446768 0.1676061 0.5083594
vn -0.4709301 0.8814632 0.03531884
vn -0.6043397 0.7958204 0.03799139
vn -0.6047749 0.7963964 0
vn -0.46902 0.8831875 0
vn -0.935475 0.1744619 0.3073265
vn -0.8446761 -0.1676054 0.5083609
vn -0.9354748 -0.174462 0.3073272
vn -0.9298107 0.3645041 0.05088047
vn -0.9813999 0.1846425 0.05254864
vn -0.9813999 -0.1846425 0.05254864
vn -0.9826026 -0.1857203 0
vn -0.9826026 0.1857203 0
vn -0.9310159 0.3649785 0
vn 0.4148628 0.8354736 0.3603783
vn 0.7726868 0.571647 0.2759979
vn 0.6880673 0.5667841 0.4531215
vn 0.4650491 0.857384 0.220504
vn 0.1908149 0.9314948 0.3096888
vn 0.6043389 0.7958211 0.03799018
vn 0.2123931 0.9593768 0.1857022
vn 0.04680306 0.9553847 0.2916325
vn 0.4709294 0.8814636 0.03531913
vn 0.05000832 0.983506 0.1738248
vn -0.04680308 0.9553847 0.2916327
vn 0.469019 0.8831881 0
vn 0.6047727 0.796398 0
vn 0.2121099 0.9772459 0
vn 0.2130576 0.9765984 0.02936148
vn 0.05027286 0.9987355 0
vn 0.05037819 0.998356 0.02733559
vn -0.05027293 0.9987355 0
vn -0.05000823 0.9835059 0.1738258
vn -0.1908142 0.931495 0.3096887
vn -0.05037791 0.998356 0.02733644
vn -0.2121098 0.9772459 0
vn -0.2123933 0.9593768 0.1857021
vn -0.4148631 0.8354741 0.3603771
vn -0.4650489 0.8573844 0.2205028
vn -0.2130574 0.9765984 0.02936136
vn -0.46902 0.8831875 0
vn -0.4709301 0.8814632 0.03531884
vn 0.4148622 -0.8354715 0.3603842
vn 0.2123921 -0.9593771 0.1857019
vn 0.1908145 -0.9314936 0.3096926
vn 0.4650479 -0.857384 0.2205064
vn 0.6880664 -0.5667832 0.453124
vn 0.2130564 -0.9765987 0.02935896
vn 0.7726867 -0.5716466 0.2759988
vn 0.8446777 -0.1676062 0.5083578
vn 0.470928 -0.8814644 0.03531915
vn 0.9354735 -0.1744622 0.3073306
vn 0.8446785 0.1676069 0.5083564
vn 0.6043389 -0.7958211 0.03799022
vn 0.6047727 -0.796398 0
vn 0.4690177 -0.8831887 0
vn 0.2121091 -0.977246 0
vn 0.9298103 -0.3645047 0.0508844
vn 0.9354736 0.1744621 0.3073304
vn 0.6880673 0.5667841 0.4531215
vn 0.7726868 0.571647 0.2759979
vn 0.9813996 -0.1846427 0.05255396
vn 0.9813996 0.1846427 0.05255435
vn 0.9298103 0.3645047 0.05088526
vn 0.9310155 0.3649798 0
vn 0.9826025 0.185721 0
vn 0.9826025 -0.185721 0
vn 0.9310155 -0.3649798 0
vn -3.961114E-07 0 -1
vn -3.961114E-07 0 -1
vn -3.961114E-07 0 -1
vn -3.961114E-07 0 -1
vn -3.961114E-07 0 -1
vn -3.961114E-07 0 -1
vn -3.961114E-07 0 -1
vn -3.961114E-07 0 -1
vn -3.961114E-07 0 -1
vn -3.961114E-07 0 -1
vn -3.961114E-07 0 -1
vn -3.961114E-07 0 -1
vn -3.961114E-07 0 -1
vn -3.961114E-07 0 -1
vn -3.961114E-07 0 -1
vn -3.961114E-07 0 -1
vn -3.961114E-07 0 -1
vn -3.961114E-07 0 -1
vn -3.961114E-07 0 -1
vn -3.961114E-07 0 -1
vn -0.6244346 -0.4254864 0.6550135
vn -0.7757795 -0.5285959 0.3446049
vn -0.8580092 -0.3793568 0.3462784
vn -0.7644446 -0.301248 0.5699772
vn -0.9725592 -0.1499255 0.1779074
vn -0.228364 -0.2988397 0.9265769
vn -0.9307175 -0.1378081 0.3387829
vn -0.9896947 -0.06122051 0.1294467
vn -0.5728561 -0.1858112 0.7983171
vn -0.9646489 -0.05827451 0.2570149
vn -0.9931073 -0.01376216 0.1163991
vn -0.9271293 -0.1038016 0.3600785
vn -0.9526036 -0.04292555 0.3011706
vn -0.9723002 -0.01338029 0.2333528
vn -0.993107 0.01376238 0.1164011
vn -0.9584178 -0.01127455 0.2851459
vn -0.9722998 0.01338062 0.2333539
vn -0.9896946 0.06122059 0.1294469
vn -0.958418 0.01127456 0.2851454
vn -0.9646481 0.05827478 0.2570177
vn -0.9725609 0.149923 0.1779
vn -0.9526033 0.04292552 0.3011713
vn -0.930718 0.1378079 0.3387814
vn -0.8580074 0.3793578 0.3462818
vn -0.9271277 0.1038012 0.3600826
vn -0.7644559 0.3012438 0.5699643
vn -0.7757732 0.5286017 0.3446104
vn -0.6244349 0.4254816 0.6550163
vn -0.5728527 0.1858104 0.7983196
vn -0.2283742 0.2988419 0.9265736
vn -0.2238053 0.05419263 0.973126
vn -0.3114616 0.03127526 0.949744
vn -0.4539774 0.08603366 0.8868499
vn -0.6459885 0.02321582 0.7629941
vn -0.6012593 0.04848687 0.7975815
vn -0.6602634 0.006106772 0.7510093
vn -0.6579924 0.01159959 0.7529352
vn -0.6602629 -0.006106815 0.7510098
vn -0.6579913 -0.0115995 0.7529362
vn -0.6459801 -0.02321612 0.763001
vn -0.6012195 -0.0484887 0.7976113
vn -0.3114387 -0.03127593 0.9497515
vn -0.4540036 -0.08603287 0.8868365
vn -0.2238239 -0.05419285 0.9731217
vn 0 0 1
vn 0 0 1
vn 0 0 1
vn 0 0 1
vn -0.06826114 -0.07672931 0.9947126
vn -0.0682577 0.07672951 0.9947128
vn 0.0682461 -0.07672904 0.9947135
vn 0.2283683 -0.2988381 0.9265764
vn 0 -0.5110151 0.8595718
vn 0 -0.5110151 0.8595718
vn 0 -0.597631 0.8017712
vn 0 -0.597631 0.8017712
vn 0.2283824 0.2988402 0.9265721
vn 0.0682577 0.07672928 0.9947128
vn 0.2238031 -0.05419306 0.9731266
vn 0 0.5110157 0.8595715
vn 0 0.5110157 0.8595715
vn 0 0.5976253 0.8017756
vn 0 0.5976253 0.8017756
vn 0.5728513 -0.1858093 0.7983209
vn 0.6244388 -0.4254846 0.6550108
vn 0.764451 -0.3012443 0.5699706
vn 0.7757768 -0.528599 0.3446063
vn 0.8580086 -0.3793578 0.3462784
vn 0.9307201 -0.1378053 0.3387768
vn 0.9725593 -0.1499251 0.1779071
vn 0.9271312 -0.1038003 0.360074
vn 0.952604 -0.04292507 0.3011693
vn 0.9646489 -0.05827437 0.2570147
vn 0.9896946 -0.06122015 0.1294472
vn 0.958418 -0.01127425 0.2851453
vn 0.9723002 -0.01338009 0.2333527
vn 0.9931071 -0.01376208 0.1163997
vn 0.9584182 0.01127426 0.2851446
vn 0.9722999 0.01338043 0.2333535
vn 0.9931069 0.01376222 0.1164015
vn 0.9526039 0.04292502 0.3011699
vn 0.9646481 0.05827463 0.2570179
vn 0.9896946 0.06122066 0.1294475
vn 0.9271263 0.1038023 0.3600859
vn 0.9307151 0.13781 0.3387889
vn 0.9725606 0.1499229 0.1779014
vn 0.5728504 0.185811 0.7983212
vn 0.7644595 0.3012408 0.5699612
vn 0.8580076 0.379357 0.3462819
vn 0.6244391 0.4254798 0.6550135
vn 0.775773 0.5286016 0.3446105
vn 0.2238208 0.05419206 0.9731225
vn 0.4540055 0.08603223 0.8868356
vn 0.3114491 -0.03127576 0.949748
vn 0.4539752 -0.08603375 0.8868511
vn 0.3114631 0.03127526 0.9497434
vn 0.6012582 0.04848704 0.7975823
vn 0.6459553 -0.02321675 0.7630221
vn 0.6012347 -0.04848816 0.7975999
vn 0.6602525 -0.006107117 0.7510188
vn 0.6579703 -0.01160009 0.7529545
vn 0.6602642 0.006106833 0.7510086
vn 0.6579922 0.01159973 0.7529354
vn 0.6459871 0.02321601 0.7629952
vn 0 0 1
vn 0 0 1
vn 0 0 1
vn 0 0 1
vn -0.9896947 -0.06122051 0.1294467
vn -0.9994416 -0.01359796 0.03052255
vn -0.9931073 -0.01376216 0.1163991
vn -0.9976445 -0.05974342 0.03370502
vn -0.9725592 -0.1499255 0.1779074
vn -0.999898 -0.01350426 0.004651676
vn -0.9878989 -0.1481594 0.04587508
vn -0.8580092 -0.3793568 0.3462784
vn -0.998253 -0.05886061 0.005115742
vn -0.9113085 -0.4002324 0.09659657
vn -0.7757795 -0.5285959 0.3446049
vn -0.8208522 -0.5593045 0.1156721
vn -0.9982815 -0.05860045 0
vn -0.9999092 -0.01347619 0
vn -0.989474 -0.1447109 0
vn -0.9893305 -0.145527 0.006870671
vn -0.9214015 -0.3886118 0
vn -0.9199069 -0.3918769 0.01427798
vn -0.8262448 -0.5629855 0.01915536
vn -0.8263944 -0.5630918 0
vn -0.8580074 0.3793578 0.3462818
vn -0.8208494 0.5593091 0.1156702
vn -0.7757732 0.5286017 0.3446104
vn -0.9113064 0.4002372 0.09659658
vn -0.9725609 0.149923 0.1779
vn -0.9878988 0.1481602 0.04587575
vn -0.8262467 0.5629827 0.01915205
vn -0.9199076 0.3918752 0.01427598
vn -0.9893304 0.1455272 0.006870354
vn -0.989474 0.1447113 0
vn -0.9214028 0.3886091 0
vn -0.8263981 0.5630863 0
vn -0.9896946 0.06122059 0.1294469
vn -0.9878988 0.1481602 0.04587575
vn -0.9725609 0.149923 0.1779
vn -0.9976446 0.05974301 0.03370519
vn -0.993107 0.01376238 0.1164011
vn -0.9893304 0.1455272 0.006870354
vn -0.9994416 0.01359822 0.03052285
vn -0.9931073 -0.01376216 0.1163991
vn -0.9994416 -0.01359796 0.03052255
vn -0.998253 0.05886049 0.005115623
vn -0.999898 0.01350431 0.004651662
vn -0.999898 -0.01350426 0.004651676
vn -0.9999092 -0.01347619 0
vn -0.9999092 0.01347619 0
vn -0.9982815 0.05860045 0
vn -0.989474 0.1447113 0
vn 0.9725606 0.1499229 0.1779014
vn 0.9976445 0.05974343 0.0337051
vn 0.9896946 0.06122066 0.1294475
vn 0.9878989 0.1481598 0.04587551
vn 0.8580076 0.379357 0.3462819
vn 0.998253 0.05886076 0.005115443
vn 0.9113067 0.4002367 0.09659643
vn 0.775773 0.5286016 0.3446105
vn 0.8208495 0.559309 0.1156702
vn 0.9893305 0.145527 0.006870278
vn 0.9199077 0.3918749 0.01427598
vn 0.8262467 0.5629827 0.01915205
vn 0.8263981 0.5630863 0
vn 0.9214028 0.3886087 0
vn 0.989474 0.1447109 0
vn 0.9982815 0.05860069 0
vn 0.8580086 -0.3793578 0.3462784
vn 0.8208507 -0.5593067 0.115673
vn 0.7757768 -0.528599 0.3446063
vn 0.9113078 -0.4002338 0.09659691
vn 0.8262448 -0.5629855 0.01915536
vn 0.919907 -0.3918765 0.01427798
vn 0.9214017 -0.3886114 0
vn 0.8263944 -0.5630918 0
vn 0.9725593 -0.1499251 0.1779071
vn 0.9113078 -0.4002338 0.09659691
vn 0.8580086 -0.3793578 0.3462784
vn 0.987899 -0.1481591 0.04587443
vn 0.9896946 -0.06122015 0.1294472
vn 0.919907 -0.3918765 0.01427798
vn 0.9976446 -0.05974329 0.03370467
vn 0.9931071 -0.01376208 0.1163997
vn 0.9893305 -0.1455268 0.006870519
vn 0.9994416 -0.01359794 0.03052277
vn 0.9931069 0.01376222 0.1164015
vn 0.9894741 -0.1447105 0
vn 0.9214017 -0.3886114 0
vn 0.9982815 -0.05860069 0
vn 0.998253 -0.05886088 0.005115483
vn 0.9999092 -0.01347643 0
vn 0.999898 -0.01350445 0.004651575
vn 0.9999092 0.01347643 0
vn 0.9994416 0.01359813 0.03052294
vn 0.9896946 0.06122066 0.1294475
vn 0.9976445 0.05974343 0.0337051
vn 0.999898 0.01350449 0.004651562
vn 0.9982815 0.05860069 0
vn 0.998253 0.05886076 0.005115443
vn 0 -0.9352458 0.3539992
vn 0 -0.9770627 0.2129517
vn 0 -0.9352458 0.3539992
vn 0 -0.9770628 0.2129516
vn 0 -0.9994245 0.03392209
vn 0 -0.9994245 0.03392208
vn 0 -1 0
vn 0 -1 0
vn 0 0.9770628 0.2129515
vn 0 0.9352477 0.353994
vn 0 0.9352477 0.353994
vn 0 0.9770628 0.2129515
vn 0 0.9994245 0.03392475
vn 0 0.9994245 0.03392475
vn 0 1 0
vn 0 1 0
vn -3.961112E-07 0 -1
vn -3.961112E-07 0 -1
vn -3.961112E-07 0 -1
vn -3.961112E-07 0 -1
vn -3.961112E-07 0 -1
vn -3.961112E-07 0 -1
vn -3.961112E-07 0 -1
vn -3.961112E-07 0 -1
vn -3.961112E-07 0 -1
vn -3.961112E-07 0 -1
vn -3.961112E-07 0 -1
vn -3.961112E-07 0 -1
vn -3.961112E-07 0 -1
vn -3.961112E-07 0 -1
vn -3.961112E-07 0 -1
vn -3.961112E-07 0 -1
vn -3.961112E-07 0 -1
vn -3.961112E-07 0 -1
vn -3.961112E-07 0 -1
vn -3.961112E-07 0 -1
vn -0.6244161 -0.4255049 0.6550192
vn -0.7757617 -0.5286222 0.3446047
vn -0.858003 -0.3793702 0.3462791
vn -0.764441 -0.3012536 0.5699791
vn -0.9725611 -0.1499179 0.1779035
vn -0.2283552 -0.2988441 0.9265777
vn -0.9307208 -0.1378049 0.3387753
vn -0.9896951 -0.06122002 0.1294442
vn -0.5728542 -0.1858138 0.7983177
vn -0.9646509 -0.05827233 0.2570078
vn -0.9931062 -0.01376411 0.116407
vn -0.927135 -0.1037953 0.3600657
vn -0.9526082 -0.04293038 0.3011553
vn -0.9723009 -0.0133828 0.2333489
vn -0.9931061 0.01376432 0.1164088
vn -0.958427 -0.01127884 0.2851149
vn -0.9723007 0.01338314 0.2333501
vn -0.9896951 0.06122011 0.1294442
vn -0.958427 0.01127884 0.2851149
vn -0.9646501 0.05827261 0.2570105
vn -0.9725628 0.1499155 0.177896
vn -0.9526078 0.04293034 0.3011567
vn -0.9307213 0.1378046 0.3387739
vn -0.8580012 0.379371 0.3462825
vn -0.9271334 0.1037949 0.3600698
vn -0.7644531 0.3012501 0.5699648
vn -0.7757553 0.5286281 0.3446102
vn -0.624417 0.4255006 0.6550212
vn -0.5728514 0.1858133 0.7983201
vn -0.2283668 0.2988473 0.9265738
vn -0.2237983 0.05419488 0.9731276
vn -0.3114649 0.03127338 0.9497429
vn -0.4539659 0.08603765 0.8868554
vn -0.6459872 0.02321545 0.7629951
vn -0.6012658 0.04848305 0.7975768
vn -0.660243 0.006107055 0.7510273
vn -0.6579802 0.01159987 0.7529459
vn -0.6602424 -0.0061071 0.7510278
vn -0.6579792 -0.01159978 0.7529467
vn -0.6459793 -0.02321577 0.7630019
vn -0.601227 -0.04848497 0.797606
vn -0.3114426 -0.03127412 0.9497502
vn -0.4539931 -0.08603704 0.8868415
vn -0.2238173 -0.0541952 0.9731231
vn 0 0 1
vn 0 0 1
vn 0 0 1
vn 0 0 1
vn -0.06825983 -0.07672912 0.9947127
vn -0.06825639 0.07672932 0.9947128
vn 0.0682437 -0.07672852 0.9947137
vn 0.228366 -0.2988339 0.9265782
vn 0 -0.5110148 0.859572
vn 0 -0.5110148 0.859572
vn 0 -0.5976306 0.8017716
vn 0 -0.5976306 0.8017716
vn 0.2283802 0.298836 0.9265741
vn 0.0682553 0.07672877 0.9947129
vn 0.2238069 -0.0541933 0.9731257
vn 0 0.5110152 0.8595716
vn 0 0.5110152 0.8595716
vn 0 0.5976247 0.801776
vn 0 0.5976247 0.801776
vn 0.5728453 -0.1858121 0.7983245
vn 0.6244334 -0.4254933 0.6550101
vn 0.7644536 -0.3012387 0.5699701
vn 0.7757691 -0.5286127 0.3446025
vn 0.8580049 -0.3793653 0.3462795
vn 0.9307169 -0.1378081 0.3387847
vn 0.9725595 -0.1499197 0.1779099
vn 0.9271397 -0.1038016 0.3600517
vn 0.95261 -0.04292443 0.3011509
vn 0.9646484 -0.05827558 0.2570162
vn 0.9896927 -0.06122196 0.1294609
vn 0.9584194 -0.011274 0.2851408
vn 0.9722974 -0.01338064 0.2333639
vn 0.9931056 -0.01376398 0.1164128
vn 0.9584195 0.011274 0.2851402
vn 0.9722972 0.01338098 0.2333647
vn 0.9931054 0.01376412 0.1164144
vn 0.9526097 0.04292438 0.3011513
vn 0.9646477 0.05827583 0.2570189
vn 0.9896926 0.06122248 0.1294615
vn 0.9271353 0.1038037 0.3600623
vn 0.9307117 0.1378127 0.3387971
vn 0.972561 0.1499176 0.1779042
vn 0.5728442 0.1858137 0.7983249
vn 0.7644624 0.3012354 0.5699601
vn 0.8580046 0.379365 0.3462807
vn 0.6244362 0.4254902 0.6550096
vn 0.775766 0.5286157 0.3446051
vn 0.2238232 0.05419202 0.9731219
vn 0.4540089 0.08603127 0.886834
vn 0.3114556 -0.03127767 0.9497458
vn 0.453981 -0.08603329 0.886848
vn 0.3114693 0.03127713 0.9497413
vn 0.6012658 0.04848986 0.7975765
vn 0.6459551 -0.02321458 0.7630223
vn 0.6012424 -0.04849098 0.797594
vn 0.6602496 -0.006106018 0.7510215
vn 0.6579678 -0.01159798 0.7529567
vn 0.6602612 0.006105734 0.7510113
vn 0.6579897 0.01159761 0.7529376
vn 0.6459869 0.02321385 0.7629955
vn 0 0 1
vn 0 0 1
vn 0 0 1
vn 0 0 1
vn -0.9896951 -0.06122002 0.1294442
vn -0.9994414 -0.01360144 0.03052533
vn -0.9931062 -0.01376411 0.116407
vn -0.9976445 -0.0597433 0.03370821
vn -0.9725611 -0.1499179 0.1779035
vn -0.999898 -0.01350665 0.004655857
vn -0.9878992 -0.1481564 0.04587686
vn -0.858003 -0.3793702 0.3462791
vn -0.998253 -0.05886104 0.005119142
vn -0.9113045 -0.4002417 0.09659614
vn -0.7757617 -0.5286222 0.3446047
vn -0.8208438 -0.559317 0.1156715
vn -0.9982815 -0.058601 0
vn -0.9999092 -0.01347868 0
vn -0.9894734 -0.1447148 0
vn -0.9893302 -0.1455286 0.006872604
vn -0.9214035 -0.3886071 0
vn -0.9199075 -0.3918753 0.014279
vn -0.8262508 -0.5629765 0.01915647
vn -0.8264067 -0.5630736 0
vn -0.8580012 0.379371 0.3462825
vn -0.820841 0.5593216 0.1156695
vn -0.7757553 0.5286281 0.3446102
vn -0.9113023 0.4002465 0.09659615
vn -0.9725628 0.1499155 0.177896
vn -0.9878991 0.1481571 0.04587744
vn -0.8262528 0.5629738 0.01915316
vn -0.9199083 0.3918736 0.014277
vn -0.9893301 0.1455288 0.006872287
vn -0.9894734 0.1447151 0
vn -0.9214048 0.3886044 0
vn -0.8264105 0.5630682 0
vn -0.9896951 0.06122011 0.1294442
vn -0.9878991 0.1481571 0.04587744
vn -0.9725628 0.1499155 0.177896
vn -0.9976445 0.0597429 0.03370832
vn -0.9931061 0.01376432 0.1164088
vn -0.9893301 0.1455288 0.006872287
vn -0.9994414 0.0136017 0.03052568
vn -0.9931062 -0.01376411 0.116407
vn -0.9994414 -0.01360144 0.03052533
vn -0.998253 0.05886092 0.005119023
vn -0.999898 0.01350669 0.004655844
vn -0.999898 -0.01350665 0.004655857
vn -0.9999092 -0.01347868 0
vn -0.9999092 0.01347868 0
vn -0.9982815 0.058601 0
vn -0.9894734 0.1447151 0
vn 0.972561 0.1499176 0.1779042
vn 0.9976447 0.05974147 0.03370278
vn 0.9896926 0.06122248 0.1294615
vn 0.9878991 0.1481581 0.0458754
vn 0.8580046 0.379365 0.3462807
vn 0.9982532 0.05885882 0.005113404
vn 0.9113033 0.4002444 0.09659552
vn 0.775766 0.5286157 0.3446051
vn 0.8208409 0.5593221 0.1156678
vn 0.9893306 0.1455257 0.006868097
vn 0.9199055 0.3918801 0.01427439
vn 0.8262413 0.5629908 0.01915076
vn 0.8263958 0.5630897 0
vn 0.9214021 0.3886104 0
vn 0.9894744 0.1447088 0
vn 0.9982815 0.058601 0
vn 0.8580049 -0.3793653 0.3462795
vn 0.8208421 -0.5593197 0.1156705
vn 0.7757691 -0.5286127 0.3446025
vn 0.9113046 -0.4002416 0.09659602
vn 0.8262393 -0.5629936 0.01915406
vn 0.9199048 -0.3918818 0.01427616
vn 0.921401 -0.3886132 0
vn 0.8263921 -0.5630952 0
vn 0.9725595 -0.1499197 0.1779099
vn 0.9113046 -0.4002416 0.09659602
vn 0.8580049 -0.3793653 0.3462795
vn 0.9878992 -0.1481574 0.04587451
vn 0.9896927 -0.06122196 0.1294609
vn 0.9199048 -0.3918818 0.01427616
vn 0.9976447 -0.05974131 0.03370235
vn 0.9931056 -0.01376398 0.1164128
vn 0.9893306 -0.1455255 0.006868173
vn 0.9994417 -0.01359797 0.03051973
vn 0.9931054 0.01376412 0.1164144
vn 0.9894744 -0.1447084 0
vn 0.921401 -0.3886132 0
vn 0.9982815 -0.058601 0
vn 0.9982532 -0.05885894 0.00511349
vn 0.9999092 -0.01347868 0
vn 0.999898 -0.0135045 0.004650245
vn 0.9999092 0.01347868 0
vn 0.9994417 0.01359815 0.03051997
vn 0.9896926 0.06122248 0.1294615
vn 0.9976447 0.05974147 0.03370278
vn 0.999898 0.01350454 0.004650266
vn 0.9982815 0.058601 0
vn 0.9982532 0.05885882 0.005113404
vn 0 -0.9352456 0.3539997
vn 0 -0.9770628 0.2129515
vn 0 -0.9352456 0.3539997
vn 0 -0.9770627 0.2129521
vn 0 -0.9994245 0.03392198
vn 0 -0.9994245 0.0339221
vn 0 -1 0
vn 0 -1 0
vn 0 0.9770627 0.212952
vn 0 0.9352475 0.3539944
vn 0 0.9352475 0.3539944
vn 0 0.9770628 0.2129514
vn 0 0.9994245 0.03392477
vn 0 0.9994245 0.03392465
vn 0 1 0
vn 0 1 0
vn 0 0 -1
vn 0 0 -1
vn 0 0 -1
vn 0 0 -1
vn 0 0 -1
vn 0 0 -1
vn 0 0 -1
vn 0 0 -1
vn 0 0 -1
vn 0 0 -1
vn 0 0 -1
vn 0 0 -1
vn 0 0 -1
vn 0 0 -1
vn 0 0 -1
vn 0 0 -1
vn 0 0 -1
vn 0 0 -1
vn 0 0 -1
vn 0 0 -1
vn -0.6762791 -0.4608352 0.5746979
vn -0.7894749 -0.5379536 0.2955256
vn -0.8753012 -0.3893542 0.2867944
vn -0.8045042 -0.3269379 0.4958676
vn -0.5848182 -0.3985037 0.7065284
vn -0.9783341 -0.1501144 0.1425769
vn -0.8464696 -0.2420117 0.4742568
vn -0.9502636 -0.1415327 0.27743
vn -0.9927442 -0.06091965 0.1036716
vn -0.9481646 -0.1094593 0.2983328
vn -0.9763632 -0.05895604 0.20794
vn -0.9955372 -0.01372665 0.09336624
vn -0.8625611 -0.05219401 0.5032535
vn -0.9819829 -0.01347522 0.1884884
vn -0.9955373 0.01372654 0.09336616
vn -0.9819828 0.01347539 0.1884887
vn -0.9927443 0.06091949 0.1036705
vn -0.8841799 -0.01264981 0.4669751
vn -0.9763632 0.05895581 0.2079401
vn -0.9783346 0.1501136 0.1425733
vn -0.8841801 0.01264989 0.4669748
vn -0.9502636 0.1415331 0.2774298
vn -0.8752999 0.3893545 0.2867982
vn -0.8625609 0.05219389 0.5032537
vn -0.8045061 0.3269393 0.4958635
vn -0.7894719 0.5379556 0.2955297
vn -0.6762744 0.4608343 0.5747039
vn -0.948164 0.1094586 0.2983351
vn -0.846469 0.2420123 0.4742575
vn -0.584824 0.3985076 0.7065216
vn -0.7399898 -0.007129828 0.6725805
vn -0.7262427 -0.02674173 0.6869181
vn -0.7399902 0.007129777 0.6725798
vn -0.7262441 0.02674174 0.6869166
vn -0.6589354 -0.06674924 0.7492321
vn -0.5375251 0.1015102 0.8371156
vn -0.5375293 -0.1015109 0.8371127
vn -0.6589357 0.06674911 0.7492318
vn -0.2442482 0.1392809 0.9596581
vn -0.2687137 -0.06562687 0.9609818
vn -0.2687108 0.06562586 0.9609827
vn -0.2442453 -0.1392817 0.9596587
vn -0.03552346 0.3005261 0.9531118
vn -0.08455392 -0.09544266 0.9918373
vn -0.03552311 -0.3005219 0.9531131
vn 0 0 1
vn 0 0 1
vn 0 0 1
vn 0 0 1
vn 0 0 1
vn 0 0 1
vn -0.08455625 0.09544282 0.9918372
vn 0.08455218 -0.0954417 0.9918376
vn 0.03552239 -0.3005228 0.9531129
vn 0 -0.5948707 0.8038214
vn 0 -0.5948707 0.8038214
vn 0 -0.6822036 0.7311623
vn 0 -0.6822036 0.7311623
vn 0.2687242 -0.06562269 0.9609793
vn 0.2442452 -0.1392802 0.9596589
vn 0.08455491 0.09544214 0.9918373
vn 0.6589382 -0.06675835 0.7492288
vn 0.537545 -0.1015027 0.8371037
vn 0.7262432 -0.02674117 0.6869175
vn 0.8625629 -0.05219729 0.5032502
vn 0.740006 -0.007128614 0.6725625
vn 0.03552289 0.3005271 0.9531115
vn 0 0.5948716 0.8038208
vn 0 0.5948716 0.8038208
vn 0 0.682198 0.7311674
vn 0 0.682198 0.7311674
vn 0.244249 0.13928 0.959658
vn 0.2687219 0.06562185 0.9609798
vn 0 0 1
vn 0.5375416 0.1015022 0.837106
vn 0 0 1
vn 0.6589378 0.06675817 0.7492293
vn 0 0 1
vn 0 0 1
vn 0 0 1
vn 0 0 1
vn 0.8625627 0.05219716 0.5032506
vn 0.7262438 0.02674115 0.6869169
vn 0.8841781 0.01264778 0.4669787
vn 0.7400061 0.007128556 0.6725623
vn 0.884178 -0.0126477 0.4669789
vn 0.9819806 0.01347495 0.1885011
vn 0.9819806 -0.01347478 0.1885011
vn 0.9763618 -0.05895647 0.2079471
vn 0.9763618 0.05895622 0.2079472
vn 0.9481664 0.1094606 0.2983269
vn 0.9502596 -0.1415352 0.2774425
vn 0.948167 -0.1094613 0.2983244
vn 0.9502594 0.1415357 0.2774431
vn 0.8464655 0.2420119 0.4742639
vn 0.8045096 -0.3269264 0.4958663
vn 0.8464668 -0.2420116 0.4742619
vn 0.6762936 -0.460819 0.5746937
vn 0.5848275 -0.3984827 0.7065326
vn 0.78948 -0.5379483 0.2955216
vn 0.8753038 -0.3893486 0.2867941
vn 0.9783332 -0.1501141 0.142583
vn 0.9927428 -0.06092014 0.1036851
vn 0.9955368 -0.01372757 0.09337081
vn 0.9955368 0.01372746 0.09337074
vn 0.9927429 0.06091999 0.1036843
vn 0.9783337 0.1501133 0.1425805
vn 0.8045105 0.3269275 0.4958644
vn 0.5848297 0.3984848 0.7065296
vn 0.8753027 0.3893493 0.2867966
vn 0.6762898 0.4608193 0.5746979
vn 0.7894773 0.5379507 0.2955241
vn -0.9927442 -0.06091965 0.1036716
vn -0.9996102 -0.01357698 0.02439465
vn -0.9955372 -0.01372665 0.09336624
vn -0.9978642 -0.05952258 0.02691079
vn -0.9783341 -0.1501144 0.1425769
vn -0.999902 -0.01349921 0.003719565
vn -0.9883837 -0.1475283 0.03651117
vn -0.8753012 -0.3893542 0.2867944
vn -0.9982609 -0.058808 0.004088677
vn -0.9139061 -0.3986027 0.07675676
vn -0.7894749 -0.5379536 0.2955256
vn -0.8226878 -0.5605663 0.09460487
vn -0.9982815 -0.05860043 0
vn -0.9999092 -0.01347704 0
vn -0.9894735 -0.1447144 0
vn -0.9893629 -0.1453647 0.005484537
vn -0.9214039 -0.3886061 0
vn -0.9202229 -0.3912293 0.01137971
vn -0.8263047 -0.5630138 0.015364
vn -0.8264062 -0.5630744 0
vn -0.8752999 0.3893545 0.2867982
vn -0.8226861 0.5605693 0.09460255
vn -0.7894719 0.5379556 0.2955297
vn -0.9139051 0.3986051 0.07675599
vn -0.9783346 0.1501136 0.1425733
vn -0.9883837 0.1475284 0.03651145
vn -0.8263037 0.5630153 0.01536147
vn -0.9202226 0.3912299 0.01137816
vn -0.9893629 0.1453649 0.005484283
vn -0.9894734 0.1447149 0
vn -0.9214038 0.3886067 0
vn -0.8264062 0.5630744 0
vn -0.9927443 0.06091949 0.1036705
vn -0.9883837 0.1475284 0.03651145
vn -0.9783346 0.1501136 0.1425733
vn -0.9978642 0.05952241 0.02691082
vn -0.9955373 0.01372654 0.09336616
vn -0.9893629 0.1453649 0.005484283
vn -0.9996102 0.01357706 0.02439472
vn -0.9955372 -0.01372665 0.09336624
vn -0.9996102 -0.01357698 0.02439465
vn -0.9982609 0.05880798 0.004088583
vn -0.999902 0.01349921 0.003719541
vn -0.999902 -0.01349921 0.003719565
vn -0.9999092 -0.01347704 0
vn -0.9999092 0.01347704 0
vn -0.9982815 0.05860043 0
vn -0.9894734 0.1447149 0
vn 0.9783337 0.1501133 0.1425805
vn 0.9978643 0.05952154 0.02690633
vn 0.9927429 0.06091999 0.1036843
vn 0.9883837 0.1475284 0.03650984
vn 0.8753027 0.3893493 0.2867966
vn 0.998261 0.058807 0.004084093
vn 0.9139029 0.3986103 0.07675516
vn 0.7894773 0.5379507 0.2955241
vn 0.8226789 0.5605802 0.09460023
vn 0.9893635 0.1453616 0.005480928
vn 0.9202192 0.3912379 0.01137602
vn 0.8262913 0.5630335 0.01535945
vn 0.8263945 0.5630916 0
vn 0.9214017 0.3886115 0
vn 0.9894744 0.144708 0
vn 0.9982815 0.05860017 0
vn 0.8753038 -0.3893486 0.2867941
vn 0.8226807 -0.5605772 0.09460255
vn 0.78948 -0.5379483 0.2955216
vn 0.9139039 -0.3986078 0.07675572
vn 0.8262922 -0.5630322 0.01536198
vn 0.9202195 -0.3912372 0.01137739
vn 0.9214019 -0.388611 0
vn 0.8263945 -0.5630916 0
vn 0.9783332 -0.1501141 0.142583
vn 0.9139039 -0.3986078 0.07675572
vn 0.8753038 -0.3893486 0.2867941
vn 0.9883838 -0.1475283 0.03650937
vn 0.9927428 -0.06092014 0.1036851
vn 0.9202195 -0.3912372 0.01137739
vn 0.9978643 -0.0595217 0.02690627
vn 0.9955368 -0.01372757 0.09337081
vn 0.9893635 -0.1453613 0.005480991
vn 0.9996104 -0.01357613 0.02439017
vn 0.9955368 0.01372746 0.09337074
vn 0.9894744 -0.1447075 0
vn 0.9214019 -0.388611 0
vn 0.9982815 -0.05860017 0
vn 0.998261 -0.05880703 0.004084161
vn 0.9999092 -0.01347855 0
vn 0.999902 -0.01349911 0.003715082
vn 0.9999092 0.01347855 0
vn 0.9996104 0.0135762 0.02439027
vn 0.9927429 0.06091999 0.1036843
vn 0.9978643 0.05952154 0.02690633
vn 0.999902 0.01349911 0.003715086
vn 0.9982815 0.05860017 0
vn 0.998261 0.058807 0.004084093
vn 0 -0.9571946 0.2894453
vn 0 -0.9849386 0.1729046
vn 0 -0.9571946 0.2894453
vn 0 -0.9849385 0.1729049
vn 0 -0.9996321 0.02712051
vn 0 -0.9996321 0.02712058
vn 0 -1 0
vn 0 -1 0
vn 0 0.9849389 0.1729029
vn 0 0.9571946 0.2894453
vn 0 0.9571946 0.2894453
vn 0 0.984939 0.1729025
vn 0 0.9996322 0.02711845
vn 0 0.9996322 0.02711838
vn 0 1 0
vn 0 1 0
vn -1 1.861056E-07 0
vn -1 1.861056E-07 0
vn -1 1.861056E-07 0
vn -1 1.861056E-07 0
vn -1 1.861056E-07 0
vn -1 1.861056E-07 0
vn -1 1.861056E-07 0
vn -1 1.861056E-07 0
vn -1 1.861056E-07 0
vn -1 1.861056E-07 0
vn -1 1.861056E-07 0
vn -1 1.861056E-07 0
vn -1 1.861056E-07 0
vn -1 1.861056E-07 0
vn -1 1.861056E-07 0
vn -1 1.861056E-07 0
vn -1 1.861056E-07 0
vn -1 1.861056E-07 0
vn -1 1.861056E-07 0
vn -1 1.861056E-07 0
vn 0.4188703 -0.8621634 0.2849949
vn 0.1926758 -0.9316812 0.3079711
vn 0.2043949 -0.8956993 0.3948992
vn 0.3641545 -0.845564 0.3904012
vn 0.5605964 -0.7862505 0.2598882
vn 0.0871053 -0.8404436 0.5348525
vn 0.6621217 -0.6699905 0.3357193
vn 0.17183 -0.8298278 0.5309051
vn 0.06196534 -0.8166517 0.5737947
vn 0.1254381 -0.811434 0.5708241
vn 0.05546346 -0.8031406 0.5932025
vn 0.4470442 -0.7526403 0.4834088
vn 0.1129141 -0.7992161 0.5903423
vn 0.05546365 -0.7949671 0.6041119
vn 0.3470048 -0.7675304 0.5389665
vn 0.1129106 -0.7911162 0.6011541
vn 0.0619581 -0.7801316 0.6225398
vn 0.3120962 -0.7645153 0.5640145
vn 0.1254313 -0.7758065 0.6183779
vn 0.08710513 -0.7494416 0.6563154
vn 0.3120957 -0.7561018 0.5752445
vn 0.1718393 -0.7426689 0.6472358
vn 0.2043981 -0.6306512 0.7486658
vn 0.3470058 -0.7328981 0.5851899
vn 0.3641904 -0.6122348 0.7018077
vn 0.1926805 -0.5573339 0.807622
vn 0.4188894 -0.5157418 0.7473568
vn 0.4470159 -0.6753969 0.5865286
vn 0.6621243 -0.5104316 0.5486812
vn 0.5606511 -0.4703076 0.6815286
vn 0.4728952 -0.7073246 0.5254162
vn 0.4851223 -0.7085164 0.5125045
vn 0.4728967 -0.7030177 0.5311637
vn 0.485128 -0.6909341 0.5359673
vn 0.5517169 -0.6907701 0.4673811
vn 0.5517219 -0.6426316 0.5316274
vn 0.9194675 -0.2861284 0.269648
vn 0.919484 -0.339139 0.1988313
vn 0.9630487 0.1320744 0.2347202
vn 0.9844384 -0.1738382 0.02571678
vn 0.9844342 0.07354266 -0.1596273
vn 1 -1.039382E-06 5.087619E-07
vn 0.9630483 -0.1881544 -0.1927065
vn 1 -1.039382E-06 5.087619E-07
vn 1 -1.039382E-06 5.087619E-07
vn 1 -1.039382E-06 5.087619E-07
vn 0.963048 -0.1320748 -0.2347233
vn 0.8503374 -0.3155316 -0.4211485
vn 0.8503374 -0.3155317 -0.4211485
vn 0.7895125 -0.3679938 -0.4911727
vn 0.7895125 -0.3679938 -0.4911727
vn 0.9194767 0.2861134 -0.2696323
vn 0.6621069 0.5104474 -0.5486875
vn 1 -1.039382E-06 5.087619E-07
vn 1 -1.039382E-06 5.087619E-07
vn 1 -1.039382E-06 5.087619E-07
vn 1 -1.039382E-06 5.087619E-07
vn 1 -1.039382E-06 5.087619E-07
vn 1 -1.039382E-06 5.087619E-07
vn 0.5517122 0.6426366 -0.5316314
vn 0.9844354 -0.07352999 0.1596259
vn 0.9844327 0.1738698 -0.02571978
vn 1 -1.039382E-06 5.087619E-07
vn 1 -1.039382E-06 5.087619E-07
vn 0.919475 0.3391591 -0.1988388
vn 0.9630484 0.1881571 0.1927039
vn 0.8503426 0.3155254 0.4211429
vn 0.8503426 0.3155254 0.4211428
vn 0.789519 0.3679885 0.4911662
vn 0.789519 0.3679885 0.4911662
vn 0.6621083 0.6700028 -0.3357216
vn 0.4470172 0.7526526 -0.4834144
vn 0.5517318 0.6907585 -0.4673807
vn 0.3470018 0.7675291 -0.5389702
vn 0.4851016 0.7085254 -0.5125116
vn 0.3120739 0.7645231 -0.5640162
vn 0.4728632 0.7073326 -0.5254341
vn 0.312076 0.7561116 -0.5752424
vn 0.4728621 0.7030266 -0.5311828
vn 0.3469997 0.7329053 -0.5851845
vn 0.4850959 0.6909482 -0.5359781
vn 0.447029 0.6753972 -0.5865184
vn 0.1718424 0.8298202 -0.5309129
vn 0.1254329 0.8114339 -0.5708253
vn 0.1129206 0.7992123 -0.5903461
vn 0.1129226 0.7911149 -0.6011536
vn 0.1254362 0.7758135 -0.6183681
vn 0.1718299 0.7426773 -0.6472287
vn 0.3641605 0.6122411 -0.7018176
vn 0.4188657 0.5157476 -0.747366
vn 0.5606096 0.4703093 -0.6815615
vn 0.1926766 0.5573249 -0.807629
vn 0.2043922 0.6306517 -0.7486669
vn 0.08710361 0.7494482 -0.6563081
vn 0.06196329 0.7801369 -0.6225327
vn 0.05547111 0.7949615 -0.6041186
vn 0.05547569 0.8031356 -0.5932081
vn 0.06197737 0.8166483 -0.5737982
vn 0.08711129 0.8404426 -0.5348531
vn 0.3641782 0.8455555 -0.3903971
vn 0.5606415 0.78622 -0.259883
vn 0.204395 0.8956992 -0.3948996
vn 0.4188797 0.8621594 -0.2849928
vn 0.1926687 0.9316815 -0.3079747
vn 0.06196534 -0.8166517 0.5737947
vn 0.01442763 -0.8042163 0.5941616
vn 0.05546346 -0.8031406 0.5932025
vn 0.01595712 -0.8175306 0.575664
vn 0.0871053 -0.8404436 0.5348525
vn 0.002195213 -0.8042701 0.5942599
vn 0.02192852 -0.8421751 0.538758
vn 0.2043949 -0.8956993 0.3948992
vn 0.002417282 -0.8173759 0.5760996
vn 0.05116121 -0.910977 0.4092719
vn 0.1926758 -0.9316812 0.3079711
vn 0.06259833 -0.9476109 0.3132332
vn 0 -0.8173058 0.5762041
vn 0 -0.8042642 0.594272
vn 0 -0.8413973 0.5404171
vn 0.003275173 -0.8416137 0.5400701
vn 0 -0.908408 0.4180848
vn 0.00740326 -0.9092655 0.4161506
vn 0.01036029 -0.949423 0.3138289
vn 0 -0.9494747 0.3138436
vn 0.2043981 -0.6306512 0.7486658
vn 0.06259387 -0.566872 0.8214245
vn 0.1926805 -0.5573339 0.807622
vn 0.05115677 -0.6487453 0.7592843
vn 0.08710513 -0.7494416 0.6563154
vn 0.02192603 -0.7536796 0.6568761
vn 0.01035551 -0.5679605 0.8229907
vn 0.007400097 -0.6548676 0.7557074
vn 0.003276414 -0.7547778 0.6559722
vn 0 -0.755049 0.6556683
vn 0 -0.6564825 0.7543412
vn 0 -0.5679898 0.8230355
vn 0.0619581 -0.7801316 0.6225398
vn 0.02192603 -0.7536796 0.6568761
vn 0.08710513 -0.7494416 0.6563154
vn 0.01596071 -0.7821703 0.6228603
vn 0.05546365 -0.7949671 0.6041119
vn 0.003276414 -0.7547778 0.6559722
vn 0.01443061 -0.7961842 0.6048822
vn 0.05546346 -0.8031406 0.5932025
vn 0.01442763 -0.8042163 0.5941616
vn 0.002421388 -0.7825455 0.6225886
vn 0.002197375 -0.7962937 0.6049063
vn 0.002195213 -0.8042701 0.5942599
vn 0 -0.8042642 0.594272
vn 0 -0.7963031 0.6048978
vn 0 -0.7826262 0.622492
vn 0 -0.755049 0.6556683
vn 0.08711129 0.8404426 -0.5348531
vn 0.01595907 0.8175309 -0.5756635
vn 0.06197737 0.8166483 -0.5737982
vn 0.02192903 0.8421738 -0.5387599
vn 0.204395 0.8956992 -0.3948996
vn 0.00241757 0.8173771 -0.5760979
vn 0.05115758 0.9109762 -0.409274
vn 0.1926687 0.9316815 -0.3079747
vn 0.0625945 0.9476108 -0.3132342
vn 0.003274133 0.8416141 -0.5400693
vn 0.007402102 0.9092659 -0.4161499
vn 0.01036042 0.9494245 -0.3138242
vn 0 0.9494771 -0.3138364
vn 0 0.9084088 -0.4180831
vn 0 0.8413975 -0.5404166
vn 0 0.8173069 -0.5762026
vn 0.2043922 0.6306517 -0.7486669
vn 0.06259952 0.5668556 -0.8214354
vn 0.1926766 0.5573249 -0.807629
vn 0.05116126 0.6487368 -0.7592912
vn 0.01035945 0.5679415 -0.8230036
vn 0.007401922 0.6548586 -0.7557151
vn 0 0.6564741 -0.7543486
vn 0 0.5679699 -0.8230493
vn 0.08710361 0.7494482 -0.6563081
vn 0.05116126 0.6487368 -0.7592912
vn 0.2043922 0.6306517 -0.7486669
vn 0.02192855 0.7536806 -0.6568749
vn 0.06196329 0.7801369 -0.6225327
vn 0.007401922 0.6548586 -0.7557151
vn 0.01595853 0.7821719 -0.6228583
vn 0.05547111 0.7949615 -0.6041186
vn 0.003275558 0.7547778 -0.6559722
vn 0.01442704 0.796183 -0.6048839
vn 0.05547569 0.8031356 -0.5932081
vn 0 0.7550493 -0.655668
vn 0 0.6564741 -0.7543486
vn 0 0.7826263 -0.6224917
vn 0.002420048 0.7825455 -0.6225886
vn 0 0.7963035 -0.6048973
vn 0.002197091 0.7962928 -0.6049073
vn 0 0.8042637 -0.5942726
vn 0.01442732 0.8042159 -0.5941622
vn 0.06197737 0.8166483 -0.5737982
vn 0.01595907 0.8175309 -0.5756635
vn 0.002195716 0.8042693 -0.5942609
vn 0 0.8173069 -0.5762026
vn 0.00241757 0.8173771 -0.5760979
vn 0.3411669 -0.5636222 -0.7522866
vn 0.2050419 -0.5868591 -0.783297
vn 0.3411669 -0.5636222 -0.7522866
vn 0.205042 -0.5868591 -0.783297
vn 0.03253849 -0.5992818 -0.7998766
vn 0.03253845 -0.5992818 -0.7998766
vn 0 -0.5995978 -0.8003015
vn 0 -0.5995978 -0.8003015
vn 0.2050422 0.5868592 0.7832969
vn 0.3411719 0.5636222 0.7522843
vn 0.3411719 0.5636222 0.7522843
vn 0.2050418 0.5868592 0.783297
vn 0.03253574 0.5992814 0.7998769
vn 0.03253568 0.5992814 0.799877
vn 0 0.5995978 0.8003015
vn 0 0.5995978 0.8003015
vn -1 0 0
vn -1 0 0
vn -1 0 0
vn -1 0 0
vn -1 0 0
vn -1 0 0
vn -1 0 0
vn -1 0 0
vn -1 0 0
vn -1 0 0
vn -1 0 0
vn -1 0 0
vn -1 0 0
vn -1 0 0
vn -1 0 0
vn -1 0 0
vn -1 0 0
vn -1 0 0
vn -1 0 0
vn -1 0 0
vn 0.4188681 -0.8621674 0.2849859
vn 0.1926729 -0.931683 0.3079676
vn 0.2043922 -0.8957016 0.3948954
vn 0.364161 -0.8455624 0.3903985
vn 0.560613 -0.7862399 0.2598843
vn 0.0871057 -0.8404419 0.5348552
vn 0.662117 -0.6699955 0.335719
vn 0.1718304 -0.8298228 0.5309127
vn 0.06196522 -0.8166486 0.5737991
vn 0.1254353 -0.8114367 0.5708209
vn 0.05546418 -0.8031372 0.5932067
vn 0.447039 -0.7526523 0.4833948
vn 0.1129176 -0.7992123 0.5903466
vn 0.05546544 -0.7949639 0.6041158
vn 0.3470024 -0.7675325 0.5389649
vn 0.1129113 -0.7911171 0.6011528
vn 0.06195897 -0.7801347 0.6225359
vn 0.3120962 -0.7645135 0.5640169
vn 0.1254258 -0.7758148 0.6183687
vn 0.08710744 -0.7494451 0.6563112
vn 0.3120972 -0.7560981 0.5752488
vn 0.1718323 -0.7426748 0.6472308
vn 0.2043995 -0.6306454 0.7486703
vn 0.3469979 -0.7329049 0.5851864
vn 0.3641709 -0.6122435 0.7018101
vn 0.1926795 -0.5573267 0.8076271
vn 0.4188816 -0.5157331 0.7473671
vn 0.4470206 -0.6753993 0.5865222
vn 0.6621234 -0.5104337 0.5486802
vn 0.5606138 -0.4703306 0.6815433
vn 0.4728958 -0.7073095 0.5254356
vn 0.4851169 -0.7085204 0.5125042
vn 0.4729008 -0.702997 0.5311872
vn 0.4851319 -0.6909223 0.535979
vn 0.5517126 -0.6907738 0.4673806
vn 0.5517163 -0.642633 0.5316314
vn 0.9194725 -0.2861188 0.2696408
vn 0.9194819 -0.3391498 0.1988225
vn 0.9630468 0.1320815 0.2347236
vn 0.9844365 -0.1738493 0.02571471
vn 0.9844364 0.0735255 -0.1596215
vn 1 0 0
vn 0.963048 -0.1881565 -0.1927066
vn 1 0 0
vn 1 0 0
vn 1 0 0
vn 0.9630479 -0.1320783 -0.2347213
vn 0.8503378 -0.3155304 -0.4211485
vn 0.8503379 -0.3155304 -0.4211484
vn 0.7895147 -0.3679921 -0.4911704
vn 0.7895147 -0.3679921 -0.4911704
vn 0.919481 0.2861053 -0.2696266
vn 0.6621152 0.5104417 -0.5486827
vn 1 0 0
vn 1 0 0
vn 1 0 0
vn 1 0 0
vn 1 0 0
vn 1 0 0
vn 0.5517358 0.6426243 -0.5316218
vn 0.9844366 -0.07352475 0.1596202
vn 0.9844373 0.1738444 -0.02571708
vn 1 0 0
vn 1 0 0
vn 0.9194769 0.3391604 -0.1988277
vn 0.9630473 0.1881568 0.1927096
vn 0.850338 0.3155303 0.4211483
vn 0.850338 0.3155303 0.4211483
vn 0.7895201 0.3679878 0.4911649
vn 0.7895201 0.3679878 0.4911649
vn 0.6621228 0.669989 -0.3357203
vn 0.4470196 0.7526607 -0.4833998
vn 0.551718 0.6907712 -0.4673784
vn 0.3469954 0.7675343 -0.538967
vn 0.4851294 0.7085162 -0.512498
vn 0.3120878 0.7645164 -0.5640177
vn 0.472886 0.707314 -0.5254385
vn 0.3120887 0.7561011 -0.5752493
vn 0.4728831 0.7030046 -0.531193
vn 0.3470131 0.7329015 -0.5851815
vn 0.4851233 0.6909268 -0.5359809
vn 0.4470377 0.6753925 -0.586517
vn 0.1718343 0.8298223 -0.5309122
vn 0.1254319 0.8114362 -0.5708224
vn 0.1129164 0.7992125 -0.5903467
vn 0.1129187 0.7911174 -0.6011512
vn 0.1254349 0.7758125 -0.6183696
vn 0.1718287 0.7426766 -0.6472299
vn 0.3641559 0.6122493 -0.7018129
vn 0.4188651 0.5157506 -0.7473643
vn 0.5605959 0.4703372 -0.6815536
vn 0.1926758 0.5573323 -0.8076242
vn 0.2043931 0.6306511 -0.7486673
vn 0.08710591 0.7494445 -0.656312
vn 0.06196319 0.7801347 -0.6225355
vn 0.05546814 0.7949641 -0.6041153
vn 0.05547393 0.8031371 -0.5932061
vn 0.06197308 0.8166484 -0.5737984
vn 0.08711084 0.8404412 -0.5348554
vn 0.3641641 0.8455585 -0.3904038
vn 0.5606109 0.7862366 -0.2598988
vn 0.2044005 0.8956997 -0.3948954
vn 0.4188796 0.8621616 -0.2849864
vn 0.1926758 0.9316826 -0.307967
vn 0.06196522 -0.8166486 0.5737991
vn 0.01442758 -0.8042167 0.5941609
vn 0.05546418 -0.8031372 0.5932067
vn 0.01595751 -0.8175307 0.5756639
vn 0.0871057 -0.8404419 0.5348552
vn 0.002195765 -0.8042702 0.5942597
vn 0.02192809 -0.8421732 0.5387609
vn 0.2043922 -0.8957016 0.3948954
vn 0.002418096 -0.8173768 0.5760984
vn 0.05116035 -0.9109768 0.4092723
vn 0.1926729 -0.931683 0.3079676
vn 0.06259777 -0.9476117 0.3132308
vn 0 -0.8173062 0.5762035
vn 0 -0.8042639 0.5942723
vn 0 -0.841397 0.5404174
vn 0.003274928 -0.8416131 0.540071
vn 0 -0.9084085 0.4180839
vn 0.007402672 -0.9092659 0.41615
vn 0.01036007 -0.9494245 0.3138243
vn 0 -0.9494764 0.3138383
vn 0.2043995 -0.6306454 0.7486703
vn 0.06259731 -0.5668675 0.8214272
vn 0.1926795 -0.5573267 0.8076271
vn 0.05115947 -0.6487431 0.7592859
vn 0.08710744 -0.7494451 0.6563112
vn 0.02192788 -0.7536803 0.6568753
vn 0.01035879 -0.5679556 0.8229941
vn 0.007401837 -0.6548659 0.7557089
vn 0.003275587 -0.7547781 0.6559721
vn 0 -0.7550495 0.6556677
vn 0 -0.6564807 0.7543429
vn 0 -0.5679845 0.8230393
vn 0.06195897 -0.7801347 0.6225359
vn 0.02192788 -0.7536803 0.6568753
vn 0.08710744 -0.7494451 0.6563112
vn 0.01596102 -0.7821708 0.6228595
vn 0.05546544 -0.7949639 0.6041158
vn 0.003275587 -0.7547781 0.6559721
vn 0.01443008 -0.7961832 0.6048836
vn 0.05546418 -0.8031372 0.5932067
vn 0.01442758 -0.8042167 0.5941609
vn 0.002420532 -0.7825453 0.6225889
vn 0.002197379 -0.7962933 0.6049067
vn 0.002195765 -0.8042702 0.5942597
vn 0 -0.8042639 0.5942723
vn 0 -0.7963033 0.6048976
vn 0 -0.7826262 0.622492
vn 0 -0.7550495 0.6556677
vn 0.08711084 0.8404412 -0.5348554
vn 0.01595828 0.8175309 -0.5756636
vn 0.06197308 0.8166484 -0.5737984
vn 0.02192912 0.8421738 -0.5387601
vn 0.2044005 0.8956997 -0.3948954
vn 0.00241671 0.8173766 -0.5760987
vn 0.0511599 0.9109764 -0.4092732
vn 0.1926758 0.9316826 -0.307967
vn 0.06259643 0.9476105 -0.3132348
vn 0.003273314 0.8416139 -0.5400697
vn 0.007401637 0.9092654 -0.416151
vn 0.01035955 0.9494237 -0.3138268
vn 0 0.9494772 -0.3138362
vn 0 0.9084085 -0.4180838
vn 0 0.8413972 -0.5404173
vn 0 0.8173067 -0.5762028
vn 0.2043931 0.6306511 -0.7486673
vn 0.06259852 0.5668574 -0.8214341
vn 0.1926758 0.5573323 -0.8076242
vn 0.05116021 0.6487386 -0.7592897
vn 0.01035934 0.5679409 -0.8230042
vn 0.007401691 0.6548592 -0.7557147
vn 0 0.6564758 -0.7543471
vn 0 0.5679733 -0.8230469
vn 0.08710591 0.7494445 -0.656312
vn 0.05116021 0.6487386 -0.7592897
vn 0.2043931 0.6306511 -0.7486673
vn 0.02192784 0.7536801 -0.6568756
vn 0.06196319 0.7801347 -0.6225355
vn 0.007401691 0.6548592 -0.7557147
vn 0.01595844 0.7821721 -0.622858
vn 0.05546814 0.7949641 -0.6041153
vn 0.003275176 0.7547785 -0.6559716
vn 0.01442718 0.7961838 -0.6048829
vn 0.05547393 0.8031371 -0.5932061
vn 0 0.7550494 -0.6556678
vn 0 0.6564758 -0.7543471
vn 0 0.7826265 -0.6224916
vn 0.002420022 0.7825458 -0.6225883
vn 0 0.7963039 -0.6048968
vn 0.002197274 0.7962937 -0.6049062
vn 0 0.8042637 -0.5942727
vn 0.01442732 0.8042165 -0.5941614
vn 0.06197308 0.8166484 -0.5737984
vn 0.01595828 0.8175309 -0.5756636
vn 0.00219571 0.8042696 -0.5942606
vn 0 0.8173067 -0.5762028
vn 0.00241671 0.8173766 -0.5760987
vn 0.341163 -0.5636246 -0.7522866
vn 0.2050404 -0.5868588 -0.7832977
vn 0.341163 -0.5636246 -0.7522866
vn 0.2050403 -0.5868588 -0.7832977
vn 0.03253882 -0.5992805 -0.7998776
vn 0.03253879 -0.5992805 -0.7998776
vn 0 -0.5995976 -0.8003016
vn 0 -0.5995976 -0.8003016
vn 0.2050462 0.5868581 0.7832967
vn 0.3411731 0.5636227 0.7522835
vn 0.3411731 0.5636227 0.7522835
vn 0.2050459 0.586858 0.7832967
vn 0.03253932 0.5992804 0.7998776
vn 0.03253927 0.5992804 0.7998776
vn 0 0.5995978 0.8003015
vn 0 0.5995978 0.8003015
vn 0 0 -1
vn 0 0 -1
vn 0 0 -1
vn 0 0 -1
vn 0 0 -1
vn 0 0 -1
vn 0 0 -1
vn 0 0 -1
vn 0 0 -1
vn 0 0 -1
vn 0 0 -1
vn 0 0 -1
vn 0 0 -1
vn 0 0 -1
vn 0 0 -1
vn 0 0 -1
vn 0 0 -1
vn 0 0 -1
vn 0 0 -1
vn 0 0 -1
vn 0.2112511 -0.8833381 0.4184338
vn 0.2288074 -0.956695 0.1799496
vn 0.1610813 -0.9635884 0.2134255
vn 0.1394157 -0.9182645 0.3706126
vn 0.1910372 -0.7988237 0.5704258
vn 0.05462166 -0.9945858 0.08840593
vn 0.0927707 -0.7404 0.6657338
vn 0.05172481 -0.983627 0.1726339
vn 0.02203713 -0.9978132 0.06231431
vn 0.02124656 -0.9918309 0.1257782
vn 0.004911178 -0.9984475 0.05548281
vn 0.04533189 -0.8928565 0.448054
vn 0.004852318 -0.993589 0.1129483
vn -0.004911016 -0.9984475 0.05548257
vn 0.02027735 -0.9373875 0.3476971
vn -0.004851989 -0.993589 0.1129484
vn -0.02203704 -0.9978132 0.06231493
vn 0.005106534 -0.9499581 0.3123356
vn -0.02124691 -0.9918309 0.1257777
vn -0.05462155 -0.9945859 0.0884041
vn -0.005106459 -0.949958 0.3123359
vn -0.0517255 -0.9836268 0.1726349
vn -0.1610784 -0.9635884 0.2134273
vn -0.02027826 -0.9373884 0.3476949
vn -0.1394176 -0.9182629 0.3706158
vn -0.2288008 -0.9566966 0.1799493
vn -0.2112493 -0.8833352 0.4184406
vn -0.0453313 -0.8928562 0.4480547
vn -0.09277225 -0.740398 0.6657357
vn -0.1910415 -0.7988159 0.5704351
vn 0.002121227 -0.881319 0.472517
vn 0.009869626 -0.8754833 0.4831476
vn -0.002121146 -0.881319 0.472517
vn -0.009869811 -0.8754834 0.4831472
vn 0.02809031 -0.8356478 0.5485469
vn -0.02809213 -0.8356506 0.5485424
vn -0.03056208 -0.3913996 0.9197131
vn 0.03056323 -0.3914006 0.9197127
vn -0.1992369 -0.02600172 0.9796063
vn 0.06099818 -0.160193 0.9851992
vn 0.1992349 -0.02600107 0.9796068
vn 0.03056195 0.3914007 0.9197127
vn 0.06099855 0.1601945 0.9851989
vn 0.1992349 0.02600132 0.9796068
vn 0.4056926 0 0.9140096
vn 0.4056926 0 0.9140096
vn 0.4846336 0 0.8747172
vn 0.4846336 0 0.8747172
vn 0.09277168 0.7404007 0.6657329
vn 0 0 1
vn 0 0 1
vn 0 0 1
vn 0 0 1
vn 0 0 1
vn 0 0 1
vn 0 0 1
vn 0 0 1
vn 0 0 1
vn 0 0 1
vn 0 0 1
vn 0 0 1
vn -0.03056334 0.3913995 0.9197131
vn -0.06099853 0.1601906 0.9851996
vn -0.06099861 -0.160191 0.9851995
vn -0.1992369 0.02600157 0.9796063
vn -0.4056897 0 0.9140109
vn -0.4056898 0 0.9140109
vn -0.4846242 0 0.8747224
vn -0.4846242 0 0.8747224
vn -0.09277158 0.7403995 0.6657342
vn -0.04533235 0.8928559 0.4480551
vn -0.02809039 0.8356491 0.548545
vn -0.02027743 0.9373888 0.347694
vn -0.009869662 0.8754845 0.4831455
vn -0.005106544 0.9499589 0.3123333
vn -0.002121216 0.8813204 0.4725146
vn 0.005107023 0.9499583 0.3123347
vn 0.002121548 0.8813204 0.4725146
vn 0.02027838 0.9373879 0.3476964
vn 0.009871176 0.8754846 0.4831452
vn 0.04533134 0.8928566 0.4480539
vn 0.02809206 0.8356495 0.5485443
vn -0.05172476 0.9836273 0.1726322
vn -0.0212468 0.9918309 0.1257784
vn -0.004852095 0.993589 0.1129483
vn 0.00485206 0.9935888 0.1129499
vn 0.02124659 0.9918309 0.1257779
vn 0.05172526 0.983627 0.1726339
vn 0.1394156 0.9182637 0.3706144
vn 0.211251 0.8833379 0.4184344
vn 0.1910366 0.7988211 0.5704295
vn 0.2288059 0.9566951 0.1799507
vn 0.1610809 0.9635882 0.2134259
vn 0.05462164 0.9945857 0.08840682
vn 0.02203676 0.9978132 0.06231498
vn 0.004910921 0.9984475 0.055484
vn -0.004911107 0.9984475 0.05548481
vn -0.02203686 0.9978132 0.06231479
vn -0.0546225 0.9945858 0.0884056
vn -0.139419 0.9182619 0.3706175
vn -0.1910413 0.7988151 0.5704363
vn -0.1610807 0.9635881 0.2134266
vn -0.2112547 0.8833351 0.4184381
vn -0.2288006 0.9566967 0.179949
vn 0.02203713 -0.9978132 0.06231431
vn 0.004792472 -0.9998845 0.0144283
vn 0.004911178 -0.9984475 0.05548281
vn 0.02118249 -0.9996476 0.01600002
vn 0.05462166 -0.9945858 0.08840593
vn 0.004744755 -0.9999864 0.002197089
vn 0.05316692 -0.9983393 0.02217719
vn 0.1610813 -0.9635884 0.2134255
vn 0.02074392 -0.9997819 0.002421255
vn 0.1610863 -0.9854879 0.05352514
vn 0.2288074 -0.956695 0.1799496
vn 0.2321646 -0.9707483 0.06121425
vn 0.02061774 -0.9997875 0
vn 0.004731243 -0.9999888 0
vn 0.05140322 -0.9986779 0
vn 0.0518124 -0.9986514 0.003288325
vn 0.1523182 -0.9883315 0
vn 0.1544859 -0.9879659 0.00758497
vn 0.2325858 -0.9725189 0.01053089
vn 0.2326008 -0.9725723 0
vn -0.1610784 -0.9635884 0.2134273
vn -0.2321635 -0.9707488 0.06121287
vn -0.2288008 -0.9566966 0.1799493
vn -0.1610852 -0.9854881 0.05352434
vn -0.05462155 -0.9945859 0.0884041
vn -0.05316693 -0.9983393 0.02217724
vn -0.232586 -0.9725188 0.01052999
vn -0.1544859 -0.9879659 0.007584237
vn -0.05181253 -0.9986514 0.0032881
vn -0.05140336 -0.9986779 0
vn -0.1523172 -0.9883316 0
vn -0.2325983 -0.9725729 0
vn -0.02203704 -0.9978132 0.06231493
vn -0.05316693 -0.9983393 0.02217724
vn -0.05462155 -0.9945859 0.0884041
vn -0.02118256 -0.9996476 0.01600023
vn -0.004911016 -0.9984475 0.05548257
vn -0.05181253 -0.9986514 0.0032881
vn -0.004792309 -0.9998845 0.0144283
vn 0.004911178 -0.9984475 0.05548281
vn 0.004792472 -0.9998845 0.0144283
vn -0.02074369 -0.9997819 0.002421175
vn -0.004744597 -0.9999864 0.002197008
vn 0.004744755 -0.9999864 0.002197089
vn 0.004731243 -0.9999888 0
vn -0.00473107 -0.9999888 0
vn -0.02061749 -0.9997875 0
vn -0.05140336 -0.9986779 0
vn -0.0546225 0.9945858 0.0884056
vn -0.02118273 0.9996476 0.01600043
vn -0.02203686 0.9978132 0.06231479
vn -0.05316697 0.9983393 0.02217718
vn -0.1610807 0.9635881 0.2134266
vn -0.02074384 0.9997819 0.002421477
vn -0.1610845 0.9854881 0.05352427
vn -0.2288006 0.9566967 0.179949
vn -0.2321627 0.9707489 0.0612131
vn -0.05181244 0.9986514 0.003288077
vn -0.1544861 0.9879659 0.007583958
vn -0.2325866 0.9725187 0.01052999
vn -0.2325993 0.9725727 0
vn -0.1523175 0.9883316 0
vn -0.05140317 0.9986779 0
vn -0.02061766 0.9997875 0
vn 0.1610809 0.9635882 0.2134259
vn 0.2321648 0.9707482 0.0612151
vn 0.2288059 0.9566951 0.1799507
vn 0.161086 0.9854879 0.05352531
vn 0.2325861 0.9725188 0.01053108
vn 0.1544861 0.9879659 0.007584587
vn 0.1523177 0.9883316 0
vn 0.2326001 0.9725725 0
vn 0.05462164 0.9945857 0.08840682
vn 0.161086 0.9854879 0.05352531
vn 0.1610809 0.9635882 0.2134259
vn 0.05316702 0.9983393 0.0221773
vn 0.02203676 0.9978132 0.06231498
vn 0.1544861 0.9879659 0.007584587
vn 0.0211825 0.9996476 0.01600046
vn 0.004910921 0.9984475 0.055484
vn 0.05181246 0.9986514 0.003287694
vn 0.004792319 0.9998845 0.0144281
vn -0.004911107 0.9984475 0.05548481
vn 0.05140324 0.9986779 0
vn 0.1523177 0.9883316 0
vn 0.02061778 0.9997875 0
vn 0.02074391 0.9997819 0.002420746
vn 0.004731025 0.9999888 0
vn 0.00474454 0.9999864 0.002196445
vn -0.004731288 0.9999888 0
vn -0.004792467 0.9998845 0.01442841
vn -0.02203686 0.9978132 0.06231479
vn -0.02118273 0.9996476 0.01600043
vn -0.00474479 0.9999864 0.002196783
vn -0.02061766 0.9997875 0
vn -0.02074384 0.9997819 0.002421477
vn 0.891107 0 0.4537933
vn 0.9607887 0 0.2772814
vn 0.891107 0 0.4537933
vn 0.9607887 0 0.2772814
vn 0.9989603 0 0.04558865
vn 0.9989603 0 0.04558864
vn 1 0 0
vn 1 0 0
vn -0.9607899 0 0.2772778
vn -0.8911079 0 0.4537915
vn -0.8911079 0 0.4537915
vn -0.9607899 0 0.2772778
vn -0.9989605 0 0.04558595
vn -0.9989605 0 0.04558595
vn -1 0 0
vn -1 0 0
vn 0.1171311 0.5582988 0.82133
vn 0.1529219 0.6296209 0.7617037
vn 0.2909006 0.4900855 0.8217013
vn 0.2289895 0.4534713 0.8613521
vn 0.3889704 0.2615515 0.8833418
vn 0.02954392 0.5927117 0.8048726
vn 0.03631761 0.6779713 0.7341907
vn 0.3229973 0.2656772 0.9083437
vn 0.423644 0.07453364 0.9027571
vn -0.029544 0.5927113 0.8048729
vn -0.03631748 0.6779713 0.7341907
vn 0.3592384 0.07043663 0.9305839
vn 0.4236445 -0.07453342 0.9027569
vn -0.1171318 0.5582986 0.82133
vn -0.1529244 0.6296173 0.7617061
vn 0.3592389 -0.07043697 0.9305837
vn 0.3889687 -0.2615543 0.8833417
vn -0.2289883 0.4534692 0.8613536
vn -0.2908935 0.490084 0.8217047
vn 0.3229964 -0.2656786 0.9083437
vn 0.2908965 -0.4900906 0.8216997
vn -0.3229933 0.2656775 0.9083451
vn -0.3889675 0.2615508 0.8833433
vn 0.2289913 -0.4534738 0.8613504
vn 0.1529218 -0.629622 0.7617027
vn -0.3592405 0.07043651 0.9305832
vn -0.4236478 0.07453324 0.9027554
vn 0.1171312 -0.5582993 0.8213294
vn 0.03631599 -0.6779631 0.7341983
vn -0.3592407 -0.07043681 0.9305829
vn -0.4236482 -0.07453292 0.9027553
vn 0.02954396 -0.5927096 0.8048742
vn -0.03631715 -0.6779631 0.7341983
vn -0.3229939 -0.2656776 0.9083448
vn -0.3889684 -0.2615521 0.8833426
vn -0.02954462 -0.5927092 0.8048745
vn -0.152922 -0.6296188 0.7617053
vn -0.2289867 -0.4534712 0.861353
vn -0.2908938 -0.4900871 0.8217028
vn -0.1171313 -0.5582988 0.8213298
vn -0.1888723 -0.03823398 0.9812571
vn -0.173844 -0.1518899 0.9729891
vn -0.1217207 -0.2568835 0.9587466
vn -0.06172177 -0.3157436 0.946835
vn -0.01594926 -0.3318518 0.9431968
vn 0.01594922 -0.3318521 0.9431967
vn -0.188871 0.03823387 0.9812573
vn 0.06172091 -0.3157437 0.946835
vn -0.1738437 0.1518909 0.972989
vn 0.1217221 -0.2568833 0.9587465
vn -0.1217217 0.256884 0.9587463
vn 0.1738463 -0.1518904 0.9729887
vn -0.06171992 0.3157422 0.9468356
vn 0.1888712 -0.03823325 0.9812573
vn -0.01594862 0.3318479 0.943198
vn 0.188871 0.03823319 0.9812573
vn 0.01594788 0.3318481 0.943198
vn 0.173844 0.1518916 0.9729888
vn 0.06172036 0.3157419 0.9468357
vn 0.1217218 0.2568831 0.9587465
vn -0.01319097 0.07401665 0.9971698
vn -0.00347574 0.07616344 0.9970893
vn 0.003475123 0.07616324 0.9970893
vn 0.01319063 0.07401644 0.9971698
vn 0.02694211 0.06106336 0.9977702
vn 0.03960592 0.03672642 0.9985402
vn -0.02694094 0.061063 0.9977703
vn 0.04208562 0.008809077 0.9990752
vn 0.04208566 -0.008809093 0.9990752
vn 0.03960471 -0.03672625 0.9985403
vn 0.02694051 -0.06106344 0.9977702
vn 0.01319094 -0.07401633 0.9971698
vn 0.00347574 -0.07616328 0.9970893
vn -0.003475746 -0.07616349 0.9970893
vn -0.01319153 -0.07401652 0.9971698
vn -0.02694154 -0.06106307 0.9977702
vn -0.03960596 0.03672629 0.9985402
vn -0.03960597 -0.03672614 0.9985402
vn -0.04208557 0.008809214 0.9990752
vn -0.04208724 -0.008809251 0.9990751
vt 0.1646419 0.9624593
vt 0.1648066 0.9625235
vt 0.1725501 0.9625235
vt 0.1727147 0.9624593
vt 0.1645023 0.9622762
vt 0.1728543 0.9622762
vt 0.1644091 0.9620023
vt 0.1729476 0.9620023
vt 0.1643763 0.9616792
vt 0.1729803 0.9616792
vt 0.1643763 0.9464836
vt 0.1729803 0.9464836
vt 0.1644091 0.9461604
vt 0.1729476 0.9461604
vt 0.1645023 0.9458865
vt 0.1728543 0.9458865
vt 0.1646419 0.9457034
vt 0.1727147 0.9457034
vt 0.1648066 0.9456392
vt 0.1725501 0.9456392
vt 0.1730105 0.9616022
vt 0.1729803 0.961608
vt 0.1730112 0.9619122
vt 0.1730396 0.9618891
vt 0.1730506 0.9615944
vt 0.1730971 0.9621647
vt 0.1730774 0.9618584
vt 0.1731189 0.962122
vt 0.1732258 0.9623334
vt 0.1731478 0.9620653
vt 0.1732376 0.9622777
vt 0.1733809 0.9623939
vt 0.1732532 0.9622036
vt 0.1733838 0.9623347
vt 0.1811178 0.9623939
vt 0.1811149 0.9623347
vt 0.1812728 0.9623334
vt 0.1733878 0.9622561
vt 0.1812611 0.9622777
vt 0.1814015 0.9621647
vt 0.1811109 0.9622561
vt 0.1813798 0.962122
vt 0.1814875 0.9619122
vt 0.1812454 0.9622036
vt 0.1814591 0.9618891
vt 0.1815183 0.961608
vt 0.1814882 0.9616022
vt 0.1813509 0.9620653
vt 0.1814213 0.9618584
vt 0.1814481 0.9615944
vt 0.1733971 0.9620706
vt 0.1732901 0.9620289
vt 0.1811016 0.9620706
vt 0.1812086 0.9620289
vt 0.1732159 0.9619316
vt 0.1813509 0.9620653
vt 0.1731478 0.9620653
vt 0.1812827 0.9619316
vt 0.1814213 0.9618584
vt 0.1731664 0.9617861
vt 0.1813323 0.9617861
vt 0.1730774 0.9618584
vt 0.1814481 0.9615944
vt 0.1731451 0.9615762
vt 0.1730506 0.9615944
vt 0.1812827 0.9619316
vt 0.1732159 0.9619316
vt 0.1812086 0.9620289
vt 0.1732901 0.9620289
vt 0.1811016 0.9620706
vt 0.1733971 0.9620706
vt 0.1813536 0.9615762
vt 0.1731451 0.946457
vt 0.1730506 0.9464387
vt 0.1730105 0.9616022
vt 0.1730105 0.946431
vt 0.1729803 0.961608
vt 0.1729803 0.9464251
vt 0.1731664 0.946247
vt 0.1730774 0.9461747
vt 0.1813536 0.946457
vt 0.1732159 0.9461015
vt 0.1731478 0.9459678
vt 0.1732901 0.9460043
vt 0.1732532 0.9458296
vt 0.1733971 0.9459625
vt 0.1814481 0.9464387
vt 0.1814882 0.946431
vt 0.1814882 0.9616022
vt 0.1815183 0.9464251
vt 0.1815183 0.961608
vt 0.1814213 0.9461747
vt 0.1813323 0.946247
vt 0.1732159 0.9461015
vt 0.1813509 0.9459678
vt 0.1812827 0.9461015
vt 0.1812827 0.9461015
vt 0.1732901 0.9460043
vt 0.1812086 0.9460043
vt 0.1733971 0.9459625
vt 0.1811016 0.9459625
vt 0.1812454 0.9458296
vt 0.1812086 0.9460043
vt 0.1811109 0.9457771
vt 0.1811016 0.9459625
vt 0.1733878 0.9457771
vt 0.1811149 0.9456984
vt 0.1733838 0.9456984
vt 0.1732376 0.9457555
vt 0.1812611 0.9457555
vt 0.1813509 0.9459678
vt 0.1731189 0.9459111
vt 0.1731478 0.9459678
vt 0.1813798 0.9459111
vt 0.1814213 0.9461747
vt 0.1730396 0.946144
vt 0.1730774 0.9461747
vt 0.1730105 0.946431
vt 0.1730506 0.9464387
vt 0.1729803 0.9464251
vt 0.1730112 0.9461209
vt 0.1730971 0.9458684
vt 0.1732258 0.9456997
vt 0.1733809 0.9456392
vt 0.1811178 0.9456392
vt 0.1812728 0.9456997
vt 0.1814015 0.9458684
vt 0.1814591 0.946144
vt 0.1814481 0.9464387
vt 0.1814875 0.9461209
vt 0.1814882 0.946431
vt 0.1815183 0.9464251
vt 0.1828307 0.9596459
vt 0.1827693 0.9598271
vt 0.1828518 0.9597772
vt 0.1827472 0.9596891
vt 0.1828136 0.9594355
vt 0.1826717 0.9598433
vt 0.1827288 0.959464
vt 0.1828025 0.9591753
vt 0.1826493 0.9597039
vt 0.182717 0.9591857
vt 0.1827992 0.9588992
vt 0.1827136 0.9588954
vt 0.1822101 0.9597342
vt 0.1822325 0.9598737
vt 0.1821915 0.959506
vt 0.1826306 0.9594756
vt 0.1821795 0.9592237
vt 0.1826187 0.9591934
vt 0.1826152 0.9589002
vt 0.182176 0.9589305
vt 0.1821632 0.9459165
vt 0.1820726 0.9462014
vt 0.1821584 0.9462095
vt 0.1820776 0.9458935
vt 0.182176 0.9456847
vt 0.1820914 0.9456455
vt 0.1819743 0.9462019
vt 0.1819794 0.9458907
vt 0.1819933 0.9456392
vt 0.1815547 0.9456509
vt 0.1815408 0.9459025
vt 0.1815356 0.9462136
vt 0.1834872 0.9606958
vt 0.1834227 0.960888
vt 0.1835101 0.9608812
vt 0.1833982 0.9606897
vt 0.1834794 0.9605297
vt 0.183324 0.9608938
vt 0.18339 0.9605151
vt 0.1835101 0.9534569
vt 0.1834207 0.9534374
vt 0.1832992 0.9606926
vt 0.1832909 0.9605162
vt 0.1833216 0.9534375
vt 0.1828825 0.9534609
vt 0.1828518 0.9605396
vt 0.1828601 0.9607159
vt 0.1828849 0.9609171
vt 0.1821575 0.961687
vt 0.1820926 0.9619263
vt 0.182176 0.9618767
vt 0.1820727 0.9617233
vt 0.1821452 0.9614229
vt 0.1819948 0.961939
vt 0.1820596 0.9614408
vt 0.1821411 0.9611185
vt 0.1820552 0.9611207
vt 0.1819747 0.9617332
vt 0.1819614 0.9614467
vt 0.181957 0.9611233
vt 0.1815183 0.961135
vt 0.1815227 0.9614584
vt 0.181536 0.9617449
vt 0.1815562 0.9619508
vt 0.1828518 0.9456645
vt 0.182761 0.9458961
vt 0.1828467 0.945909
vt 0.1827664 0.9456392
vt 0.1826626 0.945899
vt 0.1826681 0.9456393
vt 0.182229 0.9456697
vt 0.1822235 0.9459293
vt 0.1835089 0.9532081
vt 0.183458 0.9534075
vt 0.183543 0.9533883
vt 0.1834216 0.9532147
vt 0.1834866 0.9530226
vt 0.1833598 0.9534156
vt 0.1833977 0.9530162
vt 0.1834794 0.9528565
vt 0.1833228 0.9532201
vt 0.1833901 0.9528416
vt 0.1835336 0.9457839
vt 0.1828837 0.9532419
vt 0.1829207 0.9534374
vt 0.1828595 0.9530407
vt 0.1832987 0.9530188
vt 0.1828518 0.9528643
vt 0.183291 0.9528424
vt 0.1829061 0.9457858
vt 0.1834444 0.9457641
vt 0.183543 0.9456666
vt 0.1834542 0.9456407
vt 0.1833452 0.9457638
vt 0.1829161 0.9456611
vt 0.1833552 0.9456392
vt 0.1828467 0.945909
vt 0.1827136 0.9588954
vt 0.1827992 0.9588992
vt 0.182761 0.9458961
vt 0.1826152 0.9589002
vt 0.1826626 0.945899
vt 0.1822235 0.9459293
vt 0.182176 0.9589305
vt 0.1820552 0.9611207
vt 0.1821411 0.9611185
vt 0.1821584 0.9462095
vt 0.1820726 0.9462014
vt 0.181957 0.9611233
vt 0.1819743 0.9462019
vt 0.1815356 0.9462136
vt 0.1815183 0.961135
vt 0.1656185 0.9634359
vt 0.1657832 0.9635001
vt 0.1735266 0.9635001
vt 0.1736913 0.9634359
vt 0.1654789 0.9632528
vt 0.1738309 0.9632528
vt 0.1653856 0.9629788
vt 0.1739241 0.9629788
vt 0.1653529 0.9626558
vt 0.1739569 0.9626558
vt 0.1653529 0.9474602
vt 0.1739569 0.9474602
vt 0.1653856 0.947137
vt 0.1739241 0.947137
vt 0.1654789 0.9468631
vt 0.1738309 0.9468631
vt 0.1656185 0.9466801
vt 0.1736913 0.9466801
vt 0.1657832 0.9466158
vt 0.1735266 0.9466158
vt 0.1838073 0.9606224
vt 0.1837459 0.9608037
vt 0.1838284 0.9607538
vt 0.1837237 0.9606657
vt 0.1837901 0.960412
vt 0.1836483 0.96082
vt 0.1836258 0.9606805
vt 0.1831867 0.9607108
vt 0.1832091 0.9608504
vt 0.1837054 0.9604406
vt 0.1837791 0.9601519
vt 0.1836258 0.9606805
vt 0.1836936 0.9601623
vt 0.1837758 0.9598758
vt 0.1836072 0.9604522
vt 0.1836901 0.959872
vt 0.1838232 0.9468856
vt 0.1831681 0.9604826
vt 0.1831867 0.9607108
vt 0.1831561 0.9602003
vt 0.1835953 0.96017
vt 0.1831526 0.9599071
vt 0.1835918 0.9598768
vt 0.1832 0.9469059
vt 0.1837375 0.9468727
vt 0.1838284 0.9466411
vt 0.183743 0.9466158
vt 0.1836392 0.9468756
vt 0.1832055 0.9466462
vt 0.1836447 0.9466159
vt 0.1844637 0.9616724
vt 0.1843993 0.9618646
vt 0.1844866 0.9618578
vt 0.1843748 0.9616662
vt 0.1844559 0.9615064
vt 0.1843006 0.9618703
vt 0.1842757 0.9616692
vt 0.1838367 0.9616926
vt 0.1838615 0.9618937
vt 0.1843666 0.9614917
vt 0.1844866 0.9544336
vt 0.1843973 0.954414
vt 0.1842757 0.9616692
vt 0.1842675 0.9614928
vt 0.1842982 0.9544141
vt 0.1838591 0.9544375
vt 0.1838284 0.9615161
vt 0.1838367 0.9616926
vt 0.183134 0.9626635
vt 0.1830691 0.9629029
vt 0.1831526 0.9628533
vt 0.1830493 0.9626999
vt 0.1831218 0.9623995
vt 0.1829714 0.9629157
vt 0.1830362 0.9624174
vt 0.1831176 0.962095
vt 0.1829512 0.9627098
vt 0.1830318 0.9620973
vt 0.1831349 0.9471861
vt 0.1825126 0.9627215
vt 0.1825327 0.9629273
vt 0.1824993 0.962435
vt 0.1829379 0.9624233
vt 0.1824949 0.9621116
vt 0.1829335 0.9620999
vt 0.1825122 0.9471902
vt 0.1830491 0.947178
vt 0.1831398 0.9468931
vt 0.1829508 0.9471785
vt 0.1825173 0.946879
vt 0.1830542 0.9468701
vt 0.1831526 0.9466614
vt 0.1830679 0.946622
vt 0.182956 0.9468672
vt 0.1825313 0.9466275
vt 0.1829699 0.9466158
vt 0.1844855 0.9541848
vt 0.1844346 0.9543841
vt 0.1845196 0.9543649
vt 0.1843981 0.9541913
vt 0.1844632 0.9539992
vt 0.1843364 0.9543922
vt 0.1843743 0.9539928
vt 0.184456 0.9538331
vt 0.1842994 0.9541967
vt 0.1843667 0.9538182
vt 0.1845102 0.9467605
vt 0.1842752 0.9539953
vt 0.1838361 0.9540173
vt 0.1838603 0.9542185
vt 0.1838973 0.954414
vt 0.1842752 0.9539953
vt 0.1844209 0.9467407
vt 0.1845196 0.9466431
vt 0.1844308 0.9466174
vt 0.1842676 0.953819
vt 0.1843218 0.9467404
vt 0.1843318 0.9466158
vt 0.1838927 0.9466376
vt 0.1838827 0.9467623
vt 0.1838284 0.9538409
vt 0.1838361 0.9540173
vt 0.1646419 0.9624593
vt 0.1648066 0.9625235
vt 0.1725501 0.9625235
vt 0.1727147 0.9624593
vt 0.1645023 0.9622762
vt 0.1728543 0.9622762
vt 0.1644091 0.9620023
vt 0.1729476 0.9620023
vt 0.1643763 0.9616792
vt 0.1729803 0.9616792
vt 0.1643763 0.9464836
vt 0.1729803 0.9464836
vt 0.1644091 0.9461604
vt 0.1729476 0.9461604
vt 0.1645023 0.9458865
vt 0.1728543 0.9458865
vt 0.1646419 0.9457034
vt 0.1727147 0.9457034
vt 0.1648066 0.9456392
vt 0.1725501 0.9456392
vt 0.1730105 0.9616022
vt 0.1729803 0.961608
vt 0.1730112 0.9619122
vt 0.1730396 0.9618891
vt 0.1730971 0.9621647
vt 0.1730506 0.9615944
vt 0.1731189 0.962122
vt 0.1732258 0.9623334
vt 0.1730774 0.9618584
vt 0.1732376 0.9622777
vt 0.1733809 0.9623939
vt 0.1731478 0.9620653
vt 0.1732532 0.9622036
vt 0.1733838 0.9623347
vt 0.1811178 0.9623939
vt 0.1733878 0.9622561
vt 0.1811149 0.9623347
vt 0.1812728 0.9623334
vt 0.1811109 0.9622561
vt 0.1812611 0.9622777
vt 0.1814015 0.9621647
vt 0.1812454 0.9622036
vt 0.1813798 0.962122
vt 0.1814875 0.9619122
vt 0.1813509 0.9620653
vt 0.1814591 0.9618891
vt 0.1815183 0.961608
vt 0.1814882 0.9616022
vt 0.1814213 0.9618584
vt 0.1814481 0.9615944
vt 0.1813323 0.9617861
vt 0.1812827 0.9619316
vt 0.1813509 0.9620653
vt 0.1812086 0.9620289
vt 0.1812454 0.9622036
vt 0.1811016 0.9620706
vt 0.1811109 0.9622561
vt 0.1733971 0.9620706
vt 0.1733878 0.9622561
vt 0.1732901 0.9620289
vt 0.1732532 0.9622036
vt 0.1732159 0.9619316
vt 0.1731478 0.9620653
vt 0.1731664 0.9617861
vt 0.1812086 0.9620289
vt 0.1732901 0.9620289
vt 0.1811016 0.9620706
vt 0.1733971 0.9620706
vt 0.1731451 0.9615762
vt 0.1813536 0.9615762
vt 0.1731451 0.946457
vt 0.1730506 0.9464387
vt 0.1730105 0.9616022
vt 0.1730105 0.946431
vt 0.1729803 0.961608
vt 0.1729803 0.9464251
vt 0.1814481 0.9464387
vt 0.1813536 0.946457
vt 0.1731664 0.946247
vt 0.1814882 0.946431
vt 0.1814882 0.9616022
vt 0.1815183 0.9464251
vt 0.1815183 0.961608
vt 0.1730774 0.9461747
vt 0.1730105 0.946431
vt 0.1730396 0.946144
vt 0.1729803 0.9464251
vt 0.1730112 0.9461209
vt 0.1731189 0.9459111
vt 0.1730971 0.9458684
vt 0.1731478 0.9459678
vt 0.1732532 0.9458296
vt 0.1732376 0.9457555
vt 0.1732258 0.9456997
vt 0.1733878 0.9457771
vt 0.1733838 0.9456984
vt 0.1733809 0.9456392
vt 0.1811109 0.9457771
vt 0.1811149 0.9456984
vt 0.1811178 0.9456392
vt 0.1812454 0.9458296
vt 0.1812611 0.9457555
vt 0.1812728 0.9456997
vt 0.1813509 0.9459678
vt 0.1813798 0.9459111
vt 0.1814015 0.9458684
vt 0.1814213 0.9461747
vt 0.1814591 0.946144
vt 0.1814875 0.9461209
vt 0.1814882 0.946431
vt 0.1815183 0.9464251
vt 0.1813323 0.946247
vt 0.1813509 0.9459678
vt 0.1732159 0.9461015
vt 0.1731478 0.9459678
vt 0.1812827 0.9461015
vt 0.1812454 0.9458296
vt 0.1732901 0.9460043
vt 0.1732532 0.9458296
vt 0.1733971 0.9459625
vt 0.1733878 0.9457771
vt 0.1811016 0.9459625
vt 0.1811109 0.9457771
vt 0.1812086 0.9460043
vt 0.1732901 0.9460043
vt 0.1812086 0.9460043
vt 0.1733971 0.9459625
vt 0.1811016 0.9459625
vt 0.1828307 0.9596459
vt 0.1827693 0.9598271
vt 0.1828518 0.9597772
vt 0.1827472 0.9596891
vt 0.1828136 0.9594355
vt 0.1826717 0.9598433
vt 0.1827288 0.959464
vt 0.1828025 0.9591753
vt 0.1826493 0.9597039
vt 0.182717 0.9591857
vt 0.1827992 0.9588992
vt 0.1827136 0.9588954
vt 0.1822101 0.9597342
vt 0.1822325 0.9598737
vt 0.1821915 0.959506
vt 0.1826306 0.9594756
vt 0.1821795 0.9592237
vt 0.1826187 0.9591934
vt 0.1826152 0.9589002
vt 0.182176 0.9589305
vt 0.1821632 0.9459165
vt 0.1820726 0.9462014
vt 0.1821584 0.9462095
vt 0.1820776 0.9458935
vt 0.182176 0.9456847
vt 0.1820914 0.9456455
vt 0.1819743 0.9462019
vt 0.1819794 0.9458907
vt 0.1819933 0.9456392
vt 0.1815547 0.9456509
vt 0.1815408 0.9459025
vt 0.1815356 0.9462136
vt 0.1834872 0.9606958
vt 0.1834227 0.960888
vt 0.1835101 0.9608812
vt 0.1833982 0.9606897
vt 0.1834794 0.9605297
vt 0.183324 0.9608938
vt 0.18339 0.9605151
vt 0.1835101 0.9534569
vt 0.1834207 0.9534374
vt 0.1832992 0.9606926
vt 0.1832909 0.9605162
vt 0.1833216 0.9534375
vt 0.1828825 0.9534609
vt 0.1828518 0.9605396
vt 0.1828601 0.9607159
vt 0.1828849 0.9609171
vt 0.1821575 0.961687
vt 0.1820926 0.9619263
vt 0.182176 0.9618767
vt 0.1820727 0.9617233
vt 0.1821452 0.9614229
vt 0.1819948 0.961939
vt 0.1820596 0.9614408
vt 0.1821411 0.9611185
vt 0.1820552 0.9611207
vt 0.1819747 0.9617332
vt 0.1819614 0.9614467
vt 0.181957 0.9611233
vt 0.1815183 0.961135
vt 0.1815227 0.9614584
vt 0.181536 0.9617449
vt 0.1815562 0.9619508
vt 0.1828518 0.9456645
vt 0.182761 0.9458961
vt 0.1828467 0.945909
vt 0.1827664 0.9456392
vt 0.1826626 0.945899
vt 0.1826681 0.9456393
vt 0.182229 0.9456697
vt 0.1822235 0.9459293
vt 0.1835089 0.9532081
vt 0.183458 0.9534075
vt 0.183543 0.9533883
vt 0.1834216 0.9532147
vt 0.1834866 0.9530226
vt 0.1833598 0.9534156
vt 0.1833977 0.9530162
vt 0.1834794 0.9528565
vt 0.1833228 0.9532201
vt 0.1833901 0.9528416
vt 0.1835336 0.9457839
vt 0.1828837 0.9532419
vt 0.1829207 0.9534374
vt 0.1828595 0.9530407
vt 0.1832987 0.9530188
vt 0.1828518 0.9528643
vt 0.183291 0.9528424
vt 0.1829061 0.9457858
vt 0.1834444 0.9457641
vt 0.183543 0.9456666
vt 0.1834542 0.9456407
vt 0.1833452 0.9457638
vt 0.1829161 0.9456611
vt 0.1833552 0.9456392
vt 0.1828467 0.945909
vt 0.1827136 0.9588954
vt 0.1827992 0.9588992
vt 0.182761 0.9458961
vt 0.1826152 0.9589002
vt 0.1826626 0.945899
vt 0.1822235 0.9459293
vt 0.182176 0.9589305
vt 0.1820552 0.9611207
vt 0.1821411 0.9611185
vt 0.1821584 0.9462095
vt 0.1820726 0.9462014
vt 0.181957 0.9611233
vt 0.1819743 0.9462019
vt 0.1815356 0.9462136
vt 0.1815183 0.961135
vt 0.1646419 0.9624593
vt 0.1648066 0.9625235
vt 0.1725501 0.9625235
vt 0.1727147 0.9624593
vt 0.1645023 0.9622762
vt 0.1728543 0.9622762
vt 0.1644091 0.9620023
vt 0.1729476 0.9620023
vt 0.1643763 0.9616792
vt 0.1729803 0.9616792
vt 0.1643763 0.9464836
vt 0.1729803 0.9464836
vt 0.1644091 0.9461604
vt 0.1729476 0.9461604
vt 0.1645023 0.9458865
vt 0.1728543 0.9458865
vt 0.1646419 0.9457034
vt 0.1727147 0.9457034
vt 0.1648066 0.9456392
vt 0.1725501 0.9456392
vt 0.1730105 0.9616022
vt 0.1729803 0.961608
vt 0.1730112 0.9619122
vt 0.1730396 0.9618891
vt 0.1730971 0.9621647
vt 0.1730506 0.9615944
vt 0.1731189 0.962122
vt 0.1732258 0.9623334
vt 0.1730774 0.9618584
vt 0.1732376 0.9622777
vt 0.1733809 0.9623939
vt 0.1731478 0.9620653
vt 0.1732532 0.9622036
vt 0.1733838 0.9623347
vt 0.1811178 0.9623939
vt 0.1733878 0.9622561
vt 0.1811149 0.9623347
vt 0.1812728 0.9623334
vt 0.1811109 0.9622561
vt 0.1812611 0.9622777
vt 0.1814015 0.9621647
vt 0.1812454 0.9622036
vt 0.1813798 0.962122
vt 0.1814875 0.9619122
vt 0.1813509 0.9620653
vt 0.1814591 0.9618891
vt 0.1815183 0.961608
vt 0.1814882 0.9616022
vt 0.1814213 0.9618584
vt 0.1814481 0.9615944
vt 0.1813323 0.9617861
vt 0.1812827 0.9619316
vt 0.1813509 0.9620653
vt 0.1812086 0.9620289
vt 0.1812454 0.9622036
vt 0.1811016 0.9620706
vt 0.1811109 0.9622561
vt 0.1733971 0.9620706
vt 0.1733878 0.9622561
vt 0.1732901 0.9620289
vt 0.1732532 0.9622036
vt 0.1732159 0.9619316
vt 0.1731478 0.9620653
vt 0.1731664 0.9617861
vt 0.1812086 0.9620289
vt 0.1732901 0.9620289
vt 0.1811016 0.9620706
vt 0.1733971 0.9620706
vt 0.1731451 0.9615762
vt 0.1813536 0.9615762
vt 0.1731451 0.946457
vt 0.1730506 0.9464387
vt 0.1730105 0.9616022
vt 0.1730105 0.946431
vt 0.1729803 0.961608
vt 0.1729803 0.9464251
vt 0.1814481 0.9464387
vt 0.1813536 0.946457
vt 0.1731664 0.946247
vt 0.1814882 0.946431
vt 0.1814882 0.9616022
vt 0.1815183 0.9464251
vt 0.1815183 0.961608
vt 0.1730774 0.9461747
vt 0.1730105 0.946431
vt 0.1730396 0.946144
vt 0.1729803 0.9464251
vt 0.1730112 0.9461209
vt 0.1731189 0.9459111
vt 0.1730971 0.9458684
vt 0.1731478 0.9459678
vt 0.1732532 0.9458296
vt 0.1732376 0.9457555
vt 0.1732258 0.9456997
vt 0.1733878 0.9457771
vt 0.1733838 0.9456984
vt 0.1733809 0.9456392
vt 0.1811109 0.9457771
vt 0.1811149 0.9456984
vt 0.1811178 0.9456392
vt 0.1812454 0.9458296
vt 0.1812611 0.9457555
vt 0.1812728 0.9456997
vt 0.1813509 0.9459678
vt 0.1813798 0.9459111
vt 0.1814015 0.9458684
vt 0.1814213 0.9461747
vt 0.1814591 0.946144
vt 0.1814875 0.9461209
vt 0.1814882 0.946431
vt 0.1815183 0.9464251
vt 0.1813323 0.946247
vt 0.1813509 0.9459678
vt 0.1732159 0.9461015
vt 0.1731478 0.9459678
vt 0.1812827 0.9461015
vt 0.1812454 0.9458296
vt 0.1732901 0.9460043
vt 0.1732532 0.9458296
vt 0.1733971 0.9459625
vt 0.1733878 0.9457771
vt 0.1811016 0.9459625
vt 0.1811109 0.9457771
vt 0.1812086 0.9460043
vt 0.1732901 0.9460043
vt 0.1812086 0.9460043
vt 0.1733971 0.9459625
vt 0.1811016 0.9459625
vt 0.1828307 0.9596459
vt 0.1827693 0.9598271
vt 0.1828518 0.9597772
vt 0.1827472 0.9596891
vt 0.1828136 0.9594355
vt 0.1826717 0.9598433
vt 0.1827288 0.959464
vt 0.1828025 0.9591753
vt 0.1826493 0.9597039
vt 0.182717 0.9591857
vt 0.1827992 0.9588992
vt 0.1827136 0.9588954
vt 0.1822101 0.9597342
vt 0.1822325 0.9598737
vt 0.1821915 0.959506
vt 0.1826306 0.9594756
vt 0.1821795 0.9592237
vt 0.1826187 0.9591934
vt 0.1826152 0.9589002
vt 0.182176 0.9589305
vt 0.1821632 0.9459165
vt 0.1820726 0.9462014
vt 0.1821584 0.9462095
vt 0.1820776 0.9458935
vt 0.182176 0.9456847
vt 0.1820914 0.9456455
vt 0.1819743 0.9462019
vt 0.1819794 0.9458907
vt 0.1819933 0.9456392
vt 0.1815547 0.9456509
vt 0.1815408 0.9459025
vt 0.1815356 0.9462136
vt 0.1834872 0.9606958
vt 0.1834227 0.960888
vt 0.1835101 0.9608812
vt 0.1833982 0.9606897
vt 0.1834794 0.9605297
vt 0.183324 0.9608938
vt 0.18339 0.9605151
vt 0.1835101 0.9534569
vt 0.1834207 0.9534374
vt 0.1832992 0.9606926
vt 0.1832909 0.9605162
vt 0.1833216 0.9534375
vt 0.1828825 0.9534609
vt 0.1828518 0.9605396
vt 0.1828601 0.9607159
vt 0.1828849 0.9609171
vt 0.1821575 0.961687
vt 0.1820926 0.9619263
vt 0.182176 0.9618767
vt 0.1820727 0.9617233
vt 0.1821452 0.9614229
vt 0.1819948 0.961939
vt 0.1820596 0.9614408
vt 0.1821411 0.9611185
vt 0.1820552 0.9611207
vt 0.1819747 0.9617332
vt 0.1819614 0.9614467
vt 0.181957 0.9611233
vt 0.1815183 0.961135
vt 0.1815227 0.9614584
vt 0.181536 0.9617449
vt 0.1815562 0.9619508
vt 0.1828518 0.9456645
vt 0.182761 0.9458961
vt 0.1828467 0.945909
vt 0.1827664 0.9456392
vt 0.1826626 0.945899
vt 0.1826681 0.9456393
vt 0.182229 0.9456697
vt 0.1822235 0.9459293
vt 0.1835089 0.9532081
vt 0.183458 0.9534075
vt 0.183543 0.9533883
vt 0.1834216 0.9532147
vt 0.1834866 0.9530226
vt 0.1833598 0.9534156
vt 0.1833977 0.9530162
vt 0.1834794 0.9528565
vt 0.1833228 0.9532201
vt 0.1833901 0.9528416
vt 0.1835336 0.9457839
vt 0.1828837 0.9532419
vt 0.1829207 0.9534374
vt 0.1828595 0.9530407
vt 0.1832987 0.9530188
vt 0.1828518 0.9528643
vt 0.183291 0.9528424
vt 0.1829061 0.9457858
vt 0.1834444 0.9457641
vt 0.183543 0.9456666
vt 0.1834542 0.9456407
vt 0.1833452 0.9457638
vt 0.1829161 0.9456611
vt 0.1833552 0.9456392
vt 0.1828467 0.945909
vt 0.1827136 0.9588954
vt 0.1827992 0.9588992
vt 0.182761 0.9458961
vt 0.1826152 0.9589002
vt 0.1826626 0.945899
vt 0.1822235 0.9459293
vt 0.182176 0.9589305
vt 0.1820552 0.9611207
vt 0.1821411 0.9611185
vt 0.1821584 0.9462095
vt 0.1820726 0.9462014
vt 0.181957 0.9611233
vt 0.1819743 0.9462019
vt 0.1815356 0.9462136
vt 0.1815183 0.961135
vt 0.1646419 0.9624593
vt 0.1648066 0.9625235
vt 0.1725501 0.9625235
vt 0.1727147 0.9624593
vt 0.1645023 0.9622762
vt 0.1728543 0.9622762
vt 0.1644091 0.9620023
vt 0.1729476 0.9620023
vt 0.1643763 0.9616792
vt 0.1729803 0.9616792
vt 0.1643763 0.9464836
vt 0.1729803 0.9464836
vt 0.1644091 0.9461604
vt 0.1729476 0.9461604
vt 0.1645023 0.9458865
vt 0.1728543 0.9458865
vt 0.1646419 0.9457034
vt 0.1727147 0.9457034
vt 0.1648066 0.9456392
vt 0.1725501 0.9456392
vt 0.1730105 0.9616022
vt 0.1729803 0.961608
vt 0.1730112 0.9619122
vt 0.1730396 0.9618891
vt 0.1730506 0.9615944
vt 0.1730971 0.9621647
vt 0.1730774 0.9618584
vt 0.1731189 0.962122
vt 0.1732258 0.9623334
vt 0.1731478 0.9620653
vt 0.1732376 0.9622777
vt 0.1733809 0.9623939
vt 0.1732532 0.9622036
vt 0.1733838 0.9623347
vt 0.1811178 0.9623939
vt 0.1811149 0.9623347
vt 0.1812728 0.9623334
vt 0.1733878 0.9622561
vt 0.1812611 0.9622777
vt 0.1814015 0.9621647
vt 0.1811109 0.9622561
vt 0.1813798 0.962122
vt 0.1814875 0.9619122
vt 0.1812454 0.9622036
vt 0.1814591 0.9618891
vt 0.1815183 0.961608
vt 0.1814882 0.9616022
vt 0.1813509 0.9620653
vt 0.1814213 0.9618584
vt 0.1814481 0.9615944
vt 0.1733971 0.9620706
vt 0.1732901 0.9620289
vt 0.1811016 0.9620706
vt 0.1812086 0.9620289
vt 0.1732159 0.9619316
vt 0.1813509 0.9620653
vt 0.1731478 0.9620653
vt 0.1812827 0.9619316
vt 0.1814213 0.9618584
vt 0.1731664 0.9617861
vt 0.1813323 0.9617861
vt 0.1730774 0.9618584
vt 0.1814481 0.9615944
vt 0.1731451 0.9615762
vt 0.1730506 0.9615944
vt 0.1812827 0.9619316
vt 0.1732159 0.9619316
vt 0.1812086 0.9620289
vt 0.1732901 0.9620289
vt 0.1811016 0.9620706
vt 0.1733971 0.9620706
vt 0.1813536 0.9615762
vt 0.1731451 0.946457
vt 0.1730506 0.9464387
vt 0.1730105 0.9616022
vt 0.1730105 0.946431
vt 0.1729803 0.961608
vt 0.1729803 0.9464251
vt 0.1731664 0.946247
vt 0.1730774 0.9461747
vt 0.1813536 0.946457
vt 0.1732159 0.9461015
vt 0.1731478 0.9459678
vt 0.1732901 0.9460043
vt 0.1732532 0.9458296
vt 0.1733971 0.9459625
vt 0.1814481 0.9464387
vt 0.1814882 0.946431
vt 0.1814882 0.9616022
vt 0.1815183 0.9464251
vt 0.1815183 0.961608
vt 0.1814213 0.9461747
vt 0.1813323 0.946247
vt 0.1732159 0.9461015
vt 0.1813509 0.9459678
vt 0.1812827 0.9461015
vt 0.1812827 0.9461015
vt 0.1732901 0.9460043
vt 0.1812086 0.9460043
vt 0.1733971 0.9459625
vt 0.1811016 0.9459625
vt 0.1812454 0.9458296
vt 0.1812086 0.9460043
vt 0.1811109 0.9457771
vt 0.1811016 0.9459625
vt 0.1733878 0.9457771
vt 0.1811149 0.9456984
vt 0.1733838 0.9456984
vt 0.1732376 0.9457555
vt 0.1812611 0.9457555
vt 0.1813509 0.9459678
vt 0.1731189 0.9459111
vt 0.1731478 0.9459678
vt 0.1813798 0.9459111
vt 0.1814213 0.9461747
vt 0.1730396 0.946144
vt 0.1730774 0.9461747
vt 0.1730105 0.946431
vt 0.1730506 0.9464387
vt 0.1729803 0.9464251
vt 0.1730112 0.9461209
vt 0.1730971 0.9458684
vt 0.1732258 0.9456997
vt 0.1733809 0.9456392
vt 0.1811178 0.9456392
vt 0.1812728 0.9456997
vt 0.1814015 0.9458684
vt 0.1814591 0.946144
vt 0.1814481 0.9464387
vt 0.1814875 0.9461209
vt 0.1814882 0.946431
vt 0.1815183 0.9464251
vt 0.1828307 0.9596459
vt 0.1827693 0.9598271
vt 0.1828518 0.9597772
vt 0.1827472 0.9596891
vt 0.1828136 0.9594355
vt 0.1826717 0.9598433
vt 0.1827288 0.959464
vt 0.1828025 0.9591753
vt 0.1826493 0.9597039
vt 0.182717 0.9591857
vt 0.1827992 0.9588992
vt 0.1827136 0.9588954
vt 0.1822101 0.9597342
vt 0.1822325 0.9598737
vt 0.1821915 0.959506
vt 0.1826306 0.9594756
vt 0.1821795 0.9592237
vt 0.1826187 0.9591934
vt 0.1826152 0.9589002
vt 0.182176 0.9589305
vt 0.1821632 0.9459165
vt 0.1820726 0.9462014
vt 0.1821584 0.9462095
vt 0.1820776 0.9458935
vt 0.182176 0.9456847
vt 0.1820914 0.9456455
vt 0.1819743 0.9462019
vt 0.1819794 0.9458907
vt 0.1819933 0.9456392
vt 0.1815547 0.9456509
vt 0.1815408 0.9459025
vt 0.1815356 0.9462136
vt 0.1834872 0.9606958
vt 0.1834227 0.960888
vt 0.1835101 0.9608812
vt 0.1833982 0.9606897
vt 0.1834794 0.9605297
vt 0.183324 0.9608938
vt 0.18339 0.9605151
vt 0.1835101 0.9534569
vt 0.1834207 0.9534374
vt 0.1832992 0.9606926
vt 0.1832909 0.9605162
vt 0.1833216 0.9534375
vt 0.1828825 0.9534609
vt 0.1828518 0.9605396
vt 0.1828601 0.9607159
vt 0.1828849 0.9609171
vt 0.1821575 0.961687
vt 0.1820926 0.9619263
vt 0.182176 0.9618767
vt 0.1820727 0.9617233
vt 0.1821452 0.9614229
vt 0.1819948 0.961939
vt 0.1820596 0.9614408
vt 0.1821411 0.9611185
vt 0.1820552 0.9611207
vt 0.1819747 0.9617332
vt 0.1819614 0.9614467
vt 0.181957 0.9611233
vt 0.1815183 0.961135
vt 0.1815227 0.9614584
vt 0.181536 0.9617449
vt 0.1815562 0.9619508
vt 0.1828518 0.9456645
vt 0.182761 0.9458961
vt 0.1828467 0.945909
vt 0.1827664 0.9456392
vt 0.1826626 0.945899
vt 0.1826681 0.9456393
vt 0.182229 0.9456697
vt 0.1822235 0.9459293
vt 0.1835089 0.9532081
vt 0.183458 0.9534075
vt 0.183543 0.9533883
vt 0.1834216 0.9532147
vt 0.1834866 0.9530226
vt 0.1833598 0.9534156
vt 0.1833977 0.9530162
vt 0.1834794 0.9528565
vt 0.1833228 0.9532201
vt 0.1833901 0.9528416
vt 0.1835336 0.9457839
vt 0.1828837 0.9532419
vt 0.1829207 0.9534374
vt 0.1828595 0.9530407
vt 0.1832987 0.9530188
vt 0.1828518 0.9528643
vt 0.183291 0.9528424
vt 0.1829061 0.9457858
vt 0.1834444 0.9457641
vt 0.183543 0.9456666
vt 0.1834542 0.9456407
vt 0.1833452 0.9457638
vt 0.1829161 0.9456611
vt 0.1833552 0.9456392
vt 0.1828467 0.945909
vt 0.1827136 0.9588954
vt 0.1827992 0.9588992
vt 0.182761 0.9458961
vt 0.1826152 0.9589002
vt 0.1826626 0.945899
vt 0.1822235 0.9459293
vt 0.182176 0.9589305
vt 0.1820552 0.9611207
vt 0.1821411 0.9611185
vt 0.1821584 0.9462095
vt 0.1820726 0.9462014
vt 0.181957 0.9611233
vt 0.1819743 0.9462019
vt 0.1815356 0.9462136
vt 0.1815183 0.961135
vt 0.1644091 0.9461604
vt 0.1643763 0.9464836
vt 0.1643763 0.9616792
vt 0.1645023 0.9458865
vt 0.1646419 0.9457034
vt 0.1648066 0.9456392
vt 0.1725501 0.9456392
vt 0.1644091 0.9620023
vt 0.1645023 0.9622762
vt 0.1646419 0.9624593
vt 0.1648066 0.9625235
vt 0.1725501 0.9625235
vt 0.1727147 0.9457034
vt 0.1728543 0.9458865
vt 0.1729476 0.9461604
vt 0.1729803 0.9464836
vt 0.1729803 0.9616792
vt 0.1727147 0.9624593
vt 0.1728543 0.9622762
vt 0.1729476 0.9620023
vt 0.1730105 0.9616022
vt 0.1729803 0.961608
vt 0.1730112 0.9619122
vt 0.1730396 0.9618891
vt 0.1730506 0.9615944
vt 0.1730971 0.9621647
vt 0.1730774 0.9618584
vt 0.1731189 0.962122
vt 0.1732258 0.9623334
vt 0.1732376 0.9622777
vt 0.1733809 0.9623939
vt 0.1731478 0.9620653
vt 0.1733838 0.9623347
vt 0.1811178 0.9623939
vt 0.1732532 0.9622036
vt 0.1811149 0.9623347
vt 0.1812728 0.9623334
vt 0.1733878 0.9622561
vt 0.1812611 0.9622777
vt 0.1814015 0.9621647
vt 0.1811109 0.9622561
vt 0.1813798 0.962122
vt 0.1814875 0.9619122
vt 0.1812454 0.9622036
vt 0.1814591 0.9618891
vt 0.1815183 0.961608
vt 0.1814882 0.9616022
vt 0.1813509 0.9620653
vt 0.1814213 0.9618584
vt 0.1814481 0.9615944
vt 0.1733971 0.9620706
vt 0.1732901 0.9620289
vt 0.1811016 0.9620706
vt 0.1812086 0.9620289
vt 0.1732159 0.9619316
vt 0.1812827 0.9619316
vt 0.1813323 0.9617861
vt 0.1731664 0.9617861
vt 0.1814481 0.9615944
vt 0.1731451 0.9615762
vt 0.1731451 0.946457
vt 0.1732159 0.9619316
vt 0.1730506 0.9615944
vt 0.1732901 0.9620289
vt 0.1733971 0.9620706
vt 0.1811016 0.9620706
vt 0.1730506 0.9464387
vt 0.1730105 0.9616022
vt 0.1730105 0.946431
vt 0.1729803 0.961608
vt 0.1729803 0.9464251
vt 0.1731664 0.946247
vt 0.1730774 0.9461747
vt 0.1732159 0.9461015
vt 0.1732901 0.9460043
vt 0.1733971 0.9459625
vt 0.1811016 0.9459625
vt 0.1812086 0.9620289
vt 0.1812827 0.9619316
vt 0.1732159 0.9461015
vt 0.1813536 0.9615762
vt 0.1813536 0.946457
vt 0.1812086 0.9460043
vt 0.1812827 0.9461015
vt 0.1813323 0.946247
vt 0.1814481 0.9464387
vt 0.1814882 0.946431
vt 0.1814882 0.9616022
vt 0.1815183 0.9464251
vt 0.1815183 0.961608
vt 0.1814213 0.9461747
vt 0.1813509 0.9459678
vt 0.1812827 0.9461015
vt 0.1812454 0.9458296
vt 0.1812086 0.9460043
vt 0.1811109 0.9457771
vt 0.1811016 0.9459625
vt 0.1733878 0.9457771
vt 0.1733971 0.9459625
vt 0.1732532 0.9458296
vt 0.1732901 0.9460043
vt 0.1731478 0.9459678
vt 0.1813798 0.9459111
vt 0.1812611 0.9457555
vt 0.1811149 0.9456984
vt 0.1733838 0.9456984
vt 0.1732376 0.9457555
vt 0.1731189 0.9459111
vt 0.1730396 0.946144
vt 0.1730105 0.946431
vt 0.1730506 0.9464387
vt 0.1729803 0.9464251
vt 0.1730112 0.9461209
vt 0.1730971 0.9458684
vt 0.1732258 0.9456997
vt 0.1733809 0.9456392
vt 0.1811178 0.9456392
vt 0.1812728 0.9456997
vt 0.1814015 0.9458684
vt 0.1814591 0.946144
vt 0.1814481 0.9464387
vt 0.1814875 0.9461209
vt 0.1814882 0.946431
vt 0.1815183 0.9464251
vt 0.1828307 0.9596459
vt 0.1827693 0.9598271
vt 0.1828518 0.9597772
vt 0.1827472 0.9596891
vt 0.1828136 0.9594355
vt 0.1826717 0.9598433
vt 0.1827288 0.959464
vt 0.1828025 0.9591753
vt 0.1826493 0.9597039
vt 0.182717 0.9591857
vt 0.1827992 0.9588992
vt 0.1827136 0.9588954
vt 0.1822101 0.9597342
vt 0.1822325 0.9598737
vt 0.1821915 0.959506
vt 0.1826306 0.9594756
vt 0.1821795 0.9592237
vt 0.1826187 0.9591934
vt 0.1826152 0.9589002
vt 0.182176 0.9589305
vt 0.1821632 0.9459165
vt 0.1820726 0.9462014
vt 0.1821584 0.9462095
vt 0.1820776 0.9458935
vt 0.182176 0.9456847
vt 0.1820914 0.9456455
vt 0.1819743 0.9462019
vt 0.1819794 0.9458907
vt 0.1819933 0.9456392
vt 0.1815547 0.9456509
vt 0.1815408 0.9459025
vt 0.1815356 0.9462136
vt 0.1834872 0.9606958
vt 0.1834227 0.960888
vt 0.1835101 0.9608812
vt 0.1833982 0.9606897
vt 0.1834794 0.9605297
vt 0.183324 0.9608938
vt 0.18339 0.9605151
vt 0.1835101 0.9534569
vt 0.1834207 0.9534374
vt 0.1832992 0.9606926
vt 0.1832909 0.9605162
vt 0.1833216 0.9534375
vt 0.1828825 0.9534609
vt 0.1828518 0.9605396
vt 0.1828601 0.9607159
vt 0.1828849 0.9609171
vt 0.1821575 0.961687
vt 0.1820926 0.9619263
vt 0.182176 0.9618767
vt 0.1820727 0.9617233
vt 0.1821452 0.9614229
vt 0.1819948 0.961939
vt 0.1820596 0.9614408
vt 0.1821411 0.9611185
vt 0.1820552 0.9611207
vt 0.1819747 0.9617332
vt 0.1819614 0.9614467
vt 0.181957 0.9611233
vt 0.1815183 0.961135
vt 0.1815227 0.9614584
vt 0.181536 0.9617449
vt 0.1815562 0.9619508
vt 0.1828518 0.9456645
vt 0.182761 0.9458961
vt 0.1828467 0.945909
vt 0.1827664 0.9456392
vt 0.1826626 0.945899
vt 0.1826681 0.9456393
vt 0.182229 0.9456697
vt 0.1822235 0.9459293
vt 0.1835089 0.9532081
vt 0.183458 0.9534075
vt 0.183543 0.9533883
vt 0.1834216 0.9532147
vt 0.1834866 0.9530226
vt 0.1833598 0.9534156
vt 0.1833977 0.9530162
vt 0.1834794 0.9528565
vt 0.1833228 0.9532201
vt 0.1833901 0.9528416
vt 0.1835336 0.9457839
vt 0.1828837 0.9532419
vt 0.1829207 0.9534374
vt 0.1828595 0.9530407
vt 0.1832987 0.9530188
vt 0.1828518 0.9528643
vt 0.183291 0.9528424
vt 0.1829061 0.9457858
vt 0.1834444 0.9457641
vt 0.183543 0.9456666
vt 0.1834542 0.9456407
vt 0.1833452 0.9457638
vt 0.1829161 0.9456611
vt 0.1833552 0.9456392
vt 0.1828467 0.945909
vt 0.1827136 0.9588954
vt 0.1827992 0.9588992
vt 0.182761 0.9458961
vt 0.1826152 0.9589002
vt 0.1826626 0.945899
vt 0.1822235 0.9459293
vt 0.182176 0.9589305
vt 0.1820552 0.9611207
vt 0.1821411 0.9611185
vt 0.1821584 0.9462095
vt 0.1820726 0.9462014
vt 0.181957 0.9611233
vt 0.1819743 0.9462019
vt 0.1815356 0.9462136
vt 0.1815183 0.961135
vt 0.1644091 0.9461604
vt 0.1643763 0.9464836
vt 0.1643763 0.9616792
vt 0.1645023 0.9458865
vt 0.1646419 0.9457034
vt 0.1648066 0.9456392
vt 0.1725501 0.9456392
vt 0.1644091 0.9620023
vt 0.1645023 0.9622762
vt 0.1646419 0.9624593
vt 0.1648066 0.9625235
vt 0.1725501 0.9625235
vt 0.1727147 0.9457034
vt 0.1728543 0.9458865
vt 0.1729476 0.9461604
vt 0.1729803 0.9464836
vt 0.1729803 0.9616792
vt 0.1727147 0.9624593
vt 0.1728543 0.9622762
vt 0.1729476 0.9620023
vt 0.1730105 0.9616022
vt 0.1729803 0.961608
vt 0.1730112 0.9619122
vt 0.1730396 0.9618891
vt 0.1730506 0.9615944
vt 0.1730971 0.9621647
vt 0.1730774 0.9618584
vt 0.1731189 0.962122
vt 0.1732258 0.9623334
vt 0.1732376 0.9622777
vt 0.1733809 0.9623939
vt 0.1731478 0.9620653
vt 0.1733838 0.9623347
vt 0.1811178 0.9623939
vt 0.1732532 0.9622036
vt 0.1811149 0.9623347
vt 0.1812728 0.9623334
vt 0.1733878 0.9622561
vt 0.1812611 0.9622777
vt 0.1814015 0.9621647
vt 0.1811109 0.9622561
vt 0.1813798 0.962122
vt 0.1814875 0.9619122
vt 0.1812454 0.9622036
vt 0.1814591 0.9618891
vt 0.1815183 0.961608
vt 0.1814882 0.9616022
vt 0.1813509 0.9620653
vt 0.1814213 0.9618584
vt 0.1814481 0.9615944
vt 0.1733971 0.9620706
vt 0.1732901 0.9620289
vt 0.1811016 0.9620706
vt 0.1812086 0.9620289
vt 0.1732159 0.9619316
vt 0.1812827 0.9619316
vt 0.1813323 0.9617861
vt 0.1731664 0.9617861
vt 0.1814481 0.9615944
vt 0.1731451 0.9615762
vt 0.1731451 0.946457
vt 0.1732159 0.9619316
vt 0.1730506 0.9615944
vt 0.1732901 0.9620289
vt 0.1733971 0.9620706
vt 0.1811016 0.9620706
vt 0.1730506 0.9464387
vt 0.1730105 0.9616022
vt 0.1730105 0.946431
vt 0.1729803 0.961608
vt 0.1729803 0.9464251
vt 0.1731664 0.946247
vt 0.1730774 0.9461747
vt 0.1732159 0.9461015
vt 0.1732901 0.9460043
vt 0.1733971 0.9459625
vt 0.1811016 0.9459625
vt 0.1812086 0.9620289
vt 0.1812827 0.9619316
vt 0.1732159 0.9461015
vt 0.1813536 0.9615762
vt 0.1813536 0.946457
vt 0.1812086 0.9460043
vt 0.1812827 0.9461015
vt 0.1813323 0.946247
vt 0.1814481 0.9464387
vt 0.1814882 0.946431
vt 0.1814882 0.9616022
vt 0.1815183 0.9464251
vt 0.1815183 0.961608
vt 0.1814213 0.9461747
vt 0.1813509 0.9459678
vt 0.1812827 0.9461015
vt 0.1812454 0.9458296
vt 0.1812086 0.9460043
vt 0.1811109 0.9457771
vt 0.1811016 0.9459625
vt 0.1733878 0.9457771
vt 0.1733971 0.9459625
vt 0.1732532 0.9458296
vt 0.1732901 0.9460043
vt 0.1731478 0.9459678
vt 0.1813798 0.9459111
vt 0.1812611 0.9457555
vt 0.1811149 0.9456984
vt 0.1733838 0.9456984
vt 0.1732376 0.9457555
vt 0.1731189 0.9459111
vt 0.1730396 0.946144
vt 0.1730105 0.946431
vt 0.1730506 0.9464387
vt 0.1729803 0.9464251
vt 0.1730112 0.9461209
vt 0.1730971 0.9458684
vt 0.1732258 0.9456997
vt 0.1733809 0.9456392
vt 0.1811178 0.9456392
vt 0.1812728 0.9456997
vt 0.1814015 0.9458684
vt 0.1814591 0.946144
vt 0.1814481 0.9464387
vt 0.1814875 0.9461209
vt 0.1814882 0.946431
vt 0.1815183 0.9464251
vt 0.1828307 0.9596459
vt 0.1827693 0.9598271
vt 0.1828518 0.9597772
vt 0.1827472 0.9596891
vt 0.1828136 0.9594355
vt 0.1826717 0.9598433
vt 0.1827288 0.959464
vt 0.1828025 0.9591753
vt 0.1826493 0.9597039
vt 0.182717 0.9591857
vt 0.1827992 0.9588992
vt 0.1827136 0.9588954
vt 0.1822101 0.9597342
vt 0.1822325 0.9598737
vt 0.1821915 0.959506
vt 0.1826306 0.9594756
vt 0.1821795 0.9592237
vt 0.1826187 0.9591934
vt 0.1826152 0.9589002
vt 0.182176 0.9589305
vt 0.1821632 0.9459165
vt 0.1820726 0.9462014
vt 0.1821584 0.9462095
vt 0.1820776 0.9458935
vt 0.182176 0.9456847
vt 0.1820914 0.9456455
vt 0.1819743 0.9462019
vt 0.1819794 0.9458907
vt 0.1819933 0.9456392
vt 0.1815547 0.9456509
vt 0.1815408 0.9459025
vt 0.1815356 0.9462136
vt 0.1834872 0.9606958
vt 0.1834227 0.960888
vt 0.1835101 0.9608812
vt 0.1833982 0.9606897
vt 0.1834794 0.9605297
vt 0.183324 0.9608938
vt 0.18339 0.9605151
vt 0.1835101 0.9534569
vt 0.1834207 0.9534374
vt 0.1832992 0.9606926
vt 0.1832909 0.9605162
vt 0.1833216 0.9534375
vt 0.1828825 0.9534609
vt 0.1828518 0.9605396
vt 0.1828601 0.9607159
vt 0.1828849 0.9609171
vt 0.1821575 0.961687
vt 0.1820926 0.9619263
vt 0.182176 0.9618767
vt 0.1820727 0.9617233
vt 0.1821452 0.9614229
vt 0.1819948 0.961939
vt 0.1820596 0.9614408
vt 0.1821411 0.9611185
vt 0.1820552 0.9611207
vt 0.1819747 0.9617332
vt 0.1819614 0.9614467
vt 0.181957 0.9611233
vt 0.1815183 0.961135
vt 0.1815227 0.9614584
vt 0.181536 0.9617449
vt 0.1815562 0.9619508
vt 0.1828518 0.9456645
vt 0.182761 0.9458961
vt 0.1828467 0.945909
vt 0.1827664 0.9456392
vt 0.1826626 0.945899
vt 0.1826681 0.9456393
vt 0.182229 0.9456697
vt 0.1822235 0.9459293
vt 0.1835089 0.9532081
vt 0.183458 0.9534075
vt 0.183543 0.9533883
vt 0.1834216 0.9532147
vt 0.1834866 0.9530226
vt 0.1833598 0.9534156
vt 0.1833977 0.9530162
vt 0.1834794 0.9528565
vt 0.1833228 0.9532201
vt 0.1833901 0.9528416
vt 0.1835336 0.9457839
vt 0.1828837 0.9532419
vt 0.1829207 0.9534374
vt 0.1828595 0.9530407
vt 0.1832987 0.9530188
vt 0.1828518 0.9528643
vt 0.183291 0.9528424
vt 0.1829061 0.9457858
vt 0.1834444 0.9457641
vt 0.183543 0.9456666
vt 0.1834542 0.9456407
vt 0.1833452 0.9457638
vt 0.1829161 0.9456611
vt 0.1833552 0.9456392
vt 0.1828467 0.945909
vt 0.1827136 0.9588954
vt 0.1827992 0.9588992
vt 0.182761 0.9458961
vt 0.1826152 0.9589002
vt 0.1826626 0.945899
vt 0.1822235 0.9459293
vt 0.182176 0.9589305
vt 0.1820552 0.9611207
vt 0.1821411 0.9611185
vt 0.1821584 0.9462095
vt 0.1820726 0.9462014
vt 0.181957 0.9611233
vt 0.1819743 0.9462019
vt 0.1815356 0.9462136
vt 0.1815183 0.961135
vt 0.1644091 0.9461604
vt 0.1643763 0.9464836
vt 0.1643763 0.9616792
vt 0.1644091 0.9620023
vt 0.1645023 0.9458865
vt 0.1645023 0.9622762
vt 0.1646419 0.9457034
vt 0.1646419 0.9624593
vt 0.1648066 0.9456392
vt 0.1648066 0.9625235
vt 0.1725501 0.9456392
vt 0.1725501 0.9625235
vt 0.1727147 0.9457034
vt 0.1727147 0.9624593
vt 0.1728543 0.9458865
vt 0.1728543 0.9622762
vt 0.1729476 0.9461604
vt 0.1729476 0.9620023
vt 0.1729803 0.9464836
vt 0.1729803 0.9616792
vt 0.1730105 0.9616022
vt 0.1729803 0.961608
vt 0.1730112 0.9619122
vt 0.1730396 0.9618891
vt 0.1730506 0.9615944
vt 0.1730971 0.9621647
vt 0.1730774 0.9618584
vt 0.1731189 0.962122
vt 0.1732258 0.9623334
vt 0.1732376 0.9622777
vt 0.1733809 0.9623939
vt 0.1731478 0.9620653
vt 0.1733838 0.9623347
vt 0.1811178 0.9623939
vt 0.1732532 0.9622036
vt 0.1811149 0.9623347
vt 0.1812728 0.9623334
vt 0.1733878 0.9622561
vt 0.1812611 0.9622777
vt 0.1814015 0.9621647
vt 0.1811109 0.9622561
vt 0.1813798 0.962122
vt 0.1814875 0.9619122
vt 0.1812454 0.9622036
vt 0.1814591 0.9618891
vt 0.1815183 0.961608
vt 0.1814882 0.9616022
vt 0.1813509 0.9620653
vt 0.1814213 0.9618584
vt 0.1814481 0.9615944
vt 0.1733971 0.9620706
vt 0.1732901 0.9620289
vt 0.1811016 0.9620706
vt 0.1812086 0.9620289
vt 0.1732159 0.9619316
vt 0.1812827 0.9619316
vt 0.1813323 0.9617861
vt 0.1731664 0.9617861
vt 0.1814481 0.9615944
vt 0.1731451 0.9615762
vt 0.1730506 0.9615944
vt 0.1731664 0.946247
vt 0.1731451 0.946457
vt 0.1730506 0.9464387
vt 0.1730105 0.9616022
vt 0.1730105 0.946431
vt 0.1729803 0.961608
vt 0.1729803 0.9464251
vt 0.1730774 0.9461747
vt 0.1732159 0.9461015
vt 0.1732159 0.9619316
vt 0.1732901 0.9460043
vt 0.1732901 0.9620289
vt 0.1733971 0.9459625
vt 0.1733971 0.9620706
vt 0.1811016 0.9459625
vt 0.1811016 0.9620706
vt 0.1812086 0.9460043
vt 0.1812086 0.9620289
vt 0.1812827 0.9461015
vt 0.1812827 0.9619316
vt 0.1813323 0.946247
vt 0.1813536 0.946457
vt 0.1813536 0.9615762
vt 0.1814481 0.9464387
vt 0.1814882 0.946431
vt 0.1814882 0.9616022
vt 0.1815183 0.9464251
vt 0.1815183 0.961608
vt 0.1814213 0.9461747
vt 0.1813509 0.9459678
vt 0.1812827 0.9461015
vt 0.1812454 0.9458296
vt 0.1812086 0.9460043
vt 0.1811109 0.9457771
vt 0.1811016 0.9459625
vt 0.1733878 0.9457771
vt 0.1733971 0.9459625
vt 0.1732532 0.9458296
vt 0.1732901 0.9460043
vt 0.1731478 0.9459678
vt 0.1732159 0.9461015
vt 0.1813798 0.9459111
vt 0.1812611 0.9457555
vt 0.1811149 0.9456984
vt 0.1733838 0.9456984
vt 0.1732376 0.9457555
vt 0.1731189 0.9459111
vt 0.1730396 0.946144
vt 0.1730105 0.946431
vt 0.1730506 0.9464387
vt 0.1729803 0.9464251
vt 0.1730112 0.9461209
vt 0.1730971 0.9458684
vt 0.1732258 0.9456997
vt 0.1733809 0.9456392
vt 0.1811178 0.9456392
vt 0.1812728 0.9456997
vt 0.1814015 0.9458684
vt 0.1814591 0.946144
vt 0.1814481 0.9464387
vt 0.1814875 0.9461209
vt 0.1814882 0.946431
vt 0.1815183 0.9464251
vt 0.1828307 0.9596459
vt 0.1827693 0.9598271
vt 0.1828518 0.9597772
vt 0.1827472 0.9596891
vt 0.1828136 0.9594355
vt 0.1826717 0.9598433
vt 0.1827288 0.959464
vt 0.1828025 0.9591753
vt 0.1826493 0.9597039
vt 0.182717 0.9591857
vt 0.1827992 0.9588992
vt 0.1827136 0.9588954
vt 0.1822101 0.9597342
vt 0.1822325 0.9598737
vt 0.1821915 0.959506
vt 0.1826306 0.9594756
vt 0.1821795 0.9592237
vt 0.1826187 0.9591934
vt 0.1826152 0.9589002
vt 0.182176 0.9589305
vt 0.1821632 0.9459165
vt 0.1820726 0.9462014
vt 0.1821584 0.9462095
vt 0.1820776 0.9458935
vt 0.182176 0.9456847
vt 0.1820914 0.9456455
vt 0.1819743 0.9462019
vt 0.1819794 0.9458907
vt 0.1819933 0.9456392
vt 0.1815547 0.9456509
vt 0.1815408 0.9459025
vt 0.1815356 0.9462136
vt 0.1834872 0.9606958
vt 0.1834227 0.960888
vt 0.1835101 0.9608812
vt 0.1833982 0.9606897
vt 0.1834794 0.9605297
vt 0.183324 0.9608938
vt 0.18339 0.9605151
vt 0.1835101 0.9534569
vt 0.1834207 0.9534374
vt 0.1832992 0.9606926
vt 0.1832909 0.9605162
vt 0.1833216 0.9534375
vt 0.1828825 0.9534609
vt 0.1828518 0.9605396
vt 0.1828601 0.9607159
vt 0.1828849 0.9609171
vt 0.1821575 0.961687
vt 0.1820926 0.9619263
vt 0.182176 0.9618767
vt 0.1820727 0.9617233
vt 0.1821452 0.9614229
vt 0.1819948 0.961939
vt 0.1820596 0.9614408
vt 0.1821411 0.9611185
vt 0.1820552 0.9611207
vt 0.1819747 0.9617332
vt 0.1819614 0.9614467
vt 0.181957 0.9611233
vt 0.1815183 0.961135
vt 0.1815227 0.9614584
vt 0.181536 0.9617449
vt 0.1815562 0.9619508
vt 0.1828518 0.9456645
vt 0.182761 0.9458961
vt 0.1828467 0.945909
vt 0.1827664 0.9456392
vt 0.1826626 0.945899
vt 0.1826681 0.9456393
vt 0.182229 0.9456697
vt 0.1822235 0.9459293
vt 0.1835089 0.9532081
vt 0.183458 0.9534075
vt 0.183543 0.9533883
vt 0.1834216 0.9532147
vt 0.1834866 0.9530226
vt 0.1833598 0.9534156
vt 0.1833977 0.9530162
vt 0.1834794 0.9528565
vt 0.1833228 0.9532201
vt 0.1833901 0.9528416
vt 0.1835336 0.9457839
vt 0.1828837 0.9532419
vt 0.1829207 0.9534374
vt 0.1828595 0.9530407
vt 0.1832987 0.9530188
vt 0.1828518 0.9528643
vt 0.183291 0.9528424
vt 0.1829061 0.9457858
vt 0.1834444 0.9457641
vt 0.183543 0.9456666
vt 0.1834542 0.9456407
vt 0.1833452 0.9457638
vt 0.1829161 0.9456611
vt 0.1833552 0.9456392
vt 0.1828467 0.945909
vt 0.1827136 0.9588954
vt 0.1827992 0.9588992
vt 0.182761 0.9458961
vt 0.1826152 0.9589002
vt 0.1826626 0.945899
vt 0.1822235 0.9459293
vt 0.182176 0.9589305
vt 0.1820552 0.9611207
vt 0.1821411 0.9611185
vt 0.1821584 0.9462095
vt 0.1820726 0.9462014
vt 0.181957 0.9611233
vt 0.1819743 0.9462019
vt 0.1815356 0.9462136
vt 0.1815183 0.961135
vt 0.1824356 0.9471207
vt 0.1824641 0.9470975
vt 0.1823781 0.9468451
vt 0.1823563 0.9468877
vt 0.1822494 0.9466763
vt 0.1824647 0.9474076
vt 0.1824949 0.9474018
vt 0.1822376 0.946732
vt 0.1820944 0.9466158
vt 0.1824647 0.9625788
vt 0.1824949 0.9625846
vt 0.1820914 0.9466751
vt 0.1743574 0.9466158
vt 0.1824356 0.9628657
vt 0.1824641 0.9628888
vt 0.1743604 0.9466751
vt 0.1742024 0.9466763
vt 0.1823563 0.9630986
vt 0.1823781 0.9631413
vt 0.1742142 0.946732
vt 0.1740737 0.9468451
vt 0.1822376 0.9632542
vt 0.1822494 0.96331
vt 0.1740955 0.9468877
vt 0.1739877 0.9470975
vt 0.1820914 0.9633113
vt 0.1820944 0.9633706
vt 0.1740162 0.9471205
vt 0.1739569 0.9474018
vt 0.1743604 0.9633113
vt 0.1743574 0.9633706
vt 0.1739871 0.9474076
vt 0.1739569 0.9625846
vt 0.1742142 0.9632542
vt 0.1742024 0.96331
vt 0.1739871 0.9625788
vt 0.1739877 0.9628888
vt 0.1740955 0.9630986
vt 0.1740737 0.9631413
vt 0.1740162 0.9628657
vt 0.1743643 0.9632326
vt 0.1742298 0.9631802
vt 0.1741244 0.9630419
vt 0.1740539 0.962835
vt 0.1740272 0.962571
vt 0.1740272 0.9474154
vt 0.1820875 0.9632326
vt 0.1740539 0.9471513
vt 0.182222 0.9631802
vt 0.1741244 0.9469444
vt 0.1823274 0.9630419
vt 0.1742298 0.9468062
vt 0.1823979 0.962835
vt 0.1743643 0.9467536
vt 0.1824246 0.962571
vt 0.1820875 0.9467536
vt 0.1824246 0.9474154
vt 0.182222 0.9468062
vt 0.1823979 0.9471513
vt 0.1823274 0.9469444
vt 0.1823089 0.9627627
vt 0.1823301 0.9625528
vt 0.1823301 0.9474336
vt 0.1823089 0.9472237
vt 0.1822593 0.9470781
vt 0.1821851 0.9469808
vt 0.1822593 0.9629083
vt 0.1820782 0.9469391
vt 0.1743736 0.9469391
vt 0.1742667 0.9469808
vt 0.1741925 0.9470781
vt 0.1741429 0.9472237
vt 0.1741216 0.9474336
vt 0.1741216 0.9625528
vt 0.1741429 0.9627627
vt 0.1741925 0.9629083
vt 0.1821851 0.9630055
vt 0.1742667 0.9630055
vt 0.1820782 0.9630473
vt 0.1743736 0.9630473
f 1/1/1 3/3/3 2/2/2
f 3/3/3 1/1/1 4/4/4
f 4/4/4 1/1/1 5/5/5
f 4/4/4 5/5/5 6/6/6
f 6/6/6 5/5/5 7/7/7
f 6/6/6 7/7/7 8/8/8
f 8/8/8 7/7/7 9/9/9
f 8/8/8 9/9/9 10/10/10
f 10/10/10 9/9/9 11/11/11
f 10/10/10 11/11/11 12/12/12
f 12/12/12 11/11/11 13/13/13
f 12/12/12 13/13/13 14/14/14
f 14/14/14 13/13/13 15/15/15
f 14/14/14 15/15/15 16/16/16
f 16/16/16 15/15/15 17/17/17
f 16/16/16 17/17/17 18/18/18
f 18/18/18 17/17/17 19/19/19
f 18/18/18 19/19/19 20/20/20
f 21/21/21 23/23/23 22/22/22
f 21/21/21 24/24/24 23/23/23
f 25/25/25 24/24/24 21/21/21
f 24/24/24 26/26/26 23/23/23
f 25/25/25 27/27/27 24/24/24
f 24/24/24 28/28/28 26/26/26
f 27/27/27 28/28/28 24/24/24
f 28/28/28 29/29/29 26/26/26
f 27/27/27 30/30/30 28/28/28
f 28/28/28 31/31/31 29/29/29
f 30/30/30 31/31/31 28/28/28
f 31/31/31 32/32/32 29/29/29
f 30/30/30 33/33/33 31/31/31
f 31/31/31 34/34/34 32/32/32
f 33/33/33 34/34/34 31/31/31
f 34/34/34 35/35/35 32/32/32
f 34/34/34 36/36/36 35/35/35
f 36/36/36 37/37/37 35/35/35
f 33/33/33 38/38/38 34/34/34
f 38/38/38 36/36/36 34/34/34
f 36/36/36 39/39/39 37/37/37
f 39/39/39 40/40/40 37/37/37
f 38/38/38 41/41/41 36/36/36
f 41/41/41 39/39/39 36/36/36
f 39/39/39 42/42/42 40/40/40
f 42/42/42 43/43/43 40/40/40
f 41/41/41 44/44/44 39/39/39
f 44/44/44 42/42/42 39/39/39
f 42/42/42 45/45/45 43/43/43
f 45/45/45 46/46/46 43/43/43
f 45/45/45 47/47/47 46/46/46
f 48/48/48 45/45/45 42/42/42
f 44/44/44 48/48/48 42/42/42
f 48/48/48 49/49/49 45/45/45
f 49/49/49 47/47/47 45/45/45
f 49/49/49 50/50/50 47/47/47
f 51/51/51 41/41/41 38/38/38
f 52/52/52 51/51/51 38/38/38
f 51/51/51 53/53/53 41/41/41
f 53/53/53 44/44/44 41/41/41
f 52/52/52 38/38/38 33/33/33
f 53/53/53 54/54/54 44/44/44
f 55/55/55 52/52/52 33/33/33
f 54/54/54 56/56/56 44/44/44
f 55/55/55 33/33/33 57/57/57
f 54/54/54 58/58/58 56/56/56
f 58/58/58 59/59/59 56/56/56
f 60/60/60 55/55/55 57/57/57
f 58/58/58 61/61/61 59/59/59
f 60/60/60 57/57/57 62/62/62
f 61/61/61 63/63/63 59/59/59
f 64/64/64 60/60/60 62/62/62
f 64/64/64 61/61/61 60/60/60
f 64/64/64 62/62/62 65/65/65
f 60/60/60 61/61/61 66/66/66
f 60/60/60 66/66/66 67/67/67
f 67/67/67 66/66/66 68/68/68
f 67/67/67 68/68/68 69/69/69
f 69/69/69 68/68/68 70/70/70
f 69/69/69 70/70/70 71/71/71
f 64/64/64 72/72/72 61/61/61
f 61/61/61 72/72/72 63/63/63
f 73/73/73 64/64/64 65/65/65
f 73/73/73 72/72/72 64/64/64
f 73/73/73 65/65/65 74/74/74
f 74/74/74 65/65/65 75/75/75
f 74/74/74 75/75/75 76/76/76
f 76/76/76 75/75/75 77/77/77
f 76/76/76 77/77/77 78/78/78
f 79/79/79 73/73/73 74/74/74
f 79/79/79 74/74/74 80/80/80
f 73/73/73 81/81/81 72/72/72
f 79/79/79 81/81/81 73/73/73
f 82/82/82 79/79/79 80/80/80
f 82/82/82 80/80/80 83/83/83
f 84/84/84 82/82/82 83/83/83
f 84/84/84 83/83/83 85/85/85
f 86/86/86 84/84/84 85/85/85
f 72/72/72 81/81/81 87/87/87
f 72/72/72 87/87/87 63/63/63
f 88/88/88 63/63/63 87/87/87
f 88/88/88 89/89/89 63/63/63
f 90/90/90 89/89/89 88/88/88
f 90/90/90 91/91/91 89/89/89
f 81/81/81 92/92/92 87/87/87
f 79/79/79 93/93/93 81/81/81
f 81/81/81 93/93/93 92/92/92
f 94/94/94 93/93/93 79/79/79
f 93/93/93 95/95/95 92/92/92
f 94/94/94 96/96/96 93/93/93
f 93/93/93 97/97/97 95/95/95
f 98/98/98 96/96/96 94/94/94
f 98/98/98 99/99/99 96/96/96
f 100/100/100 99/99/99 98/98/98
f 99/99/99 100/100/100 101/101/101
f 97/97/97 102/102/102 95/95/95
f 97/97/97 103/103/103 102/102/102
f 103/103/103 104/104/104 102/102/102
f 103/103/103 105/105/105 104/104/104
f 105/105/105 106/106/106 104/104/104
f 105/105/105 86/86/86 106/106/106
f 86/86/86 85/85/85 106/106/106
f 102/102/102 104/104/104 107/107/107
f 108/108/108 104/104/104 106/106/106
f 108/108/108 107/107/107 104/104/104
f 106/106/106 85/85/85 109/109/109
f 106/106/106 109/109/109 108/108/108
f 102/102/102 107/107/107 110/110/110
f 111/111/111 102/102/102 110/110/110
f 85/85/85 112/112/112 109/109/109
f 85/85/85 113/113/113 112/112/112
f 111/111/111 110/110/110 114/114/114
f 115/115/115 111/111/111 114/114/114
f 113/113/113 116/116/116 112/112/112
f 113/113/113 117/117/117 116/116/116
f 117/117/117 118/118/118 116/116/116
f 117/117/117 119/119/119 118/118/118
f 116/116/116 118/118/118 120/120/120
f 116/116/116 120/120/120 121/121/121
f 112/112/112 116/116/116 121/121/121
f 112/112/112 121/121/121 122/122/122
f 109/109/109 112/112/112 122/122/122
f 109/109/109 122/122/122 123/123/123
f 108/108/108 109/109/109 123/123/123
f 108/108/108 123/123/123 124/124/124
f 124/124/124 107/107/107 108/108/108
f 124/124/124 125/125/125 107/107/107
f 110/110/110 107/107/107 125/125/125
f 110/110/110 125/125/125 126/126/126
f 114/114/114 110/110/110 126/126/126
f 114/114/114 126/126/126 127/127/127
f 128/128/128 114/114/114 127/127/127
f 115/115/115 114/114/114 128/128/128
f 129/129/129 115/115/115 128/128/128
f 128/128/128 127/127/127 130/130/130
f 129/129/129 128/128/128 131/131/131
f 131/131/131 128/128/128 130/130/130
f 131/131/131 130/130/130 132/132/132
f 133/133/133 135/135/135 134/134/134
f 133/133/133 134/134/134 136/136/136
f 137/137/137 133/133/133 136/136/136
f 136/136/136 134/134/134 138/138/138
f 137/137/137 136/136/136 139/139/139
f 140/140/140 137/137/137 139/139/139
f 136/136/136 138/138/138 141/141/141
f 139/139/139 136/136/136 141/141/141
f 140/140/140 139/139/139 142/142/142
f 143/143/143 140/140/140 142/142/142
f 143/143/143 142/142/142 144/144/144
f 145/145/145 141/141/141 138/138/138
f 145/145/145 138/138/138 146/146/146
f 147/147/147 141/141/141 145/145/145
f 139/139/139 141/141/141 148/148/148
f 147/147/147 148/148/148 141/141/141
f 142/142/142 139/139/139 148/148/148
f 149/149/149 148/148/148 147/147/147
f 144/144/144 142/142/142 150/150/150
f 142/142/142 148/148/148 150/150/150
f 149/149/149 150/150/150 148/148/148
f 144/144/144 150/150/150 151/151/151
f 152/152/152 150/150/150 149/149/149
f 152/152/152 151/151/151 150/150/150
f 153/153/153 155/155/155 154/154/154
f 153/153/153 154/154/154 156/156/156
f 157/157/157 153/153/153 156/156/156
f 157/157/157 156/156/156 158/158/158
f 156/156/156 154/154/154 159/159/159
f 158/158/158 156/156/156 160/160/160
f 156/156/156 159/159/159 160/160/160
f 158/158/158 160/160/160 161/161/161
f 160/160/160 162/162/162 161/161/161
f 160/160/160 163/163/163 162/162/162
f 159/159/159 163/163/163 160/160/160
f 159/159/159 164/164/164 163/163/163
f 165/165/165 167/167/167 166/166/166
f 165/165/165 166/166/166 168/168/168
f 169/169/169 165/165/165 168/168/168
f 168/168/168 166/166/166 170/170/170
f 169/169/169 168/168/168 171/171/171
f 172/172/172 169/169/169 171/171/171
f 172/172/172 171/171/171 173/173/173
f 168/168/168 170/170/170 174/174/174
f 171/171/171 168/168/168 174/174/174
f 173/173/173 171/171/171 175/175/175
f 171/171/171 174/174/174 175/175/175
f 173/173/173 175/175/175 176/176/176
f 177/177/177 176/176/176 175/175/175
f 177/177/177 175/175/175 178/178/178
f 174/174/174 178/178/178 175/175/175
f 174/174/174 179/179/179 178/178/178
f 170/170/170 179/179/179 174/174/174
f 170/170/170 180/180/180 179/179/179
f 181/181/181 183/183/183 182/182/182
f 181/181/181 182/182/182 184/184/184
f 185/185/185 181/181/181 184/184/184
f 184/184/184 182/182/182 186/186/186
f 185/185/185 184/184/184 187/187/187
f 188/188/188 185/185/185 187/187/187
f 188/188/188 187/187/187 189/189/189
f 184/184/184 186/186/186 190/190/190
f 187/187/187 184/184/184 190/190/190
f 189/189/189 187/187/187 191/191/191
f 187/187/187 190/190/190 191/191/191
f 189/189/189 191/191/191 192/192/192
f 191/191/191 193/193/193 192/192/192
f 191/191/191 194/194/194 193/193/193
f 190/190/190 194/194/194 191/191/191
f 190/190/190 195/195/195 194/194/194
f 186/186/186 195/195/195 190/190/190
f 186/186/186 196/196/196 195/195/195
f 197/197/197 199/199/199 198/198/198
f 197/197/197 198/198/198 200/200/200
f 200/200/200 198/198/198 201/201/201
f 200/200/200 201/201/201 202/202/202
f 201/201/201 203/203/203 202/202/202
f 201/201/201 204/204/204 203/203/203
f 205/205/205 207/207/207 206/206/206
f 205/205/205 206/206/206 208/208/208
f 209/209/209 205/205/205 208/208/208
f 208/208/208 206/206/206 210/210/210
f 209/209/209 208/208/208 211/211/211
f 212/212/212 209/209/209 211/211/211
f 208/208/208 210/210/210 213/213/213
f 211/211/211 208/208/208 213/213/213
f 212/212/212 211/211/211 214/214/214
f 214/214/214 215/215/215 212/212/212
f 210/210/210 216/216/216 213/213/213
f 210/210/210 217/217/217 216/216/216
f 213/213/213 216/216/216 218/218/218
f 211/211/211 213/213/213 219/219/219
f 213/213/213 218/218/218 219/219/219
f 214/214/214 211/211/211 219/219/219
f 219/219/219 218/218/218 220/220/220
f 219/219/219 220/220/220 221/221/221
f 214/214/214 219/219/219 221/221/221
f 222/222/222 221/221/221 220/220/220
f 214/214/214 223/223/223 215/215/215
f 221/221/221 223/223/223 214/214/214
f 224/224/224 215/215/215 223/223/223
f 224/224/224 223/223/223 225/225/225
f 222/222/222 226/226/226 221/221/221
f 221/221/221 226/226/226 223/223/223
f 225/225/225 223/223/223 226/226/226
f 226/226/226 222/222/222 227/227/227
f 225/225/225 226/226/226 228/228/228
f 226/226/226 227/227/227 228/228/228
f 229/229/229 231/231/231 230/230/230
f 229/229/229 230/230/230 232/232/232
f 232/232/232 230/230/230 233/233/233
f 232/232/232 233/233/233 234/234/234
f 235/235/235 234/234/234 233/233/233
f 235/235/235 233/233/233 236/236/236
f 237/237/237 239/239/239 238/238/238
f 237/237/237 240/240/240 239/239/239
f 241/241/241 240/240/240 237/237/237
f 241/241/241 242/242/242 240/240/240
f 243/243/243 242/242/242 241/241/241
f 243/243/243 241/241/241 244/244/244
f 245/245/245 247/247/247 246/246/246
f 247/247/247 245/245/245 248/248/248
f 248/248/248 245/245/245 249/249/249
f 248/248/248 249/249/249 250/250/250
f 250/250/250 249/249/249 251/251/251
f 250/250/250 251/251/251 252/252/252
f 252/252/252 251/251/251 253/253/253
f 252/252/252 253/253/253 254/254/254
f 254/254/254 253/253/253 255/255/255
f 254/254/254 255/255/255 256/256/256
f 256/256/256 255/255/255 257/257/257
f 256/256/256 257/257/257 258/258/258
f 258/258/258 257/257/257 259/259/259
f 258/258/258 259/259/259 260/260/260
f 260/260/260 259/259/259 261/261/261
f 260/260/260 261/261/261 262/262/262
f 262/262/262 261/261/261 263/263/263
f 262/262/262 263/263/263 264/264/264
f 265/265/265 267/267/267 266/266/266
f 265/265/265 266/266/266 268/268/268
f 269/269/269 265/265/265 268/268/268
f 268/268/268 266/266/266 270/270/270
f 268/268/268 270/270/270 271/271/271
f 272/272/272 271/271/271 270/270/270
f 272/272/272 270/270/270 273/273/273
f 269/269/269 268/268/268 274/274/274
f 275/275/275 269/269/269 274/274/274
f 274/274/274 268/268/268 276/276/276
f 275/275/275 274/274/274 277/277/277
f 278/278/278 275/275/275 277/277/277
f 274/274/274 276/276/276 279/279/279
f 277/277/277 274/274/274 279/279/279
f 278/278/278 277/277/277 280/280/280
f 281/281/281 278/278/278 280/280/280
f 282/282/282 279/279/279 276/276/276
f 282/282/282 276/276/276 283/283/283
f 284/284/284 279/279/279 282/282/282
f 277/277/277 279/279/279 285/285/285
f 284/284/284 285/285/285 279/279/279
f 280/280/280 277/277/277 285/285/285
f 286/286/286 285/285/285 284/284/284
f 286/286/286 287/287/287 285/285/285
f 280/280/280 285/285/285 287/287/287
f 288/288/288 287/287/287 286/286/286
f 281/281/281 280/280/280 289/289/289
f 289/289/289 280/280/280 287/287/287
f 290/290/290 281/281/281 289/289/289
f 290/290/290 289/289/289 291/291/291
f 288/288/288 292/292/292 287/287/287
f 289/289/289 287/287/287 292/292/292
f 291/291/291 289/289/289 292/292/292
f 292/292/292 288/288/288 293/293/293
f 291/291/291 292/292/292 294/294/294
f 292/292/292 293/293/293 294/294/294
f 295/295/295 297/297/297 296/296/296
f 295/295/295 296/296/296 298/298/298
f 299/299/299 295/295/295 298/298/298
f 298/298/298 296/296/296 300/300/300
f 298/298/298 300/300/300 301/301/301
f 300/300/300 302/302/302 301/301/301
f 300/300/300 303/303/303 302/302/302
f 299/299/299 298/298/298 304/304/304
f 305/305/305 299/299/299 304/304/304
f 305/305/305 304/304/304 306/306/306
f 304/304/304 298/298/298 307/307/307
f 306/306/306 304/304/304 308/308/308
f 304/304/304 307/307/307 308/308/308
f 306/306/306 308/308/308 309/309/309
f 310/310/310 309/309/309 308/308/308
f 310/310/310 308/308/308 311/311/311
f 307/307/307 311/311/311 308/308/308
f 307/307/307 312/312/312 311/311/311
f 313/313/313 315/315/315 314/314/314
f 313/313/313 314/314/314 316/316/316
f 317/317/317 313/313/313 316/316/316
f 316/316/316 314/314/314 318/318/318
f 317/317/317 316/316/316 319/319/319
f 320/320/320 317/317/317 319/319/319
f 316/316/316 318/318/318 321/321/321
f 319/319/319 316/316/316 321/321/321
f 320/320/320 319/319/319 322/322/322
f 322/322/322 323/323/323 320/320/320
f 318/318/318 324/324/324 321/321/321
f 318/318/318 325/325/325 324/324/324
f 321/321/321 324/324/324 326/326/326
f 319/319/319 321/321/321 327/327/327
f 321/321/321 326/326/326 327/327/327
f 322/322/322 319/319/319 327/327/327
f 327/327/327 326/326/326 328/328/328
f 327/327/327 328/328/328 329/329/329
f 322/322/322 327/327/327 329/329/329
f 330/330/330 329/329/329 328/328/328
f 322/322/322 331/331/331 323/323/323
f 329/329/329 331/331/331 322/322/322
f 332/332/332 323/323/323 331/331/331
f 330/330/330 333/333/333 329/329/329
f 329/329/329 333/333/333 331/331/331
f 333/333/333 330/330/330 334/334/334
f 332/332/332 331/331/331 335/335/335
f 335/335/335 331/331/331 333/333/333
f 336/336/336 332/332/332 335/335/335
f 336/336/336 335/335/335 337/337/337
f 333/333/333 334/334/334 338/338/338
f 335/335/335 333/333/333 338/338/338
f 337/337/337 335/335/335 338/338/338
f 338/338/338 334/334/334 339/339/339
f 337/337/337 338/338/338 340/340/340
f 338/338/338 339/339/339 340/340/340
f 341/341/341 343/343/343 342/342/342
f 341/341/341 342/342/342 344/344/344
f 345/345/345 341/341/341 344/344/344
f 344/344/344 342/342/342 346/346/346
f 345/345/345 344/344/344 347/347/347
f 348/348/348 345/345/345 347/347/347
f 344/344/344 346/346/346 349/349/349
f 347/347/347 344/344/344 349/349/349
f 348/348/348 347/347/347 350/350/350
f 350/350/350 351/351/351 348/348/348
f 347/347/347 349/349/349 352/352/352
f 349/349/349 353/353/353 352/352/352
f 349/349/349 354/354/354 353/353/353
f 346/346/346 354/354/354 349/349/349
f 346/346/346 355/355/355 354/354/354
f 350/350/350 347/347/347 356/356/356
f 350/350/350 357/357/357 351/351/351
f 358/358/358 351/351/351 357/357/357
f 358/358/358 357/357/357 359/359/359
f 350/350/350 356/356/356 360/360/360
f 360/360/360 357/357/357 350/350/350
f 359/359/359 357/357/357 361/361/361
f 360/360/360 361/361/361 357/357/357
f 359/359/359 361/361/361 362/362/362
f 361/361/361 363/363/363 362/362/362
f 361/361/361 364/364/364 363/363/363
f 364/364/364 361/361/361 360/360/360
f 364/364/364 360/360/360 365/365/365
f 356/356/356 365/365/365 360/360/360
f 356/356/356 366/366/366 365/365/365
f 367/367/367 369/369/369 368/368/368
f 369/369/369 367/367/367 370/370/370
f 370/370/370 367/367/367 371/371/371
f 370/370/370 371/371/371 372/372/372
f 372/372/372 371/371/371 373/373/373
f 372/372/372 373/373/373 374/374/374
f 374/374/374 373/373/373 375/375/375
f 374/374/374 375/375/375 376/376/376
f 376/376/376 375/375/375 377/377/377
f 376/376/376 377/377/377 378/378/378
f 378/378/378 377/377/377 379/379/379
f 378/378/378 379/379/379 380/380/380
f 380/380/380 379/379/379 381/381/381
f 380/380/380 381/381/381 382/382/382
f 382/382/382 381/381/381 383/383/383
f 382/382/382 383/383/383 384/384/384
f 384/384/384 383/383/383 385/385/385
f 384/384/384 385/385/385 386/386/386
f 387/387/387 389/389/389 388/388/388
f 387/387/387 390/390/390 389/389/389
f 390/390/390 391/391/391 389/389/389
f 392/392/392 390/390/390 387/387/387
f 390/390/390 393/393/393 391/391/391
f 393/393/393 394/394/394 391/391/391
f 392/392/392 395/395/395 390/390/390
f 395/395/395 393/393/393 390/390/390
f 393/393/393 396/396/396 394/394/394
f 396/396/396 397/397/397 394/394/394
f 395/395/395 398/398/398 393/393/393
f 398/398/398 396/396/396 393/393/393
f 398/398/398 399/399/399 396/396/396
f 396/396/396 400/400/400 397/397/397
f 399/399/399 400/400/400 396/396/396
f 400/400/400 401/401/401 397/397/397
f 399/399/399 402/402/402 400/400/400
f 400/400/400 403/403/403 401/401/401
f 402/402/402 403/403/403 400/400/400
f 403/403/403 404/404/404 401/401/401
f 402/402/402 405/405/405 403/403/403
f 403/403/403 406/406/406 404/404/404
f 405/405/405 406/406/406 403/403/403
f 406/406/406 407/407/407 404/404/404
f 405/405/405 408/408/408 406/406/406
f 406/406/406 409/409/409 407/407/407
f 408/408/408 409/409/409 406/406/406
f 409/409/409 410/410/410 407/407/407
f 408/408/408 411/411/411 409/409/409
f 409/409/409 412/412/412 410/410/410
f 411/411/411 412/412/412 409/409/409
f 412/412/412 413/413/413 410/410/410
f 412/412/412 414/414/414 413/413/413
f 411/411/411 415/415/415 412/412/412
f 415/415/415 414/414/414 412/412/412
f 415/415/415 416/416/416 414/414/414
f 417/417/417 416/416/416 415/415/415
f 418/418/418 417/417/417 415/415/415
f 418/418/418 415/415/415 419/419/419
f 420/420/420 418/418/418 419/419/419
f 420/420/420 419/419/419 421/421/421
f 422/422/422 420/420/420 421/421/421
f 422/422/422 421/421/421 423/423/423
f 424/424/424 422/422/422 423/423/423
f 424/424/424 423/423/423 425/425/425
f 426/426/426 424/424/424 425/425/425
f 426/426/426 425/425/425 427/427/427
f 428/428/428 426/426/426 427/427/427
f 428/428/428 427/427/427 429/429/429
f 430/430/430 428/428/428 429/429/429
f 430/430/430 418/418/418 428/428/428
f 430/430/430 417/417/417 418/418/418
f 428/428/428 418/418/418 431/431/431
f 428/428/428 431/431/431 432/432/432
f 432/432/432 431/431/431 433/433/433
f 432/432/432 433/433/433 434/434/434
f 430/430/430 429/429/429 395/395/395
f 435/435/435 430/430/430 395/395/395
f 435/435/435 417/417/417 430/430/430
f 435/435/435 395/395/395 392/392/392
f 435/435/435 436/436/436 417/417/417
f 417/417/417 436/436/436 416/416/416
f 437/437/437 435/435/435 392/392/392
f 437/437/437 436/436/436 435/435/435
f 437/437/437 392/392/392 438/438/438
f 438/438/438 392/392/392 439/439/439
f 438/438/438 439/439/439 440/440/440
f 440/440/440 439/439/439 441/441/441
f 440/440/440 441/441/441 442/442/442
f 436/436/436 443/443/443 416/416/416
f 437/437/437 444/444/444 436/436/436
f 436/436/436 444/444/444 443/443/443
f 445/445/445 437/437/437 438/438/438
f 445/445/445 444/444/444 437/437/437
f 446/446/446 416/416/416 443/443/443
f 446/446/446 447/447/447 416/416/416
f 448/448/448 447/447/447 446/446/446
f 448/448/448 449/449/449 447/447/447
f 445/445/445 438/438/438 450/450/450
f 450/450/450 438/438/438 451/451/451
f 450/450/450 451/451/451 452/452/452
f 452/452/452 451/451/451 453/453/453
f 452/452/452 453/453/453 454/454/454
f 455/455/455 452/452/452 454/454/454
f 455/455/455 454/454/454 456/456/456
f 457/457/457 450/450/450 452/452/452
f 457/457/457 452/452/452 455/455/455
f 458/458/458 457/457/457 455/455/455
f 459/459/459 455/455/455 456/456/456
f 458/458/458 455/455/455 459/459/459
f 459/459/459 456/456/456 460/460/460
f 461/461/461 458/458/458 459/459/459
f 462/462/462 459/459/459 460/460/460
f 461/461/461 459/459/459 462/462/462
f 462/462/462 460/460/460 463/463/463
f 462/462/462 464/464/464 461/461/461
f 463/463/463 465/465/465 462/462/462
f 462/462/462 465/465/465 464/464/464
f 463/463/463 466/466/466 465/465/465
f 467/467/467 464/464/464 465/465/465
f 468/468/468 465/465/465 466/466/466
f 467/467/467 465/465/465 468/468/468
f 468/468/468 466/466/466 469/469/469
f 470/470/470 467/467/467 468/468/468
f 471/471/471 468/468/468 469/469/469
f 470/470/470 468/468/468 471/471/471
f 471/471/471 469/469/469 472/472/472
f 473/473/473 470/470/470 471/471/471
f 474/474/474 471/471/471 472/472/472
f 473/473/473 471/471/471 474/474/474
f 474/474/474 472/472/472 475/475/475
f 476/476/476 474/474/474 475/475/475
f 476/476/476 475/475/475 477/477/477
f 443/443/443 474/474/474 476/476/476
f 443/443/443 473/473/473 474/474/474
f 444/444/444 473/473/473 443/443/443
f 444/444/444 478/478/478 473/473/473
f 445/445/445 478/478/478 444/444/444
f 478/478/478 479/479/479 473/473/473
f 480/480/480 478/478/478 445/445/445
f 480/480/480 445/445/445 450/450/450
f 480/480/480 450/450/450 481/481/481
f 478/478/478 482/482/482 479/479/479
f 480/480/480 482/482/482 478/478/478
f 482/482/482 483/483/483 479/479/479
f 484/484/484 480/480/480 481/481/481
f 484/484/484 481/481/481 485/485/485
f 486/486/486 484/484/484 485/485/485
f 486/486/486 485/485/485 487/487/487
f 488/488/488 486/486/486 487/487/487
f 488/488/488 487/487/487 489/489/489
f 490/490/490 488/488/488 489/489/489
f 490/490/490 489/489/489 483/483/483
f 482/482/482 490/490/490 483/483/483
f 491/491/491 482/482/482 480/480/480
f 491/491/491 492/492/492 482/482/482
f 493/493/493 492/492/492 491/491/491
f 492/492/492 493/493/493 494/494/494
f 495/495/495 497/497/497 496/496/496
f 495/495/495 496/496/496 498/498/498
f 499/499/499 495/495/495 498/498/498
f 498/498/498 496/496/496 500/500/500
f 499/499/499 498/498/498 501/501/501
f 502/502/502 499/499/499 501/501/501
f 498/498/498 500/500/500 503/503/503
f 501/501/501 498/498/498 503/503/503
f 502/502/502 501/501/501 504/504/504
f 505/505/505 502/502/502 504/504/504
f 505/505/505 504/504/504 506/506/506
f 507/507/507 503/503/503 500/500/500
f 507/507/507 500/500/500 508/508/508
f 509/509/509 503/503/503 507/507/507
f 501/501/501 503/503/503 510/510/510
f 509/509/509 510/510/510 503/503/503
f 504/504/504 501/501/501 510/510/510
f 511/511/511 510/510/510 509/509/509
f 506/506/506 504/504/504 512/512/512
f 504/504/504 510/510/510 512/512/512
f 511/511/511 512/512/512 510/510/510
f 506/506/506 512/512/512 513/513/513
f 514/514/514 512/512/512 511/511/511
f 514/514/514 513/513/513 512/512/512
f 515/515/515 517/517/517 516/516/516
f 515/515/515 516/516/516 518/518/518
f 519/519/519 515/515/515 518/518/518
f 519/519/519 518/518/518 520/520/520
f 518/518/518 516/516/516 521/521/521
f 520/520/520 518/518/518 522/522/522
f 518/518/518 521/521/521 522/522/522
f 520/520/520 522/522/522 523/523/523
f 522/522/522 524/524/524 523/523/523
f 522/522/522 525/525/525 524/524/524
f 521/521/521 525/525/525 522/522/522
f 521/521/521 526/526/526 525/525/525
f 527/527/527 529/529/529 528/528/528
f 527/527/527 528/528/528 530/530/530
f 531/531/531 527/527/527 530/530/530
f 530/530/530 528/528/528 532/532/532
f 531/531/531 530/530/530 533/533/533
f 534/534/534 531/531/531 533/533/533
f 534/534/534 533/533/533 535/535/535
f 530/530/530 532/532/532 536/536/536
f 533/533/533 530/530/530 536/536/536
f 535/535/535 533/533/533 537/537/537
f 533/533/533 536/536/536 537/537/537
f 535/535/535 537/537/537 538/538/538
f 539/539/539 538/538/538 537/537/537
f 539/539/539 537/537/537 540/540/540
f 536/536/536 540/540/540 537/537/537
f 536/536/536 541/541/541 540/540/540
f 532/532/532 541/541/541 536/536/536
f 532/532/532 542/542/542 541/541/541
f 543/543/543 545/545/545 544/544/544
f 543/543/543 544/544/544 546/546/546
f 547/547/547 543/543/543 546/546/546
f 546/546/546 544/544/544 548/548/548
f 547/547/547 546/546/546 549/549/549
f 550/550/550 547/547/547 549/549/549
f 550/550/550 549/549/549 551/551/551
f 546/546/546 548/548/548 552/552/552
f 549/549/549 546/546/546 552/552/552
f 551/551/551 549/549/549 553/553/553
f 549/549/549 552/552/552 553/553/553
f 551/551/551 553/553/553 554/554/554
f 553/553/553 555/555/555 554/554/554
f 553/553/553 556/556/556 555/555/555
f 552/552/552 556/556/556 553/553/553
f 552/552/552 557/557/557 556/556/556
f 548/548/548 557/557/557 552/552/552
f 548/548/548 558/558/558 557/557/557
f 559/559/559 561/561/561 560/560/560
f 559/559/559 560/560/560 562/562/562
f 562/562/562 560/560/560 563/563/563
f 562/562/562 563/563/563 564/564/564
f 563/563/563 565/565/565 564/564/564
f 563/563/563 566/566/566 565/565/565
f 567/567/567 569/569/569 568/568/568
f 567/567/567 568/568/568 570/570/570
f 571/571/571 567/567/567 570/570/570
f 570/570/570 568/568/568 572/572/572
f 571/571/571 570/570/570 573/573/573
f 574/574/574 571/571/571 573/573/573
f 570/570/570 572/572/572 575/575/575
f 573/573/573 570/570/570 575/575/575
f 574/574/574 573/573/573 576/576/576
f 576/576/576 577/577/577 574/574/574
f 572/572/572 578/578/578 575/575/575
f 572/572/572 579/579/579 578/578/578
f 575/575/575 578/578/578 580/580/580
f 573/573/573 575/575/575 581/581/581
f 575/575/575 580/580/580 581/581/581
f 576/576/576 573/573/573 581/581/581
f 581/581/581 580/580/580 582/582/582
f 581/581/581 582/582/582 583/583/583
f 576/576/576 581/581/581 583/583/583
f 584/584/584 583/583/583 582/582/582
f 576/576/576 585/585/585 577/577/577
f 583/583/583 585/585/585 576/576/576
f 586/586/586 577/577/577 585/585/585
f 586/586/586 585/585/585 587/587/587
f 584/584/584 588/588/588 583/583/583
f 583/583/583 588/588/588 585/585/585
f 587/587/587 585/585/585 588/588/588
f 588/588/588 584/584/584 589/589/589
f 587/587/587 588/588/588 590/590/590
f 588/588/588 589/589/589 590/590/590
f 591/591/591 593/593/593 592/592/592
f 591/591/591 592/592/592 594/594/594
f 594/594/594 592/592/592 595/595/595
f 594/594/594 595/595/595 596/596/596
f 597/597/597 596/596/596 595/595/595
f 597/597/597 595/595/595 598/598/598
f 599/599/599 601/601/601 600/600/600
f 599/599/599 602/602/602 601/601/601
f 603/603/603 602/602/602 599/599/599
f 603/603/603 604/604/604 602/602/602
f 605/605/605 604/604/604 603/603/603
f 605/605/605 603/603/603 606/606/606
f 607/607/607 609/609/609 608/608/608
f 609/609/609 607/607/607 610/610/610
f 610/610/610 607/607/607 611/611/611
f 610/610/610 611/611/611 612/612/612
f 612/612/612 611/611/611 613/613/613
f 612/612/612 613/613/613 614/614/614
f 614/614/614 613/613/613 615/615/615
f 614/614/614 615/615/615 616/616/616
f 616/616/616 615/615/615 617/617/617
f 616/616/616 617/617/617 618/618/618
f 618/618/618 617/617/617 619/619/619
f 618/618/618 619/619/619 620/620/620
f 620/620/620 619/619/619 621/621/621
f 620/620/620 621/621/621 622/622/622
f 622/622/622 621/621/621 623/623/623
f 622/622/622 623/623/623 624/624/624
f 624/624/624 623/623/623 625/625/625
f 624/624/624 625/625/625 626/626/626
f 627/627/627 629/629/629 628/628/628
f 627/627/627 630/630/630 629/629/629
f 630/630/630 631/631/631 629/629/629
f 632/632/632 630/630/630 627/627/627
f 630/630/630 633/633/633 631/631/631
f 633/633/633 634/634/634 631/631/631
f 632/632/632 635/635/635 630/630/630
f 635/635/635 633/633/633 630/630/630
f 633/633/633 636/636/636 634/634/634
f 636/636/636 637/637/637 634/634/634
f 635/635/635 638/638/638 633/633/633
f 638/638/638 636/636/636 633/633/633
f 638/638/638 639/639/639 636/636/636
f 636/636/636 640/640/640 637/637/637
f 639/639/639 640/640/640 636/636/636
f 640/640/640 641/641/641 637/637/637
f 639/639/639 642/642/642 640/640/640
f 640/640/640 643/643/643 641/641/641
f 642/642/642 643/643/643 640/640/640
f 643/643/643 644/644/644 641/641/641
f 642/642/642 645/645/645 643/643/643
f 643/643/643 646/646/646 644/644/644
f 645/645/645 646/646/646 643/643/643
f 646/646/646 647/647/647 644/644/644
f 645/645/645 648/648/648 646/646/646
f 646/646/646 649/649/649 647/647/647
f 648/648/648 649/649/649 646/646/646
f 649/649/649 650/650/650 647/647/647
f 648/648/648 651/651/651 649/649/649
f 649/649/649 652/652/652 650/650/650
f 651/651/651 652/652/652 649/649/649
f 652/652/652 653/653/653 650/650/650
f 652/652/652 654/654/654 653/653/653
f 651/651/651 655/655/655 652/652/652
f 655/655/655 654/654/654 652/652/652
f 655/655/655 656/656/656 654/654/654
f 657/657/657 656/656/656 655/655/655
f 658/658/658 657/657/657 655/655/655
f 658/658/658 655/655/655 659/659/659
f 660/660/660 658/658/658 659/659/659
f 660/660/660 659/659/659 661/661/661
f 662/662/662 660/660/660 661/661/661
f 662/662/662 661/661/661 663/663/663
f 664/664/664 662/662/662 663/663/663
f 664/664/664 663/663/663 665/665/665
f 666/666/666 664/664/664 665/665/665
f 666/666/666 665/665/665 667/667/667
f 668/668/668 666/666/666 667/667/667
f 668/668/668 667/667/667 669/669/669
f 670/670/670 668/668/668 669/669/669
f 670/670/670 658/658/658 668/668/668
f 670/670/670 657/657/657 658/658/658
f 668/668/668 658/658/658 671/671/671
f 668/668/668 671/671/671 672/672/672
f 672/672/672 671/671/671 673/673/673
f 672/672/672 673/673/673 674/674/674
f 670/670/670 669/669/669 635/635/635
f 675/675/675 670/670/670 635/635/635
f 675/675/675 657/657/657 670/670/670
f 675/675/675 635/635/635 632/632/632
f 675/675/675 676/676/676 657/657/657
f 657/657/657 676/676/676 656/656/656
f 677/677/677 675/675/675 632/632/632
f 677/677/677 676/676/676 675/675/675
f 677/677/677 632/632/632 678/678/678
f 678/678/678 632/632/632 679/679/679
f 678/678/678 679/679/679 680/680/680
f 680/680/680 679/679/679 681/681/681
f 680/680/680 681/681/681 682/682/682
f 676/676/676 683/683/683 656/656/656
f 677/677/677 684/684/684 676/676/676
f 676/676/676 684/684/684 683/683/683
f 685/685/685 677/677/677 678/678/678
f 685/685/685 684/684/684 677/677/677
f 686/686/686 656/656/656 683/683/683
f 686/686/686 687/687/687 656/656/656
f 688/688/688 687/687/687 686/686/686
f 688/688/688 689/689/689 687/687/687
f 685/685/685 678/678/678 690/690/690
f 690/690/690 678/678/678 691/691/691
f 690/690/690 691/691/691 692/692/692
f 692/692/692 691/691/691 693/693/693
f 692/692/692 693/693/693 694/694/694
f 695/695/695 692/692/692 694/694/694
f 695/695/695 694/694/694 696/696/696
f 697/697/697 690/690/690 692/692/692
f 697/697/697 692/692/692 695/695/695
f 698/698/698 697/697/697 695/695/695
f 699/699/699 695/695/695 696/696/696
f 698/698/698 695/695/695 699/699/699
f 699/699/699 696/696/696 700/700/700
f 701/701/701 698/698/698 699/699/699
f 702/702/702 699/699/699 700/700/700
f 701/701/701 699/699/699 702/702/702
f 702/702/702 700/700/700 703/703/703
f 702/702/702 704/704/704 701/701/701
f 703/703/703 705/705/705 702/702/702
f 702/702/702 705/705/705 704/704/704
f 703/703/703 706/706/706 705/705/705
f 707/707/707 704/704/704 705/705/705
f 708/708/708 705/705/705 706/706/706
f 707/707/707 705/705/705 708/708/708
f 708/708/708 706/706/706 709/709/709
f 710/710/710 707/707/707 708/708/708
f 711/711/711 708/708/708 709/709/709
f 710/710/710 708/708/708 711/711/711
f 711/711/711 709/709/709 712/712/712
f 713/713/713 710/710/710 711/711/711
f 714/714/714 711/711/711 712/712/712
f 713/713/713 711/711/711 714/714/714
f 714/714/714 712/712/712 715/715/715
f 716/716/716 714/714/714 715/715/715
f 716/716/716 715/715/715 717/717/717
f 683/683/683 714/714/714 716/716/716
f 683/683/683 713/713/713 714/714/714
f 684/684/684 713/713/713 683/683/683
f 684/684/684 718/718/718 713/713/713
f 685/685/685 718/718/718 684/684/684
f 718/718/718 719/719/719 713/713/713
f 720/720/720 718/718/718 685/685/685
f 720/720/720 685/685/685 690/690/690
f 720/720/720 690/690/690 721/721/721
f 718/718/718 722/722/722 719/719/719
f 720/720/720 722/722/722 718/718/718
f 722/722/722 723/723/723 719/719/719
f 724/724/724 720/720/720 721/721/721
f 724/724/724 721/721/721 725/725/725
f 726/726/726 724/724/724 725/725/725
f 726/726/726 725/725/725 727/727/727
f 728/728/728 726/726/726 727/727/727
f 728/728/728 727/727/727 729/729/729
f 730/730/730 728/728/728 729/729/729
f 730/730/730 729/729/729 723/723/723
f 722/722/722 730/730/730 723/723/723
f 731/731/731 722/722/722 720/720/720
f 731/731/731 732/732/732 722/722/722
f 733/733/733 732/732/732 731/731/731
f 732/732/732 733/733/733 734/734/734
f 735/735/735 737/737/737 736/736/736
f 735/735/735 736/736/736 738/738/738
f 739/739/739 735/735/735 738/738/738
f 738/738/738 736/736/736 740/740/740
f 739/739/739 738/738/738 741/741/741
f 742/742/742 739/739/739 741/741/741
f 738/738/738 740/740/740 743/743/743
f 741/741/741 738/738/738 743/743/743
f 742/742/742 741/741/741 744/744/744
f 745/745/745 742/742/742 744/744/744
f 745/745/745 744/744/744 746/746/746
f 747/747/747 743/743/743 740/740/740
f 747/747/747 740/740/740 748/748/748
f 749/749/749 743/743/743 747/747/747
f 741/741/741 743/743/743 750/750/750
f 749/749/749 750/750/750 743/743/743
f 744/744/744 741/741/741 750/750/750
f 751/751/751 750/750/750 749/749/749
f 746/746/746 744/744/744 752/752/752
f 744/744/744 750/750/750 752/752/752
f 751/751/751 752/752/752 750/750/750
f 746/746/746 752/752/752 753/753/753
f 754/754/754 752/752/752 751/751/751
f 754/754/754 753/753/753 752/752/752
f 755/755/755 757/757/757 756/756/756
f 755/755/755 756/756/756 758/758/758
f 759/759/759 755/755/755 758/758/758
f 759/759/759 758/758/758 760/760/760
f 758/758/758 756/756/756 761/761/761
f 760/760/760 758/758/758 762/762/762
f 758/758/758 761/761/761 762/762/762
f 760/760/760 762/762/762 763/763/763
f 762/762/762 764/764/764 763/763/763
f 762/762/762 765/765/765 764/764/764
f 761/761/761 765/765/765 762/762/762
f 761/761/761 766/766/766 765/765/765
f 767/767/767 769/769/769 768/768/768
f 767/767/767 768/768/768 770/770/770
f 771/771/771 767/767/767 770/770/770
f 770/770/770 768/768/768 772/772/772
f 771/771/771 770/770/770 773/773/773
f 774/774/774 771/771/771 773/773/773
f 774/774/774 773/773/773 775/775/775
f 770/770/770 772/772/772 776/776/776
f 773/773/773 770/770/770 776/776/776
f 775/775/775 773/773/773 777/777/777
f 773/773/773 776/776/776 777/777/777
f 775/775/775 777/777/777 778/778/778
f 779/779/779 778/778/778 777/777/777
f 779/779/779 777/777/777 780/780/780
f 776/776/776 780/780/780 777/777/777
f 776/776/776 781/781/781 780/780/780
f 772/772/772 781/781/781 776/776/776
f 772/772/772 782/782/782 781/781/781
f 783/783/783 785/785/785 784/784/784
f 783/783/783 784/784/784 786/786/786
f 787/787/787 783/783/783 786/786/786
f 786/786/786 784/784/784 788/788/788
f 787/787/787 786/786/786 789/789/789
f 790/790/790 787/787/787 789/789/789
f 790/790/790 789/789/789 791/791/791
f 786/786/786 788/788/788 792/792/792
f 789/789/789 786/786/786 792/792/792
f 791/791/791 789/789/789 793/793/793
f 789/789/789 792/792/792 793/793/793
f 791/791/791 793/793/793 794/794/794
f 793/793/793 795/795/795 794/794/794
f 793/793/793 796/796/796 795/795/795
f 792/792/792 796/796/796 793/793/793
f 792/792/792 797/797/797 796/796/796
f 788/788/788 797/797/797 792/792/792
f 788/788/788 798/798/798 797/797/797
f 799/799/799 801/801/801 800/800/800
f 799/799/799 800/800/800 802/802/802
f 802/802/802 800/800/800 803/803/803
f 802/802/802 803/803/803 804/804/804
f 803/803/803 805/805/805 804/804/804
f 803/803/803 806/806/806 805/805/805
f 807/807/807 809/809/809 808/808/808
f 807/807/807 808/808/808 810/810/810
f 811/811/811 807/807/807 810/810/810
f 810/810/810 808/808/808 812/812/812
f 811/811/811 810/810/810 813/813/813
f 814/814/814 811/811/811 813/813/813
f 810/810/810 812/812/812 815/815/815
f 813/813/813 810/810/810 815/815/815
f 814/814/814 813/813/813 816/816/816
f 816/816/816 817/817/817 814/814/814
f 812/812/812 818/818/818 815/815/815
f 812/812/812 819/819/819 818/818/818
f 815/815/815 818/818/818 820/820/820
f 813/813/813 815/815/815 821/821/821
f 815/815/815 820/820/820 821/821/821
f 816/816/816 813/813/813 821/821/821
f 821/821/821 820/820/820 822/822/822
f 821/821/821 822/822/822 823/823/823
f 816/816/816 821/821/821 823/823/823
f 824/824/824 823/823/823 822/822/822
f 816/816/816 825/825/825 817/817/817
f 823/823/823 825/825/825 816/816/816
f 826/826/826 817/817/817 825/825/825
f 826/826/826 825/825/825 827/827/827
f 824/824/824 828/828/828 823/823/823
f 823/823/823 828/828/828 825/825/825
f 827/827/827 825/825/825 828/828/828
f 828/828/828 824/824/824 829/829/829
f 827/827/827 828/828/828 830/830/830
f 828/828/828 829/829/829 830/830/830
f 831/831/831 833/833/833 832/832/832
f 831/831/831 832/832/832 834/834/834
f 834/834/834 832/832/832 835/835/835
f 834/834/834 835/835/835 836/836/836
f 837/837/837 836/836/836 835/835/835
f 837/837/837 835/835/835 838/838/838
f 839/839/839 841/841/841 840/840/840
f 839/839/839 842/842/842 841/841/841
f 843/843/843 842/842/842 839/839/839
f 843/843/843 844/844/844 842/842/842
f 845/845/845 844/844/844 843/843/843
f 845/845/845 843/843/843 846/846/846
f 847/847/847 849/849/849 848/848/848
f 849/849/849 847/847/847 850/850/850
f 850/850/850 847/847/847 851/851/851
f 850/850/850 851/851/851 852/852/852
f 852/852/852 851/851/851 853/853/853
f 852/852/852 853/853/853 854/854/854
f 854/854/854 853/853/853 855/855/855
f 854/854/854 855/855/855 856/856/856
f 856/856/856 855/855/855 857/857/857
f 856/856/856 857/857/857 858/858/858
f 858/858/858 857/857/857 859/859/859
f 858/858/858 859/859/859 860/860/860
f 860/860/860 859/859/859 861/861/861
f 860/860/860 861/861/861 862/862/862
f 862/862/862 861/861/861 863/863/863
f 862/862/862 863/863/863 864/864/864
f 864/864/864 863/863/863 865/865/865
f 864/864/864 865/865/865 866/866/866
f 867/867/867 869/869/869 868/868/868
f 867/867/867 870/870/870 869/869/869
f 871/871/871 870/870/870 867/867/867
f 870/870/870 872/872/872 869/869/869
f 871/871/871 873/873/873 870/870/870
f 870/870/870 874/874/874 872/872/872
f 873/873/873 874/874/874 870/870/870
f 874/874/874 875/875/875 872/872/872
f 873/873/873 876/876/876 874/874/874
f 874/874/874 877/877/877 875/875/875
f 876/876/876 877/877/877 874/874/874
f 877/877/877 878/878/878 875/875/875
f 876/876/876 879/879/879 877/877/877
f 877/877/877 880/880/880 878/878/878
f 879/879/879 880/880/880 877/877/877
f 880/880/880 881/881/881 878/878/878
f 880/880/880 882/882/882 881/881/881
f 882/882/882 883/883/883 881/881/881
f 879/879/879 884/884/884 880/880/880
f 884/884/884 882/882/882 880/880/880
f 882/882/882 885/885/885 883/883/883
f 885/885/885 886/886/886 883/883/883
f 884/884/884 887/887/887 882/882/882
f 887/887/887 885/885/885 882/882/882
f 885/885/885 888/888/888 886/886/886
f 888/888/888 889/889/889 886/886/886
f 887/887/887 890/890/890 885/885/885
f 890/890/890 888/888/888 885/885/885
f 888/888/888 891/891/891 889/889/889
f 891/891/891 892/892/892 889/889/889
f 891/891/891 893/893/893 892/892/892
f 894/894/894 891/891/891 888/888/888
f 890/890/890 894/894/894 888/888/888
f 894/894/894 895/895/895 891/891/891
f 895/895/895 893/893/893 891/891/891
f 895/895/895 896/896/896 893/893/893
f 897/897/897 887/887/887 884/884/884
f 898/898/898 897/897/897 884/884/884
f 897/897/897 899/899/899 887/887/887
f 899/899/899 890/890/890 887/887/887
f 898/898/898 884/884/884 879/879/879
f 899/899/899 900/900/900 890/890/890
f 901/901/901 898/898/898 879/879/879
f 900/900/900 902/902/902 890/890/890
f 901/901/901 879/879/879 903/903/903
f 900/900/900 904/904/904 902/902/902
f 904/904/904 905/905/905 902/902/902
f 906/906/906 901/901/901 903/903/903
f 904/904/904 907/907/907 905/905/905
f 906/906/906 903/903/903 908/908/908
f 907/907/907 909/909/909 905/905/905
f 910/910/910 906/906/906 908/908/908
f 910/910/910 907/907/907 906/906/906
f 910/910/910 908/908/908 911/911/911
f 906/906/906 907/907/907 912/912/912
f 906/906/906 912/912/912 913/913/913
f 913/913/913 912/912/912 914/914/914
f 913/913/913 914/914/914 915/915/915
f 915/915/915 914/914/914 916/916/916
f 915/915/915 916/916/916 917/917/917
f 910/910/910 918/918/918 907/907/907
f 907/907/907 918/918/918 909/909/909
f 919/919/919 910/910/910 911/911/911
f 919/919/919 918/918/918 910/910/910
f 919/919/919 911/911/911 920/920/920
f 920/920/920 911/911/911 921/921/921
f 920/920/920 921/921/921 922/922/922
f 922/922/922 921/921/921 923/923/923
f 922/922/922 923/923/923 924/924/924
f 925/925/925 919/919/919 920/920/920
f 925/925/925 920/920/920 926/926/926
f 919/919/919 927/927/927 918/918/918
f 925/925/925 927/927/927 919/919/919
f 928/928/928 925/925/925 926/926/926
f 928/928/928 926/926/926 929/929/929
f 930/930/930 928/928/928 929/929/929
f 930/930/930 929/929/929 931/931/931
f 932/932/932 930/930/930 931/931/931
f 918/918/918 927/927/927 933/933/933
f 918/918/918 933/933/933 909/909/909
f 934/934/934 909/909/909 933/933/933
f 934/934/934 935/935/935 909/909/909
f 936/936/936 935/935/935 934/934/934
f 936/936/936 937/937/937 935/935/935
f 927/927/927 938/938/938 933/933/933
f 925/925/925 939/939/939 927/927/927
f 927/927/927 939/939/939 938/938/938
f 940/940/940 939/939/939 925/925/925
f 939/939/939 941/941/941 938/938/938
f 940/940/940 942/942/942 939/939/939
f 939/939/939 943/943/943 941/941/941
f 944/944/944 942/942/942 940/940/940
f 944/944/944 945/945/945 942/942/942
f 946/946/946 945/945/945 944/944/944
f 945/945/945 946/946/946 947/947/947
f 943/943/943 948/948/948 941/941/941
f 943/943/943 949/949/949 948/948/948
f 949/949/949 950/950/950 948/948/948
f 949/949/949 951/951/951 950/950/950
f 951/951/951 952/952/952 950/950/950
f 951/951/951 932/932/932 952/952/952
f 932/932/932 931/931/931 952/952/952
f 948/948/948 950/950/950 953/953/953
f 954/954/954 950/950/950 952/952/952
f 954/954/954 953/953/953 950/950/950
f 952/952/952 931/931/931 955/955/955
f 952/952/952 955/955/955 954/954/954
f 948/948/948 953/953/953 956/956/956
f 957/957/957 948/948/948 956/956/956
f 931/931/931 958/958/958 955/955/955
f 931/931/931 959/959/959 958/958/958
f 957/957/957 956/956/956 960/960/960
f 961/961/961 957/957/957 960/960/960
f 959/959/959 962/962/962 958/958/958
f 959/959/959 963/963/963 962/962/962
f 963/963/963 964/964/964 962/962/962
f 963/963/963 965/965/965 964/964/964
f 962/962/962 964/964/964 966/966/966
f 962/962/962 966/966/966 967/967/967
f 958/958/958 962/962/962 967/967/967
f 958/958/958 967/967/967 968/968/968
f 955/955/955 958/958/958 968/968/968
f 955/955/955 968/968/968 969/969/969
f 954/954/954 955/955/955 969/969/969
f 954/954/954 969/969/969 970/970/970
f 970/970/970 953/953/953 954/954/954
f 970/970/970 971/971/971 953/953/953
f 956/956/956 953/953/953 971/971/971
f 956/956/956 971/971/971 972/972/972
f 960/960/960 956/956/956 972/972/972
f 960/960/960 972/972/972 973/973/973
f 974/974/974 960/960/960 973/973/973
f 961/961/961 960/960/960 974/974/974
f 975/975/975 961/961/961 974/974/974
f 974/974/974 973/973/973 976/976/976
f 975/975/975 974/974/974 977/977/977
f 977/977/977 974/974/974 976/976/976
f 977/977/977 976/976/976 978/978/978
f 979/979/979 981/981/981 980/980/980
f 979/979/979 980/980/980 982/982/982
f 983/983/983 979/979/979 982/982/982
f 982/982/982 980/980/980 984/984/984
f 983/983/983 982/982/982 985/985/985
f 986/986/986 983/983/983 985/985/985
f 982/982/982 984/984/984 987/987/987
f 985/985/985 982/982/982 987/987/987
f 986/986/986 985/985/985 988/988/988
f 989/989/989 986/986/986 988/988/988
f 989/989/989 988/988/988 990/990/990
f 991/991/991 987/987/987 984/984/984
f 991/991/991 984/984/984 992/992/992
f 993/993/993 987/987/987 991/991/991
f 985/985/985 987/987/987 994/994/994
f 993/993/993 994/994/994 987/987/987
f 988/988/988 985/985/985 994/994/994
f 995/995/995 994/994/994 993/993/993
f 990/990/990 988/988/988 996/996/996
f 988/988/988 994/994/994 996/996/996
f 995/995/995 996/996/996 994/994/994
f 990/990/990 996/996/996 997/997/997
f 998/998/998 996/996/996 995/995/995
f 998/998/998 997/997/997 996/996/996
f 999/999/999 1001/1001/1001 1000/1000/1000
f 999/999/999 1000/1000/1000 1002/1002/1002
f 1003/1003/1003 999/999/999 1002/1002/1002
f 1003/1003/1003 1002/1002/1002 1004/1004/1004
f 1002/1002/1002 1000/1000/1000 1005/1005/1005
f 1004/1004/1004 1002/1002/1002 1006/1006/1006
f 1002/1002/1002 1005/1005/1005 1006/1006/1006
f 1004/1004/1004 1006/1006/1006 1007/1007/1007
f 1006/1006/1006 1008/1008/1008 1007/1007/1007
f 1006/1006/1006 1009/1009/1009 1008/1008/1008
f 1005/1005/1005 1009/1009/1009 1006/1006/1006
f 1005/1005/1005 1010/1010/1010 1009/1009/1009
f 1011/1011/1011 1013/1013/1013 1012/1012/1012
f 1011/1011/1011 1012/1012/1012 1014/1014/1014
f 1015/1015/1015 1011/1011/1011 1014/1014/1014
f 1014/1014/1014 1012/1012/1012 1016/1016/1016
f 1015/1015/1015 1014/1014/1014 1017/1017/1017
f 1018/1018/1018 1015/1015/1015 1017/1017/1017
f 1018/1018/1018 1017/1017/1017 1019/1019/1019
f 1014/1014/1014 1016/1016/1016 1020/1020/1020
f 1017/1017/1017 1014/1014/1014 1020/1020/1020
f 1019/1019/1019 1017/1017/1017 1021/1021/1021
f 1017/1017/1017 1020/1020/1020 1021/1021/1021
f 1019/1019/1019 1021/1021/1021 1022/1022/1022
f 1023/1023/1023 1022/1022/1022 1021/1021/1021
f 1023/1023/1023 1021/1021/1021 1024/1024/1024
f 1020/1020/1020 1024/1024/1024 1021/1021/1021
f 1020/1020/1020 1025/1025/1025 1024/1024/1024
f 1016/1016/1016 1025/1025/1025 1020/1020/1020
f 1016/1016/1016 1026/1026/1026 1025/1025/1025
f 1027/1027/1027 1029/1029/1029 1028/1028/1028
f 1027/1027/1027 1028/1028/1028 1030/1030/1030
f 1031/1031/1031 1027/1027/1027 1030/1030/1030
f 1030/1030/1030 1028/1028/1028 1032/1032/1032
f 1031/1031/1031 1030/1030/1030 1033/1033/1033
f 1034/1034/1034 1031/1031/1031 1033/1033/1033
f 1034/1034/1034 1033/1033/1033 1035/1035/1035
f 1030/1030/1030 1032/1032/1032 1036/1036/1036
f 1033/1033/1033 1030/1030/1030 1036/1036/1036
f 1035/1035/1035 1033/1033/1033 1037/1037/1037
f 1033/1033/1033 1036/1036/1036 1037/1037/1037
f 1035/1035/1035 1037/1037/1037 1038/1038/1038
f 1037/1037/1037 1039/1039/1039 1038/1038/1038
f 1037/1037/1037 1040/1040/1040 1039/1039/1039
f 1036/1036/1036 1040/1040/1040 1037/1037/1037
f 1036/1036/1036 1041/1041/1041 1040/1040/1040
f 1032/1032/1032 1041/1041/1041 1036/1036/1036
f 1032/1032/1032 1042/1042/1042 1041/1041/1041
f 1043/1043/1043 1045/1045/1045 1044/1044/1044
f 1043/1043/1043 1044/1044/1044 1046/1046/1046
f 1046/1046/1046 1044/1044/1044 1047/1047/1047
f 1046/1046/1046 1047/1047/1047 1048/1048/1048
f 1047/1047/1047 1049/1049/1049 1048/1048/1048
f 1047/1047/1047 1050/1050/1050 1049/1049/1049
f 1051/1051/1051 1053/1053/1053 1052/1052/1052
f 1051/1051/1051 1052/1052/1052 1054/1054/1054
f 1055/1055/1055 1051/1051/1051 1054/1054/1054
f 1054/1054/1054 1052/1052/1052 1056/1056/1056
f 1055/1055/1055 1054/1054/1054 1057/1057/1057
f 1058/1058/1058 1055/1055/1055 1057/1057/1057
f 1054/1054/1054 1056/1056/1056 1059/1059/1059
f 1057/1057/1057 1054/1054/1054 1059/1059/1059
f 1058/1058/1058 1057/1057/1057 1060/1060/1060
f 1060/1060/1060 1061/1061/1061 1058/1058/1058
f 1056/1056/1056 1062/1062/1062 1059/1059/1059
f 1056/1056/1056 1063/1063/1063 1062/1062/1062
f 1059/1059/1059 1062/1062/1062 1064/1064/1064
f 1057/1057/1057 1059/1059/1059 1065/1065/1065
f 1059/1059/1059 1064/1064/1064 1065/1065/1065
f 1060/1060/1060 1057/1057/1057 1065/1065/1065
f 1065/1065/1065 1064/1064/1064 1066/1066/1066
f 1065/1065/1065 1066/1066/1066 1067/1067/1067
f 1060/1060/1060 1065/1065/1065 1067/1067/1067
f 1068/1068/1068 1067/1067/1067 1066/1066/1066
f 1060/1060/1060 1069/1069/1069 1061/1061/1061
f 1067/1067/1067 1069/1069/1069 1060/1060/1060
f 1070/1070/1070 1061/1061/1061 1069/1069/1069
f 1070/1070/1070 1069/1069/1069 1071/1071/1071
f 1068/1068/1068 1072/1072/1072 1067/1067/1067
f 1067/1067/1067 1072/1072/1072 1069/1069/1069
f 1071/1071/1071 1069/1069/1069 1072/1072/1072
f 1072/1072/1072 1068/1068/1068 1073/1073/1073
f 1071/1071/1071 1072/1072/1072 1074/1074/1074
f 1072/1072/1072 1073/1073/1073 1074/1074/1074
f 1075/1075/1075 1077/1077/1077 1076/1076/1076
f 1075/1075/1075 1076/1076/1076 1078/1078/1078
f 1078/1078/1078 1076/1076/1076 1079/1079/1079
f 1078/1078/1078 1079/1079/1079 1080/1080/1080
f 1081/1081/1081 1080/1080/1080 1079/1079/1079
f 1081/1081/1081 1079/1079/1079 1082/1082/1082
f 1083/1083/1083 1085/1085/1085 1084/1084/1084
f 1083/1083/1083 1086/1086/1086 1085/1085/1085
f 1087/1087/1087 1086/1086/1086 1083/1083/1083
f 1087/1087/1087 1088/1088/1088 1086/1086/1086
f 1089/1089/1089 1088/1088/1088 1087/1087/1087
f 1089/1089/1089 1087/1087/1087 1090/1090/1090
f 1091/1091/1091 1093/1093/1093 1092/1092/1092
f 1093/1093/1093 1091/1091/1091 1094/1094/1094
f 1093/1093/1093 1094/1094/1094 1095/1095/1095
f 1093/1093/1093 1095/1095/1095 1096/1096/1096
f 1093/1093/1093 1096/1096/1096 1097/1097/1097
f 1093/1093/1093 1097/1097/1097 1098/1098/1098
f 1098/1098/1098 1097/1097/1097 1099/1099/1099
f 1099/1099/1099 1097/1097/1097 1100/1100/1100
f 1100/1100/1100 1097/1097/1097 1101/1101/1101
f 1101/1101/1101 1097/1097/1097 1102/1102/1102
f 1102/1102/1102 1097/1097/1097 1103/1103/1103
f 1102/1102/1102 1103/1103/1103 1104/1104/1104
f 1102/1102/1102 1104/1104/1104 1105/1105/1105
f 1102/1102/1102 1105/1105/1105 1106/1106/1106
f 1102/1102/1102 1106/1106/1106 1107/1107/1107
f 1102/1102/1102 1107/1107/1107 1108/1108/1108
f 1108/1108/1108 1107/1107/1107 1109/1109/1109
f 1109/1109/1109 1107/1107/1107 1110/1110/1110
f 1111/1111/1111 1113/1113/1113 1112/1112/1112
f 1111/1111/1111 1114/1114/1114 1113/1113/1113
f 1115/1115/1115 1114/1114/1114 1111/1111/1111
f 1114/1114/1114 1116/1116/1116 1113/1113/1113
f 1115/1115/1115 1117/1117/1117 1114/1114/1114
f 1114/1114/1114 1118/1118/1118 1116/1116/1116
f 1117/1117/1117 1118/1118/1118 1114/1114/1114
f 1118/1118/1118 1119/1119/1119 1116/1116/1116
f 1118/1118/1118 1120/1120/1120 1119/1119/1119
f 1120/1120/1120 1121/1121/1121 1119/1119/1119
f 1117/1117/1117 1122/1122/1122 1118/1118/1118
f 1122/1122/1122 1120/1120/1120 1118/1118/1118
f 1120/1120/1120 1123/1123/1123 1121/1121/1121
f 1123/1123/1123 1124/1124/1124 1121/1121/1121
f 1122/1122/1122 1125/1125/1125 1120/1120/1120
f 1125/1125/1125 1123/1123/1123 1120/1120/1120
f 1123/1123/1123 1126/1126/1126 1124/1124/1124
f 1126/1126/1126 1127/1127/1127 1124/1124/1124
f 1125/1125/1125 1128/1128/1128 1123/1123/1123
f 1128/1128/1128 1126/1126/1126 1123/1123/1123
f 1126/1126/1126 1129/1129/1129 1127/1127/1127
f 1129/1129/1129 1130/1130/1130 1127/1127/1127
f 1128/1128/1128 1131/1131/1131 1126/1126/1126
f 1131/1131/1131 1129/1129/1129 1126/1126/1126
f 1129/1129/1129 1132/1132/1132 1130/1130/1130
f 1132/1132/1132 1133/1133/1133 1130/1130/1130
f 1131/1131/1131 1134/1134/1134 1129/1129/1129
f 1134/1134/1134 1132/1132/1132 1129/1129/1129
f 1132/1132/1132 1135/1135/1135 1133/1133/1133
f 1135/1135/1135 1136/1136/1136 1133/1133/1133
f 1135/1135/1135 1137/1137/1137 1136/1136/1136
f 1138/1138/1138 1135/1135/1135 1132/1132/1132
f 1134/1134/1134 1138/1138/1138 1132/1132/1132
f 1139/1139/1139 1137/1137/1137 1135/1135/1135
f 1138/1138/1138 1139/1139/1139 1135/1135/1135
f 1139/1139/1139 1140/1140/1140 1137/1137/1137
f 1141/1141/1141 1131/1131/1131 1128/1128/1128
f 1142/1142/1142 1141/1141/1141 1128/1128/1128
f 1141/1141/1141 1143/1143/1143 1131/1131/1131
f 1143/1143/1143 1134/1134/1134 1131/1131/1131
f 1142/1142/1142 1128/1128/1128 1125/1125/1125
f 1143/1143/1143 1144/1144/1144 1134/1134/1134
f 1144/1144/1144 1138/1138/1138 1134/1134/1134
f 1145/1145/1145 1142/1142/1142 1125/1125/1125
f 1144/1144/1144 1146/1146/1146 1138/1138/1138
f 1146/1146/1146 1139/1139/1139 1138/1138/1138
f 1145/1145/1145 1125/1125/1125 1122/1122/1122
f 1146/1146/1146 1147/1147/1147 1139/1139/1139
f 1148/1148/1148 1145/1145/1145 1122/1122/1122
f 1148/1148/1148 1122/1122/1122 1117/1117/1117
f 1147/1147/1147 1149/1149/1149 1139/1139/1139
f 1150/1150/1150 1148/1148/1148 1117/1117/1117
f 1151/1151/1151 1148/1148/1148 1150/1150/1150
f 1148/1148/1148 1151/1151/1151 1152/1152/1152
f 1150/1150/1150 1117/1117/1117 1153/1153/1153
f 1151/1151/1151 1150/1150/1150 1153/1153/1153
f 1152/1152/1152 1151/1151/1151 1154/1154/1154
f 1154/1154/1154 1151/1151/1151 1155/1155/1155
f 1155/1155/1155 1151/1151/1151 1156/1156/1156
f 1151/1151/1151 1153/1153/1153 1157/1157/1157
f 1157/1157/1157 1153/1153/1153 1158/1158/1158
f 1157/1157/1157 1158/1158/1158 1159/1159/1159
f 1159/1159/1159 1158/1158/1158 1160/1160/1160
f 1159/1159/1159 1160/1160/1160 1161/1161/1161
f 1162/1162/1162 1151/1151/1151 1157/1157/1157
f 1156/1156/1156 1151/1151/1151 1162/1162/1162
f 1162/1162/1162 1157/1157/1157 1163/1163/1163
f 1156/1156/1156 1162/1162/1162 1164/1164/1164
f 1156/1156/1156 1164/1164/1164 1165/1165/1165
f 1156/1156/1156 1165/1165/1165 1166/1166/1166
f 1156/1156/1156 1166/1166/1166 1167/1167/1167
f 1156/1156/1156 1167/1167/1167 1168/1168/1168
f 1168/1168/1168 1167/1167/1167 1169/1169/1169
f 1170/1170/1170 1162/1162/1162 1163/1163/1163
f 1169/1169/1169 1167/1167/1167 1147/1147/1147
f 1147/1147/1147 1167/1167/1167 1171/1171/1171
f 1147/1147/1147 1171/1171/1171 1149/1149/1149
f 1171/1171/1171 1167/1167/1167 1172/1172/1172
f 1172/1172/1172 1167/1167/1167 1173/1173/1173
f 1172/1172/1172 1173/1173/1173 1174/1174/1174
f 1172/1172/1172 1174/1174/1174 1175/1175/1175
f 1171/1171/1171 1176/1176/1176 1149/1149/1149
f 1171/1171/1171 1172/1172/1172 1176/1176/1176
f 1177/1177/1177 1149/1149/1149 1176/1176/1176
f 1177/1177/1177 1178/1178/1178 1149/1149/1149
f 1179/1179/1179 1178/1178/1178 1177/1177/1177
f 1179/1179/1179 1180/1180/1180 1178/1178/1178
f 1172/1172/1172 1181/1181/1181 1176/1176/1176
f 1172/1172/1172 1175/1175/1175 1181/1181/1181
f 1175/1175/1175 1182/1182/1182 1181/1181/1181
f 1175/1175/1175 1183/1183/1183 1182/1182/1182
f 1183/1183/1183 1184/1184/1184 1182/1182/1182
f 1183/1183/1183 1185/1185/1185 1184/1184/1184
f 1185/1185/1185 1186/1186/1186 1184/1184/1184
f 1185/1185/1185 1187/1187/1187 1186/1186/1186
f 1187/1187/1187 1188/1188/1188 1186/1186/1186
f 1187/1187/1187 1189/1189/1189 1188/1188/1188
f 1189/1189/1189 1190/1190/1190 1188/1188/1188
f 1189/1189/1189 1191/1191/1191 1190/1190/1190
f 1191/1191/1191 1192/1192/1192 1190/1190/1190
f 1191/1191/1191 1170/1170/1170 1192/1192/1192
f 1170/1170/1170 1163/1163/1163 1192/1192/1192
f 1181/1181/1181 1182/1182/1182 1193/1193/1193
f 1182/1182/1182 1184/1184/1184 1194/1194/1194
f 1182/1182/1182 1194/1194/1194 1193/1193/1193
f 1184/1184/1184 1186/1186/1186 1195/1195/1195
f 1184/1184/1184 1195/1195/1195 1194/1194/1194
f 1196/1196/1196 1186/1186/1186 1188/1188/1188
f 1196/1196/1196 1195/1195/1195 1186/1186/1186
f 1188/1188/1188 1190/1190/1190 1197/1197/1197
f 1188/1188/1188 1197/1197/1197 1196/1196/1196
f 1190/1190/1190 1192/1192/1192 1198/1198/1198
f 1190/1190/1190 1198/1198/1198 1197/1197/1197
f 1192/1192/1192 1163/1163/1163 1199/1199/1199
f 1192/1192/1192 1199/1199/1199 1198/1198/1198
f 1163/1163/1163 1200/1200/1200 1199/1199/1199
f 1163/1163/1163 1201/1201/1201 1200/1200/1200
f 1199/1199/1199 1200/1200/1200 1202/1202/1202
f 1199/1199/1199 1202/1202/1202 1203/1203/1203
f 1198/1198/1198 1199/1199/1199 1203/1203/1203
f 1198/1198/1198 1203/1203/1203 1204/1204/1204
f 1197/1197/1197 1198/1198/1198 1204/1204/1204
f 1197/1197/1197 1204/1204/1204 1205/1205/1205
f 1196/1196/1196 1197/1197/1197 1205/1205/1205
f 1196/1196/1196 1205/1205/1205 1206/1206/1206
f 1206/1206/1206 1195/1195/1195 1196/1196/1196
f 1206/1206/1206 1207/1207/1207 1195/1195/1195
f 1194/1194/1194 1195/1195/1195 1207/1207/1207
f 1194/1194/1194 1207/1207/1207 1208/1208/1208
f 1193/1193/1193 1194/1194/1194 1208/1208/1208
f 1193/1193/1193 1208/1208/1208 1209/1209/1209
f 1210/1210/1210 1193/1193/1193 1209/1209/1209
f 1181/1181/1181 1193/1193/1193 1210/1210/1210
f 1211/1211/1211 1181/1181/1181 1210/1210/1210
f 1210/1210/1210 1209/1209/1209 1212/1212/1212
f 1211/1211/1211 1210/1210/1210 1213/1213/1213
f 1213/1213/1213 1210/1210/1210 1212/1212/1212
f 1213/1213/1213 1212/1212/1212 1214/1214/1214
f 1215/1215/1215 1217/1217/1217 1216/1216/1216
f 1215/1215/1215 1216/1216/1216 1218/1218/1218
f 1219/1219/1219 1215/1215/1215 1218/1218/1218
f 1218/1218/1218 1216/1216/1216 1220/1220/1220
f 1219/1219/1219 1218/1218/1218 1221/1221/1221
f 1222/1222/1222 1219/1219/1219 1221/1221/1221
f 1218/1218/1218 1220/1220/1220 1223/1223/1223
f 1221/1221/1221 1218/1218/1218 1223/1223/1223
f 1222/1222/1222 1221/1221/1221 1224/1224/1224
f 1225/1225/1225 1222/1222/1222 1224/1224/1224
f 1225/1225/1225 1224/1224/1224 1226/1226/1226
f 1227/1227/1227 1223/1223/1223 1220/1220/1220
f 1227/1227/1227 1220/1220/1220 1228/1228/1228
f 1229/1229/1229 1223/1223/1223 1227/1227/1227
f 1221/1221/1221 1223/1223/1223 1230/1230/1230
f 1229/1229/1229 1230/1230/1230 1223/1223/1223
f 1224/1224/1224 1221/1221/1221 1230/1230/1230
f 1231/1231/1231 1230/1230/1230 1229/1229/1229
f 1226/1226/1226 1224/1224/1224 1232/1232/1232
f 1224/1224/1224 1230/1230/1230 1232/1232/1232
f 1231/1231/1231 1232/1232/1232 1230/1230/1230
f 1226/1226/1226 1232/1232/1232 1233/1233/1233
f 1234/1234/1234 1232/1232/1232 1231/1231/1231
f 1234/1234/1234 1233/1233/1233 1232/1232/1232
f 1235/1235/1235 1237/1237/1237 1236/1236/1236
f 1235/1235/1235 1236/1236/1236 1238/1238/1238
f 1239/1239/1239 1235/1235/1235 1238/1238/1238
f 1239/1239/1239 1238/1238/1238 1240/1240/1240
f 1238/1238/1238 1236/1236/1236 1241/1241/1241
f 1240/1240/1240 1238/1238/1238 1242/1242/1242
f 1238/1238/1238 1241/1241/1241 1242/1242/1242
f 1240/1240/1240 1242/1242/1242 1243/1243/1243
f 1242/1242/1242 1244/1244/1244 1243/1243/1243
f 1242/1242/1242 1245/1245/1245 1244/1244/1244
f 1241/1241/1241 1245/1245/1245 1242/1242/1242
f 1241/1241/1241 1246/1246/1246 1245/1245/1245
f 1247/1247/1247 1249/1249/1249 1248/1248/1248
f 1247/1247/1247 1248/1248/1248 1250/1250/1250
f 1251/1251/1251 1247/1247/1247 1250/1250/1250
f 1250/1250/1250 1248/1248/1248 1252/1252/1252
f 1251/1251/1251 1250/1250/1250 1253/1253/1253
f 1254/1254/1254 1251/1251/1251 1253/1253/1253
f 1254/1254/1254 1253/1253/1253 1255/1255/1255
f 1250/1250/1250 1252/1252/1252 1256/1256/1256
f 1253/1253/1253 1250/1250/1250 1256/1256/1256
f 1255/1255/1255 1253/1253/1253 1257/1257/1257
f 1253/1253/1253 1256/1256/1256 1257/1257/1257
f 1255/1255/1255 1257/1257/1257 1258/1258/1258
f 1259/1259/1259 1258/1258/1258 1257/1257/1257
f 1259/1259/1259 1257/1257/1257 1260/1260/1260
f 1256/1256/1256 1260/1260/1260 1257/1257/1257
f 1256/1256/1256 1261/1261/1261 1260/1260/1260
f 1252/1252/1252 1261/1261/1261 1256/1256/1256
f 1252/1252/1252 1262/1262/1262 1261/1261/1261
f 1263/1263/1263 1265/1265/1265 1264/1264/1264
f 1263/1263/1263 1264/1264/1264 1266/1266/1266
f 1267/1267/1267 1263/1263/1263 1266/1266/1266
f 1266/1266/1266 1264/1264/1264 1268/1268/1268
f 1267/1267/1267 1266/1266/1266 1269/1269/1269
f 1270/1270/1270 1267/1267/1267 1269/1269/1269
f 1270/1270/1270 1269/1269/1269 1271/1271/1271
f 1266/1266/1266 1268/1268/1268 1272/1272/1272
f 1269/1269/1269 1266/1266/1266 1272/1272/1272
f 1271/1271/1271 1269/1269/1269 1273/1273/1273
f 1269/1269/1269 1272/1272/1272 1273/1273/1273
f 1271/1271/1271 1273/1273/1273 1274/1274/1274
f 1273/1273/1273 1275/1275/1275 1274/1274/1274
f 1273/1273/1273 1276/1276/1276 1275/1275/1275
f 1272/1272/1272 1276/1276/1276 1273/1273/1273
f 1272/1272/1272 1277/1277/1277 1276/1276/1276
f 1268/1268/1268 1277/1277/1277 1272/1272/1272
f 1268/1268/1268 1278/1278/1278 1277/1277/1277
f 1279/1279/1279 1281/1281/1281 1280/1280/1280
f 1279/1279/1279 1280/1280/1280 1282/1282/1282
f 1282/1282/1282 1280/1280/1280 1283/1283/1283
f 1282/1282/1282 1283/1283/1283 1284/1284/1284
f 1283/1283/1283 1285/1285/1285 1284/1284/1284
f 1283/1283/1283 1286/1286/1286 1285/1285/1285
f 1287/1287/1287 1289/1289/1289 1288/1288/1288
f 1287/1287/1287 1288/1288/1288 1290/1290/1290
f 1291/1291/1291 1287/1287/1287 1290/1290/1290
f 1290/1290/1290 1288/1288/1288 1292/1292/1292
f 1291/1291/1291 1290/1290/1290 1293/1293/1293
f 1294/1294/1294 1291/1291/1291 1293/1293/1293
f 1290/1290/1290 1292/1292/1292 1295/1295/1295
f 1293/1293/1293 1290/1290/1290 1295/1295/1295
f 1294/1294/1294 1293/1293/1293 1296/1296/1296
f 1296/1296/1296 1297/1297/1297 1294/1294/1294
f 1292/1292/1292 1298/1298/1298 1295/1295/1295
f 1292/1292/1292 1299/1299/1299 1298/1298/1298
f 1295/1295/1295 1298/1298/1298 1300/1300/1300
f 1293/1293/1293 1295/1295/1295 1301/1301/1301
f 1295/1295/1295 1300/1300/1300 1301/1301/1301
f 1296/1296/1296 1293/1293/1293 1301/1301/1301
f 1301/1301/1301 1300/1300/1300 1302/1302/1302
f 1301/1301/1301 1302/1302/1302 1303/1303/1303
f 1296/1296/1296 1301/1301/1301 1303/1303/1303
f 1304/1304/1304 1303/1303/1303 1302/1302/1302
f 1296/1296/1296 1305/1305/1305 1297/1297/1297
f 1303/1303/1303 1305/1305/1305 1296/1296/1296
f 1306/1306/1306 1297/1297/1297 1305/1305/1305
f 1306/1306/1306 1305/1305/1305 1307/1307/1307
f 1304/1304/1304 1308/1308/1308 1303/1303/1303
f 1303/1303/1303 1308/1308/1308 1305/1305/1305
f 1307/1307/1307 1305/1305/1305 1308/1308/1308
f 1308/1308/1308 1304/1304/1304 1309/1309/1309
f 1307/1307/1307 1308/1308/1308 1310/1310/1310
f 1308/1308/1308 1309/1309/1309 1310/1310/1310
f 1311/1311/1311 1313/1313/1313 1312/1312/1312
f 1311/1311/1311 1312/1312/1312 1314/1314/1314
f 1314/1314/1314 1312/1312/1312 1315/1315/1315
f 1314/1314/1314 1315/1315/1315 1316/1316/1316
f 1317/1317/1317 1316/1316/1316 1315/1315/1315
f 1317/1317/1317 1315/1315/1315 1318/1318/1318
f 1319/1319/1319 1321/1321/1321 1320/1320/1320
f 1319/1319/1319 1322/1322/1322 1321/1321/1321
f 1323/1323/1323 1322/1322/1322 1319/1319/1319
f 1323/1323/1323 1324/1324/1324 1322/1322/1322
f 1325/1325/1325 1324/1324/1324 1323/1323/1323
f 1325/1325/1325 1323/1323/1323 1326/1326/1326
f 1327/1327/1327 1329/1329/1329 1328/1328/1328
f 1329/1329/1329 1327/1327/1327 1330/1330/1330
f 1329/1329/1329 1330/1330/1330 1331/1331/1331
f 1329/1329/1329 1331/1331/1331 1332/1332/1332
f 1329/1329/1329 1332/1332/1332 1333/1333/1333
f 1329/1329/1329 1333/1333/1333 1334/1334/1334
f 1334/1334/1334 1333/1333/1333 1335/1335/1335
f 1335/1335/1335 1333/1333/1333 1336/1336/1336
f 1336/1336/1336 1333/1333/1333 1337/1337/1337
f 1337/1337/1337 1333/1333/1333 1338/1338/1338
f 1338/1338/1338 1333/1333/1333 1339/1339/1339
f 1338/1338/1338 1339/1339/1339 1340/1340/1340
f 1338/1338/1338 1340/1340/1340 1341/1341/1341
f 1338/1338/1338 1341/1341/1341 1342/1342/1342
f 1338/1338/1338 1342/1342/1342 1343/1343/1343
f 1338/1338/1338 1343/1343/1343 1344/1344/1344
f 1344/1344/1344 1343/1343/1343 1345/1345/1345
f 1345/1345/1345 1343/1343/1343 1346/1346/1346
f 1347/1347/1347 1349/1349/1349 1348/1348/1348
f 1347/1347/1347 1350/1350/1350 1349/1349/1349
f 1351/1351/1351 1350/1350/1350 1347/1347/1347
f 1350/1350/1350 1352/1352/1352 1349/1349/1349
f 1351/1351/1351 1353/1353/1353 1350/1350/1350
f 1350/1350/1350 1354/1354/1354 1352/1352/1352
f 1353/1353/1353 1354/1354/1354 1350/1350/1350
f 1354/1354/1354 1355/1355/1355 1352/1352/1352
f 1354/1354/1354 1356/1356/1356 1355/1355/1355
f 1356/1356/1356 1357/1357/1357 1355/1355/1355
f 1353/1353/1353 1358/1358/1358 1354/1354/1354
f 1358/1358/1358 1356/1356/1356 1354/1354/1354
f 1356/1356/1356 1359/1359/1359 1357/1357/1357
f 1359/1359/1359 1360/1360/1360 1357/1357/1357
f 1358/1358/1358 1361/1361/1361 1356/1356/1356
f 1361/1361/1361 1359/1359/1359 1356/1356/1356
f 1359/1359/1359 1362/1362/1362 1360/1360/1360
f 1362/1362/1362 1363/1363/1363 1360/1360/1360
f 1361/1361/1361 1364/1364/1364 1359/1359/1359
f 1364/1364/1364 1362/1362/1362 1359/1359/1359
f 1362/1362/1362 1365/1365/1365 1363/1363/1363
f 1365/1365/1365 1366/1366/1366 1363/1363/1363
f 1364/1364/1364 1367/1367/1367 1362/1362/1362
f 1367/1367/1367 1365/1365/1365 1362/1362/1362
f 1365/1365/1365 1368/1368/1368 1366/1366/1366
f 1368/1368/1368 1369/1369/1369 1366/1366/1366
f 1367/1367/1367 1370/1370/1370 1365/1365/1365
f 1370/1370/1370 1368/1368/1368 1365/1365/1365
f 1368/1368/1368 1371/1371/1371 1369/1369/1369
f 1371/1371/1371 1372/1372/1372 1369/1369/1369
f 1371/1371/1371 1373/1373/1373 1372/1372/1372
f 1374/1374/1374 1371/1371/1371 1368/1368/1368
f 1370/1370/1370 1374/1374/1374 1368/1368/1368
f 1375/1375/1375 1373/1373/1373 1371/1371/1371
f 1374/1374/1374 1375/1375/1375 1371/1371/1371
f 1375/1375/1375 1376/1376/1376 1373/1373/1373
f 1377/1377/1377 1367/1367/1367 1364/1364/1364
f 1378/1378/1378 1377/1377/1377 1364/1364/1364
f 1377/1377/1377 1379/1379/1379 1367/1367/1367
f 1379/1379/1379 1370/1370/1370 1367/1367/1367
f 1378/1378/1378 1364/1364/1364 1361/1361/1361
f 1379/1379/1379 1380/1380/1380 1370/1370/1370
f 1380/1380/1380 1374/1374/1374 1370/1370/1370
f 1381/1381/1381 1378/1378/1378 1361/1361/1361
f 1380/1380/1380 1382/1382/1382 1374/1374/1374
f 1382/1382/1382 1375/1375/1375 1374/1374/1374
f 1381/1381/1381 1361/1361/1361 1358/1358/1358
f 1382/1382/1382 1383/1383/1383 1375/1375/1375
f 1384/1384/1384 1381/1381/1381 1358/1358/1358
f 1384/1384/1384 1358/1358/1358 1353/1353/1353
f 1383/1383/1383 1385/1385/1385 1375/1375/1375
f 1386/1386/1386 1384/1384/1384 1353/1353/1353
f 1387/1387/1387 1384/1384/1384 1386/1386/1386
f 1384/1384/1384 1387/1387/1387 1388/1388/1388
f 1386/1386/1386 1353/1353/1353 1389/1389/1389
f 1387/1387/1387 1386/1386/1386 1389/1389/1389
f 1388/1388/1388 1387/1387/1387 1390/1390/1390
f 1390/1390/1390 1387/1387/1387 1391/1391/1391
f 1391/1391/1391 1387/1387/1387 1392/1392/1392
f 1387/1387/1387 1389/1389/1389 1393/1393/1393
f 1393/1393/1393 1389/1389/1389 1394/1394/1394
f 1393/1393/1393 1394/1394/1394 1395/1395/1395
f 1395/1395/1395 1394/1394/1394 1396/1396/1396
f 1395/1395/1395 1396/1396/1396 1397/1397/1397
f 1398/1398/1398 1387/1387/1387 1393/1393/1393
f 1392/1392/1392 1387/1387/1387 1398/1398/1398
f 1398/1398/1398 1393/1393/1393 1399/1399/1399
f 1392/1392/1392 1398/1398/1398 1400/1400/1400
f 1392/1392/1392 1400/1400/1400 1401/1401/1401
f 1392/1392/1392 1401/1401/1401 1402/1402/1402
f 1392/1392/1392 1402/1402/1402 1403/1403/1403
f 1392/1392/1392 1403/1403/1403 1404/1404/1404
f 1404/1404/1404 1403/1403/1403 1405/1405/1405
f 1406/1406/1406 1398/1398/1398 1399/1399/1399
f 1405/1405/1405 1403/1403/1403 1383/1383/1383
f 1383/1383/1383 1403/1403/1403 1407/1407/1407
f 1383/1383/1383 1407/1407/1407 1385/1385/1385
f 1407/1407/1407 1403/1403/1403 1408/1408/1408
f 1408/1408/1408 1403/1403/1403 1409/1409/1409
f 1408/1408/1408 1409/1409/1409 1410/1410/1410
f 1408/1408/1408 1410/1410/1410 1411/1411/1411
f 1407/1407/1407 1412/1412/1412 1385/1385/1385
f 1407/1407/1407 1408/1408/1408 1412/1412/1412
f 1413/1413/1413 1385/1385/1385 1412/1412/1412
f 1413/1413/1413 1414/1414/1414 1385/1385/1385
f 1415/1415/1415 1414/1414/1414 1413/1413/1413
f 1415/1415/1415 1416/1416/1416 1414/1414/1414
f 1408/1408/1408 1417/1417/1417 1412/1412/1412
f 1408/1408/1408 1411/1411/1411 1417/1417/1417
f 1411/1411/1411 1418/1418/1418 1417/1417/1417
f 1411/1411/1411 1419/1419/1419 1418/1418/1418
f 1419/1419/1419 1420/1420/1420 1418/1418/1418
f 1419/1419/1419 1421/1421/1421 1420/1420/1420
f 1421/1421/1421 1422/1422/1422 1420/1420/1420
f 1421/1421/1421 1423/1423/1423 1422/1422/1422
f 1423/1423/1423 1424/1424/1424 1422/1422/1422
f 1423/1423/1423 1425/1425/1425 1424/1424/1424
f 1425/1425/1425 1426/1426/1426 1424/1424/1424
f 1425/1425/1425 1427/1427/1427 1426/1426/1426
f 1427/1427/1427 1428/1428/1428 1426/1426/1426
f 1427/1427/1427 1406/1406/1406 1428/1428/1428
f 1406/1406/1406 1399/1399/1399 1428/1428/1428
f 1417/1417/1417 1418/1418/1418 1429/1429/1429
f 1418/1418/1418 1420/1420/1420 1430/1430/1430
f 1418/1418/1418 1430/1430/1430 1429/1429/1429
f 1420/1420/1420 1422/1422/1422 1431/1431/1431
f 1420/1420/1420 1431/1431/1431 1430/1430/1430
f 1432/1432/1432 1422/1422/1422 1424/1424/1424
f 1432/1432/1432 1431/1431/1431 1422/1422/1422
f 1424/1424/1424 1426/1426/1426 1433/1433/1433
f 1424/1424/1424 1433/1433/1433 1432/1432/1432
f 1426/1426/1426 1428/1428/1428 1434/1434/1434
f 1426/1426/1426 1434/1434/1434 1433/1433/1433
f 1428/1428/1428 1399/1399/1399 1435/1435/1435
f 1428/1428/1428 1435/1435/1435 1434/1434/1434
f 1399/1399/1399 1436/1436/1436 1435/1435/1435
f 1399/1399/1399 1437/1437/1437 1436/1436/1436
f 1435/1435/1435 1436/1436/1436 1438/1438/1438
f 1435/1435/1435 1438/1438/1438 1439/1439/1439
f 1434/1434/1434 1435/1435/1435 1439/1439/1439
f 1434/1434/1434 1439/1439/1439 1440/1440/1440
f 1433/1433/1433 1434/1434/1434 1440/1440/1440
f 1433/1433/1433 1440/1440/1440 1441/1441/1441
f 1432/1432/1432 1433/1433/1433 1441/1441/1441
f 1432/1432/1432 1441/1441/1441 1442/1442/1442
f 1442/1442/1442 1431/1431/1431 1432/1432/1432
f 1442/1442/1442 1443/1443/1443 1431/1431/1431
f 1430/1430/1430 1431/1431/1431 1443/1443/1443
f 1430/1430/1430 1443/1443/1443 1444/1444/1444
f 1429/1429/1429 1430/1430/1430 1444/1444/1444
f 1429/1429/1429 1444/1444/1444 1445/1445/1445
f 1446/1446/1446 1429/1429/1429 1445/1445/1445
f 1417/1417/1417 1429/1429/1429 1446/1446/1446
f 1447/1447/1447 1417/1417/1417 1446/1446/1446
f 1446/1446/1446 1445/1445/1445 1448/1448/1448
f 1447/1447/1447 1446/1446/1446 1449/1449/1449
f 1449/1449/1449 1446/1446/1446 1448/1448/1448
f 1449/1449/1449 1448/1448/1448 1450/1450/1450
f 1451/1451/1451 1453/1453/1453 1452/1452/1452
f 1451/1451/1451 1452/1452/1452 1454/1454/1454
f 1455/1455/1455 1451/1451/1451 1454/1454/1454
f 1454/1454/1454 1452/1452/1452 1456/1456/1456
f 1455/1455/1455 1454/1454/1454 1457/1457/1457
f 1458/1458/1458 1455/1455/1455 1457/1457/1457
f 1454/1454/1454 1456/1456/1456 1459/1459/1459
f 1457/1457/1457 1454/1454/1454 1459/1459/1459
f 1458/1458/1458 1457/1457/1457 1460/1460/1460
f 1461/1461/1461 1458/1458/1458 1460/1460/1460
f 1461/1461/1461 1460/1460/1460 1462/1462/1462
f 1463/1463/1463 1459/1459/1459 1456/1456/1456
f 1463/1463/1463 1456/1456/1456 1464/1464/1464
f 1465/1465/1465 1459/1459/1459 1463/1463/1463
f 1457/1457/1457 1459/1459/1459 1466/1466/1466
f 1465/1465/1465 1466/1466/1466 1459/1459/1459
f 1460/1460/1460 1457/1457/1457 1466/1466/1466
f 1467/1467/1467 1466/1466/1466 1465/1465/1465
f 1462/1462/1462 1460/1460/1460 1468/1468/1468
f 1460/1460/1460 1466/1466/1466 1468/1468/1468
f 1467/1467/1467 1468/1468/1468 1466/1466/1466
f 1462/1462/1462 1468/1468/1468 1469/1469/1469
f 1470/1470/1470 1468/1468/1468 1467/1467/1467
f 1470/1470/1470 1469/1469/1469 1468/1468/1468
f 1471/1471/1471 1473/1473/1473 1472/1472/1472
f 1471/1471/1471 1472/1472/1472 1474/1474/1474
f 1475/1475/1475 1471/1471/1471 1474/1474/1474
f 1475/1475/1475 1474/1474/1474 1476/1476/1476
f 1474/1474/1474 1472/1472/1472 1477/1477/1477
f 1476/1476/1476 1474/1474/1474 1478/1478/1478
f 1474/1474/1474 1477/1477/1477 1478/1478/1478
f 1476/1476/1476 1478/1478/1478 1479/1479/1479
f 1478/1478/1478 1480/1480/1480 1479/1479/1479
f 1478/1478/1478 1481/1481/1481 1480/1480/1480
f 1477/1477/1477 1481/1481/1481 1478/1478/1478
f 1477/1477/1477 1482/1482/1482 1481/1481/1481
f 1483/1483/1483 1485/1485/1485 1484/1484/1484
f 1483/1483/1483 1484/1484/1484 1486/1486/1486
f 1487/1487/1487 1483/1483/1483 1486/1486/1486
f 1486/1486/1486 1484/1484/1484 1488/1488/1488
f 1487/1487/1487 1486/1486/1486 1489/1489/1489
f 1490/1490/1490 1487/1487/1487 1489/1489/1489
f 1490/1490/1490 1489/1489/1489 1491/1491/1491
f 1486/1486/1486 1488/1488/1488 1492/1492/1492
f 1489/1489/1489 1486/1486/1486 1492/1492/1492
f 1491/1491/1491 1489/1489/1489 1493/1493/1493
f 1489/1489/1489 1492/1492/1492 1493/1493/1493
f 1491/1491/1491 1493/1493/1493 1494/1494/1494
f 1495/1495/1495 1494/1494/1494 1493/1493/1493
f 1495/1495/1495 1493/1493/1493 1496/1496/1496
f 1492/1492/1492 1496/1496/1496 1493/1493/1493
f 1492/1492/1492 1497/1497/1497 1496/1496/1496
f 1488/1488/1488 1497/1497/1497 1492/1492/1492
f 1488/1488/1488 1498/1498/1498 1497/1497/1497
f 1499/1499/1499 1501/1501/1501 1500/1500/1500
f 1499/1499/1499 1500/1500/1500 1502/1502/1502
f 1503/1503/1503 1499/1499/1499 1502/1502/1502
f 1502/1502/1502 1500/1500/1500 1504/1504/1504
f 1503/1503/1503 1502/1502/1502 1505/1505/1505
f 1506/1506/1506 1503/1503/1503 1505/1505/1505
f 1506/1506/1506 1505/1505/1505 1507/1507/1507
f 1502/1502/1502 1504/1504/1504 1508/1508/1508
f 1505/1505/1505 1502/1502/1502 1508/1508/1508
f 1507/1507/1507 1505/1505/1505 1509/1509/1509
f 1505/1505/1505 1508/1508/1508 1509/1509/1509
f 1507/1507/1507 1509/1509/1509 1510/1510/1510
f 1509/1509/1509 1511/1511/1511 1510/1510/1510
f 1509/1509/1509 1512/1512/1512 1511/1511/1511
f 1508/1508/1508 1512/1512/1512 1509/1509/1509
f 1508/1508/1508 1513/1513/1513 1512/1512/1512
f 1504/1504/1504 1513/1513/1513 1508/1508/1508
f 1504/1504/1504 1514/1514/1514 1513/1513/1513
f 1515/1515/1515 1517/1517/1517 1516/1516/1516
f 1515/1515/1515 1516/1516/1516 1518/1518/1518
f 1518/1518/1518 1516/1516/1516 1519/1519/1519
f 1518/1518/1518 1519/1519/1519 1520/1520/1520
f 1519/1519/1519 1521/1521/1521 1520/1520/1520
f 1519/1519/1519 1522/1522/1522 1521/1521/1521
f 1523/1523/1523 1525/1525/1525 1524/1524/1524
f 1523/1523/1523 1524/1524/1524 1526/1526/1526
f 1527/1527/1527 1523/1523/1523 1526/1526/1526
f 1526/1526/1526 1524/1524/1524 1528/1528/1528
f 1527/1527/1527 1526/1526/1526 1529/1529/1529
f 1530/1530/1530 1527/1527/1527 1529/1529/1529
f 1526/1526/1526 1528/1528/1528 1531/1531/1531
f 1529/1529/1529 1526/1526/1526 1531/1531/1531
f 1530/1530/1530 1529/1529/1529 1532/1532/1532
f 1532/1532/1532 1533/1533/1533 1530/1530/1530
f 1528/1528/1528 1534/1534/1534 1531/1531/1531
f 1528/1528/1528 1535/1535/1535 1534/1534/1534
f 1531/1531/1531 1534/1534/1534 1536/1536/1536
f 1529/1529/1529 1531/1531/1531 1537/1537/1537
f 1531/1531/1531 1536/1536/1536 1537/1537/1537
f 1532/1532/1532 1529/1529/1529 1537/1537/1537
f 1537/1537/1537 1536/1536/1536 1538/1538/1538
f 1537/1537/1537 1538/1538/1538 1539/1539/1539
f 1532/1532/1532 1537/1537/1537 1539/1539/1539
f 1540/1540/1540 1539/1539/1539 1538/1538/1538
f 1532/1532/1532 1541/1541/1541 1533/1533/1533
f 1539/1539/1539 1541/1541/1541 1532/1532/1532
f 1542/1542/1542 1533/1533/1533 1541/1541/1541
f 1542/1542/1542 1541/1541/1541 1543/1543/1543
f 1540/1540/1540 1544/1544/1544 1539/1539/1539
f 1539/1539/1539 1544/1544/1544 1541/1541/1541
f 1543/1543/1543 1541/1541/1541 1544/1544/1544
f 1544/1544/1544 1540/1540/1540 1545/1545/1545
f 1543/1543/1543 1544/1544/1544 1546/1546/1546
f 1544/1544/1544 1545/1545/1545 1546/1546/1546
f 1547/1547/1547 1549/1549/1549 1548/1548/1548
f 1547/1547/1547 1548/1548/1548 1550/1550/1550
f 1550/1550/1550 1548/1548/1548 1551/1551/1551
f 1550/1550/1550 1551/1551/1551 1552/1552/1552
f 1553/1553/1553 1552/1552/1552 1551/1551/1551
f 1553/1553/1553 1551/1551/1551 1554/1554/1554
f 1555/1555/1555 1557/1557/1557 1556/1556/1556
f 1555/1555/1555 1558/1558/1558 1557/1557/1557
f 1559/1559/1559 1558/1558/1558 1555/1555/1555
f 1559/1559/1559 1560/1560/1560 1558/1558/1558
f 1561/1561/1561 1560/1560/1560 1559/1559/1559
f 1561/1561/1561 1559/1559/1559 1562/1562/1562
f 1563/1563/1563 1565/1565/1565 1564/1564/1564
f 1565/1565/1565 1563/1563/1563 1566/1566/1566
f 1566/1566/1566 1563/1563/1563 1567/1567/1567
f 1566/1566/1566 1567/1567/1567 1568/1568/1568
f 1568/1568/1568 1567/1567/1567 1569/1569/1569
f 1568/1568/1568 1569/1569/1569 1570/1570/1570
f 1570/1570/1570 1569/1569/1569 1571/1571/1571
f 1570/1570/1570 1571/1571/1571 1572/1572/1572
f 1572/1572/1572 1571/1571/1571 1573/1573/1573
f 1572/1572/1572 1573/1573/1573 1574/1574/1574
f 1574/1574/1574 1573/1573/1573 1575/1575/1575
f 1574/1574/1574 1575/1575/1575 1576/1576/1576
f 1576/1576/1576 1575/1575/1575 1577/1577/1577
f 1576/1576/1576 1577/1577/1577 1578/1578/1578
f 1578/1578/1578 1577/1577/1577 1579/1579/1579
f 1578/1578/1578 1579/1579/1579 1580/1580/1580
f 1580/1580/1580 1579/1579/1579 1581/1581/1581
f 1580/1580/1580 1581/1581/1581 1582/1582/1582
f 1583/1583/1583 1585/1585/1585 1584/1584/1584
f 1583/1583/1583 1586/1586/1586 1585/1585/1585
f 1587/1587/1587 1586/1586/1586 1583/1583/1583
f 1586/1586/1586 1588/1588/1588 1585/1585/1585
f 1587/1587/1587 1589/1589/1589 1586/1586/1586
f 1586/1586/1586 1590/1590/1590 1588/1588/1588
f 1589/1589/1589 1590/1590/1590 1586/1586/1586
f 1590/1590/1590 1591/1591/1591 1588/1588/1588
f 1590/1590/1590 1592/1592/1592 1591/1591/1591
f 1592/1592/1592 1593/1593/1593 1591/1591/1591
f 1589/1589/1589 1594/1594/1594 1590/1590/1590
f 1594/1594/1594 1592/1592/1592 1590/1590/1590
f 1592/1592/1592 1595/1595/1595 1593/1593/1593
f 1595/1595/1595 1596/1596/1596 1593/1593/1593
f 1594/1594/1594 1597/1597/1597 1592/1592/1592
f 1597/1597/1597 1595/1595/1595 1592/1592/1592
f 1595/1595/1595 1598/1598/1598 1596/1596/1596
f 1598/1598/1598 1599/1599/1599 1596/1596/1596
f 1597/1597/1597 1600/1600/1600 1595/1595/1595
f 1600/1600/1600 1598/1598/1598 1595/1595/1595
f 1598/1598/1598 1601/1601/1601 1599/1599/1599
f 1601/1601/1601 1602/1602/1602 1599/1599/1599
f 1600/1600/1600 1603/1603/1603 1598/1598/1598
f 1603/1603/1603 1601/1601/1601 1598/1598/1598
f 1601/1601/1601 1604/1604/1604 1602/1602/1602
f 1604/1604/1604 1605/1605/1605 1602/1602/1602
f 1603/1603/1603 1606/1606/1606 1601/1601/1601
f 1606/1606/1606 1604/1604/1604 1601/1601/1601
f 1604/1604/1604 1607/1607/1607 1605/1605/1605
f 1607/1607/1607 1608/1608/1608 1605/1605/1605
f 1607/1607/1607 1609/1609/1609 1608/1608/1608
f 1610/1610/1610 1607/1607/1607 1604/1604/1604
f 1606/1606/1606 1610/1610/1610 1604/1604/1604
f 1611/1611/1611 1609/1609/1609 1607/1607/1607
f 1610/1610/1610 1611/1611/1611 1607/1607/1607
f 1611/1611/1611 1612/1612/1612 1609/1609/1609
f 1613/1613/1613 1603/1603/1603 1600/1600/1600
f 1614/1614/1614 1613/1613/1613 1600/1600/1600
f 1613/1613/1613 1615/1615/1615 1603/1603/1603
f 1615/1615/1615 1606/1606/1606 1603/1603/1603
f 1614/1614/1614 1600/1600/1600 1597/1597/1597
f 1615/1615/1615 1616/1616/1616 1606/1606/1606
f 1616/1616/1616 1610/1610/1610 1606/1606/1606
f 1617/1617/1617 1614/1614/1614 1597/1597/1597
f 1616/1616/1616 1618/1618/1618 1610/1610/1610
f 1618/1618/1618 1611/1611/1611 1610/1610/1610
f 1617/1617/1617 1597/1597/1597 1594/1594/1594
f 1618/1618/1618 1619/1619/1619 1611/1611/1611
f 1620/1620/1620 1617/1617/1617 1594/1594/1594
f 1620/1620/1620 1594/1594/1594 1589/1589/1589
f 1619/1619/1619 1621/1621/1621 1611/1611/1611
f 1622/1622/1622 1620/1620/1620 1589/1589/1589
f 1622/1622/1622 1589/1589/1589 1623/1623/1623
f 1622/1622/1622 1624/1624/1624 1620/1620/1620
f 1625/1625/1625 1622/1622/1622 1623/1623/1623
f 1624/1624/1624 1622/1622/1622 1625/1625/1625
f 1625/1625/1625 1623/1623/1623 1626/1626/1626
f 1624/1624/1624 1625/1625/1625 1626/1626/1626
f 1626/1626/1626 1623/1623/1623 1627/1627/1627
f 1626/1626/1626 1627/1627/1627 1628/1628/1628
f 1628/1628/1628 1627/1627/1627 1629/1629/1629
f 1628/1628/1628 1629/1629/1629 1630/1630/1630
f 1624/1624/1624 1626/1626/1626 1631/1631/1631
f 1620/1620/1620 1624/1624/1624 1632/1632/1632
f 1620/1620/1620 1632/1632/1632 1633/1633/1633
f 1633/1633/1633 1632/1632/1632 1634/1634/1634
f 1633/1633/1633 1634/1634/1634 1635/1635/1635
f 1635/1635/1635 1634/1634/1634 1636/1636/1636
f 1635/1635/1635 1636/1636/1636 1637/1637/1637
f 1637/1637/1637 1636/1636/1636 1638/1638/1638
f 1637/1637/1637 1638/1638/1638 1639/1639/1639
f 1639/1639/1639 1638/1638/1638 1640/1640/1640
f 1639/1639/1639 1640/1640/1640 1641/1641/1641
f 1641/1641/1641 1640/1640/1640 1642/1642/1642
f 1641/1641/1641 1642/1642/1642 1643/1643/1643
f 1643/1643/1643 1642/1642/1642 1644/1644/1644
f 1643/1643/1643 1644/1644/1644 1619/1619/1619
f 1619/1619/1619 1644/1644/1644 1645/1645/1645
f 1619/1619/1619 1645/1645/1645 1646/1646/1646
f 1619/1619/1619 1646/1646/1646 1621/1621/1621
f 1646/1646/1646 1645/1645/1645 1647/1647/1647
f 1646/1646/1646 1647/1647/1647 1621/1621/1621
f 1648/1648/1648 1621/1621/1621 1647/1647/1647
f 1648/1648/1648 1649/1649/1649 1621/1621/1621
f 1650/1650/1650 1649/1649/1649 1648/1648/1648
f 1650/1650/1650 1651/1651/1651 1649/1649/1649
f 1645/1645/1645 1652/1652/1652 1647/1647/1647
f 1645/1645/1645 1644/1644/1644 1652/1652/1652
f 1644/1644/1644 1653/1653/1653 1652/1652/1652
f 1644/1644/1644 1654/1654/1654 1653/1653/1653
f 1654/1654/1654 1655/1655/1655 1653/1653/1653
f 1654/1654/1654 1656/1656/1656 1655/1655/1655
f 1656/1656/1656 1657/1657/1657 1655/1655/1655
f 1656/1656/1656 1658/1658/1658 1657/1657/1657
f 1658/1658/1658 1659/1659/1659 1657/1657/1657
f 1658/1658/1658 1660/1660/1660 1659/1659/1659
f 1660/1660/1660 1661/1661/1661 1659/1659/1659
f 1660/1660/1660 1662/1662/1662 1661/1661/1661
f 1662/1662/1662 1663/1663/1663 1661/1661/1661
f 1662/1662/1662 1664/1664/1664 1663/1663/1663
f 1664/1664/1664 1631/1631/1631 1663/1663/1663
f 1664/1664/1664 1624/1624/1624 1631/1631/1631
f 1652/1652/1652 1653/1653/1653 1665/1665/1665
f 1653/1653/1653 1655/1655/1655 1666/1666/1666
f 1653/1653/1653 1666/1666/1666 1665/1665/1665
f 1655/1655/1655 1657/1657/1657 1667/1667/1667
f 1655/1655/1655 1667/1667/1667 1666/1666/1666
f 1668/1668/1668 1657/1657/1657 1659/1659/1659
f 1668/1668/1668 1667/1667/1667 1657/1657/1657
f 1659/1659/1659 1661/1661/1661 1669/1669/1669
f 1659/1659/1659 1669/1669/1669 1668/1668/1668
f 1661/1661/1661 1663/1663/1663 1670/1670/1670
f 1661/1661/1661 1670/1670/1670 1669/1669/1669
f 1663/1663/1663 1631/1631/1631 1671/1671/1671
f 1663/1663/1663 1671/1671/1671 1670/1670/1670
f 1631/1631/1631 1672/1672/1672 1671/1671/1671
f 1631/1631/1631 1673/1673/1673 1672/1672/1672
f 1671/1671/1671 1672/1672/1672 1674/1674/1674
f 1671/1671/1671 1674/1674/1674 1675/1675/1675
f 1670/1670/1670 1671/1671/1671 1675/1675/1675
f 1670/1670/1670 1675/1675/1675 1676/1676/1676
f 1669/1669/1669 1670/1670/1670 1676/1676/1676
f 1669/1669/1669 1676/1676/1676 1677/1677/1677
f 1668/1668/1668 1669/1669/1669 1677/1677/1677
f 1668/1668/1668 1677/1677/1677 1678/1678/1678
f 1678/1678/1678 1667/1667/1667 1668/1668/1668
f 1678/1678/1678 1679/1679/1679 1667/1667/1667
f 1666/1666/1666 1667/1667/1667 1679/1679/1679
f 1666/1666/1666 1679/1679/1679 1680/1680/1680
f 1665/1665/1665 1666/1666/1666 1680/1680/1680
f 1665/1665/1665 1680/1680/1680 1681/1681/1681
f 1682/1682/1682 1665/1665/1665 1681/1681/1681
f 1652/1652/1652 1665/1665/1665 1682/1682/1682
f 1683/1683/1683 1652/1652/1652 1682/1682/1682
f 1682/1682/1682 1681/1681/1681 1684/1684/1684
f 1683/1683/1683 1682/1682/1682 1685/1685/1685
f 1685/1685/1685 1682/1682/1682 1684/1684/1684
f 1685/1685/1685 1684/1684/1684 1686/1686/1686
f 1687/1687/1687 1689/1689/1689 1688/1688/1688
f 1687/1687/1687 1688/1688/1688 1690/1690/1690
f 1691/1691/1691 1687/1687/1687 1690/1690/1690
f 1690/1690/1690 1688/1688/1688 1692/1692/1692
f 1691/1691/1691 1690/1690/1690 1693/1693/1693
f 1694/1694/1694 1691/1691/1691 1693/1693/1693
f 1690/1690/1690 1692/1692/1692 1695/1695/1695
f 1693/1693/1693 1690/1690/1690 1695/1695/1695
f 1694/1694/1694 1693/1693/1693 1696/1696/1696
f 1697/1697/1697 1694/1694/1694 1696/1696/1696
f 1697/1697/1697 1696/1696/1696 1698/1698/1698
f 1699/1699/1699 1695/1695/1695 1692/1692/1692
f 1699/1699/1699 1692/1692/1692 1700/1700/1700
f 1701/1701/1701 1695/1695/1695 1699/1699/1699
f 1693/1693/1693 1695/1695/1695 1702/1702/1702
f 1701/1701/1701 1702/1702/1702 1695/1695/1695
f 1696/1696/1696 1693/1693/1693 1702/1702/1702
f 1703/1703/1703 1702/1702/1702 1701/1701/1701
f 1698/1698/1698 1696/1696/1696 1704/1704/1704
f 1696/1696/1696 1702/1702/1702 1704/1704/1704
f 1703/1703/1703 1704/1704/1704 1702/1702/1702
f 1698/1698/1698 1704/1704/1704 1705/1705/1705
f 1706/1706/1706 1704/1704/1704 1703/1703/1703
f 1706/1706/1706 1705/1705/1705 1704/1704/1704
f 1707/1707/1707 1709/1709/1709 1708/1708/1708
f 1707/1707/1707 1708/1708/1708 1710/1710/1710
f 1711/1711/1711 1707/1707/1707 1710/1710/1710
f 1711/1711/1711 1710/1710/1710 1712/1712/1712
f 1710/1710/1710 1708/1708/1708 1713/1713/1713
f 1712/1712/1712 1710/1710/1710 1714/1714/1714
f 1710/1710/1710 1713/1713/1713 1714/1714/1714
f 1712/1712/1712 1714/1714/1714 1715/1715/1715
f 1714/1714/1714 1716/1716/1716 1715/1715/1715
f 1714/1714/1714 1717/1717/1717 1716/1716/1716
f 1713/1713/1713 1717/1717/1717 1714/1714/1714
f 1713/1713/1713 1718/1718/1718 1717/1717/1717
f 1719/1719/1719 1721/1721/1721 1720/1720/1720
f 1719/1719/1719 1720/1720/1720 1722/1722/1722
f 1723/1723/1723 1719/1719/1719 1722/1722/1722
f 1722/1722/1722 1720/1720/1720 1724/1724/1724
f 1723/1723/1723 1722/1722/1722 1725/1725/1725
f 1726/1726/1726 1723/1723/1723 1725/1725/1725
f 1726/1726/1726 1725/1725/1725 1727/1727/1727
f 1722/1722/1722 1724/1724/1724 1728/1728/1728
f 1725/1725/1725 1722/1722/1722 1728/1728/1728
f 1727/1727/1727 1725/1725/1725 1729/1729/1729
f 1725/1725/1725 1728/1728/1728 1729/1729/1729
f 1727/1727/1727 1729/1729/1729 1730/1730/1730
f 1731/1731/1731 1730/1730/1730 1729/1729/1729
f 1731/1731/1731 1729/1729/1729 1732/1732/1732
f 1728/1728/1728 1732/1732/1732 1729/1729/1729
f 1728/1728/1728 1733/1733/1733 1732/1732/1732
f 1724/1724/1724 1733/1733/1733 1728/1728/1728
f 1724/1724/1724 1734/1734/1734 1733/1733/1733
f 1735/1735/1735 1737/1737/1737 1736/1736/1736
f 1735/1735/1735 1736/1736/1736 1738/1738/1738
f 1739/1739/1739 1735/1735/1735 1738/1738/1738
f 1738/1738/1738 1736/1736/1736 1740/1740/1740
f 1739/1739/1739 1738/1738/1738 1741/1741/1741
f 1742/1742/1742 1739/1739/1739 1741/1741/1741
f 1742/1742/1742 1741/1741/1741 1743/1743/1743
f 1738/1738/1738 1740/1740/1740 1744/1744/1744
f 1741/1741/1741 1738/1738/1738 1744/1744/1744
f 1743/1743/1743 1741/1741/1741 1745/1745/1745
f 1741/1741/1741 1744/1744/1744 1745/1745/1745
f 1743/1743/1743 1745/1745/1745 1746/1746/1746
f 1745/1745/1745 1747/1747/1747 1746/1746/1746
f 1745/1745/1745 1748/1748/1748 1747/1747/1747
f 1744/1744/1744 1748/1748/1748 1745/1745/1745
f 1744/1744/1744 1749/1749/1749 1748/1748/1748
f 1740/1740/1740 1749/1749/1749 1744/1744/1744
f 1740/1740/1740 1750/1750/1750 1749/1749/1749
f 1751/1751/1751 1753/1753/1753 1752/1752/1752
f 1751/1751/1751 1752/1752/1752 1754/1754/1754
f 1754/1754/1754 1752/1752/1752 1755/1755/1755
f 1754/1754/1754 1755/1755/1755 1756/1756/1756
f 1755/1755/1755 1757/1757/1757 1756/1756/1756
f 1755/1755/1755 1758/1758/1758 1757/1757/1757
f 1759/1759/1759 1761/1761/1761 1760/1760/1760
f 1759/1759/1759 1760/1760/1760 1762/1762/1762
f 1763/1763/1763 1759/1759/1759 1762/1762/1762
f 1762/1762/1762 1760/1760/1760 1764/1764/1764
f 1763/1763/1763 1762/1762/1762 1765/1765/1765
f 1766/1766/1766 1763/1763/1763 1765/1765/1765
f 1762/1762/1762 1764/1764/1764 1767/1767/1767
f 1765/1765/1765 1762/1762/1762 1767/1767/1767
f 1766/1766/1766 1765/1765/1765 1768/1768/1768
f 1768/1768/1768 1769/1769/1769 1766/1766/1766
f 1764/1764/1764 1770/1770/1770 1767/1767/1767
f 1764/1764/1764 1771/1771/1771 1770/1770/1770
f 1767/1767/1767 1770/1770/1770 1772/1772/1772
f 1765/1765/1765 1767/1767/1767 1773/1773/1773
f 1767/1767/1767 1772/1772/1772 1773/1773/1773
f 1768/1768/1768 1765/1765/1765 1773/1773/1773
f 1773/1773/1773 1772/1772/1772 1774/1774/1774
f 1773/1773/1773 1774/1774/1774 1775/1775/1775
f 1768/1768/1768 1773/1773/1773 1775/1775/1775
f 1776/1776/1776 1775/1775/1775 1774/1774/1774
f 1768/1768/1768 1777/1777/1777 1769/1769/1769
f 1775/1775/1775 1777/1777/1777 1768/1768/1768
f 1778/1778/1778 1769/1769/1769 1777/1777/1777
f 1778/1778/1778 1777/1777/1777 1779/1779/1779
f 1776/1776/1776 1780/1780/1780 1775/1775/1775
f 1775/1775/1775 1780/1780/1780 1777/1777/1777
f 1779/1779/1779 1777/1777/1777 1780/1780/1780
f 1780/1780/1780 1776/1776/1776 1781/1781/1781
f 1779/1779/1779 1780/1780/1780 1782/1782/1782
f 1780/1780/1780 1781/1781/1781 1782/1782/1782
f 1783/1783/1783 1785/1785/1785 1784/1784/1784
f 1783/1783/1783 1784/1784/1784 1786/1786/1786
f 1786/1786/1786 1784/1784/1784 1787/1787/1787
f 1786/1786/1786 1787/1787/1787 1788/1788/1788
f 1789/1789/1789 1788/1788/1788 1787/1787/1787
f 1789/1789/1789 1787/1787/1787 1790/1790/1790
f 1791/1791/1791 1793/1793/1793 1792/1792/1792
f 1791/1791/1791 1794/1794/1794 1793/1793/1793
f 1795/1795/1795 1794/1794/1794 1791/1791/1791
f 1795/1795/1795 1796/1796/1796 1794/1794/1794
f 1797/1797/1797 1796/1796/1796 1795/1795/1795
f 1797/1797/1797 1795/1795/1795 1798/1798/1798
f 1799/1799/1799 1801/1801/1801 1800/1800/1800
f 1799/1799/1799 1802/1802/1802 1801/1801/1801
f 1802/1802/1802 1803/1803/1803 1801/1801/1801
f 1804/1804/1804 1799/1799/1799 1800/1800/1800
f 1804/1804/1804 1800/1800/1800 1805/1805/1805
f 1802/1802/1802 1806/1806/1806 1803/1803/1803
f 1806/1806/1806 1807/1807/1807 1803/1803/1803
f 1805/1805/1805 1808/1808/1808 1804/1804/1804
f 1805/1805/1805 1809/1809/1809 1808/1808/1808
f 1806/1806/1806 1810/1810/1810 1807/1807/1807
f 1811/1811/1811 1807/1807/1807 1810/1810/1810
f 1812/1812/1812 1808/1808/1808 1809/1809/1809
f 1812/1812/1812 1809/1809/1809 1813/1813/1813
f 1811/1811/1811 1810/1810/1810 1814/1814/1814
f 1814/1814/1814 1815/1815/1815 1811/1811/1811
f 1816/1816/1816 1812/1812/1812 1813/1813/1813
f 1816/1816/1816 1813/1813/1813 1817/1817/1817
f 1814/1814/1814 1818/1818/1818 1815/1815/1815
f 1818/1818/1818 1819/1819/1819 1815/1815/1815
f 1820/1820/1820 1816/1816/1816 1817/1817/1817
f 1820/1820/1820 1817/1817/1817 1821/1821/1821
f 1818/1818/1818 1822/1822/1822 1819/1819/1819
f 1822/1822/1822 1823/1823/1823 1819/1819/1819
f 1824/1824/1824 1820/1820/1820 1821/1821/1821
f 1824/1824/1824 1821/1821/1821 1825/1825/1825
f 1822/1822/1822 1826/1826/1826 1823/1823/1823
f 1826/1826/1826 1827/1827/1827 1823/1823/1823
f 1828/1828/1828 1824/1824/1824 1825/1825/1825
f 1828/1828/1828 1825/1825/1825 1829/1829/1829
f 1826/1826/1826 1830/1830/1830 1827/1827/1827
f 1830/1830/1830 1831/1831/1831 1827/1827/1827
f 1832/1832/1832 1828/1828/1828 1829/1829/1829
f 1832/1832/1832 1829/1829/1829 1833/1833/1833
f 1830/1830/1830 1834/1834/1834 1831/1831/1831
f 1834/1834/1834 1835/1835/1835 1831/1831/1831
f 1836/1836/1836 1832/1832/1832 1833/1833/1833
f 1836/1836/1836 1833/1833/1833 1837/1837/1837
f 1838/1838/1838 1837/1837/1837 1835/1835/1835
f 1834/1834/1834 1838/1838/1838 1835/1835/1835
f 1838/1838/1838 1836/1836/1836 1837/1837/1837
f 1839/1839/1839 1824/1824/1824 1828/1828/1828
f 1840/1840/1840 1828/1828/1828 1832/1832/1832
f 1840/1840/1840 1839/1839/1839 1828/1828/1828
f 1841/1841/1841 1832/1832/1832 1836/1836/1836
f 1841/1841/1841 1840/1840/1840 1832/1832/1832
f 1842/1842/1842 1836/1836/1836 1838/1838/1838
f 1842/1842/1842 1841/1841/1841 1836/1836/1836
f 1843/1843/1843 1838/1838/1838 1834/1834/1834
f 1843/1843/1843 1842/1842/1842 1838/1838/1838
f 1844/1844/1844 1834/1834/1834 1830/1830/1830
f 1844/1844/1844 1843/1843/1843 1834/1834/1834
f 1839/1839/1839 1845/1845/1845 1824/1824/1824
f 1845/1845/1845 1820/1820/1820 1824/1824/1824
f 1846/1846/1846 1844/1844/1844 1830/1830/1830
f 1846/1846/1846 1830/1830/1830 1826/1826/1826
f 1845/1845/1845 1847/1847/1847 1820/1820/1820
f 1847/1847/1847 1816/1816/1816 1820/1820/1820
f 1848/1848/1848 1846/1846/1846 1826/1826/1826
f 1848/1848/1848 1826/1826/1826 1822/1822/1822
f 1847/1847/1847 1849/1849/1849 1816/1816/1816
f 1849/1849/1849 1812/1812/1812 1816/1816/1816
f 1850/1850/1850 1848/1848/1848 1822/1822/1822
f 1850/1850/1850 1822/1822/1822 1818/1818/1818
f 1849/1849/1849 1851/1851/1851 1812/1812/1812
f 1851/1851/1851 1808/1808/1808 1812/1812/1812
f 1852/1852/1852 1850/1850/1850 1818/1818/1818
f 1852/1852/1852 1818/1818/1818 1814/1814/1814
f 1851/1851/1851 1853/1853/1853 1808/1808/1808
f 1804/1804/1804 1808/1808/1808 1853/1853/1853
f 1814/1814/1814 1854/1854/1854 1852/1852/1852
f 1814/1814/1814 1810/1810/1810 1854/1854/1854
f 1804/1804/1804 1853/1853/1853 1855/1855/1855
f 1855/1855/1855 1799/1799/1799 1804/1804/1804
f 1856/1856/1856 1854/1854/1854 1810/1810/1810
f 1856/1856/1856 1810/1810/1810 1806/1806/1806
f 1855/1855/1855 1857/1857/1857 1799/1799/1799
f 1857/1857/1857 1802/1802/1802 1799/1799/1799
f 1858/1858/1858 1806/1806/1806 1802/1802/1802
f 1858/1858/1858 1856/1856/1856 1806/1806/1806
f 1857/1857/1857 1858/1858/1858 1802/1802/1802
f 1859/1859/1859 1853/1853/1853 1851/1851/1851
f 1860/1860/1860 1855/1855/1855 1853/1853/1853
f 1859/1859/1859 1860/1860/1860 1853/1853/1853
f 1861/1861/1861 1857/1857/1857 1855/1855/1855
f 1860/1860/1860 1861/1861/1861 1855/1855/1855
f 1862/1862/1862 1858/1858/1858 1857/1857/1857
f 1861/1861/1861 1862/1862/1862 1857/1857/1857
f 1863/1863/1863 1856/1856/1856 1858/1858/1858
f 1862/1862/1862 1863/1863/1863 1858/1858/1858
f 1864/1864/1864 1854/1854/1854 1856/1856/1856
f 1863/1863/1863 1864/1864/1864 1856/1856/1856
f 1865/1865/1865 1859/1859/1859 1851/1851/1851
f 1865/1865/1865 1851/1851/1851 1849/1849/1849
f 1864/1864/1864 1866/1866/1866 1854/1854/1854
f 1866/1866/1866 1852/1852/1852 1854/1854/1854
f 1866/1866/1866 1867/1867/1867 1852/1852/1852
f 1864/1864/1864 1867/1867/1867 1866/1866/1866
f 1867/1867/1867 1850/1850/1850 1852/1852/1852
f 1867/1867/1867 1864/1864/1864 1868/1868/1868
f 1867/1867/1867 1868/1868/1868 1850/1850/1850
f 1868/1868/1868 1864/1864/1864 1863/1863/1863
f 1868/1868/1868 1848/1848/1848 1850/1850/1850
f 1868/1868/1868 1863/1863/1863 1869/1869/1869
f 1868/1868/1868 1869/1869/1869 1848/1848/1848
f 1869/1869/1869 1863/1863/1863 1862/1862/1862
f 1869/1869/1869 1846/1846/1846 1848/1848/1848
f 1869/1869/1869 1862/1862/1862 1870/1870/1870
f 1869/1869/1869 1870/1870/1870 1846/1846/1846
f 1870/1870/1870 1862/1862/1862 1861/1861/1861
f 1870/1870/1870 1844/1844/1844 1846/1846/1846
f 1870/1870/1870 1861/1861/1861 1871/1871/1871
f 1870/1870/1870 1871/1871/1871 1844/1844/1844
f 1871/1871/1871 1861/1861/1861 1860/1860/1860
f 1871/1871/1871 1843/1843/1843 1844/1844/1844
f 1871/1871/1871 1860/1860/1860 1872/1872/1872
f 1871/1871/1871 1872/1872/1872 1843/1843/1843
f 1872/1872/1872 1860/1860/1860 1859/1859/1859
f 1872/1872/1872 1842/1842/1842 1843/1843/1843
f 1872/1872/1872 1859/1859/1859 1873/1873/1873
f 1872/1872/1872 1873/1873/1873 1842/1842/1842
f 1873/1873/1873 1841/1841/1841 1842/1842/1842
f 1873/1873/1873 1859/1859/1859 1865/1865/1865
f 1873/1873/1873 1874/1874/1874 1841/1841/1841
f 1873/1873/1873 1865/1865/1865 1874/1874/1874
f 1874/1874/1874 1840/1840/1840 1841/1841/1841
f 1874/1874/1874 1865/1865/1865 1875/1875/1875
f 1875/1875/1875 1865/1865/1865 1849/1849/1849
f 1875/1875/1875 1849/1849/1849 1847/1847/1847
f 1874/1874/1874 1876/1876/1876 1840/1840/1840
f 1874/1874/1874 1875/1875/1875 1876/1876/1876
f 1876/1876/1876 1839/1839/1839 1840/1840/1840
f 1877/1877/1877 1875/1875/1875 1847/1847/1847
f 1876/1876/1876 1875/1875/1875 1877/1877/1877
f 1877/1877/1877 1847/1847/1847 1845/1845/1845
f 1876/1876/1876 1878/1878/1878 1839/1839/1839
f 1876/1876/1876 1877/1877/1877 1878/1878/1878
f 1878/1878/1878 1845/1845/1845 1839/1839/1839
f 1878/1878/1878 1877/1877/1877 1845/1845/1845
