# Wyeksportowano z NFSEngine Exporter
o Mesh_Cylinder_75560.obj
v 0.008617787 -0.002614177 -0.01
v 0.008320088 -0.003446293 -0.01
v 0.008320087 -0.003446293 -0.01
v 0.008617787 -0.002614177 -0.01
v 0.008320087 -0.003446293 -0.01
v 0.008320088 -0.003446293 -0.01
v -0.008617787 0.002614177 -0.01
v -0.008320088 0.003446293 -0.01
v -0.008320087 0.003446293 -0.01
v -0.008617787 0.002614177 -0.01
v -0.008320087 0.003446293 -0.01
v -0.008320088 0.003446293 -0.01
v 0.001756905 0.008832558 -0.01
v 0.001756905 0.008832557 -0.01
v 0.002614177 0.008617787 -0.01
v 0.002614177 0.008617787 -0.01
v 0.003446293 0.008320088 -0.01
v 0.003446293 0.008320087 -0.01
v 0.003446293 0.008320087 -0.01
v 0.004245194 0.007942197 -0.01
v 0.004245193 0.007942199 -0.01
v 0.003446708 0.008321092 -0.009976662
v 0.002614492 0.008618825 -0.009976663
v 0.002614177 0.008617787 -0.01
v 0.001757117 0.008833623 -0.009976662
v 0.001756905 0.008832558 -0.01
v 0.000882806 0.008963278 -0.009976662
v 0.0008826996 0.008962198 -0.01
v 1.629815E-11 0.009006683 -0.009976662
v 3.026798E-11 0.009005598 -0.01
v -0.0008828061 0.008963278 -0.009976662
v -0.0008826996 0.008962197 -0.01
v -0.001757117 0.008833623 -0.009976662
v -0.001756905 0.008832558 -0.01
v 0.0017586 0.008841076 -0.009813292
v 0.0008835508 0.008970841 -0.009813292
v 2.561137E-11 0.009014282 -0.009813292
v -0.0008835509 0.008970842 -0.009813292
v -0.0017586 0.008841076 -0.009813292
v 0.002616698 0.008626098 -0.009813291
v 0.0008869727 0.009005585 -0.009062796
v 8.149073E-12 0.009049194 -0.009062796
v 0.00176541 0.008875316 -0.009062796
v -0.0008869728 0.009005584 -0.009062796
v 0.002626832 0.008659504 -0.009062796
v -0.002616698 0.008626097 -0.009813291
v -0.00176541 0.008875317 -0.009062797
v -0.002614492 0.008618825 -0.009976663
v 0.0009007104 0.009145065 -0.00604983
v 0.001792753 0.009012779 -0.00604983
v 1.629815E-11 0.009189351 -0.00604983
v 0.002667518 0.008793626 -0.00604983
v -0.0009007104 0.009145065 -0.00604983
v -0.002626832 0.008659504 -0.009062796
v -0.003449617 0.008328112 -0.009813292
v -0.001792753 0.00901278 -0.00604983
v 0.000929001 0.009432306 0.0001549197
v 0.001849063 0.009295864 0.00015492
v 1.280569E-11 0.009477981 0.0001549198
v 0.002751302 0.009069827 0.0001549195
v -0.000929001 0.009432305 0.0001549197
v -0.002667517 0.008793626 -0.00604983
v -0.003462977 0.008360364 -0.009062797
v -0.001849063 0.009295863 0.0001549198
v 0.0009568754 0.009715319 0.006268386
v 0.001904543 0.009574784 0.006268387
v 3.49246E-12 0.009762365 0.006268387
v 0.002833854 0.009341964 0.006268387
v -0.0009568755 0.009715319 0.006268387
v -0.002751302 0.009069826 0.0001549195
v -0.003516612 0.008489853 -0.00604983
v -0.001904543 0.009574783 0.006268387
v 0.0009695403 0.009843907 0.009046057
v 0.001929751 0.009701513 0.009046058
v -4.656613E-12 0.009891576 0.009046056
v 0.002871362 0.009465611 0.009046058
v -0.0009695402 0.009843907 0.009046057
v -0.004265744 0.007980647 -0.009062796
v -0.004249287 0.007949858 -0.009813291
v -0.004331813 0.008104252 -0.00604983
v -0.003627067 0.008756512 0.00015492
v -0.004467872 0.008358801 0.0001549195
v -0.003446709 0.008321091 -0.009976662
v -0.004245705 0.007943155 -0.009976663
v -0.002833854 0.009341964 0.006268387
v -0.003735895 0.00901925 0.006268387
v -0.00460193 0.008609605 0.006268387
v -0.003446293 0.008320088 -0.01
v -0.004245193 0.007942199 -0.01
v -0.003446293 0.008320088 -0.01
v -0.004245193 0.007942197 -0.01
v -0.002614177 0.008617786 -0.01
v -0.001756905 0.008832558 -0.01
v -0.002614177 0.008617787 -0.01
v -0.0008826996 0.008962198 -0.01
v -0.0008826996 0.008962197 -0.01
v -0.003785343 0.009138625 0.009046058
v -0.004662839 0.008723557 0.009046058
v -0.002871362 0.009465611 0.009046058
v -0.003795382 0.009162862 0.009610008
v -0.004675205 0.008746692 0.009610008
v -0.001929751 0.009701512 0.009046057
v -0.002878977 0.009490715 0.009610008
v -0.003796503 0.00916557 0.00979905
v -0.004676587 0.008749278 0.009799051
v -0.001934869 0.009727241 0.009610008
v -0.0009721114 0.009870014 0.009610008
v -0.002879828 0.009493521 0.00979905
v -0.001935441 0.009730116 0.009799049
v -0.002869987 0.00946108 0.009952367
v -0.003783531 0.00913425 0.009952367
v -0.001928827 0.009696868 0.009952367
v -0.0009690761 0.009839194 0.009952367
v -0.000972399 0.009872932 0.009799051
v 1.164153E-12 0.009886841 0.009952368
v -3.49246E-12 0.009920742 0.00979905
v 0.0009690762 0.009839195 0.009952367
v 4.656613E-12 0.009917811 0.009610008
v 0.000972399 0.009872933 0.00979905
v 0.001928827 0.009696867 0.009952367
v 0.0009721116 0.009870014 0.009610008
v 0.001935441 0.009730117 0.009799049
v 0.002869987 0.00946108 0.009952367
v 0.001934869 0.009727241 0.009610008
v 0.002879828 0.00949352 0.00979905
v 0.003783531 0.00913425 0.009952368
v 0.002878977 0.009490715 0.009610007
v 0.003796504 0.00916557 0.00979905
v 0.004660607 0.008719382 0.009952367
v 0.003795382 0.009162861 0.009610008
v 0.004676587 0.00874928 0.00979905
v 0.005492835 0.008220608 0.009952368
v 0.003785342 0.009138625 0.009046058
v 0.004675205 0.008746694 0.009610007
v 0.005511669 0.008248796 0.00979905
v 0.00627212 0.007642602 0.009952367
v 0.003735896 0.009019249 0.006268387
v 0.004662839 0.008723557 0.009046058
v 0.005510041 0.008246358 0.009610008
v 0.006293627 0.007668806 0.009799051
v 0.006991053 0.006991053 0.009952367
v 0.003627067 0.008756512 0.00015492
v 0.004601929 0.008609605 0.006268387
v 0.005495466 0.008224545 0.009046058
v 0.006291767 0.007666539 0.009610008
v 0.007015023 0.007015024 0.00979905
v 0.007642601 0.006272121 0.009952367
v 0.003516613 0.008489853 -0.00604983
v 0.004467872 0.0083588 0.0001549195
v 0.00542368 0.00811711 0.006268387
v 0.006275126 0.007646263 0.009046058
v 0.007012951 0.00701295 0.009610008
v 0.007668806 0.006293627 0.009799051
v 0.008220606 0.005492835 0.009952367
v 0.003462977 0.008360365 -0.009062797
v 0.004331813 0.008104253 -0.00604983
v 0.005265685 0.007880653 0.00015492
v 0.006193154 0.007546381 0.006268387
v 0.006994401 0.006994401 0.009046058
v 0.00766654 0.006291767 0.009610008
v 0.008248795 0.005511669 0.00979905
v 0.008719382 0.004660606 0.009952367
v 0.008749278 0.004676587 0.009799051
v 0.008246358 0.005510041 0.009610008
v 0.007646261 0.006275125 0.009046058
v 0.006903034 0.006903035 0.006268387
v 0.006012745 0.007326551 0.0001549195
v 0.008746692 0.004675205 0.009610008
v 0.00916557 0.003796503 0.00979905
v 0.009162862 0.003795382 0.009610008
v 0.008224545 0.005495466 0.009046058
v 0.008723557 0.004662839 0.009046058
v 0.009138625 0.003785343 0.009046058
v 0.007546381 0.006193155 0.006268387
v 0.00811711 0.00542368 0.006268387
v 0.008609605 0.00460193 0.006268387
v 0.00901925 0.003735895 0.006268387
v 0.006701945 0.006701945 0.00015492
v 0.00732655 0.006012745 0.0001549195
v 0.007880653 0.005265685 0.00015492
v 0.008358801 0.004467872 0.0001549195
v 0.008756512 0.003627067 0.00015492
v 0.008104252 0.004331813 -0.00604983
v 0.008489853 0.003516612 -0.00604983
v 0.007640666 0.00510533 -0.00604983
v 0.007103437 0.005829641 -0.00604983
v 0.006497852 0.006497852 -0.00604983
v 0.00582964 0.007103437 -0.00604983
v 0.007980647 0.004265744 -0.009062796
v 0.008360364 0.003462977 -0.009062797
v 0.00752413 0.005027463 -0.009062797
v 0.006995095 0.005740726 -0.009062796
v 0.006398747 0.006398747 -0.009062797
v 0.007949858 0.004249287 -0.009813291
v 0.008328112 0.003449617 -0.009813292
v 0.008321091 0.003446709 -0.009976662
v 0.007495103 0.005008067 -0.009813292
v 0.007943155 0.004245705 -0.009976663
v 0.008320088 0.003446293 -0.01
v 0.006968108 0.005718579 -0.009813291
v 0.007488784 0.005003846 -0.009976662
v 0.007942199 0.004245193 -0.01
v 0.008320088 0.003446293 -0.01
v 0.007942197 0.004245193 -0.01
v 0.007487881 0.005003242 -0.01
v 0.00637406 0.00637406 -0.009813292
v 0.006962234 0.005713759 -0.009976663
v 0.006961395 0.005713069 -0.01
v 0.007487881 0.005003242 -0.01
v 0.006961395 0.005713069 -0.01
v 0.00636792 0.00636792 -0.01
v 0.00636792 0.00636792 -0.01
v 0.006368687 0.006368687 -0.009976662
v 0.00636792 0.00636792 -0.01
v 0.005718579 0.006968108 -0.009813291
v 0.005713758 0.006962235 -0.009976663
v 0.005713069 0.006961395 -0.01
v 0.005740725 0.006995095 -0.009062796
v 0.005008067 0.007495103 -0.009813292
v 0.005003846 0.007488784 -0.009976662
v 0.005003242 0.007487881 -0.01
v 0.005027464 0.007524131 -0.009062797
v 0.004249287 0.007949858 -0.009813291
v 0.004245705 0.007943154 -0.009976663
v 0.00510533 0.007640667 -0.00604983
v 0.004265744 0.007980646 -0.009062796
v 0.003449617 0.008328112 -0.009813292
v 0.005003242 0.007487881 -0.01
v 0.004245194 0.007942197 -0.01
v 0.002614177 0.008617787 -0.01
v 0.003446293 0.008320087 -0.01
v 0.003446293 0.008320088 -0.01
v -0.002614177 -0.008617787 -0.01
v -0.003446293 -0.008320088 -0.01
v -0.003446293 -0.008320087 -0.01
v -0.003446293 -0.008320087 -0.01
v -0.004245194 -0.007942197 -0.01
v -0.004245193 -0.007942199 -0.01
v -0.003446708 -0.008321092 -0.009976662
v -0.002614492 -0.008618825 -0.009976663
v -0.002614177 -0.008617787 -0.01
v -0.001757117 -0.008833623 -0.009976662
v -0.001756905 -0.008832558 -0.01
v -0.001756905 -0.008832558 -0.01
v -0.0008826996 -0.008962198 -0.01
v -0.0008826996 -0.008962199 -0.01
v -0.000882806 -0.008963279 -0.009976663
v 1.920853E-11 -0.009006683 -0.009976662
v 2.328306E-11 -0.009005597 -0.01
v 0.000882806 -0.008963278 -0.009976663
v 0.0008826996 -0.008962198 -0.01
v 0.001757117 -0.008833623 -0.009976662
v 0.001756905 -0.008832558 -0.01
v -0.0017586 -0.008841076 -0.009813292
v -0.0008835508 -0.008970842 -0.009813291
v 2.328306E-11 -0.009014282 -0.009813292
v 0.0008835508 -0.008970842 -0.009813291
v 0.0017586 -0.008841076 -0.009813292
v -0.002616698 -0.008626098 -0.009813291
v 0.002614492 -0.008618825 -0.009976663
v 0.002616698 -0.008626097 -0.009813291
v 0.002614177 -0.008617786 -0.01
v 0.001756905 -0.008832558 -0.01
v 0.002614177 -0.008617787 -0.01
v 0.003446709 -0.008321091 -0.009976662
v 0.003446293 -0.008320088 -0.01
v 0.003449617 -0.008328112 -0.009813292
v 0.004245705 -0.007943155 -0.009976663
v 0.004245193 -0.007942199 -0.01
v 0.003446293 -0.008320088 -0.01
v 0.004245193 -0.007942197 -0.01
v 0.004249287 -0.007949858 -0.009813291
v 0.003462977 -0.008360364 -0.009062797
v 0.004265744 -0.007980647 -0.009062796
v 0.002626832 -0.008659504 -0.009062796
v 0.003516612 -0.008489853 -0.00604983
v 0.004331813 -0.008104252 -0.00604983
v 0.00176541 -0.008875317 -0.009062797
v 0.002667517 -0.008793626 -0.00604983
v 0.003627067 -0.008756512 0.00015492
v 0.004467872 -0.008358801 0.0001549195
v 0.0008869728 -0.009005585 -0.009062796
v 0.001792753 -0.009012779 -0.00604983
v 0.002751302 -0.009069826 0.0001549195
v 0.003735895 -0.00901925 0.006268387
v 0.00460193 -0.008609605 0.006268387
v 2.386514E-11 -0.009049193 -0.009062797
v 0.0009007104 -0.009145064 -0.00604983
v 0.001849063 -0.009295865 0.00015492
v 0.002833854 -0.009341964 0.006268387
v 0.003785343 -0.009138625 0.009046058
v 0.004662839 -0.008723557 0.009046058
v -0.0008869728 -0.009005585 -0.009062796
v 0.000929001 -0.009432306 0.0001549195
v 0.001904543 -0.009574784 0.006268387
v 0.002871362 -0.009465611 0.009046058
v 0.003795382 -0.009162862 0.009610008
v 0.004675205 -0.008746692 0.009610008
v -0.00176541 -0.008875316 -0.009062797
v 0.0009568755 -0.00971532 0.006268387
v 0.001929751 -0.009701514 0.009046058
v 0.002878977 -0.009490715 0.009610008
v 0.003796503 -0.00916557 0.00979905
v 0.004676587 -0.008749278 0.009799051
v 0.002879828 -0.009493521 0.00979905
v 0.001934869 -0.009727241 0.009610008
v 0.0009695402 -0.009843907 0.009046058
v 0.002869987 -0.00946108 0.009952367
v 0.003783531 -0.00913425 0.009952367
v 0.001928827 -0.009696868 0.009952367
v 0.001935441 -0.009730116 0.009799049
v 0.0009690761 -0.009839196 0.009952367
v 0.000972399 -0.009872932 0.00979905
v -4.656613E-12 -0.009886841 0.009952368
v 0.0009721116 -0.009870014 0.009610007
v 1.804438E-11 -0.009920742 0.00979905
v -0.0009690762 -0.009839195 0.009952367
v 0 -0.00991781 0.009610008
v -0.0009723991 -0.009872932 0.009799051
v -0.001928827 -0.009696868 0.009952367
v -2.328306E-11 -0.009891577 0.009046058
v -0.0009721116 -0.009870014 0.009610008
v -0.001935441 -0.009730117 0.00979905
v -0.002869987 -0.00946108 0.009952367
v -1.862645E-11 -0.009762366 0.006268387
v -0.0009695402 -0.009843907 0.009046058
v -0.001934869 -0.009727241 0.009610008
v -0.002879828 -0.00949352 0.009799051
v -0.00378353 -0.00913425 0.009952367
v 4.656613E-12 -0.00947798 0.00015492
v -0.0009568756 -0.009715319 0.006268387
v -0.001929751 -0.009701513 0.009046058
v -0.002878977 -0.009490715 0.009610008
v -0.003796504 -0.00916557 0.00979905
v -0.004660607 -0.008719381 0.009952367
v 4.656613E-12 -0.00918935 -0.00604983
v -0.000929001 -0.009432305 0.0001549195
v -0.0009007104 -0.009145065 -0.00604983
v -0.001904543 -0.009574784 0.006268387
v -0.002871362 -0.009465611 0.009046058
v -0.003795382 -0.009162862 0.009610008
v -0.001792753 -0.009012779 -0.00604983
v -0.001849063 -0.009295864 0.00015492
v -0.002833854 -0.009341964 0.006268387
v -0.002751302 -0.009069827 0.0001549195
v -0.002667518 -0.008793626 -0.00604983
v -0.003785342 -0.009138625 0.009046058
v -0.004676587 -0.00874928 0.009799051
v -0.005492834 -0.008220607 0.009952367
v -0.003735896 -0.009019249 0.006268387
v -0.004675205 -0.008746693 0.009610008
v -0.005511669 -0.008248795 0.00979905
v -0.00627212 -0.007642602 0.009952367
v -0.004662839 -0.008723557 0.009046058
v -0.003627067 -0.008756512 0.00015492
v -0.00551004 -0.008246358 0.009610008
v -0.006293627 -0.007668806 0.009799051
v -0.006991053 -0.006991053 0.009952367
v -0.004601929 -0.008609605 0.006268387
v -0.005495466 -0.008224545 0.009046058
v -0.006291767 -0.007666539 0.009610008
v -0.007015023 -0.007015024 0.00979905
v -0.007642601 -0.006272121 0.009952367
v -0.007668806 -0.006293627 0.009799051
v -0.008220606 -0.005492835 0.009952367
v -0.007012951 -0.00701295 0.009610008
v -0.006275126 -0.007646263 0.009046058
v -0.00542368 -0.00811711 0.006268387
v -0.004467872 -0.0083588 0.0001549195
v -0.008248795 -0.005511669 0.00979905
v -0.008719382 -0.004660606 0.009952367
v -0.008749278 -0.004676587 0.009799051
v -0.00766654 -0.006291767 0.009610008
v -0.006994401 -0.006994401 0.009046058
v -0.006193154 -0.007546381 0.006268387
v -0.008246358 -0.005510041 0.009610008
v -0.007646261 -0.006275125 0.009046058
v -0.008746692 -0.004675205 0.009610008
v -0.00916557 -0.003796503 0.00979905
v -0.009162862 -0.003795382 0.009610008
v -0.008224545 -0.005495466 0.009046058
v -0.008723557 -0.004662839 0.009046058
v -0.009138625 -0.003785343 0.009046058
v -0.006903034 -0.006903035 0.006268387
v -0.005265685 -0.007880653 0.00015492
v -0.007546381 -0.006193155 0.006268387
v -0.00811711 -0.00542368 0.006268387
v -0.008609605 -0.00460193 0.006268387
v -0.00901925 -0.003735895 0.006268387
v -0.006012745 -0.007326551 0.0001549195
v -0.006701945 -0.006701945 0.00015492
v -0.00732655 -0.006012745 0.0001549195
v -0.007880653 -0.005265685 0.00015492
v -0.008358801 -0.004467872 0.0001549195
v -0.008756512 -0.003627067 0.00015492
v -0.008104252 -0.004331813 -0.00604983
v -0.008489853 -0.003516612 -0.00604983
v -0.007640666 -0.00510533 -0.00604983
v -0.007103437 -0.005829641 -0.00604983
v -0.006497852 -0.006497852 -0.00604983
v -0.00582964 -0.007103437 -0.00604983
v -0.007980647 -0.004265744 -0.009062796
v -0.008360364 -0.003462977 -0.009062797
v -0.00752413 -0.005027463 -0.009062797
v -0.006995095 -0.005740726 -0.009062796
v -0.006398747 -0.006398747 -0.009062797
v -0.007949858 -0.004249287 -0.009813291
v -0.008328112 -0.003449617 -0.009813292
v -0.008321091 -0.003446709 -0.009976662
v -0.007495103 -0.005008067 -0.009813292
v -0.007943155 -0.004245705 -0.009976663
v -0.008320088 -0.003446293 -0.01
v -0.006968108 -0.005718579 -0.009813291
v -0.007488784 -0.005003846 -0.009976662
v -0.007942199 -0.004245193 -0.01
v -0.008320088 -0.003446293 -0.01
v -0.007942197 -0.004245193 -0.01
v -0.007487881 -0.005003242 -0.01
v -0.00637406 -0.00637406 -0.009813292
v -0.006962234 -0.005713759 -0.009976663
v -0.006961395 -0.005713069 -0.01
v -0.007487881 -0.005003242 -0.01
v -0.006961395 -0.005713069 -0.01
v -0.00636792 -0.00636792 -0.01
v -0.00636792 -0.00636792 -0.01
v -0.006368687 -0.006368687 -0.009976662
v -0.00636792 -0.00636792 -0.01
v -0.005718579 -0.006968108 -0.009813291
v -0.005713758 -0.006962235 -0.009976663
v -0.005713069 -0.006961395 -0.01
v -0.005740725 -0.006995095 -0.009062796
v -0.005008067 -0.007495103 -0.009813292
v -0.005003846 -0.007488784 -0.009976662
v -0.005003242 -0.007487881 -0.01
v -0.005027464 -0.007524131 -0.009062797
v -0.004249287 -0.007949858 -0.009813291
v -0.004245705 -0.007943154 -0.009976663
v -0.00510533 -0.007640667 -0.00604983
v -0.004265744 -0.007980646 -0.009062796
v -0.004331813 -0.008104253 -0.00604983
v -0.003449617 -0.008328112 -0.009813292
v -0.005003242 -0.007487881 -0.01
v -0.004245194 -0.007942197 -0.01
v -0.003462977 -0.008360365 -0.009062797
v -0.003516613 -0.008489853 -0.00604983
v -0.002626832 -0.008659504 -0.009062796
v 0.008749278 0.004676587 0.009799051
v 0.00913425 0.003783531 0.009952367
v 0.008719382 0.004660606 0.009952367
v 0.00916557 0.003796503 0.00979905
v 0.00946108 0.002869988 0.009952367
v 0.00949352 0.002879828 0.009799051
v 0.009162862 0.003795382 0.009610008
v 0.009696868 0.001928827 0.009952367
v 0.009490715 0.002878977 0.009610008
v 0.009138625 0.003785343 0.009046058
v 0.009730117 0.001935441 0.00979905
v 0.009839194 0.0009690761 0.009952367
v 0.009465611 0.002871362 0.009046058
v 0.00901925 0.003735895 0.006268387
v 0.009727241 0.001934869 0.009610008
v 0.009872932 0.000972399 0.009799051
v 0.009886841 -1.164153E-12 0.009952367
v 0.009341964 0.002833854 0.006268387
v 0.008756512 0.003627067 0.00015492
v 0.009701514 0.001929751 0.009046058
v 0.009870014 0.0009721116 0.009610008
v 0.009920742 3.49246E-12 0.00979905
v 0.009839195 -0.0009690762 0.009952367
v 0.009069826 0.002751302 0.0001549195
v 0.008489853 0.003516612 -0.00604983
v 0.009574784 0.001904543 0.006268387
v 0.009843907 0.0009695402 0.009046058
v 0.00991781 0 0.009610008
v 0.009872932 -0.0009723991 0.009799051
v 0.009696868 -0.001928827 0.009952367
v 0.008793626 0.002667517 -0.00604983
v 0.008360364 0.003462977 -0.009062797
v 0.009295865 0.001849063 0.00015492
v 0.00971532 0.0009568755 0.006268387
v 0.009891577 -2.328306E-11 0.009046058
v 0.009870014 -0.0009721116 0.009610008
v 0.009730117 -0.001935441 0.00979905
v 0.00946108 -0.002869988 0.009952367
v 0.008659504 0.002626832 -0.009062796
v 0.008328112 0.003449617 -0.009813292
v 0.009012779 0.001792753 -0.00604983
v 0.009432306 0.000929001 0.0001549195
v 0.009762366 -1.862645E-11 0.006268387
v 0.009843907 -0.0009695402 0.009046058
v 0.009727241 -0.001934869 0.009610008
v 0.00949352 -0.002879828 0.00979905
v 0.00913425 -0.003783531 0.009952367
v 0.00916557 -0.003796504 0.009799049
v 0.008719382 -0.004660607 0.009952367
v 0.009490715 -0.002878977 0.009610008
v 0.009701513 -0.001929751 0.009046058
v 0.009715319 -0.0009568756 0.006268387
v 0.00947798 4.656613E-12 0.00015492
v 0.00874928 -0.004676587 0.00979905
v 0.008220608 -0.005492835 0.009952368
v 0.009162862 -0.003795382 0.009610008
v 0.009465611 -0.002871362 0.009046058
v 0.009574784 -0.001904543 0.006268387
v 0.008248796 -0.005511669 0.00979905
v 0.007642602 -0.00627212 0.009952367
v 0.008746694 -0.004675205 0.009610007
v 0.009138625 -0.003785342 0.009046058
v 0.007668806 -0.006293627 0.009799051
v 0.006991053 -0.006991053 0.009952367
v 0.008246358 -0.005510041 0.009610008
v 0.007015024 -0.007015023 0.00979905
v 0.006272121 -0.007642601 0.009952367
v 0.009432305 -0.000929001 0.0001549195
v 0.009341964 -0.002833854 0.006268387
v 0.008723557 -0.004662839 0.009046058
v 0.007666539 -0.006291767 0.009610008
v 0.006293627 -0.007668806 0.009799051
v 0.005492835 -0.008220606 0.009952367
v 0.009295864 -0.001849063 0.00015492
v 0.009019249 -0.003735896 0.006268387
v 0.008224545 -0.005495466 0.009046058
v 0.00701295 -0.007012951 0.009610008
v 0.005511669 -0.008248795 0.00979905
v 0.004660606 -0.008719382 0.009952367
v 0.009069827 -0.002751302 0.0001549195
v 0.008609605 -0.004601929 0.006268387
v 0.007646263 -0.006275126 0.009046058
v 0.006291767 -0.00766654 0.009610008
v 0.004676587 -0.008749278 0.009799051
v 0.003783531 -0.00913425 0.009952367
v 0.003796503 -0.00916557 0.00979905
v 0.005510041 -0.008246358 0.009610008
v 0.004675205 -0.008746692 0.009610008
v 0.006994401 -0.006994401 0.009046058
v 0.00811711 -0.00542368 0.006268387
v 0.005495466 -0.008224545 0.009046058
v 0.004662839 -0.008723557 0.009046058
v 0.006275125 -0.007646261 0.009046058
v 0.007546381 -0.006193154 0.006268387
v 0.00542368 -0.00811711 0.006268387
v 0.00460193 -0.008609605 0.006268387
v 0.006903035 -0.006903034 0.006268387
v 0.006193155 -0.007546381 0.006268387
v 0.005265685 -0.007880653 0.00015492
v 0.004467872 -0.008358801 0.0001549195
v 0.006012745 -0.00732655 0.0001549195
v 0.006701945 -0.006701945 0.00015492
v 0.007326551 -0.006012745 0.0001549195
v 0.007880653 -0.005265685 0.00015492
v 0.00510533 -0.007640666 -0.00604983
v 0.004331813 -0.008104252 -0.00604983
v 0.005829641 -0.007103437 -0.00604983
v 0.006497852 -0.006497852 -0.00604983
v 0.007103437 -0.00582964 -0.00604983
v 0.005027463 -0.00752413 -0.009062797
v 0.004265744 -0.007980647 -0.009062796
v 0.005740726 -0.006995095 -0.009062796
v 0.006398747 -0.006398747 -0.009062797
v 0.005008067 -0.007495103 -0.009813292
v 0.004249287 -0.007949858 -0.009813291
v 0.004245705 -0.007943155 -0.009976663
v 0.005718579 -0.006968108 -0.009813291
v 0.005003846 -0.007488784 -0.009976662
v 0.004245193 -0.007942199 -0.01
v 0.005003242 -0.007487881 -0.01
v 0.00637406 -0.00637406 -0.009813292
v 0.005713759 -0.006962234 -0.009976663
v 0.006995095 -0.005740725 -0.009062796
v 0.005713069 -0.006961395 -0.01
v 0.005003242 -0.007487881 -0.01
v 0.005713069 -0.006961395 -0.01
v 0.00636792 -0.00636792 -0.01
v 0.00636792 -0.00636792 -0.01
v 0.006368687 -0.006368687 -0.009976662
v 0.00636792 -0.00636792 -0.01
v 0.006968108 -0.005718579 -0.009813291
v 0.006962235 -0.005713758 -0.009976663
v 0.006961395 -0.005713069 -0.01
v 0.007495103 -0.005008067 -0.009813292
v 0.007488784 -0.005003846 -0.009976662
v 0.007487881 -0.005003242 -0.01
v 0.007524131 -0.005027464 -0.009062797
v 0.007949858 -0.004249287 -0.009813291
v 0.007943154 -0.004245705 -0.009976663
v 0.007640667 -0.00510533 -0.00604983
v 0.007980646 -0.004265744 -0.009062796
v 0.008104253 -0.004331813 -0.00604983
v 0.008328112 -0.003449617 -0.009813292
v 0.007942199 -0.004245193 -0.01
v 0.007487881 -0.005003242 -0.01
v 0.007942197 -0.004245194 -0.01
v 0.008321092 -0.003446708 -0.009976662
v 0.008360365 -0.003462977 -0.009062797
v 0.0083588 -0.004467872 0.0001549195
v 0.008489853 -0.003516613 -0.00604983
v 0.008756512 -0.003627067 0.00015492
v 0.008626098 -0.002616698 -0.009813291
v 0.008320087 -0.003446293 -0.01
v 0.007942197 -0.004245194 -0.01
v 0.008320088 -0.003446293 -0.01
v 0.008618825 -0.002614492 -0.009976663
v 0.008617787 -0.002614177 -0.01
v 0.008793626 -0.002667518 -0.00604983
v 0.008659504 -0.002626832 -0.009062796
v 0.008841076 -0.0017586 -0.009813292
v 0.008833623 -0.001757117 -0.009976662
v 0.009012779 -0.001792753 -0.00604983
v 0.008875316 -0.00176541 -0.009062797
v 0.009145065 -0.0009007104 -0.00604983
v 0.008970842 -0.0008835508 -0.009813291
v 0.009005585 -0.0008869728 -0.009062796
v 0.008832558 -0.001756905 -0.01
v 0.008832558 -0.001756905 -0.01
v 0.00918935 4.656613E-12 -0.00604983
v 0.008963279 -0.000882806 -0.009976663
v 0.008962198 -0.0008826996 -0.01
v 0.008962199 -0.0008826994 -0.01
v 0.009014282 2.328306E-11 -0.009813292
v 0.009049193 4.249159E-11 -0.009062797
v 0.009006683 1.920853E-11 -0.009976662
v 0.009005597 2.328306E-11 -0.01
v 0.009145064 0.0009007104 -0.00604983
v 0.009005585 0.0008869728 -0.009062796
v 0.008970842 0.0008835508 -0.009813291
v 0.008963278 0.000882806 -0.009976663
v 0.008962198 0.0008826996 -0.01
v 0.008875317 0.00176541 -0.009062797
v 0.008841076 0.0017586 -0.009813292
v 0.008833623 0.001757117 -0.009976662
v 0.008832558 0.001756905 -0.01
v 0.008626097 0.002616698 -0.009813291
v 0.008618825 0.002614492 -0.009976663
v 0.008321091 0.003446709 -0.009976662
v 0.008617786 0.002614177 -0.01
v 0.008320088 0.003446293 -0.01
v 0.008832558 0.001756905 -0.01
v 0.008617787 0.002614177 -0.01
v -0.008749278 -0.004676587 0.009799051
v -0.00913425 -0.003783531 0.009952367
v -0.008719382 -0.004660606 0.009952367
v -0.00916557 -0.003796503 0.00979905
v -0.00946108 -0.002869987 0.009952367
v -0.00949352 -0.002879828 0.009799051
v -0.009162862 -0.003795382 0.009610008
v -0.009696868 -0.001928827 0.009952367
v -0.009490715 -0.002878977 0.009610008
v -0.009138625 -0.003785343 0.009046058
v -0.009730117 -0.001935441 0.00979905
v -0.009839194 -0.0009690761 0.009952367
v -0.009465611 -0.002871362 0.009046058
v -0.00901925 -0.003735895 0.006268387
v -0.009727241 -0.001934869 0.009610008
v -0.009872932 -0.000972399 0.009799051
v -0.009886841 1.164153E-12 0.009952367
v -0.009341964 -0.002833854 0.006268387
v -0.008756512 -0.003627067 0.00015492
v -0.009701514 -0.001929751 0.009046058
v -0.009870014 -0.0009721116 0.009610008
v -0.009920742 -3.49246E-12 0.00979905
v -0.009839195 0.0009690762 0.009952367
v -0.009069826 -0.002751302 0.0001549195
v -0.008489853 -0.003516612 -0.00604983
v -0.009574784 -0.001904543 0.006268387
v -0.009843907 -0.0009695402 0.009046058
v -0.00991781 0 0.009610008
v -0.009872932 0.0009723991 0.009799051
v -0.009696868 0.001928827 0.009952367
v -0.008793626 -0.002667517 -0.00604983
v -0.008360364 -0.003462977 -0.009062797
v -0.009295865 -0.001849063 0.00015492
v -0.00971532 -0.0009568755 0.006268387
v -0.009891577 2.328306E-11 0.009046058
v -0.009870014 0.0009721116 0.009610008
v -0.009730117 0.001935441 0.00979905
v -0.00946108 0.002869987 0.009952367
v -0.008659504 -0.002626832 -0.009062796
v -0.008328112 -0.003449617 -0.009813292
v -0.009012779 -0.001792753 -0.00604983
v -0.009432306 -0.000929001 0.0001549195
v -0.009762366 1.862645E-11 0.006268387
v -0.009843907 0.0009695402 0.009046058
v -0.009727241 0.001934869 0.009610008
v -0.00949352 0.002879828 0.009799051
v -0.00913425 0.00378353 0.009952367
v -0.00916557 0.003796504 0.00979905
v -0.008719381 0.004660607 0.009952367
v -0.009490715 0.002878977 0.009610008
v -0.009701513 0.001929751 0.009046058
v -0.009715319 0.0009568756 0.006268387
v -0.00947798 3.259629E-11 0.00015492
v -0.00874928 0.004676587 0.009799051
v -0.008220607 0.005492834 0.009952367
v -0.009162862 0.003795382 0.009610008
v -0.009465611 0.002871362 0.009046058
v -0.009574784 0.001904543 0.006268387
v -0.008248795 0.005511669 0.00979905
v -0.007642602 0.00627212 0.009952367
v -0.008746693 0.004675205 0.009610008
v -0.009138625 0.003785342 0.009046058
v -0.007668806 0.006293627 0.009799051
v -0.006991053 0.006991053 0.009952367
v -0.008246358 0.00551004 0.009610008
v -0.007015024 0.007015023 0.00979905
v -0.006272121 0.007642601 0.009952367
v -0.009432305 0.000929001 0.0001549195
v -0.009341964 0.002833854 0.006268387
v -0.008723557 0.004662839 0.009046058
v -0.007666539 0.006291767 0.009610008
v -0.006293627 0.007668806 0.009799051
v -0.005492835 0.008220606 0.009952367
v -0.009295864 0.001849063 0.00015492
v -0.009019249 0.003735896 0.006268387
v -0.008224545 0.005495466 0.009046058
v -0.00701295 0.007012951 0.009610008
v -0.005511669 0.008248795 0.00979905
v -0.004660606 0.008719382 0.009952367
v -0.009069827 0.002751302 0.0001549195
v -0.008609605 0.004601929 0.006268387
v -0.007646263 0.006275126 0.009046058
v -0.006291767 0.00766654 0.009610008
v -0.004676587 0.008749278 0.009799051
v -0.003783531 0.00913425 0.009952367
v -0.003796503 0.00916557 0.00979905
v -0.005510041 0.008246358 0.009610008
v -0.004675205 0.008746692 0.009610008
v -0.006994401 0.006994401 0.009046058
v -0.00811711 0.00542368 0.006268387
v -0.005495466 0.008224545 0.009046058
v -0.004662839 0.008723557 0.009046058
v -0.006275125 0.007646261 0.009046058
v -0.007546381 0.006193154 0.006268387
v -0.00542368 0.00811711 0.006268387
v -0.00460193 0.008609605 0.006268387
v -0.006903035 0.006903034 0.006268387
v -0.006193155 0.007546381 0.006268387
v -0.005265685 0.007880653 0.00015492
v -0.004467872 0.008358801 0.0001549195
v -0.006012745 0.00732655 0.0001549195
v -0.006701945 0.006701945 0.00015492
v -0.007326551 0.006012745 0.0001549195
v -0.007880653 0.005265685 0.00015492
v -0.00510533 0.007640666 -0.00604983
v -0.004331813 0.008104252 -0.00604983
v -0.005829641 0.007103437 -0.00604983
v -0.006497852 0.006497852 -0.00604983
v -0.007103437 0.00582964 -0.00604983
v -0.005027463 0.00752413 -0.009062797
v -0.004265744 0.007980647 -0.009062796
v -0.005740726 0.006995095 -0.009062796
v -0.006398747 0.006398747 -0.009062797
v -0.005008067 0.007495103 -0.009813292
v -0.004249287 0.007949858 -0.009813291
v -0.004245705 0.007943155 -0.009976663
v -0.005718579 0.006968108 -0.009813291
v -0.005003846 0.007488784 -0.009976662
v -0.004245193 0.007942199 -0.01
v -0.005003242 0.007487881 -0.01
v -0.00637406 0.00637406 -0.009813292
v -0.005713759 0.006962234 -0.009976663
v -0.006995095 0.005740725 -0.009062796
v -0.005713069 0.006961395 -0.01
v -0.005003242 0.007487881 -0.01
v -0.005713069 0.006961395 -0.01
v -0.00636792 0.00636792 -0.01
v -0.00636792 0.00636792 -0.01
v -0.006368687 0.006368687 -0.009976662
v -0.00636792 0.00636792 -0.01
v -0.006968108 0.005718579 -0.009813291
v -0.006962235 0.005713758 -0.009976663
v -0.006961395 0.005713069 -0.01
v -0.007495103 0.005008067 -0.009813292
v -0.007488784 0.005003846 -0.009976662
v -0.007487881 0.005003242 -0.01
v -0.007524131 0.005027464 -0.009062797
v -0.007949858 0.004249287 -0.009813291
v -0.007943154 0.004245705 -0.009976663
v -0.007640667 0.00510533 -0.00604983
v -0.007980646 0.004265744 -0.009062796
v -0.008104253 0.004331813 -0.00604983
v -0.008328112 0.003449617 -0.009813292
v -0.007942199 0.004245193 -0.01
v -0.007487881 0.005003242 -0.01
v -0.007942197 0.004245194 -0.01
v -0.008321092 0.003446708 -0.009976662
v -0.008360365 0.003462977 -0.009062797
v -0.0083588 0.004467872 0.0001549195
v -0.008489853 0.003516613 -0.00604983
v -0.008756512 0.003627067 0.00015492
v -0.008626098 0.002616698 -0.009813291
v -0.008320087 0.003446293 -0.01
v -0.007942197 0.004245194 -0.01
v -0.008320088 0.003446293 -0.01
v -0.008618825 0.002614492 -0.009976663
v -0.008617787 0.002614177 -0.01
v -0.008793626 0.002667518 -0.00604983
v -0.008659504 0.002626832 -0.009062796
v -0.008841076 0.0017586 -0.009813292
v -0.008833623 0.001757117 -0.009976662
v -0.009012779 0.001792753 -0.00604983
v -0.008875316 0.00176541 -0.009062797
v -0.009145065 0.0009007104 -0.00604983
v -0.008970842 0.0008835508 -0.009813291
v -0.009005585 0.0008869728 -0.009062796
v -0.008832558 0.001756905 -0.01
v -0.008832558 0.001756905 -0.01
v -0.00918935 3.259629E-11 -0.00604983
v -0.008963279 0.000882806 -0.009976663
v -0.008962198 0.0008826996 -0.01
v -0.008962199 0.0008826996 -0.01
v -0.009014282 2.328306E-11 -0.009813292
v -0.009049193 3.201421E-11 -0.009062797
v -0.009006683 1.920853E-11 -0.009976662
v -0.009005597 2.328306E-11 -0.01
v -0.009145064 -0.0009007104 -0.00604983
v -0.009005585 -0.0008869728 -0.009062796
v -0.008970842 -0.0008835508 -0.009813291
v -0.008963278 -0.000882806 -0.009976663
v -0.008962198 -0.0008826996 -0.01
v -0.008875317 -0.00176541 -0.009062797
v -0.008841076 -0.0017586 -0.009813292
v -0.008833623 -0.001757117 -0.009976662
v -0.008832558 -0.001756905 -0.01
v -0.008626097 -0.002616698 -0.009813291
v -0.008618825 -0.002614492 -0.009976663
v -0.008321091 -0.003446709 -0.009976662
v -0.008617786 -0.002614177 -0.01
v -0.008320088 -0.003446293 -0.01
v -0.008832558 -0.001756905 -0.01
v -0.008617787 -0.002614177 -0.01
v -0.006961395 -0.005713069 -0.01
v -0.007487881 -0.005003242 -0.01
v -0.007487881 -0.005003242 -0.01
v -0.006961395 -0.005713069 -0.01
v -0.00636792 -0.00636792 -0.01
v -0.00636792 -0.00636792 -0.01
v 0.008832558 0.001756905 -0.01
v 0.008832558 0.001756905 -0.01
v 0.008962199 0.0008826996 -0.01
v 0.008962198 0.0008826996 -0.01
v 0.009005598 1.920853E-11 -0.01
v 0.009005597 2.328306E-11 -0.01
v 0.008962199 -0.0008826994 -0.01
v 0.008962198 -0.0008826996 -0.01
v 0.008832558 0.001756905 -0.01
v 0.008832558 0.001756905 -0.01
v 0.008962198 0.0008826996 -0.01
v 0.008962199 0.0008826996 -0.01
v 0.009005597 2.328306E-11 -0.01
v 0.009005598 1.920853E-11 -0.01
v 0.008962198 -0.0008826996 -0.01
v 0.008962199 -0.0008826994 -0.01
v -0.007487881 -0.005003242 -0.01
v -0.007487881 -0.005003242 -0.01
v -0.007942197 -0.004245193 -0.01
v -0.007942199 -0.004245193 -0.01
v -0.007942197 -0.004245193 -0.01
v -0.007942199 -0.004245193 -0.01
v -0.008320088 -0.003446293 -0.01
v -0.008320088 -0.003446293 -0.01
v -0.007487881 -0.005003242 -0.01
v -0.007487881 -0.005003242 -0.01
v -0.007942199 -0.004245193 -0.01
v -0.007942197 -0.004245193 -0.01
v 0.008962199 -0.0008826994 -0.01
v 0.008962198 -0.0008826996 -0.01
v 0.008832558 -0.001756905 -0.01
v 0.008832558 -0.001756905 -0.01
v 0.008617787 -0.002614177 -0.01
v -0.008320088 -0.003446293 -0.01
v -0.008320088 -0.003446293 -0.01
v -0.008617787 -0.002614177 -0.01
v -0.008617786 -0.002614177 -0.01
v -0.008617787 -0.002614177 -0.01
v -0.008617786 -0.002614177 -0.01
v -0.008832558 -0.001756905 -0.01
v -0.008832558 -0.001756905 -0.01
v -0.008320088 -0.003446293 -0.01
v -0.008320088 -0.003446293 -0.01
v -0.008617786 -0.002614177 -0.01
v -0.008617787 -0.002614177 -0.01
v -0.008832558 -0.001756905 -0.01
v -0.008832558 -0.001756905 -0.01
v -0.008962199 -0.0008826996 -0.01
v -0.008962198 -0.0008826996 -0.01
v -0.009005598 1.920853E-11 -0.01
v -0.009005597 2.328306E-11 -0.01
v -0.008962199 0.0008826996 -0.01
v -0.008962198 0.0008826996 -0.01
v -0.008832558 -0.001756905 -0.01
v -0.008832558 -0.001756905 -0.01
v -0.008962198 -0.0008826996 -0.01
v -0.008962199 -0.0008826996 -0.01
v -0.009005597 2.328306E-11 -0.01
v -0.009005598 1.920853E-11 -0.01
v -0.008962198 0.0008826996 -0.01
v -0.008962199 0.0008826996 -0.01
v 0.007942197 -0.004245194 -0.01
v 0.007942199 -0.004245193 -0.01
v 0.007487881 -0.005003242 -0.01
v 0.007487881 -0.005003242 -0.01
v 0.008320088 -0.003446293 -0.01
v 0.008320087 -0.003446293 -0.01
v 0.007942199 -0.004245193 -0.01
v 0.007942197 -0.004245194 -0.01
v -0.008962199 0.0008826996 -0.01
v -0.008962198 0.0008826996 -0.01
v -0.008832558 0.001756905 -0.01
v -0.008832558 0.001756905 -0.01
v -0.008617787 0.002614177 -0.01
v 0.007487881 -0.005003242 -0.01
v 0.007487881 -0.005003242 -0.01
v 0.006961395 -0.005713069 -0.01
v 0.006961395 -0.005713069 -0.01
v 0.006961395 -0.005713069 -0.01
v 0.006961395 -0.005713069 -0.01
v 0.00636792 -0.00636792 -0.01
v 0.00636792 -0.00636792 -0.01
v 0.006961395 -0.005713069 -0.01
v 0.006961395 -0.005713069 -0.01
v 0.00636792 -0.00636792 -0.01
v 0.00636792 -0.00636792 -0.01
v 0.007487881 -0.005003242 -0.01
v 0.007487881 -0.005003242 -0.01
v 0.006961395 -0.005713069 -0.01
v 0.006961395 -0.005713069 -0.01
v 0.005713069 -0.006961395 -0.01
v 0.005003242 -0.007487881 -0.01
v 0.005003242 -0.007487881 -0.01
v 0.005713069 -0.006961395 -0.01
v 0.00636792 -0.00636792 -0.01
v 0.00636792 -0.00636792 -0.01
v -0.007942197 0.004245194 -0.01
v -0.007942199 0.004245193 -0.01
v -0.007487881 0.005003242 -0.01
v -0.007487881 0.005003242 -0.01
v -0.008320088 0.003446293 -0.01
v -0.008320087 0.003446293 -0.01
v -0.007942199 0.004245193 -0.01
v -0.007942197 0.004245194 -0.01
v 0.005003242 -0.007487881 -0.01
v 0.005003242 -0.007487881 -0.01
v 0.004245193 -0.007942197 -0.01
v 0.004245193 -0.007942199 -0.01
v 0.004245193 -0.007942197 -0.01
v 0.004245193 -0.007942199 -0.01
v 0.003446293 -0.008320088 -0.01
v 0.003446293 -0.008320088 -0.01
v 0.005003242 -0.007487881 -0.01
v 0.005003242 -0.007487881 -0.01
v 0.004245193 -0.007942199 -0.01
v 0.004245193 -0.007942197 -0.01
v 3.026798E-11 0.009005598 -0.01
v 0.0008826996 0.008962198 -0.01
v 0.0008826996 0.008962198 -0.01
v 2.095476E-11 0.009005598 -0.01
v -0.0008826996 0.008962197 -0.01
v -0.0008826996 0.008962198 -0.01
v 0.0008826996 0.008962198 -0.01
v 0.0008826996 0.008962198 -0.01
v 0.001756905 0.008832557 -0.01
v 0.001756905 0.008832558 -0.01
v 0.0008826996 0.008962198 -0.01
v 0.0008826996 0.008962198 -0.01
v 0.001756905 0.008832557 -0.01
v 2.095476E-11 0.009005598 -0.01
v 2.793968E-11 0.009005598 -0.01
v -0.0008826996 0.008962198 -0.01
v -0.0008826996 0.008962197 -0.01
v 0.0008799964 0.008934753 -0.01
v 1.629815E-11 0.008978018 -0.01
v 0.001751525 0.008805509 -0.01
v 0.001756905 0.008832557 -0.01
v -0.0008799965 0.008934752 -0.01
v -0.001756905 0.008832558 -0.01
v 0.002606171 0.008591395 -0.01
v 0.002614177 0.008617787 -0.01
v -0.001751525 0.008805509 -0.01
v -0.002614177 0.008617786 -0.01
v 0.003435739 0.008294609 -0.01
v 0.003446293 0.008320087 -0.01
v -0.002606171 0.008591395 -0.01
v -0.003446293 0.008320088 -0.01
v 0.004232193 0.007917874 -0.01
v 0.004245193 0.007942199 -0.01
v -0.00343574 0.008294609 -0.01
v -0.004245193 0.007942199 -0.01
v 0.004987921 0.00746495 -0.01
v 0.005003242 0.007487881 -0.01
v -0.004232192 0.007917874 -0.01
v -0.005003242 0.007487881 -0.01
v 0.005695573 0.006940077 -0.01
v 0.005713069 0.006961395 -0.01
v -0.004987921 0.007464951 -0.01
v -0.005713069 0.006961395 -0.01
v 0.006348419 0.006348418 -0.01
v 0.00636792 0.00636792 -0.01
v -0.005695573 0.006940076 -0.01
v -0.00636792 0.00636792 -0.01
v 0.006940076 0.005695573 -0.01
v 0.006961395 0.005713069 -0.01
v -0.006348418 0.006348419 -0.01
v -0.006961395 0.005713069 -0.01
v 0.007464951 0.004987921 -0.01
v 0.007487881 0.005003242 -0.01
v -0.006940077 0.005695573 -0.01
v -0.007487881 0.005003242 -0.01
v 0.007917874 0.004232192 -0.01
v 0.007942199 0.004245193 -0.01
v -0.00746495 0.004987921 -0.01
v -0.007942199 0.004245193 -0.01
v 0.008294609 0.00343574 -0.01
v 0.008320088 0.003446293 -0.01
v -0.007917874 0.004232193 -0.01
v -0.008320087 0.003446293 -0.01
v 0.008591395 0.002606171 -0.01
v 0.008617786 0.002614177 -0.01
v -0.008294609 0.003435739 -0.01
v -0.008617787 0.002614177 -0.01
v 0.008805509 0.001751525 -0.01
v 0.008832558 0.001756905 -0.01
v -0.008591395 0.002606171 -0.01
v -0.008832558 0.001756905 -0.01
v 0.008934753 0.0008799962 -0.01
v 0.008962198 0.0008826996 -0.01
v -0.008805509 0.001751525 -0.01
v -0.008962198 0.0008826996 -0.01
v 0.008978019 1.920853E-11 -0.01
v 0.009005597 2.328306E-11 -0.01
v -0.008934753 0.0008799962 -0.01
v -0.009005597 2.328306E-11 -0.01
v 0.008934753 -0.0008799962 -0.01
v 0.008962198 -0.0008826996 -0.01
v -0.008978019 1.920853E-11 -0.01
v -0.008962198 -0.0008826996 -0.01
v 0.008805509 -0.001751525 -0.01
v 0.008832558 -0.001756905 -0.01
v -0.008934753 -0.0008799962 -0.01
v -0.008832558 -0.001756905 -0.01
v 0.008591395 -0.002606171 -0.01
v 0.008617787 -0.002614177 -0.01
v -0.008805509 -0.001751525 -0.01
v -0.008617786 -0.002614177 -0.01
v 0.008294609 -0.003435739 -0.01
v 0.008320087 -0.003446293 -0.01
v -0.008591395 -0.002606171 -0.01
v -0.008320088 -0.003446293 -0.01
v 0.007917874 -0.004232193 -0.01
v 0.007942199 -0.004245193 -0.01
v -0.008294609 -0.00343574 -0.01
v -0.007942199 -0.004245193 -0.01
v 0.00746495 -0.004987921 -0.01
v 0.007487881 -0.005003242 -0.01
v -0.007917874 -0.004232192 -0.01
v -0.007487881 -0.005003242 -0.01
v 0.006940077 -0.005695573 -0.01
v 0.006961395 -0.005713069 -0.01
v -0.007464951 -0.004987921 -0.01
v -0.006961395 -0.005713069 -0.01
v 0.006348418 -0.006348419 -0.01
v 0.00636792 -0.00636792 -0.01
v -0.006940076 -0.005695573 -0.01
v -0.00636792 -0.00636792 -0.01
v 0.005695573 -0.006940076 -0.01
v 0.005713069 -0.006961395 -0.01
v -0.006348419 -0.006348418 -0.01
v -0.005713069 -0.006961395 -0.01
v 0.004987921 -0.007464951 -0.01
v 0.005003242 -0.007487881 -0.01
v -0.005695573 -0.006940077 -0.01
v -0.005003242 -0.007487881 -0.01
v 0.004232192 -0.007917874 -0.01
v 0.004245193 -0.007942199 -0.01
v -0.004987921 -0.00746495 -0.01
v -0.004245193 -0.007942199 -0.01
v 0.00343574 -0.008294609 -0.01
v 0.003446293 -0.008320088 -0.01
v -0.004232193 -0.007917874 -0.01
v -0.003446293 -0.008320087 -0.01
v 0.002606171 -0.008591395 -0.01
v 0.002614177 -0.008617786 -0.01
v -0.003435739 -0.008294609 -0.01
v -0.002614177 -0.008617787 -0.01
v 0.001751525 -0.008805509 -0.01
v 0.001756905 -0.008832558 -0.01
v -0.002606171 -0.008591395 -0.01
v -0.001756905 -0.008832558 -0.01
v 0.0008799962 -0.008934753 -0.01
v 0.0008826996 -0.008962198 -0.01
v -0.001751525 -0.008805509 -0.01
v -0.0008826996 -0.008962198 -0.01
v 1.804438E-11 -0.008978019 -0.01
v 2.328306E-11 -0.009005597 -0.01
v -0.0008799962 -0.008934753 -0.01
v 0.001713862 -0.008616164 -0.01
v 0.000861074 -0.00874263 -0.01
v 1.396984E-11 -0.008784966 -0.01
v -0.000861074 -0.00874263 -0.01
v -0.001713862 -0.008616164 -0.01
v -0.002550131 -0.008406656 -0.01
v 0.002550131 -0.008406655 -0.01
v -0.003361861 -0.008116249 -0.01
v 0.003361861 -0.008116251 -0.01
v -0.004141189 -0.007747619 -0.01
v 0.004141189 -0.007747619 -0.01
v -0.004880665 -0.007304431 -0.01
v 0.004880665 -0.007304432 -0.01
v -0.005573101 -0.006790845 -0.01
v 0.005573101 -0.006790845 -0.01
v -0.006211909 -0.006211909 -0.01
v 0.006211909 -0.006211909 -0.01
v -0.006790845 -0.005573101 -0.01
v 0.006790845 -0.005573101 -0.01
v -0.007304432 -0.004880665 -0.01
v 0.007304431 -0.004880665 -0.01
v -0.007747619 -0.004141189 -0.01
v 0.007747619 -0.004141189 -0.01
v -0.008116251 -0.003361861 -0.01
v 0.008116249 -0.003361861 -0.01
v -0.008406655 -0.002550131 -0.01
v 0.008406656 -0.002550131 -0.01
v -0.008616164 -0.001713862 -0.01
v 0.008616164 -0.001713862 -0.01
v -0.00874263 -0.000861074 -0.01
v 0.00874263 -0.000861074 -0.01
v -0.008784966 2.328306E-11 -0.01
v 0.008784966 2.328306E-11 -0.01
v -0.00874263 0.000861074 -0.01
v 0.00874263 0.000861074 -0.01
v -0.008616164 0.001713862 -0.01
v 0.008616164 0.001713862 -0.01
v -0.008406656 0.002550131 -0.01
v 0.008406655 0.002550131 -0.01
v -0.008116249 0.003361861 -0.01
v 0.008116251 0.003361861 -0.01
v -0.007747619 0.004141189 -0.01
v 0.007747619 0.004141189 -0.01
v -0.007304431 0.004880665 -0.01
v 0.007304432 0.004880665 -0.01
v -0.006790845 0.005573101 -0.01
v 0.006790845 0.005573101 -0.01
v -0.006211909 0.006211909 -0.01
v 0.006211909 0.006211909 -0.01
v -0.005573101 0.006790845 -0.01
v 0.005573101 0.006790845 -0.01
v -0.004880665 0.007304432 -0.01
v 0.004880665 0.007304431 -0.01
v -0.004141189 0.007747619 -0.01
v 0.004141189 0.007747619 -0.01
v -0.003361861 0.008116251 -0.01
v 0.003361861 0.008116249 -0.01
v -0.002550131 0.008406655 -0.01
v 0.002550131 0.008406656 -0.01
v -0.001713862 0.008616164 -0.01
v 0.001713862 0.008616164 -0.01
v -0.000861074 0.008742629 -0.01
v 0.0008610738 0.00874263 -0.01
v 2.910383E-12 0.008784965 -0.01
v 0.003205822 0.007676889 -0.01
v 0.002432006 0.007951573 -0.01
v 0.001634587 0.008149741 -0.01
v 0.0008212787 0.00826936 -0.01
v 3.49246E-12 0.008309403 -0.01
v -0.0008212789 0.008269359 -0.01
v 0.003948475 0.007328211 -0.01
v -0.001634587 0.008149741 -0.01
v 0.004652809 0.006909018 -0.01
v -0.002432006 0.007951573 -0.01
v 0.005310508 0.006429086 -0.01
v -0.003205822 0.007676889 -0.01
v 0.005906272 0.005905665 -0.01
v -0.003948475 0.007328211 -0.01
v 0.00643011 0.005309506 -0.01
v -0.004652809 0.006909017 -0.01
v 0.006910862 0.00465115 -0.01
v -0.005310508 0.006429086 -0.01
v 0.007330833 0.003946446 -0.01
v -0.005906272 0.005905665 -0.01
v 0.007680157 0.003203767 -0.01
v -0.006430111 0.005309507 -0.01
v 0.007955349 0.00243021 -0.01
v -0.006910862 0.00465115 -0.01
v 0.008153885 0.001633267 -0.01
v -0.007330833 0.003946446 -0.01
v 0.008273725 0.0008205815 -0.01
v -0.007680157 0.003203767 -0.01
v 0.008313843 1.862645E-11 -0.01
v -0.007955349 0.00243021 -0.01
v 0.008273724 -0.0008205815 -0.01
v -0.008153886 0.001633267 -0.01
v 0.008153886 -0.001633267 -0.01
v -0.008273724 0.0008205815 -0.01
v 0.007955349 -0.00243021 -0.01
v -0.008313843 2.037268E-11 -0.01
v 0.007680157 -0.003203767 -0.01
v -0.008273725 -0.0008205815 -0.01
v 0.007330833 -0.003946446 -0.01
v -0.008153885 -0.001633267 -0.01
v 0.006910862 -0.00465115 -0.01
v -0.007955349 -0.00243021 -0.01
v 0.006430111 -0.005309507 -0.01
v -0.007680157 -0.003203767 -0.01
v 0.005906272 -0.005905665 -0.01
v -0.007330833 -0.003946446 -0.01
v 0.005310508 -0.006429086 -0.01
v -0.006910862 -0.00465115 -0.01
v 0.004652809 -0.006909017 -0.01
v -0.00643011 -0.005309506 -0.01
v 0.003948475 -0.007328211 -0.01
v -0.005906272 -0.005905665 -0.01
v 0.003205822 -0.007676889 -0.01
v -0.005310508 -0.006429086 -0.01
v 0.002432006 -0.007951573 -0.01
v -0.004652809 -0.006909018 -0.01
v 0.001634587 -0.008149741 -0.01
v -0.003948475 -0.007328211 -0.01
v 0.0008212788 -0.008269359 -0.01
v -0.003205822 -0.007676889 -0.01
v 0 -0.008309403 -0.01
v -0.002432006 -0.007951573 -0.01
v -0.0008212787 -0.00826936 -0.01
v -0.001634587 -0.008149741 -0.01
v 0.0008022207 -0.007591301 -0.01
v 4.190951E-11 -0.007628062 -0.01
v -0.0008022207 -0.007591302 -0.01
v -0.001596182 -0.007481491 -0.01
v -0.00237368 -0.007299572 -0.01
v -0.003126738 -0.007047411 -0.01
v 0.001596182 -0.00748149 -0.01
v -0.003847545 -0.006727324 -0.01
v 0.00237368 -0.007299572 -0.01
v -0.004528731 -0.006342501 -0.01
v 0.003126738 -0.00704741 -0.01
v -0.005157827 -0.005926518 -0.01
v 0.003847545 -0.006727324 -0.01
v -0.005643634 -0.005639779 -0.01
v -0.00593459 -0.005149941 -0.01
v -0.005354723 -0.005330685 -0.01
v -0.006357259 -0.004515458 -0.01
v -0.004711072 -0.00569318 -0.01
v -0.006748295 -0.003831314 -0.01
v -0.005737758 -0.004670023 -0.01
v -0.004012661 -0.006038606 -0.01
v -0.00707355 -0.003110302 -0.01
v -0.005062461 -0.004986238 -0.01
v -0.006101953 -0.00396246 -0.01
v -0.003267604 -0.006325924 -0.01
v -0.007329784 -0.002359312 -0.01
v -0.00432398 -0.005288771 -0.01
v -0.00539709 -0.004230765 -0.01
v -0.006404884 -0.003216768 -0.01
v -0.002484512 -0.00655227 -0.01
v -0.007514641 -0.001585618 -0.01
v -0.003528977 -0.005540412 -0.01
v -0.004619927 -0.004487461 -0.01
v -0.005675427 -0.003434581 -0.01
v -0.00664353 -0.002440071 -0.01
v -0.001672566 -0.006715565 -0.01
v -0.007626224 -0.000796642 -0.01
v -0.002687813 -0.005738651 -0.01
v -0.003777114 -0.004700975 -0.01
v -0.004866089 -0.003642969 -0.01
v -0.005894698 -0.002605293 -0.01
v -0.006815698 -0.001639894 -0.01
v -0.007663578 3.259629E-11 -0.01
v -0.006919623 -0.0008239111 -0.01
v -0.00605289 -0.001750934 -0.01
v -0.005060013 -0.002763365 -0.01
v -0.003983508 -0.003816302 -0.01
v -0.007626225 0.000796642 -0.01
v -0.006954413 6.635673E-11 -0.01
v -0.006148377 -0.0008796997 -0.01
v -0.005199918 -0.00185717 -0.01
v -0.007514642 0.001585618 -0.01
v -0.006919623 0.0008239113 -0.01
v -0.006180344 4.656613E-11 -0.01
v -0.007329784 0.002359312 -0.01
v -0.006815698 0.001639894 -0.01
v -0.00707355 0.003110302 -0.01
v -0.004146104 -0.002894846 -0.01
v -0.005284368 -0.0009330741 -0.01
v -0.006148377 0.0008796997 -0.01
v -0.00664353 0.002440071 -0.01
v -0.006748295 0.003831315 -0.01
v -0.004263408 -0.001945534 -0.01
v -0.005312639 2.211891E-11 -0.01
v -0.006052889 0.001750934 -0.01
v -0.006404884 0.003216768 -0.01
v -0.00635726 0.004515459 -0.01
v -0.004334215 -0.0009774698 -0.01
v -0.005284368 0.0009330742 -0.01
v -0.005894698 0.002605293 -0.01
v -0.006101954 0.003962461 -0.01
v -0.00593459 0.005149941 -0.01
v -0.004357918 9.313226E-12 -0.01
v -0.005199919 0.00185717 -0.01
v -0.005675427 0.003434581 -0.01
v -0.005737758 0.004670023 -0.01
v -0.005643634 0.005639779 -0.01
v -0.005354724 0.005330686 -0.01
v -0.005157828 0.005926518 -0.01
v -0.00539709 0.004230766 -0.01
v -0.005060013 0.002763365 -0.01
v -0.005062461 0.004986239 -0.01
v -0.004528731 0.006342501 -0.01
v -0.004711072 0.00569318 -0.01
v -0.004866089 0.00364297 -0.009999999
v -0.003847545 0.006727324 -0.01
v -0.004619927 0.004487462 -0.01
v -0.00432398 0.005288772 -0.01
v -0.004012661 0.006038607 -0.01
v -0.003126738 0.00704741 -0.01
v -0.003267604 0.006325924 -0.01
v -0.003528976 0.005540412 -0.01
v -0.003777114 0.004700975 -0.01
v -0.003983508 0.003816302 -0.01
v -0.00237368 0.007299572 -0.01
v -0.002484513 0.00655227 -0.01
v -0.002687813 0.005738652 -0.01
v -0.002880634 0.00486918 -0.01
v -0.001596182 0.00748149 -0.01
v -0.001672566 0.006715564 -0.01
v -0.001811602 0.005881669 -0.01
v -0.0008022208 0.007591301 -0.01
v -0.0008411653 0.006814133 -0.01
v 6.752088E-11 0.007628061 -0.01
v -0.003041018 0.003952852 -0.009999999
v -0.001943384 0.004990528 -0.01
v -0.0009117382 0.005967998 -0.01
v 2.060551E-10 0.006847129 -0.01
v 0.0008022207 0.007591301 -0.01
v -0.002052998 0.004051364 -0.01
v -0.0009786036 0.005063777 -0.01
v 3.696186E-10 0.005996898 -0.01
v 0.0008411655 0.006814133 -0.01
v 0.001596182 0.007481491 -0.01
v -0.001034221 0.004110829 -0.01
v 5.040783E-10 0.005088298 -0.01
v 0.0009117388 0.005967998 -0.01
v 0.001672567 0.006715564 -0.01
v 0.00237368 0.007299572 -0.01
v 5.069887E-10 0.004130736 -0.01
v 0.0009786045 0.005063777 -0.01
v 0.001811603 0.005881669 -0.01
v 0.002484513 0.006552269 -0.01
v 0.003126738 0.007047411 -0.01
v 0.001034222 0.004110829 -0.01
v 0.001943385 0.004990528 -0.01
v 0.002687814 0.005738651 -0.01
v 0.003267604 0.006325924 -0.01
v 0.003847545 0.006727324 -0.01
v 0.002052998 0.004051364 -0.01
v 0.002880635 0.004869179 -0.01
v 0.003528977 0.005540412 -0.01
v 0.004012661 0.006038606 -0.01
v 0.004528731 0.006342501 -0.01
v 0.003041019 0.003952852 -0.01
v 0.003777115 0.004700975 -0.01
v 0.004323981 0.005288772 -0.01
v 0.004711072 0.00569318 -0.01
v 0.005157827 0.005926518 -0.01
v 0.003983509 0.003816301 -0.01
v 0.004619928 0.004487461 -0.01
v 0.005062461 0.004986238 -0.01
v 0.005354724 0.005330686 -0.01
v 0.005643634 0.005639779 -0.01
v 0.00593459 0.005149941 -0.01
v 0.006357259 0.004515458 -0.01
v 0.005737758 0.004670023 -0.01
v 0.006748295 0.003831314 -0.01
v 0.006101954 0.00396246 -0.01
v 0.00707355 0.003110302 -0.01
v 0.005397091 0.004230766 -0.01
v 0.007329784 0.002359312 -0.01
v 0.006404884 0.003216768 -0.01
v 0.005675428 0.003434581 -0.01
v 0.007514641 0.001585618 -0.01
v 0.00664353 0.002440071 -0.01
v 0.00486609 0.003642969 -0.01
v 0.007626224 0.000796642 -0.01
v 0.006815698 0.001639894 -0.01
v 0.005894699 0.002605292 -0.01
v 0.005060014 0.002763365 -0.01
v 0.007663578 1.862645E-11 -0.01
v 0.006919623 0.0008239112 -0.01
v 0.00605289 0.001750934 -0.01
v 0.004146106 0.002894846 -0.01
v 0.007626225 -0.000796642 -0.01
v 0.006954413 9.313226E-12 -0.01
v 0.006148377 0.0008796997 -0.01
v 0.005199919 0.001857169 -0.01
v 0.003167368 0.002998426 -0.01
v 0.007514642 -0.001585618 -0.01
v 0.006919623 -0.0008239112 -0.01
v 0.006180344 -5.820766E-13 -0.01
v 0.005284368 0.0009330742 -0.01
v 0.004263408 0.001945534 -0.01
v 0.002139351 0.003073152 -0.01
v 0.007329784 -0.002359312 -0.01
v 0.006815698 -0.001639894 -0.01
v 0.006148377 -0.0008796997 -0.01
v 0.005312639 -2.211891E-11 -0.01
v 0.004334216 0.0009774698 -0.01
v 0.003258522 0.002015147 -0.01
v 0.001078037 0.003118259 -0.01
v 0.002201649 0.002065368 -0.01
v 0.003313544 0.001012444 -0.01
v 0.004357919 -2.561137E-11 -0.01
v 0.005284368 -0.0009330743 -0.01
v 4.575122E-10 0.003133359 -0.01
v 0.001109647 0.002095682 -0.01
v 0.002239253 0.001037676 -0.01
v 0.003331964 -1.164153E-12 -0.01
v -0.001078036 0.003118259 -0.01
v 3.929017E-10 0.00210583 -0.01
v 0.001128727 0.001052907 -0.01
v -0.00213935 0.003073152 -0.01
v -0.001109646 0.002095682 -0.01
v -0.003167368 0.002998426 -0.01
v 0.004334216 -0.00097747 -0.01
v 0.002251842 6.402843E-12 -0.01
v 4.167668E-10 0.001058006 -0.01
v -0.002201648 0.002065368 -0.01
v -0.004146105 0.002894846 -0.01
v -0.003258521 0.002015147 -0.01
v -0.004263408 0.001945534 -0.01
v -0.001128726 0.001052907 -0.01
v 0.001135114 3.026798E-11 -0.01
v -0.002239253 0.001037677 -0.01
v -0.003313544 0.001012444 -0.01
v -0.004334215 0.00097747 -0.01
v 4.63915E-10 3.667083E-11 -0.01
v -0.001135114 3.958121E-11 -0.01
v -0.002251841 2.793968E-11 -0.01
v -0.003331963 -1.047738E-11 -0.01
v -0.003313543 -0.001012444 -0.01
v -0.002239253 -0.001037676 -0.01
v -0.001128726 -0.001052907 -0.01
v 4.819594E-10 -0.001058006 -0.01
v 0.001128727 -0.001052907 -0.01
v -0.003258521 -0.002015146 -0.01
v -0.002201648 -0.002065368 -0.01
v -0.001109646 -0.002095682 -0.01
v 4.924368E-10 -0.00210583 -0.01
v -0.003167367 -0.002998426 -0.01
v -0.00213935 -0.003073152 -0.01
v -0.001078036 -0.003118258 -0.01
v -0.003041018 -0.003952852 -0.01
v -0.002052998 -0.004051364 -0.01
v -0.002880635 -0.004869179 -0.01
v -0.001943384 -0.004990528 -0.01
v -0.001811602 -0.005881669 -0.01
v -0.001034221 -0.004110829 -0.01
v 5.16884E-10 -0.003133359 -0.01
v -0.0009786038 -0.005063777 -0.01
v -0.0008411653 -0.006814133 -0.01
v -0.0009117382 -0.005967999 -0.01
v 1.466833E-10 -0.006847131 -0.01
v 4.679896E-10 -0.004130736 -0.01
v 3.11993E-10 -0.0059969 -0.01
v 0.0008411655 -0.006814132 -0.01
v 4.144385E-10 -0.005088299 -0.01
v 0.001672567 -0.006715565 -0.01
v 0.0009117388 -0.005967998 -0.01
v 0.0009786045 -0.005063777 -0.01
v 0.001034222 -0.004110829 -0.01
v 0.002484512 -0.00655227 -0.01
v 0.001811603 -0.005881669 -0.01
v 0.003267604 -0.006325923 -0.01
v 0.001943385 -0.004990528 -0.01
v 0.002687814 -0.005738651 -0.01
v 0.001078037 -0.003118259 -0.01
v 0.002052998 -0.004051364 -0.01
v 0.002880635 -0.004869179 -0.01
v 0.003528977 -0.005540411 -0.01
v 0.00401266 -0.006038606 -0.01
v 0.001109647 -0.002095682 -0.01
v 0.002139351 -0.003073152 -0.01
v 0.003041019 -0.003952852 -0.01
v 0.003777114 -0.004700975 -0.01
v 0.002201649 -0.002065367 -0.01
v 0.003167368 -0.002998426 -0.01
v 0.002239254 -0.001037676 -0.01
v 0.003258522 -0.002015146 -0.01
v 0.003313544 -0.001012444 -0.01
v 0.003983509 -0.003816302 -0.01
v 0.004146106 -0.002894846 -0.01
v 0.004263409 -0.001945534 -0.01
v 0.005199919 -0.00185717 -0.01
v 0.005060015 -0.002763365 -0.01
v 0.00486609 -0.003642969 -0.01
v 0.004619928 -0.004487461 -0.01
v 0.00605289 -0.001750934 -0.01
v 0.0058947 -0.002605292 -0.01
v 0.00664353 -0.002440071 -0.01
v 0.005675428 -0.003434581 -0.01
v 0.00707355 -0.003110302 -0.01
v 0.006404885 -0.003216767 -0.01
v 0.006748295 -0.003831315 -0.01
v 0.005397091 -0.004230766 -0.01
v 0.006101954 -0.00396246 -0.01
v 0.00635726 -0.004515459 -0.01
v 0.005737757 -0.004670023 -0.01
v 0.00593459 -0.005149941 -0.01
v 0.005062461 -0.004986238 -0.01
v 0.005643634 -0.005639779 -0.01
v 0.005354724 -0.005330686 -0.01
v 0.005157828 -0.005926518 -0.01
v 0.00432398 -0.005288772 -0.01
v 0.004711072 -0.00569318 -0.01
v 0.004528731 -0.006342501 -0.01
v -0.007487881 0.005003242 -0.01
v -0.007487881 0.005003242 -0.01
v -0.006961395 0.005713069 -0.01
v -0.006961395 0.005713069 -0.01
v -0.006961395 0.005713069 -0.01
v -0.006961395 0.005713069 -0.01
v -0.00636792 0.00636792 -0.01
v -0.00636792 0.00636792 -0.01
v -0.006961395 0.005713069 -0.01
v -0.006961395 0.005713069 -0.01
v -0.00636792 0.00636792 -0.01
v -0.00636792 0.00636792 -0.01
v -0.007487881 0.005003242 -0.01
v -0.007487881 0.005003242 -0.01
v -0.006961395 0.005713069 -0.01
v -0.006961395 0.005713069 -0.01
v 0.003446293 -0.008320088 -0.01
v 0.003446293 -0.008320088 -0.01
v 0.002614177 -0.008617787 -0.01
v 0.002614177 -0.008617786 -0.01
v 0.002614177 -0.008617787 -0.01
v 0.002614177 -0.008617786 -0.01
v 0.001756905 -0.008832558 -0.01
v 0.001756905 -0.008832558 -0.01
v 0.003446293 -0.008320088 -0.01
v 0.003446293 -0.008320088 -0.01
v 0.002614177 -0.008617786 -0.01
v 0.002614177 -0.008617787 -0.01
v -0.005713069 0.006961395 -0.01
v -0.005713069 0.006961395 -0.01
v -0.005003242 0.007487881 -0.01
v -0.005003242 0.007487881 -0.01
v -0.00636792 0.00636792 -0.01
v -0.00636792 0.00636792 -0.01
v -0.005713069 0.006961395 -0.01
v -0.005713069 0.006961395 -0.01
v 0.001756905 -0.008832558 -0.01
v 0.001756905 -0.008832558 -0.01
v 0.0008826996 -0.008962199 -0.01
v 0.0008826996 -0.008962198 -0.01
v 0.0008826996 -0.008962198 -0.01
v 0.0008826996 -0.008962199 -0.01
v 1.920853E-11 -0.009005598 -0.01
v 2.328306E-11 -0.009005597 -0.01
v -0.0008826996 -0.008962199 -0.01
v -0.0008826996 -0.008962198 -0.01
v 0.001756905 -0.008832558 -0.01
v 0.001756905 -0.008832558 -0.01
v 0.0008826996 -0.008962198 -0.01
v 0.0008826996 -0.008962199 -0.01
v 2.328306E-11 -0.009005597 -0.01
v 1.920853E-11 -0.009005598 -0.01
v -0.0008826996 -0.008962198 -0.01
v -0.0008826996 -0.008962199 -0.01
v 0.004245194 0.007942197 -0.01
v 0.004245193 0.007942199 -0.01
v 0.005003242 0.007487881 -0.01
v 0.005003242 0.007487881 -0.01
v 0.003446293 0.008320088 -0.01
v 0.003446293 0.008320087 -0.01
v 0.004245193 0.007942199 -0.01
v 0.004245194 0.007942197 -0.01
v -0.005003242 0.007487881 -0.01
v -0.005003242 0.007487881 -0.01
v -0.004245193 0.007942197 -0.01
v -0.004245193 0.007942199 -0.01
v -0.004245193 0.007942197 -0.01
v -0.004245193 0.007942199 -0.01
v -0.003446293 0.008320088 -0.01
v -0.003446293 0.008320088 -0.01
v -0.005003242 0.007487881 -0.01
v -0.005003242 0.007487881 -0.01
v -0.004245193 0.007942199 -0.01
v -0.004245193 0.007942197 -0.01
v -0.0008826996 -0.008962199 -0.01
v -0.0008826996 -0.008962198 -0.01
v -0.001756905 -0.008832558 -0.01
v -0.001756905 -0.008832558 -0.01
v -0.002614177 -0.008617787 -0.01
v 0.005003242 0.007487881 -0.01
v 0.005003242 0.007487881 -0.01
v 0.005713069 0.006961395 -0.01
v 0.005713069 0.006961395 -0.01
v 0.005713069 0.006961395 -0.01
v 0.005713069 0.006961395 -0.01
v 0.00636792 0.00636792 -0.01
v 0.00636792 0.00636792 -0.01
v 0.005713069 0.006961395 -0.01
v 0.005713069 0.006961395 -0.01
v 0.00636792 0.00636792 -0.01
v 0.00636792 0.00636792 -0.01
v 0.005003242 0.007487881 -0.01
v 0.005003242 0.007487881 -0.01
v 0.005713069 0.006961395 -0.01
v 0.005713069 0.006961395 -0.01
v -0.003446293 0.008320088 -0.01
v -0.003446293 0.008320088 -0.01
v -0.002614177 0.008617787 -0.01
v -0.002614177 0.008617786 -0.01
v -0.002614177 0.008617787 -0.01
v -0.002614177 0.008617786 -0.01
v -0.001756905 0.008832558 -0.01
v -0.001756905 0.008832558 -0.01
v -0.0008826996 0.008962197 -0.01
v -0.0008826996 0.008962198 -0.01
v -0.003446293 0.008320088 -0.01
v -0.003446293 0.008320088 -0.01
v -0.002614177 0.008617786 -0.01
v -0.002614177 0.008617787 -0.01
v -0.002614177 -0.008617787 -0.01
v -0.003446293 -0.008320087 -0.01
v -0.003446293 -0.008320088 -0.01
v -0.004245193 -0.007942199 -0.01
v -0.004245194 -0.007942197 -0.01
v 0.006961395 0.005713069 -0.01
v 0.007487881 0.005003242 -0.01
v 0.007487881 0.005003242 -0.01
v 0.006961395 0.005713069 -0.01
v 0.00636792 0.00636792 -0.01
v 0.00636792 0.00636792 -0.01
v -0.004245194 -0.007942197 -0.01
v -0.004245193 -0.007942199 -0.01
v -0.005003242 -0.007487881 -0.01
v -0.005003242 -0.007487881 -0.01
v 0.007487881 0.005003242 -0.01
v 0.007487881 0.005003242 -0.01
v 0.007942197 0.004245193 -0.01
v 0.007942199 0.004245193 -0.01
v 0.007942197 0.004245193 -0.01
v 0.007942199 0.004245193 -0.01
v 0.008320088 0.003446293 -0.01
v 0.008320088 0.003446293 -0.01
v 0.007487881 0.005003242 -0.01
v 0.007487881 0.005003242 -0.01
v 0.007942199 0.004245193 -0.01
v 0.007942197 0.004245193 -0.01
v -0.005003242 -0.007487881 -0.01
v -0.005003242 -0.007487881 -0.01
v -0.005713069 -0.006961395 -0.01
v -0.005713069 -0.006961395 -0.01
v -0.005713069 -0.006961395 -0.01
v -0.005713069 -0.006961395 -0.01
v -0.00636792 -0.00636792 -0.01
v -0.00636792 -0.00636792 -0.01
v -0.005713069 -0.006961395 -0.01
v -0.005713069 -0.006961395 -0.01
v -0.00636792 -0.00636792 -0.01
v -0.00636792 -0.00636792 -0.01
v -0.005003242 -0.007487881 -0.01
v -0.005003242 -0.007487881 -0.01
v -0.005713069 -0.006961395 -0.01
v -0.005713069 -0.006961395 -0.01
v 0.008320088 0.003446293 -0.01
v 0.008320088 0.003446293 -0.01
v 0.008617787 0.002614177 -0.01
v 0.008617786 0.002614177 -0.01
v 0.008617787 0.002614177 -0.01
v 0.008617786 0.002614177 -0.01
v 0.008832558 0.001756905 -0.01
v 0.008832558 0.001756905 -0.01
v 0.008320088 0.003446293 -0.01
v 0.008320088 0.003446293 -0.01
v 0.008617786 0.002614177 -0.01
v 0.008617787 0.002614177 -0.01
v -0.008290011 -0.003433835 0.01003758
v -0.007821911 -0.004180899 0.009883872
v -0.007913487 -0.004229847 0.01003758
v -0.00819408 -0.003394098 0.009883873
v -0.008586634 -0.002604727 0.01003758
v -0.007758991 -0.004147267 0.009254782
v -0.008487268 -0.002574585 0.009883872
v -0.00880063 -0.001750554 0.01003758
v -0.008128164 -0.003366795 0.009254783
v -0.007633799 -0.004080351 0.006557265
v -0.008698788 -0.001730296 0.009883873
v -0.008929801 -0.0008795087 0.01003758
v -0.008418996 -0.002553874 0.009254782
v -0.007997015 -0.003312472 0.006557265
v -0.007368796 -0.003938703 0.0008899182
v -0.008826464 -0.0008693309 0.009883873
v -0.008973044 9.313226E-12 0.01003758
v -0.008628813 -0.001716378 0.009254783
v -0.007719404 -0.003197482 0.0008899185
v -0.007033549 -0.00375951 -0.004677308
v -0.008283153 -0.002512667 0.006557265
v -0.008869207 0 0.009883872
v -0.008929801 0.0008795086 0.01003758
v -0.007368206 -0.003052011 -0.004677308
v -0.006701078 -0.003574519 -0.007105669
v -0.007023259 -0.002895563 -0.007105668
v -0.008755462 -0.0008623379 0.009254782
v -0.007995609 -0.002425441 0.0008899182
v -0.007631845 -0.002315095 -0.004677308
v -0.007277679 -0.002188804 -0.007105669
v -0.008489585 -0.001688684 0.006557265
v -0.008826464 0.000869331 0.009883873
v -0.00880063 0.001750554 0.01003758
v -0.008194875 -0.001630062 0.0008899185
v -0.007822045 -0.001555902 -0.004677308
v -0.007461961 -0.001461141 -0.007105668
v -0.008797863 1.862645E-11 0.009254783
v -0.008614193 -0.0008484239 0.006557265
v -0.008698788 0.001730297 0.009883873
v -0.008586635 0.002604727 0.01003758
v -0.008315156 -0.0008189714 0.0008899182
v -0.007936855 -0.0007817119 -0.004677308
v -0.007574184 -0.0007196022 -0.007105669
v -0.008755463 0.0008623379 0.009254782
v -0.008655907 0 0.006557265
v -0.008487269 0.002574585 0.009883872
v -0.008290011 0.003433835 0.01003758
v -0.008355423 9.313226E-12 0.0008899185
v -0.007975289 0 -0.004677308
v -0.00761335 2.860563E-05 -0.007105668
v -0.008628813 0.001716378 0.009254783
v -0.008614193 0.0008484239 0.006557265
v -0.00819408 0.003394099 0.009883873
v -0.007913487 0.004229847 0.01003758
v -0.008315156 0.0008189714 0.0008899182
v -0.007936854 0.0007817119 -0.004677308
v -0.007581279 0.0007717485 -0.007105669
v -0.008418995 0.002553874 0.009254782
v -0.008489585 0.001688684 0.006557265
v -0.007821911 0.004180899 0.009883872
v -0.007460814 0.004985156 0.01003758
v -0.008194875 0.001630062 0.0008899185
v -0.008128164 0.003366796 0.009254783
v -0.008283154 0.002512667 0.006557265
v -0.007374477 0.004927467 0.009883873
v -0.006936229 0.005692417 0.01003758
v -0.007822045 0.001555902 -0.004677308
v -0.007758991 0.004147267 0.009254782
v -0.007995609 0.002425442 0.0008899182
v -0.007997015 0.003312473 0.006557265
v -0.006855963 0.005626543 0.009883872
v -0.0063449 0.0063449 0.01003758
v -0.007315154 0.00488783 0.009254783
v -0.007633799 0.004080351 0.006557265
v -0.007719403 0.003197482 0.0008899185
v -0.007631845 0.002315095 -0.004677308
v -0.006271476 0.006271476 0.009883873
v -0.005692416 0.006936229 0.01003758
v -0.006800811 0.005581282 0.009254782
v -0.007197123 0.004808965 0.006557265
v -0.007368797 0.003938703 0.0008899182
v -0.005626543 0.006855963 0.009883872
v -0.004985156 0.007460813 0.01003758
v -0.006221028 0.006221028 0.009254783
v -0.006691081 0.005491228 0.006557265
v -0.004927468 0.007374476 0.009883872
v -0.004229847 0.007913487 0.01003758
v -0.005581282 0.006800812 0.009254782
v -0.004180899 0.007821912 0.009883873
v -0.003433835 0.008290011 0.01003758
v -0.003394098 0.008194079 0.009883872
v -0.00488783 0.007315154 0.009254783
v -0.004147267 0.007758991 0.009254782
v -0.003366796 0.008128164 0.009254783
v -0.006120651 0.00612065 0.006557265
v -0.006947279 0.004642024 0.0008899185
v -0.005491228 0.006691081 0.006557265
v -0.004080351 0.007633799 0.006557265
v -0.003312472 0.007997015 0.006557265
v -0.004808964 0.007197123 0.006557265
v -0.006458804 0.005300603 0.0008899182
v -0.003938703 0.007368796 0.0008899182
v -0.003197482 0.007719404 0.0008899185
v -0.005908177 0.005908176 0.0008899185
v -0.005300603 0.006458803 0.0008899182
v -0.004642024 0.006947279 0.0008899185
v -0.00375951 0.007033549 -0.004677308
v -0.003052011 0.007368206 -0.004677308
v -0.004430833 0.00663121 -0.004677308
v -0.003577363 0.006704147 -0.007105669
v -0.002898781 0.007025826 -0.007105668
v -0.004221467 0.006317871 -0.007105668
v -0.004824826 0.005870619 -0.007105669
v -0.00505945 0.006164958 -0.004677308
v -0.005381702 0.005366792 -0.007105668
v -0.005639381 0.005639381 -0.004677308
v -0.005886653 0.004811155 -0.007105669
v -0.006164958 0.005059449 -0.004677308
v -0.0063349 0.004209138 -0.007105669
v -0.00663121 0.004430833 -0.004677308
v -0.006722035 0.00356647 -0.007105669
v -0.007033549 0.00375951 -0.004677308
v -0.007044429 0.002889399 -0.007105668
v -0.007368206 0.003052011 -0.004677308
v -0.007299274 0.00218956 -0.007105669
v -0.007481952 0.001488667 -0.007105669
v -0.007264571 0.001447643 -0.007452578
v -0.007073296 0.001932985 -0.007452577
v -0.007272389 0.0009314396 -0.007452576
v -0.00727651 0.0002288451 -0.007452577
v -0.00761335 2.860563E-05 -0.007105668
v -0.007044429 0.002889399 -0.007105668
v -0.006807509 0.002591767 -0.007452577
v -0.006722035 0.00356647 -0.007105669
v -0.006478768 0.003250712 -0.007452577
v -0.002604727 0.008586633 0.01003758
v -0.003394098 0.008194079 0.009883872
v -0.003433835 0.008290011 0.01003758
v -0.002574585 0.008487268 0.009883873
v -0.001750554 0.008800629 0.01003758
v -0.003366796 0.008128164 0.009254783
v -0.001730296 0.008698788 0.009883872
v -0.0008795086 0.008929802 0.01003758
v -0.002553874 0.008418996 0.009254782
v -0.003312472 0.007997015 0.006557265
v -0.0008693309 0.008826465 0.009883872
v -1.164153E-12 0.008973044 0.01003758
v -0.001716377 0.008628814 0.009254782
v -0.002512667 0.008283153 0.006557265
v -0.003197482 0.007719404 0.0008899185
v 7.566996E-12 0.008869207 0.009883872
v 0.0008795086 0.008929801 0.01003758
v -0.0008623379 0.008755463 0.009254783
v -0.002425442 0.007995609 0.0008899182
v -0.003052011 0.007368206 -0.004677308
v -0.001688684 0.008489585 0.006557265
v 0.0008693309 0.008826464 0.009883872
v 0.001750554 0.00880063 0.01003758
v -0.002315095 0.007631845 -0.004677308
v -0.002898781 0.007025826 -0.007105668
v -0.002192203 0.007279707 -0.007105669
v 1.396984E-11 0.008797861 0.009254783
v -0.001630062 0.008194875 0.0008899185
v -0.001555902 0.007822045 -0.004677308
v -0.001464476 0.007463451 -0.007105669
v -0.0008484239 0.008614193 0.006557265
v 0.001730296 0.008698788 0.009883873
v 0.002604727 0.008586635 0.01003758
v -0.0008189714 0.008315156 0.0008899185
v -0.0007817119 0.007936856 -0.004677307
v -0.000722577 0.00757518 -0.007105669
v 2.037268E-11 0.008655908 0.006557265
v 0.0008623379 0.008755463 0.009254783
v 0.002574585 0.008487269 0.009883872
v 0.003433835 0.008290011 0.01003758
v 3.841705E-11 0.008355423 0.0008899185
v 5.47152E-11 0.007975289 -0.004677308
v 2.633018E-05 0.00761393 -0.007105668
v 0.001716378 0.008628813 0.009254783
v 0.000848424 0.008614192 0.006557265
v 0.003394098 0.00819408 0.009883873
v 0.004229847 0.007913487 0.01003758
v 0.0008189714 0.008315156 0.0008899181
v 0.000781712 0.007936854 -0.004677308
v 0.0007704218 0.007581558 -0.007105669
v 0.002553874 0.008418995 0.009254782
v 0.001688684 0.008489585 0.006557264
v 0.004180898 0.007821911 0.009883872
v 0.004985156 0.007460814 0.01003758
v 0.001630062 0.008194876 0.0008899182
v 0.003366796 0.008128164 0.009254783
v 0.002512667 0.008283154 0.006557265
v 0.004927467 0.007374477 0.009883873
v 0.005692417 0.006936229 0.01003758
v 0.001555902 0.007822045 -0.004677308
v 0.004147267 0.007758991 0.009254782
v 0.002425442 0.007995609 0.0008899182
v 0.003312472 0.007997015 0.006557265
v 0.005626543 0.006855963 0.009883872
v 0.0063449 0.0063449 0.01003758
v 0.00488783 0.007315154 0.009254783
v 0.004080351 0.007633799 0.006557265
v 0.003197482 0.007719403 0.0008899185
v 0.002315095 0.007631845 -0.004677308
v 0.006271476 0.006271476 0.009883873
v 0.006936229 0.005692416 0.01003758
v 0.005581282 0.006800811 0.009254782
v 0.004808964 0.007197123 0.006557265
v 0.003938703 0.007368797 0.0008899182
v 0.006855963 0.005626543 0.009883872
v 0.007460813 0.004985156 0.01003758
v 0.006221028 0.006221028 0.009254783
v 0.005491229 0.006691081 0.006557265
v 0.007374476 0.004927467 0.009883873
v 0.007913487 0.004229847 0.01003758
v 0.007821911 0.004180899 0.009883872
v 0.006800812 0.005581282 0.009254782
v 0.007315154 0.00488783 0.009254783
v 0.007758991 0.004147267 0.009254782
v 0.00612065 0.006120651 0.006557265
v 0.004642024 0.006947279 0.0008899185
v 0.007197123 0.004808964 0.006557265
v 0.007633799 0.004080351 0.006557265
v 0.006691081 0.005491228 0.006557265
v 0.005300603 0.006458804 0.0008899182
v 0.006947279 0.004642024 0.0008899185
v 0.007368796 0.003938703 0.0008899182
v 0.006458803 0.005300603 0.0008899182
v 0.005908177 0.005908177 0.0008899185
v 0.00663121 0.004430833 -0.004677308
v 0.007033549 0.00375951 -0.004677308
v 0.006164958 0.00505945 -0.004677308
v 0.006314378 0.004219132 -0.007105669
v 0.006701078 0.00357452 -0.007105669
v 0.005866817 0.00482308 -0.007105669
v 0.005362837 0.005380563 -0.007105669
v 0.005639381 0.005639381 -0.004677308
v 0.004807239 0.00588608 -0.007105669
v 0.00505945 0.006164958 -0.004677308
v 0.004205487 0.006334799 -0.007105669
v 0.004430833 0.00663121 -0.004677308
v 0.00356334 0.006722252 -0.007105669
v 0.00375951 0.007033549 -0.004677308
v 0.002887075 0.007044767 -0.007105669
v 0.003052011 0.007368206 -0.004677308
v 0.002188227 0.007299524 -0.007105669
v 0.00148787 0.00748211 -0.007105669
v 0.001442584 0.007265577 -0.007452578
v 0.001922485 0.007075259 -0.007452577
v 0.002887075 0.007044767 -0.007105669
v 0.002573175 0.006810194 -0.007452577
v 0.0009209886 0.007274594 -0.007452577
v 0.0002106412 0.007281145 -0.007452576
v 2.633018E-05 0.00761393 -0.007105668
v 0.008290011 0.003433835 0.01003758
v 0.007821911 0.004180899 0.009883872
v 0.007913487 0.004229847 0.01003758
v 0.00819408 0.003394099 0.009883873
v 0.008586634 0.002604727 0.01003758
v 0.007758991 0.004147267 0.009254782
v 0.008487268 0.002574585 0.009883872
v 0.00880063 0.001750554 0.01003758
v 0.008128164 0.003366796 0.009254783
v 0.007633799 0.004080351 0.006557265
v 0.008698788 0.001730296 0.009883873
v 0.008929802 0.0008795086 0.01003758
v 0.008418996 0.002553874 0.009254782
v 0.007997015 0.003312472 0.006557265
v 0.007368796 0.003938703 0.0008899182
v 0.008826465 0.0008693309 0.009883872
v 0.008973044 2.328306E-12 0.01003758
v 0.008628813 0.001716378 0.009254783
v 0.007719404 0.003197482 0.0008899185
v 0.007033549 0.00375951 -0.004677308
v 0.008283153 0.002512667 0.006557265
v 0.008869207 9.313226E-12 0.009883873
v 0.008929801 -0.0008795086 0.01003758
v 0.007368206 0.003052011 -0.004677308
v 0.006701078 0.00357452 -0.007105669
v 0.00702326 0.002895563 -0.007105669
v 0.008755462 0.0008623379 0.009254782
v 0.007995609 0.002425442 0.0008899182
v 0.007631845 0.002315095 -0.004677308
v 0.007277679 0.002188805 -0.007105669
v 0.008489585 0.001688684 0.006557265
v 0.008826464 -0.0008693308 0.009883872
v 0.00880063 -0.001750554 0.01003758
v 0.008194875 0.001630062 0.0008899185
v 0.007822045 0.001555902 -0.004677308
v 0.007461961 0.001461141 -0.007105669
v 0.008797863 1.862645E-11 0.009254783
v 0.008614193 0.0008484239 0.006557265
v 0.008698788 -0.001730296 0.009883873
v 0.008586635 -0.002604727 0.01003758
v 0.008315156 0.0008189714 0.0008899182
v 0.007936855 0.0007817119 -0.004677308
v 0.007574184 0.0007196021 -0.007105669
v 0.008755463 -0.0008623379 0.009254782
v 0.008655907 0 0.006557265
v 0.008487269 -0.002574585 0.009883872
v 0.008290011 -0.003433835 0.01003758
v 0.008355423 9.313226E-12 0.0008899185
v 0.007975289 0 -0.004677308
v 0.007613351 -2.860563E-05 -0.007105669
v 0.008628813 -0.001716378 0.009254783
v 0.008614193 -0.0008484239 0.006557265
v 0.00819408 -0.003394098 0.009883873
v 0.007913487 -0.004229847 0.01003758
v 0.008315156 -0.0008189714 0.0008899182
v 0.007936854 -0.0007817119 -0.004677308
v 0.007581279 -0.0007717485 -0.007105669
v 0.008418995 -0.002553874 0.009254782
v 0.008489585 -0.001688684 0.006557265
v 0.007821911 -0.004180898 0.009883872
v 0.007460813 -0.004985156 0.01003758
v 0.008194875 -0.001630062 0.0008899185
v 0.008128164 -0.003366796 0.009254783
v 0.008283154 -0.002512667 0.006557265
v 0.007374477 -0.004927467 0.009883873
v 0.006936229 -0.005692417 0.01003758
v 0.007822045 -0.001555901 -0.004677308
v 0.007758991 -0.004147267 0.009254782
v 0.007995609 -0.002425441 0.0008899182
v 0.007997015 -0.003312472 0.006557265
v 0.006855963 -0.005626543 0.009883872
v 0.0063449 -0.0063449 0.01003758
v 0.007315154 -0.00488783 0.009254783
v 0.007633799 -0.004080351 0.006557265
v 0.007719403 -0.003197482 0.0008899185
v 0.007631845 -0.002315095 -0.004677308
v 0.006271476 -0.006271476 0.009883873
v 0.005692416 -0.006936229 0.01003758
v 0.006800811 -0.005581282 0.009254782
v 0.007197123 -0.004808964 0.006557265
v 0.007368797 -0.003938703 0.0008899182
v 0.005626543 -0.006855963 0.009883872
v 0.004985156 -0.007460813 0.01003758
v 0.006221028 -0.006221028 0.009254783
v 0.006691081 -0.005491228 0.006557265
v 0.004927467 -0.007374476 0.009883873
v 0.004229847 -0.007913487 0.01003758
v 0.005581282 -0.006800812 0.009254782
v 0.004180899 -0.007821911 0.009883872
v 0.003433835 -0.008290011 0.01003758
v 0.003394098 -0.00819408 0.009883873
v 0.00488783 -0.007315154 0.009254783
v 0.004147267 -0.007758991 0.009254782
v 0.003366796 -0.008128164 0.009254783
v 0.006120651 -0.00612065 0.006557265
v 0.006947279 -0.004642024 0.0008899185
v 0.005491228 -0.006691081 0.006557265
v 0.004080351 -0.007633799 0.006557265
v 0.003312472 -0.007997015 0.006557265
v 0.004808965 -0.007197123 0.006557265
v 0.006458804 -0.005300603 0.0008899182
v 0.003938703 -0.007368796 0.0008899182
v 0.003197482 -0.007719404 0.0008899185
v 0.005908177 -0.005908176 0.0008899185
v 0.004642024 -0.006947279 0.0008899185
v 0.005300603 -0.006458803 0.0008899182
v 0.00375951 -0.007033549 -0.004677308
v 0.003052011 -0.007368206 -0.004677308
v 0.004430834 -0.00663121 -0.004677308
v 0.003577364 -0.006704146 -0.007105669
v 0.002898781 -0.007025827 -0.007105669
v 0.004221467 -0.006317871 -0.007105669
v 0.004824826 -0.005870619 -0.007105669
v 0.00505945 -0.006164958 -0.004677308
v 0.005381702 -0.005366792 -0.007105669
v 0.005639381 -0.005639381 -0.004677308
v 0.005886652 -0.004811156 -0.007105669
v 0.006164958 -0.005059449 -0.004677308
v 0.0063349 -0.004209138 -0.007105668
v 0.00663121 -0.004430833 -0.004677308
v 0.006722036 -0.00356647 -0.007105669
v 0.007033549 -0.00375951 -0.004677308
v 0.00704443 -0.002889399 -0.007105668
v 0.007368206 -0.00305201 -0.004677308
v 0.007299274 -0.00218956 -0.007105669
v 0.007481952 -0.001488667 -0.007105669
v 0.007264571 -0.001447643 -0.007452578
v 0.007073296 -0.001932984 -0.007452577
v 0.007272389 -0.0009314396 -0.007452576
v 0.00727651 -0.000228845 -0.007452577
v 0.007613351 -2.860563E-05 -0.007105669
v 0.00704443 -0.002889399 -0.007105668
v 0.006807509 -0.002591767 -0.007452576
v 0.006722036 -0.00356647 -0.007105669
v 0.006478768 -0.003250712 -0.007452576
v 0.002604727 -0.008586634 0.01003758
v 0.003394098 -0.00819408 0.009883873
v 0.003433835 -0.008290011 0.01003758
v 0.002574585 -0.008487268 0.009883872
v 0.001750554 -0.00880063 0.01003758
v 0.003366796 -0.008128164 0.009254783
v 0.001730296 -0.008698788 0.009883873
v 0.0008795086 -0.008929802 0.01003758
v 0.002553874 -0.008418996 0.009254782
v 0.003312472 -0.007997015 0.006557265
v 0.0008693309 -0.008826465 0.009883872
v 2.328306E-12 -0.008973044 0.01003758
v 0.001716378 -0.008628813 0.009254783
v 0.002512667 -0.008283153 0.006557265
v 0.003197482 -0.007719404 0.0008899185
v 1.396984E-11 -0.008869207 0.009883873
v -0.0008795086 -0.008929801 0.01003758
v 0.0008623379 -0.008755462 0.009254782
v 0.002425442 -0.007995609 0.0008899182
v 0.003052011 -0.007368206 -0.004677308
v 0.001688684 -0.008489585 0.006557265
v -0.0008693308 -0.008826464 0.009883872
v -0.001750554 -0.00880063 0.01003758
v 0.002315095 -0.007631845 -0.004677308
v 0.002898781 -0.007025827 -0.007105669
v 0.002192204 -0.007279707 -0.007105669
v 1.047738E-11 -0.008797863 0.009254783
v 0.001630062 -0.008194875 0.0008899185
v 0.001555902 -0.007822045 -0.004677308
v 0.001464476 -0.007463451 -0.007105669
v 0.000848424 -0.008614193 0.006557265
v -0.001730296 -0.008698788 0.009883873
v -0.002604727 -0.008586635 0.01003758
v 0.0008189714 -0.008315156 0.0008899182
v 0.000781712 -0.007936855 -0.004677308
v 0.0007225771 -0.00757518 -0.007105669
v -0.0008623379 -0.008755463 0.009254782
v 2.793968E-11 -0.008655907 0.006557265
v -0.002574585 -0.008487269 0.009883872
v -0.003433835 -0.008290011 0.01003758
v 2.968591E-11 -0.008355423 0.0008899185
v 5.122274E-11 -0.007975289 -0.004677308
v -2.633009E-05 -0.00761393 -0.007105668
v -0.001716378 -0.008628813 0.009254783
v -0.0008484239 -0.008614193 0.006557265
v -0.003394098 -0.00819408 0.009883873
v -0.004229847 -0.007913487 0.01003758
v -0.0008189714 -0.008315156 0.0008899182
v -0.0007817118 -0.007936854 -0.004677308
v -0.0007704216 -0.007581559 -0.007105669
v -0.002553874 -0.008418995 0.009254782
v -0.001688684 -0.008489585 0.006557265
v -0.004180898 -0.007821911 0.009883872
v -0.004985156 -0.007460814 0.01003758
v -0.001630062 -0.008194875 0.0008899185
v -0.003366796 -0.008128164 0.009254783
v -0.002512667 -0.008283154 0.006557265
v -0.004927467 -0.007374477 0.009883873
v -0.005692416 -0.006936229 0.01003758
v -0.001555902 -0.007822045 -0.004677308
v -0.004147267 -0.007758991 0.009254782
v -0.002425442 -0.007995609 0.0008899182
v -0.003312472 -0.007997015 0.006557265
v -0.005626543 -0.006855963 0.009883872
v -0.0063449 -0.0063449 0.01003758
v -0.00488783 -0.007315154 0.009254783
v -0.004080351 -0.007633799 0.006557265
v -0.003197482 -0.007719403 0.0008899185
v -0.002315095 -0.007631845 -0.004677308
v -0.006271476 -0.006271476 0.009883873
v -0.006936229 -0.005692416 0.01003758
v -0.005581282 -0.006800811 0.009254782
v -0.004808964 -0.007197123 0.006557265
v -0.003938703 -0.007368797 0.0008899182
v -0.006855964 -0.005626543 0.009883872
v -0.007460813 -0.004985156 0.01003758
v -0.006221028 -0.006221028 0.009254783
v -0.005491228 -0.006691081 0.006557265
v -0.007374476 -0.004927467 0.009883873
v -0.007913487 -0.004229847 0.01003758
v -0.007821911 -0.004180899 0.009883872
v -0.006800812 -0.005581282 0.009254782
v -0.007315154 -0.00488783 0.009254783
v -0.007758991 -0.004147267 0.009254782
v -0.00612065 -0.006120651 0.006557265
v -0.004642024 -0.006947279 0.0008899185
v -0.007197123 -0.004808964 0.006557265
v -0.007633799 -0.004080351 0.006557265
v -0.006691081 -0.005491228 0.006557265
v -0.005300603 -0.006458804 0.0008899182
v -0.006947279 -0.004642024 0.0008899185
v -0.007368796 -0.003938703 0.0008899182
v -0.006458803 -0.005300603 0.0008899182
v -0.005908176 -0.005908177 0.0008899185
v -0.00663121 -0.004430833 -0.004677308
v -0.007033549 -0.00375951 -0.004677308
v -0.006164958 -0.00505945 -0.004677308
v -0.006314377 -0.004219132 -0.007105668
v -0.006701078 -0.003574519 -0.007105669
v -0.005866817 -0.00482308 -0.007105669
v -0.005362837 -0.005380563 -0.007105668
v -0.005639381 -0.005639381 -0.004677308
v -0.004807239 -0.00588608 -0.007105669
v -0.005059449 -0.006164958 -0.004677308
v -0.004205487 -0.006334799 -0.007105668
v -0.004430833 -0.00663121 -0.004677308
v -0.003563341 -0.006722253 -0.007105669
v -0.00375951 -0.007033549 -0.004677308
v -0.002887075 -0.007044765 -0.007105668
v -0.003052011 -0.007368206 -0.004677308
v -0.002188227 -0.007299524 -0.007105669
v -0.00148787 -0.00748211 -0.007105669
v -0.001442583 -0.007265577 -0.007452578
v -0.001922485 -0.007075259 -0.007452577
v -0.002887075 -0.007044765 -0.007105668
v -0.002573174 -0.006810193 -0.007452577
v -0.0009209885 -0.007274594 -0.007452576
v -0.0002106411 -0.007281144 -0.007452577
v -2.633009E-05 -0.00761393 -0.007105668
v 0.00356334 0.006722252 -0.007105669
v 0.002573175 0.006810194 -0.007452577
v 0.002887075 0.007044767 -0.007105669
v 0.003225675 0.006480514 -0.007452578
v 0.004205487 0.006334799 -0.007105669
v 0.003848499 0.006086429 -0.007452577
v 0.004807239 0.00588608 -0.007105669
v 0.004435343 0.005632018 -0.007452578
v 0.005362837 0.005380563 -0.007105669
v 0.004980348 0.005122151 -0.007452577
v 0.005866817 0.00482308 -0.007105669
v 0.005477917 0.004562068 -0.007452578
v 0.006314378 0.004219132 -0.007105669
v 0.005923057 0.003957661 -0.007452577
v 0.006701078 0.00357452 -0.007105669
v 0.006311109 0.003315108 -0.007452578
v 0.00702326 0.002895563 -0.007105669
v 0.006638148 0.002641079 -0.007452577
v 0.007277679 0.002188805 -0.007105669
v 0.006900638 0.001942443 -0.007452578
v 0.007461961 0.001461141 -0.007105669
v 0.007095884 0.001226374 -0.007452577
v 0.007574184 0.0007196021 -0.007105669
v 0.007221626 0.0005001492 -0.007452578
v 0.007613351 -2.860563E-05 -0.007105669
v 0.00727651 -0.000228845 -0.007452577
v 2.633018E-05 0.00761393 -0.007105668
v 0.0002106412 0.007281145 -0.007452576
v -0.0005239489 0.007229595 -0.007452576
v -0.000722577 0.00757518 -0.007105669
v -0.001253053 0.007107812 -0.007452577
v -0.001464476 0.007463451 -0.007105669
v -0.001969636 0.006916857 -0.007452578
v -0.002192203 0.007279707 -0.007105669
v -0.002666823 0.00665868 -0.007452577
v -0.002898781 0.007025826 -0.007105668
v -0.00333786 0.006335658 -0.007452576
v -0.003577363 0.006704147 -0.007105669
v -0.003976336 0.005951007 -0.007452577
v -0.004221467 0.006317871 -0.007105668
v -0.004576041 0.005508332 -0.007452577
v -0.004824826 0.005870619 -0.007105669
v -0.00513127 0.005011989 -0.007452576
v -0.005381702 0.005366792 -0.007105668
v -0.005636596 0.004466674 -0.007452576
v -0.005886653 0.004811155 -0.007105669
v -0.006087239 0.003877713 -0.007452577
v -0.0063349 0.004209138 -0.007105669
v -0.006478768 0.003250712 -0.007452577
v -0.006722035 0.00356647 -0.007105669
v -0.003563341 -0.006722253 -0.007105669
v -0.002573174 -0.006810193 -0.007452577
v -0.002887075 -0.007044765 -0.007105668
v -0.003225675 -0.006480513 -0.007452576
v -0.004205487 -0.006334799 -0.007105668
v -0.003848499 -0.006086429 -0.007452576
v -0.004807239 -0.00588608 -0.007105669
v -0.004435343 -0.005632017 -0.007452576
v -0.005362837 -0.005380563 -0.007105668
v -0.004980348 -0.005122151 -0.007452576
v -0.005866817 -0.00482308 -0.007105669
v -0.005477917 -0.004562068 -0.007452576
v -0.006314377 -0.004219132 -0.007105668
v -0.005923057 -0.00395766 -0.007452576
v -0.006701078 -0.003574519 -0.007105669
v -0.00631111 -0.003315107 -0.007452576
v -0.007023259 -0.002895563 -0.007105668
v -0.006638148 -0.002641079 -0.007452576
v -0.007277679 -0.002188804 -0.007105669
v -0.006900639 -0.001942443 -0.007452576
v -0.007461961 -0.001461141 -0.007105668
v -0.007095885 -0.001226374 -0.007452576
v -0.007574184 -0.0007196022 -0.007105669
v -0.007221626 -0.0005001492 -0.007452576
v -0.00761335 2.860563E-05 -0.007105668
v -0.00727651 0.0002288451 -0.007452577
v 0.0063349 -0.004209138 -0.007105668
v 0.006478768 -0.003250712 -0.007452576
v 0.006722036 -0.00356647 -0.007105669
v 0.00608724 -0.003877713 -0.007452577
v 0.005886652 -0.004811156 -0.007105669
v 0.005636597 -0.004466674 -0.007452578
v 0.005381702 -0.005366792 -0.007105669
v 0.00513127 -0.005011989 -0.007452577
v 0.004824826 -0.005870619 -0.007105669
v 0.004576041 -0.005508333 -0.007452577
v 0.004221467 -0.006317871 -0.007105669
v 0.003976337 -0.005951007 -0.007452577
v 0.003577364 -0.006704146 -0.007105669
v 0.003337861 -0.006335659 -0.007452578
v 0.002898781 -0.007025827 -0.007105669
v 0.002666823 -0.00665868 -0.007452577
v 0.002192204 -0.007279707 -0.007105669
v 0.001969637 -0.006916857 -0.007452578
v 0.001464476 -0.007463451 -0.007105669
v 0.001253054 -0.007107812 -0.007452577
v 0.0007225771 -0.00757518 -0.007105669
v 0.000523949 -0.007229595 -0.007452578
v -2.633009E-05 -0.00761393 -0.007105668
v -0.0002106411 -0.007281144 -0.007452577
v -0.001922485 -0.007075259 -0.007452577
v -0.0009209885 -0.007274594 -0.007452576
v -0.001442583 -0.007265577 -0.007452578
v -0.001374748 -0.006993785 -0.007452577
v -0.002573174 -0.006810193 -0.007452577
v -0.0002106411 -0.007281144 -0.007452577
v -0.001998427 -0.006689765 -0.007452576
v -0.003225675 -0.006480513 -0.007452576
v -0.0006580144 -0.006958796 -0.007452576
v 0.000523949 -0.007229595 -0.007452578
v -0.002636424 -0.006322292 -0.007452577
v -0.003848499 -0.006086429 -0.007452576
v -0.001261933 -0.006605636 -0.007452577
v 8.911378E-05 -0.006873408 -0.007452577
v 0.001253054 -0.007107812 -0.007452577
v -0.003253273 -0.005887663 -0.007452576
v -0.004435343 -0.005632017 -0.007452576
v -0.001888308 -0.006183578 -0.007452576
v -0.000491475 -0.00647173 -0.007452576
v 0.0008340446 -0.006719872 -0.007452578
v 0.001969637 -0.006916857 -0.007452578
v -0.003842206 -0.005391139 -0.007452577
v -0.004980348 -0.005122151 -0.007452576
v -0.002504354 -0.005690279 -0.007452577
v -0.001102118 -0.005995129 -0.007452576
v 0.0002814215 -0.00627212 -0.007452577
v 0.001569595 -0.00649956 -0.007452577
v 0.002666823 -0.00665868 -0.007452577
v -0.004396767 -0.004838844 -0.007452576
v -0.005477917 -0.004562068 -0.007452576
v -0.003102648 -0.005132577 -0.007452577
v -0.0017133 -0.00544416 -0.007452576
v -0.0003081253 -0.005744799 -0.007452576
v 0.001049311 -0.006008624 -0.007452577
v 0.002288701 -0.006214699 -0.007452577
v 0.003337861 -0.006335659 -0.007452578
v -0.004910705 -0.004237288 -0.007452577
v -0.005923057 -0.00395766 -0.007452576
v -0.003675916 -0.004518258 -0.007452577
v -0.002317045 -0.004827136 -0.007452577
v -0.0009085973 -0.005141408 -0.007452577
v 0.0004860315 -0.005434899 -0.007452577
v 0.001804812 -0.005683878 -0.007452577
v 0.002984407 -0.005867931 -0.007452577
v 0.003976337 -0.005951007 -0.007452577
v 0.003650053 -0.00546269 -0.007452577
v 0.004576041 -0.005508333 -0.007452577
v 0.002540624 -0.005300914 -0.007452577
v 0.00127271 -0.005068507 -0.007452577
v -9.79789E-05 -0.004784849 -0.007452577
v -0.001511625 -0.004471532 -0.007452576
v 0.004279178 -0.005002792 -0.007452577
v 0.00513127 -0.005011989 -0.007452577
v 0.003249696 -0.004863514 -0.007452576
v 0.002044315 -0.004649062 -0.007452577
v 0.0007107452 -0.004377999 -0.007452577
v 0.004865785 -0.004492747 -0.007452577
v 0.005636597 -0.004466674 -0.007452578
v 0.003925152 -0.004375802 -0.007452577
v 0.002793447 -0.004180689 -0.007452577
v 0.005404153 -0.003937391 -0.007452577
v 0.00608724 -0.003877713 -0.007452577
v 0.004560546 -0.003842555 -0.007452577
v 0.005889177 -0.00334214 -0.007452578
v 0.006478768 -0.003250712 -0.007452576
v -0.0006941203 -0.004069112 -0.007452577
v 0.001509777 -0.0039247 -0.007452577
v 0.003512848 -0.00366782 -0.007452576
v 0.00514969 -0.003268838 -0.007452577
v 0.006316099 -0.00271267 -0.007452577
v 0.006807509 -0.002591767 -0.007452576
v 0.0001275837 -0.003623824 -0.007452577
v 0.002291444 -0.003429389 -0.007452576
v 0.004195644 -0.003115465 -0.007452577
v 0.005686989 -0.002660237 -0.007452577
v 0.0066809 -0.00205509 -0.007452577
v 0.007073296 -0.001932984 -0.007452577
v 0.0009455737 -0.00313989 -0.007452577
v 0.003048183 -0.00289677 -0.007452577
v 0.004835195 -0.00252888 -0.007452577
v 0.006167179 -0.002022561 -0.007452577
v 0.006987508 -0.001406304 -0.007452577
v 0.007264571 -0.001447643 -0.007452578
v 0.007272389 -0.0009314396 -0.007452576
v 0.006585733 -0.001361994 -0.007452577
v 0.0069453 -0.0007137562 -0.007452576
v 0.00727651 -0.000228845 -0.007452577
v 0.005425417 -0.00191377 -0.007452578
v 0.003772753 -0.002332031 -0.007452577
v 0.00596054 -0.001276013 -0.007452577
v 0.006435504 -0.0006217838 -0.007452577
v 0.006849953 1.630095E-05 -0.007452577
v 0.007221626 0.0005001492 -0.007452578
v 0.004458118 -0.001740562 -0.007452577
v 0.005097747 -0.001128098 -0.007452577
v 0.0056854 -0.0005005072 -0.007452577
v 0.006215507 0.0001361455 -0.007452577
v 0.006684465 0.0007525215 -0.007452576
v 0.007095884 0.001226374 -0.007452577
v 0.006451111 0.001486637 -0.007452577
v 0.006900638 0.001942443 -0.007452578
v 0.005929215 0.0009023211 -0.007452577
v 0.005346386 0.0002934053 -0.007452577
v 0.00470963 -0.0003146219 -0.007452578
v 0.004024997 -0.0009158986 -0.007452577
v 0.006153079 0.002210338 -0.007452576
v 0.006638148 0.002641079 -0.007452577
v 0.005581039 0.001667041 -0.007452577
v 0.004949063 0.001094765 -0.007452577
v 0.00426764 0.0005146829 -0.007452577
v 0.005793988 0.00291536 -0.007452577
v 0.006311109 0.003315108 -0.007452578
v 0.005175814 0.002420566 -0.007452577
v 0.004499412 0.001892497 -0.007452577
v 0.005378265 0.003593642 -0.007452576
v 0.005923057 0.003957661 -0.007452577
v 0.004719154 0.003153238 -0.007452577
v 0.004910704 0.004237288 -0.007452577
v 0.005477917 0.004562068 -0.007452578
v 0.003543258 -6.762604E-05 -0.007452577
v 0.003778751 0.001347658 -0.007452578
v 0.004004147 0.002675486 -0.007452577
v 0.004217009 0.003855519 -0.007452577
v 0.004396768 0.004838844 -0.007452576
v 0.004980348 0.005122151 -0.007452577
v 0.003020703 0.0007912742 -0.007452577
v 0.00325061 0.002171988 -0.007452577
v 0.003470289 0.003432688 -0.007452577
v 0.003675916 0.004518259 -0.007452577
v 0.003842207 0.005391139 -0.007452577
v 0.004435343 0.005632018 -0.007452578
v 0.002465742 0.001647556 -0.007452577
v 0.002691139 0.002975383 -0.007452578
v 0.002905354 0.00415339 -0.007452577
v 0.003102648 0.005132577 -0.007452577
v 0.003253274 0.005887663 -0.007452576
v 0.003848499 0.006086429 -0.007452577
v 0.001887015 0.002487958 -0.007452577
v 0.00210866 0.003745825 -0.007452577
v 0.002317045 0.004827135 -0.007452577
v 0.002504354 0.005690278 -0.007452577
v 0.002636424 0.006322293 -0.007452577
v 0.003225675 0.006480514 -0.007452578
v 0.001293468 0.003299423 -0.007452577
v 0.001511625 0.004471531 -0.007452578
v 0.0017133 0.005444161 -0.007452577
v 0.001888308 0.006183578 -0.007452577
v 0.001998427 0.006689765 -0.007452576
v 0.002573175 0.006810194 -0.007452577
v 0.0006941202 0.004069112 -0.007452577
v 0.0009085974 0.005141408 -0.007452577
v 0.001102118 0.00599513 -0.007452577
v 0.001261933 0.006605637 -0.007452577
v 0.001374748 0.006993784 -0.007452577
v 0.001922485 0.007075259 -0.007452577
v 0.0009209886 0.007274594 -0.007452577
v 0.001442584 0.007265577 -0.007452578
v 0.0002106412 0.007281145 -0.007452576
v 0.0006580143 0.006958797 -0.007452577
v -0.0005239489 0.007229595 -0.007452576
v -8.911378E-05 0.006873408 -0.007452577
v -0.001253053 0.007107812 -0.007452577
v 0.000491475 0.006471731 -0.007452577
v -0.0008340446 0.006719873 -0.007452578
v -0.001969636 0.006916857 -0.007452578
v -0.0002814215 0.006272121 -0.007452577
v -0.001569595 0.00649956 -0.007452577
v -0.002666823 0.00665868 -0.007452577
v 0.0003081252 0.0057448 -0.007452578
v -0.002288701 0.006214698 -0.007452576
v -0.00333786 0.006335658 -0.007452576
v -0.001049311 0.006008623 -0.007452577
v -0.0004860316 0.005434898 -0.007452577
v -0.002984406 0.005867929 -0.007452577
v -0.003976336 0.005951007 -0.007452577
v -0.001804812 0.005683878 -0.007452577
v 9.797889E-05 0.004784849 -0.007452577
v -0.003650053 0.00546269 -0.007452576
v -0.004576041 0.005508332 -0.007452577
v -0.002540623 0.005300914 -0.007452576
v -0.00127271 0.005068507 -0.007452576
v -0.0007107453 0.004377998 -0.007452577
v -0.004279178 0.005002791 -0.007452577
v -0.00513127 0.005011989 -0.007452576
v -0.003249696 0.004863513 -0.007452576
v -0.002044315 0.004649062 -0.007452577
v -0.0001275838 0.003623824 -0.007452576
v -0.004865785 0.004492747 -0.007452577
v -0.005636596 0.004466674 -0.007452576
v -0.003925152 0.004375801 -0.007452576
v -0.002793447 0.004180688 -0.007452576
v -0.001509777 0.0039247 -0.007452576
v 0.0004676527 0.002818543 -0.007452577
v -0.005404153 0.00393739 -0.007452577
v -0.006087239 0.003877713 -0.007452577
v -0.004560547 0.003842555 -0.007452577
v -0.003512848 0.003667819 -0.007452577
v -0.002291444 0.003429387 -0.007452576
v -0.0009455738 0.00313989 -0.007452577
v 0.001065696 0.00197515 -0.007452576
v -0.005889177 0.003342141 -0.007452577
v -0.006478768 0.003250712 -0.007452577
v -0.00514969 0.003268837 -0.007452576
v -0.004195645 0.003115464 -0.007452577
v -0.003048183 0.00289677 -0.007452576
v -0.001751985 0.00262203 -0.007452576
v -0.0003608438 0.002307763 -0.007452576
v 0.001657146 0.00110727 -0.007452577
v 0.0002350693 0.001441862 -0.007452577
v -0.001184044 0.001772047 -0.007452576
v -0.002539025 0.00207518 -0.007452577
v -0.003772753 0.002332031 -0.007452577
v 0.002232625 0.000228717 -0.007452577
v 0.000832579 0.0005563115 -0.007452576
v -0.0005968561 0.0008932579 -0.007452576
v -0.001994007 0.001216519 -0.007452576
v 0.002782957 -0.0006465552 -0.007452577
v 0.001422064 -0.0003346012 -0.007452576
v -1.909211E-10 -2.275919E-10 -0.007452576
v 0.003299152 -0.00150465 -0.007452577
v 0.001994006 -0.001216519 -0.007452577
v 0.002539025 -0.002075181 -0.007452576
v 0.0005968559 -0.0008932584 -0.007452577
v -0.001422064 0.0003346008 -0.007452576
v 0.001184044 -0.001772048 -0.007452576
v 0.001751984 -0.00262203 -0.007452577
v -0.0008325794 -0.0005563118 -0.007452576
v -0.0002350696 -0.001441863 -0.007452577
v 0.0003608435 -0.002307764 -0.007452576
v -0.0004676529 -0.002818543 -0.007452577
v -0.001065696 -0.001975151 -0.007452577
v -0.001657147 -0.00110727 -0.007452577
v -0.002232625 -0.0002287173 -0.007452576
v -0.001293468 -0.003299423 -0.007452577
v -0.001887015 -0.002487958 -0.007452577
v -0.002465742 -0.001647556 -0.007452576
v -0.002108661 -0.003745825 -0.007452577
v -0.002691139 -0.002975384 -0.007452576
v -0.002905355 -0.004153389 -0.007452576
v -0.00347029 -0.003432687 -0.007452577
v -0.004217009 -0.003855519 -0.007452577
v -0.00325061 -0.002171988 -0.007452577
v -0.003020703 -0.0007912744 -0.007452577
v -0.004004148 -0.002675486 -0.007452576
v -0.005378265 -0.003593642 -0.007452576
v -0.00631111 -0.003315107 -0.007452576
v -0.004719154 -0.003153238 -0.007452577
v -0.005793989 -0.00291536 -0.007452577
v -0.006638148 -0.002641079 -0.007452576
v -0.003778751 -0.001347658 -0.007452576
v -0.005175814 -0.002420565 -0.007452577
v -0.006153079 -0.002210338 -0.007452576
v -0.006900639 -0.001942443 -0.007452576
v -0.004499412 -0.001892497 -0.007452576
v -0.006451111 -0.001486636 -0.007452577
v -0.007095885 -0.001226374 -0.007452576
v -0.005581039 -0.00166704 -0.007452577
v -0.004949063 -0.001094764 -0.007452576
v -0.00426764 -0.0005146829 -0.007452577
v -0.006684465 -0.0007525214 -0.007452576
v -0.007221626 -0.0005001492 -0.007452576
v -0.005929215 -0.0009023207 -0.007452577
v -0.006849952 -1.630087E-05 -0.007452577
v -0.00727651 0.0002288451 -0.007452577
v -0.005346386 -0.0002934051 -0.007452577
v -0.006215505 -0.0001361454 -0.007452577
v -0.003543258 6.762592E-05 -0.007452576
v -0.0069453 0.0007137562 -0.007452576
v -0.007272389 0.0009314396 -0.007452576
v -0.006435505 0.0006217838 -0.007452577
v -0.0056854 0.0005005072 -0.007452576
v -0.00470963 0.0003146218 -0.007452576
v -0.002782957 0.0006465549 -0.007452577
v -0.006987508 0.001406304 -0.007452577
v -0.007264571 0.001447643 -0.007452578
v -0.007073296 0.001932985 -0.007452577
v -0.006585733 0.001361994 -0.007452577
v -0.006680901 0.00205509 -0.007452576
v -0.006807509 0.002591767 -0.007452577
v -0.004024997 0.0009158984 -0.007452577
v -0.003299152 0.001504649 -0.007452577
v -0.00596054 0.001276013 -0.007452576
v -0.005097747 0.001128097 -0.007452577
v -0.004458118 0.001740562 -0.007452577
v -0.006316098 0.00271267 -0.007452577
v -0.006167179 0.002022561 -0.007452577
v -0.005425416 0.001913769 -0.007452576
v -0.004835195 0.00252888 -0.007452577
v -0.005686988 0.002660236 -0.007452577
v 0.004660607 0.008719382 0.009952367
v 0.003747065 0.009046216 0.01004614
v 0.003783531 0.00913425 0.009952368
v 0.004615688 0.008635344 0.01004614
v 0.005492835 0.008220608 0.009952368
v 0.005439895 0.008141377 0.01004614
v 0.00627212 0.007642602 0.009952367
v 0.006211671 0.007568942 0.01004614
v 0.006991053 0.006991053 0.009952367
v 0.006923672 0.006923674 0.01004614
v 0.007642601 0.006272121 0.009952367
v 0.007568943 0.006211671 0.01004614
v 0.008220606 0.005492835 0.009952367
v 0.008141377 0.005439895 0.01004614
v 0.008719382 0.004660606 0.009952367
v 0.008635344 0.004615688 0.01004614
v 0.00913425 0.003783531 0.009952367
v 0.009046214 0.003747065 0.01004614
v 0.00946108 0.002869988 0.009952367
v 0.009369893 0.002842327 0.01004614
v 0.009696868 0.001928827 0.009952367
v 0.009603409 0.001910237 0.01004614
v 0.009839194 0.0009690761 0.009952367
v 0.009744365 0.0009597362 0.01004614
v 0.009886841 -1.164153E-12 0.009952367
v 0.009791551 0 0.01004614
v 0.009839195 -0.0009690762 0.009952367
v 0.009744365 -0.0009597362 0.01004614
v 0.008031522 0.005366492 0.0101042
v 0.008518824 0.004553406 0.0101042
v 0.008924149 0.003696504 0.0101042
v 0.009243461 0.002803974 0.0101042
v 0.009473826 0.001884461 0.0101042
v 0.009612879 0.0009467861 0.0101042
v 0.009659429 -5.820766E-13 0.0101042
v 0.007466811 0.006127853 0.0101042
v 0.009612879 -0.0009467861 0.0101042
v 0.00960341 -0.001910237 0.01004614
v 0.006830248 0.006830248 0.0101042
v 0.009473826 -0.001884461 0.0101042
v 0.009369894 -0.002842327 0.01004614
v 0.006127853 0.007466811 0.0101042
v 0.009243461 -0.002803974 0.0101042
v 0.009046214 -0.003747065 0.01004614
v 0.005366492 0.008031523 0.0101042
v 0.00892415 -0.003696504 0.0101042
v 0.008635344 -0.004615688 0.01004614
v 0.004553406 0.008518822 0.0101042
v 0.008518822 -0.004553406 0.0101042
v 0.008141379 -0.005439895 0.01004614
v 0.003696504 0.00892415 0.0101042
v 0.002803973 0.009243461 0.0101042
v 0.002842326 0.009369895 0.01004614
v 0.005289678 0.007916562 0.01015195
v 0.00448823 0.008396889 0.01015195
v 0.003643594 0.008796413 0.01015195
v 0.002763839 0.009111155 0.01015195
v 0.006040141 0.007359935 0.01015195
v 0.006732483 0.006732483 0.01015195
v 0.007359935 0.006040142 0.01015195
v 0.007916563 0.005289677 0.01015195
v 0.008396889 0.004488231 0.01015195
v 0.008796413 0.003643594 0.01015195
v 0.009111155 0.002763839 0.01015195
v 0.009338222 0.001857488 0.01015195
v 0.009475284 0.0009332341 0.01015195
v 0.009521169 2.328306E-12 0.01015195
v 0.009475284 -0.0009332341 0.01015195
v 0.009338222 -0.001857488 0.01015195
v 0.009111154 -0.002763839 0.01015195
v 0.008796413 -0.003643594 0.01015195
v 0.008978848 0.002723704 0.01017366
v 0.009202618 0.001830515 0.01017366
v 0.009337691 0.0009196821 0.01017366
v 0.009382907 9.313226E-12 0.01017366
v 0.009337691 -0.0009196824 0.01017366
v 0.009202618 -0.001830515 0.01017366
v 0.008978849 -0.002723704 0.01017366
v 0.008668676 0.003590684 0.01017366
v 0.008274954 0.004423056 0.01017366
v 0.007801602 0.005212865 0.01017366
v 0.007253058 0.005952431 0.01017366
v 0.006634717 0.006634717 0.01017366
v 0.005952431 0.007253057 0.01017366
v 0.005212865 0.007801602 0.01017366
v 0.004423055 0.008274954 0.01017366
v 0.003590683 0.008668676 0.01017366
v 0.002723704 0.008978847 0.01017366
v 0.007146181 0.00586472 0.01015195
v 0.006536953 0.006536953 0.01015195
v 0.00586472 0.007146181 0.01015195
v 0.005136051 0.007686643 0.01015195
v 0.00435788 0.00815302 0.01015195
v 0.003537774 0.00854094 0.01015195
v 0.002683569 0.008846542 0.01015195
v 0.007686644 0.005136052 0.01015195
v 0.00815302 0.00435788 0.01015195
v 0.00854094 0.003537774 0.01015195
v 0.008846541 0.002683569 0.01015195
v 0.009067014 0.001803541 0.01015195
v 0.009200096 0.0009061304 0.01015195
v 0.009244648 0 0.01015195
v 0.009200095 -0.0009061304 0.01015195
v 0.009067014 -0.001803541 0.01015195
v 0.008031084 0.004292704 0.0101042
v 0.008413204 0.003484864 0.0101042
v 0.008714234 0.002643434 0.0101042
v 0.00893141 0.001776568 0.0101042
v 0.009062501 0.0008925785 0.0101042
v 0.009106386 0 0.0101042
v 0.009062503 -0.0008925784 0.0101042
v 0.007571684 0.005059238 0.0101042
v 0.007039303 0.005777008 0.0101042
v 0.006439188 0.006439188 0.0101042
v 0.005777008 0.007039303 0.0101042
v 0.005059238 0.007571683 0.0101042
v 0.004292704 0.008031084 0.0101042
v 0.003484864 0.008413204 0.0101042
v 0.002643434 0.008714235 0.0101042
v 0.006936229 0.005692416 0.01003758
v 0.007460813 0.004985156 0.01003758
v 0.0063449 0.0063449 0.01003758
v 0.007913487 0.004229847 0.01003758
v 0.005692417 0.006936229 0.01003758
v 0.008290011 0.003433835 0.01003758
v 0.004985156 0.007460814 0.01003758
v 0.008586634 0.002604727 0.01003758
v 0.004229847 0.007913487 0.01003758
v 0.00880063 0.001750554 0.01003758
v 0.003433835 0.008290011 0.01003758
v 0.008929802 0.0008795086 0.01003758
v 0.002604727 0.008586635 0.01003758
v 0.008973044 2.328306E-12 0.01003758
v 0.001750554 0.00880063 0.01003758
v 0.008929801 -0.0008795086 0.01003758
v 0.001776568 0.00893141 0.0101042
v 0.0008795086 0.008929801 0.01003758
v 0.00893141 -0.001776568 0.0101042
v 0.00880063 -0.001750554 0.01003758
v 0.001803541 0.009067014 0.01015195
v 0.0008925785 0.009062502 0.0101042
v -1.164153E-12 0.008973044 0.01003758
v 0.008714234 -0.002643434 0.0101042
v 0.008586635 -0.002604727 0.01003758
v 0.008846542 -0.002683569 0.01015195
v 0.001830515 0.009202618 0.01017366
v -5.820766E-13 0.009106386 0.0101042
v -0.0008795086 0.008929802 0.01003758
v 0.0009061304 0.009200096 0.01015195
v 0.008413204 -0.003484864 0.0101042
v 0.008290011 -0.003433835 0.01003758
v 0.008668676 -0.003590684 0.01017366
v 0.00854094 -0.003537774 0.01015195
v -0.0008925784 0.009062503 0.0101042
v -0.001750554 0.008800629 0.01003758
v 6.984919E-12 0.009244647 0.01015195
v 0.008031084 -0.004292704 0.0101042
v 0.007913487 -0.004229847 0.01003758
v 0.008396889 -0.00448823 0.01015195
v 0.008274954 -0.004423055 0.01017366
v 0.00815302 -0.00435788 0.01015195
v -0.001776568 0.00893141 0.0101042
v -0.002604727 0.008586633 0.01003758
v 0.007571683 -0.005059238 0.0101042
v 0.007460813 -0.004985156 0.01003758
v 0.008031523 -0.005366492 0.0101042
v 0.007916563 -0.005289678 0.01015195
v 0.007801602 -0.005212865 0.01017366
v 0.007686643 -0.005136051 0.01015195
v 0.007039303 -0.005777008 0.0101042
v 0.006936229 -0.005692417 0.01003758
v 0.007146181 -0.00586472 0.01015195
v 0.007253057 -0.005952431 0.01017366
v 0.007359935 -0.006040141 0.01015195
v 0.007466811 -0.006127853 0.0101042
v 0.006439188 -0.006439188 0.0101042
v 0.0063449 -0.0063449 0.01003758
v 0.006536953 -0.006536953 0.01015195
v 0.006634717 -0.006634717 0.01017366
v 0.006732483 -0.006732483 0.01015195
v 0.005777008 -0.007039303 0.0101042
v 0.005692416 -0.006936229 0.01003758
v 0.00586472 -0.007146181 0.01015195
v 0.005952431 -0.007253058 0.01017366
v 0.005059238 -0.007571684 0.0101042
v 0.004985156 -0.007460813 0.01003758
v 0.005136052 -0.007686644 0.01015195
v 0.004292704 -0.008031084 0.0101042
v 0.004229847 -0.007913487 0.01003758
v 0.006830248 -0.006830248 0.0101042
v 0.006040142 -0.007359935 0.01015195
v 0.005212865 -0.007801602 0.01017366
v 0.00435788 -0.00815302 0.01015195
v 0.003484864 -0.008413204 0.0101042
v 0.003433835 -0.008290011 0.01003758
v 0.006127853 -0.007466811 0.0101042
v 0.005289677 -0.007916563 0.01015195
v 0.004423056 -0.008274954 0.01017366
v 0.003537774 -0.00854094 0.01015195
v 0.002643434 -0.008714234 0.0101042
v 0.002604727 -0.008586634 0.01003758
v 0.005366492 -0.008031522 0.0101042
v 0.004488231 -0.008396889 0.01015195
v 0.003590684 -0.008668676 0.01017366
v 0.002683569 -0.008846542 0.01015195
v 0.001776568 -0.00893141 0.0101042
v 0.001750554 -0.00880063 0.01003758
v 0.004553406 -0.008518824 0.0101042
v 0.003643594 -0.008796413 0.01015195
v 0.002723704 -0.008978848 0.01017366
v 0.001803541 -0.009067014 0.01015195
v 0.0008925785 -0.009062501 0.0101042
v 0.0008795086 -0.008929802 0.01003758
v 0.003696504 -0.008924149 0.0101042
v 0.002763839 -0.009111155 0.01015195
v 0.001830515 -0.009202618 0.01017366
v 0.0009061304 -0.009200095 0.01015195
v 2.910383E-12 -0.009106386 0.0101042
v 2.328306E-12 -0.008973044 0.01003758
v 0.002803974 -0.009243461 0.0101042
v 0.001857488 -0.009338222 0.01015195
v 0.0009196821 -0.009337691 0.01017366
v -2.328306E-12 -0.009244647 0.01015195
v -0.0008925785 -0.009062502 0.0101042
v -0.0008795086 -0.008929801 0.01003758
v 0.001884461 -0.009473827 0.0101042
v 0.0009332341 -0.009475284 0.01015195
v 1.338776E-11 -0.009382909 0.01017366
v -0.0009061304 -0.009200096 0.01015195
v -0.001776568 -0.00893141 0.0101042
v -0.001750554 -0.00880063 0.01003758
v 0.000946786 -0.009612879 0.0101042
v 0 -0.00952117 0.01015195
v -0.0009196821 -0.009337692 0.01017366
v -0.001803541 -0.009067014 0.01015195
v -0.002643434 -0.008714234 0.0101042
v -0.002604727 -0.008586635 0.01003758
v 0 -0.009659429 0.0101042
v -0.000933234 -0.009475284 0.01015195
v -0.001830515 -0.009202618 0.01017366
v -0.002683569 -0.008846542 0.01015195
v -0.003484863 -0.008413204 0.0101042
v -0.003433835 -0.008290011 0.01003758
v -0.000946786 -0.00961288 0.0101042
v -0.001857488 -0.009338222 0.01015195
v -0.002723704 -0.008978849 0.01017366
v -0.003537774 -0.008540941 0.01015195
v -0.004292704 -0.008031085 0.0101042
v -0.004229847 -0.007913487 0.01003758
v -0.001884461 -0.009473826 0.0101042
v -0.002763839 -0.009111154 0.01015195
v -0.003590683 -0.008668678 0.01017366
v -0.00435788 -0.00815302 0.01015195
v -0.005059238 -0.007571683 0.0101042
v -0.004985156 -0.007460814 0.01003758
v -0.002803974 -0.009243461 0.0101042
v -0.003643594 -0.008796412 0.01015195
v -0.004423055 -0.008274955 0.01017366
v -0.005136051 -0.007686643 0.01015195
v -0.005777008 -0.007039303 0.0101042
v -0.005692416 -0.006936229 0.01003758
v -0.003696504 -0.00892415 0.0101042
v -0.00448823 -0.008396889 0.01015195
v -0.005212865 -0.007801602 0.01017366
v -0.00586472 -0.007146181 0.01015195
v -0.006439188 -0.006439188 0.0101042
v -0.0063449 -0.0063449 0.01003758
v -0.004553406 -0.008518824 0.0101042
v -0.005289678 -0.007916562 0.01015195
v -0.005952431 -0.007253057 0.01017366
v -0.006536953 -0.006536953 0.01015195
v -0.007039303 -0.005777008 0.0101042
v -0.006936229 -0.005692416 0.01003758
v -0.005366492 -0.008031523 0.0101042
v -0.006040141 -0.007359935 0.01015195
v -0.006634718 -0.006634717 0.01017366
v -0.007146181 -0.00586472 0.01015195
v -0.007571684 -0.005059238 0.0101042
v -0.007460813 -0.004985156 0.01003758
v -0.006127853 -0.007466811 0.0101042
v -0.006732483 -0.006732483 0.01015195
v -0.007253058 -0.005952431 0.01017366
v -0.007686644 -0.005136052 0.01015195
v -0.008031084 -0.004292704 0.0101042
v -0.007913487 -0.004229847 0.01003758
v -0.006830248 -0.006830248 0.0101042
v -0.007359935 -0.006040142 0.01015195
v -0.007801602 -0.005212865 0.01017366
v -0.00815302 -0.00435788 0.01015195
v -0.008413204 -0.003484864 0.0101042
v -0.008290011 -0.003433835 0.01003758
v -0.007466811 -0.006127853 0.0101042
v -0.007916563 -0.005289677 0.01015195
v -0.008274954 -0.004423056 0.01017366
v -0.00854094 -0.003537774 0.01015195
v -0.008714234 -0.002643434 0.0101042
v -0.008586634 -0.002604727 0.01003758
v -0.008031522 -0.005366492 0.0101042
v -0.008396889 -0.004488231 0.01015195
v -0.008668676 -0.003590683 0.01017366
v -0.008846542 -0.002683569 0.01015195
v -0.00893141 -0.001776568 0.0101042
v -0.00880063 -0.001750554 0.01003758
v -0.008518824 -0.004553406 0.0101042
v -0.008796413 -0.003643594 0.01015195
v -0.008978848 -0.002723704 0.01017366
v -0.009067014 -0.001803541 0.01015195
v -0.009062502 -0.0008925785 0.01010419
v -0.008929801 -0.0008795087 0.01003758
v -0.008924149 -0.003696504 0.0101042
v -0.009111155 -0.002763839 0.01015195
v -0.009202618 -0.001830515 0.01017366
v -0.009200096 -0.0009061304 0.01015195
v -0.009106386 0 0.0101042
v -0.008973044 9.313226E-12 0.01003758
v -0.009243461 -0.002803974 0.0101042
v -0.009338222 -0.001857488 0.01015195
v -0.009337691 -0.0009196821 0.01017366
v -0.009244648 0 0.01015195
v -0.009062502 0.0008925785 0.01010419
v -0.008929801 0.0008795086 0.01003758
v -0.009473827 -0.001884461 0.0101042
v -0.009475284 -0.0009332341 0.01015195
v -0.009382907 0 0.01017366
v -0.009200096 0.0009061304 0.01015195
v -0.00893141 0.001776568 0.0101042
v -0.00880063 0.001750554 0.01003758
v -0.009612879 -0.0009467861 0.0101042
v -0.009521169 0 0.01015195
v -0.009337691 0.0009196824 0.01017366
v -0.009067014 0.001803541 0.01015195
v -0.008714235 0.002643434 0.0101042
v -0.008586635 0.002604727 0.01003758
v -0.009659429 5.820766E-13 0.0101042
v -0.009475284 0.0009332341 0.01015195
v -0.009202618 0.001830515 0.01017366
v -0.008846542 0.002683569 0.01015195
v -0.008413204 0.003484864 0.0101042
v -0.008290011 0.003433835 0.01003758
v -0.009612879 0.0009467861 0.0101042
v -0.009338222 0.001857488 0.01015195
v -0.008978847 0.002723704 0.01017366
v -0.00854094 0.003537774 0.01015195
v -0.008031084 0.004292704 0.0101042
v -0.007913487 0.004229847 0.01003758
v -0.009473827 0.001884461 0.0101042
v -0.009111155 0.002763839 0.01015195
v -0.008668676 0.003590684 0.01017366
v -0.00815302 0.00435788 0.01015195
v -0.007571683 0.005059238 0.0101042
v -0.007460814 0.004985156 0.01003758
v -0.009243461 0.002803974 0.0101042
v -0.008796413 0.003643594 0.01015195
v -0.008274954 0.004423055 0.01017366
v -0.007686643 0.005136051 0.01015195
v -0.007039303 0.005777008 0.0101042
v -0.006936229 0.005692417 0.01003758
v -0.00892415 0.003696504 0.0101042
v -0.008396889 0.00448823 0.01015195
v -0.007801602 0.005212865 0.01017366
v -0.007146181 0.00586472 0.01015195
v -0.006439188 0.006439188 0.0101042
v -0.0063449 0.0063449 0.01003758
v -0.008518824 0.004553406 0.0101042
v -0.007916562 0.005289678 0.01015195
v -0.007253057 0.005952431 0.01017366
v -0.006536953 0.006536953 0.01015195
v -0.005777008 0.007039303 0.0101042
v -0.005692416 0.006936229 0.01003758
v -0.008031523 0.005366492 0.0101042
v -0.007359935 0.006040141 0.01015195
v -0.006634717 0.006634717 0.01017366
v -0.00586472 0.007146181 0.01015195
v -0.005059238 0.007571683 0.0101042
v -0.004985156 0.007460813 0.01003758
v -0.007466811 0.006127853 0.0101042
v -0.006732483 0.006732483 0.01015195
v -0.005952431 0.007253058 0.01017366
v -0.005136051 0.007686643 0.01015195
v -0.004292704 0.008031084 0.01010419
v -0.004229847 0.007913487 0.01003758
v -0.006830248 0.006830248 0.0101042
v -0.006040141 0.007359935 0.01015195
v -0.005212864 0.007801602 0.01017366
v -0.00435788 0.008153019 0.01015195
v -0.003484863 0.008413204 0.0101042
v -0.003433835 0.008290011 0.01003758
v -0.006127853 0.007466811 0.0101042
v -0.005289678 0.007916562 0.01015195
v -0.004423055 0.008274954 0.01017366
v -0.003537773 0.008540941 0.01015195
v -0.002643434 0.008714234 0.01010419
v -0.002683569 0.008846542 0.01015195
v -0.003590683 0.008668678 0.01017366
v -0.00448823 0.008396888 0.01015195
v -0.001803541 0.009067014 0.01015195
v -0.002723704 0.008978847 0.01017366
v -0.003643594 0.008796413 0.01015195
v -0.0009061304 0.009200096 0.01015195
v -0.001830515 0.009202618 0.01017366
v -0.002763839 0.009111155 0.01015195
v -0.0009196824 0.00933769 0.01017366
v -1.74623E-12 0.009382909 0.01017366
v -0.001857488 0.009338222 0.01015195
v -0.0009332341 0.009475284 0.01015195
v 0.0009196821 0.009337692 0.01017366
v 0 0.00952117 0.01015195
v 0.001857488 0.009338222 0.01015195
v 0.000933234 0.009475284 0.01015195
v 0.001884461 0.009473827 0.0101042
v 0.0009467861 0.009612879 0.0101042
v 0.001910237 0.009603409 0.01004614
v 0.002869987 0.00946108 0.009952367
v 0.001928827 0.009696867 0.009952367
v 0.0009597362 0.009744365 0.01004614
v 0.0009690762 0.009839195 0.009952367
v -1.74623E-12 0.009659429 0.0101042
v 0 0.009791552 0.01004614
v 1.164153E-12 0.009886841 0.009952368
v -0.000946786 0.009612879 0.0101042
v -0.0009597362 0.009744365 0.01004614
v -0.0009690761 0.009839194 0.009952367
v -0.001884461 0.009473827 0.0101042
v -0.001910237 0.009603409 0.01004614
v -0.001928827 0.009696868 0.009952367
v -0.002803974 0.009243461 0.0101042
v -0.002842327 0.009369893 0.01004614
v -0.002869987 0.00946108 0.009952367
v -0.003696504 0.008924149 0.0101042
v -0.003747065 0.009046214 0.01004614
v -0.003783531 0.00913425 0.009952367
v -0.004553406 0.008518824 0.0101042
v -0.004615688 0.008635344 0.01004614
v -0.004660606 0.008719382 0.009952367
v -0.005366492 0.008031523 0.0101042
v -0.005439895 0.008141377 0.01004614
v -0.005492835 0.008220606 0.009952367
v -0.006211671 0.007568943 0.01004614
v -0.006272121 0.007642601 0.009952367
v -0.006923674 0.006923672 0.01004614
v -0.006991053 0.006991053 0.009952367
v -0.007568943 0.006211671 0.01004614
v -0.007642602 0.00627212 0.009952367
v -0.008141378 0.005439895 0.01004614
v -0.008220607 0.005492834 0.009952367
v -0.008635344 0.004615688 0.01004614
v -0.009046214 0.003747065 0.01004614
v -0.009369894 0.002842327 0.01004614
v -0.00960341 0.001910237 0.01004614
v -0.009744365 0.0009597362 0.01004614
v -0.009791551 0 0.01004614
v -0.009839195 0.0009690762 0.009952367
v -0.009886841 1.164153E-12 0.009952367
v -0.009744365 -0.0009597362 0.01004614
v -0.009839194 -0.0009690761 0.009952367
v -0.009603409 -0.001910237 0.01004614
v -0.009696868 -0.001928827 0.009952367
v -0.009369893 -0.002842327 0.01004614
v -0.00946108 -0.002869987 0.009952367
v -0.009046214 -0.003747065 0.01004614
v -0.00913425 -0.003783531 0.009952367
v -0.008635344 -0.004615688 0.01004614
v -0.008719382 -0.004660606 0.009952367
v -0.008141377 -0.005439895 0.01004614
v -0.008220606 -0.005492835 0.009952367
v -0.007568943 -0.006211671 0.01004614
v -0.007642601 -0.006272121 0.009952367
v -0.006923673 -0.006923672 0.01004614
v -0.006991053 -0.006991053 0.009952367
v -0.006211671 -0.007568943 0.01004614
v -0.00627212 -0.007642602 0.009952367
v -0.005439895 -0.008141378 0.01004614
v -0.005492834 -0.008220607 0.009952367
v -0.004615688 -0.008635344 0.01004614
v -0.004660607 -0.008719381 0.009952367
v -0.003747065 -0.009046214 0.01004614
v -0.00378353 -0.00913425 0.009952367
v -0.002842327 -0.009369894 0.01004614
v -0.002869987 -0.00946108 0.009952367
v -0.001910237 -0.00960341 0.01004614
v -0.001928827 -0.009696868 0.009952367
v -0.0009597361 -0.009744365 0.01004614
v -0.0009690762 -0.009839195 0.009952367
v 0 -0.009791551 0.01004614
v -4.656613E-12 -0.009886841 0.009952368
v 0.0009597362 -0.009744365 0.01004614
v 0.0009690761 -0.009839196 0.009952367
v 0.001910237 -0.009603409 0.01004614
v 0.001928827 -0.009696868 0.009952367
v 0.002842327 -0.009369893 0.01004614
v 0.002869987 -0.00946108 0.009952367
v 0.003747065 -0.009046214 0.01004614
v 0.003783531 -0.00913425 0.009952367
v 0.004615688 -0.008635344 0.01004614
v 0.004660606 -0.008719382 0.009952367
v 0.005439895 -0.008141377 0.01004614
v 0.005492835 -0.008220606 0.009952367
v 0.006211671 -0.007568943 0.01004614
v 0.006272121 -0.007642601 0.009952367
v 0.006923674 -0.006923672 0.01004614
v 0.006991053 -0.006991053 0.009952367
v 0.007568942 -0.006211671 0.01004614
v 0.007642602 -0.00627212 0.009952367
v 0.008220608 -0.005492835 0.009952368
v 0.009696868 -0.001928827 0.009952367
v 0.009744365 -0.0009597362 0.01004614
v 0.009839195 -0.0009690762 0.009952367
v 0.00960341 -0.001910237 0.01004614
v 0.00946108 -0.002869988 0.009952367
v 0.009369894 -0.002842327 0.01004614
v 0.00913425 -0.003783531 0.009952367
v 0.009046214 -0.003747065 0.01004614
v 0.008719382 -0.004660607 0.009952367
v 0.008635344 -0.004615688 0.01004614
v 0.008220608 -0.005492835 0.009952368
v 0.008141379 -0.005439895 0.01004614
v -0.008220607 0.005492834 0.009952367
v -0.008141378 0.005439895 0.01004614
v -0.008635344 0.004615688 0.01004614
v -0.008719381 0.004660607 0.009952367
v -0.009046214 0.003747065 0.01004614
v -0.00913425 0.00378353 0.009952367
v -0.009369894 0.002842327 0.01004614
v -0.00946108 0.002869987 0.009952367
v -0.00960341 0.001910237 0.01004614
v -0.009696868 0.001928827 0.009952367
v -0.009744365 0.0009597362 0.01004614
v -0.009839195 0.0009690762 0.009952367
v 0.003783531 0.00913425 0.009952368
v 0.003747065 0.009046216 0.01004614
v 0.002842326 0.009369895 0.01004614
v 0.002869987 0.00946108 0.009952367
vn 0.8312163 -0.197961 0.5195101
vn 0.8312163 -0.197961 0.5195101
vn 0.8312163 -0.197961 0.5195101
vn -0.8312163 0.197961 -0.5195101
vn -0.8312163 0.197961 -0.5195101
vn -0.8312163 0.197961 -0.5195101
vn -0.8312163 0.197961 0.5195101
vn -0.8312163 0.197961 0.5195101
vn -0.8312163 0.197961 0.5195101
vn 0.8312163 -0.197961 -0.5195101
vn 0.8312163 -0.197961 -0.5195101
vn 0.8312163 -0.197961 -0.5195101
vn 0 0 1
vn 0 0 1
vn 0 0 1
vn 0.3842577 0.5115955 0.7685154
vn 0.3842577 0.5115955 0.7685154
vn 0.3842577 0.5115955 0.7685154
vn 0.4314226 0.8466269 0.3116048
vn 0.3882538 0.4962812 0.7765076
vn 0.5118457 0.8140432 0.2744955
vn 0.3822663 0.9228829 -0.04647034
vn 0.2899677 0.9559071 -0.04647914
vn 0.2899654 0.9559071 -0.04649342
vn 0.1948776 0.9797258 -0.04647806
vn 0.1948768 0.9797252 -0.04649354
vn 0.09791131 0.9941096 -0.04647021
vn 0.09791221 0.9941093 -0.0464753
vn 0 0.99892 -0.04646529
vn 0 0.9989203 -0.04645747
vn -0.09791168 0.9941095 -0.04647154
vn -0.09791218 0.9941093 -0.04647531
vn -0.1948781 0.979726 -0.04647036
vn -0.1560618 0.9612802 -0.2271232
vn 0.194879 0.9797261 -0.04646476
vn 0.09791079 0.9941099 -0.04646644
vn 0 0.9989197 -0.04647008
vn -0.09791088 0.9941097 -0.04646767
vn -0.1948793 0.979726 -0.04646653
vn 0.2899708 0.9559068 -0.04646548
vn 0.09791129 0.9941097 -0.04646743
vn -1.389054E-07 0.9989198 -0.04646743
vn 0.1948798 0.9797259 -0.04646707
vn -0.09791085 0.9941097 -0.04646749
vn 0.2899709 0.9559067 -0.04646671
vn -0.2899709 0.9559067 -0.04646824
vn -0.1948796 0.9797259 -0.04646768
vn -0.2899676 0.9559079 -0.04646372
vn 0.09791167 0.9941097 -0.04646721
vn 0.1948797 0.9797258 -0.04646735
vn -2.386325E-07 0.9989198 -0.04646754
vn 0.289971 0.9559067 -0.04646727
vn -0.09791145 0.9941097 -0.04646727
vn -0.2899714 0.9559066 -0.04646688
vn -0.38227 0.9228816 -0.0464672
vn -0.1948797 0.9797259 -0.0464674
vn 0.09791159 0.9941097 -0.04646721
vn 0.1948798 0.9797258 -0.04646742
vn 0 0.9989198 -0.04646737
vn 0.2899712 0.9559066 -0.0464672
vn -0.09791183 0.9941097 -0.04646718
vn -0.2899713 0.9559066 -0.04646721
vn -0.3822696 0.9228817 -0.04646707
vn -0.1948798 0.9797258 -0.04646733
vn 0.09791134 0.9941097 -0.0464673
vn 0.1948798 0.9797258 -0.04646755
vn 0 0.9989198 -0.04646743
vn 0.2899712 0.9559066 -0.04646731
vn -0.09791188 0.9941097 -0.04646731
vn -0.2899708 0.9559068 -0.04646725
vn -0.3822697 0.9228817 -0.04646741
vn -0.1948799 0.9797258 -0.04646754
vn 0.09791134 0.9941097 -0.04646689
vn 0.1948797 0.9797258 -0.04646754
vn 0 0.9989198 -0.04646727
vn 0.2899712 0.9559066 -0.04646782
vn -0.09791178 0.9941097 -0.04646738
vn -0.4708874 0.8809686 -0.04646702
vn -0.4708871 0.8809689 -0.04646656
vn -0.4708872 0.8809688 -0.04646725
vn -0.3822695 0.9228817 -0.04646758
vn -0.4708872 0.8809687 -0.04646734
vn -0.3822669 0.922883 -0.04646263
vn -0.4708835 0.8809713 -0.04645738
vn -0.2899705 0.9559069 -0.0464673
vn -0.3822695 0.9228818 -0.04646735
vn -0.4708875 0.8809686 -0.04646716
vn -0.4704248 0.8819293 -0.03002035
vn -0.5347232 0.8290285 -0.1636547
vn -0.6161699 0.7876132 0
vn -0.5179284 0.6436222 -0.563472
vn -0.3464785 0.8930855 0.2869684
vn -0.1233201 0.8610846 -0.4932802
vn -0.320738 0.7545018 -0.5725856
vn 0 1 0
vn 0 1 0
vn -0.3822696 0.9228817 -0.04646724
vn -0.4708874 0.8809687 -0.04646679
vn -0.2899707 0.9559068 -0.04646765
vn -0.3825003 0.923436 -0.03097622
vn -0.4711708 0.881498 -0.03097552
vn -0.1948799 0.9797258 -0.04646804
vn -0.2901453 0.9564811 -0.03097629
vn -0.3807459 0.9192001 0.1005173
vn -0.4690094 0.8774543 0.1005189
vn -0.1949968 0.9803146 -0.03097582
vn -0.09797058 0.9947072 -0.03097672
vn -0.2888144 0.9520937 0.1005178
vn -0.1941024 0.9758178 0.1005179
vn -0.2834387 0.9343719 0.2158974
vn -0.3736587 0.9020904 0.2158983
vn -0.1904896 0.9576544 0.2158979
vn -0.09570599 0.9717136 0.2159004
vn -0.09752128 0.9901443 0.1005187
vn -1.957493E-07 0.9764148 0.215903
vn -1.655505E-07 0.9949353 0.100518
vn 0.09570573 0.9717132 0.2159024
vn 0 0.9995201 -0.03097777
vn 0.09752093 0.9901443 0.1005192
vn 0.1904897 0.9576536 0.2159011
vn 0.09797029 0.9947072 -0.03097658
vn 0.1941026 0.9758174 0.1005202
vn 0.2834387 0.9343718 0.2158977
vn 0.194997 0.9803146 -0.03097468
vn 0.2888149 0.9520932 0.1005202
vn 0.3736577 0.9020902 0.215901
vn 0.2901458 0.9564811 -0.03097416
vn 0.3807448 0.9192004 0.1005191
vn 0.4602796 0.8611206 0.2159028
vn 0.3824995 0.9234363 -0.03097582
vn 0.4690089 0.8774547 0.1005186
vn 0.5424685 0.8118588 0.215901
vn 0.3822697 0.9228817 -0.04646755
vn 0.4711698 0.8814983 -0.03097786
vn 0.552757 0.8272582 0.1005173
vn 0.6194314 0.7547799 0.2158982
vn 0.3822697 0.9228817 -0.0464675
vn 0.4708874 0.8809687 -0.04646728
vn 0.5553035 0.8310707 -0.0309773
vn 0.6311803 0.7690952 0.1005178
vn 0.6904297 0.6904309 0.2158981
vn 0.3822698 0.9228817 -0.04646736
vn 0.4708872 0.8809687 -0.04646729
vn 0.5549701 0.8305715 -0.04646721
vn 0.6340892 0.7726393 -0.03097522
vn 0.7035251 0.7035259 0.1005176
vn 0.7547791 0.6194329 0.215897
vn 0.3822698 0.9228817 -0.04646748
vn 0.4708871 0.8809688 -0.04646717
vn 0.5549699 0.8305716 -0.04646743
vn 0.6337082 0.7721753 -0.04646631
vn 0.7067679 0.7067671 -0.03097498
vn 0.7690945 0.6311812 0.1005188
vn 0.8118593 0.5424671 0.2159025
vn 0.3822697 0.9228817 -0.04646756
vn 0.4708871 0.8809689 -0.04646725
vn 0.5549698 0.8305716 -0.04646738
vn 0.6337081 0.7721754 -0.04646736
vn 0.7063434 0.7063425 -0.04646676
vn 0.7726393 0.6340891 -0.03097464
vn 0.8272581 0.5527566 0.1005191
vn 0.8611218 0.4602776 0.2159024
vn 0.8774547 0.4690089 0.1005189
vn 0.8310704 0.5553039 -0.03097614
vn 0.7721756 0.6337078 -0.04646711
vn 0.7063432 0.7063426 -0.04646746
vn 0.6337082 0.7721753 -0.04646723
vn 0.8814979 0.4711708 -0.03097681
vn 0.9192003 0.3807449 0.1005187
vn 0.9234361 0.3824999 -0.03097653
vn 0.8305715 0.5549701 -0.04646706
vn 0.8809685 0.4708879 -0.04646664
vn 0.9228817 0.3822698 -0.04646726
vn 0.7721754 0.6337082 -0.04646719
vn 0.8305713 0.5549704 -0.04646739
vn 0.8809686 0.4708877 -0.04646721
vn 0.9228818 0.3822695 -0.0464674
vn 0.7063431 0.7063428 -0.04646738
vn 0.7721752 0.6337084 -0.0464672
vn 0.8305715 0.5549701 -0.04646744
vn 0.8809688 0.4708872 -0.04646729
vn 0.9228817 0.3822696 -0.04646745
vn 0.8809687 0.4708874 -0.04646724
vn 0.9228817 0.3822698 -0.04646742
vn 0.8305717 0.5549698 -0.04646743
vn 0.7721753 0.6337082 -0.04646723
vn 0.7063428 0.7063431 -0.04646744
vn 0.6337084 0.7721751 -0.04646728
vn 0.8809687 0.4708874 -0.04646709
vn 0.9228817 0.3822696 -0.04646718
vn 0.8305715 0.55497 -0.04646736
vn 0.7721753 0.6337082 -0.04646738
vn 0.7063425 0.7063433 -0.04646771
vn 0.880969 0.4708868 -0.04646701
vn 0.9228817 0.3822699 -0.04646652
vn 0.9228804 0.382273 -0.04646672
vn 0.8305717 0.5549698 -0.0464668
vn 0.8809675 0.4708904 -0.04645911
vn 0.9305989 0.3478336 -0.1140075
vn 0.7721757 0.6337078 -0.04646555
vn 0.8305676 0.5549763 -0.04646241
vn 0.9002307 0.3866689 -0.2001796
vn 0.9309305 0.2814322 -0.2327326
vn 0.8387637 0.2846842 -0.4641448
vn 0.864585 0.5015227 -0.03110745
vn 0.706343 0.7063431 -0.04646463
vn 0.7721692 0.6337157 -0.04646773
vn 0.8544783 0.5189727 -0.02311328
vn 0.9215903 0.388164 0
vn 0.907328 0.4204235 0
vn 0.8652846 0.4352416 0.2486911
vn 0.8847795 0.4361846 0.1640369
vn 0.7063389 0.7063466 -0.04647309
vn 0.7063338 0.706351 -0.04648503
vn 0.6337083 0.7721754 -0.04646443
vn 0.6337034 0.7721789 -0.04647287
vn 0.6336989 0.7721819 -0.04648475
vn 0.6337084 0.7721752 -0.04646749
vn 0.5549697 0.8305718 -0.04646711
vn 0.5549636 0.8305761 -0.04646217
vn 0.5663312 0.7952257 -0.2165292
vn 0.55497 0.8305715 -0.04646762
vn 0.4708866 0.8809691 -0.04646758
vn 0.4708838 0.8809711 -0.04645801
vn 0.55497 0.8305715 -0.04646742
vn 0.4708869 0.880969 -0.04646754
vn 0.38227 0.9228817 -0.04646629
vn 0.5367449 0.6510068 -0.5367449
vn 0.5367449 0.6510068 -0.5367449
vn -0.3842577 -0.5115955 -0.7685154
vn -0.3842577 -0.5115955 -0.7685154
vn -0.3842577 -0.5115955 -0.7685154
vn -0.3842577 -0.5115955 0.7685154
vn -0.3842577 -0.5115955 0.7685154
vn -0.3842577 -0.5115955 0.7685154
vn -0.4314226 -0.8466269 0.3116048
vn -0.3882538 -0.4962812 0.7765076
vn -0.5118457 -0.8140432 0.2744955
vn -0.3822663 -0.9228829 -0.04647034
vn -0.2899677 -0.9559071 -0.04647914
vn -0.3076459 -0.9509952 -0.03101604
vn -0.1948769 -0.9797259 -0.046478
vn -0.2673556 -0.9633119 -0.02347631
vn -0.3399101 -0.9404579 0
vn -0.1835845 -0.9825377 -0.03027421
vn -0.3366074 -0.9416451 0
vn -0.09790972 -0.9941094 -0.0464778
vn 1.768967E-07 -0.9989196 -0.04647157
vn 0 -0.9989195 -0.04647549
vn 0.09790958 -0.9941097 -0.04647009
vn 0.09790895 -0.9941096 -0.04647532
vn 0.1948767 -0.9797263 -0.04647029
vn 0.2533586 -0.9405463 -0.2262347
vn -0.1948795 -0.979726 -0.0464647
vn -0.09791079 -0.9941099 -0.04646479
vn 2.46943E-07 -0.9989198 -0.04646736
vn 0.09791052 -0.9941099 -0.04646646
vn 0.1948792 -0.979726 -0.04646645
vn -0.2899708 -0.9559068 -0.04646548
vn 0.2899676 -0.9559079 -0.04646372
vn 0.2899709 -0.9559067 -0.04646824
vn 0.3464785 -0.8930855 0.2869684
vn 0.2959441 -0.8212837 -0.4877603
vn 0.320738 -0.7545018 -0.5725856
vn 0.3822669 -0.922883 -0.04646263
vn 0.4704248 -0.8819293 -0.03002035
vn 0.38227 -0.9228816 -0.0464672
vn 0.4708835 -0.8809713 -0.04645738
vn 0.5347232 -0.8290285 -0.1636547
vn 0.6161699 -0.7876132 0
vn 0.5179284 -0.6436222 -0.563472
vn 0.4708871 -0.8809689 -0.04646656
vn 0.3822696 -0.9228817 -0.04646707
vn 0.4708874 -0.8809686 -0.04646702
vn 0.2899714 -0.9559066 -0.04646688
vn 0.3822697 -0.9228817 -0.04646741
vn 0.4708872 -0.8809688 -0.04646725
vn 0.1948797 -0.9797258 -0.04646761
vn 0.2899714 -0.9559066 -0.04646724
vn 0.3822695 -0.9228817 -0.04646758
vn 0.4708872 -0.8809687 -0.04646734
vn 0.09791056 -0.9941099 -0.04646751
vn 0.1948796 -0.9797259 -0.04646745
vn 0.2899713 -0.9559066 -0.04646728
vn 0.3822695 -0.9228818 -0.04646735
vn 0.4708875 -0.8809686 -0.04646716
vn 2.623769E-07 -0.9989198 -0.0464672
vn 0.09791069 -0.9941099 -0.04646721
vn 0.1948799 -0.9797258 -0.04646742
vn 0.2899711 -0.9559066 -0.04646722
vn 0.3822696 -0.9228817 -0.04646724
vn 0.4708874 -0.8809687 -0.04646679
vn -0.09791087 -0.9941099 -0.04646719
vn 0.09791101 -0.9941097 -0.04646736
vn 0.1948801 -0.9797258 -0.04646752
vn 0.2899712 -0.9559066 -0.04646725
vn 0.3825003 -0.923436 -0.03097622
vn 0.4711708 -0.881498 -0.03097552
vn -0.1948798 -0.9797258 -0.04646714
vn 0.09791141 -0.9941097 -0.04646724
vn 0.1948801 -0.9797258 -0.04646704
vn 0.2901456 -0.9564811 -0.03097596
vn 0.3807459 -0.9192001 0.1005173
vn 0.4690094 -0.8774543 0.1005189
vn 0.2888144 -0.9520937 0.1005178
vn 0.1949971 -0.9803146 -0.03097484
vn 0.09791135 -0.9941097 -0.0464668
vn 0.2834387 -0.9343719 0.2158974
vn 0.3736587 -0.9020904 0.2158983
vn 0.1904899 -0.9576548 0.2158954
vn 0.1941026 -0.9758179 0.1005166
vn 0.09570596 -0.9717152 0.2158936
vn 0.0975213 -0.9901446 0.100515
vn -3.938571E-07 -0.9764157 0.215899
vn 0.09797042 -0.9947072 -0.03097638
vn -3.454966E-07 -0.9949355 0.1005158
vn -0.09570584 -0.971714 0.2158988
vn -2.482803E-07 -0.9995201 -0.0309781
vn -0.09752113 -0.9901444 0.1005183
vn -0.1904893 -0.9576544 0.2158977
vn -1.709605E-07 -0.9989198 -0.04646724
vn -0.09797035 -0.9947072 -0.0309757
vn -0.1941022 -0.9758178 0.1005183
vn -0.2834388 -0.9343717 0.2158978
vn -2.374452E-07 -0.9989198 -0.04646728
vn -0.09791152 -0.9941097 -0.04646678
vn -0.1949967 -0.9803147 -0.03097477
vn -0.2888142 -0.9520936 0.1005199
vn -0.3736578 -0.9020901 0.215901
vn 0 -0.9989198 -0.04646758
vn -0.09791164 -0.9941097 -0.04646726
vn -0.1948798 -0.9797258 -0.04646746
vn -0.290145 -0.9564813 -0.03097482
vn -0.3807452 -0.9192002 0.1005192
vn -0.4602791 -0.8611203 0.2159048
vn 2.516919E-07 -0.9989198 -0.04646744
vn -0.09791134 -0.9941097 -0.04646735
vn -0.09791104 -0.9941097 -0.04646723
vn -0.1948799 -0.9797258 -0.04646754
vn -0.2899712 -0.9559066 -0.04646815
vn -0.3824996 -0.9234363 -0.03097581
vn -0.1948797 -0.9797259 -0.04646739
vn -0.1948797 -0.9797259 -0.04646745
vn -0.2899712 -0.9559066 -0.04646731
vn -0.2899712 -0.9559066 -0.0464672
vn -0.289971 -0.9559067 -0.04646727
vn -0.3822698 -0.9228817 -0.04646772
vn -0.4690102 -0.8774537 0.1005207
vn -0.542468 -0.8118581 0.215905
vn -0.3822697 -0.9228817 -0.0464675
vn -0.4711713 -0.8814976 -0.03097641
vn -0.5527579 -0.8272572 0.1005204
vn -0.6194314 -0.7547792 0.2159007
vn -0.4708874 -0.8809686 -0.04646695
vn -0.3822698 -0.9228817 -0.04646736
vn -0.5553042 -0.8310702 -0.03097587
vn -0.6311805 -0.7690951 0.1005185
vn -0.6904297 -0.6904309 0.2158981
vn -0.4708872 -0.8809687 -0.04646729
vn -0.55497 -0.8305715 -0.04646688
vn -0.6340892 -0.7726393 -0.03097557
vn -0.7035251 -0.7035259 0.1005176
vn -0.7547791 -0.6194329 0.215897
vn -0.7690945 -0.6311812 0.1005188
vn -0.8118593 -0.5424671 0.2159025
vn -0.7067679 -0.7067671 -0.03097498
vn -0.6337082 -0.7721753 -0.04646614
vn -0.5549699 -0.8305716 -0.04646743
vn -0.4708871 -0.8809688 -0.04646717
vn -0.8272581 -0.5527566 0.1005191
vn -0.8611218 -0.4602776 0.2159024
vn -0.8774547 -0.4690089 0.1005189
vn -0.7726393 -0.6340891 -0.03097464
vn -0.7063434 -0.7063425 -0.04646676
vn -0.6337081 -0.7721754 -0.04646736
vn -0.8310704 -0.5553039 -0.03097614
vn -0.7721756 -0.6337078 -0.04646711
vn -0.8814979 -0.4711708 -0.03097681
vn -0.9192004 -0.3807448 0.1005187
vn -0.9234361 -0.3824999 -0.03097653
vn -0.8305715 -0.5549701 -0.04646706
vn -0.8809685 -0.4708879 -0.04646664
vn -0.9228817 -0.3822698 -0.04646726
vn -0.7063432 -0.7063426 -0.04646746
vn -0.5549698 -0.8305716 -0.04646738
vn -0.7721754 -0.6337082 -0.04646719
vn -0.8305713 -0.5549704 -0.04646739
vn -0.8809686 -0.4708877 -0.04646721
vn -0.9228818 -0.3822695 -0.0464674
vn -0.6337082 -0.7721753 -0.04646723
vn -0.7063431 -0.7063428 -0.04646738
vn -0.7721752 -0.6337084 -0.0464672
vn -0.8305715 -0.5549701 -0.04646744
vn -0.8809688 -0.4708872 -0.04646729
vn -0.9228817 -0.3822696 -0.04646745
vn -0.8809687 -0.4708874 -0.04646724
vn -0.9228817 -0.3822698 -0.04646742
vn -0.8305717 -0.5549698 -0.04646743
vn -0.7721753 -0.6337082 -0.04646723
vn -0.7063428 -0.7063431 -0.04646744
vn -0.6337084 -0.7721751 -0.04646728
vn -0.8809687 -0.4708874 -0.04646709
vn -0.9228817 -0.3822696 -0.04646718
vn -0.8305715 -0.55497 -0.04646736
vn -0.7721753 -0.6337082 -0.04646738
vn -0.7063425 -0.7063433 -0.04646771
vn -0.880969 -0.4708868 -0.04646701
vn -0.9228817 -0.3822699 -0.04646652
vn -0.9228804 -0.382273 -0.04646672
vn -0.8305717 -0.5549698 -0.0464668
vn -0.8809675 -0.4708904 -0.04645911
vn -0.9305989 -0.3478336 -0.1140075
vn -0.7721757 -0.6337078 -0.04646555
vn -0.8305676 -0.5549763 -0.04646241
vn -0.9002307 -0.3866689 -0.2001796
vn -0.9309305 -0.2814322 -0.2327326
vn -0.8387637 -0.2846842 -0.4641448
vn -0.864585 -0.5015227 -0.03110745
vn -0.706343 -0.7063431 -0.04646463
vn -0.7721692 -0.6337157 -0.04646773
vn -0.8544783 -0.5189727 -0.02311328
vn -0.9215903 -0.388164 0
vn -0.907328 -0.4204235 0
vn -0.8652846 -0.4352416 0.2486911
vn -0.8847795 -0.4361846 0.1640369
vn -0.7063389 -0.7063466 -0.04647309
vn -0.7063338 -0.706351 -0.04648503
vn -0.6337083 -0.7721754 -0.04646443
vn -0.6337034 -0.7721789 -0.04647287
vn -0.6336989 -0.7721819 -0.04648475
vn -0.6337084 -0.7721752 -0.04646749
vn -0.5549697 -0.8305718 -0.04646711
vn -0.5549636 -0.8305761 -0.04646217
vn -0.5663312 -0.7952257 -0.2165292
vn -0.55497 -0.8305715 -0.04646762
vn -0.4708866 -0.8809691 -0.04646758
vn -0.4708838 -0.8809711 -0.04645801
vn -0.55497 -0.8305715 -0.04646742
vn -0.4708869 -0.880969 -0.04646754
vn -0.4708871 -0.8809689 -0.04646725
vn -0.38227 -0.9228817 -0.04646629
vn -0.5367449 -0.6510068 -0.5367449
vn -0.5367449 -0.6510068 -0.5367449
vn -0.3822697 -0.9228817 -0.04646756
vn -0.3822698 -0.9228817 -0.04646748
vn -0.2899709 -0.9559067 -0.04646671
vn 0.8774547 0.4690089 0.1005189
vn 0.90209 0.3736575 0.2159018
vn 0.8611218 0.4602776 0.2159024
vn 0.9192003 0.3807449 0.1005187
vn 0.934371 0.2834391 0.2159009
vn 0.9520935 0.2888144 0.1005196
vn 0.9234361 0.3824999 -0.03097653
vn 0.9576538 0.1904892 0.2159003
vn 0.9564812 0.2901451 -0.030976
vn 0.9228817 0.3822698 -0.04646726
vn 0.9758178 0.1941021 0.1005183
vn 0.9717136 0.09570498 0.2159013
vn 0.9559067 0.289971 -0.04646734
vn 0.9228818 0.3822695 -0.0464674
vn 0.9803147 0.1949965 -0.0309758
vn 0.9901444 0.09752037 0.1005187
vn 0.9764149 0 0.2159026
vn 0.9559067 0.2899711 -0.04646728
vn 0.9228817 0.3822696 -0.04646745
vn 0.9797258 0.1948799 -0.04646712
vn 0.9947072 0.09796981 -0.03097627
vn 0.9949352 0 0.1005185
vn 0.971714 -0.09570557 0.2158991
vn 0.9559066 0.2899712 -0.04646726
vn 0.9228817 0.3822698 -0.04646742
vn 0.9797258 0.19488 -0.04646749
vn 0.9941097 0.09791121 -0.04646661
vn 0.9995201 0 -0.03097657
vn 0.9901444 -0.09752068 0.1005184
vn 0.9576541 -0.1904893 0.2158992
vn 0.9559066 0.2899711 -0.04646722
vn 0.9228817 0.3822696 -0.04646718
vn 0.9797258 0.1948798 -0.04646748
vn 0.9941097 0.0979114 -0.04646728
vn 0.9989198 -2.801854E-07 -0.04646678
vn 0.9947072 -0.09796999 -0.03097565
vn 0.9758177 -0.1941022 0.1005189
vn 0.9343718 -0.2834383 0.2158984
vn 0.9559067 0.2899711 -0.04646705
vn 0.9228817 0.3822699 -0.04646652
vn 0.9797259 0.1948795 -0.04646734
vn 0.9941097 0.097911 -0.04646737
vn 0.9989198 -2.766237E-07 -0.04646749
vn 0.9941097 -0.09791138 -0.04646676
vn 0.9803147 -0.1949964 -0.03097495
vn 0.9520934 -0.2888146 0.10052
vn 0.9020906 -0.3736573 0.2158999
vn 0.9192003 -0.380745 0.1005191
vn 0.8611218 -0.4602787 0.2158995
vn 0.9564811 -0.2901456 -0.03097463
vn 0.9797259 -0.1948795 -0.04646742
vn 0.9941097 -0.09791166 -0.04646733
vn 0.9989198 0 -0.04646755
vn 0.8774547 -0.4690087 0.1005185
vn 0.8118595 -0.5424678 0.2158999
vn 0.9234361 -0.3825 -0.03097572
vn 0.9559066 -0.2899711 -0.04646777
vn 0.9797258 -0.1948798 -0.04646752
vn 0.8272578 -0.5527574 0.1005175
vn 0.7547793 -0.619432 0.2158985
vn 0.8814978 -0.471171 -0.03097652
vn 0.9228817 -0.3822698 -0.04646801
vn 0.7690948 -0.6311809 0.1005174
vn 0.6904306 -0.6904306 0.2158962
vn 0.8310699 -0.5553046 -0.03097627
vn 0.7035258 -0.7035251 0.1005173
vn 0.6194325 -0.7547793 0.215897
vn 0.9941097 -0.09791127 -0.0464673
vn 0.9559066 -0.2899712 -0.04646733
vn 0.8809683 -0.4708879 -0.04646751
vn 0.7726393 -0.6340892 -0.03097567
vn 0.6311805 -0.7690951 0.1005188
vn 0.5424675 -0.811859 0.2159026
vn 0.9797258 -0.1948798 -0.04646742
vn 0.9228818 -0.3822695 -0.04646751
vn 0.8305715 -0.5549701 -0.04646701
vn 0.7067677 -0.7067674 -0.03097458
vn 0.5527564 -0.8272582 0.1005197
vn 0.4602787 -0.8611219 0.2158993
vn 0.9559066 -0.2899712 -0.04646721
vn 0.8809687 -0.4708874 -0.0464673
vn 0.7721756 -0.6337079 -0.04646619
vn 0.6340888 -0.7726396 -0.03097448
vn 0.4690094 -0.8774543 0.1005189
vn 0.3736587 -0.9020904 0.2158983
vn 0.3807459 -0.9192001 0.1005173
vn 0.5553035 -0.8310707 -0.03097539
vn 0.4711708 -0.881498 -0.03097552
vn 0.7063428 -0.7063432 -0.0464669
vn 0.8305716 -0.5549699 -0.04646749
vn 0.5549703 -0.8305714 -0.04646682
vn 0.4708874 -0.8809687 -0.04646679
vn 0.6337083 -0.7721752 -0.04646698
vn 0.7721754 -0.633708 -0.0464673
vn 0.5549703 -0.8305713 -0.04646732
vn 0.4708875 -0.8809686 -0.04646716
vn 0.7063428 -0.7063432 -0.04646742
vn 0.6337082 -0.7721753 -0.04646716
vn 0.55497 -0.8305715 -0.04646739
vn 0.4708872 -0.8809687 -0.04646734
vn 0.6337083 -0.7721752 -0.04646717
vn 0.7063429 -0.706343 -0.04646739
vn 0.7721753 -0.6337082 -0.0464672
vn 0.8305716 -0.5549699 -0.04646736
vn 0.5549698 -0.8305716 -0.04646745
vn 0.4708872 -0.8809688 -0.04646725
vn 0.6337082 -0.7721753 -0.04646726
vn 0.7063431 -0.7063428 -0.0464674
vn 0.7721751 -0.6337085 -0.04646723
vn 0.55497 -0.8305715 -0.04646731
vn 0.4708874 -0.8809686 -0.04646702
vn 0.6337081 -0.7721754 -0.04646755
vn 0.7063431 -0.7063428 -0.04646787
vn 0.5549694 -0.830572 -0.04646682
vn 0.4708871 -0.8809689 -0.04646656
vn 0.4708835 -0.8809713 -0.04645738
vn 0.6337079 -0.7721758 -0.0464651
vn 0.5549632 -0.8305764 -0.04646216
vn 0.5347232 -0.8290285 -0.1636547
vn 0.6660419 -0.738234 0.1067649
vn 0.7063438 -0.7063422 -0.04646477
vn 0.6337035 -0.7721788 -0.04647353
vn 0.772175 -0.6337085 -0.04646755
vn 0.7502394 -0.6337973 0.1882599
vn 0.7974606 -0.4528472 0.3987303
vn 0.8073767 -0.4303239 0.4036883
vn 0.8180795 -0.4042677 0.4090398
vn 0.8153471 -0.4111099 0.4076735
vn 0.7063391 -0.7063462 -0.04647756
vn 0.7063345 -0.7063498 -0.04649404
vn 0.7721756 -0.6337079 -0.04646514
vn 0.7721692 -0.6337148 -0.04647833
vn 0.7721617 -0.6337227 -0.04649444
vn 0.8305715 -0.5549703 -0.04646647
vn 0.8305672 -0.5549762 -0.04647082
vn 0.8673806 -0.4857171 -0.1083049
vn 0.8305715 -0.5549701 -0.04646762
vn 0.880969 -0.4708869 -0.0464671
vn 0.8809671 -0.4708907 -0.04646474
vn 0.8305715 -0.55497 -0.0464674
vn 0.8809688 -0.4708871 -0.04646724
vn 0.8809689 -0.470887 -0.04646721
vn 0.9228815 -0.3822704 -0.04646654
vn 0.91989 -0.389048 0.04943673
vn 0.9149324 -0.3325357 -0.2287331
vn 0.9149324 -0.3325357 -0.2287331
vn 0.9228801 -0.3822726 -0.04647457
vn 0.9228817 -0.3822697 -0.04646723
vn 0.8809688 -0.4708872 -0.04646721
vn 0.9228817 -0.3822697 -0.04646741
vn 0.9228817 -0.3822696 -0.04646738
vn 0.9559065 -0.289972 -0.04646597
vn 0.9359584 -0.3462054 0.0642158
vn 0.9309307 -0.2814314 0.2327327
vn 0.9309307 -0.2814314 0.2327327
vn 0.9559047 -0.289976 -0.04647671
vn 0.9595929 -0.2494442 -0.1302269
vn 0.9559067 -0.2899709 -0.04646727
vn 0.9559068 -0.2899708 -0.04646683
vn 0.9797258 -0.1948802 -0.04646599
vn 0.9797249 -0.1948823 -0.0464752
vn 0.9797258 -0.1948798 -0.04646742
vn 0.9797258 -0.1948798 -0.04646704
vn 0.9941097 -0.09791099 -0.04646723
vn 0.9941099 -0.09791079 -0.04646592
vn 0.9941097 -0.09791107 -0.04646698
vn 0.9826738 -0.1632097 -0.08783311
vn 0.9762436 -0.1377068 -0.1672885
vn 0.9989198 2.801853E-07 -0.04646742
vn 0.9941092 -0.09791157 -0.04647949
vn 0.9945678 -0.09987716 -0.02931698
vn 0.9946649 -0.1031588 0
vn 0.9989198 1.329693E-07 -0.04646658
vn 0.9989198 2.57628E-07 -0.04646717
vn 0.9989192 4.40461E-07 -0.04648047
vn 0.9989185 5.714132E-07 -0.04649482
vn 0.9941099 0.09791073 -0.04646718
vn 0.9941099 0.0979108 -0.0464672
vn 0.9941099 0.09791093 -0.04646673
vn 0.9941093 0.09791204 -0.04647683
vn 0.9941086 0.0979133 -0.04648771
vn 0.9797259 0.1948795 -0.04646745
vn 0.9797258 0.19488 -0.04646691
vn 0.9797252 0.1948819 -0.04647078
vn 0.9671641 0.1644228 0.1938005
vn 0.9559065 0.2899719 -0.04646616
vn 0.9559052 0.2899753 -0.04647045
vn 0.9228804 0.382273 -0.04646672
vn 0.9520181 0.2494712 0.1772725
vn 0.9305989 0.3478336 -0.1140075
vn 0.9072103 0.1298211 0.4001448
vn 0.940578 0.1762349 0.2902657
vn -0.8774547 -0.4690089 0.1005189
vn -0.9020901 -0.3736575 0.2159019
vn -0.8611218 -0.4602776 0.2159024
vn -0.9192004 -0.3807448 0.1005187
vn -0.934371 -0.283439 0.2159009
vn -0.9520935 -0.2888144 0.1005196
vn -0.9234361 -0.3824999 -0.03097653
vn -0.9576538 -0.1904892 0.2159003
vn -0.9564812 -0.2901451 -0.030976
vn -0.9228817 -0.3822698 -0.04646726
vn -0.9758178 -0.1941021 0.1005183
vn -0.9717136 -0.09570498 0.2159013
vn -0.9559067 -0.289971 -0.04646734
vn -0.9228818 -0.3822695 -0.0464674
vn -0.9803147 -0.1949965 -0.0309758
vn -0.9901444 -0.09752037 0.1005187
vn -0.9764149 0 0.2159026
vn -0.9559067 -0.2899711 -0.04646728
vn -0.9228817 -0.3822696 -0.04646745
vn -0.9797258 -0.1948799 -0.04646712
vn -0.9947072 -0.09796981 -0.03097627
vn -0.9949352 0 0.1005185
vn -0.971714 0.09570557 0.2158991
vn -0.9559066 -0.2899712 -0.04646726
vn -0.9228817 -0.3822698 -0.04646742
vn -0.9797258 -0.19488 -0.04646749
vn -0.9941097 -0.09791121 -0.04646661
vn -0.9995201 0 -0.03097657
vn -0.9901444 0.09752068 0.1005184
vn -0.9576539 0.1904899 0.2158996
vn -0.9559066 -0.2899711 -0.04646722
vn -0.9228817 -0.3822696 -0.04646718
vn -0.9797258 -0.1948798 -0.04646748
vn -0.9941097 -0.0979114 -0.04646728
vn -0.9989198 2.801854E-07 -0.04646678
vn -0.9947072 0.09796999 -0.03097565
vn -0.9758177 0.1941025 0.1005191
vn -0.9343714 0.2834388 0.2158994
vn -0.9559067 -0.2899711 -0.04646705
vn -0.9228817 -0.3822699 -0.04646652
vn -0.9797259 -0.1948795 -0.04646734
vn -0.9941097 -0.097911 -0.04646737
vn -0.9989198 2.766237E-07 -0.04646749
vn -0.9941097 0.09791138 -0.04646676
vn -0.9803147 0.1949964 -0.03097492
vn -0.9520934 0.2888147 0.1005209
vn -0.9020899 0.3736576 0.2159021
vn -0.9192002 0.380745 0.1005205
vn -0.8611209 0.4602787 0.2159031
vn -0.9564812 0.2901452 -0.03097431
vn -0.9797259 0.1948795 -0.04646742
vn -0.9941097 0.09791166 -0.04646733
vn -0.9989198 0 -0.04646754
vn -0.8774541 0.4690096 0.1005199
vn -0.8118595 0.5424666 0.2159032
vn -0.9234363 0.3824997 -0.03097531
vn -0.9559066 0.2899711 -0.04646777
vn -0.9797258 0.1948798 -0.04646752
vn -0.8272579 0.5527571 0.1005187
vn -0.7547796 0.6194313 0.2158998
vn -0.8814976 0.4711713 -0.0309766
vn -0.9228816 0.3822699 -0.04646791
vn -0.7690955 0.63118 0.1005181
vn -0.6904306 0.6904306 0.2158962
vn -0.8310702 0.5553041 -0.03097645
vn -0.7035258 0.7035251 0.1005173
vn -0.6194325 0.7547793 0.215897
vn -0.9941097 0.09791127 -0.04646729
vn -0.9559066 0.2899712 -0.04646733
vn -0.8809685 0.4708878 -0.04646717
vn -0.7726398 0.6340885 -0.03097566
vn -0.6311805 0.7690951 0.1005188
vn -0.5424675 0.811859 0.2159026
vn -0.9797258 0.1948798 -0.04646742
vn -0.9228818 0.3822695 -0.04646751
vn -0.8305716 0.55497 -0.04646675
vn -0.7067677 0.7067674 -0.03097458
vn -0.5527564 0.8272582 0.1005197
vn -0.4602787 0.8611219 0.2158993
vn -0.9559066 0.2899712 -0.04646721
vn -0.8809687 0.4708874 -0.0464673
vn -0.7721756 0.6337079 -0.04646619
vn -0.6340888 0.7726396 -0.03097448
vn -0.4690094 0.8774543 0.1005189
vn -0.3736587 0.9020904 0.2158983
vn -0.3807459 0.9192001 0.1005173
vn -0.5553035 0.8310707 -0.03097539
vn -0.4711708 0.881498 -0.03097552
vn -0.7063428 0.7063432 -0.0464669
vn -0.8305716 0.5549699 -0.04646749
vn -0.5549703 0.8305714 -0.04646682
vn -0.4708874 0.8809687 -0.04646679
vn -0.6337083 0.7721752 -0.04646698
vn -0.7721754 0.633708 -0.0464673
vn -0.5549703 0.8305713 -0.04646732
vn -0.4708875 0.8809686 -0.04646716
vn -0.7063428 0.7063432 -0.04646742
vn -0.6337082 0.7721753 -0.04646716
vn -0.55497 0.8305715 -0.04646739
vn -0.4708872 0.8809687 -0.04646734
vn -0.6337083 0.7721752 -0.04646717
vn -0.7063429 0.706343 -0.04646739
vn -0.7721753 0.6337082 -0.0464672
vn -0.8305716 0.5549699 -0.04646736
vn -0.5549698 0.8305716 -0.04646745
vn -0.4708872 0.8809688 -0.04646725
vn -0.6337082 0.7721753 -0.04646726
vn -0.7063431 0.7063428 -0.0464674
vn -0.7721751 0.6337085 -0.04646723
vn -0.55497 0.8305715 -0.04646731
vn -0.4708874 0.8809686 -0.04646702
vn -0.6337081 0.7721754 -0.04646755
vn -0.7063431 0.7063428 -0.04646787
vn -0.5549694 0.830572 -0.04646682
vn -0.4708871 0.8809689 -0.04646656
vn -0.4708835 0.8809713 -0.04645738
vn -0.6337079 0.7721758 -0.0464651
vn -0.5549632 0.8305764 -0.04646216
vn -0.5347232 0.8290285 -0.1636547
vn -0.6660419 0.738234 0.1067649
vn -0.7063438 0.7063422 -0.04646477
vn -0.6337035 0.7721788 -0.04647353
vn -0.772175 0.6337085 -0.04646755
vn -0.7502394 0.6337973 0.1882599
vn -0.7974606 0.4528472 0.3987303
vn -0.8073767 0.4303239 0.4036883
vn -0.8180795 0.4042677 0.4090398
vn -0.8153471 0.4111099 0.4076735
vn -0.7063391 0.7063462 -0.04647756
vn -0.7063345 0.7063498 -0.04649404
vn -0.7721756 0.6337079 -0.04646514
vn -0.7721692 0.6337148 -0.04647833
vn -0.7721617 0.6337227 -0.04649444
vn -0.8305715 0.5549703 -0.04646646
vn -0.8305672 0.5549762 -0.04647082
vn -0.8673806 0.4857171 -0.1083049
vn -0.8305715 0.5549701 -0.04646762
vn -0.880969 0.4708869 -0.0464671
vn -0.8809671 0.4708907 -0.04646474
vn -0.8305715 0.55497 -0.0464674
vn -0.8809688 0.4708871 -0.04646724
vn -0.8809689 0.470887 -0.04646721
vn -0.9228815 0.3822704 -0.04646654
vn -0.91989 0.389048 0.04943673
vn -0.9149324 0.3325357 -0.2287331
vn -0.9149324 0.3325357 -0.2287331
vn -0.9228801 0.3822726 -0.04647457
vn -0.9228817 0.3822697 -0.04646723
vn -0.8809688 0.4708872 -0.04646721
vn -0.9228817 0.3822697 -0.04646741
vn -0.9228817 0.3822696 -0.04646738
vn -0.9559065 0.289972 -0.04646597
vn -0.9359584 0.3462054 0.0642158
vn -0.9309307 0.2814314 0.2327327
vn -0.9309307 0.2814314 0.2327327
vn -0.9559047 0.289976 -0.04647671
vn -0.9595929 0.2494442 -0.1302269
vn -0.9559067 0.2899709 -0.04646727
vn -0.9559068 0.2899708 -0.04646683
vn -0.9797258 0.1948802 -0.04646598
vn -0.9797249 0.1948823 -0.0464752
vn -0.9797258 0.1948798 -0.04646743
vn -0.9797258 0.1948798 -0.04646704
vn -0.9941097 0.09791101 -0.04646723
vn -0.9941099 0.09791078 -0.04646591
vn -0.9941097 0.09791107 -0.04646697
vn -0.9826738 0.1632097 -0.0878331
vn -0.9762436 0.1377068 -0.1672885
vn -0.9989198 -2.778109E-07 -0.04646742
vn -0.9941092 0.09791157 -0.04647949
vn -0.9945539 0.099792 -0.03006726
vn -0.9946649 0.1031588 0
vn -0.9989198 -1.579011E-07 -0.04646657
vn -0.9989198 -2.778109E-07 -0.04646716
vn -0.9989192 -4.452098E-07 -0.04648047
vn -0.9989185 -5.619292E-07 -0.04649482
vn -0.9941099 -0.09791073 -0.04646718
vn -0.9941099 -0.0979108 -0.04646721
vn -0.9941099 -0.09791095 -0.04646675
vn -0.9941093 -0.09791204 -0.04647683
vn -0.9941086 -0.0979133 -0.04648771
vn -0.9797259 -0.1948795 -0.04646745
vn -0.9797258 -0.19488 -0.04646691
vn -0.9797252 -0.194882 -0.04647078
vn -0.9671641 -0.1644228 0.1938005
vn -0.9559065 -0.2899719 -0.04646616
vn -0.9559052 -0.2899753 -0.04647045
vn -0.9228804 -0.382273 -0.04646672
vn -0.9520181 -0.2494712 0.1772725
vn -0.9305989 -0.3478336 -0.1140075
vn -0.9072103 -0.1298211 0.4001448
vn -0.940578 -0.1762349 0.2902657
vn 0.907328 0.4204235 0
vn 0.9215903 0.388164 0
vn 0.9215903 0.388164 0
vn 0.9176061 0.3974909 0
vn 0.8847795 0.4361846 -0.1640369
vn 0.8652846 0.4352416 -0.2486911
vn 0.9671641 0.1644228 0.1938005
vn 0.9072103 0.1298211 0.4001448
vn 0.7507637 0.05251572 0.6584801
vn 0.7588521 0.05633287 0.6488221
vn 0.7558786 -0.002327909 0.6547077
vn 0.7556237 -0.002225935 0.6550022
vn 0.8169486 -0.02836402 0.5760126
vn 0.8169486 -0.02836402 0.5760126
vn -0.9072103 -0.1298211 -0.4001448
vn -0.8960218 -0.1235196 -0.4264831
vn -0.7588521 -0.05633287 -0.6488221
vn -0.7507637 -0.05251572 -0.6584801
vn -0.7556237 0.002225935 -0.6550022
vn -0.7558786 0.002327909 -0.6547077
vn -0.8169486 0.02836402 -0.5760126
vn -0.8169486 0.02836402 -0.5760126
vn -0.7681863 -0.2792003 -0.5761397
vn -0.7681863 -0.2792003 -0.5761397
vn -0.8387637 -0.2846842 -0.4641448
vn -0.9002307 -0.3866689 -0.2001796
vn 0.8387637 0.2846842 0.4641448
vn 0.8903262 0.285329 0.3548332
vn 0.9309305 0.2814322 0.2327326
vn 0.9309305 0.2814322 0.2327326
vn 0.7681863 0.2792003 0.5761397
vn 0.7681863 0.2792003 0.5761397
vn 0.8903262 0.285329 0.3548332
vn 0.8387637 0.2846842 0.4641448
vn -0.9946649 0.1031588 0
vn -0.9946649 0.1031588 0
vn -0.9829212 0.1302693 0.1299839
vn -0.9762436 0.1377068 0.1672885
vn -0.9418979 0.1618348 0.2943431
vn -0.8748003 -0.2083401 0.4374002
vn -0.8748003 -0.2083401 0.4374002
vn -0.940578 -0.1762349 0.2902657
vn -0.9520181 -0.2494712 0.1772725
vn 0.940578 0.1762349 -0.2902657
vn 0.9008744 0.1975847 -0.3865043
vn 0.8960218 0.1235196 -0.4264831
vn 0.9072103 0.1298211 -0.4001448
vn 0.8748003 0.2083401 -0.4374002
vn 0.8748003 0.2083401 -0.4374002
vn 0.9008744 0.1975847 -0.3865043
vn 0.940578 0.1762349 -0.2902657
vn -0.9671641 -0.1644228 0.1938005
vn -0.9072103 -0.1298211 0.4001448
vn -0.7507637 -0.05251572 0.6584801
vn -0.7588521 -0.05633287 0.6488221
vn -0.7551941 0.002211293 0.6554976
vn -0.7554473 0.002313203 0.6552052
vn -0.8161978 0.02833795 0.5770773
vn -0.8161978 0.02833795 0.5770773
vn 0.9072103 0.1298211 -0.4001448
vn 0.8960218 0.1235196 -0.4264831
vn 0.7588521 0.05633287 -0.6488221
vn 0.7507637 0.05251572 -0.6584801
vn 0.7554473 -0.002313203 -0.6552052
vn 0.7551941 -0.002211293 -0.6554976
vn 0.8161978 -0.02833795 -0.5770773
vn 0.8161978 -0.02833795 -0.5770773
vn -0.9149324 0.3325357 0.2287331
vn -0.9149324 0.3325357 0.2287331
vn -0.9149324 0.3325357 0.2287331
vn -0.9149324 0.3325357 0.2287331
vn -0.9309307 0.2814314 -0.2327327
vn -0.9309307 0.2814314 -0.2327327
vn -0.9309307 0.2814314 -0.2327327
vn -0.9309307 0.2814314 -0.2327327
vn 0.9946649 -0.1031588 0
vn 0.9946649 -0.1031588 0
vn 0.9829212 -0.1302693 0.1299839
vn 0.9762436 -0.1377068 0.1672885
vn 0.9418979 -0.1618348 0.2943431
vn 0.8980629 -0.3782536 0.2245157
vn 0.8980629 -0.3782536 0.2245157
vn 0.8626437 -0.3869389 0.3257668
vn 0.8673474 -0.3861467 0.3140054
vn 0.8673474 -0.3861467 0.3140054
vn 0.8626437 -0.3869389 0.3257668
vn 0.8153471 -0.4111099 0.4076735
vn 0.8180795 -0.4042677 0.4090398
vn -0.8626437 0.3869389 -0.3257668
vn -0.8673474 0.3861467 -0.3140054
vn -0.8180795 0.4042677 -0.4090398
vn -0.8153471 0.4111099 -0.4076735
vn -0.8980629 0.3782536 -0.2245157
vn -0.8980629 0.3782536 -0.2245157
vn -0.8673474 0.3861467 -0.3140054
vn -0.8626437 0.3869389 -0.3257668
vn -0.8073767 0.4303239 -0.4036883
vn -0.7974606 0.4528472 -0.3987303
vn -0.7974606 0.4528472 -0.3987303
vn -0.8003638 0.4463991 -0.4001819
vn -0.8153471 0.4111099 -0.4076735
vn -0.8180795 0.4042677 -0.4090398
vn 0.9149324 -0.3325357 0.2287331
vn 0.9149324 -0.3325357 0.2287331
vn 0.9149324 -0.3325357 0.2287331
vn 0.9149324 -0.3325357 0.2287331
vn 0.9309307 -0.2814314 -0.2327327
vn 0.9309307 -0.2814314 -0.2327327
vn 0.9309307 -0.2814314 -0.2327327
vn 0.9309307 -0.2814314 -0.2327327
vn 0.3931079 -0.4767923 -0.7862158
vn 0.3931079 -0.4767923 -0.7862158
vn 0.5179284 -0.6436222 -0.563472
vn 0.5347232 -0.8290285 -0.1636547
vn -0.5179284 0.6436222 0.563472
vn -0.5938471 0.7495196 0.2925166
vn -0.6161699 0.7876132 0
vn -0.6161699 0.7876132 0
vn -0.3931079 0.4767923 0.7862158
vn -0.3931079 0.4767923 0.7862158
vn -0.5938471 0.7495196 0.2925166
vn -0.5179284 0.6436222 0.563472
vn 0 0 1
vn 0 0 1
vn 0 0 1
vn 0 0 1
vn 0 0 1
vn 0 0 1
vn 0 0 1
vn 0 0 1
vn 0 0 1
vn 0 0 1
vn 0 0 1
vn 0 1.010065E-05 -1
vn 0 0 1
vn 0 0 -1
vn 0 0 -1
vn 0 0 -1
vn 0 7.16794E-06 -1
vn 0 4.827459E-06 -1
vn 0 0 -1
vn 1.438736E-06 9.595347E-06 -1
vn 2.527093E-06 1.406781E-05 -1
vn 0 4.82728E-06 -1
vn -3.831401E-06 2.132828E-05 -1
vn 5.121472E-06 9.200553E-06 -1
vn 1.149498E-05 2.06503E-05 -1
vn -1.43874E-06 9.595189E-06 -1
vn -1.1495E-05 2.06503E-05 -1
vn 6.560684E-06 8.945031E-06 -1
vn 1.532661E-05 1.999836E-05 -1
vn -5.12147E-06 9.200562E-06 -1
vn -1.532685E-05 1.999867E-05 -1
vn 6.82847E-06 8.479204E-06 -1
vn 1.532626E-05 1.903132E-05 -1
vn -6.560805E-06 8.945191E-06 -1
vn -1.532626E-05 1.903133E-05 -1
vn 1.078029E-05 8.050167E-06 -1
vn 2.298961E-05 1.799778E-05 -1
vn -6.828465E-06 8.479217E-06 -1
vn -2.298937E-05 1.79975E-05 -1
vn 1.365709E-05 7.432181E-06 -1
vn 3.065275E-05 1.66812E-05 -1
vn -1.078017E-05 8.050026E-06 -1
vn -3.065275E-05 1.66812E-05 -1
vn 1.365782E-05 6.846038E-06 -1
vn 3.065252E-05 1.530574E-05 -1
vn -1.365707E-05 7.432162E-06 -1
vn -3.065228E-05 1.530562E-05 -1
vn 1.365688E-05 6.099347E-06 -1
vn 3.06524E-05 1.368976E-05 -1
vn -1.36577E-05 6.845981E-06 -1
vn -3.065228E-05 1.368969E-05 -1
vn 1.365772E-05 5.37886E-06 -1
vn 3.065228E-05 1.202556E-05 -1
vn -1.365683E-05 6.099302E-06 -1
vn -3.065263E-05 1.202568E-05 -1
vn 1.365674E-05 4.532179E-06 -1
vn 3.065217E-05 1.017231E-05 -1
vn -1.365789E-05 5.378917E-06 -1
vn -3.065263E-05 1.017246E-05 -1
vn 1.365787E-05 3.705049E-06 -1
vn 3.065258E-05 8.283399E-06 -1
vn -1.3657E-05 4.532279E-06 -1
vn -3.065287E-05 8.283485E-06 -1
vn 1.365698E-05 2.790939E-06 -1
vn 3.065261E-05 6.264197E-06 -1
vn -1.365803E-05 3.705091E-06 -1
vn -3.06524E-05 6.264139E-06 -1
vn 1.36579E-05 1.888826E-06 -1
vn 3.065263E-05 4.222853E-06 -1
vn -1.365688E-05 2.790929E-06 -1
vn -3.065205E-05 4.222771E-06 -1
vn 1.365734E-05 9.423982E-07 -1
vn 3.065328E-05 2.11519E-06 -1
vn -1.365758E-05 1.888783E-06 -1
vn -3.065279E-05 2.115145E-06 -1
vn 1.365832E-05 0 -1
vn 3.065346E-05 0 -1
vn -1.365709E-05 9.423769E-07 -1
vn -3.065346E-05 0 -1
vn 1.365709E-05 -9.423754E-07 -1
vn 3.065279E-05 -2.115148E-06 -1
vn -1.365832E-05 0 -1
vn -3.065328E-05 -2.11519E-06 -1
vn 1.365758E-05 -1.888783E-06 -1
vn 3.065205E-05 -4.222771E-06 -1
vn -1.365734E-05 -9.423982E-07 -1
vn -3.065263E-05 -4.222853E-06 -1
vn 1.365688E-05 -2.790929E-06 -1
vn 3.06524E-05 -6.264139E-06 -1
vn -1.36579E-05 -1.888826E-06 -1
vn -3.065261E-05 -6.264197E-06 -1
vn 1.365803E-05 -3.705091E-06 -1
vn 3.065287E-05 -8.283485E-06 -1
vn -1.365698E-05 -2.790939E-06 -1
vn -3.065258E-05 -8.283399E-06 -1
vn 1.3657E-05 -4.532279E-06 -1
vn 3.065263E-05 -1.017246E-05 -1
vn -1.365787E-05 -3.705049E-06 -1
vn -3.065217E-05 -1.017231E-05 -1
vn 1.365789E-05 -5.378917E-06 -1
vn 3.065263E-05 -1.202568E-05 -1
vn -1.365674E-05 -4.532179E-06 -1
vn -3.065228E-05 -1.202556E-05 -1
vn 1.365683E-05 -6.099302E-06 -1
vn 3.065228E-05 -1.368969E-05 -1
vn -1.365772E-05 -5.37886E-06 -1
vn -3.06524E-05 -1.368976E-05 -1
vn 1.36577E-05 -6.84598E-06 -1
vn 3.065228E-05 -1.530562E-05 -1
vn -1.365688E-05 -6.099347E-06 -1
vn -3.065252E-05 -1.530574E-05 -1
vn 1.365707E-05 -7.43216E-06 -1
vn 3.065275E-05 -1.66812E-05 -1
vn -1.365782E-05 -6.846039E-06 -1
vn -3.065275E-05 -1.66812E-05 -1
vn 1.078017E-05 -8.050026E-06 -1
vn 2.298937E-05 -1.79975E-05 -1
vn -1.365709E-05 -7.432182E-06 -1
vn -2.298961E-05 -1.799778E-05 -1
vn 6.828465E-06 -8.479217E-06 -1
vn 1.532626E-05 -1.903133E-05 -1
vn -1.078029E-05 -8.050167E-06 -1
vn -1.532626E-05 -1.903132E-05 -1
vn 6.560683E-06 -8.945031E-06 -1
vn 1.532661E-05 -1.999836E-05 -1
vn -6.82847E-06 -8.479204E-06 -1
vn -1.532638E-05 -1.999805E-05 -1
vn 5.121395E-06 -9.20057E-06 -1
vn 1.14949E-05 -2.065031E-05 -1
vn -6.560562E-06 -8.944869E-06 -1
vn -1.149484E-05 -2.065032E-05 -1
vn 3.68285E-06 -9.495648E-06 -1
vn 7.66307E-06 -2.12295E-05 -1
vn -5.121427E-06 -9.200562E-06 -1
vn -7.66307E-06 -2.122949E-05 -1
vn 2.469432E-06 -9.568276E-06 -1
vn 4.789463E-06 -2.147562E-05 -1
vn -3.414424E-06 -9.495635E-06 -1
vn -4.789459E-06 -2.147562E-05 -1
vn 0 -9.682015E-06 -1
vn 0 -2.164606E-05 -1
vn -2.200999E-06 -9.56828E-06 -1
vn -1.740546E-07 1.217211E-06 -1
vn 0 1.900729E-06 -1
vn 0 2.16762E-06 -1
vn 2.857256E-07 2.220861E-06 -1
vn 7.948523E-07 1.802964E-06 -1
vn 6.441933E-07 1.23186E-06 -1
vn -2.937447E-07 9.634042E-07 -1
vn 9.543832E-07 8.708898E-07 -1
vn -7.304595E-07 8.708889E-07 -1
vn 6.92479E-07 8.742828E-07 -1
vn -6.767717E-07 1.210196E-06 -1
vn 4.249466E-07 7.723166E-07 -1
vn -8.982928E-07 1.631213E-06 -1
vn 1.798398E-06 1.095488E-06 -1
vn -2.285824E-06 1.7595E-06 -1
vn 2.03705E-06 1.426475E-06 -1
vn -2.285915E-06 1.20744E-06 -1
vn 2.285822E-06 1.451357E-06 -1
vn -1.789914E-06 7.179196E-07 -1
vn 2.285934E-06 8.791756E-07 -1
vn -1.338288E-06 5.037019E-07 -1
vn 1.804136E-06 4.907876E-07 -1
vn -1.350949E-06 4.812156E-07 -1
vn 1.35932E-06 3.508459E-07 -1
vn -1.359311E-06 3.508445E-07 -1
vn 1.365755E-06 2.998921E-07 -1
vn -1.36576E-06 2.998928E-07 -1
vn 1.370737E-06 1.800717E-07 -1
vn -1.370742E-06 1.80072E-07 -1
vn 1.373518E-06 1.018878E-07 -1
vn -1.37352E-06 1.018885E-07 -1
vn 1.374665E-06 0 -1
vn -1.374665E-06 0 -1
vn 1.37352E-06 -1.018886E-07 -1
vn -1.373518E-06 -1.018878E-07 -1
vn 1.370742E-06 -1.80072E-07 -1
vn -1.370737E-06 -1.800717E-07 -1
vn 1.36576E-06 -2.998928E-07 -1
vn -1.365755E-06 -2.998921E-07 -1
vn 1.359311E-06 -3.508445E-07 -1
vn -1.35932E-06 -3.508459E-07 -1
vn 1.350949E-06 -4.812156E-07 -1
vn -1.804136E-06 -4.907876E-07 -1
vn 1.338288E-06 -5.037018E-07 -1
vn -2.285934E-06 -8.791756E-07 -1
vn 1.789914E-06 -7.179189E-07 -1
vn -2.285823E-06 -1.451357E-06 -1
vn 2.285916E-06 -1.207439E-06 -1
vn -2.037049E-06 -1.426475E-06 -1
vn 2.285824E-06 -1.759499E-06 -1
vn -1.798398E-06 -1.095489E-06 -1
vn 8.982928E-07 -1.631213E-06 -1
vn -4.249466E-07 -7.723166E-07 -1
vn 6.767717E-07 -1.210196E-06 -1
vn -6.92479E-07 -8.742828E-07 -1
vn 7.304601E-07 -8.708893E-07 -1
vn -9.543819E-07 -8.708864E-07 -1
vn 4.105602E-07 -1.231852E-06 -1
vn -6.441942E-07 -1.231859E-06 -1
vn 5.714801E-07 -1.422132E-06 -1
vn -7.948548E-07 -1.422134E-06 -1
vn 0 -7.624213E-07 -1
vn 0 -7.624185E-07 -1
vn 0 0 -1
vn 2.170522E-07 1.913646E-07 -1
vn 0 1.615736E-07 -1
vn -5.56517E-07 1.017598E-07 -1
vn 0 0 -1
vn 0 0 -1
vn 0 0 -1
vn 0 1.300574E-07 -1
vn 3.103752E-07 1.017601E-07 -1
vn 6.552428E-07 0 -1
vn -4.215048E-07 1.615736E-07 -1
vn 0 -4.576967E-07 -1
vn -5.248585E-07 1.913643E-07 -1
vn 2.671046E-07 -3.224099E-07 -1
vn 0 -1.083687E-07 -1
vn 0 -4.294434E-07 -1
vn -7.389055E-07 -4.325883E-07 -1
vn 0 3.96641E-07 -1
vn 0 -2.831505E-07 -1
vn 0 2.646452E-07 -1
vn 0 2.677103E-07 -1
vn 2.382027E-07 1.281609E-07 -1
vn 0 0 -1
vn 2.582592E-07 0 -1
vn -1.656217E-07 1.885182E-07 -1
vn 2.720357E-07 0 -1
vn -2.105418E-07 0 -1
vn 2.798849E-07 0 -1
vn -2.382034E-07 1.281611E-07 -1
vn 2.825547E-07 0 -1
vn -2.582585E-07 0 -1
vn 2.798827E-07 0 -1
vn -2.720365E-07 0 -1
vn 2.720365E-07 0 -1
vn -2.798828E-07 0 -1
vn 2.582585E-07 0 -1
vn -2.825549E-07 0 -1
vn 2.382034E-07 -1.281611E-07 -1
vn -2.79885E-07 0 -1
vn 2.105418E-07 0 -1
vn -2.72036E-07 0 -1
vn 1.656217E-07 -1.684142E-07 -1
vn -2.582593E-07 0 -1
vn 4.122581E-07 -2.015779E-07 -1
vn -2.382027E-07 -1.281609E-07 -1
vn 6.081802E-07 -6.503674E-07 -1
vn 0 -2.646452E-07 -1
vn 0 2.8315E-07 -1
vn 0 -3.96641E-07 -1
vn 7.389059E-07 4.325881E-07 -1
vn 0 4.294433E-07 -1
vn 0 1.083685E-07 -1
vn -1.1887E-06 1.586734E-07 -1
vn 5.248592E-07 -1.913648E-07 -1
vn -1.021307E-07 0 -1
vn 5.397315E-07 -1.746945E-07 -1
vn -3.175427E-07 -1.267014E-07 -1
vn -1.873037E-07 0 -1
vn 0 -1.300571E-07 -1
vn 0 5.091201E-07 -1
vn -2.170518E-07 -1.913645E-07 -1
vn 0 6.310416E-07 -1
vn 0 -1.615736E-07 -1
vn 0 6.596476E-07 -1
vn 5.565172E-07 2.365533E-07 -1
vn 0 2.2692E-07 -1
vn 0 0 -1
vn 0 0 -1
vn 3.907467E-07 1.48561E-07 -1
vn 1.096449E-07 6.621233E-07 -1
vn 5.298404E-07 8.595057E-07 -1
vn -3.907461E-07 6.11191E-07 -1
vn 2.356035E-07 9.916359E-07 -1
vn 1.012903E-07 7.509282E-07 -1
vn 9.653933E-07 9.084112E-07 -1
vn -7.205209E-07 3.375586E-07 -1
vn -1.702027E-07 8.69517E-07 -1
vn -1.811497E-07 0 -1
vn -4.330753E-07 9.357765E-07 -1
vn 1.870659E-07 3.024738E-07 -1
vn 5.59657E-07 1.133817E-06 -1
vn -1.790697E-07 -1.038012E-06 -1
vn 0 6.760186E-07 -1
vn -3.119254E-07 -3.101605E-07 -1
vn 0 -4.637628E-07 -1
vn 0 4.514872E-07 -1
vn 0 0 -1
vn 0 0 -1
vn 1.357644E-07 -4.192552E-07 -1
vn 0 5.060229E-07 -1
vn 0 0 -1
vn 0 0 -1
vn 2.141235E-07 0 -1
vn -1.787074E-07 2.299169E-07 -1
vn 0 4.045604E-07 -1
vn 0 0 -1
vn 0 0 -1
vn 0 0 -1
vn 7.607847E-07 3.320172E-07 -1
vn -1.909034E-07 0 -1
vn 0 2.691239E-07 -1
vn 0 0 -1
vn 0 0 -1
vn 0 0 -1
vn 0 0 -1
vn 6.718693E-07 2.226177E-07 -1
vn -1.529411E-07 -1.369634E-07 -1
vn 2.525834E-07 0 -1
vn -3.942575E-07 0 -1
vn 5.853852E-07 -4.166195E-07 -1
vn 0 0 -1
vn 0 0 -1
vn 4.504981E-07 0 -1
vn 0 0 -1
vn 4.022905E-07 -1.334388E-07 -1
vn 0 -6.434354E-07 -1
vn 1.234758E-07 0 -1
vn 2.194826E-07 0 -1
vn 0 0 -1
vn 3.951068E-07 0 -1
vn 0 1.36963E-07 -1
vn 8.668096E-07 0 -1
vn 0 0 -1
vn 0 -3.390165E-07 -1
vn -1.008662E-07 0 -1
vn 1.519203E-07 3.917146E-07 -1
vn 7.279828E-07 -5.908924E-07 -1
vn 0 -6.140428E-07 -1
vn -1.688038E-07 0 -1
vn 3.37999E-07 4.08973E-07 -1
vn 1.409107E-07 -2.903755E-07 -1
vn 0 3.946718E-07 -1
vn -2.930977E-07 -3.183976E-07 -1
vn -2.812598E-07 0 -1
vn 2.303906E-07 4.215592E-07 -1
vn -4.081129E-07 -2.994171E-07 -1
vn -5.311856E-07 3.128052E-07 -1
vn -3.640806E-07 0 -1
vn 0 6.814717E-07 -1
vn 0 -4.214945E-07 -1
vn 0 1.785132E-07 -1
vn 0 4.419172E-07 -1
vn 1.147346E-06 -3.249201E-07 -1
vn 0 1.366635E-06 -1
vn 4.951158E-07 -8.393206E-07 -1
vn 0 4.932255E-07 -1
vn 8.926759E-07 -6.353133E-07 -1
vn -1.740855E-06 6.919861E-07 -1
vn -5.290603E-07 6.572955E-07 -1
vn 0 -3.887475E-07 -1
vn 2.168448E-07 1.70838E-07 -1
vn -3.414579E-07 -3.793229E-07 -1
vn 2.049405E-07 -4.679964E-07 -1
vn -4.009731E-07 0 -1
vn 3.78137E-07 0 -1
vn 2.768641E-07 0 -1
vn 4.472999E-07 -4.803175E-07 -1
vn 2.249824E-07 -6.24244E-07 -1
vn 0 -4.006612E-07 -1
vn 0 -1.403989E-07 -1
vn 0 0 -1
vn 0 -2.546849E-07 -1
vn -1.467266E-07 -4.216462E-07 -1
vn 6.423407E-07 0 -1
vn 5.926136E-07 -1.153044E-07 -1
vn 5.290233E-07 -1.421497E-07 -1
vn 0 0 -1
vn 0 0 -1
vn 0 0 -1
vn 0 -3.447127E-07 -1
vn 2.818747E-07 -2.896544E-07 -1
vn 0 0 -1
vn 0 0 -1
vn 0 1.595424E-07 -1
vn 0 -2.158589E-07 -1
vn 0 0 -1
vn 0 0 -1
vn 0 0 -1
vn -6.423404E-07 3.798365E-07 -1
vn 0 0 -1
vn 0 0 -1
vn 0 0 -1
vn -6.460939E-07 0 -1
vn -2.60018E-07 1.401327E-07 -1
vn 0 0 -1
vn 0 0 -1
vn -6.131082E-07 -1.536631E-07 -1
vn 0 0 -1
vn -1.874549E-07 0 -1
vn 0 -1.843671E-07 -1
vn -3.266282E-07 -1.719457E-07 -1
vn 0 0 -1
vn 0 0 -1
vn -2.712956E-07 -1.650788E-07 -1
vn 0 -5.240595E-07 -1
vn 0 -2.518314E-07 -1
vn -4.473002E-07 -1.311015E-07 -1
vn 0 0 -1
vn 3.038502E-07 -6.040883E-07 -1
vn -1.13775E-07 -6.81633E-07 -1
vn -3.447219E-07 -3.466701E-07 -1
vn 2.283423E-07 5.441156E-07 -1
vn 9.598001E-07 4.966017E-07 -1
vn -3.743585E-07 -6.133545E-07 -1
vn -1.285692E-07 -7.259927E-07 -1
vn 4.204778E-07 -1.99407E-07 -1
vn 9.425759E-07 8.584315E-07 -1
vn 0 -2.535417E-07 -1
vn 0 -8.209041E-07 -1
vn 0 5.134615E-07 -1
vn 7.162801E-07 1.110706E-06 -1
vn -1.046443E-07 1.155964E-06 -1
vn -2.234153E-07 -1.979058E-07 -1
vn 2.305813E-07 -3.149031E-07 -1
vn -8.668093E-07 -3.593943E-07 -1
vn -3.811056E-07 -4.556847E-07 -1
vn -7.693686E-07 -3.074285E-07 -1
vn -2.509204E-07 -7.534213E-07 -1
vn -3.689153E-07 -8.706783E-07 -1
vn -7.47588E-07 -1.360689E-07 -1
vn 0 0 -1
vn -2.57928E-07 -7.924089E-07 -1
vn -7.347194E-07 0 -1
vn 0 -1.505722E-07 -1
vn 0 0 -1
vn 0 0 -1
vn -6.910911E-07 0 -1
vn 0 0 -1
vn 0 0 -1
vn 0 0 -1
vn -6.918843E-07 2.36473E-07 -1
vn 0 0 -1
vn 0 0 -1
vn 0 0 -1
vn 0 0 -1
vn -4.675398E-07 2.365243E-07 -1
vn 0 3.600929E-07 -1
vn 1.056E-07 0 -1
vn 0 0 -1
vn 0 0 -1
vn 0 0 -1
vn 0 0 -1
vn 1.74876E-07 5.834248E-07 -1
vn 1.080007E-07 3.592262E-07 -1
vn 0 0 -1
vn 0 0 -1
vn 0 0 -1
vn 0 0 -1
vn 0 0 -1
vn 0 0 -1
vn 0 0 -1
vn 0 3.210068E-07 -1
vn 0 0 -1
vn 0 0 -1
vn 0 0 -1
vn 0 0 -1
vn 0 0 -1
vn 0 0 -1
vn 0 0 -1
vn 0 0 -1
vn 0 0 -1
vn 0 1.54065E-07 -1
vn 0 1.845171E-07 -1
vn 0 0 -1
vn -1.554633E-07 0 -1
vn 0 1.331071E-07 -1
vn 0 2.966947E-07 -1
vn 0 4.292842E-07 -1
vn 1.875924E-07 6.208552E-07 -1
vn 0 0 -1
vn 0 0 -1
vn 3.275473E-07 1.41911E-07 -1
vn -1.695629E-07 3.081265E-07 -1
vn 0 1.338809E-07 -1
vn 0 0 -1
vn 0 0 -1
vn 6.225316E-07 0 -1
vn -1.918275E-07 0 -1
vn 0 -3.081263E-07 -1
vn 2.775768E-07 -1.41911E-07 -1
vn 0 0 -1
vn 1.360304E-07 0 -1
vn 0 0 -1
vn 0 -4.292841E-07 -1
vn 0 -1.331072E-07 -1
vn 0 0 -1
vn 0 0 -1
vn 0 0 -1
vn 0 0 -1
vn 0 0 -1
vn 0 0 -1
vn 0 0 -1
vn 0 0 -1
vn 0 0 -1
vn 0 0 -1
vn 0 0 -1
vn 0 0 -1
vn 0 0 -1
vn 0 0 -1
vn 0 0 -1
vn 0 0 -1
vn 0 0 -1
vn 0 0 -1
vn 0 0 -1
vn 0 0 -1
vn 0 2.691241E-07 -1
vn 0 0 -1
vn 0 0 -1
vn 0 0 -1
vn 0 3.489124E-07 -1
vn 0 0 -1
vn -6.754947E-07 2.814237E-07 -1
vn 0 0 -1
vn 0 2.398184E-07 -1
vn 0 0 -1
vn 0 0 -1
vn 0 0 -1
vn -1.157233E-06 3.304229E-07 -1
vn -3.186332E-07 0 -1
vn 0 0 -1
vn 0 0 -1
vn 0 1.33406E-07 -1
vn -4.925049E-07 1.447736E-07 -1
vn 0 0 -1
vn 0 0 -1
vn 0 0 -1
vn 0 1.897314E-07 -1
vn 0 0 -1
vn -4.735315E-07 1.794272E-07 -1
vn -3.981264E-07 0 -1
vn -2.511152E-07 5.159184E-07 -1
vn 1.171318E-07 6.462924E-07 -1
vn 2.423342E-07 0 -1
vn 2.592037E-07 0 -1
vn 4.933459E-07 -1.457634E-07 -1
vn -1.66435E-07 7.323064E-07 -1
vn 0 0 -1
vn 2.478264E-07 0 -1
vn -5.841428E-07 1.238939E-07 -1
vn 0 0 -1
vn 0 0 -1
vn -1.926417E-07 0 -1
vn 6.615334E-07 -5.711503E-07 -1
vn -5.985743E-07 -4.037684E-07 -1
vn -7.254561E-07 -1.13315E-07 -1
vn 4.310177E-07 -3.78144E-07 -1
vn 0 7.130561E-07 -1
vn 1.153398E-06 -8.239028E-07 -1
vn -6.076279E-07 -3.816508E-07 -1
vn -1.119318E-06 6.571985E-07 -1
vn -3.668688E-07 -2.96845E-07 -1
vn 2.365828E-07 -5.441156E-07 -1
vn 9.598001E-07 -4.459133E-07 -1
vn 1.03819E-06 -1.349196E-07 -1
vn -0.8980629 0.3782536 0.2245157
vn -0.8980629 0.3782536 0.2245157
vn -0.8626437 0.3869389 0.3257668
vn -0.8673474 0.3861467 0.3140054
vn -0.8673474 0.3861467 0.3140054
vn -0.8626437 0.3869389 0.3257668
vn -0.8153471 0.4111099 0.4076735
vn -0.8180795 0.4042677 0.4090398
vn 0.8626437 -0.3869389 -0.3257668
vn 0.8673474 -0.3861467 -0.3140054
vn 0.8180795 -0.4042677 -0.4090398
vn 0.8153471 -0.4111099 -0.4076735
vn 0.8980629 -0.3782536 -0.2245157
vn 0.8980629 -0.3782536 -0.2245157
vn 0.8673474 -0.3861467 -0.3140054
vn 0.8626437 -0.3869389 -0.3257668
vn 0.2308011 -0.3072853 0.9232045
vn 0.2308011 -0.3072853 0.9232045
vn 0.320738 -0.7545018 -0.5725856
vn 0.3464785 -0.8930855 0.2869684
vn -0.320738 0.7545018 0.5725856
vn -0.3514594 0.5873771 -0.729016
vn -0.3076469 0.8549723 0.4175833
vn -0.2959441 0.8212837 0.4877603
vn -0.2308011 0.3072853 -0.9232045
vn -0.2308011 0.3072853 -0.9232045
vn -0.3514594 0.5873771 -0.729016
vn -0.320738 0.7545018 0.5725856
vn 0.8073767 -0.4303239 -0.4036883
vn 0.8003638 -0.4463991 -0.4001819
vn 0.7974606 -0.4528472 -0.3987303
vn 0.7974606 -0.4528472 -0.3987303
vn 0.8153471 -0.4111099 -0.4076735
vn 0.8180795 -0.4042677 -0.4090398
vn 0.8003638 -0.4463991 -0.4001819
vn 0.8073767 -0.4303239 -0.4036883
vn 0.2533586 -0.9405463 -0.2262347
vn 0.2959441 -0.8212837 -0.4877603
vn 0.2060394 -0.9785437 0
vn 0.2217044 -0.9751139 0
vn 0.2217044 -0.9751139 0
vn 0.2060394 -0.9785437 0
vn -0.000174372 -1 0
vn 0.000169587 -1 0
vn -0.08816226 -0.9961061 0
vn -0.08816226 -0.9961061 0
vn -0.2959441 0.8212837 0.4877603
vn -0.3076469 0.8549723 0.4175833
vn -0.2217044 0.9751139 0
vn -0.2060394 0.9785437 0
vn -0.000169587 1 0
vn 0.000174372 1 0
vn 0.08816226 0.9961061 0
vn 0.08816226 0.9961061 0
vn -0.5367449 -0.6510068 0.5367449
vn -0.5367449 -0.6510068 0.5367449
vn -0.5367449 -0.6510068 0.5367449
vn -0.5367449 -0.6510068 0.5367449
vn -0.3882538 -0.4962812 -0.7765076
vn -0.3882538 -0.4962812 -0.7765076
vn -0.3882538 -0.4962812 -0.7765076
vn -0.3882538 -0.4962812 -0.7765076
vn -0.3931079 0.4767923 -0.7862158
vn -0.3931079 0.4767923 -0.7862158
vn -0.5179284 0.6436222 -0.563472
vn -0.5347232 0.8290285 -0.1636547
vn 0.5179284 -0.6436222 0.563472
vn 0.5938471 -0.7495196 0.2925166
vn 0.6161699 -0.7876132 0
vn 0.6161699 -0.7876132 0
vn 0.3931079 -0.4767923 0.7862158
vn 0.3931079 -0.4767923 0.7862158
vn 0.5938471 -0.7495196 0.2925166
vn 0.5179284 -0.6436222 0.563472
vn 0.3366074 0.9416451 0
vn 0.3366074 0.9416451 0
vn 0.3391741 0.9407237 0
vn 0.3399101 0.9404579 0
vn 0.3424833 0.9395238 0
vn 0.7974606 0.4528472 0.3987303
vn 0.7974606 0.4528472 0.3987303
vn 0.8041943 0.4377092 0.4020972
vn 0.8034149 0.4394946 0.4017075
vn 0.8034149 0.4394946 0.4017075
vn 0.8041943 0.4377092 0.4020972
vn 0.8847795 0.4361846 0.1640369
vn 0.8652846 0.4352416 0.2486911
vn -0.8041943 -0.4377092 -0.4020972
vn -0.8034149 -0.4394946 -0.4017075
vn -0.8652846 -0.4352416 -0.2486911
vn -0.8847795 -0.4361846 -0.1640369
vn -0.7974606 -0.4528472 -0.3987303
vn -0.7974606 -0.4528472 -0.3987303
vn -0.8034149 -0.4394946 -0.4017075
vn -0.8041943 -0.4377092 -0.4020972
vn -0.2308011 0.3072853 0.9232045
vn -0.2308011 0.3072853 0.9232045
vn -0.320738 0.7545018 -0.5725856
vn -0.3464785 0.8930855 0.2869684
vn 0.320738 -0.7545018 0.5725856
vn 0.3514594 -0.5873771 -0.729016
vn 0.1055772 -0.9002826 0.4223087
vn 0.1233201 -0.8610846 0.4932802
vn 0 -1 0
vn 0 -1 0
vn 0.2308011 -0.3072853 -0.9232045
vn 0.2308011 -0.3072853 -0.9232045
vn 0.3514594 -0.5873771 -0.729016
vn 0.320738 -0.7545018 0.5725856
vn 0.3842577 0.5115955 -0.7685154
vn 0.3842577 0.5115955 -0.7685154
vn 0.3842577 0.5115955 -0.7685154
vn 0.3882538 0.4962812 -0.7765076
vn 0.3882538 0.4962812 -0.7765076
vn -0.907328 -0.4204235 0
vn -0.9215903 -0.388164 0
vn -0.9215903 -0.388164 0
vn -0.9176061 -0.3974909 0
vn -0.8847795 -0.4361846 -0.1640369
vn -0.8652846 -0.4352416 -0.2486911
vn 0.5367449 0.6510068 0.5367449
vn 0.5367449 0.6510068 0.5367449
vn 0.5367449 0.6510068 0.5367449
vn 0.5367449 0.6510068 0.5367449
vn 0.7681863 0.2792003 -0.5761397
vn 0.7681863 0.2792003 -0.5761397
vn 0.8387637 0.2846842 -0.4641448
vn 0.9002307 0.3866689 -0.2001796
vn -0.8387637 -0.2846842 0.4641448
vn -0.8903262 -0.285329 0.3548332
vn -0.9309305 -0.2814322 0.2327326
vn -0.9309305 -0.2814322 0.2327326
vn -0.7681863 -0.2792003 0.5761397
vn -0.7681863 -0.2792003 0.5761397
vn -0.8903262 -0.285329 0.3548332
vn -0.8387637 -0.2846842 0.4641448
vn -0.7974606 -0.4528472 0.3987303
vn -0.7974606 -0.4528472 0.3987303
vn -0.8041943 -0.4377092 0.4020972
vn -0.8034149 -0.4394946 0.4017075
vn -0.8034149 -0.4394946 0.4017075
vn -0.8041943 -0.4377092 0.4020972
vn -0.8847795 -0.4361846 0.1640369
vn -0.8652846 -0.4352416 0.2486911
vn 0.8041943 0.4377092 -0.4020972
vn 0.8034149 0.4394946 -0.4017075
vn 0.8652846 0.4352416 -0.2486911
vn 0.8847795 0.4361846 -0.1640369
vn 0.7974606 0.4528472 -0.3987303
vn 0.7974606 0.4528472 -0.3987303
vn 0.8034149 0.4394946 -0.4017075
vn 0.8041943 0.4377092 -0.4020972
vn 0.8748003 0.2083401 0.4374002
vn 0.8748003 0.2083401 0.4374002
vn 0.940578 0.1762349 0.2902657
vn 0.9520181 0.2494712 0.1772725
vn -0.940578 -0.1762349 -0.2902657
vn -0.9008744 -0.1975847 -0.3865043
vn -0.8960218 -0.1235196 -0.4264831
vn -0.9072103 -0.1298211 -0.4001448
vn -0.8748003 -0.2083401 -0.4374002
vn -0.8748003 -0.2083401 -0.4374002
vn -0.9008744 -0.1975847 -0.3865043
vn -0.940578 -0.1762349 -0.2902657
vn 0.6049993 0.2505996 0.7557616
vn 0.8265854 0.4418197 0.348643
vn 0.5775293 0.308697 0.7557553
vn 0.8659096 0.3586717 0.3486474
vn 0.6266578 0.1900949 0.7557539
vn 0.8788977 0.4697807 0.08273439
vn 0.896898 0.2720712 0.348642
vn 0.6422651 0.127754 0.7557609
vn 0.9207122 0.3813711 0.08273516
vn 0.8806936 0.4707403 0.05274819
vn 0.9192449 0.182849 0.3486476
vn 0.6517027 0.06418663 0.7557537
vn 0.9536596 0.2892894 0.08273491
vn 0.9225934 0.3821505 0.0527484
vn 0.8803046 0.4705325 0.06052117
vn 0.9327424 0.09186716 0.3486431
vn 0.6548455 0 0.7557628
vn 0.9774227 0.1944216 0.08273561
vn 0.9221859 0.3819821 0.06052135
vn 0.876322 0.4686751 0.1113708
vn 0.9556082 0.2898803 0.0527482
vn 0.9372535 0 0.3486487
vn 0.6517027 -0.06418661 0.7557537
vn 0.9179924 0.3807461 0.1110063
vn 0.8711509 0.4660061 0.1547075
vn 0.9126235 0.3786944 0.1539771
vn 0.9917728 0.09768131 0.08273489
vn 0.9551862 0.2897523 0.06052115
vn 0.9508978 0.2891376 0.1104213
vn 0.9454477 0.2877136 0.1528049
vn 0.9794198 0.194819 0.05274838
vn 0.9327425 -0.09186714 0.3486428
vn 0.6422651 -0.1277536 0.7557608
vn 0.9789874 0.1947329 0.06052135
vn 0.9747136 0.1947056 0.1096502
vn 0.9692925 0.1938874 0.1512608
vn 0.9965717 1.613837E-07 0.08273503
vn 0.9937993 0.09788123 0.05274816
vn 0.9192447 -0.1828489 0.348648
vn 0.6266578 -0.1900948 0.7557539
vn 0.9933605 0.09783787 0.06052114
vn 0.9891949 0.09833488 0.1087372
vn 0.9838957 0.09807725 0.1494329
vn 0.9917728 -0.09768127 0.08273469
vn 0.9986078 1.614636E-07 0.05274842
vn 0.8968977 -0.2720707 0.3486432
vn 0.6049998 -0.2506001 0.7557611
vn 0.9981669 -1.662555E-07 0.06052138
vn 0.9941899 0.001276623 0.1076331
vn 0.9891019 0.001870864 0.1472202
vn 0.9774227 -0.1944217 0.08273569
vn 0.9937993 -0.09788121 0.05274823
vn 0.8659096 -0.3586716 0.3486476
vn 0.5775305 -0.3086976 0.7557542
vn 0.9933605 -0.09783786 0.06052117
vn 0.9897509 -0.09547027 0.1062006
vn 0.9101908 -0.0685907 0.4084703
vn 0.9536597 -0.2892891 0.08273543
vn 0.9794198 -0.194819 0.05274837
vn 0.8265857 -0.4418199 0.3486421
vn 0.5444865 -0.3638138 0.7557606
vn 0.9789874 -0.1947326 0.06052136
vn 0.9207122 -0.381371 0.08273561
vn 0.9556082 -0.2898802 0.05274816
vn 0.7792973 -0.5207109 0.3486485
vn 0.5062101 -0.4154363 0.7557539
vn 0.9753253 -0.1939939 0.1053893
vn 0.8788975 -0.469781 0.0827348
vn 0.9551862 -0.2897524 0.0605212
vn 0.9225934 -0.3821505 0.05274838
vn 0.7245074 -0.5945892 0.3486441
vn 0.4630457 -0.4630473 0.7557617
vn 0.8286188 -0.5536658 0.08273564
vn 0.8806933 -0.4707409 0.0527482
vn 0.922186 -0.3819818 0.06052139
vn 0.9509664 -0.2905053 0.1061584
vn 0.6627383 -0.6627386 0.3486481
vn 0.4154364 -0.5062114 0.755753
vn 0.7703604 -0.6322182 0.08273505
vn 0.830312 -0.5547969 0.05274828
vn 0.8803046 -0.4705327 0.06052118
vn 0.5945891 -0.7245085 0.348642
vn 0.3638135 -0.5444854 0.7557614
vn 0.7046828 -0.7046822 0.08273504
vn 0.7719347 -0.6335097 0.05274796
vn 0.5207102 -0.7792984 0.3486474
vn 0.3086965 -0.5775286 0.7557561
vn 0.6322185 -0.7703602 0.08273473
vn 0.4418183 -0.8265862 0.3486426
vn 0.2505991 -0.6049971 0.7557636
vn 0.3586704 -0.8659102 0.3486475
vn 0.5536658 -0.8286188 0.08273533
vn 0.4697807 -0.8788977 0.08273429
vn 0.3813712 -0.9207122 0.08273457
vn 0.7061225 -0.7061222 0.05274823
vn 0.8299454 -0.554552 0.06052139
vn 0.6335099 -0.7719344 0.05274806
vn 0.4707406 -0.8806935 0.05274818
vn 0.3821505 -0.9225934 0.05274843
vn 0.5547968 -0.8303121 0.05274825
vn 0.7715937 -0.63323 0.0605212
vn 0.4705327 -0.8803045 0.06052122
vn 0.3819819 -0.922186 0.06052136
vn 0.7058105 -0.7058106 0.0605214
vn 0.6332301 -0.7715936 0.06052119
vn 0.5545517 -0.8299455 0.0605214
vn 0.4686552 -0.8764334 0.1105754
vn 0.3806554 -0.9181156 0.1102964
vn 0.5521573 -0.8263621 0.1106697
vn 0.4660209 -0.8714237 0.1531186
vn 0.3785799 -0.912909 0.1525597
vn 0.5490023 -0.8216404 0.1533078
vn 0.626752 -0.7640267 0.1531186
vn 0.6303721 -0.7683775 0.1105753
vn 0.6985417 -0.6991174 0.1525596
vn 0.7025577 -0.7030275 0.1102963
vn 0.7636955 -0.6275127 0.1516481
vn 0.7680268 -0.6309277 0.1098414
vn 0.8215931 -0.549872 0.150418
vn 0.8261526 -0.5527579 0.1092271
vn 0.8716738 -0.4669161 0.1489099
vn 0.8763752 -0.4692548 0.1084739
vn 0.9132074 -0.3800698 0.1469666
vn 0.918085 -0.3815268 0.1075048
vn 0.8681431 -0.2846047 0.4066053
vn 0.9079568 -0.1803353 0.3782772
vn 0.7868526 -0.1565537 0.5969539
vn 0.7380629 -0.2513582 0.6261647
vn 0.7766534 -0.04956629 0.627975
vn 0.7213071 0.005694984 0.692592
vn 0.7112622 0.02086257 0.7026171
vn 0.6554617 -0.2919382 0.6965213
vn 0.6686721 -0.2821006 0.6879658
vn 0.5989942 -0.335628 0.7270211
vn 0.6100793 -0.3268261 0.7217949
vn 0.1900951 -0.6266552 0.7557561
vn 0.3586704 -0.8659102 0.3486475
vn 0.2505991 -0.6049971 0.7557636
vn 0.2720705 -0.8968982 0.3486421
vn 0.1277548 -0.6422631 0.7557625
vn 0.3813712 -0.9207122 0.08273457
vn 0.1828494 -0.9192449 0.3486474
vn 0.06418715 -0.651702 0.7557542
vn 0.2892896 -0.9536596 0.08273454
vn 0.3821505 -0.9225934 0.05274843
vn 0.09186682 -0.9327422 0.3486435
vn -1.513053E-07 -0.6548455 0.7557628
vn 0.1944217 -0.9774227 0.08273534
vn 0.2898804 -0.9556082 0.05274818
vn 0.3819819 -0.922186 0.06052136
vn -3.774663E-07 -0.9372536 0.3486483
vn -0.06418717 -0.6517013 0.7557549
vn 0.09768097 -0.9917728 0.08273529
vn 0.2897522 -0.9551862 0.06052113
vn 0.3806554 -0.9181156 0.1102964
vn 0.1948188 -0.9794198 0.05274841
vn -0.09186677 -0.9327425 0.3486429
vn -0.1277538 -0.6422641 0.7557616
vn 0.2889899 -0.9510098 0.1098415
vn 0.3785799 -0.912909 0.1525597
vn 0.2874924 -0.9457013 0.1516485
vn -1.518905E-07 -0.9965715 0.08273565
vn 0.1947328 -0.9789874 0.06052137
vn 0.1945272 -0.9747967 0.1092273
vn 0.1936062 -0.9694798 0.1504184
vn 0.09788099 -0.9937993 0.05274816
vn -0.1828485 -0.9192448 0.3486481
vn -0.1900948 -0.6266581 0.7557537
vn 0.09783778 -0.9933605 0.06052108
vn 0.09816101 -0.9892411 0.108474
vn 0.09779955 -0.9840025 0.1489101
vn -1.614636E-07 -0.9986079 0.05274832
vn -0.09768105 -0.9917728 0.08273492
vn -0.2720708 -0.8968983 0.3486415
vn -0.2506002 -0.6050008 0.7557603
vn -2.588836E-07 -0.9981669 0.06052133
vn 0.001148593 -0.994204 0.1075047
vn 0.001669238 -0.98914 0.1469667
vn -0.1944216 -0.9774227 0.08273568
vn -0.09788089 -0.9937993 0.05274811
vn -0.3586718 -0.8659104 0.3486457
vn -0.3086971 -0.5775319 0.7557533
vn -0.09783737 -0.9933605 0.06052117
vn -0.09552724 -0.98975 0.1061585
vn -0.06928372 -0.9109729 0.4066056
vn -0.2892893 -0.9536596 0.08273526
vn -0.1948186 -0.9794199 0.05274825
vn -0.4418193 -0.8265861 0.3486419
vn -0.3638127 -0.5444861 0.7557613
vn -0.1947325 -0.9789875 0.06052137
vn -0.3813711 -0.9207122 0.0827356
vn -0.2898806 -0.9556081 0.05274815
vn -0.5207101 -0.7792979 0.3486486
vn -0.415435 -0.5062107 0.7557543
vn -0.1940136 -0.9753213 0.1053894
vn -0.469781 -0.8788975 0.08273502
vn -0.2897529 -0.955186 0.06052113
vn -0.3821502 -0.9225934 0.05274846
vn -0.5945879 -0.7245085 0.348644
vn -0.4630477 -0.4630465 0.7557611
vn -0.553666 -0.8286186 0.08273542
vn -0.4707406 -0.8806935 0.05274819
vn -0.3819816 -0.9221861 0.06052135
vn -0.2905583 -0.9509455 0.1062005
vn -0.6627375 -0.662739 0.348649
vn -0.5062118 -0.415436 0.7557529
vn -0.6322184 -0.7703602 0.08273494
vn -0.5547971 -0.830312 0.05274828
vn -0.4705324 -0.8803046 0.06052118
vn -0.7245079 -0.5945894 0.3486426
vn -0.5444847 -0.3638137 0.7557617
vn -0.7046824 -0.7046826 0.08273514
vn -0.6335098 -0.7719345 0.05274792
vn -0.7792976 -0.5207107 0.3486482
vn -0.5775298 -0.3086967 0.755755
vn -0.8265857 -0.4418192 0.3486428
vn -0.7703602 -0.6322184 0.08273463
vn -0.8286189 -0.5536656 0.08273508
vn -0.8788977 -0.4697808 0.08273437
vn -0.7061224 -0.7061222 0.05274817
vn -0.5545519 -0.8299454 0.06052138
vn -0.8303121 -0.5547967 0.0527483
vn -0.8806935 -0.4707404 0.0527482
vn -0.7719345 -0.6335099 0.05274802
vn -0.63323 -0.7715938 0.06052117
vn -0.8299455 -0.5545517 0.06052136
vn -0.8803046 -0.4705327 0.06052116
vn -0.7715936 -0.6332301 0.06052121
vn -0.7058107 -0.7058105 0.06052144
vn -0.8262855 -0.5521061 0.1114947
vn -0.8763219 -0.4686751 0.1113706
vn -0.7683533 -0.6302617 0.1113707
vn -0.8214267 -0.5488595 0.1549561
vn -0.8711508 -0.4660063 0.1547072
vn -0.7639086 -0.6265058 0.1547072
vn -0.699114 -0.6982339 0.1539767
vn -0.703064 -0.7024091 0.1110062
vn -0.6276204 -0.7633763 0.152805
vn -0.6310213 -0.7678667 0.1104213
vn -0.5500605 -0.8213121 0.1512611
vn -0.5528912 -0.8260073 0.1096504
vn -0.4671319 -0.8714685 0.1494331
vn -0.4693977 -0.8762659 0.1087373
vn -0.3802416 -0.9130951 0.1472201
vn -0.3816395 -0.9180231 0.107633
vn -0.2849451 -0.8671555 0.4084699
vn -0.1808514 -0.9078543 0.3782769
vn -0.156478 -0.7868681 0.5969533
vn -0.2514189 -0.7365031 0.6279742
vn -0.2914638 -0.6491368 0.7026168
vn -0.2812947 -0.6642216 0.6925915
vn -0.0502194 -0.7780718 0.6261647
vn 0.004736669 -0.7257264 0.6879671
vn 0.01888082 -0.7172862 0.6965227
vn -0.6049999 -0.2505993 0.7557613
vn -0.8265857 -0.4418192 0.3486428
vn -0.5775298 -0.3086967 0.755755
vn -0.86591 -0.3586713 0.3486471
vn -0.6266579 -0.1900949 0.7557538
vn -0.8788977 -0.4697808 0.08273437
vn -0.8968981 -0.272071 0.348642
vn -0.6422652 -0.1277545 0.7557606
vn -0.9207122 -0.3813711 0.08273516
vn -0.8806935 -0.4707404 0.0527482
vn -0.9192447 -0.1828491 0.348648
vn -0.6517033 -0.06418703 0.7557532
vn -0.9536597 -0.2892892 0.08273491
vn -0.9225934 -0.3821506 0.0527484
vn -0.8803046 -0.4705327 0.06052116
vn -0.9327422 -0.09186703 0.3486436
vn -0.6548455 0 0.7557628
vn -0.9774227 -0.1944215 0.08273569
vn -0.9221859 -0.3819821 0.06052135
vn -0.8763219 -0.4686751 0.1113706
vn -0.9556082 -0.2898803 0.05274818
vn -0.9372533 1.529285E-07 0.3486491
vn -0.651702 0.06418692 0.7557544
vn -0.9179924 -0.3807462 0.1110062
vn -0.8711508 -0.4660063 0.1547072
vn -0.9126234 -0.3786945 0.1539768
vn -0.9917728 -0.09768133 0.08273525
vn -0.9551862 -0.2897523 0.06052114
vn -0.9508979 -0.2891374 0.1104213
vn -0.945448 -0.2877132 0.1528048
vn -0.9794198 -0.194819 0.05274838
vn -0.9327424 0.09186705 0.3486431
vn -0.6422648 0.127754 0.755761
vn -0.9789874 -0.1947329 0.06052135
vn -0.9747136 -0.1947058 0.1096502
vn -0.9692923 -0.1938878 0.1512607
vn -0.9965715 -1.613837E-07 0.08273537
vn -0.9937993 -0.09788122 0.05274817
vn -0.9192445 0.1828488 0.3486485
vn -0.6266581 0.1900948 0.7557538
vn -0.9933605 -0.09783785 0.06052115
vn -0.9891949 -0.09833486 0.1087371
vn -0.9838957 -0.09807719 0.1494327
vn -0.9917728 0.09768131 0.08273483
vn -0.9986078 -1.614636E-07 0.05274842
vn -0.8968976 0.2720706 0.3486434
vn -0.6049998 0.2506001 0.7557611
vn -0.9981669 1.662555E-07 0.06052138
vn -0.9941899 -0.001276416 0.107633
vn -0.9891021 -0.001870445 0.1472201
vn -0.9774226 0.1944217 0.08273568
vn -0.9937993 0.0978812 0.05274821
vn -0.8659096 0.3586715 0.3486479
vn -0.5775303 0.3086976 0.7557544
vn -0.9933605 0.09783788 0.06052117
vn -0.9897509 0.09547027 0.1062006
vn -0.910191 0.06859087 0.4084699
vn -0.9536597 0.2892891 0.08273533
vn -0.9794198 0.194819 0.05274835
vn -0.8265857 0.4418198 0.3486421
vn -0.5444865 0.3638137 0.7557606
vn -0.9789874 0.1947326 0.06052138
vn -0.9207122 0.381371 0.0827355
vn -0.9556082 0.2898803 0.05274813
vn -0.7792975 0.520711 0.3486481
vn -0.50621 0.415436 0.7557542
vn -0.9753253 0.1939939 0.1053893
vn -0.8788975 0.4697809 0.08273463
vn -0.9551862 0.2897525 0.06052119
vn -0.9225934 0.3821505 0.05274841
vn -0.7245075 0.5945891 0.348644
vn -0.4630454 0.4630471 0.755762
vn -0.8286188 0.5536659 0.08273546
vn -0.8806933 0.4707408 0.05274821
vn -0.922186 0.3819817 0.06052139
vn -0.9509664 0.2905053 0.1061584
vn -0.6627383 0.6627384 0.3486485
vn -0.4154357 0.506211 0.7557536
vn -0.7703604 0.6322182 0.08273482
vn -0.830312 0.5547969 0.05274829
vn -0.8803046 0.4705327 0.06052116
vn -0.5945888 0.7245087 0.3486422
vn -0.3638125 0.5444854 0.755762
vn -0.7046829 0.7046822 0.08273491
vn -0.7719347 0.6335097 0.05274798
vn -0.5207099 0.7792982 0.348648
vn -0.3086958 0.5775312 0.7557544
vn -0.6322183 0.7703603 0.0827347
vn -0.441819 0.8265857 0.3486432
vn -0.2505988 0.6049997 0.7557616
vn -0.3586716 0.8659096 0.3486477
vn -0.5536656 0.828619 0.08273519
vn -0.4697807 0.8788975 0.08273449
vn -0.3813713 0.9207121 0.08273489
vn -0.7061225 0.7061222 0.05274823
vn -0.8299454 0.554552 0.06052138
vn -0.6335099 0.7719344 0.05274806
vn -0.4707406 0.8806935 0.0527482
vn -0.3821505 0.9225934 0.05274843
vn -0.5547968 0.8303121 0.05274827
vn -0.7715937 0.63323 0.06052121
vn -0.4705328 0.8803046 0.0605212
vn -0.3819819 0.922186 0.06052134
vn -0.7058105 0.7058106 0.0605214
vn -0.5545517 0.8299455 0.06052135
vn -0.6332302 0.7715936 0.06052118
vn -0.4686553 0.8764333 0.1105754
vn -0.3806555 0.9181156 0.1102962
vn -0.5521573 0.8263621 0.1106698
vn -0.4660212 0.8714235 0.1531187
vn -0.37858 0.912909 0.1525595
vn -0.5490023 0.8216404 0.153308
vn -0.6267521 0.7640265 0.1531187
vn -0.6303723 0.7683775 0.1105754
vn -0.6985418 0.6991172 0.1525596
vn -0.7025576 0.7030273 0.1102963
vn -0.7636955 0.6275126 0.1516483
vn -0.7680268 0.6309276 0.1098414
vn -0.8215927 0.5498726 0.150418
vn -0.8261525 0.5527582 0.1092271
vn -0.8716736 0.4669164 0.1489097
vn -0.8763751 0.4692549 0.1084739
vn -0.9132076 0.3800693 0.1469665
vn -0.9180851 0.3815265 0.1075047
vn -0.868143 0.2846045 0.4066055
vn -0.9079568 0.1803354 0.3782772
vn -0.7868527 0.1565537 0.5969539
vn -0.7380628 0.2513581 0.6261648
vn -0.7766538 0.04956652 0.6279746
vn -0.7213072 -0.005694793 0.692592
vn -0.7112619 -0.02086258 0.7026174
vn -0.6554611 0.2919373 0.6965224
vn -0.6686714 0.2820998 0.6879668
vn -0.5989942 0.3356276 0.7270213
vn -0.610079 0.3268253 0.7217955
vn -0.1900952 0.6266574 0.7557542
vn -0.3586716 0.8659096 0.3486477
vn -0.2505988 0.6049997 0.7557616
vn -0.2720715 0.8968979 0.348642
vn -0.1277547 0.6422648 0.755761
vn -0.3813713 0.9207121 0.08273489
vn -0.1828492 0.9192444 0.3486485
vn -0.06418726 0.6517031 0.7557534
vn -0.2892894 0.9536596 0.08273491
vn -0.3821505 0.9225934 0.05274843
vn -0.0918671 0.9327421 0.3486442
vn -1.317819E-07 0.6548473 0.7557613
vn -0.1944216 0.9774227 0.08273567
vn -0.2898803 0.9556082 0.05274818
vn -0.3819819 0.922186 0.06052134
vn 1.492873E-07 0.9372532 0.3486495
vn 0.06418709 0.6517027 0.7557538
vn -0.09768152 0.9917728 0.08273516
vn -0.2897522 0.9551862 0.0605211
vn -0.3806555 0.9181156 0.1102962
vn -0.1948188 0.9794199 0.05274833
vn 0.0918671 0.9327421 0.3486439
vn 0.1277537 0.6422644 0.7557614
vn -0.2889898 0.9510099 0.1098413
vn -0.37858 0.912909 0.1525595
vn -0.2874921 0.9457014 0.1516482
vn 0 0.9965715 0.08273574
vn -0.1947329 0.9789874 0.06052137
vn -0.1945273 0.9747967 0.1092271
vn -0.1936063 0.9694798 0.1504182
vn -0.09788106 0.9937993 0.05274807
vn 0.1828485 0.9192446 0.3486486
vn 0.1900936 0.6266584 0.7557536
vn -0.09783765 0.9933605 0.06052118
vn -0.09816103 0.9892411 0.108474
vn -0.09779958 0.9840026 0.1489098
vn 0.09768151 0.9917728 0.0827349
vn 0 0.9986079 0.05274833
vn 0.2720701 0.8968981 0.3486425
vn 0.250599 0.605001 0.7557606
vn 0 0.9981669 0.06052133
vn -0.001148749 0.994204 0.1075047
vn -0.001669399 0.98914 0.1469665
vn 0.1944217 0.9774226 0.08273567
vn 0.09788107 0.9937993 0.05274816
vn 0.358671 0.8659099 0.3486477
vn 0.3086969 0.5775315 0.7557538
vn 0.09783767 0.9933605 0.06052112
vn 0.09552743 0.98975 0.1061584
vn 0.06928404 0.9109727 0.406606
vn 0.2892893 0.9536596 0.08273525
vn 0.1948188 0.9794198 0.05274832
vn 0.4418191 0.8265858 0.3486428
vn 0.3638126 0.5444857 0.7557616
vn 0.1947327 0.9789874 0.06052139
vn 0.3813711 0.9207122 0.0827356
vn 0.2898804 0.9556082 0.05274823
vn 0.5207101 0.7792979 0.3486486
vn 0.4154354 0.5062111 0.7557538
vn 0.1940138 0.9753213 0.1053893
vn 0.469781 0.8788974 0.08273501
vn 0.2897525 0.9551861 0.06052117
vn 0.3821502 0.9225934 0.05274848
vn 0.5945881 0.7245086 0.3486436
vn 0.463048 0.463047 0.7557606
vn 0.5536661 0.8286185 0.08273547
vn 0.4707406 0.8806935 0.05274818
vn 0.3819816 0.9221861 0.0605214
vn 0.2905582 0.9509455 0.1062006
vn 0.6627379 0.662739 0.3486481
vn 0.5062118 0.4154361 0.7557529
vn 0.6322184 0.7703602 0.08273501
vn 0.5547972 0.8303118 0.05274829
vn 0.4705326 0.8803046 0.06052118
vn 0.7245081 0.5945895 0.348642
vn 0.544485 0.3638138 0.7557616
vn 0.7046822 0.7046827 0.08273517
vn 0.6335098 0.7719346 0.05274801
vn 0.7792978 0.5207107 0.3486478
vn 0.5775293 0.308697 0.7557553
vn 0.8265854 0.4418197 0.348643
vn 0.7703602 0.6322185 0.08273473
vn 0.8286189 0.5536656 0.08273514
vn 0.8788977 0.4697807 0.08273439
vn 0.7061222 0.7061224 0.05274822
vn 0.554552 0.8299454 0.06052135
vn 0.8303121 0.5547966 0.05274829
vn 0.8806936 0.4707403 0.05274819
vn 0.7719344 0.6335099 0.05274802
vn 0.6332301 0.7715938 0.06052116
vn 0.8299456 0.5545517 0.0605214
vn 0.8803046 0.4705325 0.06052117
vn 0.7715936 0.6332303 0.0605212
vn 0.7058104 0.7058107 0.0605214
vn 0.8262855 0.5521061 0.1114948
vn 0.876322 0.4686751 0.1113708
vn 0.7683534 0.6302617 0.1113707
vn 0.8214267 0.5488595 0.1549563
vn 0.8711509 0.4660061 0.1547075
vn 0.7639088 0.6265054 0.1547073
vn 0.699114 0.6982339 0.1539768
vn 0.7030639 0.7024092 0.1110062
vn 0.6276203 0.7633763 0.152805
vn 0.6310213 0.7678667 0.1104213
vn 0.5500609 0.8213119 0.151261
vn 0.5528915 0.8260072 0.1096504
vn 0.4671315 0.8714688 0.149433
vn 0.4693976 0.8762659 0.1087373
vn 0.3802414 0.9130952 0.1472203
vn 0.3816394 0.9180231 0.1076331
vn 0.2849455 0.8671552 0.4084701
vn 0.1808517 0.9078541 0.3782772
vn 0.1564783 0.7868677 0.5969538
vn 0.2514193 0.7365029 0.6279744
vn 0.2914636 0.6491358 0.7026178
vn 0.2812949 0.6642208 0.6925923
vn 0.05021999 0.7780708 0.6261658
vn -0.004736225 0.7257261 0.6879674
vn -0.01888039 0.7172863 0.6965227
vn -0.3328151 -0.5885775 0.7367569
vn -0.2812947 -0.6642216 0.6925915
vn -0.2914638 -0.6491368 0.7026168
vn -0.323833 -0.6016015 0.7302108
vn -0.3705305 -0.5305483 0.7623817
vn -0.3640716 -0.5408848 0.7582186
vn -0.4037735 -0.4758941 0.7813398
vn -0.3993072 -0.4833679 0.7790439
vn -0.4344458 -0.4246784 0.7942953
vn -0.4315788 -0.4294455 0.7932946
vn -0.4641234 -0.3763998 0.8018184
vn -0.4626921 -0.3786795 0.8015721
vn -0.4940974 -0.3301452 0.8042835
vn -0.4940973 -0.3301452 0.8042835
vn -0.5253609 -0.284752 0.8018181
vn -0.5269196 -0.2825573 0.8015717
vn -0.5586078 -0.2388583 0.7942947
vn -0.5619148 -0.2343852 0.793294
vn -0.5941865 -0.1909216 0.7813393
vn -0.5993822 -0.1839352 0.7790436
vn -0.6319577 -0.1392941 0.7623822
vn -0.6390353 -0.1293713 0.7582197
vn -0.6711358 -0.08224244 0.7367582
vn -0.6797314 -0.06895965 0.7302122
vn -0.7112619 -0.02086258 0.7026174
vn -0.7213072 -0.005694793 0.692592
vn 0.01888082 -0.7172862 0.6965227
vn 0.004736669 -0.7257264 0.6879671
vn 0.06848034 -0.6887095 0.7217962
vn 0.08085455 -0.6818369 0.7270221
vn 0.1306127 -0.6528848 0.746111
vn 0.1399208 -0.6472395 0.7493352
vn 0.1879562 -0.6172436 0.7639914
vn 0.1945549 -0.6130161 0.7657412
vn 0.2417581 -0.5823073 0.7761903
vn 0.2459871 -0.5795199 0.7769473
vn 0.2932999 -0.5481333 0.7832785
vn 0.2953588 -0.5467604 0.7834643
vn 0.3437491 -0.5144562 0.7856026
vn 0.3437491 -0.5144562 0.7856026
vn 0.3941689 -0.4807345 0.7832786
vn 0.3921126 -0.4821113 0.7834643
vn 0.4454642 -0.4461939 0.7761912
vn 0.4412707 -0.4490341 0.7769482
vn 0.4983296 -0.4098572 0.7639927
vn 0.4918985 -0.414336 0.7657425
vn 0.5532033 -0.3705184 0.7461115
vn 0.5444255 -0.3769574 0.7493358
vn 0.6100793 -0.3268261 0.7217949
vn 0.5989942 -0.335628 0.7270211
vn 0.3328142 0.588576 0.7367585
vn 0.2812949 0.6642208 0.6925923
vn 0.2914636 0.6491358 0.7026178
vn 0.3238322 0.6016001 0.7302125
vn 0.3705292 0.5305468 0.7623832
vn 0.3640703 0.5408833 0.7582203
vn 0.403773 0.4758927 0.7813408
vn 0.3993065 0.4833666 0.779045
vn 0.4344452 0.4246776 0.7942962
vn 0.4315783 0.4294445 0.7932954
vn 0.4641219 0.3763995 0.8018194
vn 0.4626907 0.3786792 0.801573
vn 0.4940965 0.3301447 0.8042842
vn 0.4940966 0.3301447 0.8042842
vn 0.5253607 0.2847516 0.8018183
vn 0.5269193 0.2825569 0.801572
vn 0.5586073 0.2388585 0.794295
vn 0.5619142 0.2343854 0.7932943
vn 0.5941855 0.1909216 0.7813402
vn 0.5993812 0.1839351 0.7790444
vn 0.6319569 0.1392937 0.7623829
vn 0.6390347 0.129371 0.7582201
vn 0.671136 0.08224218 0.7367582
vn 0.6797319 0.06895933 0.7302117
vn 0.7112622 0.02086257 0.7026171
vn 0.7213071 0.005694984 0.692592
vn -0.544427 0.3769575 0.7493345
vn -0.610079 0.3268253 0.7217955
vn -0.5989942 0.3356276 0.7270213
vn -0.5532046 0.3705186 0.7461104
vn -0.4919003 0.4143364 0.7657411
vn -0.4983315 0.4098577 0.7639911
vn -0.4412709 0.449035 0.7769476
vn -0.4454644 0.4461947 0.7761905
vn -0.3921125 0.482112 0.783464
vn -0.3941686 0.4807351 0.7832782
vn -0.343749 0.5144567 0.7856022
vn -0.3437491 0.5144567 0.7856022
vn -0.2953582 0.5467609 0.7834642
vn -0.2932993 0.5481336 0.7832784
vn -0.2459865 0.5795196 0.7769478
vn -0.2417574 0.5823069 0.7761908
vn -0.1945543 0.6130156 0.7657419
vn -0.1879557 0.6172431 0.7639919
vn -0.1399212 0.6472395 0.7493351
vn -0.1306133 0.6528849 0.7461108
vn -0.08085508 0.6818376 0.7270212
vn -0.06848062 0.6887104 0.7217953
vn -0.01888039 0.7172863 0.6965227
vn -0.004736225 0.7257261 0.6879674
vn 0 -2.003884E-06 1
vn 6.965465E-07 -6.916729E-07 1
vn 0 -4.036953E-06 1
vn 0 -1.720085E-06 1
vn -5.128605E-07 -3.091133E-07 1
vn 6.975248E-07 -7.606558E-07 1
vn 0 -6.29647E-07 1
vn 6.428822E-07 0 1
vn 1.971152E-07 -1.118364E-07 1
vn -2.561985E-07 -2.363636E-07 1
vn 0 0 1
vn 3.044214E-07 6.133824E-07 1
vn 0 -3.503584E-07 1
vn 4.341645E-07 -5.058768E-07 1
vn -1.675246E-07 0 1
vn 3.672754E-07 4.099743E-07 1
vn 5.363368E-07 2.766438E-07 1
vn -2.42677E-07 0 1
vn 4.206401E-07 -2.153137E-07 1
vn 0 -6.066825E-07 1
vn 0 -1.035147E-06 1
vn 5.587254E-07 3.728259E-07 1
vn 7.841622E-07 3.896343E-07 1
vn 0 1.656315E-07 1
vn 3.101537E-07 -1.091159E-07 1
vn 5.304705E-07 -4.492867E-07 1
vn 2.247616E-07 -5.652705E-07 1
vn 5.147367E-07 -7.68374E-07 1
vn 9.979452E-07 2.867557E-07 1
vn 1.158277E-06 2.628381E-07 1
vn 5.046429E-07 0 1
vn -1.867671E-07 1.634706E-07 1
vn 4.080985E-07 2.504304E-07 1
vn 1.300955E-07 -5.386341E-07 1
vn 1.217952E-07 -5.275123E-07 1
vn 3.864493E-07 -4.626361E-07 1
vn 9.675548E-07 2.740705E-07 1
vn 1.108437E-06 2.462784E-07 1
vn 5.904207E-07 0 1
vn 1.901961E-07 0 1
vn -1.544231E-07 3.006017E-07 1
vn -2.488994E-07 0 1
vn 2.311865E-07 0 1
vn 2.683715E-07 -3.695976E-07 1
vn 4.176999E-07 -3.31463E-07 1
vn 3.710898E-07 -3.436722E-07 1
vn 8.457209E-07 0 1
vn 0 -1.042349E-07 1
vn 0 0 1
vn -3.588858E-07 1.61806E-07 1
vn -1.296164E-07 1.232302E-07 1
vn 2.909331E-07 0 1
vn 8.779218E-07 -1.585716E-07 1
vn 2.942278E-07 -1.561923E-07 1
vn 1.494339E-07 0 1
vn -2.541588E-07 0 1
vn 2.60733E-07 -1.197325E-07 1
vn 5.896354E-07 -2.574425E-07 1
vn 0 0 1
vn 1.351731E-07 0 1
vn 2.995941E-07 -1.328558E-07 1
vn -3.350492E-07 1.840298E-07 1
vn -1.383263E-07 0 1
vn 0 0 1
vn -1.169499E-06 6.441918E-07 1
vn 0 0 1
vn -2.033497E-07 0 1
vn 2.317533E-07 0 1
vn 3.645053E-07 0 1
vn -2.02613E-07 0 1
vn -1.057329E-06 6.926567E-07 1
vn 0 -1.159244E-07 1
vn -1.005803E-07 0 1
vn 2.347612E-07 0 1
vn 4.209798E-07 0 1
vn 3.906811E-07 2.535707E-07 1
vn 4.467815E-07 1.959627E-07 1
vn 0 -2.103152E-07 1
vn 1.26103E-07 0 1
vn 5.48154E-07 2.250435E-07 1
vn 0 0 1
vn 1.580899E-06 -6.790061E-07 1
vn 2.607642E-06 -1.408636E-06 1
vn 4.372431E-07 -2.361968E-07 1
vn 4.581934E-07 -1.485881E-07 1
vn 5.308301E-07 1.982811E-07 1
vn 0 1.050071E-06 1
vn -1.305526E-07 0 1
vn 1.487603E-07 0 1
vn -8.169164E-07 -2.260751E-07 1
vn 0 0 1
vn 3.904909E-07 2.703342E-07 1
vn 3.181739E-06 -1.571428E-07 1
vn 3.93337E-07 0 1
vn 0 0 1
vn -5.999818E-07 0 1
vn -3.671917E-07 -1.260641E-07 1
vn 1.845199E-06 0 1
vn 1.217685E-06 8.13049E-07 1
vn 7.400984E-07 2.701922E-07 1
vn 1.072672E-06 2.390263E-07 1
vn 4.724782E-07 0 1
vn -5.687658E-07 -2.037386E-07 1
vn 0 0 1
vn 2.272023E-07 1.96037E-07 1
vn 6.015718E-07 1.582807E-07 1
vn 1.106342E-06 7.91342E-07 1
vn 2.139712E-07 -1.12463E-07 1
vn -4.674581E-07 -1.260841E-07 1
vn 0 0 1
vn 2.758214E-07 2.691472E-07 1
vn 1.158277E-06 5.654292E-07 1
vn -3.136989E-07 0 1
vn -3.96297E-07 -1.898896E-07 1
vn 1.011988E-07 3.033468E-07 1
vn 7.389582E-07 7.832521E-07 1
vn -4.093615E-07 -1.025744E-07 1
vn 0 2.791828E-07 1
vn 3.415278E-07 9.351215E-07 1
vn 5.175519E-07 1.40097E-07 1
vn 1.322931E-07 0 1
vn -5.494012E-07 -1.753531E-07 1
vn -2.959439E-07 -1.421312E-07 1
vn 1.121614E-07 4.933732E-07 1
vn 7.84162E-07 8.028329E-07 1
vn 6.081528E-07 1.792044E-07 1
vn -1.448654E-07 0 1
vn -4.438241E-07 -1.820579E-07 1
vn -3.138224E-07 0 1
vn 3.60838E-07 3.125993E-07 1
vn 8.463818E-07 1.460343E-06 1
vn 2.99585E-07 1.642356E-07 1
vn -1.429063E-07 0 1
vn -2.250096E-07 -2.391932E-07 1
vn 2.202866E-07 -2.316738E-07 1
vn 3.926251E-07 8.15682E-07 1
vn 6.415251E-07 8.758656E-07 1
vn 3.221918E-07 2.554745E-07 1
vn 1.000959E-07 0 1
vn 0 -1.789049E-07 1
vn 2.040606E-07 0 1
vn 7.158841E-07 4.028327E-07 1
vn 4.576628E-07 2.360215E-06 1
vn 3.720482E-07 3.344093E-07 1
vn -1.570121E-07 0 1
vn -4.960223E-07 -3.382612E-07 1
vn -2.426775E-07 -4.123175E-07 1
vn 2.214971E-07 2.137335E-07 1
vn 1.538588E-06 4.648157E-07 1
vn 2.466427E-07 2.531466E-07 1
vn -1.299409E-07 0 1
vn -6.10485E-07 -1.791646E-07 1
vn 0 0 1
vn 1.72467E-07 1.792383E-06 1
vn 1.093106E-07 2.027611E-06 1
vn -5.848487E-07 4.228409E-07 1
vn 6.519074E-07 4.178451E-06 1
vn 3.598052E-07 -1.324379E-06 1
vn -2.524949E-07 -3.119841E-07 1
vn -2.561998E-07 -2.738614E-06 1
vn 1.673375E-07 -9.261751E-07 1
vn -5.140508E-07 -9.359471E-07 1
vn -2.498473E-07 -5.160186E-07 1
vn 0 -5.023944E-07 1
vn 1.216293E-07 1.552716E-06 1
vn 2.213179E-07 0 1
vn 0 6.730008E-07 1
vn -3.331435E-07 9.563928E-07 1
vn 0 -1.52937E-07 1
vn 0 6.966851E-07 1
vn -3.864493E-07 0 1
vn 1.868234E-07 6.465771E-07 1
vn 1.427813E-07 2.568893E-07 1
vn -2.398144E-07 1.535117E-07 1
vn 4.17699E-07 1.011973E-07 1
vn 0 0 1
vn 3.141548E-07 4.462031E-07 1
vn 0 2.254496E-07 1
vn 8.457206E-07 0 1
vn 1.213742E-07 1.042349E-07 1
vn -1.553798E-07 1.598052E-07 1
vn 0 0 1
vn 2.338199E-07 0 1
vn 8.779223E-07 -4.225571E-07 1
vn -3.293466E-07 0 1
vn 2.69383E-07 2.211066E-07 1
vn 0 1.19137E-07 1
vn 5.151864E-07 -1.358406E-07 1
vn 5.896362E-07 -6.816049E-07 1
vn -1.139941E-07 -1.547092E-07 1
vn -2.242913E-07 2.359001E-07 1
vn 8.33758E-07 1.831957E-07 1
vn 0 0 1
vn 0 -1.377896E-07 1
vn 3.350495E-07 -3.787316E-07 1
vn 0 0 1
vn -5.736421E-07 0 1
vn 1.700985E-07 1.317628E-07 1
vn 4.350233E-07 1.769111E-07 1
vn 1.808611E-07 0 1
vn 3.901892E-07 0 1
vn 1.169499E-06 1.291632E-07 1
vn -1.300956E-07 1.058776E-07 1
vn -2.619834E-07 0 1
vn -6.857263E-07 -2.293502E-07 1
vn 1.340853E-07 0 1
vn 0 2.736645E-07 1
vn 1.767253E-07 0 1
vn 8.784401E-07 1.50542E-07 1
vn 0 3.18951E-07 1
vn -2.920949E-07 -2.644519E-07 1
vn -2.094273E-07 -1.814612E-07 1
vn -1.771546E-07 0 1
vn 6.989446E-07 0 1
vn 7.054474E-07 0 1
vn -3.607504E-07 0 1
vn -1.899691E-07 0 1
vn 0 0 1
vn 3.481165E-07 -2.307502E-07 1
vn -1.207842E-07 0 1
vn -1.766623E-07 0 1
vn 0 0 1
vn 0 0 1
vn -1.862157E-07 -3.799564E-07 1
vn 1.898077E-07 0 1
vn 0 -1.013345E-07 1
vn -1.735583E-07 -4.155194E-07 1
vn -1.752295E-07 0 1
vn 2.840345E-07 0 1
vn 1.987666E-07 0 1
vn 0 -1.030191E-07 1
vn 0 -2.166509E-07 1
vn -3.748248E-07 -1.80812E-07 1
vn 2.10824E-07 1.178612E-07 1
vn 0 0 1
vn -1.997233E-07 0 1
vn 0 0 1
vn 0 0 1
vn 0 -1.533377E-07 1
vn -2.512054E-07 0 1
vn 2.187124E-07 0 1
vn -1.955375E-07 0 1
vn -3.72304E-07 0 1
vn -2.468483E-07 -2.365073E-07 1
vn 7.067805E-07 2.242501E-07 1
vn 1.09143E-06 2.615826E-07 1
vn 0 -1.070116E-07 1
vn 5.991649E-07 2.11635E-07 1
vn 6.017808E-07 1.342734E-07 1
vn -2.059395E-07 0 1
vn -2.415348E-07 0 1
vn 1.930903E-07 1.82313E-07 1
vn 0 2.671352E-07 1
vn -2.512055E-07 -1.057348E-07 1
vn 7.600767E-07 1.592661E-07 1
vn 9.786249E-07 0 1
vn 0 0 1
vn -2.075703E-07 0 1
vn -1.346342E-07 0 1
vn 1.726224E-07 1.442834E-07 1
vn -7.954346E-07 3.418214E-07 1
vn 2.415572E-07 0 1
vn -4.913674E-07 1.948314E-07 1
vn -3.224157E-07 0 1
vn -2.270659E-07 -1.098781E-07 1
vn 0 0 1
vn -3.872931E-07 0 1
vn -1.882713E-06 0 1
vn -1.821321E-06 2.361965E-07 1
vn -1.024057E-06 0 1
vn 7.021921E-07 -1.841704E-07 1
vn 0 0 1
vn -5.849722E-07 0 1
vn -1.332987E-06 5.70196E-07 1
vn -2.60764E-06 1.408636E-06 1
vn -1.839867E-06 4.419522E-07 1
vn -6.593624E-07 0 1
vn -5.049882E-07 0 1
vn 7.196081E-07 4.64297E-07 1
vn -3.578657E-07 2.267319E-07 1
vn -1.833753E-07 0 1
vn 4.936105E-07 0 1
vn 7.094854E-07 0 1
vn 0 0 1
vn 6.514653E-07 1.676634E-07 1
vn -3.599864E-07 1.40515E-07 1
vn 1.758299E-07 1.353508E-07 1
vn 0 0 1
vn -1.102697E-07 1.176853E-07 1
vn 0.3306516 0.6186064 0.7127382
vn 0.2161894 0.5219248 0.8251404
vn 0.2684272 0.6480382 0.7127364
vn 0.2663023 0.4982165 0.8251444
vn 0.3896922 0.5832157 0.7127408
vn 0.313855 0.4697186 0.8251421
vn 0.4449807 0.5422146 0.712738
vn 0.3583806 0.4366908 0.8251451
vn 0.495983 0.4959888 0.7127383
vn 0.3994617 0.3994654 0.8251411
vn 0.5422148 0.444985 0.7127352
vn 0.4366921 0.3583842 0.8251429
vn 0.5832192 0.3896946 0.7127366
vn 0.4697216 0.3138583 0.8251392
vn 0.6186055 0.330653 0.7127382
vn 0.4982173 0.266304 0.8251435
vn 0.6480355 0.2684253 0.7127396
vn 0.5219247 0.2161887 0.8251407
vn 0.6712258 0.2036138 0.7127393
vn 0.5405964 0.1639884 0.8251444
vn 0.6879453 0.1368411 0.7127452
vn 0.5540714 0.1102118 0.8251414
vn 0.6980468 0.06875222 0.7127438
vn 0.5622025 0.05537248 0.8251439
vn 0.7014278 4.817683E-07 0.7127404
vn 0.5649282 4.906351E-07 0.8251401
vn 0.6980538 -0.06875258 0.712737
vn 0.5622021 -0.05537226 0.825144
vn 0.3041278 0.203212 0.9307047
vn 0.3225815 0.1724234 0.9307048
vn 0.337929 0.1399744 0.9307047
vn 0.3500208 0.1061776 0.930705
vn 0.3587456 0.07135853 0.9307039
vn 0.364014 0.03585233 0.9307032
vn 0.3657753 3.155845E-07 0.9307032
vn 0.2827444 0.2320417 0.9307052
vn 0.3640101 -0.03585203 0.9307047
vn 0.5540719 -0.1102124 0.825141
vn 0.258639 0.2586381 0.9307052
vn 0.3587413 -0.07135841 0.9307055
vn 0.5405969 -0.1639887 0.8251441
vn 0.232043 0.2827433 0.9307053
vn 0.3500189 -0.1061774 0.9307057
vn 0.5219235 -0.216188 0.8251416
vn 0.2032112 0.3041272 0.930705
vn 0.3379276 -0.1399748 0.9307051
vn 0.4982156 -0.2663013 0.8251453
vn 0.1724233 0.3225807 0.9307051
vn 0.32258 -0.1724231 0.9307053
vn 0.4697202 -0.3138555 0.825141
vn 0.1399748 0.3379285 0.9307048
vn 0.1061775 0.3500222 0.9307044
vn 0.163988 0.5405977 0.8251437
vn 0.1357416 0.2031493 0.9696931
vn 0.1151733 0.2154732 0.969694
vn 0.09349999 0.2257286 0.9696929
vn 0.07092457 0.2338047 0.9696932
vn 0.1549987 0.1888636 0.9696937
vn 0.1727647 0.1727638 0.9696932
vn 0.1888634 0.1549955 0.9696943
vn 0.2031492 0.135739 0.9696934
vn 0.2154703 0.1151718 0.9696949
vn 0.225727 0.09349861 0.9696934
vn 0.2338038 0.07092234 0.9696936
vn 0.2396314 0.0476651 0.9696932
vn 0.2431476 0.02394811 0.9696936
vn 0.2443296 3.74377E-07 0.9696923
vn 0.2431489 -0.02394833 0.9696932
vn 0.2396315 -0.04766572 0.9696932
vn 0.233801 -0.07092234 0.9696944
vn 0.2257283 -0.09349918 0.9696931
vn 0.004632793 0.001404703 0.9999883
vn 0.004754641 0.0009458439 0.9999883
vn 0.004817501 0.000475158 0.9999883
vn 0.004845627 4.559806E-07 0.9999883
vn 0.004813076 -0.0004747906 0.9999883
vn 0.004754717 -0.0009461337 0.9999883
vn 0.004631527 -0.001405372 0.9999883
vn 0.004478243 0.001855006 0.9999883
vn 0.004266364 0.002281751 0.9999883
vn 0.004029963 0.002693522 0.9999883
vn 0.003741215 0.00307104 0.9999883
vn 0.003426923 0.003428267 0.9999883
vn 0.003069005 0.003741939 0.9999883
vn 0.002692309 0.004031433 0.9999883
vn 0.002280634 0.004269213 0.9999883
vn 0.001854707 0.004477161 0.9999883
vn 0.001404886 0.004627679 0.9999883
vn -0.184851 -0.151705 0.970987
vn -0.1690873 -0.1690894 0.9709883
vn -0.1517052 -0.1848523 0.9709867
vn -0.1328536 -0.1988276 0.9709879
vn -0.112728 -0.2108968 0.9709865
vn -0.09151181 -0.2209274 0.9709876
vn -0.06941815 -0.2288408 0.9709857
vn -0.1988304 -0.1328526 0.9709874
vn -0.2108969 -0.1127268 0.9709868
vn -0.2209239 -0.091511 0.9709883
vn -0.2288379 -0.06941711 0.9709863
vn -0.234535 -0.04665159 0.9709877
vn -0.2379833 -0.02343877 0.9709864
vn -0.2391324 0 0.970987
vn -0.2379866 0.02343914 0.9709857
vn -0.2345355 0.04665208 0.9709876
vn -0.3402307 -0.1818581 0.9225891
vn -0.3564122 -0.1476322 0.9225915
vn -0.3691722 -0.1119874 0.9225891
vn -0.3783686 -0.07526212 0.9225903
vn -0.3839284 -0.03781353 0.9225883
vn -0.3857796 -2.488043E-07 0.922591
vn -0.3839257 0.03781333 0.9225894
vn -0.320766 -0.2143283 0.9225902
vn -0.2982154 -0.2447395 0.9225888
vn -0.2727871 -0.2727885 0.9225908
vn -0.2447378 -0.2982161 0.9225891
vn -0.2143275 -0.3207657 0.9225905
vn -0.1818579 -0.3402322 0.9225886
vn -0.1476323 -0.356414 0.9225908
vn -0.1119875 -0.3691728 0.9225889
vn -0.5062118 -0.415436 0.7557529
vn -0.5444847 -0.3638137 0.7557617
vn -0.4630477 -0.4630465 0.7557611
vn -0.5775298 -0.3086967 0.755755
vn -0.415435 -0.5062107 0.7557543
vn -0.6049999 -0.2505993 0.7557613
vn -0.3638127 -0.5444861 0.7557613
vn -0.6266579 -0.1900949 0.7557538
vn -0.3086971 -0.5775319 0.7557533
vn -0.6422652 -0.1277545 0.7557606
vn -0.2506002 -0.6050008 0.7557603
vn -0.6517033 -0.06418703 0.7557532
vn -0.1900948 -0.6266581 0.7557537
vn -0.6548455 0 0.7557628
vn -0.1277538 -0.6422641 0.7557616
vn -0.651702 0.06418692 0.7557544
vn -0.07526217 -0.3783698 0.9225898
vn -0.06418717 -0.6517013 0.7557549
vn -0.3783689 0.07526247 0.9225901
vn -0.6422648 0.127754 0.755761
vn -0.04665265 -0.2345375 0.970987
vn -0.03781351 -0.3839279 0.9225885
vn -1.513053E-07 -0.6548455 0.7557628
vn -0.3691728 0.1119881 0.9225888
vn -0.6266581 0.1900948 0.7557538
vn -0.2288362 0.06941696 0.9709868
vn 0.0009442809 0.004753106 0.9999883
vn 0 -0.3857796 0.922591
vn 0.06418715 -0.651702 0.7557542
vn -0.02343968 -0.2379829 0.9709864
vn -0.3564126 0.1476321 0.9225914
vn -0.6049998 0.2506001 0.7557611
vn 0.004476793 -0.001855094 0.9999883
vn -0.2209268 0.09151038 0.9709877
vn 0.03781346 -0.3839279 0.9225885
vn 0.1277548 -0.6422631 0.7557625
vn 1.460407E-07 -0.2391301 0.9709876
vn -0.3402309 0.1818572 0.9225893
vn -0.5775303 0.3086976 0.7557544
vn 0.215472 -0.1151728 0.9696943
vn 0.004265022 -0.002280797 0.9999883
vn -0.2108997 0.1127269 0.9709861
vn 0.07526257 -0.3783685 0.9225903
vn 0.1900951 -0.6266552 0.7557561
vn -0.3207674 0.2143281 0.9225897
vn -0.5444865 0.3638137 0.7557606
vn 0.3041273 -0.2032113 0.9307049
vn 0.2031492 -0.1357402 0.9696932
vn 0.004028758 -0.002693028 0.9999883
vn -0.1988303 0.1328529 0.9709874
vn -0.2982172 0.2447396 0.9225883
vn -0.50621 0.415436 0.7557542
vn -0.184855 0.1517046 0.9709863
vn 0.003739797 -0.003071072 0.9999883
vn 0.1888643 -0.1549965 0.969694
vn 0.2827447 -0.232042 0.9307051
vn -0.2727875 0.2727887 0.9225905
vn -0.4630454 0.4630471 0.755762
vn -0.1690908 0.1690894 0.9709877
vn 0.003426165 -0.003428183 0.9999883
vn 0.1727635 -0.1727637 0.9696935
vn -0.2447378 0.298216 0.9225891
vn -0.4154357 0.506211 0.7557536
vn -0.1517048 0.1848526 0.9709867
vn 0.00307014 -0.003741533 0.9999883
vn -0.2143269 0.3207648 0.9225908
vn -0.3638125 0.5444854 0.755762
vn -0.1328539 0.1988279 0.9709877
vn -0.1818574 0.3402328 0.9225885
vn -0.3086958 0.5775312 0.7557544
vn 0.2586398 -0.2586387 0.9307048
vn 0.1549978 -0.1888623 0.9696941
vn 0.002691908 -0.00403082 0.9999883
vn -0.1127282 0.2108971 0.9709865
vn -0.1476318 0.3564164 0.9225899
vn -0.2505988 0.6049997 0.7557616
vn 0.2320429 -0.2827442 0.930705
vn 0.1357407 -0.2031473 0.9696936
vn 0.002279592 -0.004268634 0.9999883
vn -0.09151151 0.2209266 0.9709877
vn -0.1119876 0.3691736 0.9225886
vn -0.1900952 0.6266574 0.7557542
vn 0.2032115 -0.3041275 0.9307049
vn 0.1151722 -0.2154707 0.9696946
vn 0.001854402 -0.004479608 0.9999883
vn -0.06941734 0.228837 0.9709865
vn -0.07526224 0.3783693 0.92259
vn -0.1277547 0.6422648 0.755761
vn 0.1724238 -0.3225818 0.9307046
vn 0.09349937 -0.2257263 0.9696935
vn 0.001405315 -0.004633329 0.9999883
vn -0.04665199 0.2345342 0.9709877
vn -0.03781394 0.3839286 0.9225882
vn -0.06418726 0.6517031 0.7557534
vn 0.1399743 -0.3379296 0.9307044
vn 0.07092341 -0.2338003 0.9696944
vn 0.0009454469 -0.004755446 0.9999883
vn -0.02343946 0.2379828 0.9709865
vn -5.344245E-07 0.3857821 0.9225899
vn -1.317819E-07 0.6548473 0.7557613
vn 0.1061765 -0.3500206 0.9307052
vn 0.04766554 -0.2396291 0.9696937
vn 0.0004742568 -0.004816416 0.9999883
vn 1.067792E-07 0.2391284 0.9709879
vn 0.03781365 0.3839299 0.9225876
vn 0.06418709 0.6517027 0.7557538
vn 0.0713577 -0.3587418 0.9307053
vn 0.0239479 -0.2431457 0.9696941
vn 3.509502E-07 -0.004848846 0.9999883
vn 0.02343938 0.2379825 0.9709865
vn 0.0752625 0.3783697 0.9225898
vn 0.1277537 0.6422644 0.7557614
vn 0.03585146 -0.3640083 0.9307055
vn 1.551713E-07 -0.2443269 0.9696929
vn -0.0004742091 -0.004818335 0.9999883
vn 0.04665222 0.2345346 0.9709877
vn 0.1119877 0.3691746 0.9225882
vn 0.1900936 0.6266584 0.7557536
vn 4.073207E-07 -0.3657713 0.9307048
vn -0.02394778 -0.2431464 0.969694
vn -0.0009449131 -0.004755683 0.9999883
vn 0.06941817 0.2288371 0.9709864
vn 0.147633 0.3564171 0.9225895
vn 0.250599 0.605001 0.7557606
vn -0.03585147 -0.3640091 0.9307051
vn -0.04766474 -0.2396302 0.9696935
vn -0.001403407 -0.004633354 0.9999883
vn 0.0915125 0.2209285 0.9709872
vn 0.1818588 0.3402318 0.9225886
vn 0.3086969 0.5775315 0.7557538
vn -0.07135772 -0.3587419 0.9307053
vn -0.07092226 -0.2338014 0.9696943
vn -0.001853532 -0.004478352 0.9999883
vn 0.1127289 0.2109003 0.9709858
vn 0.2143275 0.3207639 0.922591
vn 0.3638126 0.5444857 0.7557616
vn -0.1061764 -0.3500204 0.9307053
vn -0.09349987 -0.2257285 0.9696929
vn -0.00228135 -0.004265178 0.9999883
vn 0.1328538 0.1988291 0.9709876
vn 0.2447381 0.2982149 0.9225894
vn 0.4154354 0.5062111 0.7557538
vn -0.1399752 -0.3379313 0.9307036
vn -0.1151744 -0.2154734 0.9696937
vn -0.002693013 -0.004028455 0.9999883
vn 0.151706 0.1848525 0.9709865
vn 0.2727869 0.2727875 0.922591
vn 0.463048 0.463047 0.7557606
vn -0.1724243 -0.3225841 0.9307038
vn -0.1357421 -0.2031479 0.9696932
vn -0.003068286 -0.003740355 0.9999883
vn 0.1690879 0.1690891 0.9709882
vn 0.298215 0.2447392 0.9225891
vn 0.5062118 0.4154361 0.7557529
vn -0.2032117 -0.3041279 0.9307047
vn -0.1549975 -0.1888621 0.9696943
vn -0.003426537 -0.003427905 0.9999883
vn 0.1848508 0.1517048 0.9709871
vn 0.3207658 0.2143283 0.9225902
vn 0.544485 0.3638138 0.7557616
vn -0.2320429 -0.2827442 0.930705
vn -0.1727646 -0.1727629 0.9696934
vn -0.003741427 -0.003071208 0.9999883
vn 0.1988304 0.1328526 0.9709874
vn 0.3402307 0.1818581 0.9225892
vn 0.5775293 0.308697 0.7557553
vn -0.2586431 -0.2586402 0.9307035
vn -0.1888647 -0.1549954 0.9696941
vn -0.004029963 -0.002693522 0.9999883
vn 0.2108971 0.1127269 0.9709867
vn 0.3564121 0.1476324 0.9225915
vn 0.6049993 0.2505996 0.7557616
vn -0.2827483 -0.2320435 0.9307036
vn -0.2031492 -0.135739 0.9696934
vn -0.004266393 -0.00228176 0.9999883
vn 0.2209255 0.09151073 0.970988
vn 0.3691731 0.111988 0.9225886
vn 0.6266578 0.1900949 0.7557539
vn -0.3041278 -0.2032126 0.9307045
vn -0.2154716 -0.1151717 0.9696945
vn -0.004476774 -0.001855467 0.9999883
vn 0.228839 0.06941663 0.9709861
vn 0.3783694 0.07526278 0.9225899
vn 0.6422651 0.127754 0.7557609
vn -0.3225815 -0.1724234 0.9307048
vn -0.2257283 -0.09349853 0.9696932
vn -0.004632598 -0.001405669 0.9999883
vn 0.234535 0.04665243 0.9709877
vn 0.3839253 0.03781352 0.9225896
vn 0.6517027 0.06418663 0.7557537
vn -0.3379288 -0.1399744 0.9307047
vn -0.2338036 -0.0709223 0.9696937
vn -0.004755998 -0.0009460808 0.9999883
vn 0.237984 0.02343972 0.9709862
vn 0.3857765 0 0.9225922
vn 0.6548455 0 0.7557628
vn -0.3500196 -0.1061775 0.9307055
vn -0.2396311 -0.04766503 0.9696932
vn -0.004814847 -0.0004747413 0.9999883
vn 0.2391323 -2.391376E-07 0.970987
vn 0.3839254 -0.03781325 0.9225896
vn 0.6517027 -0.06418661 0.7557537
vn -0.3587421 -0.07135823 0.9307052
vn -0.2431474 -0.02394809 0.9696936
vn -0.004842833 -5.481072E-07 0.9999883
vn 0.2379856 -0.02343998 0.9709858
vn 0.3783685 -0.07526181 0.9225903
vn 0.6422651 -0.1277536 0.7557608
vn -0.3640093 -0.03585189 0.930705
vn -0.2443296 -3.746747E-07 0.9696923
vn -0.004811304 0.0004738843 0.9999883
vn 0.2345382 -0.04665296 0.9709868
vn 0.3691724 -0.1119874 0.9225891
vn 0.6266578 -0.1900948 0.7557539
vn -0.3657729 -1.653627E-07 0.9307042
vn -0.2431502 0.02394788 0.9696931
vn -0.004749622 0.0009446654 0.9999883
vn 0.2288409 -0.06941786 0.9709857
vn 0.3564125 -0.1476326 0.9225913
vn 0.6049998 -0.2506001 0.7557611
vn -0.364014 0.03585227 0.9307032
vn -0.2396354 0.04766582 0.9696922
vn -0.004627534 0.001404011 0.9999883
vn 0.2209271 -0.09151135 0.9709876
vn 0.3402309 -0.1818583 0.922589
vn 0.5775305 -0.3086976 0.7557542
vn -0.3587493 0.07135976 0.9307022
vn -0.2338049 0.07092365 0.9696934
vn -0.004476322 0.001854886 0.9999883
vn 0.2108984 -0.1127269 0.9709863
vn 0.3207676 -0.2143286 0.9225895
vn 0.5444865 -0.3638138 0.7557606
vn -0.3500243 0.1061791 0.9307035
vn -0.2257292 0.09349912 0.9696929
vn -0.004266584 0.002281926 0.9999883
vn 0.1988303 -0.1328525 0.9709876
vn 0.2982173 -0.2447397 0.9225882
vn 0.5062101 -0.4154363 0.7557539
vn -0.3379301 0.139975 0.9307042
vn -0.2154724 0.1151714 0.9696944
vn -0.004030458 0.002693817 0.9999883
vn 0.184855 -0.1517046 0.9709863
vn 0.2727875 -0.272788 0.9225908
vn 0.4630457 -0.4630473 0.7557617
vn -0.3225811 0.1724232 0.9307049
vn -0.2031499 0.1357387 0.9696934
vn -0.003739891 0.003071072 0.9999883
vn 0.1690908 -0.1690893 0.9709877
vn 0.244738 -0.2982157 0.9225891
vn 0.4154364 -0.5062114 0.755753
vn -0.3041284 0.2032114 0.9307046
vn -0.1888643 0.1549951 0.9696941
vn -0.003426172 0.003427524 0.9999883
vn 0.1517046 -0.1848537 0.9709865
vn 0.2143278 -0.3207652 0.9225905
vn 0.3638135 -0.5444854 0.7557614
vn -0.2827458 0.2320417 0.9307048
vn -0.1727633 0.1727629 0.9696936
vn -0.003071872 0.003739832 0.9999883
vn 0.1328538 -0.1988316 0.9709871
vn 0.1818581 -0.3402301 0.9225894
vn 0.3086965 -0.5775286 0.7557561
vn -0.2586397 0.2586388 0.9307049
vn -0.1549983 0.1888628 0.969694
vn -0.002693896 0.004028677 0.9999883
vn 0.1127296 -0.2109023 0.9709852
vn 0.1476319 -0.3564125 0.9225914
vn 0.2505991 -0.6049971 0.7557636
vn -0.2320432 0.2827452 0.9307046
vn -0.1357425 0.2031491 0.9696929
vn -0.002280072 0.004264789 0.9999883
vn 0.09151305 -0.2209318 0.9709863
vn 0.1119878 -0.3691714 0.9225894
vn 0.06941804 -0.228843 0.9709851
vn -0.001852695 0.004473863 0.9999883
vn -0.1151745 0.2154735 0.9696937
vn 0.04665291 -0.2345396 0.9709864
vn -0.001403184 0.004627269 0.9999883
vn -0.09350118 0.2257294 0.9696926
vn 0.02344028 -0.2379866 0.9709855
vn -0.000944891 0.004751333 0.9999883
vn -0.07092437 0.2338042 0.9696934
vn -0.0004727097 0.004813477 0.9999883
vn 7.668689E-07 0.004847437 0.9999883
vn -0.04766611 0.2396336 0.9696926
vn -0.02394753 0.2431486 0.9696934
vn 0.0004732566 0.004818195 0.9999883
vn 7.404144E-07 0.2443268 0.9696929
vn 0.04766562 0.2396329 0.9696928
vn 0.02394747 0.2431457 0.9696941
vn 0.07135883 0.3587462 0.9307035
vn 0.03585185 0.3640121 0.930704
vn 0.1102112 0.5540739 0.8251397
vn 0.2036152 0.6712303 0.7127346
vn 0.1368411 0.6879527 0.7127381
vn 0.05537182 0.5622045 0.8251424
vn 0.06875207 0.6980528 0.712738
vn 0 0.3657728 0.9307042
vn -1.582011E-07 0.5649284 0.8251399
vn 0 0.70143 0.7127385
vn -0.03585176 0.3640111 0.9307043
vn -0.05537203 0.5622028 0.8251436
vn -0.06875258 0.698055 0.7127357
vn -0.07135854 0.3587464 0.9307035
vn -0.1102117 0.5540727 0.8251405
vn -0.1368423 0.6879509 0.7127396
vn -0.1061782 0.3500246 0.9307035
vn -0.1639874 0.5405973 0.825144
vn -0.2036146 0.6712253 0.7127396
vn -0.1399759 0.3379332 0.9307028
vn -0.2161872 0.5219254 0.8251406
vn -0.2684237 0.6480331 0.7127424
vn -0.1724264 0.3225866 0.9307024
vn -0.2663029 0.4982186 0.825143
vn -0.3306487 0.6186017 0.7127435
vn -0.2032141 0.3041315 0.9307029
vn -0.3138569 0.4697227 0.825139
vn -0.3896908 0.583216 0.7127414
vn -0.3583829 0.4366931 0.825143
vn -0.4449813 0.5422149 0.7127375
vn -0.3994636 0.3994645 0.8251405
vn -0.4959829 0.4959863 0.7127401
vn -0.4366915 0.3583838 0.8251434
vn -0.5422132 0.4449835 0.7127374
vn -0.4697214 0.3138581 0.8251393
vn -0.5832191 0.3896939 0.7127371
vn -0.4982176 0.2663039 0.8251433
vn -0.5219249 0.2161888 0.8251405
vn -0.5405976 0.1639887 0.8251436
vn -0.5540717 0.1102128 0.825141
vn -0.5622014 0.0553726 0.8251445
vn -0.564928 0 0.8251402
vn -0.6980508 0.06875269 0.7127398
vn -0.7014308 0 0.7127376
vn -0.5622021 -0.05537228 0.8251441
vn -0.6980527 -0.0687524 0.712738
vn -0.5540714 -0.1102122 0.8251413
vn -0.6879499 -0.1368421 0.7127407
vn -0.5405965 -0.1639886 0.8251443
vn -0.6712274 -0.203614 0.7127378
vn -0.5219235 -0.2161888 0.8251413
vn -0.6480356 -0.2684253 0.7127396
vn -0.4982162 -0.2663042 0.825144
vn -0.6186055 -0.330653 0.7127382
vn -0.4697205 -0.3138588 0.8251396
vn -0.5832175 -0.3896944 0.7127382
vn -0.4366924 -0.3583844 0.8251427
vn -0.5422111 -0.4449823 0.7127396
vn -0.399463 -0.3994656 0.8251403
vn -0.4959787 -0.4959858 0.7127434
vn -0.3583805 -0.4366932 0.8251439
vn -0.4449791 -0.5422154 0.7127385
vn -0.3138562 -0.4697222 0.8251396
vn -0.3896935 -0.5832191 0.7127374
vn -0.2663026 -0.4982197 0.8251424
vn -0.3306515 -0.6186074 0.7127373
vn -0.2161873 -0.5219254 0.8251405
vn -0.2684246 -0.6480342 0.7127412
vn -0.1639867 -0.5405965 0.8251448
vn -0.2036138 -0.6712252 0.7127398
vn -0.1102113 -0.5540718 0.8251411
vn -0.1368418 -0.687951 0.7127396
vn -0.05537187 -0.562201 0.8251448
vn -0.06875237 -0.6980518 0.7127389
vn 0 -0.5649239 0.825143
vn -4.926896E-07 -0.7014245 0.7127437
vn 0.05537172 -0.5621994 0.825146
vn 0.06875215 -0.6980491 0.7127417
vn 0.1102116 -0.5540718 0.8251411
vn 0.1368425 -0.6879494 0.712741
vn 0.1639874 -0.5405973 0.825144
vn 0.2036146 -0.6712253 0.7127396
vn 0.2161872 -0.5219254 0.8251406
vn 0.2684246 -0.6480342 0.7127411
vn 0.2663025 -0.498218 0.8251435
vn 0.3306513 -0.6186045 0.7127398
vn 0.3138565 -0.4697217 0.8251397
vn 0.3896945 -0.5832182 0.7127376
vn 0.3583829 -0.4366929 0.825143
vn 0.4449833 -0.5422152 0.7127359
vn 0.399464 -0.3994642 0.8251405
vn 0.4959834 -0.4959867 0.7127395
vn 0.4366915 -0.3583826 0.8251439
vn 0.5422153 -0.4449826 0.7127363
vn 0.5832193 -0.3896915 0.7127382
vn 0.6879523 -0.1368426 0.7127382
vn 0.5622021 -0.05537226 0.825144
vn 0.6980538 -0.06875258 0.712737
vn 0.5540719 -0.1102124 0.825141
vn 0.6712285 -0.2036143 0.7127365
vn 0.5405969 -0.1639887 0.8251441
vn 0.6480358 -0.268424 0.7127398
vn 0.5219235 -0.216188 0.8251416
vn 0.6186051 -0.3306502 0.7127398
vn 0.4982156 -0.2663013 0.8251453
vn 0.5832193 -0.3896915 0.7127382
vn 0.4697202 -0.3138555 0.825141
vn -0.5832191 0.3896939 0.7127371
vn -0.4697214 0.3138581 0.8251393
vn -0.4982176 0.2663039 0.8251433
vn -0.6186076 0.3306524 0.7127367
vn -0.5219249 0.2161888 0.8251405
vn -0.648036 0.2684247 0.7127395
vn -0.5405976 0.1639887 0.8251436
vn -0.6712261 0.2036135 0.7127391
vn -0.5540717 0.1102128 0.825141
vn -0.687948 0.136842 0.7127424
vn -0.5622014 0.0553726 0.8251445
vn -0.6980508 0.06875269 0.7127398
vn 0.2684272 0.6480382 0.7127364
vn 0.2161894 0.5219248 0.8251404
vn 0.163988 0.5405977 0.8251437
vn 0.2036152 0.6712303 0.7127346
vt 0.653908 0.5991638
vt 0.6676382 0.5991639
vt 0.6676383 0.5991638
vt 0.2369845 0.3425253
vt 0.2369595 0.3562556
vt 0.2369595 0.3562556
vt 0.1102189 0.6265162
vt 0.1239491 0.6265162
vt 0.1239491 0.6265162
vt 0.2429117 0.3425254
vt 0.2428868 0.3562556
vt 0.2428868 0.3562556
vt 0.2815062 0.3622513
vt 0.2815062 0.3622513
vt 0.2815062 0.348521
vt 0.4197544 0.5992232
vt 0.4334846 0.5992232
vt 0.4334846 0.5992232
vt 0.4334846 0.5992232
vt 0.4471494 0.5992
vt 0.4471494 0.5992
vt 0.4334854 0.598861
vt 0.4197536 0.598861
vt 0.4197544 0.5992232
vt 0.4060884 0.5988377
vt 0.4060909 0.5992
vt 0.3926218 0.5987915
vt 0.3926259 0.5991538
vt 0.379483 0.5987228
vt 0.3794887 0.5990851
vt 0.3667992 0.5986322
vt 0.3668064 0.5989945
vt 0.3546918 0.5985206
vt 0.3547004 0.5988829
vt 0.406071 0.596302
vt 0.392593 0.5962558
vt 0.3794431 0.596187
vt 0.3667487 0.5960963
vt 0.354631 0.5959846
vt 0.4197477 0.5963252
vt 0.3924608 0.5846068
vt 0.3792601 0.5845377
vt 0.405991 0.5846533
vt 0.3665164 0.5844467
vt 0.4197207 0.5846766
vt 0.3432078 0.5958529
vt 0.3543518 0.5843346
vt 0.3432782 0.5983891
vt 0.3919303 0.5378405
vt 0.40567 0.5378876
vt 0.378525 0.5377703
vt 0.4196123 0.5379113
vt 0.365584 0.5376779
vt 0.3428844 0.5842024
vt 0.332588 0.5957026
vt 0.353231 0.537564
vt 0.3908376 0.4415323
vt 0.4050089 0.4415809
vt 0.3770113 0.44146
vt 0.4193891 0.4416053
vt 0.3636638 0.4413646
vt 0.341586 0.5374298
vt 0.3322235 0.5840515
vt 0.3509228 0.4412471
vt 0.389761 0.3466409
vt 0.4043575 0.346691
vt 0.3755199 0.3465664
vt 0.4191692 0.3467161
vt 0.3617719 0.3464682
vt 0.338912 0.4411087
vt 0.3307599 0.5372766
vt 0.3486486 0.3463472
vt 0.3892719 0.3035268
vt 0.4040615 0.3035775
vt 0.3748422 0.3034513
vt 0.4190693 0.303603
vt 0.3609123 0.3033518
vt 0.322473 0.5838832
vt 0.3228752 0.595535
vt 0.3208584 0.5371057
vt 0.3277459 0.4409506
vt 0.3175335 0.4407744
vt 0.3326674 0.5982388
vt 0.3229627 0.5980714
vt 0.3362775 0.3462046
vt 0.3247763 0.3460418
vt 0.3142574 0.3458603
vt 0.3326787 0.5986012
vt 0.3229752 0.5984337
vt 0.3326787 0.5986012
vt 0.3229752 0.5984337
vt 0.3432883 0.5987514
vt 0.3547004 0.5988829
vt 0.3432883 0.5987514
vt 0.3668064 0.5989945
vt 0.3668064 0.5989945
vt 0.3234271 0.3029197
vt 0.3127689 0.3027358
vt 0.3350804 0.3030847
vt 0.3231531 0.2941647
vt 0.3124667 0.2939803
vt 0.3476153 0.3032292
vt 0.3348374 0.2943301
vt 0.3231225 0.2912287
vt 0.3124329 0.2910443
vt 0.3474055 0.294475
vt 0.3607378 0.2945979
vt 0.3348102 0.2913941
vt 0.347382 0.2915391
vt 0.3351241 0.2890052
vt 0.3234763 0.2888404
vt 0.347653 0.2891497
vt 0.3609436 0.2892722
vt 0.3607182 0.291662
vt 0.3748669 0.2893717
vt 0.3746893 0.2917618
vt 0.3892896 0.2894471
vt 0.3747046 0.2946976
vt 0.3891614 0.2918375
vt 0.4040723 0.2894978
vt 0.3891726 0.2947733
vt 0.4039947 0.2918884
vt 0.4190728 0.2895233
vt 0.4040014 0.2948242
vt 0.4190467 0.291914
vt 0.4341466 0.2895233
vt 0.419049 0.2948497
vt 0.4341722 0.291914
vt 0.4491486 0.2894978
vt 0.4341701 0.2948497
vt 0.4492256 0.2918884
vt 0.4639344 0.2894471
vt 0.4341503 0.303603
vt 0.449219 0.2948242
vt 0.4640621 0.2918375
vt 0.4783612 0.2893716
vt 0.4340533 0.3467161
vt 0.4491595 0.3035775
vt 0.4640511 0.2947733
vt 0.4785384 0.2917618
vt 0.4922907 0.2892721
vt 0.4338396 0.4416053
vt 0.4488663 0.346691
vt 0.4639524 0.3035267
vt 0.4785231 0.2946976
vt 0.4925157 0.2916619
vt 0.505588 0.2891496
vt 0.4336227 0.5379113
vt 0.4482211 0.4415809
vt 0.463466 0.3466409
vt 0.4783861 0.3034512
vt 0.4924963 0.2945978
vt 0.5058585 0.291539
vt 0.518126 0.2890052
vt 0.4335174 0.5846766
vt 0.4475663 0.5378876
vt 0.4623955 0.4415322
vt 0.4777111 0.3465663
vt 0.4923223 0.3033517
vt 0.5058352 0.2944748
vt 0.5184395 0.2913941
vt 0.5297827 0.2888402
vt 0.5301362 0.2912286
vt 0.5184125 0.29433
vt 0.5056259 0.3032291
vt 0.4914653 0.3464682
vt 0.4762257 0.4414599
vt 0.5301057 0.2941645
vt 0.5408374 0.2910441
vt 0.5408037 0.2939802
vt 0.5181699 0.3030846
vt 0.5298322 0.3029196
vt 0.540502 0.3027357
vt 0.5045952 0.3463471
vt 0.5169753 0.3462045
vt 0.5284852 0.3460417
vt 0.5390156 0.3458602
vt 0.4895792 0.4413645
vt 0.5023265 0.441247
vt 0.5143461 0.4411086
vt 0.5255207 0.4409505
vt 0.5357443 0.4407743
vt 0.5225119 0.5372764
vt 0.5324242 0.5371056
vt 0.5116776 0.5374297
vt 0.5000241 0.5375639
vt 0.4876649 0.5376778
vt 0.474718 0.5377703
vt 0.5210509 0.5840514
vt 0.5308119 0.5838832
vt 0.5103818 0.5842023
vt 0.498906 0.5843345
vt 0.4867353 0.5844467
vt 0.5206869 0.5957025
vt 0.5304103 0.5955349
vt 0.5303229 0.5980713
vt 0.510059 0.5958529
vt 0.5206077 0.5982388
vt 0.5303105 0.5984336
vt 0.4986275 0.5959845
vt 0.5099887 0.598389
vt 0.5205964 0.598601
vt 0.5303105 0.5984336
vt 0.5205964 0.598601
vt 0.5099787 0.5987512
vt 0.4865038 0.5960963
vt 0.4985669 0.5985205
vt 0.4985582 0.5988828
vt 0.5099787 0.5987512
vt 0.4985582 0.5988828
vt 0.4864462 0.5989944
vt 0.4864462 0.5989944
vt 0.4864534 0.5986322
vt 0.4864462 0.5989944
vt 0.4738036 0.5961869
vt 0.4737639 0.5987228
vt 0.4737582 0.599085
vt 0.4739859 0.5845377
vt 0.46065 0.5962558
vt 0.4606214 0.5987915
vt 0.4606173 0.5991538
vt 0.4607814 0.5846068
vt 0.4471691 0.596302
vt 0.4471519 0.5988377
vt 0.461309 0.5378404
vt 0.4472483 0.5846532
vt 0.4334912 0.5963252
vt 0.4606173 0.5991538
vt 0.4471494 0.5992
vt 0.2546541 0.3153901
vt 0.254629 0.3291204
vt 0.254629 0.3291204
vt 0.6538613 0.9151446
vt 0.6675916 0.9151446
vt 0.6675916 0.9151446
vt 0.6675916 0.9151446
vt 0.6812564 0.9151281
vt 0.6812564 0.9151281
vt 0.6675923 0.9147823
vt 0.6538604 0.9147823
vt 0.6538613 0.9151446
vt 0.6401953 0.9147657
vt 0.6401978 0.9151281
vt 0.6401978 0.9151281
vt 0.6267328 0.9150951
vt 0.6267328 0.9150951
vt 0.6267287 0.9147328
vt 0.6135899 0.9146837
vt 0.6135956 0.9150461
vt 0.6009061 0.9146191
vt 0.6009133 0.9149814
vt 0.5887987 0.9145395
vt 0.5888073 0.9149019
vt 0.6401779 0.9122292
vt 0.6266999 0.9121962
vt 0.6135501 0.9121472
vt 0.6008556 0.9120824
vt 0.5887379 0.9120027
vt 0.6538546 0.9122458
vt 0.5773852 0.9144456
vt 0.5773147 0.9119089
vt 0.5773952 0.914808
vt 0.5888073 0.9149019
vt 0.5773952 0.914808
vt 0.5667743 0.9143385
vt 0.5667856 0.9147009
vt 0.566695 0.9118016
vt 0.5570697 0.9142191
vt 0.5570822 0.9145815
vt 0.5667856 0.9147009
vt 0.5570822 0.9145815
vt 0.5569821 0.9116821
vt 0.5663304 0.9001477
vt 0.55658 0.9000277
vt 0.5769914 0.9002553
vt 0.564867 0.8533613
vt 0.5549656 0.8532395
vt 0.5884588 0.9003496
vt 0.5756931 0.8534706
vt 0.5618533 0.7570119
vt 0.5516409 0.7568862
vt 0.6006234 0.9004296
vt 0.5873381 0.8535664
vt 0.5730194 0.7571247
vt 0.558884 0.66208
vt 0.5483651 0.6619505
vt 0.613367 0.9004946
vt 0.5996911 0.8536476
vt 0.5850302 0.7572234
vt 0.5703852 0.6621961
vt 0.5575349 0.6189474
vt 0.5468768 0.6188162
vt 0.6265678 0.9005438
vt 0.5977712 0.7573072
vt 0.5827563 0.6622978
vt 0.5691882 0.619065
vt 0.557261 0.6101902
vt 0.5465746 0.6100587
vt 0.640098 0.9005769
vt 0.5958796 0.6623841
vt 0.5817231 0.6191681
vt 0.5689452 0.6103082
vt 0.5572304 0.6072538
vt 0.5465408 0.6071223
vt 0.568918 0.6073719
vt 0.5815133 0.6104115
vt 0.5950201 0.6192555
vt 0.569232 0.6049849
vt 0.5575842 0.6048673
vt 0.5817609 0.6050879
vt 0.5814899 0.6074752
vt 0.5950515 0.6051753
vt 0.5948261 0.6075629
vt 0.6089748 0.6052462
vt 0.5948456 0.6104992
vt 0.6087971 0.6076341
vt 0.6233975 0.6053001
vt 0.6088125 0.6105704
vt 0.6232693 0.6076881
vt 0.6381801 0.6053362
vt 0.60895 0.6193265
vt 0.6232804 0.6106243
vt 0.6381026 0.6077244
vt 0.6531807 0.6053544
vt 0.6096275 0.6624542
vt 0.6233797 0.6193804
vt 0.6381093 0.6106606
vt 0.6531546 0.6077426
vt 0.6682545 0.6053544
vt 0.6111187 0.7573752
vt 0.6238687 0.6625073
vt 0.6381693 0.6194166
vt 0.6531569 0.6106789
vt 0.6682801 0.6077427
vt 0.6832564 0.6053362
vt 0.6126321 0.8537136
vt 0.624945 0.7574268
vt 0.6260374 0.8537636
vt 0.6384652 0.6625431
vt 0.6531771 0.6194348
vt 0.6682779 0.6106789
vt 0.6397771 0.8537972
vt 0.6391163 0.7574615
vt 0.6532769 0.662561
vt 0.6534965 0.7574789
vt 0.6537194 0.8538141
vt 0.6682582 0.6194348
vt 0.6833335 0.6077244
vt 0.6980423 0.6053001
vt 0.668161 0.662561
vt 0.6833268 0.6106606
vt 0.69817 0.6076881
vt 0.712469 0.6052462
vt 0.6832673 0.6194166
vt 0.667947 0.7574789
vt 0.698159 0.6106244
vt 0.7126462 0.6076341
vt 0.7263986 0.6051753
vt 0.682974 0.6625431
vt 0.6980602 0.6193804
vt 0.7126309 0.6105704
vt 0.7266236 0.6075629
vt 0.7396958 0.6050879
vt 0.7399664 0.6074752
vt 0.7522339 0.6049849
vt 0.7266042 0.6104992
vt 0.7124939 0.6193265
vt 0.6975737 0.6625074
vt 0.6823285 0.7574615
vt 0.7525474 0.6073719
vt 0.7638906 0.6048673
vt 0.7642441 0.6072538
vt 0.739943 0.6104115
vt 0.7264301 0.6192555
vt 0.7118188 0.6624542
vt 0.7525203 0.6103082
vt 0.7397338 0.6191681
vt 0.7642135 0.6101902
vt 0.7749453 0.6071223
vt 0.7749116 0.6100587
vt 0.7522777 0.619065
vt 0.76394 0.6189474
vt 0.7746097 0.6188162
vt 0.725573 0.6623842
vt 0.6965029 0.7574268
vt 0.7387028 0.6622978
vt 0.751083 0.6621961
vt 0.762593 0.66208
vt 0.7731233 0.6619505
vt 0.7103331 0.7573752
vt 0.7236866 0.7573072
vt 0.736434 0.7572234
vt 0.7484534 0.7571247
vt 0.7596281 0.757012
vt 0.7698517 0.7568862
vt 0.756619 0.8533613
vt 0.7665312 0.8532395
vt 0.7457846 0.8534706
vt 0.7341312 0.8535664
vt 0.721772 0.8536476
vt 0.7088252 0.8537136
vt 0.7551578 0.9001477
vt 0.7649189 0.9000277
vt 0.7444887 0.9002553
vt 0.733013 0.9003496
vt 0.7208423 0.9004296
vt 0.7547938 0.9118016
vt 0.7645172 0.9116821
vt 0.7644298 0.914219
vt 0.7441659 0.9119089
vt 0.7547146 0.9143385
vt 0.7644174 0.9145815
vt 0.7327344 0.9120027
vt 0.7440956 0.9144456
vt 0.7547033 0.9147009
vt 0.7644174 0.9145815
vt 0.7547033 0.9147009
vt 0.7440856 0.914808
vt 0.7206107 0.9120824
vt 0.7326738 0.9145395
vt 0.7326651 0.9149019
vt 0.7440856 0.914808
vt 0.7326651 0.9149019
vt 0.7205531 0.9149814
vt 0.7205531 0.9149815
vt 0.7205603 0.9146191
vt 0.7205531 0.9149814
vt 0.7079105 0.9121471
vt 0.7078708 0.9146837
vt 0.7078651 0.9150461
vt 0.7080929 0.9004945
vt 0.6947569 0.9121962
vt 0.6947283 0.9147328
vt 0.6947243 0.9150951
vt 0.6948884 0.9005438
vt 0.681276 0.9122292
vt 0.6812588 0.9147657
vt 0.6954161 0.8537636
vt 0.6813553 0.9005769
vt 0.6816734 0.8537972
vt 0.6675981 0.9122458
vt 0.6947243 0.9150952
vt 0.6812564 0.9151281
vt 0.6676244 0.9005935
vt 0.6677298 0.8538141
vt 0.6538276 0.9005935
vt 0.5465408 0.2904345
vt 0.5576021 0.2884353
vt 0.5469307 0.2880411
vt 0.5572488 0.29083
vt 0.5692664 0.2887888
vt 0.5689531 0.2911848
vt 0.5572792 0.2937637
vt 0.5818098 0.2890985
vt 0.56898 0.2941184
vt 0.5575522 0.3025081
vt 0.5815394 0.2914955
vt 0.5951126 0.2893612
vt 0.569222 0.3028619
vt 0.5588965 0.3455778
vt 0.5815626 0.294429
vt 0.5948879 0.2917591
vt 0.6090459 0.2895745
vt 0.5704139 0.3459269
vt 0.5618553 0.4403712
vt 0.5817714 0.3031717
vt 0.5949072 0.2946926
vt 0.6088689 0.2919732
vt 0.6234761 0.2897363
vt 0.5730373 0.4407101
vt 0.5648583 0.53658
vt 0.5827993 0.3462327
vt 0.5950806 0.3034346
vt 0.608884 0.2949066
vt 0.6233487 0.2921355
vt 0.6382638 0.289845
vt 0.5756997 0.5369086
vt 0.5663165 0.583298
vt 0.5850618 0.441007
vt 0.5959347 0.3464921
vt 0.6090205 0.3036479
vt 0.6233596 0.2950688
vt 0.6381871 0.2922446
vt 0.6532669 0.2898996
vt 0.5769926 0.5836216
vt 0.5666798 0.5949349
vt 0.5873582 0.5371964
vt 0.5978146 0.4412588
vt 0.6096925 0.3467027
vt 0.6234577 0.3038098
vt 0.6381935 0.2951779
vt 0.6532416 0.2922994
vt 0.6683407 0.2898996
vt 0.6683671 0.2922994
vt 0.6833401 0.289845
vt 0.6532436 0.2952327
vt 0.6382524 0.3039186
vt 0.6239411 0.3468624
vt 0.6111717 0.4414633
vt 0.6834179 0.2922446
vt 0.6981208 0.2897363
vt 0.6683646 0.2952327
vt 0.6532627 0.3039732
vt 0.6385426 0.3469698
vt 0.6982493 0.2921355
vt 0.71254 0.2895745
vt 0.6834111 0.2951779
vt 0.6683438 0.3039733
vt 0.712718 0.2919731
vt 0.7264596 0.2893612
vt 0.6982381 0.2950689
vt 0.7266853 0.2917591
vt 0.7397446 0.2890984
vt 0.6250052 0.4416184
vt 0.6533569 0.3470238
vt 0.6833503 0.3039186
vt 0.7127025 0.2949065
vt 0.7400158 0.2914954
vt 0.7522681 0.2887888
vt 0.6391813 0.4417226
vt 0.6682409 0.3470238
vt 0.6981381 0.3038098
vt 0.7266656 0.2946926
vt 0.7525823 0.2911848
vt 0.7639083 0.2884352
vt 0.653564 0.441775
vt 0.6830514 0.3469698
vt 0.7125643 0.3036479
vt 0.7399922 0.294429
vt 0.7642624 0.2908299
vt 0.7745546 0.2880411
vt 0.7749451 0.2904345
vt 0.752555 0.2941184
vt 0.7642316 0.2937637
vt 0.7264906 0.3034346
vt 0.697646 0.3468625
vt 0.7523114 0.3028619
vt 0.7639571 0.3025081
vt 0.7397819 0.3031717
vt 0.7118837 0.3467027
vt 0.7511117 0.3459269
vt 0.7626053 0.3455777
vt 0.7256281 0.3464921
vt 0.7387458 0.3462326
vt 0.7484711 0.4407101
vt 0.75963 0.4403711
vt 0.7364655 0.4410069
vt 0.7237299 0.4412588
vt 0.710386 0.4414633
vt 0.696563 0.4416184
vt 0.7457912 0.5369086
vt 0.7566102 0.5365799
vt 0.7341511 0.5371963
vt 0.7218034 0.5374406
vt 0.7088658 0.5376388
vt 0.7444898 0.5836216
vt 0.7551438 0.583298
vt 0.7330273 0.583905
vt 0.7208679 0.5841455
vt 0.7441657 0.5952573
vt 0.7547785 0.5949349
vt 0.754699 0.5974681
vt 0.7327474 0.5955396
vt 0.7440951 0.5977902
vt 0.7546877 0.5978299
vt 0.744085 0.598152
vt 0.7206349 0.5957792
vt 0.7326865 0.5980723
vt 0.7081276 0.5843407
vt 0.7326778 0.598434
vt 0.744085 0.598152
vt 0.7326778 0.598434
vt 0.7205769 0.5986734
vt 0.7205769 0.5986734
vt 0.7205842 0.5983116
vt 0.7205769 0.5986734
vt 0.7079437 0.5959736
vt 0.7079037 0.5985059
vt 0.707898 0.5988677
vt 0.694797 0.5961211
vt 0.6947681 0.5986533
vt 0.694764 0.5990151
vt 0.69493 0.5844888
vt 0.6813208 0.5962203
vt 0.6813032 0.5987524
vt 0.6954638 0.5377892
vt 0.6814016 0.5845883
vt 0.6817258 0.5378903
vt 0.6676452 0.5962701
vt 0.6813007 0.5991141
vt 0.694764 0.5990151
vt 0.6813007 0.5991141
vt 0.6676391 0.5988021
vt 0.667673 0.5846384
vt 0.6823936 0.4417226
vt 0.6677846 0.537941
vt 0.6680145 0.441775
vt 0.6539017 0.5962701
vt 0.6676383 0.5991638
vt 0.6813007 0.5991141
vt 0.6676382 0.5991639
vt 0.6539072 0.5988021
vt 0.653908 0.5991638
vt 0.6537742 0.537941
vt 0.6538762 0.5846383
vt 0.6402227 0.5962203
vt 0.6402397 0.5987524
vt 0.6398295 0.5378903
vt 0.6401443 0.5845883
vt 0.626085 0.5377892
vt 0.6267401 0.5961211
vt 0.6266094 0.5844888
vt 0.6402422 0.5991141
vt 0.6402422 0.5991141
vt 0.6126728 0.5376388
vt 0.6267685 0.5986533
vt 0.6267726 0.5990151
vt 0.6267726 0.5990151
vt 0.6135833 0.5959736
vt 0.6134018 0.5843408
vt 0.6136229 0.5985059
vt 0.6136285 0.5988677
vt 0.5997226 0.5374406
vt 0.600649 0.5841455
vt 0.6008798 0.5957792
vt 0.60093 0.5983116
vt 0.6009372 0.5986734
vt 0.5884732 0.583905
vt 0.588751 0.5955396
vt 0.5888114 0.5980723
vt 0.58882 0.5984341
vt 0.5773146 0.5952573
vt 0.5773847 0.5977902
vt 0.5667588 0.5974681
vt 0.5773947 0.598152
vt 0.5667701 0.5978299
vt 0.58882 0.5984341
vt 0.5773947 0.598152
vt 0.002851721 0.3177836
vt 0.01391305 0.3157857
vt 0.003241648 0.3153902
vt 0.01355972 0.3181805
vt 0.02557733 0.3161406
vt 0.02526399 0.3185365
vt 0.01359012 0.3211142
vt 0.03812064 0.3164513
vt 0.02529095 0.3214702
vt 0.01386306 0.3298586
vt 0.03785032 0.3188484
vt 0.05142354 0.316715
vt 0.02553295 0.3302136
vt 0.01520742 0.3729278
vt 0.03787355 0.3217819
vt 0.05119882 0.319113
vt 0.06535675 0.3169291
vt 0.02672484 0.3732782
vt 0.01816622 0.4677203
vt 0.03808225 0.3305245
vt 0.05121812 0.3220464
vt 0.06517981 0.3193278
vt 0.07978702 0.3170914
vt 0.02934814 0.4680604
vt 0.02116921 0.5639281
vt 0.03911024 0.373585
vt 0.05139152 0.3307883
vt 0.06519497 0.3222612
vt 0.07965956 0.3194907
vt 0.09457468 0.3172005
vt 0.03201061 0.5642579
vt 0.02262743 0.6106458
vt 0.04137274 0.4683584
vt 0.05224564 0.3738454
vt 0.06533141 0.3310024
vt 0.07967044 0.322424
vt 0.09449793 0.3196002
vt 0.1095778 0.3172553
vt 0.03330348 0.6109705
vt 0.02299065 0.6222826
vt 0.04366903 0.5645468
vt 0.0541255 0.4686111
vt 0.06600343 0.3740568
vt 0.07976859 0.3311649
vt 0.09450442 0.3225335
vt 0.1095525 0.3196552
vt 0.1246516 0.3172554
vt 0.124678 0.3196552
vt 0.139651 0.3172005
vt 0.1095545 0.3225884
vt 0.09456334 0.3312741
vt 0.08025204 0.374217
vt 0.06748253 0.4688163
vt 0.1397288 0.3196002
vt 0.1544317 0.3170914
vt 0.1246756 0.3225885
vt 0.1095736 0.3313289
vt 0.09485352 0.3743248
vt 0.1545602 0.3194907
vt 0.1688509 0.316929
vt 0.1397219 0.3225335
vt 0.1246547 0.3313289
vt 0.1690289 0.3193277
vt 0.1827706 0.316715
vt 0.154549 0.322424
vt 0.1829962 0.319113
vt 0.1960555 0.3164513
vt 0.08131605 0.468972
vt 0.1096677 0.3743789
vt 0.1396613 0.331274
vt 0.1690134 0.3222611
vt 0.1963267 0.3188483
vt 0.208579 0.3161406
vt 0.09549218 0.4690766
vt 0.1245518 0.3743789
vt 0.154449 0.3311649
vt 0.1829765 0.3220464
vt 0.2088932 0.3185365
vt 0.2202192 0.3157857
vt 0.1098748 0.4691291
vt 0.1393623 0.3743248
vt 0.1688752 0.3310024
vt 0.1963031 0.3217819
vt 0.2205733 0.3181805
vt 0.2308654 0.3153902
vt 0.231256 0.3177836
vt 0.2088659 0.3214702
vt 0.2205425 0.3211142
vt 0.1828014 0.3307883
vt 0.1539569 0.3742171
vt 0.2086223 0.3302135
vt 0.2202681 0.3298585
vt 0.1960928 0.3305244
vt 0.1681946 0.3740567
vt 0.2074226 0.3732781
vt 0.2189162 0.3729278
vt 0.181939 0.3738454
vt 0.1950567 0.373585
vt 0.204782 0.4680604
vt 0.2159408 0.4677202
vt 0.1927764 0.4683583
vt 0.1800408 0.4686111
vt 0.1666968 0.4688163
vt 0.1528739 0.468972
vt 0.2021021 0.5642579
vt 0.212921 0.5639281
vt 0.190462 0.5645468
vt 0.1781143 0.5647919
vt 0.1651767 0.5649908
vt 0.2008007 0.6109705
vt 0.2114547 0.6106457
vt 0.1893382 0.6112549
vt 0.1771788 0.6114963
vt 0.2004765 0.6226061
vt 0.2110894 0.6222825
vt 0.2110099 0.6248157
vt 0.1890582 0.6228894
vt 0.200406 0.6251389
vt 0.2109986 0.6251776
vt 0.2003959 0.6255008
vt 0.1769457 0.6231298
vt 0.1889973 0.6254221
vt 0.1644385 0.6116922
vt 0.1889886 0.6257839
vt 0.2003959 0.6255008
vt 0.1889886 0.6257839
vt 0.1768878 0.626024
vt 0.1768878 0.626024
vt 0.176895 0.6256623
vt 0.1768878 0.626024
vt 0.1642546 0.623325
vt 0.1642146 0.6258572
vt 0.1642089 0.626219
vt 0.1511079 0.623473
vt 0.151079 0.6260052
vt 0.1510748 0.6263669
vt 0.1512409 0.6118408
vt 0.1376317 0.6235725
vt 0.1376141 0.6261046
vt 0.1517746 0.5651417
vt 0.1377124 0.6119407
vt 0.1380367 0.5652431
vt 0.1239561 0.6236225
vt 0.1376116 0.6264663
vt 0.1510748 0.6263669
vt 0.1376116 0.6264663
vt 0.12395 0.6261545
vt 0.1239839 0.6119909
vt 0.1387044 0.4690766
vt 0.1240955 0.5652941
vt 0.1243253 0.4691291
vt 0.1102126 0.6236225
vt 0.1239491 0.6265162
vt 0.1376116 0.6264663
vt 0.1239491 0.6265162
vt 0.1102181 0.6261545
vt 0.1102189 0.6265162
vt 0.1100851 0.5652941
vt 0.1101871 0.6119909
vt 0.09653354 0.6235725
vt 0.09655061 0.6261046
vt 0.09614038 0.5652432
vt 0.09645515 0.6119407
vt 0.08239595 0.5651417
vt 0.08305096 0.623473
vt 0.08292034 0.6118408
vt 0.09655305 0.6264663
vt 0.09655305 0.6264663
vt 0.0689837 0.5649908
vt 0.08307938 0.6260052
vt 0.08308345 0.6263669
vt 0.08308345 0.6263669
vt 0.06989422 0.623325
vt 0.06971265 0.6116922
vt 0.06993375 0.6258572
vt 0.0699394 0.626219
vt 0.05603343 0.5647919
vt 0.0569599 0.6114963
vt 0.05719068 0.6231298
vt 0.05724091 0.6256623
vt 0.05724809 0.626024
vt 0.04478408 0.611255
vt 0.04506183 0.6228895
vt 0.04512228 0.6254221
vt 0.04513092 0.6257839
vt 0.03362552 0.6226061
vt 0.03369561 0.625139
vt 0.02306972 0.6248157
vt 0.03370563 0.6255008
vt 0.02308101 0.6251776
vt 0.04513092 0.6257839
vt 0.03370563 0.6255008
vt 0.2993489 0.3275027
vt 0.2993624 0.3389239
vt 0.2993624 0.3389239
vt 0.2993489 0.3275027
vt 0.2993624 0.3153902
vt 0.2993624 0.3153901
vt 0.2603575 0.3564487
vt 0.2603575 0.3564487
vt 0.261703 0.3427846
vt 0.2617029 0.3427846
vt 0.2617037 0.3290543
vt 0.2617036 0.3290543
vt 0.2603575 0.3153902
vt 0.2603575 0.3153902
vt 0.4181748 0.006877202
vt 0.4181748 0.006877202
vt 0.4316413 0.004198587
vt 0.4316413 0.004198569
vt 0.4453053 0.002851712
vt 0.4453053 0.002851703
vt 0.4590356 0.002851712
vt 0.4590356 0.002851703
vt 0.2603575 0.3621522
vt 0.2603575 0.3621522
vt 0.2603575 0.3758824
vt 0.2603575 0.3758824
vt 0.2546207 0.4042581
vt 0.2546207 0.4042581
vt 0.2546207 0.3945313
vt 0.2546207 0.3945313
vt 0.266061 0.3621522
vt 0.266061 0.3621522
vt 0.266061 0.3758825
vt 0.266061 0.3758824
vt 0.2371833 0.3153902
vt 0.2371833 0.3153902
vt 0.2370593 0.3288596
vt 0.2370594 0.3288596
vt 0.2369845 0.3425253
vt 0.287913 0.3834749
vt 0.287913 0.3834749
vt 0.287913 0.3972052
vt 0.287913 0.3972052
vt 0.2993489 0.3949235
vt 0.2993489 0.3949235
vt 0.2993489 0.3834947
vt 0.2993489 0.3834947
vt 0.5120009 0.2690711
vt 0.5120009 0.2690711
vt 0.4993157 0.2743254
vt 0.4993157 0.2743255
vt 0.2687532 0.3153902
vt 0.2687532 0.3153902
vt 0.2674078 0.3290544
vt 0.2674078 0.3290544
vt 0.2674071 0.3427846
vt 0.2674071 0.3427846
vt 0.2687532 0.3564487
vt 0.2687532 0.3564487
vt 0.486177 0.2783122
vt 0.486177 0.2783122
vt 0.4727105 0.2809908
vt 0.4727105 0.2809908
vt 0.4590465 0.2823377
vt 0.4590465 0.2823377
vt 0.4453162 0.2823377
vt 0.4453162 0.2823377
vt 0.2369845 0.3699181
vt 0.2369845 0.369918
vt 0.2370593 0.3833815
vt 0.2370594 0.3833815
vt 0.2369595 0.3562556
vt 0.2369595 0.3562556
vt 0.2369845 0.369918
vt 0.2369845 0.3699181
vt 0.2431098 0.3153902
vt 0.2431098 0.3153902
vt 0.2429863 0.3288596
vt 0.2429863 0.3288596
vt 0.2429117 0.3425254
vt 0.694764 0.5990151
vt 0.694764 0.5990151
vt 0.707898 0.5988677
vt 0.707898 0.5988677
vt 0.2936165 0.38756
vt 0.2936165 0.38756
vt 0.2936165 0.3738298
vt 0.2936165 0.3738298
vt 0.5355166 0.03021366
vt 0.5355166 0.03021367
vt 0.5461309 0.03892323
vt 0.5461309 0.03892323
vt 0.2370594 0.3833815
vt 0.2370593 0.3833815
vt 0.2371833 0.3965158
vt 0.2371833 0.3965158
vt 0.2878839 0.3274934
vt 0.2879131 0.3389041
vt 0.2879131 0.3389041
vt 0.2878839 0.3274934
vt 0.2879131 0.3153902
vt 0.2879131 0.3153902
vt 0.2429117 0.3699181
vt 0.2429117 0.3699181
vt 0.2429863 0.3833815
vt 0.2429863 0.3833815
vt 0.2428868 0.3562556
vt 0.2428868 0.3562556
vt 0.2429117 0.3699181
vt 0.2429117 0.3699181
vt 0.3050755 0.358357
vt 0.3050755 0.358357
vt 0.3050755 0.3446267
vt 0.3050755 0.3446267
vt 0.3050755 0.4006263
vt 0.3050755 0.4006263
vt 0.3050755 0.4103303
vt 0.3050755 0.4103303
vt 0.2993489 0.3583576
vt 0.2993489 0.3583576
vt 0.2993489 0.3446274
vt 0.2993489 0.3446274
vt 0.2815062 0.3291039
vt 0.2821805 0.3428176
vt 0.2821805 0.3428176
vt 0.2815062 0.3291039
vt 0.2821805 0.3153902
vt 0.2821805 0.3153902
vt 0.2660609 0.4010195
vt 0.2660609 0.4010195
vt 0.2660609 0.4010195
vt 0.2660609 0.4010195
vt 0.3124329 0.135735
vt 0.3124329 0.135735
vt 0.3137777 0.1220708
vt 0.3124329 0.1494653
vt 0.3124329 0.1494653
vt 0.3137798 0.1631293
vt 0.3137798 0.1631293
vt 0.3128609 0.135756
vt 0.3128609 0.1494442
vt 0.3142015 0.1221336
vt 0.3137777 0.1220708
vt 0.3142036 0.1630664
vt 0.3164584 0.1765958
vt 0.3168719 0.1087084
vt 0.3164563 0.1086043
vt 0.3168741 0.1764916
vt 0.3204452 0.1897345
vt 0.3208444 0.09560928
vt 0.320441 0.09546495
vt 0.3208486 0.1895901
vt 0.3256995 0.2024196
vt 0.3260826 0.08296302
vt 0.3256953 0.08277985
vt 0.3260868 0.2022364
vt 0.3321728 0.2145281
vt 0.3325343 0.07089058
vt 0.3321668 0.07067032
vt 0.3325403 0.2143078
vt 0.339801 0.2259444
vt 0.340139 0.05950926
vt 0.3397949 0.05925404
vt 0.3401451 0.2256892
vt 0.3485122 0.2365574
vt 0.3488219 0.04892744
vt 0.3485045 0.04863971
vt 0.3488296 0.2362696
vt 0.3582209 0.2462661
vt 0.358501 0.03924841
vt 0.3582132 0.03893095
vt 0.3585087 0.2459487
vt 0.3688353 0.2549757
vt 0.3690814 0.03056386
vt 0.3688262 0.03021972
vt 0.3690905 0.2546315
vt 0.3802516 0.2626038
vt 0.3804628 0.02295912
vt 0.3802425 0.0225916
vt 0.3804718 0.2622363
vt 0.3923611 0.2690753
vt 0.3925342 0.01650557
vt 0.392351 0.01611826
vt 0.3925442 0.2686879
vt 0.4050462 0.2743296
vt 0.4051805 0.01126734
vt 0.4050361 0.01086393
vt 0.4051905 0.2739262
vt 0.4181855 0.2783143
vt 0.418279 0.007292829
vt 0.4181748 0.006877202
vt 0.4182896 0.2778986
vt 0.431652 0.280993
vt 0.4317042 0.004622398
vt 0.4316413 0.004198587
vt 0.4317148 0.2805691
vt 0.4453162 0.2823377
vt 0.4453264 0.003279648
vt 0.4453053 0.002851712
vt 0.4453372 0.2819097
vt 0.4590465 0.2823377
vt 0.4590146 0.003279657
vt 0.4590356 0.002851712
vt 0.4590255 0.2819097
vt 0.4727105 0.2809908
vt 0.472637 0.004620275
vt 0.4726999 0.00419643
vt 0.4726477 0.280567
vt 0.486177 0.2783122
vt 0.4860622 0.00729072
vt 0.4861663 0.006875082
vt 0.4860729 0.2778966
vt 0.4993157 0.2743254
vt 0.4991613 0.01126315
vt 0.4993056 0.01085975
vt 0.4991714 0.273922
vt 0.5120009 0.2690711
vt 0.5118076 0.01650143
vt 0.5119907 0.01611408
vt 0.5118176 0.2686838
vt 0.5241094 0.2625978
vt 0.52388 0.02295305
vt 0.5241003 0.02258554
vt 0.5238891 0.2622302
vt 0.5355256 0.2549697
vt 0.5352613 0.03055781
vt 0.5355166 0.03021367
vt 0.5352704 0.2546255
vt 0.5461386 0.2462584
vt 0.5458432 0.03924072
vt 0.5461309 0.03892323
vt 0.5458509 0.245941
vt 0.5558473 0.2365497
vt 0.5555222 0.04891975
vt 0.5558397 0.048632
vt 0.5555299 0.2362619
vt 0.564557 0.2259353
vt 0.5642067 0.0595002
vt 0.5645509 0.05924495
vt 0.5642128 0.2256801
vt 0.572185 0.214519
vt 0.5718115 0.07088155
vt 0.572179 0.07066125
vt 0.5718176 0.2142988
vt 0.5786565 0.2024095
vt 0.578265 0.08295296
vt 0.5786523 0.08276976
vt 0.5782692 0.2022264
vt 0.5839108 0.1897244
vt 0.5835032 0.09559924
vt 0.5839067 0.09545487
vt 0.5835075 0.1895801
vt 0.5878955 0.1765851
vt 0.5874777 0.1086977
vt 0.5878934 0.1085936
vt 0.5874799 0.176481
vt 0.5905741 0.1631186
vt 0.5901482 0.1221229
vt 0.590572 0.1220601
vt 0.5901503 0.1630558
vt 0.5919189 0.1494544
vt 0.5914909 0.1357451
vt 0.5919189 0.1357241
vt 0.5914909 0.1494333
vt 0.5845684 0.1094266
vt 0.5871814 0.1225631
vt 0.5884953 0.1358924
vt 0.5884953 0.1492863
vt 0.5871835 0.1626158
vt 0.5845705 0.1757523
vt 0.5806794 0.09660977
vt 0.5806834 0.1885698
vt 0.5755537 0.08423544
vt 0.5755578 0.2009441
vt 0.569239 0.07242358
vt 0.5692449 0.2127569
vt 0.5617977 0.06128698
vt 0.5618036 0.2238935
vt 0.5533 0.05093404
vt 0.5533075 0.2342478
vt 0.543829 0.04146313
vt 0.5438366 0.2437187
vt 0.5334747 0.03296694
vt 0.5334836 0.2522165
vt 0.5223382 0.02552571
vt 0.522347 0.2596578
vt 0.5105253 0.01921278
vt 0.5105352 0.2659725
vt 0.498151 0.01408718
vt 0.4981608 0.2710981
vt 0.4853335 0.01020014
vt 0.485344 0.2749872
vt 0.472197 0.007587121
vt 0.4722075 0.2776002
vt 0.4588675 0.006275333
vt 0.4588782 0.278914
vt 0.4454736 0.006275326
vt 0.4454843 0.278914
vt 0.4321444 0.007589202
vt 0.4321548 0.2776023
vt 0.4190078 0.01020222
vt 0.4190183 0.2749892
vt 0.406191 0.01409126
vt 0.4062008 0.2711022
vt 0.3938167 0.01921686
vt 0.3938265 0.2659766
vt 0.3820048 0.02553161
vt 0.3820137 0.2596637
vt 0.3708682 0.03297285
vt 0.3708771 0.2522224
vt 0.3605153 0.04147065
vt 0.3605228 0.2437263
vt 0.3510444 0.05094156
vt 0.3510519 0.2342553
vt 0.3425482 0.06129584
vt 0.3425541 0.2239024
vt 0.3351069 0.07243244
vt 0.3351128 0.2127658
vt 0.328794 0.08424527
vt 0.3287981 0.2009539
vt 0.3236684 0.09661961
vt 0.3236725 0.1885796
vt 0.3197814 0.1094371
vt 0.3197834 0.1757628
vt 0.3171684 0.1225736
vt 0.3171704 0.1626262
vt 0.3158566 0.1359031
vt 0.3158566 0.149297
vt 0.3306051 0.09870572
vt 0.3269332 0.1109229
vt 0.3244665 0.1234479
vt 0.3232308 0.1361595
vt 0.323236 0.1489341
vt 0.324484 0.1616476
vt 0.3354491 0.08691569
vt 0.3269606 0.1741768
vt 0.3414165 0.07566649
vt 0.330644 0.1863994
vt 0.348362 0.06509459
vt 0.3354968 0.1981974
vt 0.3560296 0.05545059
vt 0.3414739 0.2094554
vt 0.3648808 0.04686719
vt 0.348516 0.220065
vt 0.3747299 0.03890492
vt 0.3564651 0.2299046
vt 0.3853447 0.03185044
vt 0.3650417 0.2387499
vt 0.3966026 0.02586326
vt 0.3746921 0.2464237
vt 0.4083962 0.02100283
vt 0.3852749 0.2533814
vt 0.4206111 0.01731409
vt 0.3965304 0.2593606
vt 0.4331304 0.01483446
vt 0.4083213 0.2642146
vt 0.4458331 0.01358589
vt 0.4205348 0.2678947
vt 0.4585969 0.01358239
vt 0.4330527 0.2703674
vt 0.4712991 0.01482196
vt 0.4457549 0.271607
vt 0.483817 0.0172947
vt 0.4585187 0.2716035
vt 0.4960305 0.0209748
vt 0.4712214 0.2703549
vt 0.5078214 0.02582876
vt 0.4837407 0.2678753
vt 0.5190769 0.03180796
vt 0.4959556 0.2641865
vt 0.5296597 0.03876567
vt 0.5077493 0.2593261
vt 0.5393102 0.04643944
vt 0.5190071 0.2533389
vt 0.5478867 0.05528478
vt 0.5296219 0.2462845
vt 0.5558358 0.06512438
vt 0.539471 0.2383222
vt 0.562878 0.07573396
vt 0.5483222 0.2297388
vt 0.568855 0.08699194
vt 0.5559898 0.2200948
vt 0.5737078 0.09878995
vt 0.5629353 0.2095229
vt 0.5773912 0.1110126
vt 0.5689027 0.1982737
vt 0.5798678 0.1235417
vt 0.5737467 0.1864837
vt 0.5811158 0.1362552
vt 0.5774187 0.1742665
vt 0.581121 0.1490299
vt 0.5798854 0.1617415
vt 0.5693607 0.1243548
vt 0.5705432 0.136775
vt 0.5705848 0.1492514
vt 0.5694866 0.1616554
vt 0.5672569 0.1738589
vt 0.5639185 0.1857367
vt 0.5670511 0.1121184
vt 0.5595015 0.1971659
vt 0.563635 0.1001924
vt 0.5540498 0.2080297
vt 0.5591475 0.08869936
vt 0.5480748 0.218109
vt 0.5536308 0.07775856
vt 0.543996 0.2258662
vt 0.536617 0.2307548
vt 0.5389792 0.2216189
vt 0.5270939 0.2377975
vt 0.5441132 0.2113546
vt 0.5167762 0.2443873
vt 0.5290198 0.2280666
vt 0.5489404 0.2002535
vt 0.5058361 0.2499845
vt 0.5334114 0.2173465
vt 0.5183181 0.2342578
vt 0.5528304 0.188473
vt 0.4943782 0.2545335
vt 0.5375425 0.2056565
vt 0.5219437 0.2231154
vt 0.506978 0.2395273
vt 0.5557452 0.1761488
vt 0.4825136 0.2579923
vt 0.5408407 0.1931281
vt 0.5253341 0.2108601
vt 0.5098014 0.2280419
vt 0.4951079 0.2438231
vt 0.5576597 0.163425
vt 0.4703559 0.2603257
vt 0.5432752 0.1799243
vt 0.5280042 0.197619
vt 0.5124176 0.2153242
vt 0.4971004 0.2320771
vt 0.4828226 0.2471051
vt 0.4580227 0.2615131
vt 0.47024 0.2493403
vt 0.4839637 0.2351836
vt 0.4989164 0.2190044
vt 0.5144339 0.2014966
vt 0.4456324 0.2615412
vt 0.4574816 0.2505087
vt 0.4705173 0.23733
vt 0.4849614 0.2218667
vt 0.4333044 0.2604117
vt 0.4446701 0.2505974
vt 0.4568911 0.2384972
vt 0.4211577 0.2581335
vt 0.431929 0.2496074
vt 0.4093089 0.2547303
vt 0.5002594 0.2047227
vt 0.4706863 0.2238822
vt 0.4432161 0.2386723
vt 0.419381 0.2475462
vt 0.3978725 0.2502333
vt 0.4856181 0.2072672
vt 0.4562291 0.2250327
vt 0.429624 0.2378553
vt 0.4071467 0.2444356
vt 0.3869581 0.2446874
vt 0.4706503 0.2091045
vt 0.4417287 0.2253059
vt 0.4162459 0.2360524
vt 0.3953444 0.2403039
vt 0.3767901 0.2386128
vt 0.4555007 0.210218
vt 0.4273247 0.2247005
vt 0.4032103 0.2332826
vt 0.384087 0.2351923
vt 0.3689672 0.2344716
vt 0.3735431 0.2297527
vt 0.3641471 0.227152
vt 0.3906432 0.229571
vt 0.4131562 0.2232209
vt 0.378665 0.2249548
vt 0.3572122 0.2177074
vt 0.3674271 0.2200415
vt 0.3993591 0.2208828
vt 0.3507211 0.2074308
vt 0.3860671 0.2177073
vt 0.3734071 0.2137263
vt 0.3615341 0.2094675
vt 0.3452043 0.19649
vt 0.3565073 0.1981254
vt 0.3688958 0.201582
vt 0.3821109 0.2047919
vt 0.3959962 0.2073197
vt 0.3407169 0.1849969
vt 0.3523976 0.1861466
vt 0.3651779 0.1886806
vt 0.3788169 0.1910093
vt 0.3373008 0.173071
vt 0.3492442 0.1736719
vt 0.3622901 0.1751932
vt 0.3349911 0.1608346
vt 0.3470804 0.160846
vt 0.3338086 0.1484143
vt 0.3931582 0.1927989
vt 0.3762188 0.1765583
vt 0.360264 0.1612956
vt 0.3459266 0.1478185
vt 0.333767 0.1359379
vt 0.3908758 0.1775427
vt 0.3743461 0.1616433
vt 0.35912 0.1471699
vt 0.3457969 0.1347407
vt 0.3348653 0.123534
vt 0.3891758 0.1617793
vt 0.373219 0.1464767
vt 0.3588728 0.133
vt 0.3466921 0.1217644
vt 0.337095 0.1113305
vt 0.3880779 0.1457461
vt 0.3728529 0.1312726
vt 0.3595259 0.1189707
vt 0.3486066 0.1090405
vt 0.3404333 0.09945264
vt 0.3875977 0.1296826
vt 0.3732535 0.1162459
vt 0.3610767 0.1052651
vt 0.3515214 0.09671634
vt 0.3448503 0.08802343
vt 0.3877432 0.1138285
vt 0.3744215 0.1016097
vt 0.3635111 0.09206124
vt 0.3554114 0.08493584
vt 0.350302 0.07715965
vt 0.3885181 0.09842186
vt 0.3763476 0.08757038
vt 0.3668093 0.07953291
vt 0.3602387 0.07383481
vt 0.356277 0.06708038
vt 0.3899179 0.08369274
vt 0.3790178 0.07432926
vt 0.3709404 0.06784284
vt 0.3653726 0.06357049
vt 0.3603558 0.05932319
vt 0.3677348 0.05443461
vt 0.3772579 0.04739185
vt 0.3753321 0.05712279
vt 0.3875757 0.04080205
vt 0.3860337 0.0509316
vt 0.3985157 0.03520488
vt 0.3824081 0.06207391
vt 0.4099736 0.03065585
vt 0.3973738 0.04566202
vt 0.3945504 0.05714743
vt 0.4218382 0.0271971
vt 0.409244 0.04136632
vt 0.3919342 0.06986519
vt 0.4339959 0.0248637
vt 0.4215292 0.03808424
vt 0.4072515 0.05311224
vt 0.4054354 0.06618493
vt 0.4463292 0.02367628
vt 0.4341119 0.03584908
vt 0.4203882 0.05000572
vt 0.4040924 0.08046667
vt 0.4587195 0.02364814
vt 0.4468702 0.03468065
vt 0.4338346 0.04785933
vt 0.4193904 0.06332263
vt 0.4032318 0.09573311
vt 0.4710474 0.02477768
vt 0.4596817 0.03459191
vt 0.4474608 0.04669215
vt 0.4336655 0.06130717
vt 0.4187337 0.0779222
vt 0.4028566 0.1117422
vt 0.4831941 0.0270559
vt 0.4724229 0.03558201
vt 0.4611358 0.04651703
vt 0.4481228 0.06015662
vt 0.4337015 0.0760849
vt 0.4184202 0.09356847
vt 0.4029664 0.1282454
vt 0.4184472 0.1100067
vt 0.4339375 0.09194969
vt 0.4488511 0.07497134
vt 0.4626232 0.05988345
vt 0.4035545 0.1449852
vt 0.4188099 0.1269748
vt 0.4343655 0.1086391
vt 0.4496339 0.09089145
vt 0.4046113 0.1617019
vt 0.419499 0.1442013
vt 0.4349765 0.1258831
vt 0.4061209 0.1781363
vt 0.4205031 0.1614123
vt 0.4080648 0.1940314
vt 0.464037 0.07459342
vt 0.4504579 0.1076521
vt 0.4357585 0.1434019
vt 0.4218066 0.1783341
vt 0.4104187 0.2091398
vt 0.4233922 0.1946957
vt 0.4252391 0.2102358
vt 0.4366987 0.1609128
vt 0.4513099 0.1249807
vt 0.4377823 0.1781336
vt 0.4389935 0.1947845
vt 0.4403149 0.2105959
vt 0.4521759 0.1425947
vt 0.4530419 0.1602086
vt 0.4538939 0.1775373
vt 0.454718 0.1942979
vt 0.4704143 0.1932397
vt 0.4699863 0.1765503
vt 0.4693754 0.1593062
vt 0.4685934 0.1417875
vt 0.4676531 0.1242765
vt 0.4859316 0.1916209
vt 0.4859046 0.1751827
vt 0.4855419 0.1582146
vt 0.4848528 0.1409881
vt 0.50112 0.1894563
vt 0.5014952 0.1734471
vt 0.5013855 0.1569439
vt 0.5158337 0.1867675
vt 0.5166087 0.1713609
vt 0.5299304 0.1835797
vt 0.5310983 0.1689435
vt 0.5448259 0.1662187
vt 0.5167541 0.1555068
vt 0.5007973 0.1402042
vt 0.5314989 0.1539167
vt 0.5585549 0.1504487
vt 0.545479 0.1521893
vt 0.5584252 0.1373708
vt 0.516274 0.1394432
vt 0.5452319 0.1380195
vt 0.5572714 0.1243434
vt 0.5311328 0.1387127
vt 0.5551076 0.1115174
vt 0.5440878 0.1238938
vt 0.5300057 0.1235461
vt 0.5151761 0.1234101
vt 0.5519543 0.09904276
vt 0.5420617 0.1099961
vt 0.5478445 0.08706393
vt 0.528133 0.1086311
vt 0.539174 0.09650879
vt 0.4997405 0.1234874
vt 0.5134761 0.1076467
vt 0.5255349 0.09418006
vt 0.5354561 0.08360741
vt 0.5428177 0.07572185
vt 0.4838488 0.1237771
vt 0.4982309 0.107053
vt 0.5111936 0.09239041
vt 0.5222409 0.0803974
vt 0.4825453 0.1068552
vt 0.4962871 0.09115796
vt 0.4665695 0.1070557
vt 0.4809596 0.09049366
vt 0.4653584 0.09040486
vt 0.5083557 0.07786964
vt 0.4939331 0.07604957
vt 0.4791128 0.07495359
vt 0.4770271 0.06048886
vt 0.4911956 0.06196845
vt 0.5049927 0.06430657
vt 0.5182847 0.06748207
vt 0.4747279 0.04733406
vt 0.4881059 0.04913695
vt 0.4849708 0.03764315
vt 0.5011415 0.05190678
vt 0.495043 0.03045902
vt 0.4972052 0.04075371
vt 0.5064793 0.03495604
vt 0.5137086 0.0556184
vt 0.5090075 0.04488549
vt 0.5173938 0.04050193
vt 0.5202648 0.04999705
vt 0.5275617 0.04657657
vt 0.5256868 0.06023459
vt 0.5353847 0.05071774
vt 0.5308087 0.05543667
vt 0.5402047 0.05803739
vt 0.5309448 0.07146305
vt 0.5369248 0.06514788
vt 0.5471396 0.06748195
vt 0.1510748 0.6263669
vt 0.1510748 0.6263669
vt 0.1642089 0.626219
vt 0.1642089 0.626219
vt 0.2879131 0.3446075
vt 0.2879131 0.3446075
vt 0.2879131 0.3583378
vt 0.2879131 0.3583378
vt 0.3688352 0.2549757
vt 0.3688353 0.2549757
vt 0.3582209 0.2462661
vt 0.3582209 0.2462661
vt 0.2429863 0.3833815
vt 0.2429863 0.3833815
vt 0.2431098 0.3965158
vt 0.2431098 0.3965158
vt 0.2660609 0.3953161
vt 0.2660609 0.3953161
vt 0.2660609 0.3815859
vt 0.2660609 0.3815859
vt 0.2815062 0.3988012
vt 0.2815062 0.3988012
vt 0.2815062 0.3873883
vt 0.2815062 0.3873883
vt 0.5786523 0.08276976
vt 0.5786523 0.08276976
vt 0.5839067 0.09545487
vt 0.5839067 0.09545487
vt 0.2936164 0.3274934
vt 0.2936165 0.3274934
vt 0.2936455 0.3389041
vt 0.2936455 0.3389041
vt 0.2936455 0.3153902
vt 0.2936455 0.3153902
vt 0.2936165 0.3274934
vt 0.2936164 0.3274934
vt 0.2744567 0.3564487
vt 0.2744567 0.3564487
vt 0.2758021 0.3427845
vt 0.2758021 0.3427846
vt 0.2758021 0.3427846
vt 0.2758021 0.3427845
vt 0.2758028 0.3290543
vt 0.2758028 0.3290543
vt 0.2744567 0.3153902
vt 0.2744567 0.3153902
vt 0.5878934 0.1085936
vt 0.5878934 0.1085936
vt 0.590572 0.1220601
vt 0.5905721 0.1220601
vt 0.5919189 0.1357241
vt 0.5919189 0.1357241
vt 0.5919189 0.1494544
vt 0.5919189 0.1494544
vt 0.2546207 0.3427852
vt 0.2546207 0.3427852
vt 0.254629 0.3562531
vt 0.254629 0.3562531
vt 0.254629 0.3291204
vt 0.254629 0.3291204
vt 0.2546207 0.3427852
vt 0.2546207 0.3427852
vt 0.2717644 0.3621522
vt 0.2717644 0.3621522
vt 0.2717644 0.3758824
vt 0.2717644 0.3758824
vt 0.2993489 0.4006269
vt 0.2993489 0.4006269
vt 0.2993489 0.4103308
vt 0.2993489 0.4103308
vt 0.287913 0.3640412
vt 0.287913 0.3640412
vt 0.287913 0.3777715
vt 0.287913 0.3777715
vt 0.2489173 0.3153902
vt 0.2489173 0.3153902
vt 0.2488596 0.3288552
vt 0.2488596 0.3288552
vt 0.2488249 0.3425187
vt 0.4606173 0.5991538
vt 0.4606173 0.5991538
vt 0.4737582 0.599085
vt 0.4737582 0.599085
vt 0.2546207 0.3888278
vt 0.2546207 0.3888278
vt 0.2546207 0.3750975
vt 0.2546207 0.3750976
vt 0.3397949 0.05925402
vt 0.3397949 0.05925404
vt 0.3485045 0.04863971
vt 0.3485045 0.0486397
vt 0.254629 0.3562531
vt 0.254629 0.3562531
vt 0.2546541 0.3693941
vt 0.2546541 0.3693941
vt 0.2815062 0.3679546
vt 0.2815062 0.3679547
vt 0.2815062 0.3816849
vt 0.2815062 0.3816849
vt 0.2936165 0.3681263
vt 0.2936165 0.3681263
vt 0.2936262 0.3567138
vt 0.2936262 0.3567138
vt 0.2936165 0.3446076
vt 0.2936165 0.3446076
vt 0.3256995 0.2024196
vt 0.3256995 0.2024196
vt 0.3204452 0.1897345
vt 0.3204452 0.1897345
vt 0.2488249 0.3425187
vt 0.2488132 0.3562489
vt 0.2488132 0.3562489
vt 0.2488249 0.3699137
vt 0.2488249 0.3699137
vt 0.3050658 0.3275025
vt 0.3050755 0.3389233
vt 0.3050755 0.3389233
vt 0.3050658 0.3275025
vt 0.3050755 0.3153902
vt 0.3050755 0.3153902
vt 0.2488249 0.3699137
vt 0.2488249 0.3699137
vt 0.2488596 0.3833816
vt 0.2488596 0.3833816
vt 0.3050755 0.3777907
vt 0.3050755 0.3777907
vt 0.3050755 0.3640604
vt 0.3050755 0.3640604
vt 0.2936165 0.4029903
vt 0.2936165 0.4029904
vt 0.2936165 0.3932635
vt 0.2936165 0.3932635
vt 0.2993489 0.3777913
vt 0.2993489 0.3777913
vt 0.2993489 0.364061
vt 0.2993489 0.3640611
vt 0.6947243 0.9150951
vt 0.6947243 0.9150952
vt 0.7078651 0.9150461
vt 0.7078651 0.9150461
vt 0.2603575 0.3815859
vt 0.2603575 0.3815859
vt 0.2603575 0.3953161
vt 0.2603575 0.3953161
vt 0.564557 0.2259353
vt 0.564557 0.2259353
vt 0.5558473 0.2365497
vt 0.5558473 0.2365497
vt 0.2488596 0.3833816
vt 0.2488596 0.3833816
vt 0.2489173 0.3965226
vt 0.2489173 0.3965226
vt 0.2717644 0.3953161
vt 0.2717644 0.3953161
vt 0.2717644 0.3815858
vt 0.2717644 0.3815859
vt 0.3050755 0.3949229
vt 0.3050755 0.3949229
vt 0.3050755 0.3834941
vt 0.3050755 0.3834941
vt 0.392351 0.01611825
vt 0.392351 0.01611826
vt 0.4050361 0.01086393
vt 0.4050361 0.01086392
vt 0.5093312 0.6059805
vt 0.517831 0.6087377
vt 0.5190174 0.6063074
vt 0.5082569 0.6084145
vt 0.4987441 0.6056931
vt 0.5170413 0.6185347
vt 0.4977923 0.6081305
vt 0.4873593 0.6054481
vt 0.5075442 0.618214
vt 0.5155399 0.6604746
vt 0.4865392 0.6078883
vt 0.4752852 0.6052479
vt 0.4971637 0.6179323
vt 0.5061961 0.6601592
vt 0.51236 0.7485893
vt 0.4746049 0.6076905
vt 0.4626392 0.6050944
vt 0.4860011 0.6176921
vt 0.5033406 0.7482848
vt 0.5082595 0.8351831
vt 0.4959832 0.659882
vt 0.4621052 0.6075387
vt 0.4495423 0.6049891
vt 0.4996504 0.8348925
vt 0.5039364 0.8730425
vt 0.4956799 0.872763
vt 0.4741628 0.6174959
vt 0.4934821 0.7480172
vt 0.4902405 0.8346371
vt 0.4866633 0.8725172
vt 0.4850007 0.6596457
vt 0.4491599 0.6074346
vt 0.4361211 0.604933
vt 0.4828809 0.7477891
vt 0.4801216 0.8344194
vt 0.4769749 0.8723074
vt 0.4617637 0.6173453
vt 0.4733534 0.6594526
vt 0.435894 0.6073791
vt 0.4225046 0.6049266
vt 0.471638 0.7476027
vt 0.4693901 0.8342414
vt 0.4667078 0.8721357
vt 0.4489225 0.6172421
vt 0.4611544 0.6593045
vt 0.422435 0.6073728
vt 0.4088241 0.6049699
vt 0.4598624 0.7474598
vt 0.4581503 0.834105
vt 0.4559622 0.8720038
vt 0.4357634 0.617187
vt 0.4485203 0.6592029
vt 0.4089128 0.6074156
vt 0.3952112 0.6050627
vt 0.4476669 0.7473617
vt 0.4465097 0.8340114
vt 0.4449192 0.8719123
vt 0.4224127 0.6171808
vt 0.4355735 0.6591487
vt 0.3954575 0.6075073
vt 0.381797 0.6052038
vt 0.4351696 0.7473094
vt 0.4089992 0.6172232
vt 0.4224382 0.6591426
vt 0.3821985 0.6076468
vt 0.368711 0.6053922
vt 0.4345809 0.8339615
vt 0.3956521 0.6173142
vt 0.4224903 0.7473034
vt 0.4092412 0.6591843
vt 0.3692639 0.607833
vt 0.3560786 0.6056257
vt 0.3824998 0.6174526
vt 0.3961095 0.6592738
vt 0.4097514 0.7473438
vt 0.4224784 0.8339558
vt 0.3567778 0.6080639
vt 0.3440223 0.6059024
vt 0.3696693 0.6176373
vt 0.3831694 0.65941
vt 0.3970755 0.7474301
vt 0.344861 0.6083373
vt 0.3326572 0.6062195
vt 0.3572835 0.6178663
vt 0.3705459 0.6595917
vt 0.3336274 0.6086507
vt 0.322094 0.6065738
vt 0.3454626 0.6181375
vt 0.3231864 0.609001
vt 0.3124329 0.6069621
vt 0.3136371 0.6093848
vt 0.3343194 0.6184484
vt 0.3239624 0.6187959
vt 0.3144899 0.6191766
vt 0.35836 0.659817
vt 0.3845846 0.7475616
vt 0.3467298 0.6600839
vt 0.3255765 0.6607316
vt 0.3162569 0.6611062
vt 0.3357664 0.6603897
vt 0.3723994 0.747737
vt 0.328991 0.7488374
vt 0.3199949 0.7491989
vt 0.3606365 0.7479545
vt 0.34941 0.7482122
vt 0.3388272 0.7485073
vt 0.3332329 0.83542
vt 0.3246461 0.8357651
vt 0.3426216 0.8351049
vt 0.3372217 0.8732712
vt 0.3289756 0.8736021
vt 0.3462334 0.872969
vt 0.3559249 0.8726985
vt 0.352723 0.8348231
vt 0.3662021 0.8724622
vt 0.3634387 0.8345773
vt 0.3769667 0.8722625
vt 0.3746664 0.8343696
vt 0.3881145 0.8721012
vt 0.3862973 0.8342022
vt 0.3995385 0.87198
vt 0.3982199 0.8340768
vt 0.4111284 0.8719
vt 0.4103191 0.8339943
vt 0.4226992 0.8718609
vt 0.4339093 0.8718622
vt 0.4333929 0.8773753
vt 0.4252927 0.8774105
vt 0.4409883 0.8774469
vt 0.4512921 0.877548
vt 0.4559622 0.8720038
vt 0.4111284 0.8719
vt 0.4142656 0.8774617
vt 0.3995385 0.87198
vt 0.4029079 0.877548
vt 0.9865769 0.00305676
vt 0.9960687 0.005548815
vt 0.9971483 0.003144292
vt 0.9856197 0.005462301
vt 0.9752059 0.002983967
vt 0.9953418 0.0153331
vt 0.9743802 0.005390351
vt 0.9631435 0.002926605
vt 0.9849768 0.01524731
vt 0.9939364 0.05726156
vt 0.9624575 0.005333641
vt 0.950507 0.002885162
vt 0.9738278 0.01517593
vt 0.9837387 0.05717713
vt 0.9909604 0.1453514
vt 0.9499672 0.0052927
vt 0.9374173 0.00286014
vt 0.9620009 0.01511967
vt 0.9811167 0.1452699
vt 0.9871501 0.2318987
vt 0.9727695 0.0571069
vt 0.9370289 0.005267976
vt 0.9240009 0.002851716
vt 0.9777541 0.231821
vt 0.9831834 0.2696821
vt 0.9741801 0.2696073
vt 0.9496111 0.01507906
vt 0.9705282 0.1452021
vt 0.9676475 0.2317563
vt 0.9644998 0.269545
vt 0.9611335 0.05705157
vt 0.9237678 0.005259621
vt 0.9103868 0.002860008
vt 0.9592962 0.1451487
vt 0.9569264 0.2317052
vt 0.9542348 0.2694958
vt 0.9489436 0.05701162
vt 0.9367769 0.01505452
vt 0.9103112 0.00526781
vt 0.8967062 0.002884885
vt 0.9475294 0.1451102
vt 0.945695 0.2316684
vt 0.9434849 0.2694602
vt 0.9236225 0.01504625
vt 0.9363165 0.05698746
vt 0.8967889 0.005292398
vt 0.8830909 0.002926144
vt 0.9353406 0.1450869
vt 0.9340608 0.2316462
vt 0.9324327 0.2694383
vt 0.9102741 0.01505439
vt 0.9233743 0.05697935
vt 0.8833312 0.005333194
vt 0.8696717 0.002983381
vt 0.9228477 0.145079
vt 0.8968606 0.01507876
vt 0.9102414 0.05698731
vt 0.8700673 0.005389749
vt 0.8565784 0.003056043
vt 0.9221362 0.2316387
vt 0.8835111 0.01511923
vt 0.9101707 0.1450867
vt 0.8970442 0.05701131
vt 0.8571255 0.005461588
vt 0.8439364 0.00314342
vt 0.8703539 0.01517533
vt 0.8839101 0.05705112
vt 0.8974317 0.1451099
vt 0.9100359 0.2316461
vt 0.8446298 0.005547948
vt 0.8318684 0.003244696
vt 0.8575163 0.0152466
vt 0.8709652 0.05710632
vt 0.8847536 0.1451483
vt 0.8327014 0.005648062
vt 0.8204894 0.003358882
vt 0.8451211 0.01533225
vt 0.8583347 0.05717643
vt 0.8214541 0.005760915
vt 0.8099103 0.003484869
vt 0.8109974 0.005885456
vt 0.8332887 0.01543157
vt 0.8221318 0.01554351
vt 0.8117592 0.01566706
vt 0.8461396 0.05726072
vt 0.8722581 0.1452016
vt 0.8235212 0.05746856
vt 0.813316 0.0575901
vt 0.834498 0.05735842
vt 0.860066 0.1452693
vt 0.826461 0.1455512
vt 0.8166101 0.1456686
vt 0.8370568 0.1454449
vt 0.8482942 0.1453506
vt 0.8301346 0.2320895
vt 0.8207319 0.2322015
vt 0.8402483 0.231988
vt 0.8337278 0.2698659
vt 0.8246937 0.2699734
vt 0.8434388 0.2697684
vt 0.8537315 0.2696818
vt 0.8509745 0.231898
vt 0.8645067 0.269607
vt 0.8622108 0.2318203
vt 0.8756593 0.2695447
vt 0.8738481 0.2317557
vt 0.8870816 0.2694955
vt 0.8857751 0.2317048
vt 0.8986625 0.26946
vt 0.8978765 0.2316682
vt 0.9102186 0.2694381
vt 0.9214185 0.26943
vt 0.9209558 0.2748619
vt 0.9129396 0.2748798
vt 0.8986625 0.26946
vt 0.9020338 0.2749055
vt 0.9286315 0.2748799
vt 0.939055 0.2749055
vt 0.9434849 0.2694602
vt 0.7945207 0.003909341
vt 0.8030205 0.006667885
vt 0.8042068 0.004237509
vt 0.7934464 0.006343514
vt 0.7839335 0.003620984
vt 0.8022308 0.01646495
vt 0.7829818 0.006058495
vt 0.7725487 0.00337515
vt 0.7927337 0.01614317
vt 0.80073 0.05840489
vt 0.7717286 0.00581549
vt 0.7604746 0.00317426
vt 0.7823533 0.01586045
vt 0.7913862 0.05808833
vt 0.7975511 0.1465196
vt 0.7597943 0.00561694
vt 0.7478286 0.003020206
vt 0.7711907 0.01561939
vt 0.7885317 0.146214
vt 0.7934516 0.2331136
vt 0.7811732 0.05781016
vt 0.7472947 0.005464667
vt 0.7347317 0.002914515
vt 0.7848424 0.2328219
vt 0.7891289 0.2709733
vt 0.7808724 0.2706928
vt 0.7593524 0.01542245
vt 0.7786732 0.1459455
vt 0.7754325 0.2325656
vt 0.7718558 0.2704461
vt 0.7701907 0.05757301
vt 0.7343493 0.005360205
vt 0.7213106 0.002858161
vt 0.768072 0.1457165
vt 0.7653136 0.2323471
vt 0.7621674 0.2702356
vt 0.7469532 0.01527138
vt 0.7585434 0.05737923
vt 0.7210835 0.005304475
vt 0.707694 0.002851721
vt 0.756829 0.1455295
vt 0.7545821 0.2321686
vt 0.7519003 0.2700633
vt 0.734112 0.01516778
vt 0.7463444 0.05723061
vt 0.7076245 0.005298134
vt 0.6940135 0.002895228
vt 0.7450535 0.145386
vt 0.7433423 0.2320316
vt 0.7411546 0.2699309
vt 0.7209529 0.01511249
vt 0.7337103 0.05712866
vt 0.6941022 0.005341126
vt 0.6804006 0.002988306
vt 0.732858 0.1452876
vt 0.7317017 0.2319377
vt 0.7301116 0.2698391
vt 0.7076022 0.01510621
vt 0.7207635 0.05707429
vt 0.680647 0.005433136
vt 0.6669864 0.003129989
vt 0.7203606 0.1452351
vt 0.6941887 0.01514884
vt 0.7076283 0.05706809
vt 0.667388 0.005573166
vt 0.6539004 0.003319
vt 0.7197729 0.2318876
vt 0.6808417 0.01524012
vt 0.7076813 0.1452292
vt 0.6944312 0.05711005
vt 0.6544534 0.005759998
vt 0.641268 0.003553427
vt 0.6676893 0.01537902
vt 0.6812995 0.05719984
vt 0.6949424 0.1452697
vt 0.7076705 0.2318819
vt 0.6419672 0.005991725
vt 0.6292117 0.003831108
vt 0.6548588 0.01556436
vt 0.6683594 0.05733652
vt 0.6822666 0.1453563
vt 0.6300504 0.006266191
vt 0.6178467 0.004149275
vt 0.6424731 0.0157942
vt 0.6557359 0.05751884
vt 0.6188169 0.006580667
vt 0.6072834 0.004504951
vt 0.6306522 0.01606647
vt 0.6083758 0.006932218
vt 0.5976224 0.004894634
vt 0.5988266 0.007317385
vt 0.619509 0.01637841
vt 0.609152 0.01672715
vt 0.5996795 0.0171092
vt 0.64355 0.05774499
vt 0.6697757 0.1454883
vt 0.6319198 0.05801285
vt 0.6107665 0.05866287
vt 0.6014469 0.05903878
vt 0.6209564 0.05831978
vt 0.6575904 0.1456643
vt 0.6141821 0.1467686
vt 0.605186 0.1471314
vt 0.6458275 0.1458826
vt 0.6240183 0.1464374
vt 0.6346011 0.1461411
vt 0.618425 0.2333513
vt 0.6098382 0.2336976
vt 0.6278136 0.2330351
vt 0.6224142 0.2712029
vt 0.6141681 0.2715349
vt 0.6314259 0.2708996
vt 0.6411174 0.2706281
vt 0.637915 0.2327524
vt 0.6513945 0.270391
vt 0.6486307 0.2325056
vt 0.6621592 0.2701906
vt 0.6598584 0.2322972
vt 0.6733069 0.2700287
vt 0.6714893 0.2321292
vt 0.6847309 0.2699071
vt 0.683412 0.2320033
vt 0.6963208 0.2698267
vt 0.6955111 0.2319205
vt 0.7078917 0.2697875
vt 0.7191017 0.2697888
vt 0.7185855 0.2753024
vt 0.7104852 0.2753377
vt 0.7261808 0.2753742
vt 0.7364846 0.2754757
vt 0.7411546 0.2699309
vt 0.6963208 0.2698267
vt 0.6994581 0.2753891
vt 0.6847309 0.2699071
vt 0.6881004 0.2754757
vt 0.9573146 0.2883285
vt 0.9668084 0.2908622
vt 0.9678862 0.2884512
vt 0.9563591 0.290741
vt 0.9459434 0.2882265
vt 0.9660887 0.3006504
vt 0.9451196 0.2906401
vt 0.9338809 0.288146
vt 0.9557235 0.3005301
vt 0.9647141 0.3425849
vt 0.9331967 0.2905606
vt 0.9212444 0.288088
vt 0.9445743 0.30043
vt 0.9545161 0.3424665
vt 0.9618027 0.4306876
vt 0.9207063 0.2905032
vt 0.9081545 0.2880529
vt 0.9327473 0.3003512
vt 0.9519588 0.4305733
vt 0.958056 0.517253
vt 0.9435468 0.3423681
vt 0.907768 0.2904685
vt 0.8947381 0.2880411
vt 0.9486599 0.5171439
vt 0.9541172 0.5550573
vt 0.9451137 0.5549524
vt 0.9203574 0.3002943
vt 0.9413703 0.4304783
vt 0.9385532 0.5170532
vt 0.9354333 0.5548651
vt 0.9319107 0.3422905
vt 0.8945068 0.2904569
vt 0.881124 0.2880527
vt 0.9301381 0.4304034
vt 0.9278319 0.5169817
vt 0.9251682 0.5547962
vt 0.9075232 0.3002599
vt 0.9197207 0.3422345
vt 0.8810502 0.2904683
vt 0.8674434 0.2880875
vt 0.9183713 0.4303493
vt 0.9166005 0.5169301
vt 0.9144182 0.5547462
vt 0.8943687 0.3002483
vt 0.9070935 0.3422006
vt 0.867528 0.2905028
vt 0.8538281 0.2881454
vt 0.9061825 0.4303167
vt 0.9049662 0.5168989
vt 0.9033659 0.5547154
vt 0.8810203 0.3002597
vt 0.8941513 0.3421893
vt 0.8540702 0.29056
vt 0.8404091 0.2882257
vt 0.8936895 0.4303057
vt 0.8676068 0.3002939
vt 0.8810183 0.3422005
vt 0.8408065 0.2906393
vt 0.8273159 0.2883275
vt 0.8930416 0.5168884
vt 0.8542574 0.3003506
vt 0.8810124 0.4303165
vt 0.8678213 0.3422341
vt 0.8278648 0.29074
vt 0.8146741 0.2884501
vt 0.8411003 0.3004293
vt 0.8546872 0.3422899
vt 0.8682735 0.430349
vt 0.8809413 0.5168988
vt 0.8153692 0.2908611
vt 0.8026062 0.2885921
vt 0.8282627 0.3005292
vt 0.8417425 0.3423673
vt 0.8555954 0.4304029
vt 0.803441 0.2910015
vt 0.7912273 0.2887522
vt 0.8158677 0.3006493
vt 0.829112 0.3424656
vt 0.7921938 0.2911597
vt 0.7806485 0.2889288
vt 0.7817374 0.2913343
vt 0.8040354 0.3007886
vt 0.7928787 0.3009455
vt 0.7825064 0.3011187
vt 0.816917 0.3425838
vt 0.8431 0.4304776
vt 0.7942989 0.3428752
vt 0.7840939 0.3430456
vt 0.8052756 0.3427208
vt 0.830908 0.4305725
vt 0.7973034 0.4309678
vt 0.7874527 0.4311323
vt 0.8078991 0.4308188
vt 0.8191363 0.4306865
vt 0.8010406 0.5175205
vt 0.7916381 0.5176775
vt 0.8111542 0.5173782
vt 0.8046616 0.555315
vt 0.7956277 0.5554658
vt 0.8143725 0.5551783
vt 0.824665 0.5550569
vt 0.8218803 0.517252
vt 0.8354401 0.554952
vt 0.8331164 0.5171431
vt 0.8465926 0.5548646
vt 0.8447537 0.5170525
vt 0.8580148 0.5547957
vt 0.8566806 0.5169812
vt 0.8695957 0.5547459
vt 0.8687819 0.5169297
vt 0.8811518 0.5547153
vt 0.8923517 0.5547038
vt 0.891893 0.5601525
vt 0.8838769 0.5601777
vt 0.8695957 0.5547459
vt 0.8729711 0.5602136
vt 0.8995689 0.5601777
vt 0.9099923 0.5602136
vt 0.9144182 0.5547462
vt 0.1466538 0.8638428
vt 0.131389 0.8614979
vt 0.135255 0.8662009
vt 0.1424559 0.8589436
vt 0.1577787 0.8603785
vt 0.1533138 0.8553076
vt 0.1685213 0.8558401
vt 0.1638526 0.850628
vt 0.1787782 0.8502735
vt 0.1739658 0.8449566
vt 0.188449 0.8437316
vt 0.1835495 0.8383516
vt 0.197441 0.8362795
vt 0.1925067 0.8308836
vt 0.2056655 0.8279881
vt 0.2007439 0.8226283
vt 0.2130439 0.8189394
vt 0.2081774 0.8136719
vt 0.2195032 0.8092199
vt 0.2147283 0.8041049
vt 0.2249818 0.7989249
vt 0.2203293 0.7940255
vt 0.2294246 0.7881535
vt 0.2249193 0.7835352
vt 0.2327901 0.7770104
vt 0.2284506 0.7727404
vt 0.08998423 0.8641797
vt 0.09399897 0.8598424
vt 0.08310732 0.8563407
vt 0.07882911 0.860818
vt 0.07255886 0.8517997
vt 0.06805035 0.8563812
vt 0.06245583 0.8462616
vt 0.05775244 0.8509105
vt 0.05289471 0.8397811
vt 0.0480337 0.8444601
vt 0.04396855 0.8324193
vt 0.03898873 0.8370906
vt 0.03576218 0.8242485
vt 0.03070348 0.8288743
vt 0.02835592 0.815346
vt 0.02325905 0.8198893
vt 0.02181969 0.8057987
vt 0.01672572 0.810223
vt 0.01621793 0.7956977
vt 0.01116791 0.7999676
vt 0.01160302 0.7851409
vt 0.00663756 0.7892228
vt 0.008021036 0.7742295
vt 0.003179973 0.7780913
vt 0.08898792 0.6345777
vt 0.1042527 0.6369226
vt 0.1003867 0.6322196
vt 0.09318589 0.639477
vt 0.07786306 0.638042
vt 0.08232795 0.643113
vt 0.06712046 0.6425804
vt 0.07178916 0.6477926
vt 0.05686357 0.648147
vt 0.06167596 0.653464
vt 0.04719274 0.6546889
vt 0.05209221 0.6600689
vt 0.03820081 0.662141
vt 0.04313509 0.667537
vt 0.02997629 0.6704324
vt 0.03489781 0.6757922
vt 0.02259782 0.6794811
vt 0.02746434 0.6847486
vt 0.01613858 0.6892006
vt 0.02091345 0.6943156
vt 0.01065998 0.6994956
vt 0.01531245 0.704395
vt 0.006217113 0.7102671
vt 0.0107224 0.7148853
vt 0.002851714 0.7214101
vt 0.007191116 0.7256802
vt 0.2290042 0.7091978
vt 0.2276207 0.7241911
vt 0.2324618 0.7203293
vt 0.2240387 0.7132796
vt 0.2244738 0.6984529
vt 0.2194238 0.7027228
vt 0.218916 0.6881975
vt 0.2138221 0.6926218
vt 0.2123827 0.6785312
vt 0.2072858 0.6830745
vt 0.2049383 0.6695461
vt 0.1998796 0.674172
vt 0.196653 0.6613299
vt 0.1916732 0.6660012
vt 0.1876081 0.6539604
vt 0.182747 0.6586394
vt 0.1778893 0.64751
vt 0.1731859 0.652159
vt 0.1675914 0.6420392
vt 0.1630829 0.6466208
vt 0.1568126 0.6376025
vt 0.1525344 0.6420798
vt 0.1456575 0.6342408
vt 0.1416428 0.6385781
vt 0.1150526 0.6353365
vt 0.1309014 0.6360428
vt 0.1229987 0.6342447
vt 0.1230142 0.6385968
vt 0.1042527 0.6369226
vt 0.1416428 0.6385781
vt 0.1124774 0.6408708
vt 0.09318589 0.639477
vt 0.1336979 0.6417824
vt 0.1525344 0.6420798
vt 0.1014892 0.6440491
vt 0.08232795 0.643113
vt 0.123277 0.6448711
vt 0.1446532 0.6458412
vt 0.1630829 0.6466208
vt 0.09057111 0.6483189
vt 0.07178916 0.6477926
vt 0.1122617 0.648916
vt 0.1344044 0.6497484
vt 0.1553227 0.6509199
vt 0.1731859 0.652159
vt 0.07984462 0.6536262
vt 0.06167596 0.653464
vt 0.1011382 0.6540741
vt 0.1234242 0.6546745
vt 0.1453249 0.6556259
vt 0.165603 0.6569713
vt 0.182747 0.6586394
vt 0.06942992 0.6599023
vt 0.05209221 0.6600689
vt 0.0900436 0.6602696
vt 0.1121602 0.6607206
vt 0.134475 0.6613955
vt 0.155933 0.6624488
vt 0.1753959 0.6639357
vt 0.1916732 0.6660012
vt 0.05944543 0.6670722
vt 0.04313509 0.667537
vt 0.07911666 0.667412
vt 0.1007634 0.6677909
vt 0.1231781 0.6682723
vt 0.1453073 0.6690159
vt 0.1661271 0.6701498
vt 0.1846062 0.6717471
vt 0.1998796 0.674172
vt 0.1931462 0.6803294
vt 0.2072858 0.6830745
vt 0.1758082 0.6786562
vt 0.1558173 0.6774608
vt 0.1340858 0.6766576
vt 0.1115962 0.6761426
vt 0.2009324 0.6896008
vt 0.2138221 0.6926218
vt 0.1848841 0.6878846
vt 0.1659032 0.6866503
vt 0.1447784 0.6857947
vt 0.2078912 0.6994712
vt 0.2194238 0.7027228
vt 0.1932662 0.6977475
vt 0.1754686 0.6964946
vt 0.2139543 0.7098462
vt 0.2240387 0.7132796
vt 0.200875 0.7081488
vt 0.2190645 0.7206253
vt 0.2276207 0.7241911
vt 0.1224377 0.6852454
vt 0.1551525 0.6955966
vt 0.1844204 0.7068999
vt 0.207636 0.7189891
vt 0.2231714 0.7317053
vt 0.2301369 0.7353516
vt 0.1331836 0.6950105
vt 0.1651088 0.705968
vt 0.1926735 0.7177653
vt 0.2134855 0.7301635
vt 0.2262367 0.742979
vt 0.231704 0.7462763
vt 0.1437301 0.7053449
vt 0.1745508 0.7168097
vt 0.2001473 0.7289867
vt 0.2183655 0.7415648
vt 0.2284567 0.7539043
vt 0.2327901 0.754308
vt 0.2309938 0.762125
vt 0.2222308 0.7530829
vt 0.2252518 0.7641963
vt 0.2284506 0.7727404
vt 0.2067711 0.7404556
vt 0.1833882 0.7280169
vt 0.2124796 0.7520618
vt 0.2172194 0.7636935
vt 0.2211061 0.7748571
vt 0.2249193 0.7835352
vt 0.1915351 0.7394818
vt 0.1989141 0.751094
vt 0.2054528 0.7627416
vt 0.2110898 0.7743126
vt 0.2158793 0.7853509
vt 0.2203293 0.7940255
vt 0.2096365 0.7955612
vt 0.2147283 0.8041049
vt 0.2039293 0.7848103
vt 0.1973941 0.7734623
vt 0.190042 0.7619277
vt 0.1819426 0.7503175
vt 0.2024564 0.8053746
vt 0.2081774 0.8136719
vt 0.1958407 0.7950566
vt 0.1884281 0.7840791
vt 0.1802985 0.7728005
vt 0.1944244 0.8146797
vt 0.2007439 0.8226283
vt 0.1869328 0.8049224
vt 0.1786861 0.7944471
vt 0.1856372 0.8233714
vt 0.1925067 0.8308836
vt 0.1773262 0.8142829
vt 0.1761963 0.8313483
vt 0.1835495 0.8383516
vt 0.171529 0.7613291
vt 0.1698337 0.7835548
vt 0.1683105 0.8044236
vt 0.1671462 0.8230162
vt 0.1662118 0.8385183
vt 0.1739658 0.8449566
vt 0.1604602 0.7723496
vt 0.1588089 0.7940331
vt 0.1574483 0.8138679
vt 0.1565251 0.8310085
vt 0.1557971 0.8447943
vt 0.1638526 0.850628
vt 0.1489122 0.7832105
vt 0.147389 0.8040793
vt 0.1462526 0.8226463
vt 0.1455982 0.838151
vt 0.1450706 0.8501015
vt 0.1533138 0.8553076
vt 0.1370646 0.7937437
vt 0.1357441 0.8135431
vt 0.1348783 0.8306296
vt 0.1345036 0.8443465
vt 0.1341525 0.8543714
vt 0.1424559 0.8589436
vt 0.1251006 0.8037853
vt 0.1240456 0.8222779
vt 0.1234816 0.8376999
vt 0.12338 0.8495045
vt 0.1231644 0.8575497
vt 0.131389 0.8614979
vt 0.1132041 0.8131751
vt 0.1124636 0.8301483
vt 0.1122175 0.843746
vt 0.1123648 0.8535494
vt 0.1126275 0.8598238
vt 0.1205891 0.8630841
vt 0.1047403 0.8623777
vt 0.1126431 0.8641759
vt 0.09399897 0.8598424
vt 0.1019438 0.8566381
vt 0.08310732 0.8563407
vt 0.09098852 0.8525794
vt 0.07255886 0.8517997
vt 0.1012374 0.8486722
vt 0.08031903 0.8475006
vt 0.06245583 0.8462616
vt 0.09031684 0.8427946
vt 0.07003871 0.8414491
vt 0.05289471 0.8397811
vt 0.1011668 0.837025
vt 0.06024583 0.8344849
vt 0.04396855 0.8324193
vt 0.07970874 0.8359717
vt 0.09033446 0.8294046
vt 0.05103556 0.8266733
vt 0.03576218 0.8242485
vt 0.06951467 0.8282707
vt 0.101556 0.8217629
vt 0.04249561 0.8180911
vt 0.02835592 0.815346
vt 0.05983355 0.8197644
vt 0.07982444 0.8209597
vt 0.09086337 0.8126258
vt 0.03470935 0.8088197
vt 0.02181969 0.8057987
vt 0.05075768 0.8105359
vt 0.06973857 0.8117703
vt 0.1024582 0.80341
vt 0.02775052 0.7989494
vt 0.01621793 0.7956977
vt 0.04237556 0.8006731
vt 0.06017319 0.801926
vt 0.08048925 0.8028239
vt 0.1144247 0.7934679
vt 0.0216875 0.7885743
vt 0.01160302 0.7851409
vt 0.0347667 0.7902718
vt 0.05122135 0.7915206
vt 0.0705329 0.7924525
vt 0.09191164 0.7930756
vt 0.1265749 0.7829612
vt 0.0165772 0.7777952
vt 0.008021036 0.7742295
vt 0.02800572 0.7794314
vt 0.04296819 0.7806552
vt 0.06109098 0.7816108
vt 0.08166559 0.7822723
vt 0.1038192 0.7826896
vt 0.1387164 0.7720607
vt 0.1160207 0.7718354
vt 0.09338604 0.7715546
vt 0.07181929 0.7711034
vt 0.05225351 0.7704037
vt 0.1506565 0.7609399
vt 0.1283191 0.7606907
vt 0.1055037 0.7604737
vt 0.08322609 0.7601698
vt 0.1622051 0.7497754
vt 0.1405164 0.7494354
vt 0.1178209 0.7492102
vt 0.1731749 0.7387434
vt 0.1524157 0.7382507
vt 0.1638225 0.727317
vt 0.1301381 0.7379469
vt 0.09512534 0.7489851
vt 0.1422557 0.7268659
vt 0.1539762 0.7161482
vt 0.1073226 0.7377298
vt 0.1196211 0.7265851
vt 0.1318226 0.715731
vt 0.1212171 0.7049526
vt 0.1090669 0.7154592
vt 0.09692536 0.7263598
vt 0.08498524 0.7374806
vt 0.1105411 0.6946352
vt 0.09857718 0.7046769
vt 0.08672953 0.71521
vt 0.09989761 0.6848775
vt 0.08825278 0.6943412
vt 0.08938916 0.6757742
vt 0.07819346 0.6845526
vt 0.06849559 0.6754043
vt 0.07683286 0.7043875
vt 0.07518153 0.7260709
vt 0.06733125 0.6939969
vt 0.05000456 0.6750491
vt 0.03489781 0.6757922
vt 0.0583155 0.6841376
vt 0.0412173 0.6837409
vt 0.02746434 0.6847486
vt 0.06580801 0.7148657
vt 0.04870895 0.6934981
vt 0.03318534 0.693046
vt 0.02091345 0.6943156
vt 0.0569557 0.7039734
vt 0.02600528 0.7028593
vt 0.01531245 0.704395
vt 0.0398011 0.703364
vt 0.04721365 0.7143414
vt 0.05534327 0.72562
vt 0.01976242 0.7130697
vt 0.0107224 0.7148853
vt 0.03171241 0.7136102
vt 0.01453567 0.7235634
vt 0.007191116 0.7256802
vt 0.03824762 0.7249582
vt 0.02455201 0.724108
vt 0.06411275 0.7370915
vt 0.01038995 0.7342243
vt 0.004647929 0.7362956
vt 0.01842232 0.7347271
vt 0.03018892 0.7356789
vt 0.04559972 0.7364928
vt 0.07343668 0.7486451
vt 0.007185059 0.7445163
vt 0.002851704 0.7441126
vt 0.003937742 0.7521442
vt 0.01341098 0.7453376
vt 0.009405043 0.7554415
vt 0.005504793 0.7630689
vt 0.05369917 0.748103
vt 0.06246684 0.7596771
vt 0.02316214 0.7463588
vt 0.03672765 0.7473266
vt 0.04410664 0.7589387
vt 0.01247042 0.7667152
vt 0.01727623 0.7568557
vt 0.02887067 0.757965
vt 0.03549441 0.7694338
vt 0.02215628 0.768257
vt 0.1773348 0.3082081
vt 0.1622609 0.3082082
vt 0.1623336 0.3096868
vt 0.1771175 0.3067437
vt 0.192119 0.3052674
vt 0.1917592 0.3038313
vt 0.2065434 0.3008905
vt 0.2060446 0.2994967
vt 0.2204698 0.295122
vt 0.2198368 0.2937838
vt 0.2337632 0.2880152
vt 0.233002 0.2867454
vt 0.2462966 0.2796406
vt 0.2454147 0.2784516
vt 0.2579481 0.2700769
vt 0.2569539 0.2689801
vt 0.2686069 0.2594181
vt 0.2675099 0.258424
vt 0.2781687 0.2477651
vt 0.2769796 0.2468833
vt 0.2865433 0.2352317
vt 0.2852735 0.2344707
vt 0.293648 0.2219372
vt 0.2923097 0.2213043
vt 0.2994165 0.2080108
vt 0.2980226 0.2075121
vt 0.3037911 0.1935857
vt 0.302355 0.193226
vt 0.2441918 0.2768029
vt 0.2555753 0.2674592
vt 0.265989 0.2570456
vt 0.2753308 0.2456606
vt 0.2835128 0.2334154
vt 0.2904541 0.2204267
vt 0.2960899 0.2068206
vt 0.2319467 0.2849848
vt 0.3003639 0.1927273
vt 0.3052675 0.1785843
vt 0.2189591 0.2919282
vt 0.303237 0.1782832
vt 0.3067295 0.1637275
vt 0.205353 0.297564
vt 0.3046793 0.1636269
vt 0.3067295 0.1487989
vt 0.1912604 0.3018402
vt 0.3046793 0.1488997
vt 0.3052651 0.1339424
vt 0.1768162 0.3047133
vt 0.3032347 0.1342437
vt 0.3023527 0.1193007
vt 0.1621601 0.306158
vt 0.147433 0.306158
vt 0.1473324 0.3082082
vt 0.1907383 0.2997566
vt 0.1765009 0.3025886
vt 0.1620546 0.3040125
vt 0.1475383 0.3040125
vt 0.2046293 0.2955416
vt 0.2180406 0.2899864
vt 0.2308423 0.2831425
vt 0.2429122 0.2750776
vt 0.2541327 0.2658677
vt 0.2643973 0.2556031
vt 0.2736055 0.2443811
vt 0.2816703 0.2323112
vt 0.2885123 0.2195084
vt 0.2940674 0.2060971
vt 0.2982802 0.1922055
vt 0.3011122 0.1779681
vt 0.3025339 0.1635215
vt 0.3025339 0.1490052
vt 0.2718801 0.2431016
vt 0.2798279 0.231207
vt 0.2865705 0.2185901
vt 0.2920449 0.2053735
vt 0.2961965 0.1916836
vt 0.2989874 0.177653
vt 0.3003885 0.1634163
vt 0.2628057 0.2541606
vt 0.2526901 0.2642762
vt 0.2416325 0.2733524
vt 0.2297379 0.2813001
vt 0.2171221 0.2880447
vt 0.2039056 0.2935191
vt 0.1902163 0.2976729
vt 0.1761857 0.3004638
vt 0.1619491 0.3018671
vt 0.1476436 0.3018671
vt 0.2286336 0.2794577
vt 0.2162036 0.2861029
vt 0.2031818 0.2914967
vt 0.1896943 0.2955893
vt 0.1758704 0.298339
vt 0.1618437 0.2997217
vt 0.1477489 0.2997217
vt 0.2403529 0.2716271
vt 0.2512476 0.2626846
vt 0.261214 0.2527182
vt 0.2701548 0.2418221
vt 0.2779854 0.2301027
vt 0.2846286 0.2176718
vt 0.2900224 0.2046499
vt 0.2941128 0.1911618
vt 0.2968626 0.1773379
vt 0.249805 0.2610931
vt 0.2596224 0.2512757
vt 0.2684294 0.2405426
vt 0.2761429 0.2289985
vt 0.2826868 0.2167534
vt 0.2879999 0.2039264
vt 0.2920292 0.19064
vt 0.2390732 0.2699018
vt 0.2275292 0.2776153
vt 0.2152852 0.2841611
vt 0.2024581 0.2894743
vt 0.1891723 0.2935056
vt 0.1755551 0.2962143
vt 0.1617382 0.2975762
vt 0.1478542 0.2975762
vt 0.2264641 0.2758385
vt 0.2378391 0.2682379
vt 0.2143994 0.2822884
vt 0.2484137 0.2595582
vt 0.2017601 0.2875238
vt 0.2580873 0.2498845
vt 0.1886688 0.2914961
vt 0.2667654 0.2393086
vt 0.1752511 0.2941651
vt 0.274366 0.2279335
vt 0.1616365 0.2955071
vt 0.2808141 0.2158678
vt 0.1479558 0.2955071
vt 0.2860494 0.2032285
vt 0.134341 0.2941672
vt 0.2900196 0.1901367
vt 0.1340371 0.2962165
vt 0.1209232 0.2914983
vt 0.2947378 0.1770228
vt 0.2926886 0.1767189
vt 0.133722 0.2983412
vt 0.1204199 0.2935078
vt 0.1078313 0.287528
vt 0.2960976 0.1632056
vt 0.2940285 0.1631041
vt 0.298243 0.1633109
vt 0.1334069 0.300466
vt 0.1071335 0.2894786
vt 0.09519207 0.2822927
vt 0.1198981 0.2955915
vt 0.2960976 0.1493217
vt 0.2940284 0.1494234
vt 0.3003885 0.1491107
vt 0.298243 0.1492162
vt 0.09430641 0.2841654
vt 0.08312632 0.2758446
vt 0.1064099 0.2915011
vt 0.2947356 0.1355047
vt 0.2926864 0.1358088
vt 0.3011099 0.1345589
vt 0.2989851 0.1348742
vt 0.2968604 0.1351894
vt 0.08206136 0.2776216
vt 0.07175129 0.2682441
vt 0.292027 0.1218875
vt 0.2900175 0.122391
vt 0.3003615 0.1197995
vt 0.2982779 0.1203215
vt 0.2961943 0.1208435
vt 0.2941106 0.1213655
vt 0.2879956 0.1086018
vt 0.2860452 0.1092998
vt 0.2900181 0.107878
vt 0.2920405 0.1071543
vt 0.2940629 0.1064306
vt 0.2960854 0.1057069
vt 0.2826825 0.0957747
vt 0.2808098 0.09666051
vt 0.2846243 0.09485622
vt 0.286566 0.09393775
vt 0.2885078 0.09301927
vt 0.2761367 0.08353069
vt 0.2743598 0.08459578
vt 0.2779791 0.08242631
vt 0.2798215 0.08132193
vt 0.2684232 0.07198662
vt 0.2667593 0.07322075
vt 0.2701485 0.07070696
vt 0.2596145 0.06125489
vt 0.2580796 0.06264616
vt 0.2904495 0.09210078
vt 0.2816638 0.08021754
vt 0.2718737 0.06942733
vt 0.261206 0.0598123
vt 0.249797 0.05143747
vt 0.2484059 0.05297251
vt 0.2835062 0.07911318
vt 0.273599 0.06814765
vt 0.2627975 0.05836972
vt 0.2512395 0.04984583
vt 0.2390639 0.04263045
vt 0.2378299 0.04429444
vt 0.2753243 0.06686803
vt 0.264389 0.05692713
vt 0.252682 0.04825418
vt 0.2403434 0.04090508
vt 0.2275199 0.03491694
vt 0.2264549 0.03669388
vt 0.2659806 0.05548452
vt 0.2541245 0.04666253
vt 0.2416229 0.03917972
vt 0.2286241 0.03307447
vt 0.2152748 0.02837308
vt 0.2143891 0.03024582
vt 0.2555669 0.04507089
vt 0.2429025 0.03745437
vt 0.2297283 0.031232
vt 0.2161931 0.02643126
vt 0.2024477 0.02305993
vt 0.2017499 0.02501047
vt 0.244182 0.03572901
vt 0.2308326 0.02938954
vt 0.2171115 0.02448942
vt 0.2031713 0.02103743
vt 0.1891613 0.01903068
vt 0.188658 0.02104023
vt 0.2319368 0.02754705
vt 0.2180298 0.02254761
vt 0.2038949 0.01901492
vt 0.1896832 0.01694701
vt 0.1755442 0.01632205
vt 0.1752403 0.01837127
vt 0.2189481 0.02060577
vt 0.2046184 0.01699243
vt 0.190205 0.01486332
vt 0.1758593 0.01419726
vt 0.161727 0.01496229
vt 0.1616254 0.01703141
vt 0.205342 0.01496995
vt 0.1907268 0.01277967
vt 0.1761743 0.01207247
vt 0.1618323 0.01281685
vt 0.147843 0.01496229
vt 0.1479448 0.01703142
vt 0.1912487 0.010696
vt 0.1764894 0.009947686
vt 0.1619376 0.0106714
vt 0.1477376 0.01281683
vt 0.1340261 0.01632424
vt 0.1343301 0.01837344
vt 0.1768045 0.007822881
vt 0.1620429 0.008525985
vt 0.1476321 0.01067139
vt 0.1337108 0.01419947
vt 0.1204089 0.01903287
vt 0.1209124 0.02104239
vt 0.1621482 0.006380534
vt 0.1475266 0.00852597
vt 0.1333955 0.01207472
vt 0.1198869 0.01694923
vt 0.1071231 0.02306423
vt 0.1078211 0.02501471
vt 0.1474211 0.006380521
vt 0.1330803 0.009949958
vt 0.1193649 0.0148656
vt 0.1063994 0.02104177
vt 0.09429606 0.02837737
vt 0.09518187 0.03025006
vt 0.132765 0.007825181
vt 0.1188429 0.01278196
vt 0.1056757 0.01901935
vt 0.09337758 0.02643559
vt 0.08205205 0.03492318
vt 0.08311713 0.03670003
vt 0.1183209 0.01069831
vt 0.104952 0.01699692
vt 0.0924591 0.02449384
vt 0.08094767 0.03308078
vt 0.07050797 0.04263667
vt 0.07174211 0.04430057
vt 0.1042282 0.01497449
vt 0.09154063 0.02255208
vt 0.07984329 0.0312384
vt 0.06922832 0.04091139
vt 0.05977625 0.05144539
vt 0.06116752 0.05298031
vt 0.09062214 0.02061032
vt 0.07873891 0.02939603
vt 0.06794868 0.03918614
vt 0.05833365 0.04985386
vt 0.04995883 0.06126281
vt 0.05149387 0.06265397
vt 0.07763454 0.02755366
vt 0.06666901 0.03746088
vt 0.05689108 0.04826233
vt 0.04836719 0.05982034
vt 0.0411518 0.07199593
vt 0.04281579 0.07322993
vt 0.06538939 0.0357356
vt 0.05544848 0.04667082
vt 0.04677554 0.05837788
vt 0.03942644 0.07071643
vt 0.0334383 0.08354
vt 0.03521524 0.08460496
vt 0.05400588 0.04507929
vt 0.04518389 0.05693541
vt 0.03770108 0.06943692
vt 0.03159583 0.08243576
vt 0.02689443 0.09578505
vt 0.02876719 0.09667071
vt 0.04359225 0.05549295
vt 0.03597573 0.06815741
vt 0.02975336 0.08133153
vt 0.02495261 0.09486673
vt 0.02158129 0.1086121
vt 0.02353183 0.10931
vt 0.03425037 0.0668779
vt 0.0279109 0.08022729
vt 0.02301077 0.09394841
vt 0.01955877 0.1078886
vt 0.01755204 0.1218985
vt 0.0195616 0.1224018
vt 0.02606841 0.07912306
vt 0.02106896 0.0930301
vt 0.0175363 0.107165
vt 0.01546837 0.1213767
vt 0.01484341 0.1355157
vt 0.01689263 0.1358196
vt 0.01912713 0.09211177
vt 0.01551379 0.1064414
vt 0.0133847 0.1208549
vt 0.01271862 0.1352006
vt 0.01348364 0.1493329
vt 0.01555276 0.1494344
vt 0.01349131 0.1057179
vt 0.01130103 0.120333
vt 0.01059383 0.1348855
vt 0.0113382 0.1492276
vt 0.01348365 0.1632168
vt 0.01555278 0.1631151
vt 0.009217362 0.1198112
vt 0.008469027 0.1345704
vt 0.009192776 0.1491223
vt 0.01133821 0.1633223
vt 0.01484561 0.1770338
vt 0.0168948 0.1767297
vt 0.006344232 0.1342553
vt 0.007047326 0.1490169
vt 0.009192776 0.1634278
vt 0.01272083 0.1773491
vt 0.01755423 0.1906509
vt 0.01956375 0.1901475
vt 0.004901893 0.1489116
vt 0.007047319 0.1635333
vt 0.01059608 0.1776643
vt 0.01547058 0.191173
vt 0.02158558 0.2039367
vt 0.02353606 0.2032387
vt 0.004901879 0.1636388
vt 0.008471317 0.1779796
vt 0.01338695 0.191695
vt 0.01956313 0.2046605
vt 0.02689872 0.2167638
vt 0.02877142 0.215878
vt 0.006346536 0.1782949
vt 0.01130332 0.192217
vt 0.01754071 0.2053842
vt 0.02495695 0.2176823
vt 0.03344453 0.2290078
vt 0.03522139 0.2279427
vt 0.009219671 0.192739
vt 0.01551828 0.2061079
vt 0.02301521 0.2186007
vt 0.03160214 0.2301122
vt 0.04115803 0.2405519
vt 0.04282193 0.2393177
vt 0.01349585 0.2068316
vt 0.02107344 0.2195192
vt 0.02975976 0.2312166
vt 0.03943276 0.2418315
vt 0.04996675 0.2512836
vt 0.05150166 0.2498923
vt 0.01913168 0.2204377
vt 0.0279174 0.232321
vt 0.0377075 0.2431112
vt 0.04837522 0.2527262
vt 0.05978417 0.261101
vt 0.06117533 0.259566
vt 0.02607502 0.2334253
vt 0.03598224 0.2443908
vt 0.0467837 0.2541688
vt 0.0583417 0.2626927
vt 0.07051729 0.269908
vt 0.06923778 0.2716334
vt 0.05689923 0.2642843
vt 0.04519219 0.2556114
vt 0.08095712 0.279464
vt 0.06795828 0.2733588
vt 0.05545676 0.265876
vt 0.09338809 0.2861072
vt 0.07985289 0.2813065
vt 0.06667877 0.2750841
vt 0.09246977 0.2880491
vt 0.1056864 0.2935236
vt 0.07874865 0.283149
vt 0.09155145 0.2899909
vt 0.1193762 0.2976752
vt 0.1049628 0.2955461
vt 0.1330918 0.3025908
vt 0.1188544 0.2997588
vt 0.1327767 0.3047156
vt 0.1183325 0.3018425
vt 0.1324756 0.3067461
vt 0.1472598 0.3096868
vt 0.1322584 0.3082105
vt 0.1178339 0.3038337
vt 0.1174742 0.3052697
vt 0.1042392 0.2975686
vt 0.1035478 0.2995013
vt 0.1030491 0.3008952
vt 0.09063313 0.2919327
vt 0.08975558 0.2937883
vt 0.08912268 0.2951266
vt 0.07764442 0.2849914
vt 0.0765892 0.2867521
vt 0.07582816 0.288022
vt 0.06539926 0.2768095
vt 0.06417656 0.2784582
vt 0.06329472 0.2796474
vt 0.05401431 0.2674676
vt 0.05263587 0.2689886
vt 0.05164173 0.2700855
vt 0.04360064 0.257054
vt 0.0420798 0.2584325
vt 0.04098292 0.2594267
vt 0.03425696 0.2456705
vt 0.0326083 0.2468933
vt 0.03141925 0.2477752
vt 0.02431444 0.2344807
vt 0.02304467 0.2352418
vt 0.01727611 0.2213154
vt 0.01593786 0.2219484
vt 0.01156321 0.2075232
vt 0.01016936 0.208022
vt 0.007228545 0.1932378
vt 0.005792513 0.1935976
vt 0.004316137 0.1785961
vt 0.002851702 0.1637396
vt 0.002851704 0.148811
vt 0.004313774 0.1339542
vt 0.007226196 0.1193125
vt 0.0115586 0.1050264
vt 0.005790134 0.1189528
vt 0.0101647 0.1045277
vt 0.01727152 0.09123422
vt 0.01593322 0.09060132
vt 0.02430775 0.07806785
vt 0.02303791 0.07730681
vt 0.03260162 0.0656552
vt 0.0314125 0.06477337
vt 0.04207128 0.05411452
vt 0.04097432 0.05312037
vt 0.05262737 0.04355844
vt 0.05163313 0.04246156
vt 0.06416655 0.03408695
vt 0.06328464 0.0328979
vt 0.07657918 0.02579308
vt 0.07581806 0.02452331
vt 0.08974444 0.01875477
vt 0.08911142 0.0174165
vt 0.1035366 0.01304185
vt 0.1030379 0.011648
vt 0.117822 0.008707186
vt 0.1174623 0.007271155
vt 0.1324637 0.005794778
vt 0.1322464 0.004330393
vt 0.1473203 0.004330344
vt 0.1472476 0.002851705
vt 0.1622489 0.004330345
vt 0.1623214 0.002851713
vt 0.1771057 0.005792416
vt 0.1773228 0.004328017
vt 0.1917474 0.008704846
vt 0.192107 0.007268775
vt 0.2060335 0.01303725
vt 0.2065321 0.01164334
vt 0.2198256 0.01875016
vt 0.2204586 0.01741183
vt 0.232992 0.02578639
vt 0.2337531 0.02451656
vt 0.2454047 0.03408026
vt 0.2462865 0.03289114
vt 0.2569453 0.04354992
vt 0.2579395 0.04245296
vt 0.2675014 0.05410601
vt 0.2685983 0.05311177
vt 0.2769729 0.06564519
vt 0.278162 0.06476328
vt 0.2852668 0.07805783
vt 0.2865365 0.0772967
vt 0.2923051 0.09122311
vt 0.2936434 0.09059007
vt 0.298018 0.1050153
vt 0.2994119 0.1045165
vt 0.3037887 0.1189409
vt 0.6382638 0.289845
vt 0.6238341 0.2882273
vt 0.6234761 0.2897363
vt 0.6384793 0.288335
vt 0.6532669 0.2898996
vt 0.6533378 0.288389
vt 0.6683407 0.2898996
vt 0.6682664 0.2883891
vt 0.6833401 0.289845
vt 0.6831211 0.2883349
vt 0.6981208 0.2897363
vt 0.6977594 0.2882273
vt 0.1544317 0.3170914
vt 0.1540703 0.3155822
vt 0.1394321 0.3156903
vt 0.139651 0.3172005
vt 0.1245772 0.3157446
vt 0.1246516 0.3172554
vt 0.1096487 0.3157446
vt 0.1095778 0.3172553
vt 0.09479018 0.3156903
vt 0.09457468 0.3172005
vt 0.08014504 0.3155822
vt 0.07978702 0.3170914
vt 0.4341466 0.2895233
vt 0.4340747 0.2880411
vt 0.4191462 0.2880411
vt 0.4190728 0.2895233
f 1/1/1 3/3/3 2/2/2
f 4/4/4 6/6/6 5/5/5
f 7/7/7 9/9/9 8/8/8
f 10/10/10 12/12/12 11/11/11
f 13/13/13 15/15/15 14/14/14
f 16/16/16 18/18/18 17/17/17
f 19/19/19 20/20/20 17/17/17
f 19/19/19 21/21/21 20/20/20
f 22/22/22 21/21/21 19/19/19
f 23/23/23 22/22/22 19/19/19
f 23/23/23 19/19/19 24/24/24
f 25/25/25 23/23/23 24/24/24
f 25/25/25 24/24/24 26/26/26
f 27/27/27 25/25/25 26/26/26
f 27/27/27 26/26/26 28/28/28
f 29/29/29 27/27/27 28/28/28
f 29/29/29 28/28/28 30/30/30
f 31/31/31 29/29/29 30/30/30
f 31/31/31 30/30/30 32/32/32
f 33/33/33 31/31/31 32/32/32
f 33/33/33 32/32/32 34/34/34
f 35/35/35 23/23/23 25/25/25
f 36/36/36 25/25/25 27/27/27
f 36/36/36 35/35/35 25/25/25
f 37/37/37 27/27/27 29/29/29
f 37/37/37 36/36/36 27/27/27
f 38/38/38 29/29/29 31/31/31
f 38/38/38 37/37/37 29/29/29
f 39/39/39 31/31/31 33/33/33
f 39/39/39 38/38/38 31/31/31
f 35/35/35 40/40/40 23/23/23
f 40/40/40 22/22/22 23/23/23
f 37/37/37 41/41/41 36/36/36
f 38/38/38 42/42/42 37/37/37
f 37/37/37 42/42/42 41/41/41
f 36/36/36 43/43/43 35/35/35
f 36/36/36 41/41/41 43/43/43
f 39/39/39 44/44/44 38/38/38
f 38/38/38 44/44/44 42/42/42
f 35/35/35 45/45/45 40/40/40
f 35/35/35 43/43/43 45/45/45
f 46/46/46 39/39/39 33/33/33
f 39/39/39 47/47/47 44/44/44
f 46/46/46 47/47/47 39/39/39
f 46/46/46 33/33/33 48/48/48
f 48/48/48 33/33/33 34/34/34
f 42/42/42 49/49/49 41/41/41
f 41/41/41 50/50/50 43/43/43
f 41/41/41 49/49/49 50/50/50
f 44/44/44 51/51/51 42/42/42
f 42/42/42 51/51/51 49/49/49
f 43/43/43 52/52/52 45/45/45
f 43/43/43 50/50/50 52/52/52
f 47/47/47 53/53/53 44/44/44
f 44/44/44 53/53/53 51/51/51
f 46/46/46 54/54/54 47/47/47
f 55/55/55 46/46/46 48/48/48
f 55/55/55 54/54/54 46/46/46
f 47/47/47 56/56/56 53/53/53
f 54/54/54 56/56/56 47/47/47
f 51/51/51 57/57/57 49/49/49
f 49/49/49 58/58/58 50/50/50
f 49/49/49 57/57/57 58/58/58
f 53/53/53 59/59/59 51/51/51
f 51/51/51 59/59/59 57/57/57
f 50/50/50 60/60/60 52/52/52
f 50/50/50 58/58/58 60/60/60
f 56/56/56 61/61/61 53/53/53
f 53/53/53 61/61/61 59/59/59
f 54/54/54 62/62/62 56/56/56
f 55/55/55 63/63/63 54/54/54
f 63/63/63 62/62/62 54/54/54
f 56/56/56 64/64/64 61/61/61
f 62/62/62 64/64/64 56/56/56
f 59/59/59 65/65/65 57/57/57
f 57/57/57 66/66/66 58/58/58
f 57/57/57 65/65/65 66/66/66
f 61/61/61 67/67/67 59/59/59
f 59/59/59 67/67/67 65/65/65
f 58/58/58 68/68/68 60/60/60
f 58/58/58 66/66/66 68/68/68
f 64/64/64 69/69/69 61/61/61
f 61/61/61 69/69/69 67/67/67
f 62/62/62 70/70/70 64/64/64
f 63/63/63 71/71/71 62/62/62
f 71/71/71 70/70/70 62/62/62
f 64/64/64 72/72/72 69/69/69
f 70/70/70 72/72/72 64/64/64
f 67/67/67 73/73/73 65/65/65
f 65/65/65 74/74/74 66/66/66
f 65/65/65 73/73/73 74/74/74
f 69/69/69 75/75/75 67/67/67
f 67/67/67 75/75/75 73/73/73
f 66/66/66 76/76/76 68/68/68
f 66/66/66 74/74/74 76/76/76
f 72/72/72 77/77/77 69/69/69
f 69/69/69 77/77/77 75/75/75
f 78/78/78 71/71/71 63/63/63
f 79/79/79 78/78/78 63/63/63
f 78/78/78 80/80/80 71/71/71
f 79/79/79 63/63/63 55/55/55
f 80/80/80 81/81/81 71/71/71
f 80/80/80 82/82/82 81/81/81
f 71/71/71 81/81/81 70/70/70
f 79/79/79 55/55/55 83/83/83
f 79/79/79 83/83/83 84/84/84
f 55/55/55 48/48/48 83/83/83
f 70/70/70 85/85/85 72/72/72
f 81/81/81 85/85/85 70/70/70
f 82/82/82 86/86/86 81/81/81
f 81/81/81 86/86/86 85/85/85
f 82/82/82 87/87/87 86/86/86
f 84/84/84 83/83/83 88/88/88
f 84/84/84 88/88/88 89/89/89
f 89/89/89 88/88/88 90/90/90
f 89/89/89 90/90/90 91/91/91
f 83/83/83 92/92/92 88/88/88
f 83/83/83 48/48/48 92/92/92
f 48/48/48 34/34/34 92/92/92
f 92/92/92 34/34/34 93/93/93
f 92/92/92 93/93/93 94/94/94
f 34/34/34 95/95/95 93/93/93
f 34/34/34 96/96/96 95/95/95
f 87/87/87 97/97/97 86/86/86
f 87/87/87 98/98/98 97/97/97
f 86/86/86 97/97/97 99/99/99
f 86/86/86 99/99/99 85/85/85
f 98/98/98 100/100/100 97/97/97
f 98/98/98 101/101/101 100/100/100
f 85/85/85 99/99/99 102/102/102
f 85/85/85 102/102/102 72/72/72
f 72/72/72 102/102/102 77/77/77
f 97/97/97 103/103/103 99/99/99
f 97/97/97 100/100/100 103/103/103
f 101/101/101 104/104/104 100/100/100
f 101/101/101 105/105/105 104/104/104
f 99/99/99 106/106/106 102/102/102
f 99/99/99 103/103/103 106/106/106
f 102/102/102 107/107/107 77/77/77
f 102/102/102 106/106/106 107/107/107
f 100/100/100 108/108/108 103/103/103
f 100/100/100 104/104/104 108/108/108
f 103/103/103 109/109/109 106/106/106
f 103/103/103 108/108/108 109/109/109
f 104/104/104 110/110/110 108/108/108
f 104/104/104 111/111/111 110/110/110
f 108/108/108 110/110/110 112/112/112
f 108/108/108 112/112/112 109/109/109
f 109/109/109 112/112/112 113/113/113
f 106/106/106 109/109/109 114/114/114
f 109/109/109 113/113/113 114/114/114
f 106/106/106 114/114/114 107/107/107
f 114/114/114 113/113/113 115/115/115
f 114/114/114 115/115/115 116/116/116
f 107/107/107 114/114/114 116/116/116
f 116/116/116 115/115/115 117/117/117
f 107/107/107 116/116/116 118/118/118
f 77/77/77 107/107/107 118/118/118
f 77/77/77 118/118/118 75/75/75
f 116/116/116 117/117/117 119/119/119
f 118/118/118 116/116/116 119/119/119
f 119/119/119 117/117/117 120/120/120
f 75/75/75 118/118/118 121/121/121
f 118/118/118 119/119/119 121/121/121
f 75/75/75 121/121/121 73/73/73
f 119/119/119 120/120/120 122/122/122
f 121/121/121 119/119/119 122/122/122
f 122/122/122 120/120/120 123/123/123
f 73/73/73 121/121/121 124/124/124
f 121/121/121 122/122/122 124/124/124
f 73/73/73 124/124/124 74/74/74
f 122/122/122 123/123/123 125/125/125
f 124/124/124 122/122/122 125/125/125
f 125/125/125 123/123/123 126/126/126
f 74/74/74 124/124/124 127/127/127
f 124/124/124 125/125/125 127/127/127
f 74/74/74 127/127/127 76/76/76
f 125/125/125 126/126/126 128/128/128
f 127/127/127 125/125/125 128/128/128
f 128/128/128 126/126/126 129/129/129
f 76/76/76 127/127/127 130/130/130
f 127/127/127 128/128/128 130/130/130
f 128/128/128 129/129/129 131/131/131
f 130/130/130 128/128/128 131/131/131
f 131/131/131 129/129/129 132/132/132
f 76/76/76 130/130/130 133/133/133
f 68/68/68 76/76/76 133/133/133
f 130/130/130 131/131/131 134/134/134
f 133/133/133 130/130/130 134/134/134
f 131/131/131 132/132/132 135/135/135
f 134/134/134 131/131/131 135/135/135
f 135/135/135 132/132/132 136/136/136
f 68/68/68 133/133/133 137/137/137
f 60/60/60 68/68/68 137/137/137
f 133/133/133 134/134/134 138/138/138
f 137/137/137 133/133/133 138/138/138
f 134/134/134 135/135/135 139/139/139
f 138/138/138 134/134/134 139/139/139
f 135/135/135 136/136/136 140/140/140
f 139/139/139 135/135/135 140/140/140
f 140/140/140 136/136/136 141/141/141
f 60/60/60 137/137/137 142/142/142
f 52/52/52 60/60/60 142/142/142
f 137/137/137 138/138/138 143/143/143
f 142/142/142 137/137/137 143/143/143
f 138/138/138 139/139/139 144/144/144
f 143/143/143 138/138/138 144/144/144
f 139/139/139 140/140/140 145/145/145
f 144/144/144 139/139/139 145/145/145
f 140/140/140 141/141/141 146/146/146
f 145/145/145 140/140/140 146/146/146
f 146/146/146 141/141/141 147/147/147
f 52/52/52 142/142/142 148/148/148
f 45/45/45 52/52/52 148/148/148
f 142/142/142 143/143/143 149/149/149
f 148/148/148 142/142/142 149/149/149
f 143/143/143 144/144/144 150/150/150
f 149/149/149 143/143/143 150/150/150
f 144/144/144 145/145/145 151/151/151
f 150/150/150 144/144/144 151/151/151
f 145/145/145 146/146/146 152/152/152
f 151/151/151 145/145/145 152/152/152
f 146/146/146 147/147/147 153/153/153
f 152/152/152 146/146/146 153/153/153
f 153/153/153 147/147/147 154/154/154
f 45/45/45 148/148/148 155/155/155
f 40/40/40 45/45/45 155/155/155
f 148/148/148 149/149/149 156/156/156
f 155/155/155 148/148/148 156/156/156
f 149/149/149 150/150/150 157/157/157
f 156/156/156 149/149/149 157/157/157
f 150/150/150 151/151/151 158/158/158
f 157/157/157 150/150/150 158/158/158
f 151/151/151 152/152/152 159/159/159
f 158/158/158 151/151/151 159/159/159
f 152/152/152 153/153/153 160/160/160
f 159/159/159 152/152/152 160/160/160
f 153/153/153 154/154/154 161/161/161
f 160/160/160 153/153/153 161/161/161
f 161/161/161 154/154/154 162/162/162
f 161/161/161 162/162/162 163/163/163
f 160/160/160 161/161/161 164/164/164
f 164/164/164 161/161/161 163/163/163
f 159/159/159 160/160/160 165/165/165
f 165/165/165 160/160/160 164/164/164
f 158/158/158 159/159/159 166/166/166
f 166/166/166 159/159/159 165/165/165
f 157/157/157 158/158/158 167/167/167
f 167/167/167 158/158/158 166/166/166
f 164/164/164 163/163/163 168/168/168
f 168/168/168 163/163/163 169/169/169
f 168/168/168 169/169/169 170/170/170
f 165/165/165 164/164/164 171/171/171
f 171/171/171 164/164/164 168/168/168
f 172/172/172 168/168/168 170/170/170
f 171/171/171 168/168/168 172/172/172
f 172/172/172 170/170/170 173/173/173
f 166/166/166 165/165/165 174/174/174
f 174/174/174 165/165/165 171/171/171
f 175/175/175 171/171/171 172/172/172
f 174/174/174 171/171/171 175/175/175
f 176/176/176 172/172/172 173/173/173
f 175/175/175 172/172/172 176/176/176
f 176/176/176 173/173/173 177/177/177
f 178/178/178 166/166/166 174/174/174
f 167/167/167 166/166/166 178/178/178
f 179/179/179 174/174/174 175/175/175
f 178/178/178 174/174/174 179/179/179
f 180/180/180 175/175/175 176/176/176
f 179/179/179 175/175/175 180/180/180
f 181/181/181 176/176/176 177/177/177
f 180/180/180 176/176/176 181/181/181
f 181/181/181 177/177/177 182/182/182
f 183/183/183 181/181/181 182/182/182
f 183/183/183 182/182/182 184/184/184
f 185/185/185 180/180/180 181/181/181
f 185/185/185 181/181/181 183/183/183
f 186/186/186 179/179/179 180/180/180
f 186/186/186 180/180/180 185/185/185
f 187/187/187 178/178/178 179/179/179
f 187/187/187 179/179/179 186/186/186
f 188/188/188 167/167/167 178/178/178
f 188/188/188 178/178/178 187/187/187
f 189/189/189 183/183/183 184/184/184
f 189/189/189 184/184/184 190/190/190
f 191/191/191 185/185/185 183/183/183
f 191/191/191 183/183/183 189/189/189
f 192/192/192 186/186/186 185/185/185
f 192/192/192 185/185/185 191/191/191
f 193/193/193 187/187/187 186/186/186
f 193/193/193 186/186/186 192/192/192
f 194/194/194 189/189/189 190/190/190
f 194/194/194 190/190/190 195/195/195
f 194/194/194 195/195/195 196/196/196
f 197/197/197 191/191/191 189/189/189
f 197/197/197 189/189/189 194/194/194
f 194/194/194 196/196/196 198/198/198
f 197/197/197 194/194/194 198/198/198
f 198/198/198 196/196/196 199/199/199
f 200/200/200 192/192/192 191/191/191
f 200/200/200 191/191/191 197/197/197
f 197/197/197 198/198/198 201/201/201
f 200/200/200 197/197/197 201/201/201
f 198/198/198 199/199/199 202/202/202
f 201/201/201 198/198/198 202/202/202
f 202/202/202 199/199/199 203/203/203
f 202/202/202 203/203/203 204/204/204
f 201/201/201 202/202/202 205/205/205
f 206/206/206 192/192/192 200/200/200
f 206/206/206 193/193/193 192/192/192
f 200/200/200 201/201/201 207/207/207
f 207/207/207 201/201/201 205/205/205
f 206/206/206 200/200/200 207/207/207
f 207/207/207 205/205/205 208/208/208
f 208/208/208 205/205/205 209/209/209
f 208/208/208 209/209/209 210/210/210
f 211/211/211 208/208/208 210/210/210
f 211/211/211 210/210/210 212/212/212
f 213/213/213 207/207/207 208/208/208
f 206/206/206 207/207/207 213/213/213
f 213/213/213 208/208/208 214/214/214
f 215/215/215 193/193/193 206/206/206
f 215/215/215 206/206/206 213/213/213
f 216/216/216 213/213/213 214/214/214
f 215/215/215 213/213/213 216/216/216
f 216/216/216 214/214/214 217/217/217
f 215/215/215 218/218/218 193/193/193
f 218/218/218 187/187/187 193/193/193
f 218/218/218 188/188/188 187/187/187
f 219/219/219 215/215/215 216/216/216
f 219/219/219 218/218/218 215/215/215
f 220/220/220 216/216/216 217/217/217
f 219/219/219 216/216/216 220/220/220
f 220/220/220 217/217/217 221/221/221
f 222/222/222 188/188/188 218/218/218
f 219/219/219 222/222/222 218/218/218
f 223/223/223 219/219/219 220/220/220
f 223/223/223 222/222/222 219/219/219
f 224/224/224 220/220/220 221/221/221
f 223/223/223 220/220/220 224/224/224
f 222/222/222 225/225/225 188/188/188
f 225/225/225 167/167/167 188/188/188
f 225/225/225 157/157/157 167/167/167
f 156/156/156 157/157/157 225/225/225
f 226/226/226 225/225/225 222/222/222
f 226/226/226 156/156/156 225/225/225
f 223/223/223 226/226/226 222/222/222
f 155/155/155 156/156/156 226/226/226
f 227/227/227 226/226/226 223/223/223
f 227/227/227 155/155/155 226/226/226
f 227/227/227 223/223/223 224/224/224
f 40/40/40 155/155/155 227/227/227
f 40/40/40 227/227/227 22/22/22
f 227/227/227 224/224/224 22/22/22
f 22/22/22 224/224/224 21/21/21
f 224/224/224 221/221/221 21/21/21
f 21/21/21 221/221/221 228/228/228
f 21/21/21 228/228/228 229/229/229
f 230/230/230 232/232/232 231/231/231
f 233/233/233 235/235/235 234/234/234
f 236/236/236 237/237/237 234/234/234
f 236/236/236 238/238/238 237/237/237
f 239/239/239 238/238/238 236/236/236
f 240/240/240 239/239/239 236/236/236
f 240/240/240 236/236/236 241/241/241
f 242/242/242 240/240/240 241/241/241
f 242/242/242 241/241/241 243/243/243
f 243/243/243 241/241/241 244/244/244
f 245/245/245 243/243/243 244/244/244
f 245/245/245 244/244/244 246/246/246
f 247/247/247 243/243/243 245/245/245
f 247/247/247 242/242/242 243/243/243
f 248/248/248 247/247/247 245/245/245
f 248/248/248 245/245/245 249/249/249
f 250/250/250 248/248/248 249/249/249
f 250/250/250 249/249/249 251/251/251
f 252/252/252 250/250/250 251/251/251
f 252/252/252 251/251/251 253/253/253
f 254/254/254 240/240/240 242/242/242
f 255/255/255 242/242/242 247/247/247
f 255/255/255 254/254/254 242/242/242
f 256/256/256 247/247/247 248/248/248
f 256/256/256 255/255/255 247/247/247
f 257/257/257 248/248/248 250/250/250
f 257/257/257 256/256/256 248/248/248
f 258/258/258 250/250/250 252/252/252
f 258/258/258 257/257/257 250/250/250
f 254/254/254 259/259/259 240/240/240
f 259/259/259 239/239/239 240/240/240
f 260/260/260 252/252/252 253/253/253
f 261/261/261 258/258/258 252/252/252
f 261/261/261 252/252/252 260/260/260
f 260/260/260 253/253/253 262/262/262
f 262/262/262 253/253/253 263/263/263
f 262/262/262 263/263/263 264/264/264
f 265/265/265 260/260/260 262/262/262
f 265/265/265 262/262/262 266/266/266
f 267/267/267 261/261/261 260/260/260
f 267/267/267 260/260/260 265/265/265
f 268/268/268 265/265/265 266/266/266
f 268/268/268 266/266/266 269/269/269
f 269/269/269 266/266/266 270/270/270
f 269/269/269 270/270/270 271/271/271
f 272/272/272 265/265/265 268/268/268
f 272/272/272 267/267/267 265/265/265
f 272/272/272 273/273/273 267/267/267
f 272/272/272 274/274/274 273/273/273
f 267/267/267 275/275/275 261/261/261
f 267/267/267 273/273/273 275/275/275
f 274/274/274 276/276/276 273/273/273
f 274/274/274 277/277/277 276/276/276
f 261/261/261 275/275/275 278/278/278
f 261/261/261 278/278/278 258/258/258
f 273/273/273 279/279/279 275/275/275
f 273/273/273 276/276/276 279/279/279
f 277/277/277 280/280/280 276/276/276
f 277/277/277 281/281/281 280/280/280
f 258/258/258 278/278/278 282/282/282
f 258/258/258 282/282/282 257/257/257
f 275/275/275 283/283/283 278/278/278
f 275/275/275 279/279/279 283/283/283
f 276/276/276 284/284/284 279/279/279
f 276/276/276 280/280/280 284/284/284
f 281/281/281 285/285/285 280/280/280
f 281/281/281 286/286/286 285/285/285
f 257/257/257 282/282/282 287/287/287
f 257/257/257 287/287/287 256/256/256
f 278/278/278 288/288/288 282/282/282
f 278/278/278 283/283/283 288/288/288
f 279/279/279 289/289/289 283/283/283
f 279/279/279 284/284/284 289/289/289
f 280/280/280 290/290/290 284/284/284
f 280/280/280 285/285/285 290/290/290
f 286/286/286 291/291/291 285/285/285
f 286/286/286 292/292/292 291/291/291
f 256/256/256 287/287/287 293/293/293
f 256/256/256 293/293/293 255/255/255
f 283/283/283 294/294/294 288/288/288
f 283/283/283 289/289/289 294/294/294
f 284/284/284 295/295/295 289/289/289
f 284/284/284 290/290/290 295/295/295
f 285/285/285 296/296/296 290/290/290
f 285/285/285 291/291/291 296/296/296
f 292/292/292 297/297/297 291/291/291
f 292/292/292 298/298/298 297/297/297
f 255/255/255 293/293/293 299/299/299
f 255/255/255 299/299/299 254/254/254
f 289/289/289 300/300/300 294/294/294
f 289/289/289 295/295/295 300/300/300
f 290/290/290 301/301/301 295/295/295
f 290/290/290 296/296/296 301/301/301
f 291/291/291 302/302/302 296/296/296
f 291/291/291 297/297/297 302/302/302
f 298/298/298 303/303/303 297/297/297
f 298/298/298 304/304/304 303/303/303
f 297/297/297 303/303/303 305/305/305
f 297/297/297 305/305/305 302/302/302
f 296/296/296 302/302/302 306/306/306
f 296/296/296 306/306/306 301/301/301
f 295/295/295 301/301/301 307/307/307
f 295/295/295 307/307/307 300/300/300
f 303/303/303 308/308/308 305/305/305
f 303/303/303 309/309/309 308/308/308
f 305/305/305 308/308/308 310/310/310
f 302/302/302 305/305/305 311/311/311
f 305/305/305 310/310/310 311/311/311
f 302/302/302 311/311/311 306/306/306
f 311/311/311 310/310/310 312/312/312
f 311/311/311 312/312/312 313/313/313
f 306/306/306 311/311/311 313/313/313
f 313/313/313 312/312/312 314/314/314
f 301/301/301 306/306/306 315/315/315
f 306/306/306 313/313/313 315/315/315
f 301/301/301 315/315/315 307/307/307
f 313/313/313 314/314/314 316/316/316
f 315/315/315 313/313/313 316/316/316
f 316/316/316 314/314/314 317/317/317
f 307/307/307 315/315/315 318/318/318
f 315/315/315 316/316/316 318/318/318
f 316/316/316 317/317/317 319/319/319
f 318/318/318 316/316/316 319/319/319
f 319/319/319 317/317/317 320/320/320
f 307/307/307 318/318/318 321/321/321
f 300/300/300 307/307/307 321/321/321
f 318/318/318 319/319/319 322/322/322
f 321/321/321 318/318/318 322/322/322
f 319/319/319 320/320/320 323/323/323
f 322/322/322 319/319/319 323/323/323
f 323/323/323 320/320/320 324/324/324
f 300/300/300 321/321/321 325/325/325
f 294/294/294 300/300/300 325/325/325
f 321/321/321 322/322/322 326/326/326
f 325/325/325 321/321/321 326/326/326
f 322/322/322 323/323/323 327/327/327
f 326/326/326 322/322/322 327/327/327
f 323/323/323 324/324/324 328/328/328
f 327/327/327 323/323/323 328/328/328
f 328/328/328 324/324/324 329/329/329
f 294/294/294 325/325/325 330/330/330
f 288/288/288 294/294/294 330/330/330
f 325/325/325 326/326/326 331/331/331
f 330/330/330 325/325/325 331/331/331
f 326/326/326 327/327/327 332/332/332
f 331/331/331 326/326/326 332/332/332
f 327/327/327 328/328/328 333/333/333
f 332/332/332 327/327/327 333/333/333
f 328/328/328 329/329/329 334/334/334
f 333/333/333 328/328/328 334/334/334
f 334/334/334 329/329/329 335/335/335
f 288/288/288 330/330/330 336/336/336
f 282/282/282 288/288/288 336/336/336
f 282/282/282 336/336/336 287/287/287
f 330/330/330 331/331/331 337/337/337
f 336/336/336 330/330/330 337/337/337
f 287/287/287 336/336/336 338/338/338
f 336/336/336 337/337/337 338/338/338
f 287/287/287 338/338/338 293/293/293
f 331/331/331 332/332/332 339/339/339
f 337/337/337 331/331/331 339/339/339
f 332/332/332 333/333/333 340/340/340
f 339/339/339 332/332/332 340/340/340
f 333/333/333 334/334/334 341/341/341
f 340/340/340 333/333/333 341/341/341
f 293/293/293 338/338/338 342/342/342
f 293/293/293 342/342/342 299/299/299
f 338/338/338 337/337/337 343/343/343
f 337/337/337 339/339/339 343/343/343
f 338/338/338 343/343/343 342/342/342
f 339/339/339 340/340/340 344/344/344
f 343/343/343 339/339/339 344/344/344
f 342/342/342 343/343/343 345/345/345
f 343/343/343 344/344/344 345/345/345
f 299/299/299 342/342/342 346/346/346
f 342/342/342 345/345/345 346/346/346
f 344/344/344 340/340/340 347/347/347
f 340/340/340 341/341/341 347/347/347
f 341/341/341 334/334/334 348/348/348
f 334/334/334 335/335/335 348/348/348
f 348/348/348 335/335/335 349/349/349
f 345/345/345 344/344/344 350/350/350
f 344/344/344 347/347/347 350/350/350
f 341/341/341 348/348/348 351/351/351
f 347/347/347 341/341/341 351/351/351
f 348/348/348 349/349/349 352/352/352
f 351/351/351 348/348/348 352/352/352
f 352/352/352 349/349/349 353/353/353
f 347/347/347 351/351/351 354/354/354
f 350/350/350 347/347/347 354/354/354
f 345/345/345 350/350/350 355/355/355
f 346/346/346 345/345/345 355/355/355
f 351/351/351 352/352/352 356/356/356
f 354/354/354 351/351/351 356/356/356
f 352/352/352 353/353/353 357/357/357
f 356/356/356 352/352/352 357/357/357
f 357/357/357 353/353/353 358/358/358
f 350/350/350 354/354/354 359/359/359
f 355/355/355 350/350/350 359/359/359
f 354/354/354 356/356/356 360/360/360
f 359/359/359 354/354/354 360/360/360
f 356/356/356 357/357/357 361/361/361
f 360/360/360 356/356/356 361/361/361
f 357/357/357 358/358/358 362/362/362
f 361/361/361 357/357/357 362/362/362
f 362/362/362 358/358/358 363/363/363
f 362/362/362 363/363/363 364/364/364
f 364/364/364 363/363/363 365/365/365
f 361/361/361 362/362/362 366/366/366
f 366/366/366 362/362/362 364/364/364
f 360/360/360 361/361/361 367/367/367
f 367/367/367 361/361/361 366/366/366
f 359/359/359 360/360/360 368/368/368
f 368/368/368 360/360/360 367/367/367
f 355/355/355 359/359/359 369/369/369
f 369/369/369 359/359/359 368/368/368
f 364/364/364 365/365/365 370/370/370
f 370/370/370 365/365/365 371/371/371
f 370/370/370 371/371/371 372/372/372
f 366/366/366 364/364/364 373/373/373
f 373/373/373 364/364/364 370/370/370
f 367/367/367 366/366/366 374/374/374
f 374/374/374 366/366/366 373/373/373
f 368/368/368 367/367/367 375/375/375
f 375/375/375 367/367/367 374/374/374
f 376/376/376 370/370/370 372/372/372
f 373/373/373 370/370/370 376/376/376
f 374/374/374 373/373/373 377/377/377
f 377/377/377 373/373/373 376/376/376
f 376/376/376 372/372/372 378/378/378
f 378/378/378 372/372/372 379/379/379
f 378/378/378 379/379/379 380/380/380
f 381/381/381 376/376/376 378/378/378
f 377/377/377 376/376/376 381/381/381
f 382/382/382 378/378/378 380/380/380
f 381/381/381 378/378/378 382/382/382
f 382/382/382 380/380/380 383/383/383
f 384/384/384 374/374/374 377/377/377
f 375/375/375 374/374/374 384/384/384
f 385/385/385 368/368/368 375/375/375
f 369/369/369 368/368/368 385/385/385
f 386/386/386 377/377/377 381/381/381
f 384/384/384 377/377/377 386/386/386
f 387/387/387 381/381/381 382/382/382
f 386/386/386 381/381/381 387/387/387
f 388/388/388 382/382/382 383/383/383
f 387/387/387 382/382/382 388/388/388
f 388/388/388 383/383/383 389/389/389
f 390/390/390 375/375/375 384/384/384
f 385/385/385 375/375/375 390/390/390
f 391/391/391 384/384/384 386/386/386
f 390/390/390 384/384/384 391/391/391
f 392/392/392 386/386/386 387/387/387
f 391/391/391 386/386/386 392/392/392
f 393/393/393 387/387/387 388/388/388
f 392/392/392 387/387/387 393/393/393
f 394/394/394 388/388/388 389/389/389
f 393/393/393 388/388/388 394/394/394
f 394/394/394 389/389/389 395/395/395
f 396/396/396 394/394/394 395/395/395
f 396/396/396 395/395/395 397/397/397
f 398/398/398 393/393/393 394/394/394
f 398/398/398 394/394/394 396/396/396
f 399/399/399 392/392/392 393/393/393
f 399/399/399 393/393/393 398/398/398
f 400/400/400 391/391/391 392/392/392
f 400/400/400 392/392/392 399/399/399
f 401/401/401 390/390/390 391/391/391
f 401/401/401 391/391/391 400/400/400
f 402/402/402 396/396/396 397/397/397
f 402/402/402 397/397/397 403/403/403
f 404/404/404 398/398/398 396/396/396
f 404/404/404 396/396/396 402/402/402
f 405/405/405 399/399/399 398/398/398
f 405/405/405 398/398/398 404/404/404
f 406/406/406 400/400/400 399/399/399
f 406/406/406 399/399/399 405/405/405
f 407/407/407 402/402/402 403/403/403
f 407/407/407 403/403/403 408/408/408
f 407/407/407 408/408/408 409/409/409
f 410/410/410 404/404/404 402/402/402
f 410/410/410 402/402/402 407/407/407
f 407/407/407 409/409/409 411/411/411
f 410/410/410 407/407/407 411/411/411
f 411/411/411 409/409/409 412/412/412
f 413/413/413 405/405/405 404/404/404
f 413/413/413 404/404/404 410/410/410
f 410/410/410 411/411/411 414/414/414
f 413/413/413 410/410/410 414/414/414
f 411/411/411 412/412/412 415/415/415
f 414/414/414 411/411/411 415/415/415
f 415/415/415 412/412/412 416/416/416
f 415/415/415 416/416/416 417/417/417
f 414/414/414 415/415/415 418/418/418
f 419/419/419 405/405/405 413/413/413
f 419/419/419 406/406/406 405/405/405
f 413/413/413 414/414/414 420/420/420
f 420/420/420 414/414/414 418/418/418
f 419/419/419 413/413/413 420/420/420
f 420/420/420 418/418/418 421/421/421
f 421/421/421 418/418/418 422/422/422
f 421/421/421 422/422/422 423/423/423
f 424/424/424 421/421/421 423/423/423
f 424/424/424 423/423/423 425/425/425
f 426/426/426 420/420/420 421/421/421
f 419/419/419 420/420/420 426/426/426
f 426/426/426 421/421/421 427/427/427
f 428/428/428 406/406/406 419/419/419
f 428/428/428 419/419/419 426/426/426
f 429/429/429 426/426/426 427/427/427
f 428/428/428 426/426/426 429/429/429
f 429/429/429 427/427/427 430/430/430
f 428/428/428 431/431/431 406/406/406
f 431/431/431 400/400/400 406/406/406
f 431/431/431 401/401/401 400/400/400
f 432/432/432 428/428/428 429/429/429
f 432/432/432 431/431/431 428/428/428
f 433/433/433 429/429/429 430/430/430
f 432/432/432 429/429/429 433/433/433
f 433/433/433 430/430/430 434/434/434
f 435/435/435 401/401/401 431/431/431
f 432/432/432 435/435/435 431/431/431
f 436/436/436 432/432/432 433/433/433
f 436/436/436 435/435/435 432/432/432
f 437/437/437 433/433/433 434/434/434
f 436/436/436 433/433/433 437/437/437
f 435/435/435 438/438/438 401/401/401
f 438/438/438 390/390/390 401/401/401
f 438/438/438 385/385/385 390/390/390
f 436/436/436 439/439/439 435/435/435
f 439/439/439 438/438/438 435/435/435
f 440/440/440 385/385/385 438/438/438
f 439/439/439 440/440/440 438/438/438
f 440/440/440 369/369/369 385/385/385
f 441/441/441 439/439/439 436/436/436
f 441/441/441 436/436/436 437/437/437
f 437/437/437 434/434/434 238/238/238
f 238/238/238 434/434/434 442/442/442
f 238/238/238 442/442/442 443/443/443
f 239/239/239 437/437/437 238/238/238
f 441/441/441 437/437/437 239/239/239
f 259/259/259 441/441/441 239/239/239
f 441/441/441 444/444/444 439/439/439
f 444/444/444 440/440/440 439/439/439
f 259/259/259 444/444/444 441/441/441
f 445/445/445 369/369/369 440/440/440
f 444/444/444 445/445/445 440/440/440
f 445/445/445 355/355/355 369/369/369
f 346/346/346 355/355/355 445/445/445
f 259/259/259 446/446/446 444/444/444
f 446/446/446 445/445/445 444/444/444
f 446/446/446 346/346/346 445/445/445
f 254/254/254 446/446/446 259/259/259
f 299/299/299 346/346/346 446/446/446
f 254/254/254 299/299/299 446/446/446
f 447/447/447 449/449/449 448/448/448
f 447/447/447 448/448/448 450/450/450
f 450/450/450 448/448/448 451/451/451
f 450/450/450 451/451/451 452/452/452
f 453/453/453 450/450/450 452/452/452
f 452/452/452 451/451/451 454/454/454
f 453/453/453 452/452/452 455/455/455
f 456/456/456 453/453/453 455/455/455
f 452/452/452 454/454/454 457/457/457
f 455/455/455 452/452/452 457/457/457
f 457/457/457 454/454/454 458/458/458
f 456/456/456 455/455/455 459/459/459
f 460/460/460 456/456/456 459/459/459
f 455/455/455 457/457/457 461/461/461
f 459/459/459 455/455/455 461/461/461
f 457/457/457 458/458/458 462/462/462
f 461/461/461 457/457/457 462/462/462
f 462/462/462 458/458/458 463/463/463
f 460/460/460 459/459/459 464/464/464
f 465/465/465 460/460/460 464/464/464
f 459/459/459 461/461/461 466/466/466
f 464/464/464 459/459/459 466/466/466
f 461/461/461 462/462/462 467/467/467
f 466/466/466 461/461/461 467/467/467
f 462/462/462 463/463/463 468/468/468
f 467/467/467 462/462/462 468/468/468
f 468/468/468 463/463/463 469/469/469
f 465/465/465 464/464/464 470/470/470
f 471/471/471 465/465/465 470/470/470
f 464/464/464 466/466/466 472/472/472
f 470/470/470 464/464/464 472/472/472
f 466/466/466 467/467/467 473/473/473
f 472/472/472 466/466/466 473/473/473
f 467/467/467 468/468/468 474/474/474
f 473/473/473 467/467/467 474/474/474
f 468/468/468 469/469/469 475/475/475
f 474/474/474 468/468/468 475/475/475
f 475/475/475 469/469/469 476/476/476
f 471/471/471 470/470/470 477/477/477
f 478/478/478 471/471/471 477/477/477
f 470/470/470 472/472/472 479/479/479
f 477/477/477 470/470/470 479/479/479
f 472/472/472 473/473/473 480/480/480
f 479/479/479 472/472/472 480/480/480
f 473/473/473 474/474/474 481/481/481
f 480/480/480 473/473/473 481/481/481
f 474/474/474 475/475/475 482/482/482
f 481/481/481 474/474/474 482/482/482
f 475/475/475 476/476/476 483/483/483
f 482/482/482 475/475/475 483/483/483
f 483/483/483 476/476/476 484/484/484
f 478/478/478 477/477/477 485/485/485
f 486/486/486 478/478/478 485/485/485
f 477/477/477 479/479/479 487/487/487
f 485/485/485 477/477/477 487/487/487
f 479/479/479 480/480/480 488/488/488
f 487/487/487 479/479/479 488/488/488
f 480/480/480 481/481/481 489/489/489
f 488/488/488 480/480/480 489/489/489
f 481/481/481 482/482/482 490/490/490
f 489/489/489 481/481/481 490/490/490
f 482/482/482 483/483/483 491/491/491
f 490/490/490 482/482/482 491/491/491
f 483/483/483 484/484/484 492/492/492
f 491/491/491 483/483/483 492/492/492
f 492/492/492 484/484/484 493/493/493
f 492/492/492 493/493/493 494/494/494
f 494/494/494 493/493/493 495/495/495
f 491/491/491 492/492/492 496/496/496
f 496/496/496 492/492/492 494/494/494
f 490/490/490 491/491/491 497/497/497
f 497/497/497 491/491/491 496/496/496
f 489/489/489 490/490/490 498/498/498
f 498/498/498 490/490/490 497/497/497
f 488/488/488 489/489/489 499/499/499
f 499/499/499 489/489/489 498/498/498
f 494/494/494 495/495/495 500/500/500
f 500/500/500 495/495/495 501/501/501
f 496/496/496 494/494/494 502/502/502
f 502/502/502 494/494/494 500/500/500
f 497/497/497 496/496/496 503/503/503
f 503/503/503 496/496/496 502/502/502
f 498/498/498 497/497/497 504/504/504
f 504/504/504 497/497/497 503/503/503
f 500/500/500 501/501/501 505/505/505
f 505/505/505 501/501/501 506/506/506
f 502/502/502 500/500/500 507/507/507
f 507/507/507 500/500/500 505/505/505
f 503/503/503 502/502/502 508/508/508
f 508/508/508 502/502/502 507/507/507
f 505/505/505 506/506/506 509/509/509
f 509/509/509 506/506/506 510/510/510
f 507/507/507 505/505/505 511/511/511
f 511/511/511 505/505/505 509/509/509
f 509/509/509 510/510/510 512/512/512
f 512/512/512 510/510/510 513/513/513
f 514/514/514 498/498/498 504/504/504
f 499/499/499 498/498/498 514/514/514
f 504/504/504 503/503/503 515/515/515
f 515/515/515 503/503/503 508/508/508
f 508/508/508 507/507/507 516/516/516
f 516/516/516 507/507/507 511/511/511
f 511/511/511 509/509/509 517/517/517
f 517/517/517 509/509/509 512/512/512
f 512/512/512 513/513/513 518/518/518
f 518/518/518 513/513/513 519/519/519
f 514/514/514 504/504/504 520/520/520
f 520/520/520 504/504/504 515/515/515
f 515/515/515 508/508/508 521/521/521
f 521/521/521 508/508/508 516/516/516
f 516/516/516 511/511/511 522/522/522
f 522/522/522 511/511/511 517/517/517
f 517/517/517 512/512/512 523/523/523
f 523/523/523 512/512/512 518/518/518
f 518/518/518 519/519/519 524/524/524
f 524/524/524 519/519/519 525/525/525
f 520/520/520 515/515/515 526/526/526
f 526/526/526 515/515/515 521/521/521
f 521/521/521 516/516/516 527/527/527
f 527/527/527 516/516/516 522/522/522
f 522/522/522 517/517/517 528/528/528
f 528/528/528 517/517/517 523/523/523
f 523/523/523 518/518/518 529/529/529
f 529/529/529 518/518/518 524/524/524
f 524/524/524 525/525/525 530/530/530
f 530/530/530 525/525/525 531/531/531
f 530/530/530 531/531/531 532/532/532
f 533/533/533 524/524/524 530/530/530
f 529/529/529 524/524/524 533/533/533
f 533/533/533 530/530/530 534/534/534
f 535/535/535 523/523/523 529/529/529
f 528/528/528 523/523/523 535/535/535
f 536/536/536 522/522/522 528/528/528
f 527/527/527 522/522/522 536/536/536
f 537/537/537 533/533/533 534/534/534
f 537/537/537 534/534/534 538/538/538
f 539/539/539 529/529/529 533/533/533
f 535/535/535 529/529/529 539/539/539
f 539/539/539 533/533/533 537/537/537
f 540/540/540 528/528/528 535/535/535
f 536/536/536 528/528/528 540/540/540
f 541/541/541 537/537/537 538/538/538
f 541/541/541 538/538/538 542/542/542
f 543/543/543 535/535/535 539/539/539
f 540/540/540 535/535/535 543/543/543
f 544/544/544 539/539/539 537/537/537
f 544/544/544 537/537/537 541/541/541
f 543/543/543 539/539/539 544/544/544
f 545/545/545 541/541/541 542/542/542
f 545/545/545 542/542/542 546/546/546
f 547/547/547 544/544/544 541/541/541
f 547/547/547 541/541/541 545/545/545
f 548/548/548 543/543/543 544/544/544
f 548/548/548 544/544/544 547/547/547
f 549/549/549 540/540/540 543/543/543
f 549/549/549 543/543/543 548/548/548
f 550/550/550 536/536/536 540/540/540
f 550/550/550 540/540/540 549/549/549
f 551/551/551 545/545/545 546/546/546
f 551/551/551 546/546/546 552/552/552
f 553/553/553 547/547/547 545/545/545
f 553/553/553 545/545/545 551/551/551
f 554/554/554 548/548/548 547/547/547
f 554/554/554 547/547/547 553/553/553
f 555/555/555 549/549/549 548/548/548
f 555/555/555 548/548/548 554/554/554
f 556/556/556 551/551/551 552/552/552
f 556/556/556 552/552/552 557/557/557
f 558/558/558 553/553/553 551/551/551
f 558/558/558 551/551/551 556/556/556
f 559/559/559 554/554/554 553/553/553
f 559/559/559 553/553/553 558/558/558
f 560/560/560 556/556/556 557/557/557
f 560/560/560 557/557/557 561/561/561
f 560/560/560 561/561/561 562/562/562
f 563/563/563 558/558/558 556/556/556
f 563/563/563 556/556/556 560/560/560
f 560/560/560 562/562/562 564/564/564
f 563/563/563 560/560/560 564/564/564
f 564/564/564 562/562/562 565/565/565
f 564/564/564 565/565/565 566/566/566
f 567/567/567 558/558/558 563/563/563
f 567/567/567 559/559/559 558/558/558
f 563/563/563 564/564/564 568/568/568
f 568/568/568 564/564/564 566/566/566
f 567/567/567 563/563/563 568/568/568
f 569/569/569 554/554/554 559/559/559
f 569/569/569 555/555/555 554/554/554
f 568/568/568 566/566/566 570/570/570
f 570/570/570 566/566/566 571/571/571
f 570/570/570 571/571/571 572/572/572
f 573/573/573 570/570/570 572/572/572
f 573/573/573 572/572/572 574/574/574
f 575/575/575 568/568/568 570/570/570
f 567/567/567 568/568/568 575/575/575
f 575/575/575 570/570/570 576/576/576
f 577/577/577 559/559/559 567/567/567
f 577/577/577 567/567/567 575/575/575
f 577/577/577 569/569/569 559/559/559
f 578/578/578 575/575/575 576/576/576
f 577/577/577 575/575/575 578/578/578
f 578/578/578 576/576/576 579/579/579
f 580/580/580 569/569/569 577/577/577
f 580/580/580 577/577/577 578/578/578
f 581/581/581 578/578/578 579/579/579
f 580/580/580 578/578/578 581/581/581
f 581/581/581 579/579/579 582/582/582
f 580/580/580 583/583/583 569/569/569
f 583/583/583 555/555/555 569/569/569
f 584/584/584 580/580/580 581/581/581
f 584/584/584 583/583/583 580/580/580
f 585/585/585 581/581/581 582/582/582
f 584/584/584 581/581/581 585/585/585
f 583/583/583 586/586/586 555/555/555
f 586/586/586 549/549/549 555/555/555
f 586/586/586 550/550/550 549/549/549
f 584/584/584 587/587/587 583/583/583
f 587/587/587 586/586/586 583/583/583
f 588/588/588 550/550/550 586/586/586
f 587/587/587 588/588/588 586/586/586
f 589/589/589 587/587/587 584/584/584
f 589/589/589 584/584/584 585/585/585
f 585/585/585 582/582/582 590/590/590
f 590/590/590 582/582/582 591/591/591
f 590/590/590 591/591/591 592/592/592
f 593/593/593 585/585/585 590/590/590
f 589/589/589 585/585/585 593/593/593
f 589/589/589 594/594/594 587/587/587
f 594/594/594 588/588/588 587/587/587
f 588/588/588 595/595/595 550/550/550
f 595/595/595 536/536/536 550/550/550
f 595/595/595 527/527/527 536/536/536
f 596/596/596 595/595/595 588/588/588
f 594/594/594 596/596/596 588/588/588
f 597/597/597 527/527/527 595/595/595
f 596/596/596 597/597/597 595/595/595
f 597/597/597 521/521/521 527/527/527
f 526/526/526 521/521/521 597/597/597
f 598/598/598 594/594/594 589/589/589
f 598/598/598 589/589/589 593/593/593
f 593/593/593 590/590/590 599/599/599
f 599/599/599 590/590/590 600/600/600
f 599/599/599 600/600/600 601/601/601
f 602/602/602 593/593/593 599/599/599
f 598/598/598 593/593/593 602/602/602
f 602/602/602 599/599/599 603/603/603
f 604/604/604 597/597/597 596/596/596
f 604/604/604 526/526/526 597/597/597
f 605/605/605 596/596/596 594/594/594
f 598/598/598 605/605/605 594/594/594
f 605/605/605 604/604/604 596/596/596
f 606/606/606 598/598/598 602/602/602
f 606/606/606 605/605/605 598/598/598
f 607/607/607 602/602/602 603/603/603
f 606/606/606 602/602/602 607/607/607
f 608/608/608 526/526/526 604/604/604
f 608/608/608 520/520/520 526/526/526
f 609/609/609 604/604/604 605/605/605
f 606/606/606 609/609/609 605/605/605
f 609/609/609 608/608/608 604/604/604
f 610/610/610 520/520/520 608/608/608
f 610/610/610 514/514/514 520/520/520
f 611/611/611 609/609/609 606/606/606
f 611/611/611 606/606/606 607/607/607
f 612/612/612 608/608/608 609/609/609
f 612/612/612 610/610/610 608/608/608
f 611/611/611 612/612/612 609/609/609
f 607/607/607 603/603/603 613/613/613
f 613/613/613 603/603/603 614/614/614
f 615/615/615 514/514/514 610/610/610
f 615/615/615 499/499/499 514/514/514
f 611/611/611 607/607/607 616/616/616
f 616/616/616 607/607/607 613/613/613
f 617/617/617 613/613/613 614/614/614
f 616/616/616 613/613/613 617/617/617
f 617/617/617 614/614/614 618/618/618
f 619/619/619 612/612/612 611/611/611
f 619/619/619 611/611/611 616/616/616
f 620/620/620 610/610/610 612/612/612
f 620/620/620 615/615/615 610/610/610
f 619/619/619 620/620/620 612/612/612
f 621/621/621 616/616/616 617/617/617
f 619/619/619 616/616/616 621/621/621
f 621/621/621 617/617/617 622/622/622
f 623/623/623 499/499/499 615/615/615
f 623/623/623 488/488/488 499/499/499
f 487/487/487 488/488/488 623/623/623
f 624/624/624 615/615/615 620/620/620
f 624/624/624 623/623/623 615/615/615
f 625/625/625 620/620/620 619/619/619
f 625/625/625 619/619/619 621/621/621
f 625/625/625 624/624/624 620/620/620
f 626/626/626 621/621/621 622/622/622
f 625/625/625 621/621/621 626/626/626
f 626/626/626 622/622/622 627/627/627
f 628/628/628 487/487/487 623/623/623
f 628/628/628 623/623/623 624/624/624
f 485/485/485 487/487/487 628/628/628
f 629/629/629 624/624/624 625/625/625
f 629/629/629 625/625/625 626/626/626
f 629/629/629 628/628/628 624/624/624
f 630/630/630 626/626/626 627/627/627
f 629/629/629 626/626/626 630/630/630
f 630/630/630 627/627/627 631/631/631
f 632/632/632 485/485/485 628/628/628
f 632/632/632 628/628/628 629/629/629
f 632/632/632 629/629/629 630/630/630
f 486/486/486 485/485/485 632/632/632
f 632/632/632 630/630/630 633/633/633
f 486/486/486 632/632/632 633/633/633
f 633/633/633 630/630/630 631/631/631
f 486/486/486 633/633/633 634/634/634
f 633/633/633 631/631/631 635/635/635
f 634/634/634 633/633/633 635/635/635
f 634/634/634 635/635/635 636/636/636
f 635/635/635 631/631/631 637/637/637
f 635/635/635 637/637/637 638/638/638
f 639/639/639 641/641/641 640/640/640
f 639/639/639 640/640/640 642/642/642
f 642/642/642 640/640/640 643/643/643
f 642/642/642 643/643/643 644/644/644
f 645/645/645 642/642/642 644/644/644
f 644/644/644 643/643/643 646/646/646
f 645/645/645 644/644/644 647/647/647
f 648/648/648 645/645/645 647/647/647
f 644/644/644 646/646/646 649/649/649
f 647/647/647 644/644/644 649/649/649
f 649/649/649 646/646/646 650/650/650
f 648/648/648 647/647/647 651/651/651
f 652/652/652 648/648/648 651/651/651
f 647/647/647 649/649/649 653/653/653
f 651/651/651 647/647/647 653/653/653
f 649/649/649 650/650/650 654/654/654
f 653/653/653 649/649/649 654/654/654
f 654/654/654 650/650/650 655/655/655
f 652/652/652 651/651/651 656/656/656
f 657/657/657 652/652/652 656/656/656
f 651/651/651 653/653/653 658/658/658
f 656/656/656 651/651/651 658/658/658
f 653/653/653 654/654/654 659/659/659
f 658/658/658 653/653/653 659/659/659
f 654/654/654 655/655/655 660/660/660
f 659/659/659 654/654/654 660/660/660
f 660/660/660 655/655/655 661/661/661
f 657/657/657 656/656/656 662/662/662
f 663/663/663 657/657/657 662/662/662
f 656/656/656 658/658/658 664/664/664
f 662/662/662 656/656/656 664/664/664
f 658/658/658 659/659/659 665/665/665
f 664/664/664 658/658/658 665/665/665
f 659/659/659 660/660/660 666/666/666
f 665/665/665 659/659/659 666/666/666
f 660/660/660 661/661/661 667/667/667
f 666/666/666 660/660/660 667/667/667
f 667/667/667 661/661/661 668/668/668
f 663/663/663 662/662/662 669/669/669
f 670/670/670 663/663/663 669/669/669
f 662/662/662 664/664/664 671/671/671
f 669/669/669 662/662/662 671/671/671
f 664/664/664 665/665/665 672/672/672
f 671/671/671 664/664/664 672/672/672
f 665/665/665 666/666/666 673/673/673
f 672/672/672 665/665/665 673/673/673
f 666/666/666 667/667/667 674/674/674
f 673/673/673 666/666/666 674/674/674
f 667/667/667 668/668/668 675/675/675
f 674/674/674 667/667/667 675/675/675
f 675/675/675 668/668/668 676/676/676
f 670/670/670 669/669/669 677/677/677
f 678/678/678 670/670/670 677/677/677
f 669/669/669 671/671/671 679/679/679
f 677/677/677 669/669/669 679/679/679
f 671/671/671 672/672/672 680/680/680
f 679/679/679 671/671/671 680/680/680
f 672/672/672 673/673/673 681/681/681
f 680/680/680 672/672/672 681/681/681
f 673/673/673 674/674/674 682/682/682
f 681/681/681 673/673/673 682/682/682
f 674/674/674 675/675/675 683/683/683
f 682/682/682 674/674/674 683/683/683
f 675/675/675 676/676/676 684/684/684
f 683/683/683 675/675/675 684/684/684
f 684/684/684 676/676/676 685/685/685
f 684/684/684 685/685/685 686/686/686
f 686/686/686 685/685/685 687/687/687
f 683/683/683 684/684/684 688/688/688
f 688/688/688 684/684/684 686/686/686
f 682/682/682 683/683/683 689/689/689
f 689/689/689 683/683/683 688/688/688
f 681/681/681 682/682/682 690/690/690
f 690/690/690 682/682/682 689/689/689
f 680/680/680 681/681/681 691/691/691
f 691/691/691 681/681/681 690/690/690
f 686/686/686 687/687/687 692/692/692
f 692/692/692 687/687/687 693/693/693
f 688/688/688 686/686/686 694/694/694
f 694/694/694 686/686/686 692/692/692
f 689/689/689 688/688/688 695/695/695
f 695/695/695 688/688/688 694/694/694
f 690/690/690 689/689/689 696/696/696
f 696/696/696 689/689/689 695/695/695
f 692/692/692 693/693/693 697/697/697
f 697/697/697 693/693/693 698/698/698
f 694/694/694 692/692/692 699/699/699
f 699/699/699 692/692/692 697/697/697
f 695/695/695 694/694/694 700/700/700
f 700/700/700 694/694/694 699/699/699
f 697/697/697 698/698/698 701/701/701
f 701/701/701 698/698/698 702/702/702
f 699/699/699 697/697/697 703/703/703
f 703/703/703 697/697/697 701/701/701
f 701/701/701 702/702/702 704/704/704
f 704/704/704 702/702/702 705/705/705
f 706/706/706 690/690/690 696/696/696
f 691/691/691 690/690/690 706/706/706
f 696/696/696 695/695/695 707/707/707
f 707/707/707 695/695/695 700/700/700
f 700/700/700 699/699/699 708/708/708
f 708/708/708 699/699/699 703/703/703
f 703/703/703 701/701/701 709/709/709
f 709/709/709 701/701/701 704/704/704
f 704/704/704 705/705/705 710/710/710
f 710/710/710 705/705/705 711/711/711
f 706/706/706 696/696/696 712/712/712
f 712/712/712 696/696/696 707/707/707
f 707/707/707 700/700/700 713/713/713
f 713/713/713 700/700/700 708/708/708
f 708/708/708 703/703/703 714/714/714
f 714/714/714 703/703/703 709/709/709
f 709/709/709 704/704/704 715/715/715
f 715/715/715 704/704/704 710/710/710
f 710/710/710 711/711/711 716/716/716
f 716/716/716 711/711/711 717/717/717
f 712/712/712 707/707/707 718/718/718
f 718/718/718 707/707/707 713/713/713
f 713/713/713 708/708/708 719/719/719
f 719/719/719 708/708/708 714/714/714
f 714/714/714 709/709/709 720/720/720
f 720/720/720 709/709/709 715/715/715
f 715/715/715 710/710/710 721/721/721
f 721/721/721 710/710/710 716/716/716
f 716/716/716 717/717/717 722/722/722
f 722/722/722 717/717/717 723/723/723
f 722/722/722 723/723/723 724/724/724
f 725/725/725 716/716/716 722/722/722
f 721/721/721 716/716/716 725/725/725
f 725/725/725 722/722/722 726/726/726
f 727/727/727 715/715/715 721/721/721
f 720/720/720 715/715/715 727/727/727
f 728/728/728 714/714/714 720/720/720
f 719/719/719 714/714/714 728/728/728
f 729/729/729 725/725/725 726/726/726
f 729/729/729 726/726/726 730/730/730
f 731/731/731 721/721/721 725/725/725
f 727/727/727 721/721/721 731/731/731
f 731/731/731 725/725/725 729/729/729
f 732/732/732 720/720/720 727/727/727
f 728/728/728 720/720/720 732/732/732
f 733/733/733 729/729/729 730/730/730
f 733/733/733 730/730/730 734/734/734
f 735/735/735 727/727/727 731/731/731
f 732/732/732 727/727/727 735/735/735
f 736/736/736 731/731/731 729/729/729
f 736/736/736 729/729/729 733/733/733
f 735/735/735 731/731/731 736/736/736
f 737/737/737 733/733/733 734/734/734
f 737/737/737 734/734/734 738/738/738
f 739/739/739 736/736/736 733/733/733
f 739/739/739 733/733/733 737/737/737
f 740/740/740 735/735/735 736/736/736
f 740/740/740 736/736/736 739/739/739
f 741/741/741 732/732/732 735/735/735
f 741/741/741 735/735/735 740/740/740
f 742/742/742 728/728/728 732/732/732
f 742/742/742 732/732/732 741/741/741
f 743/743/743 737/737/737 738/738/738
f 743/743/743 738/738/738 744/744/744
f 745/745/745 739/739/739 737/737/737
f 745/745/745 737/737/737 743/743/743
f 746/746/746 740/740/740 739/739/739
f 746/746/746 739/739/739 745/745/745
f 747/747/747 741/741/741 740/740/740
f 747/747/747 740/740/740 746/746/746
f 748/748/748 743/743/743 744/744/744
f 748/748/748 744/744/744 749/749/749
f 750/750/750 745/745/745 743/743/743
f 750/750/750 743/743/743 748/748/748
f 751/751/751 746/746/746 745/745/745
f 751/751/751 745/745/745 750/750/750
f 752/752/752 748/748/748 749/749/749
f 752/752/752 749/749/749 753/753/753
f 752/752/752 753/753/753 754/754/754
f 755/755/755 750/750/750 748/748/748
f 755/755/755 748/748/748 752/752/752
f 752/752/752 754/754/754 756/756/756
f 755/755/755 752/752/752 756/756/756
f 756/756/756 754/754/754 757/757/757
f 756/756/756 757/757/757 758/758/758
f 759/759/759 750/750/750 755/755/755
f 759/759/759 751/751/751 750/750/750
f 755/755/755 756/756/756 760/760/760
f 760/760/760 756/756/756 758/758/758
f 759/759/759 755/755/755 760/760/760
f 761/761/761 746/746/746 751/751/751
f 761/761/761 747/747/747 746/746/746
f 760/760/760 758/758/758 762/762/762
f 762/762/762 758/758/758 763/763/763
f 762/762/762 763/763/763 764/764/764
f 765/765/765 762/762/762 764/764/764
f 765/765/765 764/764/764 766/766/766
f 767/767/767 760/760/760 762/762/762
f 759/759/759 760/760/760 767/767/767
f 767/767/767 762/762/762 768/768/768
f 769/769/769 751/751/751 759/759/759
f 769/769/769 759/759/759 767/767/767
f 769/769/769 761/761/761 751/751/751
f 770/770/770 767/767/767 768/768/768
f 769/769/769 767/767/767 770/770/770
f 770/770/770 768/768/768 771/771/771
f 772/772/772 761/761/761 769/769/769
f 772/772/772 769/769/769 770/770/770
f 773/773/773 770/770/770 771/771/771
f 772/772/772 770/770/770 773/773/773
f 773/773/773 771/771/771 774/774/774
f 772/772/772 775/775/775 761/761/761
f 775/775/775 747/747/747 761/761/761
f 776/776/776 772/772/772 773/773/773
f 776/776/776 775/775/775 772/772/772
f 777/777/777 773/773/773 774/774/774
f 776/776/776 773/773/773 777/777/777
f 775/775/775 778/778/778 747/747/747
f 778/778/778 741/741/741 747/747/747
f 778/778/778 742/742/742 741/741/741
f 776/776/776 779/779/779 775/775/775
f 779/779/779 778/778/778 775/775/775
f 780/780/780 742/742/742 778/778/778
f 779/779/779 780/780/780 778/778/778
f 781/781/781 779/779/779 776/776/776
f 781/781/781 776/776/776 777/777/777
f 777/777/777 774/774/774 782/782/782
f 782/782/782 774/774/774 783/783/783
f 782/782/782 783/783/783 784/784/784
f 785/785/785 777/777/777 782/782/782
f 781/781/781 777/777/777 785/785/785
f 781/781/781 786/786/786 779/779/779
f 786/786/786 780/780/780 779/779/779
f 780/780/780 787/787/787 742/742/742
f 787/787/787 728/728/728 742/742/742
f 787/787/787 719/719/719 728/728/728
f 788/788/788 787/787/787 780/780/780
f 786/786/786 788/788/788 780/780/780
f 789/789/789 719/719/719 787/787/787
f 788/788/788 789/789/789 787/787/787
f 789/789/789 713/713/713 719/719/719
f 718/718/718 713/713/713 789/789/789
f 790/790/790 786/786/786 781/781/781
f 790/790/790 781/781/781 785/785/785
f 785/785/785 782/782/782 791/791/791
f 791/791/791 782/782/782 792/792/792
f 791/791/791 792/792/792 793/793/793
f 794/794/794 785/785/785 791/791/791
f 790/790/790 785/785/785 794/794/794
f 794/794/794 791/791/791 795/795/795
f 796/796/796 789/789/789 788/788/788
f 796/796/796 718/718/718 789/789/789
f 797/797/797 788/788/788 786/786/786
f 790/790/790 797/797/797 786/786/786
f 797/797/797 796/796/796 788/788/788
f 798/798/798 790/790/790 794/794/794
f 798/798/798 797/797/797 790/790/790
f 799/799/799 794/794/794 795/795/795
f 798/798/798 794/794/794 799/799/799
f 800/800/800 718/718/718 796/796/796
f 800/800/800 712/712/712 718/718/718
f 801/801/801 796/796/796 797/797/797
f 798/798/798 801/801/801 797/797/797
f 801/801/801 800/800/800 796/796/796
f 802/802/802 712/712/712 800/800/800
f 802/802/802 706/706/706 712/712/712
f 803/803/803 801/801/801 798/798/798
f 803/803/803 798/798/798 799/799/799
f 804/804/804 800/800/800 801/801/801
f 804/804/804 802/802/802 800/800/800
f 803/803/803 804/804/804 801/801/801
f 799/799/799 795/795/795 805/805/805
f 805/805/805 795/795/795 806/806/806
f 807/807/807 706/706/706 802/802/802
f 807/807/807 691/691/691 706/706/706
f 803/803/803 799/799/799 808/808/808
f 808/808/808 799/799/799 805/805/805
f 809/809/809 805/805/805 806/806/806
f 808/808/808 805/805/805 809/809/809
f 809/809/809 806/806/806 810/810/810
f 811/811/811 804/804/804 803/803/803
f 811/811/811 803/803/803 808/808/808
f 812/812/812 802/802/802 804/804/804
f 812/812/812 807/807/807 802/802/802
f 811/811/811 812/812/812 804/804/804
f 813/813/813 808/808/808 809/809/809
f 811/811/811 808/808/808 813/813/813
f 813/813/813 809/809/809 814/814/814
f 815/815/815 691/691/691 807/807/807
f 815/815/815 680/680/680 691/691/691
f 679/679/679 680/680/680 815/815/815
f 816/816/816 807/807/807 812/812/812
f 816/816/816 815/815/815 807/807/807
f 817/817/817 812/812/812 811/811/811
f 817/817/817 811/811/811 813/813/813
f 817/817/817 816/816/816 812/812/812
f 818/818/818 813/813/813 814/814/814
f 817/817/817 813/813/813 818/818/818
f 818/818/818 814/814/814 819/819/819
f 820/820/820 679/679/679 815/815/815
f 820/820/820 815/815/815 816/816/816
f 677/677/677 679/679/679 820/820/820
f 821/821/821 816/816/816 817/817/817
f 821/821/821 817/817/817 818/818/818
f 821/821/821 820/820/820 816/816/816
f 822/822/822 818/818/818 819/819/819
f 821/821/821 818/818/818 822/822/822
f 822/822/822 819/819/819 823/823/823
f 824/824/824 677/677/677 820/820/820
f 824/824/824 820/820/820 821/821/821
f 824/824/824 821/821/821 822/822/822
f 678/678/678 677/677/677 824/824/824
f 824/824/824 822/822/822 825/825/825
f 678/678/678 824/824/824 825/825/825
f 825/825/825 822/822/822 823/823/823
f 678/678/678 825/825/825 826/826/826
f 825/825/825 823/823/823 827/827/827
f 826/826/826 825/825/825 827/827/827
f 826/826/826 827/827/827 828/828/828
f 827/827/827 823/823/823 829/829/829
f 827/827/827 829/829/829 830/830/830
f 831/831/831 833/833/833 832/832/832
f 831/831/831 832/832/832 834/834/834
f 835/835/835 831/831/831 834/834/834
f 835/835/835 834/834/834 836/836/836
f 837/837/837 839/839/839 838/838/838
f 837/837/837 840/840/840 839/839/839
f 840/840/840 841/841/841 839/839/839
f 840/840/840 842/842/842 841/841/841
f 842/842/842 843/843/843 841/841/841
f 842/842/842 844/844/844 843/843/843
f 845/845/845 847/847/847 846/846/846
f 845/845/845 848/848/848 847/847/847
f 848/848/848 849/849/849 847/847/847
f 848/848/848 850/850/850 849/849/849
f 850/850/850 851/851/851 849/849/849
f 850/850/850 852/852/852 851/851/851
f 853/853/853 855/855/855 854/854/854
f 853/853/853 856/856/856 855/855/855
f 857/857/857 859/859/859 858/858/858
f 857/857/857 860/860/860 859/859/859
f 861/861/861 863/863/863 862/862/862
f 861/861/861 864/864/864 863/863/863
f 865/865/865 867/867/867 866/866/866
f 865/865/865 868/868/868 867/867/867
f 868/868/868 869/869/869 867/867/867
f 870/870/870 872/872/872 871/871/871
f 870/870/870 873/873/873 872/872/872
f 874/874/874 876/876/876 875/875/875
f 874/874/874 877/877/877 876/876/876
f 878/878/878 880/880/880 879/879/879
f 878/878/878 881/881/881 880/880/880
f 882/882/882 884/884/884 883/883/883
f 882/882/882 885/885/885 884/884/884
f 885/885/885 886/886/886 884/884/884
f 885/885/885 887/887/887 886/886/886
f 887/887/887 888/888/888 886/886/886
f 887/887/887 889/889/889 888/888/888
f 890/890/890 892/892/892 891/891/891
f 890/890/890 893/893/893 892/892/892
f 893/893/893 894/894/894 892/892/892
f 893/893/893 895/895/895 894/894/894
f 895/895/895 896/896/896 894/894/894
f 895/895/895 897/897/897 896/896/896
f 898/898/898 900/900/900 899/899/899
f 898/898/898 901/901/901 900/900/900
f 902/902/902 904/904/904 903/903/903
f 902/902/902 905/905/905 904/904/904
f 906/906/906 908/908/908 907/907/907
f 906/906/906 909/909/909 908/908/908
f 909/909/909 910/910/910 908/908/908
f 911/911/911 913/913/913 912/912/912
f 911/911/911 914/914/914 913/913/913
f 915/915/915 917/917/917 916/916/916
f 915/915/915 918/918/918 917/917/917
f 919/919/919 921/921/921 920/920/920
f 919/919/919 922/922/922 921/921/921
f 923/923/923 925/925/925 924/924/924
f 923/923/923 926/926/926 925/925/925
f 927/927/927 929/929/929 928/928/928
f 927/927/927 928/928/928 930/930/930
f 931/931/931 927/927/927 930/930/930
f 931/931/931 930/930/930 932/932/932
f 933/933/933 935/935/935 934/934/934
f 933/933/933 936/936/936 935/935/935
f 937/937/937 939/939/939 938/938/938
f 937/937/937 940/940/940 939/939/939
f 941/941/941 943/943/943 942/942/942
f 941/941/941 944/944/944 943/943/943
f 945/945/945 947/947/947 946/946/946
f 945/945/945 948/948/948 947/947/947
f 949/949/949 951/951/951 950/950/950
f 949/949/949 952/952/952 951/951/951
f 953/953/953 955/955/955 954/954/954
f 953/953/953 954/954/954 956/956/956
f 957/957/957 953/953/953 956/956/956
f 957/957/957 956/956/956 958/958/958
f 959/959/959 961/961/961 960/960/960
f 959/959/959 962/962/962 961/961/961
f 963/963/963 965/965/965 964/964/964
f 966/966/966 963/963/963 964/964/964
f 966/966/966 964/964/964 967/967/967
f 968/968/968 966/966/966 967/967/967
f 968/968/968 967/967/967 969/969/969
f 967/967/967 964/964/964 970/970/970
f 969/969/969 967/967/967 971/971/971
f 967/967/967 970/970/970 971/971/971
f 964/964/964 972/972/972 970/970/970
f 964/964/964 973/973/973 972/972/972
f 969/969/969 971/971/971 974/974/974
f 975/975/975 969/969/969 974/974/974
f 973/973/973 976/976/976 972/972/972
f 973/973/973 977/977/977 976/976/976
f 975/975/975 974/974/974 978/978/978
f 979/979/979 975/975/975 978/978/978
f 977/977/977 980/980/980 976/976/976
f 977/977/977 981/981/981 980/980/980
f 979/979/979 978/978/978 982/982/982
f 983/983/983 979/979/979 982/982/982
f 981/981/981 984/984/984 980/980/980
f 981/981/981 985/985/985 984/984/984
f 983/983/983 982/982/982 986/986/986
f 987/987/987 983/983/983 986/986/986
f 985/985/985 988/988/988 984/984/984
f 985/985/985 989/989/989 988/988/988
f 987/987/987 986/986/986 990/990/990
f 991/991/991 987/987/987 990/990/990
f 989/989/989 992/992/992 988/988/988
f 989/989/989 993/993/993 992/992/992
f 991/991/991 990/990/990 994/994/994
f 995/995/995 991/991/991 994/994/994
f 993/993/993 996/996/996 992/992/992
f 993/993/993 997/997/997 996/996/996
f 995/995/995 994/994/994 998/998/998
f 999/999/999 995/995/995 998/998/998
f 997/997/997 1000/1000/1000 996/996/996
f 997/997/997 1001/1001/1001 1000/1000/1000
f 999/999/999 998/998/998 1002/1002/1002
f 1003/1003/1003 999/999/999 1002/1002/1002
f 1001/1001/1001 1004/1004/1004 1000/1000/1000
f 1001/1001/1001 1005/1005/1005 1004/1004/1004
f 1003/1003/1003 1002/1002/1002 1006/1006/1006
f 1007/1007/1007 1003/1003/1003 1006/1006/1006
f 1005/1005/1005 1008/1008/1008 1004/1004/1004
f 1005/1005/1005 1009/1009/1009 1008/1008/1008
f 1007/1007/1007 1006/1006/1006 1010/1010/1010
f 1011/1011/1011 1007/1007/1007 1010/1010/1010
f 1009/1009/1009 1012/1012/1012 1008/1008/1008
f 1009/1009/1009 1013/1013/1013 1012/1012/1012
f 1011/1011/1011 1010/1010/1010 1014/1014/1014
f 1015/1015/1015 1011/1011/1011 1014/1014/1014
f 1013/1013/1013 1016/1016/1016 1012/1012/1012
f 1013/1013/1013 1017/1017/1017 1016/1016/1016
f 1015/1015/1015 1014/1014/1014 1018/1018/1018
f 1019/1019/1019 1015/1015/1015 1018/1018/1018
f 1017/1017/1017 1020/1020/1020 1016/1016/1016
f 1017/1017/1017 1021/1021/1021 1020/1020/1020
f 1019/1019/1019 1018/1018/1018 1022/1022/1022
f 1023/1023/1023 1019/1019/1019 1022/1022/1022
f 1021/1021/1021 1024/1024/1024 1020/1020/1020
f 1021/1021/1021 1025/1025/1025 1024/1024/1024
f 1023/1023/1023 1022/1022/1022 1026/1026/1026
f 1027/1027/1027 1023/1023/1023 1026/1026/1026
f 1025/1025/1025 1028/1028/1028 1024/1024/1024
f 1025/1025/1025 1029/1029/1029 1028/1028/1028
f 1027/1027/1027 1026/1026/1026 1030/1030/1030
f 1031/1031/1031 1027/1027/1027 1030/1030/1030
f 1029/1029/1029 1032/1032/1032 1028/1028/1028
f 1029/1029/1029 1033/1033/1033 1032/1032/1032
f 1031/1031/1031 1030/1030/1030 1034/1034/1034
f 1035/1035/1035 1031/1031/1031 1034/1034/1034
f 1033/1033/1033 1036/1036/1036 1032/1032/1032
f 1033/1033/1033 1037/1037/1037 1036/1036/1036
f 1035/1035/1035 1034/1034/1034 1038/1038/1038
f 1039/1039/1039 1035/1035/1035 1038/1038/1038
f 1037/1037/1037 1040/1040/1040 1036/1036/1036
f 1037/1037/1037 1041/1041/1041 1040/1040/1040
f 1039/1039/1039 1038/1038/1038 1042/1042/1042
f 1043/1043/1043 1039/1039/1039 1042/1042/1042
f 1041/1041/1041 1044/1044/1044 1040/1040/1040
f 1041/1041/1041 1045/1045/1045 1044/1044/1044
f 1043/1043/1043 1042/1042/1042 1046/1046/1046
f 1047/1047/1047 1043/1043/1043 1046/1046/1046
f 1045/1045/1045 1048/1048/1048 1044/1044/1044
f 1045/1045/1045 1049/1049/1049 1048/1048/1048
f 1047/1047/1047 1046/1046/1046 1050/1050/1050
f 1051/1051/1051 1047/1047/1047 1050/1050/1050
f 1049/1049/1049 1052/1052/1052 1048/1048/1048
f 1049/1049/1049 1053/1053/1053 1052/1052/1052
f 1051/1051/1051 1050/1050/1050 1054/1054/1054
f 1055/1055/1055 1051/1051/1051 1054/1054/1054
f 1053/1053/1053 1056/1056/1056 1052/1052/1052
f 1053/1053/1053 1057/1057/1057 1056/1056/1056
f 1055/1055/1055 1054/1054/1054 1058/1058/1058
f 1059/1059/1059 1055/1055/1055 1058/1058/1058
f 1057/1057/1057 1060/1060/1060 1056/1056/1056
f 1057/1057/1057 1061/1061/1061 1060/1060/1060
f 1059/1059/1059 1058/1058/1058 1062/1062/1062
f 1063/1063/1063 1059/1059/1059 1062/1062/1062
f 1061/1061/1061 1064/1064/1064 1060/1060/1060
f 1061/1061/1061 1065/1065/1065 1064/1064/1064
f 1063/1063/1063 1062/1062/1062 1066/1066/1066
f 1067/1067/1067 1063/1063/1063 1066/1066/1066
f 1065/1065/1065 1068/1068/1068 1064/1064/1064
f 1065/1065/1065 1069/1069/1069 1068/1068/1068
f 1067/1067/1067 1066/1066/1066 1070/1070/1070
f 1071/1071/1071 1067/1067/1067 1070/1070/1070
f 1069/1069/1069 1072/1072/1072 1068/1068/1068
f 1069/1069/1069 1073/1073/1073 1072/1072/1072
f 1071/1071/1071 1070/1070/1070 1074/1074/1074
f 1075/1075/1075 1071/1071/1071 1074/1074/1074
f 1073/1073/1073 1076/1076/1076 1072/1072/1072
f 1073/1073/1073 1077/1077/1077 1076/1076/1076
f 1075/1075/1075 1074/1074/1074 1078/1078/1078
f 1079/1079/1079 1075/1075/1075 1078/1078/1078
f 1077/1077/1077 1080/1080/1080 1076/1076/1076
f 1077/1077/1077 1081/1081/1081 1080/1080/1080
f 1079/1079/1079 1078/1078/1078 1082/1082/1082
f 1083/1083/1083 1079/1079/1079 1082/1082/1082
f 1081/1081/1081 1084/1084/1084 1080/1080/1080
f 1081/1081/1081 1085/1085/1085 1084/1084/1084
f 1083/1083/1083 1082/1082/1082 1086/1086/1086
f 1087/1087/1087 1083/1083/1083 1086/1086/1086
f 1085/1085/1085 1088/1088/1088 1084/1084/1084
f 1085/1085/1085 1089/1089/1089 1088/1088/1088
f 1087/1087/1087 1086/1086/1086 1090/1090/1090
f 1091/1091/1091 1087/1087/1087 1090/1090/1090
f 1089/1089/1089 1092/1092/1092 1088/1088/1088
f 1089/1089/1089 1093/1093/1093 1092/1092/1092
f 1093/1093/1093 1091/1091/1091 1094/1094/1094
f 1091/1091/1091 1090/1090/1090 1094/1094/1094
f 1093/1093/1093 1094/1094/1094 1092/1092/1092
f 1080/1080/1080 1084/1084/1084 1095/1095/1095
f 1084/1084/1084 1088/1088/1088 1096/1096/1096
f 1084/1084/1084 1096/1096/1096 1095/1095/1095
f 1088/1088/1088 1092/1092/1092 1097/1097/1097
f 1088/1088/1088 1097/1097/1097 1096/1096/1096
f 1092/1092/1092 1094/1094/1094 1098/1098/1098
f 1092/1092/1092 1098/1098/1098 1097/1097/1097
f 1094/1094/1094 1090/1090/1090 1099/1099/1099
f 1094/1094/1094 1099/1099/1099 1098/1098/1098
f 1090/1090/1090 1086/1086/1086 1100/1100/1100
f 1090/1090/1090 1100/1100/1100 1099/1099/1099
f 1080/1080/1080 1095/1095/1095 1101/1101/1101
f 1076/1076/1076 1080/1080/1080 1101/1101/1101
f 1086/1086/1086 1102/1102/1102 1100/1100/1100
f 1086/1086/1086 1082/1082/1082 1102/1102/1102
f 1076/1076/1076 1101/1101/1101 1103/1103/1103
f 1072/1072/1072 1076/1076/1076 1103/1103/1103
f 1082/1082/1082 1104/1104/1104 1102/1102/1102
f 1082/1082/1082 1078/1078/1078 1104/1104/1104
f 1072/1072/1072 1103/1103/1103 1105/1105/1105
f 1068/1068/1068 1072/1072/1072 1105/1105/1105
f 1078/1078/1078 1106/1106/1106 1104/1104/1104
f 1078/1078/1078 1074/1074/1074 1106/1106/1106
f 1068/1068/1068 1105/1105/1105 1107/1107/1107
f 1064/1064/1064 1068/1068/1068 1107/1107/1107
f 1074/1074/1074 1108/1108/1108 1106/1106/1106
f 1074/1074/1074 1070/1070/1070 1108/1108/1108
f 1064/1064/1064 1107/1107/1107 1109/1109/1109
f 1060/1060/1060 1064/1064/1064 1109/1109/1109
f 1070/1070/1070 1110/1110/1110 1108/1108/1108
f 1070/1070/1070 1066/1066/1066 1110/1110/1110
f 1060/1060/1060 1109/1109/1109 1111/1111/1111
f 1056/1056/1056 1060/1060/1060 1111/1111/1111
f 1066/1066/1066 1112/1112/1112 1110/1110/1110
f 1066/1066/1066 1062/1062/1062 1112/1112/1112
f 1056/1056/1056 1111/1111/1111 1113/1113/1113
f 1052/1052/1052 1056/1056/1056 1113/1113/1113
f 1062/1062/1062 1114/1114/1114 1112/1112/1112
f 1062/1062/1062 1058/1058/1058 1114/1114/1114
f 1052/1052/1052 1113/1113/1113 1115/1115/1115
f 1048/1048/1048 1052/1052/1052 1115/1115/1115
f 1058/1058/1058 1116/1116/1116 1114/1114/1114
f 1058/1058/1058 1054/1054/1054 1116/1116/1116
f 1048/1048/1048 1115/1115/1115 1117/1117/1117
f 1044/1044/1044 1048/1048/1048 1117/1117/1117
f 1054/1054/1054 1118/1118/1118 1116/1116/1116
f 1054/1054/1054 1050/1050/1050 1118/1118/1118
f 1044/1044/1044 1117/1117/1117 1119/1119/1119
f 1040/1040/1040 1044/1044/1044 1119/1119/1119
f 1050/1050/1050 1120/1120/1120 1118/1118/1118
f 1050/1050/1050 1046/1046/1046 1120/1120/1120
f 1040/1040/1040 1119/1119/1119 1121/1121/1121
f 1036/1036/1036 1040/1040/1040 1121/1121/1121
f 1046/1046/1046 1122/1122/1122 1120/1120/1120
f 1046/1046/1046 1042/1042/1042 1122/1122/1122
f 1036/1036/1036 1121/1121/1121 1123/1123/1123
f 1032/1032/1032 1036/1036/1036 1123/1123/1123
f 1042/1042/1042 1124/1124/1124 1122/1122/1122
f 1042/1042/1042 1038/1038/1038 1124/1124/1124
f 1032/1032/1032 1123/1123/1123 1125/1125/1125
f 1028/1028/1028 1032/1032/1032 1125/1125/1125
f 1038/1038/1038 1126/1126/1126 1124/1124/1124
f 1038/1038/1038 1034/1034/1034 1126/1126/1126
f 1028/1028/1028 1125/1125/1125 1127/1127/1127
f 1024/1024/1024 1028/1028/1028 1127/1127/1127
f 1034/1034/1034 1128/1128/1128 1126/1126/1126
f 1034/1034/1034 1030/1030/1030 1128/1128/1128
f 1024/1024/1024 1127/1127/1127 1129/1129/1129
f 1020/1020/1020 1024/1024/1024 1129/1129/1129
f 1030/1030/1030 1130/1130/1130 1128/1128/1128
f 1030/1030/1030 1026/1026/1026 1130/1130/1130
f 1020/1020/1020 1129/1129/1129 1131/1131/1131
f 1016/1016/1016 1020/1020/1020 1131/1131/1131
f 1026/1026/1026 1132/1132/1132 1130/1130/1130
f 1026/1026/1026 1022/1022/1022 1132/1132/1132
f 1016/1016/1016 1131/1131/1131 1133/1133/1133
f 1012/1012/1012 1016/1016/1016 1133/1133/1133
f 1022/1022/1022 1134/1134/1134 1132/1132/1132
f 1022/1022/1022 1018/1018/1018 1134/1134/1134
f 1012/1012/1012 1133/1133/1133 1135/1135/1135
f 1008/1008/1008 1012/1012/1012 1135/1135/1135
f 1018/1018/1018 1136/1136/1136 1134/1134/1134
f 1018/1018/1018 1014/1014/1014 1136/1136/1136
f 1008/1008/1008 1135/1135/1135 1137/1137/1137
f 1004/1004/1004 1008/1008/1008 1137/1137/1137
f 1014/1014/1014 1138/1138/1138 1136/1136/1136
f 1014/1014/1014 1010/1010/1010 1138/1138/1138
f 1004/1004/1004 1137/1137/1137 1139/1139/1139
f 1000/1000/1000 1004/1004/1004 1139/1139/1139
f 1010/1010/1010 1140/1140/1140 1138/1138/1138
f 1010/1010/1010 1006/1006/1006 1140/1140/1140
f 1000/1000/1000 1139/1139/1139 1141/1141/1141
f 996/996/996 1000/1000/1000 1141/1141/1141
f 1006/1006/1006 1142/1142/1142 1140/1140/1140
f 1006/1006/1006 1002/1002/1002 1142/1142/1142
f 996/996/996 1141/1141/1141 1143/1143/1143
f 992/992/992 996/996/996 1143/1143/1143
f 1002/1002/1002 1144/1144/1144 1142/1142/1142
f 1002/1002/1002 998/998/998 1144/1144/1144
f 992/992/992 1143/1143/1143 1145/1145/1145
f 988/988/988 992/992/992 1145/1145/1145
f 998/998/998 1146/1146/1146 1144/1144/1144
f 998/998/998 994/994/994 1146/1146/1146
f 988/988/988 1145/1145/1145 1147/1147/1147
f 984/984/984 988/988/988 1147/1147/1147
f 994/994/994 1148/1148/1148 1146/1146/1146
f 994/994/994 990/990/990 1148/1148/1148
f 984/984/984 1147/1147/1147 1149/1149/1149
f 980/980/980 984/984/984 1149/1149/1149
f 990/990/990 1150/1150/1150 1148/1148/1148
f 990/990/990 986/986/986 1150/1150/1150
f 980/980/980 1149/1149/1149 1151/1151/1151
f 976/976/976 980/980/980 1151/1151/1151
f 986/986/986 1152/1152/1152 1150/1150/1150
f 986/986/986 982/982/982 1152/1152/1152
f 976/976/976 1151/1151/1151 1153/1153/1153
f 972/972/972 976/976/976 1153/1153/1153
f 982/982/982 1154/1154/1154 1152/1152/1152
f 982/982/982 978/978/978 1154/1154/1154
f 972/972/972 1153/1153/1153 1155/1155/1155
f 970/970/970 972/972/972 1155/1155/1155
f 978/978/978 1156/1156/1156 1154/1154/1154
f 978/978/978 974/974/974 1156/1156/1156
f 970/970/970 1155/1155/1155 1157/1157/1157
f 971/971/971 970/970/970 1157/1157/1157
f 974/974/974 971/971/971 1158/1158/1158
f 974/974/974 1158/1158/1158 1156/1156/1156
f 971/971/971 1157/1157/1157 1158/1158/1158
f 1153/1153/1153 1151/1151/1151 1159/1159/1159
f 1155/1155/1155 1153/1153/1153 1160/1160/1160
f 1153/1153/1153 1159/1159/1159 1160/1160/1160
f 1157/1157/1157 1155/1155/1155 1161/1161/1161
f 1155/1155/1155 1160/1160/1160 1161/1161/1161
f 1158/1158/1158 1157/1157/1157 1162/1162/1162
f 1157/1157/1157 1161/1161/1161 1162/1162/1162
f 1156/1156/1156 1158/1158/1158 1163/1163/1163
f 1158/1158/1158 1162/1162/1162 1163/1163/1163
f 1154/1154/1154 1156/1156/1156 1164/1164/1164
f 1156/1156/1156 1163/1163/1163 1164/1164/1164
f 1151/1151/1151 1165/1165/1165 1159/1159/1159
f 1151/1151/1151 1149/1149/1149 1165/1165/1165
f 1154/1154/1154 1164/1164/1164 1166/1166/1166
f 1152/1152/1152 1154/1154/1154 1166/1166/1166
f 1149/1149/1149 1167/1167/1167 1165/1165/1165
f 1149/1149/1149 1147/1147/1147 1167/1167/1167
f 1152/1152/1152 1166/1166/1166 1168/1168/1168
f 1150/1150/1150 1152/1152/1152 1168/1168/1168
f 1147/1147/1147 1169/1169/1169 1167/1167/1167
f 1147/1147/1147 1145/1145/1145 1169/1169/1169
f 1150/1150/1150 1168/1168/1168 1170/1170/1170
f 1148/1148/1148 1150/1150/1150 1170/1170/1170
f 1145/1145/1145 1171/1171/1171 1169/1169/1169
f 1145/1145/1145 1143/1143/1143 1171/1171/1171
f 1148/1148/1148 1170/1170/1170 1172/1172/1172
f 1146/1146/1146 1148/1148/1148 1172/1172/1172
f 1143/1143/1143 1173/1173/1173 1171/1171/1171
f 1143/1143/1143 1141/1141/1141 1173/1173/1173
f 1146/1146/1146 1172/1172/1172 1174/1174/1174
f 1144/1144/1144 1146/1146/1146 1174/1174/1174
f 1141/1141/1141 1175/1175/1175 1173/1173/1173
f 1141/1141/1141 1139/1139/1139 1175/1175/1175
f 1144/1144/1144 1174/1174/1174 1176/1176/1176
f 1142/1142/1142 1144/1144/1144 1176/1176/1176
f 1139/1139/1139 1177/1177/1177 1175/1175/1175
f 1139/1139/1139 1137/1137/1137 1177/1177/1177
f 1142/1142/1142 1176/1176/1176 1178/1178/1178
f 1140/1140/1140 1142/1142/1142 1178/1178/1178
f 1137/1137/1137 1179/1179/1179 1177/1177/1177
f 1137/1137/1137 1135/1135/1135 1179/1179/1179
f 1140/1140/1140 1178/1178/1178 1180/1180/1180
f 1138/1138/1138 1140/1140/1140 1180/1180/1180
f 1135/1135/1135 1181/1181/1181 1179/1179/1179
f 1135/1135/1135 1133/1133/1133 1181/1181/1181
f 1138/1138/1138 1180/1180/1180 1182/1182/1182
f 1136/1136/1136 1138/1138/1138 1182/1182/1182
f 1133/1133/1133 1183/1183/1183 1181/1181/1181
f 1133/1133/1133 1131/1131/1131 1183/1183/1183
f 1136/1136/1136 1182/1182/1182 1184/1184/1184
f 1134/1134/1134 1136/1136/1136 1184/1184/1184
f 1131/1131/1131 1185/1185/1185 1183/1183/1183
f 1131/1131/1131 1129/1129/1129 1185/1185/1185
f 1134/1134/1134 1184/1184/1184 1186/1186/1186
f 1132/1132/1132 1134/1134/1134 1186/1186/1186
f 1129/1129/1129 1187/1187/1187 1185/1185/1185
f 1129/1129/1129 1127/1127/1127 1187/1187/1187
f 1132/1132/1132 1186/1186/1186 1188/1188/1188
f 1130/1130/1130 1132/1132/1132 1188/1188/1188
f 1127/1127/1127 1189/1189/1189 1187/1187/1187
f 1127/1127/1127 1125/1125/1125 1189/1189/1189
f 1130/1130/1130 1188/1188/1188 1190/1190/1190
f 1128/1128/1128 1130/1130/1130 1190/1190/1190
f 1125/1125/1125 1191/1191/1191 1189/1189/1189
f 1125/1125/1125 1123/1123/1123 1191/1191/1191
f 1128/1128/1128 1190/1190/1190 1192/1192/1192
f 1126/1126/1126 1128/1128/1128 1192/1192/1192
f 1123/1123/1123 1193/1193/1193 1191/1191/1191
f 1123/1123/1123 1121/1121/1121 1193/1193/1193
f 1126/1126/1126 1192/1192/1192 1194/1194/1194
f 1124/1124/1124 1126/1126/1126 1194/1194/1194
f 1121/1121/1121 1195/1195/1195 1193/1193/1193
f 1121/1121/1121 1119/1119/1119 1195/1195/1195
f 1124/1124/1124 1194/1194/1194 1196/1196/1196
f 1122/1122/1122 1124/1124/1124 1196/1196/1196
f 1119/1119/1119 1197/1197/1197 1195/1195/1195
f 1119/1119/1119 1117/1117/1117 1197/1197/1197
f 1122/1122/1122 1196/1196/1196 1198/1198/1198
f 1120/1120/1120 1122/1122/1122 1198/1198/1198
f 1117/1117/1117 1199/1199/1199 1197/1197/1197
f 1117/1117/1117 1115/1115/1115 1199/1199/1199
f 1120/1120/1120 1198/1198/1198 1200/1200/1200
f 1118/1118/1118 1120/1120/1120 1200/1200/1200
f 1115/1115/1115 1201/1201/1201 1199/1199/1199
f 1115/1115/1115 1113/1113/1113 1201/1201/1201
f 1118/1118/1118 1200/1200/1200 1202/1202/1202
f 1116/1116/1116 1118/1118/1118 1202/1202/1202
f 1113/1113/1113 1203/1203/1203 1201/1201/1201
f 1113/1113/1113 1111/1111/1111 1203/1203/1203
f 1116/1116/1116 1202/1202/1202 1204/1204/1204
f 1114/1114/1114 1116/1116/1116 1204/1204/1204
f 1111/1111/1111 1205/1205/1205 1203/1203/1203
f 1111/1111/1111 1109/1109/1109 1205/1205/1205
f 1114/1114/1114 1204/1204/1204 1206/1206/1206
f 1112/1112/1112 1114/1114/1114 1206/1206/1206
f 1109/1109/1109 1207/1207/1207 1205/1205/1205
f 1109/1109/1109 1107/1107/1107 1207/1207/1207
f 1112/1112/1112 1206/1206/1206 1208/1208/1208
f 1110/1110/1110 1112/1112/1112 1208/1208/1208
f 1107/1107/1107 1209/1209/1209 1207/1207/1207
f 1107/1107/1107 1105/1105/1105 1209/1209/1209
f 1110/1110/1110 1208/1208/1208 1210/1210/1210
f 1108/1108/1108 1110/1110/1110 1210/1210/1210
f 1105/1105/1105 1211/1211/1211 1209/1209/1209
f 1105/1105/1105 1103/1103/1103 1211/1211/1211
f 1108/1108/1108 1210/1210/1210 1212/1212/1212
f 1106/1106/1106 1108/1108/1108 1212/1212/1212
f 1103/1103/1103 1213/1213/1213 1211/1211/1211
f 1103/1103/1103 1101/1101/1101 1213/1213/1213
f 1106/1106/1106 1212/1212/1212 1214/1214/1214
f 1104/1104/1104 1106/1106/1106 1214/1214/1214
f 1101/1101/1101 1215/1215/1215 1213/1213/1213
f 1101/1101/1101 1095/1095/1095 1215/1215/1215
f 1104/1104/1104 1214/1214/1214 1216/1216/1216
f 1102/1102/1102 1104/1104/1104 1216/1216/1216
f 1095/1095/1095 1217/1217/1217 1215/1215/1215
f 1095/1095/1095 1096/1096/1096 1217/1217/1217
f 1102/1102/1102 1216/1216/1216 1218/1218/1218
f 1100/1100/1100 1102/1102/1102 1218/1218/1218
f 1096/1096/1096 1219/1219/1219 1217/1217/1217
f 1096/1096/1096 1097/1097/1097 1219/1219/1219
f 1100/1100/1100 1218/1218/1218 1220/1220/1220
f 1099/1099/1099 1100/1100/1100 1220/1220/1220
f 1097/1097/1097 1221/1221/1221 1219/1219/1219
f 1097/1097/1097 1098/1098/1098 1221/1221/1221
f 1098/1098/1098 1099/1099/1099 1222/1222/1222
f 1099/1099/1099 1220/1220/1220 1222/1222/1222
f 1098/1098/1098 1222/1222/1222 1221/1221/1221
f 1215/1215/1215 1217/1217/1217 1223/1223/1223
f 1217/1217/1217 1219/1219/1219 1224/1224/1224
f 1217/1217/1217 1224/1224/1224 1223/1223/1223
f 1219/1219/1219 1221/1221/1221 1225/1225/1225
f 1219/1219/1219 1225/1225/1225 1224/1224/1224
f 1221/1221/1221 1222/1222/1222 1226/1226/1226
f 1221/1221/1221 1226/1226/1226 1225/1225/1225
f 1222/1222/1222 1220/1220/1220 1227/1227/1227
f 1222/1222/1222 1227/1227/1227 1226/1226/1226
f 1220/1220/1220 1218/1218/1218 1228/1228/1228
f 1220/1220/1220 1228/1228/1228 1227/1227/1227
f 1215/1215/1215 1223/1223/1223 1229/1229/1229
f 1213/1213/1213 1215/1215/1215 1229/1229/1229
f 1218/1218/1218 1230/1230/1230 1228/1228/1228
f 1218/1218/1218 1216/1216/1216 1230/1230/1230
f 1213/1213/1213 1229/1229/1229 1231/1231/1231
f 1211/1211/1211 1213/1213/1213 1231/1231/1231
f 1216/1216/1216 1232/1232/1232 1230/1230/1230
f 1216/1216/1216 1214/1214/1214 1232/1232/1232
f 1211/1211/1211 1231/1231/1231 1233/1233/1233
f 1209/1209/1209 1211/1211/1211 1233/1233/1233
f 1214/1214/1214 1234/1234/1234 1232/1232/1232
f 1214/1214/1214 1212/1212/1212 1234/1234/1234
f 1209/1209/1209 1233/1233/1233 1235/1235/1235
f 1207/1207/1207 1209/1209/1209 1235/1235/1235
f 1212/1212/1212 1236/1236/1236 1234/1234/1234
f 1212/1212/1212 1210/1210/1210 1236/1236/1236
f 1210/1210/1210 1237/1237/1237 1236/1236/1236
f 1234/1234/1234 1236/1236/1236 1237/1237/1237
f 1210/1210/1210 1208/1208/1208 1237/1237/1237
f 1232/1232/1232 1234/1234/1234 1238/1238/1238
f 1234/1234/1234 1237/1237/1237 1238/1238/1238
f 1208/1208/1208 1239/1239/1239 1237/1237/1237
f 1238/1238/1238 1237/1237/1237 1239/1239/1239
f 1208/1208/1208 1206/1206/1206 1239/1239/1239
f 1232/1232/1232 1238/1238/1238 1240/1240/1240
f 1230/1230/1230 1232/1232/1232 1240/1240/1240
f 1206/1206/1206 1241/1241/1241 1239/1239/1239
f 1206/1206/1206 1204/1204/1204 1241/1241/1241
f 1238/1238/1238 1239/1239/1239 1242/1242/1242
f 1240/1240/1240 1238/1238/1238 1242/1242/1242
f 1242/1242/1242 1239/1239/1239 1241/1241/1241
f 1230/1230/1230 1240/1240/1240 1243/1243/1243
f 1228/1228/1228 1230/1230/1230 1243/1243/1243
f 1204/1204/1204 1244/1244/1244 1241/1241/1241
f 1204/1204/1204 1202/1202/1202 1244/1244/1244
f 1240/1240/1240 1242/1242/1242 1245/1245/1245
f 1243/1243/1243 1240/1240/1240 1245/1245/1245
f 1242/1242/1242 1241/1241/1241 1246/1246/1246
f 1246/1246/1246 1241/1241/1241 1244/1244/1244
f 1245/1245/1245 1242/1242/1242 1246/1246/1246
f 1228/1228/1228 1243/1243/1243 1247/1247/1247
f 1227/1227/1227 1228/1228/1228 1247/1247/1247
f 1202/1202/1202 1248/1248/1248 1244/1244/1244
f 1202/1202/1202 1200/1200/1200 1248/1248/1248
f 1243/1243/1243 1245/1245/1245 1249/1249/1249
f 1247/1247/1247 1243/1243/1243 1249/1249/1249
f 1245/1245/1245 1246/1246/1246 1250/1250/1250
f 1249/1249/1249 1245/1245/1245 1250/1250/1250
f 1246/1246/1246 1244/1244/1244 1251/1251/1251
f 1251/1251/1251 1244/1244/1244 1248/1248/1248
f 1250/1250/1250 1246/1246/1246 1251/1251/1251
f 1227/1227/1227 1247/1247/1247 1252/1252/1252
f 1226/1226/1226 1227/1227/1227 1252/1252/1252
f 1200/1200/1200 1253/1253/1253 1248/1248/1248
f 1200/1200/1200 1198/1198/1198 1253/1253/1253
f 1247/1247/1247 1249/1249/1249 1254/1254/1254
f 1252/1252/1252 1247/1247/1247 1254/1254/1254
f 1249/1249/1249 1250/1250/1250 1255/1255/1255
f 1254/1254/1254 1249/1249/1249 1255/1255/1255
f 1250/1250/1250 1251/1251/1251 1256/1256/1256
f 1255/1255/1255 1250/1250/1250 1256/1256/1256
f 1251/1251/1251 1248/1248/1248 1257/1257/1257
f 1257/1257/1257 1248/1248/1248 1253/1253/1253
f 1256/1256/1256 1251/1251/1251 1257/1257/1257
f 1226/1226/1226 1252/1252/1252 1258/1258/1258
f 1225/1225/1225 1226/1226/1226 1258/1258/1258
f 1198/1198/1198 1259/1259/1259 1253/1253/1253
f 1198/1198/1198 1196/1196/1196 1259/1259/1259
f 1252/1252/1252 1254/1254/1254 1260/1260/1260
f 1258/1258/1258 1252/1252/1252 1260/1260/1260
f 1254/1254/1254 1255/1255/1255 1261/1261/1261
f 1260/1260/1260 1254/1254/1254 1261/1261/1261
f 1255/1255/1255 1256/1256/1256 1262/1262/1262
f 1261/1261/1261 1255/1255/1255 1262/1262/1262
f 1256/1256/1256 1257/1257/1257 1263/1263/1263
f 1262/1262/1262 1256/1256/1256 1263/1263/1263
f 1257/1257/1257 1253/1253/1253 1264/1264/1264
f 1264/1264/1264 1253/1253/1253 1259/1259/1259
f 1263/1263/1263 1257/1257/1257 1264/1264/1264
f 1196/1196/1196 1265/1265/1265 1259/1259/1259
f 1196/1196/1196 1194/1194/1194 1265/1265/1265
f 1264/1264/1264 1259/1259/1259 1266/1266/1266
f 1266/1266/1266 1259/1259/1259 1265/1265/1265
f 1263/1263/1263 1264/1264/1264 1267/1267/1267
f 1267/1267/1267 1264/1264/1264 1266/1266/1266
f 1262/1262/1262 1263/1263/1263 1268/1268/1268
f 1268/1268/1268 1263/1263/1263 1267/1267/1267
f 1261/1261/1261 1262/1262/1262 1269/1269/1269
f 1269/1269/1269 1262/1262/1262 1268/1268/1268
f 1194/1194/1194 1270/1270/1270 1265/1265/1265
f 1194/1194/1194 1192/1192/1192 1270/1270/1270
f 1266/1266/1266 1265/1265/1265 1271/1271/1271
f 1271/1271/1271 1265/1265/1265 1270/1270/1270
f 1267/1267/1267 1266/1266/1266 1272/1272/1272
f 1272/1272/1272 1266/1266/1266 1271/1271/1271
f 1268/1268/1268 1267/1267/1267 1273/1273/1273
f 1273/1273/1273 1267/1267/1267 1272/1272/1272
f 1192/1192/1192 1274/1274/1274 1270/1270/1270
f 1192/1192/1192 1190/1190/1190 1274/1274/1274
f 1271/1271/1271 1270/1270/1270 1275/1275/1275
f 1275/1275/1275 1270/1270/1270 1274/1274/1274
f 1272/1272/1272 1271/1271/1271 1276/1276/1276
f 1276/1276/1276 1271/1271/1271 1275/1275/1275
f 1190/1190/1190 1277/1277/1277 1274/1274/1274
f 1190/1190/1190 1188/1188/1188 1277/1277/1277
f 1275/1275/1275 1274/1274/1274 1278/1278/1278
f 1278/1278/1278 1274/1274/1274 1277/1277/1277
f 1188/1188/1188 1279/1279/1279 1277/1277/1277
f 1188/1188/1188 1186/1186/1186 1279/1279/1279
f 1280/1280/1280 1268/1268/1268 1273/1273/1273
f 1269/1269/1269 1268/1268/1268 1280/1280/1280
f 1273/1273/1273 1272/1272/1272 1281/1281/1281
f 1281/1281/1281 1272/1272/1272 1276/1276/1276
f 1276/1276/1276 1275/1275/1275 1282/1282/1282
f 1282/1282/1282 1275/1275/1275 1278/1278/1278
f 1278/1278/1278 1277/1277/1277 1283/1283/1283
f 1283/1283/1283 1277/1277/1277 1279/1279/1279
f 1186/1186/1186 1284/1284/1284 1279/1279/1279
f 1186/1186/1186 1184/1184/1184 1284/1284/1284
f 1280/1280/1280 1273/1273/1273 1285/1285/1285
f 1285/1285/1285 1273/1273/1273 1281/1281/1281
f 1281/1281/1281 1276/1276/1276 1286/1286/1286
f 1286/1286/1286 1276/1276/1276 1282/1282/1282
f 1282/1282/1282 1278/1278/1278 1287/1287/1287
f 1287/1287/1287 1278/1278/1278 1283/1283/1283
f 1283/1283/1283 1279/1279/1279 1288/1288/1288
f 1288/1288/1288 1279/1279/1279 1284/1284/1284
f 1184/1184/1184 1289/1289/1289 1284/1284/1284
f 1184/1184/1184 1182/1182/1182 1289/1289/1289
f 1285/1285/1285 1281/1281/1281 1290/1290/1290
f 1290/1290/1290 1281/1281/1281 1286/1286/1286
f 1286/1286/1286 1282/1282/1282 1291/1291/1291
f 1291/1291/1291 1282/1282/1282 1287/1287/1287
f 1287/1287/1287 1283/1283/1283 1292/1292/1292
f 1292/1292/1292 1283/1283/1283 1288/1288/1288
f 1288/1288/1288 1284/1284/1284 1293/1293/1293
f 1293/1293/1293 1284/1284/1284 1289/1289/1289
f 1182/1182/1182 1294/1294/1294 1289/1289/1289
f 1182/1182/1182 1180/1180/1180 1294/1294/1294
f 1290/1290/1290 1286/1286/1286 1295/1295/1295
f 1295/1295/1295 1286/1286/1286 1291/1291/1291
f 1291/1291/1291 1287/1287/1287 1296/1296/1296
f 1296/1296/1296 1287/1287/1287 1292/1292/1292
f 1292/1292/1292 1288/1288/1288 1297/1297/1297
f 1297/1297/1297 1288/1288/1288 1293/1293/1293
f 1293/1293/1293 1289/1289/1289 1298/1298/1298
f 1298/1298/1298 1289/1289/1289 1294/1294/1294
f 1180/1180/1180 1299/1299/1299 1294/1294/1294
f 1180/1180/1180 1178/1178/1178 1299/1299/1299
f 1300/1300/1300 1294/1294/1294 1299/1299/1299
f 1298/1298/1298 1294/1294/1294 1300/1300/1300
f 1178/1178/1178 1301/1301/1301 1299/1299/1299
f 1300/1300/1300 1299/1299/1299 1301/1301/1301
f 1178/1178/1178 1176/1176/1176 1301/1301/1301
f 1302/1302/1302 1293/1293/1293 1298/1298/1298
f 1297/1297/1297 1293/1293/1293 1302/1302/1302
f 1303/1303/1303 1292/1292/1292 1297/1297/1297
f 1296/1296/1296 1292/1292/1292 1303/1303/1303
f 1304/1304/1304 1298/1298/1298 1300/1300/1300
f 1302/1302/1302 1298/1298/1298 1304/1304/1304
f 1176/1176/1176 1305/1305/1305 1301/1301/1301
f 1176/1176/1176 1174/1174/1174 1305/1305/1305
f 1306/1306/1306 1300/1300/1300 1301/1301/1301
f 1304/1304/1304 1300/1300/1300 1306/1306/1306
f 1306/1306/1306 1301/1301/1301 1305/1305/1305
f 1307/1307/1307 1297/1297/1297 1302/1302/1302
f 1303/1303/1303 1297/1297/1297 1307/1307/1307
f 1174/1174/1174 1308/1308/1308 1305/1305/1305
f 1174/1174/1174 1172/1172/1172 1308/1308/1308
f 1309/1309/1309 1302/1302/1302 1304/1304/1304
f 1307/1307/1307 1302/1302/1302 1309/1309/1309
f 1310/1310/1310 1304/1304/1304 1306/1306/1306
f 1309/1309/1309 1304/1304/1304 1310/1310/1310
f 1311/1311/1311 1306/1306/1306 1305/1305/1305
f 1311/1311/1311 1305/1305/1305 1308/1308/1308
f 1310/1310/1310 1306/1306/1306 1311/1311/1311
f 1172/1172/1172 1312/1312/1312 1308/1308/1308
f 1172/1172/1172 1170/1170/1170 1312/1312/1312
f 1313/1313/1313 1311/1311/1311 1308/1308/1308
f 1313/1313/1313 1308/1308/1308 1312/1312/1312
f 1314/1314/1314 1310/1310/1310 1311/1311/1311
f 1314/1314/1314 1311/1311/1311 1313/1313/1313
f 1315/1315/1315 1309/1309/1309 1310/1310/1310
f 1315/1315/1315 1310/1310/1310 1314/1314/1314
f 1316/1316/1316 1307/1307/1307 1309/1309/1309
f 1316/1316/1316 1309/1309/1309 1315/1315/1315
f 1170/1170/1170 1317/1317/1317 1312/1312/1312
f 1170/1170/1170 1168/1168/1168 1317/1317/1317
f 1318/1318/1318 1313/1313/1313 1312/1312/1312
f 1318/1318/1318 1312/1312/1312 1317/1317/1317
f 1319/1319/1319 1314/1314/1314 1313/1313/1313
f 1319/1319/1319 1313/1313/1313 1318/1318/1318
f 1320/1320/1320 1315/1315/1315 1314/1314/1314
f 1320/1320/1320 1314/1314/1314 1319/1319/1319
f 1168/1168/1168 1321/1321/1321 1317/1317/1317
f 1168/1168/1168 1166/1166/1166 1321/1321/1321
f 1322/1322/1322 1318/1318/1318 1317/1317/1317
f 1322/1322/1322 1317/1317/1317 1321/1321/1321
f 1323/1323/1323 1319/1319/1319 1318/1318/1318
f 1323/1323/1323 1318/1318/1318 1322/1322/1322
f 1166/1166/1166 1324/1324/1324 1321/1321/1321
f 1166/1166/1166 1164/1164/1164 1324/1324/1324
f 1325/1325/1325 1322/1322/1322 1321/1321/1321
f 1325/1325/1325 1321/1321/1321 1324/1324/1324
f 1164/1164/1164 1326/1326/1326 1324/1324/1324
f 1164/1164/1164 1163/1163/1163 1326/1326/1326
f 1327/1327/1327 1315/1315/1315 1320/1320/1320
f 1327/1327/1327 1316/1316/1316 1315/1315/1315
f 1328/1328/1328 1320/1320/1320 1319/1319/1319
f 1328/1328/1328 1319/1319/1319 1323/1323/1323
f 1329/1329/1329 1323/1323/1323 1322/1322/1322
f 1329/1329/1329 1322/1322/1322 1325/1325/1325
f 1330/1330/1330 1325/1325/1325 1324/1324/1324
f 1330/1330/1330 1324/1324/1324 1326/1326/1326
f 1163/1163/1163 1331/1331/1331 1326/1326/1326
f 1163/1163/1163 1162/1162/1162 1331/1331/1331
f 1332/1332/1332 1327/1327/1327 1320/1320/1320
f 1332/1332/1332 1320/1320/1320 1328/1328/1328
f 1333/1333/1333 1328/1328/1328 1323/1323/1323
f 1333/1333/1333 1323/1323/1323 1329/1329/1329
f 1334/1334/1334 1329/1329/1329 1325/1325/1325
f 1334/1334/1334 1325/1325/1325 1330/1330/1330
f 1335/1335/1335 1330/1330/1330 1326/1326/1326
f 1335/1335/1335 1326/1326/1326 1331/1331/1331
f 1162/1162/1162 1336/1336/1336 1331/1331/1331
f 1162/1162/1162 1161/1161/1161 1336/1336/1336
f 1337/1337/1337 1332/1332/1332 1328/1328/1328
f 1337/1337/1337 1328/1328/1328 1333/1333/1333
f 1338/1338/1338 1333/1333/1333 1329/1329/1329
f 1338/1338/1338 1329/1329/1329 1334/1334/1334
f 1339/1339/1339 1334/1334/1334 1330/1330/1330
f 1339/1339/1339 1330/1330/1330 1335/1335/1335
f 1340/1340/1340 1335/1335/1335 1331/1331/1331
f 1340/1340/1340 1331/1331/1331 1336/1336/1336
f 1161/1161/1161 1341/1341/1341 1336/1336/1336
f 1161/1161/1161 1160/1160/1160 1341/1341/1341
f 1342/1342/1342 1337/1337/1337 1333/1333/1333
f 1342/1342/1342 1333/1333/1333 1338/1338/1338
f 1343/1343/1343 1338/1338/1338 1334/1334/1334
f 1343/1343/1343 1334/1334/1334 1339/1339/1339
f 1344/1344/1344 1339/1339/1339 1335/1335/1335
f 1344/1344/1344 1335/1335/1335 1340/1340/1340
f 1345/1345/1345 1340/1340/1340 1336/1336/1336
f 1345/1345/1345 1336/1336/1336 1341/1341/1341
f 1160/1160/1160 1346/1346/1346 1341/1341/1341
f 1160/1160/1160 1159/1159/1159 1346/1346/1346
f 1347/1347/1347 1342/1342/1342 1338/1338/1338
f 1347/1347/1347 1338/1338/1338 1343/1343/1343
f 1348/1348/1348 1343/1343/1343 1339/1339/1339
f 1348/1348/1348 1339/1339/1339 1344/1344/1344
f 1349/1349/1349 1344/1344/1344 1340/1340/1340
f 1349/1349/1349 1340/1340/1340 1345/1345/1345
f 1350/1350/1350 1345/1345/1345 1341/1341/1341
f 1350/1350/1350 1341/1341/1341 1346/1346/1346
f 1159/1159/1159 1351/1351/1351 1346/1346/1346
f 1159/1159/1159 1165/1165/1165 1351/1351/1351
f 1352/1352/1352 1347/1347/1347 1343/1343/1343
f 1352/1352/1352 1343/1343/1343 1348/1348/1348
f 1353/1353/1353 1348/1348/1348 1344/1344/1344
f 1353/1353/1353 1344/1344/1344 1349/1349/1349
f 1354/1354/1354 1349/1349/1349 1345/1345/1345
f 1354/1354/1354 1345/1345/1345 1350/1350/1350
f 1355/1355/1355 1350/1350/1350 1346/1346/1346
f 1355/1355/1355 1346/1346/1346 1351/1351/1351
f 1165/1165/1165 1356/1356/1356 1351/1351/1351
f 1165/1165/1165 1167/1167/1167 1356/1356/1356
f 1357/1357/1357 1352/1352/1352 1348/1348/1348
f 1357/1357/1357 1348/1348/1348 1353/1353/1353
f 1358/1358/1358 1353/1353/1353 1349/1349/1349
f 1358/1358/1358 1349/1349/1349 1354/1354/1354
f 1359/1359/1359 1354/1354/1354 1350/1350/1350
f 1359/1359/1359 1350/1350/1350 1355/1355/1355
f 1360/1360/1360 1355/1355/1355 1351/1351/1351
f 1360/1360/1360 1351/1351/1351 1356/1356/1356
f 1167/1167/1167 1361/1361/1361 1356/1356/1356
f 1167/1167/1167 1169/1169/1169 1361/1361/1361
f 1362/1362/1362 1357/1357/1357 1353/1353/1353
f 1362/1362/1362 1353/1353/1353 1358/1358/1358
f 1363/1363/1363 1358/1358/1358 1354/1354/1354
f 1363/1363/1363 1354/1354/1354 1359/1359/1359
f 1364/1364/1364 1359/1359/1359 1355/1355/1355
f 1364/1364/1364 1355/1355/1355 1360/1360/1360
f 1365/1365/1365 1360/1360/1360 1356/1356/1356
f 1365/1365/1365 1356/1356/1356 1361/1361/1361
f 1169/1169/1169 1366/1366/1366 1361/1361/1361
f 1169/1169/1169 1171/1171/1171 1366/1366/1366
f 1367/1367/1367 1361/1361/1361 1366/1366/1366
f 1171/1171/1171 1367/1367/1367 1366/1366/1366
f 1367/1367/1367 1365/1365/1365 1361/1361/1361
f 1171/1171/1171 1173/1173/1173 1367/1367/1367
f 1173/1173/1173 1368/1368/1368 1367/1367/1367
f 1368/1368/1368 1365/1365/1365 1367/1367/1367
f 1173/1173/1173 1175/1175/1175 1368/1368/1368
f 1369/1369/1369 1360/1360/1360 1365/1365/1365
f 1368/1368/1368 1369/1369/1369 1365/1365/1365
f 1369/1369/1369 1364/1364/1364 1360/1360/1360
f 1175/1175/1175 1370/1370/1370 1368/1368/1368
f 1370/1370/1370 1369/1369/1369 1368/1368/1368
f 1175/1175/1175 1177/1177/1177 1370/1370/1370
f 1371/1371/1371 1364/1364/1364 1369/1369/1369
f 1370/1370/1370 1371/1371/1371 1369/1369/1369
f 1177/1177/1177 1372/1372/1372 1370/1370/1370
f 1372/1372/1372 1371/1371/1371 1370/1370/1370
f 1177/1177/1177 1179/1179/1179 1372/1372/1372
f 1371/1371/1371 1373/1373/1373 1364/1364/1364
f 1373/1373/1373 1359/1359/1359 1364/1364/1364
f 1373/1373/1373 1363/1363/1363 1359/1359/1359
f 1179/1179/1179 1374/1374/1374 1372/1372/1372
f 1179/1179/1179 1181/1181/1181 1374/1374/1374
f 1372/1372/1372 1375/1375/1375 1371/1371/1371
f 1375/1375/1375 1373/1373/1373 1371/1371/1371
f 1374/1374/1374 1375/1375/1375 1372/1372/1372
f 1376/1376/1376 1363/1363/1363 1373/1373/1373
f 1375/1375/1375 1376/1376/1376 1373/1373/1373
f 1181/1181/1181 1377/1377/1377 1374/1374/1374
f 1181/1181/1181 1183/1183/1183 1377/1377/1377
f 1374/1374/1374 1378/1378/1378 1375/1375/1375
f 1378/1378/1378 1376/1376/1376 1375/1375/1375
f 1377/1377/1377 1378/1378/1378 1374/1374/1374
f 1376/1376/1376 1379/1379/1379 1363/1363/1363
f 1379/1379/1379 1358/1358/1358 1363/1363/1363
f 1379/1379/1379 1362/1362/1362 1358/1358/1358
f 1183/1183/1183 1380/1380/1380 1377/1377/1377
f 1183/1183/1183 1185/1185/1185 1380/1380/1380
f 1377/1377/1377 1381/1381/1381 1378/1378/1378
f 1380/1380/1380 1381/1381/1381 1377/1377/1377
f 1378/1378/1378 1382/1382/1382 1376/1376/1376
f 1382/1382/1382 1379/1379/1379 1376/1376/1376
f 1381/1381/1381 1382/1382/1382 1378/1378/1378
f 1383/1383/1383 1362/1362/1362 1379/1379/1379
f 1382/1382/1382 1383/1383/1383 1379/1379/1379
f 1185/1185/1185 1384/1384/1384 1380/1380/1380
f 1185/1185/1185 1187/1187/1187 1384/1384/1384
f 1380/1380/1380 1385/1385/1385 1381/1381/1381
f 1384/1384/1384 1385/1385/1385 1380/1380/1380
f 1381/1381/1381 1386/1386/1386 1382/1382/1382
f 1386/1386/1386 1383/1383/1383 1382/1382/1382
f 1385/1385/1385 1386/1386/1386 1381/1381/1381
f 1383/1383/1383 1387/1387/1387 1362/1362/1362
f 1387/1387/1387 1357/1357/1357 1362/1362/1362
f 1187/1187/1187 1388/1388/1388 1384/1384/1384
f 1187/1187/1187 1189/1189/1189 1388/1388/1388
f 1384/1384/1384 1389/1389/1389 1385/1385/1385
f 1388/1388/1388 1389/1389/1389 1384/1384/1384
f 1385/1385/1385 1390/1390/1390 1386/1386/1386
f 1389/1389/1389 1390/1390/1390 1385/1385/1385
f 1386/1386/1386 1391/1391/1391 1383/1383/1383
f 1391/1391/1391 1387/1387/1387 1383/1383/1383
f 1390/1390/1390 1391/1391/1391 1386/1386/1386
f 1387/1387/1387 1392/1392/1392 1357/1357/1357
f 1392/1392/1392 1352/1352/1352 1357/1357/1357
f 1189/1189/1189 1393/1393/1393 1388/1388/1388
f 1189/1189/1189 1191/1191/1191 1393/1393/1393
f 1388/1388/1388 1394/1394/1394 1389/1389/1389
f 1393/1393/1393 1394/1394/1394 1388/1388/1388
f 1389/1389/1389 1395/1395/1395 1390/1390/1390
f 1394/1394/1394 1395/1395/1395 1389/1389/1389
f 1390/1390/1390 1396/1396/1396 1391/1391/1391
f 1395/1395/1395 1396/1396/1396 1390/1390/1390
f 1391/1391/1391 1397/1397/1397 1387/1387/1387
f 1397/1397/1397 1392/1392/1392 1387/1387/1387
f 1396/1396/1396 1397/1397/1397 1391/1391/1391
f 1392/1392/1392 1398/1398/1398 1352/1352/1352
f 1398/1398/1398 1347/1347/1347 1352/1352/1352
f 1191/1191/1191 1399/1399/1399 1393/1393/1393
f 1191/1191/1191 1193/1193/1193 1399/1399/1399
f 1393/1393/1393 1400/1400/1400 1394/1394/1394
f 1399/1399/1399 1400/1400/1400 1393/1393/1393
f 1394/1394/1394 1401/1401/1401 1395/1395/1395
f 1400/1400/1400 1401/1401/1401 1394/1394/1394
f 1395/1395/1395 1402/1402/1402 1396/1396/1396
f 1401/1401/1401 1402/1402/1402 1395/1395/1395
f 1396/1396/1396 1403/1403/1403 1397/1397/1397
f 1402/1402/1402 1403/1403/1403 1396/1396/1396
f 1397/1397/1397 1404/1404/1404 1392/1392/1392
f 1403/1403/1403 1404/1404/1404 1397/1397/1397
f 1404/1404/1404 1398/1398/1398 1392/1392/1392
f 1398/1398/1398 1405/1405/1405 1347/1347/1347
f 1405/1405/1405 1342/1342/1342 1347/1347/1347
f 1404/1404/1404 1406/1406/1406 1398/1398/1398
f 1406/1406/1406 1405/1405/1405 1398/1398/1398
f 1403/1403/1403 1407/1407/1407 1404/1404/1404
f 1407/1407/1407 1406/1406/1406 1404/1404/1404
f 1402/1402/1402 1408/1408/1408 1403/1403/1403
f 1408/1408/1408 1407/1407/1407 1403/1403/1403
f 1401/1401/1401 1409/1409/1409 1402/1402/1402
f 1409/1409/1409 1408/1408/1408 1402/1402/1402
f 1405/1405/1405 1410/1410/1410 1342/1342/1342
f 1410/1410/1410 1337/1337/1337 1342/1342/1342
f 1406/1406/1406 1411/1411/1411 1405/1405/1405
f 1411/1411/1411 1410/1410/1410 1405/1405/1405
f 1407/1407/1407 1412/1412/1412 1406/1406/1406
f 1412/1412/1412 1411/1411/1411 1406/1406/1406
f 1408/1408/1408 1413/1413/1413 1407/1407/1407
f 1413/1413/1413 1412/1412/1412 1407/1407/1407
f 1410/1410/1410 1414/1414/1414 1337/1337/1337
f 1414/1414/1414 1332/1332/1332 1337/1337/1337
f 1411/1411/1411 1415/1415/1415 1410/1410/1410
f 1415/1415/1415 1414/1414/1414 1410/1410/1410
f 1412/1412/1412 1416/1416/1416 1411/1411/1411
f 1416/1416/1416 1415/1415/1415 1411/1411/1411
f 1414/1414/1414 1417/1417/1417 1332/1332/1332
f 1417/1417/1417 1327/1327/1327 1332/1332/1332
f 1415/1415/1415 1418/1418/1418 1414/1414/1414
f 1418/1418/1418 1417/1417/1417 1414/1414/1414
f 1417/1417/1417 1419/1419/1419 1327/1327/1327
f 1419/1419/1419 1316/1316/1316 1327/1327/1327
f 1420/1420/1420 1413/1413/1413 1408/1408/1408
f 1409/1409/1409 1420/1420/1420 1408/1408/1408
f 1413/1413/1413 1421/1421/1421 1412/1412/1412
f 1421/1421/1421 1416/1416/1416 1412/1412/1412
f 1416/1416/1416 1422/1422/1422 1415/1415/1415
f 1422/1422/1422 1418/1418/1418 1415/1415/1415
f 1418/1418/1418 1423/1423/1423 1417/1417/1417
f 1423/1423/1423 1419/1419/1419 1417/1417/1417
f 1419/1419/1419 1424/1424/1424 1316/1316/1316
f 1424/1424/1424 1307/1307/1307 1316/1316/1316
f 1424/1424/1424 1303/1303/1303 1307/1307/1307
f 1425/1425/1425 1424/1424/1424 1419/1419/1419
f 1423/1423/1423 1425/1425/1425 1419/1419/1419
f 1426/1426/1426 1303/1303/1303 1424/1424/1424
f 1425/1425/1425 1426/1426/1426 1424/1424/1424
f 1426/1426/1426 1296/1296/1296 1303/1303/1303
f 1427/1427/1427 1423/1423/1423 1418/1418/1418
f 1422/1422/1422 1427/1427/1427 1418/1418/1418
f 1428/1428/1428 1422/1422/1422 1416/1416/1416
f 1421/1421/1421 1428/1428/1428 1416/1416/1416
f 1429/1429/1429 1425/1425/1425 1423/1423/1423
f 1427/1427/1427 1429/1429/1429 1423/1423/1423
f 1430/1430/1430 1426/1426/1426 1425/1425/1425
f 1429/1429/1429 1430/1430/1430 1425/1425/1425
f 1431/1431/1431 1296/1296/1296 1426/1426/1426
f 1430/1430/1430 1431/1431/1431 1426/1426/1426
f 1431/1431/1431 1291/1291/1291 1296/1296/1296
f 1295/1295/1295 1291/1291/1291 1431/1431/1431
f 1432/1432/1432 1427/1427/1427 1422/1422/1422
f 1428/1428/1428 1432/1432/1432 1422/1422/1422
f 1433/1433/1433 1429/1429/1429 1427/1427/1427
f 1432/1432/1432 1433/1433/1433 1427/1427/1427
f 1434/1434/1434 1430/1430/1430 1429/1429/1429
f 1433/1433/1433 1434/1434/1434 1429/1429/1429
f 1435/1435/1435 1431/1431/1431 1430/1430/1430
f 1435/1435/1435 1295/1295/1295 1431/1431/1431
f 1434/1434/1434 1435/1435/1435 1430/1430/1430
f 1436/1436/1436 1295/1295/1295 1435/1435/1435
f 1436/1436/1436 1290/1290/1290 1295/1295/1295
f 1437/1437/1437 1435/1435/1435 1434/1434/1434
f 1437/1437/1437 1436/1436/1436 1435/1435/1435
f 1438/1438/1438 1434/1434/1434 1433/1433/1433
f 1438/1438/1438 1437/1437/1437 1434/1434/1434
f 1439/1439/1439 1433/1433/1433 1432/1432/1432
f 1439/1439/1439 1438/1438/1438 1433/1433/1433
f 1440/1440/1440 1432/1432/1432 1428/1428/1428
f 1440/1440/1440 1439/1439/1439 1432/1432/1432
f 1441/1441/1441 1290/1290/1290 1436/1436/1436
f 1441/1441/1441 1285/1285/1285 1290/1290/1290
f 1442/1442/1442 1436/1436/1436 1437/1437/1437
f 1442/1442/1442 1441/1441/1441 1436/1436/1436
f 1443/1443/1443 1437/1437/1437 1438/1438/1438
f 1443/1443/1443 1442/1442/1442 1437/1437/1437
f 1444/1444/1444 1438/1438/1438 1439/1439/1439
f 1444/1444/1444 1443/1443/1443 1438/1438/1438
f 1445/1445/1445 1285/1285/1285 1441/1441/1441
f 1445/1445/1445 1280/1280/1280 1285/1285/1285
f 1446/1446/1446 1441/1441/1441 1442/1442/1442
f 1446/1446/1446 1445/1445/1445 1441/1441/1441
f 1447/1447/1447 1442/1442/1442 1443/1443/1443
f 1447/1447/1447 1446/1446/1446 1442/1442/1442
f 1448/1448/1448 1280/1280/1280 1445/1445/1445
f 1448/1448/1448 1269/1269/1269 1280/1280/1280
f 1449/1449/1449 1445/1445/1445 1446/1446/1446
f 1449/1449/1449 1448/1448/1448 1445/1445/1445
f 1450/1450/1450 1269/1269/1269 1448/1448/1448
f 1450/1450/1450 1261/1261/1261 1269/1269/1269
f 1260/1260/1260 1261/1261/1261 1450/1450/1450
f 1451/1451/1451 1450/1450/1450 1448/1448/1448
f 1451/1451/1451 1448/1448/1448 1449/1449/1449
f 1452/1452/1452 1260/1260/1260 1450/1450/1450
f 1452/1452/1452 1450/1450/1450 1451/1451/1451
f 1258/1258/1258 1260/1260/1260 1452/1452/1452
f 1453/1453/1453 1449/1449/1449 1446/1446/1446
f 1453/1453/1453 1446/1446/1446 1447/1447/1447
f 1454/1454/1454 1447/1447/1447 1443/1443/1443
f 1454/1454/1454 1443/1443/1443 1444/1444/1444
f 1455/1455/1455 1451/1451/1451 1449/1449/1449
f 1455/1455/1455 1449/1449/1449 1453/1453/1453
f 1456/1456/1456 1258/1258/1258 1452/1452/1452
f 1225/1225/1225 1258/1258/1258 1456/1456/1456
f 1224/1224/1224 1225/1225/1225 1456/1456/1456
f 1457/1457/1457 1452/1452/1452 1451/1451/1451
f 1456/1456/1456 1452/1452/1452 1457/1457/1457
f 1457/1457/1457 1451/1451/1451 1455/1455/1455
f 1224/1224/1224 1456/1456/1456 1458/1458/1458
f 1458/1458/1458 1456/1456/1456 1457/1457/1457
f 1223/1223/1223 1224/1224/1224 1458/1458/1458
f 1459/1459/1459 1453/1453/1453 1447/1447/1447
f 1459/1459/1459 1447/1447/1447 1454/1454/1454
f 1460/1460/1460 1457/1457/1457 1455/1455/1455
f 1458/1458/1458 1457/1457/1457 1460/1460/1460
f 1223/1223/1223 1458/1458/1458 1461/1461/1461
f 1461/1461/1461 1458/1458/1458 1460/1460/1460
f 1229/1229/1229 1223/1223/1223 1461/1461/1461
f 1462/1462/1462 1455/1455/1455 1453/1453/1453
f 1460/1460/1460 1455/1455/1455 1462/1462/1462
f 1462/1462/1462 1453/1453/1453 1459/1459/1459
f 1229/1229/1229 1461/1461/1461 1463/1463/1463
f 1231/1231/1231 1229/1229/1229 1463/1463/1463
f 1461/1461/1461 1460/1460/1460 1464/1464/1464
f 1464/1464/1464 1460/1460/1460 1462/1462/1462
f 1463/1463/1463 1461/1461/1461 1464/1464/1464
f 1465/1465/1465 1462/1462/1462 1459/1459/1459
f 1464/1464/1464 1462/1462/1462 1465/1465/1465
f 1466/1466/1466 1459/1459/1459 1454/1454/1454
f 1465/1465/1465 1459/1459/1459 1466/1466/1466
f 1231/1231/1231 1463/1463/1463 1467/1467/1467
f 1233/1233/1233 1231/1231/1231 1467/1467/1467
f 1463/1463/1463 1464/1464/1464 1468/1468/1468
f 1468/1468/1468 1464/1464/1464 1465/1465/1465
f 1467/1467/1467 1463/1463/1463 1468/1468/1468
f 1233/1233/1233 1467/1467/1467 1469/1469/1469
f 1235/1235/1235 1233/1233/1233 1469/1469/1469
f 1468/1468/1468 1465/1465/1465 1470/1470/1470
f 1470/1470/1470 1465/1465/1465 1466/1466/1466
f 1467/1467/1467 1468/1468/1468 1471/1471/1471
f 1469/1469/1469 1467/1467/1467 1471/1471/1471
f 1471/1471/1471 1468/1468/1468 1470/1470/1470
f 1466/1466/1466 1454/1454/1454 1472/1472/1472
f 1472/1472/1472 1454/1454/1454 1444/1444/1444
f 1470/1470/1470 1466/1466/1466 1473/1473/1473
f 1473/1473/1473 1466/1466/1466 1472/1472/1472
f 1471/1471/1471 1470/1470/1470 1474/1474/1474
f 1474/1474/1474 1470/1470/1470 1473/1473/1473
f 1469/1469/1469 1471/1471/1471 1475/1475/1475
f 1475/1475/1475 1471/1471/1471 1474/1474/1474
f 1235/1235/1235 1469/1469/1469 1476/1476/1476
f 1476/1476/1476 1469/1469/1469 1475/1475/1475
f 1472/1472/1472 1444/1444/1444 1477/1477/1477
f 1477/1477/1477 1444/1444/1444 1439/1439/1439
f 1477/1477/1477 1439/1439/1439 1440/1440/1440
f 1473/1473/1473 1472/1472/1472 1478/1478/1478
f 1478/1478/1478 1472/1472/1472 1477/1477/1477
f 1474/1474/1474 1473/1473/1473 1479/1479/1479
f 1479/1479/1479 1473/1473/1473 1478/1478/1478
f 1475/1475/1475 1474/1474/1474 1480/1480/1480
f 1480/1480/1480 1474/1474/1474 1479/1479/1479
f 1481/1481/1481 1477/1477/1477 1440/1440/1440
f 1478/1478/1478 1477/1477/1477 1481/1481/1481
f 1479/1479/1479 1478/1478/1478 1482/1482/1482
f 1482/1482/1482 1478/1478/1478 1481/1481/1481
f 1481/1481/1481 1440/1440/1440 1483/1483/1483
f 1483/1483/1483 1440/1440/1440 1428/1428/1428
f 1483/1483/1483 1428/1428/1428 1421/1421/1421
f 1484/1484/1484 1481/1481/1481 1483/1483/1483
f 1482/1482/1482 1481/1481/1481 1484/1484/1484
f 1485/1485/1485 1483/1483/1483 1421/1421/1421
f 1484/1484/1484 1483/1483/1483 1485/1485/1485
f 1485/1485/1485 1421/1421/1421 1413/1413/1413
f 1420/1420/1420 1485/1485/1485 1413/1413/1413
f 1486/1486/1486 1479/1479/1479 1482/1482/1482
f 1480/1480/1480 1479/1479/1479 1486/1486/1486
f 1487/1487/1487 1482/1482/1482 1484/1484/1484
f 1486/1486/1486 1482/1482/1482 1487/1487/1487
f 1488/1488/1488 1484/1484/1484 1485/1485/1485
f 1488/1488/1488 1485/1485/1485 1420/1420/1420
f 1487/1487/1487 1484/1484/1484 1488/1488/1488
f 1489/1489/1489 1488/1488/1488 1420/1420/1420
f 1489/1489/1489 1420/1420/1420 1409/1409/1409
f 1490/1490/1490 1487/1487/1487 1488/1488/1488
f 1490/1490/1490 1488/1488/1488 1489/1489/1489
f 1491/1491/1491 1486/1486/1486 1487/1487/1487
f 1491/1491/1491 1487/1487/1487 1490/1490/1490
f 1492/1492/1492 1480/1480/1480 1486/1486/1486
f 1492/1492/1492 1486/1486/1486 1491/1491/1491
f 1493/1493/1493 1489/1489/1489 1409/1409/1409
f 1493/1493/1493 1409/1409/1409 1401/1401/1401
f 1400/1400/1400 1493/1493/1493 1401/1401/1401
f 1494/1494/1494 1490/1490/1490 1489/1489/1489
f 1494/1494/1494 1489/1489/1489 1493/1493/1493
f 1495/1495/1495 1493/1493/1493 1400/1400/1400
f 1495/1495/1495 1494/1494/1494 1493/1493/1493
f 1399/1399/1399 1495/1495/1495 1400/1400/1400
f 1496/1496/1496 1491/1491/1491 1490/1490/1490
f 1496/1496/1496 1490/1490/1490 1494/1494/1494
f 1497/1497/1497 1495/1495/1495 1399/1399/1399
f 1193/1193/1193 1497/1497/1497 1399/1399/1399
f 1193/1193/1193 1195/1195/1195 1497/1497/1497
f 1498/1498/1498 1494/1494/1494 1495/1495/1495
f 1497/1497/1497 1498/1498/1498 1495/1495/1495
f 1498/1498/1498 1496/1496/1496 1494/1494/1494
f 1195/1195/1195 1499/1499/1499 1497/1497/1497
f 1499/1499/1499 1498/1498/1498 1497/1497/1497
f 1195/1195/1195 1197/1197/1197 1499/1499/1499
f 1500/1500/1500 1491/1491/1491 1496/1496/1496
f 1500/1500/1500 1492/1492/1492 1491/1491/1491
f 1501/1501/1501 1496/1496/1496 1498/1498/1498
f 1499/1499/1499 1501/1501/1501 1498/1498/1498
f 1501/1501/1501 1500/1500/1500 1496/1496/1496
f 1197/1197/1197 1502/1502/1502 1499/1499/1499
f 1502/1502/1502 1501/1501/1501 1499/1499/1499
f 1197/1197/1197 1199/1199/1199 1502/1502/1502
f 1503/1503/1503 1500/1500/1500 1501/1501/1501
f 1502/1502/1502 1503/1503/1503 1501/1501/1501
f 1199/1199/1199 1504/1504/1504 1502/1502/1502
f 1504/1504/1504 1503/1503/1503 1502/1502/1502
f 1199/1199/1199 1201/1201/1201 1504/1504/1504
f 1505/1505/1505 1492/1492/1492 1500/1500/1500
f 1503/1503/1503 1505/1505/1505 1500/1500/1500
f 1201/1201/1201 1506/1506/1506 1504/1504/1504
f 1201/1201/1201 1203/1203/1203 1506/1506/1506
f 1504/1504/1504 1507/1507/1507 1503/1503/1503
f 1506/1506/1506 1507/1507/1507 1504/1504/1504
f 1507/1507/1507 1505/1505/1505 1503/1503/1503
f 1203/1203/1203 1508/1508/1508 1506/1506/1506
f 1506/1506/1506 1508/1508/1508 1507/1507/1507
f 1203/1203/1203 1205/1205/1205 1508/1508/1508
f 1505/1505/1505 1509/1509/1509 1492/1492/1492
f 1509/1509/1509 1480/1480/1480 1492/1492/1492
f 1509/1509/1509 1475/1475/1475 1480/1480/1480
f 1476/1476/1476 1475/1475/1475 1509/1509/1509
f 1507/1507/1507 1510/1510/1510 1505/1505/1505
f 1510/1510/1510 1509/1509/1509 1505/1505/1505
f 1508/1508/1508 1510/1510/1510 1507/1507/1507
f 1510/1510/1510 1476/1476/1476 1509/1509/1509
f 1205/1205/1205 1511/1511/1511 1508/1508/1508
f 1508/1508/1508 1511/1511/1511 1510/1510/1510
f 1511/1511/1511 1476/1476/1476 1510/1510/1510
f 1205/1205/1205 1207/1207/1207 1511/1511/1511
f 1511/1511/1511 1235/1235/1235 1476/1476/1476
f 1207/1207/1207 1235/1235/1235 1511/1511/1511
f 1512/1512/1512 1514/1514/1514 1513/1513/1513
f 1512/1512/1512 1515/1515/1515 1514/1514/1514
f 1516/1516/1516 1518/1518/1518 1517/1517/1517
f 1516/1516/1516 1519/1519/1519 1518/1518/1518
f 1520/1520/1520 1522/1522/1522 1521/1521/1521
f 1520/1520/1520 1523/1523/1523 1522/1522/1522
f 1524/1524/1524 1526/1526/1526 1525/1525/1525
f 1524/1524/1524 1527/1527/1527 1526/1526/1526
f 1528/1528/1528 1530/1530/1530 1529/1529/1529
f 1528/1528/1528 1531/1531/1531 1530/1530/1530
f 1532/1532/1532 1534/1534/1534 1533/1533/1533
f 1532/1532/1532 1535/1535/1535 1534/1534/1534
f 1536/1536/1536 1538/1538/1538 1537/1537/1537
f 1536/1536/1536 1539/1539/1539 1538/1538/1538
f 1540/1540/1540 1542/1542/1542 1541/1541/1541
f 1540/1540/1540 1543/1543/1543 1542/1542/1542
f 1544/1544/1544 1546/1546/1546 1545/1545/1545
f 1544/1544/1544 1547/1547/1547 1546/1546/1546
f 1548/1548/1548 1550/1550/1550 1549/1549/1549
f 1548/1548/1548 1551/1551/1551 1550/1550/1550
f 1552/1552/1552 1554/1554/1554 1553/1553/1553
f 1552/1552/1552 1555/1555/1555 1554/1554/1554
f 1555/1555/1555 1556/1556/1556 1554/1554/1554
f 1555/1555/1555 1557/1557/1557 1556/1556/1556
f 1558/1558/1558 1560/1560/1560 1559/1559/1559
f 1558/1558/1558 1561/1561/1561 1560/1560/1560
f 1561/1561/1561 1562/1562/1562 1560/1560/1560
f 1561/1561/1561 1563/1563/1563 1562/1562/1562
f 1563/1563/1563 1564/1564/1564 1562/1562/1562
f 1563/1563/1563 1565/1565/1565 1564/1564/1564
f 1566/1566/1566 1568/1568/1568 1567/1567/1567
f 1566/1566/1566 1569/1569/1569 1568/1568/1568
f 1570/1570/1570 1572/1572/1572 1571/1571/1571
f 1570/1570/1570 1573/1573/1573 1572/1572/1572
f 1574/1574/1574 1576/1576/1576 1575/1575/1575
f 1574/1574/1574 1577/1577/1577 1576/1576/1576
f 1578/1578/1578 1580/1580/1580 1579/1579/1579
f 1578/1578/1578 1581/1581/1581 1580/1580/1580
f 1582/1582/1582 1584/1584/1584 1583/1583/1583
f 1582/1582/1582 1585/1585/1585 1584/1584/1584
f 1586/1586/1586 1588/1588/1588 1587/1587/1587
f 1586/1586/1586 1589/1589/1589 1588/1588/1588
f 1589/1589/1589 1590/1590/1590 1588/1588/1588
f 1591/1591/1591 1593/1593/1593 1592/1592/1592
f 1591/1591/1591 1594/1594/1594 1593/1593/1593
f 1595/1595/1595 1597/1597/1597 1596/1596/1596
f 1595/1595/1595 1598/1598/1598 1597/1597/1597
f 1599/1599/1599 1601/1601/1601 1600/1600/1600
f 1599/1599/1599 1602/1602/1602 1601/1601/1601
f 1603/1603/1603 1605/1605/1605 1604/1604/1604
f 1603/1603/1603 1606/1606/1606 1605/1605/1605
f 1607/1607/1607 1609/1609/1609 1608/1608/1608
f 1607/1607/1607 1610/1610/1610 1609/1609/1609
f 1611/1611/1611 1613/1613/1613 1612/1612/1612
f 1611/1611/1611 1614/1614/1614 1613/1613/1613
f 1614/1614/1614 1615/1615/1615 1613/1613/1613
f 1614/1614/1614 1616/1616/1616 1615/1615/1615
f 1617/1617/1617 1619/1619/1619 1618/1618/1618
f 1617/1617/1617 1620/1620/1620 1619/1619/1619
f 1621/1621/1621 1623/1623/1623 1622/1622/1622
f 1623/1623/1623 1624/1624/1624 1622/1622/1622
f 1623/1623/1623 1625/1625/1625 1624/1624/1624
f 1626/1626/1626 1628/1628/1628 1627/1627/1627
f 1626/1626/1626 1627/1627/1627 1629/1629/1629
f 1630/1630/1630 1626/1626/1626 1629/1629/1629
f 1630/1630/1630 1629/1629/1629 1631/1631/1631
f 1632/1632/1632 1634/1634/1634 1633/1633/1633
f 1632/1632/1632 1635/1635/1635 1634/1634/1634
f 1636/1636/1636 1638/1638/1638 1637/1637/1637
f 1636/1636/1636 1639/1639/1639 1638/1638/1638
f 1640/1640/1640 1642/1642/1642 1641/1641/1641
f 1640/1640/1640 1643/1643/1643 1642/1642/1642
f 1644/1644/1644 1646/1646/1646 1645/1645/1645
f 1644/1644/1644 1647/1647/1647 1646/1646/1646
f 1648/1648/1648 1650/1650/1650 1649/1649/1649
f 1648/1648/1648 1651/1651/1651 1650/1650/1650
f 1652/1652/1652 1654/1654/1654 1653/1653/1653
f 1652/1652/1652 1655/1655/1655 1654/1654/1654
f 1656/1656/1656 1658/1658/1658 1657/1657/1657
f 1656/1656/1656 1659/1659/1659 1658/1658/1658
f 1660/1660/1660 1662/1662/1662 1661/1661/1661
f 1660/1660/1660 1663/1663/1663 1662/1662/1662
f 1664/1664/1664 1666/1666/1666 1665/1665/1665
f 1664/1664/1664 1667/1667/1667 1666/1666/1666
f 1668/1668/1668 1670/1670/1670 1669/1669/1669
f 1668/1668/1668 1671/1671/1671 1670/1670/1670
f 1672/1672/1672 1674/1674/1674 1673/1673/1673
f 1672/1672/1672 1675/1675/1675 1674/1674/1674
f 1676/1676/1676 1678/1678/1678 1677/1677/1677
f 1676/1676/1676 1677/1677/1677 1679/1679/1679
f 1680/1680/1680 1676/1676/1676 1679/1679/1679
f 1679/1679/1679 1677/1677/1677 1681/1681/1681
f 1680/1680/1680 1679/1679/1679 1682/1682/1682
f 1683/1683/1683 1680/1680/1680 1682/1682/1682
f 1679/1679/1679 1681/1681/1681 1684/1684/1684
f 1682/1682/1682 1679/1679/1679 1684/1684/1684
f 1684/1684/1684 1681/1681/1681 1685/1685/1685
f 1683/1683/1683 1682/1682/1682 1686/1686/1686
f 1687/1687/1687 1683/1683/1683 1686/1686/1686
f 1682/1682/1682 1684/1684/1684 1688/1688/1688
f 1686/1686/1686 1682/1682/1682 1688/1688/1688
f 1684/1684/1684 1685/1685/1685 1689/1689/1689
f 1688/1688/1688 1684/1684/1684 1689/1689/1689
f 1689/1689/1689 1685/1685/1685 1690/1690/1690
f 1687/1687/1687 1686/1686/1686 1691/1691/1691
f 1692/1692/1692 1687/1687/1687 1691/1691/1691
f 1686/1686/1686 1688/1688/1688 1693/1693/1693
f 1691/1691/1691 1686/1686/1686 1693/1693/1693
f 1689/1689/1689 1690/1690/1690 1694/1694/1694
f 1694/1694/1694 1690/1690/1690 1695/1695/1695
f 1688/1688/1688 1689/1689/1689 1696/1696/1696
f 1693/1693/1693 1688/1688/1688 1696/1696/1696
f 1696/1696/1696 1689/1689/1689 1694/1694/1694
f 1692/1692/1692 1691/1691/1691 1697/1697/1697
f 1698/1698/1698 1692/1692/1692 1697/1697/1697
f 1694/1694/1694 1695/1695/1695 1699/1699/1699
f 1699/1699/1699 1695/1695/1695 1700/1700/1700
f 1699/1699/1699 1700/1700/1700 1701/1701/1701
f 1691/1691/1691 1693/1693/1693 1702/1702/1702
f 1697/1697/1697 1691/1691/1691 1702/1702/1702
f 1696/1696/1696 1694/1694/1694 1703/1703/1703
f 1703/1703/1703 1694/1694/1694 1699/1699/1699
f 1704/1704/1704 1699/1699/1699 1701/1701/1701
f 1703/1703/1703 1699/1699/1699 1704/1704/1704
f 1704/1704/1704 1701/1701/1701 1705/1705/1705
f 1693/1693/1693 1696/1696/1696 1706/1706/1706
f 1706/1706/1706 1696/1696/1696 1703/1703/1703
f 1702/1702/1702 1693/1693/1693 1706/1706/1706
f 1698/1698/1698 1697/1697/1697 1707/1707/1707
f 1708/1708/1708 1698/1698/1698 1707/1707/1707
f 1709/1709/1709 1703/1703/1703 1704/1704/1704
f 1706/1706/1706 1703/1703/1703 1709/1709/1709
f 1710/1710/1710 1704/1704/1704 1705/1705/1705
f 1709/1709/1709 1704/1704/1704 1710/1710/1710
f 1710/1710/1710 1705/1705/1705 1711/1711/1711
f 1697/1697/1697 1702/1702/1702 1712/1712/1712
f 1707/1707/1707 1697/1697/1697 1712/1712/1712
f 1702/1702/1702 1706/1706/1706 1713/1713/1713
f 1713/1713/1713 1706/1706/1706 1709/1709/1709
f 1712/1712/1712 1702/1702/1702 1713/1713/1713
f 1708/1708/1708 1707/1707/1707 1714/1714/1714
f 1715/1715/1715 1708/1708/1708 1714/1714/1714
f 1716/1716/1716 1709/1709/1709 1710/1710/1710
f 1713/1713/1713 1709/1709/1709 1716/1716/1716
f 1717/1717/1717 1710/1710/1710 1711/1711/1711
f 1716/1716/1716 1710/1710/1710 1717/1717/1717
f 1717/1717/1717 1711/1711/1711 1718/1718/1718
f 1707/1707/1707 1712/1712/1712 1719/1719/1719
f 1714/1714/1714 1707/1707/1707 1719/1719/1719
f 1712/1712/1712 1713/1713/1713 1720/1720/1720
f 1720/1720/1720 1713/1713/1713 1716/1716/1716
f 1719/1719/1719 1712/1712/1712 1720/1720/1720
f 1715/1715/1715 1714/1714/1714 1721/1721/1721
f 1722/1722/1722 1715/1715/1715 1721/1721/1721
f 1723/1723/1723 1716/1716/1716 1717/1717/1717
f 1720/1720/1720 1716/1716/1716 1723/1723/1723
f 1724/1724/1724 1717/1717/1717 1718/1718/1718
f 1723/1723/1723 1717/1717/1717 1724/1724/1724
f 1724/1724/1724 1718/1718/1718 1725/1725/1725
f 1714/1714/1714 1719/1719/1719 1726/1726/1726
f 1721/1721/1721 1714/1714/1714 1726/1726/1726
f 1719/1719/1719 1720/1720/1720 1727/1727/1727
f 1727/1727/1727 1720/1720/1720 1723/1723/1723
f 1726/1726/1726 1719/1719/1719 1727/1727/1727
f 1722/1722/1722 1721/1721/1721 1728/1728/1728
f 1729/1729/1729 1722/1722/1722 1728/1728/1728
f 1730/1730/1730 1723/1723/1723 1724/1724/1724
f 1727/1727/1727 1723/1723/1723 1730/1730/1730
f 1731/1731/1731 1724/1724/1724 1725/1725/1725
f 1730/1730/1730 1724/1724/1724 1731/1731/1731
f 1731/1731/1731 1725/1725/1725 1732/1732/1732
f 1721/1721/1721 1726/1726/1726 1733/1733/1733
f 1728/1728/1728 1721/1721/1721 1733/1733/1733
f 1726/1726/1726 1727/1727/1727 1734/1734/1734
f 1734/1734/1734 1727/1727/1727 1730/1730/1730
f 1733/1733/1733 1726/1726/1726 1734/1734/1734
f 1729/1729/1729 1728/1728/1728 1735/1735/1735
f 1736/1736/1736 1729/1729/1729 1735/1735/1735
f 1737/1737/1737 1730/1730/1730 1731/1731/1731
f 1734/1734/1734 1730/1730/1730 1737/1737/1737
f 1728/1728/1728 1733/1733/1733 1738/1738/1738
f 1735/1735/1735 1728/1728/1728 1738/1738/1738
f 1733/1733/1733 1734/1734/1734 1739/1739/1739
f 1739/1739/1739 1734/1734/1734 1737/1737/1737
f 1738/1738/1738 1733/1733/1733 1739/1739/1739
f 1736/1736/1736 1735/1735/1735 1740/1740/1740
f 1741/1741/1741 1736/1736/1736 1740/1740/1740
f 1737/1737/1737 1731/1731/1731 1742/1742/1742
f 1742/1742/1742 1731/1731/1731 1732/1732/1732
f 1735/1735/1735 1738/1738/1738 1743/1743/1743
f 1740/1740/1740 1735/1735/1735 1743/1743/1743
f 1739/1739/1739 1737/1737/1737 1744/1744/1744
f 1744/1744/1744 1737/1737/1737 1742/1742/1742
f 1738/1738/1738 1739/1739/1739 1745/1745/1745
f 1743/1743/1743 1738/1738/1738 1745/1745/1745
f 1745/1745/1745 1739/1739/1739 1744/1744/1744
f 1741/1741/1741 1740/1740/1740 1746/1746/1746
f 1747/1747/1747 1741/1741/1741 1746/1746/1746
f 1740/1740/1740 1743/1743/1743 1748/1748/1748
f 1746/1746/1746 1740/1740/1740 1748/1748/1748
f 1743/1743/1743 1745/1745/1745 1749/1749/1749
f 1748/1748/1748 1743/1743/1743 1749/1749/1749
f 1745/1745/1745 1744/1744/1744 1750/1750/1750
f 1749/1749/1749 1745/1745/1745 1750/1750/1750
f 1744/1744/1744 1742/1742/1742 1751/1751/1751
f 1750/1750/1750 1744/1744/1744 1751/1751/1751
f 1747/1747/1747 1746/1746/1746 1752/1752/1752
f 1753/1753/1753 1747/1747/1747 1752/1752/1752
f 1746/1746/1746 1748/1748/1748 1754/1754/1754
f 1752/1752/1752 1746/1746/1746 1754/1754/1754
f 1748/1748/1748 1749/1749/1749 1755/1755/1755
f 1754/1754/1754 1748/1748/1748 1755/1755/1755
f 1749/1749/1749 1750/1750/1750 1756/1756/1756
f 1755/1755/1755 1749/1749/1749 1756/1756/1756
f 1753/1753/1753 1752/1752/1752 1757/1757/1757
f 1758/1758/1758 1753/1753/1753 1757/1757/1757
f 1752/1752/1752 1754/1754/1754 1759/1759/1759
f 1757/1757/1757 1752/1752/1752 1759/1759/1759
f 1754/1754/1754 1755/1755/1755 1760/1760/1760
f 1759/1759/1759 1754/1754/1754 1760/1760/1760
f 1758/1758/1758 1757/1757/1757 1761/1761/1761
f 1762/1762/1762 1758/1758/1758 1761/1761/1761
f 1757/1757/1757 1759/1759/1759 1763/1763/1763
f 1761/1761/1761 1757/1757/1757 1763/1763/1763
f 1762/1762/1762 1761/1761/1761 1764/1764/1764
f 1765/1765/1765 1762/1762/1762 1764/1764/1764
f 1765/1765/1765 1764/1764/1764 1766/1766/1766
f 1764/1764/1764 1761/1761/1761 1767/1767/1767
f 1761/1761/1761 1763/1763/1763 1767/1767/1767
f 1766/1766/1766 1764/1764/1764 1768/1768/1768
f 1764/1764/1764 1767/1767/1767 1768/1768/1768
f 1766/1766/1766 1768/1768/1768 1769/1769/1769
f 1763/1763/1763 1759/1759/1759 1770/1770/1770
f 1759/1759/1759 1760/1760/1760 1770/1770/1770
f 1760/1760/1760 1755/1755/1755 1771/1771/1771
f 1755/1755/1755 1756/1756/1756 1771/1771/1771
f 1767/1767/1767 1763/1763/1763 1772/1772/1772
f 1763/1763/1763 1770/1770/1770 1772/1772/1772
f 1769/1769/1769 1768/1768/1768 1773/1773/1773
f 1769/1769/1769 1773/1773/1773 1774/1774/1774
f 1768/1768/1768 1767/1767/1767 1775/1775/1775
f 1767/1767/1767 1772/1772/1772 1775/1775/1775
f 1768/1768/1768 1775/1775/1775 1773/1773/1773
f 1770/1770/1770 1760/1760/1760 1776/1776/1776
f 1760/1760/1760 1771/1771/1771 1776/1776/1776
f 1774/1774/1774 1773/1773/1773 1777/1777/1777
f 1774/1774/1774 1777/1777/1777 1778/1778/1778
f 1772/1772/1772 1770/1770/1770 1779/1779/1779
f 1770/1770/1770 1776/1776/1776 1779/1779/1779
f 1775/1775/1775 1772/1772/1772 1780/1780/1780
f 1772/1772/1772 1779/1779/1779 1780/1780/1780
f 1773/1773/1773 1775/1775/1775 1781/1781/1781
f 1773/1773/1773 1781/1781/1781 1777/1777/1777
f 1775/1775/1775 1780/1780/1780 1781/1781/1781
f 1778/1778/1778 1777/1777/1777 1782/1782/1782
f 1778/1778/1778 1782/1782/1782 1783/1783/1783
f 1777/1777/1777 1781/1781/1781 1784/1784/1784
f 1777/1777/1777 1784/1784/1784 1782/1782/1782
f 1783/1783/1783 1782/1782/1782 1785/1785/1785
f 1783/1783/1783 1785/1785/1785 1786/1786/1786
f 1782/1782/1782 1787/1787/1787 1785/1785/1785
f 1782/1782/1782 1784/1784/1784 1787/1787/1787
f 1784/1784/1784 1788/1788/1788 1787/1787/1787
f 1781/1781/1781 1789/1789/1789 1784/1784/1784
f 1784/1784/1784 1789/1789/1789 1788/1788/1788
f 1781/1781/1781 1780/1780/1780 1789/1789/1789
f 1789/1789/1789 1790/1790/1790 1788/1788/1788
f 1780/1780/1780 1791/1791/1791 1789/1789/1789
f 1789/1789/1789 1791/1791/1791 1790/1790/1790
f 1780/1780/1780 1779/1779/1779 1791/1791/1791
f 1791/1791/1791 1792/1792/1792 1790/1790/1790
f 1779/1779/1779 1793/1793/1793 1791/1791/1791
f 1791/1791/1791 1793/1793/1793 1792/1792/1792
f 1779/1779/1779 1776/1776/1776 1793/1793/1793
f 1793/1793/1793 1794/1794/1794 1792/1792/1792
f 1776/1776/1776 1795/1795/1795 1793/1793/1793
f 1793/1793/1793 1795/1795/1795 1794/1794/1794
f 1776/1776/1776 1771/1771/1771 1795/1795/1795
f 1795/1795/1795 1796/1796/1796 1794/1794/1794
f 1771/1771/1771 1797/1797/1797 1795/1795/1795
f 1795/1795/1795 1797/1797/1797 1796/1796/1796
f 1771/1771/1771 1756/1756/1756 1797/1797/1797
f 1797/1797/1797 1798/1798/1798 1796/1796/1796
f 1756/1756/1756 1799/1799/1799 1797/1797/1797
f 1797/1797/1797 1799/1799/1799 1798/1798/1798
f 1756/1756/1756 1750/1750/1750 1799/1799/1799
f 1799/1799/1799 1800/1800/1800 1798/1798/1798
f 1750/1750/1750 1751/1751/1751 1799/1799/1799
f 1799/1799/1799 1751/1751/1751 1800/1800/1800
f 1751/1751/1751 1801/1801/1801 1800/1800/1800
f 1751/1751/1751 1742/1742/1742 1801/1801/1801
f 1742/1742/1742 1732/1732/1732 1801/1801/1801
f 1800/1800/1800 1801/1801/1801 1802/1802/1802
f 1800/1800/1800 1802/1802/1802 1803/1803/1803
f 1801/1801/1801 1804/1804/1804 1802/1802/1802
f 1801/1801/1801 1732/1732/1732 1804/1804/1804
f 1732/1732/1732 1805/1805/1805 1804/1804/1804
f 1732/1732/1732 1806/1806/1806 1805/1805/1805
f 1807/1807/1807 1800/1800/1800 1803/1803/1803
f 1807/1807/1807 1803/1803/1803 1808/1808/1808
f 1809/1809/1809 1807/1807/1807 1808/1808/1808
f 1809/1809/1809 1808/1808/1808 1810/1810/1810
f 1811/1811/1811 1813/1813/1813 1812/1812/1812
f 1811/1811/1811 1812/1812/1812 1814/1814/1814
f 1815/1815/1815 1811/1811/1811 1814/1814/1814
f 1814/1814/1814 1812/1812/1812 1816/1816/1816
f 1815/1815/1815 1814/1814/1814 1817/1817/1817
f 1818/1818/1818 1815/1815/1815 1817/1817/1817
f 1814/1814/1814 1816/1816/1816 1819/1819/1819
f 1817/1817/1817 1814/1814/1814 1819/1819/1819
f 1819/1819/1819 1816/1816/1816 1820/1820/1820
f 1818/1818/1818 1817/1817/1817 1821/1821/1821
f 1822/1822/1822 1818/1818/1818 1821/1821/1821
f 1817/1817/1817 1819/1819/1819 1823/1823/1823
f 1821/1821/1821 1817/1817/1817 1823/1823/1823
f 1819/1819/1819 1820/1820/1820 1824/1824/1824
f 1823/1823/1823 1819/1819/1819 1824/1824/1824
f 1824/1824/1824 1820/1820/1820 1825/1825/1825
f 1822/1822/1822 1821/1821/1821 1826/1826/1826
f 1827/1827/1827 1822/1822/1822 1826/1826/1826
f 1821/1821/1821 1823/1823/1823 1828/1828/1828
f 1826/1826/1826 1821/1821/1821 1828/1828/1828
f 1824/1824/1824 1825/1825/1825 1829/1829/1829
f 1829/1829/1829 1825/1825/1825 1830/1830/1830
f 1823/1823/1823 1824/1824/1824 1831/1831/1831
f 1828/1828/1828 1823/1823/1823 1831/1831/1831
f 1831/1831/1831 1824/1824/1824 1829/1829/1829
f 1827/1827/1827 1826/1826/1826 1832/1832/1832
f 1833/1833/1833 1827/1827/1827 1832/1832/1832
f 1829/1829/1829 1830/1830/1830 1834/1834/1834
f 1834/1834/1834 1830/1830/1830 1835/1835/1835
f 1834/1834/1834 1835/1835/1835 1836/1836/1836
f 1826/1826/1826 1828/1828/1828 1837/1837/1837
f 1832/1832/1832 1826/1826/1826 1837/1837/1837
f 1831/1831/1831 1829/1829/1829 1838/1838/1838
f 1838/1838/1838 1829/1829/1829 1834/1834/1834
f 1839/1839/1839 1834/1834/1834 1836/1836/1836
f 1838/1838/1838 1834/1834/1834 1839/1839/1839
f 1839/1839/1839 1836/1836/1836 1840/1840/1840
f 1828/1828/1828 1831/1831/1831 1841/1841/1841
f 1841/1841/1841 1831/1831/1831 1838/1838/1838
f 1837/1837/1837 1828/1828/1828 1841/1841/1841
f 1833/1833/1833 1832/1832/1832 1842/1842/1842
f 1843/1843/1843 1833/1833/1833 1842/1842/1842
f 1844/1844/1844 1838/1838/1838 1839/1839/1839
f 1841/1841/1841 1838/1838/1838 1844/1844/1844
f 1845/1845/1845 1839/1839/1839 1840/1840/1840
f 1844/1844/1844 1839/1839/1839 1845/1845/1845
f 1845/1845/1845 1840/1840/1840 1846/1846/1846
f 1837/1837/1837 1841/1841/1841 1847/1847/1847
f 1847/1847/1847 1841/1841/1841 1844/1844/1844
f 1832/1832/1832 1837/1837/1837 1848/1848/1848
f 1842/1842/1842 1832/1832/1832 1848/1848/1848
f 1848/1848/1848 1837/1837/1837 1847/1847/1847
f 1843/1843/1843 1842/1842/1842 1849/1849/1849
f 1850/1850/1850 1843/1843/1843 1849/1849/1849
f 1851/1851/1851 1844/1844/1844 1845/1845/1845
f 1847/1847/1847 1844/1844/1844 1851/1851/1851
f 1852/1852/1852 1845/1845/1845 1846/1846/1846
f 1851/1851/1851 1845/1845/1845 1852/1852/1852
f 1852/1852/1852 1846/1846/1846 1853/1853/1853
f 1842/1842/1842 1848/1848/1848 1854/1854/1854
f 1849/1849/1849 1842/1842/1842 1854/1854/1854
f 1848/1848/1848 1847/1847/1847 1855/1855/1855
f 1855/1855/1855 1847/1847/1847 1851/1851/1851
f 1854/1854/1854 1848/1848/1848 1855/1855/1855
f 1850/1850/1850 1849/1849/1849 1856/1856/1856
f 1857/1857/1857 1850/1850/1850 1856/1856/1856
f 1858/1858/1858 1851/1851/1851 1852/1852/1852
f 1855/1855/1855 1851/1851/1851 1858/1858/1858
f 1859/1859/1859 1852/1852/1852 1853/1853/1853
f 1858/1858/1858 1852/1852/1852 1859/1859/1859
f 1859/1859/1859 1853/1853/1853 1860/1860/1860
f 1849/1849/1849 1854/1854/1854 1861/1861/1861
f 1856/1856/1856 1849/1849/1849 1861/1861/1861
f 1854/1854/1854 1855/1855/1855 1862/1862/1862
f 1862/1862/1862 1855/1855/1855 1858/1858/1858
f 1861/1861/1861 1854/1854/1854 1862/1862/1862
f 1857/1857/1857 1856/1856/1856 1863/1863/1863
f 1864/1864/1864 1857/1857/1857 1863/1863/1863
f 1865/1865/1865 1858/1858/1858 1859/1859/1859
f 1862/1862/1862 1858/1858/1858 1865/1865/1865
f 1856/1856/1856 1861/1861/1861 1866/1866/1866
f 1863/1863/1863 1856/1856/1856 1866/1866/1866
f 1861/1861/1861 1862/1862/1862 1867/1867/1867
f 1867/1867/1867 1862/1862/1862 1865/1865/1865
f 1866/1866/1866 1861/1861/1861 1867/1867/1867
f 1864/1864/1864 1863/1863/1863 1868/1868/1868
f 1869/1869/1869 1864/1864/1864 1868/1868/1868
f 1865/1865/1865 1859/1859/1859 1870/1870/1870
f 1870/1870/1870 1859/1859/1859 1860/1860/1860
f 1863/1863/1863 1866/1866/1866 1871/1871/1871
f 1868/1868/1868 1863/1863/1863 1871/1871/1871
f 1867/1867/1867 1865/1865/1865 1872/1872/1872
f 1872/1872/1872 1865/1865/1865 1870/1870/1870
f 1866/1866/1866 1867/1867/1867 1873/1873/1873
f 1871/1871/1871 1866/1866/1866 1873/1873/1873
f 1873/1873/1873 1867/1867/1867 1872/1872/1872
f 1869/1869/1869 1868/1868/1868 1874/1874/1874
f 1875/1875/1875 1869/1869/1869 1874/1874/1874
f 1868/1868/1868 1871/1871/1871 1876/1876/1876
f 1874/1874/1874 1868/1868/1868 1876/1876/1876
f 1871/1871/1871 1873/1873/1873 1877/1877/1877
f 1876/1876/1876 1871/1871/1871 1877/1877/1877
f 1873/1873/1873 1872/1872/1872 1878/1878/1878
f 1877/1877/1877 1873/1873/1873 1878/1878/1878
f 1872/1872/1872 1870/1870/1870 1879/1879/1879
f 1878/1878/1878 1872/1872/1872 1879/1879/1879
f 1875/1875/1875 1874/1874/1874 1880/1880/1880
f 1881/1881/1881 1875/1875/1875 1880/1880/1880
f 1874/1874/1874 1876/1876/1876 1882/1882/1882
f 1880/1880/1880 1874/1874/1874 1882/1882/1882
f 1876/1876/1876 1877/1877/1877 1883/1883/1883
f 1882/1882/1882 1876/1876/1876 1883/1883/1883
f 1877/1877/1877 1878/1878/1878 1884/1884/1884
f 1883/1883/1883 1877/1877/1877 1884/1884/1884
f 1881/1881/1881 1880/1880/1880 1885/1885/1885
f 1886/1886/1886 1881/1881/1881 1885/1885/1885
f 1880/1880/1880 1882/1882/1882 1887/1887/1887
f 1885/1885/1885 1880/1880/1880 1887/1887/1887
f 1882/1882/1882 1883/1883/1883 1888/1888/1888
f 1887/1887/1887 1882/1882/1882 1888/1888/1888
f 1886/1886/1886 1885/1885/1885 1889/1889/1889
f 1890/1890/1890 1886/1886/1886 1889/1889/1889
f 1890/1890/1890 1889/1889/1889 1891/1891/1891
f 1885/1885/1885 1887/1887/1887 1892/1892/1892
f 1889/1889/1889 1885/1885/1885 1892/1892/1892
f 1891/1891/1891 1889/1889/1889 1893/1893/1893
f 1889/1889/1889 1892/1892/1892 1893/1893/1893
f 1891/1891/1891 1893/1893/1893 1894/1894/1894
f 1892/1892/1892 1887/1887/1887 1895/1895/1895
f 1887/1887/1887 1888/1888/1888 1895/1895/1895
f 1888/1888/1888 1883/1883/1883 1896/1896/1896
f 1883/1883/1883 1884/1884/1884 1896/1896/1896
f 1894/1894/1894 1893/1893/1893 1897/1897/1897
f 1894/1894/1894 1897/1897/1897 1898/1898/1898
f 1893/1893/1893 1892/1892/1892 1899/1899/1899
f 1892/1892/1892 1895/1895/1895 1899/1899/1899
f 1893/1893/1893 1899/1899/1899 1897/1897/1897
f 1895/1895/1895 1888/1888/1888 1900/1900/1900
f 1888/1888/1888 1896/1896/1896 1900/1900/1900
f 1898/1898/1898 1897/1897/1897 1901/1901/1901
f 1898/1898/1898 1901/1901/1901 1902/1902/1902
f 1897/1897/1897 1899/1899/1899 1903/1903/1903
f 1897/1897/1897 1903/1903/1903 1901/1901/1901
f 1899/1899/1899 1895/1895/1895 1904/1904/1904
f 1895/1895/1895 1900/1900/1900 1904/1904/1904
f 1899/1899/1899 1904/1904/1904 1903/1903/1903
f 1902/1902/1902 1901/1901/1901 1905/1905/1905
f 1902/1902/1902 1905/1905/1905 1906/1906/1906
f 1901/1901/1901 1903/1903/1903 1907/1907/1907
f 1901/1901/1901 1907/1907/1907 1905/1905/1905
f 1906/1906/1906 1905/1905/1905 1908/1908/1908
f 1906/1906/1906 1908/1908/1908 1909/1909/1909
f 1905/1905/1905 1910/1910/1910 1908/1908/1908
f 1905/1905/1905 1907/1907/1907 1910/1910/1910
f 1907/1907/1907 1911/1911/1911 1910/1910/1910
f 1903/1903/1903 1912/1912/1912 1907/1907/1907
f 1907/1907/1907 1912/1912/1912 1911/1911/1911
f 1903/1903/1903 1904/1904/1904 1912/1912/1912
f 1912/1912/1912 1913/1913/1913 1911/1911/1911
f 1904/1904/1904 1914/1914/1914 1912/1912/1912
f 1912/1912/1912 1914/1914/1914 1913/1913/1913
f 1904/1904/1904 1900/1900/1900 1914/1914/1914
f 1914/1914/1914 1915/1915/1915 1913/1913/1913
f 1900/1900/1900 1916/1916/1916 1914/1914/1914
f 1914/1914/1914 1916/1916/1916 1915/1915/1915
f 1900/1900/1900 1896/1896/1896 1916/1916/1916
f 1916/1916/1916 1917/1917/1917 1915/1915/1915
f 1896/1896/1896 1918/1918/1918 1916/1916/1916
f 1916/1916/1916 1918/1918/1918 1917/1917/1917
f 1896/1896/1896 1884/1884/1884 1918/1918/1918
f 1918/1918/1918 1919/1919/1919 1917/1917/1917
f 1884/1884/1884 1920/1920/1920 1918/1918/1918
f 1918/1918/1918 1920/1920/1920 1919/1919/1919
f 1884/1884/1884 1878/1878/1878 1920/1920/1920
f 1920/1920/1920 1921/1921/1921 1919/1919/1919
f 1878/1878/1878 1879/1879/1879 1920/1920/1920
f 1920/1920/1920 1879/1879/1879 1921/1921/1921
f 1879/1879/1879 1922/1922/1922 1921/1921/1921
f 1879/1879/1879 1870/1870/1870 1922/1922/1922
f 1870/1870/1870 1860/1860/1860 1922/1922/1922
f 1921/1921/1921 1922/1922/1922 1923/1923/1923
f 1921/1921/1921 1923/1923/1923 1924/1924/1924
f 1925/1925/1925 1921/1921/1921 1924/1924/1924
f 1925/1925/1925 1924/1924/1924 1926/1926/1926
f 1922/1922/1922 1927/1927/1927 1923/1923/1923
f 1922/1922/1922 1860/1860/1860 1927/1927/1927
f 1860/1860/1860 1928/1928/1928 1927/1927/1927
f 1860/1860/1860 1929/1929/1929 1928/1928/1928
f 1930/1930/1930 1932/1932/1932 1931/1931/1931
f 1930/1930/1930 1931/1931/1931 1933/1933/1933
f 1934/1934/1934 1930/1930/1930 1933/1933/1933
f 1933/1933/1933 1931/1931/1931 1935/1935/1935
f 1934/1934/1934 1933/1933/1933 1936/1936/1936
f 1937/1937/1937 1934/1934/1934 1936/1936/1936
f 1933/1933/1933 1935/1935/1935 1938/1938/1938
f 1936/1936/1936 1933/1933/1933 1938/1938/1938
f 1938/1938/1938 1935/1935/1935 1939/1939/1939
f 1937/1937/1937 1936/1936/1936 1940/1940/1940
f 1941/1941/1941 1937/1937/1937 1940/1940/1940
f 1936/1936/1936 1938/1938/1938 1942/1942/1942
f 1940/1940/1940 1936/1936/1936 1942/1942/1942
f 1938/1938/1938 1939/1939/1939 1943/1943/1943
f 1942/1942/1942 1938/1938/1938 1943/1943/1943
f 1943/1943/1943 1939/1939/1939 1944/1944/1944
f 1941/1941/1941 1940/1940/1940 1945/1945/1945
f 1946/1946/1946 1941/1941/1941 1945/1945/1945
f 1940/1940/1940 1942/1942/1942 1947/1947/1947
f 1945/1945/1945 1940/1940/1940 1947/1947/1947
f 1943/1943/1943 1944/1944/1944 1948/1948/1948
f 1948/1948/1948 1944/1944/1944 1949/1949/1949
f 1942/1942/1942 1943/1943/1943 1950/1950/1950
f 1947/1947/1947 1942/1942/1942 1950/1950/1950
f 1950/1950/1950 1943/1943/1943 1948/1948/1948
f 1946/1946/1946 1945/1945/1945 1951/1951/1951
f 1952/1952/1952 1946/1946/1946 1951/1951/1951
f 1948/1948/1948 1949/1949/1949 1953/1953/1953
f 1953/1953/1953 1949/1949/1949 1954/1954/1954
f 1953/1953/1953 1954/1954/1954 1955/1955/1955
f 1945/1945/1945 1947/1947/1947 1956/1956/1956
f 1951/1951/1951 1945/1945/1945 1956/1956/1956
f 1950/1950/1950 1948/1948/1948 1957/1957/1957
f 1957/1957/1957 1948/1948/1948 1953/1953/1953
f 1958/1958/1958 1953/1953/1953 1955/1955/1955
f 1957/1957/1957 1953/1953/1953 1958/1958/1958
f 1958/1958/1958 1955/1955/1955 1959/1959/1959
f 1947/1947/1947 1950/1950/1950 1960/1960/1960
f 1960/1960/1960 1950/1950/1950 1957/1957/1957
f 1956/1956/1956 1947/1947/1947 1960/1960/1960
f 1952/1952/1952 1951/1951/1951 1961/1961/1961
f 1962/1962/1962 1952/1952/1952 1961/1961/1961
f 1963/1963/1963 1957/1957/1957 1958/1958/1958
f 1960/1960/1960 1957/1957/1957 1963/1963/1963
f 1964/1964/1964 1958/1958/1958 1959/1959/1959
f 1963/1963/1963 1958/1958/1958 1964/1964/1964
f 1964/1964/1964 1959/1959/1959 1965/1965/1965
f 1951/1951/1951 1956/1956/1956 1966/1966/1966
f 1961/1961/1961 1951/1951/1951 1966/1966/1966
f 1956/1956/1956 1960/1960/1960 1967/1967/1967
f 1967/1967/1967 1960/1960/1960 1963/1963/1963
f 1966/1966/1966 1956/1956/1956 1967/1967/1967
f 1962/1962/1962 1961/1961/1961 1968/1968/1968
f 1969/1969/1969 1962/1962/1962 1968/1968/1968
f 1970/1970/1970 1963/1963/1963 1964/1964/1964
f 1967/1967/1967 1963/1963/1963 1970/1970/1970
f 1971/1971/1971 1964/1964/1964 1965/1965/1965
f 1970/1970/1970 1964/1964/1964 1971/1971/1971
f 1971/1971/1971 1965/1965/1965 1972/1972/1972
f 1961/1961/1961 1966/1966/1966 1973/1973/1973
f 1968/1968/1968 1961/1961/1961 1973/1973/1973
f 1966/1966/1966 1967/1967/1967 1974/1974/1974
f 1974/1974/1974 1967/1967/1967 1970/1970/1970
f 1973/1973/1973 1966/1966/1966 1974/1974/1974
f 1969/1969/1969 1968/1968/1968 1975/1975/1975
f 1976/1976/1976 1969/1969/1969 1975/1975/1975
f 1977/1977/1977 1970/1970/1970 1971/1971/1971
f 1974/1974/1974 1970/1970/1970 1977/1977/1977
f 1978/1978/1978 1971/1971/1971 1972/1972/1972
f 1977/1977/1977 1971/1971/1971 1978/1978/1978
f 1978/1978/1978 1972/1972/1972 1979/1979/1979
f 1968/1968/1968 1973/1973/1973 1980/1980/1980
f 1975/1975/1975 1968/1968/1968 1980/1980/1980
f 1973/1973/1973 1974/1974/1974 1981/1981/1981
f 1981/1981/1981 1974/1974/1974 1977/1977/1977
f 1980/1980/1980 1973/1973/1973 1981/1981/1981
f 1976/1976/1976 1975/1975/1975 1982/1982/1982
f 1983/1983/1983 1976/1976/1976 1982/1982/1982
f 1984/1984/1984 1977/1977/1977 1978/1978/1978
f 1981/1981/1981 1977/1977/1977 1984/1984/1984
f 1985/1985/1985 1978/1978/1978 1979/1979/1979
f 1984/1984/1984 1978/1978/1978 1985/1985/1985
f 1985/1985/1985 1979/1979/1979 1986/1986/1986
f 1975/1975/1975 1980/1980/1980 1987/1987/1987
f 1982/1982/1982 1975/1975/1975 1987/1987/1987
f 1980/1980/1980 1981/1981/1981 1988/1988/1988
f 1988/1988/1988 1981/1981/1981 1984/1984/1984
f 1987/1987/1987 1980/1980/1980 1988/1988/1988
f 1983/1983/1983 1982/1982/1982 1989/1989/1989
f 1990/1990/1990 1983/1983/1983 1989/1989/1989
f 1991/1991/1991 1984/1984/1984 1985/1985/1985
f 1988/1988/1988 1984/1984/1984 1991/1991/1991
f 1982/1982/1982 1987/1987/1987 1992/1992/1992
f 1989/1989/1989 1982/1982/1982 1992/1992/1992
f 1987/1987/1987 1988/1988/1988 1993/1993/1993
f 1993/1993/1993 1988/1988/1988 1991/1991/1991
f 1992/1992/1992 1987/1987/1987 1993/1993/1993
f 1990/1990/1990 1989/1989/1989 1994/1994/1994
f 1995/1995/1995 1990/1990/1990 1994/1994/1994
f 1991/1991/1991 1985/1985/1985 1996/1996/1996
f 1996/1996/1996 1985/1985/1985 1986/1986/1986
f 1989/1989/1989 1992/1992/1992 1997/1997/1997
f 1994/1994/1994 1989/1989/1989 1997/1997/1997
f 1993/1993/1993 1991/1991/1991 1998/1998/1998
f 1998/1998/1998 1991/1991/1991 1996/1996/1996
f 1992/1992/1992 1993/1993/1993 1999/1999/1999
f 1997/1997/1997 1992/1992/1992 1999/1999/1999
f 1999/1999/1999 1993/1993/1993 1998/1998/1998
f 1995/1995/1995 1994/1994/1994 2000/2000/2000
f 2001/2001/2001 1995/1995/1995 2000/2000/2000
f 1994/1994/1994 1997/1997/1997 2002/2002/2002
f 2000/2000/2000 1994/1994/1994 2002/2002/2002
f 1997/1997/1997 1999/1999/1999 2003/2003/2003
f 2002/2002/2002 1997/1997/1997 2003/2003/2003
f 1999/1999/1999 1998/1998/1998 2004/2004/2004
f 2003/2003/2003 1999/1999/1999 2004/2004/2004
f 1998/1998/1998 1996/1996/1996 2005/2005/2005
f 2004/2004/2004 1998/1998/1998 2005/2005/2005
f 2001/2001/2001 2000/2000/2000 2006/2006/2006
f 2007/2007/2007 2001/2001/2001 2006/2006/2006
f 2000/2000/2000 2002/2002/2002 2008/2008/2008
f 2006/2006/2006 2000/2000/2000 2008/2008/2008
f 2002/2002/2002 2003/2003/2003 2009/2009/2009
f 2008/2008/2008 2002/2002/2002 2009/2009/2009
f 2003/2003/2003 2004/2004/2004 2010/2010/2010
f 2009/2009/2009 2003/2003/2003 2010/2010/2010
f 2007/2007/2007 2006/2006/2006 2011/2011/2011
f 2012/2012/2012 2007/2007/2007 2011/2011/2011
f 2006/2006/2006 2008/2008/2008 2013/2013/2013
f 2011/2011/2011 2006/2006/2006 2013/2013/2013
f 2008/2008/2008 2009/2009/2009 2014/2014/2014
f 2013/2013/2013 2008/2008/2008 2014/2014/2014
f 2012/2012/2012 2011/2011/2011 2015/2015/2015
f 2016/2016/2016 2012/2012/2012 2015/2015/2015
f 2011/2011/2011 2013/2013/2013 2017/2017/2017
f 2015/2015/2015 2011/2011/2011 2017/2017/2017
f 2016/2016/2016 2015/2015/2015 2018/2018/2018
f 2019/2019/2019 2016/2016/2016 2018/2018/2018
f 2019/2019/2019 2018/2018/2018 2020/2020/2020
f 2018/2018/2018 2015/2015/2015 2021/2021/2021
f 2015/2015/2015 2017/2017/2017 2021/2021/2021
f 2020/2020/2020 2018/2018/2018 2022/2022/2022
f 2018/2018/2018 2021/2021/2021 2022/2022/2022
f 2020/2020/2020 2022/2022/2022 2023/2023/2023
f 2017/2017/2017 2013/2013/2013 2024/2024/2024
f 2013/2013/2013 2014/2014/2014 2024/2024/2024
f 2014/2014/2014 2009/2009/2009 2025/2025/2025
f 2009/2009/2009 2010/2010/2010 2025/2025/2025
f 2021/2021/2021 2017/2017/2017 2026/2026/2026
f 2017/2017/2017 2024/2024/2024 2026/2026/2026
f 2023/2023/2023 2022/2022/2022 2027/2027/2027
f 2023/2023/2023 2027/2027/2027 2028/2028/2028
f 2022/2022/2022 2021/2021/2021 2029/2029/2029
f 2021/2021/2021 2026/2026/2026 2029/2029/2029
f 2022/2022/2022 2029/2029/2029 2027/2027/2027
f 2024/2024/2024 2014/2014/2014 2030/2030/2030
f 2014/2014/2014 2025/2025/2025 2030/2030/2030
f 2028/2028/2028 2027/2027/2027 2031/2031/2031
f 2028/2028/2028 2031/2031/2031 2032/2032/2032
f 2026/2026/2026 2024/2024/2024 2033/2033/2033
f 2024/2024/2024 2030/2030/2030 2033/2033/2033
f 2027/2027/2027 2029/2029/2029 2034/2034/2034
f 2027/2027/2027 2034/2034/2034 2031/2031/2031
f 2029/2029/2029 2026/2026/2026 2035/2035/2035
f 2026/2026/2026 2033/2033/2033 2035/2035/2035
f 2029/2029/2029 2035/2035/2035 2034/2034/2034
f 2032/2032/2032 2031/2031/2031 2036/2036/2036
f 2032/2032/2032 2036/2036/2036 2037/2037/2037
f 2031/2031/2031 2034/2034/2034 2038/2038/2038
f 2031/2031/2031 2038/2038/2038 2036/2036/2036
f 2037/2037/2037 2036/2036/2036 2039/2039/2039
f 2037/2037/2037 2039/2039/2039 2040/2040/2040
f 2036/2036/2036 2041/2041/2041 2039/2039/2039
f 2036/2036/2036 2038/2038/2038 2041/2041/2041
f 2038/2038/2038 2042/2042/2042 2041/2041/2041
f 2034/2034/2034 2043/2043/2043 2038/2038/2038
f 2038/2038/2038 2043/2043/2043 2042/2042/2042
f 2034/2034/2034 2035/2035/2035 2043/2043/2043
f 2043/2043/2043 2044/2044/2044 2042/2042/2042
f 2035/2035/2035 2045/2045/2045 2043/2043/2043
f 2043/2043/2043 2045/2045/2045 2044/2044/2044
f 2035/2035/2035 2033/2033/2033 2045/2045/2045
f 2045/2045/2045 2046/2046/2046 2044/2044/2044
f 2033/2033/2033 2047/2047/2047 2045/2045/2045
f 2045/2045/2045 2047/2047/2047 2046/2046/2046
f 2033/2033/2033 2030/2030/2030 2047/2047/2047
f 2047/2047/2047 2048/2048/2048 2046/2046/2046
f 2030/2030/2030 2049/2049/2049 2047/2047/2047
f 2047/2047/2047 2049/2049/2049 2048/2048/2048
f 2030/2030/2030 2025/2025/2025 2049/2049/2049
f 2049/2049/2049 2050/2050/2050 2048/2048/2048
f 2025/2025/2025 2051/2051/2051 2049/2049/2049
f 2049/2049/2049 2051/2051/2051 2050/2050/2050
f 2025/2025/2025 2010/2010/2010 2051/2051/2051
f 2051/2051/2051 2052/2052/2052 2050/2050/2050
f 2010/2010/2010 2053/2053/2053 2051/2051/2051
f 2051/2051/2051 2053/2053/2053 2052/2052/2052
f 2010/2010/2010 2004/2004/2004 2053/2053/2053
f 2053/2053/2053 2054/2054/2054 2052/2052/2052
f 2004/2004/2004 2005/2005/2005 2053/2053/2053
f 2053/2053/2053 2005/2005/2005 2054/2054/2054
f 2005/2005/2005 2055/2055/2055 2054/2054/2054
f 2005/2005/2005 1996/1996/1996 2055/2055/2055
f 1996/1996/1996 1986/1986/1986 2055/2055/2055
f 2054/2054/2054 2055/2055/2055 2056/2056/2056
f 2054/2054/2054 2056/2056/2056 2057/2057/2057
f 2055/2055/2055 2058/2058/2058 2056/2056/2056
f 2055/2055/2055 1986/1986/1986 2058/2058/2058
f 1986/1986/1986 2059/2059/2059 2058/2058/2058
f 1986/1986/1986 2060/2060/2060 2059/2059/2059
f 2061/2061/2061 2054/2054/2054 2057/2057/2057
f 2061/2061/2061 2057/2057/2057 2062/2062/2062
f 2063/2063/2063 2061/2061/2061 2062/2062/2062
f 2063/2063/2063 2062/2062/2062 2064/2064/2064
f 2065/2065/2065 2067/2067/2067 2066/2066/2066
f 2065/2065/2065 2066/2066/2066 2068/2068/2068
f 2069/2069/2069 2065/2065/2065 2068/2068/2068
f 2068/2068/2068 2066/2066/2066 2070/2070/2070
f 2069/2069/2069 2068/2068/2068 2071/2071/2071
f 2072/2072/2072 2069/2069/2069 2071/2071/2071
f 2068/2068/2068 2070/2070/2070 2073/2073/2073
f 2071/2071/2071 2068/2068/2068 2073/2073/2073
f 2073/2073/2073 2070/2070/2070 2074/2074/2074
f 2072/2072/2072 2071/2071/2071 2075/2075/2075
f 2076/2076/2076 2072/2072/2072 2075/2075/2075
f 2071/2071/2071 2073/2073/2073 2077/2077/2077
f 2075/2075/2075 2071/2071/2071 2077/2077/2077
f 2073/2073/2073 2074/2074/2074 2078/2078/2078
f 2077/2077/2077 2073/2073/2073 2078/2078/2078
f 2078/2078/2078 2074/2074/2074 2079/2079/2079
f 2076/2076/2076 2075/2075/2075 2080/2080/2080
f 2081/2081/2081 2076/2076/2076 2080/2080/2080
f 2075/2075/2075 2077/2077/2077 2082/2082/2082
f 2080/2080/2080 2075/2075/2075 2082/2082/2082
f 2078/2078/2078 2079/2079/2079 2083/2083/2083
f 2083/2083/2083 2079/2079/2079 2084/2084/2084
f 2077/2077/2077 2078/2078/2078 2085/2085/2085
f 2082/2082/2082 2077/2077/2077 2085/2085/2085
f 2085/2085/2085 2078/2078/2078 2083/2083/2083
f 2081/2081/2081 2080/2080/2080 2086/2086/2086
f 2087/2087/2087 2081/2081/2081 2086/2086/2086
f 2083/2083/2083 2084/2084/2084 2088/2088/2088
f 2088/2088/2088 2084/2084/2084 2089/2089/2089
f 2088/2088/2088 2089/2089/2089 2090/2090/2090
f 2080/2080/2080 2082/2082/2082 2091/2091/2091
f 2086/2086/2086 2080/2080/2080 2091/2091/2091
f 2085/2085/2085 2083/2083/2083 2092/2092/2092
f 2092/2092/2092 2083/2083/2083 2088/2088/2088
f 2093/2093/2093 2088/2088/2088 2090/2090/2090
f 2092/2092/2092 2088/2088/2088 2093/2093/2093
f 2093/2093/2093 2090/2090/2090 2094/2094/2094
f 2082/2082/2082 2085/2085/2085 2095/2095/2095
f 2095/2095/2095 2085/2085/2085 2092/2092/2092
f 2091/2091/2091 2082/2082/2082 2095/2095/2095
f 2087/2087/2087 2086/2086/2086 2096/2096/2096
f 2097/2097/2097 2087/2087/2087 2096/2096/2096
f 2098/2098/2098 2092/2092/2092 2093/2093/2093
f 2095/2095/2095 2092/2092/2092 2098/2098/2098
f 2099/2099/2099 2093/2093/2093 2094/2094/2094
f 2098/2098/2098 2093/2093/2093 2099/2099/2099
f 2099/2099/2099 2094/2094/2094 2100/2100/2100
f 2086/2086/2086 2091/2091/2091 2101/2101/2101
f 2096/2096/2096 2086/2086/2086 2101/2101/2101
f 2091/2091/2091 2095/2095/2095 2102/2102/2102
f 2102/2102/2102 2095/2095/2095 2098/2098/2098
f 2101/2101/2101 2091/2091/2091 2102/2102/2102
f 2097/2097/2097 2096/2096/2096 2103/2103/2103
f 2104/2104/2104 2097/2097/2097 2103/2103/2103
f 2105/2105/2105 2098/2098/2098 2099/2099/2099
f 2102/2102/2102 2098/2098/2098 2105/2105/2105
f 2106/2106/2106 2099/2099/2099 2100/2100/2100
f 2105/2105/2105 2099/2099/2099 2106/2106/2106
f 2106/2106/2106 2100/2100/2100 2107/2107/2107
f 2096/2096/2096 2101/2101/2101 2108/2108/2108
f 2103/2103/2103 2096/2096/2096 2108/2108/2108
f 2101/2101/2101 2102/2102/2102 2109/2109/2109
f 2109/2109/2109 2102/2102/2102 2105/2105/2105
f 2108/2108/2108 2101/2101/2101 2109/2109/2109
f 2104/2104/2104 2103/2103/2103 2110/2110/2110
f 2111/2111/2111 2104/2104/2104 2110/2110/2110
f 2112/2112/2112 2105/2105/2105 2106/2106/2106
f 2109/2109/2109 2105/2105/2105 2112/2112/2112
f 2113/2113/2113 2106/2106/2106 2107/2107/2107
f 2112/2112/2112 2106/2106/2106 2113/2113/2113
f 2113/2113/2113 2107/2107/2107 2114/2114/2114
f 2103/2103/2103 2108/2108/2108 2115/2115/2115
f 2110/2110/2110 2103/2103/2103 2115/2115/2115
f 2108/2108/2108 2109/2109/2109 2116/2116/2116
f 2116/2116/2116 2109/2109/2109 2112/2112/2112
f 2115/2115/2115 2108/2108/2108 2116/2116/2116
f 2111/2111/2111 2110/2110/2110 2117/2117/2117
f 2118/2118/2118 2111/2111/2111 2117/2117/2117
f 2119/2119/2119 2112/2112/2112 2113/2113/2113
f 2116/2116/2116 2112/2112/2112 2119/2119/2119
f 2110/2110/2110 2115/2115/2115 2120/2120/2120
f 2117/2117/2117 2110/2110/2110 2120/2120/2120
f 2115/2115/2115 2116/2116/2116 2121/2121/2121
f 2121/2121/2121 2116/2116/2116 2119/2119/2119
f 2120/2120/2120 2115/2115/2115 2121/2121/2121
f 2118/2118/2118 2117/2117/2117 2122/2122/2122
f 2123/2123/2123 2118/2118/2118 2122/2122/2122
f 2119/2119/2119 2113/2113/2113 2124/2124/2124
f 2124/2124/2124 2113/2113/2113 2114/2114/2114
f 2117/2117/2117 2120/2120/2120 2125/2125/2125
f 2122/2122/2122 2117/2117/2117 2125/2125/2125
f 2121/2121/2121 2119/2119/2119 2126/2126/2126
f 2126/2126/2126 2119/2119/2119 2124/2124/2124
f 2120/2120/2120 2121/2121/2121 2127/2127/2127
f 2125/2125/2125 2120/2120/2120 2127/2127/2127
f 2127/2127/2127 2121/2121/2121 2126/2126/2126
f 2123/2123/2123 2122/2122/2122 2128/2128/2128
f 2129/2129/2129 2123/2123/2123 2128/2128/2128
f 2122/2122/2122 2125/2125/2125 2130/2130/2130
f 2128/2128/2128 2122/2122/2122 2130/2130/2130
f 2125/2125/2125 2127/2127/2127 2131/2131/2131
f 2130/2130/2130 2125/2125/2125 2131/2131/2131
f 2127/2127/2127 2126/2126/2126 2132/2132/2132
f 2131/2131/2131 2127/2127/2127 2132/2132/2132
f 2126/2126/2126 2124/2124/2124 2133/2133/2133
f 2132/2132/2132 2126/2126/2126 2133/2133/2133
f 2129/2129/2129 2128/2128/2128 2134/2134/2134
f 2135/2135/2135 2129/2129/2129 2134/2134/2134
f 2128/2128/2128 2130/2130/2130 2136/2136/2136
f 2134/2134/2134 2128/2128/2128 2136/2136/2136
f 2130/2130/2130 2131/2131/2131 2137/2137/2137
f 2136/2136/2136 2130/2130/2130 2137/2137/2137
f 2131/2131/2131 2132/2132/2132 2138/2138/2138
f 2137/2137/2137 2131/2131/2131 2138/2138/2138
f 2135/2135/2135 2134/2134/2134 2139/2139/2139
f 2140/2140/2140 2135/2135/2135 2139/2139/2139
f 2134/2134/2134 2136/2136/2136 2141/2141/2141
f 2139/2139/2139 2134/2134/2134 2141/2141/2141
f 2136/2136/2136 2137/2137/2137 2142/2142/2142
f 2141/2141/2141 2136/2136/2136 2142/2142/2142
f 2140/2140/2140 2139/2139/2139 2143/2143/2143
f 2144/2144/2144 2140/2140/2140 2143/2143/2143
f 2144/2144/2144 2143/2143/2143 2145/2145/2145
f 2139/2139/2139 2141/2141/2141 2146/2146/2146
f 2143/2143/2143 2139/2139/2139 2146/2146/2146
f 2145/2145/2145 2143/2143/2143 2147/2147/2147
f 2143/2143/2143 2146/2146/2146 2147/2147/2147
f 2145/2145/2145 2147/2147/2147 2148/2148/2148
f 2146/2146/2146 2141/2141/2141 2149/2149/2149
f 2141/2141/2141 2142/2142/2142 2149/2149/2149
f 2142/2142/2142 2137/2137/2137 2150/2150/2150
f 2137/2137/2137 2138/2138/2138 2150/2150/2150
f 2148/2148/2148 2147/2147/2147 2151/2151/2151
f 2148/2148/2148 2151/2151/2151 2152/2152/2152
f 2147/2147/2147 2146/2146/2146 2153/2153/2153
f 2146/2146/2146 2149/2149/2149 2153/2153/2153
f 2147/2147/2147 2153/2153/2153 2151/2151/2151
f 2149/2149/2149 2142/2142/2142 2154/2154/2154
f 2142/2142/2142 2150/2150/2150 2154/2154/2154
f 2152/2152/2152 2151/2151/2151 2155/2155/2155
f 2152/2152/2152 2155/2155/2155 2156/2156/2156
f 2151/2151/2151 2153/2153/2153 2157/2157/2157
f 2151/2151/2151 2157/2157/2157 2155/2155/2155
f 2153/2153/2153 2149/2149/2149 2158/2158/2158
f 2149/2149/2149 2154/2154/2154 2158/2158/2158
f 2153/2153/2153 2158/2158/2158 2157/2157/2157
f 2156/2156/2156 2155/2155/2155 2159/2159/2159
f 2156/2156/2156 2159/2159/2159 2160/2160/2160
f 2155/2155/2155 2157/2157/2157 2161/2161/2161
f 2155/2155/2155 2161/2161/2161 2159/2159/2159
f 2160/2160/2160 2159/2159/2159 2162/2162/2162
f 2160/2160/2160 2162/2162/2162 2163/2163/2163
f 2159/2159/2159 2164/2164/2164 2162/2162/2162
f 2159/2159/2159 2161/2161/2161 2164/2164/2164
f 2161/2161/2161 2165/2165/2165 2164/2164/2164
f 2157/2157/2157 2166/2166/2166 2161/2161/2161
f 2161/2161/2161 2166/2166/2166 2165/2165/2165
f 2157/2157/2157 2158/2158/2158 2166/2166/2166
f 2166/2166/2166 2167/2167/2167 2165/2165/2165
f 2158/2158/2158 2168/2168/2168 2166/2166/2166
f 2166/2166/2166 2168/2168/2168 2167/2167/2167
f 2158/2158/2158 2154/2154/2154 2168/2168/2168
f 2168/2168/2168 2169/2169/2169 2167/2167/2167
f 2154/2154/2154 2170/2170/2170 2168/2168/2168
f 2168/2168/2168 2170/2170/2170 2169/2169/2169
f 2154/2154/2154 2150/2150/2150 2170/2170/2170
f 2170/2170/2170 2171/2171/2171 2169/2169/2169
f 2150/2150/2150 2172/2172/2172 2170/2170/2170
f 2170/2170/2170 2172/2172/2172 2171/2171/2171
f 2150/2150/2150 2138/2138/2138 2172/2172/2172
f 2172/2172/2172 2173/2173/2173 2171/2171/2171
f 2138/2138/2138 2174/2174/2174 2172/2172/2172
f 2172/2172/2172 2174/2174/2174 2173/2173/2173
f 2138/2138/2138 2132/2132/2132 2174/2174/2174
f 2174/2174/2174 2175/2175/2175 2173/2173/2173
f 2132/2132/2132 2133/2133/2133 2174/2174/2174
f 2174/2174/2174 2133/2133/2133 2175/2175/2175
f 2133/2133/2133 2176/2176/2176 2175/2175/2175
f 2133/2133/2133 2124/2124/2124 2176/2176/2176
f 2124/2124/2124 2114/2114/2114 2176/2176/2176
f 2175/2175/2175 2176/2176/2176 2177/2177/2177
f 2175/2175/2175 2177/2177/2177 2178/2178/2178
f 2179/2179/2179 2175/2175/2175 2178/2178/2178
f 2179/2179/2179 2178/2178/2178 2180/2180/2180
f 2176/2176/2176 2181/2181/2181 2177/2177/2177
f 2176/2176/2176 2114/2114/2114 2181/2181/2181
f 2114/2114/2114 2182/2182/2182 2181/2181/2181
f 2114/2114/2114 2183/2183/2183 2182/2182/2182
f 2184/2184/2184 2186/2186/2186 2185/2185/2185
f 2184/2184/2184 2185/2185/2185 2187/2187/2187
f 2188/2188/2188 2184/2184/2184 2187/2187/2187
f 2188/2188/2188 2187/2187/2187 2189/2189/2189
f 2190/2190/2190 2188/2188/2188 2189/2189/2189
f 2190/2190/2190 2189/2189/2189 2191/2191/2191
f 2192/2192/2192 2190/2190/2190 2191/2191/2191
f 2192/2192/2192 2191/2191/2191 2193/2193/2193
f 2194/2194/2194 2192/2192/2192 2193/2193/2193
f 2194/2194/2194 2193/2193/2193 2195/2195/2195
f 2196/2196/2196 2194/2194/2194 2195/2195/2195
f 2196/2196/2196 2195/2195/2195 2197/2197/2197
f 2198/2198/2198 2196/2196/2196 2197/2197/2197
f 2198/2198/2198 2197/2197/2197 2199/2199/2199
f 2200/2200/2200 2198/2198/2198 2199/2199/2199
f 2200/2200/2200 2199/2199/2199 2201/2201/2201
f 2202/2202/2202 2200/2200/2200 2201/2201/2201
f 2202/2202/2202 2201/2201/2201 2203/2203/2203
f 2204/2204/2204 2202/2202/2202 2203/2203/2203
f 2204/2204/2204 2203/2203/2203 2205/2205/2205
f 2206/2206/2206 2204/2204/2204 2205/2205/2205
f 2206/2206/2206 2205/2205/2205 2207/2207/2207
f 2208/2208/2208 2206/2206/2206 2207/2207/2207
f 2208/2208/2208 2207/2207/2207 2209/2209/2209
f 2210/2210/2210 2212/2212/2212 2211/2211/2211
f 2210/2210/2210 2213/2213/2213 2212/2212/2212
f 2213/2213/2213 2214/2214/2214 2212/2212/2212
f 2213/2213/2213 2215/2215/2215 2214/2214/2214
f 2215/2215/2215 2216/2216/2216 2214/2214/2214
f 2215/2215/2215 2217/2217/2217 2216/2216/2216
f 2217/2217/2217 2218/2218/2218 2216/2216/2216
f 2217/2217/2217 2219/2219/2219 2218/2218/2218
f 2219/2219/2219 2220/2220/2220 2218/2218/2218
f 2219/2219/2219 2221/2221/2221 2220/2220/2220
f 2221/2221/2221 2222/2222/2222 2220/2220/2220
f 2221/2221/2221 2223/2223/2223 2222/2222/2222
f 2223/2223/2223 2224/2224/2224 2222/2222/2222
f 2223/2223/2223 2225/2225/2225 2224/2224/2224
f 2225/2225/2225 2226/2226/2226 2224/2224/2224
f 2225/2225/2225 2227/2227/2227 2226/2226/2226
f 2227/2227/2227 2228/2228/2228 2226/2226/2226
f 2227/2227/2227 2229/2229/2229 2228/2228/2228
f 2229/2229/2229 2230/2230/2230 2228/2228/2228
f 2229/2229/2229 2231/2231/2231 2230/2230/2230
f 2231/2231/2231 2232/2232/2232 2230/2230/2230
f 2231/2231/2231 2233/2233/2233 2232/2232/2232
f 2234/2234/2234 2236/2236/2236 2235/2235/2235
f 2234/2234/2234 2235/2235/2235 2237/2237/2237
f 2238/2238/2238 2234/2234/2234 2237/2237/2237
f 2238/2238/2238 2237/2237/2237 2239/2239/2239
f 2240/2240/2240 2238/2238/2238 2239/2239/2239
f 2240/2240/2240 2239/2239/2239 2241/2241/2241
f 2242/2242/2242 2240/2240/2240 2241/2241/2241
f 2242/2242/2242 2241/2241/2241 2243/2243/2243
f 2244/2244/2244 2242/2242/2242 2243/2243/2243
f 2244/2244/2244 2243/2243/2243 2245/2245/2245
f 2246/2246/2246 2244/2244/2244 2245/2245/2245
f 2246/2246/2246 2245/2245/2245 2247/2247/2247
f 2248/2248/2248 2246/2246/2246 2247/2247/2247
f 2248/2248/2248 2247/2247/2247 2249/2249/2249
f 2250/2250/2250 2248/2248/2248 2249/2249/2249
f 2250/2250/2250 2249/2249/2249 2251/2251/2251
f 2252/2252/2252 2250/2250/2250 2251/2251/2251
f 2252/2252/2252 2251/2251/2251 2253/2253/2253
f 2254/2254/2254 2252/2252/2252 2253/2253/2253
f 2254/2254/2254 2253/2253/2253 2255/2255/2255
f 2256/2256/2256 2254/2254/2254 2255/2255/2255
f 2256/2256/2256 2255/2255/2255 2257/2257/2257
f 2258/2258/2258 2256/2256/2256 2257/2257/2257
f 2258/2258/2258 2257/2257/2257 2259/2259/2259
f 2260/2260/2260 2262/2262/2262 2261/2261/2261
f 2260/2260/2260 2261/2261/2261 2263/2263/2263
f 2264/2264/2264 2260/2260/2260 2263/2263/2263
f 2264/2264/2264 2263/2263/2263 2265/2265/2265
f 2266/2266/2266 2264/2264/2264 2265/2265/2265
f 2266/2266/2266 2265/2265/2265 2267/2267/2267
f 2268/2268/2268 2266/2266/2266 2267/2267/2267
f 2268/2268/2268 2267/2267/2267 2269/2269/2269
f 2270/2270/2270 2268/2268/2268 2269/2269/2269
f 2270/2270/2270 2269/2269/2269 2271/2271/2271
f 2272/2272/2272 2270/2270/2270 2271/2271/2271
f 2272/2272/2272 2271/2271/2271 2273/2273/2273
f 2274/2274/2274 2272/2272/2272 2273/2273/2273
f 2274/2274/2274 2273/2273/2273 2275/2275/2275
f 2276/2276/2276 2274/2274/2274 2275/2275/2275
f 2276/2276/2276 2275/2275/2275 2277/2277/2277
f 2278/2278/2278 2276/2276/2276 2277/2277/2277
f 2278/2278/2278 2277/2277/2277 2279/2279/2279
f 2280/2280/2280 2278/2278/2278 2279/2279/2279
f 2280/2280/2280 2279/2279/2279 2281/2281/2281
f 2282/2282/2282 2280/2280/2280 2281/2281/2281
f 2282/2282/2282 2281/2281/2281 2283/2283/2283
f 2284/2284/2284 2286/2286/2286 2285/2285/2285
f 2284/2284/2284 2285/2285/2285 2287/2287/2287
f 2288/2288/2288 2284/2284/2284 2287/2287/2287
f 2287/2287/2287 2285/2285/2285 2289/2289/2289
f 2288/2288/2288 2287/2287/2287 2290/2290/2290
f 2291/2291/2291 2288/2288/2288 2290/2290/2290
f 2287/2287/2287 2289/2289/2289 2292/2292/2292
f 2290/2290/2290 2287/2287/2287 2292/2292/2292
f 2292/2292/2292 2289/2289/2289 2293/2293/2293
f 2291/2291/2291 2290/2290/2290 2294/2294/2294
f 2295/2295/2295 2291/2291/2291 2294/2294/2294
f 2290/2290/2290 2292/2292/2292 2296/2296/2296
f 2294/2294/2294 2290/2290/2290 2296/2296/2296
f 2292/2292/2292 2293/2293/2293 2297/2297/2297
f 2296/2296/2296 2292/2292/2292 2297/2297/2297
f 2297/2297/2297 2293/2293/2293 2298/2298/2298
f 2295/2295/2295 2294/2294/2294 2299/2299/2299
f 2300/2300/2300 2295/2295/2295 2299/2299/2299
f 2294/2294/2294 2296/2296/2296 2301/2301/2301
f 2299/2299/2299 2294/2294/2294 2301/2301/2301
f 2296/2296/2296 2297/2297/2297 2302/2302/2302
f 2301/2301/2301 2296/2296/2296 2302/2302/2302
f 2297/2297/2297 2298/2298/2298 2303/2303/2303
f 2302/2302/2302 2297/2297/2297 2303/2303/2303
f 2303/2303/2303 2298/2298/2298 2304/2304/2304
f 2300/2300/2300 2299/2299/2299 2305/2305/2305
f 2306/2306/2306 2300/2300/2300 2305/2305/2305
f 2299/2299/2299 2301/2301/2301 2307/2307/2307
f 2305/2305/2305 2299/2299/2299 2307/2307/2307
f 2301/2301/2301 2302/2302/2302 2308/2308/2308
f 2307/2307/2307 2301/2301/2301 2308/2308/2308
f 2302/2302/2302 2303/2303/2303 2309/2309/2309
f 2308/2308/2308 2302/2302/2302 2309/2309/2309
f 2303/2303/2303 2304/2304/2304 2310/2310/2310
f 2309/2309/2309 2303/2303/2303 2310/2310/2310
f 2310/2310/2310 2304/2304/2304 2311/2311/2311
f 2306/2306/2306 2305/2305/2305 2312/2312/2312
f 2313/2313/2313 2306/2306/2306 2312/2312/2312
f 2305/2305/2305 2307/2307/2307 2314/2314/2314
f 2312/2312/2312 2305/2305/2305 2314/2314/2314
f 2307/2307/2307 2308/2308/2308 2315/2315/2315
f 2314/2314/2314 2307/2307/2307 2315/2315/2315
f 2308/2308/2308 2309/2309/2309 2316/2316/2316
f 2315/2315/2315 2308/2308/2308 2316/2316/2316
f 2309/2309/2309 2310/2310/2310 2317/2317/2317
f 2316/2316/2316 2309/2309/2309 2317/2317/2317
f 2310/2310/2310 2311/2311/2311 2318/2318/2318
f 2317/2317/2317 2310/2310/2310 2318/2318/2318
f 2318/2318/2318 2311/2311/2311 2319/2319/2319
f 2313/2313/2313 2312/2312/2312 2320/2320/2320
f 2321/2321/2321 2313/2313/2313 2320/2320/2320
f 2312/2312/2312 2314/2314/2314 2322/2322/2322
f 2320/2320/2320 2312/2312/2312 2322/2322/2322
f 2314/2314/2314 2315/2315/2315 2323/2323/2323
f 2322/2322/2322 2314/2314/2314 2323/2323/2323
f 2315/2315/2315 2316/2316/2316 2324/2324/2324
f 2323/2323/2323 2315/2315/2315 2324/2324/2324
f 2316/2316/2316 2317/2317/2317 2325/2325/2325
f 2324/2324/2324 2316/2316/2316 2325/2325/2325
f 2317/2317/2317 2318/2318/2318 2326/2326/2326
f 2325/2325/2325 2317/2317/2317 2326/2326/2326
f 2318/2318/2318 2319/2319/2319 2327/2327/2327
f 2326/2326/2326 2318/2318/2318 2327/2327/2327
f 2327/2327/2327 2319/2319/2319 2328/2328/2328
f 2327/2327/2327 2328/2328/2328 2329/2329/2329
f 2329/2329/2329 2328/2328/2328 2330/2330/2330
f 2326/2326/2326 2327/2327/2327 2331/2331/2331
f 2331/2331/2331 2327/2327/2327 2329/2329/2329
f 2325/2325/2325 2326/2326/2326 2332/2332/2332
f 2332/2332/2332 2326/2326/2326 2331/2331/2331
f 2324/2324/2324 2325/2325/2325 2333/2333/2333
f 2333/2333/2333 2325/2325/2325 2332/2332/2332
f 2323/2323/2323 2324/2324/2324 2334/2334/2334
f 2334/2334/2334 2324/2324/2324 2333/2333/2333
f 2329/2329/2329 2330/2330/2330 2335/2335/2335
f 2335/2335/2335 2330/2330/2330 2336/2336/2336
f 2331/2331/2331 2329/2329/2329 2337/2337/2337
f 2337/2337/2337 2329/2329/2329 2335/2335/2335
f 2332/2332/2332 2331/2331/2331 2338/2338/2338
f 2338/2338/2338 2331/2331/2331 2337/2337/2337
f 2333/2333/2333 2332/2332/2332 2339/2339/2339
f 2339/2339/2339 2332/2332/2332 2338/2338/2338
f 2335/2335/2335 2336/2336/2336 2340/2340/2340
f 2340/2340/2340 2336/2336/2336 2341/2341/2341
f 2337/2337/2337 2335/2335/2335 2342/2342/2342
f 2342/2342/2342 2335/2335/2335 2340/2340/2340
f 2338/2338/2338 2337/2337/2337 2343/2343/2343
f 2343/2343/2343 2337/2337/2337 2342/2342/2342
f 2340/2340/2340 2341/2341/2341 2344/2344/2344
f 2344/2344/2344 2341/2341/2341 2345/2345/2345
f 2342/2342/2342 2340/2340/2340 2346/2346/2346
f 2346/2346/2346 2340/2340/2340 2344/2344/2344
f 2344/2344/2344 2345/2345/2345 2347/2347/2347
f 2347/2347/2347 2345/2345/2345 2348/2348/2348
f 2349/2349/2349 2333/2333/2333 2339/2339/2339
f 2334/2334/2334 2333/2333/2333 2349/2349/2349
f 2339/2339/2339 2338/2338/2338 2350/2350/2350
f 2350/2350/2350 2338/2338/2338 2343/2343/2343
f 2343/2343/2343 2342/2342/2342 2351/2351/2351
f 2351/2351/2351 2342/2342/2342 2346/2346/2346
f 2346/2346/2346 2344/2344/2344 2352/2352/2352
f 2352/2352/2352 2344/2344/2344 2347/2347/2347
f 2347/2347/2347 2348/2348/2348 2353/2353/2353
f 2353/2353/2353 2348/2348/2348 2354/2354/2354
f 2349/2349/2349 2339/2339/2339 2355/2355/2355
f 2355/2355/2355 2339/2339/2339 2350/2350/2350
f 2350/2350/2350 2343/2343/2343 2356/2356/2356
f 2356/2356/2356 2343/2343/2343 2351/2351/2351
f 2351/2351/2351 2346/2346/2346 2357/2357/2357
f 2357/2357/2357 2346/2346/2346 2352/2352/2352
f 2352/2352/2352 2347/2347/2347 2358/2358/2358
f 2358/2358/2358 2347/2347/2347 2353/2353/2353
f 2353/2353/2353 2354/2354/2354 2359/2359/2359
f 2359/2359/2359 2354/2354/2354 2360/2360/2360
f 2355/2355/2355 2350/2350/2350 2361/2361/2361
f 2361/2361/2361 2350/2350/2350 2356/2356/2356
f 2356/2356/2356 2351/2351/2351 2362/2362/2362
f 2362/2362/2362 2351/2351/2351 2357/2357/2357
f 2357/2357/2357 2352/2352/2352 2363/2363/2363
f 2363/2363/2363 2352/2352/2352 2358/2358/2358
f 2358/2358/2358 2353/2353/2353 2364/2364/2364
f 2364/2364/2364 2353/2353/2353 2359/2359/2359
f 2359/2359/2359 2360/2360/2360 2365/2365/2365
f 2365/2365/2365 2360/2360/2360 2366/2366/2366
f 2365/2365/2365 2366/2366/2366 2367/2367/2367
f 2368/2368/2368 2359/2359/2359 2365/2365/2365
f 2364/2364/2364 2359/2359/2359 2368/2368/2368
f 2369/2369/2369 2365/2365/2365 2367/2367/2367
f 2368/2368/2368 2365/2365/2365 2369/2369/2369
f 2369/2369/2369 2367/2367/2367 2370/2370/2370
f 2371/2371/2371 2358/2358/2358 2364/2364/2364
f 2363/2363/2363 2358/2358/2358 2371/2371/2371
f 2372/2372/2372 2357/2357/2357 2363/2363/2363
f 2362/2362/2362 2357/2357/2357 2372/2372/2372
f 2373/2373/2373 2364/2364/2364 2368/2368/2368
f 2371/2371/2371 2364/2364/2364 2373/2373/2373
f 2374/2374/2374 2368/2368/2368 2369/2369/2369
f 2373/2373/2373 2368/2368/2368 2374/2374/2374
f 2375/2375/2375 2369/2369/2369 2370/2370/2370
f 2374/2374/2374 2369/2369/2369 2375/2375/2375
f 2375/2375/2375 2370/2370/2370 2376/2376/2376
f 2377/2377/2377 2363/2363/2363 2371/2371/2371
f 2372/2372/2372 2363/2363/2363 2377/2377/2377
f 2378/2378/2378 2371/2371/2371 2373/2373/2373
f 2377/2377/2377 2371/2371/2371 2378/2378/2378
f 2379/2379/2379 2373/2373/2373 2374/2374/2374
f 2378/2378/2378 2373/2373/2373 2379/2379/2379
f 2380/2380/2380 2374/2374/2374 2375/2375/2375
f 2379/2379/2379 2374/2374/2374 2380/2380/2380
f 2381/2381/2381 2375/2375/2375 2376/2376/2376
f 2380/2380/2380 2375/2375/2375 2381/2381/2381
f 2381/2381/2381 2376/2376/2376 2382/2382/2382
f 2383/2383/2383 2381/2381/2381 2382/2382/2382
f 2383/2383/2383 2382/2382/2382 2384/2384/2384
f 2385/2385/2385 2380/2380/2380 2381/2381/2381
f 2385/2385/2385 2381/2381/2381 2383/2383/2383
f 2386/2386/2386 2379/2379/2379 2380/2380/2380
f 2386/2386/2386 2380/2380/2380 2385/2385/2385
f 2387/2387/2387 2378/2378/2378 2379/2379/2379
f 2387/2387/2387 2379/2379/2379 2386/2386/2386
f 2388/2388/2388 2377/2377/2377 2378/2378/2378
f 2388/2388/2388 2378/2378/2378 2387/2387/2387
f 2389/2389/2389 2383/2383/2383 2384/2384/2384
f 2389/2389/2389 2384/2384/2384 2390/2390/2390
f 2391/2391/2391 2385/2385/2385 2383/2383/2383
f 2391/2391/2391 2383/2383/2383 2389/2389/2389
f 2392/2392/2392 2386/2386/2386 2385/2385/2385
f 2392/2392/2392 2385/2385/2385 2391/2391/2391
f 2393/2393/2393 2387/2387/2387 2386/2386/2386
f 2393/2393/2393 2386/2386/2386 2392/2392/2392
f 2394/2394/2394 2389/2389/2389 2390/2390/2390
f 2394/2394/2394 2390/2390/2390 2395/2395/2395
f 2396/2396/2396 2391/2391/2391 2389/2389/2389
f 2396/2396/2396 2389/2389/2389 2394/2394/2394
f 2397/2397/2397 2392/2392/2392 2391/2391/2391
f 2397/2397/2397 2391/2391/2391 2396/2396/2396
f 2398/2398/2398 2394/2394/2394 2395/2395/2395
f 2398/2398/2398 2395/2395/2395 2399/2399/2399
f 2400/2400/2400 2396/2396/2396 2394/2394/2394
f 2400/2400/2400 2394/2394/2394 2398/2398/2398
f 2401/2401/2401 2398/2398/2398 2399/2399/2399
f 2401/2401/2401 2399/2399/2399 2402/2402/2402
f 2403/2403/2403 2387/2387/2387 2393/2393/2393
f 2403/2403/2403 2388/2388/2388 2387/2387/2387
f 2404/2404/2404 2393/2393/2393 2392/2392/2392
f 2404/2404/2404 2392/2392/2392 2397/2397/2397
f 2405/2405/2405 2397/2397/2397 2396/2396/2396
f 2405/2405/2405 2396/2396/2396 2400/2400/2400
f 2406/2406/2406 2400/2400/2400 2398/2398/2398
f 2406/2406/2406 2398/2398/2398 2401/2401/2401
f 2407/2407/2407 2401/2401/2401 2402/2402/2402
f 2407/2407/2407 2402/2402/2402 2408/2408/2408
f 2409/2409/2409 2403/2403/2403 2393/2393/2393
f 2409/2409/2409 2393/2393/2393 2404/2404/2404
f 2410/2410/2410 2404/2404/2404 2397/2397/2397
f 2410/2410/2410 2397/2397/2397 2405/2405/2405
f 2411/2411/2411 2405/2405/2405 2400/2400/2400
f 2411/2411/2411 2400/2400/2400 2406/2406/2406
f 2412/2412/2412 2406/2406/2406 2401/2401/2401
f 2412/2412/2412 2401/2401/2401 2407/2407/2407
f 2413/2413/2413 2407/2407/2407 2408/2408/2408
f 2413/2413/2413 2408/2408/2408 2414/2414/2414
f 2415/2415/2415 2409/2409/2409 2404/2404/2404
f 2415/2415/2415 2404/2404/2404 2410/2410/2410
f 2416/2416/2416 2410/2410/2410 2405/2405/2405
f 2416/2416/2416 2405/2405/2405 2411/2411/2411
f 2417/2417/2417 2411/2411/2411 2406/2406/2406
f 2417/2417/2417 2406/2406/2406 2412/2412/2412
f 2418/2418/2418 2412/2412/2412 2407/2407/2407
f 2418/2418/2418 2407/2407/2407 2413/2413/2413
f 2419/2419/2419 2413/2413/2413 2414/2414/2414
f 2419/2419/2419 2414/2414/2414 2420/2420/2420
f 2421/2421/2421 2415/2415/2415 2410/2410/2410
f 2421/2421/2421 2410/2410/2410 2416/2416/2416
f 2422/2422/2422 2416/2416/2416 2411/2411/2411
f 2422/2422/2422 2411/2411/2411 2417/2417/2417
f 2423/2423/2423 2417/2417/2417 2412/2412/2412
f 2423/2423/2423 2412/2412/2412 2418/2418/2418
f 2424/2424/2424 2418/2418/2418 2413/2413/2413
f 2424/2424/2424 2413/2413/2413 2419/2419/2419
f 2425/2425/2425 2419/2419/2419 2420/2420/2420
f 2425/2425/2425 2420/2420/2420 2426/2426/2426
f 2427/2427/2427 2421/2421/2421 2416/2416/2416
f 2427/2427/2427 2416/2416/2416 2422/2422/2422
f 2428/2428/2428 2422/2422/2422 2417/2417/2417
f 2428/2428/2428 2417/2417/2417 2423/2423/2423
f 2429/2429/2429 2423/2423/2423 2418/2418/2418
f 2429/2429/2429 2418/2418/2418 2424/2424/2424
f 2430/2430/2430 2424/2424/2424 2419/2419/2419
f 2430/2430/2430 2419/2419/2419 2425/2425/2425
f 2431/2431/2431 2425/2425/2425 2426/2426/2426
f 2431/2431/2431 2426/2426/2426 2432/2432/2432
f 2433/2433/2433 2427/2427/2427 2422/2422/2422
f 2433/2433/2433 2422/2422/2422 2428/2428/2428
f 2434/2434/2434 2428/2428/2428 2423/2423/2423
f 2434/2434/2434 2423/2423/2423 2429/2429/2429
f 2435/2435/2435 2429/2429/2429 2424/2424/2424
f 2435/2435/2435 2424/2424/2424 2430/2430/2430
f 2436/2436/2436 2430/2430/2430 2425/2425/2425
f 2436/2436/2436 2425/2425/2425 2431/2431/2431
f 2437/2437/2437 2431/2431/2431 2432/2432/2432
f 2437/2437/2437 2432/2432/2432 2438/2438/2438
f 2439/2439/2439 2437/2437/2437 2438/2438/2438
f 2439/2439/2439 2438/2438/2438 2440/2440/2440
f 2441/2441/2441 2437/2437/2437 2439/2439/2439
f 2442/2442/2442 2431/2431/2431 2437/2437/2437
f 2441/2441/2441 2442/2442/2442 2437/2437/2437
f 2442/2442/2442 2436/2436/2436 2431/2431/2431
f 2443/2443/2443 2442/2442/2442 2441/2441/2441
f 2443/2443/2443 2444/2444/2444 2442/2442/2442
f 2444/2444/2444 2436/2436/2436 2442/2442/2442
f 2445/2445/2445 2444/2444/2444 2443/2443/2443
f 2446/2446/2446 2430/2430/2430 2436/2436/2436
f 2444/2444/2444 2446/2446/2446 2436/2436/2436
f 2446/2446/2446 2435/2435/2435 2430/2430/2430
f 2445/2445/2445 2447/2447/2447 2444/2444/2444
f 2447/2447/2447 2446/2446/2446 2444/2444/2444
f 2448/2448/2448 2447/2447/2447 2445/2445/2445
f 2449/2449/2449 2435/2435/2435 2446/2446/2446
f 2447/2447/2447 2449/2449/2449 2446/2446/2446
f 2448/2448/2448 2450/2450/2450 2447/2447/2447
f 2450/2450/2450 2449/2449/2449 2447/2447/2447
f 2451/2451/2451 2450/2450/2450 2448/2448/2448
f 2449/2449/2449 2452/2452/2452 2435/2435/2435
f 2452/2452/2452 2429/2429/2429 2435/2435/2435
f 2452/2452/2452 2434/2434/2434 2429/2429/2429
f 2451/2451/2451 2453/2453/2453 2450/2450/2450
f 2454/2454/2454 2453/2453/2453 2451/2451/2451
f 2450/2450/2450 2455/2455/2455 2449/2449/2449
f 2455/2455/2455 2452/2452/2452 2449/2449/2449
f 2453/2453/2453 2455/2455/2455 2450/2450/2450
f 2456/2456/2456 2434/2434/2434 2452/2452/2452
f 2455/2455/2455 2456/2456/2456 2452/2452/2452
f 2454/2454/2454 2457/2457/2457 2453/2453/2453
f 2458/2458/2458 2457/2457/2457 2454/2454/2454
f 2453/2453/2453 2459/2459/2459 2455/2455/2455
f 2459/2459/2459 2456/2456/2456 2455/2455/2455
f 2457/2457/2457 2459/2459/2459 2453/2453/2453
f 2456/2456/2456 2460/2460/2460 2434/2434/2434
f 2460/2460/2460 2428/2428/2428 2434/2434/2434
f 2460/2460/2460 2433/2433/2433 2428/2428/2428
f 2458/2458/2458 2461/2461/2461 2457/2457/2457
f 2462/2462/2462 2461/2461/2461 2458/2458/2458
f 2457/2457/2457 2463/2463/2463 2459/2459/2459
f 2461/2461/2461 2463/2463/2463 2457/2457/2457
f 2459/2459/2459 2464/2464/2464 2456/2456/2456
f 2464/2464/2464 2460/2460/2460 2456/2456/2456
f 2463/2463/2463 2464/2464/2464 2459/2459/2459
f 2465/2465/2465 2433/2433/2433 2460/2460/2460
f 2464/2464/2464 2465/2465/2465 2460/2460/2460
f 2462/2462/2462 2466/2466/2466 2461/2461/2461
f 2467/2467/2467 2466/2466/2466 2462/2462/2462
f 2461/2461/2461 2468/2468/2468 2463/2463/2463
f 2466/2466/2466 2468/2468/2468 2461/2461/2461
f 2463/2463/2463 2469/2469/2469 2464/2464/2464
f 2469/2469/2469 2465/2465/2465 2464/2464/2464
f 2468/2468/2468 2469/2469/2469 2463/2463/2463
f 2465/2465/2465 2470/2470/2470 2433/2433/2433
f 2470/2470/2470 2427/2427/2427 2433/2433/2433
f 2467/2467/2467 2471/2471/2471 2466/2466/2466
f 2472/2472/2472 2471/2471/2471 2467/2467/2467
f 2466/2466/2466 2473/2473/2473 2468/2468/2468
f 2471/2471/2471 2473/2473/2473 2466/2466/2466
f 2468/2468/2468 2474/2474/2474 2469/2469/2469
f 2473/2473/2473 2474/2474/2474 2468/2468/2468
f 2469/2469/2469 2475/2475/2475 2465/2465/2465
f 2475/2475/2475 2470/2470/2470 2465/2465/2465
f 2474/2474/2474 2475/2475/2475 2469/2469/2469
f 2470/2470/2470 2476/2476/2476 2427/2427/2427
f 2476/2476/2476 2421/2421/2421 2427/2427/2427
f 2472/2472/2472 2477/2477/2477 2471/2471/2471
f 2478/2478/2478 2477/2477/2477 2472/2472/2472
f 2471/2471/2471 2479/2479/2479 2473/2473/2473
f 2477/2477/2477 2479/2479/2479 2471/2471/2471
f 2473/2473/2473 2480/2480/2480 2474/2474/2474
f 2479/2479/2479 2480/2480/2480 2473/2473/2473
f 2474/2474/2474 2481/2481/2481 2475/2475/2475
f 2480/2480/2480 2481/2481/2481 2474/2474/2474
f 2475/2475/2475 2482/2482/2482 2470/2470/2470
f 2482/2482/2482 2476/2476/2476 2470/2470/2470
f 2481/2481/2481 2482/2482/2482 2475/2475/2475
f 2476/2476/2476 2483/2483/2483 2421/2421/2421
f 2483/2483/2483 2415/2415/2415 2421/2421/2421
f 2478/2478/2478 2484/2484/2484 2477/2477/2477
f 2485/2485/2485 2484/2484/2484 2478/2478/2478
f 2477/2477/2477 2486/2486/2486 2479/2479/2479
f 2484/2484/2484 2486/2486/2486 2477/2477/2477
f 2479/2479/2479 2487/2487/2487 2480/2480/2480
f 2486/2486/2486 2487/2487/2487 2479/2479/2479
f 2480/2480/2480 2488/2488/2488 2481/2481/2481
f 2487/2487/2487 2488/2488/2488 2480/2480/2480
f 2481/2481/2481 2489/2489/2489 2482/2482/2482
f 2488/2488/2488 2489/2489/2489 2481/2481/2481
f 2482/2482/2482 2490/2490/2490 2476/2476/2476
f 2489/2489/2489 2490/2490/2490 2482/2482/2482
f 2490/2490/2490 2483/2483/2483 2476/2476/2476
f 2483/2483/2483 2491/2491/2491 2415/2415/2415
f 2491/2491/2491 2409/2409/2409 2415/2415/2415
f 2490/2490/2490 2492/2492/2492 2483/2483/2483
f 2492/2492/2492 2491/2491/2491 2483/2483/2483
f 2489/2489/2489 2493/2493/2493 2490/2490/2490
f 2493/2493/2493 2492/2492/2492 2490/2490/2490
f 2488/2488/2488 2494/2494/2494 2489/2489/2489
f 2494/2494/2494 2493/2493/2493 2489/2489/2489
f 2487/2487/2487 2495/2495/2495 2488/2488/2488
f 2495/2495/2495 2494/2494/2494 2488/2488/2488
f 2491/2491/2491 2496/2496/2496 2409/2409/2409
f 2496/2496/2496 2403/2403/2403 2409/2409/2409
f 2492/2492/2492 2497/2497/2497 2491/2491/2491
f 2497/2497/2497 2496/2496/2496 2491/2491/2491
f 2493/2493/2493 2498/2498/2498 2492/2492/2492
f 2498/2498/2498 2497/2497/2497 2492/2492/2492
f 2494/2494/2494 2499/2499/2499 2493/2493/2493
f 2499/2499/2499 2498/2498/2498 2493/2493/2493
f 2496/2496/2496 2500/2500/2500 2403/2403/2403
f 2500/2500/2500 2388/2388/2388 2403/2403/2403
f 2497/2497/2497 2501/2501/2501 2496/2496/2496
f 2501/2501/2501 2500/2500/2500 2496/2496/2496
f 2498/2498/2498 2502/2502/2502 2497/2497/2497
f 2502/2502/2502 2501/2501/2501 2497/2497/2497
f 2500/2500/2500 2503/2503/2503 2388/2388/2388
f 2503/2503/2503 2377/2377/2377 2388/2388/2388
f 2503/2503/2503 2372/2372/2372 2377/2377/2377
f 2501/2501/2501 2504/2504/2504 2500/2500/2500
f 2504/2504/2504 2503/2503/2503 2500/2500/2500
f 2505/2505/2505 2372/2372/2372 2503/2503/2503
f 2504/2504/2504 2505/2505/2505 2503/2503/2503
f 2505/2505/2505 2362/2362/2362 2372/2372/2372
f 2506/2506/2506 2504/2504/2504 2501/2501/2501
f 2502/2502/2502 2506/2506/2506 2501/2501/2501
f 2507/2507/2507 2502/2502/2502 2498/2498/2498
f 2499/2499/2499 2507/2507/2507 2498/2498/2498
f 2508/2508/2508 2505/2505/2505 2504/2504/2504
f 2506/2506/2506 2508/2508/2508 2504/2504/2504
f 2509/2509/2509 2362/2362/2362 2505/2505/2505
f 2508/2508/2508 2509/2509/2509 2505/2505/2505
f 2509/2509/2509 2356/2356/2356 2362/2362/2362
f 2361/2361/2361 2356/2356/2356 2509/2509/2509
f 2510/2510/2510 2506/2506/2506 2502/2502/2502
f 2507/2507/2507 2510/2510/2510 2502/2502/2502
f 2511/2511/2511 2508/2508/2508 2506/2506/2506
f 2510/2510/2510 2511/2511/2511 2506/2506/2506
f 2512/2512/2512 2509/2509/2509 2508/2508/2508
f 2512/2512/2512 2361/2361/2361 2509/2509/2509
f 2511/2511/2511 2512/2512/2512 2508/2508/2508
f 2513/2513/2513 2361/2361/2361 2512/2512/2512
f 2513/2513/2513 2355/2355/2355 2361/2361/2361
f 2514/2514/2514 2512/2512/2512 2511/2511/2511
f 2514/2514/2514 2513/2513/2513 2512/2512/2512
f 2515/2515/2515 2511/2511/2511 2510/2510/2510
f 2515/2515/2515 2514/2514/2514 2511/2511/2511
f 2516/2516/2516 2510/2510/2510 2507/2507/2507
f 2516/2516/2516 2515/2515/2515 2510/2510/2510
f 2517/2517/2517 2355/2355/2355 2513/2513/2513
f 2517/2517/2517 2349/2349/2349 2355/2355/2355
f 2518/2518/2518 2513/2513/2513 2514/2514/2514
f 2518/2518/2518 2517/2517/2517 2513/2513/2513
f 2519/2519/2519 2514/2514/2514 2515/2515/2515
f 2519/2519/2519 2518/2518/2518 2514/2514/2514
f 2520/2520/2520 2349/2349/2349 2517/2517/2517
f 2520/2520/2520 2334/2334/2334 2349/2349/2349
f 2521/2521/2521 2517/2517/2517 2518/2518/2518
f 2521/2521/2521 2520/2520/2520 2517/2517/2517
f 2522/2522/2522 2334/2334/2334 2520/2520/2520
f 2522/2522/2522 2323/2323/2323 2334/2334/2334
f 2322/2322/2322 2323/2323/2323 2522/2522/2522
f 2523/2523/2523 2522/2522/2522 2520/2520/2520
f 2523/2523/2523 2520/2520/2520 2521/2521/2521
f 2524/2524/2524 2322/2322/2322 2522/2522/2522
f 2524/2524/2524 2522/2522/2522 2523/2523/2523
f 2320/2320/2320 2322/2322/2322 2524/2524/2524
f 2525/2525/2525 2521/2521/2521 2518/2518/2518
f 2525/2525/2525 2518/2518/2518 2519/2519/2519
f 2526/2526/2526 2519/2519/2519 2515/2515/2515
f 2526/2526/2526 2515/2515/2515 2516/2516/2516
f 2527/2527/2527 2523/2523/2523 2521/2521/2521
f 2527/2527/2527 2521/2521/2521 2525/2525/2525
f 2528/2528/2528 2320/2320/2320 2524/2524/2524
f 2321/2321/2321 2320/2320/2320 2528/2528/2528
f 2529/2529/2529 2321/2321/2321 2528/2528/2528
f 2530/2530/2530 2524/2524/2524 2523/2523/2523
f 2528/2528/2528 2524/2524/2524 2530/2530/2530
f 2530/2530/2530 2523/2523/2523 2527/2527/2527
f 2529/2529/2529 2528/2528/2528 2531/2531/2531
f 2531/2531/2531 2528/2528/2528 2530/2530/2530
f 2532/2532/2532 2529/2529/2529 2531/2531/2531
f 2533/2533/2533 2525/2525/2525 2519/2519/2519
f 2533/2533/2533 2519/2519/2519 2526/2526/2526
f 2534/2534/2534 2530/2530/2530 2527/2527/2527
f 2531/2531/2531 2530/2530/2530 2534/2534/2534
f 2532/2532/2532 2531/2531/2531 2535/2535/2535
f 2535/2535/2535 2531/2531/2531 2534/2534/2534
f 2536/2536/2536 2532/2532/2532 2535/2535/2535
f 2537/2537/2537 2527/2527/2527 2525/2525/2525
f 2534/2534/2534 2527/2527/2527 2537/2537/2537
f 2537/2537/2537 2525/2525/2525 2533/2533/2533
f 2536/2536/2536 2535/2535/2535 2538/2538/2538
f 2539/2539/2539 2536/2536/2536 2538/2538/2538
f 2535/2535/2535 2534/2534/2534 2540/2540/2540
f 2540/2540/2540 2534/2534/2534 2537/2537/2537
f 2538/2538/2538 2535/2535/2535 2540/2540/2540
f 2541/2541/2541 2537/2537/2537 2533/2533/2533
f 2540/2540/2540 2537/2537/2537 2541/2541/2541
f 2542/2542/2542 2533/2533/2533 2526/2526/2526
f 2541/2541/2541 2533/2533/2533 2542/2542/2542
f 2539/2539/2539 2538/2538/2538 2543/2543/2543
f 2544/2544/2544 2539/2539/2539 2543/2543/2543
f 2538/2538/2538 2540/2540/2540 2545/2545/2545
f 2545/2545/2545 2540/2540/2540 2541/2541/2541
f 2543/2543/2543 2538/2538/2538 2545/2545/2545
f 2544/2544/2544 2543/2543/2543 2546/2546/2546
f 2547/2547/2547 2544/2544/2544 2546/2546/2546
f 2545/2545/2545 2541/2541/2541 2548/2548/2548
f 2548/2548/2548 2541/2541/2541 2542/2542/2542
f 2543/2543/2543 2545/2545/2545 2549/2549/2549
f 2546/2546/2546 2543/2543/2543 2549/2549/2549
f 2549/2549/2549 2545/2545/2545 2548/2548/2548
f 2542/2542/2542 2526/2526/2526 2550/2550/2550
f 2550/2550/2550 2526/2526/2526 2516/2516/2516
f 2547/2547/2547 2546/2546/2546 2551/2551/2551
f 2552/2552/2552 2547/2547/2547 2551/2551/2551
f 2546/2546/2546 2549/2549/2549 2553/2553/2553
f 2551/2551/2551 2546/2546/2546 2553/2553/2553
f 2549/2549/2549 2548/2548/2548 2554/2554/2554
f 2553/2553/2553 2549/2549/2549 2554/2554/2554
f 2548/2548/2548 2542/2542/2542 2555/2555/2555
f 2555/2555/2555 2542/2542/2542 2550/2550/2550
f 2554/2554/2554 2548/2548/2548 2555/2555/2555
f 2550/2550/2550 2516/2516/2516 2556/2556/2556
f 2556/2556/2556 2516/2516/2516 2507/2507/2507
f 2556/2556/2556 2507/2507/2507 2499/2499/2499
f 2552/2552/2552 2551/2551/2551 2557/2557/2557
f 2558/2558/2558 2552/2552/2552 2557/2557/2557
f 2558/2558/2558 2557/2557/2557 2559/2559/2559
f 2551/2551/2551 2553/2553/2553 2560/2560/2560
f 2557/2557/2557 2551/2551/2551 2560/2560/2560
f 2559/2559/2559 2557/2557/2557 2561/2561/2561
f 2557/2557/2557 2560/2560/2560 2561/2561/2561
f 2559/2559/2559 2561/2561/2561 2562/2562/2562
f 2555/2555/2555 2550/2550/2550 2563/2563/2563
f 2563/2563/2563 2550/2550/2550 2556/2556/2556
f 2564/2564/2564 2556/2556/2556 2499/2499/2499
f 2563/2563/2563 2556/2556/2556 2564/2564/2564
f 2564/2564/2564 2499/2499/2499 2494/2494/2494
f 2495/2495/2495 2564/2564/2564 2494/2494/2494
f 2560/2560/2560 2553/2553/2553 2565/2565/2565
f 2553/2553/2553 2554/2554/2554 2565/2565/2565
f 2554/2554/2554 2555/2555/2555 2566/2566/2566
f 2566/2566/2566 2555/2555/2555 2563/2563/2563
f 2565/2565/2565 2554/2554/2554 2566/2566/2566
f 2567/2567/2567 2563/2563/2563 2564/2564/2564
f 2567/2567/2567 2564/2564/2564 2495/2495/2495
f 2566/2566/2566 2563/2563/2563 2567/2567/2567
f 2562/2562/2562 2561/2561/2561 2568/2568/2568
f 2562/2562/2562 2568/2568/2568 2485/2485/2485
f 2485/2485/2485 2568/2568/2568 2484/2484/2484
f 2561/2561/2561 2560/2560/2560 2569/2569/2569
f 2560/2560/2560 2565/2565/2565 2569/2569/2569
f 2561/2561/2561 2569/2569/2569 2568/2568/2568
f 2565/2565/2565 2566/2566/2566 2570/2570/2570
f 2570/2570/2570 2566/2566/2566 2567/2567/2567
f 2569/2569/2569 2565/2565/2565 2570/2570/2570
f 2571/2571/2571 2567/2567/2567 2495/2495/2495
f 2570/2570/2570 2567/2567/2567 2571/2571/2571
f 2571/2571/2571 2495/2495/2495 2487/2487/2487
f 2486/2486/2486 2571/2571/2571 2487/2487/2487
f 2568/2568/2568 2572/2572/2572 2484/2484/2484
f 2568/2568/2568 2569/2569/2569 2572/2572/2572
f 2569/2569/2569 2570/2570/2570 2572/2572/2572
f 2484/2484/2484 2572/2572/2572 2486/2486/2486
f 2572/2572/2572 2571/2571/2571 2486/2486/2486
f 2572/2572/2572 2570/2570/2570 2571/2571/2571
f 2573/2573/2573 2575/2575/2575 2574/2574/2574
f 2573/2573/2573 2574/2574/2574 2576/2576/2576
f 2577/2577/2577 2573/2573/2573 2576/2576/2576
f 2577/2577/2577 2576/2576/2576 2578/2578/2578
f 2579/2579/2579 2577/2577/2577 2578/2578/2578
f 2579/2579/2579 2578/2578/2578 2580/2580/2580
f 2581/2581/2581 2579/2579/2579 2580/2580/2580
f 2581/2581/2581 2580/2580/2580 2582/2582/2582
f 2583/2583/2583 2581/2581/2581 2582/2582/2582
f 2583/2583/2583 2582/2582/2582 2584/2584/2584
f 2585/2585/2585 2583/2583/2583 2584/2584/2584
f 2585/2585/2585 2584/2584/2584 2586/2586/2586
f 2587/2587/2587 2585/2585/2585 2586/2586/2586
f 2587/2587/2587 2586/2586/2586 2588/2588/2588
f 2589/2589/2589 2587/2587/2587 2588/2588/2588
f 2589/2589/2589 2588/2588/2588 2590/2590/2590
f 2591/2591/2591 2589/2589/2589 2590/2590/2590
f 2591/2591/2591 2590/2590/2590 2592/2592/2592
f 2593/2593/2593 2591/2591/2591 2592/2592/2592
f 2593/2593/2593 2592/2592/2592 2594/2594/2594
f 2595/2595/2595 2593/2593/2593 2594/2594/2594
f 2595/2595/2595 2594/2594/2594 2596/2596/2596
f 2597/2597/2597 2595/2595/2595 2596/2596/2596
f 2597/2597/2597 2596/2596/2596 2598/2598/2598
f 2599/2599/2599 2597/2597/2597 2598/2598/2598
f 2599/2599/2599 2598/2598/2598 2600/2600/2600
f 2588/2588/2588 2586/2586/2586 2601/2601/2601
f 2590/2590/2590 2588/2588/2588 2602/2602/2602
f 2588/2588/2588 2601/2601/2601 2602/2602/2602
f 2592/2592/2592 2590/2590/2590 2603/2603/2603
f 2590/2590/2590 2602/2602/2602 2603/2603/2603
f 2594/2594/2594 2592/2592/2592 2604/2604/2604
f 2592/2592/2592 2603/2603/2603 2604/2604/2604
f 2596/2596/2596 2594/2594/2594 2605/2605/2605
f 2594/2594/2594 2604/2604/2604 2605/2605/2605
f 2598/2598/2598 2596/2596/2596 2606/2606/2606
f 2596/2596/2596 2605/2605/2605 2606/2606/2606
f 2600/2600/2600 2598/2598/2598 2607/2607/2607
f 2598/2598/2598 2606/2606/2606 2607/2607/2607
f 2586/2586/2586 2608/2608/2608 2601/2601/2601
f 2586/2586/2586 2584/2584/2584 2608/2608/2608
f 2600/2600/2600 2607/2607/2607 2609/2609/2609
f 2610/2610/2610 2600/2600/2600 2609/2609/2609
f 2584/2584/2584 2611/2611/2611 2608/2608/2608
f 2584/2584/2584 2582/2582/2582 2611/2611/2611
f 2610/2610/2610 2609/2609/2609 2612/2612/2612
f 2613/2613/2613 2610/2610/2610 2612/2612/2612
f 2582/2582/2582 2614/2614/2614 2611/2611/2611
f 2582/2582/2582 2580/2580/2580 2614/2614/2614
f 2613/2613/2613 2612/2612/2612 2615/2615/2615
f 2616/2616/2616 2613/2613/2613 2615/2615/2615
f 2580/2580/2580 2617/2617/2617 2614/2614/2614
f 2580/2580/2580 2578/2578/2578 2617/2617/2617
f 2616/2616/2616 2615/2615/2615 2618/2618/2618
f 2619/2619/2619 2616/2616/2616 2618/2618/2618
f 2578/2578/2578 2620/2620/2620 2617/2617/2617
f 2578/2578/2578 2576/2576/2576 2620/2620/2620
f 2619/2619/2619 2618/2618/2618 2621/2621/2621
f 2622/2622/2622 2619/2619/2619 2621/2621/2621
f 2576/2576/2576 2623/2623/2623 2620/2620/2620
f 2576/2576/2576 2574/2574/2574 2623/2623/2623
f 2574/2574/2574 2624/2624/2624 2623/2623/2623
f 2574/2574/2574 2625/2625/2625 2624/2624/2624
f 2614/2614/2614 2617/2617/2617 2626/2626/2626
f 2617/2617/2617 2620/2620/2620 2627/2627/2627
f 2617/2617/2617 2627/2627/2627 2626/2626/2626
f 2620/2620/2620 2623/2623/2623 2628/2628/2628
f 2620/2620/2620 2628/2628/2628 2627/2627/2627
f 2623/2623/2623 2624/2624/2624 2629/2629/2629
f 2623/2623/2623 2629/2629/2629 2628/2628/2628
f 2614/2614/2614 2626/2626/2626 2630/2630/2630
f 2611/2611/2611 2614/2614/2614 2630/2630/2630
f 2611/2611/2611 2630/2630/2630 2631/2631/2631
f 2608/2608/2608 2611/2611/2611 2631/2631/2631
f 2608/2608/2608 2631/2631/2631 2632/2632/2632
f 2601/2601/2601 2608/2608/2608 2632/2632/2632
f 2601/2601/2601 2632/2632/2632 2633/2633/2633
f 2602/2602/2602 2601/2601/2601 2633/2633/2633
f 2602/2602/2602 2633/2633/2633 2634/2634/2634
f 2603/2603/2603 2602/2602/2602 2634/2634/2634
f 2603/2603/2603 2634/2634/2634 2635/2635/2635
f 2604/2604/2604 2603/2603/2603 2635/2635/2635
f 2604/2604/2604 2635/2635/2635 2636/2636/2636
f 2605/2605/2605 2604/2604/2604 2636/2636/2636
f 2605/2605/2605 2636/2636/2636 2637/2637/2637
f 2606/2606/2606 2605/2605/2605 2637/2637/2637
f 2606/2606/2606 2637/2637/2637 2638/2638/2638
f 2607/2607/2607 2606/2606/2606 2638/2638/2638
f 2607/2607/2607 2638/2638/2638 2639/2639/2639
f 2609/2609/2609 2607/2607/2607 2639/2639/2639
f 2609/2609/2609 2639/2639/2639 2640/2640/2640
f 2612/2612/2612 2609/2609/2609 2640/2640/2640
f 2612/2612/2612 2640/2640/2640 2641/2641/2641
f 2615/2615/2615 2612/2612/2612 2641/2641/2641
f 2615/2615/2615 2641/2641/2641 2642/2642/2642
f 2618/2618/2618 2615/2615/2615 2642/2642/2642
f 2618/2618/2618 2642/2642/2642 2643/2643/2643
f 2621/2621/2621 2618/2618/2618 2643/2643/2643
f 2637/2637/2637 2636/2636/2636 2644/2644/2644
f 2638/2638/2638 2637/2637/2637 2645/2645/2645
f 2637/2637/2637 2644/2644/2644 2645/2645/2645
f 2639/2639/2639 2638/2638/2638 2646/2646/2646
f 2638/2638/2638 2645/2645/2645 2646/2646/2646
f 2640/2640/2640 2639/2639/2639 2647/2647/2647
f 2639/2639/2639 2646/2646/2646 2647/2647/2647
f 2641/2641/2641 2640/2640/2640 2648/2648/2648
f 2640/2640/2640 2647/2647/2647 2648/2648/2648
f 2642/2642/2642 2641/2641/2641 2649/2649/2649
f 2641/2641/2641 2648/2648/2648 2649/2649/2649
f 2643/2643/2643 2642/2642/2642 2650/2650/2650
f 2642/2642/2642 2649/2649/2649 2650/2650/2650
f 2636/2636/2636 2651/2651/2651 2644/2644/2644
f 2636/2636/2636 2635/2635/2635 2651/2651/2651
f 2635/2635/2635 2652/2652/2652 2651/2651/2651
f 2635/2635/2635 2634/2634/2634 2652/2652/2652
f 2634/2634/2634 2653/2653/2653 2652/2652/2652
f 2634/2634/2634 2633/2633/2633 2653/2653/2653
f 2633/2633/2633 2654/2654/2654 2653/2653/2653
f 2633/2633/2633 2632/2632/2632 2654/2654/2654
f 2632/2632/2632 2655/2655/2655 2654/2654/2654
f 2632/2632/2632 2631/2631/2631 2655/2655/2655
f 2631/2631/2631 2656/2656/2656 2655/2655/2655
f 2631/2631/2631 2630/2630/2630 2656/2656/2656
f 2630/2630/2630 2657/2657/2657 2656/2656/2656
f 2630/2630/2630 2626/2626/2626 2657/2657/2657
f 2626/2626/2626 2658/2658/2658 2657/2657/2657
f 2626/2626/2626 2627/2627/2627 2658/2658/2658
f 2627/2627/2627 2659/2659/2659 2658/2658/2658
f 2627/2627/2627 2628/2628/2628 2659/2659/2659
f 2628/2628/2628 2660/2660/2660 2659/2659/2659
f 2628/2628/2628 2629/2629/2629 2660/2660/2660
f 2653/2653/2653 2654/2654/2654 2661/2661/2661
f 2654/2654/2654 2655/2655/2655 2662/2662/2662
f 2654/2654/2654 2662/2662/2662 2661/2661/2661
f 2655/2655/2655 2656/2656/2656 2663/2663/2663
f 2655/2655/2655 2663/2663/2663 2662/2662/2662
f 2656/2656/2656 2657/2657/2657 2664/2664/2664
f 2656/2656/2656 2664/2664/2664 2663/2663/2663
f 2657/2657/2657 2658/2658/2658 2665/2665/2665
f 2657/2657/2657 2665/2665/2665 2664/2664/2664
f 2658/2658/2658 2659/2659/2659 2666/2666/2666
f 2658/2658/2658 2666/2666/2666 2665/2665/2665
f 2659/2659/2659 2660/2660/2660 2667/2667/2667
f 2659/2659/2659 2667/2667/2667 2666/2666/2666
f 2653/2653/2653 2661/2661/2661 2668/2668/2668
f 2652/2652/2652 2653/2653/2653 2668/2668/2668
f 2652/2652/2652 2668/2668/2668 2669/2669/2669
f 2651/2651/2651 2652/2652/2652 2669/2669/2669
f 2651/2651/2651 2669/2669/2669 2670/2670/2670
f 2644/2644/2644 2651/2651/2651 2670/2670/2670
f 2644/2644/2644 2670/2670/2670 2671/2671/2671
f 2645/2645/2645 2644/2644/2644 2671/2671/2671
f 2645/2645/2645 2671/2671/2671 2672/2672/2672
f 2646/2646/2646 2645/2645/2645 2672/2672/2672
f 2646/2646/2646 2672/2672/2672 2673/2673/2673
f 2647/2647/2647 2646/2646/2646 2673/2673/2673
f 2647/2647/2647 2673/2673/2673 2674/2674/2674
f 2648/2648/2648 2647/2647/2647 2674/2674/2674
f 2648/2648/2648 2674/2674/2674 2675/2675/2675
f 2649/2649/2649 2648/2648/2648 2675/2675/2675
f 2649/2649/2649 2675/2675/2675 2676/2676/2676
f 2650/2650/2650 2649/2649/2649 2676/2676/2676
f 2670/2670/2670 2669/2669/2669 2677/2677/2677
f 2671/2671/2671 2670/2670/2670 2678/2678/2678
f 2670/2670/2670 2677/2677/2677 2678/2678/2678
f 2672/2672/2672 2671/2671/2671 2679/2679/2679
f 2671/2671/2671 2678/2678/2678 2679/2679/2679
f 2673/2673/2673 2672/2672/2672 2680/2680/2680
f 2672/2672/2672 2679/2679/2679 2680/2680/2680
f 2674/2674/2674 2673/2673/2673 2681/2681/2681
f 2673/2673/2673 2680/2680/2680 2681/2681/2681
f 2675/2675/2675 2674/2674/2674 2682/2682/2682
f 2674/2674/2674 2681/2681/2681 2682/2682/2682
f 2676/2676/2676 2675/2675/2675 2683/2683/2683
f 2675/2675/2675 2682/2682/2682 2683/2683/2683
f 2669/2669/2669 2684/2684/2684 2677/2677/2677
f 2669/2669/2669 2668/2668/2668 2684/2684/2684
f 2668/2668/2668 2685/2685/2685 2684/2684/2684
f 2668/2668/2668 2661/2661/2661 2685/2685/2685
f 2661/2661/2661 2686/2686/2686 2685/2685/2685
f 2661/2661/2661 2662/2662/2662 2686/2686/2686
f 2662/2662/2662 2687/2687/2687 2686/2686/2686
f 2662/2662/2662 2663/2663/2663 2687/2687/2687
f 2663/2663/2663 2688/2688/2688 2687/2687/2687
f 2663/2663/2663 2664/2664/2664 2688/2688/2688
f 2664/2664/2664 2689/2689/2689 2688/2688/2688
f 2664/2664/2664 2665/2665/2665 2689/2689/2689
f 2665/2665/2665 2690/2690/2690 2689/2689/2689
f 2665/2665/2665 2666/2666/2666 2690/2690/2690
f 2666/2666/2666 2691/2691/2691 2690/2690/2690
f 2666/2666/2666 2667/2667/2667 2691/2691/2691
f 2684/2684/2684 2685/2685/2685 2692/2692/2692
f 2684/2684/2684 2692/2692/2692 2693/2693/2693
f 2685/2685/2685 2694/2694/2694 2692/2692/2692
f 2677/2677/2677 2684/2684/2684 2693/2693/2693
f 2685/2685/2685 2686/2686/2686 2694/2694/2694
f 2677/2677/2677 2693/2693/2693 2695/2695/2695
f 2686/2686/2686 2696/2696/2696 2694/2694/2694
f 2678/2678/2678 2677/2677/2677 2695/2695/2695
f 2686/2686/2686 2687/2687/2687 2696/2696/2696
f 2678/2678/2678 2695/2695/2695 2697/2697/2697
f 2687/2687/2687 2698/2698/2698 2696/2696/2696
f 2679/2679/2679 2678/2678/2678 2697/2697/2697
f 2687/2687/2687 2688/2688/2688 2698/2698/2698
f 2679/2679/2679 2697/2697/2697 2699/2699/2699
f 2688/2688/2688 2700/2700/2700 2698/2698/2698
f 2680/2680/2680 2679/2679/2679 2699/2699/2699
f 2688/2688/2688 2689/2689/2689 2700/2700/2700
f 2680/2680/2680 2699/2699/2699 2701/2701/2701
f 2689/2689/2689 2702/2702/2702 2700/2700/2700
f 2681/2681/2681 2680/2680/2680 2701/2701/2701
f 2689/2689/2689 2690/2690/2690 2702/2702/2702
f 2681/2681/2681 2701/2701/2701 2703/2703/2703
f 2690/2690/2690 2704/2704/2704 2702/2702/2702
f 2682/2682/2682 2681/2681/2681 2703/2703/2703
f 2682/2682/2682 2703/2703/2703 2705/2705/2705
f 2690/2690/2690 2691/2691/2691 2704/2704/2704
f 2683/2683/2683 2682/2682/2682 2705/2705/2705
f 2691/2691/2691 2706/2706/2706 2704/2704/2704
f 2683/2683/2683 2705/2705/2705 2707/2707/2707
f 2691/2691/2691 2708/2708/2708 2706/2706/2706
f 2667/2667/2667 2708/2708/2708 2691/2691/2691
f 2708/2708/2708 2709/2709/2709 2706/2706/2706
f 2710/2710/2710 2683/2683/2683 2707/2707/2707
f 2710/2710/2710 2707/2707/2707 2711/2711/2711
f 2676/2676/2676 2683/2683/2683 2710/2710/2710
f 2667/2667/2667 2712/2712/2712 2708/2708/2708
f 2660/2660/2660 2712/2712/2712 2667/2667/2667
f 2708/2708/2708 2713/2713/2713 2709/2709/2709
f 2712/2712/2712 2713/2713/2713 2708/2708/2708
f 2713/2713/2713 2714/2714/2714 2709/2709/2709
f 2715/2715/2715 2710/2710/2710 2711/2711/2711
f 2715/2715/2715 2711/2711/2711 2716/2716/2716
f 2717/2717/2717 2676/2676/2676 2710/2710/2710
f 2717/2717/2717 2710/2710/2710 2715/2715/2715
f 2650/2650/2650 2676/2676/2676 2717/2717/2717
f 2660/2660/2660 2718/2718/2718 2712/2712/2712
f 2629/2629/2629 2718/2718/2718 2660/2660/2660
f 2713/2713/2713 2719/2719/2719 2714/2714/2714
f 2719/2719/2719 2720/2720/2720 2714/2714/2714
f 2712/2712/2712 2721/2721/2721 2713/2713/2713
f 2718/2718/2718 2721/2721/2721 2712/2712/2712
f 2721/2721/2721 2719/2719/2719 2713/2713/2713
f 2722/2722/2722 2715/2715/2715 2716/2716/2716
f 2722/2722/2722 2716/2716/2716 2723/2723/2723
f 2724/2724/2724 2650/2650/2650 2717/2717/2717
f 2643/2643/2643 2650/2650/2650 2724/2724/2724
f 2725/2725/2725 2717/2717/2717 2715/2715/2715
f 2725/2725/2725 2715/2715/2715 2722/2722/2722
f 2724/2724/2724 2717/2717/2717 2725/2725/2725
f 2719/2719/2719 2726/2726/2726 2720/2720/2720
f 2726/2726/2726 2727/2727/2727 2720/2720/2720
f 2721/2721/2721 2728/2728/2728 2719/2719/2719
f 2728/2728/2728 2726/2726/2726 2719/2719/2719
f 2729/2729/2729 2722/2722/2722 2723/2723/2723
f 2729/2729/2729 2723/2723/2723 2730/2730/2730
f 2731/2731/2731 2643/2643/2643 2724/2724/2724
f 2621/2621/2621 2643/2643/2643 2731/2731/2731
f 2732/2732/2732 2724/2724/2724 2725/2725/2725
f 2731/2731/2731 2724/2724/2724 2732/2732/2732
f 2733/2733/2733 2725/2725/2725 2722/2722/2722
f 2733/2733/2733 2722/2722/2722 2729/2729/2729
f 2732/2732/2732 2725/2725/2725 2733/2733/2733
f 2726/2726/2726 2734/2734/2734 2727/2727/2727
f 2734/2734/2734 2735/2735/2735 2727/2727/2727
f 2736/2736/2736 2729/2729/2729 2730/2730/2730
f 2736/2736/2736 2730/2730/2730 2737/2737/2737
f 2738/2738/2738 2621/2621/2621 2731/2731/2731
f 2622/2622/2622 2621/2621/2621 2738/2738/2738
f 2739/2739/2739 2731/2731/2731 2732/2732/2732
f 2738/2738/2738 2731/2731/2731 2739/2739/2739
f 2740/2740/2740 2732/2732/2732 2733/2733/2733
f 2739/2739/2739 2732/2732/2732 2740/2740/2740
f 2741/2741/2741 2733/2733/2733 2729/2729/2729
f 2741/2741/2741 2729/2729/2729 2736/2736/2736
f 2740/2740/2740 2733/2733/2733 2741/2741/2741
f 2742/2742/2742 2736/2736/2736 2737/2737/2737
f 2742/2742/2742 2737/2737/2737 2743/2743/2743
f 2744/2744/2744 2741/2741/2741 2736/2736/2736
f 2744/2744/2744 2736/2736/2736 2742/2742/2742
f 2745/2745/2745 2740/2740/2740 2741/2741/2741
f 2745/2745/2745 2741/2741/2741 2744/2744/2744
f 2746/2746/2746 2739/2739/2739 2740/2740/2740
f 2746/2746/2746 2740/2740/2740 2745/2745/2745
f 2747/2747/2747 2738/2738/2738 2739/2739/2739
f 2747/2747/2747 2739/2739/2739 2746/2746/2746
f 2748/2748/2748 2742/2742/2742 2743/2743/2743
f 2748/2748/2748 2743/2743/2743 2749/2749/2749
f 2750/2750/2750 2744/2744/2744 2742/2742/2742
f 2750/2750/2750 2742/2742/2742 2748/2748/2748
f 2751/2751/2751 2745/2745/2745 2744/2744/2744
f 2751/2751/2751 2744/2744/2744 2750/2750/2750
f 2752/2752/2752 2746/2746/2746 2745/2745/2745
f 2752/2752/2752 2745/2745/2745 2751/2751/2751
f 2753/2753/2753 2748/2748/2748 2749/2749/2749
f 2753/2753/2753 2749/2749/2749 2754/2754/2754
f 2755/2755/2755 2750/2750/2750 2748/2748/2748
f 2755/2755/2755 2748/2748/2748 2753/2753/2753
f 2756/2756/2756 2751/2751/2751 2750/2750/2750
f 2756/2756/2756 2750/2750/2750 2755/2755/2755
f 2757/2757/2757 2753/2753/2753 2754/2754/2754
f 2757/2757/2757 2754/2754/2754 2758/2758/2758
f 2759/2759/2759 2755/2755/2755 2753/2753/2753
f 2759/2759/2759 2753/2753/2753 2757/2757/2757
f 2760/2760/2760 2757/2757/2757 2758/2758/2758
f 2760/2760/2760 2758/2758/2758 2761/2761/2761
f 2762/2762/2762 2746/2746/2746 2752/2752/2752
f 2762/2762/2762 2747/2747/2747 2746/2746/2746
f 2763/2763/2763 2752/2752/2752 2751/2751/2751
f 2763/2763/2763 2751/2751/2751 2756/2756/2756
f 2764/2764/2764 2756/2756/2756 2755/2755/2755
f 2764/2764/2764 2755/2755/2755 2759/2759/2759
f 2765/2765/2765 2759/2759/2759 2757/2757/2757
f 2765/2765/2765 2757/2757/2757 2760/2760/2760
f 2766/2766/2766 2760/2760/2760 2761/2761/2761
f 2766/2766/2766 2761/2761/2761 2767/2767/2767
f 2768/2768/2768 2762/2762/2762 2752/2752/2752
f 2768/2768/2768 2752/2752/2752 2763/2763/2763
f 2769/2769/2769 2763/2763/2763 2756/2756/2756
f 2769/2769/2769 2756/2756/2756 2764/2764/2764
f 2770/2770/2770 2764/2764/2764 2759/2759/2759
f 2770/2770/2770 2759/2759/2759 2765/2765/2765
f 2771/2771/2771 2765/2765/2765 2760/2760/2760
f 2771/2771/2771 2760/2760/2760 2766/2766/2766
f 2772/2772/2772 2766/2766/2766 2767/2767/2767
f 2772/2772/2772 2767/2767/2767 2773/2773/2773
f 2774/2774/2774 2768/2768/2768 2763/2763/2763
f 2774/2774/2774 2763/2763/2763 2769/2769/2769
f 2775/2775/2775 2769/2769/2769 2764/2764/2764
f 2775/2775/2775 2764/2764/2764 2770/2770/2770
f 2776/2776/2776 2770/2770/2770 2765/2765/2765
f 2776/2776/2776 2765/2765/2765 2771/2771/2771
f 2777/2777/2777 2771/2771/2771 2766/2766/2766
f 2777/2777/2777 2766/2766/2766 2772/2772/2772
f 2778/2778/2778 2772/2772/2772 2773/2773/2773
f 2778/2778/2778 2773/2773/2773 2779/2779/2779
f 2780/2780/2780 2774/2774/2774 2769/2769/2769
f 2780/2780/2780 2769/2769/2769 2775/2775/2775
f 2781/2781/2781 2775/2775/2775 2770/2770/2770
f 2781/2781/2781 2770/2770/2770 2776/2776/2776
f 2782/2782/2782 2776/2776/2776 2771/2771/2771
f 2782/2782/2782 2771/2771/2771 2777/2777/2777
f 2783/2783/2783 2777/2777/2777 2772/2772/2772
f 2783/2783/2783 2772/2772/2772 2778/2778/2778
f 2784/2784/2784 2778/2778/2778 2779/2779/2779
f 2784/2784/2784 2779/2779/2779 2785/2785/2785
f 2786/2786/2786 2780/2780/2780 2775/2775/2775
f 2786/2786/2786 2775/2775/2775 2781/2781/2781
f 2787/2787/2787 2781/2781/2781 2776/2776/2776
f 2787/2787/2787 2776/2776/2776 2782/2782/2782
f 2788/2788/2788 2782/2782/2782 2777/2777/2777
f 2788/2788/2788 2777/2777/2777 2783/2783/2783
f 2789/2789/2789 2783/2783/2783 2778/2778/2778
f 2789/2789/2789 2778/2778/2778 2784/2784/2784
f 2790/2790/2790 2784/2784/2784 2785/2785/2785
f 2790/2790/2790 2785/2785/2785 2791/2791/2791
f 2792/2792/2792 2786/2786/2786 2781/2781/2781
f 2792/2792/2792 2781/2781/2781 2787/2787/2787
f 2793/2793/2793 2787/2787/2787 2782/2782/2782
f 2793/2793/2793 2782/2782/2782 2788/2788/2788
f 2794/2794/2794 2788/2788/2788 2783/2783/2783
f 2794/2794/2794 2783/2783/2783 2789/2789/2789
f 2795/2795/2795 2789/2789/2789 2784/2784/2784
f 2795/2795/2795 2784/2784/2784 2790/2790/2790
f 2796/2796/2796 2790/2790/2790 2791/2791/2791
f 2796/2796/2796 2791/2791/2791 2797/2797/2797
f 2798/2798/2798 2792/2792/2792 2787/2787/2787
f 2798/2798/2798 2787/2787/2787 2793/2793/2793
f 2799/2799/2799 2793/2793/2793 2788/2788/2788
f 2799/2799/2799 2788/2788/2788 2794/2794/2794
f 2800/2800/2800 2794/2794/2794 2789/2789/2789
f 2800/2800/2800 2789/2789/2789 2795/2795/2795
f 2801/2801/2801 2795/2795/2795 2790/2790/2790
f 2801/2801/2801 2790/2790/2790 2796/2796/2796
f 2802/2802/2802 2796/2796/2796 2797/2797/2797
f 2802/2802/2802 2797/2797/2797 2803/2803/2803
f 2804/2804/2804 2798/2798/2798 2793/2793/2793
f 2804/2804/2804 2793/2793/2793 2799/2799/2799
f 2805/2805/2805 2799/2799/2799 2794/2794/2794
f 2805/2805/2805 2794/2794/2794 2800/2800/2800
f 2806/2806/2806 2800/2800/2800 2795/2795/2795
f 2806/2806/2806 2795/2795/2795 2801/2801/2801
f 2807/2807/2807 2801/2801/2801 2796/2796/2796
f 2807/2807/2807 2796/2796/2796 2802/2802/2802
f 2808/2808/2808 2802/2802/2802 2803/2803/2803
f 2808/2808/2808 2803/2803/2803 2809/2809/2809
f 2810/2810/2810 2804/2804/2804 2799/2799/2799
f 2810/2810/2810 2799/2799/2799 2805/2805/2805
f 2811/2811/2811 2805/2805/2805 2800/2800/2800
f 2811/2811/2811 2800/2800/2800 2806/2806/2806
f 2812/2812/2812 2806/2806/2806 2801/2801/2801
f 2812/2812/2812 2801/2801/2801 2807/2807/2807
f 2813/2813/2813 2807/2807/2807 2802/2802/2802
f 2813/2813/2813 2802/2802/2802 2808/2808/2808
f 2814/2814/2814 2808/2808/2808 2809/2809/2809
f 2814/2814/2814 2809/2809/2809 2815/2815/2815
f 2816/2816/2816 2810/2810/2810 2805/2805/2805
f 2816/2816/2816 2805/2805/2805 2811/2811/2811
f 2817/2817/2817 2811/2811/2811 2806/2806/2806
f 2817/2817/2817 2806/2806/2806 2812/2812/2812
f 2818/2818/2818 2812/2812/2812 2807/2807/2807
f 2818/2818/2818 2807/2807/2807 2813/2813/2813
f 2819/2819/2819 2813/2813/2813 2808/2808/2808
f 2819/2819/2819 2808/2808/2808 2814/2814/2814
f 2820/2820/2820 2814/2814/2814 2815/2815/2815
f 2820/2820/2820 2815/2815/2815 2821/2821/2821
f 2822/2822/2822 2816/2816/2816 2811/2811/2811
f 2822/2822/2822 2811/2811/2811 2817/2817/2817
f 2823/2823/2823 2817/2817/2817 2812/2812/2812
f 2823/2823/2823 2812/2812/2812 2818/2818/2818
f 2824/2824/2824 2818/2818/2818 2813/2813/2813
f 2824/2824/2824 2813/2813/2813 2819/2819/2819
f 2825/2825/2825 2819/2819/2819 2814/2814/2814
f 2825/2825/2825 2814/2814/2814 2820/2820/2820
f 2826/2826/2826 2820/2820/2820 2821/2821/2821
f 2826/2826/2826 2821/2821/2821 2827/2827/2827
f 2828/2828/2828 2822/2822/2822 2817/2817/2817
f 2828/2828/2828 2817/2817/2817 2823/2823/2823
f 2829/2829/2829 2823/2823/2823 2818/2818/2818
f 2829/2829/2829 2818/2818/2818 2824/2824/2824
f 2830/2830/2830 2824/2824/2824 2819/2819/2819
f 2830/2830/2830 2819/2819/2819 2825/2825/2825
f 2831/2831/2831 2825/2825/2825 2820/2820/2820
f 2831/2831/2831 2820/2820/2820 2826/2826/2826
f 2832/2832/2832 2826/2826/2826 2827/2827/2827
f 2832/2832/2832 2827/2827/2827 2833/2833/2833
f 2834/2834/2834 2828/2828/2828 2823/2823/2823
f 2834/2834/2834 2823/2823/2823 2829/2829/2829
f 2835/2835/2835 2829/2829/2829 2824/2824/2824
f 2835/2835/2835 2824/2824/2824 2830/2830/2830
f 2836/2836/2836 2830/2830/2830 2825/2825/2825
f 2836/2836/2836 2825/2825/2825 2831/2831/2831
f 2837/2837/2837 2831/2831/2831 2826/2826/2826
f 2837/2837/2837 2826/2826/2826 2832/2832/2832
f 2838/2838/2838 2832/2832/2832 2833/2833/2833
f 2838/2838/2838 2833/2833/2833 2839/2839/2839
f 2840/2840/2840 2834/2834/2834 2829/2829/2829
f 2840/2840/2840 2829/2829/2829 2835/2835/2835
f 2841/2841/2841 2835/2835/2835 2830/2830/2830
f 2841/2841/2841 2830/2830/2830 2836/2836/2836
f 2842/2842/2842 2836/2836/2836 2831/2831/2831
f 2842/2842/2842 2831/2831/2831 2837/2837/2837
f 2843/2843/2843 2837/2837/2837 2832/2832/2832
f 2843/2843/2843 2832/2832/2832 2838/2838/2838
f 2844/2844/2844 2838/2838/2838 2839/2839/2839
f 2844/2844/2844 2839/2839/2839 2845/2845/2845
f 2846/2846/2846 2840/2840/2840 2835/2835/2835
f 2846/2846/2846 2835/2835/2835 2841/2841/2841
f 2847/2847/2847 2841/2841/2841 2836/2836/2836
f 2847/2847/2847 2836/2836/2836 2842/2842/2842
f 2848/2848/2848 2842/2842/2842 2837/2837/2837
f 2848/2848/2848 2837/2837/2837 2843/2843/2843
f 2849/2849/2849 2843/2843/2843 2838/2838/2838
f 2849/2849/2849 2838/2838/2838 2844/2844/2844
f 2850/2850/2850 2844/2844/2844 2845/2845/2845
f 2850/2850/2850 2845/2845/2845 2851/2851/2851
f 2852/2852/2852 2846/2846/2846 2841/2841/2841
f 2852/2852/2852 2841/2841/2841 2847/2847/2847
f 2853/2853/2853 2847/2847/2847 2842/2842/2842
f 2853/2853/2853 2842/2842/2842 2848/2848/2848
f 2854/2854/2854 2848/2848/2848 2843/2843/2843
f 2854/2854/2854 2843/2843/2843 2849/2849/2849
f 2855/2855/2855 2849/2849/2849 2844/2844/2844
f 2855/2855/2855 2844/2844/2844 2850/2850/2850
f 2856/2856/2856 2850/2850/2850 2851/2851/2851
f 2856/2856/2856 2851/2851/2851 2857/2857/2857
f 2858/2858/2858 2852/2852/2852 2847/2847/2847
f 2858/2858/2858 2847/2847/2847 2853/2853/2853
f 2859/2859/2859 2853/2853/2853 2848/2848/2848
f 2859/2859/2859 2848/2848/2848 2854/2854/2854
f 2860/2860/2860 2854/2854/2854 2849/2849/2849
f 2860/2860/2860 2849/2849/2849 2855/2855/2855
f 2861/2861/2861 2855/2855/2855 2850/2850/2850
f 2861/2861/2861 2850/2850/2850 2856/2856/2856
f 2862/2862/2862 2856/2856/2856 2857/2857/2857
f 2862/2862/2862 2857/2857/2857 2863/2863/2863
f 2864/2864/2864 2858/2858/2858 2853/2853/2853
f 2864/2864/2864 2853/2853/2853 2859/2859/2859
f 2865/2865/2865 2859/2859/2859 2854/2854/2854
f 2865/2865/2865 2854/2854/2854 2860/2860/2860
f 2866/2866/2866 2860/2860/2860 2855/2855/2855
f 2866/2866/2866 2855/2855/2855 2861/2861/2861
f 2867/2867/2867 2861/2861/2861 2856/2856/2856
f 2867/2867/2867 2856/2856/2856 2862/2862/2862
f 2868/2868/2868 2862/2862/2862 2863/2863/2863
f 2868/2868/2868 2863/2863/2863 2869/2869/2869
f 2870/2870/2870 2864/2864/2864 2859/2859/2859
f 2870/2870/2870 2859/2859/2859 2865/2865/2865
f 2871/2871/2871 2865/2865/2865 2860/2860/2860
f 2871/2871/2871 2860/2860/2860 2866/2866/2866
f 2872/2872/2872 2866/2866/2866 2861/2861/2861
f 2872/2872/2872 2861/2861/2861 2867/2867/2867
f 2873/2873/2873 2867/2867/2867 2862/2862/2862
f 2873/2873/2873 2862/2862/2862 2868/2868/2868
f 2874/2874/2874 2868/2868/2868 2869/2869/2869
f 2874/2874/2874 2869/2869/2869 2875/2875/2875
f 2876/2876/2876 2870/2870/2870 2865/2865/2865
f 2876/2876/2876 2865/2865/2865 2871/2871/2871
f 2877/2877/2877 2871/2871/2871 2866/2866/2866
f 2877/2877/2877 2866/2866/2866 2872/2872/2872
f 2878/2878/2878 2872/2872/2872 2867/2867/2867
f 2878/2878/2878 2867/2867/2867 2873/2873/2873
f 2879/2879/2879 2873/2873/2873 2868/2868/2868
f 2879/2879/2879 2868/2868/2868 2874/2874/2874
f 2880/2880/2880 2874/2874/2874 2875/2875/2875
f 2880/2880/2880 2875/2875/2875 2881/2881/2881
f 2882/2882/2882 2876/2876/2876 2871/2871/2871
f 2882/2882/2882 2871/2871/2871 2877/2877/2877
f 2883/2883/2883 2877/2877/2877 2872/2872/2872
f 2883/2883/2883 2872/2872/2872 2878/2878/2878
f 2884/2884/2884 2878/2878/2878 2873/2873/2873
f 2884/2884/2884 2873/2873/2873 2879/2879/2879
f 2885/2885/2885 2879/2879/2879 2874/2874/2874
f 2885/2885/2885 2874/2874/2874 2880/2880/2880
f 2886/2886/2886 2880/2880/2880 2881/2881/2881
f 2886/2886/2886 2881/2881/2881 2887/2887/2887
f 2888/2888/2888 2882/2882/2882 2877/2877/2877
f 2888/2888/2888 2877/2877/2877 2883/2883/2883
f 2889/2889/2889 2883/2883/2883 2878/2878/2878
f 2889/2889/2889 2878/2878/2878 2884/2884/2884
f 2890/2890/2890 2884/2884/2884 2879/2879/2879
f 2890/2890/2890 2879/2879/2879 2885/2885/2885
f 2891/2891/2891 2885/2885/2885 2880/2880/2880
f 2891/2891/2891 2880/2880/2880 2886/2886/2886
f 2892/2892/2892 2886/2886/2886 2887/2887/2887
f 2892/2892/2892 2887/2887/2887 2893/2893/2893
f 2894/2894/2894 2888/2888/2888 2883/2883/2883
f 2894/2894/2894 2883/2883/2883 2889/2889/2889
f 2895/2895/2895 2889/2889/2889 2884/2884/2884
f 2895/2895/2895 2884/2884/2884 2890/2890/2890
f 2896/2896/2896 2890/2890/2890 2885/2885/2885
f 2896/2896/2896 2885/2885/2885 2891/2891/2891
f 2897/2897/2897 2891/2891/2891 2886/2886/2886
f 2897/2897/2897 2886/2886/2886 2892/2892/2892
f 2898/2898/2898 2892/2892/2892 2893/2893/2893
f 2898/2898/2898 2893/2893/2893 2899/2899/2899
f 2900/2900/2900 2894/2894/2894 2889/2889/2889
f 2900/2900/2900 2889/2889/2889 2895/2895/2895
f 2901/2901/2901 2895/2895/2895 2890/2890/2890
f 2901/2901/2901 2890/2890/2890 2896/2896/2896
f 2902/2902/2902 2896/2896/2896 2891/2891/2891
f 2902/2902/2902 2891/2891/2891 2897/2897/2897
f 2903/2903/2903 2897/2897/2897 2892/2892/2892
f 2903/2903/2903 2892/2892/2892 2898/2898/2898
f 2904/2904/2904 2898/2898/2898 2899/2899/2899
f 2904/2904/2904 2899/2899/2899 2905/2905/2905
f 2906/2906/2906 2900/2900/2900 2895/2895/2895
f 2906/2906/2906 2895/2895/2895 2901/2901/2901
f 2907/2907/2907 2901/2901/2901 2896/2896/2896
f 2907/2907/2907 2896/2896/2896 2902/2902/2902
f 2908/2908/2908 2902/2902/2902 2897/2897/2897
f 2908/2908/2908 2897/2897/2897 2903/2903/2903
f 2909/2909/2909 2903/2903/2903 2898/2898/2898
f 2909/2909/2909 2898/2898/2898 2904/2904/2904
f 2910/2910/2910 2904/2904/2904 2905/2905/2905
f 2910/2910/2910 2905/2905/2905 2911/2911/2911
f 2912/2912/2912 2906/2906/2906 2901/2901/2901
f 2912/2912/2912 2901/2901/2901 2907/2907/2907
f 2913/2913/2913 2907/2907/2907 2902/2902/2902
f 2913/2913/2913 2902/2902/2902 2908/2908/2908
f 2914/2914/2914 2908/2908/2908 2903/2903/2903
f 2914/2914/2914 2903/2903/2903 2909/2909/2909
f 2915/2915/2915 2909/2909/2909 2904/2904/2904
f 2915/2915/2915 2904/2904/2904 2910/2910/2910
f 2916/2916/2916 2910/2910/2910 2911/2911/2911
f 2916/2916/2916 2911/2911/2911 2917/2917/2917
f 2918/2918/2918 2912/2912/2912 2907/2907/2907
f 2918/2918/2918 2907/2907/2907 2913/2913/2913
f 2919/2919/2919 2913/2913/2913 2908/2908/2908
f 2919/2919/2919 2908/2908/2908 2914/2914/2914
f 2920/2920/2920 2914/2914/2914 2909/2909/2909
f 2920/2920/2920 2909/2909/2909 2915/2915/2915
f 2921/2921/2921 2915/2915/2915 2910/2910/2910
f 2921/2921/2921 2910/2910/2910 2916/2916/2916
f 2922/2922/2922 2916/2916/2916 2917/2917/2917
f 2922/2922/2922 2917/2917/2917 2923/2923/2923
f 2924/2924/2924 2918/2918/2918 2913/2913/2913
f 2924/2924/2924 2913/2913/2913 2919/2919/2919
f 2925/2925/2925 2919/2919/2919 2914/2914/2914
f 2925/2925/2925 2914/2914/2914 2920/2920/2920
f 2926/2926/2926 2920/2920/2920 2915/2915/2915
f 2926/2926/2926 2915/2915/2915 2921/2921/2921
f 2927/2927/2927 2921/2921/2921 2916/2916/2916
f 2927/2927/2927 2916/2916/2916 2922/2922/2922
f 2928/2928/2928 2922/2922/2922 2923/2923/2923
f 2928/2928/2928 2923/2923/2923 2929/2929/2929
f 2930/2930/2930 2924/2924/2924 2919/2919/2919
f 2930/2930/2930 2919/2919/2919 2925/2925/2925
f 2931/2931/2931 2925/2925/2925 2920/2920/2920
f 2931/2931/2931 2920/2920/2920 2926/2926/2926
f 2932/2932/2932 2926/2926/2926 2921/2921/2921
f 2932/2932/2932 2921/2921/2921 2927/2927/2927
f 2933/2933/2933 2927/2927/2927 2922/2922/2922
f 2933/2933/2933 2922/2922/2922 2928/2928/2928
f 2934/2934/2934 2928/2928/2928 2929/2929/2929
f 2934/2934/2934 2929/2929/2929 2935/2935/2935
f 2936/2936/2936 2930/2930/2930 2925/2925/2925
f 2936/2936/2936 2925/2925/2925 2931/2931/2931
f 2937/2937/2937 2931/2931/2931 2926/2926/2926
f 2937/2937/2937 2926/2926/2926 2932/2932/2932
f 2938/2938/2938 2932/2932/2932 2927/2927/2927
f 2938/2938/2938 2927/2927/2927 2933/2933/2933
f 2939/2939/2939 2933/2933/2933 2928/2928/2928
f 2939/2939/2939 2928/2928/2928 2934/2934/2934
f 2940/2940/2940 2934/2934/2934 2935/2935/2935
f 2940/2940/2940 2935/2935/2935 2941/2941/2941
f 2942/2942/2942 2936/2936/2936 2931/2931/2931
f 2942/2942/2942 2931/2931/2931 2937/2937/2937
f 2943/2943/2943 2937/2937/2937 2932/2932/2932
f 2943/2943/2943 2932/2932/2932 2938/2938/2938
f 2944/2944/2944 2938/2938/2938 2933/2933/2933
f 2944/2944/2944 2933/2933/2933 2939/2939/2939
f 2945/2945/2945 2939/2939/2939 2934/2934/2934
f 2945/2945/2945 2934/2934/2934 2940/2940/2940
f 2946/2946/2946 2940/2940/2940 2941/2941/2941
f 2946/2946/2946 2941/2941/2941 2947/2947/2947
f 2948/2948/2948 2942/2942/2942 2937/2937/2937
f 2948/2948/2948 2937/2937/2937 2943/2943/2943
f 2949/2949/2949 2943/2943/2943 2938/2938/2938
f 2949/2949/2949 2938/2938/2938 2944/2944/2944
f 2950/2950/2950 2944/2944/2944 2939/2939/2939
f 2950/2950/2950 2939/2939/2939 2945/2945/2945
f 2951/2951/2951 2945/2945/2945 2940/2940/2940
f 2951/2951/2951 2940/2940/2940 2946/2946/2946
f 2952/2952/2952 2946/2946/2946 2947/2947/2947
f 2952/2952/2952 2947/2947/2947 2953/2953/2953
f 2954/2954/2954 2948/2948/2948 2943/2943/2943
f 2954/2954/2954 2943/2943/2943 2949/2949/2949
f 2955/2955/2955 2949/2949/2949 2944/2944/2944
f 2955/2955/2955 2944/2944/2944 2950/2950/2950
f 2956/2956/2956 2950/2950/2950 2945/2945/2945
f 2956/2956/2956 2945/2945/2945 2951/2951/2951
f 2957/2957/2957 2951/2951/2951 2946/2946/2946
f 2957/2957/2957 2946/2946/2946 2952/2952/2952
f 2958/2958/2958 2952/2952/2952 2953/2953/2953
f 2958/2958/2958 2953/2953/2953 2959/2959/2959
f 2960/2960/2960 2954/2954/2954 2949/2949/2949
f 2960/2960/2960 2949/2949/2949 2955/2955/2955
f 2961/2961/2961 2955/2955/2955 2950/2950/2950
f 2961/2961/2961 2950/2950/2950 2956/2956/2956
f 2962/2962/2962 2956/2956/2956 2951/2951/2951
f 2962/2962/2962 2951/2951/2951 2957/2957/2957
f 2963/2963/2963 2957/2957/2957 2952/2952/2952
f 2963/2963/2963 2952/2952/2952 2958/2958/2958
f 2964/2964/2964 2958/2958/2958 2959/2959/2959
f 2964/2964/2964 2959/2959/2959 2735/2735/2735
f 2734/2734/2734 2964/2964/2964 2735/2735/2735
f 2965/2965/2965 2958/2958/2958 2964/2964/2964
f 2965/2965/2965 2963/2963/2963 2958/2958/2958
f 2966/2966/2966 2957/2957/2957 2963/2963/2963
f 2966/2966/2966 2962/2962/2962 2957/2957/2957
f 2967/2967/2967 2956/2956/2956 2962/2962/2962
f 2967/2967/2967 2961/2961/2961 2956/2956/2956
f 2968/2968/2968 2964/2964/2964 2734/2734/2734
f 2968/2968/2968 2965/2965/2965 2964/2964/2964
f 2969/2969/2969 2963/2963/2963 2965/2965/2965
f 2969/2969/2969 2966/2966/2966 2963/2963/2963
f 2970/2970/2970 2962/2962/2962 2966/2966/2966
f 2970/2970/2970 2967/2967/2967 2962/2962/2962
f 2971/2971/2971 2968/2968/2968 2734/2734/2734
f 2971/2971/2971 2734/2734/2734 2726/2726/2726
f 2728/2728/2728 2971/2971/2971 2726/2726/2726
f 2972/2972/2972 2965/2965/2965 2968/2968/2968
f 2972/2972/2972 2969/2969/2969 2965/2965/2965
f 2973/2973/2973 2966/2966/2966 2969/2969/2969
f 2973/2973/2973 2970/2970/2970 2966/2966/2966
f 2974/2974/2974 2968/2968/2968 2971/2971/2971
f 2974/2974/2974 2972/2972/2972 2968/2968/2968
f 2975/2975/2975 2971/2971/2971 2728/2728/2728
f 2975/2975/2975 2974/2974/2974 2971/2971/2971
f 2976/2976/2976 2969/2969/2969 2972/2972/2972
f 2976/2976/2976 2973/2973/2973 2969/2969/2969
f 2977/2977/2977 2972/2972/2972 2974/2974/2974
f 2977/2977/2977 2976/2976/2976 2972/2972/2972
f 2978/2978/2978 2975/2975/2975 2728/2728/2728
f 2978/2978/2978 2728/2728/2728 2721/2721/2721
f 2718/2718/2718 2978/2978/2978 2721/2721/2721
f 2979/2979/2979 2974/2974/2974 2975/2975/2975
f 2979/2979/2979 2977/2977/2977 2974/2974/2974
f 2980/2980/2980 2978/2978/2978 2718/2718/2718
f 2629/2629/2629 2980/2980/2980 2718/2718/2718
f 2624/2624/2624 2980/2980/2980 2629/2629/2629
f 2981/2981/2981 2975/2975/2975 2978/2978/2978
f 2980/2980/2980 2981/2981/2981 2978/2978/2978
f 2981/2981/2981 2979/2979/2979 2975/2975/2975
f 2624/2624/2624 2982/2982/2982 2980/2980/2980
f 2982/2982/2982 2981/2981/2981 2980/2980/2980
f 2625/2625/2625 2982/2982/2982 2624/2624/2624
f 2983/2983/2983 2979/2979/2979 2981/2981/2981
f 2982/2982/2982 2983/2983/2983 2981/2981/2981
f 2625/2625/2625 2984/2984/2984 2982/2982/2982
f 2984/2984/2984 2983/2983/2983 2982/2982/2982
f 2985/2985/2985 2984/2984/2984 2625/2625/2625
f 2985/2985/2985 2986/2986/2986 2984/2984/2984
f 2986/2986/2986 2987/2987/2987 2984/2984/2984
f 2984/2984/2984 2987/2987/2987 2983/2983/2983
f 2986/2986/2986 2988/2988/2988 2987/2987/2987
f 2983/2983/2983 2989/2989/2989 2979/2979/2979
f 2987/2987/2987 2989/2989/2989 2983/2983/2983
f 2989/2989/2989 2977/2977/2977 2979/2979/2979
f 2988/2988/2988 2990/2990/2990 2987/2987/2987
f 2987/2987/2987 2990/2990/2990 2989/2989/2989
f 2988/2988/2988 2991/2991/2991 2990/2990/2990
f 2989/2989/2989 2992/2992/2992 2977/2977/2977
f 2990/2990/2990 2992/2992/2992 2989/2989/2989
f 2992/2992/2992 2976/2976/2976 2977/2977/2977
f 2991/2991/2991 2993/2993/2993 2990/2990/2990
f 2990/2990/2990 2993/2993/2993 2992/2992/2992
f 2991/2991/2991 2994/2994/2994 2993/2993/2993
f 2992/2992/2992 2995/2995/2995 2976/2976/2976
f 2993/2993/2993 2995/2995/2995 2992/2992/2992
f 2995/2995/2995 2973/2973/2973 2976/2976/2976
f 2994/2994/2994 2996/2996/2996 2993/2993/2993
f 2993/2993/2993 2996/2996/2996 2995/2995/2995
f 2994/2994/2994 2997/2997/2997 2996/2996/2996
f 2995/2995/2995 2998/2998/2998 2973/2973/2973
f 2996/2996/2996 2998/2998/2998 2995/2995/2995
f 2998/2998/2998 2970/2970/2970 2973/2973/2973
f 2997/2997/2997 2999/2999/2999 2996/2996/2996
f 2996/2996/2996 2999/2999/2999 2998/2998/2998
f 2997/2997/2997 3000/3000/3000 2999/2999/2999
f 2998/2998/2998 3001/3001/3001 2970/2970/2970
f 2999/2999/2999 3001/3001/3001 2998/2998/2998
f 3001/3001/3001 2967/2967/2967 2970/2970/2970
f 3000/3000/3000 3002/3002/3002 2999/2999/2999
f 2999/2999/2999 3002/3002/3002 3001/3001/3001
f 3000/3000/3000 3003/3003/3003 3002/3002/3002
f 3001/3001/3001 3004/3004/3004 2967/2967/2967
f 3002/3002/3002 3004/3004/3004 3001/3001/3001
f 3004/3004/3004 2961/2961/2961 2967/2967/2967
f 3003/3003/3003 3005/3005/3005 3002/3002/3002
f 3002/3002/3002 3005/3005/3005 3004/3004/3004
f 3003/3003/3003 3006/3006/3006 3005/3005/3005
f 3004/3004/3004 3007/3007/3007 2961/2961/2961
f 3005/3005/3005 3007/3007/3007 3004/3004/3004
f 3007/3007/3007 2955/2955/2955 2961/2961/2961
f 3007/3007/3007 2960/2960/2960 2955/2955/2955
f 3006/3006/3006 3008/3008/3008 3005/3005/3005
f 3005/3005/3005 3008/3008/3008 3007/3007/3007
f 3008/3008/3008 2960/2960/2960 3007/3007/3007
f 3006/3006/3006 3009/3009/3009 3008/3008/3008
f 3008/3008/3008 3010/3010/3010 2960/2960/2960
f 3009/3009/3009 3010/3010/3010 3008/3008/3008
f 3010/3010/3010 2954/2954/2954 2960/2960/2960
f 3009/3009/3009 3011/3011/3011 3010/3010/3010
f 3010/3010/3010 3012/3012/3012 2954/2954/2954
f 3011/3011/3011 3012/3012/3012 3010/3010/3010
f 3012/3012/3012 2948/2948/2948 2954/2954/2954
f 3011/3011/3011 3013/3013/3013 3012/3012/3012
f 3012/3012/3012 3014/3014/3014 2948/2948/2948
f 3013/3013/3013 3014/3014/3014 3012/3012/3012
f 3014/3014/3014 2942/2942/2942 2948/2948/2948
f 3013/3013/3013 3015/3015/3015 3014/3014/3014
f 3014/3014/3014 3016/3016/3016 2942/2942/2942
f 3015/3015/3015 3016/3016/3016 3014/3014/3014
f 3015/3015/3015 3017/3017/3017 3016/3016/3016
f 3016/3016/3016 2936/2936/2936 2942/2942/2942
f 3016/3016/3016 3018/3018/3018 2936/2936/2936
f 3018/3018/3018 2930/2930/2930 2936/2936/2936
f 3018/3018/3018 3019/3019/3019 2930/2930/2930
f 3019/3019/3019 2924/2924/2924 2930/2930/2930
f 3019/3019/3019 3020/3020/3020 2924/2924/2924
f 3020/3020/3020 2918/2918/2918 2924/2924/2924
f 3020/3020/3020 3021/3021/3021 2918/2918/2918
f 3021/3021/3021 2912/2912/2912 2918/2918/2918
f 3021/3021/3021 3022/3022/3022 2912/2912/2912
f 3022/3022/3022 2906/2906/2906 2912/2912/2912
f 3022/3022/3022 3023/3023/3023 2906/2906/2906
f 3024/3024/3024 3023/3023/3023 3022/3022/3022
f 3023/3023/3023 2900/2900/2900 2906/2906/2906
f 3024/3024/3024 3025/3025/3025 3023/3023/3023
f 3023/3023/3023 3026/3026/3026 2900/2900/2900
f 3025/3025/3025 3026/3026/3026 3023/3023/3023
f 3026/3026/3026 2894/2894/2894 2900/2900/2900
f 3025/3025/3025 3027/3027/3027 3026/3026/3026
f 3026/3026/3026 3028/3028/3028 2894/2894/2894
f 3027/3027/3027 3028/3028/3028 3026/3026/3026
f 3028/3028/3028 2888/2888/2888 2894/2894/2894
f 3027/3027/3027 3029/3029/3029 3028/3028/3028
f 3028/3028/3028 3030/3030/3030 2888/2888/2888
f 3029/3029/3029 3030/3030/3030 3028/3028/3028
f 3030/3030/3030 2882/2882/2882 2888/2888/2888
f 3029/3029/3029 3031/3031/3031 3030/3030/3030
f 3030/3030/3030 3032/3032/3032 2882/2882/2882
f 3031/3031/3031 3032/3032/3032 3030/3030/3030
f 3032/3032/3032 2876/2876/2876 2882/2882/2882
f 3031/3031/3031 3033/3033/3033 3032/3032/3032
f 3032/3032/3032 3034/3034/3034 2876/2876/2876
f 3033/3033/3033 3034/3034/3034 3032/3032/3032
f 3034/3034/3034 2870/2870/2870 2876/2876/2876
f 3033/3033/3033 3035/3035/3035 3034/3034/3034
f 3034/3034/3034 3036/3036/3036 2870/2870/2870
f 3035/3035/3035 3036/3036/3036 3034/3034/3034
f 3036/3036/3036 2864/2864/2864 2870/2870/2870
f 3035/3035/3035 3037/3037/3037 3036/3036/3036
f 3036/3036/3036 3038/3038/3038 2864/2864/2864
f 3037/3037/3037 3038/3038/3038 3036/3036/3036
f 3038/3038/3038 2858/2858/2858 2864/2864/2864
f 3037/3037/3037 3039/3039/3039 3038/3038/3038
f 3038/3038/3038 3040/3040/3040 2858/2858/2858
f 3039/3039/3039 3040/3040/3040 3038/3038/3038
f 3040/3040/3040 2852/2852/2852 2858/2858/2858
f 3039/3039/3039 3041/3041/3041 3040/3040/3040
f 3040/3040/3040 3042/3042/3042 2852/2852/2852
f 3041/3041/3041 3042/3042/3042 3040/3040/3040
f 3042/3042/3042 2846/2846/2846 2852/2852/2852
f 3041/3041/3041 3043/3043/3043 3042/3042/3042
f 3042/3042/3042 3044/3044/3044 2846/2846/2846
f 3043/3043/3043 3044/3044/3044 3042/3042/3042
f 3044/3044/3044 2840/2840/2840 2846/2846/2846
f 3043/3043/3043 3045/3045/3045 3044/3044/3044
f 3044/3044/3044 3046/3046/3046 2840/2840/2840
f 3045/3045/3045 3046/3046/3046 3044/3044/3044
f 3046/3046/3046 2834/2834/2834 2840/2840/2840
f 3045/3045/3045 3047/3047/3047 3046/3046/3046
f 3046/3046/3046 3048/3048/3048 2834/2834/2834
f 3047/3047/3047 3048/3048/3048 3046/3046/3046
f 3048/3048/3048 2828/2828/2828 2834/2834/2834
f 3047/3047/3047 3049/3049/3049 3048/3048/3048
f 3048/3048/3048 3050/3050/3050 2828/2828/2828
f 3049/3049/3049 3050/3050/3050 3048/3048/3048
f 3050/3050/3050 2822/2822/2822 2828/2828/2828
f 3049/3049/3049 3051/3051/3051 3050/3050/3050
f 3050/3050/3050 3052/3052/3052 2822/2822/2822
f 3051/3051/3051 3052/3052/3052 3050/3050/3050
f 3052/3052/3052 2816/2816/2816 2822/2822/2822
f 3051/3051/3051 3053/3053/3053 3052/3052/3052
f 3052/3052/3052 3054/3054/3054 2816/2816/2816
f 3053/3053/3053 3054/3054/3054 3052/3052/3052
f 3054/3054/3054 2810/2810/2810 2816/2816/2816
f 3053/3053/3053 3055/3055/3055 3054/3054/3054
f 3054/3054/3054 3056/3056/3056 2810/2810/2810
f 3055/3055/3055 3056/3056/3056 3054/3054/3054
f 3056/3056/3056 2804/2804/2804 2810/2810/2810
f 3055/3055/3055 3057/3057/3057 3056/3056/3056
f 3056/3056/3056 3058/3058/3058 2804/2804/2804
f 3057/3057/3057 3058/3058/3058 3056/3056/3056
f 3058/3058/3058 2798/2798/2798 2804/2804/2804
f 3057/3057/3057 3059/3059/3059 3058/3058/3058
f 3058/3058/3058 3060/3060/3060 2798/2798/2798
f 3059/3059/3059 3060/3060/3060 3058/3058/3058
f 3060/3060/3060 2792/2792/2792 2798/2798/2798
f 3059/3059/3059 3061/3061/3061 3060/3060/3060
f 3060/3060/3060 3062/3062/3062 2792/2792/2792
f 3061/3061/3061 3062/3062/3062 3060/3060/3060
f 3062/3062/3062 2786/2786/2786 2792/2792/2792
f 3061/3061/3061 3063/3063/3063 3062/3062/3062
f 3062/3062/3062 3064/3064/3064 2786/2786/2786
f 3063/3063/3063 3064/3064/3064 3062/3062/3062
f 3064/3064/3064 2780/2780/2780 2786/2786/2786
f 3063/3063/3063 3065/3065/3065 3064/3064/3064
f 3064/3064/3064 3066/3066/3066 2780/2780/2780
f 3065/3065/3065 3066/3066/3066 3064/3064/3064
f 3066/3066/3066 2774/2774/2774 2780/2780/2780
f 3065/3065/3065 3067/3067/3067 3066/3066/3066
f 3066/3066/3066 3068/3068/3068 2774/2774/2774
f 3067/3067/3067 3068/3068/3068 3066/3066/3066
f 3068/3068/3068 2768/2768/2768 2774/2774/2774
f 3067/3067/3067 3069/3069/3069 3068/3068/3068
f 3068/3068/3068 3070/3070/3070 2768/2768/2768
f 3069/3069/3069 3070/3070/3070 3068/3068/3068
f 3070/3070/3070 2762/2762/2762 2768/2768/2768
f 3069/3069/3069 3071/3071/3071 3070/3070/3070
f 3070/3070/3070 3072/3072/3072 2762/2762/2762
f 3071/3071/3071 3072/3072/3072 3070/3070/3070
f 3072/3072/3072 2747/2747/2747 2762/2762/2762
f 3071/3071/3071 3073/3073/3073 3072/3072/3072
f 3072/3072/3072 3074/3074/3074 2747/2747/2747
f 3073/3073/3073 3074/3074/3074 3072/3072/3072
f 3074/3074/3074 2738/2738/2738 2747/2747/2747
f 3073/3073/3073 3075/3075/3075 3074/3074/3074
f 3074/3074/3074 2622/2622/2622 2738/2738/2738
f 3075/3075/3075 2622/2622/2622 3074/3074/3074
f 3075/3075/3075 3076/3076/3076 2622/2622/2622
f 3077/3077/3077 3079/3079/3079 3078/3078/3078
f 3077/3077/3077 3078/3078/3078 3080/3080/3080
f 3081/3081/3081 3077/3077/3077 3080/3080/3080
f 3081/3081/3081 3080/3080/3080 3082/3082/3082
f 3083/3083/3083 3081/3081/3081 3082/3082/3082
f 3083/3083/3083 3082/3082/3082 3084/3084/3084
f 3085/3085/3085 3083/3083/3083 3084/3084/3084
f 3085/3085/3085 3084/3084/3084 3086/3086/3086
f 3087/3087/3087 3085/3085/3085 3086/3086/3086
f 3087/3087/3087 3086/3086/3086 3088/3088/3088
f 3089/3089/3089 3091/3091/3091 3090/3090/3090
f 3089/3089/3089 3092/3092/3092 3091/3091/3091
f 3092/3092/3092 3093/3093/3093 3091/3091/3091
f 3092/3092/3092 3094/3094/3094 3093/3093/3093
f 3094/3094/3094 3095/3095/3095 3093/3093/3093
f 3094/3094/3094 3096/3096/3096 3095/3095/3095
f 3096/3096/3096 3097/3097/3097 3095/3095/3095
f 3096/3096/3096 3098/3098/3098 3097/3097/3097
f 3098/3098/3098 3099/3099/3099 3097/3097/3097
f 3098/3098/3098 3100/3100/3100 3099/3099/3099
f 3101/3101/3101 3103/3103/3103 3102/3102/3102
f 3101/3101/3101 3104/3104/3104 3103/3103/3103
