# Wyeksportowano z NFSEngine Exporter
o Mesh_Cube.007_141914.obj
v -0.008743274 -0.008886202 0.007382841
v -0.008563227 -0.009101068 0.007253071
v -0.008562863 -0.01047999 0.007253071
v -0.00874187 -0.01047999 0.007382841
v -0.008562654 -0.01247999 0.007253071
v -0.009012731 -0.008668109 0.00746955
v -0.008743606 -0.008675457 0.007365923
v -0.008741069 -0.01247999 0.007382841
v -0.008562587 -0.01447999 0.007253071
v -0.009009771 -0.01047999 0.00746955
v -0.009330577 -0.008479992 0.007499998
v -0.008949124 -0.00849456 0.007425294
v -0.008776834 -0.008515134 0.007330039
v -0.008899298 -0.008342179 0.007365923
v -0.00919925 -0.008293472 0.00746955
v -0.0105 -0.007310566 0.007499998
v -0.009102792 -0.008120471 0.007382841
v -0.00874081 -0.01447999 0.007382841
v -0.008562654 -0.01647999 0.007253071
v -0.009008085 -0.01247999 0.00746955
v -0.01031348 -0.007179237 0.00746955
v -0.008741069 -0.01647999 0.007382841
v -0.008562863 -0.01847999 0.007253071
v -0.009325785 -0.01047999 0.007499998
v -0.009007539 -0.01447999 0.00746955
v -0.00874187 -0.01847999 0.007382841
v -0.008563227 -0.01985891 0.007253071
v -0.008743274 -0.02007378 0.007382841
v -0.009008085 -0.01647999 0.00746955
v -0.009323053 -0.01247999 0.007499998
v -0.009009771 -0.01847999 0.00746955
v -0.009322167 -0.01447999 0.007499998
v -0.009012731 -0.02029187 0.00746955
v -0.008743606 -0.02028452 0.007365923
v -0.009323053 -0.01647999 0.007499998
v -0.008949124 -0.02046542 0.007425294
v -0.008776834 -0.02044485 0.007330039
v -0.008899298 -0.0206178 0.007365923
v -0.009325785 -0.01847999 0.007499998
v -0.00919925 -0.02066651 0.00746955
v -0.009102792 -0.02083951 0.007382841
v -0.009330577 -0.02047999 0.007499998
v -0.0105 -0.01447999 0.007499998
v -0.0105 -0.01647999 0.007499998
v -0.0105 -0.01847999 0.007499998
v -0.0105 -0.02047999 0.007499998
v -0.0105 -0.01247999 0.007499998
v -0.0105 -0.01047999 0.007499998
v -0.0105 -0.008479992 0.007499998
v -0.01031348 -0.02178074 0.00746955
v -0.0105 -0.02164942 0.007499998
v -0.01014048 -0.0218772 0.007382841
v -0.01000734 -0.0219241 0.007253071
v -0.009055893 -0.02097266 0.007253071
v -0.01036219 -0.0220807 0.007365923
v -0.01051457 -0.02203087 0.007425294
v -0.01053515 -0.02220316 0.007330039
v -0.01069547 -0.02223639 0.007365923
v -0.01068812 -0.02196726 0.00746955
v -0.01090621 -0.02223672 0.007382841
v -0.0125 -0.02165421 0.007499998
v -0.0125 -0.02197022 0.00746955
v -0.0125 -0.02223813 0.007382841
v -0.0125 -0.02241713 0.007253071
v -0.01112108 -0.02241677 0.007253071
v -0.0145 -0.02241734 0.007253071
v -0.0145 -0.02223893 0.007382841
v -0.0165 -0.02241741 0.007253071
v -0.0145 -0.02197191 0.00746955
v -0.0165 -0.02223918 0.007382841
v -0.0185 -0.02241734 0.007253071
v -0.0125 -0.02047999 0.007499998
v -0.0145 -0.02165694 0.007499998
v -0.0165 -0.02197246 0.00746955
v -0.0185 -0.02223893 0.007382841
v -0.0205 -0.02241713 0.007253071
v -0.0125 -0.01847999 0.007499998
v -0.0145 -0.02047999 0.007499998
v -0.0165 -0.02165782 0.007499998
v -0.0185 -0.02197191 0.00746955
v -0.0205 -0.02223813 0.007382841
v -0.02187893 -0.02241677 0.007253071
v -0.02209379 -0.02223672 0.007382841
v -0.0125 -0.01647999 0.007499998
v -0.0145 -0.01847999 0.007499998
v -0.0165 -0.02047999 0.007499998
v -0.0185 -0.02165694 0.007499998
v -0.0205 -0.02197022 0.00746955
v -0.0125 -0.01447999 0.007499998
v -0.0145 -0.01647999 0.007499998
v -0.0165 -0.01847999 0.007499998
v -0.02231188 -0.02196726 0.00746955
v -0.02230453 -0.02223639 0.007365923
v -0.0185 -0.02047999 0.007499998
v -0.0205 -0.02165421 0.007499998
v -0.0225 -0.02164942 0.007499998
v -0.02248544 -0.02203087 0.007425294
v -0.02246486 -0.02220316 0.007330039
v -0.02263781 -0.0220807 0.007365923
v -0.02268652 -0.02178074 0.00746955
v -0.02285952 -0.0218772 0.007382841
v -0.0205 -0.02047999 0.007499998
v -0.0185 -0.01847999 0.007499998
v -0.0165 -0.01647999 0.007499998
v -0.0145 -0.01447999 0.007499998
v -0.0125 -0.01247999 0.007499998
v -0.0125 -0.01047999 0.007499998
v -0.0145 -0.01247999 0.007499998
v -0.0165 -0.01447999 0.007499998
v -0.0185 -0.01647999 0.007499998
v -0.0205 -0.01847999 0.007499998
v -0.0125 -0.008479992 0.007499998
v -0.0145 -0.01047999 0.007499998
v -0.0165 -0.01247999 0.007499998
v -0.0185 -0.01447999 0.007499998
v -0.0225 -0.02047999 0.007499998
v -0.02366943 -0.02047999 0.007499998
v -0.0205 -0.01647999 0.007499998
v -0.0225 -0.01847999 0.007499998
v -0.02380076 -0.02066651 0.00746955
v -0.02389721 -0.02083951 0.007382841
v -0.02394411 -0.02097266 0.007253071
v -0.02299267 -0.0219241 0.007253071
v -0.02410071 -0.0206178 0.007365923
v -0.02413193 -0.0206958 0.007247679
v -0.02405088 -0.02046542 0.007425294
v -0.02422317 -0.02044485 0.007330039
v -0.0242564 -0.02028452 0.007365923
v -0.02398727 -0.02029187 0.00746955
v -0.02425673 -0.02007378 0.007382841
v -0.02367422 -0.01847999 0.007499998
v -0.02399023 -0.01847999 0.00746955
v -0.02425814 -0.01847999 0.007382841
v -0.02443714 -0.01847999 0.007253071
v -0.02443678 -0.01985891 0.007253071
v -0.02443735 -0.01647999 0.007253071
v -0.02425894 -0.01647999 0.007382841
v -0.02443742 -0.01447999 0.007253071
v -0.02399192 -0.01647999 0.00746955
v -0.02425919 -0.01447999 0.007382841
v -0.02443735 -0.01247999 0.007253071
v -0.0225 -0.01647999 0.007499998
v -0.02367695 -0.01647999 0.007499998
v -0.02399247 -0.01447999 0.00746955
v -0.02425894 -0.01247999 0.007382841
v -0.02443714 -0.01047999 0.007253071
v -0.0205 -0.01447999 0.007499998
v -0.0225 -0.01447999 0.007499998
v -0.02367784 -0.01447999 0.007499998
v -0.02399192 -0.01247999 0.00746955
v -0.02425814 -0.01047999 0.007382841
v -0.02443678 -0.009101068 0.007253071
v -0.02425673 -0.008886202 0.007382841
v -0.0185 -0.01247999 0.007499998
v -0.0205 -0.01247999 0.007499998
v -0.0225 -0.01247999 0.007499998
v -0.02367695 -0.01247999 0.007499998
v -0.02399023 -0.01047999 0.00746955
v -0.0165 -0.01047999 0.007499998
v -0.0185 -0.01047999 0.007499998
v -0.0205 -0.01047999 0.007499998
v -0.02398727 -0.008668109 0.00746955
v -0.0242564 -0.008675457 0.007365923
v -0.0225 -0.01047999 0.007499998
v -0.02367422 -0.01047999 0.007499998
v -0.0145 -0.008479992 0.007499998
v -0.0165 -0.008479992 0.007499998
v -0.02405088 -0.00849456 0.007425294
v -0.02422317 -0.008515134 0.007330039
v -0.02410071 -0.008342179 0.007365923
v -0.02366943 -0.008479992 0.007499998
v -0.02380076 -0.008293472 0.00746955
v -0.02389721 -0.008120471 0.007382841
v -0.0125 -0.007305771 0.007499998
v -0.0185 -0.008479992 0.007499998
v -0.0145 -0.007303041 0.007499998
v -0.0225 -0.008479992 0.007499998
v -0.0205 -0.008479992 0.007499998
v -0.0165 -0.007302157 0.007499998
v -0.0185 -0.007303041 0.007499998
v -0.0205 -0.007305771 0.007499998
v -0.0225 -0.007310566 0.007499998
v -0.02268652 -0.007179237 0.00746955
v -0.02285952 -0.00708278 0.007382841
v -0.02299267 -0.007035881 0.007253071
v -0.02394411 -0.007987326 0.007253071
v -0.02263781 -0.006879285 0.007365923
v -0.02271581 -0.006848067 0.007247679
v -0.02248544 -0.006929113 0.007425294
v -0.02246486 -0.006756822 0.007330039
v -0.02230453 -0.006723593 0.007365923
v -0.02231188 -0.006992718 0.00746955
v -0.02209379 -0.006723262 0.007382841
v -0.0205 -0.006989759 0.00746955
v -0.0205 -0.006721857 0.007382841
v -0.0185 -0.006988073 0.00746955
v -0.0205 -0.006542851 0.007253071
v -0.02187893 -0.006543215 0.007253071
v -0.0185 -0.006542641 0.007253071
v -0.0185 -0.006721057 0.007382841
v -0.0165 -0.006542574 0.007253071
v -0.0165 -0.006720797 0.007382841
v -0.0145 -0.006542641 0.007253071
v -0.0165 -0.006987525 0.00746955
v -0.0145 -0.006721057 0.007382841
v -0.0125 -0.006542851 0.007253071
v -0.0145 -0.006988073 0.00746955
v -0.0125 -0.006721857 0.007382841
v -0.01112108 -0.006543215 0.007253071
v -0.01090621 -0.006723262 0.007382841
v -0.0125 -0.006989759 0.00746955
v -0.01068812 -0.006992718 0.00746955
v -0.01069547 -0.006723593 0.007365923
v -0.01051457 -0.006929113 0.007425294
v -0.01053515 -0.006756822 0.007330039
v -0.01036219 -0.006879285 0.007365923
v -0.01014048 -0.00708278 0.007382841
v -0.009055893 -0.007987326 0.007253071
v -0.01000734 -0.007035881 0.007253071
v -0.009055893 -0.02097266 0.007253071
v -0.009102792 -0.02083951 0.007382841
v -0.008899298 -0.0206178 0.007365923
v -0.008868079 -0.0206958 0.007247679
v -0.008776834 -0.02044485 0.007330039
v -0.009065689 -0.02104568 0.007099999
v -0.009934318 -0.02191431 0.007099999
v -0.01000734 -0.0219241 0.007253071
v -0.009065689 -0.02104568 0.006499999
v -0.009934318 -0.02191431 0.006499999
v -0.009065689 -0.02104568 0.0055
v -0.009934318 -0.02191431 0.0055
v -0.009065689 -0.02104568 0.004499999
v -0.009934318 -0.02191431 0.004499999
v -0.009065689 -0.02104568 0.0035
v -0.009934318 -0.02191431 0.0035
v -0.009065689 -0.02104568 0.0025
v -0.009934318 -0.02191431 0.0025
v -0.009065689 -0.02104568 0.001500001
v -0.009934318 -0.02191431 0.001500001
v -0.009065689 -0.02104568 0.000500001
v -0.009934318 -0.02191431 0.000500001
v -0.009065689 -0.02104568 -9.999871E-05
v -0.009934318 -0.02191431 -9.999871E-05
v -0.01000734 -0.0219241 -0.0002530718
v -0.009055893 -0.02097266 -0.0002530718
v -0.00884921 -0.0207683 0.004499999
v -0.00884921 -0.0207683 0.0035
v -0.00884921 -0.0207683 0.0025
v -0.00884921 -0.0207683 0.001500001
v -0.00884921 -0.0207683 0.000500001
v -0.00884921 -0.0207683 -9.999871E-05
v -0.008868079 -0.0206958 -0.0002476794
v -0.008899298 -0.0206178 -0.0003659236
v -0.009102792 -0.02083951 -0.0003828415
v -0.008776834 -0.02044485 -0.0003300392
v -0.00870852 -0.02043108 -0.0002439058
v -0.008665689 -0.02041136 -9.999871E-05
v -0.008665689 -0.02041136 0.000500001
v -0.008665689 -0.02041136 0.001500001
v -0.008630387 -0.02015604 -0.0002476794
v -0.008743606 -0.02028452 -0.0003659236
v -0.008543065 -0.0200292 -9.999871E-05
v -0.008563227 -0.01985891 -0.0002530718
v -0.008743274 -0.02007378 -0.0003828415
v -0.008543065 -0.0200292 0.000500001
v -0.008500003 -0.01967999 -9.999871E-05
v -0.008665689 -0.02041136 0.0025
v -0.008500003 -0.01847999 -9.999871E-05
v -0.008562863 -0.01847999 -0.0002530718
v -0.008500003 -0.01967999 0.000500001
v -0.008543065 -0.0200292 0.001500001
v -0.008665689 -0.02041136 0.0035
v -0.008500003 -0.01647999 -9.999871E-05
v -0.008562654 -0.01647999 -0.0002530718
v -0.008543065 -0.0200292 0.0025
v -0.008500003 -0.01967999 0.001500001
v -0.008500003 -0.01847999 0.000500001
v -0.008500003 -0.01447999 -9.999871E-05
v -0.008562587 -0.01447999 -0.0002530718
v -0.008500003 -0.01647999 0.000500001
v -0.008500003 -0.01847999 0.001500001
v -0.008500003 -0.01967999 0.0025
v -0.008543065 -0.0200292 0.0035
v -0.008500003 -0.01247999 -9.999871E-05
v -0.008562654 -0.01247999 -0.0002530718
v -0.008500003 -0.01447999 0.000500001
v -0.008500003 -0.01647999 0.001500001
v -0.008500003 -0.01847999 0.0025
v -0.008500003 -0.01047999 -9.999871E-05
v -0.008562863 -0.01047999 -0.0002530718
v -0.008500003 -0.01247999 0.000500001
v -0.008500003 -0.01447999 0.001500001
v -0.008500003 -0.009279992 -9.999871E-05
v -0.008563227 -0.009101068 -0.0002530718
v -0.008500003 -0.01047999 0.000500001
v -0.008500003 -0.01967999 0.0035
v -0.008500003 -0.01647999 0.0025
v -0.008500003 -0.01247999 0.001500001
v -0.008500003 -0.01847999 0.0035
v -0.008500003 -0.01447999 0.0025
v -0.008500003 -0.01647999 0.0035
v -0.008543065 -0.0200292 0.004499999
v -0.008500003 -0.01967999 0.004499999
v -0.008500003 -0.01847999 0.004499999
v -0.008665689 -0.02041136 0.004499999
v -0.00884921 -0.0207683 0.0055
v -0.008665689 -0.02041136 0.0055
v -0.00884921 -0.0207683 0.006499999
v -0.008543065 -0.0200292 0.0055
v -0.00884921 -0.0207683 0.007099999
v -0.008665689 -0.02041136 0.006499999
v -0.008500003 -0.01967999 0.0055
v -0.00870852 -0.02043108 0.007243906
v -0.008543065 -0.0200292 0.006499999
v -0.008665689 -0.02041136 0.007099999
v -0.008630387 -0.02015604 0.007247679
v -0.008743606 -0.02028452 0.007365923
v -0.008543065 -0.0200292 0.007099999
v -0.008500003 -0.01967999 0.006499999
v -0.008500003 -0.01847999 0.0055
v -0.008563227 -0.01985891 0.007253071
v -0.008743274 -0.02007378 0.007382841
v -0.008500003 -0.01967999 0.007099999
v -0.008562863 -0.01847999 0.007253071
v -0.008500003 -0.01847999 0.006499999
v -0.008500003 -0.01847999 0.007099999
v -0.008562654 -0.01647999 0.007253071
v -0.008500003 -0.01647999 0.004499999
v -0.008500003 -0.01647999 0.0055
v -0.008500003 -0.01647999 0.007099999
v -0.008562587 -0.01447999 0.007253071
v -0.008500003 -0.01647999 0.006499999
v -0.008500003 -0.01447999 0.0035
v -0.008500003 -0.01447999 0.007099999
v -0.008562654 -0.01247999 0.007253071
v -0.008500003 -0.01447999 0.004499999
v -0.008500003 -0.01447999 0.0055
v -0.008500003 -0.01447999 0.006499999
v -0.008500003 -0.01247999 0.0025
v -0.008500003 -0.01247999 0.007099999
v -0.008562863 -0.01047999 0.007253071
v -0.008500003 -0.01247999 0.0035
v -0.008500003 -0.01247999 0.004499999
v -0.008500003 -0.01247999 0.006499999
v -0.008500003 -0.01247999 0.0055
v -0.008500003 -0.01047999 0.001500001
v -0.008500003 -0.01047999 0.007099999
v -0.008563227 -0.009101068 0.007253071
v -0.008500003 -0.01047999 0.0025
v -0.008500003 -0.01047999 0.0035
v -0.008500003 -0.01047999 0.004499999
v -0.008500003 -0.01047999 0.006499999
v -0.008500003 -0.01047999 0.0055
v -0.008500003 -0.009279992 0.001500001
v -0.008500003 -0.009279992 0.0025
v -0.008500003 -0.009279992 0.0035
v -0.008500003 -0.009279992 0.004499999
v -0.008500003 -0.009279992 0.0055
v -0.008500003 -0.009279992 0.006499999
v -0.008500003 -0.009279992 0.000500001
v -0.008500003 -0.009279992 0.007099999
v -0.008543065 -0.008930785 0.0035
v -0.008543065 -0.008930785 0.004499999
v -0.008543065 -0.008930785 0.0055
v -0.008543065 -0.008930785 0.006499999
v -0.008543065 -0.008930785 0.0025
v -0.008543065 -0.008930785 0.001500001
v -0.008543065 -0.008930785 0.000500001
v -0.008543065 -0.008930785 -9.999871E-05
v -0.008630387 -0.00880394 -0.0002476794
v -0.008743606 -0.008675457 -0.0003659236
v -0.008743274 -0.008886202 -0.0003828415
v -0.008776834 -0.008515134 -0.0003300392
v -0.00870852 -0.008528906 -0.0002439058
v -0.008665689 -0.008548621 -9.999871E-05
v -0.008665689 -0.008548621 0.000500001
v -0.008665689 -0.008548621 0.001500001
v -0.008868079 -0.00826418 -0.0002476794
v -0.008899298 -0.008342179 -0.0003659236
v -0.00884921 -0.008191681 -9.999871E-05
v -0.009055893 -0.007987326 -0.0002530718
v -0.009102792 -0.008120471 -0.0003828415
v -0.009065689 -0.007914306 -9.999871E-05
v -0.00884921 -0.008191681 0.000500001
v -0.009065689 -0.007914306 0.000500001
v -0.00884921 -0.008191681 0.001500001
v -0.009065689 -0.007914306 0.001500001
v -0.008665689 -0.008548621 0.0025
v -0.00884921 -0.008191681 0.0025
v -0.009065689 -0.007914306 0.0025
v -0.008665689 -0.008548621 0.0035
v -0.00884921 -0.008191681 0.0035
v -0.009065689 -0.007914306 0.0035
v -0.008665689 -0.008548621 0.004499999
v -0.00884921 -0.008191681 0.004499999
v -0.009065689 -0.007914306 0.004499999
v -0.008665689 -0.008548621 0.0055
v -0.00884921 -0.008191681 0.0055
v -0.009065689 -0.007914306 0.0055
v -0.008665689 -0.008548621 0.006499999
v -0.00884921 -0.008191681 0.006499999
v -0.009065689 -0.007914306 0.006499999
v -0.008543065 -0.008930785 0.007099999
v -0.008665689 -0.008548621 0.007099999
v -0.00884921 -0.008191681 0.007099999
v -0.009065689 -0.007914306 0.007099999
v -0.008630387 -0.00880394 0.007247679
v -0.00870852 -0.008528906 0.007243906
v -0.008868079 -0.00826418 0.007247679
v -0.009055893 -0.007987326 0.007253071
v -0.008743606 -0.008675457 0.007365923
v -0.008743274 -0.008886202 0.007382841
v -0.008776834 -0.008515134 0.007330039
v -0.008899298 -0.008342179 0.007365923
v -0.009102792 -0.008120471 0.007382841
v -0.02443678 -0.009101068 0.007253071
v -0.0242564 -0.008675457 0.007365923
v -0.02425673 -0.008886202 0.007382841
v -0.02436962 -0.00880394 0.007247679
v -0.02422317 -0.008515134 0.007330039
v -0.0245 -0.009279992 0.007099999
v -0.02443714 -0.01047999 0.007253071
v -0.0245 -0.01047999 0.007099999
v -0.02443735 -0.01247999 0.007253071
v -0.0245 -0.01247999 0.007099999
v -0.02443742 -0.01447999 0.007253071
v -0.0245 -0.01447999 0.007099999
v -0.02443735 -0.01647999 0.007253071
v -0.0245 -0.01647999 0.007099999
v -0.02443714 -0.01847999 0.007253071
v -0.0245 -0.01847999 0.007099999
v -0.02443678 -0.01985891 0.007253071
v -0.02429149 -0.008528906 0.007243906
v -0.02445694 -0.008930785 0.007099999
v -0.02413193 -0.00826418 0.007247679
v -0.02410071 -0.008342179 0.007365923
v -0.02394411 -0.007987326 0.007253071
v -0.02389721 -0.008120471 0.007382841
v -0.0245 -0.01647999 0.006499999
v -0.0245 -0.01847999 0.006499999
v -0.0245 -0.01447999 0.006499999
v -0.0245 -0.01247999 0.006499999
v -0.0245 -0.01047999 0.006499999
v -0.0245 -0.009279992 0.006499999
v -0.0245 -0.01647999 0.0055
v -0.0245 -0.01447999 0.0055
v -0.0245 -0.01247999 0.0055
v -0.0245 -0.01847999 0.0055
v -0.0245 -0.01047999 0.0055
v -0.02445694 -0.008930785 0.006499999
v -0.0245 -0.009279992 0.0055
v -0.02433432 -0.008548621 0.007099999
v -0.0241508 -0.008191681 0.007099999
v -0.02433432 -0.008548621 0.006499999
v -0.02393432 -0.007914306 0.007099999
v -0.02445694 -0.008930785 0.0055
v -0.0241508 -0.008191681 0.006499999
v -0.02306569 -0.007045676 0.007099999
v -0.02299267 -0.007035881 0.007253071
v -0.02393432 -0.007914306 0.006499999
v -0.02306569 -0.007045676 0.006499999
v -0.02433432 -0.008548621 0.0055
v -0.0241508 -0.008191681 0.0055
v -0.02393432 -0.007914306 0.0055
v -0.02306569 -0.007045676 0.0055
v -0.02393432 -0.007914306 0.004499999
v -0.02306569 -0.007045676 0.004499999
v -0.0241508 -0.008191681 0.004499999
v -0.02433432 -0.008548621 0.004499999
v -0.02445694 -0.008930785 0.004499999
v -0.02393432 -0.007914306 0.0035
v -0.02306569 -0.007045676 0.0035
v -0.0241508 -0.008191681 0.0035
v -0.02433432 -0.008548621 0.0035
v -0.02393432 -0.007914306 0.0025
v -0.02306569 -0.007045676 0.0025
v -0.0241508 -0.008191681 0.0025
v -0.02393432 -0.007914306 0.001500001
v -0.02306569 -0.007045676 0.001500001
v -0.0245 -0.009279992 0.004499999
v -0.02445694 -0.008930785 0.0035
v -0.02433432 -0.008548621 0.0025
v -0.0241508 -0.008191681 0.001500001
v -0.02393432 -0.007914306 0.000500001
v -0.02306569 -0.007045676 0.000500001
v -0.0245 -0.01047999 0.004499999
v -0.02445694 -0.008930785 0.0025
v -0.02433432 -0.008548621 0.001500001
v -0.0241508 -0.008191681 0.000500001
v -0.02393432 -0.007914306 -9.999871E-05
v -0.02306569 -0.007045676 -9.999871E-05
v -0.02299267 -0.007035881 -0.0002530718
v -0.02394411 -0.007987326 -0.0002530718
v -0.0241508 -0.008191681 -9.999871E-05
v -0.02433432 -0.008548621 0.000500001
v -0.02445694 -0.008930785 0.001500001
v -0.02413193 -0.00826418 -0.0002476794
v -0.02433432 -0.008548621 -9.999871E-05
v -0.02445694 -0.008930785 0.000500001
v -0.02410071 -0.008342179 -0.0003659236
v -0.02389721 -0.008120471 -0.0003828415
v -0.02422317 -0.008515134 -0.0003300392
v -0.02429149 -0.008528906 -0.0002439058
v -0.02445694 -0.008930785 -9.999871E-05
v -0.02436962 -0.00880394 -0.0002476794
v -0.0242564 -0.008675457 -0.0003659236
v -0.0245 -0.009279992 -9.999871E-05
v -0.02443678 -0.009101068 -0.0002530718
v -0.02425673 -0.008886202 -0.0003828415
v -0.0245 -0.009279992 0.000500001
v -0.0245 -0.01047999 -9.999871E-05
v -0.02443714 -0.01047999 -0.0002530718
v -0.0245 -0.009279992 0.001500001
v -0.0245 -0.01247999 -9.999871E-05
v -0.02443735 -0.01247999 -0.0002530718
v -0.0245 -0.01047999 0.000500001
v -0.0245 -0.009279992 0.0025
v -0.0245 -0.01447999 -9.999871E-05
v -0.02443742 -0.01447999 -0.0002530718
v -0.0245 -0.01247999 0.000500001
v -0.0245 -0.01047999 0.001500001
v -0.0245 -0.009279992 0.0035
v -0.0245 -0.01647999 -9.999871E-05
v -0.02443735 -0.01647999 -0.0002530718
v -0.0245 -0.01447999 0.000500001
v -0.0245 -0.01247999 0.001500001
v -0.0245 -0.01047999 0.0025
v -0.0245 -0.01047999 0.0035
v -0.0245 -0.01847999 -9.999871E-05
v -0.02443714 -0.01847999 -0.0002530718
v -0.0245 -0.01647999 0.000500001
v -0.0245 -0.01247999 0.0025
v -0.0245 -0.01447999 0.001500001
v -0.0245 -0.01247999 0.0035
v -0.0245 -0.01967999 -9.999871E-05
v -0.02443678 -0.01985891 -0.0002530718
v -0.0245 -0.01847999 0.000500001
v -0.0245 -0.01447999 0.0025
v -0.0245 -0.01647999 0.001500001
v -0.0245 -0.01247999 0.004499999
v -0.0245 -0.01447999 0.0035
v -0.0245 -0.01447999 0.004499999
v -0.0245 -0.01647999 0.0025
v -0.0245 -0.01847999 0.001500001
v -0.0245 -0.01647999 0.0035
v -0.0245 -0.01647999 0.004499999
v -0.0245 -0.01847999 0.0025
v -0.0245 -0.01967999 0.000500001
v -0.0245 -0.01847999 0.0035
v -0.0245 -0.01847999 0.004499999
v -0.0245 -0.01967999 0.001500001
v -0.0245 -0.01967999 0.0025
v -0.0245 -0.01967999 0.0035
v -0.0245 -0.01967999 0.004499999
v -0.0245 -0.01967999 0.0055
v -0.0245 -0.01967999 0.006499999
v -0.0245 -0.01967999 0.007099999
v -0.02445694 -0.0200292 0.000500001
v -0.02445694 -0.0200292 0.001500001
v -0.02445694 -0.0200292 0.0025
v -0.02445694 -0.0200292 0.0035
v -0.02445694 -0.0200292 0.004499999
v -0.02445694 -0.0200292 0.0055
v -0.02445694 -0.0200292 0.006499999
v -0.02445694 -0.0200292 -9.999871E-05
v -0.02436962 -0.02015604 -0.0002476794
v -0.0242564 -0.02028452 -0.0003659236
v -0.02425673 -0.02007378 -0.0003828415
v -0.02422317 -0.02044485 -0.0003300392
v -0.02429149 -0.02043108 -0.0002439058
v -0.02433432 -0.02041136 -9.999871E-05
v -0.02413193 -0.0206958 -0.0002476794
v -0.02410071 -0.0206178 -0.0003659236
v -0.02433432 -0.02041136 0.000500001
v -0.0241508 -0.0207683 -9.999871E-05
v -0.02433432 -0.02041136 0.001500001
v -0.02393432 -0.02104568 -9.999871E-05
v -0.02394411 -0.02097266 -0.0002530718
v -0.0241508 -0.0207683 0.000500001
v -0.02393432 -0.02104568 0.000500001
v -0.0241508 -0.0207683 0.001500001
v -0.02393432 -0.02104568 0.001500001
v -0.02433432 -0.02041136 0.0025
v -0.0241508 -0.0207683 0.0025
v -0.02393432 -0.02104568 0.0025
v -0.02433432 -0.02041136 0.0035
v -0.0241508 -0.0207683 0.0035
v -0.02393432 -0.02104568 0.0035
v -0.02433432 -0.02041136 0.004499999
v -0.0241508 -0.0207683 0.004499999
v -0.02393432 -0.02104568 0.004499999
v -0.02433432 -0.02041136 0.0055
v -0.0241508 -0.0207683 0.0055
v -0.02393432 -0.02104568 0.0055
v -0.02433432 -0.02041136 0.006499999
v -0.0241508 -0.0207683 0.006499999
v -0.02393432 -0.02104568 0.006499999
v -0.02445694 -0.0200292 0.007099999
v -0.02433432 -0.02041136 0.007099999
v -0.0241508 -0.0207683 0.007099999
v -0.02393432 -0.02104568 0.007099999
v -0.02436962 -0.02015604 0.007247679
v -0.02429149 -0.02043108 0.007243906
v -0.02413193 -0.0206958 0.007247679
v -0.02394411 -0.02097266 0.007253071
v -0.02422317 -0.02044485 0.007330039
v -0.02410071 -0.0206178 0.007365923
v -0.0242564 -0.02028452 0.007365923
v -0.02425673 -0.02007378 0.007382841
v -0.02425673 -0.008886202 -0.0003828415
v -0.02443678 -0.009101068 -0.0002530718
v -0.02443714 -0.01047999 -0.0002530718
v -0.02425814 -0.01047999 -0.0003828415
v -0.02443735 -0.01247999 -0.0002530718
v -0.02398727 -0.008668109 -0.0004695505
v -0.0242564 -0.008675457 -0.0003659236
v -0.02425894 -0.01247999 -0.0003828415
v -0.02443742 -0.01447999 -0.0002530718
v -0.02405088 -0.00849456 -0.000425294
v -0.02366943 -0.008479992 -0.0004999986
v -0.02422317 -0.008515134 -0.0003300392
v -0.02410071 -0.008342179 -0.0003659236
v -0.02399023 -0.01047999 -0.0004695505
v -0.02380076 -0.008293472 -0.0004695505
v -0.0225 -0.007310566 -0.0004999986
v -0.02389721 -0.008120471 -0.0003828415
v -0.02425919 -0.01447999 -0.0003828415
v -0.02443735 -0.01647999 -0.0002530718
v -0.02399192 -0.01247999 -0.0004695505
v -0.02268652 -0.007179237 -0.0004695505
v -0.02425894 -0.01647999 -0.0003828415
v -0.02443714 -0.01847999 -0.0002530718
v -0.02367422 -0.01047999 -0.0004999986
v -0.02399247 -0.01447999 -0.0004695505
v -0.02425814 -0.01847999 -0.0003828415
v -0.02443678 -0.01985891 -0.0002530718
v -0.02425673 -0.02007378 -0.0003828415
v -0.02399192 -0.01647999 -0.0004695505
v -0.02367695 -0.01247999 -0.0004999986
v -0.02399023 -0.01847999 -0.0004695505
v -0.02367784 -0.01447999 -0.0004999986
v -0.02398727 -0.02029187 -0.0004695505
v -0.0242564 -0.02028452 -0.0003659236
v -0.02367695 -0.01647999 -0.0004999986
v -0.02405088 -0.02046542 -0.000425294
v -0.02422317 -0.02044485 -0.0003300392
v -0.02410071 -0.0206178 -0.0003659236
v -0.02367422 -0.01847999 -0.0004999986
v -0.02366943 -0.02047999 -0.0004999986
v -0.02380076 -0.02066651 -0.0004695505
v -0.0225 -0.01447999 -0.0004999986
v -0.0225 -0.01647999 -0.0004999986
v -0.0225 -0.01847999 -0.0004999986
v -0.0225 -0.02047999 -0.0004999986
v -0.0225 -0.01247999 -0.0004999986
v -0.0225 -0.01047999 -0.0004999986
v -0.0225 -0.008479992 -0.0004999986
v -0.0205 -0.01847999 -0.0004999986
v -0.0205 -0.01647999 -0.0004999986
v -0.0205 -0.01447999 -0.0004999986
v -0.0205 -0.01247999 -0.0004999986
v -0.0205 -0.01047999 -0.0004999986
v -0.0205 -0.02047999 -0.0004999986
v -0.0205 -0.008479992 -0.0004999986
v -0.0185 -0.01647999 -0.0004999986
v -0.0185 -0.01447999 -0.0004999986
v -0.0185 -0.01847999 -0.0004999986
v -0.0185 -0.01247999 -0.0004999986
v -0.0185 -0.02047999 -0.0004999986
v -0.0185 -0.01047999 -0.0004999986
v -0.0165 -0.01847999 -0.0004999986
v -0.0165 -0.01647999 -0.0004999986
v -0.0165 -0.01447999 -0.0004999986
v -0.0165 -0.02047999 -0.0004999986
v -0.0165 -0.01247999 -0.0004999986
v -0.0185 -0.02165694 -0.0004999986
v -0.0165 -0.02165782 -0.0004999986
v -0.0205 -0.02165421 -0.0004999986
v -0.0225 -0.02164942 -0.0004999986
v -0.02268652 -0.02178074 -0.0004695505
v -0.0145 -0.02047999 -0.0004999986
v -0.0145 -0.02165694 -0.0004999986
v -0.0145 -0.01847999 -0.0004999986
v -0.0145 -0.01647999 -0.0004999986
v -0.0145 -0.01447999 -0.0004999986
v -0.0125 -0.02047999 -0.0004999986
v -0.0125 -0.01847999 -0.0004999986
v -0.0125 -0.02165421 -0.0004999986
v -0.0105 -0.02164942 -0.0004999986
v -0.0125 -0.01647999 -0.0004999986
v -0.0105 -0.02047999 -0.0004999986
v -0.009330577 -0.02047999 -0.0004999986
v -0.0105 -0.01847999 -0.0004999986
v -0.0145 -0.01247999 -0.0004999986
v -0.0125 -0.01447999 -0.0004999986
v -0.0105 -0.01647999 -0.0004999986
v -0.009325785 -0.01847999 -0.0004999986
v -0.0165 -0.01047999 -0.0004999986
v -0.0185 -0.008479992 -0.0004999986
v -0.0205 -0.007305771 -0.0004999986
v -0.0105 -0.01447999 -0.0004999986
v -0.0125 -0.01247999 -0.0004999986
v -0.0145 -0.01047999 -0.0004999986
v -0.0165 -0.008479992 -0.0004999986
v -0.009323053 -0.01647999 -0.0004999986
v -0.0185 -0.007303041 -0.0004999986
v -0.02231188 -0.006992718 -0.0004695505
v -0.0205 -0.006989759 -0.0004695505
v -0.02248544 -0.006929113 -0.000425294
v -0.0105 -0.01247999 -0.0004999986
v -0.0125 -0.01047999 -0.0004999986
v -0.0145 -0.008479992 -0.0004999986
v -0.0165 -0.007302157 -0.0004999986
v -0.0185 -0.006988073 -0.0004695505
v -0.009322167 -0.01447999 -0.0004999986
v -0.0105 -0.01047999 -0.0004999986
v -0.0125 -0.008479992 -0.0004999986
v -0.0145 -0.007303041 -0.0004999986
v -0.0165 -0.006987525 -0.0004695505
v -0.009323053 -0.01247999 -0.0004999986
v -0.0205 -0.006721857 -0.0003828415
v -0.0185 -0.006721057 -0.0003828415
v -0.02209379 -0.006723262 -0.0003828415
v -0.02187893 -0.006543215 -0.0002530718
v -0.02230453 -0.006723593 -0.0003659236
v -0.0205 -0.006542851 -0.0002530718
v -0.02246486 -0.006756822 -0.0003300392
v -0.02263781 -0.006879285 -0.0003659236
v -0.0185 -0.006542641 -0.0002530718
v -0.0165 -0.006720797 -0.0003828415
v -0.0165 -0.006542574 -0.0002530718
v -0.02285952 -0.00708278 -0.0003828415
v -0.02394411 -0.007987326 -0.0002530718
v -0.02299267 -0.007035881 -0.0002530718
v -0.02271581 -0.006848067 -0.0002476794
v -0.0145 -0.006988073 -0.0004695505
v -0.0145 -0.006721057 -0.0003828415
v -0.0145 -0.006542641 -0.0002530718
v -0.0125 -0.007305771 -0.0004999986
v -0.0125 -0.006989759 -0.0004695505
v -0.0125 -0.006721857 -0.0003828415
v -0.0125 -0.006542851 -0.0002530718
v -0.0105 -0.008479992 -0.0004999986
v -0.0105 -0.007310566 -0.0004999986
v -0.01068812 -0.006992718 -0.0004695505
v -0.01090621 -0.006723262 -0.0003828415
v -0.01112108 -0.006543215 -0.0002530718
v -0.01069547 -0.006723593 -0.0003659236
v -0.01051457 -0.006929113 -0.000425294
v -0.01053515 -0.006756822 -0.0003300392
v -0.01036219 -0.006879285 -0.0003659236
v -0.01031348 -0.007179237 -0.0004695505
v -0.01014048 -0.00708278 -0.0003828415
v -0.009325785 -0.01047999 -0.0004999986
v -0.009330577 -0.008479992 -0.0004999986
v -0.00919925 -0.008293472 -0.0004695505
v -0.009102792 -0.008120471 -0.0003828415
v -0.01000734 -0.007035881 -0.0002530718
v -0.009055893 -0.007987326 -0.0002530718
v -0.008899298 -0.008342179 -0.0003659236
v -0.008949124 -0.00849456 -0.000425294
v -0.008776834 -0.008515134 -0.0003300392
v -0.008743606 -0.008675457 -0.0003659236
v -0.009012731 -0.008668109 -0.0004695505
v -0.008743274 -0.008886202 -0.0003828415
v -0.009009771 -0.01047999 -0.0004695505
v -0.00874187 -0.01047999 -0.0003828415
v -0.008563227 -0.009101068 -0.0002530718
v -0.008562863 -0.01047999 -0.0002530718
v -0.009008085 -0.01247999 -0.0004695505
v -0.008741069 -0.01247999 -0.0003828415
v -0.008562654 -0.01247999 -0.0002530718
v -0.009007539 -0.01447999 -0.0004695505
v -0.00874081 -0.01447999 -0.0003828415
v -0.008562587 -0.01447999 -0.0002530718
v -0.009008085 -0.01647999 -0.0004695505
v -0.008741069 -0.01647999 -0.0003828415
v -0.008562654 -0.01647999 -0.0002530718
v -0.009009771 -0.01847999 -0.0004695505
v -0.00874187 -0.01847999 -0.0003828415
v -0.008562863 -0.01847999 -0.0002530718
v -0.009012731 -0.02029187 -0.0004695505
v -0.008743274 -0.02007378 -0.0003828415
v -0.008563227 -0.01985891 -0.0002530718
v -0.008743606 -0.02028452 -0.0003659236
v -0.008949124 -0.02046542 -0.000425294
v -0.008776834 -0.02044485 -0.0003300392
v -0.008899298 -0.0206178 -0.0003659236
v -0.00919925 -0.02066651 -0.0004695505
v -0.009102792 -0.02083951 -0.0003828415
v -0.01031348 -0.02178074 -0.0004695505
v -0.01014048 -0.0218772 -0.0003828415
v -0.009055893 -0.02097266 -0.0002530718
v -0.01000734 -0.0219241 -0.0002530718
v -0.01036219 -0.0220807 -0.0003659236
v -0.01051457 -0.02203087 -0.000425294
v -0.01053515 -0.02220316 -0.0003300392
v -0.01069547 -0.02223639 -0.0003659236
v -0.01068812 -0.02196726 -0.0004695505
v -0.01090621 -0.02223672 -0.0003828415
v -0.0125 -0.02197022 -0.0004695505
v -0.0125 -0.02223813 -0.0003828415
v -0.01112108 -0.02241677 -0.0002530718
v -0.0125 -0.02241713 -0.0002530718
v -0.0145 -0.02197191 -0.0004695505
v -0.0145 -0.02223893 -0.0003828415
v -0.0145 -0.02241734 -0.0002530718
v -0.0165 -0.02197246 -0.0004695505
v -0.0165 -0.02223918 -0.0003828415
v -0.0165 -0.02241741 -0.0002530718
v -0.0185 -0.02197191 -0.0004695505
v -0.0185 -0.02223893 -0.0003828415
v -0.0185 -0.02241734 -0.0002530718
v -0.0205 -0.02197022 -0.0004695505
v -0.0205 -0.02223813 -0.0003828415
v -0.0205 -0.02241713 -0.0002530718
v -0.02231188 -0.02196726 -0.0004695505
v -0.02209379 -0.02223672 -0.0003828415
v -0.02187893 -0.02241677 -0.0002530718
v -0.02230453 -0.02223639 -0.0003659236
v -0.02248544 -0.02203087 -0.000425294
v -0.02246486 -0.02220316 -0.0003300392
v -0.02263781 -0.0220807 -0.0003659236
v -0.02285952 -0.0218772 -0.0003828415
v -0.02389721 -0.02083951 -0.0003828415
v -0.02299267 -0.0219241 -0.0002530718
v -0.02394411 -0.02097266 -0.0002530718
v -0.02413193 -0.0206958 -0.0002476794
v -0.02187893 -0.006543215 -0.0002530718
v -0.02230453 -0.006723593 -0.0003659236
v -0.02209379 -0.006723262 -0.0003828415
v -0.02217605 -0.006610375 -0.0002476794
v -0.02246486 -0.006756822 -0.0003300392
v -0.0217 -0.006479992 -9.999871E-05
v -0.0205 -0.006542851 -0.0002530718
v -0.0205 -0.006479992 -9.999871E-05
v -0.0185 -0.006542641 -0.0002530718
v -0.0185 -0.006479992 -9.999871E-05
v -0.0165 -0.006542574 -0.0002530718
v -0.0165 -0.006479992 -9.999871E-05
v -0.0145 -0.006542641 -0.0002530718
v -0.0145 -0.006479992 -9.999871E-05
v -0.0125 -0.006542851 -0.0002530718
v -0.0125 -0.006479992 -9.999871E-05
v -0.01112108 -0.006543215 -0.0002530718
v -0.02245109 -0.006688508 -0.0002439058
v -0.02204921 -0.006523052 -9.999871E-05
v -0.02271581 -0.006848067 -0.0002476794
v -0.02263781 -0.006879285 -0.0003659236
v -0.0165 -0.006479992 0.000500001
v -0.0145 -0.006479992 0.000500001
v -0.0125 -0.006479992 0.000500001
v -0.0185 -0.006479992 0.000500001
v -0.0205 -0.006479992 0.000500001
v -0.0217 -0.006479992 0.000500001
v -0.0145 -0.006479992 0.001500001
v -0.0165 -0.006479992 0.001500001
v -0.0185 -0.006479992 0.001500001
v -0.0125 -0.006479992 0.001500001
v -0.0205 -0.006479992 0.001500001
v -0.02204921 -0.006523052 0.000500001
v -0.0217 -0.006479992 0.001500001
v -0.02243137 -0.006645676 -9.999871E-05
v -0.02278831 -0.006829198 -9.999871E-05
v -0.02243137 -0.006645676 0.000500001
v -0.02306569 -0.007045676 -9.999871E-05
v -0.02299267 -0.007035881 -0.0002530718
v -0.02278831 -0.006829198 0.000500001
v -0.02306569 -0.007045676 0.000500001
v -0.02204921 -0.006523052 0.001500001
v -0.02278831 -0.006829198 0.001500001
v -0.02306569 -0.007045676 0.001500001
v -0.02243137 -0.006645676 0.001500001
v -0.02278831 -0.006829198 0.0025
v -0.02306569 -0.007045676 0.0025
v -0.02243137 -0.006645676 0.0025
v -0.02204921 -0.006523052 0.0025
v -0.0217 -0.006479992 0.0025
v -0.02278831 -0.006829198 0.0035
v -0.02306569 -0.007045676 0.0035
v -0.02243137 -0.006645676 0.0035
v -0.02204921 -0.006523052 0.0035
v -0.02278831 -0.006829198 0.004499999
v -0.02306569 -0.007045676 0.004499999
v -0.02243137 -0.006645676 0.004499999
v -0.02278831 -0.006829198 0.0055
v -0.02306569 -0.007045676 0.0055
v -0.0205 -0.006479992 0.0025
v -0.0217 -0.006479992 0.0035
v -0.02204921 -0.006523052 0.004499999
v -0.02243137 -0.006645676 0.0055
v -0.02278831 -0.006829198 0.006499999
v -0.02306569 -0.007045676 0.006499999
v -0.0185 -0.006479992 0.0025
v -0.0217 -0.006479992 0.004499999
v -0.02204921 -0.006523052 0.0055
v -0.02243137 -0.006645676 0.006499999
v -0.02278831 -0.006829198 0.007099999
v -0.02306569 -0.007045676 0.007099999
v -0.0165 -0.006479992 0.0025
v -0.0217 -0.006479992 0.0055
v -0.02204921 -0.006523052 0.006499999
v -0.02243137 -0.006645676 0.007099999
v -0.02271581 -0.006848067 0.007247679
v -0.02299267 -0.007035881 0.007253071
v -0.02204921 -0.006523052 0.007099999
v -0.02245109 -0.006688508 0.007243906
v -0.0217 -0.006479992 0.006499999
v -0.02246486 -0.006756822 0.007330039
v -0.02263781 -0.006879285 0.007365923
v -0.02217605 -0.006610375 0.007247679
v -0.02230453 -0.006723593 0.007365923
v -0.0217 -0.006479992 0.007099999
v -0.02187893 -0.006543215 0.007253071
v -0.02209379 -0.006723262 0.007382841
v -0.0205 -0.006479992 0.007099999
v -0.0205 -0.006542851 0.007253071
v -0.0205 -0.006479992 0.006499999
v -0.0185 -0.006479992 0.007099999
v -0.0185 -0.006542641 0.007253071
v -0.0205 -0.006479992 0.0055
v -0.0165 -0.006479992 0.007099999
v -0.0165 -0.006542574 0.007253071
v -0.0185 -0.006479992 0.006499999
v -0.0205 -0.006479992 0.004499999
v -0.0145 -0.006479992 0.007099999
v -0.0145 -0.006542641 0.007253071
v -0.0165 -0.006479992 0.006499999
v -0.0185 -0.006479992 0.0055
v -0.0205 -0.006479992 0.0035
v -0.0125 -0.006479992 0.007099999
v -0.0125 -0.006542851 0.007253071
v -0.0185 -0.006479992 0.004499999
v -0.0185 -0.006479992 0.0035
v -0.0145 -0.006479992 0.006499999
v -0.0165 -0.006479992 0.0055
v -0.0113 -0.006479992 0.007099999
v -0.01112108 -0.006543215 0.007253071
v -0.0165 -0.006479992 0.0035
v -0.0165 -0.006479992 0.004499999
v -0.0145 -0.006479992 0.0055
v -0.0125 -0.006479992 0.006499999
v -0.0145 -0.006479992 0.004499999
v -0.0145 -0.006479992 0.0035
v -0.0125 -0.006479992 0.0055
v -0.0113 -0.006479992 0.006499999
v -0.0125 -0.006479992 0.004499999
v -0.0145 -0.006479992 0.0025
v -0.0125 -0.006479992 0.0035
v -0.0125 -0.006479992 0.0025
v -0.0113 -0.006479992 0.0055
v -0.0113 -0.006479992 0.004499999
v -0.0113 -0.006479992 0.0035
v -0.0113 -0.006479992 0.0025
v -0.0113 -0.006479992 0.001500001
v -0.0113 -0.006479992 0.000500001
v -0.0113 -0.006479992 -9.999871E-05
v -0.0109508 -0.006523052 0.006499999
v -0.0109508 -0.006523052 0.0055
v -0.0109508 -0.006523052 0.004499999
v -0.0109508 -0.006523052 0.0035
v -0.0109508 -0.006523052 0.0025
v -0.0109508 -0.006523052 0.001500001
v -0.0109508 -0.006523052 0.000500001
v -0.0109508 -0.006523052 0.007099999
v -0.01082395 -0.006610375 0.007247679
v -0.01069547 -0.006723593 0.007365923
v -0.01090621 -0.006723262 0.007382841
v -0.01053515 -0.006756822 0.007330039
v -0.01054892 -0.006688508 0.007243906
v -0.01056863 -0.006645676 0.007099999
v -0.01028419 -0.006848067 0.007247679
v -0.01036219 -0.006879285 0.007365923
v -0.01056863 -0.006645676 0.006499999
v -0.01021169 -0.006829198 0.007099999
v -0.01000734 -0.007035881 0.007253071
v -0.01014048 -0.00708278 0.007382841
v -0.01056863 -0.006645676 0.0055
v -0.009934318 -0.007045676 0.007099999
v -0.01021169 -0.006829198 0.006499999
v -0.01056863 -0.006645676 0.004499999
v -0.009065689 -0.007914306 0.007099999
v -0.009055893 -0.007987326 0.007253071
v -0.009934318 -0.007045676 0.006499999
v -0.009065689 -0.007914306 0.006499999
v -0.01021169 -0.006829198 0.0055
v -0.009934318 -0.007045676 0.0055
v -0.009065689 -0.007914306 0.0055
v -0.01056863 -0.006645676 0.0035
v -0.01021169 -0.006829198 0.004499999
v -0.009934318 -0.007045676 0.004499999
v -0.009065689 -0.007914306 0.004499999
v -0.01056863 -0.006645676 0.0025
v -0.01021169 -0.006829198 0.0035
v -0.009934318 -0.007045676 0.0035
v -0.009065689 -0.007914306 0.0035
v -0.01056863 -0.006645676 0.001500001
v -0.01021169 -0.006829198 0.0025
v -0.009934318 -0.007045676 0.0025
v -0.009065689 -0.007914306 0.0025
v -0.01021169 -0.006829198 0.001500001
v -0.009934318 -0.007045676 0.001500001
v -0.009065689 -0.007914306 0.001500001
v -0.01056863 -0.006645676 0.000500001
v -0.01021169 -0.006829198 0.000500001
v -0.009934318 -0.007045676 0.000500001
v -0.009065689 -0.007914306 0.000500001
v -0.0109508 -0.006523052 -9.999871E-05
v -0.01056863 -0.006645676 -9.999871E-05
v -0.009934318 -0.007045676 -9.999871E-05
v -0.009065689 -0.007914306 -9.999871E-05
v -0.009055893 -0.007987326 -0.0002530718
v -0.01000734 -0.007035881 -0.0002530718
v -0.01021169 -0.006829198 -9.999871E-05
v -0.01082395 -0.006610375 -0.0002476794
v -0.01054892 -0.006688508 -0.0002439058
v -0.01028419 -0.006848067 -0.0002476794
v -0.01069547 -0.006723593 -0.0003659236
v -0.01090621 -0.006723262 -0.0003828415
v -0.01053515 -0.006756822 -0.0003300392
v -0.01036219 -0.006879285 -0.0003659236
v -0.01014048 -0.00708278 -0.0003828415
v -0.01000734 -0.0219241 -0.0002530718
v -0.01014048 -0.0218772 -0.0003828415
v -0.01036219 -0.0220807 -0.0003659236
v -0.01028419 -0.02211192 -0.0002476794
v -0.009934318 -0.02191431 -9.999871E-05
v -0.01053515 -0.02220316 -0.0003300392
v -0.01021169 -0.02213078 -9.999871E-05
v -0.01054892 -0.02227147 -0.0002439058
v -0.01021169 -0.02213078 0.000500001
v -0.009934318 -0.02191431 0.000500001
v -0.01082395 -0.02234961 -0.0002476794
v -0.01069547 -0.02223639 -0.0003659236
v -0.01021169 -0.02213078 0.001500001
v -0.009934318 -0.02191431 0.001500001
v -0.01112108 -0.02241677 -0.0002530718
v -0.01090621 -0.02223672 -0.0003828415
v -0.0113 -0.02247999 -9.999871E-05
v -0.0125 -0.02241713 -0.0002530718
v -0.0109508 -0.02243693 -9.999871E-05
v -0.01056863 -0.0223143 -9.999871E-05
v -0.01056863 -0.0223143 0.000500001
v -0.0109508 -0.02243693 0.000500001
v -0.01056863 -0.0223143 0.001500001
v -0.0125 -0.02247999 -9.999871E-05
v -0.0145 -0.02241734 -0.0002530718
v -0.0113 -0.02247999 0.000500001
v -0.0109508 -0.02243693 0.001500001
v -0.0145 -0.02247999 -9.999871E-05
v -0.0165 -0.02241741 -0.0002530718
v -0.0125 -0.02247999 0.000500001
v -0.0113 -0.02247999 0.001500001
v -0.0165 -0.02247999 -9.999871E-05
v -0.0185 -0.02241734 -0.0002530718
v -0.0145 -0.02247999 0.000500001
v -0.0125 -0.02247999 0.001500001
v -0.0185 -0.02247999 -9.999871E-05
v -0.0205 -0.02241713 -0.0002530718
v -0.0165 -0.02247999 0.000500001
v -0.0145 -0.02247999 0.001500001
v -0.0205 -0.02247999 -9.999871E-05
v -0.02187893 -0.02241677 -0.0002530718
v -0.0185 -0.02247999 0.000500001
v -0.0165 -0.02247999 0.001500001
v -0.0205 -0.02247999 0.000500001
v -0.0185 -0.02247999 0.001500001
v -0.0205 -0.02247999 0.001500001
v -0.0145 -0.02247999 0.0025
v -0.0165 -0.02247999 0.0025
v -0.0185 -0.02247999 0.0025
v -0.0205 -0.02247999 0.0025
v -0.0125 -0.02247999 0.0025
v -0.0113 -0.02247999 0.0025
v -0.0109508 -0.02243693 0.0025
v -0.01056863 -0.0223143 0.0025
v -0.01021169 -0.02213078 0.0025
v -0.009934318 -0.02191431 0.0025
v -0.01021169 -0.02213078 0.0035
v -0.009934318 -0.02191431 0.0035
v -0.01056863 -0.0223143 0.0035
v -0.0109508 -0.02243693 0.0035
v -0.0113 -0.02247999 0.0035
v -0.0125 -0.02247999 0.0035
v -0.01021169 -0.02213078 0.004499999
v -0.009934318 -0.02191431 0.004499999
v -0.01056863 -0.0223143 0.004499999
v -0.0109508 -0.02243693 0.004499999
v -0.0113 -0.02247999 0.004499999
v -0.01021169 -0.02213078 0.0055
v -0.009934318 -0.02191431 0.0055
v -0.01056863 -0.0223143 0.0055
v -0.0109508 -0.02243693 0.0055
v -0.01021169 -0.02213078 0.006499999
v -0.009934318 -0.02191431 0.006499999
v -0.01056863 -0.0223143 0.006499999
v -0.01021169 -0.02213078 0.007099999
v -0.009934318 -0.02191431 0.007099999
v -0.0125 -0.02247999 0.004499999
v -0.0113 -0.02247999 0.0055
v -0.0109508 -0.02243693 0.006499999
v -0.01056863 -0.0223143 0.007099999
v -0.01028419 -0.02211192 0.007247679
v -0.01000734 -0.0219241 0.007253071
v -0.0109508 -0.02243693 0.007099999
v -0.01054892 -0.02227147 0.007243906
v -0.01036219 -0.0220807 0.007365923
v -0.01014048 -0.0218772 0.007382841
v -0.01053515 -0.02220316 0.007330039
v -0.01082395 -0.02234961 0.007247679
v -0.01069547 -0.02223639 0.007365923
v -0.0113 -0.02247999 0.007099999
v -0.01112108 -0.02241677 0.007253071
v -0.01090621 -0.02223672 0.007382841
v -0.0113 -0.02247999 0.006499999
v -0.0125 -0.02247999 0.007099999
v -0.0125 -0.02241713 0.007253071
v -0.0125 -0.02247999 0.006499999
v -0.0145 -0.02247999 0.007099999
v -0.0145 -0.02241734 0.007253071
v -0.0125 -0.02247999 0.0055
v -0.0165 -0.02247999 0.007099999
v -0.0165 -0.02241741 0.007253071
v -0.0145 -0.02247999 0.006499999
v -0.0145 -0.02247999 0.0055
v -0.0185 -0.02247999 0.007099999
v -0.0185 -0.02241734 0.007253071
v -0.0165 -0.02247999 0.006499999
v -0.0145 -0.02247999 0.004499999
v -0.0205 -0.02247999 0.007099999
v -0.0205 -0.02241713 0.007253071
v -0.0185 -0.02247999 0.006499999
v -0.0165 -0.02247999 0.0055
v -0.0145 -0.02247999 0.0035
v -0.0217 -0.02247999 0.007099999
v -0.02187893 -0.02241677 0.007253071
v -0.0165 -0.02247999 0.004499999
v -0.0165 -0.02247999 0.0035
v -0.0185 -0.02247999 0.0055
v -0.0205 -0.02247999 0.006499999
v -0.0185 -0.02247999 0.0035
v -0.0185 -0.02247999 0.004499999
v -0.0205 -0.02247999 0.0055
v -0.0205 -0.02247999 0.0035
v -0.0205 -0.02247999 0.004499999
v -0.0217 -0.02247999 0.006499999
v -0.0217 -0.02247999 0.0055
v -0.0217 -0.02247999 0.004499999
v -0.0217 -0.02247999 0.0035
v -0.0217 -0.02247999 0.0025
v -0.0217 -0.02247999 0.001500001
v -0.0217 -0.02247999 0.000500001
v -0.0217 -0.02247999 -9.999871E-05
v -0.02204921 -0.02243693 0.006499999
v -0.02204921 -0.02243693 0.0055
v -0.02204921 -0.02243693 0.004499999
v -0.02204921 -0.02243693 0.0035
v -0.02204921 -0.02243693 0.0025
v -0.02204921 -0.02243693 0.001500001
v -0.02204921 -0.02243693 0.000500001
v -0.02204921 -0.02243693 0.007099999
v -0.02217605 -0.02234961 0.007247679
v -0.02230453 -0.02223639 0.007365923
v -0.02209379 -0.02223672 0.007382841
v -0.02246486 -0.02220316 0.007330039
v -0.02245109 -0.02227147 0.007243906
v -0.02243137 -0.0223143 0.007099999
v -0.02271581 -0.02211192 0.007247679
v -0.02263781 -0.0220807 0.007365923
v -0.02243137 -0.0223143 0.006499999
v -0.02278831 -0.02213078 0.007099999
v -0.02299267 -0.0219241 0.007253071
v -0.02285952 -0.0218772 0.007382841
v -0.02243137 -0.0223143 0.0055
v -0.02306569 -0.02191431 0.007099999
v -0.02278831 -0.02213078 0.006499999
v -0.02243137 -0.0223143 0.004499999
v -0.02393432 -0.02104568 0.007099999
v -0.02394411 -0.02097266 0.007253071
v -0.02393432 -0.02104568 0.006499999
v -0.02306569 -0.02191431 0.006499999
v -0.02393432 -0.02104568 0.0055
v -0.02278831 -0.02213078 0.0055
v -0.02306569 -0.02191431 0.0055
v -0.02393432 -0.02104568 0.004499999
v -0.02243137 -0.0223143 0.0035
v -0.02278831 -0.02213078 0.004499999
v -0.02306569 -0.02191431 0.004499999
v -0.02393432 -0.02104568 0.0035
v -0.02243137 -0.0223143 0.0025
v -0.02278831 -0.02213078 0.0035
v -0.02306569 -0.02191431 0.0035
v -0.02393432 -0.02104568 0.0025
v -0.02243137 -0.0223143 0.001500001
v -0.02278831 -0.02213078 0.0025
v -0.02306569 -0.02191431 0.0025
v -0.02278831 -0.02213078 0.001500001
v -0.02306569 -0.02191431 0.001500001
v -0.02393432 -0.02104568 0.001500001
v -0.02243137 -0.0223143 0.000500001
v -0.02278831 -0.02213078 0.000500001
v -0.02306569 -0.02191431 0.000500001
v -0.02393432 -0.02104568 0.000500001
v -0.02204921 -0.02243693 -9.999871E-05
v -0.02243137 -0.0223143 -9.999871E-05
v -0.02306569 -0.02191431 -9.999871E-05
v -0.02393432 -0.02104568 -9.999871E-05
v -0.02394411 -0.02097266 -0.0002530718
v -0.02299267 -0.0219241 -0.0002530718
v -0.02278831 -0.02213078 -9.999871E-05
v -0.02217605 -0.02234961 -0.0002476794
v -0.02245109 -0.02227147 -0.0002439058
v -0.02271581 -0.02211192 -0.0002476794
v -0.02230453 -0.02223639 -0.0003659236
v -0.02209379 -0.02223672 -0.0003828415
v -0.02246486 -0.02220316 -0.0003300392
v -0.02263781 -0.0220807 -0.0003659236
v -0.02285952 -0.0218772 -0.0003828415
vn 0.5168871 0.06122677 0.8538613
vn 0.8172569 0.08118239 0.5705265
vn 0.586768 0.0002484887 0.809755
vn 0.4528933 0.0002739752 0.8915647
vn 0.5879989 9.807431E-05 0.8088617
vn 0.227727 0.04821366 0.9725307
vn 0.6137584 0.1776048 0.7692575
vn 0.4539695 0.0001139481 0.8910172
vn 0.5884213 0 0.8085545
vn 0.2030724 0.0002228762 0.9791637
vn 0.08330479 0.04428971 0.9955394
vn 0.3525082 0.1672666 0.9207388
vn 0.6741097 0.316488 0.6673917
vn 0.5701355 0.3599091 0.7385194
vn 0.2318652 0.1794736 0.956048
vn 0.0442897 0.08330463 0.9955394
vn 0.4635581 0.3902811 0.7954838
vn 0.4543453 0 0.8908256
vn 0.5879978 -9.807448E-05 0.8088625
vn 0.2036555 9.924147E-05 0.9790426
vn 0.1794735 0.2318649 0.9560481
vn 0.4539689 -0.0001139481 0.8910175
vn 0.5867669 -0.0002484888 0.8097558
vn 0.04800944 7.530753E-05 0.9988469
vn 0.203864 0 0.9789993
vn 0.4528928 -0.0002739752 0.891565
vn 0.8172562 -0.0811828 0.5705276
vn 0.5168871 -0.06122678 0.8538613
vn 0.2036555 -9.924147E-05 0.9790426
vn 0.04815448 3.520232E-05 0.9988399
vn 0.2030724 -0.0002228762 0.9791637
vn 0.04820645 0 0.9988374
vn 0.2277268 -0.04821359 0.9725307
vn 0.6137597 -0.1776051 0.7692564
vn 0.04815449 -3.520232E-05 0.9988399
vn 0.3525084 -0.1672652 0.920739
vn 0.6741129 -0.316487 0.6673889
vn 0.5701368 -0.3599095 0.7385182
vn 0.04800944 -7.530754E-05 0.9988469
vn 0.2318641 -0.1794729 0.9560483
vn 0.4635562 -0.3902802 0.7954854
vn 0.08330435 -0.04428944 0.9955395
vn 0 0 1
vn 0 0 1
vn 0 0 1
vn 0 0 1
vn 0 0 1
vn 0 0 1
vn 0 0 1
vn 0.1794719 -0.231864 0.9560485
vn 0.04428949 -0.08330524 0.9955394
vn 0.3902811 -0.4635561 0.7954851
vn 0.5663931 -0.6659187 0.4855422
vn 0.6659214 -0.5663919 0.4855398
vn 0.3599066 -0.5701334 0.7385223
vn 0.1672655 -0.3525089 0.9207387
vn 0.3164836 -0.6741089 0.6673944
vn 0.1776041 -0.6137583 0.7692578
vn 0.04821341 -0.2277254 0.9725311
vn 0.06122647 -0.5168854 0.8538623
vn 7.528233E-05 -0.04800872 0.9988469
vn 0.0002229605 -0.2030721 0.9791638
vn 0.000274091 -0.4528941 0.8915643
vn 0.000248497 -0.5867688 0.8097545
vn 0.08118726 -0.8172591 0.5705227
vn 9.810417E-05 -0.588 0.808861
vn 0.0001139072 -0.4539702 0.8910168
vn 0 -0.5884222 0.8085539
vn 9.916255E-05 -0.2036548 0.9790426
vn 0 -0.4543456 0.8908255
vn -9.81042E-05 -0.5879996 0.8088612
vn 0 0 1
vn 3.51797E-05 -0.04815378 0.9988399
vn 0 -0.2038632 0.9789994
vn -0.0001139071 -0.45397 0.8910169
vn -0.0002484969 -0.586769 0.8097544
vn 0 0 1
vn 0 0 1
vn 0 -0.04820562 0.9988374
vn -9.916259E-05 -0.2036548 0.9790428
vn -0.000274091 -0.4528944 0.8915642
vn -0.08118736 -0.8172595 0.5705221
vn -0.06122687 -0.5168854 0.8538623
vn 0 0 1
vn 0 0 1
vn 0 0 1
vn -3.51797E-05 -0.04815375 0.9988399
vn -0.0002229604 -0.2030721 0.9791637
vn 0 0 1
vn 0 0 1
vn 0 0 1
vn -0.04821362 -0.2277258 0.9725309
vn -0.1776034 -0.6137581 0.7692581
vn 0 0 1
vn -7.528233E-05 -0.04800871 0.9988469
vn -0.04428972 -0.08330567 0.9955394
vn -0.1672652 -0.3525077 0.9207393
vn -0.3164848 -0.6741103 0.6673926
vn -0.3599084 -0.5701362 0.7385191
vn -0.1794734 -0.2318659 0.9560479
vn -0.3902827 -0.4635573 0.7954835
vn 0 0 1
vn 0 0 1
vn 0 0 1
vn 0 0 1
vn 0 0 1
vn 0 0 1
vn 0 0 1
vn 0 0 1
vn 0 0 1
vn 0 0 1
vn 0 0 1
vn 0 0 1
vn 0 0 1
vn 0 0 1
vn 0 0 1
vn -0.0833047 -0.04428924 0.9955395
vn 0 0 1
vn 0 0 1
vn -0.2318646 -0.1794722 0.9560484
vn -0.4635572 -0.3902799 0.795485
vn -0.6659227 -0.5663926 0.4855373
vn -0.5663945 -0.6659168 0.485543
vn -0.570136 -0.3599101 0.7385187
vn -0.761212 -0.4894335 0.4254541
vn -0.3525078 -0.1672653 0.9207391
vn -0.6741115 -0.3164898 0.6673889
vn -0.6137593 -0.1776051 0.7692568
vn -0.2277263 -0.04821303 0.9725309
vn -0.5168865 -0.0612273 0.8538616
vn -0.04800935 -7.53354E-05 0.9988469
vn -0.2030722 -0.000222866 0.9791637
vn -0.4528929 -0.0002736502 0.8915648
vn -0.5867676 -0.0002479232 0.8097554
vn -0.8172561 -0.0811858 0.5705274
vn -0.587999 -9.786351E-05 0.8088616
vn -0.4539697 -0.0001137995 0.8910171
vn -0.5884227 0 0.8085535
vn -0.2036556 -9.920903E-05 0.9790426
vn -0.4543459 0 0.8908253
vn -0.5880001 9.786338E-05 0.8088609
vn 0 0 1
vn -0.04815454 -3.52115E-05 0.9988399
vn -0.2038642 0 0.9789993
vn -0.4539702 0.0001137994 0.8910168
vn -0.5867686 0.000247923 0.8097546
vn 0 0 1
vn 0 0 1
vn -0.04820666 0 0.9988374
vn -0.2036556 9.920901E-05 0.9790426
vn -0.4528936 0.0002736502 0.8915645
vn -0.8172566 0.08118583 0.5705265
vn -0.5168865 0.06122705 0.8538615
vn 0 0 1
vn 0 0 1
vn 0 0 1
vn -0.04815453 3.52115E-05 0.9988399
vn -0.2030722 0.000222866 0.9791637
vn 0 0 1
vn 0 0 1
vn 0 0 1
vn -0.2277262 0.0482131 0.9725309
vn -0.6137579 0.1776052 0.7692578
vn 0 0 1
vn -0.04800936 7.533543E-05 0.9988469
vn 0 0 1
vn 0 0 1
vn -0.3525075 0.1672671 0.9207389
vn -0.674109 0.3164902 0.6673912
vn -0.5701354 0.3599088 0.7385197
vn -0.08330467 0.04428954 0.9955394
vn -0.231865 0.1794728 0.9560482
vn -0.4635585 0.3902803 0.7954839
vn 7.527969E-05 0.04800881 0.9988469
vn 0 0 1
vn 3.520785E-05 0.04815375 0.9988399
vn 0 0 1
vn 0 0 1
vn 0 0.04820554 0.9988374
vn -3.520785E-05 0.04815372 0.9988399
vn -7.527969E-05 0.0480088 0.9988469
vn -0.04428985 0.08330497 0.9955394
vn -0.1794742 0.2318657 0.9560478
vn -0.3902815 0.4635567 0.7954845
vn -0.5663929 0.6659176 0.4855439
vn -0.6659218 0.5663921 0.4855391
vn -0.3599083 0.5701364 0.7385191
vn -0.4894316 0.7612105 0.425459
vn -0.167266 0.3525093 0.9207384
vn -0.3164838 0.6741127 0.6673904
vn -0.1776038 0.6137579 0.7692581
vn -0.04821456 0.2277261 0.9725308
vn -0.06122725 0.5168869 0.8538613
vn -0.0002228128 0.2030722 0.9791637
vn -0.0002739663 0.4528928 0.891565
vn -9.923328E-05 0.2036552 0.9790426
vn -0.0002485413 0.5867661 0.8097565
vn -0.08118407 0.8172576 0.5705252
vn -9.831461E-05 0.5879956 0.8088641
vn -0.0001140557 0.4539681 0.8910179
vn 0 0.5884188 0.8085563
vn 0 0.4543442 0.8908262
vn 9.831478E-05 0.5879967 0.8088633
vn 0 0.2038635 0.9789994
vn 0.0001140558 0.4539687 0.8910176
vn 0.0002485419 0.5867672 0.8097557
vn 9.923327E-05 0.2036553 0.9790426
vn 0.0002739668 0.4528933 0.8915647
vn 0.08118407 0.8172572 0.5705259
vn 0.06122678 0.5168878 0.8538607
vn 0.0002228129 0.2030722 0.9791637
vn 0.04821436 0.2277264 0.9725308
vn 0.1776043 0.6137592 0.769257
vn 0.1672659 0.3525092 0.9207385
vn 0.3164867 0.6741131 0.6673887
vn 0.3599088 0.5701365 0.7385188
vn 0.3902809 0.4635569 0.7954847
vn 0.6659214 0.5663915 0.4855403
vn 0.5663915 0.6659198 0.4855425
vn 0.6659214 -0.5663919 0.4855398
vn 0.4635562 -0.3902802 0.7954854
vn 0.5701368 -0.3599095 0.7385182
vn 0.7612126 -0.4894326 0.4254541
vn 0.6741129 -0.316487 0.6673889
vn 0.7408676 -0.6560177 0.1440694
vn 0.6560196 -0.7408655 0.1440713
vn 0.5663931 -0.6659187 0.4855422
vn 0.7491279 -0.6624253 0
vn 0.6624278 -0.7491258 0
vn 0.7491279 -0.6624253 0
vn 0.6624274 -0.7491261 0
vn 0.7491279 -0.6624253 0
vn 0.6624275 -0.7491261 0
vn 0.7491279 -0.6624253 0
vn 0.6624278 -0.7491258 0
vn 0.7491279 -0.6624253 0
vn 0.6624278 -0.7491258 0
vn 0.7491279 -0.6624253 0
vn 0.6624276 -0.749126 0
vn 0.749128 -0.6624253 0
vn 0.6624277 -0.7491258 0
vn 0.7408675 -0.6560177 -0.1440695
vn 0.6560196 -0.7408654 -0.1440719
vn 0.566393 -0.6659189 -0.4855419
vn 0.6659218 -0.5663923 -0.4855389
vn 0.842544 -0.5386274 0
vn 0.842544 -0.5386276 0
vn 0.842544 -0.5386276 0
vn 0.842544 -0.5386276 0
vn 0.842544 -0.5386276 0
vn 0.8317611 -0.5367967 -0.1415021
vn 0.7612123 -0.4894323 -0.4254548
vn 0.5701361 -0.3599095 -0.7385188
vn 0.463557 -0.3902808 -0.7954846
vn 0.6741118 -0.3164865 -0.66739
vn 0.8444688 -0.3616146 -0.3951041
vn 0.9168857 -0.3759154 -0.1341951
vn 0.9238794 -0.3826838 0
vn 0.9238794 -0.3826836 0
vn 0.8562019 -0.2092672 -0.4723618
vn 0.6137586 -0.1776044 -0.7692575
vn 0.9670486 -0.2071239 -0.1480425
vn 0.8172562 -0.0811829 -0.5705274
vn 0.5168868 -0.06122623 -0.8538615
vn 0.9766358 -0.214901 0
vn 0.9816107 -0.05025082 -0.1841614
vn 0.9238794 -0.3826835 0
vn 0.9810637 -4.569101E-05 -0.1936851
vn 0.9249721 -8.965344E-05 -0.3800349
vn 0.9981189 -0.06130698 0
vn 0.9766358 -0.2149009 0
vn 0.9238794 -0.3826836 0
vn 0.9811751 -1.62813E-05 -0.1931204
vn 0.925409 -3.194989E-05 -0.3789699
vn 0.9766358 -0.2149009 0
vn 0.9981189 -0.06130698 0
vn 1 0 0
vn 0.9812122 0 -0.1929314
vn 0.9255549 0 -0.3786134
vn 1 0 0
vn 1 0 0
vn 0.9981189 -0.06130698 0
vn 0.9766358 -0.2149009 0
vn 0.9811751 1.62813E-05 -0.1931204
vn 0.925409 3.194988E-05 -0.3789699
vn 1 0 0
vn 1 0 0
vn 1 0 0
vn 0.9810637 4.569104E-05 -0.193685
vn 0.9249722 8.965352E-05 -0.3800348
vn 1 0 0
vn 1 0 0
vn 0.9816107 0.05025065 -0.1841613
vn 0.8172565 0.08118258 -0.5705271
vn 1 0 0
vn 0.9981189 -0.06130698 0
vn 1 0 0
vn 1 0 0
vn 1 0 0
vn 1 0 0
vn 1 0 0
vn 0.9766357 -0.2149014 0
vn 0.9981189 -0.0613075 0
vn 1 0 0
vn 0.9238794 -0.3826835 0
vn 0.8425441 -0.5386274 0
vn 0.9238794 -0.3826835 0
vn 0.8425439 -0.5386277 0
vn 0.9766358 -0.2149014 0
vn 0.8317613 -0.5367965 0.1415015
vn 0.9238794 -0.3826835 0
vn 0.9981189 -0.0613075 0
vn 0.8444692 -0.3616146 0.3951032
vn 0.9766358 -0.2149011 0
vn 0.9168857 -0.375915 0.1341953
vn 0.8562018 -0.2092674 0.4723618
vn 0.6137597 -0.1776051 0.7692564
vn 0.9670485 -0.2071238 0.1480434
vn 0.9981189 -0.06130742 0
vn 1 0 0
vn 0.8172562 -0.0811828 0.5705276
vn 0.5168871 -0.06122678 0.8538613
vn 0.9816105 -0.05025123 0.1841618
vn 0.9249723 -8.965347E-05 0.3800347
vn 1 0 0
vn 0.9810638 -4.569103E-05 0.1936849
vn 0.9254093 -3.194981E-05 0.3789695
vn 1 0 0
vn 1 0 0
vn 0.9811751 -1.628126E-05 0.1931202
vn 0.9255548 0 0.3786138
vn 1 0 0
vn 1 0 0
vn 0.9812122 0 0.1929317
vn 0.9254088 3.194991E-05 0.3789703
vn 1 0 0
vn 1 0 0
vn 1 0 0
vn 1 0 0
vn 0.9811751 1.628132E-05 0.1931207
vn 0.924972 8.965359E-05 0.3800352
vn 1 0 0
vn 1 0 0
vn 1 0 0
vn 1 0 0
vn 1 0 0
vn 0.9810637 4.569108E-05 0.1936852
vn 0.8172569 0.08118239 0.5705265
vn 1 0 0
vn 1 0 0
vn 1 0 0
vn 1 0 0
vn 1 0 0
vn 0.9981189 0.06130677 0
vn 0.9981189 0.06130676 0
vn 0.9981189 0.06130677 0
vn 0.9981189 0.0613073 0
vn 0.9981189 0.06130728 0
vn 0.9981189 0.06130722 0
vn 0.9981189 0.06130677 0
vn 0.9816107 0.050251 0.1841613
vn 0.9766357 0.2149016 0
vn 0.9766357 0.2149021 0
vn 0.9766357 0.2149021 0
vn 0.9766357 0.2149017 0
vn 0.9766357 0.2149016 0
vn 0.9766357 0.2149016 0
vn 0.9766357 0.2149017 0
vn 0.9670486 0.207124 -0.1480423
vn 0.8562027 0.2092668 -0.4723605
vn 0.6137577 0.1776044 -0.7692581
vn 0.5168875 0.06122557 -0.8538611
vn 0.6741111 0.3164873 -0.6673904
vn 0.8444678 0.3616147 -0.3951062
vn 0.9168861 0.3759146 -0.1341946
vn 0.9238795 0.3826834 0
vn 0.9238796 0.3826832 0
vn 0.7612115 0.4894325 -0.4254562
vn 0.5701355 0.3599091 -0.7385194
vn 0.8317611 0.5367963 -0.1415026
vn 0.6659209 0.5663917 -0.4855408
vn 0.4635576 0.3902817 -0.7954839
vn 0.7408671 0.6560178 -0.144072
vn 0.8425447 0.5386264 0
vn 0.7491279 0.6624253 0
vn 0.8425447 0.5386264 0
vn 0.7491279 0.6624253 0
vn 0.9238796 0.3826832 0
vn 0.8425447 0.5386264 0
vn 0.7491279 0.6624253 0
vn 0.9238796 0.3826832 0
vn 0.8425447 0.5386264 0
vn 0.7491279 0.6624253 0
vn 0.9238796 0.3826832 0
vn 0.8425447 0.5386263 0
vn 0.7491279 0.6624253 0
vn 0.9238796 0.3826832 0
vn 0.8425447 0.5386263 0
vn 0.7491279 0.6624253 0
vn 0.9238796 0.3826831 0
vn 0.8425447 0.5386265 0
vn 0.7491279 0.6624253 0
vn 0.9670487 0.2071238 0.1480419
vn 0.9168861 0.3759145 0.1341946
vn 0.8317612 0.5367965 0.1415025
vn 0.7408674 0.6560174 0.1440717
vn 0.8562024 0.2092679 0.4723604
vn 0.8444682 0.3616144 0.3951056
vn 0.7612118 0.4894322 0.4254558
vn 0.6659214 0.5663915 0.4855403
vn 0.6137584 0.1776048 0.7692575
vn 0.5168871 0.06122677 0.8538613
vn 0.6741097 0.316488 0.6673917
vn 0.5701355 0.3599091 0.7385194
vn 0.4635581 0.3902811 0.7954838
vn -0.8172566 0.08118583 0.5705265
vn -0.6137579 0.1776052 0.7692578
vn -0.5168865 0.06122705 0.8538615
vn -0.8562027 0.2092697 0.4723592
vn -0.674109 0.3164902 0.6673912
vn -0.9816107 0.0502525 0.1841612
vn -0.9249714 8.909064E-05 0.3800367
vn -0.9810636 4.540417E-05 0.193686
vn -0.925407 3.152768E-05 0.3789749
vn -0.9811746 1.606616E-05 0.1931231
vn -0.9255522 0 0.37862
vn -0.9812115 0 0.192935
vn -0.9254073 -3.152759E-05 0.3789742
vn -0.9811747 -1.606611E-05 0.1931227
vn -0.9249717 -8.909052E-05 0.3800362
vn -0.9810636 -4.540411E-05 0.1936858
vn -0.8172561 -0.0811858 0.5705274
vn -0.8444691 0.3616147 0.3951036
vn -0.967048 0.2071276 0.148041
vn -0.7612126 0.4894329 0.4254537
vn -0.5701354 0.3599088 0.7385197
vn -0.6659218 0.5663921 0.4855391
vn -0.4635585 0.3902803 0.7954839
vn -1 0 0
vn -1 0 0
vn -1 0 0
vn -1 0 0
vn -1 0 0
vn -0.9981188 0.06130819 0
vn -1 0 0
vn -1 0 0
vn -1 0 0
vn -1 0 0
vn -1 0 0
vn -0.9766353 0.2149036 0
vn -0.9981188 0.0613078 0
vn -0.9168866 0.375914 0.1341925
vn -0.8317609 0.5367973 0.1415004
vn -0.9238799 0.3826826 0
vn -0.7408671 0.6560182 0.1440701
vn -0.9766351 0.2149043 0
vn -0.8425447 0.5386266 0
vn -0.6560202 0.7408647 0.1440728
vn -0.5663929 0.6659176 0.4855439
vn -0.7491271 0.6624264 0
vn -0.6624269 0.7491266 0
vn -0.9238796 0.3826832 0
vn -0.8425447 0.5386264 0
vn -0.7491271 0.6624263 0
vn -0.6624266 0.7491269 0
vn -0.7491271 0.6624263 0
vn -0.6624265 0.7491269 0
vn -0.8425447 0.5386263 0
vn -0.9238796 0.3826833 0
vn -0.9766351 0.2149043 0
vn -0.7491271 0.6624263 0
vn -0.6624269 0.7491264 0
vn -0.8425447 0.5386264 0
vn -0.9238796 0.3826833 0
vn -0.7491271 0.6624263 0
vn -0.6624269 0.7491264 0
vn -0.8425447 0.5386264 0
vn -0.7491271 0.6624263 0
vn -0.6624269 0.7491266 0
vn -0.9981188 0.06130782 0
vn -0.9766351 0.2149043 0
vn -0.9238795 0.3826833 0
vn -0.8425447 0.5386264 0
vn -0.7491274 0.662426 0
vn -0.6624265 0.7491269 0
vn -1 0 0
vn -0.9766351 0.2149043 0
vn -0.9238795 0.3826833 0
vn -0.8425447 0.5386264 0
vn -0.740867 0.6560183 -0.1440703
vn -0.6560189 0.7408659 -0.1440729
vn -0.5663919 0.6659179 -0.4855447
vn -0.6659213 0.5663918 -0.4855402
vn -0.8317611 0.5367972 -0.1415004
vn -0.9238794 0.3826838 0
vn -0.9766351 0.2149043 0
vn -0.7612121 0.4894331 -0.4254543
vn -0.916886 0.3759155 -0.1341922
vn -0.976635 0.2149049 0
vn -0.5701352 0.3599092 -0.7385195
vn -0.4635578 0.3902797 -0.7954848
vn -0.6741105 0.3164909 -0.6673892
vn -0.8444685 0.3616157 -0.3951037
vn -0.9670477 0.2071289 -0.1480419
vn -0.8562032 0.209268 -0.4723589
vn -0.6137575 0.1776046 -0.7692584
vn -0.9816105 0.05025239 -0.1841614
vn -0.8172561 0.08118497 -0.5705273
vn -0.5168874 0.06122502 -0.8538613
vn -0.9981188 0.06130817 0
vn -0.9810636 4.540413E-05 -0.1936858
vn -0.9249716 8.909056E-05 -0.3800363
vn -0.9981188 0.06130781 0
vn -0.9811746 1.606615E-05 -0.1931229
vn -0.9254071 3.152764E-05 -0.3789745
vn -1 0 0
vn -0.9981188 0.0613078 0
vn -0.9812115 0 -0.1929348
vn -0.9255523 0 -0.3786197
vn -1 0 0
vn -1 0 0
vn -0.9981188 0.06130782 0
vn -0.9811746 -1.606615E-05 -0.193123
vn -0.925407 -3.152766E-05 -0.3789746
vn -1 0 0
vn -1 0 0
vn -1 0 0
vn -1 0 0
vn -0.9810636 -4.54041E-05 -0.1936859
vn -0.9249715 -8.90905E-05 -0.3800365
vn -1 0 0
vn -1 0 0
vn -1 0 0
vn -1 0 0
vn -0.9816105 -0.05025271 -0.1841616
vn -0.8172556 -0.0811858 -0.5705279
vn -1 0 0
vn -1 0 0
vn -1 0 0
vn -1 0 0
vn -1 0 0
vn -1 0 0
vn -1 0 0
vn -1 0 0
vn -1 0 0
vn -1 0 0
vn -1 0 0
vn -0.9981188 -0.06130837 0
vn -1 0 0
vn -1 0 0
vn -0.9981188 -0.06130802 0
vn -0.9981188 -0.06130802 0
vn -0.9981188 -0.06130803 0
vn -0.9981188 -0.06130802 0
vn -0.9981188 -0.06130802 0
vn -0.9981188 -0.06130838 0
vn -0.9816105 -0.05025258 0.1841616
vn -0.9766351 -0.2149043 0
vn -0.9766352 -0.2149036 0
vn -0.9766352 -0.2149036 0
vn -0.9766352 -0.2149036 0
vn -0.9766353 -0.2149036 0
vn -0.9766353 -0.2149036 0
vn -0.9766355 -0.2149029 0
vn -0.9670476 -0.2071289 -0.1480423
vn -0.8562027 -0.209268 -0.47236
vn -0.6137579 -0.1776052 -0.7692578
vn -0.5168864 -0.06122587 -0.8538617
vn -0.6741122 -0.3164895 -0.6673882
vn -0.8444691 -0.3616142 -0.395104
vn -0.9168857 -0.3759155 -0.1341948
vn -0.7612121 -0.4894327 -0.4254547
vn -0.5701365 -0.3599094 -0.7385185
vn -0.9238792 -0.3826842 0
vn -0.8317606 -0.5367978 -0.1415009
vn -0.9238794 -0.3826837 0
vn -0.7408674 -0.6560182 -0.1440683
vn -0.6659218 -0.5663928 -0.4855383
vn -0.842544 -0.5386275 0
vn -0.7491274 -0.662426 0
vn -0.8425439 -0.5386276 0
vn -0.7491271 -0.6624263 0
vn -0.9238794 -0.3826837 0
vn -0.842544 -0.5386275 0
vn -0.7491271 -0.6624263 0
vn -0.9238794 -0.3826837 0
vn -0.842544 -0.5386275 0
vn -0.7491271 -0.6624263 0
vn -0.9238794 -0.3826837 0
vn -0.842544 -0.5386275 0
vn -0.7491271 -0.6624263 0
vn -0.9238794 -0.3826836 0
vn -0.842544 -0.5386275 0
vn -0.7491272 -0.6624262 0
vn -0.9238797 -0.3826831 0
vn -0.8425438 -0.5386277 0
vn -0.7491271 -0.6624264 0
vn -0.967048 -0.2071275 0.1480417
vn -0.916886 -0.375915 0.1341941
vn -0.8317609 -0.5367973 0.1415004
vn -0.7408673 -0.6560183 0.1440682
vn -0.8562027 -0.2092701 0.4723589
vn -0.8444692 -0.3616151 0.395103
vn -0.761212 -0.4894335 0.4254541
vn -0.6659227 -0.5663926 0.4855373
vn -0.6741115 -0.3164898 0.6673889
vn -0.570136 -0.3599101 0.7385187
vn -0.6137593 -0.1776051 0.7692568
vn -0.5168865 -0.0612273 0.8538616
vn -0.5168874 0.06122502 -0.8538613
vn -0.8172561 0.08118497 -0.5705273
vn -0.5867672 0.0002479234 -0.8097557
vn -0.4528934 0.000273636 -0.8915647
vn -0.5879981 9.828588E-05 -0.8088624
vn -0.2277255 0.04821335 -0.972531
vn -0.6137575 0.1776046 -0.7692584
vn -0.4539699 0.000114013 -0.891017
vn -0.5884206 0 -0.808555
vn -0.3525089 0.1672673 -0.9207384
vn -0.08330519 0.04429005 -0.9955394
vn -0.6741105 0.3164909 -0.6673892
vn -0.5701352 0.3599092 -0.7385195
vn -0.2030728 0.0002228509 -0.9791636
vn -0.2318653 0.1794735 -0.956048
vn -0.04428994 0.08330533 -0.9955394
vn -0.4635578 0.3902797 -0.7954848
vn -0.4543457 0 -0.8908254
vn -0.587998 -9.82859E-05 -0.8088624
vn -0.2036564 9.920885E-05 -0.9790425
vn -0.179475 0.2318658 -0.9560476
vn -0.4539698 -0.000114013 -0.891017
vn -0.5867673 -0.0002479233 -0.8097555
vn -0.04800918 7.533456E-05 -0.9988469
vn -0.2038649 0 -0.978999
vn -0.4528935 -0.0002736359 -0.8915645
vn -0.8172556 -0.0811858 -0.5705279
vn -0.5168864 -0.06122587 -0.8538617
vn -0.2036563 -9.920885E-05 -0.9790425
vn -0.04815431 3.521148E-05 -0.9988399
vn -0.2030728 -0.0002228509 -0.9791636
vn -0.04820644 0 -0.9988374
vn -0.2277258 -0.04821347 -0.972531
vn -0.6137579 -0.1776052 -0.7692578
vn -0.04815432 -3.521148E-05 -0.9988399
vn -0.3525076 -0.1672662 -0.9207391
vn -0.6741122 -0.3164895 -0.6673882
vn -0.5701365 -0.3599094 -0.7385185
vn -0.04800918 -7.533456E-05 -0.9988469
vn -0.0833052 -0.04428966 -0.9955394
vn -0.2318647 -0.1794727 -0.9560482
vn 0 0 -1
vn 0 0 -1
vn 0 0 -1
vn 0 0 -1
vn 0 0 -1
vn 0 0 -1
vn 0 0 -1
vn 0 0 -1
vn 0 0 -1
vn 0 0 -1
vn 0 0 -1
vn 0 0 -1
vn 0 0 -1
vn 0 0 -1
vn 0 0 -1
vn 0 0 -1
vn 0 0 -1
vn 0 0 -1
vn 0 0 -1
vn 0 0 -1
vn 0 0 -1
vn 0 0 -1
vn 0 0 -1
vn 0 0 -1
vn 0 0 -1
vn -3.51794E-05 -0.04815426 -0.9988399
vn 0 -0.0482061 -0.9988374
vn -7.529944E-05 -0.0480092 -0.9988469
vn -0.04429017 -0.08330591 -0.9955392
vn -0.1794745 -0.2318654 -0.9560478
vn 0 0 -1
vn 3.51794E-05 -0.04815424 -0.9988399
vn 0 0 -1
vn 0 0 -1
vn 0 0 -1
vn 0 0 -1
vn 0 0 -1
vn 7.529943E-05 -0.04800918 -0.9988469
vn 0.04429025 -0.08330598 -0.9955392
vn 0 0 -1
vn 0 0 -1
vn 0.08330493 -0.04428973 -0.9955394
vn 0 0 -1
vn 0 0 -1
vn 0 0 -1
vn 0 0 -1
vn 0.04800924 -7.531714E-05 -0.9988469
vn 0 0 -1
vn 0 0 -1
vn -7.531582E-05 0.04800928 -0.9988469
vn 0 0 -1
vn 0 0 -1
vn 0 0 -1
vn 0 0 -1
vn 0.04815427 -3.520232E-05 -0.9988399
vn -3.518997E-05 0.04815421 -0.9988399
vn -0.04821367 0.2277271 -0.9725307
vn -0.0002228576 0.2030731 -0.9791636
vn -0.1672661 0.3525082 -0.9207388
vn 0 0 -1
vn 0 0 -1
vn 0 0 -1
vn 0 0.04820602 -0.9988374
vn -9.927243E-05 0.2036561 -0.9790425
vn 0.04820623 0 -0.9988374
vn 0 0 -1
vn 0 0 -1
vn 3.518997E-05 0.04815421 -0.9988399
vn 0 0.2038645 -0.9789991
vn 0.04815426 3.520232E-05 -0.9988399
vn -0.0002740035 0.4528925 -0.891565
vn -0.0001140822 0.4539681 -0.891018
vn -0.06122634 0.516888 -0.8538607
vn -0.08118347 0.8172569 -0.5705262
vn -0.1776036 0.6137602 -0.7692564
vn -0.0002485884 0.5867649 -0.8097573
vn -0.3164879 0.6741143 -0.6673868
vn -0.3599105 0.5701362 -0.7385181
vn -9.82632E-05 0.5879948 -0.8088647
vn 0 0.4543442 -0.8908262
vn 0 0.5884181 -0.8085568
vn -0.3902818 0.4635557 -0.7954848
vn -0.6659213 0.5663918 -0.4855402
vn -0.5663919 0.6659179 -0.4855447
vn -0.4894316 0.7612103 -0.4254594
vn 9.927244E-05 0.2036562 -0.9790425
vn 0.0001140823 0.4539686 -0.8910176
vn 9.826337E-05 0.5879958 -0.8088639
vn 7.531582E-05 0.04800926 -0.9988469
vn 0.0002228578 0.2030732 -0.9791636
vn 0.000274004 0.4528933 -0.8915647
vn 0.0002485889 0.5867664 -0.8097562
vn 0 0 -1
vn 0.04428994 0.08330531 -0.9955394
vn 0.04821363 0.2277275 -0.9725305
vn 0.06122609 0.5168875 -0.8538611
vn 0.08118348 0.8172573 -0.5705258
vn 0.1776039 0.6137579 -0.7692581
vn 0.1672669 0.35251 -0.9207381
vn 0.3164866 0.6741111 -0.6673909
vn 0.3599096 0.5701354 -0.7385193
vn 0.1794748 0.2318657 -0.9560477
vn 0.3902816 0.4635569 -0.7954842
vn 0.04800924 7.531715E-05 -0.9988469
vn 0.08330526 0.0442899 -0.9955394
vn 0.2318653 0.1794743 -0.9560479
vn 0.4635576 0.3902817 -0.7954839
vn 0.5663909 0.6659202 -0.4855426
vn 0.6659209 0.5663917 -0.4855408
vn 0.5701355 0.3599091 -0.7385194
vn 0.3525092 0.1672663 -0.9207385
vn 0.6741111 0.3164873 -0.6673904
vn 0.6137577 0.1776044 -0.7692581
vn 0.2277262 0.04821325 -0.9725309
vn 0.5168875 0.06122557 -0.8538611
vn 0.203073 0.0002229066 -0.9791636
vn 0.4528933 0.0002740145 -0.8915648
vn 0.8172565 0.08118258 -0.5705271
vn 0.5867665 0.000248525 -0.8097562
vn 0.2036563 9.924141E-05 -0.9790425
vn 0.4539692 0.0001139481 -0.8910174
vn 0.5879967 9.807467E-05 -0.8088634
vn 0.2038648 0 -0.978999
vn 0.4543451 0 -0.8908258
vn 0.5884192 0 -0.808556
vn 0.2036562 -9.924143E-05 -0.9790425
vn 0.4539691 -0.0001139481 -0.8910174
vn 0.5879967 -9.80747E-05 -0.8088634
vn 0.2030729 -0.0002229066 -0.9791636
vn 0.4528932 -0.0002740143 -0.8915647
vn 0.5867667 -0.0002485249 -0.809756
vn 0.2277267 -0.04821332 -0.9725308
vn 0.5168868 -0.06122623 -0.8538615
vn 0.8172562 -0.0811829 -0.5705274
vn 0.6137586 -0.1776044 -0.7692575
vn 0.3525076 -0.1672651 -0.9207393
vn 0.6741118 -0.3164865 -0.66739
vn 0.5701361 -0.3599095 -0.7385188
vn 0.2318646 -0.1794738 -0.9560481
vn 0.463557 -0.3902808 -0.7954846
vn 0.1794738 -0.2318646 -0.9560481
vn 0.3902824 -0.463557 -0.7954839
vn 0.6659218 -0.5663923 -0.4855389
vn 0.566393 -0.6659189 -0.4855419
vn 0.3599098 -0.5701369 -0.738518
vn 0.1672656 -0.3525079 -0.9207391
vn 0.316487 -0.6741124 -0.6673893
vn 0.1776037 -0.613758 -0.7692581
vn 0.04821325 -0.2277264 -0.9725308
vn 0.0612257 -0.516885 -0.8538626
vn 0.0002229147 -0.203073 -0.9791636
vn 0.0002740727 -0.4528941 -0.8915643
vn 0.08118673 -0.8172596 -0.5705222
vn 0.000248593 -0.586768 -0.8097551
vn 9.91674E-05 -0.2036558 -0.9790426
vn 0.0001139067 -0.4539701 -0.8910168
vn 9.809895E-05 -0.5879989 -0.8088617
vn 0 -0.2038642 -0.9789993
vn 0 -0.4543456 -0.8908255
vn 0 -0.5884213 -0.8085545
vn -9.916738E-05 -0.2036557 -0.9790426
vn -0.0001139067 -0.45397 -0.891017
vn -9.809899E-05 -0.5879989 -0.8088618
vn -0.0002229147 -0.2030731 -0.9791636
vn -0.0002740727 -0.4528941 -0.8915643
vn -0.0002485929 -0.5867679 -0.8097551
vn -0.04821344 -0.2277266 -0.9725308
vn -0.0612261 -0.5168865 -0.8538616
vn -0.08118652 -0.8172596 -0.5705221
vn -0.1776026 -0.6137566 -0.7692595
vn -0.1672664 -0.352509 -0.9207385
vn -0.3164814 -0.6741078 -0.6673965
vn -0.3599075 -0.5701337 -0.7385216
vn -0.3902823 -0.4635557 -0.7954847
vn -0.4635566 -0.3902791 -0.7954857
vn -0.5663941 -0.6659162 -0.4855445
vn -0.6659218 -0.5663928 -0.4855383
vn -0.7612121 -0.4894327 -0.4254547
vn -0.08118347 0.8172569 -0.5705262
vn -0.1776036 0.6137602 -0.7692564
vn -0.06122634 0.516888 -0.8538607
vn -0.2092663 0.8562017 -0.4723625
vn -0.3164879 0.6741143 -0.6673868
vn -0.05025048 0.9816108 -0.1841611
vn -8.966516E-05 0.9249729 -0.380033
vn -4.569698E-05 0.981064 -0.1936841
vn -3.198845E-05 0.9254115 -0.3789639
vn -1.630094E-05 0.9811757 -0.1931173
vn 0 0.9255584 -0.3786049
vn 0 0.9812132 -0.192927
vn 3.198839E-05 0.9254107 -0.3789657
vn 1.630092E-05 0.9811755 -0.1931182
vn 8.966521E-05 0.9249728 -0.3800333
vn 4.5697E-05 0.981064 -0.1936842
vn 0.08118348 0.8172573 -0.5705258
vn -0.3616103 0.8444696 -0.3951064
vn -0.2071236 0.9670486 -0.1480429
vn -0.4894316 0.7612103 -0.4254594
vn -0.3599105 0.5701362 -0.7385181
vn 0 1 0
vn 0 1 0
vn 0 1 0
vn 0 1 0
vn 0 1 0
vn -0.06130676 0.9981189 0
vn 0 1 0
vn 0 1 0
vn 0 1 0
vn 0 1 0
vn 0 1 0
vn -0.2149001 0.976636 0
vn -0.06130688 0.9981189 0
vn -0.3759134 0.916886 -0.1341992
vn -0.5367962 0.8317606 -0.1415072
vn -0.3826824 0.92388 0
vn -0.6560189 0.7408659 -0.1440729
vn -0.5663919 0.6659179 -0.4855447
vn -0.5386271 0.8425443 0
vn -0.6624265 0.7491269 0
vn -0.2149 0.976636 0
vn -0.5386276 0.842544 0
vn -0.6624269 0.7491266 0
vn -0.3826818 0.9238801 0
vn -0.5386276 0.8425439 0
vn -0.6624269 0.7491264 0
vn -0.3826819 0.9238801 0
vn -0.2149 0.976636 0
vn -0.06130689 0.9981189 0
vn -0.5386276 0.842544 0
vn -0.6624269 0.7491264 0
vn -0.3826818 0.9238801 0
vn -0.2149 0.976636 0
vn -0.5386271 0.8425443 0
vn -0.6624265 0.7491269 0
vn -0.3826822 0.92388 0
vn -0.5386271 0.8425443 0
vn -0.6624266 0.7491269 0
vn 0 1 0
vn -0.06130688 0.9981189 0
vn -0.2149003 0.976636 0
vn -0.3826822 0.92388 0
vn -0.5386273 0.8425441 0
vn -0.6624269 0.7491266 0
vn 0 1 0
vn -0.06130688 0.9981189 0
vn -0.2149003 0.976636 0
vn -0.3826816 0.9238803 0
vn -0.5367969 0.8317602 0.1415061
vn -0.6560202 0.7408647 0.1440728
vn 0 1 0
vn -0.06130689 0.9981189 0
vn -0.2149002 0.976636 0
vn -0.375912 0.9168866 0.1341981
vn -0.4894316 0.7612105 0.425459
vn -0.5663929 0.6659176 0.4855439
vn -0.2071241 0.9670487 0.1480422
vn -0.361611 0.8444684 0.3951085
vn -0.06130695 0.9981189 0
vn -0.3164838 0.6741127 0.6673904
vn -0.3599083 0.5701364 0.7385191
vn -0.2092672 0.8562008 0.4723637
vn -0.1776038 0.6137579 0.7692581
vn -0.05025082 0.9816108 0.1841609
vn -0.08118407 0.8172576 0.5705252
vn -0.06122725 0.5168869 0.8538613
vn -4.569103E-05 0.981064 0.193684
vn -8.965351E-05 0.9249729 0.380033
vn 0 1 0
vn -1.628133E-05 0.9811757 0.1931172
vn -3.194997E-05 0.9254115 0.3789639
vn 0 1 0
vn 0 0.9812132 0.192927
vn 0 0.9255584 0.3786049
vn 0 1 0
vn 0 1 0
vn 1.628131E-05 0.9811755 0.1931182
vn 3.194992E-05 0.9254107 0.3789657
vn 0 1 0
vn 0 1 0
vn 0 1 0
vn 4.569106E-05 0.981064 0.1936842
vn 8.965356E-05 0.9249728 0.3800333
vn 0 1 0
vn 0 1 0
vn 0 1 0
vn 0 1 0
vn 0.05025099 0.9816109 0.18416
vn 0.08118407 0.8172572 0.5705259
vn 0 1 0
vn 0 1 0
vn 0 1 0
vn 0 1 0
vn 0 1 0
vn 0 1 0
vn 0 1 0
vn 0.06130695 0.9981189 0
vn 0 1 0
vn 0 1 0
vn 0 1 0
vn 0 1 0
vn 0.06130695 0.9981189 0
vn 0.06130695 0.9981189 0
vn 0.06130688 0.9981189 0
vn 0.06130689 0.9981189 0
vn 0.06130688 0.9981189 0
vn 0.06130686 0.9981189 0
vn 0.05025071 0.9816109 -0.1841597
vn 0.2149001 0.976636 0
vn 0.2149002 0.976636 0
vn 0.2149002 0.976636 0
vn 0.2149002 0.976636 0
vn 0.2149003 0.976636 0
vn 0.2149003 0.976636 0
vn 0.2149003 0.9766359 0
vn 0.207124 0.9670485 0.1480431
vn 0.2092669 0.8562015 0.4723626
vn 0.1776043 0.6137592 0.769257
vn 0.06122678 0.5168878 0.8538607
vn 0.3164867 0.6741131 0.6673887
vn 0.3616123 0.8444678 0.3951084
vn 0.3759136 0.916886 0.1341985
vn 0.4894319 0.7612105 0.4254586
vn 0.3599088 0.5701365 0.7385188
vn 0.3826824 0.9238799 0
vn 0.5367965 0.8317606 0.1415055
vn 0.5663915 0.6659198 0.4855425
vn 0.3902809 0.4635569 0.7954847
vn 0.3826827 0.9238798 0
vn 0.6560184 0.7408664 0.1440727
vn 0.538627 0.8425443 0
vn 0.3826826 0.9238799 0
vn 0.7408674 0.6560174 0.1440717
vn 0.6659214 0.5663915 0.4855403
vn 0.6624256 0.7491277 0
vn 0.7491279 0.6624253 0
vn 0.5386268 0.8425444 0
vn 0.6624255 0.7491278 0
vn 0.7491279 0.6624253 0
vn 0.3826825 0.9238799 0
vn 0.5386268 0.8425445 0
vn 0.6624254 0.7491278 0
vn 0.7491279 0.6624253 0
vn 0.3826825 0.9238799 0
vn 0.5386268 0.8425444 0
vn 0.6624258 0.7491276 0
vn 0.7491279 0.6624253 0
vn 0.3826825 0.9238799 0
vn 0.5386268 0.8425444 0
vn 0.6624258 0.7491276 0
vn 0.7491279 0.6624253 0
vn 0.5386268 0.8425444 0
vn 0.6624256 0.7491277 0
vn 0.7491279 0.6624253 0
vn 0.3826826 0.9238799 0
vn 0.5386268 0.8425445 0
vn 0.6624258 0.7491276 0
vn 0.7491279 0.6624253 0
vn 0.2071237 0.9670487 -0.1480421
vn 0.3759139 0.9168861 -0.1341968
vn 0.6560178 0.7408668 -0.1440728
vn 0.7408671 0.6560178 -0.144072
vn 0.6659209 0.5663917 -0.4855408
vn 0.5663909 0.6659202 -0.4855426
vn 0.5367964 0.8317608 -0.1415044
vn 0.2092662 0.8562015 -0.4723629
vn 0.361614 0.8444669 -0.3951088
vn 0.4894324 0.7612103 -0.4254583
vn 0.1776039 0.6137579 -0.7692581
vn 0.06122609 0.5168875 -0.8538611
vn 0.3164866 0.6741111 -0.6673909
vn 0.3599096 0.5701354 -0.7385193
vn 0.3902816 0.4635569 -0.7954842
vn 0.566393 -0.6659189 -0.4855419
vn 0.3902824 -0.463557 -0.7954839
vn 0.3599098 -0.5701369 -0.738518
vn 0.4894333 -0.7612116 -0.425455
vn 0.6560196 -0.7408654 -0.1440719
vn 0.316487 -0.6741124 -0.6673893
vn 0.536797 -0.8317603 -0.1415053
vn 0.3616116 -0.8444698 -0.3951049
vn 0.5386268 -0.8425445 0
vn 0.6624277 -0.7491258 0
vn 0.2092668 -0.8562021 -0.4723616
vn 0.1776037 -0.613758 -0.7692581
vn 0.5386268 -0.8425444 0
vn 0.6624276 -0.749126 0
vn 0.08118673 -0.8172596 -0.5705222
vn 0.0612257 -0.516885 -0.8538626
vn 0.05025302 -0.9816098 -0.1841651
vn 8.92357E-05 -0.9249675 -0.3800461
vn 0.2071278 -0.9670488 -0.1480358
vn 0.3759116 -0.916887 -0.1341955
vn 0.3826801 -0.9238809 0
vn 0.2149037 -0.9766353 0
vn 0.3826801 -0.9238809 0
vn 4.547818E-05 -0.9810626 -0.193691
vn 3.198825E-05 -0.9254051 -0.3789792
vn 0.06131021 -0.9981187 0
vn 0.2149035 -0.9766353 0
vn 1.630087E-05 -0.9811741 -0.1931254
vn 0 -0.9255505 -0.3786241
vn 0 -1 0
vn 0.06131024 -0.9981187 0
vn 0 -0.9812111 -0.1929372
vn -3.198826E-05 -0.9254051 -0.3789793
vn 0 -1 0
vn 0 -1 0
vn -1.630088E-05 -0.9811741 -0.1931254
vn -8.92357E-05 -0.9249675 -0.3800462
vn 0 -1 0
vn 0 -1 0
vn -4.547818E-05 -0.9810626 -0.1936911
vn -0.08118652 -0.8172596 -0.5705221
vn 0 -1 0
vn 0 -1 0
vn 0 -1 0
vn 0 -1 0
vn 0 -1 0
vn 0 -1 0
vn 0 -1 0
vn 0 -1 0
vn 0 -1 0
vn 0 -1 0
vn 0.06131024 -0.9981187 0
vn 0.2149035 -0.9766353 0
vn 0.3826801 -0.9238809 0
vn 0.5386268 -0.8425444 0
vn 0.6624278 -0.7491258 0
vn 0.5386269 -0.8425444 0
vn 0.6624278 -0.7491258 0
vn 0.3826801 -0.9238809 0
vn 0.2149035 -0.9766353 0
vn 0.06131024 -0.9981187 0
vn 0 -1 0
vn 0.5386268 -0.8425445 0
vn 0.6624275 -0.7491261 0
vn 0.3826802 -0.9238808 0
vn 0.2149035 -0.9766353 0
vn 0.06131032 -0.9981187 0
vn 0.5386268 -0.8425445 0
vn 0.6624274 -0.7491261 0
vn 0.3826802 -0.9238808 0
vn 0.2149035 -0.9766353 0
vn 0.538627 -0.8425443 0
vn 0.6624278 -0.7491258 0
vn 0.38268 -0.9238809 0
vn 0.5367977 -0.8317602 0.1415039
vn 0.6560196 -0.7408655 0.1440713
vn 0 -1 0
vn 0.06131032 -0.9981187 0
vn 0.2149034 -0.9766353 0
vn 0.3759113 -0.9168873 0.1341946
vn 0.4894331 -0.7612095 0.4254588
vn 0.5663931 -0.6659187 0.4855422
vn 0.2071278 -0.9670487 0.1480366
vn 0.3616114 -0.8444683 0.3951082
vn 0.3599066 -0.5701334 0.7385223
vn 0.3902811 -0.4635561 0.7954851
vn 0.3164836 -0.6741089 0.6673944
vn 0.2092669 -0.8562027 0.4723605
vn 0.1776041 -0.6137583 0.7692578
vn 0.05025319 -0.9816097 0.1841655
vn 0.08118726 -0.8172591 0.5705227
vn 0.06122647 -0.5168854 0.8538623
vn 0.0613103 -0.9981187 0
vn 4.541286E-05 -0.9810626 0.193691
vn 8.910755E-05 -0.9249675 0.3800461
vn 0 -1 0
vn 1.628126E-05 -0.9811741 0.1931254
vn 3.194977E-05 -0.9254051 0.3789792
vn 0 -1 0
vn 0 -0.9812111 0.1929372
vn 0 -0.9255505 0.3786241
vn 0 -1 0
vn 0 -1 0
vn -1.628127E-05 -0.9811741 0.1931254
vn -3.194979E-05 -0.9254051 0.3789793
vn 0 -1 0
vn 0 -1 0
vn -4.541287E-05 -0.9810626 0.1936911
vn -8.910755E-05 -0.9249675 0.3800462
vn 0 -1 0
vn 0 -1 0
vn 0 -1 0
vn -0.05025305 -0.9816097 0.1841654
vn -0.08118736 -0.8172595 0.5705221
vn 0 -1 0
vn 0 -1 0
vn 0 -1 0
vn 0 -1 0
vn 0 -1 0
vn 0 -1 0
vn 0 -1 0
vn 0 -1 0
vn 0 -1 0
vn -0.0613103 -0.9981187 0
vn -0.06131025 -0.9981187 0
vn -0.06131026 -0.9981187 0
vn -0.06131024 -0.9981187 0
vn -0.06131024 -0.9981187 0
vn -0.06131024 -0.9981187 0
vn -0.06131011 -0.9981187 0
vn -0.0502527 -0.9816098 -0.1841653
vn -0.2149035 -0.9766353 0
vn -0.2149036 -0.9766353 0
vn -0.2149036 -0.9766353 0
vn -0.2149033 -0.9766353 0
vn -0.2149033 -0.9766353 0
vn -0.2149033 -0.9766353 0
vn -0.2149034 -0.9766353 0
vn -0.207128 -0.9670487 0.1480362
vn -0.2092673 -0.8562028 0.47236
vn -0.1776034 -0.6137581 0.7692581
vn -0.06122687 -0.5168854 0.8538623
vn -0.3164848 -0.6741103 0.6673926
vn -0.3616082 -0.8444713 0.3951047
vn -0.3759102 -0.9168879 0.1341941
vn -0.4894327 -0.7612112 0.4254563
vn -0.3599084 -0.5701362 0.7385191
vn -0.3826791 -0.9238812 0
vn -0.5367975 -0.83176 0.1415053
vn -0.5663945 -0.6659168 0.485543
vn -0.3902827 -0.4635573 0.7954835
vn -0.3826797 -0.9238811 0
vn -0.6560212 -0.740864 0.1440723
vn -0.5386273 -0.8425441 0
vn -0.3826797 -0.9238811 0
vn -0.7408673 -0.6560183 0.1440682
vn -0.6659227 -0.5663926 0.4855373
vn -0.7491271 -0.6624264 0
vn -0.6624289 -0.7491247 0
vn -0.7491272 -0.6624262 0
vn -0.5386271 -0.8425443 0
vn -0.6624286 -0.7491251 0
vn -0.7491271 -0.6624263 0
vn -0.3826795 -0.9238812 0
vn -0.5386271 -0.8425443 0
vn -0.6624286 -0.7491251 0
vn -0.7491271 -0.6624263 0
vn -0.3826794 -0.9238812 0
vn -0.5386277 -0.8425439 0
vn -0.662429 -0.7491246 0
vn -0.7491271 -0.6624263 0
vn -0.3826795 -0.9238812 0
vn -0.5386276 -0.842544 0
vn -0.662429 -0.7491246 0
vn -0.5386277 -0.8425439 0
vn -0.6624289 -0.7491247 0
vn -0.7491271 -0.6624263 0
vn -0.38268 -0.9238809 0
vn -0.5386271 -0.8425443 0
vn -0.6624285 -0.7491252 0
vn -0.7491274 -0.662426 0
vn -0.2071275 -0.9670489 -0.1480354
vn -0.3759108 -0.9168879 -0.1341923
vn -0.6560208 -0.7408643 -0.1440724
vn -0.7408674 -0.6560182 -0.1440683
vn -0.6659218 -0.5663928 -0.4855383
vn -0.5663941 -0.6659162 -0.4855445
vn -0.5367973 -0.8317602 -0.1415048
vn -0.2092669 -0.8562034 -0.472359
vn -0.3616091 -0.8444695 -0.3951077
vn -0.4894315 -0.7612102 -0.4254595
vn -0.1776026 -0.6137566 -0.7692595
vn -0.0612261 -0.5168865 -0.8538616
vn -0.3164814 -0.6741078 -0.6673965
vn -0.3599075 -0.5701337 -0.7385216
vn -0.3902823 -0.4635557 -0.7954847
vt 0.7157017 0.5732353
vt 0.7164738 0.5723138
vt 0.7164752 0.5664002
vt 0.7157075 0.5664002
vt 0.7164758 0.557823
vt 0.7145461 0.5741706
vt 0.7157003 0.5741391
vt 0.7157106 0.5578231
vt 0.7164758 0.5492459
vt 0.7145586 0.5664002
vt 0.713183 0.5749774
vt 0.714819 0.5749149
vt 0.7155578 0.5748267
vt 0.7150326 0.5755684
vt 0.7137463 0.5757773
vt 0.708168 0.5799928
vt 0.71416 0.5765193
vt 0.7157115 0.5492459
vt 0.7164752 0.5406687
vt 0.7145655 0.5578231
vt 0.708968 0.580556
vt 0.71571 0.5406687
vt 0.7164741 0.5320916
vt 0.7132033 0.5664003
vt 0.7145676 0.549246
vt 0.7157063 0.5320916
vt 0.7164723 0.5261779
vt 0.7157001 0.5252565
vt 0.714565 0.5406688
vt 0.7132148 0.5578231
vt 0.7145574 0.5320916
vt 0.7132183 0.549246
vt 0.7145445 0.5243213
vt 0.7156987 0.5243527
vt 0.7132142 0.5406688
vt 0.7148172 0.523577
vt 0.7155561 0.5236652
vt 0.7150309 0.5229235
vt 0.7132022 0.5320917
vt 0.7137445 0.5227146
vt 0.7141582 0.5219727
vt 0.7131813 0.5235145
vt 0.708167 0.5492461
vt 0.7081667 0.540669
vt 0.7081665 0.5320919
vt 0.7081662 0.5235147
vt 0.7081673 0.5578233
vt 0.7081676 0.5664005
vt 0.7081679 0.5749776
vt 0.7089659 0.5179363
vt 0.708166 0.5184996
vt 0.7097078 0.5175226
vt 0.7102788 0.5173215
vt 0.7143593 0.5214016
vt 0.708757 0.51665
vt 0.7081035 0.5168636
vt 0.7080152 0.5161248
vt 0.7073277 0.5159823
vt 0.7073592 0.5171365
vt 0.7064239 0.5159809
vt 0.6995888 0.5184792
vt 0.6995888 0.517124
vt 0.6995888 0.5159751
vt 0.6995888 0.5152074
vt 0.7055024 0.5152088
vt 0.6910116 0.5152068
vt 0.6910116 0.515972
vt 0.6824344 0.5152068
vt 0.6910117 0.5171171
vt 0.6824345 0.5159711
vt 0.6738573 0.5152074
vt 0.699589 0.523515
vt 0.6910117 0.5184678
vt 0.6824345 0.517115
vt 0.6738573 0.5159725
vt 0.6652802 0.5152085
vt 0.6995893 0.5320922
vt 0.6910119 0.5235153
vt 0.6824346 0.5184643
vt 0.6738574 0.5171176
vt 0.6652802 0.5159763
vt 0.6593665 0.5152103
vt 0.6584451 0.5159825
vt 0.6995896 0.5406693
vt 0.6910121 0.5320925
vt 0.6824347 0.5235156
vt 0.6738574 0.5184684
vt 0.6652802 0.5171252
vt 0.6995899 0.5492464
vt 0.6910124 0.5406696
vt 0.682435 0.5320927
vt 0.6575098 0.5171381
vt 0.6575413 0.5159839
vt 0.6738576 0.5235158
vt 0.6652803 0.5184804
vt 0.6567031 0.5185012
vt 0.6567655 0.5168654
vt 0.6568537 0.5161265
vt 0.656112 0.5166517
vt 0.6559032 0.5179381
vt 0.6551613 0.5175244
vt 0.6652805 0.5235161
vt 0.6738579 0.532093
vt 0.6824353 0.5406699
vt 0.6910127 0.5492467
vt 0.6995901 0.5578236
vt 0.6995904 0.5664008
vt 0.691013 0.5578239
vt 0.6824356 0.549247
vt 0.6738582 0.5406702
vt 0.6652807 0.5320933
vt 0.6995907 0.5749779
vt 0.6910133 0.566401
vt 0.6824359 0.5578241
vt 0.6738585 0.5492473
vt 0.6567033 0.5235164
vt 0.6516881 0.5235166
vt 0.665281 0.5406705
vt 0.6567036 0.5320936
vt 0.6511249 0.5227167
vt 0.6507112 0.5219748
vt 0.65051 0.5214038
vt 0.6545902 0.5173233
vt 0.6498385 0.5229256
vt 0.6497046 0.5225911
vt 0.6500522 0.5235791
vt 0.6493133 0.5236674
vt 0.6491709 0.5243549
vt 0.6503251 0.5243234
vt 0.6491695 0.5252587
vt 0.6516678 0.5320938
vt 0.6503126 0.5320938
vt 0.6491637 0.5320938
vt 0.648396 0.5320938
vt 0.6483974 0.5261802
vt 0.6483954 0.540671
vt 0.6491605 0.540671
vt 0.6483954 0.5492482
vt 0.6503056 0.5406709
vt 0.6491597 0.5492481
vt 0.648396 0.5578253
vt 0.6567038 0.5406707
vt 0.6516564 0.5406709
vt 0.6503036 0.5492481
vt 0.6491611 0.5578253
vt 0.6483971 0.5664024
vt 0.6652813 0.5492476
vt 0.6567041 0.5492479
vt 0.6516529 0.549248
vt 0.6503062 0.5578252
vt 0.6491649 0.5664024
vt 0.6483989 0.5723161
vt 0.6491711 0.5732375
vt 0.6738587 0.5578244
vt 0.6652816 0.5578247
vt 0.6567044 0.557825
vt 0.651657 0.5578252
vt 0.6503137 0.5664024
vt 0.6824362 0.5664013
vt 0.673859 0.5664016
vt 0.6652819 0.5664019
vt 0.6503267 0.5741728
vt 0.6491725 0.5741413
vt 0.6567047 0.5664022
vt 0.651669 0.5664023
vt 0.6910136 0.5749782
vt 0.6824365 0.5749785
vt 0.6500539 0.5749171
vt 0.6493151 0.5748289
vt 0.6498403 0.5755706
vt 0.6516898 0.5749795
vt 0.6511266 0.5757794
vt 0.650713 0.5765213
vt 0.6995909 0.5800136
vt 0.6738593 0.5749787
vt 0.6910138 0.5800256
vt 0.656705 0.5749793
vt 0.6652821 0.574979
vt 0.6824366 0.5800297
vt 0.6738595 0.5800261
vt 0.6652823 0.5800148
vt 0.6567051 0.5799945
vt 0.6559053 0.5805577
vt 0.6551634 0.5809714
vt 0.6545924 0.5811726
vt 0.6505119 0.5770923
vt 0.6561142 0.5818441
vt 0.6557797 0.581978
vt 0.6567677 0.5816303
vt 0.6568559 0.5823693
vt 0.6575435 0.5825117
vt 0.6575119 0.5813576
vt 0.6584473 0.5825131
vt 0.6652824 0.58137
vt 0.6652824 0.5825189
vt 0.6738595 0.581377
vt 0.6652824 0.5832866
vt 0.6593688 0.5832852
vt 0.6738596 0.5832872
vt 0.6738595 0.582522
vt 0.6824367 0.5832872
vt 0.6824367 0.5825229
vt 0.6910139 0.5832866
vt 0.6824366 0.581379
vt 0.6910139 0.5825215
vt 0.699591 0.5832855
vt 0.6910138 0.5813764
vt 0.699591 0.5825177
vt 0.7055047 0.5832837
vt 0.7064261 0.5825115
vt 0.699591 0.5813689
vt 0.7073613 0.5813559
vt 0.7073299 0.5825101
vt 0.7081056 0.5816287
vt 0.7080174 0.5823675
vt 0.7087591 0.5818423
vt 0.7097099 0.5809696
vt 0.7143611 0.5770902
vt 0.710281 0.5811707
vt 0.7627207 0.01224323
vt 0.7621642 0.01281423
vt 0.7622367 0.01376504
vt 0.7627438 0.01343054
vt 0.7623906 0.01450677
vt 0.7633772 0.01193007
vt 0.7633772 0.008204888
vt 0.7627207 0.008162884
vt 0.7659503 0.01193007
vt 0.7659503 0.008204888
vt 0.7702389 0.01193007
vt 0.7702389 0.008204888
vt 0.7745275 0.01193007
vt 0.7745275 0.008204888
vt 0.778816 0.01193007
vt 0.778816 0.008204889
vt 0.7831046 0.01193008
vt 0.7831046 0.008204889
vt 0.7873932 0.01193008
vt 0.7873932 0.008204889
vt 0.7916818 0.01193008
vt 0.7916818 0.008204889
vt 0.7942549 0.01193008
vt 0.7942549 0.008204889
vt 0.7949114 0.008162886
vt 0.7949114 0.01224323
vt 0.7745275 0.01311962
vt 0.778816 0.01311962
vt 0.7831046 0.01311962
vt 0.7873932 0.01311962
vt 0.7916818 0.01311962
vt 0.7942549 0.01311962
vt 0.7948883 0.01343054
vt 0.7953954 0.01376504
vt 0.7954679 0.01281423
vt 0.7952415 0.01450678
vt 0.794872 0.01456583
vt 0.7942549 0.01465038
vt 0.7916818 0.01465038
vt 0.7873932 0.01465038
vt 0.7948883 0.01574534
vt 0.7953954 0.01519433
vt 0.7942549 0.01628932
vt 0.7949114 0.01701959
vt 0.7954679 0.01609813
vt 0.7916818 0.01628932
vt 0.7942549 0.01778692
vt 0.7831046 0.01465038
vt 0.7942549 0.02293321
vt 0.7949114 0.02293321
vt 0.7916818 0.01778692
vt 0.7873932 0.01628932
vt 0.778816 0.01465038
vt 0.7942549 0.03151036
vt 0.7949114 0.03151036
vt 0.7831046 0.01628932
vt 0.7873932 0.01778692
vt 0.7916818 0.02293321
vt 0.7942549 0.04008751
vt 0.7949114 0.04008751
vt 0.7916818 0.03151036
vt 0.7873932 0.02293321
vt 0.7831046 0.01778692
vt 0.778816 0.01628932
vt 0.7942549 0.04866466
vt 0.7949114 0.04866466
vt 0.7916818 0.04008751
vt 0.7873932 0.03151036
vt 0.7831046 0.02293321
vt 0.7942549 0.05724181
vt 0.7949114 0.05724181
vt 0.7916818 0.04866466
vt 0.7873932 0.04008751
vt 0.7942549 0.0623881
vt 0.7949114 0.06315542
vt 0.7916818 0.05724181
vt 0.778816 0.01778692
vt 0.7831046 0.03151036
vt 0.7873932 0.04866466
vt 0.778816 0.02293321
vt 0.7831046 0.04008751
vt 0.778816 0.03151036
vt 0.7745275 0.01628932
vt 0.7745275 0.01778692
vt 0.7745275 0.02293321
vt 0.7745275 0.01465038
vt 0.7702389 0.01311962
vt 0.7702389 0.01465038
vt 0.7659503 0.01311962
vt 0.7702389 0.01628932
vt 0.7633772 0.01311962
vt 0.7659503 0.01465038
vt 0.7702389 0.01778692
vt 0.76276 0.01456583
vt 0.7659503 0.01628932
vt 0.7633772 0.01465038
vt 0.7627438 0.01574534
vt 0.7622367 0.01519433
vt 0.7633772 0.01628932
vt 0.7659503 0.01778692
vt 0.7702389 0.02293321
vt 0.7627207 0.01701959
vt 0.7621642 0.01609812
vt 0.7633772 0.01778692
vt 0.7627207 0.02293321
vt 0.7659503 0.02293321
vt 0.7633772 0.02293321
vt 0.7627207 0.03151035
vt 0.7745275 0.03151035
vt 0.7702389 0.03151035
vt 0.7633772 0.03151035
vt 0.7627207 0.04008751
vt 0.7659503 0.03151035
vt 0.778816 0.04008751
vt 0.7633772 0.04008751
vt 0.7627207 0.04866466
vt 0.7745275 0.04008751
vt 0.7702389 0.04008751
vt 0.7659503 0.04008751
vt 0.7831046 0.04866466
vt 0.7633772 0.04866466
vt 0.7627207 0.05724181
vt 0.778816 0.04866466
vt 0.7745275 0.04866466
vt 0.7659503 0.04866466
vt 0.7702389 0.04866466
vt 0.7873932 0.05724181
vt 0.7633772 0.05724181
vt 0.7627207 0.06315542
vt 0.7831046 0.05724181
vt 0.778816 0.05724181
vt 0.7745275 0.05724181
vt 0.7659503 0.05724181
vt 0.7702389 0.05724181
vt 0.7873932 0.0623881
vt 0.7831046 0.0623881
vt 0.778816 0.06238809
vt 0.7745275 0.06238809
vt 0.7702389 0.06238809
vt 0.7659503 0.06238809
vt 0.7916818 0.0623881
vt 0.7633772 0.06238809
vt 0.778816 0.0638857
vt 0.7745275 0.0638857
vt 0.7702389 0.0638857
vt 0.7659503 0.0638857
vt 0.7831046 0.0638857
vt 0.7873932 0.0638857
vt 0.7916818 0.0638857
vt 0.7942549 0.0638857
vt 0.7948883 0.06442967
vt 0.7953953 0.06498069
vt 0.7954679 0.06407689
vt 0.7952415 0.06566824
vt 0.794872 0.06560918
vt 0.7942549 0.06552463
vt 0.7916818 0.06552463
vt 0.7873932 0.06552463
vt 0.7948883 0.06674448
vt 0.7953953 0.06640998
vt 0.7942549 0.06705539
vt 0.7949114 0.06793179
vt 0.7954679 0.06736078
vt 0.7942549 0.06824494
vt 0.7916818 0.06705539
vt 0.7916818 0.06824494
vt 0.7873932 0.06705539
vt 0.7873932 0.06824494
vt 0.7831046 0.06552463
vt 0.7831046 0.06705539
vt 0.7831046 0.06824494
vt 0.778816 0.06552463
vt 0.778816 0.06705539
vt 0.778816 0.06824494
vt 0.7745275 0.06552463
vt 0.7745275 0.06705539
vt 0.7745275 0.06824493
vt 0.7702389 0.06552463
vt 0.7702389 0.06705539
vt 0.7702389 0.06824493
vt 0.7659503 0.06552463
vt 0.7659503 0.06705539
vt 0.7659503 0.06824493
vt 0.7633772 0.0638857
vt 0.7633772 0.06552463
vt 0.7633772 0.06705539
vt 0.7633772 0.06824493
vt 0.7627438 0.06442967
vt 0.76276 0.06560918
vt 0.7627438 0.06674448
vt 0.7627207 0.06793179
vt 0.7622367 0.06498069
vt 0.7621642 0.06407689
vt 0.7623906 0.06566823
vt 0.7622367 0.06640997
vt 0.7621642 0.06736078
vt 0.7333581 0.7144914
vt 0.7328741 0.7126076
vt 0.7328016 0.7135083
vt 0.7333812 0.7131974
vt 0.733028 0.7119105
vt 0.7340146 0.7152788
vt 0.7333581 0.7203842
vt 0.7340146 0.7204069
vt 0.7333581 0.7289311
vt 0.7340146 0.7289537
vt 0.7333581 0.737478
vt 0.7340146 0.7375005
vt 0.7333581 0.7460247
vt 0.7340146 0.7460473
vt 0.7333581 0.7545714
vt 0.7340146 0.7545941
vt 0.7333581 0.760464
vt 0.7333974 0.7119939
vt 0.7340146 0.713771
vt 0.7333812 0.7108052
vt 0.7328742 0.7111272
vt 0.7333581 0.7095544
vt 0.7328016 0.7101064
vt 0.7365877 0.7460473
vt 0.7365877 0.7545941
vt 0.7365877 0.7375005
vt 0.7365877 0.7289537
vt 0.7365877 0.7204069
vt 0.7365877 0.7152788
vt 0.7408763 0.7460473
vt 0.7408763 0.7375005
vt 0.7408763 0.7289537
vt 0.7408763 0.7545941
vt 0.7408763 0.7204069
vt 0.7365877 0.713771
vt 0.7408763 0.7152788
vt 0.7340146 0.7120937
vt 0.7340146 0.7105021
vt 0.7365877 0.7120937
vt 0.7340146 0.7092388
vt 0.7408763 0.713771
vt 0.7365877 0.7105021
vt 0.7340146 0.7052137
vt 0.7333581 0.7051455
vt 0.7365877 0.7092388
vt 0.7365877 0.7052137
vt 0.7408763 0.7120937
vt 0.7408763 0.7105021
vt 0.7408763 0.7092388
vt 0.7408763 0.7052137
vt 0.7451649 0.7092388
vt 0.7451649 0.7052137
vt 0.7451649 0.7105021
vt 0.7451649 0.7120937
vt 0.7451649 0.713771
vt 0.7494534 0.7092388
vt 0.7494534 0.7052137
vt 0.7494534 0.7105021
vt 0.7494534 0.7120937
vt 0.753742 0.7092388
vt 0.753742 0.7052137
vt 0.753742 0.7105021
vt 0.7580306 0.7092388
vt 0.7580306 0.7052137
vt 0.7451649 0.7152788
vt 0.7494534 0.713771
vt 0.753742 0.7120937
vt 0.7580306 0.7105021
vt 0.7623191 0.7092388
vt 0.7623191 0.7052137
vt 0.7451649 0.7204069
vt 0.753742 0.713771
vt 0.7580306 0.7120937
vt 0.7623191 0.7105021
vt 0.7648923 0.7092388
vt 0.7648923 0.7052137
vt 0.7655488 0.7051455
vt 0.7655488 0.7095544
vt 0.7648923 0.7105021
vt 0.7623191 0.7120937
vt 0.7580306 0.713771
vt 0.7655256 0.7108052
vt 0.7648923 0.7120937
vt 0.7623191 0.713771
vt 0.7660328 0.7111272
vt 0.7661053 0.7101064
vt 0.7658789 0.7119105
vt 0.7655094 0.7119939
vt 0.7648923 0.713771
vt 0.7655256 0.7131974
vt 0.7660328 0.7126076
vt 0.7648923 0.7152788
vt 0.7655488 0.7144914
vt 0.7661053 0.7135083
vt 0.7623191 0.7152788
vt 0.7648923 0.7204069
vt 0.7655488 0.7203842
vt 0.7580306 0.7152788
vt 0.7648923 0.7289537
vt 0.7655488 0.7289311
vt 0.7623191 0.7204069
vt 0.753742 0.7152788
vt 0.7648923 0.7375005
vt 0.7655488 0.737478
vt 0.7623191 0.7289537
vt 0.7580306 0.7204069
vt 0.7494534 0.7152788
vt 0.7648923 0.7460473
vt 0.7655488 0.7460247
vt 0.7623191 0.7375005
vt 0.7580306 0.7289537
vt 0.753742 0.7204069
vt 0.7494534 0.7204069
vt 0.7648923 0.7545941
vt 0.7655488 0.7545714
vt 0.7623191 0.7460473
vt 0.753742 0.7289537
vt 0.7580306 0.7375005
vt 0.7494534 0.7289537
vt 0.7648923 0.7597222
vt 0.7655488 0.760464
vt 0.7623191 0.7545941
vt 0.753742 0.7375005
vt 0.7580306 0.7460473
vt 0.7451649 0.7289537
vt 0.7494534 0.7375005
vt 0.7451649 0.7375005
vt 0.753742 0.7460473
vt 0.7580306 0.7545941
vt 0.7494534 0.7460473
vt 0.7451649 0.7460473
vt 0.753742 0.7545941
vt 0.7623191 0.7597222
vt 0.7494534 0.7545941
vt 0.7451649 0.7545941
vt 0.7580306 0.7597222
vt 0.753742 0.7597222
vt 0.7494534 0.7597222
vt 0.7451649 0.7597222
vt 0.7408763 0.7597222
vt 0.7365877 0.7597222
vt 0.7340146 0.7597222
vt 0.7623191 0.761199
vt 0.7580306 0.761199
vt 0.753742 0.761199
vt 0.7494534 0.761199
vt 0.7451649 0.761199
vt 0.7408763 0.761199
vt 0.7365877 0.761199
vt 0.7648923 0.761199
vt 0.7655256 0.7617096
vt 0.7660328 0.7622178
vt 0.7661053 0.7613174
vt 0.7658789 0.762891
vt 0.7655094 0.7628567
vt 0.7648923 0.7627879
vt 0.7655256 0.7639305
vt 0.7660328 0.7635859
vt 0.7623191 0.7627879
vt 0.7648923 0.7642471
vt 0.7580306 0.7627879
vt 0.7648923 0.7653545
vt 0.7655488 0.7650459
vt 0.7623191 0.7642471
vt 0.7623191 0.7653545
vt 0.7580306 0.7642471
vt 0.7580306 0.7653545
vt 0.753742 0.7627879
vt 0.753742 0.7642471
vt 0.753742 0.7653545
vt 0.7494534 0.7627879
vt 0.7494534 0.7642471
vt 0.7494534 0.7653545
vt 0.7451649 0.7627879
vt 0.7451649 0.7642471
vt 0.7451649 0.7653545
vt 0.7408763 0.7627879
vt 0.7408763 0.7642471
vt 0.7408763 0.7653545
vt 0.7365877 0.7627879
vt 0.7365877 0.7642471
vt 0.7365877 0.7653545
vt 0.7340146 0.761199
vt 0.7340146 0.7627879
vt 0.7340146 0.7642471
vt 0.7340146 0.7653545
vt 0.7333812 0.7617096
vt 0.7333974 0.7628567
vt 0.7333812 0.7639305
vt 0.7333581 0.7650459
vt 0.733028 0.762891
vt 0.7328741 0.7635859
vt 0.7328741 0.7622178
vt 0.7328016 0.7613173
vt 0.7157017 0.6576415
vt 0.7164738 0.65672
vt 0.7164752 0.6508064
vt 0.7157075 0.6508064
vt 0.7164758 0.6422292
vt 0.7145461 0.6585768
vt 0.7157003 0.6585453
vt 0.7157106 0.6422293
vt 0.7164758 0.6336521
vt 0.714819 0.6593211
vt 0.713183 0.6593837
vt 0.7155578 0.6592329
vt 0.7150326 0.6599746
vt 0.7145586 0.6508064
vt 0.7137463 0.6601835
vt 0.708168 0.664399
vt 0.71416 0.6609254
vt 0.7157115 0.6336521
vt 0.7164752 0.6250749
vt 0.7145655 0.6422293
vt 0.708968 0.6649622
vt 0.71571 0.6250749
vt 0.7164741 0.6164978
vt 0.7132033 0.6508065
vt 0.7145676 0.6336522
vt 0.7157063 0.6164978
vt 0.7164723 0.6105841
vt 0.7157001 0.6096627
vt 0.7145649 0.625075
vt 0.7132148 0.6422293
vt 0.7145574 0.6164978
vt 0.7132183 0.6336522
vt 0.7145445 0.6087275
vt 0.7156987 0.6087589
vt 0.7132142 0.625075
vt 0.7148172 0.6079832
vt 0.7155561 0.6080714
vt 0.7150309 0.6073297
vt 0.7132022 0.6164979
vt 0.7131813 0.6079208
vt 0.7137445 0.6071208
vt 0.708167 0.6336523
vt 0.7081667 0.6250752
vt 0.7081665 0.6164981
vt 0.7081662 0.6079209
vt 0.7081673 0.6422295
vt 0.7081676 0.6508067
vt 0.7081679 0.6593838
vt 0.6995893 0.6164984
vt 0.6995896 0.6250755
vt 0.6995898 0.6336526
vt 0.6995901 0.6422298
vt 0.6995904 0.650807
vt 0.699589 0.6079212
vt 0.6995907 0.6593841
vt 0.6910124 0.6250758
vt 0.6910127 0.6336529
vt 0.6910121 0.6164986
vt 0.691013 0.6422301
vt 0.6910118 0.6079215
vt 0.6910133 0.6508072
vt 0.682435 0.6164989
vt 0.6824353 0.6250761
vt 0.6824356 0.6336532
vt 0.6824347 0.6079218
vt 0.6824359 0.6422303
vt 0.6910117 0.602874
vt 0.6824346 0.6028705
vt 0.6995888 0.6028855
vt 0.708166 0.6029058
vt 0.7089659 0.6023425
vt 0.6738576 0.6079221
vt 0.6738574 0.6028746
vt 0.6738579 0.6164992
vt 0.6738582 0.6250764
vt 0.6738584 0.6336535
vt 0.6652804 0.6079223
vt 0.6652807 0.6164995
vt 0.6652803 0.6028866
vt 0.6567031 0.6029075
vt 0.665281 0.6250767
vt 0.6567033 0.6079226
vt 0.6516881 0.6079228
vt 0.6567036 0.6164998
vt 0.6738587 0.6422306
vt 0.6652813 0.6336538
vt 0.6567038 0.6250769
vt 0.6516678 0.6165
vt 0.6824362 0.6508075
vt 0.6910136 0.6593844
vt 0.6995909 0.6644198
vt 0.6567041 0.6336541
vt 0.6652816 0.6422309
vt 0.673859 0.6508078
vt 0.6824365 0.6593847
vt 0.6516564 0.6250771
vt 0.6910138 0.6644318
vt 0.7073613 0.6657621
vt 0.6995909 0.6657751
vt 0.7081056 0.6660349
vt 0.6567044 0.6422312
vt 0.6652818 0.6508081
vt 0.6738593 0.659385
vt 0.6824366 0.6644359
vt 0.6910138 0.6657826
vt 0.6516529 0.6336542
vt 0.6567047 0.6508084
vt 0.6652821 0.6593852
vt 0.6738595 0.6644324
vt 0.6824366 0.6657852
vt 0.651657 0.6422314
vt 0.699591 0.666924
vt 0.6910139 0.6669277
vt 0.7064261 0.6669177
vt 0.7055047 0.6676899
vt 0.7073299 0.6669163
vt 0.699591 0.6676916
vt 0.7080174 0.6667737
vt 0.7087591 0.6662485
vt 0.6910139 0.6676928
vt 0.6824367 0.6669291
vt 0.6824367 0.6676934
vt 0.7097099 0.6653758
vt 0.7143611 0.6614964
vt 0.710281 0.6655769
vt 0.7090936 0.6663824
vt 0.6738595 0.6657832
vt 0.6738595 0.6669283
vt 0.6738596 0.6676934
vt 0.6652823 0.664421
vt 0.6652824 0.6657762
vt 0.6652824 0.6669251
vt 0.6652824 0.6676928
vt 0.656705 0.6593855
vt 0.6567051 0.6644007
vt 0.6575119 0.6657638
vt 0.6584473 0.6669194
vt 0.6593688 0.6676914
vt 0.6575435 0.6669179
vt 0.6567677 0.6660365
vt 0.6568559 0.6667755
vt 0.6561142 0.6662503
vt 0.6559053 0.6649639
vt 0.6551633 0.6653776
vt 0.651669 0.6508085
vt 0.6516898 0.6593857
vt 0.6511266 0.6601856
vt 0.650713 0.6609275
vt 0.6545924 0.6655788
vt 0.6505119 0.6614985
vt 0.6498403 0.6599768
vt 0.6500539 0.6593233
vt 0.6493151 0.6592351
vt 0.6491725 0.6585475
vt 0.6503267 0.658579
vt 0.6491711 0.6576437
vt 0.6503137 0.6508086
vt 0.6491648 0.6508086
vt 0.6483989 0.6567222
vt 0.6483971 0.6508086
vt 0.6503062 0.6422314
vt 0.6491611 0.6422315
vt 0.648396 0.6422315
vt 0.6503036 0.6336543
vt 0.6491597 0.6336543
vt 0.6483954 0.6336544
vt 0.6503056 0.6250771
vt 0.6491605 0.6250772
vt 0.6483954 0.6250772
vt 0.6503126 0.6165
vt 0.6491637 0.6165
vt 0.648396 0.6165
vt 0.650325 0.6087296
vt 0.6491694 0.6096649
vt 0.6483974 0.6105864
vt 0.6491709 0.6087611
vt 0.6500522 0.6079853
vt 0.6493133 0.6080736
vt 0.6498385 0.6073318
vt 0.6511249 0.6071229
vt 0.6507112 0.606381
vt 0.6559032 0.6023443
vt 0.6551613 0.6019306
vt 0.65051 0.60581
vt 0.6545902 0.6017295
vt 0.656112 0.6010579
vt 0.6567655 0.6012716
vt 0.6568537 0.6005327
vt 0.6575413 0.6003901
vt 0.6575098 0.6015443
vt 0.6584451 0.6003887
vt 0.6652802 0.6015314
vt 0.6652802 0.6003824
vt 0.6593665 0.5996165
vt 0.6652802 0.5996147
vt 0.6738573 0.6015239
vt 0.6738573 0.6003788
vt 0.6738573 0.5996135
vt 0.6824345 0.6015212
vt 0.6824345 0.6003773
vt 0.6824344 0.599613
vt 0.6910117 0.6015233
vt 0.6910116 0.6003782
vt 0.6910116 0.599613
vt 0.6995888 0.6015302
vt 0.6995888 0.6003813
vt 0.6995887 0.5996136
vt 0.7073592 0.6015427
vt 0.7064239 0.6003871
vt 0.7055024 0.599615
vt 0.7073277 0.6003885
vt 0.7081035 0.6012698
vt 0.7080152 0.600531
vt 0.708757 0.6010562
vt 0.7097078 0.6019288
vt 0.7141582 0.6063789
vt 0.7102788 0.6017277
vt 0.7143593 0.6058078
vt 0.7151648 0.6069952
vt 0.7667359 0.400525
vt 0.7672198 0.4022788
vt 0.7672924 0.4013783
vt 0.7667127 0.4017705
vt 0.7670659 0.402952
vt 0.7660794 0.3997832
vt 0.7667359 0.3946324
vt 0.7660794 0.3946551
vt 0.7667359 0.3860857
vt 0.7660794 0.3861083
vt 0.7667359 0.3775389
vt 0.7660794 0.3775615
vt 0.7667359 0.3689921
vt 0.7660794 0.3690147
vt 0.7667359 0.3604452
vt 0.7660794 0.3604679
vt 0.7667359 0.3545524
vt 0.7666965 0.4029177
vt 0.7660794 0.40126
vt 0.7667127 0.4039915
vt 0.7672198 0.4036469
vt 0.7635062 0.3775615
vt 0.7635062 0.3690147
vt 0.7635062 0.3604679
vt 0.7635062 0.3861083
vt 0.7635062 0.3946551
vt 0.7635062 0.3997832
vt 0.7592177 0.3690147
vt 0.7592177 0.3775615
vt 0.7592177 0.3861083
vt 0.7592177 0.3604679
vt 0.7592177 0.3946551
vt 0.7635062 0.40126
vt 0.7592177 0.3997832
vt 0.7660794 0.4028489
vt 0.7660794 0.4043081
vt 0.7635062 0.4028489
vt 0.7660794 0.4054154
vt 0.7667359 0.4051069
vt 0.7635062 0.4043081
vt 0.7635062 0.4054154
vt 0.7592177 0.40126
vt 0.7592177 0.4043081
vt 0.7592177 0.4054154
vt 0.7592177 0.4028489
vt 0.7549291 0.4043081
vt 0.7549291 0.4054154
vt 0.7549291 0.4028489
vt 0.7549291 0.40126
vt 0.7549291 0.3997832
vt 0.7506405 0.4043081
vt 0.7506405 0.4054154
vt 0.7506405 0.4028489
vt 0.7506405 0.40126
vt 0.746352 0.4043081
vt 0.746352 0.4054154
vt 0.746352 0.4028489
vt 0.7420633 0.4043081
vt 0.7420633 0.4054154
vt 0.7549291 0.3946551
vt 0.7506405 0.3997832
vt 0.746352 0.40126
vt 0.7420633 0.4028489
vt 0.7377748 0.4043081
vt 0.7377748 0.4054154
vt 0.7549291 0.3861083
vt 0.746352 0.3997832
vt 0.7420633 0.40126
vt 0.7377748 0.4028489
vt 0.7352017 0.4043081
vt 0.7352017 0.4054154
vt 0.7549291 0.3775615
vt 0.7420633 0.3997832
vt 0.7377748 0.40126
vt 0.7352017 0.4028489
vt 0.7345683 0.4039915
vt 0.7345452 0.4051069
vt 0.7352017 0.40126
vt 0.7345845 0.4029177
vt 0.7377748 0.3997832
vt 0.7342151 0.402952
vt 0.7340612 0.4036469
vt 0.7345683 0.4017705
vt 0.7340612 0.4022788
vt 0.7352017 0.3997832
vt 0.7345452 0.400525
vt 0.7339886 0.4013783
vt 0.7352017 0.3946551
vt 0.7345452 0.3946324
vt 0.7377748 0.3946551
vt 0.7352017 0.3861083
vt 0.7345452 0.3860857
vt 0.7420633 0.3946551
vt 0.7352017 0.3775615
vt 0.7345452 0.3775389
vt 0.7377748 0.3861083
vt 0.746352 0.3946551
vt 0.7352017 0.3690147
vt 0.7345452 0.3689921
vt 0.7377748 0.3775615
vt 0.7420633 0.3861083
vt 0.7506405 0.3946551
vt 0.7352017 0.3604679
vt 0.7345452 0.3604452
vt 0.746352 0.3861083
vt 0.7506405 0.3861083
vt 0.7377748 0.3690147
vt 0.7420633 0.3775615
vt 0.7352017 0.3553398
vt 0.7345452 0.3545524
vt 0.7506405 0.3775615
vt 0.746352 0.3775615
vt 0.7420633 0.3690147
vt 0.7377748 0.3604679
vt 0.746352 0.3690147
vt 0.7506405 0.3690147
vt 0.7420633 0.3604679
vt 0.7377748 0.3553398
vt 0.746352 0.3604679
vt 0.7549291 0.3690147
vt 0.7506405 0.3604679
vt 0.7549291 0.3604679
vt 0.7420633 0.3553398
vt 0.746352 0.3553398
vt 0.7506405 0.3553398
vt 0.7549291 0.3553398
vt 0.7592177 0.3553398
vt 0.7635062 0.3553398
vt 0.7660794 0.3553398
vt 0.7377748 0.3538319
vt 0.7420633 0.3538319
vt 0.746352 0.3538319
vt 0.7506405 0.3538319
vt 0.7549291 0.3538319
vt 0.7592177 0.3538319
vt 0.7635062 0.3538319
vt 0.7352017 0.3538319
vt 0.7345683 0.3532584
vt 0.7340612 0.3526686
vt 0.7339886 0.3535693
vt 0.7342151 0.3519714
vt 0.7345845 0.3520549
vt 0.7352017 0.3521546
vt 0.7345683 0.3508661
vt 0.7340612 0.3511882
vt 0.7377748 0.3521546
vt 0.7352017 0.3505631
vt 0.7345452 0.3496153
vt 0.7339886 0.3501674
vt 0.7420633 0.3521546
vt 0.7352017 0.3492998
vt 0.7377748 0.3505631
vt 0.746352 0.3521546
vt 0.7352017 0.3452747
vt 0.7345452 0.3452065
vt 0.7377748 0.3492998
vt 0.7377748 0.3452747
vt 0.7420633 0.3505631
vt 0.7420633 0.3492998
vt 0.7420633 0.3452747
vt 0.7506405 0.3521546
vt 0.746352 0.3505631
vt 0.746352 0.3492998
vt 0.746352 0.3452747
vt 0.7549291 0.3521546
vt 0.7506405 0.3505631
vt 0.7506405 0.3492998
vt 0.7506405 0.3452747
vt 0.7592177 0.3521546
vt 0.7549291 0.3505631
vt 0.7549291 0.3492998
vt 0.7549291 0.3452747
vt 0.7592177 0.3505631
vt 0.7592177 0.3492998
vt 0.7592177 0.3452747
vt 0.7635062 0.3521546
vt 0.7635062 0.3505631
vt 0.7635062 0.3492998
vt 0.7635062 0.3452747
vt 0.7660794 0.3538319
vt 0.7660794 0.3521546
vt 0.7660794 0.3492998
vt 0.7660794 0.3452747
vt 0.7667359 0.3452065
vt 0.7667359 0.3496153
vt 0.7660794 0.3505631
vt 0.7667127 0.3532584
vt 0.7666965 0.3520549
vt 0.7667127 0.3508661
vt 0.7672198 0.3526686
vt 0.7672924 0.3535693
vt 0.7670659 0.3519714
vt 0.7672198 0.3511882
vt 0.7672924 0.3501674
vt 0.7949114 0.1443396
vt 0.7954679 0.1437686
vt 0.7953953 0.1428178
vt 0.7948883 0.1431523
vt 0.7942549 0.1446528
vt 0.7952415 0.1420761
vt 0.7942549 0.1434632
vt 0.794872 0.142017
vt 0.7916818 0.1434632
vt 0.7916818 0.1446528
vt 0.7948883 0.1408375
vt 0.7953953 0.1413885
vt 0.7873932 0.1434632
vt 0.7873932 0.1446528
vt 0.7949114 0.1395632
vt 0.7954679 0.1404847
vt 0.7942549 0.1387959
vt 0.7949114 0.1336496
vt 0.7942549 0.1402935
vt 0.7942549 0.1419324
vt 0.7916818 0.1419324
vt 0.7916818 0.1402935
vt 0.7873932 0.1419324
vt 0.7942549 0.1336496
vt 0.7949114 0.1250725
vt 0.7916818 0.1387959
vt 0.7873932 0.1402935
vt 0.7942549 0.1250725
vt 0.7949114 0.1164953
vt 0.7916818 0.1336496
vt 0.7873932 0.1387959
vt 0.7942549 0.1164953
vt 0.7949114 0.1079182
vt 0.7916818 0.1250725
vt 0.7873932 0.1336496
vt 0.7942549 0.1079182
vt 0.7949114 0.09934103
vt 0.7916818 0.1164953
vt 0.7873932 0.1250725
vt 0.7942549 0.09934103
vt 0.7949114 0.0934274
vt 0.7916818 0.1079182
vt 0.7873932 0.1164953
vt 0.7916818 0.09934103
vt 0.7873932 0.1079182
vt 0.7873932 0.09934103
vt 0.7831046 0.1250725
vt 0.7831046 0.1164953
vt 0.7831046 0.1079182
vt 0.7831046 0.09934103
vt 0.7831046 0.1336496
vt 0.7831046 0.1387959
vt 0.7831046 0.1402935
vt 0.7831046 0.1419324
vt 0.7831046 0.1434632
vt 0.7831046 0.1446528
vt 0.778816 0.1434632
vt 0.778816 0.1446528
vt 0.778816 0.1419324
vt 0.778816 0.1402935
vt 0.778816 0.1387959
vt 0.778816 0.1336496
vt 0.7745275 0.1434632
vt 0.7745275 0.1446528
vt 0.7745275 0.1419324
vt 0.7745275 0.1402935
vt 0.7745275 0.1387959
vt 0.7702389 0.1434632
vt 0.7702389 0.1446528
vt 0.7702389 0.1419324
vt 0.7702389 0.1402935
vt 0.7659503 0.1434632
vt 0.7659503 0.1446528
vt 0.7659503 0.1419324
vt 0.7633772 0.1434632
vt 0.7633772 0.1446528
vt 0.7745275 0.1336496
vt 0.7702389 0.1387959
vt 0.7659503 0.1402935
vt 0.7633772 0.1419324
vt 0.7627438 0.1431523
vt 0.7627207 0.1443396
vt 0.7633772 0.1402935
vt 0.76276 0.142017
vt 0.7622367 0.1428178
vt 0.7621642 0.1437686
vt 0.7623906 0.1420761
vt 0.7627438 0.1408375
vt 0.7622367 0.1413885
vt 0.7633772 0.1387959
vt 0.7627207 0.1395632
vt 0.7621642 0.1404847
vt 0.7659503 0.1387959
vt 0.7633772 0.1336496
vt 0.7627207 0.1336496
vt 0.7659503 0.1336496
vt 0.7633772 0.1250725
vt 0.7627207 0.1250725
vt 0.7702389 0.1336496
vt 0.7633772 0.1164953
vt 0.7627207 0.1164953
vt 0.7659503 0.1250725
vt 0.7702389 0.1250725
vt 0.7633772 0.1079182
vt 0.7627207 0.1079182
vt 0.7659503 0.1164953
vt 0.7745275 0.1250725
vt 0.7633772 0.09934103
vt 0.7627207 0.09934103
vt 0.7659503 0.1079182
vt 0.7702389 0.1164953
vt 0.778816 0.1250725
vt 0.7633772 0.09419473
vt 0.7627207 0.0934274
vt 0.7745275 0.1164953
vt 0.778816 0.1164953
vt 0.7702389 0.1079182
vt 0.7659503 0.09934103
vt 0.778816 0.1079182
vt 0.7745275 0.1079182
vt 0.7702389 0.09934103
vt 0.778816 0.09934103
vt 0.7745275 0.09934103
vt 0.7659503 0.09419473
vt 0.7702389 0.09419473
vt 0.7745275 0.09419474
vt 0.778816 0.09419474
vt 0.7831046 0.09419474
vt 0.7873932 0.09419474
vt 0.7916818 0.09419474
vt 0.7942549 0.09419474
vt 0.7659503 0.09269714
vt 0.7702389 0.09269714
vt 0.7745275 0.09269714
vt 0.778816 0.09269714
vt 0.7831046 0.09269714
vt 0.7873932 0.09269714
vt 0.7916818 0.09269714
vt 0.7633772 0.09269714
vt 0.7627438 0.09215317
vt 0.7622367 0.09160215
vt 0.7621642 0.09250594
vt 0.7623906 0.09091458
vt 0.76276 0.09097366
vt 0.7633772 0.0910582
vt 0.7627438 0.08983836
vt 0.7622367 0.09017286
vt 0.7659503 0.0910582
vt 0.7633772 0.08952743
vt 0.7627207 0.08865105
vt 0.7621642 0.08922206
vt 0.7702389 0.0910582
vt 0.7633772 0.08833789
vt 0.7659503 0.08952743
vt 0.7745275 0.0910582
vt 0.7633772 0.08461271
vt 0.7627207 0.0845707
vt 0.7659503 0.08461271
vt 0.7659503 0.08833789
vt 0.7702389 0.08461271
vt 0.7702389 0.08952743
vt 0.7702389 0.08833789
vt 0.7745275 0.08461272
vt 0.778816 0.0910582
vt 0.7745275 0.08952743
vt 0.7745275 0.08833789
vt 0.778816 0.08461272
vt 0.7831046 0.0910582
vt 0.778816 0.08952743
vt 0.778816 0.08833789
vt 0.7831046 0.08461272
vt 0.7873932 0.0910582
vt 0.7831046 0.08952743
vt 0.7831046 0.08833789
vt 0.7873932 0.08952743
vt 0.7873932 0.08833789
vt 0.7873932 0.08461272
vt 0.7916818 0.0910582
vt 0.7916818 0.08952744
vt 0.7916818 0.08833789
vt 0.7916818 0.08461272
vt 0.7942549 0.09269714
vt 0.7942549 0.0910582
vt 0.7942549 0.08833789
vt 0.7942549 0.08461272
vt 0.7949114 0.08457071
vt 0.7949114 0.08865105
vt 0.7942549 0.08952744
vt 0.7948883 0.09215317
vt 0.794872 0.09097365
vt 0.7948883 0.08983836
vt 0.7953953 0.09160216
vt 0.7954679 0.09250595
vt 0.7952415 0.09091459
vt 0.7953953 0.09017286
vt 0.7954679 0.08922206
f 1/1/1 3/3/3 2/2/2
f 1/1/1 4/4/4 3/3/3
f 4/4/4 5/5/5 3/3/3
f 6/6/6 4/4/4 1/1/1
f 6/6/6 1/1/1 7/7/7
f 4/4/4 8/8/8 5/5/5
f 8/8/8 9/9/9 5/5/5
f 6/6/6 10/10/10 4/4/4
f 10/10/10 8/8/8 4/4/4
f 11/11/11 10/10/10 6/6/6
f 6/6/6 7/7/7 12/12/12
f 11/11/11 6/6/6 12/12/12
f 12/12/12 7/7/7 13/13/13
f 12/12/12 13/13/13 14/14/14
f 15/15/15 12/12/12 14/14/14
f 11/11/11 12/12/12 15/15/15
f 16/16/16 11/11/11 15/15/15
f 15/15/15 14/14/14 17/17/17
f 8/8/8 18/18/18 9/9/9
f 18/18/18 19/19/19 9/9/9
f 10/10/10 20/20/20 8/8/8
f 20/20/20 18/18/18 8/8/8
f 21/21/21 15/15/15 17/17/17
f 16/16/16 15/15/15 21/21/21
f 18/18/18 22/22/22 19/19/19
f 22/22/22 23/23/23 19/19/19
f 11/11/11 24/24/24 10/10/10
f 24/24/24 20/20/20 10/10/10
f 20/20/20 25/25/25 18/18/18
f 25/25/25 22/22/22 18/18/18
f 22/22/22 26/26/26 23/23/23
f 26/26/26 27/27/27 23/23/23
f 26/26/26 28/28/28 27/27/27
f 29/29/29 26/26/26 22/22/22
f 25/25/25 29/29/29 22/22/22
f 30/30/30 25/25/25 20/20/20
f 24/24/24 30/30/30 20/20/20
f 31/31/31 28/28/28 26/26/26
f 29/29/29 31/31/31 26/26/26
f 32/32/32 29/29/29 25/25/25
f 30/30/30 32/32/32 25/25/25
f 31/31/31 33/33/33 28/28/28
f 33/33/33 34/34/34 28/28/28
f 35/35/35 31/31/31 29/29/29
f 32/32/32 35/35/35 29/29/29
f 33/33/33 36/36/36 34/34/34
f 36/36/36 37/37/37 34/34/34
f 36/36/36 38/38/38 37/37/37
f 39/39/39 33/33/33 31/31/31
f 35/35/35 39/39/39 31/31/31
f 40/40/40 38/38/38 36/36/36
f 40/40/40 41/41/41 38/38/38
f 42/42/42 36/36/36 33/33/33
f 39/39/39 42/42/42 33/33/33
f 42/42/42 40/40/40 36/36/36
f 30/30/30 43/43/43 32/32/32
f 32/32/32 44/44/44 35/35/35
f 32/32/32 43/43/43 44/44/44
f 35/35/35 45/45/45 39/39/39
f 35/35/35 44/44/44 45/45/45
f 39/39/39 46/46/46 42/42/42
f 39/39/39 45/45/45 46/46/46
f 30/30/30 47/47/47 43/43/43
f 24/24/24 47/47/47 30/30/30
f 24/24/24 48/48/48 47/47/47
f 11/11/11 48/48/48 24/24/24
f 11/11/11 49/49/49 48/48/48
f 16/16/16 49/49/49 11/11/11
f 42/42/42 50/50/50 40/40/40
f 42/42/42 46/46/46 51/51/51
f 42/42/42 51/51/51 50/50/50
f 40/40/40 50/50/50 52/52/52
f 40/40/40 52/52/52 41/41/41
f 41/41/41 52/52/52 53/53/53
f 41/41/41 53/53/53 54/54/54
f 50/50/50 55/55/55 52/52/52
f 50/50/50 56/56/56 55/55/55
f 51/51/51 56/56/56 50/50/50
f 56/56/56 57/57/57 55/55/55
f 56/56/56 58/58/58 57/57/57
f 59/59/59 58/58/58 56/56/56
f 51/51/51 59/59/59 56/56/56
f 59/59/59 60/60/60 58/58/58
f 46/46/46 61/61/61 51/51/51
f 51/51/51 62/62/62 59/59/59
f 51/51/51 61/61/61 62/62/62
f 59/59/59 63/63/63 60/60/60
f 59/59/59 62/62/62 63/63/63
f 60/60/60 63/63/63 64/64/64
f 60/60/60 64/64/64 65/65/65
f 63/63/63 66/66/66 64/64/64
f 63/63/63 67/67/67 66/66/66
f 62/62/62 67/67/67 63/63/63
f 67/67/67 68/68/68 66/66/66
f 62/62/62 69/69/69 67/67/67
f 61/61/61 69/69/69 62/62/62
f 67/67/67 70/70/70 68/68/68
f 69/69/69 70/70/70 67/67/67
f 70/70/70 71/71/71 68/68/68
f 46/46/46 72/72/72 61/61/61
f 45/45/45 72/72/72 46/46/46
f 61/61/61 73/73/73 69/69/69
f 72/72/72 73/73/73 61/61/61
f 69/69/69 74/74/74 70/70/70
f 73/73/73 74/74/74 69/69/69
f 70/70/70 75/75/75 71/71/71
f 74/74/74 75/75/75 70/70/70
f 75/75/75 76/76/76 71/71/71
f 45/45/45 77/77/77 72/72/72
f 44/44/44 77/77/77 45/45/45
f 72/72/72 78/78/78 73/73/73
f 77/77/77 78/78/78 72/72/72
f 73/73/73 79/79/79 74/74/74
f 78/78/78 79/79/79 73/73/73
f 74/74/74 80/80/80 75/75/75
f 79/79/79 80/80/80 74/74/74
f 75/75/75 81/81/81 76/76/76
f 80/80/80 81/81/81 75/75/75
f 81/81/81 82/82/82 76/76/76
f 81/81/81 83/83/83 82/82/82
f 44/44/44 84/84/84 77/77/77
f 43/43/43 84/84/84 44/44/44
f 77/77/77 85/85/85 78/78/78
f 84/84/84 85/85/85 77/77/77
f 78/78/78 86/86/86 79/79/79
f 85/85/85 86/86/86 78/78/78
f 79/79/79 87/87/87 80/80/80
f 86/86/86 87/87/87 79/79/79
f 80/80/80 88/88/88 81/81/81
f 88/88/88 83/83/83 81/81/81
f 87/87/87 88/88/88 80/80/80
f 43/43/43 89/89/89 84/84/84
f 47/47/47 89/89/89 43/43/43
f 84/84/84 90/90/90 85/85/85
f 89/89/89 90/90/90 84/84/84
f 85/85/85 91/91/91 86/86/86
f 90/90/90 91/91/91 85/85/85
f 88/88/88 92/92/92 83/83/83
f 92/92/92 93/93/93 83/83/83
f 86/86/86 94/94/94 87/87/87
f 91/91/91 94/94/94 86/86/86
f 87/87/87 95/95/95 88/88/88
f 95/95/95 92/92/92 88/88/88
f 94/94/94 95/95/95 87/87/87
f 95/95/95 96/96/96 92/92/92
f 92/92/92 97/97/97 93/93/93
f 96/96/96 97/97/97 92/92/92
f 97/97/97 98/98/98 93/93/93
f 97/97/97 99/99/99 98/98/98
f 100/100/100 99/99/99 97/97/97
f 96/96/96 100/100/100 97/97/97
f 100/100/100 101/101/101 99/99/99
f 94/94/94 102/102/102 95/95/95
f 102/102/102 96/96/96 95/95/95
f 91/91/91 103/103/103 94/94/94
f 103/103/103 102/102/102 94/94/94
f 104/104/104 103/103/103 91/91/91
f 90/90/90 104/104/104 91/91/91
f 105/105/105 104/104/104 90/90/90
f 89/89/89 105/105/105 90/90/90
f 106/106/106 105/105/105 89/89/89
f 47/47/47 106/106/106 89/89/89
f 48/48/48 106/106/106 47/47/47
f 48/48/48 107/107/107 106/106/106
f 49/49/49 107/107/107 48/48/48
f 106/106/106 108/108/108 105/105/105
f 107/107/107 108/108/108 106/106/106
f 105/105/105 109/109/109 104/104/104
f 108/108/108 109/109/109 105/105/105
f 104/104/104 110/110/110 103/103/103
f 109/109/109 110/110/110 104/104/104
f 103/103/103 111/111/111 102/102/102
f 110/110/110 111/111/111 103/103/103
f 49/49/49 112/112/112 107/107/107
f 16/16/16 112/112/112 49/49/49
f 107/107/107 113/113/113 108/108/108
f 112/112/112 113/113/113 107/107/107
f 108/108/108 114/114/114 109/109/109
f 113/113/113 114/114/114 108/108/108
f 109/109/109 115/115/115 110/110/110
f 114/114/114 115/115/115 109/109/109
f 111/111/111 116/116/116 102/102/102
f 102/102/102 116/116/116 96/96/96
f 116/116/116 117/117/117 96/96/96
f 110/110/110 118/118/118 111/111/111
f 115/115/115 118/118/118 110/110/110
f 111/111/111 119/119/119 116/116/116
f 119/119/119 117/117/117 116/116/116
f 118/118/118 119/119/119 111/111/111
f 120/120/120 96/96/96 117/117/117
f 120/120/120 100/100/100 96/96/96
f 121/121/121 100/100/100 120/120/120
f 121/121/121 101/101/101 100/100/100
f 122/122/122 101/101/101 121/121/121
f 122/122/122 123/123/123 101/101/101
f 122/122/122 121/121/121 124/124/124
f 120/120/120 124/124/124 121/121/121
f 122/122/122 124/124/124 125/125/125
f 120/120/120 126/126/126 124/124/124
f 117/117/117 126/126/126 120/120/120
f 126/126/126 127/127/127 124/124/124
f 126/126/126 128/128/128 127/127/127
f 129/129/129 128/128/128 126/126/126
f 117/117/117 129/129/129 126/126/126
f 129/129/129 130/130/130 128/128/128
f 119/119/119 131/131/131 117/117/117
f 117/117/117 132/132/132 129/129/129
f 117/117/117 131/131/131 132/132/132
f 129/129/129 133/133/133 130/130/130
f 129/129/129 132/132/132 133/133/133
f 130/130/130 133/133/133 134/134/134
f 130/130/130 134/134/134 135/135/135
f 133/133/133 136/136/136 134/134/134
f 133/133/133 137/137/137 136/136/136
f 132/132/132 137/137/137 133/133/133
f 137/137/137 138/138/138 136/136/136
f 132/132/132 139/139/139 137/137/137
f 131/131/131 139/139/139 132/132/132
f 137/137/137 140/140/140 138/138/138
f 139/139/139 140/140/140 137/137/137
f 140/140/140 141/141/141 138/138/138
f 142/142/142 131/131/131 119/119/119
f 118/118/118 142/142/142 119/119/119
f 131/131/131 143/143/143 139/139/139
f 142/142/142 143/143/143 131/131/131
f 139/139/139 144/144/144 140/140/140
f 143/143/143 144/144/144 139/139/139
f 140/140/140 145/145/145 141/141/141
f 144/144/144 145/145/145 140/140/140
f 145/145/145 146/146/146 141/141/141
f 147/147/147 142/142/142 118/118/118
f 115/115/115 147/147/147 118/118/118
f 148/148/148 143/143/143 142/142/142
f 147/147/147 148/148/148 142/142/142
f 143/143/143 149/149/149 144/144/144
f 148/148/148 149/149/149 143/143/143
f 144/144/144 150/150/150 145/145/145
f 149/149/149 150/150/150 144/144/144
f 145/145/145 151/151/151 146/146/146
f 150/150/150 151/151/151 145/145/145
f 151/151/151 152/152/152 146/146/146
f 151/151/151 153/153/153 152/152/152
f 154/154/154 147/147/147 115/115/115
f 114/114/114 154/154/154 115/115/115
f 155/155/155 148/148/148 147/147/147
f 154/154/154 155/155/155 147/147/147
f 156/156/156 149/149/149 148/148/148
f 155/155/155 156/156/156 148/148/148
f 149/149/149 157/157/157 150/150/150
f 156/156/156 157/157/157 149/149/149
f 150/150/150 158/158/158 151/151/151
f 158/158/158 153/153/153 151/151/151
f 157/157/157 158/158/158 150/150/150
f 159/159/159 154/154/154 114/114/114
f 113/113/113 159/159/159 114/114/114
f 160/160/160 155/155/155 154/154/154
f 159/159/159 160/160/160 154/154/154
f 161/161/161 156/156/156 155/155/155
f 160/160/160 161/161/161 155/155/155
f 158/158/158 162/162/162 153/153/153
f 162/162/162 163/163/163 153/153/153
f 164/164/164 157/157/157 156/156/156
f 161/161/161 164/164/164 156/156/156
f 157/157/157 165/165/165 158/158/158
f 165/165/165 162/162/162 158/158/158
f 164/164/164 165/165/165 157/157/157
f 166/166/166 159/159/159 113/113/113
f 112/112/112 166/166/166 113/113/113
f 167/167/167 160/160/160 159/159/159
f 166/166/166 167/167/167 159/159/159
f 162/162/162 168/168/168 163/163/163
f 168/168/168 169/169/169 163/163/163
f 168/168/168 170/170/170 169/169/169
f 165/165/165 171/171/171 162/162/162
f 171/171/171 168/168/168 162/162/162
f 172/172/172 170/170/170 168/168/168
f 171/171/171 172/172/172 168/168/168
f 172/172/172 173/173/173 170/170/170
f 174/174/174 166/166/166 112/112/112
f 16/16/16 174/174/174 112/112/112
f 167/167/167 175/175/175 160/160/160
f 175/175/175 161/161/161 160/160/160
f 176/176/176 167/167/167 166/166/166
f 174/174/174 176/176/176 166/166/166
f 177/177/177 171/171/171 165/165/165
f 177/177/177 165/165/165 164/164/164
f 178/178/178 164/164/164 161/161/161
f 175/175/175 178/178/178 161/161/161
f 178/178/178 177/177/177 164/164/164
f 179/179/179 175/175/175 167/167/167
f 176/176/176 179/179/179 167/167/167
f 180/180/180 178/178/178 175/175/175
f 179/179/179 180/180/180 175/175/175
f 181/181/181 177/177/177 178/178/178
f 180/180/180 181/181/181 178/178/178
f 177/177/177 182/182/182 171/171/171
f 181/181/181 182/182/182 177/177/177
f 183/183/183 171/171/171 182/182/182
f 183/183/183 172/172/172 171/171/171
f 184/184/184 172/172/172 183/183/183
f 184/184/184 173/173/173 172/172/172
f 185/185/185 173/173/173 184/184/184
f 185/185/185 186/186/186 173/173/173
f 185/185/185 184/184/184 187/187/187
f 183/183/183 187/187/187 184/184/184
f 185/185/185 187/187/187 188/188/188
f 183/183/183 189/189/189 187/187/187
f 182/182/182 189/189/189 183/183/183
f 189/189/189 190/190/190 187/187/187
f 189/189/189 191/191/191 190/190/190
f 192/192/192 191/191/191 189/189/189
f 182/182/182 192/192/192 189/189/189
f 192/192/192 193/193/193 191/191/191
f 182/182/182 194/194/194 192/192/192
f 182/182/182 181/181/181 194/194/194
f 192/192/192 195/195/195 193/193/193
f 192/192/192 194/194/194 195/195/195
f 181/181/181 196/196/196 194/194/194
f 181/181/181 180/180/180 196/196/196
f 193/193/193 195/195/195 197/197/197
f 193/193/193 197/197/197 198/198/198
f 195/195/195 199/199/199 197/197/197
f 194/194/194 200/200/200 195/195/195
f 195/195/195 200/200/200 199/199/199
f 194/194/194 196/196/196 200/200/200
f 200/200/200 201/201/201 199/199/199
f 200/200/200 202/202/202 201/201/201
f 196/196/196 202/202/202 200/200/200
f 202/202/202 203/203/203 201/201/201
f 180/180/180 204/204/204 196/196/196
f 196/196/196 204/204/204 202/202/202
f 180/180/180 179/179/179 204/204/204
f 202/202/202 205/205/205 203/203/203
f 204/204/204 205/205/205 202/202/202
f 205/205/205 206/206/206 203/203/203
f 179/179/179 207/207/207 204/204/204
f 204/204/204 207/207/207 205/205/205
f 179/179/179 176/176/176 207/207/207
f 205/205/205 208/208/208 206/206/206
f 207/207/207 208/208/208 205/205/205
f 208/208/208 209/209/209 206/206/206
f 208/208/208 210/210/210 209/209/209
f 176/176/176 211/211/211 207/207/207
f 207/207/207 211/211/211 208/208/208
f 211/211/211 210/210/210 208/208/208
f 176/176/176 174/174/174 211/211/211
f 211/211/211 212/212/212 210/210/210
f 174/174/174 212/212/212 211/211/211
f 212/212/212 213/213/213 210/210/210
f 174/174/174 16/16/16 212/212/212
f 212/212/212 214/214/214 213/213/213
f 16/16/16 214/214/214 212/212/212
f 214/214/214 215/215/215 213/213/213
f 214/214/214 216/216/216 215/215/215
f 16/16/16 21/21/21 214/214/214
f 21/21/21 216/216/216 214/214/214
f 21/21/21 217/217/217 216/216/216
f 21/21/21 17/17/17 217/217/217
f 217/217/217 17/17/17 218/218/218
f 217/217/217 218/218/218 219/219/219
f 220/220/220 222/222/222 221/221/221
f 220/220/220 223/223/223 222/222/222
f 223/223/223 224/224/224 222/222/222
f 225/225/225 223/223/223 220/220/220
f 220/220/220 226/226/226 225/225/225
f 220/220/220 227/227/227 226/226/226
f 228/228/228 225/225/225 226/226/226
f 228/228/228 226/226/226 229/229/229
f 230/230/230 228/228/228 229/229/229
f 230/230/230 229/229/229 231/231/231
f 232/232/232 230/230/230 231/231/231
f 232/232/232 231/231/231 233/233/233
f 234/234/234 232/232/232 233/233/233
f 234/234/234 233/233/233 235/235/235
f 236/236/236 234/234/234 235/235/235
f 236/236/236 235/235/235 237/237/237
f 238/238/238 236/236/236 237/237/237
f 238/238/238 237/237/237 239/239/239
f 240/240/240 238/238/238 239/239/239
f 240/240/240 239/239/239 241/241/241
f 242/242/242 240/240/240 241/241/241
f 242/242/242 241/241/241 243/243/243
f 242/242/242 243/243/243 244/244/244
f 242/242/242 244/244/244 245/245/245
f 230/230/230 232/232/232 246/246/246
f 232/232/232 234/234/234 247/247/247
f 232/232/232 247/247/247 246/246/246
f 234/234/234 236/236/236 248/248/248
f 234/234/234 248/248/248 247/247/247
f 236/236/236 238/238/238 249/249/249
f 236/236/236 249/249/249 248/248/248
f 238/238/238 240/240/240 250/250/250
f 238/238/238 250/250/250 249/249/249
f 240/240/240 242/242/242 251/251/251
f 240/240/240 251/251/251 250/250/250
f 242/242/242 245/245/245 252/252/252
f 242/242/242 252/252/252 251/251/251
f 245/245/245 253/253/253 252/252/252
f 245/245/245 254/254/254 253/253/253
f 252/252/252 253/253/253 255/255/255
f 251/251/251 252/252/252 256/256/256
f 252/252/252 255/255/255 256/256/256
f 250/250/250 251/251/251 257/257/257
f 251/251/251 256/256/256 257/257/257
f 249/249/249 250/250/250 258/258/258
f 250/250/250 257/257/257 258/258/258
f 248/248/248 249/249/249 259/259/259
f 249/249/249 258/258/258 259/259/259
f 260/260/260 256/256/256 255/255/255
f 260/260/260 255/255/255 261/261/261
f 262/262/262 257/257/257 256/256/256
f 258/258/258 257/257/257 262/262/262
f 262/262/262 256/256/256 260/260/260
f 263/263/263 260/260/260 261/261/261
f 263/263/263 261/261/261 264/264/264
f 258/258/258 262/262/262 265/265/265
f 259/259/259 258/258/258 265/265/265
f 266/266/266 262/262/262 260/260/260
f 266/266/266 260/260/260 263/263/263
f 265/265/265 262/262/262 266/266/266
f 248/248/248 259/259/259 267/267/267
f 247/247/247 248/248/248 267/267/267
f 263/263/263 268/268/268 266/266/266
f 263/263/263 269/269/269 268/268/268
f 265/265/265 266/266/266 270/270/270
f 268/268/268 270/270/270 266/266/266
f 259/259/259 265/265/265 271/271/271
f 267/267/267 259/259/259 271/271/271
f 271/271/271 265/265/265 270/270/270
f 247/247/247 267/267/267 272/272/272
f 246/246/246 247/247/247 272/272/272
f 269/269/269 273/273/273 268/268/268
f 269/269/269 274/274/274 273/273/273
f 267/267/267 271/271/271 275/275/275
f 272/272/272 267/267/267 275/275/275
f 271/271/271 270/270/270 276/276/276
f 275/275/275 271/271/271 276/276/276
f 268/268/268 277/277/277 270/270/270
f 273/273/273 277/277/277 268/268/268
f 277/277/277 276/276/276 270/270/270
f 274/274/274 278/278/278 273/273/273
f 274/274/274 279/279/279 278/278/278
f 273/273/273 280/280/280 277/277/277
f 278/278/278 280/280/280 273/273/273
f 277/277/277 281/281/281 276/276/276
f 280/280/280 281/281/281 277/277/277
f 275/275/275 276/276/276 282/282/282
f 281/281/281 282/282/282 276/276/276
f 272/272/272 275/275/275 283/283/283
f 283/283/283 275/275/275 282/282/282
f 279/279/279 284/284/284 278/278/278
f 279/279/279 285/285/285 284/284/284
f 278/278/278 286/286/286 280/280/280
f 284/284/284 286/286/286 278/278/278
f 280/280/280 287/287/287 281/281/281
f 286/286/286 287/287/287 280/280/280
f 281/281/281 288/288/288 282/282/282
f 287/287/287 288/288/288 281/281/281
f 285/285/285 289/289/289 284/284/284
f 285/285/285 290/290/290 289/289/289
f 284/284/284 291/291/291 286/286/286
f 289/289/289 291/291/291 284/284/284
f 286/286/286 292/292/292 287/287/287
f 291/291/291 292/292/292 286/286/286
f 290/290/290 293/293/293 289/289/289
f 290/290/290 294/294/294 293/293/293
f 289/289/289 295/295/295 291/291/291
f 293/293/293 295/295/295 289/289/289
f 288/288/288 296/296/296 282/282/282
f 283/283/283 282/282/282 296/296/296
f 287/287/287 297/297/297 288/288/288
f 292/292/292 297/297/297 287/287/287
f 291/291/291 298/298/298 292/292/292
f 295/295/295 298/298/298 291/291/291
f 288/288/288 299/299/299 296/296/296
f 297/297/297 299/299/299 288/288/288
f 292/292/292 300/300/300 297/297/297
f 298/298/298 300/300/300 292/292/292
f 297/297/297 301/301/301 299/299/299
f 300/300/300 301/301/301 297/297/297
f 302/302/302 283/283/283 296/296/296
f 299/299/299 303/303/303 296/296/296
f 302/302/302 296/296/296 303/303/303
f 301/301/301 304/304/304 299/299/299
f 299/299/299 304/304/304 303/303/303
f 305/305/305 283/283/283 302/302/302
f 305/305/305 272/272/272 283/283/283
f 246/246/246 272/272/272 305/305/305
f 306/306/306 246/246/246 305/305/305
f 230/230/230 246/246/246 306/306/306
f 228/228/228 230/230/230 306/306/306
f 307/307/307 305/305/305 302/302/302
f 306/306/306 305/305/305 307/307/307
f 228/228/228 306/306/306 308/308/308
f 308/308/308 306/306/306 307/307/307
f 225/225/225 228/228/228 308/308/308
f 309/309/309 302/302/302 303/303/303
f 307/307/307 302/302/302 309/309/309
f 225/225/225 308/308/308 310/310/310
f 225/225/225 310/310/310 223/223/223
f 308/308/308 307/307/307 311/311/311
f 311/311/311 307/307/307 309/309/309
f 310/310/310 308/308/308 311/311/311
f 309/309/309 303/303/303 312/312/312
f 304/304/304 312/312/312 303/303/303
f 310/310/310 313/313/313 223/223/223
f 223/223/223 313/313/313 224/224/224
f 311/311/311 309/309/309 314/314/314
f 314/314/314 309/309/309 312/312/312
f 310/310/310 311/311/311 315/315/315
f 310/310/310 315/315/315 313/313/313
f 315/315/315 311/311/311 314/314/314
f 316/316/316 224/224/224 313/313/313
f 316/316/316 317/317/317 224/224/224
f 318/318/318 313/313/313 315/315/315
f 315/315/315 314/314/314 318/318/318
f 318/318/318 316/316/316 313/313/313
f 314/314/314 312/312/312 319/319/319
f 318/318/318 314/314/314 319/319/319
f 304/304/304 320/320/320 312/312/312
f 320/320/320 319/319/319 312/312/312
f 321/321/321 317/317/317 316/316/316
f 321/321/321 322/322/322 317/317/317
f 323/323/323 316/316/316 318/318/318
f 323/323/323 321/321/321 316/316/316
f 318/318/318 319/319/319 323/323/323
f 324/324/324 321/321/321 323/323/323
f 325/325/325 323/323/323 319/319/319
f 320/320/320 325/325/325 319/319/319
f 324/324/324 323/323/323 326/326/326
f 325/325/325 326/326/326 323/323/323
f 327/327/327 324/324/324 326/326/326
f 328/328/328 320/320/320 304/304/304
f 301/301/301 328/328/328 304/304/304
f 329/329/329 325/325/325 320/320/320
f 328/328/328 329/329/329 320/320/320
f 327/327/327 326/326/326 330/330/330
f 331/331/331 327/327/327 330/330/330
f 332/332/332 326/326/326 325/325/325
f 329/329/329 332/332/332 325/325/325
f 332/332/332 330/330/330 326/326/326
f 333/333/333 328/328/328 301/301/301
f 300/300/300 333/333/333 301/301/301
f 331/331/331 330/330/330 334/334/334
f 335/335/335 331/331/331 334/334/334
f 336/336/336 329/329/329 328/328/328
f 333/333/333 336/336/336 328/328/328
f 337/337/337 332/332/332 329/329/329
f 336/336/336 337/337/337 329/329/329
f 338/338/338 330/330/330 332/332/332
f 338/338/338 334/334/334 330/330/330
f 337/337/337 338/338/338 332/332/332
f 339/339/339 333/333/333 300/300/300
f 298/298/298 339/339/339 300/300/300
f 335/335/335 334/334/334 340/340/340
f 341/341/341 335/335/335 340/340/340
f 342/342/342 336/336/336 333/333/333
f 339/339/339 342/342/342 333/333/333
f 343/343/343 337/337/337 336/336/336
f 342/342/342 343/343/343 336/336/336
f 344/344/344 334/334/334 338/338/338
f 344/344/344 340/340/340 334/334/334
f 345/345/345 338/338/338 337/337/337
f 343/343/343 345/345/345 337/337/337
f 345/345/345 344/344/344 338/338/338
f 346/346/346 339/339/339 298/298/298
f 295/295/295 346/346/346 298/298/298
f 341/341/341 340/340/340 347/347/347
f 348/348/348 341/341/341 347/347/347
f 349/349/349 342/342/342 339/339/339
f 346/346/346 349/349/349 339/339/339
f 350/350/350 343/343/343 342/342/342
f 349/349/349 350/350/350 342/342/342
f 351/351/351 345/345/345 343/343/343
f 350/350/350 351/351/351 343/343/343
f 352/352/352 340/340/340 344/344/344
f 352/352/352 347/347/347 340/340/340
f 353/353/353 344/344/344 345/345/345
f 351/351/351 353/353/353 345/345/345
f 353/353/353 352/352/352 344/344/344
f 354/354/354 349/349/349 346/346/346
f 355/355/355 350/350/350 349/349/349
f 354/354/354 355/355/355 349/349/349
f 356/356/356 351/351/351 350/350/350
f 355/355/355 356/356/356 350/350/350
f 357/357/357 353/353/353 351/351/351
f 356/356/356 357/357/357 351/351/351
f 358/358/358 352/352/352 353/353/353
f 357/357/357 358/358/358 353/353/353
f 359/359/359 347/347/347 352/352/352
f 358/358/358 359/359/359 352/352/352
f 360/360/360 354/354/354 346/346/346
f 360/360/360 346/346/346 295/295/295
f 293/293/293 360/360/360 295/295/295
f 359/359/359 361/361/361 347/347/347
f 348/348/348 347/347/347 361/361/361
f 357/357/357 356/356/356 362/362/362
f 358/358/358 357/357/357 363/363/363
f 357/357/357 362/362/362 363/363/363
f 359/359/359 358/358/358 364/364/364
f 358/358/358 363/363/363 364/364/364
f 361/361/361 359/359/359 365/365/365
f 359/359/359 364/364/364 365/365/365
f 356/356/356 366/366/366 362/362/362
f 356/356/356 355/355/355 366/366/366
f 355/355/355 367/367/367 366/366/366
f 355/355/355 354/354/354 367/367/367
f 354/354/354 360/360/360 368/368/368
f 354/354/354 368/368/368 367/367/367
f 360/360/360 369/369/369 368/368/368
f 360/360/360 293/293/293 369/369/369
f 293/293/293 370/370/370 369/369/369
f 293/293/293 294/294/294 370/370/370
f 294/294/294 371/371/371 370/370/370
f 294/294/294 372/372/372 371/371/371
f 370/370/370 371/371/371 373/373/373
f 369/369/369 370/370/370 374/374/374
f 370/370/370 373/373/373 374/374/374
f 368/368/368 369/369/369 375/375/375
f 369/369/369 374/374/374 375/375/375
f 367/367/367 368/368/368 376/376/376
f 368/368/368 375/375/375 376/376/376
f 366/366/366 367/367/367 377/377/377
f 367/367/367 376/376/376 377/377/377
f 378/378/378 374/374/374 373/373/373
f 378/378/378 373/373/373 379/379/379
f 380/380/380 375/375/375 374/374/374
f 376/376/376 375/375/375 380/380/380
f 380/380/380 374/374/374 378/378/378
f 381/381/381 378/378/378 379/379/379
f 381/381/381 379/379/379 382/382/382
f 383/383/383 378/378/378 381/381/381
f 383/383/383 380/380/380 378/378/378
f 376/376/376 380/380/380 384/384/384
f 384/384/384 380/380/380 383/383/383
f 377/377/377 376/376/376 384/384/384
f 384/384/384 383/383/383 385/385/385
f 386/386/386 384/384/384 385/385/385
f 377/377/377 384/384/384 386/386/386
f 386/386/386 385/385/385 387/387/387
f 388/388/388 377/377/377 386/386/386
f 366/366/366 377/377/377 388/388/388
f 362/362/362 366/366/366 388/388/388
f 389/389/389 386/386/386 387/387/387
f 388/388/388 386/386/386 389/389/389
f 389/389/389 387/387/387 390/390/390
f 362/362/362 388/388/388 391/391/391
f 391/391/391 388/388/388 389/389/389
f 363/363/363 362/362/362 391/391/391
f 392/392/392 389/389/389 390/390/390
f 391/391/391 389/389/389 392/392/392
f 392/392/392 390/390/390 393/393/393
f 363/363/363 391/391/391 394/394/394
f 394/394/394 391/391/391 392/392/392
f 364/364/364 363/363/363 394/394/394
f 395/395/395 392/392/392 393/393/393
f 394/394/394 392/392/392 395/395/395
f 395/395/395 393/393/393 396/396/396
f 364/364/364 394/394/394 397/397/397
f 397/397/397 394/394/394 395/395/395
f 365/365/365 364/364/364 397/397/397
f 398/398/398 395/395/395 396/396/396
f 397/397/397 395/395/395 398/398/398
f 398/398/398 396/396/396 399/399/399
f 365/365/365 397/397/397 400/400/400
f 400/400/400 397/397/397 398/398/398
f 401/401/401 398/398/398 399/399/399
f 400/400/400 398/398/398 401/401/401
f 401/401/401 399/399/399 402/402/402
f 403/403/403 365/365/365 400/400/400
f 361/361/361 365/365/365 403/403/403
f 404/404/404 400/400/400 401/401/401
f 403/403/403 400/400/400 404/404/404
f 405/405/405 401/401/401 402/402/402
f 404/404/404 401/401/401 405/405/405
f 405/405/405 402/402/402 406/406/406
f 361/361/361 403/403/403 407/407/407
f 361/361/361 407/407/407 348/348/348
f 403/403/403 404/404/404 408/408/408
f 405/405/405 408/408/408 404/404/404
f 403/403/403 408/408/408 407/407/407
f 406/406/406 409/409/409 405/405/405
f 405/405/405 409/409/409 408/408/408
f 406/406/406 410/410/410 409/409/409
f 348/348/348 407/407/407 411/411/411
f 348/348/348 411/411/411 412/412/412
f 407/407/407 413/413/413 411/411/411
f 407/407/407 408/408/408 413/413/413
f 409/409/409 413/413/413 408/408/408
f 409/409/409 414/414/414 413/413/413
f 410/410/410 414/414/414 409/409/409
f 410/410/410 415/415/415 414/414/414
f 416/416/416 418/418/418 417/417/417
f 416/416/416 417/417/417 419/419/419
f 419/419/419 417/417/417 420/420/420
f 421/421/421 416/416/416 419/419/419
f 422/422/422 416/416/416 421/421/421
f 422/422/422 421/421/421 423/423/423
f 424/424/424 422/422/422 423/423/423
f 424/424/424 423/423/423 425/425/425
f 426/426/426 424/424/424 425/425/425
f 426/426/426 425/425/425 427/427/427
f 428/428/428 426/426/426 427/427/427
f 428/428/428 427/427/427 429/429/429
f 430/430/430 428/428/428 429/429/429
f 430/430/430 429/429/429 431/431/431
f 432/432/432 430/430/430 431/431/431
f 419/419/419 420/420/420 433/433/433
f 421/421/421 419/419/419 434/434/434
f 434/434/434 419/419/419 433/433/433
f 435/435/435 433/433/433 420/420/420
f 435/435/435 420/420/420 436/436/436
f 437/437/437 435/435/435 436/436/436
f 437/437/437 436/436/436 438/438/438
f 439/439/439 429/429/429 427/427/427
f 440/440/440 431/431/431 429/429/429
f 440/440/440 429/429/429 439/439/439
f 439/439/439 427/427/427 441/441/441
f 441/441/441 427/427/427 425/425/425
f 441/441/441 425/425/425 442/442/442
f 442/442/442 425/425/425 423/423/423
f 442/442/442 423/423/423 443/443/443
f 443/443/443 423/423/423 421/421/421
f 443/443/443 421/421/421 444/444/444
f 434/434/434 444/444/444 421/421/421
f 445/445/445 439/439/439 441/441/441
f 446/446/446 441/441/441 442/442/442
f 445/445/445 441/441/441 446/446/446
f 447/447/447 442/442/442 443/443/443
f 446/446/446 442/442/442 447/447/447
f 448/448/448 440/440/440 439/439/439
f 448/448/448 439/439/439 445/445/445
f 449/449/449 443/443/443 444/444/444
f 447/447/447 443/443/443 449/449/449
f 434/434/434 450/450/450 444/444/444
f 449/449/449 444/444/444 451/451/451
f 450/450/450 451/451/451 444/444/444
f 452/452/452 450/450/450 434/434/434
f 434/434/434 433/433/433 452/452/452
f 453/453/453 452/452/452 433/433/433
f 453/453/453 433/433/433 435/435/435
f 452/452/452 454/454/454 450/450/450
f 453/453/453 454/454/454 452/452/452
f 455/455/455 453/453/453 435/435/435
f 455/455/455 435/435/435 437/437/437
f 450/450/450 456/456/456 451/451/451
f 454/454/454 456/456/456 450/450/450
f 453/453/453 457/457/457 454/454/454
f 455/455/455 457/457/457 453/453/453
f 458/458/458 455/455/455 437/437/437
f 458/458/458 437/437/437 459/459/459
f 460/460/460 455/455/455 458/458/458
f 455/455/455 460/460/460 457/457/457
f 460/460/460 458/458/458 461/461/461
f 457/457/457 462/462/462 454/454/454
f 454/454/454 462/462/462 456/456/456
f 460/460/460 463/463/463 457/457/457
f 457/457/457 463/463/463 462/462/462
f 464/464/464 460/460/460 461/461/461
f 460/460/460 464/464/464 463/463/463
f 464/464/464 461/461/461 465/465/465
f 466/466/466 464/464/464 465/465/465
f 466/466/466 465/465/465 467/467/467
f 464/464/464 468/468/468 463/463/463
f 464/464/464 466/466/466 468/468/468
f 463/463/463 469/469/469 462/462/462
f 463/463/463 468/468/468 469/469/469
f 462/462/462 470/470/470 456/456/456
f 462/462/462 469/469/469 470/470/470
f 471/471/471 466/466/466 467/467/467
f 471/471/471 467/467/467 472/472/472
f 466/466/466 473/473/473 468/468/468
f 466/466/466 471/471/471 473/473/473
f 468/468/468 474/474/474 469/469/469
f 468/468/468 473/473/473 474/474/474
f 475/475/475 471/471/471 472/472/472
f 475/475/475 472/472/472 476/476/476
f 471/471/471 477/477/477 473/473/473
f 471/471/471 475/475/475 477/477/477
f 478/478/478 475/475/475 476/476/476
f 478/478/478 476/476/476 479/479/479
f 456/456/456 470/470/470 480/480/480
f 456/456/456 480/480/480 451/451/451
f 469/469/469 481/481/481 470/470/470
f 469/469/469 474/474/474 481/481/481
f 473/473/473 482/482/482 474/474/474
f 473/473/473 477/477/477 482/482/482
f 475/475/475 483/483/483 477/477/477
f 475/475/475 478/478/478 483/483/483
f 484/484/484 478/478/478 479/479/479
f 484/484/484 479/479/479 485/485/485
f 486/486/486 451/451/451 480/480/480
f 486/486/486 449/449/449 451/451/451
f 474/474/474 487/487/487 481/481/481
f 474/474/474 482/482/482 487/487/487
f 477/477/477 488/488/488 482/482/482
f 477/477/477 483/483/483 488/488/488
f 478/478/478 489/489/489 483/483/483
f 478/478/478 484/484/484 489/489/489
f 490/490/490 484/484/484 485/485/485
f 490/490/490 485/485/485 491/491/491
f 492/492/492 490/490/490 491/491/491
f 492/492/492 493/493/493 490/490/490
f 484/484/484 490/490/490 494/494/494
f 484/484/484 494/494/494 489/489/489
f 483/483/483 489/489/489 495/495/495
f 483/483/483 495/495/495 488/488/488
f 482/482/482 488/488/488 496/496/496
f 482/482/482 496/496/496 487/487/487
f 490/490/490 493/493/493 497/497/497
f 490/490/490 497/497/497 494/494/494
f 489/489/489 494/494/494 498/498/498
f 489/489/489 498/498/498 495/495/495
f 488/488/488 495/495/495 499/499/499
f 488/488/488 499/499/499 496/496/496
f 493/493/493 500/500/500 497/497/497
f 493/493/493 501/501/501 500/500/500
f 497/497/497 500/500/500 502/502/502
f 494/494/494 497/497/497 503/503/503
f 494/494/494 503/503/503 498/498/498
f 497/497/497 502/502/502 503/503/503
f 495/495/495 498/498/498 504/504/504
f 504/504/504 498/498/498 503/503/503
f 495/495/495 504/504/504 499/499/499
f 505/505/505 503/503/503 502/502/502
f 504/504/504 503/503/503 505/505/505
f 505/505/505 502/502/502 506/506/506
f 499/499/499 504/504/504 507/507/507
f 507/507/507 504/504/504 505/505/505
f 508/508/508 505/505/505 506/506/506
f 507/507/507 505/505/505 508/508/508
f 508/508/508 506/506/506 509/509/509
f 499/499/499 507/507/507 510/510/510
f 496/496/496 499/499/499 510/510/510
f 508/508/508 511/511/511 507/507/507
f 511/511/511 510/510/510 507/507/507
f 508/508/508 512/512/512 511/511/511
f 496/496/496 510/510/510 513/513/513
f 487/487/487 496/496/496 513/513/513
f 512/512/512 514/514/514 511/511/511
f 512/512/512 515/515/515 514/514/514
f 511/511/511 516/516/516 510/510/510
f 516/516/516 513/513/513 510/510/510
f 514/514/514 516/516/516 511/511/511
f 487/487/487 513/513/513 517/517/517
f 481/481/481 487/487/487 517/517/517
f 515/515/515 518/518/518 514/514/514
f 515/515/515 519/519/519 518/518/518
f 514/514/514 520/520/520 516/516/516
f 518/518/518 520/520/520 514/514/514
f 516/516/516 521/521/521 513/513/513
f 521/521/521 517/517/517 513/513/513
f 520/520/520 521/521/521 516/516/516
f 481/481/481 517/517/517 522/522/522
f 470/470/470 481/481/481 522/522/522
f 470/470/470 522/522/522 480/480/480
f 519/519/519 523/523/523 518/518/518
f 519/519/519 524/524/524 523/523/523
f 518/518/518 525/525/525 520/520/520
f 523/523/523 525/525/525 518/518/518
f 520/520/520 526/526/526 521/521/521
f 525/525/525 526/526/526 520/520/520
f 521/521/521 527/527/527 517/517/517
f 527/527/527 522/522/522 517/517/517
f 526/526/526 527/527/527 521/521/521
f 528/528/528 480/480/480 522/522/522
f 527/527/527 528/528/528 522/522/522
f 528/528/528 486/486/486 480/480/480
f 524/524/524 529/529/529 523/523/523
f 524/524/524 530/530/530 529/529/529
f 523/523/523 531/531/531 525/525/525
f 529/529/529 531/531/531 523/523/523
f 526/526/526 532/532/532 527/527/527
f 532/532/532 528/528/528 527/527/527
f 525/525/525 533/533/533 526/526/526
f 531/531/531 533/533/533 525/525/525
f 533/533/533 532/532/532 526/526/526
f 534/534/534 486/486/486 528/528/528
f 532/532/532 534/534/534 528/528/528
f 530/530/530 535/535/535 529/529/529
f 530/530/530 536/536/536 535/535/535
f 529/529/529 537/537/537 531/531/531
f 535/535/535 537/537/537 529/529/529
f 533/533/533 538/538/538 532/532/532
f 538/538/538 534/534/534 532/532/532
f 531/531/531 539/539/539 533/533/533
f 537/537/537 539/539/539 531/531/531
f 539/539/539 538/538/538 533/533/533
f 534/534/534 540/540/540 486/486/486
f 540/540/540 449/449/449 486/486/486
f 540/540/540 447/447/447 449/449/449
f 538/538/538 541/541/541 534/534/534
f 541/541/541 540/540/540 534/534/534
f 542/542/542 447/447/447 540/540/540
f 541/541/541 542/542/542 540/540/540
f 542/542/542 446/446/446 447/447/447
f 539/539/539 543/543/543 538/538/538
f 543/543/543 541/541/541 538/538/538
f 537/537/537 544/544/544 539/539/539
f 544/544/544 543/543/543 539/539/539
f 545/545/545 542/542/542 541/541/541
f 543/543/543 545/545/545 541/541/541
f 546/546/546 446/446/446 542/542/542
f 545/545/545 546/546/546 542/542/542
f 546/546/546 445/445/445 446/446/446
f 547/547/547 545/545/545 543/543/543
f 544/544/544 547/547/547 543/543/543
f 548/548/548 544/544/544 537/537/537
f 535/535/535 548/548/548 537/537/537
f 549/549/549 546/546/546 545/545/545
f 547/547/547 549/549/549 545/545/545
f 550/550/550 445/445/445 546/546/546
f 549/549/549 550/550/550 546/546/546
f 550/550/550 448/448/448 445/445/445
f 551/551/551 547/547/547 544/544/544
f 548/548/548 551/551/551 544/544/544
f 552/552/552 549/549/549 547/547/547
f 551/551/551 552/552/552 547/547/547
f 553/553/553 550/550/550 549/549/549
f 552/552/552 553/553/553 549/549/549
f 554/554/554 448/448/448 550/550/550
f 553/553/553 554/554/554 550/550/550
f 554/554/554 555/555/555 448/448/448
f 555/555/555 440/440/440 448/448/448
f 555/555/555 556/556/556 440/440/440
f 556/556/556 431/431/431 440/440/440
f 556/556/556 557/557/557 431/431/431
f 432/432/432 431/431/431 557/557/557
f 551/551/551 548/548/548 558/558/558
f 552/552/552 551/551/551 559/559/559
f 551/551/551 558/558/558 559/559/559
f 553/553/553 552/552/552 560/560/560
f 552/552/552 559/559/559 560/560/560
f 554/554/554 553/553/553 561/561/561
f 553/553/553 560/560/560 561/561/561
f 555/555/555 554/554/554 562/562/562
f 554/554/554 561/561/561 562/562/562
f 556/556/556 555/555/555 563/563/563
f 555/555/555 562/562/562 563/563/563
f 557/557/557 556/556/556 564/564/564
f 556/556/556 563/563/563 564/564/564
f 548/548/548 565/565/565 558/558/558
f 548/548/548 535/535/535 565/565/565
f 535/535/535 566/566/566 565/565/565
f 535/535/535 536/536/536 566/566/566
f 536/536/536 567/567/567 566/566/566
f 536/536/536 568/568/568 567/567/567
f 566/566/566 567/567/567 569/569/569
f 565/565/565 566/566/566 570/570/570
f 566/566/566 569/569/569 570/570/570
f 558/558/558 565/565/565 571/571/571
f 565/565/565 570/570/570 571/571/571
f 572/572/572 570/570/570 569/569/569
f 572/572/572 569/569/569 573/573/573
f 558/558/558 571/571/571 574/574/574
f 559/559/559 558/558/558 574/574/574
f 575/575/575 571/571/571 570/570/570
f 575/575/575 570/570/570 572/572/572
f 574/574/574 571/571/571 575/575/575
f 559/559/559 574/574/574 576/576/576
f 560/560/560 559/559/559 576/576/576
f 577/577/577 575/575/575 572/572/572
f 577/577/577 572/572/572 578/578/578
f 574/574/574 575/575/575 579/579/579
f 579/579/579 575/575/575 577/577/577
f 576/576/576 574/574/574 579/579/579
f 579/579/579 577/577/577 580/580/580
f 581/581/581 579/579/579 580/580/580
f 576/576/576 579/579/579 581/581/581
f 581/581/581 580/580/580 582/582/582
f 560/560/560 576/576/576 583/583/583
f 583/583/583 576/576/576 581/581/581
f 561/561/561 560/560/560 583/583/583
f 584/584/584 581/581/581 582/582/582
f 583/583/583 581/581/581 584/584/584
f 584/584/584 582/582/582 585/585/585
f 561/561/561 583/583/583 586/586/586
f 586/586/586 583/583/583 584/584/584
f 562/562/562 561/561/561 586/586/586
f 587/587/587 584/584/584 585/585/585
f 586/586/586 584/584/584 587/587/587
f 587/587/587 585/585/585 588/588/588
f 562/562/562 586/586/586 589/589/589
f 589/589/589 586/586/586 587/587/587
f 563/563/563 562/562/562 589/589/589
f 590/590/590 587/587/587 588/588/588
f 589/589/589 587/587/587 590/590/590
f 590/590/590 588/588/588 591/591/591
f 563/563/563 589/589/589 592/592/592
f 592/592/592 589/589/589 590/590/590
f 564/564/564 563/563/563 592/592/592
f 593/593/593 590/590/590 591/591/591
f 592/592/592 590/590/590 593/593/593
f 593/593/593 591/591/591 594/594/594
f 564/564/564 592/592/592 595/595/595
f 595/595/595 592/592/592 593/593/593
f 596/596/596 593/593/593 594/594/594
f 595/595/595 593/593/593 596/596/596
f 596/596/596 594/594/594 597/597/597
f 598/598/598 564/564/564 595/595/595
f 557/557/557 564/564/564 598/598/598
f 599/599/599 595/595/595 596/596/596
f 598/598/598 595/595/595 599/599/599
f 600/600/600 596/596/596 597/597/597
f 599/599/599 596/596/596 600/600/600
f 600/600/600 597/597/597 601/601/601
f 557/557/557 598/598/598 602/602/602
f 557/557/557 602/602/602 432/432/432
f 598/598/598 599/599/599 603/603/603
f 600/600/600 603/603/603 599/599/599
f 598/598/598 603/603/603 602/602/602
f 601/601/601 604/604/604 600/600/600
f 600/600/600 604/604/604 603/603/603
f 601/601/601 605/605/605 604/604/604
f 604/604/604 606/606/606 603/603/603
f 602/602/602 603/603/603 606/606/606
f 604/604/604 607/607/607 606/606/606
f 602/602/602 606/606/606 608/608/608
f 432/432/432 602/602/602 608/608/608
f 432/432/432 608/608/608 609/609/609
f 610/610/610 612/612/612 611/611/611
f 610/610/610 613/613/613 612/612/612
f 613/613/613 614/614/614 612/612/612
f 615/615/615 613/613/613 610/610/610
f 615/615/615 610/610/610 616/616/616
f 613/613/613 617/617/617 614/614/614
f 617/617/617 618/618/618 614/614/614
f 615/615/615 616/616/616 619/619/619
f 620/620/620 615/615/615 619/619/619
f 619/619/619 616/616/616 621/621/621
f 619/619/619 621/621/621 622/622/622
f 615/615/615 623/623/623 613/613/613
f 623/623/623 617/617/617 613/613/613
f 620/620/620 623/623/623 615/615/615
f 624/624/624 619/619/619 622/622/622
f 620/620/620 619/619/619 624/624/624
f 625/625/625 620/620/620 624/624/624
f 624/624/624 622/622/622 626/626/626
f 617/617/617 627/627/627 618/618/618
f 627/627/627 628/628/628 618/618/618
f 623/623/623 629/629/629 617/617/617
f 629/629/629 627/627/627 617/617/617
f 630/630/630 624/624/624 626/626/626
f 625/625/625 624/624/624 630/630/630
f 627/627/627 631/631/631 628/628/628
f 631/631/631 632/632/632 628/628/628
f 620/620/620 633/633/633 623/623/623
f 633/633/633 629/629/629 623/623/623
f 629/629/629 634/634/634 627/627/627
f 634/634/634 631/631/631 627/627/627
f 631/631/631 635/635/635 632/632/632
f 635/635/635 636/636/636 632/632/632
f 635/635/635 637/637/637 636/636/636
f 638/638/638 635/635/635 631/631/631
f 634/634/634 638/638/638 631/631/631
f 639/639/639 634/634/634 629/629/629
f 633/633/633 639/639/639 629/629/629
f 640/640/640 637/637/637 635/635/635
f 638/638/638 640/640/640 635/635/635
f 641/641/641 638/638/638 634/634/634
f 639/639/639 641/641/641 634/634/634
f 640/640/640 642/642/642 637/637/637
f 642/642/642 643/643/643 637/637/637
f 644/644/644 640/640/640 638/638/638
f 641/641/641 644/644/644 638/638/638
f 642/642/642 645/645/645 643/643/643
f 645/645/645 646/646/646 643/643/643
f 645/645/645 647/647/647 646/646/646
f 648/648/648 642/642/642 640/640/640
f 644/644/644 648/648/648 640/640/640
f 649/649/649 645/645/645 642/642/642
f 648/648/648 649/649/649 642/642/642
f 650/650/650 647/647/647 645/645/645
f 649/649/649 650/650/650 645/645/645
f 639/639/639 651/651/651 641/641/641
f 641/641/641 652/652/652 644/644/644
f 641/641/641 651/651/651 652/652/652
f 644/644/644 653/653/653 648/648/648
f 644/644/644 652/652/652 653/653/653
f 648/648/648 654/654/654 649/649/649
f 648/648/648 653/653/653 654/654/654
f 639/639/639 655/655/655 651/651/651
f 633/633/633 655/655/655 639/639/639
f 633/633/633 656/656/656 655/655/655
f 620/620/620 656/656/656 633/633/633
f 620/620/620 657/657/657 656/656/656
f 625/625/625 657/657/657 620/620/620
f 652/652/652 658/658/658 653/653/653
f 651/651/651 659/659/659 652/652/652
f 652/652/652 659/659/659 658/658/658
f 655/655/655 660/660/660 651/651/651
f 651/651/651 660/660/660 659/659/659
f 656/656/656 661/661/661 655/655/655
f 655/655/655 661/661/661 660/660/660
f 657/657/657 662/662/662 656/656/656
f 656/656/656 662/662/662 661/661/661
f 653/653/653 663/663/663 654/654/654
f 653/653/653 658/658/658 663/663/663
f 625/625/625 664/664/664 657/657/657
f 657/657/657 664/664/664 662/662/662
f 660/660/660 665/665/665 659/659/659
f 661/661/661 666/666/666 660/660/660
f 660/660/660 666/666/666 665/665/665
f 659/659/659 667/667/667 658/658/658
f 659/659/659 665/665/665 667/667/667
f 662/662/662 668/668/668 661/661/661
f 661/661/661 668/668/668 666/666/666
f 658/658/658 669/669/669 663/663/663
f 658/658/658 667/667/667 669/669/669
f 664/664/664 670/670/670 662/662/662
f 662/662/662 670/670/670 668/668/668
f 665/665/665 671/671/671 667/667/667
f 666/666/666 672/672/672 665/665/665
f 665/665/665 672/672/672 671/671/671
f 668/668/668 673/673/673 666/666/666
f 666/666/666 673/673/673 672/672/672
f 667/667/667 674/674/674 669/669/669
f 667/667/667 671/671/671 674/674/674
f 670/670/670 675/675/675 668/668/668
f 668/668/668 675/675/675 673/673/673
f 663/663/663 669/669/669 676/676/676
f 669/669/669 674/674/674 677/677/677
f 669/669/669 677/677/677 676/676/676
f 663/663/663 676/676/676 678/678/678
f 654/654/654 663/663/663 678/678/678
f 654/654/654 678/678/678 679/679/679
f 649/649/649 654/654/654 679/679/679
f 649/649/649 679/679/679 680/680/680
f 649/649/649 680/680/680 650/650/650
f 671/671/671 681/681/681 674/674/674
f 674/674/674 682/682/682 677/677/677
f 674/674/674 681/681/681 682/682/682
f 671/671/671 683/683/683 681/681/681
f 672/672/672 683/683/683 671/671/671
f 672/672/672 684/684/684 683/683/683
f 673/673/673 684/684/684 672/672/672
f 673/673/673 685/685/685 684/684/684
f 675/675/675 685/685/685 673/673/673
f 683/683/683 686/686/686 681/681/681
f 684/684/684 687/687/687 683/683/683
f 683/683/683 687/687/687 686/686/686
f 681/681/681 688/688/688 682/682/682
f 681/681/681 686/686/686 688/688/688
f 686/686/686 689/689/689 688/688/688
f 685/685/685 690/690/690 684/684/684
f 684/684/684 690/690/690 687/687/687
f 687/687/687 691/691/691 686/686/686
f 686/686/686 691/691/691 689/689/689
f 691/691/691 692/692/692 689/689/689
f 687/687/687 693/693/693 691/691/691
f 690/690/690 693/693/693 687/687/687
f 693/693/693 692/692/692 691/691/691
f 675/675/675 694/694/694 685/685/685
f 685/685/685 695/695/695 690/690/690
f 694/694/694 695/695/695 685/685/685
f 690/690/690 696/696/696 693/693/693
f 695/695/695 696/696/696 690/690/690
f 693/693/693 697/697/697 692/692/692
f 696/696/696 697/697/697 693/693/693
f 698/698/698 694/694/694 675/675/675
f 670/670/670 698/698/698 675/675/675
f 699/699/699 698/698/698 670/670/670
f 664/664/664 699/699/699 670/670/670
f 700/700/700 699/699/699 664/664/664
f 625/625/625 700/700/700 664/664/664
f 695/695/695 701/701/701 696/696/696
f 694/694/694 702/702/702 695/695/695
f 702/702/702 701/701/701 695/695/695
f 698/698/698 703/703/703 694/694/694
f 703/703/703 702/702/702 694/694/694
f 699/699/699 704/704/704 698/698/698
f 704/704/704 703/703/703 698/698/698
f 696/696/696 705/705/705 697/697/697
f 701/701/701 705/705/705 696/696/696
f 700/700/700 706/706/706 699/699/699
f 706/706/706 704/704/704 699/699/699
f 700/700/700 625/625/625 707/707/707
f 706/706/706 700/700/700 708/708/708
f 700/700/700 707/707/707 708/708/708
f 625/625/625 709/709/709 707/707/707
f 625/625/625 630/630/630 709/709/709
f 702/702/702 710/710/710 701/701/701
f 703/703/703 711/711/711 702/702/702
f 711/711/711 710/710/710 702/702/702
f 704/704/704 712/712/712 703/703/703
f 712/712/712 711/711/711 703/703/703
f 706/706/706 713/713/713 704/704/704
f 713/713/713 712/712/712 704/704/704
f 706/706/706 708/708/708 714/714/714
f 713/713/713 706/706/706 714/714/714
f 710/710/710 715/715/715 701/701/701
f 701/701/701 715/715/715 705/705/705
f 711/711/711 716/716/716 710/710/710
f 712/712/712 717/717/717 711/711/711
f 717/717/717 716/716/716 711/711/711
f 713/713/713 718/718/718 712/712/712
f 718/718/718 717/717/717 712/712/712
f 713/713/713 714/714/714 719/719/719
f 718/718/718 713/713/713 719/719/719
f 710/710/710 720/720/720 715/715/715
f 716/716/716 720/720/720 710/710/710
f 714/714/714 708/708/708 721/721/721
f 719/719/719 714/714/714 722/722/722
f 714/714/714 721/721/721 722/722/722
f 708/708/708 723/723/723 721/721/721
f 708/708/708 707/707/707 723/723/723
f 721/721/721 723/723/723 724/724/724
f 707/707/707 725/725/725 723/723/723
f 721/721/721 724/724/724 726/726/726
f 722/722/722 721/721/721 726/726/726
f 707/707/707 709/709/709 725/725/725
f 709/709/709 727/727/727 725/725/725
f 709/709/709 728/728/728 727/727/727
f 722/722/722 726/726/726 729/729/729
f 630/630/630 728/728/728 709/709/709
f 730/730/730 722/722/722 729/729/729
f 719/719/719 722/722/722 730/730/730
f 730/730/730 729/729/729 731/731/731
f 630/630/630 732/732/732 728/728/728
f 630/630/630 626/626/626 732/732/732
f 732/732/732 626/626/626 733/733/733
f 732/732/732 733/733/733 734/734/734
f 734/734/734 728/728/728 732/732/732
f 734/734/734 735/735/735 728/728/728
f 736/736/736 719/719/719 730/730/730
f 718/718/718 719/719/719 736/736/736
f 737/737/737 730/730/730 731/731/731
f 736/736/736 730/730/730 737/737/737
f 737/737/737 731/731/731 738/738/738
f 739/739/739 718/718/718 736/736/736
f 718/718/718 739/739/739 717/717/717
f 740/740/740 736/736/736 737/737/737
f 739/739/739 736/736/736 740/740/740
f 741/741/741 737/737/737 738/738/738
f 740/740/740 737/737/737 741/741/741
f 741/741/741 738/738/738 742/742/742
f 739/739/739 743/743/743 717/717/717
f 717/717/717 743/743/743 716/716/716
f 744/744/744 739/739/739 740/740/740
f 739/739/739 744/744/744 743/743/743
f 745/745/745 740/740/740 741/741/741
f 744/744/744 740/740/740 745/745/745
f 746/746/746 741/741/741 742/742/742
f 745/745/745 741/741/741 746/746/746
f 746/746/746 742/742/742 747/747/747
f 745/745/745 746/746/746 748/748/748
f 745/745/745 748/748/748 749/749/749
f 744/744/744 745/745/745 749/749/749
f 749/749/749 748/748/748 750/750/750
f 749/749/749 750/750/750 751/751/751
f 752/752/752 749/749/749 751/751/751
f 744/744/744 749/749/749 752/752/752
f 752/752/752 751/751/751 753/753/753
f 743/743/743 754/754/754 716/716/716
f 716/716/716 754/754/754 720/720/720
f 743/743/743 744/744/744 755/755/755
f 752/752/752 755/755/755 744/744/744
f 743/743/743 755/755/755 754/754/754
f 753/753/753 756/756/756 752/752/752
f 752/752/752 756/756/756 755/755/755
f 753/753/753 757/757/757 756/756/756
f 758/758/758 757/757/757 753/753/753
f 758/758/758 759/759/759 757/757/757
f 756/756/756 757/757/757 760/760/760
f 756/756/756 760/760/760 761/761/761
f 755/755/755 756/756/756 761/761/761
f 761/761/761 760/760/760 762/762/762
f 761/761/761 762/762/762 763/763/763
f 755/755/755 761/761/761 764/764/764
f 764/764/764 761/761/761 763/763/763
f 754/754/754 755/755/755 764/764/764
f 764/764/764 763/763/763 765/765/765
f 754/754/754 764/764/764 766/766/766
f 766/766/766 764/764/764 765/765/765
f 720/720/720 754/754/754 766/766/766
f 766/766/766 765/765/765 767/767/767
f 767/767/767 765/765/765 768/768/768
f 767/767/767 768/768/768 769/769/769
f 720/720/720 766/766/766 770/770/770
f 770/770/770 766/766/766 767/767/767
f 715/715/715 720/720/720 770/770/770
f 771/771/771 767/767/767 769/769/769
f 770/770/770 767/767/767 771/771/771
f 771/771/771 769/769/769 772/772/772
f 715/715/715 770/770/770 773/773/773
f 773/773/773 770/770/770 771/771/771
f 705/705/705 715/715/715 773/773/773
f 774/774/774 771/771/771 772/772/772
f 773/773/773 771/771/771 774/774/774
f 774/774/774 772/772/772 775/775/775
f 705/705/705 773/773/773 776/776/776
f 776/776/776 773/773/773 774/774/774
f 697/697/697 705/705/705 776/776/776
f 777/777/777 774/774/774 775/775/775
f 776/776/776 774/774/774 777/777/777
f 777/777/777 775/775/775 778/778/778
f 697/697/697 776/776/776 779/779/779
f 779/779/779 776/776/776 777/777/777
f 692/692/692 697/697/697 779/779/779
f 780/780/780 777/777/777 778/778/778
f 779/779/779 777/777/777 780/780/780
f 780/780/780 778/778/778 781/781/781
f 782/782/782 779/779/779 780/780/780
f 692/692/692 779/779/779 782/782/782
f 783/783/783 780/780/780 781/781/781
f 782/782/782 780/780/780 783/783/783
f 783/783/783 781/781/781 784/784/784
f 782/782/782 783/783/783 785/785/785
f 782/782/782 785/785/785 786/786/786
f 692/692/692 782/782/782 786/786/786
f 786/786/786 785/785/785 787/787/787
f 786/786/786 787/787/787 788/788/788
f 692/692/692 786/786/786 789/789/789
f 789/789/789 786/786/786 788/788/788
f 789/789/789 689/689/689 692/692/692
f 789/789/789 788/788/788 790/790/790
f 790/790/790 791/791/791 789/789/789
f 789/789/789 791/791/791 689/689/689
f 790/790/790 792/792/792 791/791/791
f 793/793/793 792/792/792 790/790/790
f 793/793/793 794/794/794 792/792/792
f 791/791/791 792/792/792 795/795/795
f 791/791/791 795/795/795 796/796/796
f 689/689/689 791/791/791 796/796/796
f 796/796/796 795/795/795 797/797/797
f 796/796/796 797/797/797 798/798/798
f 689/689/689 796/796/796 799/799/799
f 799/799/799 796/796/796 798/798/798
f 688/688/688 689/689/689 799/799/799
f 799/799/799 798/798/798 800/800/800
f 688/688/688 799/799/799 801/801/801
f 801/801/801 799/799/799 800/800/800
f 682/682/682 688/688/688 801/801/801
f 801/801/801 800/800/800 802/802/802
f 802/802/802 800/800/800 803/803/803
f 802/802/802 803/803/803 804/804/804
f 682/682/682 801/801/801 805/805/805
f 805/805/805 801/801/801 802/802/802
f 677/677/677 682/682/682 805/805/805
f 806/806/806 802/802/802 804/804/804
f 805/805/805 802/802/802 806/806/806
f 806/806/806 804/804/804 807/807/807
f 677/677/677 805/805/805 808/808/808
f 808/808/808 805/805/805 806/806/806
f 676/676/676 677/677/677 808/808/808
f 809/809/809 806/806/806 807/807/807
f 808/808/808 806/806/806 809/809/809
f 809/809/809 807/807/807 810/810/810
f 676/676/676 808/808/808 811/811/811
f 811/811/811 808/808/808 809/809/809
f 678/678/678 676/676/676 811/811/811
f 812/812/812 809/809/809 810/810/810
f 811/811/811 809/809/809 812/812/812
f 812/812/812 810/810/810 813/813/813
f 678/678/678 811/811/811 814/814/814
f 814/814/814 811/811/811 812/812/812
f 679/679/679 678/678/678 814/814/814
f 815/815/815 812/812/812 813/813/813
f 814/814/814 812/812/812 815/815/815
f 815/815/815 813/813/813 816/816/816
f 679/679/679 814/814/814 817/817/817
f 817/817/817 814/814/814 815/815/815
f 818/818/818 815/815/815 816/816/816
f 817/817/817 815/815/815 818/818/818
f 818/818/818 816/816/816 819/819/819
f 817/817/817 818/818/818 820/820/820
f 679/679/679 817/817/817 821/821/821
f 817/817/817 820/820/820 821/821/821
f 821/821/821 820/820/820 822/822/822
f 821/821/821 822/822/822 823/823/823
f 679/679/679 821/821/821 680/680/680
f 680/680/680 821/821/821 823/823/823
f 680/680/680 823/823/823 824/824/824
f 650/650/650 680/680/680 824/824/824
f 650/650/650 824/824/824 825/825/825
f 825/825/825 824/824/824 826/826/826
f 650/650/650 825/825/825 647/647/647
f 825/825/825 826/826/826 827/827/827
f 827/827/827 647/647/647 825/825/825
f 827/827/827 828/828/828 647/647/647
f 829/829/829 831/831/831 830/830/830
f 829/829/829 830/830/830 832/832/832
f 832/832/832 830/830/830 833/833/833
f 834/834/834 829/829/829 832/832/832
f 835/835/835 829/829/829 834/834/834
f 835/835/835 834/834/834 836/836/836
f 837/837/837 835/835/835 836/836/836
f 837/837/837 836/836/836 838/838/838
f 839/839/839 837/837/837 838/838/838
f 839/839/839 838/838/838 840/840/840
f 841/841/841 839/839/839 840/840/840
f 841/841/841 840/840/840 842/842/842
f 843/843/843 841/841/841 842/842/842
f 843/843/843 842/842/842 844/844/844
f 845/845/845 843/843/843 844/844/844
f 832/832/832 833/833/833 846/846/846
f 834/834/834 832/832/832 847/847/847
f 847/847/847 832/832/832 846/846/846
f 848/848/848 846/846/846 833/833/833
f 848/848/848 833/833/833 849/849/849
f 838/838/838 850/850/850 840/840/840
f 840/840/840 851/851/851 842/842/842
f 840/840/840 850/850/850 851/851/851
f 842/842/842 852/852/852 844/844/844
f 842/842/842 851/851/851 852/852/852
f 838/838/838 853/853/853 850/850/850
f 836/836/836 853/853/853 838/838/838
f 834/834/834 854/854/854 836/836/836
f 836/836/836 854/854/854 853/853/853
f 834/834/834 855/855/855 854/854/854
f 855/855/855 834/834/834 847/847/847
f 850/850/850 856/856/856 851/851/851
f 853/853/853 857/857/857 850/850/850
f 850/850/850 857/857/857 856/856/856
f 854/854/854 858/858/858 853/853/853
f 853/853/853 858/858/858 857/857/857
f 851/851/851 859/859/859 852/852/852
f 851/851/851 856/856/856 859/859/859
f 855/855/855 860/860/860 854/854/854
f 854/854/854 860/860/860 858/858/858
f 855/855/855 847/847/847 861/861/861
f 855/855/855 862/862/862 860/860/860
f 862/862/862 855/855/855 861/861/861
f 861/861/861 847/847/847 863/863/863
f 847/847/847 846/846/846 863/863/863
f 864/864/864 863/863/863 846/846/846
f 864/864/864 846/846/846 848/848/848
f 861/861/861 863/863/863 865/865/865
f 865/865/865 863/863/863 864/864/864
f 866/866/866 864/864/864 848/848/848
f 866/866/866 848/848/848 867/867/867
f 868/868/868 864/864/864 866/866/866
f 865/865/865 864/864/864 868/868/868
f 868/868/868 866/866/866 869/869/869
f 870/870/870 861/861/861 865/865/865
f 862/862/862 861/861/861 870/870/870
f 871/871/871 868/868/868 869/869/869
f 871/871/871 869/869/869 872/872/872
f 873/873/873 865/865/865 868/868/868
f 870/870/870 865/865/865 873/873/873
f 873/873/873 868/868/868 871/871/871
f 874/874/874 871/871/871 872/872/872
f 874/874/874 872/872/872 875/875/875
f 876/876/876 873/873/873 871/871/871
f 876/876/876 871/871/871 874/874/874
f 877/877/877 870/870/870 873/873/873
f 877/877/877 873/873/873 876/876/876
f 878/878/878 862/862/862 870/870/870
f 878/878/878 870/870/870 877/877/877
f 879/879/879 874/874/874 875/875/875
f 879/879/879 875/875/875 880/880/880
f 881/881/881 876/876/876 874/874/874
f 881/881/881 874/874/874 879/879/879
f 882/882/882 877/877/877 876/876/876
f 882/882/882 876/876/876 881/881/881
f 883/883/883 879/879/879 880/880/880
f 883/883/883 880/880/880 884/884/884
f 885/885/885 881/881/881 879/879/879
f 885/885/885 879/879/879 883/883/883
f 886/886/886 883/883/883 884/884/884
f 886/886/886 884/884/884 887/887/887
f 862/862/862 878/878/878 888/888/888
f 862/862/862 888/888/888 860/860/860
f 889/889/889 878/878/878 877/877/877
f 889/889/889 877/877/877 882/882/882
f 890/890/890 882/882/882 881/881/881
f 890/890/890 881/881/881 885/885/885
f 891/891/891 885/885/885 883/883/883
f 891/891/891 883/883/883 886/886/886
f 892/892/892 886/886/886 887/887/887
f 892/892/892 887/887/887 893/893/893
f 860/860/860 888/888/888 894/894/894
f 860/860/860 894/894/894 858/858/858
f 895/895/895 889/889/889 882/882/882
f 895/895/895 882/882/882 890/890/890
f 896/896/896 890/890/890 885/885/885
f 896/896/896 885/885/885 891/891/891
f 897/897/897 891/891/891 886/886/886
f 897/897/897 886/886/886 892/892/892
f 898/898/898 892/892/892 893/893/893
f 898/898/898 893/893/893 899/899/899
f 858/858/858 894/894/894 900/900/900
f 858/858/858 900/900/900 857/857/857
f 901/901/901 895/895/895 890/890/890
f 901/901/901 890/890/890 896/896/896
f 902/902/902 896/896/896 891/891/891
f 902/902/902 891/891/891 897/897/897
f 903/903/903 897/897/897 892/892/892
f 903/903/903 892/892/892 898/898/898
f 899/899/899 904/904/904 898/898/898
f 899/899/899 905/905/905 904/904/904
f 906/906/906 897/897/897 903/903/903
f 906/906/906 902/902/902 897/897/897
f 898/898/898 907/907/907 903/903/903
f 898/898/898 904/904/904 907/907/907
f 906/906/906 903/903/903 907/907/907
f 908/908/908 896/896/896 902/902/902
f 908/908/908 901/901/901 896/896/896
f 904/904/904 909/909/909 907/907/907
f 904/904/904 910/910/910 909/909/909
f 911/911/911 907/907/907 909/909/909
f 906/906/906 907/907/907 911/911/911
f 911/911/911 909/909/909 912/912/912
f 913/913/913 902/902/902 906/906/906
f 913/913/913 906/906/906 911/911/911
f 913/913/913 908/908/908 902/902/902
f 914/914/914 911/911/911 912/912/912
f 913/913/913 911/911/911 914/914/914
f 914/914/914 912/912/912 915/915/915
f 914/914/914 916/916/916 913/913/913
f 908/908/908 913/913/913 916/916/916
f 914/914/914 917/917/917 916/916/916
f 901/901/901 908/908/908 918/918/918
f 908/908/908 916/916/916 918/918/918
f 917/917/917 919/919/919 916/916/916
f 918/918/918 916/916/916 919/919/919
f 917/917/917 920/920/920 919/919/919
f 901/901/901 918/918/918 921/921/921
f 895/895/895 901/901/901 921/921/921
f 920/920/920 922/922/922 919/919/919
f 920/920/920 923/923/923 922/922/922
f 918/918/918 919/919/919 924/924/924
f 921/921/921 918/918/918 924/924/924
f 924/924/924 919/919/919 922/922/922
f 895/895/895 921/921/921 925/925/925
f 889/889/889 895/895/895 925/925/925
f 923/923/923 926/926/926 922/922/922
f 923/923/923 927/927/927 926/926/926
f 924/924/924 922/922/922 928/928/928
f 928/928/928 922/922/922 926/926/926
f 921/921/921 924/924/924 929/929/929
f 925/925/925 921/921/921 929/929/929
f 929/929/929 924/924/924 928/928/928
f 889/889/889 925/925/925 930/930/930
f 878/878/878 889/889/889 930/930/930
f 878/878/878 930/930/930 888/888/888
f 927/927/927 931/931/931 926/926/926
f 927/927/927 932/932/932 931/931/931
f 925/925/925 929/929/929 933/933/933
f 930/930/930 925/925/925 933/933/933
f 888/888/888 930/930/930 934/934/934
f 930/930/930 933/933/933 934/934/934
f 888/888/888 934/934/934 894/894/894
f 928/928/928 926/926/926 935/935/935
f 935/935/935 926/926/926 931/931/931
f 929/929/929 928/928/928 936/936/936
f 933/933/933 929/929/929 936/936/936
f 936/936/936 928/928/928 935/935/935
f 932/932/932 937/937/937 931/931/931
f 932/932/932 938/938/938 937/937/937
f 894/894/894 934/934/934 939/939/939
f 894/894/894 939/939/939 900/900/900
f 934/934/934 933/933/933 940/940/940
f 933/933/933 936/936/936 940/940/940
f 934/934/934 940/940/940 939/939/939
f 936/936/936 935/935/935 941/941/941
f 940/940/940 936/936/936 941/941/941
f 935/935/935 931/931/931 942/942/942
f 942/942/942 931/931/931 937/937/937
f 941/941/941 935/935/935 942/942/942
f 939/939/939 940/940/940 943/943/943
f 940/940/940 941/941/941 943/943/943
f 900/900/900 939/939/939 944/944/944
f 939/939/939 943/943/943 944/944/944
f 941/941/941 942/942/942 945/945/945
f 943/943/943 941/941/941 945/945/945
f 942/942/942 937/937/937 946/946/946
f 945/945/945 942/942/942 946/946/946
f 943/943/943 945/945/945 947/947/947
f 944/944/944 943/943/943 947/947/947
f 900/900/900 944/944/944 948/948/948
f 857/857/857 900/900/900 948/948/948
f 857/857/857 948/948/948 856/856/856
f 948/948/948 944/944/944 949/949/949
f 944/944/944 947/947/947 949/949/949
f 856/856/856 948/948/948 950/950/950
f 948/948/948 949/949/949 950/950/950
f 856/856/856 950/950/950 859/859/859
f 947/947/947 945/945/945 951/951/951
f 945/945/945 946/946/946 951/951/951
f 949/949/949 947/947/947 952/952/952
f 947/947/947 951/951/951 952/952/952
f 950/950/950 949/949/949 953/953/953
f 949/949/949 952/952/952 953/953/953
f 859/859/859 950/950/950 954/954/954
f 950/950/950 953/953/953 954/954/954
f 859/859/859 954/954/954 955/955/955
f 852/852/852 859/859/859 955/955/955
f 852/852/852 955/955/955 956/956/956
f 844/844/844 852/852/852 956/956/956
f 844/844/844 956/956/956 957/957/957
f 845/845/845 844/844/844 957/957/957
f 958/958/958 951/951/951 946/946/946
f 959/959/959 952/952/952 951/951/951
f 958/958/958 959/959/959 951/951/951
f 960/960/960 953/953/953 952/952/952
f 959/959/959 960/960/960 952/952/952
f 961/961/961 954/954/954 953/953/953
f 960/960/960 961/961/961 953/953/953
f 962/962/962 955/955/955 954/954/954
f 961/961/961 962/962/962 954/954/954
f 963/963/963 956/956/956 955/955/955
f 962/962/962 963/963/963 955/955/955
f 964/964/964 957/957/957 956/956/956
f 963/963/963 964/964/964 956/956/956
f 965/965/965 958/958/958 946/946/946
f 965/965/965 946/946/946 937/937/937
f 937/937/937 966/966/966 965/965/965
f 937/937/937 938/938/938 966/966/966
f 938/938/938 967/967/967 966/966/966
f 938/938/938 968/968/968 967/967/967
f 966/966/966 967/967/967 969/969/969
f 965/965/965 966/966/966 970/970/970
f 966/966/966 969/969/969 970/970/970
f 971/971/971 958/958/958 965/965/965
f 965/965/965 970/970/970 971/971/971
f 972/972/972 970/970/970 969/969/969
f 972/972/972 969/969/969 973/973/973
f 971/971/971 974/974/974 958/958/958
f 974/974/974 959/959/959 958/958/958
f 975/975/975 971/971/971 970/970/970
f 975/975/975 970/970/970 972/972/972
f 975/975/975 974/974/974 971/971/971
f 976/976/976 972/972/972 973/973/973
f 976/976/976 973/973/973 977/977/977
f 974/974/974 978/978/978 959/959/959
f 978/978/978 960/960/960 959/959/959
f 979/979/979 975/975/975 972/972/972
f 979/979/979 972/972/972 976/976/976
f 975/975/975 980/980/980 974/974/974
f 980/980/980 978/978/978 974/974/974
f 979/979/979 980/980/980 975/975/975
f 978/978/978 981/981/981 960/960/960
f 981/981/981 961/961/961 960/960/960
f 976/976/976 982/982/982 979/979/979
f 976/976/976 983/983/983 982/982/982
f 984/984/984 979/979/979 982/982/982
f 979/979/979 984/984/984 980/980/980
f 984/984/984 982/982/982 985/985/985
f 980/980/980 986/986/986 978/978/978
f 984/984/984 986/986/986 980/980/980
f 986/986/986 981/981/981 978/978/978
f 987/987/987 984/984/984 985/985/985
f 984/984/984 987/987/987 986/986/986
f 987/987/987 985/985/985 988/988/988
f 981/981/981 989/989/989 961/961/961
f 989/989/989 962/962/962 961/961/961
f 986/986/986 990/990/990 981/981/981
f 987/987/987 990/990/990 986/986/986
f 990/990/990 989/989/989 981/981/981
f 991/991/991 987/987/987 988/988/988
f 987/987/987 991/991/991 990/990/990
f 991/991/991 988/988/988 992/992/992
f 989/989/989 993/993/993 962/962/962
f 993/993/993 963/963/963 962/962/962
f 990/990/990 994/994/994 989/989/989
f 991/991/991 994/994/994 990/990/990
f 994/994/994 993/993/993 989/989/989
f 995/995/995 991/991/991 992/992/992
f 991/991/991 995/995/995 994/994/994
f 995/995/995 992/992/992 996/996/996
f 993/993/993 997/997/997 963/963/963
f 997/997/997 964/964/964 963/963/963
f 994/994/994 998/998/998 993/993/993
f 995/995/995 998/998/998 994/994/994
f 998/998/998 997/997/997 993/993/993
f 999/999/999 995/995/995 996/996/996
f 995/995/995 999/999/999 998/998/998
f 999/999/999 996/996/996 1000/1000/1000
f 998/998/998 1001/1001/1001 997/997/997
f 999/999/999 1001/1001/1001 998/998/998
f 1002/1002/1002 999/999/999 1000/1000/1000
f 999/999/999 1002/1002/1002 1001/1001/1001
f 1002/1002/1002 1000/1000/1000 1003/1003/1003
f 997/997/997 1004/1004/1004 964/964/964
f 1001/1001/1001 1004/1004/1004 997/997/997
f 1002/1002/1002 1005/1005/1005 1001/1001/1001
f 1001/1001/1001 1005/1005/1005 1004/1004/1004
f 1006/1006/1006 1002/1002/1002 1003/1003/1003
f 1002/1002/1002 1006/1006/1006 1005/1005/1005
f 1006/1006/1006 1003/1003/1003 1007/1007/1007
f 1004/1004/1004 1008/1008/1008 964/964/964
f 964/964/964 1008/1008/1008 957/957/957
f 1005/1005/1005 1009/1009/1009 1004/1004/1004
f 1004/1004/1004 1009/1009/1009 1008/1008/1008
f 1010/1010/1010 1006/1006/1006 1007/1007/1007
f 1010/1010/1010 1007/1007/1007 1011/1011/1011
f 1010/1010/1010 1011/1011/1011 1012/1012/1012
f 1010/1010/1010 1012/1012/1012 1013/1013/1013
f 1006/1006/1006 1014/1014/1014 1005/1005/1005
f 1005/1005/1005 1014/1014/1014 1009/1009/1009
f 1006/1006/1006 1010/1010/1010 1014/1014/1014
f 957/957/957 1008/1008/1008 1015/1015/1015
f 957/957/957 1015/1015/1015 845/845/845
f 1008/1008/1008 1009/1009/1009 1016/1016/1016
f 1014/1014/1014 1016/1016/1016 1009/1009/1009
f 1008/1008/1008 1016/1016/1016 1015/1015/1015
f 1010/1010/1010 1017/1017/1017 1014/1014/1014
f 1010/1010/1010 1013/1013/1013 1017/1017/1017
f 1014/1014/1014 1017/1017/1017 1016/1016/1016
f 845/845/845 1015/1015/1015 1018/1018/1018
f 845/845/845 1018/1018/1018 1019/1019/1019
f 1015/1015/1015 1020/1020/1020 1018/1018/1018
f 1015/1015/1015 1016/1016/1016 1020/1020/1020
f 1017/1017/1017 1020/1020/1020 1016/1016/1016
f 1017/1017/1017 1021/1021/1021 1020/1020/1020
f 1013/1013/1013 1021/1021/1021 1017/1017/1017
f 1013/1013/1013 1022/1022/1022 1021/1021/1021
f 1023/1023/1023 1025/1025/1025 1024/1024/1024
f 1023/1023/1023 1026/1026/1026 1025/1025/1025
f 1027/1027/1027 1026/1026/1026 1023/1023/1023
f 1026/1026/1026 1028/1028/1028 1025/1025/1025
f 1027/1027/1027 1029/1029/1029 1026/1026/1026
f 1026/1026/1026 1030/1030/1030 1028/1028/1028
f 1029/1029/1029 1030/1030/1030 1026/1026/1026
f 1031/1031/1031 1029/1029/1029 1027/1027/1027
f 1031/1031/1031 1027/1027/1027 1032/1032/1032
f 1033/1033/1033 1028/1028/1028 1030/1030/1030
f 1033/1033/1033 1034/1034/1034 1028/1028/1028
f 1035/1035/1035 1031/1031/1031 1032/1032/1032
f 1035/1035/1035 1032/1032/1032 1036/1036/1036
f 1037/1037/1037 1034/1034/1034 1033/1033/1033
f 1037/1037/1037 1038/1038/1038 1034/1034/1034
f 1039/1039/1039 1037/1037/1037 1033/1033/1033
f 1040/1040/1040 1037/1037/1037 1039/1039/1039
f 1041/1041/1041 1033/1033/1033 1030/1030/1030
f 1039/1039/1039 1033/1033/1033 1041/1041/1041
f 1029/1029/1029 1042/1042/1042 1030/1030/1030
f 1041/1041/1041 1030/1030/1030 1042/1042/1042
f 1043/1043/1043 1029/1029/1029 1031/1031/1031
f 1043/1043/1043 1042/1042/1042 1029/1029/1029
f 1044/1044/1044 1041/1041/1041 1042/1042/1042
f 1044/1044/1044 1042/1042/1042 1043/1043/1043
f 1045/1045/1045 1043/1043/1043 1031/1031/1031
f 1045/1045/1045 1031/1031/1031 1035/1035/1035
f 1040/1040/1040 1039/1039/1039 1046/1046/1046
f 1047/1047/1047 1040/1040/1040 1046/1046/1046
f 1048/1048/1048 1039/1039/1039 1041/1041/1041
f 1048/1048/1048 1041/1041/1041 1044/1044/1044
f 1049/1049/1049 1044/1044/1044 1043/1043/1043
f 1049/1049/1049 1043/1043/1043 1045/1045/1045
f 1047/1047/1047 1046/1046/1046 1050/1050/1050
f 1051/1051/1051 1047/1047/1047 1050/1050/1050
f 1039/1039/1039 1052/1052/1052 1046/1046/1046
f 1039/1039/1039 1048/1048/1048 1052/1052/1052
f 1053/1053/1053 1048/1048/1048 1044/1044/1044
f 1053/1053/1053 1044/1044/1044 1049/1049/1049
f 1051/1051/1051 1050/1050/1050 1054/1054/1054
f 1055/1055/1055 1051/1051/1051 1054/1054/1054
f 1046/1046/1046 1056/1056/1056 1050/1050/1050
f 1046/1046/1046 1052/1052/1052 1056/1056/1056
f 1048/1048/1048 1057/1057/1057 1052/1052/1052
f 1048/1048/1048 1053/1053/1053 1057/1057/1057
f 1055/1055/1055 1054/1054/1054 1058/1058/1058
f 1059/1059/1059 1055/1055/1055 1058/1058/1058
f 1050/1050/1050 1060/1060/1060 1054/1054/1054
f 1050/1050/1050 1056/1056/1056 1060/1060/1060
f 1052/1052/1052 1061/1061/1061 1056/1056/1056
f 1052/1052/1052 1057/1057/1057 1061/1061/1061
f 1059/1059/1059 1058/1058/1058 1062/1062/1062
f 1063/1063/1063 1059/1059/1059 1062/1062/1062
f 1054/1054/1054 1064/1064/1064 1058/1058/1058
f 1054/1054/1054 1060/1060/1060 1064/1064/1064
f 1056/1056/1056 1065/1065/1065 1060/1060/1060
f 1056/1056/1056 1061/1061/1061 1065/1065/1065
f 1058/1058/1058 1066/1066/1066 1062/1062/1062
f 1058/1058/1058 1064/1064/1064 1066/1066/1066
f 1060/1060/1060 1067/1067/1067 1064/1064/1064
f 1060/1060/1060 1065/1065/1065 1067/1067/1067
f 1064/1064/1064 1068/1068/1068 1066/1066/1066
f 1064/1064/1064 1067/1067/1067 1068/1068/1068
f 1057/1057/1057 1069/1069/1069 1061/1061/1061
f 1061/1061/1061 1070/1070/1070 1065/1065/1065
f 1061/1061/1061 1069/1069/1069 1070/1070/1070
f 1065/1065/1065 1071/1071/1071 1067/1067/1067
f 1065/1065/1065 1070/1070/1070 1071/1071/1071
f 1067/1067/1067 1072/1072/1072 1068/1068/1068
f 1067/1067/1067 1071/1071/1071 1072/1072/1072
f 1057/1057/1057 1073/1073/1073 1069/1069/1069
f 1053/1053/1053 1073/1073/1073 1057/1057/1057
f 1053/1053/1053 1074/1074/1074 1073/1073/1073
f 1074/1074/1074 1053/1053/1053 1049/1049/1049
f 1074/1074/1074 1049/1049/1049 1075/1075/1075
f 1075/1075/1075 1049/1049/1049 1045/1045/1045
f 1075/1075/1075 1045/1045/1045 1076/1076/1076
f 1076/1076/1076 1045/1045/1045 1035/1035/1035
f 1076/1076/1076 1035/1035/1035 1077/1077/1077
f 1077/1077/1077 1035/1035/1035 1036/1036/1036
f 1077/1077/1077 1036/1036/1036 1078/1078/1078
f 1079/1079/1079 1077/1077/1077 1078/1078/1078
f 1079/1079/1079 1078/1078/1078 1080/1080/1080
f 1081/1081/1081 1076/1076/1076 1077/1077/1077
f 1081/1081/1081 1077/1077/1077 1079/1079/1079
f 1082/1082/1082 1075/1075/1075 1076/1076/1076
f 1082/1082/1082 1076/1076/1076 1081/1081/1081
f 1083/1083/1083 1074/1074/1074 1075/1075/1075
f 1083/1083/1083 1075/1075/1075 1082/1082/1082
f 1074/1074/1074 1084/1084/1084 1073/1073/1073
f 1074/1074/1074 1083/1083/1083 1084/1084/1084
f 1085/1085/1085 1079/1079/1079 1080/1080/1080
f 1085/1085/1085 1080/1080/1080 1086/1086/1086
f 1087/1087/1087 1081/1081/1081 1079/1079/1079
f 1087/1087/1087 1079/1079/1079 1085/1085/1085
f 1088/1088/1088 1082/1082/1082 1081/1081/1081
f 1088/1088/1088 1081/1081/1081 1087/1087/1087
f 1089/1089/1089 1083/1083/1083 1082/1082/1082
f 1089/1089/1089 1082/1082/1082 1088/1088/1088
f 1090/1090/1090 1085/1085/1085 1086/1086/1086
f 1090/1090/1090 1086/1086/1086 1091/1091/1091
f 1092/1092/1092 1087/1087/1087 1085/1085/1085
f 1092/1092/1092 1085/1085/1085 1090/1090/1090
f 1093/1093/1093 1088/1088/1088 1087/1087/1087
f 1093/1093/1093 1087/1087/1087 1092/1092/1092
f 1094/1094/1094 1090/1090/1090 1091/1091/1091
f 1094/1094/1094 1091/1091/1091 1095/1095/1095
f 1096/1096/1096 1092/1092/1092 1090/1090/1090
f 1096/1096/1096 1090/1090/1090 1094/1094/1094
f 1097/1097/1097 1094/1094/1094 1095/1095/1095
f 1097/1097/1097 1095/1095/1095 1098/1098/1098
f 1083/1083/1083 1089/1089/1089 1099/1099/1099
f 1083/1083/1083 1099/1099/1099 1084/1084/1084
f 1100/1100/1100 1089/1089/1089 1088/1088/1088
f 1100/1100/1100 1088/1088/1088 1093/1093/1093
f 1101/1101/1101 1093/1093/1093 1092/1092/1092
f 1101/1101/1101 1092/1092/1092 1096/1096/1096
f 1102/1102/1102 1096/1096/1096 1094/1094/1094
f 1102/1102/1102 1094/1094/1094 1097/1097/1097
f 1098/1098/1098 1103/1103/1103 1097/1097/1097
f 1098/1098/1098 1104/1104/1104 1103/1103/1103
f 1105/1105/1105 1096/1096/1096 1102/1102/1102
f 1105/1105/1105 1101/1101/1101 1096/1096/1096
f 1097/1097/1097 1106/1106/1106 1102/1102/1102
f 1097/1097/1097 1103/1103/1103 1106/1106/1106
f 1105/1105/1105 1102/1102/1102 1106/1106/1106
f 1104/1104/1104 1107/1107/1107 1103/1103/1103
f 1104/1104/1104 1108/1108/1108 1107/1107/1107
f 1103/1103/1103 1107/1107/1107 1109/1109/1109
f 1103/1103/1103 1109/1109/1109 1106/1106/1106
f 1110/1110/1110 1106/1106/1106 1109/1109/1109
f 1105/1105/1105 1106/1106/1106 1110/1110/1110
f 1110/1110/1110 1109/1109/1109 1111/1111/1111
f 1112/1112/1112 1101/1101/1101 1105/1105/1105
f 1112/1112/1112 1105/1105/1105 1110/1110/1110
f 1113/1113/1113 1110/1110/1110 1111/1111/1111
f 1112/1112/1112 1110/1110/1110 1113/1113/1113
f 1113/1113/1113 1111/1111/1111 1114/1114/1114
f 1112/1112/1112 1115/1115/1115 1101/1101/1101
f 1115/1115/1115 1093/1093/1093 1101/1101/1101
f 1115/1115/1115 1100/1100/1100 1093/1093/1093
f 1113/1113/1113 1116/1116/1116 1112/1112/1112
f 1115/1115/1115 1112/1112/1112 1116/1116/1116
f 1113/1113/1113 1117/1117/1117 1116/1116/1116
f 1100/1100/1100 1115/1115/1115 1118/1118/1118
f 1115/1115/1115 1116/1116/1116 1118/1118/1118
f 1117/1117/1117 1119/1119/1119 1116/1116/1116
f 1118/1118/1118 1116/1116/1116 1119/1119/1119
f 1117/1117/1117 1120/1120/1120 1119/1119/1119
f 1100/1100/1100 1118/1118/1118 1121/1121/1121
f 1089/1089/1089 1100/1100/1100 1121/1121/1121
f 1089/1089/1089 1121/1121/1121 1099/1099/1099
f 1120/1120/1120 1122/1122/1122 1119/1119/1119
f 1120/1120/1120 1123/1123/1123 1122/1122/1122
f 1118/1118/1118 1119/1119/1119 1124/1124/1124
f 1121/1121/1121 1118/1118/1118 1124/1124/1124
f 1124/1124/1124 1119/1119/1119 1122/1122/1122
f 1099/1099/1099 1121/1121/1121 1125/1125/1125
f 1121/1121/1121 1124/1124/1124 1125/1125/1125
f 1123/1123/1123 1126/1126/1126 1122/1122/1122
f 1123/1123/1123 1127/1127/1127 1126/1126/1126
f 1124/1124/1124 1122/1122/1122 1128/1128/1128
f 1125/1125/1125 1124/1124/1124 1128/1128/1128
f 1128/1128/1128 1122/1122/1122 1126/1126/1126
f 1099/1099/1099 1125/1125/1125 1129/1129/1129
f 1084/1084/1084 1099/1099/1099 1129/1129/1129
f 1127/1127/1127 1130/1130/1130 1126/1126/1126
f 1127/1127/1127 1131/1131/1131 1130/1130/1130
f 1128/1128/1128 1126/1126/1126 1132/1132/1132
f 1132/1132/1132 1126/1126/1126 1130/1130/1130
f 1125/1125/1125 1128/1128/1128 1133/1133/1133
f 1129/1129/1129 1125/1125/1125 1133/1133/1133
f 1133/1133/1133 1128/1128/1128 1132/1132/1132
f 1084/1084/1084 1129/1129/1129 1134/1134/1134
f 1073/1073/1073 1084/1084/1084 1134/1134/1134
f 1073/1073/1073 1134/1134/1134 1069/1069/1069
f 1131/1131/1131 1135/1135/1135 1130/1130/1130
f 1131/1131/1131 1136/1136/1136 1135/1135/1135
f 1129/1129/1129 1133/1133/1133 1137/1137/1137
f 1134/1134/1134 1129/1129/1129 1137/1137/1137
f 1069/1069/1069 1134/1134/1134 1138/1138/1138
f 1134/1134/1134 1137/1137/1137 1138/1138/1138
f 1069/1069/1069 1138/1138/1138 1070/1070/1070
f 1133/1133/1133 1132/1132/1132 1139/1139/1139
f 1137/1137/1137 1133/1133/1133 1139/1139/1139
f 1132/1132/1132 1130/1130/1130 1140/1140/1140
f 1140/1140/1140 1130/1130/1130 1135/1135/1135
f 1139/1139/1139 1132/1132/1132 1140/1140/1140
f 1070/1070/1070 1138/1138/1138 1141/1141/1141
f 1070/1070/1070 1141/1141/1141 1071/1071/1071
f 1138/1138/1138 1137/1137/1137 1142/1142/1142
f 1137/1137/1137 1139/1139/1139 1142/1142/1142
f 1138/1138/1138 1142/1142/1142 1141/1141/1141
f 1139/1139/1139 1140/1140/1140 1143/1143/1143
f 1142/1142/1142 1139/1139/1139 1143/1143/1143
f 1071/1071/1071 1141/1141/1141 1144/1144/1144
f 1071/1071/1071 1144/1144/1144 1072/1072/1072
f 1141/1141/1141 1142/1142/1142 1145/1145/1145
f 1142/1142/1142 1143/1143/1143 1145/1145/1145
f 1141/1141/1141 1145/1145/1145 1144/1144/1144
f 1143/1143/1143 1140/1140/1140 1146/1146/1146
f 1140/1140/1140 1135/1135/1135 1146/1146/1146
f 1145/1145/1145 1143/1143/1143 1147/1147/1147
f 1143/1143/1143 1146/1146/1146 1147/1147/1147
f 1144/1144/1144 1145/1145/1145 1148/1148/1148
f 1145/1145/1145 1147/1147/1147 1148/1148/1148
f 1072/1072/1072 1144/1144/1144 1149/1149/1149
f 1144/1144/1144 1148/1148/1148 1149/1149/1149
f 1072/1072/1072 1149/1149/1149 1150/1150/1150
f 1068/1068/1068 1072/1072/1072 1150/1150/1150
f 1068/1068/1068 1150/1150/1150 1151/1151/1151
f 1066/1066/1066 1068/1068/1068 1151/1151/1151
f 1066/1066/1066 1151/1151/1151 1152/1152/1152
f 1062/1062/1062 1066/1066/1066 1152/1152/1152
f 1062/1062/1062 1152/1152/1152 1153/1153/1153
f 1063/1063/1063 1062/1062/1062 1153/1153/1153
f 1154/1154/1154 1147/1147/1147 1146/1146/1146
f 1155/1155/1155 1148/1148/1148 1147/1147/1147
f 1154/1154/1154 1155/1155/1155 1147/1147/1147
f 1156/1156/1156 1149/1149/1149 1148/1148/1148
f 1155/1155/1155 1156/1156/1156 1148/1148/1148
f 1157/1157/1157 1150/1150/1150 1149/1149/1149
f 1156/1156/1156 1157/1157/1157 1149/1149/1149
f 1158/1158/1158 1151/1151/1151 1150/1150/1150
f 1157/1157/1157 1158/1158/1158 1150/1150/1150
f 1159/1159/1159 1152/1152/1152 1151/1151/1151
f 1158/1158/1158 1159/1159/1159 1151/1151/1151
f 1160/1160/1160 1153/1153/1153 1152/1152/1152
f 1159/1159/1159 1160/1160/1160 1152/1152/1152
f 1161/1161/1161 1154/1154/1154 1146/1146/1146
f 1161/1161/1161 1146/1146/1146 1135/1135/1135
f 1135/1135/1135 1162/1162/1162 1161/1161/1161
f 1135/1135/1135 1136/1136/1136 1162/1162/1162
f 1136/1136/1136 1163/1163/1163 1162/1162/1162
f 1136/1136/1136 1164/1164/1164 1163/1163/1163
f 1162/1162/1162 1163/1163/1163 1165/1165/1165
f 1161/1161/1161 1162/1162/1162 1166/1166/1166
f 1162/1162/1162 1165/1165/1165 1166/1166/1166
f 1167/1167/1167 1154/1154/1154 1161/1161/1161
f 1161/1161/1161 1166/1166/1166 1167/1167/1167
f 1168/1168/1168 1166/1166/1166 1165/1165/1165
f 1168/1168/1168 1165/1165/1165 1169/1169/1169
f 1167/1167/1167 1170/1170/1170 1154/1154/1154
f 1170/1170/1170 1155/1155/1155 1154/1154/1154
f 1171/1171/1171 1167/1167/1167 1166/1166/1166
f 1171/1171/1171 1166/1166/1166 1168/1168/1168
f 1171/1171/1171 1170/1170/1170 1167/1167/1167
f 1172/1172/1172 1168/1168/1168 1169/1169/1169
f 1172/1172/1172 1169/1169/1169 1173/1173/1173
f 1170/1170/1170 1174/1174/1174 1155/1155/1155
f 1174/1174/1174 1156/1156/1156 1155/1155/1155
f 1175/1175/1175 1171/1171/1171 1168/1168/1168
f 1175/1175/1175 1168/1168/1168 1172/1172/1172
f 1171/1171/1171 1176/1176/1176 1170/1170/1170
f 1176/1176/1176 1174/1174/1174 1170/1170/1170
f 1175/1175/1175 1176/1176/1176 1171/1171/1171
f 1174/1174/1174 1177/1177/1177 1156/1156/1156
f 1177/1177/1177 1157/1157/1157 1156/1156/1156
f 1178/1178/1178 1175/1175/1175 1172/1172/1172
f 1178/1178/1178 1172/1172/1172 1179/1179/1179
f 1180/1180/1180 1175/1175/1175 1178/1178/1178
f 1180/1180/1180 1181/1181/1181 1175/1175/1175
f 1175/1175/1175 1181/1181/1181 1176/1176/1176
f 1182/1182/1182 1181/1181/1181 1180/1180/1180
f 1176/1176/1176 1183/1183/1183 1174/1174/1174
f 1181/1181/1181 1183/1183/1183 1176/1176/1176
f 1183/1183/1183 1177/1177/1177 1174/1174/1174
f 1182/1182/1182 1184/1184/1184 1181/1181/1181
f 1181/1181/1181 1184/1184/1184 1183/1183/1183
f 1185/1185/1185 1184/1184/1184 1182/1182/1182
f 1177/1177/1177 1186/1186/1186 1157/1157/1157
f 1186/1186/1186 1158/1158/1158 1157/1157/1157
f 1183/1183/1183 1187/1187/1187 1177/1177/1177
f 1184/1184/1184 1187/1187/1187 1183/1183/1183
f 1187/1187/1187 1186/1186/1186 1177/1177/1177
f 1185/1185/1185 1188/1188/1188 1184/1184/1184
f 1184/1184/1184 1188/1188/1188 1187/1187/1187
f 1189/1189/1189 1188/1188/1188 1185/1185/1185
f 1186/1186/1186 1190/1190/1190 1158/1158/1158
f 1190/1190/1190 1159/1159/1159 1158/1158/1158
f 1187/1187/1187 1191/1191/1191 1186/1186/1186
f 1188/1188/1188 1191/1191/1191 1187/1187/1187
f 1191/1191/1191 1190/1190/1190 1186/1186/1186
f 1189/1189/1189 1192/1192/1192 1188/1188/1188
f 1188/1188/1188 1192/1192/1192 1191/1191/1191
f 1193/1193/1193 1192/1192/1192 1189/1189/1189
f 1190/1190/1190 1194/1194/1194 1159/1159/1159
f 1194/1194/1194 1160/1160/1160 1159/1159/1159
f 1191/1191/1191 1195/1195/1195 1190/1190/1190
f 1192/1192/1192 1195/1195/1195 1191/1191/1191
f 1195/1195/1195 1194/1194/1194 1190/1190/1190
f 1193/1193/1193 1196/1196/1196 1192/1192/1192
f 1192/1192/1192 1196/1196/1196 1195/1195/1195
f 1195/1195/1195 1197/1197/1197 1194/1194/1194
f 1196/1196/1196 1197/1197/1197 1195/1195/1195
f 1193/1193/1193 1198/1198/1198 1196/1196/1196
f 1196/1196/1196 1198/1198/1198 1197/1197/1197
f 1193/1193/1193 1199/1199/1199 1198/1198/1198
f 1194/1194/1194 1200/1200/1200 1160/1160/1160
f 1197/1197/1197 1200/1200/1200 1194/1194/1194
f 1198/1198/1198 1201/1201/1201 1197/1197/1197
f 1197/1197/1197 1201/1201/1201 1200/1200/1200
f 1199/1199/1199 1202/1202/1202 1198/1198/1198
f 1198/1198/1198 1202/1202/1202 1201/1201/1201
f 1199/1199/1199 1203/1203/1203 1202/1202/1202
f 1200/1200/1200 1204/1204/1204 1160/1160/1160
f 1160/1160/1160 1204/1204/1204 1153/1153/1153
f 1201/1201/1201 1205/1205/1205 1200/1200/1200
f 1200/1200/1200 1205/1205/1205 1204/1204/1204
f 1203/1203/1203 1206/1206/1206 1202/1202/1202
f 1203/1203/1203 1207/1207/1207 1206/1206/1206
f 1208/1208/1208 1206/1206/1206 1207/1207/1207
f 1208/1208/1208 1209/1209/1209 1206/1206/1206
f 1202/1202/1202 1210/1210/1210 1201/1201/1201
f 1201/1201/1201 1210/1210/1210 1205/1205/1205
f 1202/1202/1202 1206/1206/1206 1210/1210/1210
f 1153/1153/1153 1204/1204/1204 1211/1211/1211
f 1153/1153/1153 1211/1211/1211 1063/1063/1063
f 1204/1204/1204 1205/1205/1205 1212/1212/1212
f 1210/1210/1210 1212/1212/1212 1205/1205/1205
f 1204/1204/1204 1212/1212/1212 1211/1211/1211
f 1206/1206/1206 1213/1213/1213 1210/1210/1210
f 1206/1206/1206 1209/1209/1209 1213/1213/1213
f 1210/1210/1210 1213/1213/1213 1212/1212/1212
f 1063/1063/1063 1211/1211/1211 1214/1214/1214
f 1063/1063/1063 1214/1214/1214 1215/1215/1215
f 1211/1211/1211 1216/1216/1216 1214/1214/1214
f 1211/1211/1211 1212/1212/1212 1216/1216/1216
f 1213/1213/1213 1216/1216/1216 1212/1212/1212
f 1213/1213/1213 1217/1217/1217 1216/1216/1216
f 1209/1209/1209 1217/1217/1217 1213/1213/1213
f 1209/1209/1209 1218/1218/1218 1217/1217/1217
