# Wyeksportowano z NFSEngine Exporter
o Mesh_Cube_55480.obj
v 0.003107545 -0.008561635 0.008065656
v 0.003107545 -0.00875 0.008065656
v 0.003107545 -0.0065625 0.008065656
v 0.004958179 -0.0065625 0.005067747
v 0.004958179 -0.00875 0.005067747
v 0.004958179 -0.008561635 0.005067747
v 0.003107545 0.0065625 0.008065656
v 0.003107545 0.00875 0.008065656
v 0.003107545 0.008561635 0.008065656
v 0.004958179 0.008561635 0.005067747
v 0.004958179 0.00875 0.005067747
v 0.004958179 0.0065625 0.005067747
v 0.0005239084 0.01768836 0.007133403
v 0.0005657425 0.01768836 0.007102797
v 0.0005862085 0.01757961 0.007114616
v 0.0006021176 0.0175549 0.007140482
v 0.0006374246 0.0175 0.007157398
v 0.0006021176 0.0175549 0.007140482
v 0.0005862085 0.01757961 0.007114616
v 0.0006020528 0.0175555 0.007084427
v 0.0007306836 0.01755543 0.006042558
v 0.0007821268 0.0175 0.005984946
v 0.0007222155 0.01757961 0.006018423
v 0.0007466223 0.01755504 0.005995576
v 0.004946182 0.01731163 -0.01
v 0.004977254 0.01742039 -0.009954507
v 0.004946182 0.01744483 -0.009968475
v 0.004984237 0.01731164 -0.009968475
v 0.004946182 0.00875 -0.01
v 0.004984237 0.00875 -0.009968475
v 0.004946182 0.0065625 -0.01
v 0.004984237 0.0065625 -0.009968475
v 0.004946182 0.004375 -0.01
v 0.004984237 0.004375 -0.009968475
v 0.004946182 0 -0.01
v 0.004984237 0 -0.009968475
v 0.004946182 -0.004375 -0.01
v 0.004984237 -0.004375 -0.009968475
v 0.004946182 -0.0065625 -0.01
v 0.004984237 -0.0065625 -0.009968475
v 0.004946182 -0.00875 -0.01
v 0.004984237 -0.00875 -0.009968475
v 0.004946182 -0.01731163 -0.01
v 0.004984237 -0.01731164 -0.009968475
v 0.004977254 -0.01742039 -0.009954507
v 0.004946182 -0.01744483 -0.009968475
v 0.004946182 0.0175 -0.009892363
v 0.004946182 0.01744483 -0.009968475
v 0.004977254 0.01742039 -0.009954507
v 0.004984237 0.01744483 -0.009892363
v 0.004984237 0.01744483 -0.007553818
v 0.004946182 0.0175 -0.0075
v 0.0050094 0.01743347 -0.007489734
v 0.00499973 0.01748983 -0.007429285
v 0.005052897 0.01746529 -0.007358572
v 0.005057178 0.01740641 -0.007435129
v 0.005447648 0.01714954 -0.007214654
v 0.005447103 0.01720659 -0.007136831
v 0.005477873 0.01710614 -0.007184851
v 0.005484282 0.01712765 -0.007117936
v 0.005484507 0.01712687 -0.004848592
v 0.005447103 0.01720659 -0.00486028
v 0.005484507 0.01712687 -9.084513E-05
v 0.005447103 0.01720659 -8.383194E-05
v 0.005484092 0.01712775 0.004556561
v 0.005447103 0.01720659 0.004579003
v 0.005478066 0.01710604 0.004624574
v 0.005448104 0.01714929 0.004657414
v 0.005447103 0.01720659 -0.00486028
v 0.005057243 0.0174064 0.004927369
v 0.005052897 0.01746529 -0.00498347
v 0.00499973 0.01748983 -0.007429285
v 0.005447103 0.01720659 -8.383194E-05
v 0.005052897 0.01746529 0.004850019
v 0.005002755 0.01743354 0.004973052
v 0.005052897 0.01746529 -9.918117E-06
v 0.00499973 0.01748983 -0.004995158
v 0.004946182 0.0175 -0.0075
v 0.00499973 0.01748983 0.004893089
v 0.004946182 0.0175 0.004936158
v 0.00495939 0.01744457 0.005021693
v 0.003058386 0.01744468 0.00810099
v 0.002990781 0.0175 0.008103281
v 0.00499973 0.01748983 -2.904804E-06
v 0.00499973 0.01748983 0.004893089
v 0.004946182 0.0175 -0.005
v 0.004946182 0.0175 0
v 0.004946182 0.0175 0.004936158
v -0.004946182 0.0175 -0.0075
v -0.004946182 0.0175 -0.009892363
v 0.004946182 0.0175 -0.009892363
v -0.004946182 0.0175 -0.005
v -0.004946182 0.0175 0
v -0.004946182 0.0175 0.004936158
v -0.0007821268 0.0175 0.005984946
v -0.0006374246 0.0175 0.007157398
v 0.0007821268 0.0175 0.005984946
v -0.002990781 0.0175 0.008103281
v 0.002990781 0.0175 0.008103281
v 0.0006374246 0.0175 0.007157398
v 0.0005239084 -0.01768836 0.007133403
v 0.0006021175 -0.0175549 0.007140483
v 0.0005862086 -0.01757961 0.007114617
v 0.0005657425 -0.01768836 0.007102797
v 0.0006374246 -0.0175 0.007157398
v 0.0005862086 -0.01757961 0.007114617
v 0.0006021175 -0.0175549 0.007140483
v 0.0006020528 -0.0175555 0.007084427
v 0.0007821268 -0.0175 0.005984946
v 0.0007306836 -0.01755543 0.006042559
v 0.0007222155 -0.01757961 0.006018423
v 0.0007466224 -0.01755504 0.005995576
v 0.004946182 -0.0175 -0.009892363
v 0.004977254 -0.01742039 -0.009954507
v 0.004946182 -0.01744483 -0.009968475
v 0.004984237 -0.01744483 -0.009892363
v 0.004946182 -0.0175 -0.0075
v 0.004984237 -0.01744483 -0.007553818
v 0.0050094 -0.01743347 -0.007489733
v 0.00499973 -0.01748983 -0.007429285
v 0.005052897 -0.01746529 -0.007358572
v 0.005057178 -0.01740642 -0.007435129
v 0.005447103 -0.01720659 -0.007136831
v 0.005447648 -0.01714954 -0.007214654
v 0.005477873 -0.01710614 -0.007184851
v 0.005484282 -0.01712765 -0.007117936
v 0.005447103 -0.01720659 -0.00486028
v 0.005484507 -0.01712687 -0.004848592
v 0.005447103 -0.01720659 -8.383194E-05
v 0.005484507 -0.01712687 -9.084513E-05
v 0.005447103 -0.01720659 0.004579003
v 0.005484092 -0.01712775 0.004556561
v 0.005478066 -0.01710604 0.004624574
v 0.005448104 -0.01714929 0.004657414
v 0.005052897 -0.01746529 0.004850019
v 0.005057243 -0.0174064 0.004927369
v 0.005447103 -0.01720659 -8.383194E-05
v 0.005002755 -0.01743354 0.004973052
v 0.00499973 -0.01748983 0.004893089
v 0.004946182 -0.0175 0.004936158
v 0.00495939 -0.01744457 0.005021692
v 0.002990781 -0.0175 0.008103281
v 0.003058386 -0.01744468 0.00810099
v 0.005052897 -0.01746529 -9.918117E-06
v 0.00499973 -0.01748983 0.004893089
v 0.005447103 -0.01720659 -0.00486028
v 0.00499973 -0.01748983 -2.904804E-06
v 0.004946182 -0.0175 0.004936158
v 0.005052897 -0.01746529 -0.00498347
v 0.00499973 -0.01748983 -0.004995158
v 0.00499973 -0.01748983 -0.007429285
v 0.004946182 -0.0175 0
v 0.004946182 -0.0175 -0.005
v 0.004946182 -0.0175 -0.0075
v -0.004946182 -0.0175 0
v -0.004946182 -0.0175 -0.005
v -0.004946182 -0.0175 -0.0075
v 0.004946182 -0.0175 -0.009892363
v -0.004946182 -0.0175 -0.009892363
v -0.004946182 -0.0175 0.004936158
v 0.0007821268 -0.0175 0.005984946
v 0.0006374246 -0.0175 0.007157398
v -0.0007821268 -0.0175 0.005984946
v 0.002990781 -0.0175 0.008103281
v -0.002990781 -0.0175 0.008103281
v -0.0006374246 -0.0175 0.007157398
v -0.0005239084 0.01768836 0.007133403
v -0.0006021175 0.0175549 0.007140483
v -0.0005862086 0.01757961 0.007114617
v -0.0005657425 0.01768836 0.007102797
v -0.0006374246 0.0175 0.007157398
v -0.0005862086 0.01757961 0.007114617
v -0.0006021175 0.0175549 0.007140483
v -0.0006020528 0.0175555 0.007084427
v -0.0007821268 0.0175 0.005984946
v -0.0007306836 0.01755543 0.006042559
v -0.0007222155 0.01757961 0.006018423
v -0.0007466224 0.01755504 0.005995576
v -0.004946182 0.01731163 -0.01
v -0.004946182 0.01744483 -0.009968475
v -0.004977254 0.01742039 -0.009954507
v -0.004984237 0.01731164 -0.009968475
v -0.004984237 0.00875 -0.009968475
v -0.004946182 0.00875 -0.01
v -0.004984237 0.0065625 -0.009968475
v -0.004946182 0.0065625 -0.01
v -0.004984237 0.004375 -0.009968475
v -0.004946182 0.004375 -0.01
v -0.004984237 0 -0.009968475
v -0.004946182 0 -0.01
v -0.004984237 -0.004375 -0.009968475
v -0.004946182 -0.004375 -0.01
v -0.004984237 -0.0065625 -0.009968475
v -0.004946182 -0.0065625 -0.01
v -0.004984237 -0.00875 -0.009968475
v -0.004946182 -0.00875 -0.01
v -0.004984237 -0.01731164 -0.009968475
v -0.004946182 -0.01731163 -0.01
v -0.004977254 -0.01742039 -0.009954507
v -0.004946182 -0.01744483 -0.009968475
v -0.004946182 0.0175 -0.009892363
v -0.004977254 0.01742039 -0.009954507
v -0.004946182 0.01744483 -0.009968475
v -0.004984237 0.01744483 -0.009892363
v -0.004946182 0.0175 -0.0075
v -0.004984237 0.01744483 -0.0075
v -0.004946182 0.0175 -0.005
v -0.004984237 0.01744483 -0.005
v -0.004946182 0.0175 0
v -0.004984237 0.01744483 0
v -0.004946182 0.0175 0.004936158
v -0.004981752 0.01744483 0.00490023
v -0.004979789 0.01742039 0.004978079
v -0.00495218 0.01744483 0.005024245
v -0.002990781 0.0175 0.008103281
v -0.003058386 0.01744468 0.00810099
v -0.0005239084 -0.01768836 0.007133403
v -0.0005657425 -0.01768836 0.007102797
v -0.0005862086 -0.01757961 0.007114616
v -0.0006021176 -0.0175549 0.007140482
v -0.0006374246 -0.0175 0.007157398
v -0.0006021176 -0.0175549 0.007140482
v -0.0005862086 -0.01757961 0.007114616
v -0.0006020528 -0.0175555 0.007084427
v -0.0007306836 -0.01755543 0.006042558
v -0.0007821268 -0.0175 0.005984946
v -0.0007222155 -0.01757961 0.006018423
v -0.0007466223 -0.01755504 0.005995576
v -0.004946182 -0.0175 -0.009892363
v -0.004946182 -0.01744483 -0.009968475
v -0.004977254 -0.01742039 -0.009954507
v -0.004984237 -0.01744483 -0.009892363
v -0.004984237 -0.01744483 -0.0075
v -0.004946182 -0.0175 -0.0075
v -0.004984237 -0.01744483 -0.005
v -0.004946182 -0.0175 -0.005
v -0.004984237 -0.01744483 0
v -0.004946182 -0.0175 0
v -0.004984237 -0.01744483 0.00491426
v -0.004946182 -0.0175 0.004936158
v -0.004981286 -0.01742039 0.004979406
v -0.00495939 -0.01744457 0.005021693
v -0.003058386 -0.01744468 0.00810099
v -0.002990781 -0.0175 0.008103281
v -0.0006638403 -0.01768836 0.006
v -0.0007466223 -0.01755504 0.005995576
v -0.0007222155 -0.01757961 0.006018423
v -0.0006981168 -0.01768836 0.006030608
v 0.0006638403 0.01768836 0.006
v 0.0007466223 0.01755504 0.005995576
v 0.0007222155 0.01757961 0.006018423
v 0.0006981168 0.01768836 0.006030608
v 0.0006638403 -0.01768836 0.006
v 0.0006981168 -0.01768836 0.006030608
v 0.0007222155 -0.01757961 0.006018423
v 0.0007466224 -0.01755504 0.005995576
v -0.0006638403 0.01768836 0.006
v -0.0006981168 0.01768836 0.006030608
v -0.0007222155 0.01757961 0.006018423
v -0.0007466224 0.01755504 0.005995576
v 0.005053713 0.006335617 -0.005006714
v 0.005027201 0.006521471 -0.004992949
v 0.005056023 0.006469606 -0.005038589
v 0.005031025 0.006336199 -0.004994321
v 0.005053713 0.0043515 -0.005006714
v 0.005031025 0.004361426 -0.004994321
v 0.005053713 0 -0.005006714
v 0.005031025 0 -0.004994321
v 0.005053713 -0.0043515 -0.005006714
v 0.005031025 -0.004361426 -0.004994321
v 0.005053713 -0.006335617 -0.005006714
v 0.005031025 -0.006336198 -0.004994321
v 0.0050272 -0.006521472 -0.004992949
v 0.005056023 -0.006469606 -0.005038589
v 0.005446287 -0.00607799 -0.005055786
v 0.005056023 -0.006469606 -0.005038589
v 0.005446695 -0.006212551 -0.005087465
v 0.005477471 -0.006168856 -0.00510522
v 0.005484099 -0.006054811 -0.005091997
v 0.005446287 -0.00417975 -0.005055786
v 0.005446287 -0.00417975 -0.005055786
v 0.005446287 0 -0.005055786
v 0.005484268 -0.004163133 -0.00509206
v 0.005446287 0 -0.005055786
v 0.005446287 0.00417975 -0.005055786
v 0.005484268 0 -0.00509206
v 0.005446287 0.00417975 -0.005055786
v 0.005484268 0.004163133 -0.00509206
v 0.005446287 0.00607799 -0.005055786
v 0.005484099 0.006054811 -0.005091997
v 0.005477471 0.006168856 -0.005105219
v 0.005446695 0.006212551 -0.005087464
v 0.005056023 0.006469606 -0.005038589
v 0.005052897 0.006527786 -0.005114452
v 0.005056023 0.006469606 -0.005038589
v 0.005027201 0.006521471 -0.004992949
v 0.005031134 0.006559175 -0.005103342
v 0.005031134 0.006559176 -0.00737188
v 0.005052897 0.006527787 -0.007385548
v 0.005447103 0.006269088 -0.005163728
v 0.005447103 0.006269089 -0.007336272
v 0.005023401 0.00655951 -0.007477504
v 0.005056023 0.006469606 -0.00746141
v 0.005052897 -0.006527787 -0.005114452
v 0.0050272 -0.006521472 -0.004992949
v 0.005056023 -0.006469606 -0.005038589
v 0.005031134 -0.006559176 -0.005103342
v 0.005052897 -0.006527786 -0.007385548
v 0.005031134 -0.006559175 -0.00737188
v 0.005023403 -0.00655951 -0.007477505
v 0.005056023 -0.006469606 -0.00746141
v 0.005447103 -0.006269088 -0.007336272
v 0.005447103 -0.006269089 -0.005163728
v 0.005053403 0.006585863 -0.007358211
v 0.00505686 0.006642945 -0.007435286
v 0.005023401 0.00655951 -0.007477504
v 0.005031134 0.006559176 -0.00737188
v 0.005031134 0.006559175 -0.005103342
v 0.005053403 0.006585863 -0.005092234
v 0.005446597 0.006757886 -0.007137039
v 0.005446597 0.006757886 -0.004969361
v 0.005446597 0.006757886 -0.004860438
v 0.005027201 0.006521471 -0.004992949
v 0.005053403 0.006585863 -0.004983311
v 0.005053403 0.006585863 -0.004983311
v 0.005446597 0.006757886 -0.004751515
v 0.005053403 0.006585863 -0.004874389
v 0.005031134 0.006559176 -0.004868551
v 0.005031134 0.006559176 -5.905837E-05
v 0.005053403 0.006585863 -0.0001181145
v 0.005446597 0.006757886 -0.0001918386
v 0.005446597 0.006757886 -8.373704E-05
v 0.005032393 0.006566344 -5.093523E-06
v 0.005053403 0.006585863 -1.001303E-05
v 0.005446597 0.006757886 2.436448E-05
v 0.005053403 0.006585863 9.808847E-05
v 0.005031134 0.006559176 4.904484E-05
v 0.005031134 0.006559175 0.004856136
v 0.005053403 0.006585863 0.004849559
v 0.005446597 0.006757886 0.004579238
v 0.005019512 0.006559522 0.004967077
v 0.005056957 0.006642973 0.004927533
v 0.005447851 0.006814261 0.004657532
v 0.005446597 0.006757886 0.004579238
v 0.005477959 0.006851496 0.004624623
v 0.005483839 0.006829079 0.004556679
v 0.005484359 0.006829577 -3.469299E-05
v 0.005446597 0.006757886 2.436448E-05
v 0.005477051 0.006804839 -8.865663E-05
v 0.005446597 0.006757886 -8.373704E-05
v 0.005446597 0.006757886 -0.0001918386
v 0.005484359 0.006829577 -0.0001427941
v 0.005484359 0.006829577 -0.004797633
v 0.005446597 0.006757886 -0.004751515
v 0.005477051 0.006804839 -0.004852239
v 0.005446597 0.006757886 -0.004860438
v 0.005446597 0.006757886 -0.004969361
v 0.005484359 0.006829577 -0.004906555
v 0.005484029 0.006829151 -0.00711804
v 0.005446597 0.006757886 -0.007137039
v 0.005477766 0.006851422 -0.007184894
v 0.005447395 0.006814085 -0.007214758
v 0.00505686 0.006642945 -0.007435286
v 0.005053403 0.006585863 -0.007358211
v 0.005053713 0.006335617 -0.007493285
v 0.005056023 0.006469606 -0.00746141
v 0.005023401 0.00655951 -0.007477504
v 0.005015732 0.006449059 -0.00752956
v 0.005015732 0.004368117 -0.00752956
v 0.005053713 0.0043515 -0.007493285
v 0.005015732 0 -0.00752956
v 0.005053713 0 -0.007493285
v 0.005015732 -0.004368117 -0.00752956
v 0.005053713 -0.0043515 -0.007493285
v 0.005015732 -0.006449059 -0.00752956
v 0.005053713 -0.006335617 -0.007493285
v 0.005023403 -0.00655951 -0.007477505
v 0.005056023 -0.006469606 -0.00746141
v 0.005053403 -0.006585863 -0.007358211
v 0.005023403 -0.00655951 -0.007477505
v 0.00505686 -0.006642945 -0.007435285
v 0.005031134 -0.006559175 -0.00737188
v 0.005053403 -0.006585864 -0.005092234
v 0.005031134 -0.006559176 -0.005103342
v 0.0050272 -0.006521472 -0.004992949
v 0.005053403 -0.006585864 -0.004983311
v 0.005053403 -0.006585863 -0.004874389
v 0.005031134 -0.006559175 -0.004868551
v 0.005446597 -0.006757886 -0.004969361
v 0.005446597 -0.006757886 -0.007137039
v 0.005053403 -0.006585864 -0.004983311
v 0.005446597 -0.006757886 -0.004860438
v 0.005446597 -0.006757886 -0.004751515
v 0.005446597 -0.006757886 -0.0001918386
v 0.005053403 -0.006585864 -0.0001181145
v 0.005031134 -0.006559176 -5.905913E-05
v 0.005032393 -0.006566344 -5.093576E-06
v 0.005053403 -0.006585864 -1.001302E-05
v 0.005446597 -0.006757886 -8.373704E-05
v 0.005053403 -0.006585863 9.808849E-05
v 0.005446597 -0.006757886 2.436448E-05
v 0.005446597 -0.006757886 0.004579238
v 0.005031134 -0.006559176 4.904511E-05
v 0.005053403 -0.006585863 0.004849559
v 0.005031134 -0.006559176 0.004856136
v 0.005019511 -0.006559522 0.004967077
v 0.005056957 -0.006642973 0.004927533
v 0.005446597 -0.006757886 0.004579238
v 0.005447851 -0.006814261 0.004657531
v 0.005477959 -0.006851496 0.004624623
v 0.005483839 -0.006829079 0.004556678
v 0.005446597 -0.006757886 2.436448E-05
v 0.005484359 -0.006829577 -3.469357E-05
v 0.005477051 -0.006804839 -8.865675E-05
v 0.005446597 -0.006757886 -8.373704E-05
v 0.005446597 -0.006757886 -0.0001918386
v 0.005484359 -0.006829577 -0.0001427941
v 0.005446597 -0.006757886 -0.004751515
v 0.005484359 -0.006829577 -0.004797633
v 0.005477051 -0.006804839 -0.00485224
v 0.005446597 -0.006757886 -0.004860438
v 0.005446597 -0.006757886 -0.004969361
v 0.005484359 -0.006829577 -0.004906555
v 0.005446597 -0.006757886 -0.007137039
v 0.005484029 -0.006829151 -0.00711804
v 0.005477766 -0.006851422 -0.007184894
v 0.005447395 -0.006814085 -0.007214758
v 0.005053403 -0.006585863 -0.007358211
v 0.00505686 -0.006642945 -0.007435285
v 0.003006352 -0.008373271 0.007796978
v 0.002967271 -0.0083181 0.007848554
v 0.002937518 -0.008293658 0.007823557
v 0.002960481 -0.0083181 0.007778203
v 0.0046353 -0.0083181 0.005065101
v 0.004672642 -0.008373271 0.005097694
v 0.004665553 -0.008293658 0.005024248
v 0.004701235 -0.0083181 0.005039643
v 0.002935909 -0.008184907 0.007772577
v 0.002960481 -0.0083181 0.007778203
v 0.002937518 -0.008293658 0.007823557
v 0.002917461 -0.008184907 0.007831301
v 0.002921399 -0.006750864 0.007829779
v 0.002935909 -0.006750864 0.007772577
v 0.002921399 -0.0065625 0.007829779
v 0.002935909 -0.0065625 0.007772577
v 0.002935909 -0.006374136 0.007772577
v 0.002921399 -0.006374136 0.00782978
v 0.002921399 -0.004563364 0.007829779
v 0.002935909 -0.004563364 0.007772577
v 0.002921399 -0.004375 0.007829779
v 0.002935909 -0.004375 0.007772577
v 0.002935909 -0.004186635 0.007772577
v 0.002921399 -0.004186636 0.00782978
v 0.002921399 -0.0001883643 0.007829779
v 0.002935909 -0.0001883643 0.007772577
v 0.002921399 -1.426631E-11 0.007829779
v 0.002935909 0 0.007772577
v 0.002935909 0.0001883643 0.007772577
v 0.002921399 0.0001883642 0.00782978
v 0.002921399 0.004186635 0.007829779
v 0.002935909 0.004186635 0.007772577
v 0.002921399 0.004375 0.00782978
v 0.002935909 0.004375 0.007772577
v 0.002935909 0.004563364 0.007772577
v 0.002921399 0.004563364 0.00782978
v 0.002921399 0.006374136 0.007829779
v 0.002935909 0.006374136 0.007772577
v 0.002921399 0.0065625 0.00782978
v 0.002935909 0.0065625 0.007772577
v 0.002935909 0.006750864 0.007772577
v 0.002921399 0.006750864 0.00782978
v 0.002917461 0.008184907 0.007831301
v 0.002935909 0.008184907 0.007772577
v 0.002937518 0.008293658 0.007823557
v 0.002960481 0.0083181 0.007778203
v 0.004619259 -0.008184907 0.005045657
v 0.004665553 -0.008293658 0.005024248
v 0.0046353 -0.0083181 0.005065101
v 0.004663487 -0.008184907 0.005002847
v 0.004619259 -0.006750864 0.005045657
v 0.004663893 -0.006750864 0.00500705
v 0.004663892 -0.0065625 0.00500705
v 0.004619259 -0.0065625 0.005045657
v 0.004619259 -0.006374136 0.005045657
v 0.004663893 -0.006374136 0.00500705
v 0.004619259 -0.004563364 0.005045657
v 0.004663893 -0.004563364 0.00500705
v 0.004663892 -0.004375 0.00500705
v 0.004619259 -0.004375 0.005045657
v 0.004619259 -0.004186635 0.005045657
v 0.004663893 -0.004186635 0.00500705
v 0.004619259 -0.0001883643 0.005045657
v 0.004663893 -0.0001883643 0.00500705
v 0.004663892 -5.079648E-13 0.00500705
v 0.004619259 0 0.005045657
v 0.004619259 0.0001883643 0.005045657
v 0.004663893 0.0001883643 0.00500705
v 0.004619259 0.004186635 0.005045657
v 0.004663893 0.004186635 0.00500705
v 0.004663892 0.004375 0.00500705
v 0.004619259 0.004375 0.005045657
v 0.004619259 0.004563364 0.005045657
v 0.004663893 0.004563364 0.00500705
v 0.004619259 0.006374136 0.005045657
v 0.004663893 0.006374136 0.00500705
v 0.004663892 0.0065625 0.00500705
v 0.004619259 0.0065625 0.005045657
v 0.004619259 0.006750864 0.005045657
v 0.004663893 0.006750864 0.00500705
v 0.004619259 0.008184907 0.005045657
v 0.004663487 0.008184907 0.005002847
v 0.004665553 0.008293658 0.005024248
v 0.0046353 0.0083181 0.005065101
v 0.003006352 0.008373271 0.007796978
v 0.002937518 0.008293658 0.007823557
v 0.002967271 0.0083181 0.007848554
v 0.002960481 0.0083181 0.007778203
v 0.004672642 0.008373271 0.005097694
v 0.0046353 0.0083181 0.005065101
v 0.004665553 0.008293658 0.005024248
v 0.004701235 0.0083181 0.005039643
v -0.0005239084 -0.01824254 0.007240956
v -0.0005903819 -0.01834624 0.007018006
v -0.0005239085 -0.01819265 0.007164904
v -0.0005619638 -0.01829781 0.007240115
v -0.0005239084 -0.01773017 0.0146288
v -0.0005619638 -0.01778249 0.01467049
v -0.0005661177 -0.01780427 0.01485244
v -0.0005239084 -0.01766972 0.01470485
v -0.0005239084 -0.01806164 0.007133403
v -0.0005239085 -0.01819265 0.007164904
v -0.0005903819 -0.01834624 0.007018006
v -0.0005657425 -0.01806164 0.007102797
v -0.0005657425 -0.01768836 0.007102797
v -0.0005239084 -0.01768836 0.007133403
v 0.0005239084 -0.01806164 0.007133403
v 0.0005903406 -0.01834624 0.007017984
v 0.0005239084 -0.01819265 0.007164904
v 0.0005657425 -0.01806164 0.007102797
v 0.0005239084 -0.01768836 0.007133403
v 0.0005657425 -0.01768836 0.007102797
v 0.0005239084 -0.01824254 0.007240956
v 0.0005239084 -0.01819265 0.007164904
v 0.0005903406 -0.01834624 0.007017984
v 0.0005619638 -0.01829781 0.007240115
v 0.0005619638 -0.01777798 0.01473551
v 0.0005239084 -0.01773017 0.0146288
v 0.0005549811 -0.01772243 0.01473618
v 0.0005239084 -0.01766972 0.01470485
v 0.0005239084 0.01824254 0.007240956
v 0.0005903819 0.01834624 0.007018007
v 0.0005239085 0.01819265 0.007164904
v 0.0005619638 0.01829781 0.007240115
v 0.0005239084 0.01773017 0.0146288
v 0.0005619638 0.01778333 0.01465836
v 0.0005703644 0.01783529 0.01493892
v 0.0005239084 0.01766972 0.01470485
v 0.0005239084 0.01806164 0.007133403
v 0.0005239085 0.01819265 0.007164904
v 0.0005903819 0.01834624 0.007018007
v 0.0005657425 0.01806164 0.007102797
v 0.0005657425 0.01768836 0.007102797
v 0.0005239084 0.01768836 0.007133403
v -0.0005239084 0.01806164 0.007133403
v -0.0005903405 0.01834624 0.007017985
v -0.0005239084 0.01819265 0.007164904
v -0.0005657425 0.01806164 0.007102797
v -0.0005239084 0.01768836 0.007133403
v -0.0005657425 0.01768836 0.007102797
v -0.0005239084 0.01824254 0.007240956
v -0.0005239084 0.01819265 0.007164904
v -0.0005903405 0.01834624 0.007017985
v -0.0005619638 0.01829781 0.007240115
v -0.0005619638 0.01778333 0.01465836
v -0.0005239084 0.01773017 0.0146288
v -0.0005686651 0.01777426 0.01486594
v -0.0005239084 0.01766972 0.01470485
v -0.0005239084 -0.01753435 0.01473635
v -0.0005661177 -0.01780427 0.01485244
v -0.0005239084 -0.01766972 0.01470485
v -0.0005618835 -0.01763882 0.01477159
v -0.0005777268 -0.01775423 0.01485707
v -0.0005618589 0.01754828 0.0147714
v -0.0005777268 0.01756365 0.01485657
v -0.0005686651 0.01777426 0.01486594
v -0.0005239084 0.01753435 0.01473635
v -0.0005239084 0.01766972 0.01470485
v -0.0005777268 -0.01799045 0.01515345
v -0.0005777268 0.01778818 0.01524863
v -0.0005777268 0.01803047 0.01664471
v -0.0005777268 0.01820977 0.01662514
v -0.0005777268 0.01839392 0.01657786
v -0.0005777268 0.01829403 0.01619526
v -0.0005620654 0.0182352 0.01670514
v -0.0005619316 0.01804629 0.01672352
v -0.0005619638 0.01842251 0.01665739
v -0.0005619358 -0.01814001 0.01672348
v -0.0005777268 0.01847939 0.01654737
v -0.0005619638 0.01853108 0.01661865
v -0.0005620654 0.01866339 0.01654232
v -0.0005777268 -0.01822088 0.01664457
v -0.0005549811 -0.01824027 0.01672433
v -0.0005619866 -0.01833431 0.01669024
v -0.0005619817 -0.01859939 0.01659563
v -0.0005777268 -0.01861481 0.01650383
v -0.0005620654 -0.01868649 0.01653752
v -0.0005777268 0.01857262 0.0164718
v -0.0005777268 -0.01862985 0.01646293
v -0.0005777268 0.01799808 0.01520547
v -0.0005777268 0.01809451 0.01506896
v -0.0005777268 0.01874654 0.01630752
v -0.0005618853 0.01880598 0.0164212
v -0.0005777268 0.01890604 0.01614958
v -0.0005618954 0.01894869 0.01628057
v -0.0005549811 0.0189983 0.01625307
v -0.0005619663 0.01903166 0.01617403
v -0.0005777268 0.01909678 0.01585635
v -0.0005619595 0.01916623 0.01596876
v -0.0005549811 0.01919898 0.01593738
v -0.0005621122 0.01920184 0.01585861
v -0.0005777268 0.01913822 0.01559856
v -0.0005621002 0.01924101 0.01562107
v -0.0005620654 0.0192455 0.01552224
v -0.0005777268 0.01912767 0.01562243
v -0.0005777268 0.01788685 0.01481573
v -0.0005777268 0.01911164 0.01529717
v -0.0005619638 0.01924483 0.01536312
v -0.0005777268 0.01791446 0.0146897
v -0.0005619638 0.01778333 0.01465836
v -0.0005619638 0.01829781 0.007240115
v -0.0005777268 0.01911164 0.00724104
v -0.0005619638 0.01924483 0.00724104
v -0.0005672588 0.01924258 0.007135096
v -0.0005777268 0.01843105 0.00724104
v -0.0005903405 0.01834624 0.007017985
v -0.0005829206 0.01910749 0.007135164
v -0.0005829206 0.01862925 0.007135164
v -0.0005954594 0.01910335 0.007031777
v -0.0005781595 0.01923695 0.007035253
v -0.0005954594 0.01882746 0.007031777
v -0.0006074492 0.01872315 0.006964152
v -0.0006399192 0.01882633 0.006781014
v -0.0006138433 0.01909494 0.006926418
v -0.0006035726 0.01922532 0.00688961
v -0.000626959 0.01920458 0.006757412
v -0.0006389082 0.01907592 0.006784709
v -0.0006552886 0.01904995 0.006692931
v -0.0006438533 0.01917213 0.006662306
v -0.0006706582 0.01900362 0.006608165
v -0.0006678918 0.01909968 0.006529729
v -0.000688215 0.01900795 0.0063945
v -0.0006888089 0.01891639 0.006483049
v -0.0006633768 0.0187697 0.006626057
v -0.0007010868 0.01883159 0.006354572
v -0.0006970419 0.01891043 0.006296058
v -0.0006809616 0.01871551 0.006467739
v -0.0007010868 0.01877705 0.006318827
v -0.0006970419 0.01881735 0.006235044
v -0.0006973827 0.0186553 0.006148112
v -0.0007009336 0.01861889 0.00623867
v -0.0006873693 0.01857741 0.006339037
v -0.0007038231 0.01845892 0.006159913
v -0.0006978433 0.01849502 0.006088939
v -0.0006968191 0.0184375 0.006211739
v -0.0007038232 0.0184375 0.006155008
v -0.0006978433 0.0184452 0.00607753
v -0.0006979777 0.01824966 0.006045035
v -0.0007032553 0.01824975 0.006129242
v -0.0006200743 0.01818783 0.006788809
v -0.0007047572 0.01806164 0.006104498
v -0.0006981168 0.01806164 0.006030608
v -0.0005906284 0.01806164 0.007028905
v -0.0005657425 0.01806164 0.007102797
v -0.0005657425 0.01768836 0.007102797
v -0.0007047572 0.01768836 0.006104498
v -0.0006981168 0.01768836 0.006030608
v -0.0007222155 0.01757961 0.006018423
v -0.0007306836 0.01755543 0.006042559
v -0.0005906284 0.01768836 0.007028905
v -0.0005862086 0.01757961 0.007114617
v -0.0006020528 0.0175555 0.007084427
v 0.0005239084 -0.01753435 0.01473635
v 0.0005239084 -0.01766972 0.01470485
v 0.0005549811 -0.01772243 0.01473618
v 0.0005619638 -0.01771905 0.01476787
v 0.0005619637 0.01754735 0.01476787
v 0.0005239084 0.01753435 0.01473635
v 0.0005239084 0.01753435 0.01473635
v 0.0005703644 0.01783529 0.01493892
v 0.0005239084 0.01766972 0.01470485
v 0.0005619637 0.01754735 0.01476787
v 0.0005777268 0.01756036 0.01484398
v 0.0005619638 -0.01771905 0.01476787
v 0.0005777268 0.01778447 0.01523974
v 0.0005777268 0.01829403 0.01619526
v 0.0005777268 -0.01790376 0.01484398
v 0.0005777268 -0.01821456 0.01662035
v 0.0005549811 -0.01772243 0.01473618
v 0.0005619638 -0.01777798 0.01473551
v 0.0005619638 -0.01829781 0.007240115
v 0.0005777268 0.01802439 0.01662142
v 0.0005777268 0.01823529 0.01660863
v 0.0005777268 -0.01843105 0.00724104
v 0.0005903406 -0.01834624 0.007017984
v 0.0005617508 0.01804483 0.01671701
v 0.0005617709 -0.01813043 0.01671667
v 0.0005620654 0.01823788 0.01670115
v 0.0005549811 -0.01823899 0.01671978
v 0.0005618224 -0.01833923 0.01668107
v 0.0005777268 0.01839392 0.01657786
v 0.0005619638 0.01842251 0.01665739
v 0.0005619638 0.01853108 0.01661865
v 0.0005777268 -0.01863384 0.01646709
v 0.0005618432 -0.01860435 0.01658537
v 0.0005549811 -0.01868014 0.0165624
v 0.0005620254 -0.0187449 0.01649496
v 0.0005777268 0.01847939 0.01654737
v 0.0005620654 0.01866711 0.01654362
v 0.0005777268 -0.01892456 0.0161717
v 0.0005619804 -0.01895774 0.01628318
v 0.0005549811 -0.01900162 0.01625689
v 0.0005620802 -0.01903392 0.01618452
v 0.0005777268 -0.01911438 0.01587069
v 0.0005620094 -0.01917317 0.0159699
v 0.0005549811 -0.01920219 0.01594002
v 0.0005621967 -0.0192061 0.01586682
v 0.0005777268 -0.01917401 0.01547278
v 0.0005620699 -0.01925757 0.01554878
v 0.0005549811 -0.0192758 0.01551916
v 0.0005621995 -0.01926227 0.0154546
v 0.0005777268 -0.01917161 0.00724104
v 0.0005622049 -0.01926153 0.00724104
v 0.0005672588 -0.01925131 0.007135096
v 0.0005829206 -0.01913748 0.007135164
v 0.0005829206 -0.01862925 0.007135164
v 0.0005954594 -0.01910335 0.007031777
v 0.0005781595 -0.01923695 0.007035253
v 0.0005954594 -0.01882746 0.007031777
v 0.0006074492 -0.01872315 0.006964152
v 0.0006399192 -0.01882633 0.006781014
v 0.0006138433 -0.01909494 0.006926418
v 0.0006035726 -0.01922532 0.00688961
v 0.000626959 -0.01920458 0.006757412
v 0.0006389082 -0.01907592 0.006784709
v 0.0006552886 -0.01904995 0.006692931
v 0.0006438533 -0.01917213 0.006662306
v 0.0006706582 -0.01900362 0.006608165
v 0.0006678918 -0.01909968 0.006529729
v 0.000688215 -0.01900795 0.0063945
v 0.0006888089 -0.01891639 0.006483049
v 0.0006633768 -0.0187697 0.006626057
v 0.0007010868 -0.01883159 0.006354572
v 0.0006970419 -0.01891043 0.006296058
v 0.0006809616 -0.01871551 0.006467739
v 0.0007010868 -0.01877705 0.006318827
v 0.0006970419 -0.01881735 0.006235044
v 0.0006973827 -0.0186553 0.006148112
v 0.0007009336 -0.01861889 0.00623867
v 0.0006873693 -0.01857741 0.006339037
v 0.0007038231 -0.01845892 0.006159913
v 0.0006978433 -0.01849502 0.006088939
v 0.0006968191 -0.0184375 0.006211739
v 0.0007038232 -0.0184375 0.006155008
v 0.0006978433 -0.0184452 0.00607753
v 0.0006979777 -0.01824966 0.006045035
v 0.0007032553 -0.01824975 0.006129242
v 0.0006200743 -0.01818783 0.006788809
v 0.0007047572 -0.01806164 0.006104498
v 0.0006981168 -0.01806164 0.006030608
v 0.0005906284 -0.01806164 0.007028905
v 0.0005657425 -0.01806164 0.007102797
v 0.0005657425 -0.01768836 0.007102797
v 0.0007047572 -0.01768836 0.006104498
v 0.0006981168 -0.01768836 0.006030608
v 0.0007222155 -0.01757961 0.006018423
v 0.0007306836 -0.01755543 0.006042559
v 0.0005906284 -0.01768836 0.007028905
v 0.0005862086 -0.01757961 0.007114617
v 0.0006020528 -0.0175555 0.007084427
v 0.0005239084 0.01854145 0.01665212
v 0.0005239084 0.01868217 0.01658456
v 0.0005620654 0.01866711 0.01654362
v 0.0005619638 0.01853108 0.01661865
v 0.0005619638 0.01842251 0.01665739
v 0.0005239084 0.01840978 0.0166991
v 0.0005620654 0.01823788 0.01670115
v 0.0005239084 0.01824163 0.0167394
v 0.0005239084 0.01806164 0.0167561
v 0.0005617508 0.01804483 0.01671701
v 0.0005617709 -0.01813043 0.01671667
v 0.0005239084 -0.01806164 0.01675611
v 0.0005549811 -0.01823899 0.01671978
v 0.0005239084 -0.01824163 0.01673942
v 0.0005239084 -0.01840978 0.01669911
v 0.0005618224 -0.01833923 0.01668107
v 0.0005618432 -0.01860435 0.01658537
v 0.0005239084 -0.01854146 0.01665212
v 0.0005549811 -0.01868014 0.0165624
v 0.0005239084 -0.01868217 0.01658456
v 0.0005239084 0.01879591 0.01650206
v 0.0005620654 0.01866711 0.01654362
v 0.0005239084 0.01868217 0.01658456
v 0.0005619638 0.01880996 0.01642552
v 0.0005239084 0.01892355 0.01637661
v 0.0005619638 0.01889815 0.01633884
v 0.0005620654 0.01897325 0.01624692
v 0.0005239085 0.01900993 0.01628131
v 0.0005239084 0.0190846 0.01618282
v 0.0005618981 0.01906567 0.01611344
v 0.0005239084 0.01916244 0.01606471
v 0.0005619127 0.01916131 0.01596788
v 0.0005549811 0.01919668 0.01593558
v 0.0005239084 0.01921461 0.0159621
v 0.0005239084 0.01924668 0.01585683
v 0.0005620545 0.01919877 0.01585324
v 0.0005239084 0.01928215 0.01564385
v 0.0005620492 0.01923607 0.01562777
v 0.0005620654 0.01924358 0.01551974
v 0.0005239084 0.01929477 0.01553656
v 0.0005239084 0.0193 0.01542906
v 0.0005619638 0.01924483 0.01536312
v 0.0005239084 0.0193 0.00724104
v 0.0005619637 0.01924483 0.00724104
v 0.0005672587 0.01924258 0.007135096
v 0.000531701 0.01929749 0.007133436
v 0.0005394937 0.01929142 0.007025878
v 0.0005781594 0.01923695 0.007035253
v 0.0005719359 0.01927658 0.006839951
v 0.0006035725 0.01922532 0.00688961
v 0.0006269443 0.01920457 0.006757402
v 0.000590653 0.01925406 0.006733826
v 0.0006093705 0.01921184 0.006629682
v 0.0006438533 0.01917213 0.006662306
v 0.0006420781 0.01911326 0.006449293
v 0.0006678919 0.01909968 0.006529728
v 0.000688215 0.01900795 0.0063945
v 0.0006529592 0.0190373 0.00635288
v 0.0006638403 0.01893333 0.006265418
v 0.000697042 0.01891043 0.006296059
v 0.0006638403 0.01880169 0.006179139
v 0.0006970419 0.01881735 0.006235044
v -0.0005239084 0.01854145 0.01665212
v -0.0005620654 0.01866339 0.01654232
v -0.0005239085 0.01868217 0.01658456
v -0.0005619638 0.01853108 0.01661865
v -0.0005239084 0.01840978 0.0166991
v -0.0005619638 0.01842251 0.01665739
v -0.0005620654 0.0182352 0.01670514
v -0.0005239084 0.01824163 0.0167394
v -0.0005239084 0.01806164 0.0167561
v -0.0005619316 0.01804629 0.01672352
v -0.0005239084 -0.01806164 0.01675611
v -0.0005619358 -0.01814001 0.01672348
v -0.0005549811 -0.01824027 0.01672433
v -0.0005239084 -0.01824163 0.01673942
v -0.0005239084 -0.01840978 0.01669911
v -0.0005619866 -0.01833431 0.01669024
v -0.0005239084 -0.01854146 0.01665212
v -0.0005619817 -0.01859939 0.01659563
v -0.0005620654 -0.01868649 0.01653752
v -0.0005239084 -0.01868217 0.01658456
v -0.0005239084 0.01879591 0.01650206
v -0.0005239085 0.01868217 0.01658456
v -0.0005620654 0.01866339 0.01654232
v -0.0005618853 0.01880598 0.0164212
v -0.0005618954 0.01894869 0.01628057
v -0.0005239084 0.01892355 0.01637661
v -0.0005549811 0.0189983 0.01625307
v -0.0005239084 0.01900993 0.01628131
v -0.0005239084 0.0190846 0.01618282
v -0.0005619663 0.01903166 0.01617403
v -0.0005619595 0.01916623 0.01596876
v -0.0005239084 0.01916244 0.01606471
v -0.0005549811 0.01919898 0.01593738
v -0.0005239084 0.01921461 0.0159621
v -0.0005239084 0.01924668 0.01585683
v -0.0005621122 0.01920184 0.01585861
v -0.0005621002 0.01924101 0.01562107
v -0.0005239084 0.01928215 0.01564385
v -0.0005620654 0.0192455 0.01552224
v -0.0005239084 0.01929477 0.01553656
v -0.0005239084 0.0193 0.01542906
v -0.0005619638 0.01924483 0.01536312
v -0.0005619638 0.01924483 0.00724104
v -0.0005239084 0.0193 0.00724104
v -0.0005672588 0.01924258 0.007135096
v -0.0005317011 0.01929749 0.007133436
v -0.0005394937 0.01929142 0.007025878
v -0.0005781595 0.01923695 0.007035253
v -0.0006035726 0.01922532 0.00688961
v -0.0005719359 0.01927658 0.006839951
v -0.000626959 0.01920458 0.006757412
v -0.0005906532 0.01925406 0.006733826
v -0.0006093705 0.01921184 0.006629682
v -0.0006438533 0.01917213 0.006662306
v -0.0006678918 0.01909968 0.006529729
v -0.0006420781 0.01911326 0.006449293
v -0.000688215 0.01900795 0.0063945
v -0.0006529592 0.0190373 0.006352879
v -0.0006638403 0.01893333 0.006265417
v -0.0006970419 0.01891043 0.006296058
v -0.0006970419 0.01881735 0.006235044
v -0.0006638403 0.01880169 0.006179138
v -0.0006638403 0.01880169 0.006179138
v -0.0006970419 0.01881735 0.006235044
v -0.0006973827 0.0186553 0.006148112
v -0.0006638403 0.01866295 0.00611004
v -0.0006638403 0.01850306 0.006057961
v -0.0006978433 0.01849502 0.006088939
v -0.0006978433 0.0184452 0.00607753
v -0.0006638403 0.01842484 0.006040046
v -0.0006979777 0.01824966 0.006045035
v -0.0006638403 0.01824604 0.006011729
v -0.0006638403 0.01806164 0.006
v -0.0006981168 0.01806164 0.006030608
v -0.0006981168 0.01768836 0.006030608
v -0.0006638403 0.01768836 0.006
v 0.0006638403 0.01880169 0.006179139
v 0.0006973827 0.0186553 0.006148112
v 0.0006970419 0.01881735 0.006235044
v 0.0006638402 0.01866295 0.006110041
v 0.0006638403 0.01850306 0.006057961
v 0.0006978432 0.01849502 0.00608894
v 0.0006638403 0.01842484 0.006040046
v 0.0006978433 0.0184452 0.00607753
v 0.0006979775 0.01824966 0.006045035
v 0.0006638403 0.01824604 0.006011729
v 0.0006638403 0.01806164 0.006
v 0.0006981168 0.01806164 0.006030608
v 0.0006638403 0.01768836 0.006
v 0.0006981168 0.01768836 0.006030608
v 0.0005239084 -0.01879591 0.01650206
v 0.0005239084 -0.01868217 0.01658456
v 0.0005549811 -0.01868014 0.0165624
v 0.0005620254 -0.0187449 0.01649496
v 0.0005619804 -0.01895774 0.01628318
v 0.0005239084 -0.01892355 0.01637661
v 0.0005549811 -0.01900162 0.01625689
v 0.0005239084 -0.01900993 0.01628131
v 0.0005239084 -0.0190846 0.01618282
v 0.0005620802 -0.01903392 0.01618452
v 0.0005620094 -0.01917317 0.0159699
v 0.0005239084 -0.01916244 0.01606471
v 0.0005549811 -0.01920219 0.01594002
v 0.0005239084 -0.01921461 0.0159621
v 0.0005239084 -0.01924668 0.01585683
v 0.0005621967 -0.0192061 0.01586682
v 0.0005620699 -0.01925757 0.01554878
v 0.0005239084 -0.01928215 0.01564386
v 0.0005549811 -0.0192758 0.01551916
v 0.0005239084 -0.01929477 0.01553657
v 0.0005239084 -0.0193 0.01542907
v 0.0005621995 -0.01926227 0.0154546
v 0.0005622049 -0.01926153 0.00724104
v 0.0005239084 -0.0193 0.00724104
v 0.0005672588 -0.01925131 0.007135096
v 0.0005317011 -0.01929749 0.007133436
v 0.0005394937 -0.01929142 0.007025878
v 0.0005781595 -0.01923695 0.007035253
v 0.0006035726 -0.01922532 0.00688961
v 0.0005719359 -0.01927658 0.006839951
v 0.000626959 -0.01920458 0.006757412
v 0.0005906532 -0.01925406 0.006733826
v 0.0006093705 -0.01921184 0.006629682
v 0.0006438533 -0.01917213 0.006662306
v 0.0006678918 -0.01909968 0.006529729
v 0.0006420781 -0.01911326 0.006449293
v 0.000688215 -0.01900795 0.0063945
v 0.0006529592 -0.0190373 0.006352879
v 0.0006638403 -0.01893333 0.006265417
v 0.0006970419 -0.01891043 0.006296058
v 0.0006970419 -0.01881735 0.006235044
v 0.0006638403 -0.01880169 0.006179138
v -0.0005239084 -0.01879591 0.01650206
v -0.0005620654 -0.01868649 0.01653752
v -0.0005239084 -0.01868217 0.01658456
v -0.0005619638 -0.01880996 0.01642552
v -0.0005239084 -0.01892355 0.01637661
v -0.0005619638 -0.01889815 0.01633884
v -0.0005620654 -0.01897313 0.01624406
v -0.0005239085 -0.01900993 0.01628131
v -0.0005239084 -0.0190846 0.01618282
v -0.0005618749 -0.01907155 0.01609942
v -0.0005239084 -0.01916244 0.01606471
v -0.0005618844 -0.01915823 0.01596727
v -0.0005549811 -0.01919523 0.01593446
v -0.0005239084 -0.01921461 0.0159621
v -0.0005239084 -0.01924668 0.01585683
v -0.0005620199 -0.01919681 0.01585002
v -0.0005239084 -0.01928215 0.01564386
v -0.0005619882 -0.0192465 0.01554828
v -0.0005549811 -0.01926959 0.0155157
v -0.0005239084 -0.01929477 0.01553657
v -0.0005239084 -0.0193 0.01542907
v -0.0005620585 -0.01925214 0.01544264
v -0.0005239084 -0.0193 0.00724104
v -0.0005620563 -0.01925184 0.007241041
v -0.0005672587 -0.01924628 0.007135096
v -0.000531701 -0.01929749 0.007133436
v -0.0005394937 -0.01929142 0.007025878
v -0.0005781594 -0.01923695 0.007035253
v -0.0005719359 -0.01927658 0.006839951
v -0.0006035725 -0.01922532 0.00688961
v -0.0006269443 -0.01920457 0.006757401
v -0.000590653 -0.01925406 0.006733826
v -0.0006093705 -0.01921184 0.006629682
v -0.0006438533 -0.01917213 0.006662306
v -0.0006420781 -0.01911326 0.006449293
v -0.0006678919 -0.01909968 0.006529728
v -0.000688215 -0.01900795 0.0063945
v -0.0006529592 -0.0190373 0.00635288
v -0.0006638403 -0.01893333 0.006265418
v -0.000697042 -0.01891043 0.006296059
v -0.0006638403 -0.01880169 0.006179139
v -0.0006970419 -0.01881735 0.006235044
v 0.0006638403 -0.01880169 0.006179138
v 0.0006970419 -0.01881735 0.006235044
v 0.0006973827 -0.0186553 0.006148112
v 0.0006638403 -0.01866295 0.00611004
v 0.0006638403 -0.01850306 0.006057961
v 0.0006978433 -0.01849502 0.006088939
v 0.0006978433 -0.0184452 0.00607753
v 0.0006638403 -0.01842484 0.006040046
v 0.0006979777 -0.01824966 0.006045035
v 0.0006638403 -0.01824604 0.006011729
v 0.0006638403 -0.01806164 0.006
v 0.0006981168 -0.01806164 0.006030608
v 0.0006981168 -0.01768836 0.006030608
v 0.0006638403 -0.01768836 0.006
v -0.0006638403 -0.01880169 0.006179139
v -0.0006973827 -0.0186553 0.006148112
v -0.0006970419 -0.01881735 0.006235044
v -0.0006638402 -0.01866295 0.006110041
v -0.0006638403 -0.01850306 0.006057961
v -0.0006978432 -0.01849502 0.00608894
v -0.0006638403 -0.01842484 0.006040046
v -0.0006978433 -0.0184452 0.00607753
v -0.0006979775 -0.01824966 0.006045035
v -0.0006638403 -0.01824604 0.006011729
v -0.0006638403 -0.01806164 0.006
v -0.0006981168 -0.01806164 0.006030608
v -0.0006638403 -0.01768836 0.006
v -0.0006981168 -0.01768836 0.006030608
v 0.004946182 0.01731163 -0.01
v 0.004946182 0.01744483 -0.009968475
v -0.004946182 0.01744483 -0.009968475
v -0.004946182 0.01731163 -0.01
v 0.004946182 0.00875 -0.01
v -0.004946182 0.00875 -0.01
v 0.004946182 0.0065625 -0.01
v -0.004946182 0.0065625 -0.01
v 0.004946182 0.004375 -0.01
v -0.004946182 0.004375 -0.01
v 0.004946182 0 -0.01
v -0.004946182 0 -0.01
v 0.004946182 -0.004375 -0.01
v -0.004946182 -0.004375 -0.01
v 0.004946182 -0.0065625 -0.01
v -0.004946182 -0.0065625 -0.01
v 0.004946182 -0.00875 -0.01
v -0.004946182 -0.00875 -0.01
v 0.004946182 -0.01731163 -0.01
v -0.004946182 -0.01731163 -0.01
v 0.004946182 -0.01744483 -0.009968475
v -0.004946182 -0.01744483 -0.009968475
v 0.004946182 0.01744483 -0.009968475
v 0.004946182 0.0175 -0.009892363
v -0.004946182 0.0175 -0.009892363
v -0.004946182 0.01744483 -0.009968475
v -0.00495939 -0.01744457 0.005021693
v -0.003107545 -0.01731163 0.008065656
v -0.003058386 -0.01744468 0.00810099
v -0.004958179 -0.01731163 0.005067747
v -0.003107545 -0.00875 0.008065656
v -0.004981286 -0.01742039 0.004979406
v -0.004958179 -0.00875 0.005067747
v -0.003107545 -0.0065625 0.008065656
v -0.004958179 -0.0065625 0.005067747
v -0.003107545 -0.004375 0.008065656
v -0.004958179 -0.004375 0.005067747
v -0.003107545 0 0.008065656
v -0.004958179 0 0.005067747
v -0.003107545 0.004375 0.008065656
v -0.004958179 0.004375 0.005067747
v -0.003107545 0.0065625 0.008065656
v -0.004958179 0.0065625 0.005067747
v -0.003107545 0.00875 0.008065656
v -0.004958179 0.00875 0.005067747
v -0.003107545 0.01731163 0.008065656
v -0.004958179 0.01731163 0.005067747
v -0.003058386 0.01744468 0.00810099
v -0.00495218 0.01744483 0.005024245
v -0.004979789 0.01742039 0.004978079
v -0.004990236 0.01731164 0.004993277
v -0.004987751 0.00875 0.004988316
v -0.005 0.01731163 0.004892363
v -0.004981752 0.01744483 0.00490023
v -0.004987751 0.0065625 0.004988316
v -0.005 0.01731163 0
v -0.004984237 0.01744483 0
v -0.005 0.00875 0.004892363
v -0.004987751 0.004375 0.004988316
v -0.005 0.01731163 -0.005
v -0.004984237 0.01744483 -0.005
v -0.005 0.00875 0
v -0.005 0.0065625 0.004892363
v -0.004987751 0 0.004988316
v -0.005 0.01731163 -0.0075
v -0.004984237 0.01744483 -0.0075
v -0.005 0.00875 -0.005
v -0.005 0.0065625 0
v -0.005 0.004375 0.004892363
v -0.004987751 -0.004375 0.004988316
v -0.005 0.01731163 -0.009892363
v -0.004984237 0.01744483 -0.009892363
v -0.004977254 0.01742039 -0.009954507
v -0.004984237 0.01731164 -0.009968475
v -0.005 0.00875 -0.009892363
v -0.004984237 0.00875 -0.009968475
v -0.005 0.00875 -0.0075
v -0.005 0.0065625 -0.009892363
v -0.004984237 0.0065625 -0.009968475
v -0.005 0.0065625 -0.0075
v -0.005 0.004375 -0.009892363
v -0.004984237 0.004375 -0.009968475
v -0.005 0.0065625 -0.005
v -0.005 0 -0.009892363
v -0.004984237 0 -0.009968475
v -0.005 0.004375 -0.0075
v -0.005 0.004375 -0.005
v -0.005 -0.004375 -0.009892363
v -0.004984237 -0.004375 -0.009968475
v -0.005 0 -0.0075
v -0.005 0.004375 0
v -0.005 -0.0065625 -0.009892363
v -0.004984237 -0.0065625 -0.009968475
v -0.005 0 -0.005
v -0.005 -0.004375 -0.0075
v -0.005 0 0
v -0.005 -0.00875 -0.009892363
v -0.004984237 -0.00875 -0.009968475
v -0.005 -0.004375 -0.005
v -0.005 -0.0065625 -0.0075
v -0.005 0 0.004892363
v -0.005 -0.01731163 -0.009892363
v -0.004984237 -0.01731164 -0.009968475
v -0.004977254 -0.01742039 -0.009954507
v -0.004984237 -0.01744483 -0.009892363
v -0.005 -0.00875 -0.0075
v -0.005 -0.01731163 -0.0075
v -0.004984237 -0.01744483 -0.0075
v -0.005 -0.004375 0
v -0.005 -0.0065625 -0.005
v -0.005 -0.01731163 -0.005
v -0.004984237 -0.01744483 -0.005
v -0.005 -0.00875 -0.005
v -0.005 -0.004375 0.004892363
v -0.005 -0.0065625 0
v -0.005 -0.01731163 0
v -0.004984237 -0.01744483 0
v -0.005 -0.00875 0
v -0.004987751 -0.0065625 0.004988316
v -0.005 -0.0065625 0.004892363
v -0.004987751 -0.00875 0.004988316
v -0.005 -0.00875 0.004892363
v -0.005 -0.01731163 0.004892363
v -0.004984237 -0.01744483 0.00491426
v -0.004987751 -0.01731163 0.004988316
v -0.004946182 -0.01744483 -0.009968475
v -0.004946182 -0.0175 -0.009892363
v 0.004946182 -0.0175 -0.009892363
v 0.004946182 -0.01744483 -0.009968475
v 0.005052897 0.006527787 -0.007385548
v 0.005056023 0.006469606 -0.00746141
v 0.005446695 0.006212551 -0.007412535
v 0.005447103 0.006269089 -0.007336272
v 0.005477471 0.006168856 -0.00739478
v 0.005484676 0.006189938 -0.007331676
v 0.005484676 0.006189938 -0.005168323
v 0.005447103 0.006269088 -0.005163728
v 0.005477471 0.006168856 -0.005105219
v 0.005446695 0.006212551 -0.005087464
v 0.005056023 0.006469606 -0.005038589
v 0.005052897 0.006527786 -0.005114452
v 0.005053713 -0.006335617 -0.007493285
v 0.005056023 -0.006469606 -0.00746141
v 0.005446695 -0.006212551 -0.007412535
v 0.005446287 -0.00607799 -0.007444214
v 0.005477471 -0.006168856 -0.00739478
v 0.005484099 -0.006054811 -0.007408002
v 0.005484268 -0.004163133 -0.00740794
v 0.005446287 -0.00417975 -0.007444214
v 0.005446287 -0.00417975 -0.007444214
v 0.005053713 -0.0043515 -0.007493285
v 0.005484268 0 -0.00740794
v 0.005446287 0 -0.007444214
v 0.005446287 0 -0.007444214
v 0.005053713 0 -0.007493285
v 0.005484268 0.004163133 -0.00740794
v 0.005446287 0.00417975 -0.007444214
v 0.005446287 0.00417975 -0.007444214
v 0.005053713 0.0043515 -0.007493285
v 0.005484099 0.006054811 -0.007408002
v 0.005446287 0.00607799 -0.007444214
v 0.005053713 0.006335617 -0.007493285
v 0.005477471 0.006168856 -0.00739478
v 0.005056023 0.006469606 -0.00746141
v 0.005446695 0.006212551 -0.007412535
v 0.005056023 -0.006469606 -0.00746141
v 0.005052897 -0.006527786 -0.007385548
v 0.005447103 -0.006269088 -0.007336272
v 0.005446695 -0.006212551 -0.007412535
v 0.005477471 -0.006168856 -0.00739478
v 0.005484676 -0.006189938 -0.007331676
v 0.005447103 -0.006269089 -0.005163728
v 0.005484676 -0.006189938 -0.005168324
v 0.005477471 -0.006168856 -0.00510522
v 0.005446695 -0.006212551 -0.005087465
v 0.005052897 -0.006527787 -0.005114452
v 0.005056023 -0.006469606 -0.005038589
v 0.003122055 -0.006656682 0.008008454
v 0.003097942 -0.008184907 0.007966164
v 0.003122055 -0.008373271 0.008008454
v 0.003097942 -0.006750864 0.007966164
v 0.003119801 -0.0065625 0.007996363
v 0.002945513 -0.008184907 0.007872068
v 0.003114586 -0.008318101 0.007943445
v 0.002967271 -0.0083181 0.007848554
v 0.002937518 -0.008293658 0.007823557
v 0.002917461 -0.008184907 0.007831301
v 0.002945513 -0.006750864 0.007872068
v 0.002921399 -0.006750864 0.007829779
v 0.002921399 -0.0065625 0.007829779
v 0.002945513 -0.0065625 0.007872068
v 0.003097942 -0.0065625 0.007966164
v 0.002945513 -0.006374136 0.007872068
v 0.002921399 -0.006374136 0.00782978
v 0.003097942 -0.006374136 0.007966164
v 0.003122055 -0.006468317 0.008008454
v 0.003122055 -0.004469182 0.008008454
v 0.003097942 -0.004563364 0.007966164
v 0.003119801 -0.004375 0.007996363
v 0.002945513 -0.004563364 0.007872068
v 0.002921399 -0.004563364 0.007829779
v 0.002921399 -0.004375 0.007829779
v 0.002945513 -0.004375 0.007872068
v 0.003097942 -0.004375 0.007966164
v 0.002945513 -0.004186635 0.007872068
v 0.002921399 -0.004186636 0.00782978
v 0.003097942 -0.004186635 0.007966164
v 0.003122055 -0.004280817 0.008008454
v 0.003122055 -9.418252E-05 0.008008454
v 0.003097942 -0.0001883643 0.007966164
v 0.003119801 -2.157088E-11 0.007996363
v 0.002945513 -0.0001883643 0.007872068
v 0.002921399 -0.0001883643 0.007829779
v 0.002921399 -1.426631E-11 0.007829779
v 0.002945513 0 0.007872068
v 0.003097942 0 0.007966164
v 0.002945513 0.0001883643 0.007872068
v 0.002921399 0.0001883642 0.00782978
v 0.003097942 0.0001883643 0.007966164
v 0.003122055 9.418239E-05 0.008008454
v 0.003122055 0.004280817 0.008008454
v 0.003097942 0.004186635 0.007966164
v 0.003119801 0.004375 0.007996363
v 0.002945513 0.004186635 0.007872068
v 0.002921399 0.004186635 0.007829779
v 0.002921399 0.004375 0.00782978
v 0.002945513 0.004375 0.007872068
v 0.003097942 0.004375 0.007966164
v 0.002945513 0.004563364 0.007872068
v 0.002921399 0.004563364 0.00782978
v 0.003097942 0.004563364 0.007966164
v 0.003122055 0.004469182 0.008008454
v 0.003122055 0.006468317 0.008008454
v 0.003097942 0.006374136 0.007966164
v 0.003119801 0.0065625 0.007996363
v 0.002945513 0.006374136 0.007872068
v 0.002921399 0.006374136 0.007829779
v 0.002921399 0.0065625 0.00782978
v 0.002945513 0.0065625 0.007872068
v 0.003097942 0.0065625 0.007966164
v 0.002945513 0.006750864 0.007872068
v 0.002921399 0.006750864 0.00782978
v 0.003097942 0.006750864 0.007966164
v 0.003122055 0.006656682 0.008008454
v 0.003122055 0.008373271 0.008008454
v 0.003097942 0.008184907 0.007966164
v 0.002945513 0.008184907 0.007872068
v 0.002917461 0.008184907 0.007831301
v 0.002937518 0.008293658 0.007823557
v 0.002967271 0.0083181 0.007848554
v 0.003114586 0.008318101 0.007943445
v 0.003107545 -0.008561635 0.008065656
v 0.00312969 -0.008428441 0.007989213
v 0.004888151 -0.008428441 0.005140617
v 0.004958179 -0.008561635 0.005067747
v 0.003107545 -0.00875 0.008065656
v 0.004958179 -0.00875 0.005067747
v 0.004887915 -0.008373271 0.005124669
v 0.004804094 -0.008373271 0.00517884
v 0.0048378 -0.008318101 0.005119995
v 0.004864933 -0.008184907 0.00510375
v 0.004913545 -0.008373272 0.005106354
v 0.004913545 -0.006656682 0.005106354
v 0.004958179 -0.0065625 0.005067747
v 0.004901725 -0.0065625 0.005109757
v 0.004913545 -0.006468318 0.005106354
v 0.004913545 -0.004469182 0.005106354
v 0.004958179 -0.004375 0.005067747
v 0.004901725 -0.004375 0.005109757
v 0.004913545 -0.004280818 0.005106354
v 0.004913545 -9.418203E-05 0.005106354
v 0.004958179 0 0.005067747
v 0.004901725 -2.361879E-12 0.005109757
v 0.004913545 9.418201E-05 0.005106354
v 0.004913545 0.004280818 0.005106354
v 0.004958179 0.004375 0.005067747
v 0.004901725 0.004375 0.005109757
v 0.004913545 0.004469182 0.005106354
v 0.004913545 0.006468318 0.005106354
v 0.004958179 0.0065625 0.005067747
v 0.004901725 0.0065625 0.005109757
v 0.004913545 0.006656682 0.005106354
v 0.004913545 0.008373272 0.005106354
v 0.004958179 0.008561635 0.005067747
v 0.004887915 0.008373271 0.005124669
v 0.004888151 0.008428441 0.005140617
v 0.00312969 0.008428441 0.007989213
v 0.003107545 0.008561635 0.008065656
v 0.004958179 0.00875 0.005067747
v 0.004804094 0.008373271 0.00517884
v 0.0048378 0.008318101 0.005119995
v 0.004864933 0.008184907 0.00510375
v 0.004913545 0.008373272 0.005106354
v 0.004913545 0.006656682 0.005106354
v 0.003107545 0.00875 0.008065656
v 0.004864933 0.006750864 0.00510375
v 0.004901725 0.0065625 0.005109757
v 0.004712504 0.008184907 0.005009654
v 0.0048378 0.008318101 0.005119995
v 0.004701235 0.0083181 0.005039643
v 0.004665553 0.008293658 0.005024248
v 0.004663487 0.008184907 0.005002847
v 0.004712504 0.006750864 0.005009654
v 0.004663893 0.006750864 0.00500705
v 0.004663892 0.0065625 0.00500705
v 0.004712504 0.0065625 0.005009654
v 0.004864933 0.0065625 0.00510375
v 0.004712504 0.006374136 0.005009654
v 0.004663893 0.006374136 0.00500705
v 0.004864933 0.006374136 0.00510375
v 0.004913545 0.006468318 0.005106354
v 0.004913545 0.004469182 0.005106354
v 0.004864933 0.004563364 0.00510375
v 0.004901725 0.004375 0.005109757
v 0.004712504 0.004563364 0.005009654
v 0.004663893 0.004563364 0.00500705
v 0.004663892 0.004375 0.00500705
v 0.004712504 0.004375 0.005009654
v 0.004864933 0.004375 0.00510375
v 0.004712504 0.004186635 0.005009654
v 0.004663893 0.004186635 0.00500705
v 0.004864933 0.004186635 0.00510375
v 0.004913545 0.004280818 0.005106354
v 0.004913545 9.418201E-05 0.005106354
v 0.004864933 0.0001883643 0.00510375
v 0.004901725 -2.361879E-12 0.005109757
v 0.004712504 0.0001883643 0.005009654
v 0.004663893 0.0001883643 0.00500705
v 0.004663892 -5.079648E-13 0.00500705
v 0.004712504 0 0.005009654
v 0.004864933 0 0.00510375
v 0.004712504 -0.0001883643 0.005009654
v 0.004663893 -0.0001883643 0.00500705
v 0.004864933 -0.0001883643 0.00510375
v 0.004913545 -9.418203E-05 0.005106354
v 0.004913545 -0.004280818 0.005106354
v 0.004864933 -0.004186635 0.00510375
v 0.004901725 -0.004375 0.005109757
v 0.004712504 -0.004186635 0.005009654
v 0.004663893 -0.004186635 0.00500705
v 0.004663892 -0.004375 0.00500705
v 0.004712504 -0.004375 0.005009654
v 0.004864933 -0.004375 0.00510375
v 0.004712504 -0.004563364 0.005009654
v 0.004663893 -0.004563364 0.00500705
v 0.004864933 -0.004563364 0.00510375
v 0.004913545 -0.004469182 0.005106354
v 0.004913545 -0.006468318 0.005106354
v 0.004864933 -0.006374136 0.00510375
v 0.004901725 -0.0065625 0.005109757
v 0.004712504 -0.006374136 0.005009654
v 0.004663893 -0.006374136 0.00500705
v 0.004663892 -0.0065625 0.00500705
v 0.004712504 -0.0065625 0.005009654
v 0.004864933 -0.0065625 0.00510375
v 0.004712504 -0.006750864 0.005009654
v 0.004663893 -0.006750864 0.00500705
v 0.004864933 -0.006750864 0.00510375
v 0.004913545 -0.006656682 0.005106354
v 0.004913545 -0.008373272 0.005106354
v 0.004712504 -0.008184907 0.005009654
v 0.004663487 -0.008184907 0.005002847
v 0.004665553 -0.008293658 0.005024248
v 0.004701235 -0.0083181 0.005039643
v 0.0048378 -0.008318101 0.005119995
v 0.00312969 -0.008428441 0.007989213
v 0.003137804 -0.008373271 0.007878125
v 0.004804094 -0.008373271 0.00517884
v 0.004888151 -0.008428441 0.005140617
v 0.003137804 0.008373271 0.007878125
v 0.00312969 0.008428441 0.007989213
v 0.004888151 0.008428441 0.005140617
v 0.004804094 0.008373271 0.00517884
v 0.002960481 -0.0083181 0.007778203
v 0.004619259 -0.008184907 0.005045657
v 0.0046353 -0.0083181 0.005065101
v 0.002935909 -0.008184907 0.007772577
v 0.004619259 -0.006750864 0.005045657
v 0.002935909 -0.006750864 0.007772577
v 0.004619259 -0.0065625 0.005045657
v 0.002935909 -0.0065625 0.007772577
v 0.004619259 -0.006374136 0.005045657
v 0.002935909 -0.006374136 0.007772577
v 0.004619259 -0.004563364 0.005045657
v 0.002935909 -0.004563364 0.007772577
v 0.004619259 -0.004375 0.005045657
v 0.002935909 -0.004375 0.007772577
v 0.004619259 -0.004186635 0.005045657
v 0.002935909 -0.004186635 0.007772577
v 0.004619259 -0.0001883643 0.005045657
v 0.002935909 -0.0001883643 0.007772577
v 0.004619259 0 0.005045657
v 0.002935909 0 0.007772577
v 0.004619259 0.0001883643 0.005045657
v 0.002935909 0.0001883643 0.007772577
v 0.004619259 0.004186635 0.005045657
v 0.002935909 0.004186635 0.007772577
v 0.004619259 0.004375 0.005045657
v 0.002935909 0.004375 0.007772577
v 0.004619259 0.004563364 0.005045657
v 0.002935909 0.004563364 0.007772577
v 0.004619259 0.006374136 0.005045657
v 0.002935909 0.006374136 0.007772577
v 0.004619259 0.0065625 0.005045657
v 0.002935909 0.0065625 0.007772577
v 0.004619259 0.006750864 0.005045657
v 0.002935909 0.006750864 0.007772577
v 0.004619259 0.008184907 0.005045657
v 0.002935909 0.008184907 0.007772577
v 0.0046353 0.0083181 0.005065101
v 0.002960481 0.0083181 0.007778203
v 0.003137804 -0.008373271 0.007878125
v 0.003114586 -0.008318101 0.007943445
v 0.002967271 -0.0083181 0.007848554
v 0.003006352 -0.008373271 0.007796978
v 0.003006352 0.008373271 0.007796978
v 0.002967271 0.0083181 0.007848554
v 0.003114586 0.008318101 0.007943445
v 0.003137804 0.008373271 0.007878125
v 0.004672642 -0.008373271 0.005097694
v 0.004701235 -0.0083181 0.005039643
v 0.0048378 -0.008318101 0.005119995
v 0.004804094 -0.008373271 0.00517884
v 0.004804094 0.008373271 0.00517884
v 0.0048378 0.008318101 0.005119995
v 0.004701235 0.0083181 0.005039643
v 0.004672642 0.008373271 0.005097694
v 0.0006374246 -0.0175 0.007157398
v -0.0006021176 -0.0175549 0.007140482
v -0.0006374246 -0.0175 0.007157398
v 0.0006021175 -0.0175549 0.007140483
v -0.0005239084 -0.01768836 0.007133403
v 0.0005239084 -0.01768836 0.007133403
v -0.0005239084 -0.01806164 0.007133403
v 0.0005239084 -0.01806164 0.007133403
v -0.0005239085 -0.01819265 0.007164904
v 0.0005239084 -0.01819265 0.007164904
v 0.0007466224 -0.01755504 0.005995576
v 0.0007821268 -0.0175 0.005984946
v -0.0007821268 -0.0175 0.005984946
v -0.0007466223 -0.01755504 0.005995576
v 0.0006638403 -0.01768836 0.006
v -0.0006638403 -0.01768836 0.006
v 0.0006638403 -0.01806164 0.006
v -0.0006638403 -0.01806164 0.006
v 0.0006638403 -0.01824604 0.006011729
v -0.0006638403 -0.01824604 0.006011729
v 0.0006638403 -0.01842484 0.006040046
v -0.0006638403 -0.01842484 0.006040046
v 0.0006638403 -0.01850306 0.006057961
v -0.0006638403 -0.01850306 0.006057961
v 0.0006638403 -0.01866295 0.00611004
v -0.0006638402 -0.01866295 0.006110041
v 0.0006638403 -0.01880169 0.006179138
v -0.0006638403 -0.01880169 0.006179139
v -0.0006374246 0.0175 0.007157398
v 0.0006021176 0.0175549 0.007140482
v 0.0006374246 0.0175 0.007157398
v -0.0006021175 0.0175549 0.007140483
v 0.0005239084 0.01768836 0.007133403
v -0.0005239084 0.01768836 0.007133403
v 0.0005239084 0.01806164 0.007133403
v -0.0005239084 0.01806164 0.007133403
v 0.0005239085 0.01819265 0.007164904
v -0.0005239084 0.01819265 0.007164904
v -0.0007466224 0.01755504 0.005995576
v -0.0007821268 0.0175 0.005984946
v 0.0007821268 0.0175 0.005984946
v 0.0007466223 0.01755504 0.005995576
v -0.0006638403 0.01768836 0.006
v 0.0006638403 0.01768836 0.006
v -0.0006638403 0.01806164 0.006
v 0.0006638403 0.01806164 0.006
v -0.0006638403 0.01824604 0.006011729
v 0.0006638403 0.01824604 0.006011729
v -0.0006638403 0.01842484 0.006040046
v 0.0006638403 0.01842484 0.006040046
v -0.0006638403 0.01850306 0.006057961
v 0.0006638403 0.01850306 0.006057961
v -0.0006638403 0.01866295 0.00611004
v 0.0006638402 0.01866295 0.006110041
v -0.0006638403 0.01880169 0.006179138
v 0.0006638403 0.01880169 0.006179139
v -0.0005239084 -0.01824254 0.007240956
v -0.0005239085 -0.01819265 0.007164904
v 0.0005239084 -0.01819265 0.007164904
v 0.0005239084 -0.01824254 0.007240956
v 0.0005239084 0.01824254 0.007240956
v 0.0005239085 0.01819265 0.007164904
v -0.0005239084 0.01819265 0.007164904
v -0.0005239084 0.01824254 0.007240956
v -0.0005239084 -0.01753435 0.01473635
v -0.0005239084 -0.01766972 0.01470485
v 0.0005239084 -0.01766972 0.01470485
v 0.0005239084 -0.01753435 0.01473635
v -0.0005239084 0.01753435 0.01473635
v 0.0005239084 0.01753435 0.01473635
v -0.0005239084 0.01766972 0.01470485
v 0.0005239084 0.01766972 0.01470485
v -0.0005239084 -0.01766972 0.01470485
v -0.0005239084 -0.01773017 0.0146288
v 0.0005239084 -0.01773017 0.0146288
v 0.0005239084 -0.01766972 0.01470485
v -0.0005239084 0.01773017 0.0146288
v -0.0005239084 0.01766972 0.01470485
v 0.0005239084 0.01766972 0.01470485
v 0.0005239084 0.01773017 0.0146288
v -0.0005239084 0.01753435 0.01473635
v -0.0005618589 0.01754828 0.0147714
v -0.0005618835 -0.01763882 0.01477159
v -0.0005239084 -0.01753435 0.01473635
v 0.0005239084 0.01879591 0.01650206
v 0.0005239084 0.01868217 0.01658456
v -0.0005239085 0.01868217 0.01658456
v -0.0005239084 0.01879591 0.01650206
v 0.0005239084 0.01892355 0.01637661
v -0.0005239084 0.01892355 0.01637661
v 0.0005239085 0.01900993 0.01628131
v -0.0005239084 0.01900993 0.01628131
v 0.0005239084 0.0190846 0.01618282
v -0.0005239084 0.0190846 0.01618282
v 0.0005239084 0.01916244 0.01606471
v -0.0005239084 0.01916244 0.01606471
v 0.0005239084 0.01921461 0.0159621
v -0.0005239084 0.01921461 0.0159621
v 0.0005239084 0.01924668 0.01585683
v -0.0005239084 0.01924668 0.01585683
v 0.0005239084 0.01928215 0.01564385
v -0.0005239084 0.01928215 0.01564385
v 0.0005239084 0.01929477 0.01553656
v -0.0005239084 0.01929477 0.01553656
v 0.0005239084 0.0193 0.01542906
v -0.0005239084 0.0193 0.01542906
v 0.0005239084 0.0193 0.00724104
v -0.0005239084 0.0193 0.00724104
v 0.000531701 0.01929749 0.007133436
v -0.0005317011 0.01929749 0.007133436
v 0.0005394937 0.01929142 0.007025878
v -0.0005394937 0.01929142 0.007025878
v -0.0005719359 0.01927658 0.006839951
v 0.0005719359 0.01927658 0.006839951
v 0.000590653 0.01925406 0.006733826
v -0.0005906532 0.01925406 0.006733826
v 0.0006093705 0.01921184 0.006629682
v -0.0006093705 0.01921184 0.006629682
v -0.0006420781 0.01911326 0.006449293
v 0.0006420781 0.01911326 0.006449293
v 0.0006529592 0.0190373 0.00635288
v -0.0006529592 0.0190373 0.006352879
v 0.0006638403 0.01893333 0.006265418
v -0.0006638403 0.01893333 0.006265417
v 0.0006638403 0.01880169 0.006179139
v -0.0006638403 0.01880169 0.006179138
v 0.0005239084 0.01868217 0.01658456
v -0.0005239084 0.01854145 0.01665212
v -0.0005239085 0.01868217 0.01658456
v 0.0005239084 0.01854145 0.01665212
v -0.0005239084 0.01840978 0.0166991
v 0.0005239084 0.01840978 0.0166991
v -0.0005239084 0.01824163 0.0167394
v 0.0005239084 0.01824163 0.0167394
v -0.0005239084 0.01806164 0.0167561
v 0.0005239084 0.01806164 0.0167561
v -0.0005239084 -0.01806164 0.01675611
v 0.0005239084 -0.01806164 0.01675611
v -0.0005239084 -0.01824163 0.01673942
v 0.0005239084 -0.01824163 0.01673942
v -0.0005239084 -0.01840978 0.01669911
v 0.0005239084 -0.01840978 0.01669911
v -0.0005239084 -0.01854146 0.01665212
v 0.0005239084 -0.01854146 0.01665212
v -0.0005239084 -0.01868217 0.01658456
v 0.0005239084 -0.01868217 0.01658456
v -0.0005239084 -0.01879591 0.01650206
v -0.0005239084 -0.01868217 0.01658456
v 0.0005239084 -0.01868217 0.01658456
v 0.0005239084 -0.01879591 0.01650206
v -0.0005239084 -0.01892355 0.01637661
v 0.0005239084 -0.01892355 0.01637661
v -0.0005239085 -0.01900993 0.01628131
v 0.0005239084 -0.01900993 0.01628131
v -0.0005239084 -0.0190846 0.01618282
v 0.0005239084 -0.0190846 0.01618282
v -0.0005239084 -0.01916244 0.01606471
v 0.0005239084 -0.01916244 0.01606471
v -0.0005239084 -0.01921461 0.0159621
v 0.0005239084 -0.01921461 0.0159621
v -0.0005239084 -0.01924668 0.01585683
v 0.0005239084 -0.01924668 0.01585683
v -0.0005239084 -0.01928215 0.01564386
v 0.0005239084 -0.01928215 0.01564386
v -0.0005239084 -0.01929477 0.01553657
v 0.0005239084 -0.01929477 0.01553657
v -0.0005239084 -0.0193 0.01542907
v 0.0005239084 -0.0193 0.01542907
v -0.0005239084 -0.0193 0.00724104
v 0.0005239084 -0.0193 0.00724104
v -0.000531701 -0.01929749 0.007133436
v 0.0005317011 -0.01929749 0.007133436
v -0.0005394937 -0.01929142 0.007025878
v 0.0005394937 -0.01929142 0.007025878
v 0.0005719359 -0.01927658 0.006839951
v -0.0005719359 -0.01927658 0.006839951
v -0.000590653 -0.01925406 0.006733826
v 0.0005906532 -0.01925406 0.006733826
v -0.0006093705 -0.01921184 0.006629682
v 0.0006093705 -0.01921184 0.006629682
v 0.0006420781 -0.01911326 0.006449293
v -0.0006420781 -0.01911326 0.006449293
v -0.0006529592 -0.0190373 0.00635288
v 0.0006529592 -0.0190373 0.006352879
v -0.0006638403 -0.01893333 0.006265418
v 0.0006638403 -0.01893333 0.006265417
v -0.0006638403 -0.01880169 0.006179139
v 0.0006638403 -0.01880169 0.006179138
v 0.003137804 -0.008373271 0.007878125
v 0.003006352 -0.008373271 0.007796978
v 0.004672642 -0.008373271 0.005097694
v 0.004804094 -0.008373271 0.00517884
v 0.004804094 0.008373271 0.00517884
v 0.004672642 0.008373271 0.005097694
v 0.003006352 0.008373271 0.007796978
v 0.003137804 0.008373271 0.007878125
v 0.005429152 0.003876572 -0.002164987
v 0.005405536 0.003783346 -0.002112922
v 0.005405536 0.003783346 0
v 0.005429152 0.003876572 0
v 0.005405536 0.003783346 0.002112922
v 0.005429152 0.003876572 0.002164987
v 0.0005239084 -0.01824254 0.007240956
v 0.0005239084 -0.01773017 0.0146288
v -0.0005239084 -0.01773017 0.0146288
v -0.0005239084 -0.01824254 0.007240956
v -0.0005239084 0.01824254 0.007240956
v -0.0005239084 0.01773017 0.0146288
v 0.0005239084 0.01773017 0.0146288
v 0.0005239084 0.01824254 0.007240956
v 0.005429152 0.003876572 0.002164987
v 0.005405536 0.003783346 0.002112922
v 0.005405536 0.001891673 0.002112922
v 0.005429152 0.001938286 0.002164987
v 0.005405536 0 0.002112922
v 0.005429152 0 0.002164987
v 0.005405536 -0.001891673 0.002112922
v 0.005429152 -0.001938286 0.002164987
v 0.005405536 -0.003783346 0.002112922
v 0.005429152 -0.003876572 0.002164987
v 0.005429152 -0.003876572 0
v 0.005405536 -0.003783346 -0.002112922
v 0.005429152 -0.003876572 -0.002164987
v 0.005405536 -0.003783346 0
v 0.005429152 -0.003876572 0.002164987
v 0.005405536 -0.003783346 0.002112922
v 0.005429152 -0.003876572 -0.002164987
v 0.005405536 -0.003783346 -0.002112922
v 0.005405536 -0.001891673 -0.002112922
v 0.005429152 -0.001938286 -0.002164987
v 0.005405536 0 -0.002112922
v 0.005429152 0 -0.002164987
v 0.005405536 0.001891673 -0.002112922
v 0.005429152 0.001938286 -0.002164987
v 0.005405536 0.003783346 -0.002112922
v 0.005429152 0.003876572 -0.002164987
v 0.005452768 -0.003997126 -0.002232314
v 0.005452768 -0.001998563 -0.002232314
v 0.005452768 0 -0.002232314
v 0.005452768 0.001998563 -0.002232314
v 0.005452768 -0.003997126 0
v 0.005429152 -0.003876572 0
v 0.005452768 0.003997126 -0.002232314
v 0.005429152 0.003876572 0
v 0.005452768 -0.003997126 0.002232314
v 0.005429152 -0.003876572 0.002164987
v 0.005452768 0.003997126 0
v 0.005429152 0.003876572 0.002164987
v 0.005452768 -0.001998563 0.002232314
v 0.005429152 -0.001938286 0.002164987
v 0.005452768 0.003997126 0.002232314
v 0.005429152 0.001938286 0.002164987
v 0.005452768 0 0.002232314
v 0.005429152 0 0.002164987
v 0.005452768 0.001998563 0.002232314
v 0.005476384 -0.004104958 0.002292536
v 0.005476384 -0.002052479 0.002292536
v 0.005476384 -0.004104958 0
v 0.005476384 0 0.002292536
v 0.005476384 0.002052479 0.002292536
v 0.005476384 -0.004104958 -0.002292536
v 0.005476384 0.004104958 0.002292536
v 0.005476384 0.004104958 0
v 0.005476384 -0.002052479 -0.002292536
v 0.005476384 0.004104958 -0.002292536
v 0.005476384 0 -0.002292536
v 0.005476384 0.002052479 -0.002292536
v 0.005405536 -0.001891673 -0.002112922
v 0.005405536 -0.003783346 -0.002112922
v 0.005405536 -0.003783346 0
v 0.005405536 -0.001891673 0
v 0.005405536 -0.003783346 0.002112922
v 0.005405536 0 -0.002112922
v 0.005405536 -0.001891673 0.002112922
v 0.005405536 0 0
v 0.005405536 0.001891673 -0.002112922
v 0.005405536 0 0.002112922
v 0.005405536 0.001891673 0
v 0.005405536 0.003783346 -0.002112922
v 0.005405536 0.001891673 0.002112922
v 0.005405536 0.003783346 0
v 0.005405536 0.003783346 0.002112922
v 0.0055 0.00415625 -0.002321182
v 0.005476384 0.004104958 -0.002292536
v 0.005476384 0.004104958 0
v 0.0055 0.00415625 0
v 0.005476384 0.004104958 0.002292536
v 0.0055 0.00415625 0.002321182
v 0.0055 0.00415625 0.002321182
v 0.005476384 0.004104958 0.002292536
v 0.005476384 0.002052479 0.002292536
v 0.0055 0.002078125 0.002321182
v 0.005476384 0 0.002292536
v 0.0055 0 0.002321182
v 0.005476384 -0.002052479 0.002292536
v 0.0055 -0.002078125 0.002321182
v 0.005476384 -0.004104958 0.002292536
v 0.0055 -0.00415625 0.002321182
v 0.0055 -0.00415625 0
v 0.005476384 -0.004104958 -0.002292536
v 0.0055 -0.00415625 -0.002321182
v 0.005476384 -0.004104958 0
v 0.0055 -0.00415625 0.002321182
v 0.005476384 -0.004104958 0.002292536
v 0.0055 -0.00415625 -0.002321182
v 0.005476384 -0.004104958 -0.002292536
v 0.005476384 -0.002052479 -0.002292536
v 0.0055 -0.002078125 -0.002321182
v 0.005476384 0 -0.002292536
v 0.0055 0 -0.002321182
v 0.005476384 0.002052479 -0.002292536
v 0.0055 0.002078125 -0.002321182
v 0.005476384 0.004104958 -0.002292536
v 0.0055 0.00415625 -0.002321182
v 0.0005777268 0.01830926 0.01583446
v 0.0005777268 0.0185946 0.01647061
v 0.0005777268 0.0186061 0.01604076
v 0.0005777268 0.01875656 0.01632657
v 0.0005619638 0.01880996 0.01642552
v 0.0005619638 0.01889815 0.01633884
v 0.0005777268 0.01880531 0.01627867
v 0.0005620654 0.01897325 0.01624692
v 0.0005777268 0.01812003 0.01511723
v 0.0005777268 0.01884715 0.01620952
v 0.0005777268 0.01896935 0.01602176
v 0.0005618981 0.01906567 0.01611344
v 0.0005619127 0.01916131 0.01596788
v 0.0005777268 0.01825435 0.01516969
v 0.0005777268 0.01908427 0.01584615
v 0.0005549811 0.01919668 0.01593558
v 0.0005620545 0.01919877 0.01585324
v 0.0005620492 0.01923607 0.01562777
v 0.0005777268 0.01912272 0.01560956
v 0.0005620654 0.01924358 0.01551974
v 0.0005777268 0.01793235 0.014845
v 0.0005777268 0.01911491 0.01554614
v 0.0005777268 0.01791446 0.0146897
v 0.0005619638 0.01778333 0.01465836
v 0.0005777268 0.01911164 0.01529717
v 0.0005619638 0.01924483 0.01536312
v 0.0005619637 0.01924483 0.00724104
v 0.0005777268 0.01843105 0.00724104
v 0.0005619638 0.01829781 0.007240115
v 0.0005903819 0.01834624 0.007018007
v 0.0005777268 0.01911164 0.00724104
v 0.0005672587 0.01924258 0.007135096
v 0.0005829206 0.01862925 0.007135164
v 0.0005829206 0.01910749 0.007135164
v 0.0005954594 0.01882746 0.007031777
v 0.0006074008 0.01872315 0.006964118
v 0.0006399192 0.01882633 0.006781014
v 0.0005954594 0.01910335 0.007031777
v 0.0005781594 0.01923695 0.007035253
v 0.0006035725 0.01922532 0.00688961
v 0.0006138432 0.01909494 0.006926418
v 0.0006269443 0.01920457 0.006757402
v 0.0006387905 0.0190759 0.006784627
v 0.0006552887 0.01904995 0.006692931
v 0.0006438533 0.01917213 0.006662306
v 0.0006678919 0.01909968 0.006529728
v 0.0006706581 0.01900362 0.006608165
v 0.000688215 0.01900795 0.0063945
v 0.0006633768 0.0187697 0.006626057
v 0.0006888089 0.01891639 0.006483049
v 0.0007010869 0.01883159 0.006354573
v 0.000697042 0.01891043 0.006296059
v 0.0006970419 0.01881735 0.006235044
v 0.0006809615 0.01871551 0.006467739
v 0.0007010868 0.01877705 0.006318827
v 0.0006973827 0.0186553 0.006148112
v 0.0006873691 0.01857741 0.006339037
v 0.0007009336 0.01861889 0.00623867
v 0.0007038232 0.01845892 0.006159913
v 0.0006978432 0.01849502 0.00608894
v 0.0006978433 0.0184452 0.00607753
v 0.0006968191 0.0184375 0.006211739
v 0.0007038231 0.0184375 0.006155008
v 0.0006979775 0.01824966 0.006045035
v 0.0006217158 0.01818783 0.006789678
v 0.0007032551 0.01824975 0.006129242
v 0.0005906284 0.01806164 0.007028905
v 0.0005657425 0.01806164 0.007102797
v 0.0007047572 0.01806164 0.006104498
v 0.0006981168 0.01806164 0.006030608
v 0.0006981168 0.01768836 0.006030608
v 0.0005906284 0.01768836 0.007028905
v 0.0005657425 0.01768836 0.007102797
v 0.0005862085 0.01757961 0.007114616
v 0.0006020528 0.0175555 0.007084427
v 0.0007047572 0.01768836 0.006104498
v 0.0007222155 0.01757961 0.006018423
v 0.0007306836 0.01755543 0.006042558
v -0.0005777268 -0.01875656 0.01632657
v -0.0005619638 -0.01880996 0.01642552
v -0.0005619638 -0.01889815 0.01633884
v -0.0005777268 -0.0186061 0.01604076
v -0.0005777268 -0.01880531 0.01627867
v -0.0005620654 -0.01897313 0.01624406
v -0.0005777268 -0.01803619 0.01510977
v -0.0005777268 -0.01791277 0.01471395
v -0.0005619638 -0.01778249 0.01467049
v -0.0005777268 -0.01883614 0.01621369
v -0.0005777268 -0.01897973 0.0159882
v -0.0005618749 -0.01907155 0.01609942
v -0.0005618844 -0.01915823 0.01596727
v -0.0005777268 -0.01907633 0.01583968
v -0.0005777268 -0.01913803 0.01545452
v -0.0005549811 -0.01919523 0.01593446
v -0.0005620199 -0.01919681 0.01585002
v -0.0005619882 -0.0192465 0.01554828
v -0.0005549811 -0.01926959 0.0155157
v -0.0005620585 -0.01925214 0.01544264
v -0.0005620563 -0.01925184 0.007241041
v -0.0005777268 -0.01843105 0.00724104
v -0.0005619638 -0.01829781 0.007240115
v -0.0005903819 -0.01834624 0.007018006
v -0.0005777268 -0.01913701 0.00724104
v -0.0005672587 -0.01924628 0.007135096
v -0.0005829206 -0.01862925 0.007135164
v -0.0005829206 -0.01912018 0.007135164
v -0.0005954594 -0.01882746 0.007031777
v -0.0006074008 -0.01872315 0.006964118
v -0.0006399192 -0.01882633 0.006781014
v -0.0005954594 -0.01910335 0.007031777
v -0.0005781594 -0.01923695 0.007035253
v -0.0006035725 -0.01922532 0.00688961
v -0.0006138432 -0.01909494 0.006926418
v -0.0006269443 -0.01920457 0.006757401
v -0.0006387905 -0.0190759 0.006784627
v -0.0006552887 -0.01904995 0.006692931
v -0.0006438533 -0.01917213 0.006662306
v -0.0006678919 -0.01909968 0.006529728
v -0.0006706581 -0.01900362 0.006608165
v -0.000688215 -0.01900795 0.0063945
v -0.0006633768 -0.0187697 0.006626057
v -0.0006888089 -0.01891639 0.006483049
v -0.0007010869 -0.01883159 0.006354573
v -0.000697042 -0.01891043 0.006296059
v -0.0006970419 -0.01881735 0.006235044
v -0.0006809615 -0.01871551 0.006467739
v -0.0007010868 -0.01877705 0.006318827
v -0.0006973827 -0.0186553 0.006148112
v -0.0006873691 -0.01857741 0.006339037
v -0.0007009336 -0.01861889 0.00623867
v -0.0007038232 -0.01845892 0.006159913
v -0.0006978432 -0.01849502 0.00608894
v -0.0006978433 -0.0184452 0.00607753
v -0.0006968191 -0.0184375 0.006211739
v -0.0007038231 -0.0184375 0.006155008
v -0.0006979775 -0.01824966 0.006045035
v -0.0006217158 -0.01818783 0.006789678
v -0.0007032551 -0.01824975 0.006129242
v -0.0005906284 -0.01806164 0.007028905
v -0.0005657425 -0.01806164 0.007102797
v -0.0007047572 -0.01806164 0.006104498
v -0.0006981168 -0.01806164 0.006030608
v -0.0006981168 -0.01768836 0.006030608
v -0.0005906284 -0.01768836 0.007028905
v -0.0005657425 -0.01768836 0.007102797
v -0.0005862086 -0.01757961 0.007114616
v -0.0006020528 -0.0175555 0.007084427
v -0.0007047572 -0.01768836 0.006104498
v -0.0007222155 -0.01757961 0.006018423
v -0.0007306836 -0.01755543 0.006042558
v 0.005050895 0.0172753 0.004965009
v 0.005002755 0.01743354 0.004973052
v 0.005057243 0.0174064 0.004927369
v 0.005448104 0.01714929 0.004657414
v 0.005449105 0.01701397 0.00469124
v 0.005478066 0.01710604 0.004624574
v 0.005485508 0.01699155 0.004635925
v 0.005485093 0.008948156 0.004634972
v 0.005449105 0.009036935 0.00469124
v 0.005478129 0.008853712 0.004652068
v 0.005002658 0.01729346 0.005009594
v 0.005050895 0.008949826 0.00496501
v 0.004958179 0.01731163 0.005067747
v 0.00495939 0.01744457 0.005021693
v 0.005002658 0.008849913 0.005009594
v 0.003107545 0.01731163 0.008065656
v 0.003058386 0.01744468 0.00810099
v 0.003045253 0.01742039 0.008116161
v 0.002990781 0.0175 0.008103281
v 0.005449105 0.008848242 0.00469124
v 0.005050895 0.008761134 0.00496501
v 0.005014407 0.008755662 0.004997057
v 0.005449105 0.008659548 0.00469124
v 0.005485093 0.00875946 0.004634972
v 0.005485612 0.006963975 0.004635877
v 0.005050895 0.00857244 0.004965009
v 0.005449105 0.006948659 0.00469124
v 0.005477959 0.006851496 0.004624623
v 0.005447851 0.006814261 0.004657532
v 0.005056957 0.006642973 0.004927533
v 0.005050895 0.006774443 0.00496501
v 0.005019512 0.006559522 0.004967077
v 0.005002658 0.00866122 0.005009594
v 0.005002658 0.006668471 0.005009594
v 0.004958179 0.0065625 0.005067747
v 0.005003043 0.006449641 0.005012197
v 0.005003043 0.004368309 0.005012197
v 0.004958179 0.004375 0.005067747
v 0.005052211 0.006336781 0.004973894
v 0.005057103 0.00646895 0.004938984
v 0.005447446 0.006212147 0.00474315
v 0.005003043 0 0.005012197
v 0.004958179 0 0.005067747
v 0.005052211 0.004352157 0.004973894
v 0.005447789 0.006077183 0.004776105
v 0.005477788 0.006168686 0.004714937
v 0.00548485 0.006054408 0.004726712
v 0.005484708 0.00416294 0.004726119
v 0.005447789 0.004179093 0.004776105
v 0.005484708 0 0.004726119
v 0.005447789 0 0.004776105
v 0.005484708 -0.00416294 0.004726119
v 0.005052211 0 0.004973894
v 0.005447789 -0.004179093 0.004776105
v 0.00548485 -0.006054408 0.004726712
v 0.005052211 -0.004352157 0.004973894
v 0.005447789 -0.006077183 0.004776105
v 0.005477788 -0.006168686 0.004714936
v 0.005447446 -0.006212147 0.00474315
v 0.005057103 -0.00646895 0.004938984
v 0.005052211 -0.006336781 0.004973894
v 0.005019511 -0.006559522 0.004967077
v 0.005003043 -0.004368309 0.005012197
v 0.004958179 -0.004375 0.005067747
v 0.005003043 -0.006449641 0.005012197
v 0.004958179 -0.0065625 0.005067747
v 0.005002658 -0.006668471 0.005009594
v 0.005002658 -0.00866122 0.005009594
v 0.005050895 -0.006774443 0.004965009
v 0.005056957 -0.006642973 0.004927533
v 0.005447851 -0.006814261 0.004657531
v 0.005050895 -0.00857244 0.00496501
v 0.005449105 -0.006948659 0.00469124
v 0.005477959 -0.006851496 0.004624623
v 0.005485612 -0.006963975 0.004635876
v 0.005485093 -0.00875946 0.004634972
v 0.005449105 -0.008659548 0.00469124
v 0.005478129 -0.008853712 0.004652068
v 0.005014406 -0.008755663 0.004997057
v 0.005050895 -0.008761134 0.00496501
v 0.005449105 -0.008848242 0.00469124
v 0.005050895 -0.008949826 0.004965009
v 0.005449105 -0.009036935 0.00469124
v 0.005485092 -0.008948156 0.004634972
v 0.005485508 -0.01699155 0.004635925
v 0.005449105 -0.01701397 0.00469124
v 0.005478066 -0.01710604 0.004624574
v 0.005448104 -0.01714929 0.004657414
v 0.005057243 -0.0174064 0.004927369
v 0.005050895 -0.0172753 0.004965009
v 0.005002755 -0.01743354 0.004973052
v 0.005002658 -0.008849913 0.005009594
v 0.005002658 -0.01729347 0.005009594
v 0.004958179 -0.01731163 0.005067747
v 0.00495939 -0.01744457 0.005021692
v 0.003058386 -0.01744468 0.00810099
v 0.003107545 -0.01731163 0.008065656
v 0.003045253 -0.01742039 0.008116161
v 0.002990781 -0.0175 0.008103281
v 0.002997455 -0.01744611 0.008124274
v -0.002990781 -0.0175 0.008103281
v 0.003062211 -0.00875 0.00811356
v 0.003062211 -0.01731163 0.00811356
v 0.003011906 -0.01731163 0.008133403
v -0.002997455 -0.01744611 0.008124275
v 0.003011906 -0.00875 0.008133403
v 0.003062211 -0.0065625 0.00811356
v 0.003107545 -0.0065625 0.008065656
v -0.003045253 -0.01742039 0.008116161
v -0.003058386 -0.01744468 0.00810099
v -0.003107545 -0.01731163 0.008065656
v -0.003011906 -0.01731163 0.008133403
v -0.003062211 -0.01731163 0.00811356
v -0.003107545 -0.00875 0.008065656
v -0.003062211 -0.00875 0.00811356
v -0.003107545 -0.0065625 0.008065656
v 0.003011906 -0.0065625 0.008133403
v -0.003011906 -0.00875 0.008133403
v -0.003062211 -0.0065625 0.00811356
v -0.003107545 -0.004375 0.008065656
v -0.003011906 -0.0065625 0.008133403
v -0.003062211 -0.004375 0.00811356
v -0.003107545 0 0.008065656
v 0.003011906 -0.004375 0.008133403
v -0.003062211 0 0.00811356
v -0.003107545 0.004375 0.008065656
v -0.003011906 -0.004375 0.008133403
v 0.003062211 -0.004375 0.00811356
v 0.003107545 -0.004375 0.008065656
v -0.003062211 0.004375 0.00811356
v -0.003107545 0.0065625 0.008065656
v -0.003011906 0 0.008133403
v 0.003011906 0 0.008133403
v 0.003062211 0 0.00811356
v 0.003107545 0 0.008065656
v -0.003062211 0.0065625 0.00811356
v -0.003107545 0.00875 0.008065656
v -0.003011906 0.004375 0.008133403
v 0.003011906 0.004375 0.008133403
v 0.003062211 0.004375 0.00811356
v 0.003107545 0.004375 0.008065656
v -0.003062211 0.00875 0.00811356
v -0.003107545 0.01731163 0.008065656
v -0.003011906 0.0065625 0.008133403
v 0.003011906 0.0065625 0.008133403
v 0.003062211 0.0065625 0.00811356
v 0.003107545 0.0065625 0.008065656
v 0.003011906 0.00875 0.008133403
v 0.003062211 0.00875 0.00811356
v -0.003011906 0.00875 0.008133403
v -0.003062211 0.01731163 0.00811356
v 0.003011906 0.01731163 0.008133403
v 0.003062211 0.01731163 0.00811356
v -0.003045253 0.01742039 0.008116161
v -0.003058386 0.01744468 0.00810099
v -0.002990781 0.0175 0.008103281
v -0.003011906 0.01731163 0.008133403
v 0.002997455 0.01744611 0.008124275
v -0.002997455 0.01744611 0.008124274
v 0.005052897 0.006527786 0.004862713
v 0.005019512 0.006559522 0.004967077
v 0.005031134 0.006559175 0.004856136
v 0.005057103 0.00646895 0.004938984
v 0.005031134 0.006559176 4.904484E-05
v 0.005052897 0.006527787 0
v 0.005032393 0.006566344 -5.093523E-06
v 0.005031134 0.006559176 -5.905837E-05
v 0.005031134 0.006559176 -0.004868551
v 0.005447103 0.006269088 0.004665609
v 0.005447446 0.006212147 0.00474315
v 0.005477788 0.006168686 0.004714937
v 0.005484365 0.006190105 0.00464858
v 0.005447103 0.006269088 0
v 0.005484507 0.006189372 0
v 0.005447103 0.006269088 -0.004665609
v 0.005484365 0.006190105 -0.004648579
v 0.005477788 0.006168686 -0.004714936
v 0.005447103 0.006269088 0
v 0.005447446 0.006212147 -0.00474315
v 0.005052897 0.006527787 -0.004862713
v 0.005027201 0.006521471 -0.004992949
v 0.005057103 0.00646895 -0.004938984
v 0.005052897 -0.006527787 0.004862713
v 0.005031134 -0.006559176 0.004856136
v 0.005019511 -0.006559522 0.004967077
v 0.005052897 -0.006527787 0
v 0.005057103 -0.00646895 0.004938984
v 0.005031134 -0.006559176 4.904511E-05
v 0.005032393 -0.006566344 -5.093576E-06
v 0.005447446 -0.006212147 0.00474315
v 0.005031134 -0.006559176 -5.905913E-05
v 0.005447103 -0.006269088 0.004665609
v 0.005477788 -0.006168686 0.004714936
v 0.005484365 -0.006190105 0.004648579
v 0.005484507 -0.006189372 0
v 0.005447103 -0.006269088 0
v 0.005447103 -0.006269088 0
v 0.005484365 -0.006190105 -0.004648579
v 0.005447103 -0.006269088 -0.004665609
v 0.005477788 -0.006168686 -0.004714936
v 0.005447446 -0.006212147 -0.00474315
v 0.005057103 -0.00646895 -0.004938984
v 0.005052897 -0.006527786 -0.004862713
v 0.005031134 -0.006559175 -0.004868551
v 0.0050272 -0.006521472 -0.004992949
v 0.0055 -0.006046011 -0.007329863
v 0.005477471 -0.006168856 -0.00739478
v 0.005484676 -0.006189938 -0.007331676
v 0.005484099 -0.006054811 -0.007408002
v 0.005484676 -0.006189938 -0.005168324
v 0.0055 -0.00415625 -0.007329863
v 0.005484268 -0.004163133 -0.00740794
v 0.0055 -0.006046011 -0.005170137
v 0.005477471 -0.006168856 -0.00510522
v 0.005484099 -0.006054811 -0.005091997
v 0.005484268 -0.004163133 -0.00509206
v 0.0055 -0.00415625 -0.005170137
v 0.005484268 0 -0.00509206
v 0.0055 0 -0.007329863
v 0.005484268 0 -0.00740794
v 0.0055 0 -0.005170137
v 0.005484268 0.004163133 -0.00509206
v 0.0055 0.00415625 -0.007329863
v 0.005484268 0.004163133 -0.00740794
v 0.0055 0.00415625 -0.005170137
v 0.005484099 0.006054811 -0.005091997
v 0.0055 0.006046011 -0.007329863
v 0.005484099 0.006054811 -0.007408002
v 0.005477471 0.006168856 -0.00739478
v 0.005484676 0.006189938 -0.007331676
v 0.0055 0.006046011 -0.005170137
v 0.005477471 0.006168856 -0.005105219
v 0.005484676 0.006189938 -0.005168323
v 0.0055 -0.006046011 -0.004642363
v 0.00548485 -0.006054408 -0.004726712
v 0.005477788 -0.006168686 -0.004714936
v 0.005484365 -0.006190105 -0.004648579
v 0.005484708 -0.00416294 -0.004726119
v 0.005484507 -0.006189372 0
v 0.0055 -0.00510113 -0.004642363
v 0.0055 -0.00415625 -0.004642363
v 0.005484708 0 -0.004726119
v 0.0055 -0.006046011 0
v 0.0055 -0.006046011 0.004642363
v 0.005484365 -0.006190105 0.004648579
v 0.005477788 -0.006168686 0.004714936
v 0.00548485 -0.006054408 0.004726712
v 0.005484708 -0.00416294 0.004726119
v 0.0055 -0.006046011 -0.002321182
v 0.0055 -0.00510113 -0.002321182
v 0.0055 -0.002078125 -0.004642363
v 0.0055 -0.00415625 -0.002321182
v 0.0055 -0.00510113 0
v 0.0055 -0.002078125 -0.002321182
v 0.0055 -0.00415625 0
v 0.0055 0 -0.004642363
v 0.0055 0 -0.002321182
v 0.005484708 0.00416294 -0.004726119
v 0.0055 0.002078125 -0.004642363
v 0.0055 0.002078125 -0.002321182
v 0.0055 0.00415625 -0.004642363
v 0.0055 0.00415625 -0.002321182
v 0.0055 0.00510113 -0.004642363
v 0.00548485 0.006054408 -0.004726712
v 0.0055 -0.00510113 0.002321182
v 0.0055 -0.00415625 0.002321182
v 0.0055 0.00510113 -0.002321182
v 0.0055 0.00415625 0
v 0.0055 0.006046011 -0.004642363
v 0.005477788 0.006168686 -0.004714936
v 0.005484365 0.006190105 -0.004648579
v 0.0055 0.00510113 0
v 0.0055 0.00415625 0.002321182
v 0.0055 0.006046011 -0.002321182
v 0.0055 0.006046011 0
v 0.005484507 0.006189372 0
v 0.0055 0.00510113 0.002321182
v 0.0055 0.006046011 0.002321182
v 0.0055 0.006046011 0.004642363
v 0.005484365 0.006190105 0.00464858
v 0.005477788 0.006168686 0.004714937
v 0.00548485 0.006054408 0.004726712
v 0.0055 0.00510113 0.004642363
v 0.005484708 0.00416294 0.004726119
v 0.0055 0.00415625 0.004642363
v 0.0055 0.002078125 0.004642363
v 0.0055 0.002078125 0.002321182
v 0.005484708 0 0.004726119
v 0.0055 0 0.004642363
v 0.0055 0 0.002321182
v 0.0055 -0.002078125 0.004642363
v 0.0055 -0.002078125 0.002321182
v 0.0055 -0.00415625 0.004642363
v 0.0055 -0.00510113 0.004642363
v 0.0055 -0.006046011 0.002321182
v 0.005447789 0.006077183 -0.004776105
v 0.005477788 0.006168686 -0.004714936
v 0.005447446 0.006212147 -0.00474315
v 0.00548485 0.006054408 -0.004726712
v 0.005057103 0.00646895 -0.004938984
v 0.005447789 0.004179093 -0.004776105
v 0.005484708 0.00416294 -0.004726119
v 0.005052211 0.006336781 -0.004973894
v 0.005027201 0.006521471 -0.004992949
v 0.005031025 0.006336199 -0.004994321
v 0.005031025 0.004361426 -0.004994321
v 0.005052211 0.004352157 -0.004973894
v 0.005031025 0 -0.004994321
v 0.005052211 0 -0.004973894
v 0.005031025 -0.004361426 -0.004994321
v 0.005447789 0 -0.004776105
v 0.005484708 0 -0.004726119
v 0.005052211 -0.004352157 -0.004973894
v 0.005031025 -0.006336198 -0.004994321
v 0.005447789 -0.004179093 -0.004776105
v 0.005484708 -0.00416294 -0.004726119
v 0.005052211 -0.006336781 -0.004973894
v 0.0050272 -0.006521472 -0.004992949
v 0.005057103 -0.00646895 -0.004938984
v 0.005447446 -0.006212147 -0.00474315
v 0.005447789 -0.006077183 -0.004776105
v 0.00548485 -0.006054408 -0.004726712
v 0.005477788 -0.006168686 -0.004714936
v 0.0055 -0.006969614 -0.007111113
v 0.005477766 -0.006851422 -0.007184894
v 0.005485156 -0.006963799 -0.007196425
v 0.005484029 -0.006829151 -0.00711804
v 0.0055 -0.006969614 -0.00484375
v 0.005484359 -0.006829577 -0.004906555
v 0.005477051 -0.006804839 -0.00485224
v 0.005484826 -0.008759356 -0.007195759
v 0.0055 -0.008859375 -0.007111113
v 0.005477735 -0.008853612 -0.007212056
v 0.005484826 -0.00894806 -0.007195759
v 0.005484359 -0.006829577 -0.004797633
v 0.0055 -0.006969614 -9.375006E-05
v 0.005484359 -0.006829577 -0.0001427941
v 0.005477051 -0.006804839 -8.865675E-05
v 0.005485051 -0.0169918 -0.007196469
v 0.005484359 -0.006829577 -3.469357E-05
v 0.0055 -0.008859375 -0.00484375
v 0.0055 -0.01698351 -0.007111113
v 0.005477873 -0.01710614 -0.007184851
v 0.005484282 -0.01712765 -0.007117936
v 0.005484507 -0.01712687 -0.004848592
v 0.0055 -0.01698351 -0.00484375
v 0.005484507 -0.01712687 -9.084513E-05
v 0.0055 -0.01698351 -9.375006E-05
v 0.005484092 -0.01712775 0.004556561
v 0.0055 -0.008859375 -9.375006E-05
v 0.0055 -0.008859375 0.004548613
v 0.0055 -0.01698351 0.004548613
v 0.005478066 -0.01710604 0.004624574
v 0.005485508 -0.01699155 0.004635925
v 0.005485092 -0.008948156 0.004634972
v 0.005478129 -0.008853712 0.004652068
v 0.005485093 -0.00875946 0.004634972
v 0.005485612 -0.006963975 0.004635876
v 0.0055 -0.006969614 0.004548613
v 0.005477959 -0.006851496 0.004624623
v 0.005483839 -0.006829079 0.004556678
v 0.0055 0.006969614 -0.007111113
v 0.005485156 0.006963799 -0.007196425
v 0.005477766 0.006851422 -0.007184894
v 0.0055 0.008859375 -0.007111113
v 0.0055 0.006969614 -0.00484375
v 0.005484029 0.006829151 -0.00711804
v 0.005484359 0.006829577 -0.004906555
v 0.005484826 0.008759357 -0.007195759
v 0.005477051 0.006804839 -0.004852239
v 0.005477736 0.008853612 -0.007212055
v 0.005484359 0.006829577 -0.004797633
v 0.005484826 0.00894806 -0.007195759
v 0.005484359 0.006829577 -0.0001427941
v 0.0055 0.006969614 -9.375006E-05
v 0.005477051 0.006804839 -8.865663E-05
v 0.005484359 0.006829577 -3.469299E-05
v 0.005483839 0.006829079 0.004556679
v 0.0055 0.01698351 -0.007111113
v 0.005485051 0.0169918 -0.007196469
v 0.005477873 0.01710614 -0.007184851
v 0.005484282 0.01712765 -0.007117936
v 0.0055 0.008859375 -0.00484375
v 0.0055 0.01698351 -0.00484375
v 0.005484507 0.01712687 -0.004848592
v 0.0055 0.006969614 0.004548613
v 0.005477959 0.006851496 0.004624623
v 0.005485612 0.006963975 0.004635877
v 0.005485093 0.00875946 0.004634972
v 0.0055 0.008859375 0.004548613
v 0.005478129 0.008853712 0.004652068
v 0.005485093 0.008948156 0.004634972
v 0.005485508 0.01699155 0.004635925
v 0.0055 0.008859375 -9.375006E-05
v 0.0055 0.01698351 -9.375006E-05
v 0.005484507 0.01712687 -9.084513E-05
v 0.0055 0.01698351 0.004548613
v 0.005478066 0.01710604 0.004624574
v 0.005484092 0.01712775 0.004556561
v 0.005 -0.0065625 -0.007607637
v 0.005015174 -0.006668694 -0.00752299
v 0.005023403 -0.00655951 -0.007477505
v 0.005 -0.00875 -0.007607637
v 0.005015732 -0.006449059 -0.00752956
v 0.005015174 -0.008661314 -0.00752299
v 0.005022264 -0.008755766 -0.007506693
v 0.005015732 -0.004368117 -0.00752956
v 0.005015174 -0.008850018 -0.00752299
v 0.005 -0.004375 -0.007607637
v 0.005015732 0 -0.00752956
v 0.005 -0.01731163 -0.007607637
v 0.005015174 -0.01729311 -0.00752299
v 0.0050094 -0.01743347 -0.007489733
v 0.004984237 -0.01744483 -0.007553818
v 0.005 -0.01731163 -0.009892363
v 0.004984237 -0.01744483 -0.009892363
v 0.004977254 -0.01742039 -0.009954507
v 0.004984237 -0.01731164 -0.009968475
v 0.005 -0.00875 -0.009892363
v 0.004984237 -0.00875 -0.009968475
v 0.005 -0.0065625 -0.009892363
v 0.004984237 -0.0065625 -0.009968475
v 0.005 -0.004375 -0.009892363
v 0.004984237 -0.004375 -0.009968475
v 0.005 0 -0.009892363
v 0.004984237 0 -0.009968475
v 0.005 0 -0.007607637
v 0.005015732 0.004368117 -0.00752956
v 0.005 0.004375 -0.009892363
v 0.004984237 0.004375 -0.009968475
v 0.005 0.004375 -0.007607637
v 0.005015732 0.006449059 -0.00752956
v 0.005 0.0065625 -0.007607637
v 0.005023401 0.00655951 -0.007477504
v 0.005015174 0.006668695 -0.00752299
v 0.005015174 0.008661314 -0.00752299
v 0.005 0.00875 -0.007607637
v 0.005022264 0.008755766 -0.007506693
v 0.005015174 0.00885002 -0.00752299
v 0.005015174 0.01729311 -0.00752299
v 0.005 0.0065625 -0.009892363
v 0.004984237 0.0065625 -0.009968475
v 0.005 0.00875 -0.009892363
v 0.004984237 0.00875 -0.009968475
v 0.005 0.01731163 -0.009892363
v 0.004984237 0.01731164 -0.009968475
v 0.004977254 0.01742039 -0.009954507
v 0.004984237 0.01744483 -0.009892363
v 0.005 0.01731163 -0.007607637
v 0.0050094 0.01743347 -0.007489734
v 0.004984237 0.01744483 -0.007553818
v 0.005051808 -0.01727459 -0.007470858
v 0.005015174 -0.01729311 -0.00752299
v 0.0050094 -0.01743347 -0.007489733
v 0.005057178 -0.01740642 -0.007435129
v 0.005447648 -0.01714954 -0.007214654
v 0.005051808 -0.008950039 -0.007470857
v 0.005015174 -0.008850018 -0.00752299
v 0.005022264 -0.008755766 -0.007506693
v 0.005448191 -0.01701447 -0.007247893
v 0.005477873 -0.01710614 -0.007184851
v 0.005485051 -0.0169918 -0.007196469
v 0.005484826 -0.00894806 -0.007195759
v 0.005448191 -0.009036747 -0.007247892
v 0.005477735 -0.008853612 -0.007212056
v 0.005051808 -0.008761334 -0.007470858
v 0.005448191 -0.008848042 -0.007247893
v 0.005051808 -0.008572629 -0.007470858
v 0.005015174 -0.008661314 -0.00752299
v 0.005448191 -0.008659338 -0.007247893
v 0.005484826 -0.008759356 -0.007195759
v 0.005485156 -0.006963799 -0.007196425
v 0.005448191 -0.006948306 -0.007247892
v 0.005477766 -0.006851422 -0.007184894
v 0.005447395 -0.006814085 -0.007214758
v 0.00505686 -0.006642945 -0.007435285
v 0.005051808 -0.006774889 -0.007470857
v 0.005015174 -0.006668694 -0.00752299
v 0.005023403 -0.00655951 -0.007477505
v 0.005051808 0.01727459 -0.007470858
v 0.005057178 0.01740641 -0.007435129
v 0.0050094 0.01743347 -0.007489734
v 0.005015174 0.01729311 -0.00752299
v 0.005015174 0.00885002 -0.00752299
v 0.005448191 0.01701447 -0.007247892
v 0.005447648 0.01714954 -0.007214654
v 0.005477873 0.01710614 -0.007184851
v 0.005485051 0.0169918 -0.007196469
v 0.005051808 0.008950039 -0.007470858
v 0.005022264 0.008755766 -0.007506693
v 0.005448191 0.009036747 -0.007247892
v 0.005484826 0.00894806 -0.007195759
v 0.005477736 0.008853612 -0.007212055
v 0.005448191 0.008848042 -0.007247892
v 0.005051808 0.008761334 -0.007470858
v 0.005448191 0.008659338 -0.007247892
v 0.005484826 0.008759357 -0.007195759
v 0.005051808 0.008572629 -0.007470858
v 0.005015174 0.008661314 -0.00752299
v 0.005015174 0.006668695 -0.00752299
v 0.005051808 0.006774889 -0.007470858
v 0.005023401 0.00655951 -0.007477504
v 0.00505686 0.006642945 -0.007435286
v 0.005447395 0.006814085 -0.007214758
v 0.005448191 0.006948306 -0.007247892
v 0.005485156 0.006963799 -0.007196425
v 0.005477766 0.006851422 -0.007184894
v 0.003107545 -0.0065625 0.008065656
v 0.003119801 -0.0065625 0.007996363
v 0.003122055 -0.006656682 0.008008454
v 0.003122055 -0.006468317 0.008008454
v 0.003122055 -0.008373271 0.008008454
v 0.003107545 -0.004375 0.008065656
v 0.003122055 -0.004469182 0.008008454
v 0.003119801 -0.004375 0.007996363
v 0.003122055 -0.004280817 0.008008454
v 0.003107545 0 0.008065656
v 0.003122055 -9.418252E-05 0.008008454
v 0.003119801 -2.157088E-11 0.007996363
v 0.003122055 9.418239E-05 0.008008454
v 0.003107545 0.004375 0.008065656
v 0.003122055 0.004280817 0.008008454
v 0.003119801 0.004375 0.007996363
v 0.003122055 0.004469182 0.008008454
v 0.003107545 0.0065625 0.008065656
v 0.003122055 0.006468317 0.008008454
v 0.003119801 0.0065625 0.007996363
v 0.003122055 0.006656682 0.008008454
v 0.003107545 0.008561635 0.008065656
v 0.003122055 0.008373271 0.008008454
v 0.003127496 0.008373271 0.007983074
v 0.00312969 0.008428441 0.007989213
v 0.003097942 0.008184907 0.007966164
v 0.003137804 0.008373271 0.007878125
v 0.003114586 0.008318101 0.007943445
v 0.003107545 -0.008561635 0.008065656
v 0.003127496 -0.008373271 0.007983074
v 0.00312969 -0.008428441 0.007989213
v 0.003097942 -0.008184907 0.007966164
v 0.003137804 -0.008373271 0.007878125
v 0.003114586 -0.008318101 0.007943445
vn 0 0 1
vn 0 0 1
vn 0 0 1
vn 0 0 1
vn 0 0 1
vn 0 0 1
vn 0 0 1
vn 0 0 1
vn 0 0 1
vn 0 0 1
vn 0 0 1
vn 0 0 1
vn 0.6930444 0.1583563 0.7032871
vn 0.8470998 0.1515848 0.5093564
vn 0.8728561 0.3627716 0.3263725
vn 0.7794586 0.3576573 0.5143205
vn 0.8054152 0.5898845 0.05781597
vn 0.8397927 0.5428852 0.004874163
vn 0.8728561 0.3627716 0.3263725
vn 0.8885114 0.4408185 0.1273831
vn 0.8892404 0.4424813 0.116025
vn 0.7982125 0.5794461 0.1646171
vn 0.9211178 0.3729366 -0.1116255
vn 0.820262 0.502022 0.2741244
vn 0.61396 0.07942024 -0.7853316
vn 0.5824256 0.166414 -0.7956674
vn 0.5824256 0.166414 -0.7956674
vn 0.6123104 0.08438262 -0.7861015
vn 0.6379407 0 -0.7700855
vn 0.6379407 0 -0.7700855
vn 0.6379437 0 -0.7700831
vn 0.6379437 0 -0.7700831
vn 0.6379437 0 -0.7700831
vn 0.6379437 0 -0.7700831
vn 0.6379437 0 -0.7700831
vn 0.6379437 0 -0.7700831
vn 0.6379437 0 -0.7700831
vn 0.6379437 0 -0.7700831
vn 0.6379437 0 -0.7700831
vn 0.6379437 0 -0.7700831
vn 0.6379407 0 -0.7700855
vn 0.6379407 0 -0.7700855
vn 0.6139602 -0.07941972 -0.7853314
vn 0.6123108 -0.08438207 -0.7861012
vn 0.5824265 -0.166413 -0.7956671
vn 0.5824265 -0.166413 -0.7956671
vn 0.800712 0.5797321 -0.1509
vn 0.7333659 0.5724685 -0.3666801
vn 0.7333659 0.5724685 -0.3666801
vn 0.9125702 0.3804387 -0.14994
vn 0.9073885 0.4000028 -0.1290114
vn 0.7596588 0.6152796 -0.2105933
vn 0.8313243 0.4067389 -0.3787658
vn 0.7362681 0.575237 -0.3563869
vn 0.5851727 0.7890804 -0.1868822
vn 0.7341484 0.4031903 -0.5463182
vn 0.7511557 0.3639863 -0.5507079
vn 0.7572157 0.6313409 -0.1674304
vn 0.9165225 0.2005589 -0.3460672
vn 0.957234 0.2727703 -0.09643355
vn 0.9628453 0.2700536 -1.486782E-06
vn 0.9051355 0.4251233 1.520156E-05
vn 0.9628465 0.2700495 8.78697E-06
vn 0.9053031 0.4247662 0
vn 0.958329 0.2709103 0.09062675
vn 0.763171 0.6270833 0.1560022
vn 0.9245775 0.1986101 0.3251311
vn 0.7795272 0.354032 0.5167193
vn 0.5486534 0.8360499 0
vn 0.6664264 0.6126448 0.4249024
vn 0.4852439 0.8743789 0
vn 0.2384082 0.9711651 0
vn 0.5486536 0.8360499 0
vn 0.5835454 0.7841428 0.2111752
vn 0.5960129 0.6798905 0.4272207
vn 0.4852438 0.8743789 0
vn 0.3051393 0.9523078 0
vn 0.03233267 0.9994772 0
vn 0.617494 0.6602002 0.4275943
vn 0.5708916 0.7124603 0.4080232
vn 0.5845906 0.7127333 0.3876405
vn 0.5969709 0.7126024 0.3685423
vn 0.5969709 0.7126024 0.3685423
vn 0.305139 0.9523078 0
vn 0.2567407 0.9664804 0
vn 0.09368123 0.9956023 0
vn 0.09368131 0.9956023 0
vn 0.04837146 0.9988294 0
vn 0 1 0
vn 0 1 0
vn 0 1 0
vn 0 1 0
vn 0 1 0
vn 0 1 0
vn 0 1 0
vn 0 1 2.088453E-06
vn 0 1 -1.704445E-07
vn 0 1 6.249862E-07
vn 0 1 2.766707E-07
vn 0 1 1.919083E-06
vn 0.6930372 -0.1583606 0.7032933
vn 0.7794442 -0.3576657 0.5143364
vn 0.8728521 -0.362777 0.3263772
vn 0.8470973 -0.1515872 0.5093598
vn 0.8054139 -0.5898861 0.05781702
vn 0.8728521 -0.362777 0.3263772
vn 0.8397889 -0.5428912 0.004874167
vn 0.8885114 -0.4408186 0.1273834
vn 0.798211 -0.5794476 0.1646204
vn 0.8892398 -0.4424825 0.1160248
vn 0.9211162 -0.3729409 -0.1116241
vn 0.8202567 -0.5020297 0.274126
vn 0.8007119 -0.579732 -0.150901
vn 0.7333651 -0.5724679 -0.3666826
vn 0.7333651 -0.5724679 -0.3666826
vn 0.9125702 -0.3804385 -0.1499406
vn 0.7596618 -0.6152765 -0.2105914
vn 0.9073888 -0.400002 -0.1290112
vn 0.8313227 -0.406741 -0.3787669
vn 0.7362599 -0.5752466 -0.3563884
vn 0.5851609 -0.7890893 -0.1868823
vn 0.7341433 -0.4031996 -0.5463184
vn 0.7572149 -0.631342 -0.1674304
vn 0.7511556 -0.3639884 -0.5507065
vn 0.9165235 -0.2005606 -0.3460637
vn 0.957234 -0.272771 -0.09643208
vn 0.9051355 -0.4251234 1.514318E-05
vn 0.9628453 -0.2700536 -1.510353E-06
vn 0.9053038 -0.4247648 1.922033E-07
vn 0.9628466 -0.270049 8.850925E-06
vn 0.763172 -0.6270829 0.1559985
vn 0.9583294 -0.270909 0.09062538
vn 0.9245769 -0.1986141 0.3251304
vn 0.7795283 -0.3540327 0.516717
vn 0.5835461 -0.7841423 0.2111744
vn 0.6664267 -0.6126437 0.4249035
vn 0.548654 -0.8360495 1.495106E-07
vn 0.59602 -0.6798803 0.4272271
vn 0.6174959 -0.660193 0.4276027
vn 0.5709016 -0.7124513 0.4080251
vn 0.5845944 -0.7127296 0.3876415
vn 0.5969699 -0.7126037 0.3685417
vn 0.5969699 -0.7126037 0.3685417
vn 0.485244 -0.8743787 0
vn 0.2567407 -0.9664804 0
vn 0.5486537 -0.8360497 0
vn 0.305139 -0.9523078 0
vn 0.04837146 -0.9988294 0
vn 0.4852405 -0.8743808 0
vn 0.3051368 -0.9523085 0
vn 0.2384122 -0.971164 0
vn 0.09368131 -0.9956023 0
vn 0.09368408 -0.995602 0
vn 0.0323346 -0.9994771 0
vn 0 -1 0
vn 0 -1 0
vn 0 -1 0
vn 0 -1 0
vn 0 -1 0
vn 0 -1 -1.265092E-07
vn 0 -1 0
vn 0 -1 2.088453E-06
vn 0 -1 -1.704445E-07
vn 0 -1 6.249862E-07
vn 0 -1 2.766707E-07
vn 0 -1 1.919083E-06
vn -0.6930372 0.1583605 0.7032933
vn -0.7794442 0.3576657 0.5143364
vn -0.8728521 0.362777 0.3263772
vn -0.8470973 0.1515871 0.5093598
vn -0.8054139 0.5898861 0.05781702
vn -0.8728521 0.362777 0.3263772
vn -0.8397889 0.5428912 0.004874167
vn -0.8885114 0.4408186 0.1273834
vn -0.798211 0.5794476 0.1646204
vn -0.8892398 0.4424825 0.1160248
vn -0.9211162 0.3729409 -0.1116241
vn -0.8202567 0.5020297 0.274126
vn -0.6139602 0.07941972 -0.7853314
vn -0.5824265 0.166413 -0.7956671
vn -0.5824265 0.166413 -0.7956671
vn -0.6123108 0.08438207 -0.7861012
vn -0.6379407 0 -0.7700855
vn -0.6379407 0 -0.7700855
vn -0.6379437 0 -0.7700831
vn -0.6379437 0 -0.7700831
vn -0.6379437 0 -0.7700831
vn -0.6379437 0 -0.7700831
vn -0.6379437 0 -0.7700831
vn -0.6379437 0 -0.7700831
vn -0.6379437 0 -0.7700831
vn -0.6379437 0 -0.7700831
vn -0.6379437 0 -0.7700831
vn -0.6379437 0 -0.7700831
vn -0.6379407 0 -0.7700855
vn -0.6379407 0 -0.7700855
vn -0.6123104 -0.08438262 -0.7861015
vn -0.61396 -0.07942024 -0.7853316
vn -0.5824256 -0.166414 -0.7956674
vn -0.5824256 -0.166414 -0.7956674
vn -0.8007126 0.5797311 -0.150901
vn -0.7333651 0.5724679 -0.3666826
vn -0.7333651 0.5724679 -0.3666826
vn -0.9125704 0.3804382 -0.1499406
vn -0.823161 0.5678081 0
vn -0.9356083 0.3530399 0
vn -0.8231607 0.5678083 0
vn -0.9356082 0.3530399 0
vn -0.8275303 0.5614211 0.0001050789
vn -0.9361683 0.3515524 0.0001187842
vn -0.8069656 0.5609083 0.1849012
vn -0.9348398 0.3495306 0.06247375
vn -0.9349274 0.2665071 0.2342748
vn -0.802212 0.4443899 0.3987147
vn -0.6096174 0.6979392 0.3758292
vn -0.6096174 0.6979392 0.3758292
vn -0.6930444 -0.1583563 0.7032871
vn -0.8470998 -0.1515849 0.5093564
vn -0.8728561 -0.3627716 0.3263724
vn -0.7794586 -0.3576574 0.5143204
vn -0.8054154 -0.5898845 0.05781462
vn -0.839793 -0.5428848 0.004874164
vn -0.8728561 -0.3627716 0.3263724
vn -0.8885115 -0.4408185 0.1273823
vn -0.8892404 -0.4424813 0.1160241
vn -0.7982128 -0.5794463 0.1646157
vn -0.9211178 -0.3729366 -0.1116255
vn -0.820262 -0.502022 0.2741244
vn -0.8007128 -0.5797312 -0.1509
vn -0.7333659 -0.5724685 -0.3666801
vn -0.7333659 -0.5724685 -0.3666801
vn -0.9125704 -0.3804384 -0.14994
vn -0.9356083 -0.3530399 0
vn -0.823161 -0.5678081 0
vn -0.9356082 -0.3530399 0
vn -0.8231607 -0.5678083 0
vn -0.9356082 -0.3530399 0
vn -0.8231607 -0.5678084 0
vn -0.9344831 -0.3480436 0.07487928
vn -0.7933105 -0.583718 0.1730082
vn -0.9434821 -0.2392273 0.2293725
vn -0.8119254 -0.4380617 0.3858484
vn -0.5969699 -0.7126037 0.3685417
vn -0.5969699 -0.7126037 0.3685417
vn -0.8512349 -0.3992043 -0.3406395
vn -0.8512349 -0.3992043 -0.3406395
vn -0.9211178 -0.3729366 -0.1116255
vn -0.9592106 -0.2180806 -0.1798772
vn 0.8512349 0.3992043 -0.3406395
vn 0.8512349 0.3992043 -0.3406395
vn 0.9211178 0.3729366 -0.1116255
vn 0.9592106 0.2180806 -0.1798772
vn 0.851234 -0.3992051 -0.3406404
vn 0.9592103 -0.2180816 -0.1798776
vn 0.9211162 -0.3729409 -0.1116241
vn 0.851234 -0.3992051 -0.3406404
vn -0.851234 0.3992051 -0.3406404
vn -0.9592103 0.2180816 -0.1798776
vn -0.9211162 0.3729409 -0.1116241
vn -0.851234 0.3992051 -0.3406404
vn 0.4493066 0.09303157 0.8885206
vn 0.7743105 0.06382225 0.6295792
vn 0.7743105 0.06382225 0.6295792
vn 0.6423204 0.03322283 0.7657158
vn 0.3071137 0 0.9516729
vn 0.4793924 0 0.8776006
vn 0.3071142 0 0.9516727
vn 0.4793943 0 0.8775997
vn 0.3071137 0 0.9516729
vn 0.4793925 0 0.8776006
vn 0.4493069 -0.09303509 0.88852
vn 0.642316 -0.03322745 0.7657193
vn 0.7743062 -0.06383197 0.6295834
vn 0.7743062 -0.06383197 0.6295834
vn 0.4441451 -0.08399488 0.8920089
vn 0.2619138 -0.2197443 0.9397412
vn 0.3936577 -0.2038121 0.8963785
vn 0.6950831 -0.1445872 0.70424
vn 0.6943673 -0.05443959 0.7175587
vn 0.1240338 0 0.992278
vn 0.6909633 -1.127343E-05 0.7228898
vn 0.1240337 0 0.992278
vn 0.6908668 -7.592364E-06 0.7229822
vn 0.6906676 0 0.7231723
vn 0.1240338 0 0.992278
vn 0.6906676 0 0.7231723
vn 0.6909633 1.121819E-05 0.7228898
vn 0.6908668 7.555159E-06 0.7229821
vn 0.4441428 0.0839944 0.8920102
vn 0.694365 0.05443989 0.7175609
vn 0.6950771 0.1445874 0.7042459
vn 0.3936542 0.2038106 0.8963802
vn 0.2619124 0.2197424 0.939742
vn 0.7940636 0.6028915 0.07736246
vn 0.8924887 0.3994625 0.2095082
vn 0.8924887 0.3994625 0.2095082
vn 0.8693576 0.4800934 0.1171648
vn 0.8602291 0.5062812 -0.06070611
vn 0.8076629 0.5849932 -0.0739171
vn 0.5486566 0.8360478 5.333965E-07
vn 0.5486566 0.8360478 5.333965E-07
vn 0.96585 0.02490514 -0.2579023
vn 0.8723571 0.2309055 -0.430901
vn 0.7940636 -0.602891 0.0773645
vn 0.8924877 -0.3994617 0.2095141
vn 0.8924877 -0.3994617 0.2095141
vn 0.8693572 -0.4800933 0.1171677
vn 0.8076631 -0.5849939 -0.07390867
vn 0.8602291 -0.5062819 -0.06069897
vn 0.9658509 -0.02490611 -0.2578989
vn 0.8723608 -0.2309047 -0.4308942
vn 0.5486566 -0.8360478 -5.333965E-07
vn 0.5486566 -0.8360478 -5.333965E-07
vn 0.7670949 -0.6392492 -0.05409111
vn 0.8442561 -0.2187208 -0.4892779
vn 0.96585 0.02490514 -0.2579023
vn 0.8676009 -0.488942 -0.09057868
vn 0.826724 -0.561888 -0.02844793
vn 0.6504668 -0.7592789 -0.01971123
vn 0.4008198 -0.9161569 0
vn 0.40082 -0.9161568 0
vn 0.4008197 -0.9161569 0
vn 0.8855153 -0.4645625 -0.00665606
vn 0.4008198 -0.9161569 0
vn 0.8848922 -0.4657722 0.00468731
vn 0.4008194 -0.9161571 0
vn 0.6436474 -0.765117 0.01771662
vn 0.8271874 -0.5611234 0.03002209
vn 0.7497386 -0.661447 0.01949315
vn 0.5980514 -0.8014551 0.002056357
vn 0.4008197 -0.9161569 0
vn 0.40082 -0.9161568 0
vn 0.7433159 -0.6689358 -0.002523522
vn 0.5855519 -0.810634 0.001251857
vn 0.4008202 -0.9161568 0
vn 0.5971153 -0.8021519 -0.002408011
vn 0.7465433 -0.6650647 -0.01903219
vn 0.849542 -0.518953 0.09468947
vn 0.7359517 -0.6518458 0.1829541
vn 0.4008202 -0.9161568 0
vn 0.8708083 -0.08726004 0.4838166
vn 0.7818534 -0.3262368 0.5312952
vn 0.7466485 -0.3908256 0.5383041
vn 0.8108402 -0.5307426 0.2466789
vn 0.9186997 -0.2147948 0.3314426
vn 0.9510223 -0.2945204 0.09388466
vn 0.9597073 -0.2808292 0.009852585
vn 0.8822572 -0.4706541 0.01034414
vn 0.9303759 -0.3666049 -0.001206818
vn 0.8737475 -0.4863774 0.001591853
vn 0.880773 -0.4733993 -0.01149545
vn 0.9594156 -0.2818338 -0.009557996
vn 0.95925 -0.2824017 0.009416317
vn 0.8804114 -0.4740639 0.01178562
vn 0.9304502 -0.3664128 0.001985226
vn 0.8738377 -0.4862105 -0.002625702
vn 0.8822908 -0.4706012 -0.009878047
vn 0.9598089 -0.2804798 -0.009895047
vn 0.9497298 -0.2966309 -0.1001177
vn 0.7958258 -0.5466444 -0.2604631
vn 0.9102733 -0.2168935 -0.3526468
vn 0.7151276 -0.4013795 -0.5722649
vn 0.5640775 -0.6736618 -0.4774897
vn 0.5640775 -0.6736618 -0.4774897
vn 0.721173 0.02837278 -0.6921737
vn 0.8723571 0.2309055 -0.430901
vn 0.96585 0.02490514 -0.2579023
vn 0.9299845 0.05765687 -0.3630491
vn 0.6906676 0 -0.7231723
vn 0.6906683 0 -0.7231717
vn 0.6906695 0 -0.7231705
vn 0.6906695 0 -0.7231705
vn 0.6906676 0 -0.7231723
vn 0.6906683 0 -0.7231717
vn 0.9299843 -0.05765565 -0.3630497
vn 0.7211734 -0.02837218 -0.6921734
vn 0.9658509 -0.02490611 -0.2578989
vn 0.8723608 -0.2309047 -0.4308942
vn 0.7670978 0.6392459 -0.05408875
vn 0.9658509 -0.02490611 -0.2578989
vn 0.8442621 0.2187159 -0.4892698
vn 0.8676024 0.4889402 -0.09057338
vn 0.650465 0.7592804 -0.01971094
vn 0.8267229 0.5618899 -0.02844624
vn 0.8855114 0.46457 -0.006655248
vn 0.8848885 0.4657792 0.004687229
vn 0.6436487 0.765116 0.01771584
vn 0.8271891 0.561121 0.03002052
vn 0.4008198 0.9161569 -2.265426E-06
vn 0.4008192 0.9161572 1.957765E-07
vn 0.40082 0.9161569 -2.345937E-06
vn 0.4008198 0.9161569 -1.638558E-06
vn 0.4008189 0.9161572 0
vn 0.4008183 0.9161575 -1.738375E-06
vn 0.5980545 0.8014528 0.002055223
vn 0.7497405 0.6614447 0.01949249
vn 0.7433143 0.6689375 -0.002526312
vn 0.5855503 0.8106351 0.001249688
vn 0.4008182 0.9161575 -2.22477E-06
vn 0.5971127 0.8021537 -0.002408482
vn 0.4008189 0.9161572 0
vn 0.4008197 0.9161569 0
vn 0.7465397 0.6650684 -0.0190357
vn 0.7359496 0.6518479 0.1829545
vn 0.8495395 0.518957 0.09469096
vn 0.8708094 0.08725933 0.4838149
vn 0.7818528 0.3262375 0.531296
vn 0.8108399 0.5307426 0.24668
vn 0.7466483 0.3908256 0.5383044
vn 0.9186987 0.2147954 0.3314446
vn 0.9510221 0.2945206 0.09388506
vn 0.8822576 0.4706532 0.01034431
vn 0.959708 0.2808264 0.009852668
vn 0.9303765 0.3666033 -0.001206191
vn 0.8737482 0.486376 0.001592805
vn 0.8807706 0.4734037 -0.01149509
vn 0.9594156 0.281834 -0.00955767
vn 0.8804103 0.4740663 0.01178584
vn 0.9592496 0.2824032 0.009416409
vn 0.9304503 0.3664127 0.001985619
vn 0.8738408 0.486205 -0.002624558
vn 0.8822916 0.4705996 -0.009877793
vn 0.9598088 0.2804802 -0.009894716
vn 0.7958258 0.5466436 -0.2604652
vn 0.9497299 0.2966305 -0.1001178
vn 0.9102728 0.2168936 -0.3526479
vn 0.7151266 0.401379 -0.5722665
vn 0.5640758 0.6736602 -0.4774941
vn 0.5640758 0.6736602 -0.4774941
vn 0.6921312 0.6821102 0.2359663
vn 0.7425341 0.6659615 -0.07168298
vn 0.7425341 0.6659615 -0.07168298
vn 0.7175037 0.6841096 0.1310819
vn 0.4387374 0.6840985 0.5826823
vn 0.5211241 0.6821033 0.5129958
vn 0.2686969 0.6659436 0.6959319
vn 0.2686969 0.6659436 0.6959319
vn 0.9057409 0.08621316 0.4149706
vn 0.8786409 0.1741023 0.4446106
vn 0.9288264 0.1684402 0.3300146
vn 0.9499338 0.0806139 0.3018726
vn 0.9656875 -0.0005880543 0.2597064
vn 0.9179609 -0.0002969764 0.3966708
vn 0.9693015 -3.014219E-07 0.2458756
vn 0.9207742 -1.524758E-07 0.3900962
vn 0.9207743 -2.648815E-07 0.3900959
vn 0.9693015 -5.236288E-07 0.2458753
vn 0.9693015 2.222084E-07 0.2458753
vn 0.9207743 1.124057E-07 0.3900959
vn 0.9693015 -3.014219E-07 0.2458756
vn 0.920774 -1.524758E-07 0.3900962
vn 0.9207743 -2.648806E-07 0.3900959
vn 0.9693015 -5.236304E-07 0.2458753
vn 0.9693013 2.222103E-07 0.2458761
vn 0.920774 1.124066E-07 0.3900963
vn 0.9693012 -3.014207E-07 0.2458764
vn 0.920774 -1.524753E-07 0.3900964
vn 0.9207746 -2.648816E-07 0.3900952
vn 0.9693019 -5.236302E-07 0.2458738
vn 0.9693021 -7.458314E-07 0.2458726
vn 0.9207748 -3.772834E-07 0.3900947
vn 0.9693025 -2.222081E-07 0.2458711
vn 0.9207751 -1.124061E-07 0.3900941
vn 0.9207749 2.648774E-07 0.3900944
vn 0.9693022 5.236215E-07 0.2458721
vn 0.9693018 -7.458314E-07 0.2458742
vn 0.9207745 -3.772833E-07 0.3900954
vn 0.9693025 -2.22208E-07 0.2458714
vn 0.920775 -1.124061E-07 0.3900942
vn 0.9179615 0.0002973534 0.3966694
vn 0.9656882 0.0005887991 0.2597035
vn 0.9499342 -0.08061317 0.3018717
vn 0.9057412 -0.08621278 0.4149701
vn 0.9288273 -0.1684387 0.3300124
vn 0.8786415 -0.1741017 0.4446098
vn 0.7768761 0.08621275 0.6237233
vn 0.7112702 0.1684387 0.682439
vn 0.7912263 0.1741017 0.5862163
vn 0.6955768 0.08061297 0.7139149
vn 0.7659947 -0.000297132 0.6428468
vn 0.6649446 -0.0005883618 0.7468923
vn 0.6541981 0 0.7563232
vn 0.761377 0 0.6483094
vn 0.7613769 0 0.6483096
vn 0.6541975 0 0.7563238
vn 0.7613768 0 0.6483096
vn 0.6541974 0 0.7563239
vn 0.6541979 0 0.7563235
vn 0.761377 0 0.6483095
vn 0.7613756 0 0.6483111
vn 0.6541945 0 0.7563263
vn 0.7613757 0 0.648311
vn 0.6541945 0 0.7563263
vn 0.6541979 0 0.7563235
vn 0.761377 0 0.6483094
vn 0.7613757 0 0.648311
vn 0.6541947 0 0.7563263
vn 0.7613755 0 0.6483111
vn 0.6541944 0 0.7563264
vn 0.6541979 0 0.7563235
vn 0.761377 0 0.6483095
vn 0.7613769 0 0.6483096
vn 0.6541975 0 0.7563238
vn 0.7613768 0 0.6483096
vn 0.6541974 0 0.7563239
vn 0.6541981 0 0.7563232
vn 0.761377 0 0.6483094
vn 0.7659948 0.000297132 0.6428467
vn 0.6649448 0.0005883619 0.7468922
vn 0.7768762 -0.08621267 0.6237234
vn 0.695577 -0.08061282 0.7139148
vn 0.7112706 -0.1684384 0.6824388
vn 0.7912264 -0.1741016 0.5862162
vn 0.6921312 -0.6821102 0.2359663
vn 0.7425341 -0.6659615 -0.07168298
vn 0.7425341 -0.6659615 -0.07168298
vn 0.7175037 -0.6841096 0.1310819
vn 0.5211241 -0.6821033 0.5129958
vn 0.4387374 -0.6840985 0.5826823
vn 0.2686969 -0.6659436 0.6959319
vn 0.2686969 -0.6659436 0.6959319
vn -0.8794315 0.4749561 0.03189037
vn -0.9855089 0.05494882 0.1604768
vn -0.9145053 0.3946397 0.08910435
vn -0.9548081 0.2956521 0.03051846
vn -0.8800257 0.4721751 -0.05104183
vn -0.9619706 0.2714503 -0.03045308
vn -0.9918433 -0.01704959 -0.126318
vn -0.9392334 0.3369467 -0.06563305
vn -0.7370019 -0.009573437 0.6758229
vn -0.8464826 -0.01804483 0.5321106
vn -0.9855089 0.05494882 0.1604768
vn -0.8689985 -0.007092211 0.4947639
vn -0.8470998 -0.1515849 0.5093564
vn -0.6930444 -0.1583563 0.7032871
vn 0.7370583 -0.00962153 0.6757607
vn 0.9856667 0.05573082 0.1592334
vn 0.8465669 -0.01813393 0.5319734
vn 0.8695747 -0.007111081 0.4937503
vn 0.6930372 -0.1583606 0.7032933
vn 0.8470973 -0.1515872 0.5093598
vn 0.8794538 0.4749196 0.031819
vn 0.9145501 0.3945648 0.08897683
vn 0.9856667 0.05573082 0.1592334
vn 0.9548149 0.2956381 0.03044181
vn 0.9816324 0.1618289 -0.1010407
vn 0.8705201 0.4781972 -0.1162855
vn 0.9434941 0.1654313 -0.2871433
vn 0.9096435 0.1863839 -0.3712271
vn 0.8794297 -0.4749595 0.03188967
vn 0.9855089 -0.05494875 0.1604768
vn 0.9145066 -0.3946367 0.0891038
vn 0.9548075 -0.2956539 0.0305182
vn 0.8875245 -0.4594064 -0.03530082
vn 0.9601278 -0.2787629 -0.02111077
vn 0.998817 -0.02432157 -0.0421085
vn 0.9440194 -0.3285178 -0.03005806
vn 0.7370001 0.009573042 0.6758248
vn 0.8464798 0.01804407 0.5321149
vn 0.9855089 -0.05494875 0.1604768
vn 0.8689978 0.007091893 0.494765
vn 0.8470998 0.1515848 0.5093564
vn 0.6930444 0.1583563 0.7032871
vn -0.7370558 0.00962094 0.6757634
vn -0.9856666 -0.05573101 0.1592335
vn -0.8465631 0.01813285 0.5319794
vn -0.8695738 0.007110676 0.4937519
vn -0.6930372 0.1583605 0.7032933
vn -0.8470973 0.1515871 0.5093598
vn -0.8794542 -0.4749188 0.03181903
vn -0.9145508 -0.3945628 0.0889769
vn -0.9856666 -0.05573101 0.1592335
vn -0.954815 -0.2956377 0.03044165
vn -0.9584504 -0.2804991 -0.05189434
vn -0.8788518 -0.4715445 -0.07256298
vn -0.9962726 -0.04286626 -0.07485569
vn -0.9496957 -0.1539641 -0.2727143
vn -0.7242638 -0.01255111 -0.6894087
vn -0.9918433 -0.01704959 -0.126318
vn -0.8799332 -0.0648225 -0.4706544
vn -0.9284754 -0.03805091 -0.3694395
vn -0.9859067 -0.1008322 -0.1334946
vn -0.9278281 0.02732739 -0.3720056
vn -0.9976354 0.02009956 -0.06572474
vn -0.9962726 -0.04286626 -0.07485569
vn -0.7961972 0.02513914 -0.6045147
vn -0.9496957 -0.1539641 -0.2727143
vn -0.9999725 -0.001157772 -0.007326119
vn -0.999971 0.002945463 -0.007014414
vn -0.9949366 0.004547514 0.1004017
vn -0.9951773 0.01652342 0.09669097
vn -0.9954986 0.02763569 0.09065688
vn -1 -4.145226E-05 -0.0002010387
vn -0.9824789 0.03368212 0.1833053
vn -0.981221 0.0105066 0.1926008
vn -0.9830301 0.05397574 0.1753233
vn -0.9768277 -0.01145107 0.2137204
vn -0.9955317 0.04098854 0.0850683
vn -0.9858737 0.07632986 0.1490864
vn -0.9085683 0.2344199 0.3457614
vn -0.9914309 -0.02167183 0.1288216
vn -0.963511 -0.04488857 0.2638781
vn -0.9780732 -0.05948657 0.1995851
vn -0.9814833 -0.08684046 0.1707314
vn -0.9918656 -0.07810989 0.1005069
vn -0.9834487 -0.1266493 0.1295706
vn -0.9972003 0.04517127 0.05959318
vn -0.9970769 -0.05353411 0.05451582
vn -0.9999738 -0.007171577 -0.0009821597
vn -0.9999448 -0.01011039 0.002885643
vn -0.9978673 0.04504145 0.04724289
vn -0.924183 0.2605097 0.2793216
vn -0.9971872 0.05855205 0.04678895
vn -0.9227939 0.2738094 0.2710718
vn -0.9863906 0.1293998 0.1014356
vn -0.9894572 0.1179769 0.08399968
vn -0.9963645 0.08064479 0.02746373
vn -0.9885334 0.1358642 0.06589846
vn -0.9831907 0.1733285 0.0573859
vn -0.9864704 0.1590272 0.03982937
vn -0.9976643 0.06826887 0.00230867
vn -0.9899101 0.1415035 0.007398399
vn -0.9238438 0.3825947 0.01157279
vn -0.9988756 0.04734122 -0.002519761
vn -0.9988832 -0.0465414 -0.008135057
vn -0.9982587 0.05898369 -0.0007592097
vn -0.9340915 0.3570336 -0.0002361228
vn -0.9985679 -0.0525985 -0.009773656
vn -0.9584504 -0.2804991 -0.05189434
vn -0.954815 -0.2956377 0.03044165
vn -0.9979571 0.05932886 0.02369994
vn -0.9357376 0.35203 0.02167761
vn -0.9338552 0.3526436 0.05964097
vn -0.9984621 -0.0452418 0.03204075
vn -0.9856666 -0.05573101 0.1592335
vn -0.9949536 0.05923466 0.08098536
vn -0.9960185 -0.01086939 0.08848178
vn -0.9880962 0.06156839 0.140979
vn -0.9262771 0.3624803 0.1030467
vn -0.9895082 -0.002193768 0.1444605
vn -0.9879895 -0.01337903 0.1539409
vn -0.9859818 -0.01105283 0.166486
vn -0.9841278 0.06266014 0.1660305
vn -0.921322 0.3700504 0.1192825
vn -0.923785 0.3776686 0.06314776
vn -0.9849787 0.06483191 0.1600426
vn -0.9867088 0.06613775 0.1484305
vn -0.9844736 0.122047 0.1261594
vn -0.9900172 0.05090524 0.1314329
vn -0.9897311 0.1050875 0.09689695
vn -0.995137 0.07690165 0.06154984
vn -0.9944606 0.02158038 0.1028717
vn -0.98926 -0.03789002 0.1411706
vn -0.9987341 -0.001788589 0.05027006
vn -0.9988506 0.04702876 0.009259873
vn -0.9911061 -0.05622144 0.1206142
vn -0.99925 -0.01904714 0.0337147
vn -0.9991277 0.02134801 -0.0358915
vn -0.9988776 0.02463316 -0.04045771
vn -0.9992466 -0.01186188 0.03695503
vn -0.9918426 -0.04352397 0.1198081
vn -0.9997376 -0.003440337 0.02264857
vn -0.9979857 0.0243923 -0.05856152
vn -0.9921007 -0.02726282 0.1224454
vn -0.9997328 -0.00455986 0.02265948
vn -0.9973238 0.01305324 -0.07193682
vn -0.9973207 0.01088261 -0.07233913
vn -0.9996693 -0.0004885953 0.02571148
vn -0.9909734 -0.009129822 0.1337476
vn -0.9998641 0.002477565 0.01630169
vn -0.9965717 0.005938096 -0.08252102
vn -0.9809862 0.002943433 0.1940551
vn -0.8695738 0.007110676 0.4937519
vn -0.8470973 0.1515871 0.5093598
vn -0.9958271 0.08610413 0.03023801
vn -0.9592103 0.2180816 -0.1798776
vn -0.9211162 0.3729409 -0.1116241
vn -0.8892398 0.4424825 0.1160248
vn -0.9741605 0.08316082 0.2099895
vn -0.8728521 0.362777 0.3263772
vn -0.8885114 0.4408186 0.1273834
vn 0.6802301 0.01996532 -0.7327266
vn 0.9096435 0.1863839 -0.3712271
vn 0.9434941 0.1654313 -0.2871433
vn 0.9657435 0.05277752 -0.2540746
vn 0.9256949 0.04427637 -0.375671
vn 0.7919043 0.04649759 -0.6088724
vn 0.7919043 0.04649759 -0.6088724
vn 0.998817 -0.02432157 -0.0421085
vn 0.9263507 0.1012158 -0.3628083
vn 0.9256949 0.04427637 -0.375671
vn 0.9972807 0.02040983 -0.07081332
vn 0.9657435 0.05277752 -0.2540746
vn 0.9999038 0.009506583 -0.01010141
vn 0.9999992 0.0009590944 -0.0008465315
vn 0.9995978 0.02047348 -0.01962091
vn 0.9944254 -0.01748822 0.1039813
vn 0.9434941 0.1654313 -0.2871433
vn 0.9816324 0.1618289 -0.1010407
vn 0.9548149 0.2956381 0.03044181
vn 0.9964611 0.002475308 0.08401914
vn 0.9960054 0.01315275 0.08831944
vn 0.9984621 0.0452419 0.03204111
vn 0.9856667 0.05573082 0.1592334
vn 0.9863811 0.00604316 0.1643647
vn 0.9839042 -0.01027088 0.178401
vn 0.985447 0.0232221 0.1683893
vn 0.9760816 -0.03630763 0.2143515
vn 0.9850997 -0.04893261 0.1648761
vn 0.9955243 0.02586461 0.09089809
vn 0.9836758 0.05017264 0.1728142
vn 0.9850594 0.07495593 0.1550472
vn 0.9948167 -0.05492397 0.08557522
vn 0.9848388 -0.07312788 0.1573047
vn 0.9774427 -0.1133549 0.1782032
vn 0.984935 -0.1111758 0.1324499
vn 0.9955486 0.03907588 0.0857669
vn 0.9880653 0.09101165 0.1242728
vn 0.9959216 -0.07084007 0.05587205
vn 0.9852164 -0.127995 0.113868
vn 0.980383 -0.1555239 0.1210845
vn 0.9854028 -0.1395744 0.09746969
vn 0.9951196 -0.09354806 0.03139934
vn 0.9845194 -0.1579625 0.07595695
vn 0.9773521 -0.2010677 0.06599025
vn 0.9823959 -0.1815544 0.04400213
vn 0.995429 -0.09532747 0.005790452
vn 0.9827031 -0.1840961 0.02007928
vn 0.9770108 -0.2128523 0.01198691
vn 0.981533 -0.1912091 0.005660152
vn 0.9959621 -0.08856288 0.01469831
vn 0.9867894 -0.1618214 0.007781555
vn 0.9151457 -0.402066 0.02917708
vn 0.9953018 -0.06981116 0.06708592
vn 0.9960185 0.01086936 0.08848181
vn 0.9888931 -0.05841411 0.1366681
vn 0.9253789 -0.3682921 0.0896376
vn 0.9895082 0.002193779 0.1444607
vn 0.9879895 0.01337931 0.1539405
vn 0.9859819 0.01105309 0.1664858
vn 0.9841278 -0.06266014 0.1660305
vn 0.921322 -0.3700504 0.1192825
vn 0.923785 -0.3776686 0.06314776
vn 0.9849787 -0.06483191 0.1600426
vn 0.9867088 -0.06613775 0.1484305
vn 0.9844736 -0.122047 0.1261594
vn 0.9900172 -0.05090524 0.1314329
vn 0.9897311 -0.1050875 0.09689695
vn 0.995137 -0.07690165 0.06154984
vn 0.9944606 -0.02158038 0.1028717
vn 0.98926 0.03788989 0.1411704
vn 0.9987341 0.001788624 0.05026996
vn 0.9988506 -0.04702846 0.009259873
vn 0.9911062 0.05622106 0.1206141
vn 0.99925 0.01904719 0.03371443
vn 0.9991277 -0.02134758 -0.03589183
vn 0.9988775 -0.02463342 -0.04045818
vn 0.9992466 0.01186183 0.03695484
vn 0.9918426 0.04352387 0.1198082
vn 0.9997376 0.003440144 0.02264851
vn 0.9979857 -0.02439268 -0.0585617
vn 0.9921007 0.02726283 0.1224455
vn 0.9997328 0.004559806 0.02265947
vn 0.9973238 -0.01305333 -0.07193685
vn 0.9973207 -0.01088261 -0.07233913
vn 0.9996693 0.0004885953 0.02571148
vn 0.9909734 0.009129802 0.1337477
vn 0.9998641 -0.002477565 0.01630169
vn 0.9965717 -0.005938096 -0.08252102
vn 0.9809862 -0.002943567 0.1940552
vn 0.8695747 -0.007111081 0.4937503
vn 0.8470973 -0.1515872 0.5093598
vn 0.9958271 -0.08610413 0.03023801
vn 0.9592103 -0.2180816 -0.1798776
vn 0.9211162 -0.3729409 -0.1116241
vn 0.8892398 -0.4424825 0.1160248
vn 0.9741605 -0.08316083 0.2099895
vn 0.8728521 -0.362777 0.3263772
vn 0.8885114 -0.4408186 0.1273834
vn 0.6959093 0.2827122 0.6601394
vn 0.7435489 0.3530943 0.5678552
vn 0.7496415 0.3602452 0.5552126
vn 0.6976433 0.2861086 0.6568376
vn 0.6877751 0.2171642 0.6926797
vn 0.6953243 0.1946049 0.6918475
vn 0.7130867 0.1137407 0.691788
vn 0.7135206 0.1107443 0.6918266
vn 0.7202154 0.03505021 0.6928645
vn 0.7202228 0.02485127 0.6932976
vn 0.6436579 -0.04027754 0.7642528
vn 0.7015087 -0.01017288 0.7125883
vn 0.6262695 -0.1295607 0.7687656
vn 0.6261949 -0.1278485 0.7691129
vn 0.7136343 -0.2243975 0.6636051
vn 0.6553545 -0.2114367 0.7251241
vn 0.6541955 -0.2991986 0.6946283
vn 0.7190256 -0.2445512 0.6505358
vn 0.633511 -0.4145644 0.6532994
vn 0.6340682 -0.3882754 0.6687301
vn 0.7712978 0.4062048 0.4899973
vn 0.7496415 0.3602452 0.5552126
vn 0.7435489 0.3530943 0.5678552
vn 0.7651755 0.4382448 0.4716437
vn 0.7689424 0.4642673 0.4395266
vn 0.7706449 0.4666829 0.433951
vn 0.9233128 0.3041844 0.2344466
vn 0.7944117 0.4757565 0.377579
vn 0.8135842 0.4762963 0.3335006
vn 0.9321786 0.3002248 0.2022575
vn 0.8056943 0.4987353 0.3195619
vn 0.924376 0.33086 0.1898964
vn 0.7336684 0.6406799 0.2264067
vn 0.7416311 0.615082 0.267689
vn 0.7526749 0.646463 0.1247639
vn 0.7502179 0.6489655 0.1265584
vn 0.7884044 0.6097366 0.08148529
vn 0.7896445 0.6087363 0.07682201
vn 0.9283283 0.3713899 0.01662148
vn 0.805224 0.5917624 0.03783557
vn 0.8192384 0.5733611 0.01027094
vn 0.9347872 0.3552051 0.001532897
vn 0.8268669 0.5620807 0.01888096
vn 0.9357373 0.3520308 0.02167957
vn 0.9338545 0.3526443 0.05964648
vn 0.8276314 0.5598128 0.04044545
vn 0.8147385 0.5757993 0.06823751
vn 0.9262767 0.3624813 0.1030476
vn 0.81167 0.5812528 0.05776586
vn 0.9214013 0.3698913 0.1191643
vn 0.9238701 0.377441 0.06326306
vn 0.8109232 0.584806 -0.02013499
vn 0.8067048 0.5779162 -0.1234518
vn 0.8064539 0.5796251 -0.1169058
vn 0.8287138 0.513261 -0.2231517
vn 0.8159369 0.5475453 -0.1855831
vn 0.8164649 0.479413 -0.3217891
vn 0.8123333 0.4764763 -0.3362809
vn 0.7736458 0.4115271 -0.4817859
vn 0.7734762 0.4110013 -0.4825065
vn 0.7635355 0.3143537 -0.564088
vn 0.7583749 0.3416155 -0.5551274
vn -0.7020215 0.2827581 0.6536158
vn -0.9085683 0.2344199 0.3457614
vn -0.7639176 0.3461847 0.5445972
vn -0.7044114 0.2862862 0.6494958
vn -0.6843761 0.2009981 0.7008774
vn -0.6814036 0.2209719 0.697754
vn -0.6795315 0.1223395 0.7233741
vn -0.679668 0.1231066 0.7231155
vn -0.6621014 0.04114458 0.748284
vn -0.6590097 0.02926357 0.7515649
vn -0.6305056 -0.01017429 0.7761181
vn -0.545564 -0.04992124 0.8365811
vn -0.5256155 -0.1420404 0.8387806
vn -0.5254648 -0.1387469 0.839426
vn -0.6393008 -0.2461046 0.7285101
vn -0.5571563 -0.2262701 0.7989861
vn -0.6567631 -0.2741617 0.7024938
vn -0.6307303 -0.3550346 0.6900216
vn -0.7049946 -0.41266 0.5767967
vn -0.6659625 -0.396534 0.6318662
vn -0.8008548 0.3854659 0.4583095
vn -0.7639176 0.3461847 0.5445972
vn -0.9085683 0.2344199 0.3457614
vn -0.924183 0.2605097 0.2793216
vn -0.9227939 0.2738094 0.2710718
vn -0.7915558 0.4286739 0.4355206
vn -0.7428705 0.5247674 0.4156473
vn -0.7467552 0.5047753 0.4330801
vn -0.7695667 0.5334968 0.3509251
vn -0.7577563 0.5450503 0.3587834
vn -0.7315925 0.5873585 0.346096
vn -0.7779175 0.529515 0.3383167
vn -0.6966552 0.676255 0.2394802
vn -0.7042767 0.6514398 0.2821712
vn -0.723901 0.6773337 0.1310967
vn -0.7167308 0.6839119 0.1362406
vn -0.7667648 0.6375933 0.07447544
vn -0.7635396 0.640193 0.08461839
vn -0.9238438 0.3825947 0.01157279
vn -0.7909577 0.6109674 0.03323733
vn -0.8143682 0.5803038 0.007198663
vn -0.9340915 0.3570336 -0.0002361228
vn -0.9357376 0.35203 0.02167761
vn -0.8268675 0.5620797 0.01887842
vn -0.9338552 0.3526436 0.05964097
vn -0.8276322 0.5598123 0.04043476
vn -0.814739 0.5757991 0.06823111
vn -0.9262771 0.3624803 0.1030467
vn -0.921322 0.3700504 0.1192825
vn -0.8116175 0.5813254 0.05777401
vn -0.923785 0.3776686 0.06314776
vn -0.8108525 0.5849022 -0.02018968
vn -0.8066772 0.5779442 -0.1235009
vn -0.8064205 0.5796603 -0.1169609
vn -0.8159489 0.5475313 -0.185572
vn -0.8287311 0.5132453 -0.2231235
vn -0.8164832 0.4793989 -0.3217638
vn -0.8123521 0.4764636 -0.3362535
vn -0.773649 0.4115263 -0.4817814
vn -0.7734795 0.4110011 -0.4825014
vn -0.7583655 0.3416245 -0.5551345
vn -0.7635256 0.3143607 -0.5640974
vn -0.7635256 0.3143607 -0.5640974
vn -0.7583655 0.3416245 -0.5551345
vn -0.7475831 0.2662877 -0.6084492
vn -0.7431083 0.2595276 -0.6167945
vn -0.7039733 0.1953878 -0.6828215
vn -0.7043604 0.1960908 -0.6822206
vn -0.6889919 0.146774 -0.7097518
vn -0.6925076 0.1311044 -0.7093976
vn -0.6892555 0.0867219 -0.7193096
vn -0.6877143 0.08039279 -0.7215166
vn -0.6733434 0.02545801 -0.7388914
vn -0.673553 0.02621731 -0.7386737
vn -0.6660572 0 -0.7459006
vn -0.6660572 0 -0.7459006
vn 0.7635355 0.3143537 -0.564088
vn 0.7475968 0.2662821 -0.6084347
vn 0.7583749 0.3416155 -0.5551274
vn 0.7431242 0.2595245 -0.6167766
vn 0.7039852 0.1953875 -0.6828095
vn 0.7043725 0.1960907 -0.6822081
vn 0.692509 0.1311047 -0.7093961
vn 0.6889942 0.1467745 -0.7097493
vn 0.6892551 0.08672211 -0.71931
vn 0.6877135 0.08039297 -0.7215172
vn 0.6733426 0.02545813 -0.7388921
vn 0.6735522 0.02621742 -0.7386745
vn 0.6660572 0 -0.7459006
vn 0.6660572 0 -0.7459006
vn 0.7056916 -0.4798184 0.5213192
vn 0.6340682 -0.3882754 0.6687301
vn 0.633511 -0.4145644 0.6532994
vn 0.6686667 -0.4833716 0.5650104
vn 0.6946033 -0.5092295 0.5081451
vn 0.7288524 -0.4824827 0.4857824
vn 0.6745117 -0.5785607 0.4585862
vn 0.6780584 -0.5588172 0.4774517
vn 0.7167282 -0.5823371 0.3836459
vn 0.6942329 -0.5995479 0.398225
vn 0.6673116 -0.6449918 0.3723987
vn 0.7266805 -0.580044 0.368082
vn 0.6327736 -0.7294734 0.2597423
vn 0.6394648 -0.706263 0.3037717
vn 0.6780856 -0.7217088 0.1390544
vn 0.6600111 -0.7358361 0.1514283
vn 0.6796091 -0.7225857 0.1264962
vn 0.7072312 -0.6974389 0.1157718
vn 0.6509702 -0.7575492 0.0485478
vn 0.6586288 -0.7484167 0.07797763
vn 0.6807955 -0.7324637 -0.00379577
vn 0.6620382 -0.749441 -0.00659609
vn 0.7305679 -0.6828328 0.003137688
vn 0.7292847 -0.684204 0.002973916
vn 0.9151457 -0.402066 0.02917708
vn 0.7785981 -0.6274449 0.009894317
vn 0.8047634 -0.5911277 0.05407254
vn 0.9253789 -0.3682921 0.0896376
vn 0.921322 -0.3700504 0.1192825
vn 0.8116175 -0.5813254 0.05777401
vn 0.923785 -0.3776686 0.06314776
vn 0.8108525 -0.5849022 -0.02018968
vn 0.8066772 -0.5779442 -0.1235009
vn 0.8064205 -0.5796603 -0.1169609
vn 0.8159489 -0.5475313 -0.185572
vn 0.8287311 -0.5132453 -0.2231235
vn 0.8164832 -0.4793989 -0.3217638
vn 0.8123521 -0.4764636 -0.3362535
vn 0.773649 -0.4115263 -0.4817814
vn 0.7734795 -0.4110011 -0.4825014
vn 0.7583682 -0.3416215 -0.5551328
vn 0.763532 -0.3143535 -0.5640929
vn -0.7457225 -0.4335796 0.5058721
vn -0.7049946 -0.41266 0.5767967
vn -0.6659625 -0.396534 0.6318662
vn -0.7567074 -0.4476441 0.4764542
vn -0.7716756 -0.463266 0.4357769
vn -0.7740583 -0.4654529 0.4291707
vn -0.9276539 -0.298043 0.2250085
vn -0.8030167 -0.4688599 0.3678784
vn -0.8258203 -0.4628082 0.3222256
vn -0.9375638 -0.2892173 0.1932034
vn -0.8201186 -0.4817199 0.3087902
vn -0.93139 -0.3152046 0.1820951
vn -0.7540341 -0.6193615 0.218687
vn -0.7620788 -0.5934283 0.2589956
vn -0.7694105 -0.6272878 0.1204888
vn -0.9197098 -0.384613 0.07878238
vn -0.7922949 -0.6013862 0.1029736
vn -0.9307823 -0.3603983 0.06129771
vn -0.7436297 -0.6673204 0.04121098
vn -0.7521908 -0.6549703 0.0722699
vn -0.7590837 -0.6509473 -0.007725438
vn -0.7527093 -0.6582811 -0.009725476
vn -0.7927952 -0.6093518 0.01288388
vn -0.921262 -0.3886215 0.01580502
vn -0.9270046 -0.3719774 0.0479097
vn -0.809416 -0.5865445 0.02848464
vn -0.8107007 -0.5821223 0.06243423
vn -0.9259384 -0.3648388 0.09762532
vn -0.81167 -0.5812527 0.0577672
vn -0.9214013 -0.3698909 0.1191654
vn -0.92387 -0.3774416 0.06326272
vn -0.8109231 -0.5848061 -0.02013484
vn -0.8067046 -0.5779158 -0.1234542
vn -0.8064537 -0.5796248 -0.1169079
vn -0.8287136 -0.5132607 -0.2231528
vn -0.8159366 -0.5475447 -0.185586
vn -0.8164655 -0.4794133 -0.3217873
vn -0.8123339 -0.4764768 -0.3362789
vn -0.7736451 -0.4115284 -0.481786
vn -0.7734755 -0.4110026 -0.4825066
vn -0.7635347 -0.3143535 -0.5640892
vn -0.7583725 -0.3416165 -0.5551301
vn 0.763532 -0.3143535 -0.5640929
vn 0.7583682 -0.3416215 -0.5551328
vn 0.7475916 -0.2662818 -0.6084413
vn 0.7431181 -0.2595246 -0.6167839
vn 0.7039805 -0.1953878 -0.682814
vn 0.7043676 -0.1960909 -0.6822129
vn 0.6889945 -0.1467731 -0.7097493
vn 0.6925088 -0.1311039 -0.7093963
vn 0.6892555 -0.0867219 -0.7193096
vn 0.6877143 -0.08039279 -0.7215166
vn 0.6733434 -0.02545801 -0.7388914
vn 0.673553 -0.02621731 -0.7386737
vn 0.6660572 0 -0.7459006
vn 0.6660572 0 -0.7459006
vn -0.7635347 -0.3143535 -0.5640892
vn -0.7475972 -0.2662819 -0.6084344
vn -0.7583725 -0.3416165 -0.5551301
vn -0.7431247 -0.2595244 -0.6167762
vn -0.7039819 -0.1953878 -0.6828127
vn -0.7043694 -0.1960911 -0.6822112
vn -0.6925067 -0.1311047 -0.7093985
vn -0.6889895 -0.1467745 -0.709754
vn -0.6892551 -0.08672211 -0.71931
vn -0.6877135 -0.08039297 -0.7215172
vn -0.6733426 -0.02545813 -0.7388921
vn -0.6735522 -0.02621742 -0.7386745
vn -0.6660572 0 -0.7459006
vn -0.6660572 0 -0.7459006
vn 0 0.1159431 -0.9932559
vn 0 0.2303221 -0.9731145
vn 0 0.2303221 -0.9731145
vn 0 0.1159431 -0.9932559
vn 0 0 -1
vn 0 0 -1
vn 0 0 -1
vn 0 0 -1
vn 0 0 -1
vn 0 0 -1
vn 0 0 -1
vn 0 0 -1
vn 0 0 -1
vn 0 0 -1
vn 0 0 -1
vn 0 0 -1
vn 0 0 -1
vn 0 0 -1
vn 0 -0.1159431 -0.9932559
vn 0 -0.1159431 -0.9932559
vn 0 -0.2303221 -0.9731145
vn 0 -0.2303221 -0.9731145
vn 0 0.8096703 -0.5868849
vn 0 0.8096703 -0.5868849
vn 0 0.8096703 -0.5868849
vn 0 0.8096703 -0.5868849
vn -0.8119254 -0.4380617 0.3858484
vn -0.7970765 -0.07041285 0.5997593
vn -0.6163511 -0.2448573 0.7484359
vn -0.8897361 -0.07250642 0.4506801
vn -0.7927734 0 0.6095164
vn -0.9434821 -0.2392273 0.2293725
vn -0.8983823 0 0.4392142
vn -0.7927735 0 0.6095164
vn -0.8983824 0 0.4392141
vn -0.7927735 0 0.6095164
vn -0.8983824 0 0.4392141
vn -0.7927735 0 0.6095163
vn -0.8983824 0 0.4392141
vn -0.7927735 0 0.6095163
vn -0.8983824 0 0.4392141
vn -0.7927735 0 0.6095164
vn -0.8983824 0 0.4392141
vn -0.7927734 0 0.6095164
vn -0.8956749 -6.085565E-05 0.4447095
vn -0.7968289 0.0758447 0.5994259
vn -0.8817277 0.08876701 0.4633324
vn -0.6154424 0.2500025 0.747482
vn -0.802212 0.4443899 0.3987147
vn -0.9349274 0.2665071 0.2342748
vn -0.9647542 0.07135198 0.2532948
vn -0.9704085 -0.0001055253 0.241469
vn -0.9969638 0.0617047 0.04749367
vn -0.9348398 0.3495306 0.06247375
vn -0.9709363 0 0.2393383
vn -0.9981284 0.06115454 6.30489E-05
vn -0.9361683 0.3515524 0.0001187842
vn -0.9982256 -4.418758E-05 0.05954509
vn -0.9709363 0 0.2393383
vn -0.998266 0.05886374 0
vn -0.9356082 0.3530399 0
vn -1 0 0
vn -0.9979855 0 0.06344245
vn -0.9709363 0 0.2393383
vn -0.998266 0.05886386 0
vn -0.9356083 0.3530399 0
vn -1 0 0
vn -1 0 0
vn -0.9979855 0 0.06344245
vn -0.9709363 0 0.2393383
vn -0.9938788 0.05512358 -0.09574202
vn -0.9125704 0.3804382 -0.1499406
vn -0.9784993 0.1023286 -0.1790751
vn -0.9802244 0.04934517 -0.1916377
vn -0.9947916 0 -0.1019296
vn -0.9792207 0 -0.2027973
vn -1 0 0
vn -0.9947916 0 -0.1019297
vn -0.9792207 0 -0.2027976
vn -1 0 0
vn -0.9947916 0 -0.1019297
vn -0.9792207 0 -0.2027976
vn -1 0 0
vn -0.9947916 0 -0.1019297
vn -0.9792207 0 -0.2027976
vn -1 0 0
vn -1 0 0
vn -0.9947916 0 -0.1019297
vn -0.9792207 0 -0.2027976
vn -1 0 0
vn -1 0 0
vn -0.9947916 0 -0.1019297
vn -0.9792207 0 -0.2027976
vn -1 0 0
vn -1 0 0
vn -1 0 0
vn -0.9947916 0 -0.1019295
vn -0.9792207 0 -0.2027973
vn -1 0 0
vn -1 0 0
vn -0.9979855 0 0.06344245
vn -0.9938787 -0.05512371 -0.09574225
vn -0.9802244 -0.04934544 -0.1916382
vn -0.9784991 -0.1023292 -0.1790761
vn -0.9125704 -0.3804384 -0.14994
vn -1 0 0
vn -0.998266 -0.05886386 0
vn -0.9356083 -0.3530399 0
vn -1 0 0
vn -1 0 0
vn -0.998266 -0.05886374 0
vn -0.9356082 -0.3530399 0
vn -1 0 0
vn -0.9979855 0 0.06344245
vn -1 0 0
vn -0.998266 -0.05886361 0
vn -0.9356082 -0.3530399 0
vn -1 0 0
vn -0.9709363 0 0.2393383
vn -0.9979855 0 0.06344245
vn -0.9709362 0 0.2393384
vn -0.9979855 0 0.06344236
vn -0.9971186 -0.05162347 0.05558376
vn -0.9344831 -0.3480436 0.07487928
vn -0.9688858 -0.04785808 0.242837
vn 0 -0.8096703 -0.5868849
vn 0 -0.8096703 -0.5868849
vn 0 -0.8096703 -0.5868849
vn 0 -0.8096703 -0.5868849
vn 0.5160493 0.6883029 -0.5098355
vn 0.5160493 0.6883029 -0.5098355
vn 0.7338086 0.5546286 -0.3923163
vn 0.7717659 0.563929 -0.2938734
vn 0.9420331 0.2485576 -0.2253724
vn 0.9514701 0.2843159 -0.1177672
vn 0.9514689 0.2843198 0.1177668
vn 0.7717648 0.5639334 0.2938676
vn 0.9420319 0.2485641 0.2253709
vn 0.7338044 0.5546382 0.3923106
vn 0.5160519 0.6883086 0.5098252
vn 0.5160519 0.6883086 0.5098252
vn 0.2191147 -0.1500022 -0.9640996
vn 0.2619138 -0.2197443 -0.9397412
vn 0.3936549 -0.203812 -0.8963796
vn 0.4441433 -0.08399478 -0.8920099
vn 0.6950751 -0.1445878 -0.7042478
vn 0.6943666 -0.05444033 -0.7175592
vn 0.6908684 -7.63809E-06 -0.7229806
vn 0.1240342 0 -0.992278
vn 0.6909655 -1.134133E-05 -0.7228877
vn 0.1240346 0 -0.9922779
vn 0.6906676 0 -0.7231723
vn 0.1240337 0 -0.992278
vn 0.6906676 0 -0.7231723
vn 0.1240337 0 -0.992278
vn 0.6908684 7.638091E-06 -0.7229806
vn 0.1240342 0 -0.992278
vn 0.6909657 1.134133E-05 -0.7228876
vn 0.1240346 0 -0.9922779
vn 0.6943682 0.05443995 -0.7175577
vn 0.4441448 0.08399507 -0.8920091
vn 0.2191147 0.1500019 -0.9640996
vn 0.6950791 0.144588 -0.7042439
vn 0.2619139 0.2197439 -0.9397413
vn 0.3936563 0.2038119 -0.8963791
vn 0.5160527 -0.6883074 -0.5098259
vn 0.5160527 -0.6883074 -0.5098259
vn 0.7717662 -0.5639311 -0.2938685
vn 0.733808 -0.554633 -0.3923112
vn 0.9420328 -0.2485601 -0.2253711
vn 0.95147 -0.2843168 -0.1177666
vn 0.771765 -0.5639298 0.293874
vn 0.9514701 -0.2843158 0.1177675
vn 0.9420328 -0.2485584 0.225373
vn 0.7338072 -0.5546299 0.3923171
vn 0.5160478 -0.6883036 0.509836
vn 0.5160478 -0.6883036 0.509836
vn 0.8558569 -0.01304019 -0.5170482
vn 0.712926 0.05936941 -0.6987216
vn 0.8687011 0 -0.4953366
vn 0.7177221 -0.001212915 -0.6963286
vn 0.8534703 0 -0.5211415
vn 0.6843626 0.108124 -0.7210805
vn 0.5204713 0.2183022 -0.8255021
vn 0.6261405 0.2184107 -0.748495
vn 0.7717422 0.2108896 -0.5999497
vn 0.8154857 0.1039245 -0.5693707
vn 0.7118577 -0.0003718292 -0.7023235
vn 0.8579597 -0.0007226809 -0.5137165
vn 0.8687021 1.173516E-06 -0.4953348
vn 0.7193119 6.055483E-07 -0.6946873
vn 0.7088124 0 -0.7053971
vn 0.7193118 5.570159E-07 -0.6946875
vn 0.8687022 1.079466E-06 -0.4953348
vn 0.7177225 0.001212915 -0.6963281
vn 0.8558571 0.01304019 -0.517048
vn 0.8558578 -0.0130402 -0.5170467
vn 0.7177227 -0.001212916 -0.696328
vn 0.8534711 0 -0.5211402
vn 0.7193118 0 -0.6946875
vn 0.8687021 0 -0.4953348
vn 0.8687021 1.173516E-06 -0.4953348
vn 0.7193119 6.055483E-07 -0.6946873
vn 0.7088129 0 -0.7053965
vn 0.7193123 5.835661E-07 -0.6946868
vn 0.8687025 1.130928E-06 -0.4953342
vn 0.7177221 0.001212916 -0.6963286
vn 0.8558576 0.0130402 -0.5170473
vn 0.855854 -0.01304036 -0.5170531
vn 0.7177222 -0.001212931 -0.6963286
vn 0.8534663 0 -0.5211481
vn 0.7193125 0 -0.6946865
vn 0.8687023 0 -0.4953346
vn 0.8687007 1.173526E-06 -0.4953373
vn 0.7193118 6.055534E-07 -0.6946874
vn 0.7088106 0 -0.7053989
vn 0.7193106 5.835722E-07 -0.6946886
vn 0.8686994 1.130935E-06 -0.4953395
vn 0.7177198 0.001212934 -0.6963309
vn 0.8558523 0.01304042 -0.5170559
vn 0.8558569 -0.0130402 -0.5170482
vn 0.7177199 -0.001212915 -0.6963307
vn 0.8534711 0 -0.5211402
vn 0.7193114 -3.495296E-07 -0.6946878
vn 0.8687012 -6.773674E-07 -0.4953365
vn 0.8687009 6.347931E-07 -0.495337
vn 0.7193111 3.275614E-07 -0.6946881
vn 0.7088129 0 -0.7053965
vn 0.7193104 6.065785E-07 -0.6946889
vn 0.8687003 1.175513E-06 -0.495338
vn 0.7177227 0.001212916 -0.696328
vn 0.8558578 0.0130402 -0.5170469
vn 0.8558572 -0.01304019 -0.5170478
vn 0.7177226 -0.001212915 -0.6963281
vn 0.8534703 0 -0.5211415
vn 0.7193121 -3.760822E-07 -0.694687
vn 0.8687027 -7.288245E-07 -0.4953338
vn 0.8687009 6.347931E-07 -0.495337
vn 0.7193111 3.275614E-07 -0.6946881
vn 0.7088124 0 -0.705397
vn 0.7118564 0.0003724172 -0.702325
vn 0.8579577 0.0007238245 -0.5137197
vn 0.7177221 0.001212915 -0.6963286
vn 0.8558568 0.01304019 -0.5170484
vn 0.8687011 0 -0.4953366
vn 0.712926 -0.05936941 -0.6987216
vn 0.6843625 -0.1081238 -0.7210806
vn 0.8154855 -0.103924 -0.5693708
vn 0.7717422 -0.2108885 -0.5999501
vn 0.6261406 -0.2184103 -0.7484952
vn 0.5204713 -0.2183022 -0.8255021
vn 0.8737268 0.05523254 0.4832709
vn 0.9322027 0.1022044 0.3472065
vn 0.7434838 0.2395522 0.624377
vn 0.8228835 0.05550338 0.5654927
vn 0.7927734 0 0.6095164
vn 0.8205082 0 0.5716347
vn 0.5074581 0.2186805 0.8334657
vn 0.5974975 0.5886087 0.5445518
vn 0.3648872 0.2311219 0.9019091
vn -0.2604722 0.06274465 0.9634404
vn 0.690136 0.02958548 0.7230746
vn 0.6425619 0 0.7662338
vn 0.6177592 0 0.7863673
vn 0.5969948 0 0.8022451
vn 0.6425602 0 0.7662352
vn 0.6425605 0 0.766235
vn 0.6177597 0 0.7863669
vn 0.5969965 0 0.8022438
vn 0.6425601 0 0.7662352
vn 0.6425602 0 0.7662352
vn 0.6177597 0 0.7863669
vn 0.5969965 0 0.8022438
vn 0.6425602 0 0.7662352
vn 0.6425601 0 0.7662352
vn 0.6177598 0 0.7863668
vn 0.5969965 0 0.8022438
vn 0.6425605 0 0.766235
vn 0.6425602 0 0.7662352
vn 0.6177592 0 0.7863673
vn 0.5969948 0 0.8022451
vn 0.6425619 0 0.7662338
vn 0.6901357 -0.02958545 0.723075
vn 0.8228834 -0.05550336 0.5654929
vn 0.5074584 -0.2186807 0.8334655
vn 0.7434836 -0.2395522 0.6243772
vn 0.9322029 -0.102206 0.3472054
vn 0.873727 -0.05523274 0.4832707
vn 0.8205089 0 0.5716338
vn 0.5974978 -0.5886087 0.5445514
vn 0.3648883 -0.2311222 0.9019085
vn -0.2604721 -0.06274419 0.9634404
vn 0.2238708 -0.1183919 0.9674013
vn -0.07866708 0.01304259 0.9968156
vn 0.7927735 0 0.6095164
vn -0.300835 0.001213135 0.9536754
vn -0.08339727 1.291153E-07 0.9965163
vn -0.3378179 -0.1079768 0.9349973
vn -0.5043805 -0.2177336 0.8355792
vn -0.3882682 -0.2180507 0.8953781
vn -0.1904582 -0.210894 0.9587749
vn -0.1435306 -0.1039266 0.9841739
vn -0.3088267 0.0003718809 0.9511182
vn -0.07474789 0.0007227826 0.9972023
vn -0.0534934 0 0.9985682
vn -0.2986559 0 0.9543609
vn -0.312939 0 0.9497733
vn -0.2986559 0 0.9543609
vn -0.05349325 0 0.9985682
vn -0.3008317 -0.001213116 0.9536765
vn -0.0786655 -0.01304237 0.9968157
vn -0.07866557 0.01304258 0.9968157
vn -0.3008317 0.001213135 0.9536765
vn -0.08339723 1.219423E-07 0.9965163
vn -0.2986559 0 0.9543609
vn -0.05349326 0 0.9985682
vn -0.0534934 0 0.9985682
vn -0.2986559 0 0.9543609
vn -0.312939 0 0.9497733
vn -0.2986547 0 0.9543612
vn -0.05349184 0 0.9985683
vn -0.3008382 -0.001213114 0.9536744
vn -0.07866822 -0.01304237 0.9968155
vn -0.07868046 0.01304254 0.9968145
vn -0.3008388 0.00121313 0.9536742
vn -0.08341266 1.147692E-07 0.996515
vn -0.2986542 0 0.9543613
vn -0.05349196 0 0.9985683
vn -0.05349349 0 0.9985682
vn -0.2986549 0 0.9543611
vn -0.3129454 0 0.9497711
vn -0.2986542 0 0.9543614
vn -0.05349183 0 0.9985683
vn -0.3008389 -0.001213113 0.9536742
vn -0.07868204 -0.01304234 0.9968144
vn -0.07866828 0.01304258 0.9968155
vn -0.3008382 0.001213133 0.9536744
vn -0.08339723 1.219423E-07 0.9965163
vn -0.2986547 0 0.9543612
vn -0.05349186 0 0.9985683
vn -0.0534934 0 0.9985682
vn -0.2986559 0 0.9543609
vn -0.312939 0 0.9497733
vn -0.2986559 0 0.9543609
vn -0.05349325 0 0.9985682
vn -0.3008317 -0.001213116 0.9536765
vn -0.0786655 -0.01304237 0.9968157
vn -0.07866564 0.01304259 0.9968157
vn -0.3008317 0.001213136 0.9536765
vn -0.08339727 1.291153E-07 0.9965163
vn -0.2986559 0 0.9543609
vn -0.05349326 0 0.9985682
vn -0.0534934 0 0.9985682
vn -0.2986559 0 0.9543609
vn -0.3129391 0 0.9497733
vn -0.3088267 -0.000371881 0.9511182
vn -0.07474788 -0.0007227829 0.9972023
vn -0.300835 -0.001213115 0.9536754
vn -0.07866695 -0.01304237 0.9968156
vn 0.2238699 0.1183917 0.9674016
vn -0.337819 0.1079773 0.9349969
vn -0.1435329 0.1039266 0.9841735
vn -0.1904627 0.2108942 0.958774
vn -0.3882696 0.2180519 0.8953771
vn -0.5043802 0.2177355 0.8355788
vn 0.6223186 0.6820109 0.3841623
vn 0.6223186 0.6820109 0.3841623
vn 0.5974975 0.5886087 0.5445518
vn 0.7434838 0.2395522 0.624377
vn 0.6223186 -0.6820109 0.3841623
vn 0.6223186 -0.6820109 0.3841623
vn 0.7434836 -0.2395522 0.6243772
vn 0.5974978 -0.5886087 0.5445514
vn 0.8786409 0.1741023 0.4446106
vn 0.7768761 0.08621275 0.6237233
vn 0.7912263 0.1741017 0.5862163
vn 0.9057409 0.08621316 0.4149706
vn 0.7659947 -0.000297132 0.6428468
vn 0.9179609 -0.0002969764 0.3966708
vn 0.761377 0 0.6483094
vn 0.9207742 -1.524758E-07 0.3900962
vn 0.7613769 0 0.6483096
vn 0.9207743 -2.648815E-07 0.3900959
vn 0.7613768 0 0.6483096
vn 0.9207743 1.124057E-07 0.3900959
vn 0.761377 0 0.6483095
vn 0.920774 -1.524758E-07 0.3900962
vn 0.7613756 0 0.6483111
vn 0.9207743 -2.648806E-07 0.3900959
vn 0.7613757 0 0.648311
vn 0.920774 1.124066E-07 0.3900963
vn 0.761377 0 0.6483094
vn 0.920774 -1.524753E-07 0.3900964
vn 0.7613757 0 0.648311
vn 0.9207746 -2.648816E-07 0.3900952
vn 0.7613755 0 0.6483111
vn 0.9207748 -3.772834E-07 0.3900947
vn 0.761377 0 0.6483095
vn 0.9207751 -1.124061E-07 0.3900941
vn 0.7613769 0 0.6483096
vn 0.9207749 2.648774E-07 0.3900944
vn 0.7613768 0 0.6483096
vn 0.9207745 -3.772833E-07 0.3900954
vn 0.761377 0 0.6483094
vn 0.920775 -1.124061E-07 0.3900942
vn 0.7659948 0.000297132 0.6428467
vn 0.9179615 0.0002973534 0.3966694
vn 0.7768762 -0.08621267 0.6237234
vn 0.9057412 -0.08621278 0.4149701
vn 0.7912264 -0.1741016 0.5862162
vn 0.8786415 -0.1741017 0.4446098
vn 0.3422891 0.7674971 -0.5420206
vn 0.3422891 0.7674971 -0.5420206
vn 0.3422891 0.7674971 -0.5420206
vn 0.3422891 0.7674971 -0.5420206
vn 0.3422891 -0.7674971 -0.5420206
vn 0.3422891 -0.7674971 -0.5420206
vn 0.3422891 -0.7674971 -0.5420206
vn 0.3422891 -0.7674971 -0.5420206
vn -0.3305995 0.7679102 0.5486509
vn -0.3305995 0.7679102 0.5486509
vn -0.3305995 0.7679102 0.5486509
vn -0.3305995 0.7679102 0.5486509
vn -0.3305983 -0.7679073 0.5486558
vn -0.3305983 -0.7679073 0.5486558
vn -0.3305983 -0.7679073 0.5486558
vn -0.3305983 -0.7679073 0.5486558
vn 0 -0.2944461 0.9556681
vn 0 -0.2163945 0.976306
vn 0 -0.2944461 0.9556681
vn 0 -0.2163945 0.976306
vn 0 -0.03031555 0.9995404
vn 0 -0.03031555 0.9995404
vn 0 0.1177123 0.9930478
vn 0 0.1177122 0.9930478
vn 0 0.2337878 0.9722877
vn 0 0.2337878 0.9722877
vn 0 -0.1395726 -0.9902118
vn 0 -0.18961 -0.9818595
vn 0 -0.18961 -0.9818595
vn 0 -0.1395725 -0.9902118
vn 0 -0.01907826 -0.999818
vn 0 -0.01907826 -0.999818
vn 0 -0.03175242 -0.9994957
vn 0 -0.03175242 -0.9994957
vn 0 -0.1100679 -0.9939241
vn 0 -0.1100679 -0.9939241
vn 0 -0.1899472 -0.9817944
vn 0 -0.1899472 -0.9817944
vn 0 -0.26675 -0.9637658
vn 0 -0.26675 -0.9637658
vn -2.269061E-07 -0.3787897 -0.9254827
vn -2.269062E-07 -0.3787897 -0.9254827
vn -4.499151E-07 -0.4978642 -0.8672551
vn -4.499151E-07 -0.4978642 -0.867255
vn 0 0.2944461 0.9556681
vn 0 0.2163945 0.976306
vn 0 0.2944461 0.9556681
vn 0 0.2163945 0.976306
vn 0 0.03031555 0.9995404
vn 0 0.03031555 0.9995404
vn 0 -0.1177123 0.9930478
vn 0 -0.1177122 0.9930478
vn 0 -0.2337878 0.9722877
vn 0 -0.2337878 0.9722877
vn 0 0.1395726 -0.9902118
vn 0 0.18961 -0.9818595
vn 0 0.18961 -0.9818595
vn 0 0.1395725 -0.9902118
vn 0 0.01907826 -0.999818
vn 0 0.01907826 -0.999818
vn 0 0.03175242 -0.9994957
vn 0 0.03175242 -0.9994957
vn 0 0.1100679 -0.9939241
vn 0 0.1100679 -0.9939241
vn 0 0.1899472 -0.9817944
vn 0 0.1899472 -0.9817944
vn 0 0.26675 -0.9637658
vn 0 0.26675 -0.9637658
vn 2.269061E-07 0.3787897 -0.9254827
vn 2.269062E-07 0.3787897 -0.9254827
vn 4.499151E-07 0.4978642 -0.8672551
vn 4.499151E-07 0.4978642 -0.867255
vn 0 0.8361175 0.5485504
vn 0 0.8361175 0.5485504
vn 0 0.8361175 0.5485504
vn 0 0.8361175 0.5485504
vn 0 -0.8361175 0.5485504
vn 0 -0.8361175 0.5485504
vn 0 -0.8361175 0.5485504
vn 0 -0.8361175 0.5485504
vn 0 0.114067 -0.9934731
vn 0 0.226645 -0.9739775
vn 0 0.226645 -0.9739775
vn 0 0.114067 -0.9934731
vn 0 -0.114067 -0.9934731
vn 0 -0.114067 -0.9934731
vn 0 -0.226645 -0.9739775
vn 0 -0.226645 -0.9739775
vn 0 0.7828366 -0.6222274
vn 0 0.7828366 -0.6222274
vn 0 0.7828366 -0.6222274
vn 0 0.7828366 -0.6222274
vn 0 -0.7828366 -0.6222274
vn 0 -0.7828366 -0.6222274
vn 0 -0.7828366 -0.6222274
vn 0 -0.7828366 -0.6222274
vn -0.7961972 0.02513914 -0.6045147
vn -0.9278281 0.02732739 -0.3720056
vn -0.9284754 -0.03805091 -0.3694395
vn -0.7242638 -0.01255111 -0.6894087
vn 0 0.6458473 0.7634667
vn 0 0.5120466 0.8589576
vn 0 0.5120466 0.8589576
vn 0 0.6458473 0.7634667
vn 0 0.721249 0.6926758
vn 0 0.721249 0.6926758
vn 0 0.7696183 0.6385043
vn 0 0.7696183 0.6385043
vn 0 0.8163582 0.5775459
vn 0 0.8163582 0.5775458
vn 0 0.8645623 0.5025255
vn 0 0.8645623 0.5025255
vn 0 0.9275466 0.3737075
vn 0 0.9275466 0.3737075
vn 0 0.9735817 0.2283387
vn 0 0.9735817 0.2283387
vn 0 0.9900653 0.1406089
vn 0 0.9900653 0.1406089
vn 0 0.9965703 0.08274934
vn 0 0.9965703 0.08274934
vn 0 0.9997047 0.02430114
vn 0 0.9997047 0.02430115
vn 0 0.9999287 -0.01194221
vn 0 0.9999287 -0.01194221
vn 0 0.999175 -0.04061161
vn 0 0.999175 -0.0406116
vn 5.737469E-07 0.9976279 -0.06883768
vn 5.737469E-07 0.9976279 -0.06883769
vn 5.319944E-07 0.9885566 -0.15085
vn 5.319941E-07 0.9885566 -0.15085
vn -5.306477E-07 0.9533807 -0.3017702
vn -5.306483E-07 0.9533807 -0.3017703
vn -2.654044E-07 0.9010621 -0.4336901
vn -2.654042E-07 0.9010621 -0.4336901
vn 1.511032E-06 0.830701 -0.5567188
vn 1.511033E-06 0.8307009 -0.5567189
vn 2.144379E-06 0.7145207 -0.6996142
vn 2.14438E-06 0.714521 -0.699614
vn 1.117838E-06 0.5957623 -0.8031608
vn 1.117838E-06 0.5957623 -0.8031608
vn 4.499151E-07 0.4978642 -0.867255
vn 4.499151E-07 0.4978642 -0.8672551
vn 0 0.5120466 0.8589576
vn 0 0.3849595 0.9229335
vn 0 0.5120466 0.8589576
vn 0 0.3849594 0.9229335
vn 0 0.2849704 0.9585364
vn 0 0.2849704 0.9585364
vn 0 0.1631502 0.9866013
vn 0 0.1631502 0.9866013
vn 0 0.04623223 0.9989308
vn 0 0.04623223 0.9989308
vn 0 -0.04623003 0.9989308
vn 0 -0.04623004 0.9989308
vn 0 -0.1631597 0.9865997
vn 0 -0.1631597 0.9865997
vn 0 -0.2849941 0.9585292
vn 0 -0.2849941 0.9585292
vn 0 -0.3849817 0.9229242
vn 0 -0.3849817 0.9229242
vn 0 -0.5120589 0.8589503
vn 0 -0.5120589 0.8589503
vn 0 -0.6458499 0.7634644
vn 0 -0.5120589 0.8589503
vn 0 -0.5120589 0.8589503
vn 0 -0.6458499 0.7634644
vn 0 -0.721249 0.6926758
vn 0 -0.721249 0.6926758
vn 0 -0.7696183 0.6385043
vn 0 -0.7696183 0.6385043
vn 0 -0.8163582 0.5775459
vn 0 -0.8163582 0.5775458
vn 0 -0.8645623 0.5025255
vn 0 -0.8645623 0.5025255
vn 0 -0.9275466 0.3737075
vn 0 -0.9275466 0.3737075
vn 0 -0.9735811 0.2283418
vn 0 -0.9735811 0.2283418
vn 0 -0.9900648 0.1406121
vn 0 -0.9900648 0.1406121
vn 0 -0.9965703 0.08274934
vn 0 -0.9965703 0.08274934
vn 0 -0.9997047 0.02430114
vn 0 -0.9997047 0.02430115
vn 0 -0.9999287 -0.01194221
vn 0 -0.9999287 -0.01194221
vn 0 -0.999175 -0.04061161
vn 0 -0.999175 -0.0406116
vn -5.737469E-07 -0.9976279 -0.06883768
vn -5.737469E-07 -0.9976279 -0.06883769
vn -5.319944E-07 -0.9885566 -0.15085
vn -5.319941E-07 -0.9885566 -0.15085
vn 5.306477E-07 -0.9533807 -0.3017702
vn 5.306483E-07 -0.9533807 -0.3017703
vn 2.654044E-07 -0.9010621 -0.4336901
vn 2.654042E-07 -0.9010621 -0.4336901
vn -1.511032E-06 -0.830701 -0.5567188
vn -1.511033E-06 -0.8307009 -0.5567189
vn -2.144379E-06 -0.7145207 -0.6996142
vn -2.14438E-06 -0.714521 -0.699614
vn -1.117838E-06 -0.5957623 -0.8031608
vn -1.117838E-06 -0.5957623 -0.8031608
vn -4.499151E-07 -0.4978642 -0.867255
vn -4.499151E-07 -0.4978642 -0.8672551
vn 0 1 0
vn 0 1 0
vn 0 1 0
vn 0 1 0
vn 0 -1 0
vn 0 -1 0
vn 0 -1 0
vn 0 -1 0
vn 0.978394 -0.1073362 0.1767038
vn 0.9806501 -0.0838748 0.1768916
vn 0.9923156 -0.1237321 0
vn 0.9757285 -0.2189839 0
vn 0.9806501 -0.08387481 -0.1768916
vn 0.978394 -0.1073362 -0.1767038
vn 0 0.9976037 -0.0691869
vn 0 0.9976037 -0.0691869
vn 0 0.9976037 -0.0691869
vn 0 0.9976037 -0.0691869
vn 0 -0.9976037 -0.0691869
vn 0 -0.9976037 -0.0691869
vn 0 -0.9976037 -0.0691869
vn 0 -0.9976037 -0.0691869
vn 0.978394 -0.1073362 -0.1767038
vn 0.9806501 -0.08387481 -0.1768916
vn 0.9774187 0 -0.2113119
vn 0.9280714 0 -0.3724024
vn 0.9774187 0 -0.2113119
vn 0.9280714 0 -0.3724023
vn 0.9774187 0 -0.2113119
vn 0.9280714 0 -0.3724024
vn 0.9806501 0.08387481 -0.1768916
vn 0.978394 0.1073362 -0.1767038
vn 0.9757285 0.2189839 0
vn 0.9806501 0.08387481 0.1768916
vn 0.978394 0.1073362 0.1767038
vn 0.9923156 0.1237321 0
vn 0.978394 0.1073362 -0.1767038
vn 0.9806501 0.08387481 -0.1768916
vn 0.978394 0.1073362 0.1767038
vn 0.9806501 0.08387481 0.1768916
vn 0.9774187 0 0.2113119
vn 0.9280714 0 0.3724024
vn 0.9774187 0 0.2113119
vn 0.9280714 0 0.3724023
vn 0.9774187 0 0.2113119
vn 0.9280714 0 0.3724024
vn 0.9806501 -0.0838748 0.1768916
vn 0.978394 -0.1073362 0.1767038
vn 0.9773113 0.1056695 0.1835662
vn 0.9374593 0 0.348095
vn 0.9374594 0 0.3480947
vn 0.9374593 0 0.3480949
vn 0.9791573 0.2031033 0
vn 0.9757285 0.2189839 0
vn 0.9773114 -0.1056696 0.1835657
vn 0.9757285 -0.2189839 0
vn 0.9773114 0.1056696 -0.1835657
vn 0.978394 0.1073362 -0.1767038
vn 0.9791573 -0.2031033 0
vn 0.978394 -0.1073362 -0.1767038
vn 0.9374593 0 -0.3480949
vn 0.9280714 0 -0.3724024
vn 0.9773113 -0.1056695 -0.1835662
vn 0.9280714 0 -0.3724024
vn 0.9374594 0 -0.3480947
vn 0.9280714 0 -0.3724023
vn 0.9374593 0 -0.348095
vn 0.9308271 0.188566 -0.3130558
vn 0.8620046 0 -0.5069005
vn 0.9481157 0.3179255 0
vn 0.8620042 0 -0.5069012
vn 0.8620044 0 -0.5069008
vn 0.930827 0.188566 0.3130558
vn 0.930827 -0.188566 -0.3130558
vn 0.9481157 -0.3179255 0
vn 0.8620044 0 0.5069007
vn 0.9308271 -0.188566 0.3130558
vn 0.8620042 0 0.5069013
vn 0.8620046 0 0.5069005
vn 0.9774187 0 0.2113119
vn 0.9806501 0.08387481 0.1768916
vn 0.9923156 0.1237321 0
vn 1 0 0
vn 0.9806501 0.08387481 -0.1768916
vn 0.9774187 0 0.2113119
vn 0.9774187 0 -0.2113119
vn 1 0 0
vn 0.9774187 0 0.2113119
vn 0.9774187 0 -0.2113119
vn 1 0 0
vn 0.9806501 -0.0838748 0.1768916
vn 0.9774187 0 -0.2113119
vn 0.9923156 -0.1237321 0
vn 0.9806501 -0.08387481 -0.1768916
vn 0.9967657 -0.0803615 0
vn 0.9308271 -0.188566 0.3130558
vn 0.9481157 -0.3179255 0
vn 0.9768188 -0.2140679 0
vn 0.930827 -0.188566 -0.3130558
vn 0.9967657 -0.08036151 0
vn 0.7715949 0 -0.6361142
vn 0.930827 -0.188566 -0.3130558
vn 0.8620044 0 -0.5069008
vn 0.7715943 0 -0.636115
vn 0.8620042 0 -0.5069012
vn 0.7715929 0 -0.6361166
vn 0.8620046 0 -0.5069005
vn 0.7715943 0 -0.636115
vn 0.9308271 0.188566 -0.3130558
vn 0.7715949 0 -0.6361142
vn 0.9768188 0.2140678 0
vn 0.930827 0.188566 0.3130558
vn 0.9967657 0.08036151 0
vn 0.9481157 0.3179255 0
vn 0.9967657 0.0803615 0
vn 0.9308271 0.188566 -0.3130558
vn 0.7715949 0 0.6361142
vn 0.930827 0.188566 0.3130558
vn 0.8620044 0 0.5069007
vn 0.7715943 0 0.636115
vn 0.8620042 0 0.5069013
vn 0.7715929 0 0.6361166
vn 0.8620046 0 0.5069005
vn 0.7715943 0 0.636115
vn 0.9308271 -0.188566 0.3130558
vn 0.7715949 0 0.6361142
vn 0.9999955 -0.001793373 -0.002440671
vn 0.9966626 0.04710817 0.06666819
vn 0.9999993 -0.001168772 0.0003084116
vn 0.9972644 0.05034925 0.05411844
vn 0.9893658 0.09798265 0.1074928
vn 0.9904853 0.1045853 0.08944715
vn 0.9971883 0.05630172 0.04945323
vn 0.9233128 0.3041844 0.2344466
vn 0.9997472 -0.01968967 0.0108583
vn 0.9979751 0.05200211 0.03662709
vn 0.998173 0.05044738 0.03325259
vn 0.9321786 0.3002248 0.2022575
vn 0.924376 0.33086 0.1898964
vn 0.9999974 -0.001879678 0.001295705
vn 0.9969863 0.07341025 0.0250836
vn 0.9860957 0.1575976 0.05270726
vn 0.9886518 0.1455771 0.03707917
vn 0.9912876 0.1312365 0.01121176
vn 0.9974253 0.07150442 0.005467714
vn 0.9283283 0.3713899 0.01662148
vn 0.9990609 -0.04315067 0.003898049
vn 0.998193 0.06008874 -0.000219076
vn 0.9983476 -0.05739874 -0.002709956
vn 0.9601278 -0.2787629 -0.02111077
vn 0.9982622 0.05892856 -0.0001480148
vn 0.9347872 0.3552051 0.001532897
vn 0.9357373 0.3520308 0.02167957
vn 0.9984608 -0.04521904 0.03211293
vn 0.9548075 -0.2956539 0.0305182
vn 0.9855089 -0.05494875 0.1604768
vn 0.9979571 0.05932882 0.02370071
vn 0.9338545 0.3526443 0.05964648
vn 0.9960247 -0.01082604 0.08841673
vn 0.9949535 0.05923612 0.08098509
vn 0.9895511 -0.002253731 0.1441648
vn 0.9880034 -0.01326608 0.1538615
vn 0.9859216 -0.01078656 0.16686
vn 0.9880966 0.06156837 0.140977
vn 0.9262767 0.3624813 0.1030476
vn 0.9214013 0.3698913 0.1191643
vn 0.9841923 0.06247366 0.1657189
vn 0.9238701 0.377441 0.06326306
vn 0.9849554 0.06472406 0.1602304
vn 0.9866465 0.06619149 0.1488193
vn 0.9844307 0.1219007 0.1266344
vn 0.9897311 0.1050865 0.0968983
vn 0.9900171 0.05090464 0.1314335
vn 0.995137 0.07690154 0.06155076
vn 0.9892591 -0.03783777 0.1411911
vn 0.9944605 0.02157991 0.1028726
vn 0.9987341 -0.001789021 0.0502697
vn 0.9988506 0.04702928 0.0092597
vn 0.9991277 0.02134792 -0.03589233
vn 0.9911095 -0.05619692 0.1205982
vn 0.99925 -0.01904715 0.03371367
vn 0.9988775 0.02463449 -0.04045947
vn 0.9918921 -0.04191595 0.1199714
vn 0.9992466 -0.01186149 0.03695483
vn 0.9997376 -0.003441728 0.02264794
vn 0.9979856 0.02439369 -0.05856277
vn 0.9973238 0.01305268 -0.07193641
vn 0.9922494 -0.0258235 0.1215493
vn 0.9997481 -0.004283766 0.02203146
vn 0.9973207 0.01088263 -0.07233906
vn 0.9909025 -0.01016557 0.1341973
vn 0.9996905 -0.001896776 0.02480528
vn 0.9805525 0.002466677 0.1962414
vn 0.8689978 0.007091893 0.494765
vn 0.9998716 0.000992713 0.01599441
vn 0.9965717 0.005938541 -0.08252107
vn 0.9592106 0.2180806 -0.1798772
vn 0.9741603 0.08316109 0.2099906
vn 0.8470998 0.1515848 0.5093564
vn 0.8728561 0.3627716 0.3263725
vn 0.8885114 0.4408185 0.1273831
vn 0.9958271 0.08610358 0.03023827
vn 0.9211178 0.3729366 -0.1116255
vn 0.8892404 0.4424813 0.116025
vn -0.9973002 -0.05162413 0.0522237
vn -0.9886162 -0.1059064 0.1068728
vn -0.9908081 -0.1046116 0.0857651
vn -1 5.162506E-05 -5.413028E-05
vn -0.9971176 -0.05803777 0.04886835
vn -0.9276539 -0.298043 0.2250085
vn -0.9999605 0.008702691 -0.001771703
vn -0.9984634 0.05530593 0.003474071
vn -0.9619706 0.2714503 -0.03045308
vn -0.9982199 -0.0497609 0.03287622
vn -0.9983506 -0.04810387 0.03133734
vn -0.9375638 -0.2892173 0.1932034
vn -0.93139 -0.3152046 0.1820951
vn -0.9973055 -0.069451 0.02362663
vn -0.9972535 -0.07392309 0.004571061
vn -0.9875712 -0.1489573 0.05014589
vn -0.9197098 -0.384613 0.07878238
vn -0.9307823 -0.3603983 0.06129771
vn -0.9860692 -0.1660633 0.009510357
vn -0.9885163 -0.1510377 0.00480518
vn -0.921262 -0.3886215 0.01580502
vn -0.9984608 0.04521942 0.03211277
vn -0.9548081 0.2956521 0.03051846
vn -0.9855089 0.05494882 0.1604768
vn -0.9973618 -0.06957332 0.02071085
vn -0.9270046 -0.3719774 0.0479097
vn -0.9960247 0.0108261 0.0884167
vn -0.9951177 -0.06341372 0.07562806
vn -0.9895512 0.002253755 0.1441643
vn -0.9880034 0.01326622 0.1538615
vn -0.9859217 0.01078666 0.1668599
vn -0.988457 -0.06023696 0.1390124
vn -0.9259384 -0.3648388 0.09762532
vn -0.9214013 -0.3698909 0.1191654
vn -0.9841923 -0.06247365 0.1657186
vn -0.92387 -0.3774416 0.06326272
vn -0.9849553 -0.06472436 0.1602305
vn -0.9866465 -0.06619187 0.1488197
vn -0.9844306 -0.1219014 0.1266353
vn -0.9897311 -0.1050866 0.09689792
vn -0.9900171 -0.05090472 0.1314334
vn -0.995137 -0.07690159 0.0615501
vn -0.9892591 0.03783787 0.1411909
vn -0.9944605 -0.02157991 0.1028722
vn -0.9987341 0.001788866 0.05026936
vn -0.9988506 -0.04702959 0.009259186
vn -0.9991276 -0.02134819 -0.03589309
vn -0.9911095 0.05619702 0.120598
vn -0.99925 0.01904701 0.03371327
vn -0.9988775 -0.02463465 -0.04045977
vn -0.9918921 0.04191589 0.1199715
vn -0.9992466 0.0118614 0.03695466
vn -0.9997376 0.003441712 0.02264819
vn -0.9979857 -0.02439371 -0.05856239
vn -0.9973239 -0.0130527 -0.071936
vn -0.9922494 0.02582342 0.1215493
vn -0.9997481 0.00428375 0.0220317
vn -0.9973207 -0.01088263 -0.07233906
vn -0.9909025 0.01016537 0.1341975
vn -0.9996905 0.001896776 0.02480528
vn -0.9805525 -0.002466866 0.1962416
vn -0.8689985 -0.007092211 0.4947639
vn -0.9998716 -0.000992713 0.01599441
vn -0.9965717 -0.005938541 -0.08252107
vn -0.9592106 -0.2180806 -0.1798772
vn -0.9741603 -0.08316114 0.2099907
vn -0.8470998 -0.1515849 0.5093564
vn -0.8728561 -0.3627716 0.3263724
vn -0.8885115 -0.4408185 0.1273823
vn -0.9958271 -0.08610358 0.03023828
vn -0.9211178 -0.3729366 -0.1116255
vn -0.8892404 -0.4424813 0.1160241
vn 0.6547087 0.09835779 0.7494547
vn 0.7422215 0.176268 0.6465577
vn 0.669496 0.1805086 0.7205496
vn 0.7795272 0.354032 0.5167193
vn 0.7222045 0.07215109 0.6879062
vn 0.9245775 0.1986101 0.3251311
vn 0.9319634 0.04994203 0.3590962
vn 0.9322537 0.004876886 0.3617723
vn 0.715562 0.001345074 0.698548
vn 0.9126188 0.0005104921 0.4088115
vn 0.7460737 0.0896308 0.6598033
vn 0.6237888 -0.0004402519 0.7815928
vn 0.8228048 0.09441495 0.5604266
vn 0.8081793 0.1747601 0.5624101
vn 0.7392815 -0.001803835 0.6733941
vn 0.7970764 0.07041254 0.5997593
vn 0.6163495 0.2448616 0.7484357
vn 0.4787589 0.1593149 0.8633705
vn 0.114546 0.3708737 0.921592
vn 0.7123852 -0.0004348378 0.7017886
vn 0.6215845 -0.0001583876 0.783347
vn 0.7241935 0.0001846299 0.6895969
vn 0.7156138 -0.001125992 0.6984951
vn 0.9327282 -0.004862654 0.3605475
vn 0.9305725 -0.05344689 0.3621855
vn 0.623674 0.0004870612 0.7816845
vn 0.7163082 -0.07719289 0.6935012
vn 0.9186997 -0.2147948 0.3314426
vn 0.7466485 -0.3908256 0.5383041
vn 0.7818534 -0.3262368 0.5312952
vn 0.6617411 -0.06748495 0.746689
vn 0.8708083 -0.08726004 0.4838166
vn 0.738974 0.001780723 0.6737316
vn 0.802871 -0.03869034 0.594896
vn 0.8302989 0.004838516 0.5572973
vn 0.7815453 0.04924051 0.6219022
vn 0.7008685 0 0.7132905
vn 0.7779643 0 0.6283085
vn 0.5894928 0.07677529 0.8041168
vn 0.7096654 0.1564771 0.6869425
vn 0.7350525 0.3694751 0.5684946
vn 0.7008688 0 0.7132903
vn 0.7779651 0 0.6283075
vn 0.5334961 0 0.8458025
vn 0.6502127 0.07493694 0.7560476
vn 0.9119607 0.2018156 0.3572087
vn 0.9176499 0.05020922 0.3942049
vn 0.9176083 -4.399713E-05 0.397486
vn 0.6427159 -3.691274E-05 0.7661046
vn 0.9177679 0 0.3971172
vn 0.6435621 0 0.7653939
vn 0.9176083 4.393713E-05 0.397486
vn 0.5334958 0 0.8458027
vn 0.6427158 3.682943E-05 0.7661048
vn 0.9176505 -0.05020884 0.3942039
vn 0.5334958 0 0.8458027
vn 0.6502134 -0.07493705 0.756047
vn 0.9119616 -0.2018155 0.3572069
vn 0.7350519 -0.3694754 0.5684952
vn 0.7096683 -0.1564807 0.6869387
vn 0.5894933 -0.07677699 0.8041163
vn 0.8708094 0.08725933 0.4838149
vn 0.7008685 0 0.7132905
vn 0.7779643 0 0.6283085
vn 0.7815475 -0.04924195 0.6218993
vn 0.8303002 -0.004839665 0.5572953
vn 0.802871 0.03869023 0.594896
vn 0.7389743 -0.001780723 0.6737313
vn 0.6617411 0.06748505 0.7466891
vn 0.7818528 0.3262375 0.531296
vn 0.7466483 0.3908256 0.5383044
vn 0.6236743 -0.0004872727 0.781684
vn 0.7163088 0.07719343 0.6935005
vn 0.9186987 0.2147954 0.3314446
vn 0.9305726 0.0534472 0.3621848
vn 0.9327271 0.004862022 0.3605502
vn 0.7156155 0.001125669 0.6984936
vn 0.9126174 -0.0005109886 0.4088143
vn 0.7241935 -0.0001844148 0.6895969
vn 0.6215854 0.0001580486 0.7833464
vn 0.7123829 0.0004342556 0.7017909
vn 0.6237902 0.0004400306 0.7815917
vn 0.7155611 -0.001345168 0.6985489
vn 0.9322525 -0.004876674 0.3617755
vn 0.9319627 -0.04994179 0.359098
vn 0.722203 -0.07215232 0.6879077
vn 0.9245769 -0.1986141 0.3251304
vn 0.7795283 -0.3540327 0.516717
vn 0.6694937 -0.1805109 0.7205511
vn 0.6547084 -0.09835864 0.7494547
vn 0.7422211 -0.1762725 0.6465569
vn 0.7392817 0.001804092 0.673394
vn 0.7460743 -0.08963386 0.6598022
vn 0.8228052 -0.09441622 0.5604261
vn 0.8081799 -0.174764 0.562408
vn 0.6163502 -0.244865 0.748434
vn 0.7970784 -0.07041266 0.5997567
vn 0.4787608 -0.1593157 0.8633693
vn 0.114542 -0.370875 0.921592
vn 0.1637975 -0.2443697 0.9557478
vn -0.1145491 -0.3708696 0.9215934
vn 0.5599612 0 0.8285189
vn 0.5490483 -0.0387132 0.8348935
vn 0.1707414 -0.03291167 0.9847661
vn -0.163805 -0.244363 0.9557483
vn 0.1867637 0 0.9824049
vn 0.5599611 0 0.8285189
vn 0.7263144 0 0.6873626
vn -0.478767 -0.1593136 0.8633662
vn -0.6163511 -0.2448573 0.7484359
vn -0.7970765 -0.07041285 0.5997593
vn -0.1707474 -0.03291319 0.9847649
vn -0.5490482 -0.0387146 0.8348935
vn -0.7927734 0 0.6095164
vn -0.5599613 0 0.8285188
vn -0.7927735 0 0.6095164
vn 0.1867634 0 0.9824049
vn -0.1867637 0 0.9824049
vn -0.5599611 0 0.8285189
vn -0.7927735 0 0.6095164
vn -0.1867634 0 0.9824049
vn -0.5599611 0 0.8285189
vn -0.7927735 0 0.6095163
vn 0.1867634 0 0.9824049
vn -0.5599611 0 0.8285189
vn -0.7927735 0 0.6095163
vn -0.1867634 0 0.9824049
vn 0.5599611 0 0.8285189
vn 0.7263144 0 0.6873626
vn -0.5599611 0 0.8285189
vn -0.7927735 0 0.6095164
vn -0.1867634 0 0.9824049
vn 0.1867634 0 0.9824049
vn 0.5599611 0 0.8285189
vn 0.7263144 0 0.6873626
vn -0.5599611 0 0.8285189
vn -0.7927734 0 0.6095164
vn -0.1867634 0 0.9824049
vn 0.1867634 0 0.9824049
vn 0.5599611 0 0.8285189
vn 0.7263144 0 0.6873626
vn -0.5599612 0 0.8285189
vn -0.7968289 0.0758447 0.5994259
vn -0.1867634 0 0.9824049
vn 0.1867634 0 0.9824049
vn 0.5599611 0 0.8285189
vn 0.7263144 0 0.6873626
vn 0.1867637 0 0.9824049
vn 0.5599613 0 0.8285188
vn -0.1867637 0 0.9824049
vn -0.5490483 0.0387132 0.8348935
vn 0.1707435 0.03291145 0.9847656
vn 0.5490457 0.03871273 0.8348952
vn -0.4787608 0.1593157 0.8633693
vn -0.6154424 0.2500025 0.747482
vn -0.114542 0.370875 0.921592
vn -0.1707414 0.03291167 0.9847661
vn 0.1637997 0.2443667 0.9557483
vn -0.1637975 0.2443697 0.9557478
vn 0.7836877 0.5965588 0.1730639
vn 0.8981379 0.4083292 0.1631428
vn 0.8629364 0.4997112 0.07502999
vn 0.7686934 0.5447612 0.3351799
vn 0.8371967 0.5469019 0
vn 0.7229872 0.6908615 0
vn 0.8829247 0.4695147 0
vn 0.8354785 0.5495231 0
vn 0.8648919 0.4916261 -0.1013198
vn 0.7537335 0.633864 0.1734998
vn 0.7350525 0.3694751 0.5684946
vn 0.9119607 0.2018156 0.3572087
vn 0.9566123 0.2738813 0.09940745
vn 0.9048553 0.4257191 0
vn 0.9627522 0.2703852 0
vn 0.7537335 0.6338633 -0.1735024
vn 0.9566118 0.2738832 -0.09940716
vn 0.9119616 0.2018155 -0.3572069
vn 0.5486569 0.8360476 0
vn 0.735052 0.369475 -0.5684953
vn 0.7774175 0.6041915 -0.1748562
vn 0.8964307 0.2624979 -0.357081
vn 0.7938724 0.3336347 -0.508384
vn 0.7836895 -0.5965552 0.1730683
vn 0.8629382 -0.4997074 0.07503416
vn 0.8981402 -0.4083208 0.1631511
vn 0.7229862 -0.6908625 0
vn 0.7686937 -0.5447556 0.3351885
vn 0.8371959 -0.5469031 0
vn 0.8829222 -0.4695192 0
vn 0.7350519 -0.3694754 0.5684952
vn 0.8354778 -0.5495242 0
vn 0.7537333 -0.6338636 0.1735022
vn 0.9119616 -0.2018155 0.3572069
vn 0.9566118 -0.2738832 0.09940716
vn 0.962752 -0.2703862 0
vn 0.5486569 -0.8360476 0
vn 0.9048553 -0.4257192 0
vn 0.9566119 -0.273883 -0.09940742
vn 0.7537335 -0.6338638 -0.1735007
vn 0.9119614 -0.2018151 -0.3572071
vn 0.7350531 -0.3694747 -0.568494
vn 0.793868 -0.3336398 -0.5083877
vn 0.777414 -0.604196 -0.1748566
vn 0.8648876 -0.4916333 -0.1013218
vn 0.8964236 -0.2625078 -0.3570915
vn 0.9945938 -0.04778688 -0.09219255
vn 0.9420328 -0.2485601 -0.2253711
vn 0.95147 -0.2843168 -0.1177666
vn 0.9819548 -0.047326 -0.1830981
vn 0.9514701 -0.2843158 0.1177675
vn 0.9950398 -9.668241E-06 -0.09947762
vn 0.980198 -2.147396E-05 -0.19802
vn 0.9945938 -0.04778686 0.09219251
vn 0.9420328 -0.2485584 0.225373
vn 0.9819548 -0.04732549 0.1830983
vn 0.9801982 -2.151581E-05 0.198019
vn 0.9950399 -9.687079E-06 0.09947713
vn 0.9802982 0 0.197523
vn 0.9950623 0 -0.09925203
vn 0.9802981 0 -0.1975239
vn 0.9950624 0 0.09925158
vn 0.9801981 2.13528E-05 0.1980191
vn 0.9950398 9.668242E-06 -0.0994776
vn 0.980198 2.147396E-05 -0.1980199
vn 0.9950399 9.613691E-06 0.09947716
vn 0.981955 0.04732564 0.1830972
vn 0.9945938 0.04778744 -0.09219278
vn 0.9819547 0.04732546 -0.1830988
vn 0.9420331 0.2485576 -0.2253724
vn 0.9514701 0.2843159 -0.1177672
vn 0.9945939 0.04778734 0.09219199
vn 0.9420319 0.2485641 0.2253709
vn 0.9514689 0.2843198 0.1177668
vn 0.9955015 -0.04816256 -0.08159194
vn 0.9176505 -0.05020877 -0.394204
vn 0.9119614 -0.2018151 -0.3572071
vn 0.9566119 -0.273883 -0.09940742
vn 0.9176081 4.396395E-05 -0.3974862
vn 0.962752 -0.2703862 0
vn 0.9959906 3.244869E-05 -0.08945858
vn 0.9959568 1.541541E-05 -0.08983315
vn 0.9177678 0 -0.3971174
vn 0.998546 -0.05390662 0
vn 0.9955015 -0.04816261 0.08159177
vn 0.9566118 -0.2738832 0.09940716
vn 0.9119616 -0.2018155 0.3572069
vn 0.9176505 -0.05020884 0.3942039
vn 0.9176083 4.393713E-05 0.397486
vn 0.998546 -0.05390662 -3.341735E-06
vn 1 0 0
vn 0.9959263 0 -0.0901721
vn 0.9967657 0.08036151 0
vn 1 0 0
vn 1 0 0
vn 0.9768188 0.2140678 0
vn 0.9959263 0 -0.0901723
vn 1 0 0
vn 0.9176082 -4.396379E-05 -0.397486
vn 0.9959261 0 -0.09017247
vn 1 0 0
vn 0.9959568 -1.541527E-05 -0.08983295
vn 0.9967657 -0.0803615 0
vn 0.9959906 -3.24484E-05 -0.08945777
vn 0.9176506 0.0502088 -0.3942036
vn 1 0 0
vn 0.9967657 0.0803615 0
vn 1 0 0
vn 0.9768188 -0.2140679 0
vn 0.9955015 0.04816259 -0.08159155
vn 0.9119616 0.2018155 -0.3572069
vn 0.9566118 0.2738832 -0.09940716
vn 1 0 0
vn 0.9967657 -0.08036151 0
vn 0.998546 0.05390662 -3.343295E-06
vn 0.998546 0.05390551 0
vn 0.9627522 0.2703852 0
vn 1 0 0
vn 0.9985461 0.05390442 3.343296E-06
vn 0.9955016 0.04816146 0.08159163
vn 0.9566123 0.2738813 0.09940745
vn 0.9119607 0.2018156 0.3572087
vn 0.9176499 0.05020922 0.3942049
vn 0.9959906 -3.24248E-05 0.08945818
vn 0.9176083 -4.399713E-05 0.397486
vn 0.9959568 -1.540406E-05 0.08983295
vn 0.9959263 0 0.0901721
vn 1 0 0
vn 0.9177679 0 0.3971172
vn 0.9959263 0 0.0901721
vn 1 0 0
vn 0.9959263 0 0.0901721
vn 1 0 0
vn 0.9959568 1.540406E-05 0.08983295
vn 0.9959906 3.24248E-05 0.08945818
vn 0.998546 -0.05390662 3.341735E-06
vn 0.6502134 0.07493702 -0.756047
vn 0.9119616 0.2018155 -0.3572069
vn 0.735052 0.369475 -0.5684953
vn 0.9176506 0.0502088 -0.3942036
vn 0.7938724 0.3336347 -0.508384
vn 0.6427157 -3.684887E-05 -0.7661048
vn 0.9176082 -4.396379E-05 -0.397486
vn 0.6634189 0.07939718 -0.7440238
vn 0.8964307 0.2624979 -0.357081
vn 0.772781 0.0292116 -0.6340001
vn 0.6940737 0 -0.7199039
vn 0.5772766 0 -0.8165486
vn 0.6940721 0 -0.7199056
vn 0.5772762 0 -0.816549
vn 0.6940737 0 -0.7199039
vn 0.6435621 0 -0.7653939
vn 0.9177678 0 -0.3971174
vn 0.5772769 0 -0.8165485
vn 0.7727746 -0.02921364 -0.6340078
vn 0.6427159 3.684887E-05 -0.7661046
vn 0.9176081 4.396395E-05 -0.3974862
vn 0.6634158 -0.07939781 -0.7440264
vn 0.8964236 -0.2625078 -0.3570915
vn 0.793868 -0.3336398 -0.5083877
vn 0.7350531 -0.3694747 -0.568494
vn 0.6502137 -0.07493645 -0.7560467
vn 0.9176505 -0.05020877 -0.394204
vn 0.9119614 -0.2018151 -0.3572071
vn 0.9955466 0.05063225 -0.07951873
vn 0.9102728 0.2168936 -0.3526479
vn 0.921274 0.05373215 -0.3851843
vn 0.9497299 0.2966305 -0.1001178
vn 0.9982617 0.0589364 -1.149872E-05
vn 0.9598088 0.2804802 -0.009894716
vn 0.9304503 0.3664127 0.001985619
vn 0.9231624 0.005314779 -0.3843733
vn 0.9951378 -1.09684E-05 -0.09849357
vn 0.9005764 -0.0005835376 -0.4346974
vn 0.9226061 -0.005304129 -0.3857069
vn 0.9592496 0.2824032 0.009416409
vn 0.9982554 0.05904212 9.329743E-06
vn 0.9594156 0.281834 -0.00955767
vn 0.9303765 0.3666033 -0.001206191
vn 0.9228087 -0.05006998 -0.3819909
vn 0.959708 0.2808264 0.009852668
vn 1 0 0
vn 0.9956501 -0.04834445 -0.07964816
vn 0.9165235 -0.2005606 -0.3460637
vn 0.957234 -0.272771 -0.09643208
vn 0.9628453 -0.2700536 -1.510353E-06
vn 0.9985454 -0.05391778 -7.566053E-06
vn 0.9628466 -0.270049 8.850925E-06
vn 0.9985372 -0.05407029 8.436157E-06
vn 0.9583294 -0.270909 0.09062538
vn 1 0 0
vn 0.995546 -1.665544E-05 0.09427681
vn 0.9959389 -0.04877322 0.07567689
vn 0.9245769 -0.1986141 0.3251304
vn 0.9319627 -0.04994179 0.359098
vn 0.9322525 -0.004876674 0.3617755
vn 0.9126174 -0.0005109886 0.4088143
vn 0.9327271 0.004862022 0.3605502
vn 0.9305726 0.0534472 0.3621848
vn 0.9958349 0.05104806 0.0755441
vn 0.9186987 0.2147954 0.3314446
vn 0.9510221 0.2945206 0.09388506
vn 0.9955465 -0.05063223 -0.07952017
vn 0.9212738 -0.05373164 -0.3851849
vn 0.9102733 -0.2168935 -0.3526468
vn 0.9951378 1.096176E-05 -0.09849381
vn 0.9982619 -0.0589353 -1.149566E-05
vn 0.9497298 -0.2966309 -0.1001177
vn 0.9598089 -0.2804798 -0.009895047
vn 0.9231618 -0.005314828 -0.3843746
vn 0.9304502 -0.3664128 0.001985226
vn 0.9005764 0.000582431 -0.4346974
vn 0.95925 -0.2824017 0.009416317
vn 0.9226043 0.005302825 -0.3857114
vn 0.9594156 -0.2818338 -0.009557996
vn 0.9982554 -0.05904256 9.329501E-06
vn 0.9303759 -0.3666049 -0.001206818
vn 0.9597073 -0.2808292 0.009852585
vn 0.9510223 -0.2945204 0.09388466
vn 0.9956501 0.04834364 -0.079648
vn 0.9228076 0.05006876 -0.3819939
vn 0.9165225 0.2005589 -0.3460672
vn 0.957234 0.2727703 -0.09643355
vn 1 0 0
vn 0.9985454 0.05391778 -7.567412E-06
vn 0.9628453 0.2700536 -1.486782E-06
vn 0.9958349 -0.05104817 0.07554342
vn 0.9186997 -0.2147948 0.3314426
vn 0.9305725 -0.05344689 0.3621855
vn 0.9327282 -0.004862654 0.3605475
vn 0.995546 1.634878E-05 0.09427644
vn 0.9126188 0.0005104921 0.4088115
vn 0.9322537 0.004876886 0.3617723
vn 0.9319634 0.04994203 0.3590962
vn 1 0 0
vn 0.9985372 0.05407007 8.432876E-06
vn 0.9628465 0.2700495 8.78697E-06
vn 0.9959389 0.04877275 0.07567647
vn 0.9245775 0.1986101 0.3251311
vn 0.958329 0.2709103 0.09062675
vn 0.9958696 -0.002301101 -0.09076624
vn 0.9493506 0.03548932 -0.3122083
vn 0.9658509 -0.02490611 -0.2578989
vn 0.9950857 3.172043E-07 -0.09901784
vn 0.9299843 -0.05765565 -0.3630497
vn 0.9224889 -0.005314088 -0.3859872
vn 0.9005739 -0.0005823988 -0.4347025
vn 0.9802981 0 -0.1975235
vn 0.9229668 0.00537826 -0.384842
vn 0.9950623 0 -0.09925186
vn 0.9802982 0 -0.1975232
vn 0.9933574 -0.07062217 -0.09084931
vn 0.9192129 -0.07808289 -0.3859414
vn 0.8313227 -0.406741 -0.3787669
vn 0.9073888 -0.400002 -0.1290112
vn 0.9938788 -0.05512352 -0.09574202
vn 0.9125702 -0.3804385 -0.1499406
vn 0.9784993 -0.1023286 -0.1790751
vn 0.9802244 -0.04934517 -0.1916377
vn 0.9947916 0 -0.1019296
vn 0.9792207 0 -0.2027973
vn 0.9947916 0 -0.1019297
vn 0.9792207 0 -0.2027976
vn 0.9947916 0 -0.1019297
vn 0.9792207 0 -0.2027976
vn 0.9947916 0 -0.1019297
vn 0.9792207 0 -0.2027976
vn 0.9950624 0 -0.09925166
vn 0.9802981 0 -0.1975235
vn 0.9947916 0 -0.1019297
vn 0.9792207 0 -0.2027976
vn 0.9950623 0 -0.09925186
vn 0.9299845 0.05765687 -0.3630491
vn 0.9958698 0.002301077 -0.0907632
vn 0.96585 0.02490514 -0.2579023
vn 0.9493492 -0.03549359 -0.312212
vn 0.9224889 0.005314549 -0.3859868
vn 0.9950858 0 -0.09901658
vn 0.9005741 0.0005822429 -0.4347021
vn 0.9229669 -0.005379473 -0.3848419
vn 0.9192126 0.07808154 -0.3859424
vn 0.9947916 0 -0.1019297
vn 0.9792207 0 -0.2027976
vn 0.9947916 0 -0.1019295
vn 0.9792207 0 -0.2027973
vn 0.9938787 0.05512366 -0.09574225
vn 0.9802244 0.04934544 -0.1916382
vn 0.9784991 0.1023292 -0.1790761
vn 0.9125702 0.3804387 -0.14994
vn 0.9933575 0.070622 -0.09084845
vn 0.8313243 0.4067389 -0.3787658
vn 0.9073885 0.4000028 -0.1290114
vn 0.7025895 -0.09615755 -0.7050685
vn 0.9192129 -0.07808289 -0.3859414
vn 0.8313227 -0.406741 -0.3787669
vn 0.7341433 -0.4031996 -0.5463184
vn 0.7511556 -0.3639884 -0.5507065
vn 0.6695353 0.001275064 -0.7427791
vn 0.9229668 0.00537826 -0.384842
vn 0.9005739 -0.0005823988 -0.4347025
vn 0.6763225 -0.07391532 -0.7328877
vn 0.9165235 -0.2005606 -0.3460637
vn 0.9228087 -0.05006998 -0.3819909
vn 0.9226061 -0.005304129 -0.3857069
vn 0.6678126 -0.001402372 -0.7443281
vn 0.9005764 -0.0005835376 -0.4346974
vn 0.6632 0.000497744 -0.7484421
vn 0.6632053 0.0004971826 -0.7484373
vn 0.6692081 -0.001417251 -0.7430737
vn 0.9224889 -0.005314088 -0.3859872
vn 0.6679206 0.001197113 -0.7442315
vn 0.9231624 0.005314779 -0.3843733
vn 0.921274 0.05373215 -0.3851843
vn 0.6696852 0.07915857 -0.7384142
vn 0.9102728 0.2168936 -0.3526479
vn 0.7151266 0.401379 -0.5722665
vn 0.8442621 0.2187159 -0.4892698
vn 0.7088168 0.07057686 -0.7018531
vn 0.9493506 0.03548932 -0.3122083
vn 0.9658509 -0.02490611 -0.2578989
vn 0.702588 0.09615694 -0.7050701
vn 0.7341484 0.4031903 -0.5463182
vn 0.8313243 0.4067389 -0.3787658
vn 0.9192126 0.07808154 -0.3859424
vn 0.9229669 -0.005379473 -0.3848419
vn 0.6763207 0.07391448 -0.7328894
vn 0.7511557 0.3639863 -0.5507079
vn 0.9165225 0.2005589 -0.3460672
vn 0.9228076 0.05006876 -0.3819939
vn 0.6695343 -0.001276302 -0.7427801
vn 0.9005741 0.0005822429 -0.4347021
vn 0.6678106 0.001401304 -0.7443299
vn 0.9226043 0.005302825 -0.3857114
vn 0.9005764 0.000582431 -0.4346974
vn 0.663205 -0.0004989519 -0.7484376
vn 0.6632 -0.0004992759 -0.7484421
vn 0.6679212 -0.001196897 -0.744231
vn 0.9231618 -0.005314828 -0.3843746
vn 0.6692065 0.001417452 -0.7430751
vn 0.9224889 0.005314549 -0.3859868
vn 0.9493492 -0.03549359 -0.312212
vn 0.7088135 -0.07057766 -0.7018562
vn 0.96585 0.02490514 -0.2579023
vn 0.8442561 -0.2187208 -0.4892779
vn 0.7151276 -0.4013795 -0.5722649
vn 0.6696863 -0.07915768 -0.7384135
vn 0.9212738 -0.05373164 -0.3851849
vn 0.9102733 -0.2168935 -0.3526468
vn 0.979829 0 0.199838
vn 0.9847174 0 0.1741597
vn 0.9729459 0 0.2310331
vn 0.972946 0 0.2310324
vn 0.9763288 0.04474366 0.2116133
vn 0.9798289 0 0.1998384
vn 0.972946 0 0.2310325
vn 0.9847174 0 0.1741599
vn 0.9729456 0 0.2310342
vn 0.9798288 0 0.199839
vn 0.9729456 0 0.2310343
vn 0.9847173 0 0.1741602
vn 0.9729456 0 0.2310343
vn 0.9798289 0 0.1998384
vn 0.9729456 0 0.2310342
vn 0.9847174 0 0.1741599
vn 0.972946 0 0.2310325
vn 0.979829 0 0.199838
vn 0.972946 0 0.2310324
vn 0.9847174 0 0.1741597
vn 0.9729459 0 0.2310331
vn 0.873727 -0.05523274 0.4832707
vn 0.976329 -0.0447432 0.2116122
vn 0.9837985 -0.1346664 0.1183449
vn 0.9322029 -0.102206 0.3472054
vn 0.9874572 -0.156677 0.01950803
vn 0.9800164 -0.1740749 0.096259
vn 0.9853525 -0.1634158 0.04874136
vn 0.8737268 0.05523254 0.4832709
vn 0.9837984 0.1346668 0.118345
vn 0.9322027 0.1022044 0.3472065
vn 0.9874564 0.1566824 0.01950858
vn 0.9800169 0.174073 0.09625684
vn 0.9853521 0.1634185 0.04874087
vt 0.3466478 0.204426
vt 0.3466478 0.204426
vt 0.3466478 0.204426
vt 0.3632505 0.204426
vt 0.3632505 0.204426
vt 0.3632505 0.204426
vt 0.3466478 0.204426
vt 0.3466478 0.204426
vt 0.3466478 0.204426
vt 0.3300451 0.2050397
vt 0.3300451 0.2050975
vt 0.3300451 0.204426
vt 0.5875688 0.2677329
vt 0.5874427 0.2680757
vt 0.5875002 0.2682752
vt 0.5876088 0.2684122
vt 0.587683 0.268717
vt 0.5876088 0.2684122
vt 0.5875002 0.2682752
vt 0.5873777 0.2684125
vt 0.5830839 0.2694835
vt 0.5828509 0.2699219
vt 0.5829824 0.2694075
vt 0.5828903 0.2696149
vt 0.2231278 0.4035218
vt 0.2228448 0.4037781
vt 0.223107 0.4038357
vt 0.2227972 0.4035218
vt 0.2231278 0.3833469
vt 0.2227972 0.3833469
vt 0.2231278 0.3781922
vt 0.2227972 0.3781922
vt 0.2231278 0.3730376
vt 0.2227972 0.3730376
vt 0.2231278 0.3627282
vt 0.2227972 0.3627282
vt 0.2231278 0.3524188
vt 0.2227972 0.3524188
vt 0.2231278 0.3472641
vt 0.2227972 0.3472641
vt 0.2231278 0.3421094
vt 0.2227972 0.3421094
vt 0.2231278 0.3219346
vt 0.2227972 0.3219346
vt 0.2228448 0.3216783
vt 0.223107 0.3216207
vt 0.5174155 0.3042752
vt 0.5171062 0.3042929
vt 0.5171658 0.3045541
vt 0.5174199 0.3046029
vt 0.5270578 0.3045612
vt 0.5272751 0.3042325
vt 0.5273228 0.3047693
vt 0.5275674 0.3046724
vt 0.5278608 0.3051135
vt 0.52755 0.3051673
vt 0.5284795 0.3084342
vt 0.5287957 0.3084115
vt 0.5286059 0.3086939
vt 0.5288799 0.3087388
vt 0.5382326 0.3087004
vt 0.538178 0.308371
vt 0.5578408 0.3086157
vt 0.5578633 0.3082859
vt 0.5769942 0.3085293
vt 0.5770803 0.3082029
vt 0.5772763 0.3084852
vt 0.5774081 0.3082266
vt 0.538178 0.308371
vt 0.5784999 0.3049476
vt 0.5376494 0.3050711
vt 0.5275674 0.3046724
vt 0.5578633 0.3082859
vt 0.5781763 0.304896
vt 0.5786859 0.304493
vt 0.558147 0.3049826
vt 0.5375992 0.3046291
vt 0.5272751 0.3042325
vt 0.5783519 0.304453
vt 0.5785285 0.3040111
vt 0.5788855 0.304134
vt 0.5915763 0.288525
vt 0.5915812 0.2879555
vt 0.5581739 0.3045402
vt 0.5783519 0.304453
vt 0.5375785 0.304188
vt 0.558185 0.304099
vt 0.5785285 0.3040111
vt 0.5272751 0.2232927
vt 0.5174155 0.2233353
vt 0.5174155 0.3042752
vt 0.5375785 0.2232482
vt 0.558185 0.2231591
vt 0.5785285 0.2230712
vt 0.5828509 0.2571231
vt 0.587683 0.2582861
vt 0.5828509 0.2699219
vt 0.5915812 0.239014
vt 0.5915812 0.2879555
vt 0.587683 0.268717
vt 0.5287775 0.05327342
vt 0.5287417 0.05395276
vt 0.5288495 0.05381556
vt 0.5289037 0.05361604
vt 0.5286692 0.05425771
vt 0.5288495 0.05381556
vt 0.5287417 0.05395276
vt 0.5289728 0.05395267
vt 0.5335031 0.05545455
vt 0.5332683 0.0550166
vt 0.533369 0.05494042
vt 0.5334619 0.05514764
vt 0.5989624 0.08969969
vt 0.5992147 0.08997817
vt 0.5992734 0.08971685
vt 0.5989597 0.0900274
vt 0.5890991 0.08967344
vt 0.5893183 0.09000174
vt 0.5890535 0.09021029
vt 0.588807 0.09011382
vt 0.5885143 0.09055533
vt 0.588827 0.09060861
vt 0.5875872 0.09385492
vt 0.5879052 0.09387711
vt 0.5877802 0.09413694
vt 0.5875053 0.09418228
vt 0.5782014 0.09382994
vt 0.5781492 0.09415945
vt 0.5585089 0.09377754
vt 0.5585338 0.09410726
vt 0.5392848 0.09372637
vt 0.5393735 0.09405261
vt 0.5390919 0.09400898
vt 0.5389587 0.09375066
vt 0.5381804 0.09042137
vt 0.5378585 0.09047352
vt 0.5585089 0.09377754
vt 0.5376716 0.09001915
vt 0.538004 0.08997862
vt 0.537827 0.08953699
vt 0.5374716 0.08966053
vt 0.5247695 0.07350286
vt 0.5247762 0.07407241
vt 0.5582171 0.09047469
vt 0.538004 0.08997862
vt 0.5782014 0.09382994
vt 0.5581894 0.09003234
vt 0.537827 0.08953699
vt 0.5787222 0.09052926
vt 0.5787716 0.09008711
vt 0.588807 0.09011382
vt 0.5581779 0.08959115
vt 0.578792 0.08964601
vt 0.5890991 0.08967344
vt 0.5581779 0.008650316
vt 0.578792 0.008705174
vt 0.5890991 0.008732603
vt 0.5989624 0.08969969
vt 0.5989624 0.008758851
vt 0.537827 0.008596159
vt 0.5335031 0.05545455
vt 0.5286692 0.05425771
vt 0.5335031 0.04265559
vt 0.5247695 0.07350286
vt 0.5247695 0.02456079
vt 0.5286692 0.0438267
vt 0.5875688 0.2591596
vt 0.5876088 0.2585591
vt 0.5875002 0.2586824
vt 0.5874427 0.2588179
vt 0.587683 0.2582861
vt 0.5875002 0.2586824
vt 0.5876088 0.2585591
vt 0.5873777 0.2585604
vt 0.5828509 0.2571231
vt 0.5830839 0.2575265
vt 0.5829824 0.2575891
vt 0.5828903 0.2573971
vt 0.3036674 0.4035218
vt 0.3036466 0.4038357
vt 0.3038904 0.4037781
vt 0.3039564 0.4035218
vt 0.3039564 0.3833469
vt 0.3036674 0.3833469
vt 0.3039564 0.3781922
vt 0.3036674 0.3781922
vt 0.3039564 0.3730376
vt 0.3036674 0.3730376
vt 0.3039564 0.3627282
vt 0.3036674 0.3627282
vt 0.3039564 0.3524188
vt 0.3036674 0.3524188
vt 0.3039564 0.3472641
vt 0.3036674 0.3472641
vt 0.3039564 0.3421094
vt 0.3036674 0.3421094
vt 0.3039564 0.3219346
vt 0.3036674 0.3219346
vt 0.3038904 0.3216783
vt 0.3036466 0.3216207
vt 0.5174155 0.2233353
vt 0.5171658 0.2231058
vt 0.5171062 0.223353
vt 0.5174199 0.2230403
vt 0.5272751 0.2232927
vt 0.5272796 0.2229977
vt 0.5375785 0.2232482
vt 0.5375829 0.2229532
vt 0.558185 0.2231591
vt 0.5581895 0.2228641
vt 0.5785285 0.2230712
vt 0.5783849 0.2227972
vt 0.5787077 0.2228191
vt 0.578896 0.2230369
vt 0.5915812 0.239014
vt 0.5915763 0.2384773
vt 0.5287775 0.04470002
vt 0.5289037 0.04435806
vt 0.5288495 0.04422266
vt 0.5287417 0.04409952
vt 0.5286692 0.0438267
vt 0.5287417 0.04409952
vt 0.5288495 0.04422266
vt 0.5289728 0.04410049
vt 0.5332683 0.04305946
vt 0.5335031 0.04265559
vt 0.533369 0.04312186
vt 0.5334619 0.04292968
vt 0.5989624 0.008758851
vt 0.5992734 0.008776015
vt 0.5992147 0.008528858
vt 0.5989597 0.008463801
vt 0.5890964 0.008437552
vt 0.5890991 0.008732603
vt 0.5787893 0.008410123
vt 0.578792 0.008705174
vt 0.5581751 0.008355265
vt 0.5581779 0.008650316
vt 0.5379145 0.008301347
vt 0.537827 0.008596159
vt 0.5376447 0.008332013
vt 0.5374716 0.008503555
vt 0.5247762 0.02402404
vt 0.5247695 0.02456079
vt 0.5334504 0.04356751
vt 0.5334619 0.04292968
vt 0.533369 0.04312186
vt 0.5333242 0.04328671
vt 0.5828977 0.268898
vt 0.5828903 0.2696149
vt 0.5829824 0.2694075
vt 0.5830238 0.2691779
vt 0.5334504 0.05443079
vt 0.5333242 0.05471091
vt 0.533369 0.05494042
vt 0.5334619 0.05514764
vt 0.5828977 0.2580349
vt 0.5830238 0.2577538
vt 0.5829824 0.2575891
vt 0.5828903 0.2573971
vt 0.9914739 0.5157506
vt 0.9916986 0.5153126
vt 0.9914352 0.5154351
vt 0.9916666 0.5157492
vt 0.9914739 0.520426
vt 0.9916666 0.5204026
vt 0.9914739 0.53068
vt 0.9916666 0.5306799
vt 0.9914739 0.540934
vt 0.9916666 0.5409573
vt 0.9914739 0.5456094
vt 0.9916666 0.5456107
vt 0.9916986 0.5460473
vt 0.9914352 0.5459254
vt 0.9882426 0.5450018
vt 0.9914352 0.5459254
vt 0.9882196 0.5453191
vt 0.9879577 0.5452162
vt 0.9879118 0.5449473
vt 0.9882426 0.5405287
vt 0.9882426 0.5405287
vt 0.9882426 0.5306795
vt 0.9879104 0.5404897
vt 0.9882426 0.5306795
vt 0.9882426 0.5208302
vt 0.9879104 0.5306796
vt 0.9882426 0.5208302
vt 0.9879104 0.5208696
vt 0.9882426 0.5163571
vt 0.9879118 0.5164119
vt 0.9879577 0.5161433
vt 0.9882196 0.5160403
vt 0.9914352 0.5154351
vt 0.9692122 0.2898967
vt 0.9692538 0.2895793
vt 0.9690018 0.2893954
vt 0.9690247 0.2898534
vt 0.9690633 0.2992027
vt 0.969251 0.2992566
vt 0.9725151 0.2900794
vt 0.9725521 0.2990332
vt 0.9690018 0.2996381
vt 0.969295 0.2995645
vt 0.9721349 0.5824118
vt 0.9723454 0.5819108
vt 0.9720934 0.582096
vt 0.9723224 0.5823678
vt 0.9720962 0.5917751
vt 0.9722838 0.5917205
vt 0.9723454 0.5921561
vt 0.9720521 0.5920848
vt 0.968795 0.5915541
vt 0.968832 0.5825971
vt 0.6881213 0.9447082
vt 0.6880763 0.9450233
vt 0.6883749 0.9452005
vt 0.6883115 0.9447653
vt 0.6883057 0.9354125
vt 0.6881155 0.935366
vt 0.6848527 0.9437985
vt 0.6848471 0.9348615
vt 0.6848468 0.9344124
vt 0.6883487 0.9349591
vt 0.6881152 0.9349169
vt 0.6881152 0.9349169
vt 0.6848466 0.9339634
vt 0.688115 0.9344678
vt 0.6883051 0.9344444
vt 0.6882928 0.9146157
vt 0.6881028 0.9148585
vt 0.6848349 0.9151645
vt 0.6848346 0.9147189
vt 0.6882802 0.9143929
vt 0.6881025 0.9144127
vt 0.6848344 0.9142731
vt 0.6881022 0.9139671
vt 0.6882925 0.91417
vt 0.6882802 0.8943511
vt 0.6880901 0.8943775
vt 0.6848227 0.8954942
vt 0.6883749 0.8938934
vt 0.6880439 0.8940533
vt 0.6847956 0.8951687
vt 0.6848227 0.8954942
vt 0.6845382 0.8953033
vt 0.6844969 0.8955847
vt 0.6845043 0.9145142
vt 0.6848344 0.9142731
vt 0.6845716 0.9147376
vt 0.6848346 0.9147189
vt 0.6848349 0.9151645
vt 0.6845046 0.9149598
vt 0.6845165 0.934151
vt 0.6848466 0.9339634
vt 0.6845837 0.9343771
vt 0.6848468 0.9344124
vt 0.6848471 0.9348615
vt 0.6845167 0.9346001
vt 0.6845253 0.9437177
vt 0.6848527 0.9437985
vt 0.6845701 0.9439921
vt 0.6848297 0.9441162
vt 0.6880763 0.9450233
vt 0.6881213 0.9447082
vt 0.9892309 0.9271217
vt 0.9891912 0.9274374
vt 0.9894673 0.9276493
vt 0.9895641 0.927389
vt 0.9895641 0.9224854
vt 0.9892309 0.9224463
vt 0.9895641 0.9121923
vt 0.9892309 0.9121923
vt 0.9895641 0.9018991
vt 0.9892309 0.9019383
vt 0.9895641 0.8969955
vt 0.9892309 0.8972628
vt 0.9894673 0.8967353
vt 0.9891912 0.8969471
vt 0.5904604 0.9607806
vt 0.5902067 0.9612731
vt 0.5905054 0.9610938
vt 0.5902702 0.9608381
vt 0.5904661 0.9514417
vt 0.590276 0.9514887
vt 0.5902329 0.9510366
vt 0.5904664 0.9509928
vt 0.5904667 0.9505439
vt 0.5902766 0.9505211
vt 0.5937346 0.9509375
vt 0.593729 0.9598713
vt 0.5904664 0.9509928
vt 0.5937348 0.9504886
vt 0.5937351 0.9500397
vt 0.5937468 0.9312477
vt 0.5904788 0.9309416
vt 0.5902889 0.9306994
vt 0.5903015 0.9304765
vt 0.5904791 0.930496
vt 0.593747 0.9308021
vt 0.5904794 0.9300506
vt 0.5937473 0.9303566
vt 0.593759 0.9115843
vt 0.5902892 0.9302539
vt 0.5904916 0.910468
vt 0.5903015 0.9104421
vt 0.5902067 0.9099844
vt 0.5905378 0.9101422
vt 0.593759 0.9115843
vt 0.5937862 0.9112572
vt 0.5940434 0.9113911
vt 0.5940847 0.9116732
vt 0.5937473 0.9303566
vt 0.5940774 0.9305958
vt 0.5940101 0.9308199
vt 0.593747 0.9308021
vt 0.5937468 0.9312477
vt 0.5940771 0.9310414
vt 0.5937351 0.9500397
vt 0.5940652 0.9502256
vt 0.593998 0.9504523
vt 0.5937348 0.9504886
vt 0.5937346 0.9509375
vt 0.594065 0.9506745
vt 0.593729 0.9598713
vt 0.5940564 0.9597889
vt 0.5940117 0.9600623
vt 0.593752 0.9601871
vt 0.5904604 0.9607806
vt 0.5905054 0.9610938
vt 0.2037039 0.3866305
vt 0.2036527 0.3862378
vt 0.2034134 0.3861099
vt 0.2033935 0.3863785
vt 0.2033935 0.4041025
vt 0.2037039 0.4042642
vt 0.2034134 0.404397
vt 0.2036527 0.4045876
vt 0.5945948 0.8056343
vt 0.5945861 0.8053195
vt 0.594386 0.8053778
vt 0.5943424 0.8056348
vt 0.594351 0.8090138
vt 0.5945948 0.8090134
vt 0.594351 0.8094577
vt 0.5945948 0.8094573
vt 0.5945948 0.8099011
vt 0.594351 0.8099016
vt 0.594351 0.8141685
vt 0.5945948 0.814168
vt 0.594351 0.8146124
vt 0.5945948 0.8146119
vt 0.5945948 0.8150558
vt 0.594351 0.8150563
vt 0.594351 0.8244778
vt 0.5945948 0.8244773
vt 0.594351 0.8249217
vt 0.5945948 0.8249212
vt 0.5945948 0.8253651
vt 0.594351 0.8253655
vt 0.594351 0.8347871
vt 0.5945948 0.8347866
vt 0.594351 0.8352309
vt 0.5945948 0.8352305
vt 0.5945948 0.8356743
vt 0.594351 0.8356748
vt 0.594351 0.8399417
vt 0.5945948 0.8399413
vt 0.594351 0.8403856
vt 0.5945948 0.8403851
vt 0.5945948 0.840829
vt 0.594351 0.8408294
vt 0.5943424 0.8442088
vt 0.5945948 0.8442082
vt 0.594386 0.8444643
vt 0.5945861 0.8445211
vt 0.7199793 0.1713289
vt 0.7195886 0.1715852
vt 0.7198607 0.1716426
vt 0.7195922 0.1713291
vt 0.7199793 0.1679497
vt 0.7195914 0.1679499
vt 0.7195914 0.167506
vt 0.7199793 0.1675058
vt 0.7199793 0.167062
vt 0.7195914 0.1670621
vt 0.7199793 0.162795
vt 0.7195914 0.1627952
vt 0.7195914 0.1623513
vt 0.7199793 0.1623511
vt 0.7199793 0.1619073
vt 0.7195914 0.1619075
vt 0.7199793 0.1524856
vt 0.7195914 0.1524858
vt 0.7195914 0.152042
vt 0.7199793 0.1520418
vt 0.7199793 0.1515979
vt 0.7195914 0.1515981
vt 0.7199793 0.1421763
vt 0.7195914 0.1421765
vt 0.7195914 0.1417326
vt 0.7199793 0.1417324
vt 0.7199793 0.1412885
vt 0.7195914 0.1412887
vt 0.7199793 0.1370216
vt 0.7195914 0.1370218
vt 0.7195914 0.1365779
vt 0.7199793 0.1365777
vt 0.7199793 0.1361339
vt 0.7195914 0.1361341
vt 0.7199793 0.1327547
vt 0.7195922 0.1327549
vt 0.7195886 0.1324984
vt 0.7198606 0.1324406
vt 0.2042888 0.6805281
vt 0.2045776 0.6800062
vt 0.2043386 0.6801345
vt 0.2045981 0.6802752
vt 0.2042888 0.6981502
vt 0.2045981 0.6979875
vt 0.2045776 0.6982813
vt 0.2043386 0.6984723
vt 0.4600609 0.9836968
vt 0.4595488 0.9846057
vt 0.4600464 0.9840143
vt 0.4597659 0.9836949
vt 0.4598733 0.9532899
vt 0.4595772 0.9531129
vt 0.4595488 0.9523612
vt 0.459855 0.9529814
vt 0.9526243 0.1932226
vt 0.9529328 0.1932029
vt 0.9532959 0.1927521
vt 0.9526246 0.1929005
vt 0.951745 0.1929007
vt 0.9517447 0.1932228
vt 0.9526243 0.2017657
vt 0.9532959 0.2023789
vt 0.9529328 0.201746
vt 0.9526246 0.2021258
vt 0.9517447 0.201766
vt 0.951745 0.2021261
vt 0.4686341 0.9837238
vt 0.4686197 0.9840412
vt 0.4692095 0.9846362
vt 0.4689619 0.9837238
vt 0.4687715 0.9528742
vt 0.4684465 0.9533169
vt 0.4686979 0.9528757
vt 0.4684283 0.9530083
vt 0.9658728 0.4959927
vt 0.9653071 0.4969138
vt 0.9658906 0.4963086
vt 0.9655451 0.4959975
vt 0.9657307 0.4655589
vt 0.9654024 0.4654384
vt 0.9653071 0.4642802
vt 0.9657456 0.4652482
vt 0.08690271 0.9730523
vt 0.08659375 0.9730328
vt 0.08623295 0.9736661
vt 0.08690295 0.9734123
vt 0.08778254 0.9734121
vt 0.0877823 0.973052
vt 0.08690271 0.9645091
vt 0.08623295 0.9640394
vt 0.08659375 0.9644896
vt 0.08690295 0.964187
vt 0.0877823 0.9645088
vt 0.08778254 0.9641868
vt 0.9744455 0.4958871
vt 0.9744633 0.496203
vt 0.9749672 0.4967948
vt 0.9747406 0.4958842
vt 0.9745978 0.4653251
vt 0.9743034 0.4654534
vt 0.9746471 0.4644692
vt 0.9743183 0.4651426
vt 0.918489 0.2268865
vt 0.9189422 0.2262502
vt 0.9183594 0.2265675
vt 0.9186121 0.2266401
vt 0.9189546 0.226368
vt 0.9186113 0.309556
vt 0.9189525 0.3095921
vt 0.9189963 0.3100884
vt 0.918489 0.3095234
vt 0.9183594 0.3098424
vt 0.9201738 0.2258113
vt 0.9205654 0.3101211
vt 0.9263084 0.3106917
vt 0.9262279 0.3111143
vt 0.9260334 0.3115482
vt 0.9244595 0.3113129
vt 0.926566 0.3111742
vt 0.9266416 0.3107291
vt 0.9263696 0.3116156
vt 0.9266415 0.2254586
vt 0.925908 0.3117496
vt 0.9262103 0.3118715
vt 0.9258962 0.3121833
vt 0.9263078 0.225268
vt 0.926649 0.2252224
vt 0.9265048 0.2250008
vt 0.9261156 0.2243762
vt 0.9257289 0.2243398
vt 0.9258765 0.2241709
vt 0.9255971 0.3119693
vt 0.9255606 0.2243043
vt 0.9203878 0.3106157
vt 0.9198262 0.310843
vt 0.9249213 0.3123792
vt 0.9253981 0.3125193
vt 0.9242716 0.312755
vt 0.9248195 0.3128556
vt 0.9247104 0.3129726
vt 0.9243813 0.3130512
vt 0.9230653 0.3132046
vt 0.9235368 0.3133683
vt 0.9234117 0.3134455
vt 0.9230837 0.3134522
vt 0.9220048 0.3133023
vt 0.9221064 0.3135446
vt 0.9216999 0.3135552
vt 0.922103 0.3132774
vt 0.9187846 0.3103537
vt 0.920765 0.3132397
vt 0.9210454 0.3135537
vt 0.9182661 0.3104188
vt 0.9181463 0.3101099
vt 0.88763 0.3113237
vt 0.8876247 0.3132414
vt 0.8876338 0.3135553
vt 0.8871949 0.31355
vt 0.8876247 0.3116376
vt 0.8866999 0.3114378
vt 0.8871862 0.3132316
vt 0.8871862 0.3121047
vt 0.8867536 0.3132218
vt 0.8867779 0.3135367
vt 0.8867536 0.3125717
vt 0.8864685 0.3123258
vt 0.8856965 0.3125688
vt 0.8863096 0.3132019
vt 0.8861641 0.3135092
vt 0.8856068 0.3134602
vt 0.8857123 0.3131569
vt 0.8853253 0.3130957
vt 0.8852059 0.3133836
vt 0.8849677 0.3129864
vt 0.8846467 0.3132128
vt 0.8840787 0.3129966
vt 0.8844426 0.3127808
vt 0.8850455 0.3124352
vt 0.883907 0.3125809
vt 0.8836686 0.3127667
vt 0.8843841 0.3123075
vt 0.8837599 0.3124524
vt 0.8834176 0.3125474
vt 0.8830598 0.3121656
vt 0.8834303 0.3120798
vt 0.883851 0.3119821
vt 0.8831046 0.3117028
vt 0.8828161 0.3117879
vt 0.8833219 0.3116523
vt 0.8830845 0.3116523
vt 0.8827692 0.3116705
vt 0.8826354 0.3112097
vt 0.8829788 0.3112099
vt 0.88574 0.3110643
vt 0.8828762 0.3107666
vt 0.882576 0.3107667
vt 0.8867446 0.3107671
vt 0.8870629 0.3107672
vt 0.8870629 0.3098876
vt 0.8828762 0.309887
vt 0.882576 0.3098871
vt 0.882512 0.3096307
vt 0.8826064 0.3095736
vt 0.8867446 0.3098875
vt 0.8870997 0.3096312
vt 0.8869664 0.3095743
vt 0.9520686 0.3057531
vt 0.9520478 0.3060721
vt 0.9523215 0.3061963
vt 0.9523992 0.3061883
vt 0.9523991 0.2230855
vt 0.9520685 0.2231162
vt 0.8931865 0.4844238
vt 0.8923805 0.4851309
vt 0.893316 0.4847428
vt 0.8930792 0.484453
vt 0.8927754 0.484483
vt 0.8930792 0.401351
vt 0.8911475 0.4850106
vt 0.8872172 0.48621
vt 0.8927754 0.4009151
vt 0.8854687 0.4001804
vt 0.8932054 0.4013433
vt 0.8932123 0.4012122
vt 0.9240428 0.399997
vt 0.8854643 0.4855741
vt 0.8855169 0.4860711
vt 0.9240482 0.3996824
vt 0.9249731 0.3998821
vt 0.8850617 0.4856227
vt 0.8850631 0.4003791
vt 0.8851271 0.4860776
vt 0.8850463 0.4001235
vt 0.8852096 0.3998871
vt 0.8856434 0.4864449
vt 0.8853071 0.4865128
vt 0.8854664 0.4867687
vt 0.8860991 0.3991926
vt 0.8856032 0.3992625
vt 0.8856937 0.3990842
vt 0.8859752 0.3989314
vt 0.8857689 0.4866464
vt 0.8857751 0.4870893
vt 0.8873141 0.398508
vt 0.8868463 0.3984302
vt 0.8869503 0.3983271
vt 0.8872522 0.3982508
vt 0.8885522 0.398061
vt 0.8881349 0.3979229
vt 0.8882537 0.3978549
vt 0.888559 0.3978455
vt 0.8901889 0.3979211
vt 0.8898671 0.3977246
vt 0.8899848 0.397682
vt 0.8902546 0.3977136
vt 0.9240482 0.3979374
vt 0.9240391 0.397726
vt 0.9244779 0.3977501
vt 0.9244868 0.3980177
vt 0.9244868 0.3992153
vt 0.9249194 0.3980978
vt 0.9248949 0.3977836
vt 0.9249194 0.398748
vt 0.9252046 0.3989934
vt 0.925977 0.3987493
vt 0.9253636 0.3981171
vt 0.925509 0.3978103
vt 0.9260665 0.3978585
vt 0.9259612 0.3981612
vt 0.9263483 0.3982219
vt 0.9264676 0.3979345
vt 0.9267061 0.3983307
vt 0.927027 0.3981045
vt 0.9275953 0.3983201
vt 0.9272314 0.3985357
vt 0.9266282 0.3988821
vt 0.927767 0.3987353
vt 0.9280053 0.3985497
vt 0.9272897 0.3990094
vt 0.9279141 0.3988638
vt 0.9282563 0.3987691
vt 0.9286141 0.3991511
vt 0.9282437 0.3992366
vt 0.9278229 0.3993347
vt 0.9285693 0.3996136
vt 0.9288577 0.3995288
vt 0.9283521 0.3996642
vt 0.9285895 0.399664
vt 0.9289047 0.3996462
vt 0.9290384 0.400107
vt 0.9286951 0.4001065
vt 0.9259333 0.4002546
vt 0.9287978 0.4005498
vt 0.9290978 0.4005501
vt 0.9249284 0.4005527
vt 0.9246098 0.4005535
vt 0.9246098 0.4014331
vt 0.9287978 0.4014294
vt 0.9290978 0.4014297
vt 0.9291621 0.4016851
vt 0.9290679 0.4017417
vt 0.9249284 0.4014323
vt 0.9245732 0.4016886
vt 0.9247068 0.4017449
vt 0.5688425 0.8056507
vt 0.5688007 0.8053196
vt 0.5684641 0.8053552
vt 0.5685115 0.8056751
vt 0.5685354 0.8059307
vt 0.5688717 0.8059606
vt 0.5685617 0.8063655
vt 0.5688966 0.8063565
vt 0.5689068 0.8067806
vt 0.568574 0.8068203
vt 0.5685467 0.8920646
vt 0.5688799 0.8919023
vt 0.5686039 0.8923204
vt 0.5688694 0.8923266
vt 0.5688443 0.8927231
vt 0.5685239 0.8925568
vt 0.5684641 0.8931823
vt 0.5688149 0.8930337
vt 0.5685057 0.8933611
vt 0.5687729 0.8933659
vt 0.01814337 0.9053362
vt 0.01849297 0.9051545
vt 0.01817559 0.904987
vt 0.01845195 0.9056528
vt 0.01810781 0.9058635
vt 0.01842738 0.9060171
vt 0.01840761 0.9064021
vt 0.01808393 0.9062633
vt 0.01806358 0.9066752
vt 0.01838125 0.9069597
vt 0.01804263 0.9071683
vt 0.01835564 0.9075673
vt 0.01828903 0.9077033
vt 0.01802901 0.9075955
vt 0.01802139 0.9080319
vt 0.01834775 0.9080428
vt 0.01801468 0.9089125
vt 0.01834068 0.9089751
vt 0.01834051 0.9094209
vt 0.01801285 0.9093557
vt 0.01801322 0.9097992
vt 0.0183421 0.9100665
vt 0.01815904 0.9435446
vt 0.01848675 0.9435402
vt 0.01853262 0.9439766
vt 0.01822546 0.9439878
vt 0.01829293 0.9444306
vt 0.01862526 0.9443876
vt 0.01856608 0.9451957
vt 0.01883923 0.9449869
vt 0.01903895 0.9455301
vt 0.01872778 0.9456313
vt 0.01889529 0.9460571
vt 0.01918861 0.9459194
vt 0.01919531 0.9467925
vt 0.01940911 0.9464599
vt 0.01960496 0.9470098
vt 0.01930854 0.9471837
vt 0.01942992 0.9475358
vt 0.01970781 0.9474077
vt 0.01947043 0.9478807
vt 0.01973646 0.9476516
vt 0.5773857 0.8056558
vt 0.5776287 0.8053694
vt 0.5773438 0.8053247
vt 0.5776752 0.8056806
vt 0.5774148 0.8059657
vt 0.5776992 0.8059362
vt 0.5777295 0.8063772
vt 0.5774397 0.8063617
vt 0.57745 0.8067856
vt 0.5777397 0.8068222
vt 0.5774231 0.8919075
vt 0.5777128 0.8920926
vt 0.5776565 0.8923288
vt 0.5774125 0.8923317
vt 0.5773874 0.8927283
vt 0.5776924 0.8925506
vt 0.5773581 0.8930389
vt 0.5776333 0.893176
vt 0.5775979 0.8933817
vt 0.577316 0.8933709
vt 0.009570084 0.9053362
vt 0.009602293 0.904987
vt 0.009296402 0.9051595
vt 0.00925781 0.9056703
vt 0.009217977 0.9062614
vt 0.009534523 0.9058635
vt 0.009260348 0.9063787
vt 0.009510641 0.9062633
vt 0.009490284 0.9066752
vt 0.009194724 0.9067072
vt 0.009158588 0.907564
vt 0.009469339 0.9071683
vt 0.009206549 0.9076961
vt 0.009455718 0.9075955
vt 0.009448098 0.9080319
vt 0.009148759 0.9080209
vt 0.009141489 0.9090031
vt 0.009441386 0.9089125
vt 0.009142202 0.9094107
vt 0.00943956 0.9093557
vt 0.009439926 0.9097992
vt 0.009146067 0.9100665
vt 0.009290715 0.9435402
vt 0.009585748 0.9435446
vt 0.009249941 0.9439766
vt 0.009524649 0.9439878
vt 0.009464602 0.9444306
vt 0.009164199 0.9443876
vt 0.008962304 0.9449869
vt 0.009206864 0.9451957
vt 0.008779452 0.9455301
vt 0.009062275 0.9456313
vt 0.008923485 0.9460571
vt 0.008652523 0.9459194
vt 0.008479655 0.9464599
vt 0.008688275 0.9467925
vt 0.008342939 0.9470098
vt 0.008623454 0.9471837
vt 0.008566769 0.9475358
vt 0.008301346 0.9474077
vt 0.008329995 0.9476516
vt 0.008607283 0.9478807
vt 0.959386 0.6923834
vt 0.9593491 0.6926169
vt 0.9597309 0.692677
vt 0.9597129 0.6924289
vt 0.9600897 0.6924632
vt 0.9601086 0.6927197
vt 0.9602261 0.6927272
vt 0.960274 0.692475
vt 0.9606868 0.6927497
vt 0.9606953 0.6924937
vt 0.9611299 0.6925014
vt 0.9611299 0.6927603
vt 0.9620095 0.6927603
vt 0.9620095 0.6925014
vt 0.959386 0.681574
vt 0.9597309 0.6813213
vt 0.9593491 0.6812668
vt 0.9597129 0.6816195
vt 0.9600897 0.6816538
vt 0.9601086 0.6813565
vt 0.960274 0.6816656
vt 0.9602261 0.6813641
vt 0.9606868 0.6813844
vt 0.9606953 0.6816843
vt 0.9611299 0.681692
vt 0.9611299 0.6813927
vt 0.9620095 0.681692
vt 0.9620095 0.6813927
vt 0.1677902 0.8978857
vt 0.1677574 0.8975399
vt 0.1675023 0.8976312
vt 0.1674631 0.8979124
vt 0.1675242 0.8987962
vt 0.1678266 0.8984093
vt 0.1675941 0.8989068
vt 0.1678511 0.8988065
vt 0.1678721 0.8992162
vt 0.1675448 0.8992068
vt 0.1675843 0.9000985
vt 0.1678939 0.8997071
vt 0.16765 0.9002231
vt 0.1679082 0.9001328
vt 0.1679165 0.9005684
vt 0.1675913 0.9005252
vt 0.1676041 0.901839
vt 0.1679247 0.9014482
vt 0.1676672 0.901962
vt 0.1679272 0.9018912
vt 0.1679276 0.9023346
vt 0.1676034 0.9022275
vt 0.167513 0.9360905
vt 0.1678378 0.9360924
vt 0.1674675 0.9365268
vt 0.1677721 0.936536
vt 0.1677053 0.9369791
vt 0.167373 0.9369377
vt 0.16716 0.9375376
vt 0.1674335 0.9377449
vt 0.166961 0.9380816
vt 0.1672725 0.9381813
vt 0.1671057 0.9386086
vt 0.1668122 0.9384721
vt 0.1665926 0.939015
vt 0.1668069 0.9393473
vt 0.1663976 0.939568
vt 0.1666943 0.9397411
vt 0.1665736 0.9400964
vt 0.1662955 0.939969
vt 0.1662673 0.9402159
vt 0.1665337 0.9404456
vt 0.1763636 0.8978857
vt 0.1766438 0.897734
vt 0.1763308 0.8975399
vt 0.1766783 0.8982019
vt 0.1764 0.8984093
vt 0.1767034 0.8985637
vt 0.1767254 0.8989582
vt 0.1764245 0.8988065
vt 0.1764455 0.8992163
vt 0.1767514 0.8995595
vt 0.1764673 0.8997071
vt 0.1767757 0.9001086
vt 0.1767298 0.9002457
vt 0.1764816 0.9001328
vt 0.1764899 0.9005684
vt 0.1767869 0.9005939
vt 0.1764981 0.9014482
vt 0.176798 0.9018404
vt 0.1767472 0.9019759
vt 0.1765006 0.9018912
vt 0.176501 0.9023346
vt 0.1767991 0.9022763
vt 0.1764112 0.9360924
vt 0.176709 0.9360901
vt 0.1767488 0.9365265
vt 0.176473 0.936536
vt 0.1765338 0.9369791
vt 0.1768341 0.9369377
vt 0.1767928 0.9377449
vt 0.177037 0.9375376
vt 0.1772207 0.9380816
vt 0.1769381 0.9381813
vt 0.1770776 0.9386086
vt 0.1773484 0.9384721
vt 0.1773141 0.9393473
vt 0.1775222 0.939015
vt 0.1776598 0.939568
vt 0.1773796 0.9397411
vt 0.1774369 0.9400964
vt 0.1777021 0.939969
vt 0.177397 0.9404456
vt 0.1776739 0.9402159
vt 0.9691115 0.7782573
vt 0.9691484 0.7779502
vt 0.9687666 0.7780046
vt 0.9687846 0.7783028
vt 0.9684078 0.7783371
vt 0.9683889 0.7780399
vt 0.9682714 0.7780474
vt 0.9682235 0.7783489
vt 0.9678107 0.7780677
vt 0.9678022 0.7783676
vt 0.9673676 0.7783753
vt 0.9673676 0.7780761
vt 0.966488 0.7780761
vt 0.966488 0.7783753
vt 0.9691115 0.7890667
vt 0.9687666 0.7893603
vt 0.9691484 0.7893002
vt 0.9687846 0.7891123
vt 0.9684078 0.7891465
vt 0.9683889 0.789403
vt 0.9682235 0.7891583
vt 0.9682714 0.7894105
vt 0.9678107 0.789433
vt 0.9678022 0.789177
vt 0.9673676 0.7891847
vt 0.9673676 0.7894437
vt 0.966488 0.7891847
vt 0.966488 0.7894437
vt 0.2231278 0.4035218
vt 0.223107 0.4038357
vt 0.3036466 0.4038357
vt 0.3036674 0.4035218
vt 0.2231278 0.3833469
vt 0.3036674 0.3833469
vt 0.2231278 0.3781922
vt 0.3036674 0.3781922
vt 0.2231278 0.3730376
vt 0.3036674 0.3730376
vt 0.2231278 0.3627282
vt 0.3036674 0.3627282
vt 0.2231278 0.3524188
vt 0.3036674 0.3524188
vt 0.2231278 0.3472641
vt 0.3036674 0.3472641
vt 0.2231278 0.3421094
vt 0.3036674 0.3421094
vt 0.2231278 0.3219346
vt 0.3036674 0.3219346
vt 0.223107 0.3216207
vt 0.3036466 0.3216207
vt 0.5171062 0.3042929
vt 0.5174155 0.3042752
vt 0.5174155 0.2233353
vt 0.5171062 0.223353
vt 0.673006 0.5153133
vt 0.6865947 0.5156369
vt 0.6867684 0.5153236
vt 0.6731961 0.5156265
vt 0.6865947 0.5358117
vt 0.6728194 0.5153701
vt 0.6731961 0.5358014
vt 0.6865947 0.5409664
vt 0.6731961 0.5409561
vt 0.6865947 0.5461211
vt 0.6731961 0.5461108
vt 0.6865947 0.5564305
vt 0.6731961 0.5564202
vt 0.6865947 0.5667399
vt 0.6731961 0.5667295
vt 0.6865947 0.5718945
vt 0.6731961 0.5718843
vt 0.6865947 0.5770493
vt 0.6731961 0.5770389
vt 0.6865947 0.5972241
vt 0.6731961 0.5972138
vt 0.6867684 0.5975379
vt 0.6730207 0.5975277
vt 0.6728148 0.59747
vt 0.6728714 0.5972136
vt 0.6728523 0.5770388
vt 0.6724506 0.5972136
vt 0.6724935 0.5975276
vt 0.6728523 0.5718841
vt 0.652325 0.5972146
vt 0.652334 0.5975286
vt 0.6724506 0.5770387
vt 0.6728523 0.5667294
vt 0.6317565 0.5972157
vt 0.6317657 0.5975296
vt 0.652325 0.5770397
vt 0.6724506 0.571884
vt 0.6728523 0.55642
vt 0.6214724 0.5972162
vt 0.6214814 0.5975301
vt 0.6317565 0.5770408
vt 0.652325 0.571885
vt 0.6724506 0.5667294
vt 0.6728523 0.5461106
vt 0.611631 0.5972167
vt 0.61164 0.5975306
vt 0.6113884 0.5974731
vt 0.6113269 0.5972168
vt 0.611631 0.5770418
vt 0.6113269 0.5770419
vt 0.6214724 0.5770413
vt 0.6116309 0.5718871
vt 0.6113269 0.5718872
vt 0.6214724 0.5718866
vt 0.611631 0.5667324
vt 0.6113269 0.5667325
vt 0.6317565 0.5718861
vt 0.6116309 0.556423
vt 0.6113269 0.5564231
vt 0.6214724 0.5667319
vt 0.6317565 0.5667314
vt 0.6116309 0.5461137
vt 0.6113269 0.5461137
vt 0.6214724 0.5564225
vt 0.652325 0.5667304
vt 0.611631 0.5409589
vt 0.6113269 0.5409591
vt 0.6317565 0.556422
vt 0.6214724 0.5461131
vt 0.652325 0.556421
vt 0.6116309 0.5358043
vt 0.6113269 0.5358044
vt 0.6317565 0.5461127
vt 0.6214724 0.5409585
vt 0.6724506 0.55642
vt 0.6116309 0.5156294
vt 0.6113269 0.5156295
vt 0.6113884 0.5153733
vt 0.61164 0.5153156
vt 0.6214724 0.5358038
vt 0.6214724 0.5156289
vt 0.6214814 0.5153151
vt 0.652325 0.5461116
vt 0.6317565 0.5409579
vt 0.6317565 0.5156284
vt 0.6317657 0.5153146
vt 0.6317565 0.5358033
vt 0.6724506 0.5461106
vt 0.652325 0.5409569
vt 0.652325 0.5156273
vt 0.652334 0.5153136
vt 0.652325 0.5358022
vt 0.6728523 0.540956
vt 0.6724506 0.5409559
vt 0.6728523 0.5358013
vt 0.6724506 0.5358012
vt 0.6724506 0.5156263
vt 0.6725497 0.5153126
vt 0.6728523 0.5156264
vt 0.5992734 0.008776015
vt 0.5989624 0.008758851
vt 0.5989624 0.08969969
vt 0.5992734 0.08971685
vt 0.969251 0.2992566
vt 0.969295 0.2995645
vt 0.9725668 0.2993429
vt 0.9725521 0.2990332
vt 0.9728313 0.2992662
vt 0.9728829 0.2990079
vt 0.972846 0.290092
vt 0.9725151 0.2900794
vt 0.9727923 0.2898302
vt 0.9725272 0.2897605
vt 0.9692538 0.2895793
vt 0.9692122 0.2898967
vt 0.9892309 0.8972628
vt 0.9891912 0.8969471
vt 0.9859782 0.8975528
vt 0.9860024 0.8978699
vt 0.985716 0.8976558
vt 0.9856707 0.8979245
vt 0.9856693 0.9023821
vt 0.9860024 0.902343
vt 0.9860024 0.902343
vt 0.9892309 0.9019383
vt 0.9856693 0.9121923
vt 0.9860024 0.9121923
vt 0.9860024 0.9121923
vt 0.9892309 0.9121923
vt 0.9856693 0.9220024
vt 0.9860024 0.9220415
vt 0.9860024 0.9220415
vt 0.9892309 0.9224463
vt 0.9856707 0.92646
vt 0.9860024 0.9265146
vt 0.9892309 0.9271217
vt 0.985716 0.9267287
vt 0.9891912 0.9274374
vt 0.9859782 0.9268317
vt 0.9720521 0.5920848
vt 0.9720962 0.5917751
vt 0.968795 0.5915541
vt 0.9687803 0.5918657
vt 0.9685159 0.5917899
vt 0.9684643 0.5915307
vt 0.968832 0.5825971
vt 0.9685011 0.5826117
vt 0.9685549 0.5823505
vt 0.9688199 0.5822799
vt 0.9721349 0.5824118
vt 0.9720934 0.582096
vt 0.2033935 0.3340901
vt 0.2036177 0.330489
vt 0.2033935 0.3300451
vt 0.2036177 0.3338681
vt 0.2034198 0.334312
vt 0.2049207 0.330489
vt 0.2034972 0.3301751
vt 0.204759 0.3301751
vt 0.2050178 0.3302327
vt 0.205176 0.330489
vt 0.2049207 0.3338681
vt 0.2051449 0.3338681
vt 0.2051449 0.334312
vt 0.2049207 0.334312
vt 0.2036177 0.334312
vt 0.2049207 0.3347559
vt 0.2051449 0.3347559
vt 0.2036177 0.3347559
vt 0.2033935 0.334534
vt 0.2033935 0.3392448
vt 0.2036177 0.3390228
vt 0.2034198 0.3394667
vt 0.2049207 0.3390228
vt 0.2051449 0.3390228
vt 0.2051449 0.3394667
vt 0.2049207 0.3394667
vt 0.2036177 0.3394667
vt 0.2049207 0.3399106
vt 0.2051449 0.3399106
vt 0.2036177 0.3399106
vt 0.2033935 0.3396887
vt 0.2033935 0.3495542
vt 0.2036177 0.3493322
vt 0.2034198 0.3497761
vt 0.2049207 0.3493322
vt 0.2051449 0.3493322
vt 0.2051449 0.3497761
vt 0.2049207 0.3497761
vt 0.2036177 0.3497761
vt 0.2049207 0.35022
vt 0.2051449 0.35022
vt 0.2036177 0.35022
vt 0.2033935 0.349998
vt 0.2033935 0.3598635
vt 0.2036177 0.3596416
vt 0.2034198 0.3600855
vt 0.2049207 0.3596416
vt 0.2051449 0.3596416
vt 0.2051449 0.3600855
vt 0.2049207 0.3600855
vt 0.2036177 0.3600855
vt 0.2049207 0.3605293
vt 0.2051449 0.3605293
vt 0.2036177 0.3605293
vt 0.2033935 0.3603074
vt 0.2033935 0.3650182
vt 0.2036177 0.3647963
vt 0.2034198 0.3652402
vt 0.2049207 0.3647963
vt 0.2051449 0.3647963
vt 0.2051449 0.3652402
vt 0.2049207 0.3652402
vt 0.2036177 0.3652402
vt 0.2049207 0.365684
vt 0.2051449 0.365684
vt 0.2036177 0.365684
vt 0.2033935 0.3654621
vt 0.2033935 0.3695071
vt 0.2036177 0.3690633
vt 0.2049207 0.3690633
vt 0.205176 0.3690633
vt 0.2050177 0.3693195
vt 0.204759 0.3693771
vt 0.2034972 0.3693771
vt 0.7341819 0.1721973
vt 0.7339538 0.1718839
vt 0.717846 0.1719014
vt 0.7172298 0.1722157
vt 0.7341819 0.1726411
vt 0.7172298 0.1726595
vt 0.717838 0.1717716
vt 0.7185551 0.1717713
vt 0.7182437 0.1716417
vt 0.7180124 0.1713279
vt 0.7176177 0.1717716
vt 0.7176177 0.1677266
vt 0.7172298 0.1675049
vt 0.7177162 0.1675047
vt 0.7176177 0.1672827
vt 0.7176177 0.1625719
vt 0.7172298 0.1623502
vt 0.7177162 0.16235
vt 0.7176177 0.1621281
vt 0.7176177 0.1522626
vt 0.7172298 0.1520408
vt 0.7177162 0.1520406
vt 0.7176177 0.1518187
vt 0.7176177 0.1419532
vt 0.7172298 0.1417315
vt 0.7177162 0.1417313
vt 0.7176177 0.1415094
vt 0.7176177 0.1367985
vt 0.7172298 0.1365768
vt 0.7177162 0.1365766
vt 0.7176177 0.1363547
vt 0.7176177 0.1323096
vt 0.7172298 0.131866
vt 0.717838 0.1323096
vt 0.717846 0.1321795
vt 0.7339538 0.132162
vt 0.7341819 0.1318476
vt 0.7172298 0.1314221
vt 0.7185551 0.1323094
vt 0.7182437 0.1324397
vt 0.7180124 0.1327537
vt 0.7176177 0.1323096
vt 0.7176177 0.1363547
vt 0.7341819 0.1314037
vt 0.7180124 0.1361329
vt 0.7177162 0.1365766
vt 0.7191967 0.1327547
vt 0.7182437 0.1324397
vt 0.7193072 0.1324407
vt 0.7195886 0.1324984
vt 0.7195922 0.1327549
vt 0.7191967 0.1361339
vt 0.7195914 0.1361341
vt 0.7195914 0.1365779
vt 0.7191967 0.1365778
vt 0.7180124 0.1365767
vt 0.7191967 0.1370217
vt 0.7195914 0.1370218
vt 0.7180124 0.1370206
vt 0.7176177 0.1367985
vt 0.7176177 0.1415094
vt 0.7180124 0.1412876
vt 0.7177162 0.1417313
vt 0.7191967 0.1412886
vt 0.7195914 0.1412887
vt 0.7195914 0.1417326
vt 0.7191967 0.1417325
vt 0.7180124 0.1417314
vt 0.7191967 0.1421763
vt 0.7195914 0.1421765
vt 0.7180124 0.1421753
vt 0.7176177 0.1419532
vt 0.7176177 0.1518187
vt 0.7180124 0.1515969
vt 0.7177162 0.1520406
vt 0.7191967 0.151598
vt 0.7195914 0.1515981
vt 0.7195914 0.152042
vt 0.7191967 0.1520418
vt 0.7180124 0.1520408
vt 0.7191967 0.1524857
vt 0.7195914 0.1524858
vt 0.7180124 0.1524846
vt 0.7176177 0.1522626
vt 0.7176177 0.1621281
vt 0.7180124 0.1619063
vt 0.7177162 0.16235
vt 0.7191967 0.1619073
vt 0.7195914 0.1619075
vt 0.7195914 0.1623513
vt 0.7191967 0.1623512
vt 0.7180124 0.1623501
vt 0.7191967 0.1627951
vt 0.7195914 0.1627952
vt 0.7180124 0.162794
vt 0.7176177 0.1625719
vt 0.7176177 0.1672827
vt 0.7180124 0.1670609
vt 0.7177162 0.1675047
vt 0.7191967 0.167062
vt 0.7195914 0.1670621
vt 0.7195914 0.167506
vt 0.7191967 0.1675059
vt 0.7180124 0.1675048
vt 0.7191967 0.1679498
vt 0.7195914 0.1679499
vt 0.7180124 0.1679487
vt 0.7176177 0.1677266
vt 0.7176177 0.1717716
vt 0.7191967 0.171329
vt 0.7195922 0.1713291
vt 0.7195886 0.1715852
vt 0.7193072 0.1716426
vt 0.7182437 0.1716417
vt 0.2049668 0.3869209
vt 0.204641 0.3872529
vt 0.204641 0.4048866
vt 0.2049668 0.40553
vt 0.2033507 0.6811501
vt 0.2030258 0.6808193
vt 0.2030258 0.6994162
vt 0.2033507 0.6987721
vt 0.7053652 0.192235
vt 0.6901423 0.191938
vt 0.6900237 0.1922516
vt 0.7055621 0.1919212
vt 0.6901423 0.1885587
vt 0.7055621 0.188542
vt 0.6901423 0.1881149
vt 0.7055621 0.1880981
vt 0.6901423 0.187671
vt 0.7055621 0.1876543
vt 0.6901423 0.1834041
vt 0.7055621 0.1833873
vt 0.6901423 0.1829602
vt 0.7055621 0.1829434
vt 0.6901423 0.1825163
vt 0.7055621 0.1824996
vt 0.6901423 0.1730947
vt 0.7055621 0.173078
vt 0.6901423 0.1726508
vt 0.7055621 0.1726341
vt 0.6901423 0.172207
vt 0.7055621 0.1721902
vt 0.6901423 0.1627853
vt 0.7055621 0.1627686
vt 0.6901423 0.1623415
vt 0.7055621 0.1623247
vt 0.6901423 0.1618976
vt 0.7055621 0.1618809
vt 0.6901423 0.1576307
vt 0.7055621 0.1576139
vt 0.6901423 0.1571868
vt 0.7055621 0.15717
vt 0.6901423 0.1567429
vt 0.7055621 0.1567262
vt 0.6901423 0.1533637
vt 0.7055621 0.153347
vt 0.6900236 0.1530497
vt 0.7053652 0.153033
vt 0.204641 0.3872529
vt 0.2047155 0.3869249
vt 0.2036527 0.3862378
vt 0.2037039 0.3866305
vt 0.2042888 0.6805281
vt 0.2043386 0.6801345
vt 0.2032747 0.6808212
vt 0.2033507 0.6811501
vt 0.2037039 0.4042642
vt 0.2036527 0.4045876
vt 0.2046137 0.4052446
vt 0.204641 0.4048866
vt 0.2033507 0.6987721
vt 0.2033767 0.6991288
vt 0.2043386 0.6984723
vt 0.2042888 0.6981502
vt 0.9513007 0.2026767
vt 0.9514302 0.1925808
vt 0.9513007 0.1922825
vt 0.9514302 0.2023993
vt 0.9517447 0.1932228
vt 0.9517447 0.201766
vt 0.9526243 0.1932226
vt 0.9526243 0.2017657
vt 0.9529328 0.1932029
vt 0.9529328 0.201746
vt 0.9661739 0.7777042
vt 0.9660441 0.7774222
vt 0.9660441 0.7901577
vt 0.9661739 0.7898616
vt 0.966488 0.7783753
vt 0.966488 0.7891847
vt 0.9673676 0.7783753
vt 0.9673676 0.7891847
vt 0.9678022 0.7783676
vt 0.9678022 0.789177
vt 0.9682235 0.7783489
vt 0.9682235 0.7891583
vt 0.9684078 0.7783371
vt 0.9684078 0.7891465
vt 0.9687846 0.7783028
vt 0.9687846 0.7891123
vt 0.9691115 0.7782573
vt 0.9691115 0.7890667
vt 0.08822598 0.9635683
vt 0.08809675 0.9736851
vt 0.08822598 0.9739625
vt 0.08809675 0.9638667
vt 0.0877823 0.973052
vt 0.0877823 0.9645088
vt 0.08690271 0.9730523
vt 0.08690271 0.9645091
vt 0.08659375 0.9730328
vt 0.08659375 0.9644896
vt 0.9623236 0.6931783
vt 0.9624534 0.6934744
vt 0.9624534 0.6807389
vt 0.9623236 0.6810209
vt 0.9620095 0.6925014
vt 0.9620095 0.681692
vt 0.9611299 0.6925014
vt 0.9611299 0.681692
vt 0.9606953 0.6924937
vt 0.9606953 0.6816843
vt 0.960274 0.692475
vt 0.960274 0.6816656
vt 0.9600897 0.6924632
vt 0.9600897 0.6816538
vt 0.9597129 0.6924289
vt 0.9597129 0.6816195
vt 0.959386 0.6923834
vt 0.959386 0.681574
vt 0.4600609 0.9836968
vt 0.4600464 0.9840143
vt 0.4686197 0.9840412
vt 0.4686341 0.9837238
vt 0.9658728 0.4959927
vt 0.9658906 0.4963086
vt 0.9744633 0.496203
vt 0.9744455 0.4958871
vt 0.9435377 0.3057531
vt 0.9435169 0.3060721
vt 0.9520478 0.3060721
vt 0.9520686 0.3057531
vt 0.9435376 0.2231162
vt 0.9520685 0.2231162
vt 0.9435169 0.2227972
vt 0.9520478 0.2227972
vt 0.459855 0.9529814
vt 0.4598733 0.9532899
vt 0.4684465 0.9533169
vt 0.4684283 0.9530083
vt 0.9743034 0.4654534
vt 0.9743183 0.4651426
vt 0.9657456 0.4652482
vt 0.9657307 0.4655589
vt 0.9435376 0.2231162
vt 0.9432517 0.2230833
vt 0.9432517 0.3059992
vt 0.9435377 0.3057531
vt 0.01814337 0.9053362
vt 0.01817559 0.904987
vt 0.009602293 0.904987
vt 0.009570084 0.9053362
vt 0.01810781 0.9058635
vt 0.009534523 0.9058635
vt 0.01808393 0.9062633
vt 0.009510641 0.9062633
vt 0.01806358 0.9066752
vt 0.009490284 0.9066752
vt 0.01804263 0.9071683
vt 0.009469339 0.9071683
vt 0.01802901 0.9075955
vt 0.009455718 0.9075955
vt 0.01802139 0.9080319
vt 0.009448098 0.9080319
vt 0.01801468 0.9089125
vt 0.009441386 0.9089125
vt 0.01801285 0.9093557
vt 0.00943956 0.9093557
vt 0.01801322 0.9097992
vt 0.009439926 0.9097992
vt 0.01815904 0.9435446
vt 0.009585748 0.9435446
vt 0.01822546 0.9439878
vt 0.009524649 0.9439878
vt 0.01829293 0.9444306
vt 0.009464602 0.9444306
vt 0.009206864 0.9451957
vt 0.01856608 0.9451957
vt 0.01872778 0.9456313
vt 0.009062275 0.9456313
vt 0.01889529 0.9460571
vt 0.008923485 0.9460571
vt 0.008688275 0.9467925
vt 0.01919531 0.9467925
vt 0.01930854 0.9471837
vt 0.008623454 0.9471837
vt 0.01942992 0.9475358
vt 0.008566769 0.9475358
vt 0.01947043 0.9478807
vt 0.008607283 0.9478807
vt 0.5688007 0.8053196
vt 0.5773857 0.8056558
vt 0.5773438 0.8053247
vt 0.5688425 0.8056507
vt 0.5774148 0.8059657
vt 0.5688717 0.8059606
vt 0.5774397 0.8063617
vt 0.5688966 0.8063565
vt 0.57745 0.8067856
vt 0.5689068 0.8067806
vt 0.5774231 0.8919075
vt 0.5688799 0.8919023
vt 0.5774125 0.8923317
vt 0.5688694 0.8923266
vt 0.5773874 0.8927283
vt 0.5688443 0.8927231
vt 0.5773581 0.8930389
vt 0.5688149 0.8930337
vt 0.577316 0.8933709
vt 0.5687729 0.8933659
vt 0.1763636 0.8978857
vt 0.1763308 0.8975399
vt 0.1677574 0.8975399
vt 0.1677902 0.8978857
vt 0.1764 0.8984093
vt 0.1678266 0.8984093
vt 0.1764245 0.8988065
vt 0.1678511 0.8988065
vt 0.1764455 0.8992163
vt 0.1678721 0.8992162
vt 0.1764673 0.8997071
vt 0.1678939 0.8997071
vt 0.1764816 0.9001328
vt 0.1679082 0.9001328
vt 0.1764899 0.9005684
vt 0.1679165 0.9005684
vt 0.1764981 0.9014482
vt 0.1679247 0.9014482
vt 0.1765006 0.9018912
vt 0.1679272 0.9018912
vt 0.176501 0.9023346
vt 0.1679276 0.9023346
vt 0.1764112 0.9360924
vt 0.1678378 0.9360924
vt 0.176473 0.936536
vt 0.1677721 0.936536
vt 0.1765338 0.9369791
vt 0.1677053 0.9369791
vt 0.1674335 0.9377449
vt 0.1767928 0.9377449
vt 0.1769381 0.9381813
vt 0.1672725 0.9381813
vt 0.1770776 0.9386086
vt 0.1671057 0.9386086
vt 0.1668069 0.9393473
vt 0.1773141 0.9393473
vt 0.1773796 0.9397411
vt 0.1666943 0.9397411
vt 0.1774369 0.9400964
vt 0.1665736 0.9400964
vt 0.177397 0.9404456
vt 0.1665337 0.9404456
vt 0.204641 0.3872529
vt 0.2037039 0.3866305
vt 0.2037039 0.4042642
vt 0.204641 0.4048866
vt 0.2033507 0.6987721
vt 0.2042888 0.6981502
vt 0.2042888 0.6805281
vt 0.2033507 0.6811501
vt 0.6862484 0.8771517
vt 0.6864691 0.8769411
vt 0.6864691 0.8682299
vt 0.6862484 0.8682259
vt 0.6864691 0.8595187
vt 0.6862484 0.8593
vt 0.4686341 0.9837238
vt 0.4684465 0.9533169
vt 0.4598733 0.9532899
vt 0.4600609 0.9836968
vt 0.9744455 0.4958871
vt 0.9743034 0.4654534
vt 0.9657307 0.4655589
vt 0.9658728 0.4959927
vt 0.9639267 0.9816031
vt 0.9641533 0.9813835
vt 0.9641533 0.9769259
vt 0.9639267 0.9770357
vt 0.9641533 0.9724683
vt 0.9639267 0.9724683
vt 0.9641533 0.9680107
vt 0.9639267 0.9679009
vt 0.9641533 0.9635531
vt 0.9639267 0.9633334
vt 0.1365414 0.9724559
vt 0.1363205 0.9811706
vt 0.1365414 0.9813786
vt 0.1363205 0.9724625
vt 0.1365414 0.9635332
vt 0.1363205 0.9637544
vt 0.4369287 0.9628134
vt 0.4367006 0.9630339
vt 0.4367006 0.9674914
vt 0.4369287 0.9673808
vt 0.4367006 0.971949
vt 0.4369287 0.9719481
vt 0.4367006 0.9764065
vt 0.4369287 0.9765156
vt 0.4367006 0.980864
vt 0.4369287 0.981083
vt 0.4372195 0.9625285
vt 0.4372195 0.9672379
vt 0.4372195 0.9719474
vt 0.4372195 0.9766569
vt 0.4280374 0.9625257
vt 0.4280235 0.9628106
vt 0.4372195 0.9813663
vt 0.4280235 0.9810802
vt 0.4188553 0.9625227
vt 0.4191183 0.9628078
vt 0.4280374 0.9813634
vt 0.4191183 0.9810774
vt 0.4188553 0.9672322
vt 0.4191183 0.9673752
vt 0.4188553 0.9813605
vt 0.4191183 0.9765099
vt 0.4188553 0.9719416
vt 0.4191183 0.9719425
vt 0.4188553 0.9766511
vt 0.4186215 0.9622678
vt 0.4186215 0.9671042
vt 0.4280513 0.9622707
vt 0.4186215 0.9719407
vt 0.4186215 0.9767771
vt 0.4374811 0.9622737
vt 0.4186215 0.9816136
vt 0.4280513 0.9816166
vt 0.4374811 0.9671102
vt 0.4374811 0.9816196
vt 0.4374811 0.9719467
vt 0.4374811 0.9767831
vt 0.4136293 0.9698718
vt 0.4136293 0.9654142
vt 0.4049383 0.9654115
vt 0.4049383 0.969869
vt 0.3962473 0.9654087
vt 0.4136293 0.9743294
vt 0.3962473 0.9698663
vt 0.4049383 0.9743266
vt 0.4136293 0.9787869
vt 0.3962473 0.9743239
vt 0.4049383 0.9787841
vt 0.4136293 0.9832444
vt 0.3962473 0.9787814
vt 0.4049383 0.9832417
vt 0.3962473 0.9832389
vt 0.945765 0.4983192
vt 0.9459733 0.4982031
vt 0.9459733 0.4887514
vt 0.945765 0.4887493
vt 0.9459733 0.4792996
vt 0.945765 0.4791795
vt 0.5943425 0.8807118
vt 0.5945536 0.8805909
vt 0.5945536 0.8757544
vt 0.5943425 0.8758149
vt 0.5945536 0.8709179
vt 0.5943425 0.8709179
vt 0.5945536 0.8660814
vt 0.5943425 0.8660209
vt 0.5945536 0.8612449
vt 0.5943425 0.861124
vt 0.9721335 0.08446597
vt 0.9719251 0.09391758
vt 0.9721335 0.09403238
vt 0.9719251 0.08446922
vt 0.9721335 0.07489955
vt 0.9719251 0.07502086
vt 0.4858122 0.971949
vt 0.4860225 0.9718279
vt 0.4860225 0.9669914
vt 0.4858122 0.967052
vt 0.4860225 0.9621549
vt 0.4858122 0.9621551
vt 0.4860225 0.9573184
vt 0.4858122 0.9572582
vt 0.4860225 0.9524819
vt 0.4858122 0.9523612
vt 0.8887013 0.4862464
vt 0.8860846 0.4869179
vt 0.8878527 0.4869456
vt 0.8866771 0.4872998
vt 0.8862608 0.4874261
vt 0.8866174 0.487634
vt 0.8868741 0.4874147
vt 0.8869955 0.4878111
vt 0.8916514 0.4858014
vt 0.8871585 0.4875134
vt 0.8879309 0.4878016
vt 0.8875445 0.488029
vt 0.8881432 0.4882546
vt 0.8914356 0.4861179
vt 0.8886532 0.4880726
vt 0.888272 0.4883382
vt 0.8886148 0.488343
vt 0.8895422 0.4884312
vt 0.8896263 0.4881635
vt 0.8899866 0.488449
vt 0.8927712 0.4853595
vt 0.8898872 0.4881452
vt 0.89341 0.4853176
vt 0.8935296 0.4850092
vt 0.8909113 0.4881378
vt 0.8906307 0.4884522
vt 0.9240389 0.4884627
vt 0.9240482 0.4865445
vt 0.9240428 0.4862311
vt 0.9249731 0.4863445
vt 0.9240482 0.4881482
vt 0.9244779 0.4884573
vt 0.9244868 0.4870115
vt 0.9244868 0.4881384
vt 0.9249194 0.4874782
vt 0.9252048 0.4872321
vt 0.925977 0.4874743
vt 0.9249194 0.4881283
vt 0.9248949 0.4884438
vt 0.925509 0.4884156
vt 0.9253636 0.488108
vt 0.9260665 0.4883661
vt 0.9259615 0.4880624
vt 0.9263483 0.4880008
vt 0.9264676 0.4882891
vt 0.927027 0.4881177
vt 0.9267061 0.4878912
vt 0.9275953 0.487901
vt 0.9266282 0.4873402
vt 0.9272314 0.4876851
vt 0.927767 0.487485
vt 0.9280053 0.487671
vt 0.9282563 0.4874518
vt 0.9272897 0.4872121
vt 0.9279141 0.4873566
vt 0.9286141 0.48707
vt 0.9278229 0.4868866
vt 0.9282437 0.486984
vt 0.9285693 0.486607
vt 0.9288577 0.4866924
vt 0.9289047 0.486575
vt 0.9283521 0.4865567
vt 0.9285895 0.4865566
vt 0.9290384 0.4861143
vt 0.9259307 0.4859704
vt 0.9286951 0.4861142
vt 0.9249284 0.4856738
vt 0.9246098 0.4856746
vt 0.9287978 0.4856709
vt 0.9290978 0.4856712
vt 0.9290978 0.4847916
vt 0.9249284 0.4847942
vt 0.9246098 0.4847951
vt 0.9245732 0.484538
vt 0.9247068 0.4844807
vt 0.9287978 0.4847913
vt 0.9291621 0.4845345
vt 0.9290679 0.4844772
vt 0.9249997 0.2240058
vt 0.9254158 0.22388
vt 0.9250592 0.2236722
vt 0.9238239 0.2243604
vt 0.9248026 0.2238909
vt 0.9246693 0.2234956
vt 0.9199941 0.2257035
vt 0.9183659 0.2259944
vt 0.9181962 0.2263015
vt 0.9245353 0.2238183
vt 0.9236077 0.22348
vt 0.9240744 0.2232637
vt 0.9235308 0.2230594
vt 0.9229968 0.2232524
vt 0.9214123 0.2231071
vt 0.9233997 0.2229723
vt 0.9230483 0.2229686
vt 0.9218071 0.2228515
vt 0.9216771 0.2227972
vt 0.9213725 0.2228383
vt 0.8876337 0.2228407
vt 0.8876247 0.2247747
vt 0.88763 0.2250888
vt 0.8866999 0.2249745
vt 0.8876247 0.2231112
vt 0.8871949 0.2228538
vt 0.8871862 0.2243076
vt 0.8871862 0.2231508
vt 0.8867536 0.2238405
vt 0.8864684 0.2240863
vt 0.8856965 0.223843
vt 0.8867536 0.2231904
vt 0.8867779 0.2228757
vt 0.8861641 0.222903
vt 0.8863096 0.2232101
vt 0.8856068 0.2229518
vt 0.885712 0.2232549
vt 0.8853253 0.223316
vt 0.8852059 0.2230281
vt 0.8846467 0.2231987
vt 0.8849677 0.223425
vt 0.8840787 0.2234148
vt 0.8850455 0.2239763
vt 0.8844426 0.2236305
vt 0.883907 0.2238303
vt 0.8836686 0.2236446
vt 0.8834176 0.2238639
vt 0.8843841 0.2241039
vt 0.8837599 0.2239588
vt 0.8830598 0.2242458
vt 0.883851 0.2244293
vt 0.8834303 0.2243315
vt 0.8831046 0.2247085
vt 0.8828161 0.2246235
vt 0.8827692 0.2247409
vt 0.8833219 0.224759
vt 0.8830845 0.224759
vt 0.8826354 0.2252017
vt 0.8857426 0.2253477
vt 0.8829788 0.2252014
vt 0.8867446 0.2256452
vt 0.8870629 0.2256453
vt 0.8828762 0.2256447
vt 0.882576 0.2256447
vt 0.882576 0.2265243
vt 0.8867446 0.2265248
vt 0.8870629 0.2265249
vt 0.8870997 0.226781
vt 0.8869664 0.2268378
vt 0.8828762 0.2265243
vt 0.882512 0.2267805
vt 0.8826064 0.2268374
vt 0.71641 0.1113334
vt 0.7168075 0.1109606
vt 0.7163348 0.1110248
vt 0.7129802 0.1116318
vt 0.7129931 0.1119504
vt 0.7127155 0.1117339
vt 0.7126619 0.1120036
vt 0.7126647 0.1309572
vt 0.7129931 0.1307477
vt 0.7127321 0.1311797
vt 0.716831 0.1112904
vt 0.71641 0.1309518
vt 0.7172298 0.1112473
vt 0.7171913 0.1109344
vt 0.716831 0.131187
vt 0.7341819 0.1112288
vt 0.7346047 0.1109152
vt 0.7347212 0.1109723
vt 0.7351573 0.110785
vt 0.7129931 0.1311923
vt 0.71641 0.1313964
vt 0.7167274 0.1314092
vt 0.7129931 0.131637
vt 0.7126647 0.1314019
vt 0.712661 0.1356328
vt 0.71641 0.1318411
vt 0.7129931 0.1356685
vt 0.7127164 0.1358979
vt 0.7129824 0.1359855
vt 0.7163373 0.136388
vt 0.71641 0.1360779
vt 0.7166671 0.1365844
vt 0.716831 0.1316316
vt 0.716831 0.1363274
vt 0.7172298 0.1365768
vt 0.7168294 0.1368431
vt 0.7168294 0.1417475
vt 0.7172298 0.1417315
vt 0.7164047 0.1371092
vt 0.7163432 0.136798
vt 0.7130389 0.1374037
vt 0.7168294 0.1520412
vt 0.7172298 0.1520408
vt 0.7164047 0.1417858
vt 0.7130566 0.1377215
vt 0.712774 0.1375062
vt 0.7127237 0.1377754
vt 0.7127245 0.1422325
vt 0.7130566 0.1421942
vt 0.7127245 0.1520422
vt 0.7130566 0.1520419
vt 0.7127245 0.1618519
vt 0.7164047 0.1520413
vt 0.7130566 0.1618896
vt 0.7127237 0.166309
vt 0.7164047 0.1622969
vt 0.7130566 0.1663623
vt 0.712774 0.1665784
vt 0.7130389 0.1666806
vt 0.7163432 0.1672852
vt 0.7164047 0.1669735
vt 0.7166671 0.1674985
vt 0.7168294 0.1623347
vt 0.7172298 0.1623502
vt 0.7168295 0.1672392
vt 0.7172298 0.1675049
vt 0.716831 0.1677549
vt 0.716831 0.1724507
vt 0.71641 0.1680049
vt 0.7163373 0.1676953
vt 0.7129824 0.1681001
vt 0.71641 0.1722417
vt 0.7129931 0.1684165
vt 0.7127164 0.168188
vt 0.712661 0.168453
vt 0.7126647 0.1726839
vt 0.7129931 0.1724481
vt 0.7127321 0.1729059
vt 0.7167274 0.1726733
vt 0.71641 0.1726864
vt 0.7129931 0.1728928
vt 0.71641 0.173131
vt 0.7129931 0.1733374
vt 0.7126647 0.1731285
vt 0.7126619 0.1920822
vt 0.7129931 0.1921347
vt 0.7127155 0.1923521
vt 0.7129802 0.1924538
vt 0.7163348 0.1930586
vt 0.71641 0.1927493
vt 0.7168075 0.1931223
vt 0.716831 0.1728953
vt 0.716831 0.1927919
vt 0.7172298 0.1928344
vt 0.7171913 0.193148
vt 0.7346047 0.1931293
vt 0.7341819 0.192816
vt 0.7347212 0.193072
vt 0.7351573 0.1932599
vt 0.7351159 0.1931327
vt 0.7839266 0.1932736
vt 0.7345813 0.1726409
vt 0.7345813 0.1928157
vt 0.7350038 0.1928157
vt 0.7839941 0.1931465
vt 0.7350038 0.1726408
vt 0.7345813 0.1674862
vt 0.7341819 0.1674865
vt 0.7843788 0.1930861
vt 0.7844764 0.1931435
vt 0.7848552 0.1928303
vt 0.7841176 0.1928296
vt 0.7845154 0.1928299
vt 0.7848552 0.1726555
vt 0.7845154 0.172655
vt 0.7848552 0.1675008
vt 0.7350038 0.1674862
vt 0.7841176 0.1726547
vt 0.7845154 0.1675003
vt 0.7848552 0.1623461
vt 0.7841176 0.1675001
vt 0.7845154 0.1623456
vt 0.7848552 0.1520368
vt 0.7350038 0.1623315
vt 0.7845154 0.1520363
vt 0.7848552 0.1417274
vt 0.7841176 0.1623454
vt 0.7345813 0.1623315
vt 0.7341819 0.1623318
vt 0.7845154 0.1417269
vt 0.7848552 0.1365727
vt 0.7841176 0.152036
vt 0.7350038 0.1520221
vt 0.7345813 0.1520222
vt 0.7341819 0.1520224
vt 0.7845154 0.1365722
vt 0.7848552 0.131418
vt 0.7841176 0.1417267
vt 0.7350038 0.1417128
vt 0.7345813 0.1417128
vt 0.7341819 0.1417131
vt 0.7845154 0.1314176
vt 0.7848552 0.1112432
vt 0.7841176 0.136572
vt 0.7350038 0.1365581
vt 0.7345813 0.1365581
vt 0.7341819 0.1365584
vt 0.7350038 0.1314034
vt 0.7345813 0.1314034
vt 0.7841176 0.1314173
vt 0.7845154 0.1112427
vt 0.7350038 0.1112286
vt 0.7345813 0.1112286
vt 0.7843788 0.1109864
vt 0.7844764 0.1109293
vt 0.7839266 0.1107988
vt 0.7841176 0.1112424
vt 0.7351159 0.1109118
vt 0.7839941 0.1109256
vt 0.985772 0.7112533
vt 0.9854903 0.710824
vt 0.9855846 0.7112818
vt 0.9858245 0.7109345
vt 0.9855488 0.7310935
vt 0.9857358 0.7312942
vt 0.9855565 0.7313172
vt 0.985548 0.731539
vt 0.9855122 0.7513606
vt 0.9890727 0.7120649
vt 0.9890929 0.7117409
vt 0.9893538 0.7118552
vt 0.9894008 0.7121307
vt 0.9890379 0.7312935
vt 0.9893675 0.7312891
vt 0.9890031 0.7505221
vt 0.9893315 0.7504476
vt 0.9892836 0.750719
vt 0.9890379 0.7312935
vt 0.9890223 0.7508372
vt 0.9856996 0.7513351
vt 0.9854903 0.7518702
vt 0.9857509 0.7516451
vt 0.9883819 0.3981119
vt 0.9885693 0.3981398
vt 0.9886637 0.397682
vt 0.9884181 0.4181601
vt 0.9883295 0.3977948
vt 0.9886051 0.4179586
vt 0.9885973 0.4181822
vt 0.985061 0.398604
vt 0.9886059 0.4184043
vt 0.9850813 0.3989264
vt 0.9848002 0.3987193
vt 0.9847532 0.3989941
vt 0.9847864 0.4181595
vt 0.9851161 0.418162
vt 0.9851161 0.418162
vt 0.9848224 0.4373248
vt 0.9851508 0.4373975
vt 0.9848704 0.4375971
vt 0.9851317 0.4377144
vt 0.9884031 0.43852
vt 0.9884543 0.4382083
vt 0.9886417 0.4382331
vt 0.9886637 0.438744
vt 0.1754815 0.9573895
vt 0.1757353 0.9571009
vt 0.17548 0.9570509
vt 0.1757936 0.9573694
vt 0.1665815 0.9570481
vt 0.1754815 0.9618425
vt 0.1757934 0.961827
vt 0.166598 0.9573867
vt 0.1663177 0.957098
vt 0.1662673 0.9573665
vt 0.1662676 0.961824
vt 0.166598 0.9618397
vt 0.1662676 0.971634
vt 0.1754815 0.9716364
vt 0.1757934 0.9716371
vt 0.166598 0.9716336
vt 0.1662676 0.9814441
vt 0.1754815 0.9814302
vt 0.1757934 0.9814471
vt 0.166598 0.9814274
vt 0.1662673 0.9859017
vt 0.1754815 0.9858832
vt 0.1757936 0.9859046
vt 0.1757353 0.9861736
vt 0.17548 0.9862229
vt 0.166598 0.9858804
vt 0.1663177 0.9861706
vt 0.1665815 0.9862201
vt 0.4883826 0.9354116
vt 0.4884019 0.9357496
vt 0.4886709 0.9356969
vt 0.4887216 0.9354278
vt 0.4839448 0.9357485
vt 0.4887199 0.9163071
vt 0.4861561 0.9354122
vt 0.4839296 0.9354129
vt 0.4741352 0.9357516
vt 0.4883826 0.9163163
vt 0.4883826 0.897221
vt 0.4887216 0.8971862
vt 0.4886709 0.8969094
vt 0.4884019 0.8968652
vt 0.4839448 0.8968689
vt 0.4883826 0.9258639
vt 0.4861561 0.9258646
vt 0.4790327 0.9354145
vt 0.4839296 0.9258654
vt 0.4861561 0.916317
vt 0.4790327 0.9258668
vt 0.4839296 0.9163177
vt 0.4741358 0.935416
vt 0.4741358 0.9258684
vt 0.4643256 0.9357547
vt 0.4692388 0.9354176
vt 0.4692388 0.9258699
vt 0.4643419 0.9354191
vt 0.4643419 0.9258715
vt 0.4621154 0.9354198
vt 0.4598686 0.9357586
vt 0.4861561 0.9067694
vt 0.4839296 0.9067701
vt 0.4621154 0.9258722
vt 0.4643419 0.9163238
vt 0.4598889 0.9354205
vt 0.459599 0.9357061
vt 0.4595488 0.935437
vt 0.4621154 0.9163246
vt 0.4643419 0.9067762
vt 0.4598889 0.9258729
vt 0.4598889 0.9163253
vt 0.4595505 0.9163163
vt 0.4621154 0.906777
vt 0.4598889 0.9067776
vt 0.4598889 0.89723
vt 0.4595488 0.8971953
vt 0.459599 0.8969185
vt 0.4598686 0.8968741
vt 0.4621154 0.8972293
vt 0.4643256 0.8968751
vt 0.4643419 0.8972286
vt 0.4692388 0.897227
vt 0.4692388 0.9067747
vt 0.4741352 0.896872
vt 0.4741358 0.8972255
vt 0.4741358 0.9067731
vt 0.4790327 0.897224
vt 0.4790327 0.9067716
vt 0.4839296 0.8972225
vt 0.4861561 0.8972217
vt 0.4883826 0.9067687
vt 0.9892364 0.9452989
vt 0.989521 0.9450833
vt 0.9892554 0.9449808
vt 0.9895707 0.9453525
vt 0.9859483 0.9443757
vt 0.9892364 0.9497716
vt 0.98957 0.9498096
vt 0.9858855 0.9446871
vt 0.9856693 0.9442519
vt 0.9856995 0.9446885
vt 0.9856995 0.9493419
vt 0.9858855 0.9493638
vt 0.9856996 0.9596193
vt 0.9858855 0.9596193
vt 0.9856996 0.9698967
vt 0.9892364 0.9596193
vt 0.98957 0.9596193
vt 0.9858855 0.9698749
vt 0.9856996 0.9745501
vt 0.9892364 0.969467
vt 0.98957 0.969429
vt 0.9858855 0.9745515
vt 0.9856693 0.9749867
vt 0.9859483 0.9748629
vt 0.9892554 0.9742578
vt 0.9892364 0.9739398
vt 0.9895707 0.9738861
vt 0.989521 0.9741554
vt 0.8829013 0.3785574
vt 0.8826219 0.3788479
vt 0.882887 0.3788995
vt 0.8825697 0.3785766
vt 0.8829012 0.3692311
vt 0.8825706 0.3694803
vt 0.8825121 0.3692527
vt 0.887118 0.3788953
vt 0.8873543 0.378556
vt 0.8873399 0.3789581
vt 0.8875628 0.3788951
vt 0.8825706 0.3690323
vt 0.8829011 0.3496931
vt 0.8825706 0.3498858
vt 0.882512 0.3496588
vt 0.906517 0.3788921
vt 0.8825706 0.3494411
vt 0.8873543 0.3692297
vt 0.9064981 0.3785498
vt 0.9067862 0.37884
vt 0.9068372 0.3785685
vt 0.9068353 0.3692343
vt 0.906498 0.3692236
vt 0.9068352 0.3496644
vt 0.9064979 0.3496856
vt 0.9068372 0.3305482
vt 0.8873541 0.3496917
vt 0.8873541 0.3305964
vt 0.9064978 0.3305903
vt 0.9067857 0.3302649
vt 0.9065163 0.3302226
vt 0.8875628 0.3302324
vt 0.8873399 0.330158
vt 0.8871181 0.3302325
vt 0.8828872 0.3302305
vt 0.882901 0.3305978
vt 0.8826219 0.3302723
vt 0.8825693 0.3305553
vt 0.4425585 0.9452617
vt 0.4425717 0.9456038
vt 0.4428362 0.945552
vt 0.4381055 0.9452631
vt 0.4425586 0.9359354
vt 0.4428889 0.9452807
vt 0.442888 0.9361845
vt 0.4383406 0.9456022
vt 0.442946 0.9359567
vt 0.4381182 0.9456652
vt 0.442888 0.9357364
vt 0.437896 0.9456024
vt 0.4428881 0.9165899
vt 0.4425587 0.9163975
vt 0.4429461 0.9163629
vt 0.4428881 0.9161452
vt 0.4428894 0.8972594
vt 0.4189617 0.945269
vt 0.4189416 0.9456113
vt 0.418672 0.9455594
vt 0.4186215 0.9452879
vt 0.4381056 0.9359368
vt 0.4189618 0.9359427
vt 0.4186234 0.9359536
vt 0.4425588 0.8973022
vt 0.4428363 0.8969765
vt 0.4425716 0.8969347
vt 0.4383406 0.8969395
vt 0.4381057 0.8973035
vt 0.4381183 0.8968651
vt 0.437896 0.8969396
vt 0.4189425 0.8969418
vt 0.4381056 0.9163988
vt 0.4189619 0.9164047
vt 0.4186235 0.9163838
vt 0.418962 0.8973095
vt 0.4186724 0.8969842
vt 0.4186215 0.8972675
vt 0.196493 0.8337113
vt 0.1961537 0.8334605
vt 0.1959715 0.8337174
vt 0.196493 0.8285567
vt 0.1961811 0.833978
vt 0.1961537 0.828765
vt 0.1960908 0.8285422
vt 0.1961811 0.8388816
vt 0.1961537 0.8283204
vt 0.196493 0.838866
vt 0.1961811 0.8491746
vt 0.196493 0.808382
vt 0.1961537 0.808425
vt 0.1960135 0.8080944
vt 0.1962623 0.8080686
vt 0.2058906 0.808385
vt 0.2058814 0.8080717
vt 0.2061329 0.8081296
vt 0.2061944 0.8083857
vt 0.2058906 0.8285597
vt 0.2061944 0.8285604
vt 0.2058906 0.8337143
vt 0.2061944 0.833715
vt 0.2058906 0.838869
vt 0.2061944 0.8388696
vt 0.2058907 0.8491783
vt 0.2061944 0.8491789
vt 0.196493 0.8491753
vt 0.1961811 0.8594677
vt 0.2058907 0.8594875
vt 0.2061944 0.8594882
vt 0.196493 0.8594846
vt 0.1961811 0.8643712
vt 0.196493 0.8646392
vt 0.1959715 0.8646311
vt 0.1961537 0.8648888
vt 0.1961537 0.8695842
vt 0.196493 0.8697938
vt 0.1960908 0.8698065
vt 0.1961537 0.8700289
vt 0.1961537 0.8899242
vt 0.2058907 0.8646421
vt 0.2061944 0.8646428
vt 0.2058907 0.8697968
vt 0.2061944 0.8697975
vt 0.2058907 0.8899715
vt 0.2061944 0.8899722
vt 0.2061329 0.8902286
vt 0.2058814 0.8902859
vt 0.196493 0.8899685
vt 0.1960135 0.8902551
vt 0.1962623 0.8902829
vt 0.6848543 0.9870523
vt 0.6845218 0.9870963
vt 0.684497 0.987427
vt 0.6849219 0.9873628
vt 0.6882456 0.9867542
vt 0.684835 0.9674361
vt 0.6845021 0.9672007
vt 0.6845703 0.9669785
vt 0.6882278 0.9864359
vt 0.6885112 0.9866517
vt 0.6885617 0.9863822
vt 0.6885416 0.9674277
vt 0.6882092 0.9676371
vt 0.6884729 0.9672052
vt 0.6848345 0.9669914
vt 0.6882088 0.9671924
vt 0.6848341 0.9665467
vt 0.6845016 0.966756
vt 0.6882083 0.9667477
vt 0.6885412 0.9669831
vt 0.6885392 0.9627519
vt 0.6882043 0.9627157
vt 0.6884864 0.9624872
vt 0.6882194 0.9623995
vt 0.6848941 0.9619995
vt 0.6848298 0.9623105
vt 0.684497 0.9620606
vt 0.6845937 0.9618032
vt 0.9745501 0.2026323
vt 0.9744826 0.2029428
vt 0.9749075 0.203007
vt 0.9748827 0.2026762
vt 0.9749024 0.1827807
vt 0.9711767 0.202016
vt 0.9711589 0.2023342
vt 0.9708933 0.2022317
vt 0.9708428 0.2019622
vt 0.9745696 0.1830161
vt 0.9748341 0.1825585
vt 0.9711953 0.183217
vt 0.9708629 0.1830077
vt 0.9709316 0.1827852
vt 0.9711958 0.1827724
vt 0.97457 0.1825714
vt 0.9711962 0.1823277
vt 0.9708633 0.1825631
vt 0.9745705 0.1821267
vt 0.9749028 0.182336
vt 0.9749075 0.1776406
vt 0.9745746 0.1778905
vt 0.9748108 0.1773832
vt 0.9745104 0.1775795
vt 0.9711851 0.1779795
vt 0.9712002 0.1782958
vt 0.9708652 0.178332
vt 0.9709181 0.1780672
vt 0.6862482 0.8070585
vt 0.6865405 0.8070582
vt 0.686492 0.8068361
vt 0.686492 0.80728
vt 0.686492 0.8027912
vt 0.6862482 0.8122132
vt 0.686492 0.8119908
vt 0.6865405 0.8122128
vt 0.686492 0.8124346
vt 0.6862482 0.8225225
vt 0.686492 0.8223001
vt 0.6865405 0.8225221
vt 0.686492 0.8227439
vt 0.6862482 0.8328317
vt 0.686492 0.8326094
vt 0.6865405 0.8328314
vt 0.686492 0.8330532
vt 0.6862482 0.8379864
vt 0.686492 0.837764
vt 0.6865405 0.837986
vt 0.686492 0.8382078
vt 0.6862482 0.8426971
vt 0.686492 0.8422528
vt 0.6865997 0.8422527
vt 0.6865757 0.8423826
vt 0.6866518 0.8418099
vt 0.6870374 0.8422524
vt 0.6867551 0.8421232
vt 0.6862482 0.8023477
vt 0.6865997 0.802791
vt 0.6865757 0.8026609
vt 0.6866518 0.8032359
vt 0.6870374 0.8027908
vt 0.6867551 0.8029215
f 1/1/1 3/3/3 2/2/2
f 4/4/4 6/6/6 5/5/5
f 7/7/7 9/9/9 8/8/8
f 10/10/10 12/12/12 11/11/11
f 13/13/13 15/15/15 14/14/14
f 13/13/13 16/16/16 15/15/15
f 17/17/17 19/19/19 18/18/18
f 17/17/17 20/20/20 19/19/19
f 17/17/17 21/21/21 20/20/20
f 17/17/17 22/22/22 21/21/21
f 22/22/22 23/23/23 21/21/21
f 22/22/22 24/24/24 23/23/23
f 25/25/25 27/27/27 26/26/26
f 25/25/25 26/26/26 28/28/28
f 29/29/29 25/25/25 28/28/28
f 29/29/29 28/28/28 30/30/30
f 31/31/31 29/29/29 30/30/30
f 31/31/31 30/30/30 32/32/32
f 33/33/33 31/31/31 32/32/32
f 33/33/33 32/32/32 34/34/34
f 35/35/35 33/33/33 34/34/34
f 35/35/35 34/34/34 36/36/36
f 37/37/37 35/35/35 36/36/36
f 37/37/37 36/36/36 38/38/38
f 39/39/39 37/37/37 38/38/38
f 39/39/39 38/38/38 40/40/40
f 41/41/41 39/39/39 40/40/40
f 41/41/41 40/40/40 42/42/42
f 43/43/43 41/41/41 42/42/42
f 43/43/43 42/42/42 44/44/44
f 43/43/43 44/44/44 45/45/45
f 43/43/43 45/45/45 46/46/46
f 47/47/47 49/49/49 48/48/48
f 47/47/47 50/50/50 49/49/49
f 51/51/51 50/50/50 47/47/47
f 51/51/51 47/47/47 52/52/52
f 52/52/52 53/53/53 51/51/51
f 52/52/52 54/54/54 53/53/53
f 55/55/55 53/53/53 54/54/54
f 55/55/55 56/56/56 53/53/53
f 55/55/55 57/57/57 56/56/56
f 55/55/55 58/58/58 57/57/57
f 58/58/58 59/59/59 57/57/57
f 58/58/58 60/60/60 59/59/59
f 61/61/61 60/60/60 58/58/58
f 61/61/61 58/58/58 62/62/62
f 63/63/63 61/61/61 62/62/62
f 63/63/63 62/62/62 64/64/64
f 65/65/65 63/63/63 64/64/64
f 65/65/65 64/64/64 66/66/66
f 66/66/66 67/67/67 65/65/65
f 66/66/66 68/68/68 67/67/67
f 55/55/55 69/69/69 58/58/58
f 66/66/66 70/70/70 68/68/68
f 55/55/55 71/71/71 69/69/69
f 71/71/71 55/55/55 72/72/72
f 71/71/71 73/73/73 69/69/69
f 66/66/66 74/74/74 70/70/70
f 74/74/74 75/75/75 70/70/70
f 76/76/76 66/66/66 73/73/73
f 71/71/71 76/76/76 73/73/73
f 76/76/76 74/74/74 66/66/66
f 71/71/71 72/72/72 77/77/77
f 76/76/76 71/71/71 77/77/77
f 77/77/77 72/72/72 78/78/78
f 74/74/74 79/79/79 75/75/75
f 80/80/80 75/75/75 79/79/79
f 80/80/80 81/81/81 75/75/75
f 82/82/82 81/81/81 80/80/80
f 82/82/82 80/80/80 83/83/83
f 74/74/74 76/76/76 84/84/84
f 76/76/76 77/77/77 84/84/84
f 74/74/74 84/84/84 85/85/85
f 84/84/84 77/77/77 86/86/86
f 77/77/77 78/78/78 86/86/86
f 85/85/85 84/84/84 87/87/87
f 84/84/84 86/86/86 87/87/87
f 85/85/85 87/87/87 88/88/88
f 89/89/89 86/86/86 78/78/78
f 90/90/90 89/89/89 78/78/78
f 90/90/90 78/78/78 91/91/91
f 89/89/89 92/92/92 86/86/86
f 92/92/92 87/87/87 86/86/86
f 92/92/92 93/93/93 87/87/87
f 93/93/93 88/88/88 87/87/87
f 93/93/93 94/94/94 88/88/88
f 95/95/95 88/88/88 94/94/94
f 96/96/96 95/95/95 94/94/94
f 95/95/95 97/97/97 88/88/88
f 96/96/96 94/94/94 98/98/98
f 97/97/97 99/99/99 88/88/88
f 100/100/100 96/96/96 98/98/98
f 97/97/97 100/100/100 99/99/99
f 100/100/100 98/98/98 99/99/99
f 101/101/101 103/103/103 102/102/102
f 101/101/101 104/104/104 103/103/103
f 105/105/105 107/107/107 106/106/106
f 105/105/105 106/106/106 108/108/108
f 108/108/108 109/109/109 105/105/105
f 108/108/108 110/110/110 109/109/109
f 109/109/109 110/110/110 111/111/111
f 109/109/109 111/111/111 112/112/112
f 113/113/113 115/115/115 114/114/114
f 113/113/113 114/114/114 116/116/116
f 117/117/117 113/113/113 116/116/116
f 117/117/117 116/116/116 118/118/118
f 117/117/117 118/118/118 119/119/119
f 117/117/117 119/119/119 120/120/120
f 121/121/121 120/120/120 119/119/119
f 121/121/121 119/119/119 122/122/122
f 123/123/123 121/121/121 122/122/122
f 123/123/123 122/122/122 124/124/124
f 123/123/123 124/124/124 125/125/125
f 123/123/123 125/125/125 126/126/126
f 127/127/127 123/123/123 126/126/126
f 127/127/127 126/126/126 128/128/128
f 129/129/129 127/127/127 128/128/128
f 129/129/129 128/128/128 130/130/130
f 131/131/131 129/129/129 130/130/130
f 131/131/131 130/130/130 132/132/132
f 131/131/131 132/132/132 133/133/133
f 131/131/131 133/133/133 134/134/134
f 135/135/135 131/131/131 134/134/134
f 135/135/135 134/134/134 136/136/136
f 135/135/135 137/137/137 131/131/131
f 135/135/135 136/136/136 138/138/138
f 135/135/135 138/138/138 139/139/139
f 140/140/140 139/139/139 138/138/138
f 140/140/140 138/138/138 141/141/141
f 142/142/142 140/140/140 141/141/141
f 142/142/142 141/141/141 143/143/143
f 135/135/135 144/144/144 137/137/137
f 145/145/145 144/144/144 135/135/135
f 144/144/144 146/146/146 137/137/137
f 145/145/145 147/147/147 144/144/144
f 148/148/148 147/147/147 145/145/145
f 144/144/144 149/149/149 146/146/146
f 147/147/147 149/149/149 144/144/144
f 149/149/149 123/123/123 146/146/146
f 149/149/149 121/121/121 123/123/123
f 150/150/150 121/121/121 149/149/149
f 147/147/147 150/150/150 149/149/149
f 150/150/150 151/151/151 121/121/121
f 152/152/152 150/150/150 147/147/147
f 148/148/148 152/152/152 147/147/147
f 153/153/153 151/151/151 150/150/150
f 152/152/152 153/153/153 150/150/150
f 153/153/153 154/154/154 151/151/151
f 153/153/153 152/152/152 155/155/155
f 153/153/153 155/155/155 156/156/156
f 154/154/154 153/153/153 156/156/156
f 154/154/154 156/156/156 157/157/157
f 158/158/158 154/154/154 157/157/157
f 158/158/158 157/157/157 159/159/159
f 152/152/152 160/160/160 155/155/155
f 152/152/152 148/148/148 160/160/160
f 161/161/161 160/160/160 148/148/148
f 162/162/162 161/161/161 148/148/148
f 161/161/161 163/163/163 160/160/160
f 162/162/162 148/148/148 164/164/164
f 163/163/163 165/165/165 160/160/160
f 166/166/166 162/162/162 164/164/164
f 163/163/163 166/166/166 165/165/165
f 166/166/166 164/164/164 165/165/165
f 167/167/167 169/169/169 168/168/168
f 167/167/167 170/170/170 169/169/169
f 171/171/171 173/173/173 172/172/172
f 171/171/171 172/172/172 174/174/174
f 174/174/174 175/175/175 171/171/171
f 174/174/174 176/176/176 175/175/175
f 175/175/175 176/176/176 177/177/177
f 175/175/175 177/177/177 178/178/178
f 179/179/179 181/181/181 180/180/180
f 179/179/179 182/182/182 181/181/181
f 179/179/179 183/183/183 182/182/182
f 179/179/179 184/184/184 183/183/183
f 184/184/184 185/185/185 183/183/183
f 184/184/184 186/186/186 185/185/185
f 186/186/186 187/187/187 185/185/185
f 186/186/186 188/188/188 187/187/187
f 188/188/188 189/189/189 187/187/187
f 188/188/188 190/190/190 189/189/189
f 190/190/190 191/191/191 189/189/189
f 190/190/190 192/192/192 191/191/191
f 192/192/192 193/193/193 191/191/191
f 192/192/192 194/194/194 193/193/193
f 194/194/194 195/195/195 193/193/193
f 194/194/194 196/196/196 195/195/195
f 196/196/196 197/197/197 195/195/195
f 196/196/196 198/198/198 197/197/197
f 198/198/198 199/199/199 197/197/197
f 198/198/198 200/200/200 199/199/199
f 201/201/201 203/203/203 202/202/202
f 201/201/201 202/202/202 204/204/204
f 205/205/205 201/201/201 204/204/204
f 205/205/205 204/204/204 206/206/206
f 207/207/207 205/205/205 206/206/206
f 207/207/207 206/206/206 208/208/208
f 209/209/209 207/207/207 208/208/208
f 209/209/209 208/208/208 210/210/210
f 211/211/211 209/209/209 210/210/210
f 211/211/211 210/210/210 212/212/212
f 211/211/211 212/212/212 213/213/213
f 211/211/211 213/213/213 214/214/214
f 215/215/215 211/211/211 214/214/214
f 215/215/215 214/214/214 216/216/216
f 217/217/217 219/219/219 218/218/218
f 217/217/217 220/220/220 219/219/219
f 221/221/221 223/223/223 222/222/222
f 221/221/221 224/224/224 223/223/223
f 225/225/225 224/224/224 221/221/221
f 225/225/225 221/221/221 226/226/226
f 226/226/226 227/227/227 225/225/225
f 226/226/226 228/228/228 227/227/227
f 229/229/229 231/231/231 230/230/230
f 229/229/229 232/232/232 231/231/231
f 229/229/229 233/233/233 232/232/232
f 229/229/229 234/234/234 233/233/233
f 234/234/234 235/235/235 233/233/233
f 234/234/234 236/236/236 235/235/235
f 236/236/236 237/237/237 235/235/235
f 236/236/236 238/238/238 237/237/237
f 238/238/238 239/239/239 237/237/237
f 238/238/238 240/240/240 239/239/239
f 240/240/240 241/241/241 239/239/239
f 240/240/240 242/242/242 241/241/241
f 240/240/240 243/243/243 242/242/242
f 240/240/240 244/244/244 243/243/243
f 245/245/245 247/247/247 246/246/246
f 245/245/245 248/248/248 247/247/247
f 249/249/249 251/251/251 250/250/250
f 249/249/249 252/252/252 251/251/251
f 253/253/253 255/255/255 254/254/254
f 253/253/253 256/256/256 255/255/255
f 257/257/257 259/259/259 258/258/258
f 257/257/257 260/260/260 259/259/259
f 261/261/261 263/263/263 262/262/262
f 261/261/261 262/262/262 264/264/264
f 264/264/264 265/265/265 261/261/261
f 264/264/264 266/266/266 265/265/265
f 266/266/266 267/267/267 265/265/265
f 266/266/266 268/268/268 267/267/267
f 268/268/268 269/269/269 267/267/267
f 268/268/268 270/270/270 269/269/269
f 270/270/270 271/271/271 269/269/269
f 270/270/270 272/272/272 271/271/271
f 271/271/271 272/272/272 273/273/273
f 271/271/271 273/273/273 274/274/274
f 269/269/269 271/271/271 275/275/275
f 275/275/275 271/271/271 276/276/276
f 275/275/275 276/276/276 277/277/277
f 275/275/275 277/277/277 278/278/278
f 275/275/275 278/278/278 279/279/279
f 269/269/269 275/275/275 280/280/280
f 267/267/267 269/269/269 280/280/280
f 281/281/281 275/275/275 279/279/279
f 267/267/267 280/280/280 282/282/282
f 281/281/281 279/279/279 283/283/283
f 265/265/265 267/267/267 282/282/282
f 284/284/284 281/281/281 283/283/283
f 265/265/265 282/282/282 285/285/285
f 284/284/284 283/283/283 286/286/286
f 287/287/287 284/284/284 286/286/286
f 287/287/287 286/286/286 288/288/288
f 261/261/261 265/265/265 285/285/285
f 289/289/289 287/287/287 288/288/288
f 261/261/261 285/285/285 289/289/289
f 289/289/289 288/288/288 290/290/290
f 289/289/289 290/290/290 291/291/291
f 289/289/289 291/291/291 292/292/292
f 292/292/292 261/261/261 289/289/289
f 292/292/292 293/293/293 261/261/261
f 294/294/294 296/296/296 295/295/295
f 294/294/294 297/297/297 296/296/296
f 294/294/294 298/298/298 297/297/297
f 294/294/294 299/299/299 298/298/298
f 299/299/299 294/294/294 300/300/300
f 299/299/299 300/300/300 301/301/301
f 299/299/299 302/302/302 298/298/298
f 299/299/299 303/303/303 302/302/302
f 304/304/304 306/306/306 305/305/305
f 304/304/304 305/305/305 307/307/307
f 307/307/307 308/308/308 304/304/304
f 307/307/307 309/309/309 308/308/308
f 308/308/308 309/309/309 310/310/310
f 308/308/308 310/310/310 311/311/311
f 304/304/304 308/308/308 312/312/312
f 304/304/304 312/312/312 313/313/313
f 314/314/314 316/316/316 315/315/315
f 314/314/314 317/317/317 316/316/316
f 318/318/318 317/317/317 314/314/314
f 318/318/318 314/314/314 319/319/319
f 319/319/319 314/314/314 320/320/320
f 319/319/319 320/320/320 321/321/321
f 322/322/322 319/319/319 321/321/321
f 319/319/319 323/323/323 318/318/318
f 322/322/322 324/324/324 319/319/319
f 319/319/319 325/325/325 323/323/323
f 326/326/326 324/324/324 322/322/322
f 327/327/327 323/323/323 325/325/325
f 326/326/326 327/327/327 324/324/324
f 327/327/327 328/328/328 323/323/323
f 329/329/329 328/328/328 327/327/327
f 330/330/330 327/327/327 326/326/326
f 329/329/329 327/327/327 330/330/330
f 330/330/330 326/326/326 331/331/331
f 330/330/330 331/331/331 332/332/332
f 330/330/330 333/333/333 329/329/329
f 330/330/330 332/332/332 334/334/334
f 330/330/330 334/334/334 333/333/333
f 334/334/334 332/332/332 335/335/335
f 336/336/336 333/333/333 334/334/334
f 334/334/334 335/335/335 336/336/336
f 336/336/336 337/337/337 333/333/333
f 338/338/338 337/337/337 336/336/336
f 339/339/339 336/336/336 335/335/335
f 338/338/338 336/336/336 339/339/339
f 339/339/339 335/335/335 340/340/340
f 339/339/339 341/341/341 338/338/338
f 339/339/339 342/342/342 341/341/341
f 339/339/339 343/343/343 342/342/342
f 339/339/339 344/344/344 343/343/343
f 344/344/344 345/345/345 343/343/343
f 344/344/344 346/346/346 345/345/345
f 344/344/344 347/347/347 346/346/346
f 344/344/344 348/348/348 347/347/347
f 348/348/348 349/349/349 347/347/347
f 348/348/348 350/350/350 349/349/349
f 351/351/351 349/349/349 350/350/350
f 351/351/351 352/352/352 349/349/349
f 351/351/351 353/353/353 352/352/352
f 351/351/351 354/354/354 353/353/353
f 354/354/354 355/355/355 353/353/353
f 354/354/354 356/356/356 355/355/355
f 357/357/357 355/355/355 356/356/356
f 357/357/357 358/358/358 355/355/355
f 357/357/357 359/359/359 358/358/358
f 357/357/357 360/360/360 359/359/359
f 360/360/360 361/361/361 359/359/359
f 360/360/360 362/362/362 361/361/361
f 360/360/360 363/363/363 362/362/362
f 360/360/360 364/364/364 363/363/363
f 365/365/365 367/367/367 366/366/366
f 365/365/365 368/368/368 367/367/367
f 365/365/365 369/369/369 368/368/368
f 365/365/365 370/370/370 369/369/369
f 370/370/370 371/371/371 369/369/369
f 370/370/370 372/372/372 371/371/371
f 372/372/372 373/373/373 371/371/371
f 372/372/372 374/374/374 373/373/373
f 374/374/374 375/375/375 373/373/373
f 374/374/374 376/376/376 375/375/375
f 376/376/376 377/377/377 375/375/375
f 376/376/376 378/378/378 377/377/377
f 379/379/379 381/381/381 380/380/380
f 379/379/379 380/380/380 382/382/382
f 383/383/383 379/379/379 382/382/382
f 383/383/383 382/382/382 384/384/384
f 383/383/383 384/384/384 385/385/385
f 383/383/383 385/385/385 386/386/386
f 387/387/387 386/386/386 385/385/385
f 387/387/387 385/385/385 388/388/388
f 379/379/379 383/383/383 389/389/389
f 379/379/379 389/389/389 390/390/390
f 389/389/389 383/383/383 391/391/391
f 389/389/389 391/391/391 392/392/392
f 392/392/392 391/391/391 387/387/387
f 392/392/392 387/387/387 393/393/393
f 387/387/387 394/394/394 393/393/393
f 395/395/395 387/387/387 388/388/388
f 387/387/387 395/395/395 394/394/394
f 395/395/395 388/388/388 396/396/396
f 395/395/395 396/396/396 397/397/397
f 398/398/398 394/394/394 395/395/395
f 395/395/395 397/397/397 398/398/398
f 398/398/398 399/399/399 394/394/394
f 400/400/400 398/398/398 397/397/397
f 400/400/400 399/399/399 398/398/398
f 400/400/400 401/401/401 399/399/399
f 400/400/400 402/402/402 401/401/401
f 400/400/400 397/397/397 403/403/403
f 400/400/400 404/404/404 402/402/402
f 404/404/404 400/400/400 403/403/403
f 404/404/404 403/403/403 405/405/405
f 404/404/404 405/405/405 406/406/406
f 404/404/404 406/406/406 407/407/407
f 407/407/407 408/408/408 404/404/404
f 407/407/407 409/409/409 408/408/408
f 408/408/408 409/409/409 410/410/410
f 408/408/408 410/410/410 411/411/411
f 411/411/411 412/412/412 408/408/408
f 411/411/411 413/413/413 412/412/412
f 412/412/412 413/413/413 414/414/414
f 412/412/412 414/414/414 415/415/415
f 416/416/416 415/415/415 414/414/414
f 416/416/416 414/414/414 417/417/417
f 417/417/417 418/418/418 416/416/416
f 417/417/417 419/419/419 418/418/418
f 418/418/418 419/419/419 420/420/420
f 418/418/418 420/420/420 421/421/421
f 422/422/422 421/421/421 420/420/420
f 422/422/422 420/420/420 423/423/423
f 423/423/423 424/424/424 422/422/422
f 423/423/423 425/425/425 424/424/424
f 424/424/424 425/425/425 426/426/426
f 424/424/424 426/426/426 427/427/427
f 428/428/428 424/424/424 427/427/427
f 428/428/428 427/427/427 429/429/429
f 430/430/430 432/432/432 431/431/431
f 430/430/430 433/433/433 432/432/432
f 430/430/430 434/434/434 433/433/433
f 430/430/430 435/435/435 434/434/434
f 435/435/435 436/436/436 434/434/434
f 435/435/435 437/437/437 436/436/436
f 438/438/438 440/440/440 439/439/439
f 438/438/438 441/441/441 440/440/440
f 442/442/442 441/441/441 438/438/438
f 442/442/442 438/438/438 443/443/443
f 443/443/443 444/444/444 442/442/442
f 443/443/443 445/445/445 444/444/444
f 446/446/446 444/444/444 445/445/445
f 446/446/446 447/447/447 444/444/444
f 448/448/448 447/447/447 446/446/446
f 448/448/448 446/446/446 449/449/449
f 449/449/449 450/450/450 448/448/448
f 449/449/449 451/451/451 450/450/450
f 452/452/452 450/450/450 451/451/451
f 452/452/452 453/453/453 450/450/450
f 454/454/454 453/453/453 452/452/452
f 454/454/454 452/452/452 455/455/455
f 455/455/455 456/456/456 454/454/454
f 455/455/455 457/457/457 456/456/456
f 458/458/458 456/456/456 457/457/457
f 458/458/458 459/459/459 456/456/456
f 460/460/460 459/459/459 458/458/458
f 460/460/460 458/458/458 461/461/461
f 461/461/461 462/462/462 460/460/460
f 461/461/461 463/463/463 462/462/462
f 464/464/464 462/462/462 463/463/463
f 464/464/464 465/465/465 462/462/462
f 466/466/466 465/465/465 464/464/464
f 466/466/466 464/464/464 467/467/467
f 467/467/467 468/468/468 466/466/466
f 467/467/467 469/469/469 468/468/468
f 470/470/470 468/468/468 469/469/469
f 470/470/470 471/471/471 468/468/468
f 472/472/472 471/471/471 470/470/470
f 472/472/472 470/470/470 473/473/473
f 473/473/473 474/474/474 472/472/472
f 473/473/473 475/475/475 474/474/474
f 476/476/476 478/478/478 477/477/477
f 476/476/476 477/477/477 479/479/479
f 480/480/480 476/476/476 479/479/479
f 480/480/480 479/479/479 481/481/481
f 480/480/480 481/481/481 482/482/482
f 480/480/480 482/482/482 483/483/483
f 484/484/484 483/483/483 482/482/482
f 484/484/484 482/482/482 485/485/485
f 486/486/486 484/484/484 485/485/485
f 486/486/486 485/485/485 487/487/487
f 486/486/486 487/487/487 488/488/488
f 486/486/486 488/488/488 489/489/489
f 490/490/490 489/489/489 488/488/488
f 490/490/490 488/488/488 491/491/491
f 492/492/492 490/490/490 491/491/491
f 492/492/492 491/491/491 493/493/493
f 492/492/492 493/493/493 494/494/494
f 492/492/492 494/494/494 495/495/495
f 496/496/496 495/495/495 494/494/494
f 496/496/496 494/494/494 497/497/497
f 498/498/498 496/496/496 497/497/497
f 498/498/498 497/497/497 499/499/499
f 498/498/498 499/499/499 500/500/500
f 498/498/498 500/500/500 501/501/501
f 502/502/502 501/501/501 500/500/500
f 502/502/502 500/500/500 503/503/503
f 504/504/504 502/502/502 503/503/503
f 504/504/504 503/503/503 505/505/505
f 504/504/504 505/505/505 506/506/506
f 504/504/504 506/506/506 507/507/507
f 508/508/508 507/507/507 506/506/506
f 508/508/508 506/506/506 509/509/509
f 510/510/510 508/508/508 509/509/509
f 510/510/510 509/509/509 511/511/511
f 510/510/510 511/511/511 512/512/512
f 510/510/510 512/512/512 513/513/513
f 514/514/514 516/516/516 515/515/515
f 514/514/514 515/515/515 517/517/517
f 517/517/517 518/518/518 514/514/514
f 517/517/517 519/519/519 518/518/518
f 518/518/518 519/519/519 520/520/520
f 518/518/518 520/520/520 521/521/521
f 522/522/522 524/524/524 523/523/523
f 522/522/522 523/523/523 525/525/525
f 525/525/525 526/526/526 522/522/522
f 525/525/525 527/527/527 526/526/526
f 526/526/526 527/527/527 528/528/528
f 526/526/526 528/528/528 529/529/529
f 530/530/530 532/532/532 531/531/531
f 530/530/530 533/533/533 532/532/532
f 534/534/534 533/533/533 530/530/530
f 534/534/534 530/530/530 535/535/535
f 536/536/536 538/538/538 537/537/537
f 536/536/536 537/537/537 539/539/539
f 539/539/539 540/540/540 536/536/536
f 539/539/539 541/541/541 540/540/540
f 542/542/542 544/544/544 543/543/543
f 542/542/542 545/545/545 544/544/544
f 546/546/546 545/545/545 542/542/542
f 546/546/546 542/542/542 547/547/547
f 547/547/547 548/548/548 546/546/546
f 547/547/547 549/549/549 548/548/548
f 550/550/550 552/552/552 551/551/551
f 550/550/550 551/551/551 553/553/553
f 553/553/553 554/554/554 550/550/550
f 553/553/553 555/555/555 554/554/554
f 554/554/554 555/555/555 556/556/556
f 554/554/554 556/556/556 557/557/557
f 558/558/558 560/560/560 559/559/559
f 558/558/558 561/561/561 560/560/560
f 558/558/558 562/562/562 561/561/561
f 558/558/558 563/563/563 562/562/562
f 564/564/564 566/566/566 565/565/565
f 564/564/564 565/565/565 567/567/567
f 568/568/568 564/564/564 567/567/567
f 568/568/568 567/567/567 569/569/569
f 570/570/570 572/572/572 571/571/571
f 570/570/570 573/573/573 572/572/572
f 574/574/574 573/573/573 570/570/570
f 574/574/574 570/570/570 575/575/575
f 575/575/575 576/576/576 574/574/574
f 575/575/575 577/577/577 576/576/576
f 578/578/578 580/580/580 579/579/579
f 578/578/578 579/579/579 581/581/581
f 582/582/582 581/581/581 579/579/579
f 583/583/583 581/581/581 582/582/582
f 583/583/583 582/582/582 584/584/584
f 584/584/584 585/585/585 583/583/583
f 586/586/586 583/583/583 585/585/585
f 586/586/586 585/585/585 587/587/587
f 582/582/582 579/579/579 588/588/588
f 584/584/584 589/589/589 585/585/585
f 582/582/582 590/590/590 584/584/584
f 584/584/584 591/591/591 589/589/589
f 584/584/584 590/590/590 591/591/591
f 589/589/589 591/591/591 592/592/592
f 593/593/593 585/585/585 589/589/589
f 589/589/589 592/592/592 593/593/593
f 590/590/590 594/594/594 591/591/591
f 592/592/592 591/591/591 594/594/594
f 590/590/590 595/595/595 594/594/594
f 592/592/592 594/594/594 596/596/596
f 590/590/590 597/597/597 595/595/595
f 596/596/596 598/598/598 592/592/592
f 593/593/593 592/592/592 598/598/598
f 596/596/596 599/599/599 598/598/598
f 598/598/598 599/599/599 600/600/600
f 590/590/590 601/601/601 597/597/597
f 582/582/582 601/601/601 590/590/590
f 601/601/601 602/602/602 597/597/597
f 601/601/601 603/603/603 602/602/602
f 601/601/601 604/604/604 603/603/603
f 601/601/601 582/582/582 605/605/605
f 601/601/601 605/605/605 604/604/604
f 588/588/588 605/605/605 582/582/582
f 605/605/605 606/606/606 604/604/604
f 593/593/593 598/598/598 607/607/607
f 598/598/598 600/600/600 607/607/607
f 588/588/588 608/608/608 605/605/605
f 605/605/605 608/608/608 606/606/606
f 593/593/593 607/607/607 609/609/609
f 593/593/593 609/609/609 585/585/585
f 610/610/610 585/585/585 609/609/609
f 611/611/611 607/607/607 600/600/600
f 609/609/609 607/607/607 611/611/611
f 609/609/609 611/611/611 610/610/610
f 611/611/611 600/600/600 612/612/612
f 612/612/612 613/613/613 611/611/611
f 610/610/610 611/611/611 613/613/613
f 612/612/612 614/614/614 613/613/613
f 613/613/613 614/614/614 615/615/615
f 613/613/613 615/615/615 616/616/616
f 616/616/616 617/617/617 613/613/613
f 610/610/610 613/613/613 617/617/617
f 616/616/616 618/618/618 617/617/617
f 617/617/617 618/618/618 619/619/619
f 617/617/617 619/619/619 620/620/620
f 620/620/620 621/621/621 617/617/617
f 621/621/621 610/610/610 617/617/617
f 620/620/620 622/622/622 621/621/621
f 621/621/621 622/622/622 623/623/623
f 610/610/610 621/621/621 624/624/624
f 621/621/621 623/623/623 624/624/624
f 610/610/610 624/624/624 625/625/625
f 610/610/610 625/625/625 585/585/585
f 626/626/626 624/624/624 623/623/623
f 625/625/625 624/624/624 626/626/626
f 626/626/626 623/623/623 627/627/627
f 628/628/628 585/585/585 625/625/625
f 625/625/625 626/626/626 628/628/628
f 628/628/628 629/629/629 585/585/585
f 628/628/628 630/630/630 629/629/629
f 627/627/627 631/631/631 626/626/626
f 631/631/631 628/628/628 626/626/626
f 627/627/627 632/632/632 631/631/631
f 631/631/631 632/632/632 633/633/633
f 628/628/628 634/634/634 630/630/630
f 631/631/631 634/634/634 628/628/628
f 634/634/634 635/635/635 630/630/630
f 631/631/631 633/633/633 636/636/636
f 634/634/634 631/631/631 636/636/636
f 634/634/634 637/637/637 635/635/635
f 634/634/634 636/636/636 637/637/637
f 638/638/638 636/636/636 633/633/633
f 637/637/637 636/636/636 638/638/638
f 638/638/638 633/633/633 639/639/639
f 640/640/640 635/635/635 637/637/637
f 637/637/637 638/638/638 640/640/640
f 640/640/640 641/641/641 635/635/635
f 642/642/642 635/635/635 641/641/641
f 639/639/639 643/643/643 638/638/638
f 640/640/640 638/638/638 643/643/643
f 639/639/639 644/644/644 643/643/643
f 643/643/643 644/644/644 645/645/645
f 640/640/640 643/643/643 646/646/646
f 640/640/640 646/646/646 641/641/641
f 643/643/643 645/645/645 646/646/646
f 641/641/641 646/646/646 647/647/647
f 647/647/647 646/646/646 645/645/645
f 641/641/641 647/647/647 642/642/642
f 647/647/647 645/645/645 648/648/648
f 648/648/648 649/649/649 647/647/647
f 649/649/649 642/642/642 647/647/647
f 648/648/648 650/650/650 649/649/649
f 649/649/649 650/650/650 651/651/651
f 642/642/642 649/649/649 652/652/652
f 649/649/649 651/651/651 652/652/652
f 642/642/642 652/652/652 653/653/653
f 642/642/642 653/653/653 635/635/635
f 654/654/654 652/652/652 651/651/651
f 653/653/653 652/652/652 654/654/654
f 654/654/654 651/651/651 655/655/655
f 653/653/653 654/654/654 656/656/656
f 656/656/656 635/635/635 653/653/653
f 655/655/655 657/657/657 654/654/654
f 657/657/657 656/656/656 654/654/654
f 655/655/655 658/658/658 657/657/657
f 657/657/657 658/658/658 659/659/659
f 656/656/656 657/657/657 660/660/660
f 657/657/657 659/659/659 660/660/660
f 656/656/656 660/660/660 661/661/661
f 656/656/656 661/661/661 635/635/635
f 662/662/662 660/660/660 659/659/659
f 661/661/661 660/660/660 662/662/662
f 662/662/662 659/659/659 663/663/663
f 661/661/661 662/662/662 664/664/664
f 664/664/664 635/635/635 661/661/661
f 663/663/663 665/665/665 662/662/662
f 665/665/665 664/664/664 662/662/662
f 663/663/663 666/666/666 665/665/665
f 665/665/665 666/666/666 667/667/667
f 664/664/664 665/665/665 668/668/668
f 665/665/665 667/667/667 668/668/668
f 664/664/664 669/669/669 635/635/635
f 664/664/664 668/668/668 669/669/669
f 670/670/670 668/668/668 667/667/667
f 669/669/669 668/668/668 670/670/670
f 670/670/670 667/667/667 671/671/671
f 672/672/672 635/635/635 669/669/669
f 669/669/669 670/670/670 672/672/672
f 672/672/672 673/673/673 635/635/635
f 674/674/674 673/673/673 672/672/672
f 671/671/671 675/675/675 670/670/670
f 675/675/675 672/672/672 670/670/670
f 671/671/671 676/676/676 675/675/675
f 675/675/675 676/676/676 677/677/677
f 675/675/675 677/677/677 678/678/678
f 674/674/674 672/672/672 679/679/679
f 675/675/675 679/679/679 672/672/672
f 679/679/679 675/675/675 678/678/678
f 679/679/679 680/680/680 674/674/674
f 679/679/679 678/678/678 681/681/681
f 679/679/679 681/681/681 680/680/680
f 682/682/682 684/684/684 683/683/683
f 682/682/682 685/685/685 684/684/684
f 686/686/686 685/685/685 682/682/682
f 686/686/686 682/682/682 687/687/687
f 688/688/688 690/690/690 689/689/689
f 688/688/688 689/689/689 691/691/691
f 692/692/692 691/691/691 689/689/689
f 692/692/692 693/693/693 691/691/691
f 692/692/692 689/689/689 694/694/694
f 695/695/695 694/694/694 689/689/689
f 692/692/692 696/696/696 693/693/693
f 697/697/697 696/696/696 692/692/692
f 696/696/696 698/698/698 693/693/693
f 696/696/696 699/699/699 698/698/698
f 696/696/696 700/700/700 699/699/699
f 701/701/701 692/692/692 694/694/694
f 697/697/697 692/692/692 701/701/701
f 702/702/702 694/694/694 695/695/695
f 701/701/701 694/694/694 702/702/702
f 696/696/696 703/703/703 700/700/700
f 703/703/703 704/704/704 700/700/700
f 697/697/697 701/701/701 705/705/705
f 697/697/697 705/705/705 706/706/706
f 701/701/701 707/707/707 705/705/705
f 701/701/701 702/702/702 707/707/707
f 697/697/697 706/706/706 708/708/708
f 697/697/697 708/708/708 709/709/709
f 710/710/710 707/707/707 702/702/702
f 702/702/702 695/695/695 710/710/710
f 710/710/710 711/711/711 707/707/707
f 712/712/712 711/711/711 710/710/710
f 713/713/713 697/697/697 709/709/709
f 713/713/713 709/709/709 714/714/714
f 713/713/713 714/714/714 715/715/715
f 713/713/713 715/715/715 716/716/716
f 696/696/696 697/697/697 713/713/713
f 712/712/712 710/710/710 717/717/717
f 710/710/710 695/695/695 717/717/717
f 717/717/717 718/718/718 712/712/712
f 719/719/719 713/713/713 716/716/716
f 696/696/696 713/713/713 719/719/719
f 719/719/719 716/716/716 720/720/720
f 719/719/719 720/720/720 721/721/721
f 719/719/719 721/721/721 722/722/722
f 723/723/723 719/719/719 722/722/722
f 696/696/696 719/719/719 723/723/723
f 723/723/723 722/722/722 724/724/724
f 723/723/723 724/724/724 725/725/725
f 723/723/723 725/725/725 726/726/726
f 727/727/727 723/723/723 726/726/726
f 727/727/727 696/696/696 723/723/723
f 727/727/727 726/726/726 728/728/728
f 727/727/727 728/728/728 729/729/729
f 727/727/727 729/729/729 730/730/730
f 731/731/731 696/696/696 727/727/727
f 731/731/731 727/727/727 730/730/730
f 731/731/731 730/730/730 732/732/732
f 731/731/731 703/703/703 696/696/696
f 731/731/731 732/732/732 733/733/733
f 734/734/734 703/703/703 731/731/731
f 731/731/731 733/733/733 734/734/734
f 734/734/734 735/735/735 703/703/703
f 703/703/703 735/735/735 704/704/704
f 736/736/736 734/734/734 733/733/733
f 736/736/736 735/735/735 734/734/734
f 736/736/736 733/733/733 737/737/737
f 738/738/738 704/704/704 735/735/735
f 736/736/736 738/738/738 735/735/735
f 738/738/738 739/739/739 704/704/704
f 740/740/740 704/704/704 739/739/739
f 737/737/737 741/741/741 736/736/736
f 738/738/738 736/736/736 741/741/741
f 737/737/737 742/742/742 741/741/741
f 741/741/741 742/742/742 743/743/743
f 738/738/738 741/741/741 744/744/744
f 738/738/738 744/744/744 739/739/739
f 741/741/741 743/743/743 744/744/744
f 739/739/739 744/744/744 745/745/745
f 745/745/745 744/744/744 743/743/743
f 739/739/739 745/745/745 740/740/740
f 745/745/745 743/743/743 746/746/746
f 746/746/746 747/747/747 745/745/745
f 747/747/747 740/740/740 745/745/745
f 746/746/746 748/748/748 747/747/747
f 747/747/747 748/748/748 749/749/749
f 740/740/740 747/747/747 750/750/750
f 747/747/747 749/749/749 750/750/750
f 740/740/740 750/750/750 751/751/751
f 740/740/740 751/751/751 704/704/704
f 752/752/752 750/750/750 749/749/749
f 751/751/751 750/750/750 752/752/752
f 752/752/752 749/749/749 753/753/753
f 751/751/751 752/752/752 754/754/754
f 754/754/754 704/704/704 751/751/751
f 755/755/755 752/752/752 753/753/753
f 754/754/754 752/752/752 755/755/755
f 755/755/755 753/753/753 756/756/756
f 755/755/755 756/756/756 757/757/757
f 754/754/754 755/755/755 758/758/758
f 755/755/755 757/757/757 758/758/758
f 754/754/754 758/758/758 759/759/759
f 754/754/754 759/759/759 704/704/704
f 760/760/760 758/758/758 757/757/757
f 759/759/759 758/758/758 760/760/760
f 760/760/760 757/757/757 761/761/761
f 759/759/759 760/760/760 762/762/762
f 762/762/762 704/704/704 759/759/759
f 763/763/763 760/760/760 761/761/761
f 763/763/763 762/762/762 760/760/760
f 763/763/763 761/761/761 764/764/764
f 763/763/763 764/764/764 765/765/765
f 762/762/762 763/763/763 766/766/766
f 763/763/763 765/765/765 766/766/766
f 762/762/762 767/767/767 704/704/704
f 762/762/762 766/766/766 767/767/767
f 768/768/768 766/766/766 765/765/765
f 767/767/767 766/766/766 768/768/768
f 768/768/768 765/765/765 769/769/769
f 770/770/770 704/704/704 767/767/767
f 767/767/767 768/768/768 770/770/770
f 770/770/770 771/771/771 704/704/704
f 770/770/770 772/772/772 771/771/771
f 773/773/773 768/768/768 769/769/769
f 773/773/773 770/770/770 768/768/768
f 773/773/773 769/769/769 774/774/774
f 773/773/773 774/774/774 775/775/775
f 773/773/773 775/775/775 776/776/776
f 770/770/770 777/777/777 772/772/772
f 773/773/773 777/777/777 770/770/770
f 777/777/777 773/773/773 776/776/776
f 777/777/777 778/778/778 772/772/772
f 777/777/777 776/776/776 779/779/779
f 777/777/777 779/779/779 778/778/778
f 780/780/780 782/782/782 781/781/781
f 780/780/780 783/783/783 782/782/782
f 780/780/780 784/784/784 783/783/783
f 780/780/780 785/785/785 784/784/784
f 785/785/785 786/786/786 784/784/784
f 785/785/785 787/787/787 786/786/786
f 788/788/788 786/786/786 787/787/787
f 788/788/788 789/789/789 786/786/786
f 790/790/790 789/789/789 788/788/788
f 790/790/790 788/788/788 791/791/791
f 791/791/791 792/792/792 790/790/790
f 791/791/791 793/793/793 792/792/792
f 794/794/794 792/792/792 793/793/793
f 794/794/794 795/795/795 792/792/792
f 796/796/796 795/795/795 794/794/794
f 796/796/796 794/794/794 797/797/797
f 797/797/797 798/798/798 796/796/796
f 797/797/797 799/799/799 798/798/798
f 800/800/800 802/802/802 801/801/801
f 800/800/800 801/801/801 803/803/803
f 804/804/804 800/800/800 803/803/803
f 804/804/804 803/803/803 805/805/805
f 804/804/804 805/805/805 806/806/806
f 804/804/804 806/806/806 807/807/807
f 808/808/808 807/807/807 806/806/806
f 808/808/808 806/806/806 809/809/809
f 810/810/810 808/808/808 809/809/809
f 810/810/810 809/809/809 811/811/811
f 810/810/810 811/811/811 812/812/812
f 810/810/810 812/812/812 813/813/813
f 814/814/814 813/813/813 812/812/812
f 814/814/814 812/812/812 815/815/815
f 816/816/816 814/814/814 815/815/815
f 816/816/816 815/815/815 817/817/817
f 816/816/816 817/817/817 818/818/818
f 816/816/816 818/818/818 819/819/819
f 820/820/820 819/819/819 818/818/818
f 820/820/820 818/818/818 821/821/821
f 822/822/822 820/820/820 821/821/821
f 822/822/822 821/821/821 823/823/823
f 822/822/822 823/823/823 824/824/824
f 822/822/822 824/824/824 825/825/825
f 826/826/826 825/825/825 824/824/824
f 826/826/826 824/824/824 827/827/827
f 827/827/827 828/828/828 826/826/826
f 827/827/827 829/829/829 828/828/828
f 828/828/828 829/829/829 830/830/830
f 828/828/828 830/830/830 831/831/831
f 832/832/832 831/831/831 830/830/830
f 832/832/832 830/830/830 833/833/833
f 833/833/833 834/834/834 832/832/832
f 833/833/833 835/835/835 834/834/834
f 834/834/834 835/835/835 836/836/836
f 834/834/834 836/836/836 837/837/837
f 838/838/838 837/837/837 836/836/836
f 838/838/838 836/836/836 839/839/839
f 840/840/840 838/838/838 839/839/839
f 840/840/840 839/839/839 841/841/841
f 842/842/842 844/844/844 843/843/843
f 842/842/842 843/843/843 845/845/845
f 846/846/846 842/842/842 845/845/845
f 846/846/846 845/845/845 847/847/847
f 846/846/846 847/847/847 848/848/848
f 846/846/846 848/848/848 849/849/849
f 850/850/850 849/849/849 848/848/848
f 850/850/850 848/848/848 851/851/851
f 851/851/851 852/852/852 850/850/850
f 851/851/851 853/853/853 852/852/852
f 852/852/852 853/853/853 854/854/854
f 852/852/852 854/854/854 855/855/855
f 856/856/856 855/855/855 854/854/854
f 856/856/856 854/854/854 857/857/857
f 857/857/857 858/858/858 856/856/856
f 857/857/857 859/859/859 858/858/858
f 858/858/858 859/859/859 860/860/860
f 858/858/858 860/860/860 861/861/861
f 862/862/862 864/864/864 863/863/863
f 862/862/862 865/865/865 864/864/864
f 862/862/862 866/866/866 865/865/865
f 862/862/862 867/867/867 866/866/866
f 867/867/867 868/868/868 866/866/866
f 867/867/867 869/869/869 868/868/868
f 870/870/870 868/868/868 869/869/869
f 870/870/870 871/871/871 868/868/868
f 870/870/870 872/872/872 871/871/871
f 870/870/870 873/873/873 872/872/872
f 873/873/873 874/874/874 872/872/872
f 873/873/873 875/875/875 874/874/874
f 876/876/876 874/874/874 875/875/875
f 876/876/876 877/877/877 874/874/874
f 876/876/876 878/878/878 877/877/877
f 876/876/876 879/879/879 878/878/878
f 879/879/879 880/880/880 878/878/878
f 879/879/879 881/881/881 880/880/880
f 882/882/882 880/880/880 881/881/881
f 882/882/882 883/883/883 880/880/880
f 882/882/882 884/884/884 883/883/883
f 882/882/882 885/885/885 884/884/884
f 885/885/885 886/886/886 884/884/884
f 885/885/885 887/887/887 886/886/886
f 888/888/888 886/886/886 887/887/887
f 888/888/888 889/889/889 886/886/886
f 888/888/888 890/890/890 889/889/889
f 888/888/888 891/891/891 890/890/890
f 891/891/891 892/892/892 890/890/890
f 891/891/891 893/893/893 892/892/892
f 894/894/894 892/892/892 893/893/893
f 894/894/894 895/895/895 892/892/892
f 894/894/894 896/896/896 895/895/895
f 894/894/894 897/897/897 896/896/896
f 897/897/897 898/898/898 896/896/896
f 897/897/897 899/899/899 898/898/898
f 900/900/900 898/898/898 899/899/899
f 900/900/900 901/901/901 898/898/898
f 900/900/900 902/902/902 901/901/901
f 900/900/900 903/903/903 902/902/902
f 904/904/904 906/906/906 905/905/905
f 904/904/904 907/907/907 906/906/906
f 908/908/908 906/906/906 907/907/907
f 908/908/908 909/909/909 906/906/906
f 908/908/908 910/910/910 909/909/909
f 908/908/908 911/911/911 910/910/910
f 911/911/911 912/912/912 910/910/910
f 911/911/911 913/913/913 912/912/912
f 914/914/914 912/912/912 913/913/913
f 914/914/914 915/915/915 912/912/912
f 914/914/914 916/916/916 915/915/915
f 914/914/914 917/917/917 916/916/916
f 918/918/918 920/920/920 919/919/919
f 918/918/918 919/919/919 921/921/921
f 922/922/922 921/921/921 919/919/919
f 922/922/922 919/919/919 923/923/923
f 924/924/924 922/922/922 923/923/923
f 924/924/924 923/923/923 925/925/925
f 924/924/924 925/925/925 926/926/926
f 924/924/924 926/926/926 927/927/927
f 928/928/928 927/927/927 926/926/926
f 928/928/928 926/926/926 929/929/929
f 930/930/930 928/928/928 929/929/929
f 930/930/930 929/929/929 931/931/931
f 932/932/932 934/934/934 933/933/933
f 932/932/932 935/935/935 934/934/934
f 936/936/936 935/935/935 932/932/932
f 936/936/936 932/932/932 937/937/937
f 937/937/937 938/938/938 936/936/936
f 937/937/937 939/939/939 938/938/938
f 940/940/940 938/938/938 939/939/939
f 940/940/940 941/941/941 938/938/938
f 942/942/942 941/941/941 940/940/940
f 942/942/942 940/940/940 943/943/943
f 943/943/943 944/944/944 942/942/942
f 943/943/943 945/945/945 944/944/944
f 946/946/946 944/944/944 945/945/945
f 946/946/946 947/947/947 944/944/944
f 948/948/948 947/947/947 946/946/946
f 948/948/948 946/946/946 949/949/949
f 949/949/949 950/950/950 948/948/948
f 949/949/949 951/951/951 950/950/950
f 952/952/952 950/950/950 951/951/951
f 952/952/952 953/953/953 950/950/950
f 954/954/954 953/953/953 952/952/952
f 954/954/954 952/952/952 955/955/955
f 955/955/955 956/956/956 954/954/954
f 955/955/955 957/957/957 956/956/956
f 958/958/958 956/956/956 957/957/957
f 958/958/958 959/959/959 956/956/956
f 958/958/958 960/960/960 959/959/959
f 958/958/958 961/961/961 960/960/960
f 961/961/961 962/962/962 960/960/960
f 961/961/961 963/963/963 962/962/962
f 964/964/964 962/962/962 963/963/963
f 964/964/964 965/965/965 962/962/962
f 964/964/964 966/966/966 965/965/965
f 964/964/964 967/967/967 966/966/966
f 967/967/967 968/968/968 966/966/966
f 967/967/967 969/969/969 968/968/968
f 970/970/970 968/968/968 969/969/969
f 970/970/970 971/971/971 968/968/968
f 972/972/972 971/971/971 970/970/970
f 972/972/972 970/970/970 973/973/973
f 974/974/974 976/976/976 975/975/975
f 974/974/974 975/975/975 977/977/977
f 977/977/977 978/978/978 974/974/974
f 977/977/977 979/979/979 978/978/978
f 978/978/978 979/979/979 980/980/980
f 978/978/978 980/980/980 981/981/981
f 982/982/982 981/981/981 980/980/980
f 982/982/982 980/980/980 983/983/983
f 983/983/983 984/984/984 982/982/982
f 983/983/983 985/985/985 984/984/984
f 984/984/984 985/985/985 986/986/986
f 984/984/984 986/986/986 987/987/987
f 988/988/988 987/987/987 986/986/986
f 988/988/988 986/986/986 989/989/989
f 989/989/989 990/990/990 988/988/988
f 989/989/989 991/991/991 990/990/990
f 990/990/990 991/991/991 992/992/992
f 990/990/990 992/992/992 993/993/993
f 994/994/994 993/993/993 992/992/992
f 994/994/994 992/992/992 995/995/995
f 995/995/995 996/996/996 994/994/994
f 995/995/995 997/997/997 996/996/996
f 996/996/996 997/997/997 998/998/998
f 996/996/996 998/998/998 999/999/999
f 1000/1000/1000 999/999/999 998/998/998
f 1000/1000/1000 998/998/998 1001/1001/1001
f 1002/1002/1002 1000/1000/1000 1001/1001/1001
f 1002/1002/1002 1001/1001/1001 1003/1003/1003
f 1002/1002/1002 1003/1003/1003 1004/1004/1004
f 1002/1002/1002 1004/1004/1004 1005/1005/1005
f 1006/1006/1006 1005/1005/1005 1004/1004/1004
f 1006/1006/1006 1004/1004/1004 1007/1007/1007
f 1008/1008/1008 1006/1006/1006 1007/1007/1007
f 1008/1008/1008 1007/1007/1007 1009/1009/1009
f 1008/1008/1008 1009/1009/1009 1010/1010/1010
f 1008/1008/1008 1010/1010/1010 1011/1011/1011
f 1012/1012/1012 1011/1011/1011 1010/1010/1010
f 1012/1012/1012 1010/1010/1010 1013/1013/1013
f 1013/1013/1013 1014/1014/1014 1012/1012/1012
f 1013/1013/1013 1015/1015/1015 1014/1014/1014
f 1016/1016/1016 1018/1018/1018 1017/1017/1017
f 1016/1016/1016 1019/1019/1019 1018/1018/1018
f 1020/1020/1020 1018/1018/1018 1019/1019/1019
f 1020/1020/1020 1021/1021/1021 1018/1018/1018
f 1022/1022/1022 1021/1021/1021 1020/1020/1020
f 1022/1022/1022 1020/1020/1020 1023/1023/1023
f 1023/1023/1023 1024/1024/1024 1022/1022/1022
f 1023/1023/1023 1025/1025/1025 1024/1024/1024
f 1026/1026/1026 1024/1024/1024 1025/1025/1025
f 1026/1026/1026 1027/1027/1027 1024/1024/1024
f 1028/1028/1028 1027/1027/1027 1026/1026/1026
f 1028/1028/1028 1026/1026/1026 1029/1029/1029
f 1030/1030/1030 1032/1032/1032 1031/1031/1031
f 1030/1030/1030 1031/1031/1031 1033/1033/1033
f 1034/1034/1034 1033/1033/1033 1031/1031/1031
f 1034/1034/1034 1031/1031/1031 1035/1035/1035
f 1035/1035/1035 1036/1036/1036 1034/1034/1034
f 1035/1035/1035 1037/1037/1037 1036/1036/1036
f 1036/1036/1036 1037/1037/1037 1038/1038/1038
f 1036/1036/1036 1038/1038/1038 1039/1039/1039
f 1040/1040/1040 1039/1039/1039 1038/1038/1038
f 1040/1040/1040 1038/1038/1038 1041/1041/1041
f 1041/1041/1041 1042/1042/1042 1040/1040/1040
f 1041/1041/1041 1043/1043/1043 1042/1042/1042
f 1044/1044/1044 1046/1046/1046 1045/1045/1045
f 1044/1044/1044 1047/1047/1047 1046/1046/1046
f 1047/1047/1047 1044/1044/1044 1048/1048/1048
f 1047/1047/1047 1048/1048/1048 1049/1049/1049
f 1049/1049/1049 1048/1048/1048 1050/1050/1050
f 1049/1049/1049 1050/1050/1050 1051/1051/1051
f 1051/1051/1051 1050/1050/1050 1052/1052/1052
f 1051/1051/1051 1052/1052/1052 1053/1053/1053
f 1053/1053/1053 1052/1052/1052 1054/1054/1054
f 1053/1053/1053 1054/1054/1054 1055/1055/1055
f 1055/1055/1055 1054/1054/1054 1056/1056/1056
f 1055/1055/1055 1056/1056/1056 1057/1057/1057
f 1057/1057/1057 1056/1056/1056 1058/1058/1058
f 1057/1057/1057 1058/1058/1058 1059/1059/1059
f 1059/1059/1059 1058/1058/1058 1060/1060/1060
f 1059/1059/1059 1060/1060/1060 1061/1061/1061
f 1061/1061/1061 1060/1060/1060 1062/1062/1062
f 1061/1061/1061 1062/1062/1062 1063/1063/1063
f 1063/1063/1063 1062/1062/1062 1064/1064/1064
f 1063/1063/1063 1064/1064/1064 1065/1065/1065
f 1066/1066/1066 1068/1068/1068 1067/1067/1067
f 1066/1066/1066 1069/1069/1069 1068/1068/1068
f 1070/1070/1070 1072/1072/1072 1071/1071/1071
f 1070/1070/1070 1071/1071/1071 1073/1073/1073
f 1073/1073/1073 1071/1071/1071 1074/1074/1074
f 1073/1073/1073 1075/1075/1075 1070/1070/1070
f 1073/1073/1073 1074/1074/1074 1076/1076/1076
f 1076/1076/1076 1074/1074/1074 1077/1077/1077
f 1076/1076/1076 1077/1077/1077 1078/1078/1078
f 1078/1078/1078 1077/1077/1077 1079/1079/1079
f 1078/1078/1078 1079/1079/1079 1080/1080/1080
f 1080/1080/1080 1079/1079/1079 1081/1081/1081
f 1080/1080/1080 1081/1081/1081 1082/1082/1082
f 1082/1082/1082 1081/1081/1081 1083/1083/1083
f 1082/1082/1082 1083/1083/1083 1084/1084/1084
f 1084/1084/1084 1083/1083/1083 1085/1085/1085
f 1084/1084/1084 1085/1085/1085 1086/1086/1086
f 1086/1086/1086 1085/1085/1085 1087/1087/1087
f 1086/1086/1086 1087/1087/1087 1088/1088/1088
f 1088/1088/1088 1087/1087/1087 1089/1089/1089
f 1088/1088/1088 1089/1089/1089 1090/1090/1090
f 1091/1091/1091 1090/1090/1090 1089/1089/1089
f 1091/1091/1091 1092/1092/1092 1090/1090/1090
f 1090/1090/1090 1092/1092/1092 1093/1093/1093
f 1088/1088/1088 1090/1090/1090 1094/1094/1094
f 1090/1090/1090 1093/1093/1093 1094/1094/1094
f 1086/1086/1086 1088/1088/1088 1095/1095/1095
f 1088/1088/1088 1094/1094/1094 1095/1095/1095
f 1096/1096/1096 1094/1094/1094 1093/1093/1093
f 1095/1095/1095 1094/1094/1094 1096/1096/1096
f 1096/1096/1096 1093/1093/1093 1097/1097/1097
f 1084/1084/1084 1086/1086/1086 1098/1098/1098
f 1086/1086/1086 1095/1095/1095 1098/1098/1098
f 1097/1097/1097 1099/1099/1099 1096/1096/1096
f 1097/1097/1097 1100/1100/1100 1099/1099/1099
f 1095/1095/1095 1096/1096/1096 1101/1101/1101
f 1098/1098/1098 1095/1095/1095 1101/1101/1101
f 1084/1084/1084 1098/1098/1098 1102/1102/1102
f 1082/1082/1082 1084/1084/1084 1102/1102/1102
f 1100/1100/1100 1103/1103/1103 1099/1099/1099
f 1100/1100/1100 1104/1104/1104 1103/1103/1103
f 1105/1105/1105 1096/1096/1096 1099/1099/1099
f 1105/1105/1105 1101/1101/1101 1096/1096/1096
f 1098/1098/1098 1101/1101/1101 1106/1106/1106
f 1102/1102/1102 1098/1098/1098 1106/1106/1106
f 1082/1082/1082 1102/1102/1102 1107/1107/1107
f 1080/1080/1080 1082/1082/1082 1107/1107/1107
f 1104/1104/1104 1108/1108/1108 1103/1103/1103
f 1104/1104/1104 1109/1109/1109 1108/1108/1108
f 1110/1110/1110 1099/1099/1099 1103/1103/1103
f 1110/1110/1110 1105/1105/1105 1099/1099/1099
f 1111/1111/1111 1101/1101/1101 1105/1105/1105
f 1111/1111/1111 1106/1106/1106 1101/1101/1101
f 1102/1102/1102 1106/1106/1106 1112/1112/1112
f 1107/1107/1107 1102/1102/1102 1112/1112/1112
f 1080/1080/1080 1107/1107/1107 1113/1113/1113
f 1078/1078/1078 1080/1080/1080 1113/1113/1113
f 1109/1109/1109 1114/1114/1114 1108/1108/1108
f 1109/1109/1109 1115/1115/1115 1114/1114/1114
f 1114/1114/1114 1115/1115/1115 1116/1116/1116
f 1114/1114/1114 1116/1116/1116 1117/1117/1117
f 1117/1117/1117 1118/1118/1118 1114/1114/1114
f 1118/1118/1118 1108/1108/1108 1114/1114/1114
f 1117/1117/1117 1119/1119/1119 1118/1118/1118
f 1118/1118/1118 1120/1120/1120 1108/1108/1108
f 1120/1120/1120 1103/1103/1103 1108/1108/1108
f 1120/1120/1120 1110/1110/1110 1103/1103/1103
f 1119/1119/1119 1121/1121/1121 1118/1118/1118
f 1121/1121/1121 1120/1120/1120 1118/1118/1118
f 1119/1119/1119 1122/1122/1122 1121/1121/1121
f 1123/1123/1123 1110/1110/1110 1120/1120/1120
f 1121/1121/1121 1123/1123/1123 1120/1120/1120
f 1122/1122/1122 1124/1124/1124 1121/1121/1121
f 1124/1124/1124 1123/1123/1123 1121/1121/1121
f 1122/1122/1122 1125/1125/1125 1124/1124/1124
f 1123/1123/1123 1126/1126/1126 1110/1110/1110
f 1126/1126/1126 1105/1105/1105 1110/1110/1110
f 1126/1126/1126 1111/1111/1111 1105/1105/1105
f 1125/1125/1125 1127/1127/1127 1124/1124/1124
f 1125/1125/1125 1128/1128/1128 1127/1127/1127
f 1124/1124/1124 1129/1129/1129 1123/1123/1123
f 1129/1129/1129 1126/1126/1126 1123/1123/1123
f 1127/1127/1127 1129/1129/1129 1124/1124/1124
f 1130/1130/1130 1111/1111/1111 1126/1126/1126
f 1129/1129/1129 1130/1130/1130 1126/1126/1126
f 1128/1128/1128 1131/1131/1131 1127/1127/1127
f 1128/1128/1128 1132/1132/1132 1131/1131/1131
f 1127/1127/1127 1133/1133/1133 1129/1129/1129
f 1133/1133/1133 1130/1130/1130 1129/1129/1129
f 1131/1131/1131 1133/1133/1133 1127/1127/1127
f 1130/1130/1130 1134/1134/1134 1111/1111/1111
f 1134/1134/1134 1106/1106/1106 1111/1111/1111
f 1134/1134/1134 1112/1112/1112 1106/1106/1106
f 1132/1132/1132 1135/1135/1135 1131/1131/1131
f 1132/1132/1132 1136/1136/1136 1135/1135/1135
f 1133/1133/1133 1137/1137/1137 1130/1130/1130
f 1137/1137/1137 1134/1134/1134 1130/1130/1130
f 1131/1131/1131 1138/1138/1138 1133/1133/1133
f 1135/1135/1135 1138/1138/1138 1131/1131/1131
f 1138/1138/1138 1137/1137/1137 1133/1133/1133
f 1139/1139/1139 1112/1112/1112 1134/1134/1134
f 1137/1137/1137 1139/1139/1139 1134/1134/1134
f 1136/1136/1136 1140/1140/1140 1135/1135/1135
f 1136/1136/1136 1141/1141/1141 1140/1140/1140
f 1138/1138/1138 1142/1142/1142 1137/1137/1137
f 1142/1142/1142 1139/1139/1139 1137/1137/1137
f 1135/1135/1135 1143/1143/1143 1138/1138/1138
f 1140/1140/1140 1143/1143/1143 1135/1135/1135
f 1143/1143/1143 1142/1142/1142 1138/1138/1138
f 1139/1139/1139 1144/1144/1144 1112/1112/1112
f 1107/1107/1107 1112/1112/1112 1144/1144/1144
f 1113/1113/1113 1107/1107/1107 1144/1144/1144
f 1141/1141/1141 1145/1145/1145 1140/1140/1140
f 1141/1141/1141 1146/1146/1146 1145/1145/1145
f 1145/1145/1145 1146/1146/1146 1147/1147/1147
f 1145/1145/1145 1147/1147/1147 1148/1148/1148
f 1140/1140/1140 1149/1149/1149 1143/1143/1143
f 1145/1145/1145 1149/1149/1149 1140/1140/1140
f 1148/1148/1148 1150/1150/1150 1145/1145/1145
f 1145/1145/1145 1150/1150/1150 1149/1149/1149
f 1148/1148/1148 1151/1151/1151 1150/1150/1150
f 1142/1142/1142 1152/1152/1152 1139/1139/1139
f 1152/1152/1152 1144/1144/1144 1139/1139/1139
f 1143/1143/1143 1153/1153/1153 1142/1142/1142
f 1149/1149/1149 1153/1153/1153 1143/1143/1143
f 1153/1153/1153 1152/1152/1152 1142/1142/1142
f 1151/1151/1151 1154/1154/1154 1150/1150/1150
f 1151/1151/1151 1155/1155/1155 1154/1154/1154
f 1150/1150/1150 1156/1156/1156 1149/1149/1149
f 1149/1149/1149 1156/1156/1156 1153/1153/1153
f 1150/1150/1150 1154/1154/1154 1156/1156/1156
f 1152/1152/1152 1157/1157/1157 1144/1144/1144
f 1113/1113/1113 1144/1144/1144 1157/1157/1157
f 1153/1153/1153 1158/1158/1158 1152/1152/1152
f 1156/1156/1156 1158/1158/1158 1153/1153/1153
f 1158/1158/1158 1157/1157/1157 1152/1152/1152
f 1155/1155/1155 1159/1159/1159 1154/1154/1154
f 1155/1155/1155 1160/1160/1160 1159/1159/1159
f 1154/1154/1154 1161/1161/1161 1156/1156/1156
f 1156/1156/1156 1161/1161/1161 1158/1158/1158
f 1154/1154/1154 1159/1159/1159 1161/1161/1161
f 1162/1162/1162 1113/1113/1113 1157/1157/1157
f 1078/1078/1078 1113/1113/1113 1162/1162/1162
f 1076/1076/1076 1078/1078/1078 1162/1162/1162
f 1158/1158/1158 1163/1163/1163 1157/1157/1157
f 1161/1161/1161 1163/1163/1163 1158/1158/1158
f 1162/1162/1162 1157/1157/1157 1163/1163/1163
f 1076/1076/1076 1162/1162/1162 1164/1164/1164
f 1164/1164/1164 1162/1162/1162 1163/1163/1163
f 1073/1073/1073 1076/1076/1076 1164/1164/1164
f 1161/1161/1161 1165/1165/1165 1163/1163/1163
f 1159/1159/1159 1165/1165/1165 1161/1161/1161
f 1164/1164/1164 1163/1163/1163 1165/1165/1165
f 1160/1160/1160 1166/1166/1166 1159/1159/1159
f 1159/1159/1159 1166/1166/1166 1165/1165/1165
f 1160/1160/1160 1167/1167/1167 1166/1166/1166
f 1166/1166/1166 1167/1167/1167 1075/1075/1075
f 1073/1073/1073 1168/1168/1168 1075/1075/1075
f 1073/1073/1073 1164/1164/1164 1168/1168/1168
f 1168/1168/1168 1164/1164/1164 1165/1165/1165
f 1166/1166/1166 1075/1075/1075 1168/1168/1168
f 1168/1168/1168 1165/1165/1165 1166/1166/1166
f 1169/1169/1169 1171/1171/1171 1170/1170/1170
f 1169/1169/1169 1172/1172/1172 1171/1171/1171
f 1173/1173/1173 1175/1175/1175 1174/1174/1174
f 1173/1173/1173 1176/1176/1176 1175/1175/1175
f 1176/1176/1176 1177/1177/1177 1175/1175/1175
f 1176/1176/1176 1178/1178/1178 1177/1177/1177
f 1179/1179/1179 1178/1178/1178 1176/1176/1176
f 1179/1179/1179 1176/1176/1176 1180/1180/1180
f 1180/1180/1180 1181/1181/1181 1179/1179/1179
f 1180/1180/1180 1182/1182/1182 1181/1181/1181
f 1180/1180/1180 1183/1183/1183 1182/1182/1182
f 1180/1180/1180 1184/1184/1184 1183/1183/1183
f 1185/1185/1185 1187/1187/1187 1186/1186/1186
f 1185/1185/1185 1188/1188/1188 1187/1187/1187
f 1188/1188/1188 1189/1189/1189 1187/1187/1187
f 1188/1188/1188 1190/1190/1190 1189/1189/1189
f 1191/1191/1191 1190/1190/1190 1188/1188/1188
f 1185/1185/1185 1192/1192/1192 1188/1188/1188
f 1191/1191/1191 1188/1188/1188 1193/1193/1193
f 1185/1185/1185 1194/1194/1194 1192/1192/1192
f 1195/1195/1195 1191/1191/1191 1193/1193/1193
f 1194/1194/1194 1196/1196/1196 1192/1192/1192
f 1195/1195/1195 1193/1193/1193 1197/1197/1197
f 1194/1194/1194 1198/1198/1198 1196/1196/1196
f 1199/1199/1199 1195/1195/1195 1197/1197/1197
f 1198/1198/1198 1200/1200/1200 1196/1196/1196
f 1199/1199/1199 1197/1197/1197 1201/1201/1201
f 1198/1198/1198 1202/1202/1202 1200/1200/1200
f 1203/1203/1203 1199/1199/1199 1201/1201/1201
f 1202/1202/1202 1204/1204/1204 1200/1200/1200
f 1203/1203/1203 1201/1201/1201 1204/1204/1204
f 1202/1202/1202 1205/1205/1205 1204/1204/1204
f 1204/1204/1204 1206/1206/1206 1203/1203/1203
f 1207/1207/1207 1204/1204/1204 1205/1205/1205
f 1204/1204/1204 1208/1208/1208 1206/1206/1206
f 1207/1207/1207 1208/1208/1208 1204/1204/1204
f 1209/1209/1209 1211/1211/1211 1210/1210/1210
f 1209/1209/1209 1212/1212/1212 1211/1211/1211
f 1211/1211/1211 1212/1212/1212 1213/1213/1213
f 1211/1211/1211 1213/1213/1213 1214/1214/1214
f 1215/1215/1215 1211/1211/1211 1214/1214/1214
f 1215/1215/1215 1214/1214/1214 1216/1216/1216
f 1215/1215/1215 1216/1216/1216 1217/1217/1217
f 1215/1215/1215 1217/1217/1217 1218/1218/1218
f 1218/1218/1218 1219/1219/1219 1215/1215/1215
f 1218/1218/1218 1220/1220/1220 1219/1219/1219
f 1221/1221/1221 1223/1223/1223 1222/1222/1222
f 1221/1221/1221 1222/1222/1222 1224/1224/1224
f 1224/1224/1224 1225/1225/1225 1221/1221/1221
f 1224/1224/1224 1222/1222/1222 1226/1226/1226
f 1227/1227/1227 1226/1226/1226 1222/1222/1222
f 1227/1227/1227 1228/1228/1228 1226/1226/1226
f 1226/1226/1226 1228/1228/1228 1229/1229/1229
f 1226/1226/1226 1229/1229/1229 1230/1230/1230
f 1231/1231/1231 1226/1226/1226 1230/1230/1230
f 1224/1224/1224 1226/1226/1226 1231/1231/1231
f 1231/1231/1231 1230/1230/1230 1232/1232/1232
f 1231/1231/1231 1232/1232/1232 1233/1233/1233
f 1234/1234/1234 1224/1224/1224 1231/1231/1231
f 1231/1231/1231 1233/1233/1233 1234/1234/1234
f 1224/1224/1224 1235/1235/1235 1225/1225/1225
f 1234/1234/1234 1235/1235/1235 1224/1224/1224
f 1236/1236/1236 1234/1234/1234 1233/1233/1233
f 1236/1236/1236 1235/1235/1235 1234/1234/1234
f 1236/1236/1236 1233/1233/1233 1237/1237/1237
f 1238/1238/1238 1225/1225/1225 1235/1235/1235
f 1236/1236/1236 1238/1238/1238 1235/1235/1235
f 1238/1238/1238 1239/1239/1239 1225/1225/1225
f 1240/1240/1240 1239/1239/1239 1238/1238/1238
f 1240/1240/1240 1238/1238/1238 1241/1241/1241
f 1241/1241/1241 1238/1238/1238 1236/1236/1236
f 1241/1241/1241 1242/1242/1242 1240/1240/1240
f 1243/1243/1243 1236/1236/1236 1237/1237/1237
f 1241/1241/1241 1236/1236/1236 1243/1243/1243
f 1243/1243/1243 1237/1237/1237 1244/1244/1244
f 1243/1243/1243 1244/1244/1244 1245/1245/1245
f 1246/1246/1246 1241/1241/1241 1243/1243/1243
f 1243/1243/1243 1245/1245/1245 1246/1246/1246
f 1241/1241/1241 1247/1247/1247 1242/1242/1242
f 1246/1246/1246 1247/1247/1247 1241/1241/1241
f 1248/1248/1248 1246/1246/1246 1245/1245/1245
f 1248/1248/1248 1247/1247/1247 1246/1246/1246
f 1248/1248/1248 1245/1245/1245 1249/1249/1249
f 1250/1250/1250 1242/1242/1242 1247/1247/1247
f 1248/1248/1248 1250/1250/1250 1247/1247/1247
f 1250/1250/1250 1251/1251/1251 1242/1242/1242
f 1252/1252/1252 1251/1251/1251 1250/1250/1250
f 1252/1252/1252 1250/1250/1250 1253/1253/1253
f 1253/1253/1253 1250/1250/1250 1248/1248/1248
f 1253/1253/1253 1254/1254/1254 1252/1252/1252
f 1255/1255/1255 1248/1248/1248 1249/1249/1249
f 1253/1253/1253 1248/1248/1248 1255/1255/1255
f 1255/1255/1255 1249/1249/1249 1256/1256/1256
f 1255/1255/1255 1256/1256/1256 1257/1257/1257
f 1258/1258/1258 1253/1253/1253 1255/1255/1255
f 1255/1255/1255 1257/1257/1257 1258/1258/1258
f 1253/1253/1253 1259/1259/1259 1254/1254/1254
f 1258/1258/1258 1259/1259/1259 1253/1253/1253
f 1260/1260/1260 1258/1258/1258 1257/1257/1257
f 1260/1260/1260 1259/1259/1259 1258/1258/1258
f 1260/1260/1260 1257/1257/1257 1261/1261/1261
f 1262/1262/1262 1254/1254/1254 1259/1259/1259
f 1260/1260/1260 1262/1262/1262 1259/1259/1259
f 1262/1262/1262 1263/1263/1263 1254/1254/1254
f 1264/1264/1264 1263/1263/1263 1262/1262/1262
f 1264/1264/1264 1262/1262/1262 1265/1265/1265
f 1265/1265/1265 1262/1262/1262 1260/1260/1260
f 1265/1265/1265 1266/1266/1266 1264/1264/1264
f 1267/1267/1267 1260/1260/1260 1261/1261/1261
f 1265/1265/1265 1260/1260/1260 1267/1267/1267
f 1267/1267/1267 1261/1261/1261 1268/1268/1268
f 1267/1267/1267 1268/1268/1268 1269/1269/1269
f 1265/1265/1265 1267/1267/1267 1270/1270/1270
f 1267/1267/1267 1269/1269/1269 1270/1270/1270
f 1265/1265/1265 1271/1271/1271 1266/1266/1266
f 1265/1265/1265 1270/1270/1270 1271/1271/1271
f 1272/1272/1272 1270/1270/1270 1269/1269/1269
f 1271/1271/1271 1270/1270/1270 1272/1272/1272
f 1272/1272/1272 1269/1269/1269 1273/1273/1273
f 1274/1274/1274 1266/1266/1266 1271/1271/1271
f 1271/1271/1271 1272/1272/1272 1274/1274/1274
f 1274/1274/1274 1275/1275/1275 1266/1266/1266
f 1276/1276/1276 1275/1275/1275 1274/1274/1274
f 1276/1276/1276 1274/1274/1274 1277/1277/1277
f 1277/1277/1277 1274/1274/1274 1272/1272/1272
f 1277/1277/1277 1278/1278/1278 1276/1276/1276
f 1279/1279/1279 1272/1272/1272 1273/1273/1273
f 1277/1277/1277 1272/1272/1272 1279/1279/1279
f 1279/1279/1279 1273/1273/1273 1280/1280/1280
f 1279/1279/1279 1280/1280/1280 1281/1281/1281
f 1282/1282/1282 1277/1277/1277 1279/1279/1279
f 1279/1279/1279 1281/1281/1281 1282/1282/1282
f 1277/1277/1277 1283/1283/1283 1278/1278/1278
f 1282/1282/1282 1283/1283/1283 1277/1277/1277
f 1284/1284/1284 1282/1282/1282 1281/1281/1281
f 1284/1284/1284 1283/1283/1283 1282/1282/1282
f 1284/1284/1284 1281/1281/1281 1285/1285/1285
f 1286/1286/1286 1278/1278/1278 1283/1283/1283
f 1284/1284/1284 1286/1286/1286 1283/1283/1283
f 1286/1286/1286 1287/1287/1287 1278/1278/1278
f 1288/1288/1288 1287/1287/1287 1286/1286/1286
f 1288/1288/1288 1286/1286/1286 1289/1289/1289
f 1289/1289/1289 1286/1286/1286 1284/1284/1284
f 1290/1290/1290 1284/1284/1284 1285/1285/1285
f 1289/1289/1289 1284/1284/1284 1290/1290/1290
f 1290/1290/1290 1285/1285/1285 1291/1291/1291
f 1290/1290/1290 1291/1291/1291 1292/1292/1292
f 1290/1290/1290 1292/1292/1292 1293/1293/1293
f 1293/1293/1293 1289/1289/1289 1290/1290/1290
f 1293/1293/1293 1294/1294/1294 1289/1289/1289
f 1295/1295/1295 1297/1297/1297 1296/1296/1296
f 1295/1295/1295 1298/1298/1298 1297/1297/1297
f 1298/1298/1298 1295/1295/1295 1299/1299/1299
f 1298/1298/1298 1299/1299/1299 1300/1300/1300
f 1298/1298/1298 1301/1301/1301 1297/1297/1297
f 1302/1302/1302 1297/1297/1297 1301/1301/1301
f 1302/1302/1302 1301/1301/1301 1303/1303/1303
f 1304/1304/1304 1303/1303/1303 1301/1301/1301
f 1298/1298/1298 1305/1305/1305 1301/1301/1301
f 1306/1306/1306 1305/1305/1305 1298/1298/1298
f 1306/1306/1306 1298/1298/1298 1307/1307/1307
f 1307/1307/1307 1308/1308/1308 1306/1306/1306
f 1307/1307/1307 1309/1309/1309 1308/1308/1308
f 1310/1310/1310 1309/1309/1309 1307/1307/1307
f 1310/1310/1310 1307/1307/1307 1311/1311/1311
f 1311/1311/1311 1312/1312/1312 1310/1310/1310
f 1311/1311/1311 1313/1313/1313 1312/1312/1312
f 1314/1314/1314 1313/1313/1313 1311/1311/1311
f 1314/1314/1314 1311/1311/1311 1315/1315/1315
f 1315/1315/1315 1316/1316/1316 1314/1314/1314
f 1315/1315/1315 1317/1317/1317 1316/1316/1316
f 1318/1318/1318 1317/1317/1317 1315/1315/1315
f 1318/1318/1318 1315/1315/1315 1319/1319/1319
f 1319/1319/1319 1320/1320/1320 1318/1318/1318
f 1319/1319/1319 1321/1321/1321 1320/1320/1320
f 1322/1322/1322 1321/1321/1321 1319/1319/1319
f 1322/1322/1322 1319/1319/1319 1323/1323/1323
f 1323/1323/1323 1324/1324/1324 1322/1322/1322
f 1323/1323/1323 1325/1325/1325 1324/1324/1324
f 1326/1326/1326 1325/1325/1325 1323/1323/1323
f 1326/1326/1326 1323/1323/1323 1327/1327/1327
f 1327/1327/1327 1328/1328/1328 1326/1326/1326
f 1327/1327/1327 1329/1329/1329 1328/1328/1328
f 1330/1330/1330 1329/1329/1329 1327/1327/1327
f 1330/1330/1330 1327/1327/1327 1331/1331/1331
f 1331/1331/1331 1327/1327/1327 1332/1332/1332
f 1333/1333/1333 1328/1328/1328 1329/1329/1329
f 1333/1333/1333 1334/1334/1334 1328/1328/1328
f 1335/1335/1335 1328/1328/1328 1334/1334/1334
f 1335/1335/1335 1336/1336/1336 1328/1328/1328
f 1335/1335/1335 1337/1337/1337 1336/1336/1336
f 1331/1331/1331 1332/1332/1332 1338/1338/1338
f 1335/1335/1335 1339/1339/1339 1337/1337/1337
f 1339/1339/1339 1340/1340/1340 1337/1337/1337
f 1339/1339/1339 1335/1335/1335 1341/1341/1341
f 1342/1342/1342 1341/1341/1341 1335/1335/1335
f 1342/1342/1342 1343/1343/1343 1341/1341/1341
f 1341/1341/1341 1343/1343/1343 1344/1344/1344
f 1341/1341/1341 1344/1344/1344 1345/1345/1345
f 1345/1345/1345 1346/1346/1346 1341/1341/1341
f 1339/1339/1339 1341/1341/1341 1346/1346/1346
f 1345/1345/1345 1347/1347/1347 1346/1346/1346
f 1346/1346/1346 1347/1347/1347 1348/1348/1348
f 1339/1339/1339 1346/1346/1346 1349/1349/1349
f 1346/1346/1346 1348/1348/1348 1349/1349/1349
f 1339/1339/1339 1350/1350/1350 1340/1340/1340
f 1339/1339/1339 1349/1349/1349 1350/1350/1350
f 1351/1351/1351 1349/1349/1349 1348/1348/1348
f 1350/1350/1350 1349/1349/1349 1351/1351/1351
f 1351/1351/1351 1348/1348/1348 1352/1352/1352
f 1353/1353/1353 1340/1340/1340 1350/1350/1350
f 1350/1350/1350 1351/1351/1351 1353/1353/1353
f 1353/1353/1353 1354/1354/1354 1340/1340/1340
f 1353/1353/1353 1355/1355/1355 1354/1354/1354
f 1353/1353/1353 1356/1356/1356 1355/1355/1355
f 1356/1356/1356 1353/1353/1353 1351/1351/1351
f 1356/1356/1356 1357/1357/1357 1355/1355/1355
f 1352/1352/1352 1358/1358/1358 1351/1351/1351
f 1356/1356/1356 1351/1351/1351 1358/1358/1358
f 1352/1352/1352 1359/1359/1359 1358/1358/1358
f 1358/1358/1358 1359/1359/1359 1360/1360/1360
f 1356/1356/1356 1358/1358/1358 1361/1361/1361
f 1358/1358/1358 1360/1360/1360 1361/1361/1361
f 1356/1356/1356 1362/1362/1362 1357/1357/1357
f 1356/1356/1356 1361/1361/1361 1362/1362/1362
f 1363/1363/1363 1361/1361/1361 1360/1360/1360
f 1362/1362/1362 1361/1361/1361 1363/1363/1363
f 1363/1363/1363 1360/1360/1360 1364/1364/1364
f 1365/1365/1365 1357/1357/1357 1362/1362/1362
f 1362/1362/1362 1363/1363/1363 1365/1365/1365
f 1365/1365/1365 1366/1366/1366 1357/1357/1357
f 1365/1365/1365 1367/1367/1367 1366/1366/1366
f 1365/1365/1365 1368/1368/1368 1367/1367/1367
f 1368/1368/1368 1365/1365/1365 1363/1363/1363
f 1368/1368/1368 1369/1369/1369 1367/1367/1367
f 1364/1364/1364 1370/1370/1370 1363/1363/1363
f 1368/1368/1368 1363/1363/1363 1370/1370/1370
f 1364/1364/1364 1371/1371/1371 1370/1370/1370
f 1370/1370/1370 1371/1371/1371 1372/1372/1372
f 1373/1373/1373 1368/1368/1368 1370/1370/1370
f 1370/1370/1370 1372/1372/1372 1373/1373/1373
f 1368/1368/1368 1374/1374/1374 1369/1369/1369
f 1373/1373/1373 1374/1374/1374 1368/1368/1368
f 1375/1375/1375 1373/1373/1373 1372/1372/1372
f 1375/1375/1375 1374/1374/1374 1373/1373/1373
f 1375/1375/1375 1372/1372/1372 1376/1376/1376
f 1377/1377/1377 1369/1369/1369 1374/1374/1374
f 1375/1375/1375 1377/1377/1377 1374/1374/1374
f 1377/1377/1377 1378/1378/1378 1369/1369/1369
f 1377/1377/1377 1379/1379/1379 1378/1378/1378
f 1377/1377/1377 1380/1380/1380 1379/1379/1379
f 1380/1380/1380 1377/1377/1377 1375/1375/1375
f 1380/1380/1380 1381/1381/1381 1379/1379/1379
f 1376/1376/1376 1382/1382/1382 1375/1375/1375
f 1380/1380/1380 1375/1375/1375 1382/1382/1382
f 1376/1376/1376 1383/1383/1383 1382/1382/1382
f 1382/1382/1382 1383/1383/1383 1384/1384/1384
f 1380/1380/1380 1382/1382/1382 1385/1385/1385
f 1382/1382/1382 1384/1384/1384 1385/1385/1385
f 1380/1380/1380 1386/1386/1386 1381/1381/1381
f 1380/1380/1380 1385/1385/1385 1386/1386/1386
f 1387/1387/1387 1385/1385/1385 1384/1384/1384
f 1386/1386/1386 1385/1385/1385 1387/1387/1387
f 1387/1387/1387 1384/1384/1384 1388/1388/1388
f 1389/1389/1389 1381/1381/1381 1386/1386/1386
f 1386/1386/1386 1387/1387/1387 1389/1389/1389
f 1389/1389/1389 1390/1390/1390 1381/1381/1381
f 1389/1389/1389 1391/1391/1391 1390/1390/1390
f 1389/1389/1389 1392/1392/1392 1391/1391/1391
f 1392/1392/1392 1389/1389/1389 1387/1387/1387
f 1392/1392/1392 1393/1393/1393 1391/1391/1391
f 1388/1388/1388 1394/1394/1394 1387/1387/1387
f 1392/1392/1392 1387/1387/1387 1394/1394/1394
f 1388/1388/1388 1395/1395/1395 1394/1394/1394
f 1394/1394/1394 1395/1395/1395 1396/1396/1396
f 1392/1392/1392 1394/1394/1394 1397/1397/1397
f 1394/1394/1394 1396/1396/1396 1397/1397/1397
f 1392/1392/1392 1398/1398/1398 1393/1393/1393
f 1392/1392/1392 1397/1397/1397 1398/1398/1398
f 1399/1399/1399 1397/1397/1397 1396/1396/1396
f 1398/1398/1398 1397/1397/1397 1399/1399/1399
f 1399/1399/1399 1396/1396/1396 1400/1400/1400
f 1401/1401/1401 1393/1393/1393 1398/1398/1398
f 1398/1398/1398 1399/1399/1399 1401/1401/1401
f 1401/1401/1401 1402/1402/1402 1393/1393/1393
f 1401/1401/1401 1403/1403/1403 1402/1402/1402
f 1401/1401/1401 1304/1304/1304 1403/1403/1403
f 1304/1304/1304 1401/1401/1401 1399/1399/1399
f 1304/1304/1304 1301/1301/1301 1403/1403/1403
f 1400/1400/1400 1404/1404/1404 1399/1399/1399
f 1304/1304/1304 1399/1399/1399 1404/1404/1404
f 1400/1400/1400 1405/1405/1405 1404/1404/1404
f 1404/1404/1404 1405/1405/1405 1406/1406/1406
f 1404/1404/1404 1406/1406/1406 1407/1407/1407
f 1407/1407/1407 1304/1304/1304 1404/1404/1404
f 1407/1407/1407 1408/1408/1408 1304/1304/1304
f 1409/1409/1409 1411/1411/1411 1410/1410/1410
f 1409/1409/1409 1412/1412/1412 1411/1411/1411
f 1413/1413/1413 1415/1415/1415 1414/1414/1414
f 1413/1413/1413 1416/1416/1416 1415/1415/1415
f 1417/1417/1417 1419/1419/1419 1418/1418/1418
f 1417/1417/1417 1418/1418/1418 1420/1420/1420
f 1421/1421/1421 1420/1420/1420 1418/1418/1418
f 1421/1421/1421 1422/1422/1422 1420/1420/1420
f 1422/1422/1422 1421/1421/1421 1423/1423/1423
f 1422/1422/1422 1423/1423/1423 1424/1424/1424
f 1424/1424/1424 1423/1423/1423 1425/1425/1425
f 1424/1424/1424 1425/1425/1425 1426/1426/1426
f 1427/1427/1427 1426/1426/1426 1425/1425/1425
f 1427/1427/1427 1428/1428/1428 1426/1426/1426
f 1428/1428/1428 1427/1427/1427 1429/1429/1429
f 1428/1428/1428 1429/1429/1429 1430/1430/1430
f 1430/1430/1430 1429/1429/1429 1431/1431/1431
f 1430/1430/1430 1431/1431/1431 1432/1432/1432
f 1433/1433/1433 1432/1432/1432 1431/1431/1431
f 1433/1433/1433 1434/1434/1434 1432/1432/1432
f 1434/1434/1434 1433/1433/1433 1435/1435/1435
f 1434/1434/1434 1435/1435/1435 1436/1436/1436
f 1436/1436/1436 1435/1435/1435 1437/1437/1437
f 1436/1436/1436 1437/1437/1437 1438/1438/1438
f 1439/1439/1439 1438/1438/1438 1437/1437/1437
f 1439/1439/1439 1440/1440/1440 1438/1438/1438
f 1440/1440/1440 1439/1439/1439 1441/1441/1441
f 1440/1440/1440 1441/1441/1441 1442/1442/1442
f 1442/1442/1442 1441/1441/1441 1443/1443/1443
f 1442/1442/1442 1443/1443/1443 1444/1444/1444
f 1445/1445/1445 1444/1444/1444 1443/1443/1443
f 1445/1445/1445 1446/1446/1446 1444/1444/1444
f 1446/1446/1446 1445/1445/1445 1447/1447/1447
f 1446/1446/1446 1447/1447/1447 1448/1448/1448
f 1448/1448/1448 1447/1447/1447 1449/1449/1449
f 1448/1448/1448 1449/1449/1449 1450/1450/1450
f 1451/1451/1451 1450/1450/1450 1449/1449/1449
f 1451/1451/1451 1452/1452/1452 1450/1450/1450
f 1452/1452/1452 1451/1451/1451 1453/1453/1453
f 1452/1452/1452 1453/1453/1453 1454/1454/1454
f 1455/1455/1455 1457/1457/1457 1456/1456/1456
f 1455/1455/1455 1458/1458/1458 1457/1457/1457
f 1459/1459/1459 1461/1461/1461 1460/1460/1460
f 1459/1459/1459 1462/1462/1462 1461/1461/1461
f 1463/1463/1463 1465/1465/1465 1464/1464/1464
f 1463/1463/1463 1466/1466/1466 1465/1465/1465
f 1467/1467/1467 1469/1469/1469 1468/1468/1468
f 1467/1467/1467 1470/1470/1470 1469/1469/1469
f 1471/1471/1471 1473/1473/1473 1472/1472/1472
f 1471/1471/1471 1472/1472/1472 1474/1474/1474
f 1474/1474/1474 1472/1472/1472 1475/1475/1475
f 1474/1474/1474 1475/1475/1475 1476/1476/1476
f 1476/1476/1476 1475/1475/1475 1477/1477/1477
f 1476/1476/1476 1477/1477/1477 1478/1478/1478
f 1479/1479/1479 1478/1478/1478 1477/1477/1477
f 1479/1479/1479 1480/1480/1480 1478/1478/1478
f 1481/1481/1481 1483/1483/1483 1482/1482/1482
f 1481/1481/1481 1484/1484/1484 1483/1483/1483
f 1485/1485/1485 1484/1484/1484 1481/1481/1481
f 1485/1485/1485 1486/1486/1486 1484/1484/1484
f 1486/1486/1486 1485/1485/1485 1487/1487/1487
f 1486/1486/1486 1487/1487/1487 1488/1488/1488
f 1489/1489/1489 1488/1488/1488 1487/1487/1487
f 1489/1489/1489 1490/1490/1490 1488/1488/1488
f 1491/1491/1491 1490/1490/1490 1489/1489/1489
f 1491/1491/1491 1492/1492/1492 1490/1490/1490
f 1492/1492/1492 1491/1491/1491 1493/1493/1493
f 1492/1492/1492 1493/1493/1493 1494/1494/1494
f 1495/1495/1495 1494/1494/1494 1493/1493/1493
f 1495/1495/1495 1496/1496/1496 1494/1494/1494
f 1497/1497/1497 1496/1496/1496 1495/1495/1495
f 1497/1497/1497 1498/1498/1498 1496/1496/1496
f 1499/1499/1499 1501/1501/1501 1500/1500/1500
f 1499/1499/1499 1500/1500/1500 1502/1502/1502
f 1502/1502/1502 1500/1500/1500 1503/1503/1503
f 1502/1502/1502 1503/1503/1503 1504/1504/1504
f 1504/1504/1504 1503/1503/1503 1505/1505/1505
f 1504/1504/1504 1505/1505/1505 1506/1506/1506
f 1507/1507/1507 1506/1506/1506 1505/1505/1505
f 1507/1507/1507 1508/1508/1508 1506/1506/1506
f 1509/1509/1509 1511/1511/1511 1510/1510/1510
f 1509/1509/1509 1512/1512/1512 1511/1511/1511
f 1513/1513/1513 1512/1512/1512 1509/1509/1509
f 1513/1513/1513 1514/1514/1514 1512/1512/1512
f 1514/1514/1514 1513/1513/1513 1515/1515/1515
f 1514/1514/1514 1515/1515/1515 1516/1516/1516
f 1517/1517/1517 1516/1516/1516 1515/1515/1515
f 1517/1517/1517 1518/1518/1518 1516/1516/1516
f 1519/1519/1519 1518/1518/1518 1517/1517/1517
f 1519/1519/1519 1520/1520/1520 1518/1518/1518
f 1520/1520/1520 1519/1519/1519 1521/1521/1521
f 1520/1520/1520 1521/1521/1521 1522/1522/1522
f 1523/1523/1523 1522/1522/1522 1521/1521/1521
f 1523/1523/1523 1524/1524/1524 1522/1522/1522
f 1525/1525/1525 1524/1524/1524 1523/1523/1523
f 1525/1525/1525 1526/1526/1526 1524/1524/1524
f 1527/1527/1527 1529/1529/1529 1528/1528/1528
f 1527/1527/1527 1530/1530/1530 1529/1529/1529
f 1531/1531/1531 1533/1533/1533 1532/1532/1532
f 1531/1531/1531 1534/1534/1534 1533/1533/1533
f 1535/1535/1535 1537/1537/1537 1536/1536/1536
f 1535/1535/1535 1538/1538/1538 1537/1537/1537
f 1538/1538/1538 1535/1535/1535 1539/1539/1539
f 1538/1538/1538 1539/1539/1539 1540/1540/1540
f 1541/1541/1541 1540/1540/1540 1539/1539/1539
f 1541/1541/1541 1542/1542/1542 1540/1540/1540
f 1543/1543/1543 1545/1545/1545 1544/1544/1544
f 1543/1543/1543 1546/1546/1546 1545/1545/1545
f 1547/1547/1547 1549/1549/1549 1548/1548/1548
f 1547/1547/1547 1550/1550/1550 1549/1549/1549
f 1551/1551/1551 1553/1553/1553 1552/1552/1552
f 1551/1551/1551 1554/1554/1554 1553/1553/1553
f 1555/1555/1555 1557/1557/1557 1556/1556/1556
f 1555/1555/1555 1558/1558/1558 1557/1557/1557
f 1558/1558/1558 1555/1555/1555 1559/1559/1559
f 1558/1558/1558 1559/1559/1559 1560/1560/1560
f 1560/1560/1560 1559/1559/1559 1561/1561/1561
f 1560/1560/1560 1561/1561/1561 1562/1562/1562
f 1562/1562/1562 1561/1561/1561 1563/1563/1563
f 1562/1562/1562 1563/1563/1563 1564/1564/1564
f 1565/1565/1565 1564/1564/1564 1563/1563/1563
f 1565/1565/1565 1566/1566/1566 1564/1564/1564
f 1566/1566/1566 1565/1565/1565 1567/1567/1567
f 1566/1566/1566 1567/1567/1567 1568/1568/1568
f 1568/1568/1568 1567/1567/1567 1569/1569/1569
f 1568/1568/1568 1569/1569/1569 1570/1570/1570
f 1571/1571/1571 1570/1570/1570 1569/1569/1569
f 1571/1571/1571 1572/1572/1572 1570/1570/1570
f 1572/1572/1572 1571/1571/1571 1573/1573/1573
f 1572/1572/1572 1573/1573/1573 1574/1574/1574
f 1574/1574/1574 1573/1573/1573 1575/1575/1575
f 1574/1574/1574 1575/1575/1575 1576/1576/1576
f 1577/1577/1577 1576/1576/1576 1575/1575/1575
f 1577/1577/1577 1578/1578/1578 1576/1576/1576
f 1578/1578/1578 1577/1577/1577 1579/1579/1579
f 1578/1578/1578 1579/1579/1579 1580/1580/1580
f 1580/1580/1580 1579/1579/1579 1581/1581/1581
f 1580/1580/1580 1581/1581/1581 1582/1582/1582
f 1583/1583/1583 1582/1582/1582 1581/1581/1581
f 1583/1583/1583 1581/1581/1581 1584/1584/1584
f 1583/1583/1583 1584/1584/1584 1585/1585/1585
f 1583/1583/1583 1585/1585/1585 1586/1586/1586
f 1586/1586/1586 1585/1585/1585 1587/1587/1587
f 1586/1586/1586 1587/1587/1587 1588/1588/1588
f 1589/1589/1589 1588/1588/1588 1587/1587/1587
f 1589/1589/1589 1587/1587/1587 1590/1590/1590
f 1589/1589/1589 1590/1590/1590 1591/1591/1591
f 1589/1589/1589 1591/1591/1591 1592/1592/1592
f 1592/1592/1592 1591/1591/1591 1593/1593/1593
f 1592/1592/1592 1593/1593/1593 1594/1594/1594
f 1595/1595/1595 1594/1594/1594 1593/1593/1593
f 1595/1595/1595 1596/1596/1596 1594/1594/1594
f 1597/1597/1597 1599/1599/1599 1598/1598/1598
f 1597/1597/1597 1598/1598/1598 1600/1600/1600
f 1601/1601/1601 1600/1600/1600 1598/1598/1598
f 1601/1601/1601 1602/1602/1602 1600/1600/1600
f 1603/1603/1603 1602/1602/1602 1601/1601/1601
f 1603/1603/1603 1604/1604/1604 1602/1602/1602
f 1605/1605/1605 1604/1604/1604 1603/1603/1603
f 1605/1605/1605 1606/1606/1606 1604/1604/1604
f 1607/1607/1607 1606/1606/1606 1605/1605/1605
f 1607/1607/1607 1608/1608/1608 1606/1606/1606
f 1609/1609/1609 1608/1608/1608 1607/1607/1607
f 1609/1609/1609 1610/1610/1610 1608/1608/1608
f 1611/1611/1611 1610/1610/1610 1609/1609/1609
f 1611/1611/1611 1612/1612/1612 1610/1610/1610
f 1612/1612/1612 1611/1611/1611 1613/1613/1613
f 1612/1612/1612 1613/1613/1613 1614/1614/1614
f 1615/1615/1615 1614/1614/1614 1613/1613/1613
f 1615/1615/1615 1616/1616/1616 1614/1614/1614
f 1617/1617/1617 1619/1619/1619 1618/1618/1618
f 1617/1617/1617 1620/1620/1620 1619/1619/1619
f 1620/1620/1620 1617/1617/1617 1621/1621/1621
f 1620/1620/1620 1621/1621/1621 1622/1622/1622
f 1622/1622/1622 1621/1621/1621 1623/1623/1623
f 1622/1622/1622 1623/1623/1623 1624/1624/1624
f 1624/1624/1624 1623/1623/1623 1625/1625/1625
f 1624/1624/1624 1625/1625/1625 1626/1626/1626
f 1627/1627/1627 1626/1626/1626 1625/1625/1625
f 1627/1627/1627 1628/1628/1628 1626/1626/1626
f 1628/1628/1628 1627/1627/1627 1629/1629/1629
f 1628/1628/1628 1629/1629/1629 1630/1630/1630
f 1630/1630/1630 1629/1629/1629 1631/1631/1631
f 1630/1630/1630 1631/1631/1631 1632/1632/1632
f 1633/1633/1633 1632/1632/1632 1631/1631/1631
f 1633/1633/1633 1634/1634/1634 1632/1632/1632
f 1634/1634/1634 1633/1633/1633 1635/1635/1635
f 1634/1634/1634 1635/1635/1635 1636/1636/1636
f 1636/1636/1636 1635/1635/1635 1637/1637/1637
f 1636/1636/1636 1637/1637/1637 1638/1638/1638
f 1639/1639/1639 1638/1638/1638 1637/1637/1637
f 1639/1639/1639 1640/1640/1640 1638/1638/1638
f 1640/1640/1640 1639/1639/1639 1641/1641/1641
f 1640/1640/1640 1641/1641/1641 1642/1642/1642
f 1642/1642/1642 1641/1641/1641 1643/1643/1643
f 1642/1642/1642 1643/1643/1643 1644/1644/1644
f 1645/1645/1645 1644/1644/1644 1643/1643/1643
f 1645/1645/1645 1643/1643/1643 1646/1646/1646
f 1645/1645/1645 1646/1646/1646 1647/1647/1647
f 1645/1645/1645 1647/1647/1647 1648/1648/1648
f 1648/1648/1648 1647/1647/1647 1649/1649/1649
f 1648/1648/1648 1649/1649/1649 1650/1650/1650
f 1651/1651/1651 1650/1650/1650 1649/1649/1649
f 1651/1651/1651 1649/1649/1649 1652/1652/1652
f 1651/1651/1651 1652/1652/1652 1653/1653/1653
f 1651/1651/1651 1653/1653/1653 1654/1654/1654
f 1654/1654/1654 1653/1653/1653 1655/1655/1655
f 1654/1654/1654 1655/1655/1655 1656/1656/1656
f 1657/1657/1657 1656/1656/1656 1655/1655/1655
f 1657/1657/1657 1658/1658/1658 1656/1656/1656
f 1659/1659/1659 1661/1661/1661 1660/1660/1660
f 1659/1659/1659 1662/1662/1662 1661/1661/1661
f 1663/1663/1663 1665/1665/1665 1664/1664/1664
f 1663/1663/1663 1666/1666/1666 1665/1665/1665
f 1667/1667/1667 1669/1669/1669 1668/1668/1668
f 1667/1667/1667 1670/1670/1670 1669/1669/1669
f 1670/1670/1670 1671/1671/1671 1669/1669/1669
f 1670/1670/1670 1672/1672/1672 1671/1671/1671
f 1673/1673/1673 1675/1675/1675 1674/1674/1674
f 1673/1673/1673 1676/1676/1676 1675/1675/1675
f 1677/1677/1677 1679/1679/1679 1678/1678/1678
f 1677/1677/1677 1680/1680/1680 1679/1679/1679
f 1681/1681/1681 1683/1683/1683 1682/1682/1682
f 1681/1681/1681 1684/1684/1684 1683/1683/1683
f 1684/1684/1684 1685/1685/1685 1683/1683/1683
f 1684/1684/1684 1686/1686/1686 1685/1685/1685
f 1686/1686/1686 1687/1687/1687 1685/1685/1685
f 1686/1686/1686 1688/1688/1688 1687/1687/1687
f 1688/1688/1688 1689/1689/1689 1687/1687/1687
f 1688/1688/1688 1690/1690/1690 1689/1689/1689
f 1691/1691/1691 1693/1693/1693 1692/1692/1692
f 1691/1691/1691 1692/1692/1692 1694/1694/1694
f 1695/1695/1695 1691/1691/1691 1694/1694/1694
f 1695/1695/1695 1694/1694/1694 1696/1696/1696
f 1697/1697/1697 1699/1699/1699 1698/1698/1698
f 1697/1697/1697 1700/1700/1700 1699/1699/1699
f 1700/1700/1700 1701/1701/1701 1699/1699/1699
f 1700/1700/1700 1702/1702/1702 1701/1701/1701
f 1702/1702/1702 1703/1703/1703 1701/1701/1701
f 1702/1702/1702 1704/1704/1704 1703/1703/1703
f 1704/1704/1704 1705/1705/1705 1703/1703/1703
f 1704/1704/1704 1706/1706/1706 1705/1705/1705
f 1707/1707/1707 1700/1700/1700 1697/1697/1697
f 1708/1708/1708 1702/1702/1702 1700/1700/1700
f 1707/1707/1707 1708/1708/1708 1700/1700/1700
f 1709/1709/1709 1704/1704/1704 1702/1702/1702
f 1708/1708/1708 1709/1709/1709 1702/1702/1702
f 1710/1710/1710 1706/1706/1706 1704/1704/1704
f 1709/1709/1709 1710/1710/1710 1704/1704/1704
f 1711/1711/1711 1707/1707/1707 1697/1697/1697
f 1711/1711/1711 1697/1697/1697 1712/1712/1712
f 1710/1710/1710 1713/1713/1713 1706/1706/1706
f 1713/1713/1713 1714/1714/1714 1706/1706/1706
f 1715/1715/1715 1711/1711/1711 1712/1712/1712
f 1715/1715/1715 1712/1712/1712 1716/1716/1716
f 1713/1713/1713 1717/1717/1717 1714/1714/1714
f 1717/1717/1717 1718/1718/1718 1714/1714/1714
f 1719/1719/1719 1715/1715/1715 1716/1716/1716
f 1719/1719/1719 1716/1716/1716 1720/1720/1720
f 1717/1717/1717 1721/1721/1721 1718/1718/1718
f 1721/1721/1721 1722/1722/1722 1718/1718/1718
f 1723/1723/1723 1719/1719/1719 1720/1720/1720
f 1723/1723/1723 1720/1720/1720 1724/1724/1724
f 1725/1725/1725 1724/1724/1724 1722/1722/1722
f 1721/1721/1721 1725/1725/1725 1722/1722/1722
f 1725/1725/1725 1723/1723/1723 1724/1724/1724
f 1726/1726/1726 1711/1711/1711 1715/1715/1715
f 1727/1727/1727 1726/1726/1726 1715/1715/1715
f 1727/1727/1727 1715/1715/1715 1719/1719/1719
f 1726/1726/1726 1728/1728/1728 1711/1711/1711
f 1729/1729/1729 1727/1727/1727 1719/1719/1719
f 1729/1729/1729 1719/1719/1719 1723/1723/1723
f 1728/1728/1728 1707/1707/1707 1711/1711/1711
f 1730/1730/1730 1729/1729/1729 1723/1723/1723
f 1730/1730/1730 1723/1723/1723 1725/1725/1725
f 1728/1728/1728 1731/1731/1731 1707/1707/1707
f 1732/1732/1732 1730/1730/1730 1725/1725/1725
f 1732/1732/1732 1725/1725/1725 1721/1721/1721
f 1731/1731/1731 1708/1708/1708 1707/1707/1707
f 1733/1733/1733 1732/1732/1732 1721/1721/1721
f 1731/1731/1731 1734/1734/1734 1708/1708/1708
f 1733/1733/1733 1721/1721/1721 1717/1717/1717
f 1734/1734/1734 1709/1709/1709 1708/1708/1708
f 1735/1735/1735 1733/1733/1733 1717/1717/1717
f 1734/1734/1734 1736/1736/1736 1709/1709/1709
f 1735/1735/1735 1717/1717/1717 1713/1713/1713
f 1736/1736/1736 1710/1710/1710 1709/1709/1709
f 1737/1737/1737 1735/1735/1735 1713/1713/1713
f 1736/1736/1736 1737/1737/1737 1710/1710/1710
f 1737/1737/1737 1713/1713/1713 1710/1710/1710
f 1738/1738/1738 1740/1740/1740 1739/1739/1739
f 1738/1738/1738 1741/1741/1741 1740/1740/1740
f 1741/1741/1741 1742/1742/1742 1740/1740/1740
f 1743/1743/1743 1741/1741/1741 1738/1738/1738
f 1741/1741/1741 1744/1744/1744 1742/1742/1742
f 1743/1743/1743 1745/1745/1745 1741/1741/1741
f 1745/1745/1745 1744/1744/1744 1741/1741/1741
f 1746/1746/1746 1745/1745/1745 1743/1743/1743
f 1745/1745/1745 1747/1747/1747 1744/1744/1744
f 1746/1746/1746 1748/1748/1748 1745/1745/1745
f 1748/1748/1748 1747/1747/1747 1745/1745/1745
f 1749/1749/1749 1748/1748/1748 1746/1746/1746
f 1748/1748/1748 1750/1750/1750 1747/1747/1747
f 1749/1749/1749 1751/1751/1751 1748/1748/1748
f 1751/1751/1751 1750/1750/1750 1748/1748/1748
f 1751/1751/1751 1752/1752/1752 1750/1750/1750
f 1753/1753/1753 1755/1755/1755 1754/1754/1754
f 1753/1753/1753 1756/1756/1756 1755/1755/1755
f 1756/1756/1756 1757/1757/1757 1755/1755/1755
f 1756/1756/1756 1758/1758/1758 1757/1757/1757
f 1759/1759/1759 1761/1761/1761 1760/1760/1760
f 1759/1759/1759 1762/1762/1762 1761/1761/1761
f 1762/1762/1762 1763/1763/1763 1761/1761/1761
f 1762/1762/1762 1764/1764/1764 1763/1763/1763
f 1764/1764/1764 1765/1765/1765 1763/1763/1763
f 1764/1764/1764 1766/1766/1766 1765/1765/1765
f 1766/1766/1766 1767/1767/1767 1765/1765/1765
f 1766/1766/1766 1768/1768/1768 1767/1767/1767
f 1769/1769/1769 1771/1771/1771 1770/1770/1770
f 1769/1769/1769 1770/1770/1770 1772/1772/1772
f 1773/1773/1773 1769/1769/1769 1772/1772/1772
f 1773/1773/1773 1772/1772/1772 1774/1774/1774
f 1775/1775/1775 1777/1777/1777 1776/1776/1776
f 1775/1775/1775 1778/1778/1778 1777/1777/1777
f 1778/1778/1778 1779/1779/1779 1777/1777/1777
f 1778/1778/1778 1780/1780/1780 1779/1779/1779
f 1780/1780/1780 1781/1781/1781 1779/1779/1779
f 1780/1780/1780 1782/1782/1782 1781/1781/1781
f 1782/1782/1782 1783/1783/1783 1781/1781/1781
f 1782/1782/1782 1784/1784/1784 1783/1783/1783
f 695/695/695 689/689/689 1785/1785/1785
f 1785/1785/1785 717/717/717 695/695/695
f 1785/1785/1785 1786/1786/1786 717/717/717
f 717/717/717 1786/1786/1786 718/718/718
f 1787/1787/1787 1786/1786/1786 1785/1785/1785
f 1787/1787/1787 1785/1785/1785 689/689/689
f 1788/1788/1788 718/718/718 1786/1786/1786
f 1787/1787/1787 1788/1788/1788 1786/1786/1786
f 1788/1788/1788 1789/1789/1789 718/718/718
f 1790/1790/1790 1789/1789/1789 1788/1788/1788
f 1790/1790/1790 1788/1788/1788 1791/1791/1791
f 1788/1788/1788 1787/1787/1787 1791/1791/1791
f 1791/1791/1791 1792/1792/1792 1790/1790/1790
f 1793/1793/1793 1791/1791/1791 1787/1787/1787
f 1787/1787/1787 689/689/689 1793/1793/1793
f 1791/1791/1791 1794/1794/1794 1792/1792/1792
f 1793/1793/1793 1794/1794/1794 1791/1791/1791
f 1795/1795/1795 1792/1792/1792 1794/1794/1794
f 1795/1795/1795 1796/1796/1796 1792/1792/1792
f 1797/1797/1797 1796/1796/1796 1795/1795/1795
f 1798/1798/1798 1794/1794/1794 1793/1793/1793
f 1798/1798/1798 1795/1795/1795 1794/1794/1794
f 1798/1798/1798 1793/1793/1793 689/689/689
f 1797/1797/1797 1795/1795/1795 1799/1799/1799
f 1795/1795/1795 1798/1798/1798 1799/1799/1799
f 1799/1799/1799 1800/1800/1800 1797/1797/1797
f 1799/1799/1799 1801/1801/1801 1800/1800/1800
f 1802/1802/1802 1801/1801/1801 1799/1799/1799
f 1802/1802/1802 1799/1799/1799 1803/1803/1803
f 1798/1798/1798 1803/1803/1803 1799/1799/1799
f 1803/1803/1803 1804/1804/1804 1802/1802/1802
f 1798/1798/1798 689/689/689 1805/1805/1805
f 1803/1803/1803 1798/1798/1798 1805/1805/1805
f 1803/1803/1803 1806/1806/1806 1804/1804/1804
f 1803/1803/1803 1805/1805/1805 1806/1806/1806
f 1807/1807/1807 1805/1805/1805 689/689/689
f 1806/1806/1806 1805/1805/1805 1807/1807/1807
f 1807/1807/1807 689/689/689 1808/1808/1808
f 1809/1809/1809 1804/1804/1804 1806/1806/1806
f 1806/1806/1806 1807/1807/1807 1809/1809/1809
f 1809/1809/1809 1810/1810/1810 1804/1804/1804
f 1811/1811/1811 1810/1810/1810 1809/1809/1809
f 1812/1812/1812 1807/1807/1807 1808/1808/1808
f 1812/1812/1812 1809/1809/1809 1807/1807/1807
f 1812/1812/1812 1808/1808/1808 1813/1813/1813
f 1812/1812/1812 1813/1813/1813 1814/1814/1814
f 1811/1811/1811 1809/1809/1809 1815/1815/1815
f 1812/1812/1812 1815/1815/1815 1809/1809/1809
f 1815/1815/1815 1816/1816/1816 1811/1811/1811
f 1812/1812/1812 1814/1814/1814 1817/1817/1817
f 1815/1815/1815 1812/1812/1812 1817/1817/1817
f 1815/1815/1815 1818/1818/1818 1816/1816/1816
f 1815/1815/1815 1817/1817/1817 1818/1818/1818
f 1819/1819/1819 1817/1817/1817 1814/1814/1814
f 1818/1818/1818 1817/1817/1817 1819/1819/1819
f 1819/1819/1819 1814/1814/1814 1820/1820/1820
f 1821/1821/1821 1820/1820/1820 1814/1814/1814
f 1822/1822/1822 1816/1816/1816 1818/1818/1818
f 1818/1818/1818 1819/1819/1819 1822/1822/1822
f 1822/1822/1822 1823/1823/1823 1816/1816/1816
f 1822/1822/1822 1824/1824/1824 1823/1823/1823
f 1822/1822/1822 1819/1819/1819 1825/1825/1825
f 1822/1822/1822 1825/1825/1825 1824/1824/1824
f 1820/1820/1820 1825/1825/1825 1819/1819/1819
f 1825/1825/1825 1826/1826/1826 1824/1824/1824
f 1820/1820/1820 1827/1827/1827 1825/1825/1825
f 1825/1825/1825 1827/1827/1827 1826/1826/1826
f 1821/1821/1821 1827/1827/1827 1820/1820/1820
f 1828/1828/1828 1826/1826/1826 1827/1827/1827
f 1821/1821/1821 1828/1828/1828 1827/1827/1827
f 1828/1828/1828 1829/1829/1829 1826/1826/1826
f 1828/1828/1828 1830/1830/1830 1829/1829/1829
f 1828/1828/1828 1831/1831/1831 1830/1830/1830
f 1828/1828/1828 1821/1821/1821 1831/1831/1831
f 1831/1831/1831 1832/1832/1832 1830/1830/1830
f 1833/1833/1833 1831/1831/1831 1821/1821/1821
f 1821/1821/1821 1814/1814/1814 1833/1833/1833
f 1831/1831/1831 1834/1834/1834 1832/1832/1832
f 1833/1833/1833 1834/1834/1834 1831/1831/1831
f 1835/1835/1835 1832/1832/1832 1834/1834/1834
f 1835/1835/1835 1836/1836/1836 1832/1832/1832
f 1837/1837/1837 1836/1836/1836 1835/1835/1835
f 1838/1838/1838 1834/1834/1834 1833/1833/1833
f 1838/1838/1838 1835/1835/1835 1834/1834/1834
f 1838/1838/1838 1833/1833/1833 1814/1814/1814
f 1837/1837/1837 1835/1835/1835 1839/1839/1839
f 1838/1838/1838 1839/1839/1839 1835/1835/1835
f 1839/1839/1839 1840/1840/1840 1837/1837/1837
f 1841/1841/1841 1839/1839/1839 1838/1838/1838
f 1838/1838/1838 1814/1814/1814 1841/1841/1841
f 1839/1839/1839 1842/1842/1842 1840/1840/1840
f 1841/1841/1841 1842/1842/1842 1839/1839/1839
f 1843/1843/1843 1840/1840/1840 1842/1842/1842
f 1843/1843/1843 1844/1844/1844 1840/1840/1840
f 1845/1845/1845 1844/1844/1844 1843/1843/1843
f 1846/1846/1846 1842/1842/1842 1841/1841/1841
f 1846/1846/1846 1843/1843/1843 1842/1842/1842
f 1846/1846/1846 1841/1841/1841 1814/1814/1814
f 1845/1845/1845 1843/1843/1843 1847/1847/1847
f 1846/1846/1846 1847/1847/1847 1843/1843/1843
f 1847/1847/1847 1848/1848/1848 1845/1845/1845
f 1846/1846/1846 1814/1814/1814 1849/1849/1849
f 1847/1847/1847 1846/1846/1846 1849/1849/1849
f 1847/1847/1847 1850/1850/1850 1848/1848/1848
f 1847/1847/1847 1849/1849/1849 1850/1850/1850
f 1851/1851/1851 1849/1849/1849 1814/1814/1814
f 1850/1850/1850 1849/1849/1849 1851/1851/1851
f 1851/1851/1851 1814/1814/1814 1852/1852/1852
f 1853/1853/1853 1848/1848/1848 1850/1850/1850
f 1850/1850/1850 1851/1851/1851 1853/1853/1853
f 1853/1853/1853 1854/1854/1854 1848/1848/1848
f 1855/1855/1855 1854/1854/1854 1853/1853/1853
f 1852/1852/1852 1856/1856/1856 1851/1851/1851
f 1856/1856/1856 1853/1853/1853 1851/1851/1851
f 1852/1852/1852 1857/1857/1857 1856/1856/1856
f 1856/1856/1856 1857/1857/1857 1858/1858/1858
f 1856/1856/1856 1858/1858/1858 1859/1859/1859
f 1855/1855/1855 1853/1853/1853 1860/1860/1860
f 1856/1856/1856 1860/1860/1860 1853/1853/1853
f 1859/1859/1859 1860/1860/1860 1856/1856/1856
f 1860/1860/1860 1861/1861/1861 1855/1855/1855
f 1859/1859/1859 1862/1862/1862 1860/1860/1860
f 1860/1860/1860 1862/1862/1862 1861/1861/1861
f 1863/1863/1863 606/606/606 608/608/608
f 1863/1863/1863 1864/1864/1864 606/606/606
f 1863/1863/1863 1865/1865/1865 1864/1864/1864
f 1866/1866/1866 1863/1863/1863 608/608/608
f 1866/1866/1866 608/608/608 588/588/588
f 1866/1866/1866 588/588/588 579/579/579
f 1863/1863/1863 1867/1867/1867 1865/1865/1865
f 1863/1863/1863 1866/1866/1866 1867/1867/1867
f 1867/1867/1867 1868/1868/1868 1865/1865/1865
f 1866/1866/1866 579/579/579 1869/1869/1869
f 1869/1869/1869 1867/1867/1867 1866/1866/1866
f 1870/1870/1870 1869/1869/1869 579/579/579
f 1870/1870/1870 579/579/579 1871/1871/1871
f 1869/1869/1869 1872/1872/1872 1867/1867/1867
f 1867/1867/1867 1872/1872/1872 1868/1868/1868
f 1870/1870/1870 1872/1872/1872 1869/1869/1869
f 1873/1873/1873 1868/1868/1868 1872/1872/1872
f 1870/1870/1870 1873/1873/1873 1872/1872/1872
f 1873/1873/1873 1874/1874/1874 1868/1868/1868
f 1873/1873/1873 1875/1875/1875 1874/1874/1874
f 1873/1873/1873 1876/1876/1876 1875/1875/1875
f 1870/1870/1870 1876/1876/1876 1873/1873/1873
f 1870/1870/1870 1877/1877/1877 1876/1876/1876
f 1876/1876/1876 1878/1878/1878 1875/1875/1875
f 1876/1876/1876 1879/1879/1879 1878/1878/1878
f 1876/1876/1876 1880/1880/1880 1879/1879/1879
f 1876/1876/1876 1877/1877/1877 1880/1880/1880
f 1877/1877/1877 1881/1881/1881 1880/1880/1880
f 1877/1877/1877 1882/1882/1882 1881/1881/1881
f 1877/1877/1877 1883/1883/1883 1882/1882/1882
f 1884/1884/1884 1877/1877/1877 1870/1870/1870
f 1884/1884/1884 1870/1870/1870 1871/1871/1871
f 1884/1884/1884 1871/1871/1871 1885/1885/1885
f 1884/1884/1884 1885/1885/1885 1886/1886/1886
f 1877/1877/1877 1887/1887/1887 1883/1883/1883
f 1884/1884/1884 1887/1887/1887 1877/1877/1877
f 1887/1887/1887 1888/1888/1888 1883/1883/1883
f 1884/1884/1884 1886/1886/1886 1889/1889/1889
f 1889/1889/1889 1887/1887/1887 1884/1884/1884
f 1887/1887/1887 1890/1890/1890 1888/1888/1888
f 1889/1889/1889 1890/1890/1890 1887/1887/1887
f 1891/1891/1891 1889/1889/1889 1886/1886/1886
f 1891/1891/1891 1890/1890/1890 1889/1889/1889
f 1891/1891/1891 1886/1886/1886 1892/1892/1892
f 1893/1893/1893 1892/1892/1892 1886/1886/1886
f 1894/1894/1894 1888/1888/1888 1890/1890/1890
f 1891/1891/1891 1894/1894/1894 1890/1890/1890
f 1894/1894/1894 1895/1895/1895 1888/1888/1888
f 1896/1896/1896 1895/1895/1895 1894/1894/1894
f 1894/1894/1894 1891/1891/1891 1897/1897/1897
f 1896/1896/1896 1894/1894/1894 1897/1897/1897
f 1892/1892/1892 1897/1897/1897 1891/1891/1891
f 1897/1897/1897 1898/1898/1898 1896/1896/1896
f 1892/1892/1892 1899/1899/1899 1897/1897/1897
f 1897/1897/1897 1899/1899/1899 1898/1898/1898
f 1893/1893/1893 1899/1899/1899 1892/1892/1892
f 1900/1900/1900 1898/1898/1898 1899/1899/1899
f 1893/1893/1893 1900/1900/1900 1899/1899/1899
f 1900/1900/1900 1901/1901/1901 1898/1898/1898
f 1902/1902/1902 1901/1901/1901 1900/1900/1900
f 1902/1902/1902 1900/1900/1900 1903/1903/1903
f 1900/1900/1900 1893/1893/1893 1903/1903/1903
f 1903/1903/1903 1904/1904/1904 1902/1902/1902
f 1905/1905/1905 1903/1903/1903 1893/1893/1893
f 1893/1893/1893 1886/1886/1886 1905/1905/1905
f 1903/1903/1903 1906/1906/1906 1904/1904/1904
f 1905/1905/1905 1906/1906/1906 1903/1903/1903
f 1907/1907/1907 1904/1904/1904 1906/1906/1906
f 1907/1907/1907 1908/1908/1908 1904/1904/1904
f 1907/1907/1907 1909/1909/1909 1908/1908/1908
f 1910/1910/1910 1906/1906/1906 1905/1905/1905
f 1910/1910/1910 1907/1907/1907 1906/1906/1906
f 1910/1910/1910 1905/1905/1905 1886/1886/1886
f 1907/1907/1907 1911/1911/1911 1909/1909/1909
f 1910/1910/1910 1911/1911/1911 1907/1907/1907
f 1911/1911/1911 1912/1912/1912 1909/1909/1909
f 1913/1913/1913 1911/1911/1911 1910/1910/1910
f 1910/1910/1910 1886/1886/1886 1913/1913/1913
f 1911/1911/1911 1914/1914/1914 1912/1912/1912
f 1913/1913/1913 1914/1914/1914 1911/1911/1911
f 1915/1915/1915 1912/1912/1912 1914/1914/1914
f 1915/1915/1915 1916/1916/1916 1912/1912/1912
f 1915/1915/1915 1917/1917/1917 1916/1916/1916
f 1918/1918/1918 1914/1914/1914 1913/1913/1913
f 1918/1918/1918 1915/1915/1915 1914/1914/1914
f 1918/1918/1918 1913/1913/1913 1886/1886/1886
f 1915/1915/1915 1919/1919/1919 1917/1917/1917
f 1918/1918/1918 1919/1919/1919 1915/1915/1915
f 1919/1919/1919 1920/1920/1920 1917/1917/1917
f 1918/1918/1918 1886/1886/1886 1921/1921/1921
f 1919/1919/1919 1918/1918/1918 1921/1921/1921
f 1919/1919/1919 1922/1922/1922 1920/1920/1920
f 1919/1919/1919 1921/1921/1921 1922/1922/1922
f 1923/1923/1923 1921/1921/1921 1886/1886/1886
f 1922/1922/1922 1921/1921/1921 1923/1923/1923
f 1923/1923/1923 1886/1886/1886 1924/1924/1924
f 1925/1925/1925 1920/1920/1920 1922/1922/1922
f 1922/1922/1922 1923/1923/1923 1925/1925/1925
f 1925/1925/1925 1926/1926/1926 1920/1920/1920
f 1925/1925/1925 1927/1927/1927 1926/1926/1926
f 1928/1928/1928 1923/1923/1923 1924/1924/1924
f 1928/1928/1928 1925/1925/1925 1923/1923/1923
f 1928/1928/1928 1924/1924/1924 1929/1929/1929
f 1928/1928/1928 1929/1929/1929 1930/1930/1930
f 1928/1928/1928 1930/1930/1930 1931/1931/1931
f 1925/1925/1925 1932/1932/1932 1927/1927/1927
f 1928/1928/1928 1932/1932/1932 1925/1925/1925
f 1932/1932/1932 1928/1928/1928 1931/1931/1931
f 1932/1932/1932 1933/1933/1933 1927/1927/1927
f 1932/1932/1932 1931/1931/1931 1934/1934/1934
f 1932/1932/1932 1934/1934/1934 1933/1933/1933
f 1935/1935/1935 1937/1937/1937 1936/1936/1936
f 1938/1938/1938 1937/1937/1937 1935/1935/1935
f 1938/1938/1938 1935/1935/1935 1939/1939/1939
f 1939/1939/1939 1940/1940/1940 1938/1938/1938
f 1939/1939/1939 1941/1941/1941 1940/1940/1940
f 1939/1939/1939 1942/1942/1942 1941/1941/1941
f 1939/1939/1939 1943/1943/1943 1942/1942/1942
f 1935/1935/1935 1943/1943/1943 1939/1939/1939
f 1943/1943/1943 1944/1944/1944 1942/1942/1942
f 1935/1935/1935 1936/1936/1936 1945/1945/1945
f 1935/1935/1935 1946/1946/1946 1943/1943/1943
f 1945/1945/1945 1946/1946/1946 1935/1935/1935
f 1947/1947/1947 1945/1945/1945 1936/1936/1936
f 1947/1947/1947 1936/1936/1936 1948/1948/1948
f 1945/1945/1945 1949/1949/1949 1946/1946/1946
f 1947/1947/1947 1949/1949/1949 1945/1945/1945
f 1950/1950/1950 1947/1947/1947 1948/1948/1948
f 1950/1950/1950 1948/1948/1948 1951/1951/1951
f 1950/1950/1950 1951/1951/1951 1952/1952/1952
f 1953/1953/1953 1952/1952/1952 1951/1951/1951
f 1943/1943/1943 1954/1954/1954 1944/1944/1944
f 1955/1955/1955 1943/1943/1943 1946/1946/1946
f 1955/1955/1955 1954/1954/1954 1943/1943/1943
f 1946/1946/1946 1949/1949/1949 1956/1956/1956
f 1946/1946/1946 1956/1956/1956 1955/1955/1955
f 1947/1947/1947 1332/1332/1332 1949/1949/1949
f 1332/1332/1332 1956/1956/1956 1949/1949/1949
f 1947/1947/1947 1950/1950/1950 1338/1338/1338
f 1947/1947/1947 1338/1338/1338 1332/1332/1332
f 1957/1957/1957 1944/1944/1944 1954/1954/1954
f 1957/1957/1957 1958/1958/1958 1944/1944/1944
f 1957/1957/1957 1959/1959/1959 1958/1958/1958
f 1960/1960/1960 1954/1954/1954 1955/1955/1955
f 1960/1960/1960 1955/1955/1955 1956/1956/1956
f 1960/1960/1960 1957/1957/1957 1954/1954/1954
f 1957/1957/1957 1961/1961/1961 1959/1959/1959
f 1960/1960/1960 1961/1961/1961 1957/1957/1957
f 1961/1961/1961 1962/1962/1962 1959/1959/1959
f 1961/1961/1961 1963/1963/1963 1962/1962/1962
f 1964/1964/1964 1963/1963/1963 1961/1961/1961
f 1964/1964/1964 1961/1961/1961 1965/1965/1965
f 1960/1960/1960 1965/1965/1965 1961/1961/1961
f 1965/1965/1965 1966/1966/1966 1964/1964/1964
f 1960/1960/1960 1956/1956/1956 1967/1967/1967
f 1967/1967/1967 1965/1965/1965 1960/1960/1960
f 1332/1332/1332 1967/1967/1967 1956/1956/1956
f 1967/1967/1967 1968/1968/1968 1965/1965/1965
f 1332/1332/1332 1968/1968/1968 1967/1967/1967
f 1965/1965/1965 1968/1968/1968 1966/1966/1966
f 1332/1332/1332 1969/1969/1969 1968/1968/1968
f 1969/1969/1969 1966/1966/1966 1968/1968/1968
f 1969/1969/1969 1970/1970/1970 1966/1966/1966
f 1969/1969/1969 1971/1971/1971 1970/1970/1970
f 1969/1969/1969 1972/1972/1972 1971/1971/1971
f 1973/1973/1973 1966/1966/1966 1970/1970/1970
f 1973/1973/1973 1974/1974/1974 1966/1966/1966
f 1973/1973/1973 1975/1975/1975 1974/1974/1974
f 1972/1972/1972 1976/1976/1976 1971/1971/1971
f 1972/1972/1972 1977/1977/1977 1976/1976/1976
f 1970/1970/1970 1971/1971/1971 1978/1978/1978
f 1970/1970/1970 1978/1978/1978 1973/1973/1973
f 1973/1973/1973 1979/1979/1979 1975/1975/1975
f 1979/1979/1979 1980/1980/1980 1975/1975/1975
f 1979/1979/1979 1981/1981/1981 1980/1980/1980
f 1979/1979/1979 1982/1982/1982 1981/1981/1981
f 1973/1973/1973 1983/1983/1983 1979/1979/1979
f 1979/1979/1979 1983/1983/1983 1982/1982/1982
f 1973/1973/1973 1978/1978/1978 1983/1983/1983
f 1983/1983/1983 1984/1984/1984 1982/1982/1982
f 1983/1983/1983 1985/1985/1985 1984/1984/1984
f 1978/1978/1978 1985/1985/1985 1983/1983/1983
f 1985/1985/1985 1986/1986/1986 1984/1984/1984
f 1971/1971/1971 1987/1987/1987 1978/1978/1978
f 1978/1978/1978 1987/1987/1987 1985/1985/1985
f 1971/1971/1971 1976/1976/1976 1987/1987/1987
f 1985/1985/1985 1988/1988/1988 1986/1986/1986
f 1987/1987/1987 1988/1988/1988 1985/1985/1985
f 1988/1988/1988 1989/1989/1989 1986/1986/1986
f 1976/1976/1976 1990/1990/1990 1987/1987/1987
f 1987/1987/1987 1990/1990/1990 1988/1988/1988
f 1988/1988/1988 1991/1991/1991 1989/1989/1989
f 1990/1990/1990 1991/1991/1991 1988/1988/1988
f 1991/1991/1991 1992/1992/1992 1989/1989/1989
f 1991/1991/1991 1993/1993/1993 1992/1992/1992
f 1991/1991/1991 1994/1994/1994 1993/1993/1993
f 1991/1991/1991 1995/1995/1995 1994/1994/1994
f 1990/1990/1990 1995/1995/1995 1991/1991/1991
f 1995/1995/1995 1996/1996/1996 1994/1994/1994
f 1976/1976/1976 1997/1997/1997 1990/1990/1990
f 1997/1997/1997 1995/1995/1995 1990/1990/1990
f 1977/1977/1977 1997/1997/1997 1976/1976/1976
f 1977/1977/1977 1998/1998/1998 1997/1997/1997
f 1997/1997/1997 1999/1999/1999 1995/1995/1995
f 1998/1998/1998 1999/1999/1999 1997/1997/1997
f 1995/1995/1995 1999/1999/1999 1996/1996/1996
f 1998/1998/1998 2000/2000/2000 1999/1999/1999
f 2000/2000/2000 1996/1996/1996 1999/1999/1999
f 2000/2000/2000 2001/2001/2001 1996/1996/1996
f 2000/2000/2000 2002/2002/2002 2001/2001/2001
f 2000/2000/2000 1300/1300/1300 2002/2002/2002
f 2003/2003/2003 1996/1996/1996 2001/2001/2001
f 2003/2003/2003 2004/2004/2004 1996/1996/1996
f 2003/2003/2003 2005/2005/2005 2004/2004/2004
f 2001/2001/2001 2002/2002/2002 2006/2006/2006
f 2001/2001/2001 2006/2006/2006 2003/2003/2003
f 2003/2003/2003 2007/2007/2007 2005/2005/2005
f 2007/2007/2007 2008/2008/2008 2005/2005/2005
f 2007/2007/2007 2009/2009/2009 2008/2008/2008
f 2007/2007/2007 2010/2010/2010 2009/2009/2009
f 2003/2003/2003 2011/2011/2011 2007/2007/2007
f 2007/2007/2007 2011/2011/2011 2010/2010/2010
f 2003/2003/2003 2006/2006/2006 2011/2011/2011
f 2011/2011/2011 2012/2012/2012 2010/2010/2010
f 2006/2006/2006 2002/2002/2002 2013/2013/2013
f 1300/1300/1300 2013/2013/2013 2002/2002/2002
f 2011/2011/2011 2006/2006/2006 2014/2014/2014
f 2006/2006/2006 2013/2013/2013 2014/2014/2014
f 2011/2011/2011 2015/2015/2015 2012/2012/2012
f 2011/2011/2011 2014/2014/2014 2015/2015/2015
f 2016/2016/2016 2014/2014/2014 2013/2013/2013
f 2015/2015/2015 2014/2014/2014 2016/2016/2016
f 2017/2017/2017 2012/2012/2012 2015/2015/2015
f 2015/2015/2015 2016/2016/2016 2017/2017/2017
f 2017/2017/2017 2018/2018/2018 2012/2012/2012
f 2017/2017/2017 2019/2019/2019 2018/2018/2018
f 2017/2017/2017 2020/2020/2020 2019/2019/2019
f 2016/2016/2016 2020/2020/2020 2017/2017/2017
f 2020/2020/2020 2021/2021/2021 2019/2019/2019
f 2020/2020/2020 2022/2022/2022 2021/2021/2021
f 2023/2023/2023 2022/2022/2022 2020/2020/2020
f 2023/2023/2023 2020/2020/2020 2024/2024/2024
f 2016/2016/2016 2024/2024/2024 2020/2020/2020
f 2024/2024/2024 2025/2025/2025 2023/2023/2023
f 2016/2016/2016 2013/2013/2013 2026/2026/2026
f 2026/2026/2026 2024/2024/2024 2016/2016/2016
f 1300/1300/1300 2026/2026/2026 2013/2013/2013
f 2026/2026/2026 2027/2027/2027 2024/2024/2024
f 2024/2024/2024 2027/2027/2027 2025/2025/2025
f 1300/1300/1300 2027/2027/2027 2026/2026/2026
f 2028/2028/2028 2025/2025/2025 2027/2027/2027
f 1300/1300/1300 2028/2028/2028 2027/2027/2027
f 2028/2028/2028 2029/2029/2029 2025/2025/2025
f 2030/2030/2030 2029/2029/2029 2028/2028/2028
f 1300/1300/1300 2031/2031/2031 2028/2028/2028
f 2030/2030/2030 2028/2028/2028 2031/2031/2031
f 1300/1300/1300 1299/1299/1299 2031/2031/2031
f 2031/2031/2031 2032/2032/2032 2030/2030/2030
f 2033/2033/2033 2030/2030/2030 2032/2032/2032
f 2033/2033/2033 2032/2032/2032 2034/2034/2034
f 2034/2034/2034 2035/2035/2035 2033/2033/2033
f 2036/2036/2036 2031/2031/2031 1299/1299/1299
f 2031/2031/2031 2037/2037/2037 2032/2032/2032
f 2036/2036/2036 2037/2037/2037 2031/2031/2031
f 2038/2038/2038 2034/2034/2034 2032/2032/2032
f 2038/2038/2038 2032/2032/2032 2037/2037/2037
f 2034/2034/2034 2039/2039/2039 2035/2035/2035
f 2038/2038/2038 2039/2039/2039 2034/2034/2034
f 2040/2040/2040 2038/2038/2038 2037/2037/2037
f 2040/2040/2040 2037/2037/2037 2036/2036/2036
f 2041/2041/2041 2036/2036/2036 1299/1299/1299
f 2041/2041/2041 1299/1299/1299 2042/2042/2042
f 2035/2035/2035 2039/2039/2039 2043/2043/2043
f 2035/2035/2035 2043/2043/2043 2044/2044/2044
f 2045/2045/2045 2044/2044/2044 2043/2043/2043
f 2038/2038/2038 2046/2046/2046 2039/2039/2039
f 2046/2046/2046 2043/2043/2043 2039/2039/2039
f 2040/2040/2040 2046/2046/2046 2038/2038/2038
f 2045/2045/2045 2043/2043/2043 2047/2047/2047
f 2046/2046/2046 2047/2047/2047 2043/2043/2043
f 2047/2047/2047 2048/2048/2048 2045/2045/2045
f 2047/2047/2047 2049/2049/2049 2048/2048/2048
f 2046/2046/2046 2049/2049/2049 2047/2047/2047
f 2049/2049/2049 2050/2050/2050 2048/2048/2048
f 2051/2051/2051 2040/2040/2040 2036/2036/2036
f 2051/2051/2051 2036/2036/2036 2041/2041/2041
f 2040/2040/2040 2052/2052/2052 2046/2046/2046
f 2046/2046/2046 2052/2052/2052 2049/2049/2049
f 2051/2051/2051 2052/2052/2052 2040/2040/2040
f 2049/2049/2049 2053/2053/2053 2050/2050/2050
f 2052/2052/2052 2053/2053/2053 2049/2049/2049
f 2053/2053/2053 2054/2054/2054 2050/2050/2050
f 2051/2051/2051 2055/2055/2055 2052/2052/2052
f 2052/2052/2052 2055/2055/2055 2053/2053/2053
f 2053/2053/2053 2056/2056/2056 2054/2054/2054
f 2055/2055/2055 2056/2056/2056 2053/2053/2053
f 2056/2056/2056 2057/2057/2057 2054/2054/2054
f 2058/2058/2058 2051/2051/2051 2041/2041/2041
f 2058/2058/2058 2055/2055/2055 2051/2051/2051
f 2056/2056/2056 2059/2059/2059 2057/2057/2057
f 2059/2059/2059 2060/2060/2060 2057/2057/2057
f 2055/2055/2055 2061/2061/2061 2056/2056/2056
f 2058/2058/2058 2061/2061/2061 2055/2055/2055
f 2061/2061/2061 2059/2059/2059 2056/2056/2056
f 2058/2058/2058 2041/2041/2041 2062/2062/2062
f 2062/2062/2062 2041/2041/2041 2042/2042/2042
f 2062/2062/2062 2042/2042/2042 2063/2063/2063
f 2059/2059/2059 2064/2064/2064 2060/2060/2060
f 2064/2064/2064 2065/2065/2065 2060/2060/2060
f 2061/2061/2061 2066/2066/2066 2059/2059/2059
f 2066/2066/2066 2064/2064/2064 2059/2059/2059
f 2067/2067/2067 2061/2061/2061 2058/2058/2058
f 2067/2067/2067 2058/2058/2058 2062/2062/2062
f 2067/2067/2067 2066/2066/2066 2061/2061/2061
f 2068/2068/2068 2062/2062/2062 2063/2063/2063
f 2067/2067/2067 2062/2062/2062 2068/2068/2068
f 2068/2068/2068 2063/2063/2063 2069/2069/2069
f 2064/2064/2064 2070/2070/2070 2065/2065/2065
f 2070/2070/2070 2071/2071/2071 2065/2065/2065
f 2066/2066/2066 2072/2072/2072 2064/2064/2064
f 2072/2072/2072 2070/2070/2070 2064/2064/2064
f 2073/2073/2073 2066/2066/2066 2067/2067/2067
f 2073/2073/2073 2067/2067/2067 2068/2068/2068
f 2073/2073/2073 2072/2072/2072 2066/2066/2066
f 2074/2074/2074 2068/2068/2068 2069/2069/2069
f 2073/2073/2073 2068/2068/2068 2074/2074/2074
f 2074/2074/2074 2069/2069/2069 2075/2075/2075
f 2070/2070/2070 2076/2076/2076 2071/2071/2071
f 2076/2076/2076 2077/2077/2077 2071/2071/2071
f 2072/2072/2072 2078/2078/2078 2070/2070/2070
f 2078/2078/2078 2076/2076/2076 2070/2070/2070
f 2079/2079/2079 2072/2072/2072 2073/2073/2073
f 2079/2079/2079 2073/2073/2073 2074/2074/2074
f 2079/2079/2079 2078/2078/2078 2072/2072/2072
f 2080/2080/2080 2074/2074/2074 2075/2075/2075
f 2079/2079/2079 2074/2074/2074 2080/2080/2080
f 2080/2080/2080 2075/2075/2075 2081/2081/2081
f 2082/2082/2082 2078/2078/2078 2079/2079/2079
f 2082/2082/2082 2079/2079/2079 2080/2080/2080
f 2083/2083/2083 2080/2080/2080 2081/2081/2081
f 2082/2082/2082 2080/2080/2080 2083/2083/2083
f 2083/2083/2083 2081/2081/2081 1338/1338/1338
f 2078/2078/2078 2084/2084/2084 2076/2076/2076
f 2082/2082/2082 2084/2084/2084 2078/2078/2078
f 2076/2076/2076 2085/2085/2085 2077/2077/2077
f 2084/2084/2084 2085/2085/2085 2076/2076/2076
f 2086/2086/2086 2082/2082/2082 2083/2083/2083
f 2086/2086/2086 2084/2084/2084 2082/2082/2082
f 2087/2087/2087 2083/2083/2083 1338/1338/1338
f 2086/2086/2086 2083/2083/2083 2087/2087/2087
f 2087/2087/2087 1338/1338/1338 1950/1950/1950
f 1950/1950/1950 1952/1952/1952 2087/2087/2087
f 2086/2086/2086 2087/2087/2087 1952/1952/1952
f 2077/2077/2077 2085/2085/2085 2088/2088/2088
f 2077/2077/2077 2088/2088/2088 2089/2089/2089
f 2090/2090/2090 2089/2089/2089 2088/2088/2088
f 2084/2084/2084 2091/2091/2091 2085/2085/2085
f 2086/2086/2086 2091/2091/2091 2084/2084/2084
f 2091/2091/2091 2088/2088/2088 2085/2085/2085
f 2086/2086/2086 1952/1952/1952 2092/2092/2092
f 2091/2091/2091 2086/2086/2086 2092/2092/2092
f 1953/1953/1953 2092/2092/2092 1952/1952/1952
f 2090/2090/2090 2088/2088/2088 2093/2093/2093
f 2091/2091/2091 2093/2093/2093 2088/2088/2088
f 2093/2093/2093 1953/1953/1953 2090/2090/2090
f 2091/2091/2091 2092/2092/2092 2093/2093/2093
f 2093/2093/2093 2092/2092/2092 1953/1953/1953
f 2094/2094/2094 2096/2096/2096 2095/2095/2095
f 2094/2094/2094 2095/2095/2095 2097/2097/2097
f 2094/2094/2094 2098/2098/2098 2096/2096/2096
f 2094/2094/2094 2099/2099/2099 2098/2098/2098
f 2099/2099/2099 2100/2100/2100 2098/2098/2098
f 2099/2099/2099 2101/2101/2101 2100/2100/2100
f 2099/2099/2099 2102/2102/2102 2101/2101/2101
f 2097/2097/2097 2103/2103/2103 2094/2094/2094
f 2099/2099/2099 2094/2094/2094 2103/2103/2103
f 2097/2097/2097 2104/2104/2104 2103/2103/2103
f 2103/2103/2103 2104/2104/2104 2105/2105/2105
f 2103/2103/2103 2105/2105/2105 2106/2106/2106
f 2106/2106/2106 2107/2107/2107 2103/2103/2103
f 2106/2106/2106 2108/2108/2108 2107/2107/2107
f 2108/2108/2108 2109/2109/2109 2107/2107/2107
f 2108/2108/2108 2110/2110/2110 2109/2109/2109
f 2109/2109/2109 2110/2110/2110 2111/2111/2111
f 2099/2099/2099 2103/2103/2103 2112/2112/2112
f 2109/2109/2109 2111/2111/2111 2113/2113/2113
f 2099/2099/2099 2114/2114/2114 2102/2102/2102
f 2114/2114/2114 2099/2099/2099 2112/2112/2112
f 2114/2114/2114 2112/2112/2112 2109/2109/2109
f 2114/2114/2114 2109/2109/2109 2113/2113/2113
f 2114/2114/2114 2115/2115/2115 2102/2102/2102
f 2114/2114/2114 2113/2113/2113 2116/2116/2116
f 2114/2114/2114 2116/2116/2116 2115/2115/2115
f 2117/2117/2117 2119/2119/2119 2118/2118/2118
f 2118/2118/2118 2120/2120/2120 2117/2117/2117
f 2117/2117/2117 2121/2121/2121 2119/2119/2119
f 2118/2118/2118 2122/2122/2122 2120/2120/2120
f 2120/2120/2120 2122/2122/2122 2123/2123/2123
f 2124/2124/2124 2121/2121/2121 2117/2117/2117
f 2120/2120/2120 2123/2123/2123 2125/2125/2125
f 2124/2124/2124 2117/2117/2117 2126/2126/2126
f 2126/2126/2126 2127/2127/2127 2124/2124/2124
f 2126/2126/2126 2128/2128/2128 2127/2127/2127
f 2126/2126/2126 2129/2129/2129 2128/2128/2128
f 2117/2117/2117 2130/2130/2130 2126/2126/2126
f 2117/2117/2117 2120/2120/2120 2130/2130/2130
f 2126/2126/2126 2131/2131/2131 2129/2129/2129
f 2131/2131/2131 2132/2132/2132 2129/2129/2129
f 2131/2131/2131 2133/2133/2133 2132/2132/2132
f 2120/2120/2120 2133/2133/2133 2130/2130/2130
f 2133/2133/2133 2134/2134/2134 2132/2132/2132
f 2133/2133/2133 2135/2135/2135 2134/2134/2134
f 2136/2136/2136 2135/2135/2135 2133/2133/2133
f 2125/2125/2125 2137/2137/2137 2120/2120/2120
f 2120/2120/2120 2137/2137/2137 2133/2133/2133
f 2136/2136/2136 2133/2133/2133 2137/2137/2137
f 2125/2125/2125 2138/2138/2138 2137/2137/2137
f 2137/2137/2137 2139/2139/2139 2136/2136/2136
f 2137/2137/2137 2138/2138/2138 2139/2139/2139
f 2140/2140/2140 2142/2142/2142 2141/2141/2141
f 2140/2140/2140 2141/2141/2141 2143/2143/2143
f 2144/2144/2144 2142/2142/2142 2140/2140/2140
f 2145/2145/2145 2140/2140/2140 2143/2143/2143
f 2145/2145/2145 2143/2143/2143 2146/2146/2146
f 2144/2144/2144 2140/2140/2140 2147/2147/2147
f 2145/2145/2145 2147/2147/2147 2140/2140/2140
f 2147/2147/2147 2148/2148/2148 2144/2144/2144
f 2147/2147/2147 2149/2149/2149 2148/2148/2148
f 2150/2150/2150 2149/2149/2149 2147/2147/2147
f 2150/2150/2150 2147/2147/2147 2151/2151/2151
f 2145/2145/2145 2151/2151/2151 2147/2147/2147
f 2152/2152/2152 2150/2150/2150 2151/2151/2151
f 2153/2153/2153 2145/2145/2145 2146/2146/2146
f 2153/2153/2153 2151/2151/2151 2145/2145/2145
f 2153/2153/2153 2146/2146/2146 2154/2154/2154
f 2152/2152/2152 2151/2151/2151 2155/2155/2155
f 2153/2153/2153 2155/2155/2155 2151/2151/2151
f 2156/2156/2156 2152/2152/2152 2155/2155/2155
f 2157/2157/2157 2153/2153/2153 2154/2154/2154
f 2157/2157/2157 2155/2155/2155 2153/2153/2153
f 2157/2157/2157 2154/2154/2154 2158/2158/2158
f 2156/2156/2156 2155/2155/2155 2159/2159/2159
f 2157/2157/2157 2159/2159/2159 2155/2155/2155
f 2160/2160/2160 2156/2156/2156 2159/2159/2159
f 2161/2161/2161 2157/2157/2157 2158/2158/2158
f 2161/2161/2161 2159/2159/2159 2157/2157/2157
f 2161/2161/2161 2158/2158/2158 2162/2162/2162
f 2161/2161/2161 2162/2162/2162 2163/2163/2163
f 2161/2161/2161 2163/2163/2163 2164/2164/2164
f 2160/2160/2160 2159/2159/2159 2165/2165/2165
f 2161/2161/2161 2165/2165/2165 2159/2159/2159
f 2165/2165/2165 2161/2161/2161 2164/2164/2164
f 2165/2165/2165 2166/2166/2166 2160/2160/2160
f 2165/2165/2165 2164/2164/2164 2167/2167/2167
f 2165/2165/2165 2167/2167/2167 2166/2166/2166
f 2168/2168/2168 2170/2170/2170 2169/2169/2169
f 2168/2168/2168 2171/2171/2171 2170/2170/2170
f 2172/2172/2172 2168/2168/2168 2169/2169/2169
f 2168/2168/2168 2173/2173/2173 2171/2171/2171
f 2168/2168/2168 2172/2172/2172 2174/2174/2174
f 2174/2174/2174 2172/2172/2172 2175/2175/2175
f 2176/2176/2176 2175/2175/2175 2172/2172/2172
f 2173/2173/2173 2168/2168/2168 2177/2177/2177
f 2178/2178/2178 2173/2173/2173 2177/2177/2177
f 2173/2173/2173 2178/2178/2178 2179/2179/2179
f 2178/2178/2178 2180/2180/2180 2179/2179/2179
f 2178/2178/2178 2181/2181/2181 2180/2180/2180
f 2178/2178/2178 2182/2182/2182 2181/2181/2181
f 2174/2174/2174 2183/2183/2183 2168/2168/2168
f 2177/2177/2177 2168/2168/2168 2183/2183/2183
f 2174/2174/2174 2184/2184/2184 2183/2183/2183
f 2175/2175/2175 2184/2184/2184 2174/2174/2174
f 2184/2184/2184 2177/2177/2177 2183/2183/2183
f 2175/2175/2175 2176/2176/2176 2185/2185/2185
f 2175/2175/2175 2186/2186/2186 2184/2184/2184
f 2185/2185/2185 2186/2186/2186 2175/2175/2175
f 2184/2184/2184 2187/2187/2187 2177/2177/2177
f 2186/2186/2186 2187/2187/2187 2184/2184/2184
f 2185/2185/2185 2188/2188/2188 2186/2186/2186
f 2186/2186/2186 2189/2189/2189 2187/2187/2187
f 2185/2185/2185 2176/2176/2176 2190/2190/2190
f 2190/2190/2190 2188/2188/2188 2185/2185/2185
f 2190/2190/2190 2191/2191/2191 2188/2188/2188
f 2192/2192/2192 2190/2190/2190 2176/2176/2176
f 2193/2193/2193 2191/2191/2191 2190/2190/2190
f 2190/2190/2190 2192/2192/2192 2193/2193/2193
f 2193/2193/2193 2194/2194/2194 2191/2191/2191
f 2195/2195/2195 2194/2194/2194 2193/2193/2193
f 2193/2193/2193 2192/2192/2192 2195/2195/2195
f 2195/2195/2195 2196/2196/2196 2194/2194/2194
f 2192/2192/2192 2197/2197/2197 2195/2195/2195
f 2197/2197/2197 2196/2196/2196 2195/2195/2195
f 2197/2197/2197 2192/2192/2192 2198/2198/2198
f 2189/2189/2189 2199/2199/2199 2187/2187/2187
f 2189/2189/2189 2200/2200/2200 2199/2199/2199
f 2197/2197/2197 2201/2201/2201 2196/2196/2196
f 2201/2201/2201 2202/2202/2202 2196/2196/2196
f 2197/2197/2197 2198/2198/2198 2203/2203/2203
f 2203/2203/2203 2201/2201/2201 2197/2197/2197
f 2203/2203/2203 2198/2198/2198 2204/2204/2204
f 2203/2203/2203 2204/2204/2204 2205/2205/2205
f 2201/2201/2201 2206/2206/2206 2202/2202/2202
f 2206/2206/2206 2207/2207/2207 2202/2202/2202
f 2203/2203/2203 2208/2208/2208 2201/2201/2201
f 2205/2205/2205 2208/2208/2208 2203/2203/2203
f 2208/2208/2208 2206/2206/2206 2201/2201/2201
f 2208/2208/2208 2205/2205/2205 2209/2209/2209
f 2208/2208/2208 2209/2209/2209 2206/2206/2206
f 2209/2209/2209 2205/2205/2205 2210/2210/2210
f 2209/2209/2209 2211/2211/2211 2206/2206/2206
f 2206/2206/2206 2211/2211/2211 2207/2207/2207
f 2210/2210/2210 2212/2212/2212 2209/2209/2209
f 2209/2209/2209 2212/2212/2212 2211/2211/2211
f 2212/2212/2212 2210/2210/2210 2213/2213/2213
f 2213/2213/2213 2210/2210/2210 2214/2214/2214
f 2213/2213/2213 2214/2214/2214 2215/2215/2215
f 2213/2213/2213 2215/2215/2215 2216/2216/2216
f 2212/2212/2212 2213/2213/2213 2217/2217/2217
f 2216/2216/2216 2217/2217/2217 2213/2213/2213
f 2212/2212/2212 2217/2217/2217 2211/2211/2211
f 2218/2218/2218 2217/2217/2217 2216/2216/2216
f 2211/2211/2211 2217/2217/2217 2219/2219/2219
f 2211/2211/2211 2219/2219/2219 2207/2207/2207
f 2217/2217/2217 2218/2218/2218 2219/2219/2219
f 2207/2207/2207 2219/2219/2219 2220/2220/2220
f 2218/2218/2218 2220/2220/2220 2219/2219/2219
f 2207/2207/2207 2220/2220/2220 2221/2221/2221
f 2222/2222/2222 2220/2220/2220 2218/2218/2218
f 2221/2221/2221 2220/2220/2220 2223/2223/2223
f 2220/2220/2220 2222/2222/2222 2223/2223/2223
f 2221/2221/2221 2223/2223/2223 2224/2224/2224
f 2224/2224/2224 2223/2223/2223 2225/2225/2225
f 2222/2222/2222 2225/2225/2225 2223/2223/2223
f 2224/2224/2224 2225/2225/2225 2226/2226/2226
f 2222/2222/2222 2227/2227/2227 2225/2225/2225
f 2226/2226/2226 2225/2225/2225 2227/2227/2227
f 2227/2227/2227 2222/2222/2222 2182/2182/2182
f 2226/2226/2226 2227/2227/2227 2200/2200/2200
f 2182/2182/2182 2228/2228/2228 2227/2227/2227
f 2200/2200/2200 2227/2227/2227 2228/2228/2228
f 2182/2182/2182 2178/2178/2178 2228/2228/2228
f 2200/2200/2200 2228/2228/2228 2199/2199/2199
f 2199/2199/2199 2228/2228/2228 2178/2178/2178
f 2199/2199/2199 2178/2178/2178 2229/2229/2229
f 2187/2187/2187 2199/2199/2199 2229/2229/2229
f 2178/2178/2178 2177/2177/2177 2229/2229/2229
f 2187/2187/2187 2229/2229/2229 2177/2177/2177
f 2230/2230/2230 2232/2232/2232 2231/2231/2231
f 2230/2230/2230 2231/2231/2231 2233/2233/2233
f 2234/2234/2234 2232/2232/2232 2230/2230/2230
f 2233/2233/2233 2235/2235/2235 2230/2230/2230
f 2233/2233/2233 2236/2236/2236 2235/2235/2235
f 2234/2234/2234 2230/2230/2230 2237/2237/2237
f 2237/2237/2237 2238/2238/2238 2234/2234/2234
f 2237/2237/2237 2239/2239/2239 2238/2238/2238
f 2237/2237/2237 2240/2240/2240 2239/2239/2239
f 2241/2241/2241 2237/2237/2237 2230/2230/2230
f 2237/2237/2237 2241/2241/2241 2240/2240/2240
f 2241/2241/2241 2230/2230/2230 2235/2235/2235
f 2241/2241/2241 2242/2242/2242 2240/2240/2240
f 2241/2241/2241 2243/2243/2243 2242/2242/2242
f 2243/2243/2243 2241/2241/2241 2235/2235/2235
f 2243/2243/2243 2244/2244/2244 2242/2242/2242
f 2236/2236/2236 2245/2245/2245 2235/2235/2235
f 2243/2243/2243 2235/2235/2235 2245/2245/2245
f 2236/2236/2236 2246/2246/2246 2245/2245/2245
f 2243/2243/2243 2247/2247/2247 2244/2244/2244
f 2247/2247/2247 2243/2243/2243 2245/2245/2245
f 2247/2247/2247 2248/2248/2248 2244/2244/2244
f 2246/2246/2246 2249/2249/2249 2245/2245/2245
f 2247/2247/2247 2245/2245/2245 2249/2249/2249
f 2246/2246/2246 2250/2250/2250 2249/2249/2249
f 2247/2247/2247 2251/2251/2251 2248/2248/2248
f 2251/2251/2251 2247/2247/2247 2249/2249/2249
f 2251/2251/2251 2252/2252/2252 2248/2248/2248
f 2251/2251/2251 2253/2253/2253 2252/2252/2252
f 2251/2251/2251 2254/2254/2254 2253/2253/2253
f 2250/2250/2250 2255/2255/2255 2249/2249/2249
f 2251/2251/2251 2249/2249/2249 2255/2255/2255
f 2251/2251/2251 2255/2255/2255 2254/2254/2254
f 2250/2250/2250 2256/2256/2256 2255/2255/2255
f 2255/2255/2255 2257/2257/2257 2254/2254/2254
f 2255/2255/2255 2256/2256/2256 2257/2257/2257
f 2258/2258/2258 2260/2260/2260 2259/2259/2259
f 2258/2258/2258 2259/2259/2259 2261/2261/2261
f 2262/2262/2262 2258/2258/2258 2261/2261/2261
f 2262/2262/2262 2261/2261/2261 2263/2263/2263
f 2262/2262/2262 2263/2263/2263 2264/2264/2264
f 2258/2258/2258 2265/2265/2265 2260/2260/2260
f 2258/2258/2258 2266/2266/2266 2265/2265/2265
f 2266/2266/2266 2267/2267/2267 2265/2265/2265
f 2266/2266/2266 2268/2268/2268 2267/2267/2267
f 2262/2262/2262 2264/2264/2264 2269/2269/2269
f 2270/2270/2270 2262/2262/2262 2269/2269/2269
f 2270/2270/2270 2269/2269/2269 2271/2271/2271
f 2270/2270/2270 2271/2271/2271 2272/2272/2272
f 2266/2266/2266 2273/2273/2273 2268/2268/2268
f 2270/2270/2270 2272/2272/2272 2274/2274/2274
f 2258/2258/2258 2262/2262/2262 2275/2275/2275
f 2258/2258/2258 2275/2275/2275 2266/2266/2266
f 2266/2266/2266 2276/2276/2276 2273/2273/2273
f 2276/2276/2276 2277/2277/2277 2273/2273/2273
f 2276/2276/2276 2278/2278/2278 2277/2277/2277
f 2279/2279/2279 2278/2278/2278 2276/2276/2276
f 2266/2266/2266 2280/2280/2280 2276/2276/2276
f 2279/2279/2279 2276/2276/2276 2280/2280/2280
f 2266/2266/2266 2275/2275/2275 2280/2280/2280
f 2281/2281/2281 2279/2279/2279 2280/2280/2280
f 2281/2281/2281 2280/2280/2280 2282/2282/2282
f 2275/2275/2275 2282/2282/2282 2280/2280/2280
f 2283/2283/2283 2281/2281/2281 2282/2282/2282
f 2262/2262/2262 2284/2284/2284 2275/2275/2275
f 2275/2275/2275 2284/2284/2284 2282/2282/2282
f 2262/2262/2262 2270/2270/2270 2284/2284/2284
f 2270/2270/2270 2285/2285/2285 2284/2284/2284
f 2283/2283/2283 2282/2282/2282 2286/2286/2286
f 2284/2284/2284 2286/2286/2286 2282/2282/2282
f 2284/2284/2284 2285/2285/2285 2286/2286/2286
f 2286/2286/2286 2287/2287/2287 2283/2283/2283
f 2286/2286/2286 2288/2288/2288 2287/2287/2287
f 2289/2289/2289 2288/2288/2288 2286/2286/2286
f 2289/2289/2289 2286/2286/2286 2285/2285/2285
f 2285/2285/2285 2290/2290/2290 2289/2289/2289
f 2285/2285/2285 2291/2291/2291 2290/2290/2290
f 2292/2292/2292 2291/2291/2291 2285/2285/2285
f 2270/2270/2270 2293/2293/2293 2285/2285/2285
f 2292/2292/2292 2285/2285/2285 2293/2293/2293
f 2293/2293/2293 2270/2270/2270 2274/2274/2274
f 2293/2293/2293 2294/2294/2294 2292/2292/2292
f 2293/2293/2293 2274/2274/2274 2295/2295/2295
f 2293/2293/2293 2295/2295/2295 2294/2294/2294
f 2296/2296/2296 2298/2298/2298 2297/2297/2297
f 2299/2299/2299 2296/2296/2296 2297/2297/2297
f 2299/2299/2299 2300/2300/2300 2296/2296/2296
f 2296/2296/2296 2301/2301/2301 2298/2298/2298
f 2302/2302/2302 2301/2301/2301 2296/2296/2296
f 2302/2302/2302 2296/2296/2296 2300/2300/2300
f 2299/2299/2299 2297/2297/2297 2303/2303/2303
f 2300/2300/2300 2304/2304/2304 2302/2302/2302
f 2299/2299/2299 2303/2303/2303 2305/2305/2305
f 2300/2300/2300 2306/2306/2306 2304/2304/2304
f 2299/2299/2299 2305/2305/2305 2307/2307/2307
f 2308/2308/2308 2306/2306/2306 2300/2300/2300
f 2308/2308/2308 2300/2300/2300 2309/2309/2309
f 2309/2309/2309 2310/2310/2310 2308/2308/2308
f 2309/2309/2309 2311/2311/2311 2310/2310/2310
f 2312/2312/2312 2311/2311/2311 2309/2309/2309
f 2313/2313/2313 2299/2299/2299 2307/2307/2307
f 2313/2313/2313 2307/2307/2307 2314/2314/2314
f 2313/2313/2313 2314/2314/2314 2315/2315/2315
f 2313/2313/2313 2315/2315/2315 2316/2316/2316
f 2299/2299/2299 2317/2317/2317 2300/2300/2300
f 2313/2313/2313 2317/2317/2317 2299/2299/2299
f 2317/2317/2317 2309/2309/2309 2300/2300/2300
f 2318/2318/2318 2313/2313/2313 2316/2316/2316
f 2313/2313/2313 2318/2318/2318 2317/2317/2317
f 2318/2318/2318 2316/2316/2316 2319/2319/2319
f 2312/2312/2312 2309/2309/2309 2320/2320/2320
f 2320/2320/2320 2321/2321/2321 2312/2312/2312
f 2320/2320/2320 2322/2322/2322 2321/2321/2321
f 2323/2323/2323 2322/2322/2322 2320/2320/2320
f 2323/2323/2323 2320/2320/2320 2324/2324/2324
f 2324/2324/2324 2325/2325/2325 2323/2323/2323
f 2324/2324/2324 2326/2326/2326 2325/2325/2325
f 2327/2327/2327 2326/2326/2326 2324/2324/2324
f 2317/2317/2317 2328/2328/2328 2309/2309/2309
f 2328/2328/2328 2320/2320/2320 2309/2309/2309
f 2318/2318/2318 2328/2328/2328 2317/2317/2317
f 2328/2328/2328 2324/2324/2324 2320/2320/2320
f 2329/2329/2329 2318/2318/2318 2319/2319/2319
f 2318/2318/2318 2329/2329/2329 2328/2328/2328
f 2329/2329/2329 2324/2324/2324 2328/2328/2328
f 2329/2329/2329 2319/2319/2319 2330/2330/2330
f 2327/2327/2327 2324/2324/2324 2331/2331/2331
f 2329/2329/2329 2331/2331/2331 2324/2324/2324
f 2331/2331/2331 2329/2329/2329 2330/2330/2330
f 2331/2331/2331 2332/2332/2332 2327/2327/2327
f 2331/2331/2331 2330/2330/2330 2333/2333/2333
f 2331/2331/2331 2333/2333/2333 2332/2332/2332
f 2334/2334/2334 2336/2336/2336 2335/2335/2335
f 2335/2335/2335 2337/2337/2337 2334/2334/2334
f 2334/2334/2334 2338/2338/2338 2336/2336/2336
f 2335/2335/2335 2339/2339/2339 2337/2337/2337
f 2337/2337/2337 2339/2339/2339 2340/2340/2340
f 2341/2341/2341 2338/2338/2338 2334/2334/2334
f 2337/2337/2337 2340/2340/2340 2342/2342/2342
f 2341/2341/2341 2334/2334/2334 2343/2343/2343
f 2344/2344/2344 2341/2341/2341 2343/2343/2343
f 2342/2342/2342 2345/2345/2345 2337/2337/2337
f 2342/2342/2342 2346/2346/2346 2345/2345/2345
f 2345/2345/2345 2346/2346/2346 2347/2347/2347
f 2345/2345/2345 2347/2347/2347 2348/2348/2348
f 2348/2348/2348 2349/2349/2349 2345/2345/2345
f 2348/2348/2348 2350/2350/2350 2349/2349/2349
f 2349/2349/2349 2350/2350/2350 2351/2351/2351
f 2349/2349/2349 2351/2351/2351 2352/2352/2352
f 2353/2353/2353 2345/2345/2345 2349/2349/2349
f 2352/2352/2352 2353/2353/2353 2349/2349/2349
f 2353/2353/2353 2337/2337/2337 2345/2345/2345
f 2352/2352/2352 2354/2354/2354 2353/2353/2353
f 2355/2355/2355 2337/2337/2337 2353/2353/2353
f 2354/2354/2354 2355/2355/2355 2353/2353/2353
f 2355/2355/2355 2334/2334/2334 2337/2337/2337
f 2354/2354/2354 2356/2356/2356 2355/2355/2355
f 2357/2357/2357 2334/2334/2334 2355/2355/2355
f 2356/2356/2356 2357/2357/2357 2355/2355/2355
f 2356/2356/2356 2358/2358/2358 2357/2357/2357
f 2357/2357/2357 2343/2343/2343 2334/2334/2334
f 2358/2358/2358 2359/2359/2359 2357/2357/2357
f 2359/2359/2359 2343/2343/2343 2357/2357/2357
f 2358/2358/2358 2360/2360/2360 2359/2359/2359
f 2359/2359/2359 2361/2361/2361 2343/2343/2343
f 2344/2344/2344 2343/2343/2343 2361/2361/2361
f 2362/2362/2362 2344/2344/2344 2361/2361/2361
f 2360/2360/2360 2363/2363/2363 2359/2359/2359
f 2363/2363/2363 2361/2361/2361 2359/2359/2359
f 2360/2360/2360 2364/2364/2364 2363/2363/2363
f 2362/2362/2362 2361/2361/2361 2365/2365/2365
f 2363/2363/2363 2365/2365/2365 2361/2361/2361
f 2366/2366/2366 2362/2362/2362 2365/2365/2365
f 2366/2366/2366 2365/2365/2365 2367/2367/2367
f 2367/2367/2367 2368/2368/2368 2366/2366/2366
f 2367/2367/2367 2369/2369/2369 2368/2368/2368
f 2370/2370/2370 2369/2369/2369 2367/2367/2367
f 2370/2370/2370 2367/2367/2367 2371/2371/2371
f 2371/2371/2371 2372/2372/2372 2370/2370/2370
f 2371/2371/2371 2373/2373/2373 2372/2372/2372
f 2374/2374/2374 2373/2373/2373 2371/2371/2371
f 2364/2364/2364 2375/2375/2375 2363/2363/2363
f 2375/2375/2375 2365/2365/2365 2363/2363/2363
f 2375/2375/2375 2367/2367/2367 2365/2365/2365
f 2364/2364/2364 2376/2376/2376 2375/2375/2375
f 2377/2377/2377 2367/2367/2367 2375/2375/2375
f 2376/2376/2376 2377/2377/2377 2375/2375/2375
f 2377/2377/2377 2371/2371/2371 2367/2367/2367
f 2376/2376/2376 2378/2378/2378 2377/2377/2377
f 2378/2378/2378 2379/2379/2379 2377/2377/2377
f 2379/2379/2379 2371/2371/2371 2377/2377/2377
f 2378/2378/2378 2380/2380/2380 2379/2379/2379
f 2379/2379/2379 2380/2380/2380 2381/2381/2381
f 2379/2379/2379 2381/2381/2381 2382/2382/2382
f 2374/2374/2374 2371/2371/2371 2383/2383/2383
f 2379/2379/2379 2383/2383/2383 2371/2371/2371
f 2383/2383/2383 2379/2379/2379 2382/2382/2382
f 2383/2383/2383 2384/2384/2384 2374/2374/2374
f 2383/2383/2383 2382/2382/2382 2385/2385/2385
f 2383/2383/2383 2385/2385/2385 2384/2384/2384
f 2386/2386/2386 2388/2388/2388 2387/2387/2387
f 2386/2386/2386 2389/2389/2389 2388/2388/2388
f 2390/2390/2390 2389/2389/2389 2386/2386/2386
f 2391/2391/2391 2386/2386/2386 2387/2387/2387
f 2391/2391/2391 2387/2387/2387 2392/2392/2392
f 2391/2391/2391 2392/2392/2392 2393/2393/2393
f 2390/2390/2390 2386/2386/2386 2394/2394/2394
f 2394/2394/2394 2395/2395/2395 2390/2390/2390
f 2394/2394/2394 2396/2396/2396 2395/2395/2395
f 2397/2397/2397 2396/2396/2396 2394/2394/2394
f 2386/2386/2386 2398/2398/2398 2394/2394/2394
f 2397/2397/2397 2394/2394/2394 2398/2398/2398
f 2386/2386/2386 2391/2391/2391 2398/2398/2398
f 2398/2398/2398 2399/2399/2399 2397/2397/2397
f 2391/2391/2391 2393/2393/2393 2400/2400/2400
f 2400/2400/2400 2398/2398/2398 2391/2391/2391
f 2398/2398/2398 2401/2401/2401 2399/2399/2399
f 2400/2400/2400 2401/2401/2401 2398/2398/2398
f 2402/2402/2402 2400/2400/2400 2393/2393/2393
f 2402/2402/2402 2401/2401/2401 2400/2400/2400
f 2402/2402/2402 2393/2393/2393 2403/2403/2403
f 2404/2404/2404 2399/2399/2399 2401/2401/2401
f 2402/2402/2402 2404/2404/2404 2401/2401/2401
f 2404/2404/2404 2405/2405/2405 2399/2399/2399
f 2406/2406/2406 2405/2405/2405 2404/2404/2404
f 2406/2406/2406 2404/2404/2404 2407/2407/2407
f 2402/2402/2402 2407/2407/2407 2404/2404/2404
f 2407/2407/2407 2408/2408/2408 2406/2406/2406
f 2407/2407/2407 2409/2409/2409 2408/2408/2408
f 2410/2410/2410 2409/2409/2409 2407/2407/2407
f 2411/2411/2411 2402/2402/2402 2403/2403/2403
f 2402/2402/2402 2411/2411/2411 2407/2407/2407
f 2410/2410/2410 2407/2407/2407 2411/2411/2411
f 2411/2411/2411 2403/2403/2403 2412/2412/2412
f 2411/2411/2411 2413/2413/2413 2410/2410/2410
f 2411/2411/2411 2412/2412/2412 2413/2413/2413
f 2414/2414/2414 2416/2416/2416 2415/2415/2415
f 2414/2414/2414 2417/2417/2417 2416/2416/2416
f 2414/2414/2414 2418/2418/2418 2417/2417/2417
f 2415/2415/2415 2419/2419/2419 2414/2414/2414
f 2415/2415/2415 2420/2420/2420 2419/2419/2419
f 2419/2419/2419 2420/2420/2420 2421/2421/2421
f 2419/2419/2419 2421/2421/2421 2422/2422/2422
f 2414/2414/2414 2423/2423/2423 2418/2418/2418
f 2423/2423/2423 2414/2414/2414 2419/2419/2419
f 2423/2423/2423 2424/2424/2424 2418/2418/2418
f 2422/2422/2422 2425/2425/2425 2419/2419/2419
f 2423/2423/2423 2419/2419/2419 2425/2425/2425
f 2422/2422/2422 2426/2426/2426 2425/2425/2425
f 2425/2425/2425 2426/2426/2426 2427/2427/2427
f 2428/2428/2428 2423/2423/2423 2425/2425/2425
f 2425/2425/2425 2427/2427/2427 2428/2428/2428
f 2423/2423/2423 2429/2429/2429 2424/2424/2424
f 2428/2428/2428 2429/2429/2429 2423/2423/2423
f 2430/2430/2430 2428/2428/2428 2427/2427/2427
f 2430/2430/2430 2429/2429/2429 2428/2428/2428
f 2430/2430/2430 2427/2427/2427 2431/2431/2431
f 2432/2432/2432 2424/2424/2424 2429/2429/2429
f 2430/2430/2430 2432/2432/2432 2429/2429/2429
f 2432/2432/2432 2433/2433/2433 2424/2424/2424
f 2432/2432/2432 2434/2434/2434 2433/2433/2433
f 2432/2432/2432 2435/2435/2435 2434/2434/2434
f 2435/2435/2435 2432/2432/2432 2430/2430/2430
f 2435/2435/2435 2436/2436/2436 2434/2434/2434
f 2435/2435/2435 2437/2437/2437 2436/2436/2436
f 2438/2438/2438 2437/2437/2437 2435/2435/2435
f 2431/2431/2431 2439/2439/2439 2430/2430/2430
f 2435/2435/2435 2430/2430/2430 2439/2439/2439
f 2438/2438/2438 2435/2435/2435 2439/2439/2439
f 2431/2431/2431 2440/2440/2440 2439/2439/2439
f 2439/2439/2439 2441/2441/2441 2438/2438/2438
f 2439/2439/2439 2440/2440/2440 2441/2441/2441
f 2442/2442/2442 2444/2444/2444 2443/2443/2443
f 2442/2442/2442 2443/2443/2443 2445/2445/2445
f 2442/2442/2442 2446/2446/2446 2444/2444/2444
f 2447/2447/2447 2442/2442/2442 2445/2445/2445
f 2447/2447/2447 2445/2445/2445 2448/2448/2448
f 2447/2447/2447 2448/2448/2448 2449/2449/2449
f 2447/2447/2447 2449/2449/2449 2450/2450/2450
f 2451/2451/2451 2447/2447/2447 2450/2450/2450
f 2451/2451/2451 2450/2450/2450 2452/2452/2452
f 2451/2451/2451 2452/2452/2452 2453/2453/2453
f 2451/2451/2451 2453/2453/2453 2454/2454/2454
f 2455/2455/2455 2451/2451/2451 2454/2454/2454
f 2455/2455/2455 2454/2454/2454 2456/2456/2456
f 2455/2455/2455 2456/2456/2456 2457/2457/2457
f 2455/2455/2455 2457/2457/2457 2458/2458/2458
f 2459/2459/2459 2455/2455/2455 2458/2458/2458
f 2459/2459/2459 2458/2458/2458 2460/2460/2460
f 2459/2459/2459 2460/2460/2460 2461/2461/2461
f 2459/2459/2459 2461/2461/2461 2462/2462/2462
f 2463/2463/2463 2459/2459/2459 2462/2462/2462
f 2463/2463/2463 2462/2462/2462 2464/2464/2464
f 2463/2463/2463 2464/2464/2464 2465/2465/2465
f 2463/2463/2463 2465/2465/2465 2466/2466/2466
f 2467/2467/2467 2465/2465/2465 2464/2464/2464
f 2468/2468/2468 2466/2466/2466 2465/2465/2465
f 2467/2467/2467 2469/2469/2469 2465/2465/2465
f 2468/2468/2468 2465/2465/2465 2469/2469/2469
f 2442/2442/2442 2470/2470/2470 2446/2446/2446
f 2470/2470/2470 2471/2471/2471 2446/2446/2446
f 2470/2470/2470 2472/2472/2472 2471/2471/2471
f 2473/2473/2473 2446/2446/2446 2471/2471/2471
f 2474/2474/2474 2471/2471/2471 2472/2472/2472
f 2473/2473/2473 2471/2471/2471 2475/2475/2475
f 2474/2474/2474 2475/2475/2475 2471/2471/2471
