# Wyeksportowano z NFSEngine Exporter
o Mesh_Cube_64440.obj
v 0.01126332 -0.01130501 0.0015
v 0.01100407 -0.01153141 0.0015
v 0.01091765 -0.01160688 0.0015
v 0.0111769 -0.01138048 0.0015
v 0.01109048 -0.01145594 0.0015
v 0.01126332 -0.01130501 0.0015
v 0.01109048 -0.01145594 0.0015
v 0.01100407 -0.01153141 0.0015
v 0.008358169 0.01072709 -0.009918373
v 0.009999999 0.009999999 -0.009176081
v 0.01072709 0.01072709 -0.007493143
v 0.0089944 0.01164214 -0.008256864
v 0.006611783 0.01131999 -0.01052424
v 0.01131999 0.01131999 -0.005702734
v 0.00713287 0.01239042 -0.008882068
v 0.004782684 0.01177128 -0.01098617
v 0.009523178 0.01244181 -0.00643034
v 0.01177128 0.01177128 -0.003827062
v 0.005169167 0.01296122 -0.009359864
v 0.002893753 0.01207531 -0.01129845
v 0.00993432 0.01309991 -0.0044417
v 0.01207531 0.01207531 -0.001889437
v 0.007571963 0.0133619 -0.007027894
v 0.003131418 0.01334635 -0.009683464
v 0.0009686231 0.01222828 -0.01145722
v 0.01021708 0.01357828 -0.002304985
v 0.01222828 0.01222828 8.60101E-05
v 0.005497979 0.01406535 -0.007485757
v 0.007918517 0.01419272 -0.004948162
v 0.001048814 0.01354031 -0.009848284
v -0.0009686237 0.01222828 -0.01145722
v 0.01036157 0.01383307 -5.855084E-05
v 0.01222828 0.01222828 0.00207462
v 0.003334854 0.01454075 -0.007796552
v 0.005760161 0.01503001 -0.005337354
v 0.008160234 0.01481729 -0.00264861
v -0.001048813 0.0135403 -0.009848283
v -0.002893753 0.01207531 -0.01129845
v 0.01036157 0.01383308 0.002229807
v 0.01207531 0.01207531 0.00405151
v 0.00111766 0.01478039 -0.007955275
v 0.003498105 0.01559673 -0.005602293
v 0.005944759 0.01576825 -0.002913632
v 0.008285029 0.01515774 -0.0001790269
v -0.003131418 0.01334635 -0.009683464
v -0.004782683 0.01177128 -0.01098617
v 0.01021708 0.01357828 0.004478189
v 0.01177128 0.01177128 0.005991883
v -0.001117658 0.01478039 -0.007955275
v 0.001173075 0.01588266 -0.00573823
v 0.003613719 0.01641269 -0.0030949
v 0.00604071 0.01617544 -0.000272978
v 0.008285029 0.01515774 0.002356746
v 0.009934323 0.01309992 0.006618233
v 0.01131999 0.01131999 0.007871327
v 0.008160234 0.01481729 0.004828847
v 0.00604071 0.01617545 0.002452824
v 0.00367406 0.01686559 -0.0003384968
v 0.001212431 0.01673808 -0.003188893
v 0.009523178 0.01244181 0.00861077
v 0.01072709 0.01072709 0.009666131
v 0.007918519 0.01419272 0.007132442
v 0.005944759 0.01576825 0.005096552
v 0.003674059 0.01686559 0.002516072
v 0.008994399 0.01164214 0.010441
v 0.009999999 0.009999999 0.01135358
v 0.008358171 0.01072709 0.01210542
v 0.007571963 0.0133619 0.009216395
v 0.007132869 0.01239042 0.01107387
v 0.006611783 0.01131999 0.01271777
v 0.005760162 0.01503002 0.007525048
v 0.005497979 0.01406535 0.009678113
v 0.005169166 0.01296121 0.01155539
v 0.004782683 0.01177128 0.01318268
v 0.003613719 0.01641269 0.005276014
v 0.003498106 0.01559673 0.007788827
v 0.003334854 0.01454075 0.009988234
v 0.003131418 0.01334635 0.01187844
v 0.002893753 0.01207531 0.01349412
v 0.001048814 0.0135403 0.01203824
v 0.0009686237 0.01222828 0.01364805
v 0.00111766 0.01478039 0.01014161
v 0.001173075 0.01588266 0.007918947
v 0.001212431 0.01673808 0.005363707
v 0.001233011 0.01721419 0.002545207
v -0.001048813 0.0135403 0.01203823
v -0.0009686231 0.01222828 0.01364804
v -0.001117658 0.01478039 0.0101416
v -0.001173074 0.01588266 0.007918946
v -0.001212428 0.01673807 0.005363707
v -0.003131418 0.01334635 0.01187844
v -0.002893753 0.01207531 0.01349412
v -0.003334854 0.01454075 0.009988234
v -0.003498106 0.01559673 0.007788827
v -0.005169166 0.01296121 0.01155539
v -0.004782684 0.01177128 0.01318268
v -0.00549798 0.01406536 0.009678116
v -0.007132869 0.01239042 0.01107387
v -0.006611783 0.01131999 0.01271777
v -0.001233009 0.01721419 0.002545207
v -0.003613719 0.01641269 0.005276014
v -0.005760163 0.01503002 0.007525047
v -0.007571963 0.0133619 0.009216395
v -0.008994399 0.01164214 0.010441
v -0.008358169 0.01072709 0.01210542
v -0.01072709 0.01072709 0.009666131
v -0.009999999 0.009999999 0.01135358
v -0.01131999 0.01131999 0.007871327
v -0.009523177 0.01244181 0.008610769
v -0.01177128 0.01177128 0.005991883
v -0.009934321 0.01309992 0.006618233
v -0.01207531 0.01207531 0.00405151
v -0.007918519 0.01419272 0.007132442
v -0.01021708 0.01357827 0.004478187
v -0.01222828 0.01222828 0.00207462
v -0.008160234 0.01481729 0.004828847
v -0.01036157 0.01383307 0.002229807
v -0.01222828 0.01222828 8.60101E-05
v -0.005944759 0.01576825 0.005096552
v -0.01036157 0.01383307 -5.855098E-05
v -0.01207531 0.01207531 -0.001889437
v -0.008285029 0.01515774 0.002356746
v -0.00604071 0.01617545 0.002452824
v -0.01021708 0.01357827 -0.002304984
v -0.01177128 0.01177128 -0.003827062
v -0.008285029 0.01515774 -0.0001790269
v -0.003674059 0.01686559 0.002516072
v -0.009934318 0.01309991 -0.004441699
v -0.01131999 0.01131999 -0.005702734
v -0.008160234 0.01481729 -0.00264861
v -0.00604071 0.01617545 -0.0002729781
v -0.00367406 0.01686559 -0.0003384968
v -0.009523177 0.01244181 -0.00643034
v -0.01072709 0.01072709 -0.007493143
v -0.007918517 0.01419272 -0.004948162
v -0.005944759 0.01576825 -0.002913632
v -0.001233009 0.01721418 -0.0003742491
v -0.0089944 0.01164214 -0.008256865
v -0.009999999 0.009999999 -0.009176081
v -0.008358171 0.01072709 -0.009918374
v -0.007571963 0.0133619 -0.007027894
v -0.00713287 0.01239042 -0.008882068
v -0.006611783 0.01131999 -0.01052424
v -0.005760161 0.01503001 -0.005337354
v -0.003613719 0.01641269 -0.003094901
v 0.001233011 0.01721419 -0.0003742491
v -0.001212428 0.01673807 -0.003188893
v -0.005169167 0.01296122 -0.009359864
v -0.003498105 0.01559673 -0.005602293
v -0.001173074 0.01588266 -0.005738229
v -0.003334854 0.01454075 -0.007796552
v -0.00549798 0.01406536 -0.00748576
v 0.01072709 -0.008358169 -0.009954954
v 0.009999999 -0.009999999 -0.009211089
v 0.01072709 -0.01072709 -0.007530875
v 0.01164214 -0.0089944 -0.008296751
v 0.01131999 -0.006611783 -0.01056197
v 0.01131999 -0.01131999 -0.005742908
v 0.01239042 -0.00713287 -0.008923557
v 0.01177128 -0.004782684 -0.01102463
v 0.01244181 -0.009523178 -0.006473374
v 0.01177128 -0.01177128 -0.003869334
v 0.01296122 -0.005169167 -0.009402405
v 0.01207531 -0.002893753 -0.01133722
v 0.01309991 -0.00993432 -0.004487623
v 0.01207531 -0.01207531 -0.001933401
v 0.0133619 -0.007571963 -0.007073089
v 0.01334635 -0.003131418 -0.009726517
v 0.01222828 -0.0009686231 -0.01149591
v 0.01357828 -0.01021708 -0.002353384
v 0.01222828 -0.01222828 4.082374E-05
v 0.01406535 -0.005497979 -0.007532411
v 0.01419272 -0.007918517 -0.004996887
v 0.01354031 -0.001048814 -0.009891319
v 0.01222828 0.0009686237 -0.01148846
v 0.01383307 -0.01036157 -0.0001088045
v 0.01222828 -0.01222828 0.002028748
v 0.01454075 -0.003334854 -0.007843969
v 0.01503001 -0.005760161 -0.005388015
v 0.01481729 -0.008160234 -0.002700466
v 0.0135403 0.001048813 -0.009884113
v 0.01207531 0.002893753 -0.01132412
v 0.01383308 -0.01036157 0.002178535
v 0.01207531 -0.01207531 0.004005552
v 0.01478039 -0.00111766 -0.008002766
v 0.01559673 -0.003498105 -0.005654016
v 0.01576825 -0.005944759 -0.00296792
v 0.01515774 -0.008285029 -0.0002332854
v 0.01334635 0.003131418 -0.009712997
v 0.01177128 0.004782683 -0.0110059
v 0.01357828 -0.01021708 0.00442687
v 0.01177128 -0.01177128 0.005946496
v 0.01478039 0.001117658 -0.007995955
v 0.01588266 -0.001173075 -0.005790143
v 0.01641269 -0.003613719 -0.003150567
v 0.01617544 -0.00604071 -0.0003300957
v 0.01515774 -0.008285029 0.002301156
v 0.01309992 -0.009934323 0.006567864
v 0.01131999 -0.01131999 0.007827221
v 0.01481729 -0.008160234 0.00477321
v 0.01617545 -0.00604071 0.00239412
v 0.01686559 -0.00367406 -0.0003972728
v 0.01673808 -0.001212431 -0.003244877
v 0.01244181 -0.009523178 0.008562285
v 0.01072709 -0.01072709 0.00962406
v 0.01419272 -0.007918519 0.007078046
v 0.01576825 -0.005944759 0.005037782
v 0.01686559 -0.003674059 0.00245554
v 0.01164214 -0.008994399 0.01039525
v 0.009999999 -0.009999999 0.01131433
v 0.01072709 -0.008358171 0.01206322
v 0.0133619 -0.007571963 0.009164372
v 0.01239042 -0.007132869 0.01102518
v 0.01131999 -0.006611783 0.01267322
v 0.01503002 -0.005760162 0.007467728
v 0.01406535 -0.005497979 0.00962354
v 0.01296121 -0.005169166 0.01150459
v 0.01177128 -0.004782683 0.01313648
v 0.01641269 -0.003613719 0.005215405
v 0.01559673 -0.003498106 0.007729808
v 0.01454075 -0.003334854 0.009932207
v 0.01334635 -0.003131418 0.01182648
v 0.01207531 -0.002893753 0.01344705
v 0.0135403 -0.001048814 0.01198613
v 0.01222828 -0.0009686237 0.01360097
v 0.01478039 -0.00111766 0.01008529
v 0.01588266 -0.001173075 0.007859519
v 0.01673808 -0.001212431 0.005302611
v 0.01721419 -0.001233011 0.002484181
v 0.0135403 0.001048813 0.01198613
v 0.01222828 0.0009686231 0.01360097
v 0.01478039 0.001117658 0.01008529
v 0.01588266 0.001173074 0.007859581
v 0.01673807 0.001212428 0.005304207
v 0.01334635 0.003131418 0.01183322
v 0.01207531 0.002893753 0.01345192
v 0.01454075 0.003334854 0.009940673
v 0.01559673 0.003498106 0.007739813
v 0.01296121 0.005169166 0.01152098
v 0.01177128 0.004782684 0.01315063
v 0.01406536 0.00549798 0.009641809
v 0.01239042 0.007132869 0.01105082
v 0.01131999 0.006611783 0.01269634
v 0.01721419 0.001233009 0.002487232
v 0.01641269 0.003613719 0.005226738
v 0.01503002 0.005760163 0.007487506
v 0.0133619 0.007571963 0.009192015
v 0.01164214 0.008994399 0.01042953
v 0.01072709 0.008358169 0.01209477
v 0.01072709 0.01072709 0.009666131
v 0.009999999 0.009999999 0.01135358
v 0.01131999 0.01131999 0.007871327
v 0.01244181 0.009523177 0.008598613
v 0.01177128 0.01177128 0.005991883
v 0.01309992 0.009934321 0.006605577
v 0.01207531 0.01207531 0.00405151
v 0.01419272 0.007918519 0.007107146
v 0.01357827 0.01021708 0.00446531
v 0.01222828 0.01222828 0.00207462
v 0.01481729 0.008160234 0.004803221
v 0.01383307 0.01036157 0.002217076
v 0.01222828 0.01222828 8.60101E-05
v 0.01576825 0.005944759 0.005058675
v 0.01383307 0.01036157 -7.073663E-05
v 0.01207531 0.01207531 -0.001889437
v 0.01515774 0.008285029 0.002331536
v 0.01617545 0.00604071 0.002415715
v 0.01357827 0.01021708 -0.00231629
v 0.01177128 0.01177128 -0.003827062
v 0.01515774 0.008285029 -0.0002030442
v 0.01686559 0.003674059 0.00246795
v 0.01309991 0.009934318 -0.004451922
v 0.01131999 0.01131999 -0.005702734
v 0.01481729 0.008160234 -0.002670812
v 0.01617545 0.00604071 -0.0003082087
v 0.01686559 0.00367406 -0.0003840798
v 0.01244181 0.009523177 -0.006439408
v 0.01072709 0.01072709 -0.007493143
v 0.01419272 0.007918517 -0.004968192
v 0.01576825 0.005944759 -0.002946124
v 0.01721418 0.001233009 -0.0004291105
v 0.01164214 0.0089944 -0.008264801
v 0.009999999 0.009999999 -0.009176081
v 0.01072709 0.008358171 -0.009925237
v 0.0133619 0.007571963 -0.00704565
v 0.01239042 0.00713287 -0.008897608
v 0.01131999 0.006611783 -0.01053769
v 0.01503001 0.005760161 -0.005366642
v 0.01641269 0.003613719 -0.0031369
v 0.01721419 -0.001233011 -0.0004334553
v 0.01673807 0.001212428 -0.003239466
v 0.01296122 0.005169167 -0.009382619
v 0.01559673 0.003498105 -0.005640167
v 0.01588266 0.001173074 -0.005783916
v 0.01454075 0.003334854 -0.007830187
v 0.01406536 0.00549798 -0.00751173
v -0.01072709 -0.008358171 -0.009954955
v -0.009999999 -0.009999999 -0.009211089
v -0.008358169 -0.01072709 -0.009955506
v -0.009106844 -0.008994401 -0.01089072
v -0.01131999 -0.006611783 -0.01056197
v -0.006611783 -0.01131999 -0.01056305
v -0.009719075 -0.00713287 -0.01165589
v -0.01177128 -0.004782683 -0.01102462
v -0.007325667 -0.009523178 -0.01170905
v -0.004782684 -0.01177128 -0.01102622
v -0.01018609 -0.005169167 -0.01224018
v -0.01207531 -0.002893753 -0.01133722
v -0.005386611 -0.009934321 -0.01238331
v -0.002893753 -0.01207531 -0.01133929
v -0.007911182 -0.007571962 -0.01264928
v -0.0105012 -0.003131417 -0.01263536
v -0.01222828 -0.0009686237 -0.01149591
v -0.003303653 -0.01021708 -0.01287453
v -0.0009686231 -0.01222828 -0.01149844
v -0.008358832 -0.005497979 -0.01336871
v -0.00588334 -0.007918519 -0.01349969
v -0.01065989 -0.001048814 -0.01283585
v -0.01222828 0.0009686231 -0.01148846
v -0.001114513 -0.01036157 -0.01313795
v 0.0009686237 -0.01222828 -0.01149844
v -0.00866136 -0.003334854 -0.01385585
v -0.006263928 -0.005760163 -0.01435556
v -0.003641565 -0.008160236 -0.01414017
v -0.01065989 0.001048813 -0.01282777
v -0.01207531 0.002893753 -0.01132412
v 0.001114514 -0.01036157 -0.01313795
v 0.002893753 -0.01207531 -0.01133929
v -0.008813859 -0.00111766 -0.01410293
v -0.006521526 -0.003498106 -0.01493576
v -0.00390092 -0.00594476 -0.015112
v -0.001234937 -0.008285028 -0.01449119
v -0.0105012 0.003131419 -0.01262131
v -0.01177128 0.004782684 -0.0110059
v 0.003303653 -0.01021708 -0.01287453
v 0.004782683 -0.01177128 -0.01102621
v -0.008813859 0.001117657 -0.0140943
v -0.006651495 -0.001173076 -0.01523004
v -0.004076676 -0.003613719 -0.01577146
v -0.001327456 -0.006040709 -0.01553121
v 0.001234938 -0.008285031 -0.01449119
v 0.00538661 -0.00993432 -0.0123833
v 0.006611783 -0.01131999 -0.01056305
v 0.003641565 -0.008160236 -0.01414017
v 0.001327457 -0.006040712 -0.01553121
v -0.001390196 -0.003674059 -0.01623733
v -0.004165417 -0.00121243 -0.01610598
v 0.007325667 -0.009523178 -0.01170905
v 0.008358171 -0.01072709 -0.009955508
v 0.005883338 -0.007918517 -0.01349968
v 0.00390092 -0.00594476 -0.015112
v 0.001390197 -0.003674062 -0.01623733
v 0.009106847 -0.008994402 -0.01089072
v 0.009999999 -0.009999999 -0.009211089
v 0.01072709 -0.008358169 -0.009954954
v 0.007911182 -0.007571962 -0.01264928
v 0.009719076 -0.007132871 -0.01165589
v 0.01131999 -0.006611783 -0.01056197
v 0.006263928 -0.005760161 -0.01435555
v 0.008358832 -0.005497979 -0.01336871
v 0.01018609 -0.005169169 -0.01224019
v 0.01177128 -0.004782684 -0.01102463
v 0.004076676 -0.003613719 -0.01577146
v 0.006521526 -0.003498104 -0.01493576
v 0.00866136 -0.003334854 -0.01385585
v 0.0105012 -0.003131419 -0.01263536
v 0.01207531 -0.002893753 -0.01133722
v 0.01065989 -0.001048815 -0.01283585
v 0.01222828 -0.0009686231 -0.01149591
v 0.008813859 -0.00111766 -0.01410293
v 0.006651494 -0.001173074 -0.01523004
v 0.004165417 -0.00121243 -0.01610598
v 0.001421888 -0.001233012 -0.01659555
v 0.01065989 0.001048813 -0.01282777
v 0.01222828 0.0009686237 -0.01148846
v 0.008813859 0.001117657 -0.0140943
v 0.006651494 0.001173075 -0.01522096
v 0.004165417 0.001212428 -0.01609656
v 0.0105012 0.003131417 -0.01262131
v 0.01207531 0.002893753 -0.01132412
v 0.00866136 0.003334854 -0.01384101
v 0.006521526 0.003498106 -0.01492031
v 0.01018609 0.005169166 -0.0122202
v 0.01177128 0.004782683 -0.0110059
v 0.008358832 0.00549798 -0.01334771
v 0.009719075 0.00713287 -0.01163005
v 0.01131999 0.006611783 -0.01053769
v 0.001421887 0.001233008 -0.01658593
v 0.004076676 0.003613719 -0.0157556
v 0.006263929 0.005760163 -0.01433379
v 0.007911182 0.007571962 -0.01262219
v 0.009106843 0.008994398 -0.01085914
v 0.01072709 0.008358171 -0.009925237
v 0.008358169 0.01072709 -0.009918373
v 0.009999999 0.009999999 -0.009176081
v 0.006611783 0.01131999 -0.01052424
v 0.007325667 0.009523178 -0.011676
v 0.004782684 0.01177128 -0.01098617
v 0.005386611 0.00993432 -0.01234917
v 0.002893753 0.01207531 -0.01129845
v 0.00588334 0.007918519 -0.01347167
v 0.003303653 0.01021708 -0.01283969
v 0.0009686231 0.01222828 -0.01145722
v 0.003641565 0.008160236 -0.01411155
v 0.001114513 0.01036157 -0.01310278
v -0.0009686237 0.01222828 -0.01145722
v 0.003900921 0.005944759 -0.01508972
v -0.001114514 0.01036157 -0.01310278
v -0.002893753 0.01207531 -0.01129845
v 0.001234937 0.008285028 -0.01446228
v 0.001327456 0.006040709 -0.01550868
v -0.003303653 0.01021708 -0.01283969
v -0.004782683 0.01177128 -0.01098617
v -0.001234938 0.008285031 -0.01446228
v 0.001390196 0.003674059 -0.01622124
v -0.00538661 0.009934319 -0.01234917
v -0.006611783 0.01131999 -0.01052424
v -0.003641565 0.008160236 -0.01411155
v -0.001327457 0.006040711 -0.01550868
v -0.001390197 0.003674062 -0.01622124
v -0.007325667 0.009523178 -0.011676
v -0.008358171 0.01072709 -0.009918374
v -0.005883338 0.007918517 -0.01347166
v -0.003900921 0.005944759 -0.01508972
v -0.001421888 0.00123301 -0.01658593
v -0.009106847 0.0089944 -0.01085915
v -0.009999999 0.009999999 -0.009176081
v -0.01072709 0.008358169 -0.009925235
v -0.007911182 0.007571962 -0.01262219
v -0.009719076 0.007132871 -0.01163005
v -0.01131999 0.006611783 -0.01053769
v -0.006263929 0.005760161 -0.01433378
v -0.004076676 0.003613719 -0.0157556
v -0.001421888 -0.001233009 -0.01659555
v -0.004165417 0.001212428 -0.01609656
v -0.01018609 0.005169169 -0.0122202
v -0.006521526 0.003498104 -0.01492031
v -0.006651493 0.001173073 -0.01522096
v -0.00866136 0.003334854 -0.01384101
v -0.008358832 0.00549798 -0.01334771
v -0.01072709 0.008358169 -0.009925235
v -0.009999999 0.009999999 -0.009176081
v -0.01072709 0.01072709 -0.007493143
v -0.01164214 0.008994402 -0.008264801
v -0.01131999 0.006611783 -0.01053769
v -0.01131999 0.01131999 -0.005702734
v -0.01239042 0.007132871 -0.008897608
v -0.01177128 0.004782684 -0.0110059
v -0.01244181 0.009523178 -0.006439408
v -0.01177128 0.01177128 -0.003827062
v -0.01296122 0.005169169 -0.009382618
v -0.01207531 0.002893753 -0.01132412
v -0.01309991 0.009934319 -0.004451922
v -0.01207531 0.01207531 -0.001889437
v -0.0133619 0.007571963 -0.00704565
v -0.01334635 0.003131419 -0.009712998
v -0.01222828 0.0009686231 -0.01148846
v -0.01357828 0.01021708 -0.00231629
v -0.01222828 0.01222828 8.60101E-05
v -0.01406535 0.005497979 -0.007511727
v -0.01419272 0.007918517 -0.004968193
v -0.01354031 0.001048815 -0.009884113
v -0.01222828 -0.0009686237 -0.01149591
v -0.01383308 0.01036157 -7.073678E-05
v -0.01222828 0.01222828 0.00207462
v -0.01454075 0.003334854 -0.007830187
v -0.01503001 0.005760161 -0.005366642
v -0.01481729 0.008160234 -0.002670812
v -0.01354031 -0.001048812 -0.009891316
v -0.01207531 -0.002893753 -0.01133722
v -0.01383307 0.01036157 0.002217076
v -0.01207531 0.01207531 0.00405151
v -0.01478039 0.00111766 -0.007995956
v -0.01559673 0.003498104 -0.005640167
v -0.01576825 0.005944759 -0.002946124
v -0.01515774 0.008285031 -0.0002030444
v -0.01334635 -0.003131417 -0.009726517
v -0.01177128 -0.004782683 -0.01102462
v -0.01357828 0.01021708 0.00446531
v -0.01177128 0.01177128 0.005991883
v -0.01478039 -0.001117658 -0.008002765
v -0.01588266 0.001173074 -0.005783917
v -0.01641269 0.003613719 -0.0031369
v -0.01617544 0.006040712 -0.0003082078
v -0.01515774 0.008285028 0.002331536
v -0.01309992 0.009934322 0.006605577
v -0.01131999 0.01131999 0.007871327
v -0.01481729 0.008160234 0.004803221
v -0.01617544 0.006040709 0.002415715
v -0.01686559 0.003674061 -0.0003840794
v -0.01673808 0.001212431 -0.003239467
v -0.01244181 0.009523178 0.008598614
v -0.01072709 0.01072709 0.009666131
v -0.01419272 0.007918519 0.007107146
v -0.01576825 0.005944759 0.005058675
v -0.01686559 0.003674058 0.002467951
v -0.01164214 0.0089944 0.01042953
v -0.009999999 0.009999999 0.01135358
v -0.01072709 0.008358171 0.01209478
v -0.0133619 0.007571963 0.009192015
v -0.01239042 0.007132869 0.01105082
v -0.01131999 0.006611783 0.01269634
v -0.01503002 0.005760163 0.007487506
v -0.01406535 0.005497979 0.009641807
v -0.01296121 0.005169166 0.01152098
v -0.01177128 0.004782683 0.01315063
v -0.01641269 0.003613719 0.005226738
v -0.01559673 0.003498106 0.007739812
v -0.01454075 0.003334854 0.009940673
v -0.01334635 0.003131417 0.01183323
v -0.01207531 0.002893753 0.01345192
v -0.01354031 0.001048814 0.01198613
v -0.01222828 0.0009686237 0.01360097
v -0.01478039 0.00111766 0.01008529
v -0.01588266 0.001173076 0.007859583
v -0.01673808 0.001212431 0.005304207
v -0.01721419 0.001233009 0.002487232
v -0.01354031 -0.001048814 0.01198613
v -0.01222828 -0.0009686231 0.01360097
v -0.01478039 -0.001117658 0.01008529
v -0.01588266 -0.001173073 0.007859517
v -0.01673807 -0.001212428 0.005302611
v -0.01334635 -0.003131419 0.01182648
v -0.01207531 -0.002893753 0.01344705
v -0.01454075 -0.003334854 0.009932207
v -0.01559673 -0.003498104 0.007729807
v -0.01296122 -0.005169169 0.0115046
v -0.01177128 -0.004782684 0.01313648
v -0.01406536 -0.00549798 0.009623542
v -0.01239042 -0.007132871 0.01102518
v -0.01131999 -0.006611783 0.01267322
v -0.01721419 -0.00123301 0.002484182
v -0.01641269 -0.003613719 0.005215405
v -0.01503001 -0.005760161 0.007467728
v -0.0133619 -0.007571963 0.009164372
v -0.01164214 -0.0089944 0.01039526
v -0.01072709 -0.008358169 0.01206322
v -0.01072709 -0.01072709 0.009624062
v -0.009999999 -0.009999999 0.01131433
v -0.01131999 -0.01131999 0.007827221
v -0.01244181 -0.009523177 0.008562285
v -0.01177128 -0.01177128 0.005946496
v -0.01309992 -0.009934319 0.006567864
v -0.01207531 -0.01207531 0.004005552
v -0.01419272 -0.007918517 0.007078044
v -0.01357827 -0.01021708 0.00442687
v -0.01222828 -0.01222828 0.002028749
v -0.01481729 -0.008160234 0.00477321
v -0.01383307 -0.01036157 0.002178536
v -0.01222828 -0.01222828 4.082456E-05
v -0.01576825 -0.005944759 0.005037783
v -0.01383307 -0.01036157 -0.0001088034
v -0.01207531 -0.01207531 -0.001933401
v -0.01515774 -0.008285031 0.002301157
v -0.01617545 -0.006040711 0.00239412
v -0.01357827 -0.01021708 -0.002353383
v -0.01177128 -0.01177128 -0.003869335
v -0.01515774 -0.008285028 -0.0002332848
v -0.01686559 -0.003674061 0.002455541
v -0.01309992 -0.009934321 -0.004487624
v -0.01131999 -0.01131999 -0.005742908
v -0.01481729 -0.008160234 -0.002700466
v -0.01617545 -0.006040708 -0.000330095
v -0.01686559 -0.003674058 -0.0003972719
v -0.01244181 -0.009523177 -0.006473373
v -0.01072709 -0.01072709 -0.007530873
v -0.01419272 -0.007918519 -0.004996889
v -0.01576825 -0.005944759 -0.00296792
v -0.01721419 -0.001233008 -0.0004334546
v -0.01164214 -0.008994398 -0.008296749
v -0.009999999 -0.009999999 -0.009211089
v -0.01072709 -0.008358171 -0.009954955
v -0.0133619 -0.007571963 -0.007073089
v -0.01239042 -0.007132869 -0.008923554
v -0.01131999 -0.006611783 -0.01056197
v -0.01503002 -0.005760163 -0.005388017
v -0.01641269 -0.003613719 -0.003150567
v -0.01721419 0.001233012 -0.0004291101
v -0.01673807 -0.001212428 -0.003244877
v -0.01296122 -0.005169166 -0.009402403
v -0.01559673 -0.003498106 -0.005654016
v -0.01588266 -0.001173075 -0.005790143
v -0.01454075 -0.003334854 -0.007843969
v -0.01406536 -0.00549798 -0.007532414
v -0.008358169 -0.01072709 -0.009955506
v -0.009999999 -0.009999999 -0.009211089
v -0.01072709 -0.01072709 -0.007530873
v -0.0089944 -0.01164214 -0.008297388
v -0.006611783 -0.01131999 -0.01056305
v -0.01131999 -0.01131999 -0.005742908
v -0.007132869 -0.01239042 -0.008924803
v -0.004782684 -0.01177128 -0.01102622
v -0.009523178 -0.01244181 -0.0064741
v -0.01177128 -0.01177128 -0.003869335
v -0.005169166 -0.01296121 -0.009404235
v -0.002893753 -0.01207531 -0.01133929
v -0.009934322 -0.01309992 -0.004488442
v -0.01207531 -0.01207531 -0.001933401
v -0.007571963 -0.0133619 -0.007074513
v -0.003131417 -0.01334635 -0.009728898
v -0.0009686231 -0.01222828 -0.01149844
v -0.01021708 -0.01357828 -0.002354289
v -0.01222828 -0.01222828 4.082456E-05
v -0.005497979 -0.01406535 -0.007534498
v -0.007918519 -0.01419272 -0.004998495
v -0.001048814 -0.01354031 -0.009894214
v 0.0009686237 -0.01222828 -0.01149844
v -0.01036157 -0.01383307 -0.0001097781
v -0.01222828 -0.01222828 0.002028749
v -0.003334854 -0.01454075 -0.007846679
v -0.005760163 -0.01503002 -0.005390367
v -0.008160234 -0.01481729 -0.002702245
v 0.001048814 -0.01354031 -0.009894213
v 0.002893753 -0.01207531 -0.01133929
v -0.01036157 -0.01383308 0.002177518
v -0.01207531 -0.01207531 0.004005552
v -0.00111766 -0.01478039 -0.008006051
v -0.003498106 -0.01559673 -0.005657064
v -0.005944759 -0.01576825 -0.002970527
v -0.008285028 -0.01515774 -0.0002352077
v 0.003131419 -0.01334635 -0.009728899
v 0.004782683 -0.01177128 -0.01102621
v -0.01021708 -0.01357828 0.004425841
v -0.01177128 -0.01177128 0.005946496
v 0.001117658 -0.01478039 -0.00800605
v -0.001173076 -0.01588266 -0.00579383
v -0.003613719 -0.01641269 -0.003153945
v -0.006040709 -0.01617544 -0.0003329204
v -0.008285031 -0.01515774 0.002299139
v -0.009934319 -0.01309991 0.006566851
v -0.01131999 -0.01131999 0.007827221
v -0.008160234 -0.01481729 0.004771159
v -0.006040712 -0.01617544 0.002391144
v -0.003674058 -0.01686559 -0.0004009359
v -0.001212431 -0.01673808 -0.003248956
v -0.009523178 -0.01244181 0.008561312
v -0.01072709 -0.01072709 0.009624062
v -0.007918517 -0.01419272 0.007076019
v -0.005944759 -0.01576825 0.005034744
v -0.003674061 -0.01686559 0.002451673
v -0.008994402 -0.01164214 0.01039434
v -0.009999999 -0.009999999 0.01131433
v -0.008358171 -0.01072709 0.01206237
v -0.007571963 -0.0133619 0.009162419
v -0.007132871 -0.01239042 0.01102333
v -0.006611783 -0.01131999 0.0126715
v -0.005760161 -0.01503001 0.007464714
v -0.005497979 -0.01406535 0.009620624
v -0.005169169 -0.01296122 0.01150183
v -0.004782683 -0.01177128 0.0131339
v -0.003613719 -0.01641269 0.005211443
v -0.003498104 -0.01559673 0.007725863
v -0.003334854 -0.01454075 0.009928377
v -0.003131419 -0.01334635 0.01182284
v -0.002893753 -0.01207531 0.01344365
v -0.001048815 -0.01354031 0.01198167
v -0.0009686237 -0.01222828 0.01359679
v -0.00111766 -0.01478039 0.01008062
v -0.001173074 -0.01588266 0.007854725
v -0.001212431 -0.01673808 0.005297812
v -0.001233012 -0.01721419 0.002479507
v 0.001048812 -0.01354031 0.01198167
v 0.0009686231 -0.01222828 0.01359679
v 0.001117658 -0.01478039 0.01008062
v 0.001173075 -0.01588266 0.007854725
v 0.001212428 -0.01673807 0.005297812
v 0.003131417 -0.01334635 0.01182284
v 0.002893753 -0.01207531 0.01344365
v 0.003334854 -0.01454075 0.009928377
v 0.003498106 -0.01559673 0.007725863
v 0.005169166 -0.01296122 0.01150183
v 0.004782684 -0.01177128 0.0131339
v 0.00549798 -0.01406536 0.009620626
v 0.007132869 -0.01239042 0.01102333
v 0.006611783 -0.01131999 0.0126715
v 0.001233008 -0.01721419 0.002479508
v 0.003613719 -0.01641269 0.005211443
v 0.005760163 -0.01503002 0.007464716
v 0.007571963 -0.0133619 0.009162419
v 0.008994398 -0.01164214 0.01039433
v 0.008358169 -0.01072709 0.01206237
v 0.01072709 -0.01072709 0.00962406
v 0.009999999 -0.009999999 0.01131433
v 0.01131999 -0.01131999 0.007827221
v 0.009523177 -0.01244181 0.008561312
v 0.01177128 -0.01177128 0.005946496
v 0.009934321 -0.01309992 0.006566851
v 0.01207531 -0.01207531 0.004005552
v 0.007918519 -0.01419272 0.007076019
v 0.01021708 -0.01357827 0.00442584
v 0.01222828 -0.01222828 0.002028748
v 0.008160234 -0.01481729 0.004771159
v 0.01036157 -0.01383307 0.002177517
v 0.01222828 -0.01222828 4.082374E-05
v 0.005944759 -0.01576825 0.005034744
v 0.01036157 -0.01383307 -0.000109779
v 0.01207531 -0.01207531 -0.001933401
v 0.008285028 -0.01515774 0.002299138
v 0.006040708 -0.01617545 0.002391144
v 0.01021708 -0.01357827 -0.002354288
v 0.01177128 -0.01177128 -0.003869334
v 0.008285031 -0.01515774 -0.0002352083
v 0.003674058 -0.01686559 0.002451673
v 0.009934319 -0.01309992 -0.004488442
v 0.01131999 -0.01131999 -0.005742908
v 0.008160234 -0.01481729 -0.002702245
v 0.006040711 -0.01617545 -0.0003329211
v 0.003674061 -0.01686559 -0.0004009367
v 0.009523177 -0.01244181 -0.0064741
v 0.01072709 -0.01072709 -0.007530875
v 0.007918517 -0.01419272 -0.004998493
v 0.005944759 -0.01576825 -0.002970527
v 0.00123301 -0.01721419 -0.0004378771
v 0.0089944 -0.01164214 -0.008297389
v 0.009999999 -0.009999999 -0.009211089
v 0.008358171 -0.01072709 -0.009955508
v 0.007571963 -0.0133619 -0.007074513
v 0.007132871 -0.01239042 -0.008924806
v 0.006611783 -0.01131999 -0.01056305
v 0.005760161 -0.01503001 -0.005390368
v 0.003613719 -0.01641269 -0.003153945
v -0.001233009 -0.01721419 -0.0004378771
v 0.001212428 -0.01673807 -0.003248956
v 0.005169169 -0.01296122 -0.009404237
v 0.003498104 -0.01559673 -0.005657064
v 0.001173073 -0.01588266 -0.005793829
v 0.003334854 -0.01454075 -0.007846679
v 0.00549798 -0.01406536 -0.007534502
v 0.01072709 -0.008358171 0.01206322
v 0.009999999 -0.009999999 0.01131433
v 0.008358169 -0.01072709 0.01206237
v 0.009106844 -0.008994401 0.01300635
v 0.01131999 -0.006611783 0.01267322
v 0.006611783 -0.01131999 0.0126715
v 0.009719075 -0.00713287 0.01377775
v 0.01177128 -0.004782683 0.01313648
v 0.007325667 -0.009523178 0.0138297
v 0.004782684 -0.01177128 0.0131339
v 0.01018609 -0.005169167 0.01436514
v 0.01207531 -0.002893753 0.01344705
v 0.005386611 -0.009934321 0.0145059
v 0.002893753 -0.01207531 0.01344365
v 0.007911182 -0.007571962 0.01477933
v 0.0105012 -0.003131417 0.01475983
v 0.01222828 -0.0009686237 0.01360097
v 0.003303653 -0.01021708 0.01499535
v 0.0009686231 -0.01222828 0.01359679
v 0.008358832 -0.005497979 0.01550444
v 0.00588334 -0.007918519 0.01563442
v 0.01065989 -0.001048814 0.01495595
v 0.01222828 0.0009686231 0.01360097
v 0.001114513 -0.01036157 0.01525284
v -0.0009686237 -0.01222828 0.01359679
v 0.00866136 -0.003334854 0.01599276
v 0.006263928 -0.005760163 0.01649838
v 0.003641565 -0.008160236 0.01627496
v 0.01065989 0.001048813 0.01495595
v 0.01207531 0.002893753 0.01345192
v -0.001114514 -0.01036157 0.01525284
v -0.002893753 -0.01207531 0.01344365
v 0.008813859 -0.00111766 0.01623602
v 0.006521526 -0.003498106 0.01708146
v 0.00390092 -0.00594476 0.01725666
v 0.001234937 -0.008285028 0.01662041
v 0.0105012 0.003131419 0.01476526
v 0.01177128 0.004782684 0.01315063
v -0.003303653 -0.01021708 0.01499535
v -0.004782683 -0.01177128 0.0131339
v 0.008813859 0.001117657 0.01623602
v 0.006651495 -0.001173076 0.01737253
v 0.004076676 -0.003613719 0.01792038
v 0.001327456 -0.006040709 0.01767082
v -0.001234938 -0.008285031 0.01662041
v -0.00538661 -0.00993432 0.0145059
v -0.006611783 -0.01131999 0.0126715
v -0.003641565 -0.008160236 0.01627496
v -0.001327457 -0.006040712 0.01767082
v 0.001390196 -0.003674059 0.01838171
v 0.004165417 -0.00121243 0.01825225
v -0.007325667 -0.009523178 0.0138297
v -0.008358171 -0.01072709 0.01206237
v -0.005883338 -0.007918517 0.01563442
v -0.00390092 -0.00594476 0.01725666
v -0.001390197 -0.003674062 0.01838171
v -0.009106847 -0.008994402 0.01300635
v -0.009999999 -0.009999999 0.01131433
v -0.01072709 -0.008358169 0.01206322
v -0.007911182 -0.007571962 0.01477933
v -0.009719076 -0.007132871 0.01377775
v -0.01131999 -0.006611783 0.01267322
v -0.006263928 -0.005760161 0.01649838
v -0.008358832 -0.005497979 0.01550444
v -0.01018609 -0.005169169 0.01436514
v -0.01177128 -0.004782684 0.01313648
v -0.004076676 -0.003613719 0.01792038
v -0.006521526 -0.003498104 0.01708146
v -0.00866136 -0.003334854 0.01599276
v -0.0105012 -0.003131419 0.01475983
v -0.01207531 -0.002893753 0.01344705
v -0.01065989 -0.001048815 0.01495595
v -0.01222828 -0.0009686231 0.01360097
v -0.008813859 -0.00111766 0.01623602
v -0.006651494 -0.001173074 0.01737253
v -0.004165417 -0.00121243 0.01825225
v -0.001421888 -0.001233012 0.01873754
v -0.01065989 0.001048813 0.01495595
v -0.01222828 0.0009686237 0.01360097
v -0.008813859 0.001117657 0.01623602
v -0.006651494 0.001173075 0.01737252
v -0.004165417 0.001212428 0.01825225
v -0.0105012 0.003131417 0.01476526
v -0.01207531 0.002893753 0.01345192
v -0.00866136 0.003334854 0.01599871
v -0.006521526 0.003498106 0.01708788
v -0.01018609 0.005169166 0.01438099
v -0.01177128 0.004782683 0.01315063
v -0.008358832 0.00549798 0.01552188
v -0.009719075 0.00713287 0.01380352
v -0.01131999 0.006611783 0.01269634
v -0.001421887 0.001233008 0.01873754
v -0.004076676 0.003613719 0.01792725
v -0.006263929 0.005760163 0.01651727
v -0.007911182 0.007571962 0.01480754
v -0.009106843 0.008994398 0.01304127
v -0.01072709 0.008358171 0.01209478
v -0.008358169 0.01072709 0.01210542
v -0.009999999 0.009999999 0.01135358
v -0.006611783 0.01131999 0.01271777
v -0.007325667 0.009523178 0.01386759
v -0.004782684 0.01177128 0.01318268
v -0.005386611 0.00993432 0.01454624
v -0.002893753 0.01207531 0.01349412
v -0.00588334 0.007918519 0.01566474
v -0.003303653 0.01021708 0.01503742
v -0.0009686231 0.01222828 0.01364804
v -0.003641565 0.008160236 0.01630685
v -0.001114513 0.01036157 0.01529574
v 0.0009686237 0.01222828 0.01364805
v -0.003900921 0.005944759 0.01727674
v 0.001114514 0.01036157 0.01529574
v 0.002893753 0.01207531 0.01349412
v -0.001234937 0.008285028 0.01665311
v -0.001327456 0.006040709 0.01769157
v 0.003303653 0.01021708 0.01503742
v 0.004782683 0.01177128 0.01318268
v 0.001234938 0.008285031 0.01665311
v -0.001390196 0.003674059 0.01838894
v 0.00538661 0.009934319 0.01454624
v 0.006611783 0.01131999 0.01271777
v 0.003641565 0.008160236 0.01630685
v 0.001327457 0.006040711 0.01769157
v 0.001390197 0.003674062 0.01838894
v 0.007325667 0.009523178 0.01386759
v 0.008358171 0.01072709 0.01210542
v 0.005883338 0.007918517 0.01566473
v 0.003900921 0.005944759 0.01727674
v 0.001421888 0.00123301 0.01873754
v 0.009106847 0.0089944 0.01304127
v 0.009999999 0.009999999 0.01135358
v 0.01072709 0.008358169 0.01209477
v 0.007911182 0.007571962 0.01480754
v 0.009719076 0.007132871 0.01380352
v 0.01131999 0.006611783 0.01269634
v 0.006263929 0.005760161 0.01651727
v 0.004076676 0.003613719 0.01792725
v 0.001421888 -0.001233009 0.01873755
v 0.004165417 0.001212428 0.01825225
v 0.01018609 0.005169169 0.01438099
v 0.006521526 0.003498104 0.01708788
v 0.006651493 0.001173073 0.01737252
v 0.00866136 0.003334854 0.01599871
v 0.008358832 0.00549798 0.01552188
v 0.002059769 0.01739859 0.001501155
v 0.001374104 0.01745964 0.001501541
v 0.0006873292 0.0175066 0.001501155
v 0.00274377 0.01732348 0.0015
v 0 0.01753942 0.0015
v 0.00274377 0.01732348 0.0009999999
v 0.00541998 0.01668098 0.0009999999
v 0 0.01753942 0.0009999999
v 0.00541998 0.01668098 0.0015
v 0.007962733 0.01562774 0.0009999999
v 0.003417503 0.01718354 0.001501155
v 0.004756148 0.01686216 0.001501155
v 0.004088475 0.01702973 0.001501541
v 0.007962733 0.01562774 0.0015
v 0.01030941 0.01418969 0.0009999999
v 0.006063526 0.01643737 0.001501155
v 0.007335416 0.01591054 0.001501155
v 0.006702176 0.01618048 0.001501541
v 0.01030941 0.01418969 0.0015
v 0.01240224 0.01240225 0.0009999999
v 0.008560246 0.01528645 0.001501155
v 0.01240224 0.01240225 0.0015
v 0.00973406 0.01456714 0.001501155
v 0.009150847 0.01493282 0.001501541
v 0.01084618 0.01375913 0.001501155
v 0.01189302 0.01286505 0.001501155
v 0.01137419 0.01331747 0.001501541
v 0.01286505 0.01189302 0.001501155
v 0.01240224 0.01240225 0.0015
v 0.01240224 0.01240225 0.0009999999
v 0.01331747 0.01137419 0.001501541
v 0.01375913 0.01084618 0.001501155
v 0.01418969 0.01030941 0.0015
v 0.01418969 0.01030941 0.0009999999
v 0.01456714 0.009734061 0.001501155
v 0.01493282 0.009150847 0.001501541
v 0.01528645 0.008560246 0.001501155
v 0.01562774 0.007962733 0.0015
v 0.01562774 0.007962733 0.0009999999
v 0.01591053 0.007335417 0.001501155
v 0.01618048 0.006702177 0.001501541
v 0.01643737 0.006063526 0.001501155
v 0.01668098 0.00541998 0.0015
v 0.01668098 0.00541998 0.0009999999
v 0.01686216 0.004756148 0.001501155
v 0.01702973 0.004088476 0.001501541
v 0.01718354 0.003417503 0.001501155
v 0.01732348 0.002743771 0.0015
v 0.01732348 0.002743771 0.0009999999
v 0.01739859 0.002059769 0.001501155
v 0.01745964 0.001374104 0.001501541
v 0.0175066 0.0006873292 0.001501155
v 0.01753942 0 0.0015
v 0.01753942 0 0.0009999999
v 0.0175066 -0.0006873292 0.001501155
v 0.01745964 -0.001374104 0.001501541
v 0.01739859 -0.002059769 0.001501155
v 0.01732348 -0.002743771 0.0015
v 0.01732348 -0.002743771 0.0009999999
v 0.01718354 -0.003417503 0.001501155
v 0.01702973 -0.004088476 0.001501541
v 0.01686216 -0.004756148 0.001501155
v 0.01668098 -0.00541998 0.0015
v 0.01668098 -0.00541998 0.0009999999
v 0.01643737 -0.006063526 0.001501155
v 0.01618048 -0.006702177 0.001501541
v 0.01591053 -0.007335417 0.001501155
v 0.01562774 -0.007962733 0.0015
v 0.01562774 -0.007962733 0.0009999999
v 0.01528645 -0.008560246 0.001501155
v 0.01493282 -0.009150847 0.001501541
v 0.01456714 -0.009734061 0.001501155
v 0.01418969 -0.01030941 0.0015
v 0.01418969 -0.01030941 0.0009999999
v 0.01375913 -0.01084618 0.001501155
v 0.01331747 -0.01137419 0.001501541
v 0.01286505 -0.01189302 0.001501155
v 0.01240224 -0.01240225 0.0015
v 0.01240224 -0.01240225 0.0009999999
v 0.01240224 -0.01240225 0.0015
v 0.01240224 -0.01240225 0.0009999999
v 0.01030941 -0.01418969 0.0009999999
v 0.01030941 -0.01418969 0.0015
v 0.007962733 -0.01562774 0.0009999999
v 0.01189302 -0.01286505 0.001501155
v 0.01084618 -0.01375913 0.001501155
v 0.01137419 -0.01331747 0.001501541
v 0.007962733 -0.01562774 0.0015
v 0.00541998 -0.01668098 0.0009999999
v 0.00973406 -0.01456714 0.001501155
v 0.008560246 -0.01528645 0.001501155
v 0.009150847 -0.01493282 0.001501541
v 0.00541998 -0.01668098 0.0015
v 0.00274377 -0.01732348 0.0009999999
v 0.007335416 -0.01591054 0.001501155
v 0.006063526 -0.01643737 0.001501155
v 0.006702176 -0.01618048 0.001501541
v 0.00274377 -0.01732348 0.0015
v 0 -0.01753942 0.0009999999
v 0.004756148 -0.01686216 0.001501155
v 0.003417503 -0.01718354 0.001501155
v 0.004088475 -0.01702973 0.001501541
v 0 -0.01753942 0.0015
v -0.00274377 -0.01732348 0.0009999999
v 0.002059769 -0.01739859 0.001501155
v 0.0006873292 -0.0175066 0.001501155
v 0.001374104 -0.01745964 0.001501541
v -0.00274377 -0.01732348 0.0015
v -0.00541998 -0.01668098 0.0009999999
v -0.0006873292 -0.0175066 0.001501155
v -0.002059768 -0.01739859 0.001501155
v -0.001374104 -0.01745964 0.001501541
v -0.00541998 -0.01668098 0.0015
v -0.007962733 -0.01562774 0.0009999999
v -0.003417502 -0.01718354 0.001501155
v -0.004756148 -0.01686216 0.001501155
v -0.004088475 -0.01702973 0.001501541
v -0.007962733 -0.01562774 0.0015
v -0.01030941 -0.01418969 0.0009999999
v -0.006063526 -0.01643737 0.001501155
v -0.007335416 -0.01591054 0.001501155
v -0.006702176 -0.01618048 0.001501541
v -0.01030941 -0.01418969 0.0015
v -0.01240224 -0.01240225 0.0009999999
v -0.008560244 -0.01528645 0.001501155
v -0.01240224 -0.01240225 0.0015
v -0.00973406 -0.01456714 0.001501155
v -0.009150846 -0.01493283 0.001501541
v -0.01084618 -0.01375913 0.001501155
v -0.01189302 -0.01286505 0.001501155
v -0.01137419 -0.01331747 0.001501541
v -0.01286505 -0.01189302 0.001501155
v -0.01240224 -0.01240225 0.0015
v -0.01240224 -0.01240225 0.0009999999
v -0.01418969 -0.01030941 0.0009999999
v -0.01331747 -0.01137419 0.001501541
v -0.01375913 -0.01084618 0.001501155
v -0.01418969 -0.01030941 0.0015
v -0.01456714 -0.009734061 0.001501155
v -0.01562774 -0.007962733 0.0009999999
v -0.01493282 -0.009150847 0.001501541
v -0.01528645 -0.008560246 0.001501155
v -0.01562774 -0.007962733 0.0015
v -0.01591053 -0.007335417 0.001501155
v -0.01668098 -0.00541998 0.0009999999
v -0.01618048 -0.006702177 0.001501541
v -0.01643737 -0.006063526 0.001501155
v -0.01668098 -0.00541998 0.0015
v -0.01686216 -0.004756148 0.001501155
v -0.01732348 -0.002743771 0.0009999999
v -0.01702973 -0.004088476 0.001501541
v -0.01718354 -0.003417503 0.001501155
v -0.01732348 -0.002743771 0.0015
v -0.01739859 -0.002059769 0.001501155
v -0.01753942 0 0.0009999999
v -0.01745964 -0.001374104 0.001501541
v -0.0175066 -0.0006873292 0.001501155
v -0.01753942 0 0.0015
v -0.0175066 0.0006873292 0.001501155
v -0.01732348 0.002743771 0.0009999999
v -0.01745964 0.001374104 0.001501541
v -0.01739858 0.002059769 0.001501155
v -0.01732348 0.002743771 0.0015
v -0.01718354 0.003417503 0.001501155
v -0.01668098 0.00541998 0.0009999999
v -0.01702973 0.004088476 0.001501541
v -0.01686216 0.004756148 0.001501155
v -0.01668098 0.00541998 0.0015
v -0.01643737 0.006063526 0.001501155
v -0.01562774 0.007962733 0.0009999999
v -0.01618048 0.006702177 0.001501541
v -0.01591053 0.007335417 0.001501155
v -0.01562774 0.007962733 0.0015
v -0.01528645 0.008560246 0.001501155
v -0.01418969 0.01030941 0.0009999999
v -0.01493282 0.009150847 0.001501541
v -0.01456714 0.00973406 0.001501155
v -0.01418969 0.01030941 0.0015
v -0.01375913 0.01084618 0.001501155
v -0.01240224 0.01240225 0.0009999999
v -0.01331747 0.01137419 0.001501541
v -0.01286505 0.01189302 0.001501155
v -0.01240224 0.01240225 0.0015
v -0.01240224 0.01240225 0.0015
v -0.01240224 0.01240225 0.0009999999
v -0.01030941 0.01418969 0.0009999999
v -0.01030941 0.01418969 0.0015
v -0.007962733 0.01562774 0.0009999999
v -0.01189302 0.01286505 0.001501155
v -0.01084618 0.01375913 0.001501155
v -0.01137419 0.01331747 0.001501541
v -0.007962733 0.01562774 0.0015
v -0.00541998 0.01668098 0.0009999999
v -0.00973406 0.01456714 0.001501155
v -0.008560246 0.01528645 0.001501155
v -0.009150847 0.01493282 0.001501541
v -0.00541998 0.01668098 0.0015
v -0.00274377 0.01732348 0.0009999999
v -0.007335416 0.01591054 0.001501155
v -0.006063526 0.01643737 0.001501155
v -0.006702176 0.01618048 0.001501541
v -0.00274377 0.01732348 0.0015
v -0.004756148 0.01686216 0.001501155
v -0.003417503 0.01718354 0.001501155
v -0.004088475 0.01702973 0.001501541
v -0.002059769 0.01739859 0.001501155
v -0.0006873292 0.0175066 0.001501155
v -0.001374104 0.01745964 0.001501541
v -0.01745964 -0.001374104 0.001501541
v -0.0175066 -0.0006873292 0.001501155
v -0.01753942 0 0.0015
v -0.01739859 -0.002059769 0.001501155
v -0.01732348 -0.002743771 0.0015
v -0.01716295 5.802223E-11 0.001514767
v -0.0169522 -0.002685937 0.001514738
v -0.01702973 -0.004088476 0.001501541
v -0.01718354 -0.003417503 0.001501155
v -0.01686216 -0.004756148 0.001501155
v -0.01668098 -0.00541998 0.0015
v -0.01651052 -0.002617636 0.001519758
v -0.01671516 1.567939E-10 0.001519799
v -0.01632505 -0.005306333 0.001514651
v -0.01643737 -0.006063526 0.001501155
v -0.01618048 -0.006702177 0.001501541
v -0.01591053 -0.007335417 0.001501155
v -0.01590141 -0.005172095 0.001519638
v -0.01562774 -0.007962733 0.0015
v -0.0154797 -0.005035666 0.001514405
v -0.01607017 -0.002548181 0.001514495
v -0.0162685 1.740667E-10 0.001514527
v -0.01529663 -0.007797189 0.00151451
v -0.01528645 -0.008560246 0.001501155
v -0.01493282 -0.009150847 0.001501541
v -0.01589681 -0.000853739 0.001499676
v -0.01589615 -0.0005691127 0.001499712
v -0.01589286 -0.000284533 0.001499892
v -0.01589089 -0.001138225 0.0015
v -0.01589089 0 0.0015
v -0.01584978 -0.001476181 0.001499613
v -0.01589286 0.000284533 0.001499892
v -0.01580086 -0.001813191 0.001499656
v -0.01574883 -0.0021497 0.001499871
v -0.01569836 -0.002486377 0.0015
v -0.01589615 0.0005691127 0.001499712
v -0.01566762 -0.002712895 0.001499913
v -0.01563791 -0.0029396 0.001499769
v -0.01560611 -0.003166043 0.00149974
v -0.01556909 -0.003391627 0.0015
v -0.01546602 -0.00377454 0.001499549
v -0.0153541 -0.004155076 0.001499599
v -0.01523867 -0.004534522 0.001499849
v -0.01512503 -0.004914419 0.0015
v -0.01507792 -0.005080222 0.001499934
v -0.01503158 -0.005246276 0.001499825
v -0.01498369 -0.00541191 0.001499804
v -0.014932 -0.005576347 0.0015
v -0.01490219 -0.007601595 0.001519443
v -0.01475352 -0.005992773 0.001499484
v -0.01456541 -0.006405076 0.001499541
v -0.01456714 -0.009734061 0.001501155
v -0.01451058 -0.007403001 0.001514257
v -0.01418969 -0.01030941 0.0015
v -0.01437351 -0.00681558 0.001499828
v -0.01418355 -0.007226882 0.0015
v -0.01413653 -0.007332519 0.001499956
v -0.01408999 -0.007438396 0.001499883
v -0.01404246 -0.007543846 0.001499868
v -0.01399253 -0.007648141 0.0015
v -0.0138918 -0.01009755 0.001514321
v -0.01372716 -0.008083894 0.001499419
v -0.01375913 -0.01084618 0.001501155
v -0.01353645 -0.009847136 0.00151918
v -0.0134517 -0.00851351 0.001499483
v -0.01331747 -0.01137419 0.001501541
v -0.0131851 -0.009593224 0.001514057
v -0.0131723 -0.008940516 0.001499806
v -0.01289494 -0.00936872 0.0015
v -0.01286505 -0.01189302 0.001501155
v -0.01286397 -0.009418017 0.001499978
v -0.01283323 -0.009467468 0.001499941
v -0.01280202 -0.009516635 0.001499934
v -0.01276969 -0.009565054 0.0015
v -0.01248611 -0.009909182 0.001499491
v -0.01240224 -0.01240225 0.0015
v -0.01219455 -0.01024675 0.001499548
v -0.01214698 -0.01214698 0.001514037
v -0.0118999 -0.01058156 0.00149983
v -0.01189302 -0.01286505 0.001501155
v -0.0118441 -0.01184411 0.001518671
v -0.01160687 -0.01091766 0.0015
v -0.01154267 -0.01154267 0.001513598
v -0.0115314 -0.01100407 0.0015
v -0.01145594 -0.01109049 0.0015
v -0.01138048 -0.0111769 0.0015
v -0.01130501 -0.01126332 0.0015
v -0.01130026 -0.01126899 0.001499998
v -0.01129558 -0.01127472 0.001499993
v -0.01129084 -0.01128041 0.00149999
v -0.01128596 -0.01128596 0.0015
v -0.01137419 -0.01331747 0.001501541
v -0.01119538 -0.01136787 0.001499866
v -0.01110313 -0.01144793 0.001499881
v -0.01101022 -0.01152722 0.001499955
v -0.01091766 -0.01160687 0.0015
v -0.01084618 -0.01375913 0.001501155
v -0.01058156 -0.01189991 0.00149983
v -0.01030941 -0.01418969 0.0015
v -0.01024675 -0.01219455 0.001499548
v -0.01009755 -0.01389181 0.001514321
v -0.009909183 -0.01248611 0.001499491
v -0.00973406 -0.01456714 0.001501155
v -0.009847136 -0.01353645 0.00151918
v -0.009593224 -0.0131851 0.001514057
v -0.009565053 -0.01276969 0.0015
v -0.009516635 -0.01280202 0.001499934
v -0.009467468 -0.01283323 0.001499941
v -0.009418017 -0.01286397 0.001499978
v -0.00936872 -0.01289494 0.0015
v -0.009150846 -0.01493283 0.001501541
v -0.008940517 -0.0131723 0.001499806
v -0.008560244 -0.01528645 0.001501155
v -0.008513511 -0.0134517 0.001499483
v -0.008083894 -0.01372716 0.001499419
v -0.007962733 -0.01562774 0.0015
v -0.007797186 -0.01529663 0.00151451
v -0.00764814 -0.01399253 0.0015
v -0.007403001 -0.01451058 0.001514256
v -0.007335416 -0.01591054 0.001501155
v -0.007601593 -0.01490219 0.001519442
v -0.007543846 -0.01404247 0.001499868
v -0.007438395 -0.01408999 0.001499883
v -0.007332519 -0.01413653 0.001499956
v -0.007226881 -0.01418355 0.0015
v -0.006815579 -0.01437351 0.001499828
v -0.006702176 -0.01618048 0.001501541
v -0.006405075 -0.01456541 0.001499541
v -0.006063526 -0.01643737 0.001501155
v -0.005992773 -0.01475352 0.001499484
v -0.005576347 -0.014932 0.0015
v -0.00541998 -0.01668098 0.0015
v -0.00541191 -0.01498369 0.001499804
v -0.005306332 -0.01632505 0.001514651
v -0.005246276 -0.01503157 0.001499825
v -0.005172093 -0.01590142 0.001519637
v -0.005080221 -0.01507792 0.001499934
v -0.005035665 -0.0154797 0.001514404
v -0.004914418 -0.01512503 0.0015
v -0.004756148 -0.01686216 0.001501155
v -0.004534521 -0.01523867 0.001499849
v -0.004155075 -0.0153541 0.001499599
v -0.004088475 -0.01702973 0.001501541
v -0.00377454 -0.01546602 0.001499549
v -0.003417502 -0.01718354 0.001501155
v -0.003391627 -0.01556909 0.0015
v -0.003166042 -0.01560611 0.00149974
v -0.0029396 -0.01563791 0.001499769
v -0.00274377 -0.01732348 0.0015
v -0.002712895 -0.01566762 0.001499913
v -0.002685937 -0.0169522 0.001514738
v -0.002617636 -0.01651052 0.001519758
v -0.002548181 -0.01607018 0.001514495
v -0.002486377 -0.01569837 0.0015
v -0.002149701 -0.01574883 0.001499871
v -0.002059768 -0.01739859 0.001501155
v -0.001813192 -0.01580086 0.001499656
v -0.001476182 -0.01584978 0.001499613
v -0.001374104 -0.01745964 0.001501541
v -0.001138227 -0.01589089 0.0015
v -0.0008537403 -0.01589681 0.001499676
v -0.0006873292 -0.0175066 0.001501155
v -0.0005691135 -0.01589615 0.001499712
v -0.0002845334 -0.01589286 0.001499892
v -1.740667E-10 -0.0162685 0.001514527
v 0 -0.01589089 0.0015
v -1.567939E-10 -0.01671516 0.001519799
v -5.802222E-11 -0.01716295 0.001514767
v 0 -0.01753942 0.0015
v 0.0002845326 -0.01589286 0.001499892
v 0.000569112 -0.01589615 0.001499712
v 0.0006873292 -0.0175066 0.001501155
v 0.0008537379 -0.01589681 0.001499676
v 0.001138224 -0.01589089 0.0015
v 0.001374104 -0.01745964 0.001501541
v 0.00147618 -0.01584978 0.001499613
v 0.00181319 -0.01580086 0.001499656
v 0.002059769 -0.01739859 0.001501155
v 0.002149699 -0.01574883 0.001499871
v 0.002486377 -0.01569837 0.0015
v 0.002548181 -0.01607017 0.001514496
v 0.002712894 -0.01566762 0.001499913
v 0.002617636 -0.01651052 0.001519758
v 0.002685937 -0.0169522 0.001514738
v 0.00274377 -0.01732348 0.0015
v 0.002939598 -0.01563791 0.001499769
v 0.003166041 -0.01560611 0.00149974
v 0.003391625 -0.01556909 0.0015
v 0.003417503 -0.01718354 0.001501155
v 0.003774539 -0.01546602 0.001499549
v 0.004088475 -0.01702973 0.001501541
v 0.004155074 -0.0153541 0.001499599
v 0.004534521 -0.01523867 0.001499849
v 0.004756148 -0.01686216 0.001501155
v 0.004914418 -0.01512503 0.0015
v 0.005035665 -0.0154797 0.001514405
v 0.005080221 -0.01507792 0.001499934
v 0.005172093 -0.01590141 0.001519638
v 0.005246274 -0.01503157 0.001499825
v 0.005306332 -0.01632505 0.001514651
v 0.005411908 -0.01498369 0.001499804
v 0.00541998 -0.01668098 0.0015
v 0.005576345 -0.014932 0.0015
v 0.005992771 -0.01475352 0.001499484
v 0.006063526 -0.01643737 0.001501155
v 0.006405074 -0.01456541 0.001499541
v 0.006702176 -0.01618048 0.001501541
v 0.006815578 -0.01437351 0.001499828
v 0.00722688 -0.01418355 0.0015
v 0.007335416 -0.01591054 0.001501155
v 0.007403 -0.01451058 0.001514257
v 0.007332517 -0.01413653 0.001499956
v 0.007438393 -0.01408999 0.001499883
v 0.007543844 -0.01404246 0.001499868
v 0.007601594 -0.01490219 0.001519443
v 0.007648138 -0.01399253 0.0015
v 0.007797187 -0.01529663 0.00151451
v 0.007962733 -0.01562774 0.0015
v 0.008083892 -0.01372715 0.001499419
v 0.008513507 -0.0134517 0.001499483
v 0.008560246 -0.01528645 0.001501155
v 0.008940512 -0.0131723 0.001499806
v 0.009150847 -0.01493282 0.001501541
v 0.009368718 -0.01289493 0.0015
v 0.009593222 -0.0131851 0.001514058
v 0.00973406 -0.01456714 0.001501155
v 0.009467464 -0.01283322 0.001499941
v 0.009418013 -0.01286397 0.001499978
v 0.00951663 -0.01280202 0.001499934
v 0.009565049 -0.01276969 0.0015
v 0.009847135 -0.01353645 0.00151918
v 0.009909177 -0.01248611 0.001499491
v 0.01009755 -0.01389181 0.001514321
v 0.01024674 -0.01219455 0.001499548
v 0.01030941 -0.01418969 0.0015
v 0.01058155 -0.01189991 0.00149983
v 0.01084618 -0.01375913 0.001501155
v 0.01091765 -0.01160688 0.0015
v 0.01100407 -0.01153141 0.0015
v 0.01109048 -0.01145594 0.0015
v 0.0111769 -0.01138048 0.0015
v 0.01126332 -0.01130501 0.0015
v 0.01126899 -0.01130026 0.001499998
v 0.01127471 -0.01129558 0.001499993
v 0.0112804 -0.01129084 0.00149999
v 0.01128596 -0.01128596 0.0015
v 0.01137419 -0.01331747 0.001501541
v 0.01154267 -0.01154267 0.001513598
v 0.01136787 -0.01119538 0.001499865
v 0.01144793 -0.01110312 0.00149988
v 0.01152722 -0.01101021 0.001499955
v 0.01160688 -0.01091765 0.0015
v 0.0118441 -0.0118441 0.001518671
v 0.01189302 -0.01286505 0.001501155
v 0.01189991 -0.01058155 0.00149983
v 0.01214698 -0.01214698 0.001514037
v 0.01240224 -0.01240225 0.0015
v 0.01219455 -0.01024674 0.001499548
v 0.01248611 -0.009909181 0.001499491
v 0.01276969 -0.009565054 0.0015
v 0.01280202 -0.009516635 0.001499934
v 0.01283323 -0.009467468 0.001499941
v 0.01286397 -0.009418017 0.001499978
v 0.01286505 -0.01189302 0.001501155
v 0.01289494 -0.009368721 0.0015
v 0.01318511 -0.009593225 0.001514057
v 0.0131723 -0.008940516 0.001499806
v 0.01331747 -0.01137419 0.001501541
v 0.0134517 -0.00851351 0.001499483
v 0.01353645 -0.009847136 0.001519179
v 0.01375913 -0.01084618 0.001501155
v 0.0138918 -0.01009755 0.001514321
v 0.01418969 -0.01030941 0.0015
v 0.01372715 -0.008083894 0.001499419
v 0.01399252 -0.007648139 0.0015
v 0.01404246 -0.007543845 0.001499868
v 0.01408999 -0.007438394 0.001499883
v 0.01413653 -0.007332519 0.001499956
v 0.01418355 -0.007226881 0.0015
v 0.01451058 -0.007403001 0.001514256
v 0.01437351 -0.006815579 0.001499828
v 0.01456541 -0.006405075 0.001499541
v 0.01456714 -0.009734061 0.001501155
v 0.01475352 -0.005992772 0.001499484
v 0.01490219 -0.007601592 0.001519442
v 0.01493282 -0.009150847 0.001501541
v 0.014932 -0.005576347 0.0015
v 0.01498369 -0.00541191 0.001499804
v 0.01503157 -0.005246276 0.001499825
v 0.01507792 -0.005080222 0.001499934
v 0.01528645 -0.008560246 0.001501155
v 0.01512503 -0.004914419 0.0015
v 0.01529663 -0.007797185 0.00151451
v 0.01562774 -0.007962733 0.0015
v 0.0154797 -0.005035665 0.001514404
v 0.0153541 -0.004155075 0.001499599
v 0.01546602 -0.003774539 0.001499549
v 0.01523867 -0.004534522 0.001499849
v 0.01556909 -0.003391626 0.0015
v 0.01560611 -0.003166042 0.00149974
v 0.01563791 -0.002939599 0.001499769
v 0.01566762 -0.002712895 0.001499913
v 0.01569837 -0.002486377 0.0015
v 0.01590141 -0.005172093 0.001519637
v 0.01591053 -0.007335417 0.001501155
v 0.01618048 -0.006702177 0.001501541
v 0.01632505 -0.005306332 0.001514651
v 0.01643737 -0.006063526 0.001501155
v 0.01668098 -0.00541998 0.0015
v 0.01607017 -0.002548181 0.001514495
v 0.01580086 -0.001813191 0.001499656
v 0.01584978 -0.001476182 0.001499613
v 0.01574883 -0.0021497 0.001499871
v 0.01589089 -0.001138226 0.0015
v 0.01589681 -0.0008537395 0.001499676
v 0.01589615 -0.0005691131 0.001499712
v 0.01651052 -0.002617636 0.001519757
v 0.01686216 -0.004756148 0.001501155
v 0.01589089 0 0.0015
v 0.01589286 -0.0002845332 0.001499892
v 0.0169522 -0.002685937 0.001514737
v 0.01702973 -0.004088476 0.001501541
v 0.01718354 -0.003417503 0.001501155
v 0.01732348 -0.002743771 0.0015
v 0.0162685 -1.740667E-10 0.001514527
v 0.01716295 -5.802223E-11 0.001514767
v 0.01739859 -0.002059769 0.001501155
v 0.01745964 -0.001374104 0.001501541
v 0.0175066 -0.0006873292 0.001501155
v 0.01753942 0 0.0015
v 0.0175066 0.0006873292 0.001501155
v 0.01745964 0.001374104 0.001501541
v 0.01739859 0.002059769 0.001501155
v 0.01732348 0.002743771 0.0015
v 0.01671516 -1.567939E-10 0.001519799
v 0.0169522 0.002685937 0.001514738
v 0.01718354 0.003417503 0.001501155
v 0.01702973 0.004088476 0.001501541
v 0.01686216 0.004756148 0.001501155
v 0.01651052 0.002617636 0.001519758
v 0.01668098 0.00541998 0.0015
v 0.01607017 0.002548181 0.001514495
v 0.01589615 0.0005691123 0.001499712
v 0.01589681 0.0008537385 0.001499676
v 0.01589286 0.0002845328 0.001499892
v 0.01589089 0.001138225 0.0015
v 0.01584978 0.00147618 0.001499613
v 0.01580086 0.00181319 0.001499656
v 0.01632505 0.005306333 0.001514651
v 0.01643737 0.006063526 0.001501155
v 0.01618048 0.006702177 0.001501541
v 0.01590141 0.005172095 0.001519638
v 0.01591053 0.007335417 0.001501155
v 0.01562774 0.007962733 0.0015
v 0.01569836 0.002486377 0.0015
v 0.01574883 0.0021497 0.001499871
v 0.0154797 0.005035665 0.001514405
v 0.01566762 0.002712894 0.001499913
v 0.01563791 0.002939599 0.001499769
v 0.01560611 0.003166042 0.00149974
v 0.01556909 0.003391626 0.0015
v 0.01546602 0.003774539 0.001499549
v 0.0153541 0.004155075 0.001499599
v 0.01529663 0.007797185 0.00151451
v 0.01528645 0.008560246 0.001501155
v 0.01512503 0.004914419 0.0015
v 0.01523867 0.004534521 0.001499849
v 0.01490219 0.007601592 0.001519442
v 0.01493282 0.009150847 0.001501541
v 0.01507792 0.005080222 0.001499934
v 0.01503157 0.005246276 0.001499825
v 0.01498369 0.00541191 0.001499804
v 0.014932 0.005576347 0.0015
v 0.01456714 0.009734061 0.001501155
v 0.01475352 0.005992772 0.001499484
v 0.01451058 0.007403001 0.001514256
v 0.01456541 0.006405075 0.001499541
v 0.01437351 0.006815579 0.001499828
v 0.01418969 0.01030941 0.0015
v 0.01418355 0.007226881 0.0015
v 0.0138918 0.01009755 0.001514321
v 0.01413653 0.007332519 0.001499956
v 0.01408999 0.007438394 0.001499883
v 0.01404246 0.007543845 0.001499868
v 0.01399252 0.007648139 0.0015
v 0.01375913 0.01084618 0.001501155
v 0.01372715 0.008083893 0.001499419
v 0.01353645 0.009847136 0.00151918
v 0.01331747 0.01137419 0.001501541
v 0.01345169 0.008513509 0.001499483
v 0.0131851 0.009593224 0.001514057
v 0.0131723 0.008940515 0.001499806
v 0.01289493 0.00936872 0.0015
v 0.01286505 0.01189302 0.001501155
v 0.01286397 0.009418015 0.001499978
v 0.01240224 0.01240225 0.0015
v 0.01283322 0.009467466 0.001499941
v 0.01280202 0.009516634 0.001499934
v 0.01276969 0.009565053 0.0015
v 0.01248611 0.00990918 0.001499491
v 0.01219455 0.01024674 0.001499548
v 0.01214698 0.01214698 0.001514037
v 0.01189991 0.01058155 0.00149983
v 0.01189302 0.01286505 0.001501155
v 0.0118441 0.0118441 0.001518671
v 0.01160688 0.01091765 0.0015
v 0.01137419 0.01331747 0.001501541
v 0.01154267 0.01154267 0.001513598
v 0.01153141 0.01100407 0.0015
v 0.01128596 0.01128596 0.0015
v 0.01084618 0.01375913 0.001501155
v 0.01129084 0.01128041 0.00149999
v 0.01145594 0.01109048 0.0015
v 0.01138048 0.0111769 0.0015
v 0.01129558 0.01127471 0.001499993
v 0.01130501 0.01126332 0.0015
v 0.01130026 0.01126899 0.001499998
v 0.01119538 0.01136787 0.001499865
v 0.01110312 0.01144793 0.001499881
v 0.01101022 0.01152722 0.001499955
v 0.01091765 0.01160688 0.0015
v 0.01058155 0.01189991 0.00149983
v 0.01030941 0.01418969 0.0015
v 0.01024674 0.01219455 0.001499548
v 0.01009755 0.01389181 0.001514321
v 0.00990918 0.01248611 0.001499491
v 0.00973406 0.01456714 0.001501155
v 0.009847135 0.01353645 0.001519179
v 0.009565053 0.0127697 0.0015
v 0.009593225 0.01318511 0.001514057
v 0.009516635 0.01280202 0.001499934
v 0.009467467 0.01283323 0.001499941
v 0.009150847 0.01493282 0.001501541
v 0.00936872 0.01289494 0.0015
v 0.009418017 0.01286397 0.001499978
v 0.008940515 0.0131723 0.001499806
v 0.008560246 0.01528645 0.001501155
v 0.008513509 0.0134517 0.001499483
v 0.007962733 0.01562774 0.0015
v 0.008083893 0.01372716 0.001499419
v 0.007648139 0.01399253 0.0015
v 0.007797185 0.01529663 0.00151451
v 0.007335416 0.01591054 0.001501155
v 0.007601591 0.01490219 0.001519442
v 0.007543845 0.01404246 0.001499868
v 0.007403 0.01451058 0.001514256
v 0.007438393 0.01408999 0.001499883
v 0.007332518 0.01413653 0.001499956
v 0.00722688 0.01418355 0.0015
v 0.006702176 0.01618048 0.001501541
v 0.006815579 0.01437351 0.001499828
v 0.006405075 0.01456541 0.001499541
v 0.006063526 0.01643737 0.001501155
v 0.005992772 0.01475352 0.001499484
v 0.00541998 0.01668098 0.0015
v 0.005576347 0.014932 0.0015
v 0.00541191 0.01498369 0.001499804
v 0.005306332 0.01632505 0.001514651
v 0.005246276 0.01503157 0.001499825
v 0.004756148 0.01686216 0.001501155
v 0.005172093 0.01590142 0.001519637
v 0.005080222 0.01507792 0.001499934
v 0.005035666 0.0154797 0.001514404
v 0.004914419 0.01512503 0.0015
v 0.004534521 0.01523867 0.001499849
v 0.004088475 0.01702973 0.001501541
v 0.004155075 0.0153541 0.001499599
v 0.003774539 0.01546602 0.001499549
v 0.003417503 0.01718354 0.001501155
v 0.003391626 0.01556909 0.0015
v 0.00274377 0.01732348 0.0015
v 0.003166041 0.01560611 0.00149974
v 0.002939599 0.01563791 0.001499769
v 0.002712895 0.01566762 0.001499913
v 0.002685937 0.0169522 0.001514737
v 0.002059769 0.01739859 0.001501155
v 0.002617636 0.01651052 0.001519757
v 0.002548181 0.01607018 0.001514495
v 0.002486377 0.01569837 0.0015
v 0.0021497 0.01574883 0.001499871
v 0.001813191 0.01580086 0.001499656
v 0.001374104 0.01745964 0.001501541
v 0.001476182 0.01584978 0.001499613
v 0.001138226 0.01589089 0.0015
v 0.0006873292 0.0175066 0.001501155
v 0.0008537395 0.01589681 0.001499676
v 0.000569113 0.01589615 0.001499712
v 0 0.01753942 0.0015
v 0.0002845332 0.01589286 0.001499892
v 1.567939E-10 0.01671516 0.001519799
v 1.740667E-10 0.0162685 0.001514527
v 0 0.01589089 0.0015
v 5.802222E-11 0.01716295 0.001514767
v -0.0006873292 0.0175066 0.001501155
v -0.0002845328 0.01589286 0.001499892
v -0.0005691123 0.01589615 0.001499712
v -0.0008537385 0.01589681 0.001499676
v -0.001374104 0.01745964 0.001501541
v -0.001138225 0.01589089 0.0015
v -0.00147618 0.01584978 0.001499613
v -0.002059769 0.01739859 0.001501155
v -0.00181319 0.01580086 0.001499656
v -0.0021497 0.01574883 0.001499871
v -0.00274377 0.01732348 0.0015
v -0.002486377 0.01569837 0.0015
v -0.002548181 0.01607017 0.001514495
v -0.002712894 0.01566762 0.001499913
v -0.002617636 0.01651052 0.001519758
v -0.002685937 0.0169522 0.001514738
v -0.002939598 0.01563791 0.001499769
v -0.003417503 0.01718354 0.001501155
v -0.003166041 0.01560611 0.00149974
v -0.003391626 0.01556909 0.0015
v -0.003774539 0.01546602 0.001499549
v -0.004088475 0.01702973 0.001501541
v -0.004155075 0.0153541 0.001499599
v -0.004756148 0.01686216 0.001501155
v -0.004534521 0.01523867 0.001499849
v -0.004914419 0.01512503 0.0015
v -0.00541998 0.01668098 0.0015
v -0.005035665 0.0154797 0.001514405
v -0.005080222 0.01507792 0.001499934
v -0.005172094 0.01590142 0.001519638
v -0.005246276 0.01503157 0.001499825
v -0.005306332 0.01632505 0.001514651
v -0.005411909 0.01498369 0.001499804
v -0.005576347 0.014932 0.0015
v -0.006063526 0.01643737 0.001501155
v -0.005992772 0.01475352 0.001499484
v -0.006405074 0.01456541 0.001499541
v -0.006702176 0.01618048 0.001501541
v -0.006815578 0.01437351 0.001499828
v -0.007335416 0.01591054 0.001501155
v -0.00722688 0.01418355 0.0015
v -0.007403 0.01451058 0.001514256
v -0.007332518 0.01413653 0.001499956
v -0.007438394 0.01408999 0.001499883
v -0.007962733 0.01562774 0.0015
v -0.007601591 0.01490219 0.001519442
v -0.007543845 0.01404246 0.001499868
v -0.007648139 0.01399253 0.0015
v -0.007797185 0.01529663 0.00151451
v -0.008083892 0.01372716 0.001499419
v -0.008560246 0.01528645 0.001501155
v -0.008513509 0.0134517 0.001499483
v -0.008940514 0.0131723 0.001499806
v -0.009150847 0.01493282 0.001501541
v -0.009368719 0.01289494 0.0015
v -0.00973406 0.01456714 0.001501155
v -0.009593222 0.0131851 0.001514057
v -0.009418014 0.01286397 0.001499978
v -0.009467466 0.01283322 0.001499941
v -0.009516633 0.01280202 0.001499934
v -0.009565052 0.01276969 0.0015
v -0.009909179 0.01248611 0.001499491
v -0.009847135 0.01353645 0.00151918
v -0.01009755 0.01389181 0.001514321
v -0.01024674 0.01219455 0.001499548
v -0.01030941 0.01418969 0.0015
v -0.01058155 0.01189991 0.00149983
v -0.01084618 0.01375913 0.001501155
v -0.01091765 0.01160688 0.0015
v -0.01137419 0.01331747 0.001501541
v -0.01100407 0.01153141 0.0015
v -0.01109048 0.01145594 0.0015
v -0.0111769 0.01138048 0.0015
v -0.01126332 0.01130501 0.0015
v -0.01126899 0.01130027 0.001499998
v -0.01127471 0.01129558 0.001499993
v -0.0112804 0.01129084 0.00149999
v -0.01128596 0.01128596 0.0015
v -0.01154267 0.01154267 0.001513598
v -0.01136787 0.01119538 0.001499865
v -0.01144793 0.01110312 0.001499881
v -0.01152722 0.01101022 0.001499955
v -0.01160687 0.01091766 0.0015
v -0.01189302 0.01286505 0.001501155
v -0.0118441 0.0118441 0.001518671
v -0.01189991 0.01058155 0.00149983
v -0.01214698 0.01214698 0.001514037
v -0.01219455 0.01024674 0.001499548
v -0.01240224 0.01240225 0.0015
v -0.01248611 0.009909178 0.001499491
v -0.01286505 0.01189302 0.001501155
v -0.01276969 0.009565051 0.0015
v -0.01280202 0.009516632 0.001499934
v -0.01283322 0.009467466 0.001499941
v -0.01286397 0.009418015 0.001499978
v -0.01289493 0.00936872 0.0015
v -0.01331747 0.01137419 0.001501541
v -0.0131851 0.009593224 0.001514057
v -0.0131723 0.008940515 0.001499806
v -0.01345169 0.008513509 0.001499483
v -0.01353645 0.009847136 0.00151918
v -0.01375913 0.01084618 0.001501155
v -0.01372715 0.008083892 0.001499419
v -0.0138918 0.01009755 0.001514321
v -0.01418969 0.01030941 0.0015
v -0.01399252 0.007648138 0.0015
v -0.01404246 0.007543845 0.001499868
v -0.01408999 0.007438393 0.001499883
v -0.01413653 0.007332518 0.001499956
v -0.01418355 0.00722688 0.0015
v -0.01451058 0.007403 0.001514256
v -0.01437351 0.006815579 0.001499828
v -0.01456714 0.00973406 0.001501155
v -0.01456541 0.006405075 0.001499541
v -0.01490219 0.007601592 0.001519442
v -0.01475352 0.005992771 0.001499484
v -0.01493282 0.009150847 0.001501541
v -0.014932 0.005576347 0.0015
v -0.01529663 0.007797186 0.00151451
v -0.01528645 0.008560246 0.001501155
v -0.01498369 0.00541191 0.001499804
v -0.01503157 0.005246275 0.001499825
v -0.01507792 0.005080222 0.001499934
v -0.01512502 0.004914419 0.0015
v -0.01547969 0.005035665 0.001514405
v -0.01562774 0.007962733 0.0015
v -0.01523867 0.004534521 0.001499849
v -0.01535409 0.004155075 0.001499599
v -0.01546602 0.003774539 0.001499549
v -0.01556909 0.003391626 0.0015
v -0.01590141 0.005172094 0.001519638
v -0.01560611 0.003166041 0.00149974
v -0.01563791 0.002939599 0.001499769
v -0.01566762 0.002712895 0.001499913
v -0.01591053 0.007335417 0.001501155
v -0.01569837 0.002486377 0.0015
v -0.01607017 0.002548181 0.001514495
v -0.01574883 0.0021497 0.001499871
v -0.01580086 0.001813191 0.001499656
v -0.01584978 0.001476181 0.001499613
v -0.01589089 0.001138226 0.0015
v -0.01589681 0.000853739 0.001499676
v -0.01632505 0.005306333 0.001514651
v -0.01618048 0.006702177 0.001501541
v -0.01643737 0.006063526 0.001501155
v -0.01668098 0.00541998 0.0015
v -0.01651052 0.002617636 0.001519758
v -0.0169522 0.002685937 0.001514738
v -0.01686216 0.004756148 0.001501155
v -0.01702973 0.004088476 0.001501541
v -0.01732348 0.002743771 0.0015
v -0.01718354 0.003417503 0.001501155
v -0.01739858 0.002059769 0.001501155
v -0.01745964 0.001374104 0.001501541
v -0.0175066 0.0006873292 0.001501155
v 0.01030941 0.01418969 -0.0005
v 0.01240224 0.01240225 -0.0005
v 0.01240224 0.01240225 -3.72529E-11
v 0.01030941 0.01418969 -3.72529E-11
v 0.007962733 0.01562774 -0.0005
v 0.007962733 0.01562774 -3.72529E-11
v 0.00541998 0.01668098 -0.0005
v 0.00541998 0.01668098 -3.72529E-11
v 0.00274377 0.01732348 -0.0005
v 0.00274377 0.01732348 -3.72529E-11
v 0 0.01753942 -0.0005
v 0 0.01753942 -3.72529E-11
v -0.00274377 0.01732348 -0.0005
v -0.00274377 0.01732348 -3.72529E-11
v -0.00541998 0.01668098 -0.0005
v -0.00541998 0.01668098 -3.72529E-11
v -0.007962733 0.01562774 -0.0005
v -0.007962733 0.01562774 -3.72529E-11
v -0.01030941 0.01418969 -0.0005
v -0.01030941 0.01418969 -3.72529E-11
v -0.01240224 0.01240225 -0.0005
v -0.01240224 0.01240225 -3.72529E-11
v 0.01240224 0.01240225 -0.0005
v 0.01418969 0.01030941 -3.72529E-11
v 0.01240224 0.01240225 -3.72529E-11
v 0.01418969 0.01030941 -0.0005
v 0.01562774 0.007962733 -3.72529E-11
v 0.01562774 0.007962733 -0.0005
v 0.01668098 0.00541998 -3.72529E-11
v 0.01668098 0.00541998 -0.0005
v 0.01732348 0.002743771 -3.72529E-11
v 0.01732348 0.002743771 -0.0005
v 0.01753942 0 -3.72529E-11
v 0.01753942 0 -0.0005
v 0.01732348 -0.002743771 -3.72529E-11
v 0.01732348 -0.002743771 -0.0005
v 0.01668098 -0.00541998 -3.72529E-11
v 0.01668098 -0.00541998 -0.0005
v 0.01562774 -0.007962733 -3.72529E-11
v 0.01562774 -0.007962733 -0.0005
v 0.01418969 -0.01030941 -3.72529E-11
v 0.01418969 -0.01030941 -0.0005
v 0.01240224 -0.01240225 -3.72529E-11
v 0.01240224 -0.01240225 -0.0005
v 0.01240224 -0.01240225 -0.0005
v 0.01030941 -0.01418969 -3.72529E-11
v 0.01240224 -0.01240225 -3.72529E-11
v 0.01030941 -0.01418969 -0.0005
v 0.007962733 -0.01562774 -3.72529E-11
v 0.007962733 -0.01562774 -0.0005
v 0.00541998 -0.01668098 -3.72529E-11
v 0.00541998 -0.01668098 -0.0005
v 0.00274377 -0.01732348 -3.72529E-11
v 0.00274377 -0.01732348 -0.0005
v 0 -0.01753942 -3.72529E-11
v 0 -0.01753942 -0.0005
v -0.00274377 -0.01732348 -3.72529E-11
v -0.00274377 -0.01732348 -0.0005
v -0.00541998 -0.01668098 -3.72529E-11
v -0.00541998 -0.01668098 -0.0005
v -0.007962733 -0.01562774 -3.72529E-11
v -0.007962733 -0.01562774 -0.0005
v -0.01030941 -0.01418969 -3.72529E-11
v -0.01030941 -0.01418969 -0.0005
v -0.01240224 -0.01240225 -3.72529E-11
v -0.01240224 -0.01240225 -0.0005
v -0.01240224 -0.01240225 -0.0005
v -0.01418969 -0.01030941 -3.72529E-11
v -0.01240224 -0.01240225 -3.72529E-11
v -0.01418969 -0.01030941 -0.0005
v -0.01562774 -0.007962733 -3.72529E-11
v -0.01562774 -0.007962733 -0.0005
v -0.01668098 -0.00541998 -3.72529E-11
v -0.01668098 -0.00541998 -0.0005
v -0.01732348 -0.002743771 -3.72529E-11
v -0.01732348 -0.002743771 -0.0005
v -0.01753942 0 -3.72529E-11
v -0.01753942 0 -0.0005
v -0.01732348 0.002743771 -3.72529E-11
v -0.01732348 0.002743771 -0.0005
v -0.01668098 0.00541998 -3.72529E-11
v -0.01668098 0.00541998 -0.0005
v -0.01562774 0.007962733 -3.72529E-11
v -0.01562774 0.007962733 -0.0005
v -0.01418969 0.01030941 -3.72529E-11
v -0.01418969 0.01030941 -0.0005
v -0.01240224 0.01240225 -3.72529E-11
v -0.01240224 0.01240225 -0.0005
v -0.01457269 0.01058768 -3.72529E-11
v -0.012737 0.012737 -3.72529E-11
v -0.012737 0.012737 0.0005
v -0.01457269 0.01058768 0.0005
v -0.012737 0.012737 0.0009999999
v -0.01604955 0.008177657 -3.72529E-11
v -0.01457269 0.01058768 0.0009999999
v -0.01604955 0.008177657 0.0005
v -0.01713122 0.005566272 -3.72529E-11
v -0.01604955 0.008177657 0.0009999999
v -0.01713122 0.005566272 0.0005
v -0.01779107 0.002817828 -3.72529E-11
v -0.01713122 0.005566272 0.0009999999
v -0.01779107 0.002817828 0.0005
v -0.01801283 0 -3.72529E-11
v -0.01779107 0.002817828 0.0009999999
v -0.01801283 0 0.0005
v -0.01779107 -0.002817828 -3.72529E-11
v -0.01801283 0 0.0009999999
v -0.01779107 -0.002817828 0.0005
v -0.01713122 -0.005566272 -3.72529E-11
v -0.01779107 -0.002817828 0.0009999999
v -0.01713122 -0.005566272 0.0005
v -0.01604955 -0.008177657 -3.72529E-11
v -0.01713122 -0.005566272 0.0009999999
v -0.01604955 -0.008177657 0.0005
v -0.01457269 -0.01058768 -3.72529E-11
v -0.01604955 -0.008177657 0.0009999999
v -0.01457269 -0.01058768 0.0005
v -0.012737 -0.012737 -3.72529E-11
v -0.01457269 -0.01058768 0.0009999999
v -0.012737 -0.012737 0.0005
v -0.012737 -0.012737 0.0009999999
v -0.01058768 -0.01457269 -3.72529E-11
v -0.012737 -0.012737 -3.72529E-11
v -0.012737 -0.012737 0.0005
v -0.01058768 -0.01457269 0.0005
v -0.012737 -0.012737 0.0009999999
v -0.008177657 -0.01604955 -3.72529E-11
v -0.01058768 -0.01457269 0.0009999999
v -0.008177657 -0.01604955 0.0005
v -0.005566272 -0.01713122 -3.72529E-11
v -0.008177657 -0.01604955 0.0009999999
v -0.005566272 -0.01713122 0.0005
v -0.002817828 -0.01779107 -3.72529E-11
v -0.005566272 -0.01713122 0.0009999999
v -0.002817828 -0.01779107 0.0005
v 0 -0.01801283 -3.72529E-11
v -0.002817828 -0.01779107 0.0009999999
v 0 -0.01801283 0.0005
v 0.002817828 -0.01779107 -3.72529E-11
v 0 -0.01801283 0.0009999999
v 0.002817828 -0.01779107 0.0005
v 0.005566272 -0.01713122 -3.72529E-11
v 0.002817828 -0.01779107 0.0009999999
v 0.005566272 -0.01713122 0.0005
v 0.008177657 -0.01604955 -3.72529E-11
v 0.005566272 -0.01713122 0.0009999999
v 0.008177657 -0.01604955 0.0005
v 0.01058768 -0.01457269 -3.72529E-11
v 0.008177657 -0.01604955 0.0009999999
v 0.01058768 -0.01457269 0.0005
v 0.012737 -0.012737 -3.72529E-11
v 0.01058768 -0.01457269 0.0009999999
v 0.012737 -0.012737 0.0005
v 0.012737 -0.012737 0.0009999999
v 0.01457269 -0.01058768 -3.72529E-11
v 0.012737 -0.012737 -3.72529E-11
v 0.012737 -0.012737 0.0005
v 0.01457269 -0.01058768 0.0005
v 0.012737 -0.012737 0.0009999999
v 0.01604955 -0.008177657 -3.72529E-11
v 0.01457269 -0.01058768 0.0009999999
v 0.01604955 -0.008177657 0.0005
v 0.01713122 -0.005566272 -3.72529E-11
v 0.01604955 -0.008177657 0.0009999999
v 0.01713122 -0.005566272 0.0005
v 0.01779107 -0.002817828 -3.72529E-11
v 0.01713122 -0.005566272 0.0009999999
v 0.01779107 -0.002817828 0.0005
v 0.01801283 0 -3.72529E-11
v 0.01779107 -0.002817828 0.0009999999
v 0.01801283 0 0.0005
v 0.01779107 0.002817828 -3.72529E-11
v 0.01801283 0 0.0009999999
v 0.01779107 0.002817828 0.0005
v 0.01713122 0.005566272 -3.72529E-11
v 0.01779107 0.002817828 0.0009999999
v 0.01713122 0.005566272 0.0005
v 0.01604955 0.008177657 -3.72529E-11
v 0.01713122 0.005566272 0.0009999999
v 0.01604955 0.008177657 0.0005
v 0.01457269 0.01058768 -3.72529E-11
v 0.01604955 0.008177657 0.0009999999
v 0.01457269 0.01058768 0.0005
v 0.012737 0.012737 -3.72529E-11
v 0.01457269 0.01058768 0.0009999999
v 0.012737 0.012737 0.0005
v 0.012737 0.012737 0.0009999999
v 0.01058768 0.01457269 -3.72529E-11
v 0.012737 0.012737 -3.72529E-11
v 0.012737 0.012737 0.0005
v 0.01058768 0.01457269 0.0005
v 0.012737 0.012737 0.0009999999
v 0.008177657 0.01604955 -3.72529E-11
v 0.01058768 0.01457269 0.0009999999
v 0.008177657 0.01604955 0.0005
v 0.005566272 0.01713122 -3.72529E-11
v 0.008177657 0.01604955 0.0009999999
v 0.005566272 0.01713122 0.0005
v 0.002817828 0.01779107 -3.72529E-11
v 0.005566272 0.01713122 0.0009999999
v 0.002817828 0.01779107 0.0005
v 0 0.01801283 -3.72529E-11
v 0.002817828 0.01779107 0.0009999999
v 0 0.01801283 0.0005
v -0.002817828 0.01779107 -3.72529E-11
v 0 0.01801283 0.0009999999
v -0.002817828 0.01779107 0.0005
v -0.005566272 0.01713122 -3.72529E-11
v -0.002817828 0.01779107 0.0009999999
v -0.005566272 0.01713122 0.0005
v -0.008177657 0.01604955 -3.72529E-11
v -0.005566272 0.01713122 0.0009999999
v -0.008177657 0.01604955 0.0005
v -0.01058768 0.01457269 -3.72529E-11
v -0.008177657 0.01604955 0.0009999999
v -0.01058768 0.01457269 0.0005
v -0.012737 0.012737 -3.72529E-11
v -0.01058768 0.01457269 0.0009999999
v -0.012737 0.012737 0.0005
v -0.012737 0.012737 0.0009999999
v 0 -0.01753942 0.0015
v -1.740667E-10 -0.0162685 0.001514527
v 0 -0.01589089 0.0015
v -5.802222E-11 -0.01716295 0.001514767
v 0.01160687 -0.01091766 -0.0005
v 0.01130501 -0.01126332 -0.0005
v 0.01128596 -0.01128596 -0.0005
v 0.01240224 -0.01240225 -0.0005
v 0.01276969 -0.009565053 -0.0005
v 0.01289493 -0.00936872 -0.0005
v 0.01030941 -0.01418969 -0.0005
v 0.01418969 -0.01030941 -0.0005
v 0.01399252 -0.007648139 -0.0005
v 0.01418355 -0.007226881 -0.0005
v 0.01091766 -0.01160687 -0.0005
v 0.009565053 -0.01276969 -0.0005
v 0.00936872 -0.01289494 -0.0005
v 0.01562774 -0.007962733 -0.0005
v 0.014932 -0.005576347 -0.0005
v 0.01512503 -0.004914419 -0.0005
v 0.007962733 -0.01562774 -0.0005
v 0.00764814 -0.01399253 -0.0005
v 0.007226881 -0.01418355 -0.0005
v 0.01668098 -0.00541998 -0.0005
v 0.01556909 -0.003391627 -0.0005
v 0.01569836 -0.002486377 -0.0005
v 0.00541998 -0.01668098 -0.0005
v 0.005576347 -0.014932 -0.0005
v 0.004914419 -0.01512503 -0.0005
v 0.01732348 -0.002743771 -0.0005
v 0.01589089 -0.001138226 -0.0005
v 0.00274377 -0.01732348 -0.0005
v 0.003391627 -0.01556909 -0.0005
v 0.002486377 -0.01569837 -0.0005
v 0.01589089 0 -0.0005
v 0.01753942 0 -0.0005
v 0 -0.01753942 -0.0005
v 0.001138225 -0.01589089 -0.0005
v 0 -0.01589089 -0.0005
v 0.01732348 0.002743771 -0.0005
v 0.01589089 0.001138225 -0.0005
v 0.01569836 0.002486377 -0.0005
v -0.00274377 -0.01732348 -0.0005
v 0.01668098 0.00541998 -0.0005
v 0.01556909 0.003391627 -0.0005
v 0.01512503 0.004914419 -0.0005
v -0.001138225 -0.01589089 -0.0005
v -0.002486377 -0.01569837 -0.0005
v -0.003391625 -0.01556909 -0.0005
v 0.01562774 0.007962733 -0.0005
v 0.014932 0.005576347 -0.0005
v 0.01418355 0.007226881 -0.0005
v -0.00541998 -0.01668098 -0.0005
v -0.004914418 -0.01512503 -0.0005
v -0.005576346 -0.014932 -0.0005
v 0.01418969 0.01030941 -0.0005
v 0.01399252 0.007648139 -0.0005
v 0.01289493 0.009368718 -0.0005
v -0.007962733 -0.01562774 -0.0005
v 0.01240224 0.01240225 -0.0005
v -0.00722688 -0.01418355 -0.0005
v -0.007648138 -0.01399253 -0.0005
v -0.009368719 -0.01289493 -0.0005
v 0.01276969 0.009565051 -0.0005
v 0.01160687 0.01091766 -0.0005
v 0.01128596 0.01128596 -0.0005
v -0.01030941 -0.01418969 -0.0005
v -0.00956505 -0.01276969 -0.0005
v -0.01091765 -0.01160688 -0.0005
v 0.01030941 0.01418969 -0.0005
v -0.01240224 -0.01240225 -0.0005
v 0.01126332 0.01130501 -0.0005
v -0.01126332 -0.01130501 -0.0005
v 0.01091766 0.01160687 -0.0005
v 0.009565052 0.01276969 -0.0005
v 0.009368719 0.01289494 -0.0005
v -0.01128596 -0.01128596 -0.0005
v -0.01160688 -0.01091765 -0.0005
v -0.01276969 -0.009565049 -0.0005
v 0.007962733 0.01562774 -0.0005
v 0.007648139 0.01399253 -0.0005
v 0.00722688 0.01418355 -0.0005
v -0.01418969 -0.01030941 -0.0005
v 0.00541998 0.01668098 -0.0005
v 0.005576347 0.014932 -0.0005
v 0.004914418 0.01512503 -0.0005
v -0.01289493 -0.009368718 -0.0005
v -0.01399252 -0.007648138 -0.0005
v -0.01418355 -0.007226881 -0.0005
v 0.00274377 0.01732348 -0.0005
v 0.003391626 0.01556909 -0.0005
v 0.002486377 0.01569837 -0.0005
v -0.01562774 -0.007962733 -0.0005
v -0.014932 -0.005576346 -0.0005
v -0.01512503 -0.004914419 -0.0005
v 0 0.01753942 -0.0005
v -0.01668098 -0.00541998 -0.0005
v -0.01556909 -0.003391626 -0.0005
v -0.01569836 -0.002486377 -0.0005
v 0.001138226 0.01589089 -0.0005
v 0 0.01589089 -0.0005
v -0.001138225 0.01589089 -0.0005
v -0.01732348 -0.002743771 -0.0005
v -0.01589089 -0.001138224 -0.0005
v -0.01589089 0 -0.0005
v -0.01753942 0 -0.0005
v -0.01589089 0.001138227 -0.0005
v -0.01732348 0.002743771 -0.0005
v -0.01569837 0.002486377 -0.0005
v -0.00274377 0.01732348 -0.0005
v -0.002486377 0.01569837 -0.0005
v -0.003391626 0.01556909 -0.0005
v -0.01668098 0.00541998 -0.0005
v -0.01556909 0.003391627 -0.0005
v -0.01512503 0.004914419 -0.0005
v -0.00541998 0.01668098 -0.0005
v -0.004914419 0.01512503 -0.0005
v -0.005576347 0.014932 -0.0005
v -0.01562774 0.007962733 -0.0005
v -0.014932 0.005576347 -0.0005
v -0.01418355 0.007226881 -0.0005
v -0.007962733 0.01562774 -0.0005
v -0.01418969 0.01030941 -0.0005
v -0.00722688 0.01418355 -0.0005
v -0.007648139 0.01399253 -0.0005
v -0.009368718 0.01289493 -0.0005
v -0.01399253 0.007648141 -0.0005
v -0.01289494 0.009368721 -0.0005
v -0.01276969 0.009565054 -0.0005
v -0.01030941 0.01418969 -0.0005
v -0.00956505 0.01276969 -0.0005
v -0.01091766 0.01160687 -0.0005
v -0.01240224 0.01240225 -0.0005
v -0.01160687 0.01091766 -0.0005
v -0.01128596 0.01128596 -0.0005
v -0.01130501 0.01126332 -0.0005
v 0.01126332 0.01130501 -0.0005
v 0.01128826 0.01128827 -0.0004686239
v 0.01128596 0.01128596 -0.0005
v 0.01091766 0.01160687 -0.0005
v 0.009565052 0.01276969 -0.0005
v 0.009565053 0.0127697 0.0015
v 0.009368719 0.01289494 -0.0005
v 0.01128826 0.01128826 0.001468623
v 0.007648139 0.01399253 -0.0005
v 0.00990918 0.01248611 0.001499491
v 0.01024674 0.01219455 0.001499548
v 0.009516635 0.01280202 0.001499934
v 0.01091765 0.01160688 0.0015
v 0.01058155 0.01189991 0.00149983
v 0.01110312 0.01144793 0.001499881
v 0.01101022 0.01152722 0.001499955
v 0.01119538 0.01136787 0.001499865
v 0.01128596 0.01128596 0.0015
v 0.008513509 0.0134517 0.001499483
v 0.008083893 0.01372716 0.001499419
v 0.008940515 0.0131723 0.001499806
v 0.009467467 0.01283323 0.001499941
v 0.00936872 0.01289494 0.0015
v 0.009418017 0.01286397 0.001499978
v 0.007648139 0.01399253 0.0015
v 0.00722688 0.01418355 -0.0005
v 0.005576347 0.014932 -0.0005
v 0.007543845 0.01404246 0.001499868
v 0.006405075 0.01456541 0.001499541
v 0.005992772 0.01475352 0.001499484
v 0.006815579 0.01437351 0.001499828
v 0.007438393 0.01408999 0.001499883
v 0.00722688 0.01418355 0.0015
v 0.007332518 0.01413653 0.001499956
v 0.005576347 0.014932 0.0015
v 0.004914418 0.01512503 -0.0005
v 0.003391626 0.01556909 -0.0005
v 0.00541191 0.01498369 0.001499804
v 0.004155075 0.0153541 0.001499599
v 0.003774539 0.01546602 0.001499549
v 0.004534521 0.01523867 0.001499849
v 0.005246276 0.01503157 0.001499825
v 0.005080222 0.01507792 0.001499934
v 0.004914419 0.01512503 0.0015
v 0.003391626 0.01556909 0.0015
v 0.002486377 0.01569837 -0.0005
v 0.001138226 0.01589089 -0.0005
v 0.003166041 0.01560611 0.00149974
v 0.001476182 0.01584978 0.001499613
v 0.001813191 0.01580086 0.001499656
v 0.002939599 0.01563791 0.001499769
v 0.0021497 0.01574883 0.001499871
v 0.002712895 0.01566762 0.001499913
v 0.002486377 0.01569837 0.0015
v 0.001138226 0.01589089 0.0015
v 0 0.01589089 -0.0005
v -0.001138225 0.01589089 -0.0005
v 0.0008537395 0.01589681 0.001499676
v -0.0008537385 0.01589681 0.001499676
v 0.000569113 0.01589615 0.001499712
v -0.0005691123 0.01589615 0.001499712
v 0.0002845332 0.01589286 0.001499892
v -0.0002845328 0.01589286 0.001499892
v 0 0.01589089 0.0015
v -0.001138225 0.01589089 0.0015
v -0.002486377 0.01569837 -0.0005
v -0.003391626 0.01556909 -0.0005
v -0.00147618 0.01584978 0.001499613
v -0.003166041 0.01560611 0.00149974
v -0.00181319 0.01580086 0.001499656
v -0.002939598 0.01563791 0.001499769
v -0.0021497 0.01574883 0.001499871
v -0.002712894 0.01566762 0.001499913
v -0.002486377 0.01569837 0.0015
v -0.003391626 0.01556909 0.0015
v -0.004914419 0.01512503 -0.0005
v -0.005576347 0.014932 -0.0005
v -0.003774539 0.01546602 0.001499549
v -0.004155075 0.0153541 0.001499599
v -0.005411909 0.01498369 0.001499804
v -0.004534521 0.01523867 0.001499849
v -0.005246276 0.01503157 0.001499825
v -0.005080222 0.01507792 0.001499934
v -0.004914419 0.01512503 0.0015
v -0.005576347 0.014932 0.0015
v -0.00722688 0.01418355 -0.0005
v -0.007648139 0.01399253 -0.0005
v -0.005992772 0.01475352 0.001499484
v -0.006405074 0.01456541 0.001499541
v -0.007543845 0.01404246 0.001499868
v -0.006815578 0.01437351 0.001499828
v -0.007438394 0.01408999 0.001499883
v -0.00722688 0.01418355 0.0015
v -0.007332518 0.01413653 0.001499956
v -0.007648139 0.01399253 0.0015
v -0.009368718 0.01289493 -0.0005
v -0.00956505 0.01276969 -0.0005
v -0.008083892 0.01372716 0.001499419
v -0.008513509 0.0134517 0.001499483
v -0.009516633 0.01280202 0.001499934
v -0.008940514 0.0131723 0.001499806
v -0.009467466 0.01283322 0.001499941
v -0.009368719 0.01289494 0.0015
v -0.009418014 0.01286397 0.001499978
v -0.009565052 0.01276969 0.0015
v -0.01091766 0.01160687 -0.0005
v -0.01128826 0.01128827 -0.0004686239
v -0.01128596 0.01128596 -0.0005
v -0.01128826 0.01128826 0.001468623
v -0.009909179 0.01248611 0.001499491
v -0.01024674 0.01219455 0.001499548
v -0.01091765 0.01160688 0.0015
v -0.01058155 0.01189991 0.00149983
v -0.0112804 0.01129084 0.00149999
v -0.01128596 0.01128596 0.0015
v -0.01127471 0.01129558 0.001499993
v -0.01126899 0.01130027 0.001499998
v -0.01109048 0.01145594 0.0015
v -0.01100407 0.01153141 0.0015
v -0.01126332 0.01130501 0.0015
v -0.0111769 0.01138048 0.0015
v 0.01128826 -0.01128827 -0.0004686239
v 0.01128596 -0.01128596 -0.0005
v 0.01130501 -0.01126332 -0.0005
v 0.01160687 -0.01091766 -0.0005
v 0.01128826 -0.01128826 0.001468623
v 0.01160688 -0.01091765 0.0015
v 0.01276969 -0.009565053 -0.0005
v 0.01189991 -0.01058155 0.00149983
v 0.01219455 -0.01024674 0.001499548
v 0.01248611 -0.009909181 0.001499491
v 0.01276969 -0.009565054 0.0015
v 0.01280202 -0.009516635 0.001499934
v 0.01289493 -0.00936872 -0.0005
v 0.01283323 -0.009467468 0.001499941
v 0.01286397 -0.009418017 0.001499978
v 0.01289494 -0.009368721 0.0015
v 0.0131723 -0.008940516 0.001499806
v 0.01399252 -0.007648139 -0.0005
v 0.0134517 -0.00851351 0.001499483
v 0.01372715 -0.008083894 0.001499419
v 0.01399252 -0.007648139 0.0015
v 0.01404246 -0.007543845 0.001499868
v 0.01418355 -0.007226881 -0.0005
v 0.01408999 -0.007438394 0.001499883
v 0.01413653 -0.007332519 0.001499956
v 0.01418355 -0.007226881 0.0015
v 0.01437351 -0.006815579 0.001499828
v 0.014932 -0.005576347 -0.0005
v 0.01456541 -0.006405075 0.001499541
v 0.01475352 -0.005992772 0.001499484
v 0.014932 -0.005576347 0.0015
v 0.01498369 -0.00541191 0.001499804
v 0.01512503 -0.004914419 -0.0005
v 0.01503157 -0.005246276 0.001499825
v 0.01507792 -0.005080222 0.001499934
v 0.01512503 -0.004914419 0.0015
v 0.01523867 -0.004534522 0.001499849
v 0.01556909 -0.003391627 -0.0005
v 0.0153541 -0.004155075 0.001499599
v 0.01546602 -0.003774539 0.001499549
v 0.01556909 -0.003391626 0.0015
v 0.01569836 -0.002486377 -0.0005
v 0.01560611 -0.003166042 0.00149974
v 0.01563791 -0.002939599 0.001499769
v 0.01566762 -0.002712895 0.001499913
v 0.01569837 -0.002486377 0.0015
v 0.01574883 -0.0021497 0.001499871
v 0.01589089 -0.001138226 -0.0005
v 0.01580086 -0.001813191 0.001499656
v 0.01584978 -0.001476182 0.001499613
v 0.01589089 -0.001138226 0.0015
v 0.01589089 0 -0.0005
v 0.01589681 -0.0008537395 0.001499676
v 0.01589615 -0.0005691131 0.001499712
v 0.01589286 -0.0002845332 0.001499892
v 0.01589089 0 0.0015
v 0.01589286 0.0002845328 0.001499892
v 0.01589089 0.001138225 -0.0005
v 0.01589615 0.0005691123 0.001499712
v 0.01589681 0.0008537385 0.001499676
v 0.01589089 0.001138225 0.0015
v 0.01584978 0.00147618 0.001499613
v 0.01569836 0.002486377 -0.0005
v 0.01580086 0.00181319 0.001499656
v 0.01574883 0.0021497 0.001499871
v 0.01569836 0.002486377 0.0015
v 0.01566762 0.002712894 0.001499913
v 0.01556909 0.003391627 -0.0005
v 0.01563791 0.002939599 0.001499769
v 0.01560611 0.003166042 0.00149974
v 0.01556909 0.003391626 0.0015
v 0.01546602 0.003774539 0.001499549
v 0.01512503 0.004914419 -0.0005
v 0.0153541 0.004155075 0.001499599
v 0.01523867 0.004534521 0.001499849
v 0.01512503 0.004914419 0.0015
v 0.01507792 0.005080222 0.001499934
v 0.014932 0.005576347 -0.0005
v 0.01503157 0.005246276 0.001499825
v 0.01498369 0.00541191 0.001499804
v 0.014932 0.005576347 0.0015
v 0.01475352 0.005992772 0.001499484
v 0.01418355 0.007226881 -0.0005
v 0.01456541 0.006405075 0.001499541
v 0.01437351 0.006815579 0.001499828
v 0.01418355 0.007226881 0.0015
v 0.01413653 0.007332519 0.001499956
v 0.01399252 0.007648139 -0.0005
v 0.01408999 0.007438394 0.001499883
v 0.01404246 0.007543845 0.001499868
v 0.01399252 0.007648139 0.0015
v 0.01372715 0.008083893 0.001499419
v 0.01289493 0.009368718 -0.0005
v 0.01345169 0.008513509 0.001499483
v 0.0131723 0.008940515 0.001499806
v 0.01289493 0.00936872 0.0015
v 0.01276969 0.009565051 -0.0005
v 0.01286397 0.009418015 0.001499978
v 0.01283322 0.009467466 0.001499941
v 0.01280202 0.009516634 0.001499934
v 0.01276969 0.009565053 0.0015
v 0.01160687 0.01091766 -0.0005
v 0.01248611 0.00990918 0.001499491
v 0.01219455 0.01024674 0.001499548
v 0.01189991 0.01058155 0.00149983
v 0.01160688 0.01091765 0.0015
v 0.01128826 0.01128826 0.001468623
v 0.01153141 0.01100407 0.0015
v 0.01145594 0.01109048 0.0015
v 0.01138048 0.0111769 0.0015
v 0.01130501 0.01126332 0.0015
v 0.01130026 0.01126899 0.001499998
v 0.01129558 0.01127471 0.001499993
v 0.01129084 0.01128041 0.00149999
v 0.01128596 0.01128596 0.0015
v 0.01128826 0.01128827 -0.0004686239
v 0.01128596 0.01128596 -0.0005
v 0.01136787 -0.01119538 0.001499865
v 0.01128596 -0.01128596 0.0015
v 0.01144793 -0.01110312 0.00149988
v 0.01152722 -0.01101021 0.001499955
v -0.01130501 0.01126332 -0.0005
v -0.01128826 0.01128827 -0.0004686239
v -0.01128596 0.01128596 -0.0005
v -0.01160687 0.01091766 -0.0005
v -0.01128826 0.01128826 0.001468623
v -0.01160687 0.01091766 0.0015
v -0.01189991 0.01058155 0.00149983
v -0.01219455 0.01024674 0.001499548
v -0.01248611 0.009909178 0.001499491
v -0.01152722 0.01101022 0.001499955
v -0.01144793 0.01110312 0.001499881
v -0.01136787 0.01119538 0.001499865
v -0.01128596 0.01128596 0.0015
v -0.01276969 0.009565054 -0.0005
v -0.01276969 0.009565051 0.0015
v -0.01280202 0.009516632 0.001499934
v -0.01283322 0.009467466 0.001499941
v -0.01286397 0.009418015 0.001499978
v -0.01289494 0.009368721 -0.0005
v -0.01289493 0.00936872 0.0015
v -0.0131723 0.008940515 0.001499806
v -0.01345169 0.008513509 0.001499483
v -0.01372715 0.008083892 0.001499419
v -0.01399253 0.007648141 -0.0005
v -0.01399252 0.007648138 0.0015
v -0.01404246 0.007543845 0.001499868
v -0.01408999 0.007438393 0.001499883
v -0.01413653 0.007332518 0.001499956
v -0.01418355 0.007226881 -0.0005
v -0.01418355 0.00722688 0.0015
v -0.01437351 0.006815579 0.001499828
v -0.01456541 0.006405075 0.001499541
v -0.01475352 0.005992771 0.001499484
v -0.014932 0.005576347 -0.0005
v -0.014932 0.005576347 0.0015
v -0.01498369 0.00541191 0.001499804
v -0.01503157 0.005246275 0.001499825
v -0.01507792 0.005080222 0.001499934
v -0.01512502 0.004914419 0.0015
v -0.01512503 0.004914419 -0.0005
v -0.01523867 0.004534521 0.001499849
v -0.01535409 0.004155075 0.001499599
v -0.01546602 0.003774539 0.001499549
v -0.01556909 0.003391627 -0.0005
v -0.01556909 0.003391626 0.0015
v -0.01560611 0.003166041 0.00149974
v -0.01563791 0.002939599 0.001499769
v -0.01566762 0.002712895 0.001499913
v -0.01569837 0.002486377 0.0015
v -0.01569837 0.002486377 -0.0005
v -0.01574883 0.0021497 0.001499871
v -0.01580086 0.001813191 0.001499656
v -0.01584978 0.001476181 0.001499613
v -0.01589089 0.001138227 -0.0005
v -0.01589089 0.001138226 0.0015
v -0.01589681 0.000853739 0.001499676
v -0.01589615 0.0005691127 0.001499712
v -0.01589286 0.000284533 0.001499892
v -0.01589089 0 0.0015
v -0.01589089 0 -0.0005
v -0.01589286 -0.000284533 0.001499892
v -0.01589615 -0.0005691127 0.001499712
v -0.01589681 -0.000853739 0.001499676
v -0.01589089 -0.001138224 -0.0005
v -0.01589089 -0.001138225 0.0015
v -0.01584978 -0.001476181 0.001499613
v -0.01580086 -0.001813191 0.001499656
v -0.01574883 -0.0021497 0.001499871
v -0.01569836 -0.002486377 0.0015
v -0.01569836 -0.002486377 -0.0005
v -0.01566762 -0.002712895 0.001499913
v -0.01563791 -0.0029396 0.001499769
v -0.01560611 -0.003166043 0.00149974
v -0.01556909 -0.003391626 -0.0005
v -0.01556909 -0.003391627 0.0015
v -0.01546602 -0.00377454 0.001499549
v -0.0153541 -0.004155076 0.001499599
v -0.01523867 -0.004534522 0.001499849
v -0.01512503 -0.004914419 -0.0005
v -0.01512503 -0.004914419 0.0015
v -0.01507792 -0.005080222 0.001499934
v -0.01503158 -0.005246276 0.001499825
v -0.01498369 -0.00541191 0.001499804
v -0.014932 -0.005576346 -0.0005
v -0.014932 -0.005576347 0.0015
v -0.01475352 -0.005992773 0.001499484
v -0.01456541 -0.006405076 0.001499541
v -0.01437351 -0.00681558 0.001499828
v -0.01418355 -0.007226881 -0.0005
v -0.01418355 -0.007226882 0.0015
v -0.01413653 -0.007332519 0.001499956
v -0.01408999 -0.007438396 0.001499883
v -0.01404246 -0.007543846 0.001499868
v -0.01399252 -0.007648138 -0.0005
v -0.01399253 -0.007648141 0.0015
v -0.01372716 -0.008083894 0.001499419
v -0.0134517 -0.00851351 0.001499483
v -0.0131723 -0.008940516 0.001499806
v -0.01289493 -0.009368718 -0.0005
v -0.01289494 -0.00936872 0.0015
v -0.01286397 -0.009418017 0.001499978
v -0.01283323 -0.009467468 0.001499941
v -0.01280202 -0.009516635 0.001499934
v -0.01276969 -0.009565049 -0.0005
v -0.01276969 -0.009565054 0.0015
v -0.01248611 -0.009909182 0.001499491
v -0.01219455 -0.01024675 0.001499548
v -0.0118999 -0.01058156 0.00149983
v -0.01160688 -0.01091765 -0.0005
v -0.01160687 -0.01091766 0.0015
v -0.01128826 -0.01128826 -0.0004686233
v -0.01128596 -0.01128596 -0.0005
v -0.01128826 -0.01128827 0.001468624
v -0.01129084 -0.01128041 0.00149999
v -0.01128596 -0.01128596 0.0015
v -0.01129558 -0.01127472 0.001499993
v -0.01130026 -0.01126899 0.001499998
v -0.01130501 -0.01126332 0.0015
v -0.01130501 -0.01126332 0.0015
v -0.01138048 -0.0111769 0.0015
v -0.01160687 -0.01091766 0.0015
v -0.01145594 -0.01109049 0.0015
v -0.0115314 -0.01100407 0.0015
v -0.01128826 -0.01128826 -0.0004686233
v -0.01128596 -0.01128596 -0.0005
v -0.01126332 -0.01130501 -0.0005
v -0.01091765 -0.01160688 -0.0005
v -0.00956505 -0.01276969 -0.0005
v -0.009565053 -0.01276969 0.0015
v -0.009368719 -0.01289493 -0.0005
v -0.01128826 -0.01128827 0.001468624
v -0.007648138 -0.01399253 -0.0005
v -0.009909183 -0.01248611 0.001499491
v -0.01024675 -0.01219455 0.001499548
v -0.009516635 -0.01280202 0.001499934
v -0.01091766 -0.01160687 0.0015
v -0.01058156 -0.01189991 0.00149983
v -0.01110313 -0.01144793 0.001499881
v -0.01101022 -0.01152722 0.001499955
v -0.01119538 -0.01136787 0.001499866
v -0.01128596 -0.01128596 0.0015
v -0.008513511 -0.0134517 0.001499483
v -0.008083894 -0.01372716 0.001499419
v -0.008940517 -0.0131723 0.001499806
v -0.009467468 -0.01283323 0.001499941
v -0.00936872 -0.01289494 0.0015
v -0.009418017 -0.01286397 0.001499978
v -0.00764814 -0.01399253 0.0015
v -0.00722688 -0.01418355 -0.0005
v -0.005576346 -0.014932 -0.0005
v -0.007543846 -0.01404247 0.001499868
v -0.006405075 -0.01456541 0.001499541
v -0.005992773 -0.01475352 0.001499484
v -0.006815579 -0.01437351 0.001499828
v -0.007438395 -0.01408999 0.001499883
v -0.007226881 -0.01418355 0.0015
v -0.007332519 -0.01413653 0.001499956
v -0.005576347 -0.014932 0.0015
v -0.004914418 -0.01512503 -0.0005
v -0.003391625 -0.01556909 -0.0005
v -0.00541191 -0.01498369 0.001499804
v -0.004155075 -0.0153541 0.001499599
v -0.00377454 -0.01546602 0.001499549
v -0.004534521 -0.01523867 0.001499849
v -0.005246276 -0.01503157 0.001499825
v -0.005080221 -0.01507792 0.001499934
v -0.004914418 -0.01512503 0.0015
v -0.003391627 -0.01556909 0.0015
v -0.002486377 -0.01569837 -0.0005
v -0.001138225 -0.01589089 -0.0005
v -0.003166042 -0.01560611 0.00149974
v -0.001476182 -0.01584978 0.001499613
v -0.001813192 -0.01580086 0.001499656
v -0.0029396 -0.01563791 0.001499769
v -0.002149701 -0.01574883 0.001499871
v -0.002712895 -0.01566762 0.001499913
v -0.002486377 -0.01569837 0.0015
v -0.001138227 -0.01589089 0.0015
v 0 -0.01589089 -0.0005
v 0.001138225 -0.01589089 -0.0005
v -0.0008537403 -0.01589681 0.001499676
v 0.0008537379 -0.01589681 0.001499676
v -0.0005691135 -0.01589615 0.001499712
v 0.000569112 -0.01589615 0.001499712
v -0.0002845334 -0.01589286 0.001499892
v 0.0002845326 -0.01589286 0.001499892
v 0 -0.01589089 0.0015
v 0.001138224 -0.01589089 0.0015
v 0.002486377 -0.01569837 -0.0005
v 0.003391627 -0.01556909 -0.0005
v 0.00147618 -0.01584978 0.001499613
v 0.003166041 -0.01560611 0.00149974
v 0.00181319 -0.01580086 0.001499656
v 0.002939598 -0.01563791 0.001499769
v 0.002149699 -0.01574883 0.001499871
v 0.002712894 -0.01566762 0.001499913
v 0.002486377 -0.01569837 0.0015
v 0.003391625 -0.01556909 0.0015
v 0.004914419 -0.01512503 -0.0005
v 0.005576347 -0.014932 -0.0005
v 0.003774539 -0.01546602 0.001499549
v 0.004155074 -0.0153541 0.001499599
v 0.005411908 -0.01498369 0.001499804
v 0.004534521 -0.01523867 0.001499849
v 0.005246274 -0.01503157 0.001499825
v 0.005080221 -0.01507792 0.001499934
v 0.004914418 -0.01512503 0.0015
v 0.005576345 -0.014932 0.0015
v 0.007226881 -0.01418355 -0.0005
v 0.00764814 -0.01399253 -0.0005
v 0.005992771 -0.01475352 0.001499484
v 0.006405074 -0.01456541 0.001499541
v 0.007543844 -0.01404246 0.001499868
v 0.006815578 -0.01437351 0.001499828
v 0.007438393 -0.01408999 0.001499883
v 0.00722688 -0.01418355 0.0015
v 0.007332517 -0.01413653 0.001499956
v 0.007648138 -0.01399253 0.0015
v 0.00936872 -0.01289494 -0.0005
v 0.009565053 -0.01276969 -0.0005
v 0.008083892 -0.01372715 0.001499419
v 0.008513507 -0.0134517 0.001499483
v 0.00951663 -0.01280202 0.001499934
v 0.008940512 -0.0131723 0.001499806
v 0.009467464 -0.01283322 0.001499941
v 0.009368718 -0.01289493 0.0015
v 0.009418013 -0.01286397 0.001499978
v 0.009565049 -0.01276969 0.0015
v 0.01091766 -0.01160687 -0.0005
v 0.01128826 -0.01128827 -0.0004686239
v 0.01128596 -0.01128596 -0.0005
v 0.01128826 -0.01128826 0.001468623
v 0.009909177 -0.01248611 0.001499491
v 0.01024674 -0.01219455 0.001499548
v 0.01091765 -0.01160688 0.0015
v 0.01058155 -0.01189991 0.00149983
v 0.0112804 -0.01129084 0.00149999
v 0.01128596 -0.01128596 0.0015
v 0.01127471 -0.01129558 0.001499993
v 0.01126899 -0.01130026 0.001499998
v 0.01126332 -0.01130501 0.0015
v 0.006335039 -0.001003372 -0.09150001
v 0.006414007 1.451014E-10 -0.09150001
v 0.006335039 0.001003372 -0.09150001
v 0.006100083 -0.001982037 -0.09150001
v 0.006100083 0.001982037 -0.09150001
v 0.005714922 -0.002911898 -0.09150001
v 0.005714922 0.002911899 -0.09150001
v 0.005189041 -0.003770058 -0.09150001
v 0.005189041 0.003770059 -0.09150001
v 0.004535388 -0.004535387 -0.09150001
v 0.004535388 0.004535388 -0.09150001
v 0.003770059 -0.00518904 -0.09150001
v 0.003770059 0.005189041 -0.09150001
v 0.002911899 -0.005714921 -0.09150001
v 0.002911899 0.005714922 -0.09150001
v 0.001982037 -0.006100083 -0.09150001
v 0.001982037 0.006100083 -0.09150001
v 0.001003372 -0.006335039 -0.09150001
v 0.001003372 0.006335039 -0.09150001
v 1.541702E-10 -0.006414007 -0.09150001
v 1.541702E-10 0.006414007 -0.09150001
v -0.001003372 -0.006335039 -0.09150001
v -0.001003372 0.006335039 -0.09150001
v -0.001982037 -0.006100083 -0.09150001
v -0.001982037 0.006100083 -0.09150001
v -0.002911898 -0.005714921 -0.09150001
v -0.002911898 0.005714922 -0.09150001
v -0.003770058 -0.00518904 -0.09150001
v -0.003770058 0.005189041 -0.09150001
v -0.004535387 -0.004535387 -0.09150001
v -0.004535387 0.004535388 -0.09150001
v -0.00518904 -0.003770058 -0.09150001
v -0.00518904 0.003770059 -0.09150001
v -0.005714921 -0.002911898 -0.09150001
v -0.005714921 0.002911899 -0.09150001
v -0.006100083 -0.001982037 -0.09150001
v -0.006100083 0.001982037 -0.09150001
v -0.006335039 -0.001003372 -0.09150001
v -0.006335039 0.001003372 -0.09150001
v -0.006414007 1.451014E-10 -0.09150001
v -0.004535387 0.004535388 -0.09150001
v -0.007279652 0.01001958 -0.01301318
v -0.008757436 0.008757436 -0.01301318
v -0.003770058 0.005189041 -0.09150001
v -0.00562262 0.01103501 -0.01301318
v -0.002911898 0.005714922 -0.09150001
v -0.00382714 0.01177873 -0.01301318
v -0.001982037 0.006100083 -0.09150001
v -0.001937423 0.01223241 -0.01301318
v -0.001003372 0.006335039 -0.09150001
v 2.916106E-12 0.01238488 -0.01301318
v 1.541702E-10 0.006414007 -0.09150001
v 0.001937423 0.01223241 -0.01301318
v 0.001003372 0.006335039 -0.09150001
v 0.00382714 0.01177873 -0.01301318
v 0.001982037 0.006100083 -0.09150001
v 0.00562262 0.01103501 -0.01301318
v 0.002911899 0.005714922 -0.09150001
v 0.007279652 0.01001958 -0.01301318
v 0.003770059 0.005189041 -0.09150001
v 0.008757436 0.008757436 -0.01301318
v 0.004535388 0.004535388 -0.09150001
v -0.00518904 0.003770059 -0.09150001
v -0.004535387 0.004535388 -0.09150001
v -0.008757436 0.008757436 -0.01301318
v -0.01001958 0.007279652 -0.01301318
v -0.005714921 0.002911899 -0.09150001
v -0.01103501 0.00562262 -0.01301318
v -0.006100083 0.001982037 -0.09150001
v -0.01177873 0.00382714 -0.01301318
v -0.006335039 0.001003372 -0.09150001
v -0.01223241 0.001937423 -0.01301318
v -0.006414007 1.451014E-10 -0.09150001
v -0.01238488 2.744571E-12 -0.01301318
v -0.006335039 -0.001003372 -0.09150001
v -0.01223241 -0.001937423 -0.01301318
v -0.006100083 -0.001982037 -0.09150001
v -0.01177873 -0.00382714 -0.01301318
v -0.005714921 -0.002911898 -0.09150001
v -0.01103501 -0.00562262 -0.01301318
v -0.00518904 -0.003770058 -0.09150001
v -0.01001958 -0.007279652 -0.01301318
v -0.004535387 -0.004535387 -0.09150001
v -0.008757436 -0.008757436 -0.01301318
v -0.003770058 -0.00518904 -0.09150001
v -0.004535387 -0.004535387 -0.09150001
v -0.008757436 -0.008757436 -0.01301318
v -0.007279652 -0.01001958 -0.01301318
v -0.002911898 -0.005714921 -0.09150001
v -0.00562262 -0.01103501 -0.01301318
v -0.001982037 -0.006100083 -0.09150001
v -0.00382714 -0.01177873 -0.01301318
v -0.001003372 -0.006335039 -0.09150001
v -0.001937423 -0.01223241 -0.01301318
v 1.541702E-10 -0.006414007 -0.09150001
v 2.916106E-12 -0.01238488 -0.01301318
v 0.001003372 -0.006335039 -0.09150001
v 0.001937423 -0.01223241 -0.01301318
v 0.001982037 -0.006100083 -0.09150001
v 0.00382714 -0.01177873 -0.01301318
v 0.002911899 -0.005714921 -0.09150001
v 0.00562262 -0.01103501 -0.01301318
v 0.003770059 -0.00518904 -0.09150001
v 0.007279652 -0.01001958 -0.01301318
v 0.004535388 -0.004535387 -0.09150001
v 0.008757436 -0.008757436 -0.01301318
v 0.005189041 -0.003770058 -0.09150001
v 0.004535388 -0.004535387 -0.09150001
v 0.008757436 -0.008757436 -0.01301318
v 0.01001958 -0.007279652 -0.01301318
v 0.005714922 -0.002911898 -0.09150001
v 0.01103501 -0.00562262 -0.01301318
v 0.006100083 -0.001982037 -0.09150001
v 0.01177873 -0.00382714 -0.01301318
v 0.006335039 -0.001003372 -0.09150001
v 0.01223241 -0.001937423 -0.01301318
v 0.006414007 1.451014E-10 -0.09150001
v 0.01238488 2.744571E-12 -0.01301318
v 0.006335039 0.001003372 -0.09150001
v 0.01223241 0.001937423 -0.01301318
v 0.006100083 0.001982037 -0.09150001
v 0.01177873 0.00382714 -0.01301318
v 0.005714922 0.002911899 -0.09150001
v 0.01103501 0.00562262 -0.01301318
v 0.005189041 0.003770059 -0.09150001
v 0.01001958 0.007279652 -0.01301318
v 0.004535388 0.004535388 -0.09150001
v 0.008757436 0.008757436 -0.01301318
v 0.007591098 0.01044825 -0.01297054
v 0.009132104 0.009132104 -0.01297054
v 0.009213503 0.009213503 -0.01145735
v 0.007658761 0.01054138 -0.01145735
v 0.005863173 0.01150712 -0.01297054
v 0.005915434 0.01160969 -0.01145735
v 0.003990876 0.01228265 -0.01297054
v 0.004026449 0.01239214 -0.01145735
v 0.002020312 0.01275575 -0.01297054
v 0.00203832 0.01286944 -0.01145735
v 2.916106E-12 0.01291475 -0.01297054
v 0 0.01302986 -0.01145735
v -0.002020312 0.01275575 -0.01297054
v -0.00203832 0.01286944 -0.01145735
v -0.003990876 0.01228265 -0.01297054
v -0.004026449 0.01239214 -0.01145735
v -0.005863173 0.01150712 -0.01297054
v -0.005915434 0.01160969 -0.01145735
v -0.007591098 0.01044825 -0.01297054
v -0.007658761 0.01054138 -0.01145735
v -0.009132104 0.009132104 -0.01297054
v -0.009213503 0.009213503 -0.01145735
v 0.009132104 0.009132104 -0.01297054
v 0.01054138 0.007658761 -0.01145735
v 0.009213503 0.009213503 -0.01145735
v 0.01044825 0.007591098 -0.01297054
v 0.01160969 0.005915434 -0.01145735
v 0.01150712 0.005863173 -0.01297054
v 0.01239214 0.004026449 -0.01145735
v 0.01228265 0.003990876 -0.01297054
v 0.01286944 0.00203832 -0.01145735
v 0.01275575 0.002020312 -0.01297054
v 0.01302986 0 -0.01145735
v 0.01291475 2.744571E-12 -0.01297054
v 0.01286944 -0.00203832 -0.01145735
v 0.01275575 -0.002020312 -0.01297054
v 0.01239214 -0.004026449 -0.01145735
v 0.01228265 -0.003990876 -0.01297054
v 0.01160969 -0.005915434 -0.01145735
v 0.01150712 -0.005863173 -0.01297054
v 0.01054138 -0.007658761 -0.01145735
v 0.01044825 -0.007591098 -0.01297054
v 0.009213503 -0.009213503 -0.01145735
v 0.009132104 -0.009132104 -0.01297054
v 0.009132104 -0.009132104 -0.01297054
v 0.007658761 -0.01054138 -0.01145735
v 0.009213503 -0.009213503 -0.01145735
v 0.007591098 -0.01044825 -0.01297054
v 0.005915434 -0.01160969 -0.01145735
v 0.005863173 -0.01150712 -0.01297054
v 0.004026449 -0.01239214 -0.01145735
v 0.003990876 -0.01228265 -0.01297054
v 0.00203832 -0.01286944 -0.01145735
v 0.002020312 -0.01275575 -0.01297054
v 0 -0.01302986 -0.01145735
v 2.916106E-12 -0.01291475 -0.01297054
v -0.00203832 -0.01286944 -0.01145735
v -0.002020312 -0.01275575 -0.01297054
v -0.004026449 -0.01239214 -0.01145735
v -0.003990876 -0.01228265 -0.01297054
v -0.005915434 -0.01160969 -0.01145735
v -0.005863173 -0.01150712 -0.01297054
v -0.007658761 -0.01054138 -0.01145735
v -0.007591098 -0.01044825 -0.01297054
v -0.009213503 -0.009213503 -0.01145735
v -0.009132104 -0.009132104 -0.01297054
v -0.009132104 -0.009132104 -0.01297054
v -0.01054138 -0.007658761 -0.01145735
v -0.009213503 -0.009213503 -0.01145735
v -0.01044825 -0.007591098 -0.01297054
v -0.01160969 -0.005915434 -0.01145735
v -0.01150712 -0.005863173 -0.01297054
v -0.01239214 -0.004026449 -0.01145735
v -0.01228265 -0.003990876 -0.01297054
v -0.01286944 -0.00203832 -0.01145735
v -0.01275575 -0.002020312 -0.01297054
v -0.01302986 0 -0.01145735
v -0.01291475 2.744571E-12 -0.01297054
v -0.01286944 0.00203832 -0.01145735
v -0.01275575 0.002020312 -0.01297054
v -0.01239214 0.004026449 -0.01145735
v -0.01228265 0.003990876 -0.01297054
v -0.01160969 0.005915434 -0.01145735
v -0.01150712 0.005863173 -0.01297054
v -0.01054138 0.007658761 -0.01145735
v -0.01044825 0.007591098 -0.01297054
v -0.009213503 0.009213503 -0.01145735
v -0.009132104 0.009132104 -0.01297054
v -0.01103501 -0.00562262 -0.01301318
v -0.01044825 -0.007591098 -0.01297054
v -0.01001958 -0.007279652 -0.01301318
v -0.01150712 -0.005863173 -0.01297054
v -0.009132104 -0.009132104 -0.01297054
v -0.01177873 -0.00382714 -0.01301318
v -0.008757436 -0.008757436 -0.01301318
v -0.01228265 -0.003990876 -0.01297054
v -0.007591098 -0.01044825 -0.01297054
v -0.01223241 -0.001937423 -0.01301318
v -0.007279652 -0.01001958 -0.01301318
v -0.01275575 -0.002020312 -0.01297054
v -0.005863173 -0.01150712 -0.01297054
v -0.01238488 2.744571E-12 -0.01301318
v -0.00562262 -0.01103501 -0.01301318
v -0.01291475 2.744571E-12 -0.01297054
v -0.003990876 -0.01228265 -0.01297054
v -0.01223241 0.001937423 -0.01301318
v -0.00382714 -0.01177873 -0.01301318
v -0.01275575 0.002020312 -0.01297054
v -0.002020312 -0.01275575 -0.01297054
v -0.01177873 0.00382714 -0.01301318
v -0.001937423 -0.01223241 -0.01301318
v -0.01228265 0.003990876 -0.01297054
v 2.916106E-12 -0.01291475 -0.01297054
v -0.01103501 0.00562262 -0.01301318
v 2.916106E-12 -0.01238488 -0.01301318
v -0.01150712 0.005863173 -0.01297054
v 0.002020312 -0.01275575 -0.01297054
v -0.01001958 0.007279652 -0.01301318
v 0.001937423 -0.01223241 -0.01301318
v -0.01044825 0.007591098 -0.01297054
v 0.003990876 -0.01228265 -0.01297054
v -0.008757436 0.008757436 -0.01301318
v 0.00382714 -0.01177873 -0.01301318
v -0.009132104 0.009132104 -0.01297054
v 0.005863173 -0.01150712 -0.01297054
v -0.007279652 0.01001958 -0.01301318
v 0.00562262 -0.01103501 -0.01301318
v -0.007591098 0.01044825 -0.01297054
v 0.007591098 -0.01044825 -0.01297054
v -0.00562262 0.01103501 -0.01301318
v 0.007279652 -0.01001958 -0.01301318
v -0.005863173 0.01150712 -0.01297054
v 0.009132104 -0.009132104 -0.01297054
v -0.00382714 0.01177873 -0.01301318
v 0.008757436 -0.008757436 -0.01301318
v -0.003990876 0.01228265 -0.01297054
v 0.01044825 -0.007591098 -0.01297054
v -0.001937423 0.01223241 -0.01301318
v 0.01001958 -0.007279652 -0.01301318
v -0.002020312 0.01275575 -0.01297054
v 0.01150712 -0.005863173 -0.01297054
v 2.916106E-12 0.01238488 -0.01301318
v 0.01103501 -0.00562262 -0.01301318
v 2.916106E-12 0.01291475 -0.01297054
v 0.01228265 -0.003990876 -0.01297054
v 0.001937423 0.01223241 -0.01301318
v 0.01177873 -0.00382714 -0.01301318
v 0.002020312 0.01275575 -0.01297054
v 0.01275575 -0.002020312 -0.01297054
v 0.00382714 0.01177873 -0.01301318
v 0.01223241 -0.001937423 -0.01301318
v 0.003990876 0.01228265 -0.01297054
v 0.01291475 2.744571E-12 -0.01297054
v 0.00562262 0.01103501 -0.01301318
v 0.01238488 2.744571E-12 -0.01301318
v 0.005863173 0.01150712 -0.01297054
v 0.01275575 0.002020312 -0.01297054
v 0.007279652 0.01001958 -0.01301318
v 0.01223241 0.001937423 -0.01301318
v 0.007591098 0.01044825 -0.01297054
v 0.01228265 0.003990876 -0.01297054
v 0.008757436 0.008757436 -0.01301318
v 0.01177873 0.00382714 -0.01301318
v 0.009132104 0.009132104 -0.01297054
v 0.01150712 0.005863173 -0.01297054
v 0.01001958 0.007279652 -0.01301318
v 0.01103501 0.00562262 -0.01301318
v 0.01044825 0.007591098 -0.01297054
v 0.007347316 0.01011271 -0.01149999
v 0.007658761 0.01054138 -0.01145735
v 0.009213503 0.009213503 -0.01145735
v 0.005674882 0.01113758 -0.01149999
v 0.005915434 0.01160969 -0.01145735
v 0.008838834 0.008838834 -0.01149999
v 0.01054138 0.007658761 -0.01145735
v 0.003862712 0.01188821 -0.01149999
v 0.004026449 0.01239214 -0.01145735
v 0.01011271 0.007347316 -0.01149999
v 0.01160969 0.005915434 -0.01145735
v 0.001955431 0.0123461 -0.01149999
v 0.00203832 0.01286944 -0.01145735
v 0.01113758 0.005674882 -0.01149999
v 0.01239214 0.004026449 -0.01145735
v 0 0.0125 -0.01149999
v 0 0.01302986 -0.01145735
v 0.01188821 0.003862712 -0.01149999
v 0.01286944 0.00203832 -0.01145735
v -0.001955431 0.0123461 -0.01149999
v -0.00203832 0.01286944 -0.01145735
v 0.0123461 0.001955431 -0.01149999
v 0.01302986 0 -0.01145735
v 0.0125 0 -0.01149999
v 0.01286944 -0.00203832 -0.01145735
v 0.0123461 -0.001955431 -0.01149999
v 0.01239214 -0.004026449 -0.01145735
v 0.01188821 -0.003862712 -0.01149999
v 0.01160969 -0.005915434 -0.01145735
v 0.01113758 -0.005674882 -0.01149999
v 0.01054138 -0.007658761 -0.01145735
v 0.01011271 -0.007347316 -0.01149999
v 0.009213503 -0.009213503 -0.01145735
v 0.008838834 -0.008838834 -0.01149999
v 0.007658761 -0.01054138 -0.01145735
v 0.007347316 -0.01011271 -0.01149999
v 0.005915434 -0.01160969 -0.01145735
v 0.005674882 -0.01113758 -0.01149999
v 0.004026449 -0.01239214 -0.01145735
v 0.003862712 -0.01188821 -0.01149999
v 0.00203832 -0.01286944 -0.01145735
v 0.001955431 -0.0123461 -0.01149999
v 0 -0.01302986 -0.01145735
v 0 -0.0125 -0.01149999
v -0.00203832 -0.01286944 -0.01145735
v -0.001955431 -0.0123461 -0.01149999
v -0.004026449 -0.01239214 -0.01145735
v -0.003862712 0.01188821 -0.01149999
v -0.004026449 0.01239214 -0.01145735
v -0.003862712 -0.01188821 -0.01149999
v -0.005915434 -0.01160969 -0.01145735
v -0.005674882 0.01113758 -0.01149999
v -0.005915434 0.01160969 -0.01145735
v -0.005674882 -0.01113758 -0.01149999
v -0.007658761 -0.01054138 -0.01145735
v -0.007347316 0.01011271 -0.01149999
v -0.007658761 0.01054138 -0.01145735
v -0.007347316 -0.01011271 -0.01149999
v -0.009213503 -0.009213503 -0.01145735
v -0.008838834 0.008838834 -0.01149999
v -0.009213503 0.009213503 -0.01145735
v -0.008838834 -0.008838834 -0.01149999
v -0.01054138 -0.007658761 -0.01145735
v -0.01011271 0.007347316 -0.01149999
v -0.01054138 0.007658761 -0.01145735
v -0.01011271 -0.007347316 -0.01149999
v -0.01160969 -0.005915434 -0.01145735
v -0.01113758 0.005674882 -0.01149999
v -0.01160969 0.005915434 -0.01145735
v -0.01113758 -0.005674882 -0.01149999
v -0.01239214 -0.004026449 -0.01145735
v -0.01188821 0.003862712 -0.01149999
v -0.01239214 0.004026449 -0.01145735
v -0.01188821 -0.003862712 -0.01149999
v -0.01286944 -0.00203832 -0.01145735
v -0.0123461 0.001955431 -0.01149999
v -0.01286944 0.00203832 -0.01145735
v -0.0123461 -0.001955431 -0.01149999
v -0.01302986 0 -0.01145735
v -0.0125 0 -0.01149999
v -0.01240224 -0.01240225 0.0009999999
v -0.01457269 -0.01058768 0.0009999999
v -0.01418969 -0.01030941 0.0009999999
v -0.012737 -0.012737 0.0009999999
v -0.01604955 -0.008177657 0.0009999999
v -0.01030941 -0.01418969 0.0009999999
v -0.01562774 -0.007962733 0.0009999999
v -0.01058768 -0.01457269 0.0009999999
v -0.01713122 -0.005566272 0.0009999999
v -0.007962733 -0.01562774 0.0009999999
v -0.01668098 -0.00541998 0.0009999999
v -0.008177657 -0.01604955 0.0009999999
v -0.01779107 -0.002817828 0.0009999999
v -0.00541998 -0.01668098 0.0009999999
v -0.01732348 -0.002743771 0.0009999999
v -0.005566272 -0.01713122 0.0009999999
v -0.01801283 0 0.0009999999
v -0.00274377 -0.01732348 0.0009999999
v -0.01753942 0 0.0009999999
v -0.002817828 -0.01779107 0.0009999999
v -0.01779107 0.002817828 0.0009999999
v 0 -0.01753942 0.0009999999
v -0.01732348 0.002743771 0.0009999999
v 0 -0.01801283 0.0009999999
v -0.01713122 0.005566272 0.0009999999
v 0.00274377 -0.01732348 0.0009999999
v -0.01668098 0.00541998 0.0009999999
v 0.002817828 -0.01779107 0.0009999999
v -0.01604955 0.008177657 0.0009999999
v 0.00541998 -0.01668098 0.0009999999
v -0.01562774 0.007962733 0.0009999999
v 0.005566272 -0.01713122 0.0009999999
v -0.01457269 0.01058768 0.0009999999
v 0.007962733 -0.01562774 0.0009999999
v -0.01418969 0.01030941 0.0009999999
v 0.008177657 -0.01604955 0.0009999999
v -0.012737 0.012737 0.0009999999
v 0.01030941 -0.01418969 0.0009999999
v -0.01240224 0.01240225 0.0009999999
v 0.01058768 -0.01457269 0.0009999999
v -0.01058768 0.01457269 0.0009999999
v 0.01240224 -0.01240225 0.0009999999
v -0.01030941 0.01418969 0.0009999999
v 0.012737 -0.012737 0.0009999999
v -0.008177657 0.01604955 0.0009999999
v 0.01418969 -0.01030941 0.0009999999
v -0.007962733 0.01562774 0.0009999999
v 0.01457269 -0.01058768 0.0009999999
v -0.005566272 0.01713122 0.0009999999
v 0.01562774 -0.007962733 0.0009999999
v -0.00541998 0.01668098 0.0009999999
v 0.01604955 -0.008177657 0.0009999999
v -0.002817828 0.01779107 0.0009999999
v 0.01668098 -0.00541998 0.0009999999
v -0.00274377 0.01732348 0.0009999999
v 0.01713122 -0.005566272 0.0009999999
v 0 0.01801283 0.0009999999
v 0.01732348 -0.002743771 0.0009999999
v 0 0.01753942 0.0009999999
v 0.01779107 -0.002817828 0.0009999999
v 0.002817828 0.01779107 0.0009999999
v 0.01753942 0 0.0009999999
v 0.00274377 0.01732348 0.0009999999
v 0.01801283 0 0.0009999999
v 0.005566272 0.01713122 0.0009999999
v 0.01732348 0.002743771 0.0009999999
v 0.00541998 0.01668098 0.0009999999
v 0.01779107 0.002817828 0.0009999999
v 0.008177657 0.01604955 0.0009999999
v 0.01668098 0.00541998 0.0009999999
v 0.007962733 0.01562774 0.0009999999
v 0.01713122 0.005566272 0.0009999999
v 0.01058768 0.01457269 0.0009999999
v 0.01562774 0.007962733 0.0009999999
v 0.01030941 0.01418969 0.0009999999
v 0.01604955 0.008177657 0.0009999999
v 0.012737 0.012737 0.0009999999
v 0.01418969 0.01030941 0.0009999999
v 0.01240224 0.01240225 0.0009999999
v 0.01457269 0.01058768 0.0009999999
v 0.01240224 -0.01240225 -3.72529E-11
v 0.01457269 -0.01058768 -3.72529E-11
v 0.01418969 -0.01030941 -3.72529E-11
v 0.012737 -0.012737 -3.72529E-11
v 0.01604955 -0.008177657 -3.72529E-11
v 0.01030941 -0.01418969 -3.72529E-11
v 0.01562774 -0.007962733 -3.72529E-11
v 0.01058768 -0.01457269 -3.72529E-11
v 0.01713122 -0.005566272 -3.72529E-11
v 0.007962733 -0.01562774 -3.72529E-11
v 0.01668098 -0.00541998 -3.72529E-11
v 0.008177657 -0.01604955 -3.72529E-11
v 0.01779107 -0.002817828 -3.72529E-11
v 0.00541998 -0.01668098 -3.72529E-11
v 0.01732348 -0.002743771 -3.72529E-11
v 0.005566272 -0.01713122 -3.72529E-11
v 0.01801283 0 -3.72529E-11
v 0.00274377 -0.01732348 -3.72529E-11
v 0.01753942 0 -3.72529E-11
v 0.002817828 -0.01779107 -3.72529E-11
v 0.01779107 0.002817828 -3.72529E-11
v 0 -0.01753942 -3.72529E-11
v 0.01732348 0.002743771 -3.72529E-11
v 0 -0.01801283 -3.72529E-11
v 0.01713122 0.005566272 -3.72529E-11
v -0.00274377 -0.01732348 -3.72529E-11
v 0.01668098 0.00541998 -3.72529E-11
v -0.002817828 -0.01779107 -3.72529E-11
v 0.01604955 0.008177657 -3.72529E-11
v -0.00541998 -0.01668098 -3.72529E-11
v 0.01562774 0.007962733 -3.72529E-11
v -0.005566272 -0.01713122 -3.72529E-11
v 0.01457269 0.01058768 -3.72529E-11
v -0.007962733 -0.01562774 -3.72529E-11
v 0.01418969 0.01030941 -3.72529E-11
v -0.008177657 -0.01604955 -3.72529E-11
v 0.012737 0.012737 -3.72529E-11
v -0.01030941 -0.01418969 -3.72529E-11
v 0.01240224 0.01240225 -3.72529E-11
v -0.01058768 -0.01457269 -3.72529E-11
v 0.01058768 0.01457269 -3.72529E-11
v -0.01240224 -0.01240225 -3.72529E-11
v 0.01030941 0.01418969 -3.72529E-11
v -0.012737 -0.012737 -3.72529E-11
v 0.008177657 0.01604955 -3.72529E-11
v -0.01418969 -0.01030941 -3.72529E-11
v 0.007962733 0.01562774 -3.72529E-11
v -0.01457269 -0.01058768 -3.72529E-11
v 0.005566272 0.01713122 -3.72529E-11
v -0.01562774 -0.007962733 -3.72529E-11
v 0.00541998 0.01668098 -3.72529E-11
v -0.01604955 -0.008177657 -3.72529E-11
v 0.002817828 0.01779107 -3.72529E-11
v -0.01668098 -0.00541998 -3.72529E-11
v 0.00274377 0.01732348 -3.72529E-11
v -0.01713122 -0.005566272 -3.72529E-11
v 0 0.01801283 -3.72529E-11
v -0.01732348 -0.002743771 -3.72529E-11
v 0 0.01753942 -3.72529E-11
v -0.01779107 -0.002817828 -3.72529E-11
v -0.002817828 0.01779107 -3.72529E-11
v -0.01753942 0 -3.72529E-11
v -0.00274377 0.01732348 -3.72529E-11
v -0.01801283 0 -3.72529E-11
v -0.005566272 0.01713122 -3.72529E-11
v -0.01732348 0.002743771 -3.72529E-11
v -0.00541998 0.01668098 -3.72529E-11
v -0.01779107 0.002817828 -3.72529E-11
v -0.008177657 0.01604955 -3.72529E-11
v -0.01668098 0.00541998 -3.72529E-11
v -0.007962733 0.01562774 -3.72529E-11
v -0.01713122 0.005566272 -3.72529E-11
v -0.01058768 0.01457269 -3.72529E-11
v -0.01562774 0.007962733 -3.72529E-11
v -0.01030941 0.01418969 -3.72529E-11
v -0.01604955 0.008177657 -3.72529E-11
v -0.012737 0.012737 -3.72529E-11
v -0.01418969 0.01030941 -3.72529E-11
v -0.01240224 0.01240225 -3.72529E-11
v -0.01457269 0.01058768 -3.72529E-11
vn -0.6522799 0.7486165 -0.1187615
vn -0.6522799 0.7486165 -0.1187615
vn -0.6520063 0.7582134 -0.0004501603
vn -0.6522799 0.7486165 -0.1187615
vn -0.6522799 0.7486165 -0.1187615
vn -0.6522799 0.7486165 -0.1187615
vn -0.6522799 0.7486165 -0.1187615
vn -0.6522799 0.7486165 -0.1187615
vn 0.4904419 0.6241624 -0.6081842
vn 0.5812877 0.5829195 -0.5677231
vn 0.6203408 0.6217759 -0.478092
vn 0.5159585 0.6885069 -0.5096519
vn 0.3907289 0.6600391 -0.6416224
vn 0.6531388 0.6543233 -0.381144
vn 0.4095957 0.7345878 -0.5409363
vn 0.2848226 0.6886517 -0.6668095
vn 0.5433943 0.7313679 -0.4120967
vn 0.678766 0.6796622 -0.2780936
vn 0.2972482 0.7696351 -0.5650711
vn 0.1737524 0.7086897 -0.6837902
vn 0.5672626 0.7649468 -0.3050731
vn 0.6965889 0.6971549 -0.169526
vn 0.4324185 0.784074 -0.445244
vn 0.1805423 0.7932593 -0.5815016
vn 0.0585259 0.7190624 -0.6924766
vn 0.5851089 0.7887968 -0.1882744
vn 0.7058605 0.706055 -0.05698477
vn 0.3143368 0.8244667 -0.4705815
vn 0.4523469 0.8263706 -0.3354012
vn 0.06065629 0.8052117 -0.589877
vn -0.05852548 0.7190627 -0.6924764
vn 0.5947527 0.8013776 -0.06374349
vn 0.7060647 0.7058525 0.05696318
vn 0.1910771 0.8518286 -0.487727
vn 0.32928 0.8735887 -0.3583538
vn 0.4672576 0.8588396 -0.2099163
vn -0.06065647 0.8052119 -0.5898769
vn -0.1737534 0.7086899 -0.6837897
vn 0.5949309 0.8012479 0.06370997
vn 0.6972187 0.6965745 0.1693222
vn 0.06420156 0.8656957 -0.4964364
vn 0.200277 0.9056326 -0.3737897
vn 0.3404492 0.9126598 -0.2261557
vn 0.4752982 0.8769042 -0.07162824
vn -0.1805423 0.7932591 -0.581502
vn -0.2848229 0.6886513 -0.6668097
vn 0.5856742 0.7884316 0.1880464
vn 0.6798598 0.6787677 0.2776062
vn -0.06420192 0.8656957 -0.4964364
vn 0.06728879 0.9218704 -0.3816115
vn 0.2071169 0.9491698 -0.2370217
vn 0.3464339 0.9348662 -0.07751568
vn 0.47541 0.8768467 0.07159016
vn 0.5682771 0.7643919 0.3045753
vn 0.6547267 0.6531768 0.3803854
vn 0.4676253 0.8587065 0.2096423
vn 0.3464347 0.9348696 0.07747153
vn 0.2107129 0.9741494 -0.08144414
vn 0.06956657 0.9676461 -0.2425314
vn 0.5448825 0.7306531 0.411399
vn 0.6224201 0.6204048 0.4771699
vn 0.4530321 0.8262208 0.3348449
vn 0.3404868 0.9127236 0.2258415
vn 0.2105726 0.974184 0.08139162
vn 0.5178469 0.6876353 0.5089129
vn 0.5838214 0.5813822 0.5666987
vn 0.4927105 0.623161 0.6073769
vn 0.4334386 0.7838966 0.4445641
vn 0.4108723 0.7342857 0.5403781
vn 0.3922487 0.6596494 0.6410956
vn 0.3294229 0.8737831 0.3577482
vn 0.3146145 0.8247417 0.4699138
vn 0.2976066 0.7698055 0.5646502
vn 0.2852449 0.6887397 0.6665379
vn 0.206732 0.9493418 0.2366687
vn 0.1997239 0.9060268 0.3731296
vn 0.1904098 0.8523721 0.487038
vn 0.1797552 0.7937071 0.5811343
vn 0.1728137 0.7090414 0.6836635
vn 0.05994825 0.8056215 0.5893896
vn 0.0577363 0.7194247 0.6921667
vn 0.06360786 0.8662205 0.4955966
vn 0.06682061 0.9222436 0.3807909
vn 0.06925841 0.9677932 0.2420323
vn 0.07062493 0.9940194 0.08329204
vn -0.05994871 0.8056214 0.5893897
vn -0.05773719 0.7194245 0.6921669
vn -0.06360812 0.8662207 0.4955964
vn -0.06682092 0.9222436 0.3807908
vn -0.06925876 0.9677931 0.2420324
vn -0.1797543 0.7937072 0.5811345
vn -0.1728124 0.7090412 0.683664
vn -0.190409 0.8523722 0.487038
vn -0.1997231 0.906027 0.3731294
vn -0.2976065 0.7698051 0.5646507
vn -0.2852446 0.6887401 0.6665379
vn -0.3146144 0.8247413 0.4699143
vn -0.4108732 0.7342849 0.5403783
vn -0.3922498 0.6596494 0.641095
vn -0.07062538 0.9940194 0.08329209
vn -0.2067314 0.9493419 0.2366688
vn -0.3294229 0.8737833 0.3577477
vn -0.4334394 0.783896 0.4445642
vn -0.517847 0.6876352 0.508913
vn -0.4927108 0.6231606 0.6073771
vn -0.6224192 0.6204054 0.4771701
vn -0.5838202 0.5813826 0.5666996
vn -0.6547263 0.6531771 0.3803853
vn -0.5448827 0.730653 0.411399
vn -0.6798593 0.678768 0.2776061
vn -0.568277 0.7643919 0.3045755
vn -0.6972183 0.696575 0.1693218
vn -0.4530328 0.8262205 0.3348449
vn -0.5856742 0.7884316 0.1880462
vn -0.7060641 0.7058532 0.05696325
vn -0.4676257 0.8587062 0.2096421
vn -0.5949308 0.8012481 0.06370997
vn -0.7058597 0.7060559 -0.05698443
vn -0.3404868 0.9127237 0.2258412
vn -0.5947525 0.8013777 -0.06374326
vn -0.696588 0.6971556 -0.1695261
vn -0.4754105 0.8768465 0.0715903
vn -0.3464346 0.9348696 0.07747155
vn -0.5851088 0.7887968 -0.1882744
vn -0.678765 0.6796633 -0.2780934
vn -0.4752989 0.8769038 -0.07162809
vn -0.2105719 0.9741842 0.08139171
vn -0.5672626 0.7649469 -0.3050727
vn -0.6531378 0.6543245 -0.3811436
vn -0.4672583 0.8588392 -0.2099164
vn -0.3464339 0.9348662 -0.07751547
vn -0.2107121 0.9741495 -0.08144403
vn -0.5433943 0.7313681 -0.4120963
vn -0.6203403 0.6217765 -0.478092
vn -0.4523477 0.8263702 -0.335401
vn -0.3404493 0.9126598 -0.2261558
vn -0.07073396 0.9939965 -0.08347214
vn -0.5159586 0.6885073 -0.5096513
vn -0.5812883 0.5829194 -0.5677224
vn -0.4904418 0.6241627 -0.6081839
vn -0.4324192 0.7840737 -0.4452437
vn -0.4095957 0.7345877 -0.5409365
vn -0.3907276 0.6600392 -0.641623
vn -0.32928 0.8735889 -0.3583535
vn -0.2071161 0.9491699 -0.2370219
vn 0.07073352 0.9939965 -0.0834722
vn -0.069567 0.9676461 -0.2425316
vn -0.2972481 0.7696344 -0.5650722
vn -0.2002763 0.9056329 -0.3737893
vn -0.06728927 0.9218704 -0.3816113
vn -0.1910763 0.8518288 -0.487727
vn -0.3143368 0.8244667 -0.4705817
vn 0.6233317 -0.4899195 -0.6094561
vn 0.5818344 -0.5817024 -0.5684109
vn 0.620897 -0.6207818 -0.4786616
vn 0.6876917 -0.5163714 -0.510334
vn 0.658719 -0.3885507 -0.6442963
vn 0.6536544 -0.6535593 -0.3815706
vn 0.7338141 -0.4099297 -0.5417329
vn 0.685818 -0.2818016 -0.6710004
vn 0.7307699 -0.5437979 -0.4126249
vn 0.6791934 -0.6791216 -0.2783704
vn 0.7688982 -0.2974682 -0.5659577
vn 0.7041703 -0.171107 -0.6891057
vn 0.7645462 -0.5676123 -0.3054267
vn 0.6968773 -0.6968321 -0.1696677
vn 0.7835232 -0.4327577 -0.4458835
vn 0.7925474 -0.1806233 -0.5824463
vn 0.7134364 -0.05612618 -0.6984685
vn 0.7885712 -0.5853536 -0.188458
vn 0.7059637 -0.7059482 -0.05702848
vn 0.8239607 -0.3145711 -0.4713107
vn 0.826022 -0.4526528 -0.3358468
vn 0.8045133 -0.05964642 -0.590932
vn 0.713313 0.05978991 -0.6982905
vn 0.8013066 -0.5948426 -0.06379686
vn 0.70595 -0.7059677 0.05695708
vn 0.8513544 -0.1911756 -0.4885157
vn 0.8732922 -0.3294996 -0.3588743
vn 0.8586602 -0.4674792 -0.2101566
vn 0.8043662 0.06255265 -0.5908318
vn 0.7038618 0.1730714 -0.6889301
vn 0.8013224 -0.5948307 0.06370978
vn 0.6968758 -0.696928 0.1692796
vn 0.8652346 -0.06345645 -0.4973352
vn 0.9053743 -0.2003778 -0.3743607
vn 0.9125274 -0.3406135 -0.2264426
vn 0.8768528 -0.4753817 -0.07170192
vn 0.7922407 0.1823326 -0.582331
vn 0.6854048 0.2836429 -0.6706467
vn 0.7886649 -0.5853745 0.1880008
vn 0.6793013 -0.6793891 0.2774532
vn 0.8651032 0.06573635 -0.4972678
vn 0.9216267 -0.06679693 -0.3822855
vn 0.9490727 -0.207197 -0.2373403
vn 0.9348354 -0.3464967 -0.07760575
vn 0.8768982 -0.4753157 0.07158595
vn 0.7648231 -0.5677967 0.3043884
vn 0.6539853 -0.6541097 0.3800575
vn 0.8588748 -0.4673454 0.2095767
vn 0.9348972 -0.346362 0.07746353
vn 0.974134 -0.2107448 -0.08154535
vn 0.9675639 -0.06930605 -0.2429335
vn 0.7313419 -0.5442619 0.4109963
vn 0.6215429 -0.6217049 0.4766208
vn 0.8265609 -0.4525926 0.3345997
vn 0.912824 -0.3402735 0.2257572
vn 0.974193 -0.2105356 0.08138074
vn 0.6886572 -0.5171384 0.5082512
vn 0.5828866 -0.5830829 0.5659132
vn 0.6249211 -0.4911289 0.6068493
vn 0.7844868 -0.4328855 0.4440615
vn 0.7352123 -0.4102589 0.5395837
vn 0.6609308 -0.3892138 0.6416253
vn 0.8740293 -0.3290932 0.35745
vn 0.8252321 -0.3142099 0.469323
vn 0.7706387 -0.2971721 0.5637417
vn 0.6885284 -0.2816671 0.6682755
vn 0.9493898 -0.2066243 0.2365702
vn 0.9062014 -0.199562 0.3727923
vn 0.8527884 -0.1902209 0.4863825
vn 0.7944732 -0.1795675 0.5801448
vn 0.7071759 -0.1699892 0.6862988
vn 0.8063683 -0.05992403 0.5883701
vn 0.7165145 -0.05667814 0.6952658
vn 0.8666098 -0.0635765 0.4949196
vn 0.9223787 -0.06681729 0.3804643
vn 0.9678103 -0.06930236 0.2419511
vn 0.9940193 -0.07065663 0.08326652
vn 0.8064029 0.05900325 0.5884157
vn 0.7165533 0.05577463 0.695299
vn 0.8666713 0.06266134 0.4949287
vn 0.9224423 0.0659982 0.3804529
vn 0.967855 0.06868739 0.2419479
vn 0.7947272 0.1773576 0.5804765
vn 0.707417 0.1675324 0.6866543
vn 0.8530661 0.1882891 0.4866472
vn 0.9064443 0.1980653 0.3729998
vn 0.7711791 0.2947581 0.5642698
vn 0.6890687 0.278661 0.6689786
vn 0.8257355 0.3123066 0.4697078
vn 0.7359593 0.4081681 0.5401506
vn 0.6617052 0.3865859 0.6424154
vn 0.9940374 0.07041873 0.0832518
vn 0.9495581 0.2057019 0.2366985
vn 0.8744454 0.3277231 0.3576909
vn 0.7851552 0.4312724 0.4444495
vn 0.6895179 0.5154372 0.5088118
vn 0.6258329 0.4889624 0.6076586
vn 0.6224201 0.6204048 0.4771699
vn 0.5838214 0.5813822 0.5666987
vn 0.6547267 0.6531768 0.3803854
vn 0.732086 0.5429902 0.4113536
vn 0.6798598 0.6787677 0.2776062
vn 0.7653959 0.5669232 0.3045768
vn 0.6972187 0.6965745 0.1693222
vn 0.8270933 0.4514526 0.3348241
vn 0.7890228 0.5848691 0.1880721
vn 0.7060647 0.7058525 0.05696318
vn 0.8592167 0.4666728 0.2096735
vn 0.8014427 0.5946662 0.06373181
vn 0.7058605 0.706055 -0.05698477
vn 0.9131001 0.3394545 0.2258734
vn 0.8011974 0.5949943 -0.06375314
vn 0.6965889 0.6971549 -0.169526
vn 0.8770152 0.4750954 0.07161528
vn 0.9349942 0.346092 0.07749919
vn 0.7882696 0.5857999 -0.1883339
vn 0.678766 0.6796622 -0.2780936
vn 0.8767461 0.4755836 -0.07166901
vn 0.9742556 0.2102297 0.08142133
vn 0.7641064 0.5683332 -0.3051865
vn 0.6531388 0.6543233 -0.381144
vn 0.8583678 0.4680594 -0.2100595
vn 0.9347463 0.3467408 -0.07758974
vn 0.9740744 0.2110181 -0.08155065
vn 0.7302489 0.5447753 -0.4122578
vn 0.6203408 0.6217759 -0.478092
vn 0.8256038 0.45356 -0.335651
vn 0.9122814 0.3413066 -0.2263903
vn 0.9939662 0.07096813 -0.08363526
vn 0.6871381 0.5175877 -0.5098472
vn 0.5812877 0.5829195 -0.5677231
vn 0.6227874 0.4913693 -0.6088449
vn 0.7830384 0.4339433 -0.4455829
vn 0.733309 0.4113524 -0.5413383
vn 0.6582251 0.3902165 -0.6437941
vn 0.8729407 0.3305624 -0.3587519
vn 0.9489021 0.2079703 -0.2373458
vn 0.9939891 -0.07065754 -0.08362497
vn 0.9674971 0.07026418 -0.2429247
vn 0.7684776 0.2990599 -0.5656902
vn 0.905125 0.2015513 -0.3743339
vn 0.9215224 0.0684264 -0.3822491
vn 0.8510622 0.1926535 -0.4884443
vn 0.8235552 0.3159282 -0.4711117
vn -0.6233311 -0.4899198 -0.6094561
vn -0.5818338 -0.5817029 -0.5684111
vn -0.4909551 -0.6229511 -0.6090114
vn -0.5244805 -0.5184717 -0.6753571
vn -0.6587189 -0.3885504 -0.6442964
vn -0.3911708 -0.6588465 -0.6425782
vn -0.5568911 -0.411873 -0.7212718
vn -0.6858178 -0.2818019 -0.6710005
vn -0.4258798 -0.5477176 -0.720161
vn -0.2851612 -0.6874835 -0.6678694
vn -0.5819033 -0.2990724 -0.75627
vn -0.7041702 -0.1711078 -0.6891055
vn -0.3166493 -0.5732557 -0.755719
vn -0.1739612 -0.7075433 -0.6849233
vn -0.4604335 -0.4363233 -0.7730609
vn -0.598924 -0.1817445 -0.7799096
vn -0.7134367 -0.05612627 -0.6984684
vn -0.1964466 -0.5924321 -0.781302
vn -0.05859511 -0.7179284 -0.6936465
vn -0.4868781 -0.3174841 -0.8137282
vn -0.3485037 -0.4578697 -0.8178633
vn -0.6075438 -0.05956099 -0.7920499
vn -0.7133131 0.05978987 -0.6982905
vn -0.06684094 -0.6027882 -0.7950967
vn 0.05859465 -0.7179287 -0.6936462
vn -0.50478 -0.1931955 -0.8413517
vn -0.3726695 -0.3338129 -0.8658444
vn -0.2193582 -0.4741721 -0.852668
vn -0.6073822 0.06372491 -0.7918498
vn -0.7038621 0.1730708 -0.68893
vn 0.06684028 -0.6027884 -0.7950966
vn 0.1739619 -0.7075432 -0.6849233
vn -0.5138196 -0.06332701 -0.8555578
vn -0.3889446 -0.2033927 -0.8985285
vn -0.2366146 -0.34624 -0.9078168
vn -0.07524078 -0.4830288 -0.8723658
vn -0.5986111 0.1839098 -0.7796422
vn -0.6854052 0.2836429 -0.6706462
vn 0.1964481 -0.5924323 -0.7813016
vn 0.2851613 -0.6874826 -0.6678703
vn -0.5136706 0.06779961 -0.8553045
vn -0.397138 -0.06667978 -0.9153334
vn -0.2481904 -0.2111843 -0.9454114
vn -0.08154105 -0.3530242 -0.9320542
vn 0.07524014 -0.4830288 -0.8723658
vn 0.3166495 -0.5732558 -0.7557188
vn 0.3911701 -0.658846 -0.642579
vn 0.2193596 -0.4741719 -0.8526679
vn 0.08154068 -0.3530242 -0.9320542
vn -0.08575805 -0.2154518 -0.9727415
vn -0.2540027 -0.06923691 -0.9647222
vn 0.4258783 -0.5477176 -0.7201619
vn 0.490955 -0.6229513 -0.6090114
vn 0.3485036 -0.4578696 -0.8178635
vn 0.2366155 -0.3462398 -0.9078166
vn 0.0857583 -0.2154518 -0.9727415
vn 0.5244809 -0.5184714 -0.6753571
vn 0.5818344 -0.5817024 -0.5684109
vn 0.6233317 -0.4899195 -0.6094561
vn 0.4604323 -0.436323 -0.7730618
vn 0.5568914 -0.4118728 -0.7212717
vn 0.658719 -0.3885507 -0.6442963
vn 0.3726694 -0.3338127 -0.8658444
vn 0.4868773 -0.317484 -0.8137287
vn 0.5819029 -0.2990724 -0.7562703
vn 0.685818 -0.2818016 -0.6710004
vn 0.2481907 -0.2111844 -0.9454113
vn 0.3889446 -0.2033929 -0.8985285
vn 0.5047793 -0.1931955 -0.841352
vn 0.5989238 -0.181744 -0.7799098
vn 0.7041703 -0.171107 -0.6891057
vn 0.6075436 -0.059561 -0.79205
vn 0.7134364 -0.05612618 -0.6984685
vn 0.5138193 -0.06332721 -0.855558
vn 0.3971379 -0.06668004 -0.9153334
vn 0.2540027 -0.06923705 -0.9647222
vn 0.08787218 -0.0706338 -0.9936243
vn 0.6073819 0.06372487 -0.79185
vn 0.713313 0.05978991 -0.6982905
vn 0.5136709 0.06779954 -0.8553043
vn 0.3970165 0.07144181 -0.9150268
vn 0.253921 0.07424003 -0.9643716
vn 0.5986111 0.1839101 -0.779642
vn 0.7038618 0.1730714 -0.6889301
vn 0.5044926 0.1954675 -0.8409993
vn 0.3887064 0.2057571 -0.8980932
vn 0.581491 0.3010897 -0.7557865
vn 0.6854048 0.2836429 -0.6706467
vn 0.4865037 0.3195863 -0.813129
vn 0.5564044 0.4136788 -0.7206136
vn 0.6582251 0.3902165 -0.6437941
vn 0.08784252 0.07578057 -0.9932476
vn 0.248028 0.2136197 -0.9449067
vn 0.3723641 0.3359848 -0.8651354
vn 0.4599978 0.4381849 -0.7722667
vn 0.5239519 0.5200158 -0.6745799
vn 0.6227874 0.4913693 -0.6088449
vn 0.4904419 0.6241624 -0.6081842
vn 0.5812877 0.5829195 -0.5677231
vn 0.3907289 0.6600391 -0.6416224
vn 0.4254164 0.5492854 -0.7192402
vn 0.2848226 0.6886517 -0.6668095
vn 0.3162862 0.5748293 -0.754675
vn 0.1737524 0.7086897 -0.6837902
vn 0.3481544 0.4597706 -0.8169452
vn 0.1962167 0.5940034 -0.780166
vn 0.0585259 0.7190624 -0.6924766
vn 0.2191319 0.4760993 -0.8516517
vn 0.06676342 0.6043561 -0.7939121
vn -0.05852548 0.7190627 -0.6924764
vn 0.2364125 0.3484636 -0.9070183
vn -0.06676258 0.6043562 -0.7939121
vn -0.1737534 0.7086899 -0.6837897
vn 0.07516269 0.4849695 -0.8712951
vn 0.08146993 0.3552756 -0.9312046
vn -0.1962182 0.5940036 -0.7801654
vn -0.2848229 0.6886513 -0.6668097
vn -0.07516209 0.4849694 -0.8712952
vn 0.0856993 0.2179255 -0.9721954
vn -0.3162862 0.5748295 -0.7546748
vn -0.3907276 0.6600392 -0.641623
vn -0.2191332 0.4760992 -0.8516514
vn -0.08146962 0.3552756 -0.9312046
vn -0.08569912 0.2179257 -0.9721954
vn -0.4254148 0.5492854 -0.7192411
vn -0.4904418 0.6241627 -0.6081839
vn -0.3481543 0.4597706 -0.8169453
vn -0.2364134 0.3484634 -0.9070181
vn -0.08784253 0.0757807 -0.9932476
vn -0.5239525 0.5200158 -0.6745794
vn -0.5812883 0.5829194 -0.5677224
vn -0.6227878 0.4913694 -0.6088445
vn -0.4599967 0.4381848 -0.7722676
vn -0.5564046 0.4136788 -0.7206135
vn -0.6582254 0.3902169 -0.6437936
vn -0.372364 0.3359847 -0.8651355
vn -0.2480285 0.2136198 -0.9449065
vn -0.08787196 -0.07063374 -0.9936243
vn -0.2539211 0.07424023 -0.9643716
vn -0.5814907 0.3010897 -0.7557867
vn -0.3887064 0.2057573 -0.8980931
vn -0.3970165 0.07144202 -0.9150267
vn -0.5044917 0.1954674 -0.8409997
vn -0.4865026 0.3195862 -0.8131297
vn -0.6227878 0.4913694 -0.6088445
vn -0.5812883 0.5829194 -0.5677224
vn -0.6203403 0.6217765 -0.478092
vn -0.6871378 0.517588 -0.5098474
vn -0.6582254 0.3902169 -0.6437936
vn -0.6531378 0.6543245 -0.3811436
vn -0.7333091 0.4113522 -0.5413381
vn -0.6854052 0.2836429 -0.6706462
vn -0.7302487 0.5447755 -0.4122578
vn -0.678765 0.6796633 -0.2780934
vn -0.7684782 0.2990598 -0.5656894
vn -0.7038621 0.1730708 -0.68893
vn -0.7641061 0.5683337 -0.3051863
vn -0.696588 0.6971556 -0.1695261
vn -0.7830387 0.4339425 -0.4455832
vn -0.7922409 0.1823328 -0.5823308
vn -0.7133131 0.05978987 -0.6982905
vn -0.7882695 0.5857999 -0.188334
vn -0.7058597 0.7060559 -0.05698443
vn -0.8235552 0.3159279 -0.4711119
vn -0.8256043 0.4535592 -0.3356512
vn -0.8043661 0.06255259 -0.590832
vn -0.7134367 -0.05612627 -0.6984684
vn -0.8011972 0.5949946 -0.06375284
vn -0.7060641 0.7058532 0.05696325
vn -0.8510619 0.1926542 -0.4884444
vn -0.8729407 0.3305621 -0.3587524
vn -0.8583683 0.4680585 -0.2100594
vn -0.8045135 -0.05964644 -0.5909317
vn -0.7041702 -0.1711078 -0.6891055
vn -0.8014426 0.5946662 0.0637323
vn -0.6972183 0.696575 0.1693218
vn -0.8651029 0.06573639 -0.4972683
vn -0.9051247 0.2015519 -0.3743342
vn -0.9122814 0.3413065 -0.22639
vn -0.8767467 0.4755825 -0.07166878
vn -0.7925473 -0.1806232 -0.5824466
vn -0.6858178 -0.2818019 -0.6710005
vn -0.7890227 0.5848693 0.1880722
vn -0.6798593 0.678768 0.2776061
vn -0.8652344 -0.06345654 -0.4973356
vn -0.9215224 0.06842627 -0.3822492
vn -0.948902 0.2079713 -0.2373456
vn -0.9347464 0.3467405 -0.07758954
vn -0.8770157 0.4750946 0.0716157
vn -0.7653959 0.5669233 0.3045768
vn -0.6547263 0.6531771 0.3803853
vn -0.8592169 0.4666725 0.2096736
vn -0.9349943 0.3460917 0.07749931
vn -0.9740742 0.211019 -0.08155052
vn -0.9674971 0.07026383 -0.2429247
vn -0.7320861 0.5429905 0.4113531
vn -0.6224192 0.6204054 0.4771701
vn -0.8270936 0.4514521 0.3348241
vn -0.9131001 0.3394544 0.2258733
vn -0.9742554 0.2102307 0.08142141
vn -0.6895178 0.5154375 0.5088118
vn -0.5838202 0.5813826 0.5666996
vn -0.6258316 0.4889626 0.6076598
vn -0.7851561 0.4312716 0.4444488
vn -0.7359597 0.4081674 0.5401506
vn -0.6617045 0.3865853 0.6424165
vn -0.8744454 0.3277228 0.3576911
vn -0.825736 0.3123064 0.469707
vn -0.771179 0.2947578 0.5642701
vn -0.6890679 0.278661 0.6689795
vn -0.9495578 0.2057028 0.2366987
vn -0.906444 0.198066 0.3730001
vn -0.8530664 0.1882896 0.4866464
vn -0.7947269 0.1773582 0.5804766
vn -0.7074163 0.167533 0.6866549
vn -0.8064029 0.05900298 0.5884157
vn -0.7165529 0.05577445 0.6952993
vn -0.8666718 0.06266109 0.4949279
vn -0.9224423 0.06599778 0.380453
vn -0.967855 0.0686869 0.2419483
vn -0.9940374 0.07041863 0.08325212
vn -0.8063682 -0.05992409 0.5883701
vn -0.7165142 -0.05667811 0.6952662
vn -0.8666105 -0.06357659 0.4949185
vn -0.9223787 -0.06681796 0.380464
vn -0.9678102 -0.06930298 0.2419516
vn -0.7944734 -0.1795662 0.5801449
vn -0.7071753 -0.1699882 0.6862996
vn -0.8527894 -0.19022 0.4863811
vn -0.9062017 -0.1995614 0.372792
vn -0.7706387 -0.2971718 0.5637419
vn -0.6885276 -0.2816667 0.6682765
vn -0.8252332 -0.3142099 0.4693213
vn -0.7352114 -0.4102603 0.5395838
vn -0.6609301 -0.3892142 0.6416258
vn -0.9940193 -0.07065672 0.08326683
vn -0.9493897 -0.2066235 0.236571
vn -0.8740295 -0.3290928 0.3574499
vn -0.7844871 -0.4328866 0.44406
vn -0.6886567 -0.5171387 0.5082514
vn -0.624921 -0.491129 0.6068493
vn -0.6215441 -0.6217043 0.4766201
vn -0.5828876 -0.5830814 0.5659134
vn -0.653986 -0.6541097 0.3800562
vn -0.7313424 -0.544262 0.4109954
vn -0.6793016 -0.6793886 0.2774535
vn -0.7648233 -0.5677968 0.3043883
vn -0.6968762 -0.6969272 0.1692808
vn -0.8265609 -0.4525929 0.3345996
vn -0.7886646 -0.5853747 0.1880015
vn -0.7059507 -0.7059671 0.05695663
vn -0.8588744 -0.4673457 0.2095775
vn -0.8013222 -0.5948309 0.06370972
vn -0.7059641 -0.7059478 -0.05702916
vn -0.9128239 -0.3402731 0.2257582
vn -0.8013065 -0.5948426 -0.06379731
vn -0.6968778 -0.6968318 -0.1696667
vn -0.8768981 -0.475316 0.07158582
vn -0.9348973 -0.3463619 0.07746336
vn -0.7885716 -0.5853536 -0.188457
vn -0.6791937 -0.6791214 -0.2783702
vn -0.8768528 -0.475382 -0.07170229
vn -0.9741931 -0.2105352 0.08138081
vn -0.7645462 -0.5676122 -0.3054267
vn -0.6536544 -0.6535588 -0.3815717
vn -0.8586601 -0.4674799 -0.2101555
vn -0.9348355 -0.3464966 -0.07760591
vn -0.974134 -0.2107443 -0.08154538
vn -0.7307692 -0.5437979 -0.4126259
vn -0.6208973 -0.6207814 -0.4786616
vn -0.8260217 -0.4526535 -0.3358467
vn -0.9125276 -0.3406136 -0.2264417
vn -0.9939891 -0.07065777 -0.08362497
vn -0.6876919 -0.5163718 -0.5103332
vn -0.5818338 -0.5817029 -0.5684111
vn -0.6233311 -0.4899198 -0.6094561
vn -0.7835222 -0.4327586 -0.4458845
vn -0.733814 -0.4099299 -0.5417328
vn -0.6587189 -0.3885504 -0.6442964
vn -0.8732924 -0.3294994 -0.3588741
vn -0.949073 -0.2071962 -0.2373397
vn -0.9939662 0.07096788 -0.08363525
vn -0.967564 -0.06930641 -0.2429332
vn -0.7688977 -0.2974684 -0.5659585
vn -0.9053747 -0.2003768 -0.3743607
vn -0.9216267 -0.06679719 -0.3822854
vn -0.8513542 -0.1911745 -0.4885163
vn -0.8239601 -0.3145709 -0.4713117
vn -0.4909551 -0.6229511 -0.6090114
vn -0.5818338 -0.5817029 -0.5684111
vn -0.6208973 -0.6207814 -0.4786616
vn -0.5165026 -0.6875817 -0.5103493
vn -0.3911708 -0.6588465 -0.6425782
vn -0.6536544 -0.6535588 -0.3815717
vn -0.4100711 -0.7337115 -0.5417646
vn -0.2851612 -0.6874835 -0.6678694
vn -0.543909 -0.7306795 -0.4126383
vn -0.6791937 -0.6791214 -0.2783702
vn -0.2976151 -0.7688052 -0.566007
vn -0.1739612 -0.7075433 -0.6849233
vn -0.5676983 -0.7644788 -0.3054356
vn -0.6968778 -0.6968318 -0.1696667
vn -0.4328807 -0.7834395 -0.4459113
vn -0.1807694 -0.7924654 -0.5825127
vn -0.05859511 -0.7179284 -0.6936465
vn -0.585409 -0.7885293 -0.1884618
vn -0.7059641 -0.7059478 -0.05702916
vn -0.3146996 -0.8238868 -0.471354
vn -0.4527507 -0.8259604 -0.3358666
vn -0.06073157 -0.8044368 -0.5909257
vn 0.05859465 -0.7179287 -0.6936462
vn -0.594862 -0.8012921 -0.06379811
vn -0.7059507 -0.7059671 0.05695663
vn -0.1913037 -0.8512922 -0.4885739
vn -0.3296032 -0.8732399 -0.3589063
vn -0.4675438 -0.8586225 -0.2101672
vn 0.06073157 -0.8044369 -0.5909254
vn 0.1739619 -0.7075432 -0.6849233
vn -0.5948097 -0.8013379 0.06371142
vn -0.6968762 -0.6969272 0.1692808
vn -0.06427719 -0.8651826 -0.4973203
vn -0.2004813 -0.9053333 -0.3744045
vn -0.3406828 -0.912497 -0.2264605
vn -0.4754043 -0.8768404 -0.0717053
vn 0.1807688 -0.7924652 -0.5825131
vn 0.2851613 -0.6874826 -0.6678703
vn -0.5853102 -0.788712 0.1880039
vn -0.6793016 -0.6793886 0.2774535
vn 0.06427737 -0.8651827 -0.4973202
vn -0.06735734 -0.9215977 -0.3822573
vn -0.2072663 -0.9490513 -0.2373656
vn -0.3465216 -0.9348258 -0.07761151
vn -0.4752901 -0.8769119 0.07158796
vn -0.5676885 -0.7649035 0.3043885
vn -0.653986 -0.6541097 0.3800562
vn -0.4672689 -0.8589155 0.2095802
vn -0.3463344 -0.9349072 0.07746579
vn -0.2107698 -0.9741278 -0.08155375
vn -0.06961701 -0.9675514 -0.2428946
vn -0.5441104 -0.7314575 0.4109911
vn -0.6215441 -0.6217043 0.4766201
vn -0.4524656 -0.8266311 0.3345982
vn -0.3401898 -0.9128543 0.2257606
vn -0.2105082 -0.9741987 0.08138341
vn -0.5169458 -0.6888076 0.5082431
vn -0.5828876 -0.5830814 0.5659134
vn -0.4917722 -0.6248422 0.6064094
vn -0.4327114 -0.7845888 0.4440509
vn -0.4100416 -0.7353464 0.539566
vn -0.3913873 -0.661272 0.6399494
vn -0.3289554 -0.8740829 0.3574459
vn -0.3140231 -0.8253132 0.4693054
vn -0.2969413 -0.7707492 0.5637124
vn -0.2845552 -0.690284 0.6652341
vn -0.2065405 -0.9494072 0.2365736
vn -0.1994241 -0.9062347 0.372785
vn -0.1900344 -0.8528443 0.4863574
vn -0.1793378 -0.7945559 0.5801026
vn -0.1723816 -0.710515 0.6822413
vn -0.05981067 -0.80642 0.5883105
vn -0.05759365 -0.7208588 0.6906848
vn -0.06348292 -0.8666393 0.4948801
vn -0.06672034 -0.9224018 0.3804252
vn -0.06919388 -0.9678233 0.2419304
vn -0.0706032 -0.9940216 0.08328426
vn 0.05981094 -0.80642 0.5883107
vn 0.0575943 -0.7208588 0.6906849
vn 0.06348296 -0.8666391 0.4948803
vn 0.06672034 -0.9224018 0.3804251
vn 0.06919413 -0.9678234 0.24193
vn 0.179337 -0.7945559 0.5801028
vn 0.1723804 -0.7105153 0.6822413
vn 0.1900335 -0.8528441 0.4863581
vn 0.1994233 -0.906235 0.3727846
vn 0.2969416 -0.7707491 0.5637122
vn 0.2845549 -0.6902844 0.6652337
vn 0.3140233 -0.8253126 0.4693063
vn 0.4100428 -0.7353458 0.5395659
vn 0.3913886 -0.6612723 0.6399483
vn 0.07060359 -0.9940216 0.08328409
vn 0.2065397 -0.9494074 0.236573
vn 0.3289558 -0.8740829 0.3574456
vn 0.4327124 -0.7845877 0.444052
vn 0.5169455 -0.6888077 0.5082434
vn 0.4917722 -0.6248429 0.6064087
vn 0.6215429 -0.6217049 0.4766208
vn 0.5828866 -0.5830829 0.5659132
vn 0.6539853 -0.6541097 0.3800575
vn 0.5441103 -0.7314566 0.410993
vn 0.6793013 -0.6793891 0.2774532
vn 0.5676883 -0.7649037 0.3043885
vn 0.6968758 -0.696928 0.1692796
vn 0.4524662 -0.8266308 0.334598
vn 0.5853102 -0.7887123 0.1880024
vn 0.70595 -0.7059677 0.05695708
vn 0.4672694 -0.8589155 0.2095792
vn 0.5948095 -0.8013379 0.06371214
vn 0.7059637 -0.7059482 -0.05702848
vn 0.3401901 -0.9128544 0.2257602
vn 0.5948622 -0.801292 -0.06379741
vn 0.6968773 -0.6968321 -0.1696677
vn 0.4752908 -0.8769115 0.07158854
vn 0.3463344 -0.9349072 0.07746621
vn 0.5854091 -0.7885289 -0.1884629
vn 0.6791934 -0.6791216 -0.2783704
vn 0.475405 -0.8768401 -0.07170491
vn 0.2105073 -0.9741988 0.08138341
vn 0.5676985 -0.7644786 -0.3054355
vn 0.6536544 -0.6535593 -0.3815706
vn 0.4675441 -0.8586221 -0.210168
vn 0.3465216 -0.9348258 -0.07761142
vn 0.210769 -0.974128 -0.08155355
vn 0.5439091 -0.7306799 -0.4126376
vn 0.620897 -0.6207818 -0.4786616
vn 0.4527509 -0.8259604 -0.3358664
vn 0.3406825 -0.9124969 -0.2264615
vn 0.07075339 -0.9939855 -0.08358717
vn 0.5165027 -0.687582 -0.5103487
vn 0.5818344 -0.5817024 -0.5684109
vn 0.490955 -0.6229513 -0.6090114
vn 0.4328814 -0.7834396 -0.4459103
vn 0.4100717 -0.7337111 -0.5417649
vn 0.3911701 -0.658846 -0.642579
vn 0.329603 -0.8732402 -0.3589058
vn 0.2072657 -0.9490513 -0.2373662
vn -0.07075291 -0.9939856 -0.08358742
vn 0.06961756 -0.9675513 -0.2428947
vn 0.2976149 -0.7688044 -0.5660081
vn 0.2004807 -0.9053336 -0.3744042
vn 0.06735787 -0.9215977 -0.3822573
vn 0.1913029 -0.8512928 -0.4885731
vn 0.3146996 -0.8238874 -0.4713531
vn 0.6249211 -0.4911289 0.6068493
vn 0.5828866 -0.5830829 0.5659132
vn 0.4917722 -0.6248429 0.6064087
vn 0.5261118 -0.5204944 0.6725265
vn 0.6609308 -0.3892138 0.6416253
vn 0.3913886 -0.6612723 0.6399483
vn 0.5594562 -0.4133148 0.7184563
vn 0.6885284 -0.2816671 0.6682755
vn 0.4268294 -0.5505633 0.7174237
vn 0.2845549 -0.6902844 0.6652337
vn 0.5852569 -0.2995193 0.7535002
vn 0.7071759 -0.1699892 0.6862988
vn 0.3165455 -0.5767173 0.7531242
vn 0.1723804 -0.7105153 0.6822413
vn 0.4622871 -0.4386234 0.7706492
vn 0.6027912 -0.1808656 0.7771295
vn 0.7165145 -0.05667814 0.6952658
vn 0.1950048 -0.5962324 0.7787683
vn 0.0575943 -0.7208588 0.6906849
vn 0.4895556 -0.3186455 0.8116652
vn 0.3491265 -0.4609104 0.8158875
vn 0.6115988 -0.06027396 0.7888688
vn 0.7165533 0.05577463 0.695299
vn 0.0657484 -0.6066639 0.7922348
vn -0.05759365 -0.7208588 0.6906848
vn 0.5080299 -0.1927035 0.8395064
vn 0.3740278 -0.3356542 0.8645458
vn 0.2182779 -0.4777116 0.8509679
vn 0.6116405 0.05926018 0.7889132
vn 0.707417 0.1675324 0.6866543
vn -0.06574741 -0.6066641 0.7922348
vn -0.1723816 -0.710515 0.6822413
vn 0.5172964 -0.06425439 0.8533907
vn 0.3908583 -0.2032981 0.8977191
vn 0.235972 -0.348597 0.9070818
vn 0.07420924 -0.4867452 0.8703862
vn 0.6030591 0.1779909 0.7775854
vn 0.6890687 0.278661 0.6689786
vn -0.1950065 -0.5962325 0.7787678
vn -0.2845552 -0.690284 0.6652341
vn 0.5173432 0.06312849 0.8534465
vn 0.3992951 -0.06782608 0.9143102
vn 0.2479173 -0.2114183 0.9454308
vn 0.08061951 -0.3555988 0.9311552
vn -0.07420856 -0.4867453 0.8703862
vn -0.3165459 -0.5767174 0.7531241
vn -0.3913873 -0.661272 0.6399494
vn -0.2182793 -0.4777114 0.8509676
vn -0.08061938 -0.3555987 0.9311552
vn 0.08494479 -0.2158366 0.9727276
vn 0.2539105 -0.07057345 0.9646496
vn -0.426828 -0.5505631 0.7174246
vn -0.4917722 -0.6248422 0.6064094
vn -0.3491264 -0.4609102 0.8158876
vn -0.2359729 -0.348597 0.9070816
vn -0.08494496 -0.2158366 0.9727276
vn -0.5261124 -0.520494 0.6725264
vn -0.5828876 -0.5830814 0.5659134
vn -0.624921 -0.491129 0.6068493
vn -0.4622858 -0.4386231 0.7706501
vn -0.5594565 -0.4133146 0.7184563
vn -0.6609301 -0.3892142 0.6416258
vn -0.3740278 -0.3356542 0.8645459
vn -0.4895547 -0.3186454 0.8116657
vn -0.5852566 -0.2995194 0.7535005
vn -0.6885276 -0.2816667 0.6682765
vn -0.2479176 -0.2114183 0.9454307
vn -0.3908583 -0.2032983 0.8977191
vn -0.5080295 -0.1927035 0.8395067
vn -0.6027909 -0.1808653 0.7771299
vn -0.7071753 -0.1699882 0.6862996
vn -0.6115989 -0.06027387 0.7888687
vn -0.7165142 -0.05667811 0.6952662
vn -0.5172963 -0.06425455 0.8533908
vn -0.3992951 -0.06782629 0.9143102
vn -0.2539105 -0.07057357 0.9646496
vn -0.08711775 -0.07207417 0.9935874
vn -0.6116406 0.05925995 0.7889131
vn -0.7165529 0.05577445 0.6952993
vn -0.5173433 0.06312829 0.8534463
vn -0.399346 0.06658708 0.914379
vn -0.2539578 0.06922618 0.9647347
vn -0.6030591 0.1779911 0.7775853
vn -0.7074163 0.167533 0.6866549
vn -0.508316 0.1895101 0.8400599
vn -0.3911409 0.1997935 0.8983826
vn -0.5858606 0.2960357 0.7544072
vn -0.6890679 0.278661 0.6689795
vn -0.4901823 0.3148249 0.8127772
vn -0.5603064 0.4103479 0.7194937
vn -0.6617045 0.3865853 0.6424165
vn -0.08713885 0.07065291 0.9936876
vn -0.2481458 0.2076464 0.9462065
vn -0.3746151 0.331529 0.8658823
vn -0.4631385 0.4354682 0.7719262
vn -0.5270827 0.5181378 0.6735852
vn -0.6258316 0.4889626 0.6076598
vn -0.4927108 0.6231606 0.6073771
vn -0.5838202 0.5813826 0.5666996
vn -0.3922498 0.6596494 0.641095
vn -0.4277594 0.5481553 0.7187126
vn -0.2852446 0.6887401 0.6665379
vn -0.3173262 0.5743078 0.7546354
vn -0.1728124 0.7090412 0.683664
vn -0.3498831 0.4576189 0.8174147
vn -0.1955162 0.5938461 0.7804616
vn -0.05773719 0.7194245 0.6921669
vn -0.2188025 0.4743403 0.8527174
vn -0.06592138 0.604298 0.7940266
vn 0.0577363 0.7194247 0.6921667
vn -0.2364081 0.3442419 0.9086301
vn 0.06592031 0.6042981 0.7940266
vn 0.1728137 0.7090414 0.6836635
vn -0.07439364 0.4833419 0.872265
vn -0.08078173 0.3511271 0.9328365
vn 0.1955176 0.5938463 0.7804611
vn 0.2852449 0.6887397 0.6665379
vn 0.07439291 0.4833418 0.872265
vn -0.08503655 0.211906 0.9735833
vn 0.3173265 0.5743079 0.7546352
vn 0.3922487 0.6596494 0.6410956
vn 0.2188036 0.4743401 0.8527171
vn 0.08078143 0.3511271 0.9328367
vn 0.08503629 0.2119061 0.9735834
vn 0.4277577 0.5481551 0.7187136
vn 0.4927105 0.623161 0.6073769
vn 0.349883 0.4576189 0.8174147
vn 0.2364091 0.3442419 0.90863
vn 0.08713869 0.07065302 0.9936876
vn 0.527083 0.5181376 0.6735851
vn 0.5838214 0.5813822 0.5666987
vn 0.6258329 0.4889624 0.6076586
vn 0.4631372 0.435468 0.7719271
vn 0.5603064 0.4103481 0.7194936
vn 0.6617052 0.3865859 0.6424154
vn 0.3746151 0.331529 0.8658822
vn 0.2481467 0.2076465 0.9462062
vn 0.08711752 -0.0720741 0.9935874
vn 0.2539583 0.06922637 0.9647347
vn 0.5858602 0.2960357 0.7544075
vn 0.391141 0.1997937 0.8983826
vn 0.3993461 0.0665873 0.9143789
vn 0.5083154 0.18951 0.8400603
vn 0.4901813 0.3148248 0.8127777
vn 0.07841025 0.9962975 -0.03525648
vn 0.07841025 0.9962975 -0.03525648
vn 0.07841025 0.9962975 -0.03525648
vn 0.1563365 0.9870705 -0.03536564
vn 0 0.9993744 -0.03536537
vn 0.1563366 0.9870705 -0.03536564
vn 0.3088237 0.9504616 -0.03536483
vn 0 0.9993744 -0.03536537
vn 0.3088237 0.9504616 -0.03536483
vn 0.4537065 0.8904492 -0.03536591
vn 0.2333002 0.9717653 -0.03525702
vn 0.2333002 0.9717653 -0.03525702
vn 0.2333002 0.9717653 -0.03525702
vn 0.4537065 0.8904492 -0.03536591
vn 0.5874178 0.8085108 -0.03536565
vn 0.3824456 0.9233052 -0.03525486
vn 0.3824456 0.9233052 -0.03525486
vn 0.3824456 0.9233052 -0.03525486
vn 0.5874178 0.8085108 -0.03536565
vn 0.7066646 0.7066643 -0.03536523
vn 0.5221738 0.85211 -0.03525919
vn 0.7066646 0.7066643 -0.03536524
vn 0.5221738 0.85211 -0.03525919
vn 0.5221738 0.85211 -0.03525919
vn 0.6490445 0.7599331 -0.03525433
vn 0.6490445 0.7599331 -0.03525433
vn 0.6490445 0.7599331 -0.03525433
vn 0.7599333 0.6490442 -0.03525838
vn 0.7066646 0.7066643 -0.03536524
vn 0.7066646 0.7066643 -0.03536523
vn 0.7599333 0.6490442 -0.03525838
vn 0.7599333 0.6490442 -0.03525838
vn 0.8085108 0.5874177 -0.03536666
vn 0.8085108 0.5874177 -0.03536666
vn 0.8521098 0.5221741 -0.03525716
vn 0.8521098 0.5221741 -0.03525716
vn 0.8521098 0.5221741 -0.03525716
vn 0.8904492 0.4537065 -0.0353654
vn 0.8904492 0.4537065 -0.0353654
vn 0.9233054 0.3824452 -0.03525587
vn 0.9233054 0.3824452 -0.03525587
vn 0.9233054 0.3824452 -0.03525587
vn 0.9504615 0.3088238 -0.03536505
vn 0.9504615 0.3088238 -0.03536505
vn 0.9717652 0.2333009 -0.03525648
vn 0.9717652 0.2333009 -0.03525648
vn 0.9717652 0.2333009 -0.03525648
vn 0.9870704 0.1563373 -0.03536461
vn 0.9870704 0.1563373 -0.03536461
vn 0.9962975 0.07841104 -0.03525498
vn 0.9962975 0.07841104 -0.03525498
vn 0.9962975 0.07841104 -0.03525498
vn 0.9993746 0 -0.03536387
vn 0.9993746 0 -0.03536387
vn 0.9962975 -0.07841104 -0.03525499
vn 0.9962975 -0.07841104 -0.03525499
vn 0.9962975 -0.07841104 -0.03525499
vn 0.9870704 -0.1563373 -0.03536451
vn 0.9870704 -0.1563373 -0.03536451
vn 0.9717652 -0.2333009 -0.03525628
vn 0.9717652 -0.2333009 -0.03525628
vn 0.9717652 -0.2333009 -0.03525628
vn 0.9504615 -0.3088238 -0.03536491
vn 0.9504615 -0.3088238 -0.03536492
vn 0.9233054 -0.3824452 -0.0352558
vn 0.9233054 -0.3824452 -0.0352558
vn 0.9233054 -0.3824452 -0.0352558
vn 0.8904492 -0.4537065 -0.03536557
vn 0.8904492 -0.4537065 -0.03536557
vn 0.8521098 -0.5221741 -0.03525757
vn 0.8521098 -0.5221741 -0.03525757
vn 0.8521098 -0.5221741 -0.03525757
vn 0.8085107 -0.5874178 -0.03536712
vn 0.8085107 -0.5874178 -0.03536713
vn 0.759933 -0.6490444 -0.0352589
vn 0.759933 -0.6490444 -0.0352589
vn 0.759933 -0.6490444 -0.0352589
vn 0.7066645 -0.7066644 -0.0353655
vn 0.7066644 -0.7066644 -0.0353655
vn 0.7066645 -0.7066644 -0.0353655
vn 0.7066644 -0.7066644 -0.0353655
vn 0.5874178 -0.8085108 -0.03536537
vn 0.5874178 -0.8085108 -0.03536538
vn 0.4537065 -0.890449 -0.03536592
vn 0.6490446 -0.7599331 -0.03525433
vn 0.6490446 -0.7599331 -0.03525433
vn 0.6490446 -0.7599331 -0.03525433
vn 0.4537065 -0.890449 -0.03536591
vn 0.3088237 -0.9504615 -0.0353651
vn 0.5221738 -0.85211 -0.03525865
vn 0.5221738 -0.85211 -0.03525865
vn 0.5221738 -0.85211 -0.03525865
vn 0.3088237 -0.9504615 -0.0353651
vn 0.1563366 -0.9870705 -0.03536564
vn 0.3824457 -0.9233052 -0.03525541
vn 0.3824457 -0.9233052 -0.03525541
vn 0.3824457 -0.9233052 -0.03525541
vn 0.1563366 -0.9870705 -0.03536564
vn 0 -0.9993744 -0.0353651
vn 0.2333002 -0.9717653 -0.03525702
vn 0.2333002 -0.9717653 -0.03525702
vn 0.2333002 -0.9717653 -0.03525702
vn 0 -0.9993744 -0.0353651
vn -0.1563366 -0.9870705 -0.03536618
vn 0.07841028 -0.9962975 -0.03525649
vn 0.07841028 -0.9962975 -0.03525649
vn 0.07841028 -0.9962975 -0.03525649
vn -0.1563365 -0.9870705 -0.03536618
vn -0.3088237 -0.9504615 -0.03536563
vn -0.07841027 -0.9962975 -0.03525595
vn -0.07841027 -0.9962975 -0.03525595
vn -0.07841027 -0.9962975 -0.03525595
vn -0.3088237 -0.9504615 -0.03536563
vn -0.4537065 -0.8904492 -0.03536591
vn -0.2333002 -0.9717653 -0.03525864
vn -0.2333002 -0.9717653 -0.03525864
vn -0.2333002 -0.9717653 -0.03525864
vn -0.4537065 -0.8904492 -0.03536591
vn -0.5874178 -0.8085108 -0.03536537
vn -0.3824456 -0.9233052 -0.03525486
vn -0.3824456 -0.9233052 -0.03525486
vn -0.3824456 -0.9233052 -0.03525486
vn -0.5874178 -0.8085108 -0.03536538
vn -0.7066646 -0.7066643 -0.03536388
vn -0.5221738 -0.8521099 -0.03525919
vn -0.7066646 -0.7066643 -0.03536389
vn -0.5221738 -0.8521099 -0.03525919
vn -0.5221738 -0.8521099 -0.03525919
vn -0.6490446 -0.7599331 -0.03525379
vn -0.6490446 -0.7599331 -0.03525379
vn -0.6490446 -0.7599331 -0.03525379
vn -0.7599333 -0.6490442 -0.03525621
vn -0.7066646 -0.7066643 -0.03536389
vn -0.7066646 -0.7066643 -0.03536388
vn -0.8085108 -0.5874177 -0.0353653
vn -0.7599333 -0.6490442 -0.03525621
vn -0.7599333 -0.6490442 -0.03525621
vn -0.8085108 -0.5874178 -0.03536531
vn -0.8521098 -0.5221741 -0.03525662
vn -0.8904492 -0.4537065 -0.03536513
vn -0.8521098 -0.5221741 -0.03525662
vn -0.8521098 -0.5221741 -0.03525662
vn -0.8904492 -0.4537065 -0.03536513
vn -0.9233054 -0.3824452 -0.03525587
vn -0.9504615 -0.3088238 -0.03536505
vn -0.9233054 -0.3824452 -0.03525587
vn -0.9233054 -0.3824452 -0.03525587
vn -0.9504615 -0.3088238 -0.03536505
vn -0.9717652 -0.2333009 -0.03525648
vn -0.9870704 -0.1563373 -0.03536461
vn -0.9717652 -0.2333009 -0.03525648
vn -0.9717652 -0.2333009 -0.03525648
vn -0.9870704 -0.1563373 -0.03536461
vn -0.9962975 -0.07841104 -0.03525498
vn -0.9993746 0 -0.03536386
vn -0.9962975 -0.07841104 -0.03525498
vn -0.9962975 -0.07841104 -0.03525498
vn -0.9993746 0 -0.03536386
vn -0.9962975 0.07841104 -0.03525498
vn -0.9870704 0.1563373 -0.03536491
vn -0.9962975 0.07841104 -0.03525498
vn -0.9962975 0.07841104 -0.03525498
vn -0.9870704 0.1563373 -0.03536491
vn -0.9717652 0.2333009 -0.03525709
vn -0.9504615 0.3088238 -0.03536532
vn -0.9717652 0.2333009 -0.03525709
vn -0.9717652 0.2333009 -0.03525709
vn -0.9504615 0.3088238 -0.03536532
vn -0.9233054 0.3824452 -0.0352558
vn -0.8904492 0.4537065 -0.03536544
vn -0.9233054 0.3824452 -0.0352558
vn -0.9233054 0.3824452 -0.0352558
vn -0.8904492 0.4537065 -0.03536544
vn -0.8521098 0.5221741 -0.0352573
vn -0.8085107 0.5874178 -0.03536604
vn -0.8521098 0.5221741 -0.0352573
vn -0.8521098 0.5221741 -0.0352573
vn -0.8085107 0.5874178 -0.03536604
vn -0.7599331 0.6490445 -0.03525702
vn -0.7066645 0.7066645 -0.03536456
vn -0.7599331 0.6490445 -0.03525702
vn -0.7599331 0.6490445 -0.03525702
vn -0.7066646 0.7066644 -0.03536456
vn -0.7066646 0.7066644 -0.03536456
vn -0.7066645 0.7066645 -0.03536456
vn -0.5874178 0.8085108 -0.03536537
vn -0.5874178 0.8085108 -0.03536538
vn -0.4537065 0.890449 -0.03536592
vn -0.6490446 0.7599331 -0.03525433
vn -0.6490446 0.7599331 -0.03525433
vn -0.6490446 0.7599331 -0.03525433
vn -0.4537065 0.890449 -0.03536591
vn -0.3088237 0.9504615 -0.0353651
vn -0.5221738 0.85211 -0.03525865
vn -0.5221738 0.85211 -0.03525865
vn -0.5221738 0.85211 -0.03525865
vn -0.3088237 0.9504615 -0.0353651
vn -0.1563366 0.9870705 -0.03536564
vn -0.3824457 0.9233052 -0.03525541
vn -0.3824457 0.9233052 -0.03525541
vn -0.3824457 0.9233052 -0.03525541
vn -0.1563366 0.9870705 -0.03536564
vn -0.2333002 0.9717653 -0.03525702
vn -0.2333002 0.9717653 -0.03525702
vn -0.2333002 0.9717653 -0.03525702
vn -0.07841028 0.9962975 -0.03525649
vn -0.07841028 0.9962975 -0.03525649
vn -0.07841028 0.9962975 -0.03525649
vn -2.456043E-05 -2.072664E-05 1
vn -2.456043E-05 -2.072664E-05 1
vn -2.450002E-05 0 1
vn -2.456043E-05 -2.072664E-05 1
vn -1.210846E-05 -3.848762E-05 1
vn -2.450002E-05 0 1
vn -1.208757E-05 -3.851742E-05 1
vn 3.852791E-07 -5.63082E-05 1
vn 3.852791E-07 -5.63082E-05 1
vn 3.852791E-07 -5.63082E-05 1
vn 2.391889E-05 -6.668304E-05 1
vn -1.208757E-05 -3.851742E-05 1
vn -2.450002E-05 0 1
vn 2.399783E-05 -6.671784E-05 1
vn 4.761039E-05 -7.712748E-05 1
vn 4.761039E-05 -7.712748E-05 1
vn 4.761039E-05 -7.712748E-05 1
vn 2.399783E-05 -6.671784E-05 1
vn 7.870517E-05 -7.573125E-05 1
vn 2.399783E-05 -6.671783E-05 1
vn -1.208758E-05 -3.851742E-05 1
vn -2.450002E-05 0 1
vn 7.886128E-05 -7.572425E-05 1
vn 0.0001101122 -7.432101E-05 1
vn 0.0001101122 -7.432101E-05 1
vn -2.456043E-05 -2.072664E-05 1
vn -2.456043E-05 -2.072664E-05 1
vn -2.456043E-05 -2.072664E-05 1
vn -2.456043E-05 -2.072664E-05 1
vn -2.450002E-05 0 1
vn -2.456043E-05 -2.072664E-05 1
vn -2.443962E-05 2.073386E-05 1
vn -2.456043E-05 -2.072664E-05 1
vn -2.456043E-05 -2.072664E-05 1
vn -1.226969E-05 -3.825765E-05 1
vn -2.443962E-05 2.073386E-05 1
vn 3.852791E-07 -5.63082E-05 1
vn 3.852791E-07 -5.63082E-05 1
vn 3.852791E-07 -5.63082E-05 1
vn 3.852791E-07 -5.63082E-05 1
vn 3.852791E-07 -5.63082E-05 1
vn 3.852791E-07 -5.63082E-05 1
vn 3.852791E-07 -5.63082E-05 1
vn 2.33095E-05 -6.641439E-05 1
vn 4.761039E-05 -7.712748E-05 1
vn 4.761039E-05 -7.712748E-05 1
vn 4.761039E-05 -7.712748E-05 1
vn 4.761039E-05 -7.712748E-05 1
vn 7.886128E-05 -7.572425E-05 1
vn 4.761039E-05 -7.712748E-05 1
vn 4.761039E-05 -7.712748E-05 1
vn 0.0001101122 -7.432101E-05 1
vn 7.886128E-05 -7.572425E-05 1
vn 0.0001224923 -0.0001038134 1
vn 4.761039E-05 -7.712748E-05 1
vn 7.749857E-05 -7.578544E-05 1
vn 0.0001101122 -7.432101E-05 1
vn 0.0001101122 -7.432101E-05 1
vn 0.0001101122 -7.432101E-05 1
vn 0.0001101122 -7.432101E-05 1
vn 0.0001225748 -0.00010401 1
vn 0.0001101122 -7.432101E-05 1
vn 0.0001350374 -0.000133699 1
vn 0.0001225748 -0.00010401 1
vn 0.0001101122 -7.432101E-05 1
vn 0.0001350374 -0.000133699 1
vn 0.0001225748 -0.00010401 1
vn 0.0001101122 -7.432101E-05 1
vn 0.0001218531 -0.0001022907 1
vn 0.0001350374 -0.000133699 1
vn 0.0001350374 -0.000133699 1
vn 0.0001350374 -0.000133699 1
vn 0.0001350374 -0.000133699 1
vn 0.0001350374 -0.000133699 1
vn 0.0001350374 -0.000133699 1
vn 3.530448E-06 3.984919E-06 1
vn 0.0001350374 -0.000133699 1
vn 3.530448E-06 3.984916E-06 1
vn 0.0001350374 -0.000133699 1
vn -0.0001279765 0.0001416689 1
vn 3.530446E-06 3.984918E-06 1
vn 0.0001350374 -0.000133699 1
vn 3.530445E-06 3.984918E-06 1
vn 0.0001350374 -0.000133699 1
vn 0.0001350374 -0.000133699 1
vn 0.0001350374 -0.000133699 1
vn 0.0001350374 -0.000133699 1
vn 0.0001350374 -0.000133699 1
vn 0.0001350374 -0.000133699 1
vn 0.0001350374 -0.000133699 1
vn 4.11299E-06 3.375015E-06 1
vn -0.0001279765 0.0001416689 1
vn -0.0001279765 0.0001416689 1
vn -0.0001279765 0.0001416689 1
vn -0.0001279765 0.0001416689 1
vn -0.0001279765 0.0001416689 1
vn -0.0001279765 0.0001416689 1
vn -0.0001279765 0.0001416689 1
vn -0.0001008382 0.0001257238 1
vn -0.0001279765 0.0001416689 1
vn -0.0001010167 0.0001258287 1
vn -0.0001279765 0.0001416689 1
vn -7.405679E-05 0.0001099885 1
vn -0.0001010167 0.0001258287 1
vn -0.0001010167 0.0001258287 1
vn -0.0001279765 0.0001416689 1
vn -0.0001279765 0.0001416689 1
vn -0.0001279765 0.0001416689 1
vn -0.0001279765 0.0001416689 1
vn -9.945538E-05 0.0001249113 1
vn -7.405679E-05 0.0001099885 1
vn -7.405679E-05 0.0001099885 1
vn -7.405679E-05 0.0001099885 1
vn -7.405679E-05 0.0001099885 1
vn -7.405679E-05 0.0001099885 1
vn -7.557076E-05 7.863778E-05 1
vn -7.556324E-05 7.879354E-05 1
vn -7.405679E-05 0.0001099885 1
vn -7.556324E-05 7.879354E-05 1
vn -7.706969E-05 4.759862E-05 1
vn -7.556324E-05 7.879354E-05 1
vn -7.405679E-05 0.0001099885 1
vn -7.405679E-05 0.0001099885 1
vn -7.405679E-05 0.0001099885 1
vn -7.562892E-05 7.743337E-05 1
vn -7.706969E-05 4.759862E-05 1
vn -7.706969E-05 4.759862E-05 1
vn -7.706969E-05 4.759862E-05 1
vn -7.706969E-05 4.759862E-05 1
vn -7.706969E-05 4.759862E-05 1
vn -7.706969E-05 4.759862E-05 1
vn -6.678831E-05 2.400671E-05 1
vn -7.706969E-05 4.759862E-05 1
vn -6.682257E-05 2.408531E-05 1
vn -7.706969E-05 4.759862E-05 1
vn -6.682257E-05 2.408531E-05 1
vn -7.706969E-05 4.759862E-05 1
vn -6.682257E-05 2.408531E-05 1
vn -6.652389E-05 2.339995E-05 1
vn -5.657545E-05 5.720058E-07 1
vn -5.657545E-05 5.720058E-07 1
vn -5.657545E-05 5.720058E-07 1
vn -5.657545E-05 5.720058E-07 1
vn -5.657545E-05 5.720058E-07 1
vn -5.657545E-05 5.720058E-07 1
vn -5.657545E-05 5.720058E-07 1
vn -5.657545E-05 5.720058E-07 1
vn -5.657545E-05 5.720058E-07 1
vn -3.86219E-05 -1.203841E-05 1
vn -5.657545E-05 5.720058E-07 1
vn -3.865191E-05 -1.201734E-05 1
vn -3.865191E-05 -1.201734E-05 1
vn -3.865191E-05 -1.201734E-05 1
vn -3.839023E-05 -1.220114E-05 1
vn -2.072837E-05 -2.460668E-05 1
vn -2.072837E-05 -2.460668E-05 1
vn -2.072837E-05 -2.460668E-05 1
vn -2.072837E-05 -2.460668E-05 1
vn -2.072837E-05 -2.460668E-05 1
vn -2.072837E-05 -2.460668E-05 1
vn -2.072837E-05 -2.460668E-05 1
vn -2.072837E-05 -2.460668E-05 1
vn -2.072837E-05 -2.460668E-05 1
vn -2.072837E-05 -2.460668E-05 1
vn 0 -2.46216E-05 1
vn 0 -2.462161E-05 1
vn 0 -2.462161E-05 1
vn 0 -2.462161E-05 1
vn 0 -2.46216E-05 1
vn 2.056188E-05 -2.463653E-05 1
vn 2.056188E-05 -2.463653E-05 1
vn 2.056188E-05 -2.463653E-05 1
vn 2.056188E-05 -2.463653E-05 1
vn 2.056188E-05 -2.463653E-05 1
vn 2.056188E-05 -2.463653E-05 1
vn 2.056188E-05 -2.463653E-05 1
vn 2.056188E-05 -2.463653E-05 1
vn 2.056188E-05 -2.463653E-05 1
vn 2.056188E-05 -2.463653E-05 1
vn 3.824909E-05 -1.222569E-05 1
vn 3.851121E-05 -1.204176E-05 1
vn 5.646055E-05 5.530106E-07 1
vn 3.851122E-05 -1.204176E-05 1
vn 3.851121E-05 -1.204176E-05 1
vn 3.848114E-05 -1.206286E-05 1
vn 5.646055E-05 5.530106E-07 1
vn 5.646055E-05 5.530106E-07 1
vn 5.646055E-05 5.530106E-07 1
vn 5.646055E-05 5.530106E-07 1
vn 5.646055E-05 5.530106E-07 1
vn 5.646055E-05 5.530106E-07 1
vn 5.646055E-05 5.530106E-07 1
vn 5.646055E-05 5.530106E-07 1
vn 5.646055E-05 5.530106E-07 1
vn 6.651365E-05 2.338289E-05 1
vn 6.68155E-05 2.406841E-05 1
vn 7.717047E-05 4.75838E-05 1
vn 6.68155E-05 2.40684E-05 1
vn 7.717047E-05 4.75838E-05 1
vn 6.681551E-05 2.406841E-05 1
vn 7.717047E-05 4.75838E-05 1
vn 6.67809E-05 2.398981E-05 1
vn 7.717047E-05 4.75838E-05 1
vn 7.717047E-05 4.75838E-05 1
vn 7.717047E-05 4.75838E-05 1
vn 7.717047E-05 4.75838E-05 1
vn 7.717047E-05 4.75838E-05 1
vn 7.717047E-05 4.75838E-05 1
vn 7.582499E-05 7.745034E-05 1
vn 7.717047E-05 4.75838E-05 1
vn 7.576364E-05 7.881207E-05 1
vn 7.435682E-05 0.0001100403 1
vn 7.435682E-05 0.0001100403 1
vn 7.435682E-05 0.0001100403 1
vn 7.576364E-05 7.881207E-05 1
vn 7.435682E-05 0.0001100403 1
vn 7.576364E-05 7.881207E-05 1
vn 7.577067E-05 7.865614E-05 1
vn 7.435682E-05 0.0001100403 1
vn 7.435682E-05 0.0001100403 1
vn 7.435682E-05 0.0001100403 1
vn 7.435682E-05 0.0001100403 1
vn 7.435682E-05 0.0001100403 1
vn 0.0001023185 0.0001218238 1
vn 0.0001040374 0.0001225481 1
vn 7.435682E-05 0.0001100403 1
vn 0.000133718 0.0001350559 1
vn 0.000133718 0.0001350559 1
vn 0.000133718 0.0001350559 1
vn 0.000133718 0.0001350559 1
vn 0.0001040374 0.0001225481 1
vn 0.000133718 0.0001350559 1
vn 0.0001040374 0.0001225481 1
vn 0.000133718 0.0001350559 1
vn 0.0001038409 0.0001224653 1
vn 0.000133718 0.0001350559 1
vn 0.000133718 0.0001350559 1
vn 0.000133718 0.0001350559 1
vn 0.000133718 0.0001350559 1
vn 0.000133718 0.0001350559 1
vn 0.000133718 0.0001350559 1
vn 0.000133718 0.0001350559 1
vn 0.000133718 0.0001350559 1
vn 0.000133718 0.0001350559 1
vn 0.000133718 0.0001350559 1
vn -3.310469E-06 4.23081E-06 1
vn 0.000133718 0.0001350559 1
vn -3.921125E-06 3.647805E-06 1
vn -0.0001415602 -0.0001277603 1
vn -0.0001415602 -0.0001277603 1
vn -0.0001415602 -0.0001277603 1
vn -0.0001415602 -0.0001277603 1
vn -3.921121E-06 3.647802E-06 1
vn 0.000133718 0.0001350559 1
vn -0.0001415602 -0.0001277603 1
vn -3.921125E-06 3.647801E-06 1
vn -3.921122E-06 3.6478E-06 1
vn -0.0001415602 -0.0001277603 1
vn -0.0001415602 -0.0001277603 1
vn -0.0001415602 -0.0001277603 1
vn -0.0001415602 -0.0001277603 1
vn -0.0001415602 -0.0001277603 1
vn -0.0001415602 -0.0001277603 1
vn -0.0001415602 -0.0001277603 1
vn -0.000124933 -9.944379E-05 1
vn -0.0001258431 -0.0001009938 1
vn -0.000110126 -7.422725E-05 1
vn -0.0001415602 -0.0001277603 1
vn -0.000110126 -7.422725E-05 1
vn -0.0001258431 -0.0001009938 1
vn -0.0001415602 -0.0001277603 1
vn -0.0001258431 -0.0001009938 1
vn -0.000125739 -0.0001008166 1
vn -0.000110126 -7.422725E-05 1
vn -0.000110126 -7.422725E-05 1
vn -0.000110126 -7.422725E-05 1
vn -0.000110126 -7.422725E-05 1
vn -0.000110126 -7.422725E-05 1
vn -7.759168E-05 -7.57902E-05 1
vn -7.89511E-05 -7.57249E-05 1
vn -4.77762E-05 -7.722255E-05 1
vn -4.77762E-05 -7.722255E-05 1
vn -0.000110126 -7.422725E-05 1
vn -4.77762E-05 -7.722255E-05 1
vn -7.89511E-05 -7.57249E-05 1
vn -0.000110126 -7.422725E-05 1
vn -4.77762E-05 -7.722255E-05 1
vn -4.77762E-05 -7.722255E-05 1
vn -4.77762E-05 -7.722255E-05 1
vn -4.77762E-05 -7.722255E-05 1
vn -0.000110126 -7.422725E-05 1
vn -2.349485E-05 -6.649427E-05 1
vn -7.895108E-05 -7.572489E-05 1
vn -7.87955E-05 -7.573238E-05 1
vn -2.418257E-05 -6.679812E-05 1
vn -5.88927E-07 -5.63737E-05 1
vn -5.88927E-07 -5.63737E-05 1
vn -5.88927E-07 -5.63737E-05 1
vn -5.88927E-07 -5.63737E-05 1
vn -5.88927E-07 -5.63737E-05 1
vn -5.88927E-07 -5.63737E-05 1
vn -5.88927E-07 -5.63737E-05 1
vn 1.213172E-05 -3.834099E-05 1
vn -2.418257E-05 -6.679812E-05 1
vn -4.77762E-05 -7.722255E-05 1
vn -4.77762E-05 -7.722255E-05 1
vn -2.418256E-05 -6.679812E-05 1
vn -4.77762E-05 -7.722255E-05 1
vn -2.410369E-05 -6.676327E-05 1
vn 1.194869E-05 -3.860046E-05 1
vn 2.44863E-05 -2.082722E-05 1
vn 2.44863E-05 -2.082722E-05 1
vn 2.44863E-05 -2.082722E-05 1
vn 2.44863E-05 -2.082722E-05 1
vn 2.44863E-05 -2.082722E-05 1
vn 2.44863E-05 -2.082722E-05 1
vn 1.194869E-05 -3.860046E-05 1
vn -5.88927E-07 -5.63737E-05 1
vn 2.457829E-05 0 1
vn 2.44863E-05 -2.082722E-05 1
vn 1.194869E-05 -3.860046E-05 1
vn -5.88927E-07 -5.63737E-05 1
vn -5.88927E-07 -5.63737E-05 1
vn 1.196969E-05 -3.857068E-05 1
vn 2.457828E-05 0 1
vn 2.457829E-05 0 1
vn 2.44863E-05 -2.082722E-05 1
vn 2.44863E-05 -2.082722E-05 1
vn 2.44863E-05 -2.082722E-05 1
vn 2.457828E-05 0 1
vn 2.467027E-05 2.071115E-05 1
vn 2.467027E-05 2.071115E-05 1
vn 2.467027E-05 2.071115E-05 1
vn 1.209205E-05 3.848906E-05 1
vn 2.457828E-05 0 1
vn 1.207094E-05 3.851889E-05 1
vn -5.283828E-07 5.632663E-05 1
vn -5.283828E-07 5.632663E-05 1
vn -5.283828E-07 5.632663E-05 1
vn 1.207094E-05 3.851889E-05 1
vn -2.407331E-05 6.682529E-05 1
vn 1.207094E-05 3.851888E-05 1
vn 2.467027E-05 2.071115E-05 1
vn 2.467027E-05 2.071115E-05 1
vn 2.467027E-05 2.071115E-05 1
vn 2.467027E-05 2.071115E-05 1
vn 2.467027E-05 2.071115E-05 1
vn 2.467027E-05 2.071115E-05 1
vn -2.415229E-05 6.686051E-05 1
vn -4.77762E-05 7.739439E-05 1
vn -4.77762E-05 7.739439E-05 1
vn -2.415229E-05 6.686051E-05 1
vn -4.77762E-05 7.739439E-05 1
vn -7.872491E-05 7.572132E-05 1
vn 1.225491E-05 3.825887E-05 1
vn 2.467027E-05 2.071115E-05 1
vn -2.415229E-05 6.686051E-05 1
vn -5.283828E-07 5.632663E-05 1
vn -5.283828E-07 5.632663E-05 1
vn -5.283828E-07 5.632663E-05 1
vn -5.283828E-07 5.632663E-05 1
vn -5.283828E-07 5.632663E-05 1
vn -5.283828E-07 5.632663E-05 1
vn -7.888017E-05 7.571292E-05 1
vn -0.0001099841 7.403146E-05 1
vn -2.346365E-05 6.655344E-05 1
vn -5.283828E-07 5.632663E-05 1
vn -7.888017E-05 7.571292E-05 1
vn -0.0001099841 7.403146E-05 1
vn -4.77762E-05 7.739439E-05 1
vn -4.77762E-05 7.739439E-05 1
vn -4.77762E-05 7.739439E-05 1
vn -4.77762E-05 7.739439E-05 1
vn -0.0001099841 7.403146E-05 1
vn -4.77762E-05 7.739439E-05 1
vn -7.888017E-05 7.571292E-05 1
vn -4.77762E-05 7.739439E-05 1
vn -4.77762E-05 7.739439E-05 1
vn -0.0001224131 0.000103668 1
vn -7.752386E-05 7.578624E-05 1
vn -0.0001224959 0.0001038655 1
vn -0.0001099841 7.403146E-05 1
vn -0.0001099841 7.403146E-05 1
vn -0.0001099841 7.403146E-05 1
vn -0.0001099841 7.403146E-05 1
vn -0.0001350077 0.0001336996 1
vn -0.0001099841 7.403146E-05 1
vn -0.0001224959 0.0001038655 1
vn -0.0001350077 0.0001336996 1
vn -0.0001099841 7.403146E-05 1
vn -0.0001224959 0.0001038656 1
vn -0.0001099841 7.403146E-05 1
vn -0.0001217714 0.0001021379 1
vn -0.0001350077 0.0001336996 1
vn -0.0001350077 0.0001336996 1
vn -3.595634E-06 -3.924347E-06 1
vn -0.0001350077 0.0001336996 1
vn -0.0001350077 0.0001336996 1
vn -0.0001350077 0.0001336996 1
vn -0.0001350077 0.0001336996 1
vn -0.0001350077 0.0001336996 1
vn -3.595633E-06 -3.92435E-06 1
vn -0.0001350077 0.0001336996 1
vn 0.0001278165 -0.0001415483 1
vn -3.595631E-06 -3.924347E-06 1
vn -0.0001350077 0.0001336996 1
vn 0.0001278165 -0.0001415483 1
vn -3.595629E-06 -3.924348E-06 1
vn -0.0001350077 0.0001336996 1
vn -4.173773E-06 -3.318877E-06 1
vn 0.0001278165 -0.0001415483 1
vn -0.0001350077 0.0001336996 1
vn -0.0001350077 0.0001336996 1
vn -0.0001350077 0.0001336996 1
vn -0.0001350077 0.0001336996 1
vn -0.0001350077 0.0001336996 1
vn -0.0001350077 0.0001336996 1
vn 0.0001278165 -0.0001415483 1
vn 0.0001278165 -0.0001415483 1
vn 0.0001278165 -0.0001415483 1
vn 0.0001278165 -0.0001415483 1
vn 0.0001278165 -0.0001415483 1
vn 0.0001008482 -0.0001256915 1
vn 0.0001278165 -0.0001415483 1
vn 0.0001010255 -0.0001257957 1
vn 0.0001278165 -0.0001415483 1
vn 7.423459E-05 -0.0001100432 1
vn 0.0001010255 -0.0001257957 1
vn 0.0001278165 -0.0001415483 1
vn 0.0001010255 -0.0001257957 1
vn 0.0001278165 -0.0001415483 1
vn 0.0001278165 -0.0001415483 1
vn 7.423459E-05 -0.0001100432 1
vn 9.947408E-05 -0.0001248835 1
vn 0.0001278165 -0.0001415483 1
vn 7.423459E-05 -0.0001100432 1
vn 7.423459E-05 -0.0001100432 1
vn 7.423459E-05 -0.0001100432 1
vn 7.572312E-05 -7.86908E-05 1
vn 7.423459E-05 -0.0001100432 1
vn 7.423459E-05 -0.0001100432 1
vn 7.571574E-05 -7.884654E-05 1
vn 7.719688E-05 -4.764991E-05 1
vn 7.571573E-05 -7.884653E-05 1
vn 7.423459E-05 -0.0001100432 1
vn 7.571573E-05 -7.884654E-05 1
vn 7.423459E-05 -0.0001100432 1
vn 7.423459E-05 -0.0001100432 1
vn 7.578032E-05 -7.748629E-05 1
vn 7.719688E-05 -4.764991E-05 1
vn 7.719688E-05 -4.764991E-05 1
vn 7.719688E-05 -4.764991E-05 1
vn 7.719688E-05 -4.764991E-05 1
vn 7.719688E-05 -4.764991E-05 1
vn 6.674542E-05 -2.402683E-05 1
vn 7.719688E-05 -4.764991E-05 1
vn 7.719688E-05 -4.764991E-05 1
vn 6.678024E-05 -2.410551E-05 1
vn 7.719688E-05 -4.764991E-05 1
vn 5.636359E-05 -5.611058E-07 1
vn 6.678024E-05 -2.410551E-05 1
vn 7.719688E-05 -4.764991E-05 1
vn 6.678023E-05 -2.410551E-05 1
vn 6.647659E-05 -2.341919E-05 1
vn 5.636359E-05 -5.611058E-07 1
vn 5.636359E-05 -5.611058E-07 1
vn 5.636359E-05 -5.611058E-07 1
vn 5.636359E-05 -5.611058E-07 1
vn 5.636359E-05 -5.611058E-07 1
vn 5.636359E-05 -5.611058E-07 1
vn 3.856907E-05 1.203731E-05 1
vn 5.636359E-05 -5.611058E-07 1
vn 5.636359E-05 -5.611058E-07 1
vn 5.636359E-05 -5.611058E-07 1
vn 3.859883E-05 1.201624E-05 1
vn 2.083407E-05 2.459359E-05 1
vn 3.859883E-05 1.201624E-05 1
vn 3.859883E-05 1.201624E-05 1
vn 3.833949E-05 1.219985E-05 1
vn 2.083407E-05 2.459359E-05 1
vn 2.083407E-05 2.459359E-05 1
vn 2.083407E-05 2.459359E-05 1
vn 2.083407E-05 2.459359E-05 1
vn 2.083407E-05 2.459359E-05 1
vn 2.083407E-05 2.459359E-05 1
vn 2.083407E-05 2.459359E-05 1
vn 2.083407E-05 2.459359E-05 1
vn 0 2.460691E-05 1
vn 2.083407E-05 2.459359E-05 1
vn 0 2.460691E-05 1
vn 0 2.460691E-05 1
vn 0 2.460691E-05 1
vn 0 2.460691E-05 1
vn -2.07608E-05 2.462023E-05 1
vn -2.07608E-05 2.462023E-05 1
vn -2.07608E-05 2.462023E-05 1
vn -2.07608E-05 2.462023E-05 1
vn -2.07608E-05 2.462023E-05 1
vn -2.07608E-05 2.462023E-05 1
vn -2.07608E-05 2.462023E-05 1
vn -2.07608E-05 2.462023E-05 1
vn -2.07608E-05 2.462023E-05 1
vn -2.07608E-05 2.462023E-05 1
vn -3.849802E-05 1.207059E-05 1
vn -3.826834E-05 1.22331E-05 1
vn -3.852778E-05 1.204953E-05 1
vn -5.629475E-05 -5.211585E-07 1
vn -3.852777E-05 1.204953E-05 1
vn -3.852777E-05 1.204953E-05 1
vn -5.629475E-05 -5.211585E-07 1
vn -5.629475E-05 -5.211585E-07 1
vn -5.629475E-05 -5.211585E-07 1
vn -5.629475E-05 -5.211585E-07 1
vn -5.629475E-05 -5.211585E-07 1
vn -5.629475E-05 -5.211585E-07 1
vn -5.629475E-05 -5.211585E-07 1
vn -5.629475E-05 -5.211585E-07 1
vn -5.629475E-05 -5.211585E-07 1
vn -6.655651E-05 -2.342435E-05 1
vn -6.682931E-05 -2.403319E-05 1
vn -6.686463E-05 -2.411204E-05 1
vn -7.743452E-05 -4.770293E-05 1
vn -6.686464E-05 -2.411204E-05 1
vn -7.743452E-05 -4.770293E-05 1
vn -6.686463E-05 -2.411204E-05 1
vn -7.743452E-05 -4.770293E-05 1
vn -7.743452E-05 -4.770293E-05 1
vn -7.743452E-05 -4.770293E-05 1
vn -7.743452E-05 -4.770293E-05 1
vn -7.743452E-05 -4.770293E-05 1
vn -7.743452E-05 -4.770293E-05 1
vn -7.743452E-05 -4.770293E-05 1
vn -7.743452E-05 -4.770293E-05 1
vn -7.579798E-05 -7.745557E-05 1
vn -7.572336E-05 -7.8812E-05 1
vn -7.401221E-05 -0.0001099211 1
vn -7.401221E-05 -0.0001099211 1
vn -7.573191E-05 -7.865669E-05 1
vn -7.572336E-05 -7.881201E-05 1
vn -7.401221E-05 -0.0001099211 1
vn -7.401221E-05 -0.0001099211 1
vn -7.572336E-05 -7.881201E-05 1
vn -7.401221E-05 -0.0001099211 1
vn -7.401221E-05 -0.0001099211 1
vn -7.401221E-05 -0.0001099211 1
vn -7.401221E-05 -0.0001099211 1
vn -7.401221E-05 -0.0001099211 1
vn -0.0001021472 -0.000121748 1
vn -7.401221E-05 -0.0001099211 1
vn -0.0001038763 -0.0001224748 1
vn -0.0001337405 -0.0001350286 1
vn -0.0001337405 -0.0001350286 1
vn -0.0001337405 -0.0001350286 1
vn -0.0001337405 -0.0001350286 1
vn -0.0001337405 -0.0001350286 1
vn -0.0001038763 -0.0001224748 1
vn -0.0001038763 -0.0001224748 1
vn -0.0001337405 -0.0001350286 1
vn -0.0001036786 -0.0001223917 1
vn -0.0001337405 -0.0001350286 1
vn -0.0001337405 -0.0001350286 1
vn -0.0001337405 -0.0001350286 1
vn -0.0001337405 -0.0001350286 1
vn -0.0001337405 -0.0001350286 1
vn -0.0001337405 -0.0001350286 1
vn -0.0001337405 -0.0001350286 1
vn -0.0001337405 -0.0001350286 1
vn -0.0001337405 -0.0001350286 1
vn -0.0001337405 -0.0001350286 1
vn -0.0001337405 -0.0001350286 1
vn 3.366428E-06 -4.113528E-06 1
vn 3.977122E-06 -3.530415E-06 1
vn 0.0001416947 0.0001279678 1
vn 0.0001416947 0.0001279678 1
vn 0.0001416947 0.0001279678 1
vn 0.0001416947 0.0001279678 1
vn -0.0001337405 -0.0001350286 1
vn 3.977129E-06 -3.530411E-06 1
vn 0.0001416947 0.0001279678 1
vn 3.977126E-06 -3.530415E-06 1
vn 0.0001416947 0.0001279678 1
vn 3.977124E-06 -3.530412E-06 1
vn 0.0001416947 0.0001279678 1
vn 0.0001416947 0.0001279678 1
vn 0.0001416947 0.0001279678 1
vn 0.0001416947 0.0001279678 1
vn 0.0001416947 0.0001279678 1
vn 0.0001416947 0.0001279678 1
vn 0.0001249006 9.949427E-05 1
vn 0.0001416947 0.0001279678 1
vn 0.0001258199 0.000101053 1
vn 0.0001099452 7.413825E-05 1
vn 0.0001099452 7.413825E-05 1
vn 0.0001258199 0.000101053 1
vn 0.0001416947 0.0001279678 1
vn 0.0001099452 7.413825E-05 1
vn 0.0001258199 0.000101053 1
vn 0.0001257148 0.0001008748 1
vn 0.0001099452 7.413825E-05 1
vn 0.0001099452 7.413825E-05 1
vn 0.0001099452 7.413825E-05 1
vn 0.0001099452 7.413825E-05 1
vn 7.745913E-05 7.579376E-05 1
vn 7.881644E-05 7.572459E-05 1
vn 4.768772E-05 7.731094E-05 1
vn 0.0001099452 7.413825E-05 1
vn 4.768772E-05 7.731094E-05 1
vn 7.881644E-05 7.572459E-05 1
vn 4.768772E-05 7.731094E-05 1
vn 0.0001099452 7.413825E-05 1
vn 4.768772E-05 7.731094E-05 1
vn 7.881644E-05 7.572459E-05 1
vn 0.0001099452 7.413825E-05 1
vn 4.768772E-05 7.731094E-05 1
vn 4.768772E-05 7.731094E-05 1
vn 4.768772E-05 7.731094E-05 1
vn 2.340359E-05 6.649175E-05 1
vn 2.409154E-05 6.679825E-05 1
vn 7.866104E-05 7.573251E-05 1
vn 4.953586E-07 5.628556E-05 1
vn 4.953586E-07 5.628556E-05 1
vn 4.953586E-07 5.628556E-05 1
vn 4.953586E-07 5.628556E-05 1
vn 2.409154E-05 6.679825E-05 1
vn 4.953586E-07 5.628556E-05 1
vn 4.953586E-07 5.628556E-05 1
vn 4.953586E-07 5.628556E-05 1
vn 4.768772E-05 7.731094E-05 1
vn -1.215414E-05 3.82502E-05 1
vn -1.197213E-05 3.85097E-05 1
vn -2.443962E-05 2.073386E-05 1
vn -2.443962E-05 2.073386E-05 1
vn -2.443962E-05 2.073386E-05 1
vn -2.443962E-05 2.073386E-05 1
vn -2.443962E-05 2.073386E-05 1
vn 2.409154E-05 6.679825E-05 1
vn 4.768772E-05 7.731094E-05 1
vn 4.768772E-05 7.731094E-05 1
vn 2.401265E-05 6.67631E-05 1
vn -1.197213E-05 3.850971E-05 1
vn -1.197213E-05 3.850971E-05 1
vn 4.953586E-07 5.628556E-05 1
vn 4.953586E-07 5.628556E-05 1
vn -1.1993E-05 3.847995E-05 1
vn 4.953586E-07 5.628556E-05 1
vn -2.443962E-05 2.073386E-05 1
vn -2.443962E-05 2.073386E-05 1
vn -2.443962E-05 2.073386E-05 1
vn 0.5877855 0.8090168 0
vn 0.7071069 0.7071066 0
vn 0.7071069 0.7071066 0
vn 0.5877855 0.8090168 0
vn 0.4539905 0.8910065 0
vn 0.4539905 0.8910065 0
vn 0.309017 0.9510565 0
vn 0.309017 0.9510565 0
vn 0.1564344 0.9876884 0
vn 0.1564344 0.9876884 0
vn 0 1 0
vn 0 1 0
vn -0.1564344 0.9876884 0
vn -0.1564344 0.9876884 0
vn -0.309017 0.9510565 0
vn -0.309017 0.9510565 0
vn -0.4539905 0.8910065 0
vn -0.4539905 0.8910065 0
vn -0.5877855 0.8090168 0
vn -0.5877855 0.8090168 0
vn -0.7071069 0.7071066 0
vn -0.7071069 0.7071066 0
vn 0.7071069 0.7071066 0
vn 0.809017 0.5877852 0
vn 0.7071069 0.7071066 0
vn 0.809017 0.5877852 0
vn 0.8910064 0.4539907 0
vn 0.8910064 0.4539907 0
vn 0.9510565 0.3090171 0
vn 0.9510565 0.3090171 0
vn 0.9876884 0.1564343 0
vn 0.9876884 0.1564343 0
vn 1 0 0
vn 1 0 0
vn 0.9876884 -0.1564343 0
vn 0.9876884 -0.1564343 0
vn 0.9510565 -0.3090171 0
vn 0.9510565 -0.3090171 0
vn 0.8910064 -0.4539907 0
vn 0.8910064 -0.4539907 0
vn 0.809017 -0.5877852 0
vn 0.809017 -0.5877852 0
vn 0.7071069 -0.7071066 0
vn 0.7071069 -0.7071066 0
vn 0.7071069 -0.7071066 0
vn 0.5877855 -0.8090168 0
vn 0.7071069 -0.7071066 0
vn 0.5877855 -0.8090168 0
vn 0.4539905 -0.8910065 0
vn 0.4539905 -0.8910065 0
vn 0.309017 -0.9510565 0
vn 0.309017 -0.9510565 0
vn 0.1564344 -0.9876884 0
vn 0.1564344 -0.9876884 0
vn 0 -1 0
vn 0 -1 0
vn -0.1564344 -0.9876884 0
vn -0.1564344 -0.9876884 0
vn -0.309017 -0.9510565 0
vn -0.309017 -0.9510565 0
vn -0.4539905 -0.8910065 0
vn -0.4539905 -0.8910065 0
vn -0.5877855 -0.8090168 0
vn -0.5877855 -0.8090168 0
vn -0.7071069 -0.7071066 0
vn -0.7071069 -0.7071066 0
vn -0.7071069 -0.7071066 0
vn -0.809017 -0.5877852 0
vn -0.7071069 -0.7071066 0
vn -0.809017 -0.5877852 0
vn -0.8910064 -0.4539907 0
vn -0.8910064 -0.4539907 0
vn -0.9510565 -0.3090171 0
vn -0.9510565 -0.3090171 0
vn -0.9876884 -0.1564343 0
vn -0.9876884 -0.1564343 0
vn -1 0 0
vn -1 0 0
vn -0.9876884 0.1564343 0
vn -0.9876884 0.1564343 0
vn -0.9510565 0.3090171 0
vn -0.9510565 0.3090171 0
vn -0.8910064 0.4539907 0
vn -0.8910064 0.4539907 0
vn -0.809017 0.5877852 0
vn -0.809017 0.5877852 0
vn -0.7071069 0.7071066 0
vn -0.7071069 0.7071066 0
vn -0.8090169 0.5877854 0
vn -0.7071068 0.7071068 0
vn -0.7071068 0.7071068 0
vn -0.8090169 0.5877854 0
vn -0.7071068 0.7071068 0
vn -0.8910064 0.4539906 0
vn -0.8090168 0.5877855 0
vn -0.8910064 0.4539906 0
vn -0.9510565 0.3090169 0
vn -0.8910064 0.4539906 0
vn -0.9510565 0.3090169 0
vn -0.9876884 0.1564345 0
vn -0.9510565 0.3090169 0
vn -0.9876884 0.1564345 0
vn -1 0 0
vn -0.9876884 0.1564345 0
vn -1 0 0
vn -0.9876884 -0.1564345 0
vn -1 0 0
vn -0.9876884 -0.1564345 0
vn -0.9510565 -0.3090169 0
vn -0.9876884 -0.1564345 0
vn -0.9510565 -0.3090169 0
vn -0.8910064 -0.4539906 0
vn -0.9510565 -0.3090169 0
vn -0.8910064 -0.4539906 0
vn -0.8090169 -0.5877854 0
vn -0.8910064 -0.4539906 0
vn -0.8090169 -0.5877854 0
vn -0.7071068 -0.7071068 0
vn -0.8090168 -0.5877855 0
vn -0.7071068 -0.7071068 0
vn -0.7071068 -0.7071068 0
vn -0.5877854 -0.809017 0
vn -0.7071068 -0.7071068 0
vn -0.7071068 -0.7071068 0
vn -0.5877854 -0.809017 0
vn -0.7071068 -0.7071068 0
vn -0.4539907 -0.8910064 0
vn -0.5877854 -0.8090169 0
vn -0.4539907 -0.8910064 0
vn -0.3090172 -0.9510565 0
vn -0.4539907 -0.8910064 0
vn -0.3090172 -0.9510565 0
vn -0.1564345 -0.9876884 0
vn -0.3090172 -0.9510565 0
vn -0.1564345 -0.9876884 0
vn 0 -1 0
vn -0.1564345 -0.9876884 0
vn 0 -1 0
vn 0.1564345 -0.9876884 0
vn 0 -1 0
vn 0.1564345 -0.9876884 0
vn 0.3090172 -0.9510565 0
vn 0.1564345 -0.9876884 0
vn 0.3090172 -0.9510565 0
vn 0.4539907 -0.8910064 0
vn 0.3090172 -0.9510565 0
vn 0.4539907 -0.8910064 0
vn 0.5877854 -0.809017 0
vn 0.4539907 -0.8910064 0
vn 0.5877853 -0.8090169 0
vn 0.7071068 -0.7071068 0
vn 0.5877854 -0.8090169 0
vn 0.7071068 -0.7071068 0
vn 0.7071068 -0.7071068 0
vn 0.8090169 -0.5877854 0
vn 0.7071068 -0.7071068 0
vn 0.7071068 -0.7071068 0
vn 0.8090169 -0.5877854 0
vn 0.7071068 -0.7071068 0
vn 0.8910064 -0.4539906 0
vn 0.8090168 -0.5877855 0
vn 0.8910064 -0.4539906 0
vn 0.9510565 -0.3090169 0
vn 0.8910064 -0.4539906 0
vn 0.9510565 -0.3090169 0
vn 0.9876884 -0.1564345 0
vn 0.9510565 -0.3090169 0
vn 0.9876884 -0.1564345 0
vn 1 0 0
vn 0.9876884 -0.1564345 0
vn 1 0 0
vn 0.9876884 0.1564345 0
vn 1 0 0
vn 0.9876884 0.1564345 0
vn 0.9510565 0.3090169 0
vn 0.9876884 0.1564345 0
vn 0.9510565 0.3090169 0
vn 0.8910064 0.4539906 0
vn 0.9510565 0.3090169 0
vn 0.8910064 0.4539906 0
vn 0.8090169 0.5877854 0
vn 0.8910064 0.4539906 0
vn 0.8090169 0.5877854 0
vn 0.7071068 0.7071068 0
vn 0.8090168 0.5877855 0
vn 0.7071068 0.7071068 0
vn 0.7071068 0.7071068 0
vn 0.5877854 0.809017 0
vn 0.7071068 0.7071068 0
vn 0.7071068 0.7071068 0
vn 0.5877854 0.809017 0
vn 0.7071068 0.7071068 0
vn 0.4539907 0.8910064 0
vn 0.5877854 0.8090169 0
vn 0.4539907 0.8910064 0
vn 0.3090172 0.9510565 0
vn 0.4539907 0.8910064 0
vn 0.3090172 0.9510565 0
vn 0.1564345 0.9876884 0
vn 0.3090172 0.9510565 0
vn 0.1564345 0.9876884 0
vn 0 1 0
vn 0.1564345 0.9876884 0
vn 0 1 0
vn -0.1564345 0.9876884 0
vn 0 1 0
vn -0.1564345 0.9876884 0
vn -0.3090172 0.9510565 0
vn -0.1564345 0.9876884 0
vn -0.3090172 0.9510565 0
vn -0.4539907 0.8910064 0
vn -0.3090172 0.9510565 0
vn -0.4539907 0.8910064 0
vn -0.5877854 0.809017 0
vn -0.4539907 0.8910064 0
vn -0.5877853 0.8090169 0
vn -0.7071068 0.7071068 0
vn -0.5877854 0.8090169 0
vn -0.7071068 0.7071068 0
vn -0.7071068 0.7071068 0
vn 0 -2.46216E-05 1
vn 0 -2.46216E-05 1
vn 0 -2.462161E-05 1
vn 0 -2.462161E-05 1
vn 0 0 -1
vn 0 0 -1
vn 0 0 -1
vn 0 0 -1
vn 0 0 -1
vn 0 0 -1
vn 0 0 -1
vn 0 0 -1
vn 0 0 -1
vn 0 0 -1
vn 0 0 -1
vn 0 0 -1
vn 0 0 -1
vn 0 0 -1
vn 0 0 -1
vn 0 0 -1
vn 0 0 -1
vn 0 0 -1
vn 0 0 -1
vn 0 0 -1
vn 0 0 -1
vn 0 0 -1
vn 0 0 -1
vn 0 0 -1
vn 0 0 -1
vn 0 0 -1
vn 0 0 -1
vn 0 0 -1
vn 0 0 -1
vn 0 0 -1
vn 0 0 -1
vn 0 0 -1
vn 0 0 -1
vn 0 0 -1
vn 0 0 -1
vn 0 0 -1
vn 0 0 -1
vn 0 0 -1
vn 0 0 -1
vn 0 0 -1
vn 0 0 -1
vn 0 0 -1
vn 0 0 -1
vn 0 0 -1
vn 0 0 -1
vn 0 0 -1
vn 0 0 -1
vn 0 0 -1
vn 0 0 -1
vn 0 0 -1
vn 0 0 -1
vn 0 0 -1
vn 0 0 -1
vn 0 0 -1
vn 0 0 -1
vn 0 0 -1
vn 0 0 -1
vn 0 0 -1
vn 0 0 -1
vn 0 0 -1
vn 0 0 -1
vn 0 0 -1
vn 0 0 -1
vn 0 0 -1
vn 0 0 -1
vn 0 0 -1
vn 0 0 -1
vn 0 0 -1
vn 0 0 -1
vn 0 0 -1
vn 0 0 -1
vn 0 0 -1
vn 0 0 -1
vn 0 0 -1
vn 0 0 -1
vn 0 0 -1
vn 0 0 -1
vn 0 0 -1
vn 0 0 -1
vn 0 0 -1
vn 0 0 -1
vn 0 0 -1
vn 0 0 -1
vn 0 0 -1
vn 0 0 -1
vn 0 0 -1
vn 0 0 -1
vn 0 0 -1
vn 0 0 -1
vn 0 0 -1
vn 0 0 -1
vn 0 0 -1
vn 0 0 -1
vn 0 0 -1
vn 0 0 -1
vn 0 0 -1
vn 0 0 -1
vn 0 0 -1
vn 0 0 -1
vn 0 0 -1
vn 0 0 -1
vn 0 0 -1
vn 0 0 -1
vn 0 0 -1
vn 0 0 -1
vn 0 0 -1
vn 0 0 -1
vn 0 0 -1
vn 0 0 -1
vn 0 0 -1
vn 0 0 -1
vn 0 0 -1
vn 0 0 -1
vn 0 0 -1
vn 0 0 -1
vn 0 0 -1
vn 0 0 -1
vn 0 0 -1
vn 0 0 -1
vn 0 0 -1
vn 0 0 -1
vn 0 0 -1
vn 0 0 -1
vn 0 0 -1
vn 0 0 -1
vn 0 0 -1
vn 0 0 -1
vn 0 0 -1
vn 0 0 -1
vn 0 0 -1
vn 0 0 -1
vn 0 0 -1
vn -0.6522483 -0.7485802 0.1191637
vn -0.7060817 -0.7060378 0.0543977
vn -0.7027317 -0.7026957 0.1112961
vn -0.6520007 -0.7582054 0.004442336
vn -0.5963624 -0.8027119 0.002366015
vn -0.5963624 -0.8027119 0.002366015
vn -0.5378058 -0.8430645 0.002685068
vn -0.7066379 -0.7067971 -0.03317688
vn -0.4765967 -0.8791186 0.002460477
vn -0.6519029 -0.7582997 0.002034995
vn -0.6519029 -0.7582997 0.002034995
vn -0.5378058 -0.8430645 0.002685068
vn -0.6520057 -0.7582126 0.0015097
vn -0.6519029 -0.7582997 0.002034995
vn -0.6567414 -0.7537384 -0.02385232
vn -0.6567414 -0.7537384 -0.02385232
vn -0.6567414 -0.7537384 -0.02385232
vn -0.705146 -0.7054402 -0.07157566
vn -0.5378058 -0.8430645 0.002685068
vn -0.5378058 -0.8430645 0.002685068
vn -0.5378058 -0.8430645 0.002685068
vn -0.5378058 -0.8430645 0.002685068
vn -0.5378058 -0.8430645 0.002685068
vn -0.5378058 -0.8430645 0.002685068
vn -0.4765967 -0.8791186 0.002460477
vn -0.4129824 -0.9107363 0.00222347
vn -0.3473415 -0.9377365 0.002066646
vn -0.4129824 -0.9107363 0.00222347
vn -0.4129824 -0.9107363 0.00222347
vn -0.4129824 -0.9107363 0.00222347
vn -0.4129824 -0.9107363 0.00222347
vn -0.4129824 -0.9107363 0.00222347
vn -0.4129824 -0.9107363 0.00222347
vn -0.4129824 -0.9107363 0.00222347
vn -0.3473415 -0.9377365 0.002066646
vn -0.2799506 -0.9600126 0.001899411
vn -0.211193 -0.9774427 0.001807809
vn -0.2799506 -0.9600126 0.001899411
vn -0.2799506 -0.9600126 0.001899411
vn -0.2799506 -0.9600126 0.001899411
vn -0.2799506 -0.9600126 0.001899411
vn -0.2799506 -0.9600126 0.001899411
vn -0.2799506 -0.9600126 0.001899411
vn -0.2799506 -0.9600126 0.001899411
vn -0.211193 -0.9774427 0.00180781
vn -0.1413728 -0.9899549 0.001707112
vn -0.07086416 -0.9974846 0.001680332
vn -0.1413728 -0.9899549 0.001707112
vn -0.1413728 -0.9899549 0.001707112
vn -0.1413728 -0.9899549 0.001707112
vn -0.1413728 -0.9899549 0.001707112
vn -0.1413728 -0.9899549 0.001707112
vn -0.1413728 -0.9899549 0.001707112
vn -0.1413728 -0.9899549 0.001707112
vn -0.07086413 -0.9974846 0.001680331
vn 7.856599E-07 -0.9999987 0.001645102
vn 0.07086451 -0.9974846 0.001680495
vn 7.856599E-07 -0.9999987 0.001645102
vn 7.856599E-07 -0.9999987 0.001645102
vn 7.856599E-07 -0.9999987 0.001645102
vn 7.856599E-07 -0.9999987 0.001645102
vn 7.856599E-07 -0.9999987 0.001645102
vn 7.856599E-07 -0.9999987 0.001645102
vn 7.856599E-07 -0.9999987 0.001645102
vn 0.07086448 -0.9974846 0.001680495
vn 0.1413719 -0.9899551 0.001707439
vn 0.2111924 -0.9774429 0.001807891
vn 0.1413719 -0.9899551 0.001707439
vn 0.1413719 -0.9899551 0.001707439
vn 0.1413719 -0.9899551 0.001707439
vn 0.1413719 -0.9899551 0.001707439
vn 0.1413719 -0.9899551 0.001707439
vn 0.1413719 -0.9899551 0.001707439
vn 0.1413719 -0.9899551 0.001707439
vn 0.2111924 -0.9774429 0.001807891
vn 0.2799504 -0.9600126 0.001899247
vn 0.3473414 -0.9377365 0.002066359
vn 0.2799504 -0.9600126 0.001899247
vn 0.2799504 -0.9600126 0.001899247
vn 0.2799504 -0.9600126 0.001899247
vn 0.2799504 -0.9600126 0.001899247
vn 0.2799504 -0.9600126 0.001899247
vn 0.2799504 -0.9600126 0.001899247
vn 0.2799504 -0.9600126 0.001899247
vn 0.3473414 -0.9377365 0.002066359
vn 0.4129826 -0.9107362 0.00222306
vn 0.4765973 -0.8791183 0.002460436
vn 0.4129826 -0.9107362 0.00222306
vn 0.4129826 -0.9107362 0.00222306
vn 0.4129826 -0.9107362 0.00222306
vn 0.4129826 -0.9107362 0.00222306
vn 0.4129826 -0.9107362 0.00222306
vn 0.4129826 -0.9107362 0.00222306
vn 0.4129826 -0.9107362 0.00222306
vn 0.4765973 -0.8791183 0.002460436
vn 0.5378069 -0.8430638 0.002685396
vn 0.5963624 -0.8027118 0.00236602
vn 0.5378069 -0.8430638 0.002685396
vn 0.5378069 -0.8430638 0.002685396
vn 0.5378069 -0.8430638 0.002685396
vn 0.5378069 -0.8430638 0.002685396
vn 0.5378069 -0.8430638 0.002685396
vn 0.5378069 -0.8430638 0.002685396
vn 0.5378069 -0.8430638 0.002685396
vn 0.5963625 -0.8027118 0.00236602
vn 0.6520008 -0.7582072 0.004104614
vn 0.706039 -0.7060823 0.05437441
vn 0.7027001 -0.7027349 0.1112488
vn 0.7067955 -0.7066387 -0.03319437
vn 0.6519021 -0.7583004 0.002034678
vn 0.6519021 -0.7583004 0.002034678
vn 0.6520063 -0.7582134 -0.0004491437
vn 0.6519021 -0.7583004 0.002034678
vn 0.6522782 -0.7486104 -0.118809
vn 0.7054356 -0.7051471 -0.07161118
vn 0.6522782 -0.7486104 -0.118809
vn 0.6522782 -0.7486104 -0.118809
vn 0.6522782 -0.7486104 -0.118809
vn 0.6522782 -0.7486104 -0.118809
vn 0.6522782 -0.7486104 -0.118809
vn 0.6522782 -0.7486104 -0.118809
vn -0.7060397 0.7060816 0.05437515
vn -0.7027013 0.7027334 0.1112501
vn -0.7485931 0.6522588 0.1190244
vn -0.7582057 0.6520004 0.004439787
vn -0.7067938 0.7066404 -0.03319449
vn -0.7582126 0.6520057 0.001508508
vn -0.802712 0.5963622 0.002366329
vn -0.7582999 0.6519026 0.002035317
vn -0.7582999 0.6519026 0.002035317
vn -0.7582999 0.6519026 0.002035317
vn -0.802712 0.5963622 0.002366329
vn -0.8430645 0.5378058 0.002685374
vn -0.8430645 0.5378058 0.002685374
vn -0.8430645 0.5378058 0.002685374
vn -0.8430645 0.5378058 0.002685374
vn -0.8430645 0.5378058 0.002685374
vn -0.8430645 0.5378058 0.002685374
vn -0.8791188 0.4765964 0.002460713
vn -0.8430645 0.5378058 0.002685374
vn -0.8430645 0.5378058 0.002685374
vn -0.8791188 0.4765964 0.002460713
vn -0.9107366 0.4129817 0.002223634
vn -0.9107366 0.4129817 0.002223634
vn -0.9107366 0.4129817 0.002223634
vn -0.9107366 0.4129817 0.002223634
vn -0.9107366 0.4129817 0.002223634
vn -0.9107366 0.4129817 0.002223634
vn -0.9377366 0.347341 0.002066739
vn -0.9107366 0.4129817 0.002223634
vn -0.9107366 0.4129817 0.002223634
vn -0.9377366 0.3473411 0.002066739
vn -0.9600126 0.2799505 0.001899432
vn -0.9600126 0.2799505 0.001899432
vn -0.9600126 0.2799505 0.001899432
vn -0.9600126 0.2799505 0.001899432
vn -0.9600126 0.2799505 0.001899432
vn -0.9600126 0.2799505 0.001899432
vn -0.9774426 0.2111934 0.001808061
vn -0.9600126 0.2799505 0.001899432
vn -0.9600126 0.2799505 0.001899432
vn -0.9774426 0.2111934 0.001808061
vn -0.9899548 0.1413737 0.001707593
vn -0.9899548 0.1413737 0.001707593
vn -0.9899548 0.1413737 0.001707593
vn -0.9899548 0.1413737 0.001707593
vn -0.9899548 0.1413737 0.001707593
vn -0.9899548 0.1413737 0.001707593
vn -0.9974846 0.07086448 0.001680263
vn -0.9899548 0.1413737 0.001707593
vn -0.9899548 0.1413737 0.001707593
vn -0.9974846 0.07086445 0.001680263
vn -0.9999987 -1.12188E-06 0.001644485
vn -0.9999987 -1.12188E-06 0.001644485
vn -0.9999987 -1.12188E-06 0.001644485
vn -0.9999987 -1.12188E-06 0.001644485
vn -0.9999987 -1.12188E-06 0.001644485
vn -0.9999987 -1.12188E-06 0.001644485
vn -0.9974844 -0.0708649 0.001680163
vn -0.9999987 -1.12188E-06 0.001644485
vn -0.9999987 -1.12188E-06 0.001644485
vn -0.9974844 -0.07086489 0.001680162
vn -0.9899549 -0.1413724 0.001707392
vn -0.9899549 -0.1413724 0.001707392
vn -0.9899549 -0.1413724 0.001707392
vn -0.9899549 -0.1413724 0.001707392
vn -0.9899549 -0.1413724 0.001707392
vn -0.9899549 -0.1413724 0.001707392
vn -0.9774429 -0.2111925 0.001807623
vn -0.9899549 -0.1413724 0.001707392
vn -0.9899549 -0.1413724 0.001707392
vn -0.9774429 -0.2111925 0.001807622
vn -0.9600127 -0.27995 0.001898757
vn -0.9600127 -0.27995 0.001898757
vn -0.9600127 -0.27995 0.001898757
vn -0.9600127 -0.27995 0.001898757
vn -0.9600127 -0.27995 0.001898757
vn -0.9600127 -0.27995 0.001898757
vn -0.9377366 -0.347341 0.00206603
vn -0.9600127 -0.27995 0.001898757
vn -0.9600127 -0.27995 0.001898757
vn -0.9377366 -0.347341 0.002066031
vn -0.9107364 -0.4129822 0.002222896
vn -0.9107364 -0.4129822 0.002222896
vn -0.9107364 -0.4129822 0.002222896
vn -0.9107364 -0.4129822 0.002222896
vn -0.9107364 -0.4129822 0.002222896
vn -0.9107364 -0.4129822 0.002222896
vn -0.8791186 -0.4765967 0.002460025
vn -0.9107364 -0.4129822 0.002222896
vn -0.9107364 -0.4129822 0.002222896
vn -0.8791186 -0.4765967 0.002460026
vn -0.8430642 -0.5378062 0.002684741
vn -0.8430642 -0.5378062 0.002684741
vn -0.8430642 -0.5378062 0.002684741
vn -0.8430642 -0.5378062 0.002684741
vn -0.8430642 -0.5378062 0.002684741
vn -0.8027121 -0.5963621 0.00236569
vn -0.8430642 -0.5378062 0.002684741
vn -0.8430642 -0.5378062 0.002684741
vn -0.8430642 -0.5378062 0.002684741
vn -0.802712 -0.5963621 0.00236569
vn -0.7582073 -0.6520007 0.004103626
vn -0.7583005 -0.6519021 0.002034676
vn -0.7583005 -0.6519021 0.002034676
vn -0.7583005 -0.6519021 0.002034676
vn -0.7582134 -0.6520063 -0.0004482002
vn -0.7066379 -0.7067971 -0.03317688
vn -0.748614 -0.6522825 -0.1187629
vn -0.748614 -0.6522825 -0.1187629
vn -0.748614 -0.6522825 -0.1187629
vn -0.748614 -0.6522825 -0.1187629
vn -0.748614 -0.6522825 -0.1187629
vn -0.748614 -0.6522825 -0.1187629
vn -0.748614 -0.6522825 -0.1187629
vn -0.705146 -0.7054402 -0.07157566
vn -0.7060817 -0.7060378 0.0543977
vn -0.7027317 -0.7026957 0.1112961
vn -0.7537276 0.6567514 -0.02392515
vn -0.7054317 0.705151 -0.07161155
vn -0.7537276 0.6567514 -0.02392515
vn -0.7537276 0.6567514 -0.02392515
vn 0.7485932 -0.6522593 0.1190215
vn 0.706039 -0.7060823 0.05437441
vn 0.7027001 -0.7027349 0.1112488
vn 0.7582055 -0.6520005 0.004437232
vn 0.7067955 -0.7066387 -0.03319437
vn 0.7582126 -0.6520057 0.001507019
vn 0.7582998 -0.6519028 0.00203277
vn 0.7582998 -0.6519028 0.00203277
vn 0.7582998 -0.6519028 0.00203277
vn 0.7537334 -0.6567464 -0.02387665
vn 0.7537334 -0.6567464 -0.02387665
vn 0.7537334 -0.6567464 -0.02387665
vn 0.7054356 -0.7051471 -0.07161118
vn 0.8027119 -0.5963624 0.002363749
vn 0.8027119 -0.5963623 0.002363749
vn 0.8430644 -0.5378059 0.002682774
vn 0.8430644 -0.5378059 0.002682774
vn 0.8430644 -0.5378059 0.002682774
vn 0.8430644 -0.5378059 0.002682774
vn 0.8430644 -0.5378059 0.002682774
vn 0.8430644 -0.5378059 0.002682774
vn 0.8430644 -0.5378059 0.002682774
vn 0.8430644 -0.5378059 0.002682774
vn 0.8791189 -0.4765961 0.002458547
vn 0.8791189 -0.4765961 0.002458548
vn 0.9107368 -0.4129812 0.002221915
vn 0.9107368 -0.4129812 0.002221915
vn 0.9107368 -0.4129812 0.002221915
vn 0.9107368 -0.4129812 0.002221915
vn 0.9107368 -0.4129812 0.002221915
vn 0.9107368 -0.4129812 0.002221915
vn 0.9107368 -0.4129812 0.002221915
vn 0.9107368 -0.4129812 0.002221915
vn 0.9377365 -0.3473414 0.002065374
vn 0.9377365 -0.3473414 0.002065374
vn 0.9600123 -0.2799518 0.001898429
vn 0.9600123 -0.2799518 0.001898429
vn 0.9600123 -0.2799518 0.001898429
vn 0.9600123 -0.2799518 0.001898429
vn 0.9600123 -0.2799518 0.001898429
vn 0.9600123 -0.2799518 0.001898429
vn 0.9600123 -0.2799518 0.001898429
vn 0.9600123 -0.2799518 0.001898429
vn 0.9774425 -0.2111938 0.001807222
vn 0.9774425 -0.2111937 0.001807222
vn 0.9899549 -0.1413731 0.001706923
vn 0.9899549 -0.1413731 0.001706923
vn 0.9899549 -0.1413731 0.001706923
vn 0.9899549 -0.1413731 0.001706923
vn 0.9899549 -0.1413731 0.001706923
vn 0.9899549 -0.1413731 0.001706923
vn 0.9899549 -0.1413731 0.001706923
vn 0.9899549 -0.1413731 0.001706923
vn 0.9974846 -0.07086444 0.001679423
vn 0.9974846 -0.07086436 0.001679423
vn 0.9999987 6.546366E-07 0.001643479
vn 0.9999987 6.546366E-07 0.001643479
vn 0.9999987 6.546366E-07 0.001643479
vn 0.9999987 6.546366E-07 0.001643479
vn 0.9999987 6.546366E-07 0.001643479
vn 0.9999987 6.546366E-07 0.001643479
vn 0.9999987 6.546366E-07 0.001643479
vn 0.9999987 6.546366E-07 0.001643479
vn 0.9974844 0.07086497 0.001679586
vn 0.9974844 0.07086504 0.001679587
vn 0.9899549 0.1413731 0.001707249
vn 0.9899549 0.1413731 0.001707249
vn 0.9899549 0.1413731 0.001707249
vn 0.9899549 0.1413731 0.001707249
vn 0.9899549 0.1413731 0.001707249
vn 0.9899549 0.1413731 0.001707249
vn 0.9899549 0.1413731 0.001707249
vn 0.9899549 0.1413731 0.001707249
vn 0.9774427 0.2111931 0.001807858
vn 0.9774426 0.2111931 0.001807858
vn 0.9600126 0.2799506 0.001899371
vn 0.9600126 0.2799506 0.001899371
vn 0.9600126 0.2799506 0.001899371
vn 0.9600126 0.2799506 0.001899371
vn 0.9600126 0.2799506 0.001899371
vn 0.9600126 0.2799506 0.001899371
vn 0.9600126 0.2799506 0.001899371
vn 0.9600126 0.2799506 0.001899371
vn 0.9377366 0.3473409 0.002066903
vn 0.9377366 0.3473411 0.002066903
vn 0.9107367 0.4129816 0.002224022
vn 0.9107367 0.4129816 0.002224022
vn 0.9107367 0.4129816 0.002224022
vn 0.9107367 0.4129816 0.002224022
vn 0.9107367 0.4129816 0.002224022
vn 0.9107367 0.4129816 0.002224022
vn 0.9107367 0.4129816 0.002224022
vn 0.9107367 0.4129816 0.002224022
vn 0.8791188 0.4765964 0.002461381
vn 0.8791187 0.4765965 0.002461381
vn 0.8430642 0.5378062 0.002686318
vn 0.8430642 0.5378062 0.002686318
vn 0.8430642 0.5378062 0.002686318
vn 0.8430642 0.5378062 0.002686318
vn 0.8430642 0.5378062 0.002686318
vn 0.8430642 0.5378062 0.002686318
vn 0.8430642 0.5378062 0.002686318
vn 0.8430642 0.5378062 0.002686318
vn 0.802712 0.5963622 0.002367038
vn 0.8027119 0.5963624 0.002367037
vn 0.7583001 0.6519024 0.002035786
vn 0.7583001 0.6519024 0.002035786
vn 0.7583001 0.6519024 0.002035786
vn 0.7582068 0.6520012 0.004105545
vn 0.7582132 0.6520066 -0.0004478089
vn 0.7060809 0.7060389 0.05439492
vn 0.7027304 0.7026982 0.1112889
vn 0.7066368 0.7067971 -0.03320255
vn 0.7486151 0.6522747 -0.1187985
vn 0.7051429 0.705438 -0.07163071
vn 0.7486151 0.6522747 -0.1187985
vn 0.7486151 0.6522747 -0.1187985
vn 0.7486151 0.6522747 -0.1187985
vn 0.7486151 0.6522747 -0.1187985
vn 0.7486151 0.6522747 -0.1187985
vn 0.7582132 0.6520066 -0.0004478089
vn 0.7486151 0.6522747 -0.1187985
vn 0.7486151 0.6522747 -0.1187985
vn 0.7060809 0.7060389 0.05439492
vn 0.7027304 0.7026982 0.1112889
vn 0.6522543 0.748584 0.1191062
vn 0.6520005 0.7582055 0.004442467
vn 0.5963627 0.8027117 0.002367138
vn 0.5963627 0.8027117 0.002367138
vn 0.5378066 0.8430641 0.002685969
vn 0.7066368 0.7067971 -0.03320255
vn 0.4765967 0.8791186 0.002461052
vn 0.6519027 0.7582998 0.002036336
vn 0.6519027 0.7582998 0.002036336
vn 0.5378066 0.8430641 0.002685969
vn 0.6520055 0.7582127 0.001509505
vn 0.6519027 0.7582998 0.002036336
vn 0.6567341 0.7537425 -0.0239263
vn 0.6567341 0.7537425 -0.0239263
vn 0.6567341 0.7537425 -0.0239263
vn 0.7051429 0.705438 -0.07163071
vn 0.5378066 0.8430641 0.002685969
vn 0.5378066 0.8430641 0.002685969
vn 0.5378066 0.8430641 0.002685969
vn 0.5378066 0.8430641 0.002685969
vn 0.5378066 0.8430641 0.002685969
vn 0.5378066 0.8430641 0.002685969
vn 0.4765967 0.8791186 0.002461052
vn 0.4129817 0.9107366 0.002223716
vn 0.3473412 0.9377366 0.002066852
vn 0.4129817 0.9107366 0.002223716
vn 0.4129817 0.9107366 0.002223716
vn 0.4129817 0.9107366 0.002223716
vn 0.4129817 0.9107366 0.002223716
vn 0.4129817 0.9107366 0.002223716
vn 0.4129817 0.9107366 0.002223716
vn 0.4129817 0.9107366 0.002223716
vn 0.3473413 0.9377365 0.002066852
vn 0.2799509 0.9600124 0.001899575
vn 0.2111933 0.9774426 0.001807891
vn 0.2799509 0.9600124 0.001899575
vn 0.2799509 0.9600124 0.001899575
vn 0.2799509 0.9600124 0.001899575
vn 0.2799509 0.9600124 0.001899575
vn 0.2799509 0.9600124 0.001899575
vn 0.2799509 0.9600124 0.001899575
vn 0.2799509 0.9600124 0.001899575
vn 0.2111934 0.9774426 0.001807892
vn 0.1413732 0.9899548 0.001707112
vn 0.07086423 0.9974846 0.001679347
vn 0.1413732 0.9899548 0.001707112
vn 0.1413732 0.9899548 0.001707112
vn 0.1413732 0.9899548 0.001707112
vn 0.1413732 0.9899548 0.001707112
vn 0.1413732 0.9899548 0.001707112
vn 0.1413732 0.9899548 0.001707112
vn 0.1413732 0.9899548 0.001707112
vn 0.07086429 0.9974846 0.001679347
vn -1.047227E-06 0.9999987 0.001643138
vn -0.07086478 0.9974844 0.001679346
vn -1.047227E-06 0.9999987 0.001643138
vn -1.047227E-06 0.9999987 0.001643138
vn -1.047227E-06 0.9999987 0.001643138
vn -1.047227E-06 0.9999987 0.001643138
vn -1.047227E-06 0.9999987 0.001643138
vn -1.047227E-06 0.9999987 0.001643138
vn -1.047227E-06 0.9999987 0.001643138
vn -0.07086472 0.9974846 0.001679346
vn -0.1413722 0.9899551 0.001707112
vn -0.2111926 0.9774429 0.001806825
vn -0.1413722 0.9899551 0.001707112
vn -0.1413722 0.9899551 0.001707112
vn -0.1413722 0.9899551 0.001707112
vn -0.1413722 0.9899551 0.001707112
vn -0.1413722 0.9899551 0.001707112
vn -0.1413722 0.9899551 0.001707112
vn -0.1413722 0.9899551 0.001707112
vn -0.2111924 0.9774429 0.001806825
vn -0.2799502 0.9600126 0.001897447
vn -0.3473412 0.9377366 0.00206484
vn -0.2799502 0.9600126 0.001897447
vn -0.2799502 0.9600126 0.001897447
vn -0.2799502 0.9600126 0.001897447
vn -0.2799502 0.9600126 0.001897447
vn -0.2799502 0.9600126 0.001897447
vn -0.2799502 0.9600126 0.001897447
vn -0.2799502 0.9600126 0.001897447
vn -0.3473411 0.9377366 0.00206484
vn -0.4129821 0.9107364 0.002221831
vn -0.4765972 0.8791184 0.002458506
vn -0.4129821 0.9107364 0.002221831
vn -0.4129821 0.9107364 0.002221831
vn -0.4129821 0.9107364 0.002221831
vn -0.4129821 0.9107364 0.002221831
vn -0.4129821 0.9107364 0.002221831
vn -0.4129821 0.9107364 0.002221831
vn -0.4129821 0.9107364 0.002221831
vn -0.4765972 0.8791184 0.002458506
vn -0.5378069 0.8430638 0.002682774
vn -0.5963625 0.8027118 0.002363633
vn -0.5378069 0.8430638 0.002682774
vn -0.5378069 0.8430638 0.002682774
vn -0.5378069 0.8430638 0.002682774
vn -0.5378069 0.8430638 0.002682774
vn -0.5378069 0.8430638 0.002682774
vn -0.5378069 0.8430638 0.002682774
vn -0.5378069 0.8430638 0.002682774
vn -0.5963625 0.8027118 0.002363633
vn -0.6520008 0.7582071 0.004102453
vn -0.7060397 0.7060816 0.05437515
vn -0.7027013 0.7027334 0.1112501
vn -0.7067938 0.7066404 -0.03319449
vn -0.6519022 0.7583004 0.002032538
vn -0.6519022 0.7583004 0.002032538
vn -0.6520063 0.7582134 -0.0004501603
vn -0.6519022 0.7583004 0.002032538
vn -0.6522799 0.7486165 -0.1187615
vn -0.7054317 0.705151 -0.07161155
vn -0.6522799 0.7486165 -0.1187615
vn -0.6522799 0.7486165 -0.1187615
vn -0.6522799 0.7486165 -0.1187615
vn -1.273478E-07 0 -1
vn -1.273478E-07 0 -1
vn -1.273478E-07 0 -1
vn -1.273478E-07 0 -1
vn -1.273478E-07 0 -1
vn -1.273478E-07 0 -1
vn -1.273478E-07 0 -1
vn -1.273478E-07 0 -1
vn -1.273478E-07 0 -1
vn -1.273478E-07 0 -1
vn -1.273478E-07 0 -1
vn -1.273478E-07 0 -1
vn -1.273478E-07 0 -1
vn -1.273478E-07 0 -1
vn -1.273478E-07 0 -1
vn -1.273478E-07 0 -1
vn -1.273478E-07 0 -1
vn -1.273478E-07 0 -1
vn -1.273478E-07 0 -1
vn -1.273478E-07 0 -1
vn -1.273478E-07 0 -1
vn -1.273478E-07 0 -1
vn -1.273478E-07 0 -1
vn -1.273478E-07 0 -1
vn -1.273478E-07 0 -1
vn -1.273478E-07 0 -1
vn -1.273478E-07 0 -1
vn -1.273478E-07 0 -1
vn -1.273478E-07 0 -1
vn -1.273478E-07 0 -1
vn -1.273478E-07 0 -1
vn -1.273478E-07 0 -1
vn -1.273478E-07 0 -1
vn -1.273478E-07 0 -1
vn -1.273478E-07 0 -1
vn -1.273478E-07 0 -1
vn -1.273478E-07 0 -1
vn -1.273478E-07 0 -1
vn -1.273478E-07 0 -1
vn -1.273478E-07 0 -1
vn -0.7050695 0.7050695 -0.07585571
vn -0.5860919 0.8066859 -0.07585572
vn -0.7050695 0.7050695 -0.07585571
vn -0.5860919 0.8066859 -0.07585573
vn -0.4526827 0.8884392 -0.07585573
vn -0.4526827 0.8884392 -0.07585573
vn -0.3081265 0.9483165 -0.07585573
vn -0.3081265 0.9483163 -0.07585573
vn -0.1559837 0.9848427 -0.07585572
vn -0.1559837 0.9848427 -0.07585572
vn 0 0.9971188 -0.07585572
vn 0 0.9971188 -0.07585572
vn 0.1559837 0.9848427 -0.07585572
vn 0.1559837 0.9848427 -0.07585572
vn 0.3081265 0.9483165 -0.07585572
vn 0.3081265 0.9483165 -0.07585572
vn 0.4526827 0.8884392 -0.07585572
vn 0.4526827 0.8884392 -0.07585572
vn 0.5860919 0.8066859 -0.07585572
vn 0.586092 0.8066859 -0.07585574
vn 0.7050694 0.7050695 -0.07585571
vn 0.7050693 0.7050695 -0.0758557
vn -0.8066858 0.5860921 -0.07585571
vn -0.7050695 0.7050695 -0.07585571
vn -0.7050695 0.7050695 -0.07585571
vn -0.8066859 0.5860919 -0.07585571
vn -0.8884392 0.4526829 -0.07585572
vn -0.8884392 0.4526829 -0.07585572
vn -0.9483165 0.3081265 -0.07585572
vn -0.9483165 0.3081265 -0.07585572
vn -0.9848427 0.1559836 -0.07585571
vn -0.9848427 0.1559835 -0.07585571
vn -0.9971188 0 -0.07585573
vn -0.9971188 0 -0.07585574
vn -0.9848427 -0.1559836 -0.07585572
vn -0.9848427 -0.1559835 -0.07585572
vn -0.9483165 -0.3081264 -0.07585572
vn -0.9483165 -0.3081265 -0.07585571
vn -0.8884392 -0.4526829 -0.07585572
vn -0.8884392 -0.4526829 -0.07585572
vn -0.8066859 -0.586092 -0.07585571
vn -0.8066859 -0.5860919 -0.07585571
vn -0.7050694 -0.7050695 -0.07585573
vn -0.7050694 -0.7050695 -0.07585572
vn -0.5860918 -0.806686 -0.07585574
vn -0.7050694 -0.7050695 -0.07585573
vn -0.7050694 -0.7050695 -0.07585572
vn -0.5860919 -0.806686 -0.07585574
vn -0.452683 -0.8884392 -0.07585573
vn -0.452683 -0.8884392 -0.07585573
vn -0.3081266 -0.9483163 -0.07585572
vn -0.3081266 -0.9483163 -0.07585572
vn -0.1559837 -0.9848427 -0.07585572
vn -0.1559837 -0.9848427 -0.07585572
vn 0 -0.9971188 -0.07585572
vn 0 -0.9971188 -0.07585573
vn 0.1559837 -0.9848427 -0.07585572
vn 0.1559837 -0.9848427 -0.07585572
vn 0.3081265 -0.9483163 -0.07585572
vn 0.3081266 -0.9483163 -0.07585571
vn 0.4526829 -0.8884392 -0.07585572
vn 0.4526829 -0.8884392 -0.07585574
vn 0.5860921 -0.8066858 -0.07585573
vn 0.5860919 -0.8066859 -0.07585572
vn 0.7050694 -0.7050695 -0.07585571
vn 0.7050694 -0.7050695 -0.07585572
vn 0.8066859 -0.5860919 -0.07585572
vn 0.7050694 -0.7050695 -0.07585571
vn 0.7050694 -0.7050695 -0.07585572
vn 0.8066859 -0.5860919 -0.07585571
vn 0.8884392 -0.4526827 -0.07585571
vn 0.8884392 -0.4526827 -0.07585572
vn 0.9483165 -0.3081265 -0.07585571
vn 0.9483165 -0.3081265 -0.07585571
vn 0.9848427 -0.1559835 -0.07585571
vn 0.9848427 -0.1559836 -0.07585571
vn 0.9971188 0 -0.07585572
vn 0.9971188 0 -0.07585572
vn 0.9848427 0.1559835 -0.07585571
vn 0.9848427 0.1559835 -0.0758557
vn 0.9483165 0.3081265 -0.07585572
vn 0.9483165 0.3081265 -0.07585572
vn 0.8884392 0.4526827 -0.07585574
vn 0.8884392 0.4526827 -0.07585573
vn 0.8066859 0.5860919 -0.07585571
vn 0.8066859 0.5860919 -0.07585571
vn 0.7050693 0.7050695 -0.0758557
vn 0.7050694 0.7050695 -0.07585571
vn 0.5860921 0.8066858 -0.07585599
vn 0.7050694 0.7050695 -0.0758557
vn 0.7050694 0.7050697 -0.0758557
vn 0.5860919 0.8066859 -0.07585599
vn 0.452683 0.8884392 -0.07585584
vn 0.4526828 0.8884392 -0.07585582
vn 0.3081266 0.9483165 -0.07585516
vn 0.3081266 0.9483165 -0.07585515
vn 0.1559833 0.9848428 -0.07585523
vn 0.1559833 0.9848428 -0.07585523
vn 0 0.9971188 -0.07585548
vn 0 0.9971188 -0.07585549
vn -0.1559833 0.9848428 -0.07585514
vn -0.1559834 0.9848428 -0.07585514
vn -0.3081266 0.9483165 -0.07585496
vn -0.3081266 0.9483165 -0.07585496
vn -0.452683 0.8884392 -0.07585572
vn -0.452683 0.8884392 -0.07585572
vn -0.5860921 0.8066857 -0.07585593
vn -0.586092 0.8066859 -0.07585594
vn -0.7050694 0.7050695 -0.07585571
vn -0.7050693 0.7050695 -0.0758557
vn 0.7050694 0.7050695 -0.0758557
vn 0.8066857 0.5860921 -0.07585581
vn 0.7050694 0.7050697 -0.0758557
vn 0.8066857 0.5860922 -0.07585581
vn 0.8884391 0.452683 -0.07585564
vn 0.8884391 0.452683 -0.07585563
vn 0.9483165 0.3081264 -0.07585523
vn 0.9483165 0.3081264 -0.07585525
vn 0.9848428 0.155983 -0.07585513
vn 0.9848428 0.1559829 -0.07585513
vn 0.9971188 0 -0.07585523
vn 0.9971188 0 -0.07585523
vn 0.9848428 -0.155983 -0.07585517
vn 0.9848428 -0.155983 -0.07585516
vn 0.9483165 -0.3081265 -0.07585526
vn 0.9483165 -0.3081264 -0.07585526
vn 0.8884391 -0.4526831 -0.0758557
vn 0.8884391 -0.4526831 -0.07585569
vn 0.8066857 -0.5860922 -0.07585588
vn 0.8066857 -0.5860923 -0.07585587
vn 0.7050693 -0.7050695 -0.0758557
vn 0.7050694 -0.7050695 -0.07585571
vn 0.7050694 -0.7050695 -0.07585571
vn 0.586092 -0.8066859 -0.07585594
vn 0.7050693 -0.7050695 -0.0758557
vn 0.5860921 -0.8066857 -0.07585593
vn 0.452683 -0.8884392 -0.07585572
vn 0.452683 -0.8884392 -0.07585572
vn 0.3081266 -0.9483165 -0.07585496
vn 0.3081266 -0.9483165 -0.07585496
vn 0.1559834 -0.9848428 -0.07585513
vn 0.1559833 -0.9848428 -0.07585513
vn 0 -0.9971188 -0.07585546
vn 0 -0.9971188 -0.07585546
vn -0.1559833 -0.9848428 -0.07585523
vn -0.1559833 -0.9848428 -0.07585523
vn -0.3081266 -0.9483165 -0.07585515
vn -0.3081266 -0.9483165 -0.07585516
vn -0.4526828 -0.8884392 -0.07585582
vn -0.452683 -0.8884392 -0.07585584
vn -0.5860919 -0.8066859 -0.07585599
vn -0.5860921 -0.8066858 -0.07585599
vn -0.7050694 -0.7050697 -0.0758557
vn -0.7050694 -0.7050695 -0.0758557
vn -0.7050694 -0.7050695 -0.0758557
vn -0.8066857 -0.5860921 -0.07585581
vn -0.7050694 -0.7050697 -0.0758557
vn -0.8066857 -0.5860922 -0.07585581
vn -0.8884391 -0.452683 -0.07585564
vn -0.8884391 -0.452683 -0.07585563
vn -0.9483165 -0.3081264 -0.07585523
vn -0.9483165 -0.3081264 -0.07585525
vn -0.9848428 -0.155983 -0.07585513
vn -0.9848428 -0.1559829 -0.07585513
vn -0.9971188 0 -0.07585523
vn -0.9971188 0 -0.07585523
vn -0.9848428 0.155983 -0.07585517
vn -0.9848428 0.155983 -0.07585516
vn -0.9483165 0.3081265 -0.07585526
vn -0.9483165 0.3081264 -0.07585526
vn -0.8884391 0.4526831 -0.0758557
vn -0.8884391 0.4526831 -0.07585569
vn -0.8066857 0.5860922 -0.07585588
vn -0.8066857 0.5860923 -0.07585587
vn -0.7050693 0.7050695 -0.0758557
vn -0.7050694 0.7050695 -0.07585571
vn -0.0714689 -0.03641472 -0.996778
vn -0.06488972 -0.0471453 -0.9967782
vn -0.06488974 -0.0471453 -0.9967782
vn -0.0714689 -0.03641472 -0.996778
vn -0.05671473 -0.05671549 -0.9967782
vn -0.07628658 -0.02478687 -0.9967778
vn -0.05671473 -0.05671549 -0.9967782
vn -0.07628659 -0.02478686 -0.9967778
vn -0.04714436 -0.06489062 -0.9967781
vn -0.0792232 -0.01254813 -0.996778
vn -0.04714436 -0.06489062 -0.9967781
vn -0.0792232 -0.01254813 -0.996778
vn -0.03641377 -0.07146887 -0.996778
vn -0.0802092 0 -0.9967781
vn -0.03641377 -0.07146887 -0.996778
vn -0.08020919 0 -0.9967781
vn -0.02478666 -0.07628631 -0.9967778
vn -0.07922321 0.01254813 -0.996778
vn -0.02478666 -0.07628631 -0.9967778
vn -0.0792232 0.01254813 -0.996778
vn -0.01254817 -0.07922342 -0.996778
vn -0.07628659 0.02478687 -0.9967778
vn -0.01254817 -0.07922342 -0.996778
vn -0.07628659 0.02478686 -0.9967778
vn 1.772134E-07 -0.08020982 -0.996778
vn -0.0714682 0.03641472 -0.996778
vn 1.770581E-07 -0.08020983 -0.996778
vn -0.07146819 0.03641472 -0.996778
vn 0.01254835 -0.07922342 -0.996778
vn -0.06488898 0.04714526 -0.9967782
vn 0.01254835 -0.07922342 -0.996778
vn -0.06488898 0.04714526 -0.9967782
vn 0.02478666 -0.07628631 -0.9967778
vn -0.05671469 0.05671545 -0.9967782
vn 0.02478666 -0.07628631 -0.9967778
vn -0.05671469 0.05671545 -0.9967782
vn 0.03641377 -0.07146887 -0.996778
vn -0.04714436 0.06489062 -0.9967781
vn 0.03641377 -0.07146887 -0.996778
vn -0.04714436 0.06489062 -0.9967781
vn 0.04714436 -0.06489062 -0.9967781
vn -0.03641377 0.07146887 -0.996778
vn 0.04714436 -0.06489062 -0.9967781
vn -0.03641377 0.07146887 -0.996778
vn 0.05671469 -0.05671545 -0.9967782
vn -0.02478666 0.07628631 -0.9967778
vn 0.05671469 -0.05671545 -0.9967782
vn -0.02478666 0.07628631 -0.9967778
vn 0.06488898 -0.04714526 -0.9967782
vn -0.01254835 0.07922342 -0.996778
vn 0.06488898 -0.04714526 -0.9967782
vn -0.01254835 0.07922342 -0.996778
vn 0.07146819 -0.03641472 -0.996778
vn -1.770581E-07 0.08020983 -0.996778
vn 0.0714682 -0.03641472 -0.996778
vn -1.772134E-07 0.08020982 -0.996778
vn 0.07628659 -0.02478686 -0.9967778
vn 0.01254817 0.07922342 -0.996778
vn 0.07628659 -0.02478687 -0.9967778
vn 0.01254817 0.07922342 -0.996778
vn 0.0792232 -0.01254813 -0.996778
vn 0.02478666 0.07628631 -0.9967778
vn 0.07922321 -0.01254813 -0.996778
vn 0.02478666 0.07628631 -0.9967778
vn 0.08020919 0 -0.9967781
vn 0.03641377 0.07146887 -0.996778
vn 0.0802092 0 -0.9967781
vn 0.03641377 0.07146887 -0.996778
vn 0.0792232 0.01254813 -0.996778
vn 0.04714436 0.06489062 -0.9967781
vn 0.0792232 0.01254813 -0.996778
vn 0.04714436 0.06489062 -0.9967781
vn 0.07628659 0.02478686 -0.9967778
vn 0.05671473 0.05671549 -0.9967782
vn 0.07628658 0.02478687 -0.9967778
vn 0.05671473 0.05671549 -0.9967782
vn 0.0714689 0.03641472 -0.996778
vn 0.06488974 0.0471453 -0.9967782
vn 0.0714689 0.03641472 -0.996778
vn 0.06488972 0.0471453 -0.9967782
vn -0.02476974 -0.03409281 0.9991117
vn -0.04714732 -0.06489307 0.9967778
vn -0.05671911 -0.0567186 0.9967778
vn -0.01913128 -0.03754795 0.9991117
vn -0.03641492 -0.07146965 0.9967778
vn -0.02979847 -0.0297982 0.9991116
vn -0.06489341 -0.04714753 0.9967778
vn -0.01302218 -0.04007855 0.9991116
vn -0.02478673 -0.07628646 0.9967778
vn -0.03409299 -0.02476986 0.9991116
vn -0.07146949 -0.03641558 0.9967778
vn -0.00659231 -0.04162222 0.9991116
vn -0.01254796 -0.07922471 0.9967778
vn -0.03754786 -0.01913163 0.9991116
vn -0.07628594 -0.02478694 0.9967778
vn 0 -0.04214098 0.9991116
vn 0 -0.08021215 0.9967778
vn -0.04007828 -0.01302229 0.9991117
vn -0.07922412 -0.01254795 0.9967778
vn 0.006592214 -0.04162218 0.9991116
vn 0.01254777 -0.07922465 0.9967778
vn -0.04162192 -0.006592305 0.9991117
vn -0.08021171 0 0.9967778
vn -0.04214076 0 0.9991117
vn -0.07922412 0.01254795 0.9967778
vn -0.04162191 0.006592304 0.9991117
vn -0.07628592 0.02478694 0.9967778
vn -0.04007827 0.01302229 0.9991117
vn -0.07146947 0.03641558 0.9967778
vn -0.03754786 0.01913163 0.9991116
vn -0.06489272 0.04714754 0.9967778
vn -0.03409262 0.02476986 0.9991117
vn -0.0567184 0.0567186 0.9967778
vn -0.0297981 0.02979821 0.9991117
vn -0.04714732 0.06489307 0.9967778
vn -0.02476974 0.03409281 0.9991117
vn -0.0364149 0.0714696 0.9967778
vn -0.01913127 0.03754793 0.9991117
vn -0.02478652 0.07628635 0.9967778
vn -0.01302207 0.0400785 0.9991117
vn -0.01254777 0.07922465 0.9967778
vn -0.00659221 0.04162218 0.9991116
vn 0 0.08021215 0.9967778
vn 0 0.04214098 0.9991116
vn 0.01254796 0.07922471 0.9967778
vn 0.006592313 0.04162221 0.9991116
vn 0.02478673 0.07628646 0.9967778
vn 0.01302208 -0.0400785 0.9991117
vn 0.02478652 -0.07628635 0.9967778
vn 0.01302219 0.04007855 0.9991116
vn 0.03641492 0.07146965 0.9967778
vn 0.01913127 -0.03754793 0.9991117
vn 0.0364149 -0.0714696 0.9967778
vn 0.01913128 0.03754795 0.9991117
vn 0.04714732 0.06489307 0.9967778
vn 0.02476975 -0.03409281 0.9991117
vn 0.04714732 -0.06489307 0.9967778
vn 0.02476975 0.03409281 0.9991117
vn 0.05671911 0.0567186 0.9967778
vn 0.0297981 -0.02979821 0.9991117
vn 0.0567184 -0.0567186 0.9967778
vn 0.02979847 0.0297982 0.9991116
vn 0.06489341 0.04714753 0.9967778
vn 0.03409262 -0.02476986 0.9991117
vn 0.06489272 -0.04714754 0.9967778
vn 0.03409299 0.02476986 0.9991116
vn 0.07146949 0.03641558 0.9967778
vn 0.03754786 -0.01913163 0.9991116
vn 0.07146947 -0.03641558 0.9967778
vn 0.03754787 0.01913163 0.9991116
vn 0.07628594 0.02478694 0.9967778
vn 0.04007827 -0.01302229 0.9991117
vn 0.07628592 -0.02478694 0.9967778
vn 0.04007827 0.01302229 0.9991117
vn 0.07922412 0.01254795 0.9967778
vn 0.04162192 -0.006592304 0.9991117
vn 0.07922412 -0.01254795 0.9967778
vn 0.04162192 0.006592305 0.9991117
vn 0.08021171 0 0.9967778
vn 0.04214076 0 0.9991117
vn 0 0 1
vn 0 0 1
vn 0 0 1
vn 0 0 1
vn 0 0 1
vn 0 0 1
vn 0 0 1
vn 0 0 1
vn 0 0 1
vn 0 0 1
vn 0 0 1
vn 0 0 1
vn 0 0 1
vn 0 0 1
vn 0 0 1
vn 0 0 1
vn 0 0 1
vn 0 0 1
vn 0 0 1
vn 0 0 1
vn 0 0 1
vn 0 0 1
vn 0 0 1
vn 0 0 1
vn 0 0 1
vn 0 0 1
vn 0 0 1
vn 0 0 1
vn 0 0 1
vn 0 0 1
vn 0 0 1
vn 0 0 1
vn 0 0 1
vn 0 0 1
vn 0 0 1
vn 0 0 1
vn 0 0 1
vn 0 0 1
vn 0 0 1
vn 0 0 1
vn 0 0 1
vn 0 0 1
vn 0 0 1
vn 0 0 1
vn 0 0 1
vn 0 0 1
vn 0 0 1
vn 0 0 1
vn 0 0 1
vn 0 0 1
vn 0 0 1
vn 0 0 1
vn 0 0 1
vn 0 0 1
vn 0 0 1
vn 0 0 1
vn 0 0 1
vn 0 0 1
vn 0 0 1
vn 0 0 1
vn 0 0 1
vn 0 0 1
vn 0 0 1
vn 0 0 1
vn 0 0 1
vn 0 0 1
vn 0 0 1
vn 0 0 1
vn 0 0 1
vn 0 0 1
vn 0 0 1
vn 0 0 1
vn 0 0 1
vn 0 0 1
vn 0 0 1
vn 0 0 1
vn 0 0 1
vn 0 0 1
vn 0 0 1
vn 0 0 1
vn 0 0 -1
vn 0 0 -1
vn 0 0 -1
vn 0 0 -1
vn 0 0 -1
vn 0 0 -1
vn 0 0 -1
vn 0 0 -1
vn 0 0 -1
vn 0 0 -1
vn 0 0 -1
vn 0 0 -1
vn 0 0 -1
vn 0 0 -1
vn 0 0 -1
vn 0 0 -1
vn 0 0 -1
vn 0 0 -1
vn 0 0 -1
vn 0 0 -1
vn 0 0 -1
vn 0 0 -1
vn 0 0 -1
vn 0 0 -1
vn 0 0 -1
vn 0 0 -1
vn 0 0 -1
vn 0 0 -1
vn 0 0 -1
vn 0 0 -1
vn 0 0 -1
vn 0 0 -1
vn 0 0 -1
vn 0 0 -1
vn 0 0 -1
vn 0 0 -1
vn 0 0 -1
vn 0 0 -1
vn 0 0 -1
vn 0 0 -1
vn 0 0 -1
vn 0 0 -1
vn 0 0 -1
vn 0 0 -1
vn 0 0 -1
vn 0 0 -1
vn 0 0 -1
vn 0 0 -1
vn 0 0 -1
vn 0 0 -1
vn 0 0 -1
vn 0 0 -1
vn 0 0 -1
vn 0 0 -1
vn 0 0 -1
vn 0 0 -1
vn 0 0 -1
vn 0 0 -1
vn 0 0 -1
vn 0 0 -1
vn 0 0 -1
vn 0 0 -1
vn 0 0 -1
vn 0 0 -1
vn 0 0 -1
vn 0 0 -1
vn 0 0 -1
vn 0 0 -1
vn 0 0 -1
vn 0 0 -1
vn 0 0 -1
vn 0 0 -1
vn 0 0 -1
vn 0 0 -1
vn 0 0 -1
vn 0 0 -1
vn 0 0 -1
vn 0 0 -1
vn 0 0 -1
vn 0 0 -1
vt 0.4635273 0.7357489
vt 0.4635518 0.7375792
vt 0.46356 0.7381892
vt 0.4635355 0.7363589
vt 0.4635437 0.7369691
vt 0.4635273 0.7357489
vt 0.4635437 0.7369691
vt 0.4635518 0.7375792
vt 0.9340605 0.6949166
vt 0.9456517 0.6897555
vt 0.9507849 0.6777966
vt 0.9385522 0.6830887
vt 0.9217311 0.6991292
vt 0.9549708 0.6650937
vt 0.9254099 0.6874209
vt 0.9088177 0.7023411
vt 0.9422854 0.6701083
vt 0.9581568 0.6518041
vt 0.9115462 0.6907319
vt 0.8954819 0.7045126
vt 0.945188 0.6559989
vt 0.9603033 0.6380933
vt 0.9285099 0.6742268
vt 0.8971598 0.6929744
vt 0.8818906 0.7056168
vt 0.9471843 0.6408638
vt 0.9613833 0.6241318
vt 0.9138677 0.6773826
vt 0.9309565 0.6594557
vt 0.8824567 0.6941169
vt 0.8682137 0.7056168
vt 0.9482044 0.6249783
vt 0.9613833 0.610094
vt 0.8985961 0.6795251
vt 0.9157187 0.6621123
vt 0.9326631 0.6431552
vt 0.8676476 0.6941169
vt 0.8546224 0.7045125
vt 0.9482044 0.6088246
vt 0.9603033 0.5961554
vt 0.8829428 0.6806195
vt 0.8997486 0.6639211
vt 0.9170219 0.6449229
vt 0.9335441 0.6256852
vt 0.8529445 0.6929744
vt 0.8412867 0.7023411
vt 0.9471843 0.5929806
vt 0.9581569 0.582491
vt 0.8671616 0.6806195
vt 0.883334 0.6648497
vt 0.9005649 0.6461326
vt 0.9176993 0.6262381
vt 0.9335441 0.6077849
vt 0.9451881 0.5779256
vt 0.9549708 0.5692728
vt 0.9326631 0.5903709
vt 0.9176993 0.6069964
vt 0.9009909 0.6266258
vt 0.8836119 0.6467609
vt 0.9422854 0.5639313
vt 0.950785 0.5566673
vt 0.9309566 0.5741773
vt 0.9170219 0.5883781
vt 0.9009909 0.6064751
vt 0.9385523 0.5510982
vt 0.9456518 0.5448341
vt 0.9340606 0.539448
vt 0.92851 0.5595564
vt 0.92541 0.5465496
vt 0.9217311 0.5350611
vt 0.9157187 0.5713151
vt 0.9138677 0.5562208
vt 0.9115463 0.5430886
vt 0.9088178 0.5317303
vt 0.9005649 0.5870414
vt 0.8997487 0.5693915
vt 0.8985962 0.5539801
vt 0.8971599 0.5407664
vt 0.895482 0.5294989
vt 0.8824568 0.5396174
vt 0.8818907 0.5283957
vt 0.8829429 0.5528715
vt 0.8833341 0.568442
vt 0.8836119 0.586387
vt 0.8837572 0.6062316
vt 0.8676477 0.5396174
vt 0.8682138 0.5283957
vt 0.8671616 0.5528715
vt 0.8667704 0.568442
vt 0.8664926 0.586387
vt 0.8529446 0.5407664
vt 0.8546225 0.5294989
vt 0.8515083 0.5539801
vt 0.8503558 0.5693915
vt 0.8385582 0.5430885
vt 0.8412867 0.5317302
vt 0.8362368 0.5562208
vt 0.8246946 0.5465495
vt 0.8283734 0.535061
vt 0.8663473 0.6062316
vt 0.8495395 0.5870413
vt 0.8343858 0.571315
vt 0.8215945 0.5595564
vt 0.8115522 0.5510981
vt 0.816044 0.5394479
vt 0.7993195 0.5566671
vt 0.8044527 0.5448341
vt 0.7951337 0.5692726
vt 0.8078191 0.5639312
vt 0.7919476 0.5824909
vt 0.8049164 0.5779254
vt 0.7898011 0.5961553
vt 0.8191479 0.5741771
vt 0.8029202 0.5929804
vt 0.7887211 0.6100938
vt 0.8174413 0.5903708
vt 0.8019 0.6088244
vt 0.7887211 0.6241317
vt 0.8330825 0.588378
vt 0.8019 0.6249782
vt 0.7898011 0.6380932
vt 0.8165603 0.6077848
vt 0.8324051 0.6069963
vt 0.8029201 0.6408637
vt 0.7919475 0.6518041
vt 0.8165603 0.6256851
vt 0.8491135 0.606475
vt 0.8049164 0.6559989
vt 0.7951336 0.6650935
vt 0.8174413 0.6431551
vt 0.8324051 0.626238
vt 0.8491135 0.6266258
vt 0.807819 0.6701083
vt 0.7993194 0.6777965
vt 0.8191478 0.6594556
vt 0.8330825 0.6449229
vt 0.8663472 0.6268404
vt 0.8115522 0.6830886
vt 0.8044527 0.6897554
vt 0.8160439 0.6949165
vt 0.8215945 0.6742268
vt 0.8246945 0.6874208
vt 0.8283733 0.6991292
vt 0.8343858 0.6621122
vt 0.8495395 0.6461326
vt 0.8837572 0.6268404
vt 0.8664925 0.6467609
vt 0.8385581 0.6907318
vt 0.8503557 0.6639211
vt 0.8667703 0.6648496
vt 0.8515083 0.679525
vt 0.8362367 0.6773826
vt 0.6782688 0.950635
vt 0.68986 0.9454634
vt 0.6949933 0.9335232
vt 0.6827605 0.9388298
vt 0.6659394 0.9548553
vt 0.6991791 0.920837
vt 0.6696182 0.9431728
vt 0.653026 0.958072
vt 0.6864938 0.9258711
vt 0.7023652 0.9075621
vt 0.6557546 0.9464908
vt 0.6396903 0.9602455
vt 0.6893964 0.9117817
vt 0.7045116 0.893863
vt 0.6727183 0.9300042
vt 0.6413683 0.9487367
vt 0.626099 0.961349
vt 0.6913927 0.8966637
vt 0.7055917 0.87991
vt 0.6580761 0.9331698
vt 0.675165 0.9152575
vt 0.6266652 0.9498789
vt 0.6124221 0.9612964
vt 0.6924129 0.8807912
vt 0.7055917 0.865877
vt 0.6428046 0.9353173
vt 0.6599271 0.9179271
vt 0.6768715 0.8989786
vt 0.611856 0.949828
vt 0.5988308 0.960153
vt 0.6924129 0.8646446
vt 0.7045117 0.8519393
vt 0.6271513 0.9364121
vt 0.6439571 0.919743
vt 0.6612304 0.9007629
vt 0.6777526 0.8815254
vt 0.5971529 0.9486412
vt 0.585495 0.9579398
vt 0.6913927 0.8488011
vt 0.7023653 0.8382711
vt 0.61137 0.936364
vt 0.6275426 0.9206727
vt 0.6447734 0.9019819
vt 0.6619079 0.8820977
vt 0.6777526 0.8636345
vt 0.6893965 0.8337398
vt 0.6991792 0.825044
vt 0.6768715 0.8462211
vt 0.6619079 0.8628672
vt 0.6451994 0.8824967
vt 0.6278204 0.9026121
vt 0.6864938 0.8197328
vt 0.6949933 0.8124247
vt 0.6751651 0.8300192
vt 0.6612304 0.8442497
vt 0.6451994 0.8623583
vt 0.6827607 0.8068809
vt 0.68986 0.8005722
vt 0.6782688 0.7952063
vt 0.6727183 0.8153822
vt 0.6696184 0.8023525
vt 0.6659395 0.7908356
vt 0.6599272 0.827177
vt 0.6580762 0.8120641
vt 0.6557547 0.798906
vt 0.6530262 0.7875162
vt 0.6447734 0.8429255
vt 0.6439572 0.8252651
vt 0.6428046 0.8098333
vt 0.6413683 0.7965918
vt 0.6396904 0.7852906
vt 0.6266652 0.7954436
vt 0.6260991 0.7841874
vt 0.6271514 0.8087265
vt 0.6275426 0.8243183
vt 0.6278205 0.8422744
vt 0.6279657 0.8621181
vt 0.6118561 0.7954436
vt 0.6124222 0.7841874
vt 0.6113701 0.8087265
vt 0.6109789 0.8243178
vt 0.6107011 0.8422632
vt 0.597153 0.7965441
vt 0.5988309 0.7852563
vt 0.5957168 0.8097736
vt 0.5945643 0.8251945
vt 0.5827666 0.7987903
vt 0.5854951 0.7874162
vt 0.5804452 0.8119351
vt 0.5689029 0.8021715
vt 0.5725817 0.7906723
vt 0.6105558 0.8620965
vt 0.5937481 0.8428455
vt 0.5785943 0.8270373
vt 0.565803 0.815187
vt 0.5557606 0.8066388
vt 0.5602523 0.7949835
vt 0.5435278 0.8121275
vt 0.5486611 0.800295
vt 0.539342 0.8247326
vt 0.5520275 0.8194762
vt 0.5361559 0.8379505
vt 0.5491248 0.8334735
vt 0.5340095 0.8516147
vt 0.5633563 0.8298137
vt 0.5471286 0.8485297
vt 0.5329295 0.8655531
vt 0.5616499 0.8460092
vt 0.5461085 0.8643724
vt 0.5329295 0.8795909
vt 0.577291 0.8441021
vt 0.5461085 0.8805223
vt 0.5340095 0.8935525
vt 0.5607688 0.86342
vt 0.5766136 0.8627147
vt 0.5471286 0.8964018
vt 0.5361559 0.9072636
vt 0.5607688 0.8813118
vt 0.5933221 0.8622707
vt 0.5491248 0.9115296
vt 0.5393419 0.9205534
vt 0.5616498 0.8987692
vt 0.5766136 0.8819432
vt 0.593322 0.8824035
vt 0.5520274 0.9256313
vt 0.5435278 0.9332567
vt 0.5633563 0.9150548
vt 0.577291 0.9006089
vt 0.6105558 0.8826833
vt 0.5557605 0.9386041
vt 0.5486609 0.9452161
vt 0.5602522 0.9504251
vt 0.5658029 0.9298104
vt 0.5689029 0.9429896
vt 0.5725816 0.9546839
vt 0.5785942 0.9177762
vt 0.593748 0.9018853
vt 0.6279657 0.882714
vt 0.610701 0.9025739
vt 0.5827665 0.9463511
vt 0.5945642 0.9196452
vt 0.6109788 0.9206287
vt 0.5957167 0.93522
vt 0.5804452 0.9330238
vt 0.01485533 0.9684155
vt 0.01998856 0.9800045
vt 0.0315798 0.98514
vt 0.0262942 0.9729101
vt 0.01066949 0.9560879
vt 0.04390921 0.9893277
vt 0.02197187 0.9597701
vt 0.007483428 0.943176
vt 0.03886922 0.9766458
vt 0.05682256 0.9925151
vt 0.01867475 0.9459082
vt 0.005336972 0.9298412
vt 0.05255887 0.9795504
vt 0.07015832 0.9946625
vt 0.0347355 0.9628731
vt 0.01645009 0.931523
vt 0.004256982 0.9162503
vt 0.06726445 0.9815482
vt 0.08374964 0.995743
vt 0.03157512 0.9482331
vt 0.04905198 0.9653224
vt 0.01532973 0.9168206
vt 0.004256982 0.9025735
vt 0.08271967 0.9825691
vt 0.09742652 0.995743
vt 0.02943928 0.932963
vt 0.04636504 0.9500871
vt 0.0648788 0.9670308
vt 0.01532974 0.9020114
vt 0.005336964 0.8889816
vt 0.09845649 0.9825691
vt 0.1110178 0.9946625
vt 0.02836264 0.9173105
vt 0.04454641 0.9341189
vt 0.06304777 0.9513927
vt 0.08186948 0.9679129
vt 0.01645008 0.8873077
vt 0.007483402 0.8756449
vt 0.1139117 0.9815482
vt 0.1243536 0.9925151
vt 0.02836264 0.9015293
vt 0.04362883 0.9177051
vt 0.06180693 0.9349376
vt 0.0812163 0.9520713
vt 0.09930668 0.9679129
vt 0.1286173 0.9795504
vt 0.1372669 0.9893276
vt 0.1162973 0.9670308
vt 0.09995985 0.9520713
vt 0.08077335 0.935365
vt 0.06118042 0.9179856
vt 0.1423069 0.9766457
vt 0.1495964 0.98514
vt 0.1321242 0.9653223
vt 0.1181284 0.9513927
vt 0.1004028 0.935365
vt 0.154882 0.9729101
vt 0.1611876 0.9800045
vt 0.1663208 0.9684155
vt 0.1464406 0.9628731
vt 0.1592043 0.9597701
vt 0.1705066 0.9560879
vt 0.1348111 0.9500871
vt 0.149601 0.9482331
vt 0.1625014 0.9459082
vt 0.1736927 0.943176
vt 0.1193692 0.9349376
vt 0.1366297 0.9341188
vt 0.1517369 0.932963
vt 0.164726 0.931523
vt 0.1758392 0.9298412
vt 0.1658464 0.9168206
vt 0.1769191 0.9162503
vt 0.1528135 0.9173105
vt 0.1375473 0.9177051
vt 0.1199957 0.9179856
vt 0.1006265 0.9181324
vt 0.1658464 0.9020114
vt 0.1769191 0.9025735
vt 0.1528135 0.9015292
vt 0.1375473 0.9011414
vt 0.1199957 0.9008662
vt 0.164726 0.8873076
vt 0.1758392 0.8889816
vt 0.1517369 0.8858751
vt 0.1366297 0.8847259
vt 0.1625014 0.87292
vt 0.1736927 0.8756449
vt 0.149601 0.8706021
vt 0.1592043 0.8590546
vt 0.1705066 0.8627301
vt 0.1006265 0.9007224
vt 0.1193692 0.8839122
vt 0.1348111 0.8687541
vt 0.1464406 0.8559576
vt 0.1548819 0.84591
vt 0.1663208 0.8503988
vt 0.1495963 0.8336744
vt 0.1611876 0.8388053
vt 0.1372669 0.8294904
vt 0.1423069 0.8421793
vt 0.1243536 0.8263057
vt 0.1286173 0.8392787
vt 0.1110178 0.8241602
vt 0.1321242 0.8535135
vt 0.1139117 0.8372839
vt 0.09742648 0.8230807
vt 0.1162973 0.851809
vt 0.09845646 0.8362647
vt 0.08374961 0.8230807
vt 0.1181284 0.8674532
vt 0.08271964 0.8362646
vt 0.07015829 0.8241602
vt 0.09930665 0.850929
vt 0.09995984 0.866777
vt 0.06726442 0.8372839
vt 0.05682254 0.8263057
vt 0.08186945 0.850929
vt 0.1004028 0.8834876
vt 0.05255885 0.8392787
vt 0.04390918 0.8294904
vt 0.06487878 0.851809
vt 0.08121628 0.866777
vt 0.08077334 0.8834876
vt 0.03886919 0.8421793
vt 0.03157976 0.8336744
vt 0.04905197 0.8535136
vt 0.06304774 0.8674532
vt 0.08054961 0.9007224
vt 0.02629416 0.84591
vt 0.01998854 0.8388054
vt 0.01485531 0.8503989
vt 0.03473549 0.8559577
vt 0.02197185 0.8590546
vt 0.01066948 0.8627301
vt 0.04636502 0.8687541
vt 0.06180692 0.8839122
vt 0.08054961 0.9181324
vt 0.06118042 0.9008662
vt 0.01867474 0.87292
vt 0.0445464 0.8847259
vt 0.04362884 0.9011414
vt 0.02943928 0.8858752
vt 0.0315751 0.8706021
vt 0.859445 0.9504253
vt 0.8710362 0.9452162
vt 0.8761694 0.9332569
vt 0.8639367 0.9386042
vt 0.8471155 0.954684
vt 0.8803552 0.9205535
vt 0.8507944 0.9429897
vt 0.8342022 0.9579399
vt 0.8676698 0.9256314
vt 0.8835413 0.9072637
vt 0.8369307 0.9463512
vt 0.8208664 0.960153
vt 0.8705724 0.9115297
vt 0.8856878 0.8935527
vt 0.8538943 0.9298105
vt 0.8225443 0.9486413
vt 0.8072751 0.9612965
vt 0.8725687 0.8964019
vt 0.8867677 0.879591
vt 0.8392521 0.9330239
vt 0.8563409 0.9150549
vt 0.8078412 0.9498281
vt 0.7935982 0.9613491
vt 0.8735889 0.8805225
vt 0.8867677 0.8655533
vt 0.8239805 0.9352201
vt 0.841103 0.9177763
vt 0.8580474 0.8987693
vt 0.7930321 0.9498789
vt 0.7800069 0.9602455
vt 0.8735888 0.8643726
vt 0.8856878 0.8516148
vt 0.8083272 0.9363641
vt 0.825133 0.9196452
vt 0.8424063 0.900609
vt 0.8589285 0.881312
vt 0.778329 0.9487367
vt 0.7666711 0.958072
vt 0.8725687 0.8485298
vt 0.8835414 0.8379507
vt 0.792546 0.9364122
vt 0.8087184 0.9206288
vt 0.8259492 0.9018854
vt 0.8430837 0.8819433
vt 0.8589285 0.8634201
vt 0.8705725 0.8334736
vt 0.8803553 0.8247327
vt 0.8580475 0.8460093
vt 0.8430837 0.8627148
vt 0.8263752 0.8824036
vt 0.8089962 0.9025739
vt 0.8676699 0.8194764
vt 0.8761695 0.8121277
vt 0.856341 0.8298138
vt 0.8424063 0.8441023
vt 0.8263752 0.8622708
vt 0.8639368 0.806639
vt 0.8710364 0.8002951
vt 0.8594451 0.7949836
vt 0.8538944 0.8151871
vt 0.8507944 0.8021715
vt 0.8471156 0.7906724
vt 0.8411031 0.8270375
vt 0.8392521 0.8119352
vt 0.8369308 0.7987904
vt 0.8342023 0.7874163
vt 0.8259493 0.8428456
vt 0.8251331 0.8251945
vt 0.8239806 0.8097736
vt 0.8225443 0.7965442
vt 0.8208665 0.7852563
vt 0.8078412 0.7954437
vt 0.8072752 0.7841875
vt 0.8083273 0.8087266
vt 0.8087184 0.8243179
vt 0.8089963 0.8422632
vt 0.8091415 0.8620966
vt 0.7930321 0.7954437
vt 0.7935983 0.7841875
vt 0.792546 0.8087266
vt 0.7921547 0.8243183
vt 0.7918769 0.8422745
vt 0.778329 0.7965918
vt 0.780007 0.7852906
vt 0.7768927 0.8098333
vt 0.7757401 0.8252652
vt 0.7639426 0.798906
vt 0.7666712 0.7875162
vt 0.7616212 0.8120641
vt 0.750079 0.8023525
vt 0.7537579 0.7908356
vt 0.7917315 0.8621181
vt 0.7749239 0.8429255
vt 0.7597702 0.827177
vt 0.746979 0.8153822
vt 0.7369367 0.8068808
vt 0.7414285 0.7952063
vt 0.724704 0.8124246
vt 0.7298373 0.8005721
vt 0.7205182 0.825044
vt 0.7332035 0.8197327
vt 0.7173321 0.838271
vt 0.7303008 0.8337398
vt 0.7151856 0.8519392
vt 0.7445323 0.8300192
vt 0.7283046 0.8488011
vt 0.7141056 0.865877
vt 0.7428257 0.8462211
vt 0.7272844 0.8646445
vt 0.7141056 0.8799099
vt 0.7584669 0.8442497
vt 0.7272844 0.8807911
vt 0.7151856 0.8938629
vt 0.7419447 0.8636345
vt 0.7577894 0.8628672
vt 0.7283045 0.8966637
vt 0.717332 0.907562
vt 0.7419447 0.8815253
vt 0.7744979 0.8623583
vt 0.7303008 0.9117817
vt 0.7205181 0.920837
vt 0.7428257 0.8989786
vt 0.7577894 0.8820977
vt 0.7744979 0.8824967
vt 0.7332035 0.9258711
vt 0.724704 0.9335231
vt 0.7445322 0.9152574
vt 0.7584668 0.9007629
vt 0.7917315 0.882714
vt 0.7369366 0.9388297
vt 0.7298372 0.9454633
vt 0.7414284 0.950635
vt 0.7469789 0.9300042
vt 0.7500789 0.9431728
vt 0.7537578 0.9548553
vt 0.7597701 0.9179271
vt 0.7749239 0.9019819
vt 0.8091415 0.8826834
vt 0.7918769 0.9026121
vt 0.7639425 0.9464908
vt 0.7757401 0.919743
vt 0.7921547 0.9206728
vt 0.7768927 0.9353173
vt 0.7616211 0.9331699
vt 0.9403383 0.1706791
vt 0.9519295 0.1655036
vt 0.9570627 0.1535633
vt 0.94483 0.1588743
vt 0.9280089 0.1749031
vt 0.9612485 0.1408771
vt 0.9316877 0.1632216
vt 0.9150955 0.1781233
vt 0.9485632 0.1459162
vt 0.9644346 0.1276021
vt 0.917824 0.1665436
vt 0.9017597 0.1803001
vt 0.9514658 0.1318273
vt 0.966581 0.1139029
vt 0.9347876 0.1500541
vt 0.9034376 0.1687934
vt 0.8881684 0.1814069
vt 0.953462 0.1167098
vt 0.967661 0.09994993
vt 0.9201455 0.1532243
vt 0.9372343 0.1353085
vt 0.8887345 0.1699392
vt 0.8744915 0.1814069
vt 0.9544821 0.1008378
vt 0.967661 0.08591697
vt 0.9048738 0.1553761
vt 0.9219964 0.1379833
vt 0.9389408 0.1190308
vt 0.8739254 0.1699392
vt 0.8609002 0.1803002
vt 0.9544821 0.0846915
vt 0.966581 0.07197921
vt 0.8892206 0.156475
vt 0.9060264 0.139804
vt 0.9232997 0.1208207
vt 0.9398218 0.1015785
vt 0.8592223 0.1687934
vt 0.8475645 0.1781233
vt 0.953462 0.06884819
vt 0.9644346 0.0583111
vt 0.8734394 0.156475
vt 0.8896118 0.1407382
vt 0.9068426 0.1220451
vt 0.923977 0.1021571
vt 0.9398218 0.08368828
vt 0.9514657 0.05378681
vt 0.9612485 0.04508415
vt 0.9389408 0.06627521
vt 0.9239771 0.08292765
vt 0.9072686 0.1025619
vt 0.8898897 0.1226803
vt 0.9485631 0.03977959
vt 0.9570626 0.03246482
vt 0.9372342 0.05007319
vt 0.9232996 0.06431067
vt 0.9072686 0.08242499
vt 0.9448299 0.02692741
vt 0.9519294 0.02061247
vt 0.9403382 0.01525257
vt 0.9347876 0.03543582
vt 0.9316876 0.02240556
vt 0.9280087 0.01088791
vt 0.9219964 0.0472379
vt 0.9201453 0.03212447
vt 0.917824 0.01896545
vt 0.9150954 0.007574471
vt 0.9068426 0.06299295
vt 0.9060264 0.04533252
vt 0.9048738 0.02990009
vt 0.9034376 0.01665737
vt 0.9017596 0.005354711
vt 0.8887345 0.01551496
vt 0.8881683 0.00425698
vt 0.8892205 0.02879923
vt 0.8896117 0.04439165
vt 0.8898896 0.06234773
vt 0.8900349 0.08219044
vt 0.8739253 0.01551499
vt 0.8744915 0.004256996
vt 0.8734393 0.02879925
vt 0.8730481 0.04439166
vt 0.8727702 0.06234774
vt 0.8592222 0.0166574
vt 0.8609001 0.005354744
vt 0.857786 0.02990012
vt 0.8566334 0.04533255
vt 0.8448358 0.01896549
vt 0.8475643 0.007574495
vt 0.8425144 0.0321245
vt 0.8309722 0.02240564
vt 0.834651 0.01088796
vt 0.8726249 0.08219045
vt 0.8558172 0.06299298
vt 0.8406634 0.04723794
vt 0.8278722 0.03543589
vt 0.8178298 0.02692752
vt 0.8223216 0.01525264
vt 0.8055971 0.03246493
vt 0.8107303 0.02061256
vt 0.8014113 0.04508425
vt 0.8140967 0.03977967
vt 0.7982252 0.0583112
vt 0.8111941 0.0537869
vt 0.7960788 0.07197931
vt 0.8254255 0.05007325
vt 0.8091978 0.06884828
vt 0.7949988 0.08591708
vt 0.823719 0.06627528
vt 0.8081778 0.0846916
vt 0.7949988 0.09995005
vt 0.8393602 0.06431072
vt 0.8081777 0.1008379
vt 0.7960789 0.113903
vt 0.822838 0.08368836
vt 0.8386828 0.0829277
vt 0.8091978 0.1167099
vt 0.7982253 0.1276022
vt 0.822838 0.1015786
vt 0.8553913 0.08242502
vt 0.8111941 0.1318274
vt 0.8014114 0.1408772
vt 0.8237191 0.1190308
vt 0.8386828 0.1021572
vt 0.8553912 0.1025619
vt 0.8140968 0.1459163
vt 0.8055972 0.1535635
vt 0.8254256 0.1353085
vt 0.8393602 0.1208208
vt 0.8726249 0.1027846
vt 0.8178299 0.1588744
vt 0.8107305 0.1655037
vt 0.8223217 0.1706792
vt 0.8278723 0.1500541
vt 0.8309723 0.1632216
vt 0.8346511 0.1749031
vt 0.8406635 0.1379834
vt 0.8558173 0.1220451
vt 0.8900349 0.1027846
vt 0.8727702 0.1226803
vt 0.8448359 0.1665436
vt 0.8566335 0.1398041
vt 0.8730481 0.1407383
vt 0.8577861 0.1553761
vt 0.8425145 0.1532244
vt 0.8055972 0.3352651
vt 0.8107305 0.3468587
vt 0.8223217 0.3519896
vt 0.8170361 0.339754
vt 0.8014114 0.3229338
vt 0.8346511 0.3561735
vt 0.8127138 0.3266093
vt 0.7982253 0.310019
vt 0.8296111 0.3434846
vt 0.8475645 0.3593582
vt 0.8094167 0.3127438
vt 0.7960789 0.2966824
vt 0.8433008 0.3463851
vt 0.8609002 0.3615036
vt 0.8254774 0.3297062
vt 0.807192 0.2983562
vt 0.7949989 0.2830906
vt 0.8580064 0.3483799
vt 0.8744916 0.3625831
vt 0.822317 0.3150617
vt 0.8397939 0.3321502
vt 0.8060716 0.2836525
vt 0.7949988 0.2694137
vt 0.8734616 0.3493991
vt 0.8881685 0.3625831
vt 0.8201812 0.2997887
vt 0.8371069 0.3169096
vt 0.8556207 0.3338547
vt 0.8060716 0.2688434
vt 0.7960788 0.2558228
vt 0.8891984 0.3493991
vt 0.9017597 0.3615036
vt 0.8191045 0.2841346
vt 0.8352883 0.3009378
vt 0.8537897 0.3182105
vt 0.8726114 0.3347346
vt 0.807192 0.2541409
vt 0.7982252 0.242488
vt 0.9046536 0.3483798
vt 0.9150955 0.3593581
vt 0.8191045 0.2683534
vt 0.8343707 0.2845223
vt 0.8525488 0.3017515
vt 0.8719582 0.3188866
vt 0.8900486 0.3347346
vt 0.9193592 0.346385
vt 0.9280089 0.3561734
vt 0.9070392 0.3338547
vt 0.8907018 0.3188866
vt 0.8715152 0.302176
vt 0.8519223 0.2847975
vt 0.9330488 0.3434845
vt 0.9403383 0.3519894
vt 0.922866 0.3321501
vt 0.9088703 0.3182105
vt 0.8911447 0.302176
vt 0.9456239 0.3397539
vt 0.9519295 0.3468585
vt 0.9570627 0.335265
vt 0.9371825 0.329706
vt 0.9499462 0.3266092
vt 0.9612485 0.3229337
vt 0.925553 0.3169096
vt 0.9403429 0.3150616
vt 0.9532433 0.3127437
vt 0.9644346 0.3100189
vt 0.9101111 0.3017514
vt 0.9273716 0.3009377
vt 0.9424787 0.2997885
vt 0.9554679 0.2983561
vt 0.966581 0.2966822
vt 0.9565883 0.2836524
vt 0.967661 0.2830904
vt 0.9435554 0.2841345
vt 0.9282892 0.2845222
vt 0.9107376 0.2847974
vt 0.8913684 0.2849412
vt 0.9565882 0.2688433
vt 0.967661 0.2694135
vt 0.9435554 0.2683533
vt 0.9282892 0.2679586
vt 0.9107376 0.267678
vt 0.9554679 0.2541407
vt 0.966581 0.2558227
vt 0.9424787 0.2527007
vt 0.9273716 0.2515448
vt 0.9532432 0.2397555
vt 0.9644345 0.2424879
vt 0.9403428 0.2374306
vt 0.9499461 0.2258937
vt 0.9612485 0.2295759
vt 0.8913684 0.2675312
vt 0.9101111 0.250726
vt 0.9255529 0.2355766
vt 0.9371824 0.2227906
vt 0.9456238 0.2127537
vt 0.9570626 0.2172484
vt 0.9403381 0.2005239
vt 0.9519294 0.2056594
vt 0.9280087 0.1963362
vt 0.9330487 0.209018
vt 0.9150954 0.1931487
vt 0.9193591 0.2061133
vt 0.9017596 0.1910013
vt 0.922866 0.2203413
vt 0.9046535 0.2041155
vt 0.8881683 0.1899208
vt 0.9070392 0.2186328
vt 0.8891983 0.2030947
vt 0.8744914 0.1899208
vt 0.9088702 0.234271
vt 0.8734614 0.2030947
vt 0.8609001 0.1910013
vt 0.8900485 0.2177508
vt 0.8907017 0.2335923
vt 0.8580062 0.2041156
vt 0.8475643 0.1931487
vt 0.8726113 0.2177507
vt 0.8911446 0.2502986
vt 0.8433006 0.2061134
vt 0.834651 0.1963363
vt 0.8556206 0.2186329
vt 0.8719581 0.2335923
vt 0.8715152 0.2502986
vt 0.829611 0.2090181
vt 0.8223216 0.200524
vt 0.8397938 0.2203414
vt 0.8537896 0.234271
vt 0.8712915 0.2675312
vt 0.817036 0.2127538
vt 0.8107303 0.2056595
vt 0.8055971 0.2172485
vt 0.8254773 0.2227907
vt 0.8127137 0.2258938
vt 0.8014113 0.229576
vt 0.8371069 0.2355767
vt 0.8525488 0.2507261
vt 0.8712915 0.2849412
vt 0.8519223 0.2676781
vt 0.8094166 0.2397556
vt 0.8352882 0.2515449
vt 0.8343707 0.2679586
vt 0.8201811 0.2527008
vt 0.8223169 0.2374307
vt 0.969909 0.6014131
vt 0.9698997 0.6062539
vt 0.9698973 0.6111025
vt 0.9699253 0.5965841
vt 0.9699019 0.615955
vt 0.9734548 0.5965841
vt 0.9735245 0.5776902
vt 0.9734315 0.615955
vt 0.9699949 0.5776902
vt 0.9736387 0.5597385
vt 0.9699323 0.5918276
vt 0.9699671 0.5823768
vt 0.9699463 0.5870906
vt 0.9701091 0.5597385
vt 0.9737945 0.543171
vt 0.9700132 0.5731468
vt 0.9700703 0.5641673
vt 0.9700383 0.5686379
vt 0.970265 0.543171
vt 0.9739882 0.5283957
vt 0.9701379 0.5555201
vt 0.9704587 0.5283957
vt 0.9702159 0.547233
vt 0.9701735 0.5513504
vt 0.9703035 0.5393814
vt 0.9704003 0.5319908
vt 0.9703486 0.5356537
vt 0.9507844 0.7877825
vt 0.9507257 0.7841874
vt 0.9471962 0.7841874
vt 0.9508365 0.7914455
vt 0.950882 0.7951732
vt 0.9509208 0.7989628
vt 0.9473912 0.7989628
vt 0.9509701 0.8030248
vt 0.9510127 0.8071423
vt 0.9510486 0.8113118
vt 0.9510776 0.8155303
vt 0.9475481 0.8155303
vt 0.9511166 0.8199591
vt 0.9511488 0.8244298
vt 0.9511741 0.8289386
vt 0.9511925 0.833482
vt 0.9476629 0.833482
vt 0.9512205 0.8381687
vt 0.9512414 0.8428824
vt 0.9512555 0.8476195
vt 0.9512626 0.852376
vt 0.947733 0.852376
vt 0.951279 0.857205
vt 0.9512883 0.8620458
vt 0.9512907 0.8668944
vt 0.9512862 0.8717468
vt 0.9477566 0.8717468
vt 0.9512907 0.8765994
vt 0.9512883 0.881448
vt 0.951279 0.8862887
vt 0.9512626 0.8911178
vt 0.947733 0.8911178
vt 0.9512555 0.8958743
vt 0.9512414 0.9006113
vt 0.9512205 0.905325
vt 0.9511925 0.9100116
vt 0.9476629 0.9100116
vt 0.9511741 0.914555
vt 0.9511488 0.9190639
vt 0.9511166 0.9235345
vt 0.9510776 0.9279633
vt 0.9475481 0.9279633
vt 0.9510486 0.9321817
vt 0.9510127 0.9363513
vt 0.9509701 0.9404688
vt 0.9509208 0.9445307
vt 0.9473912 0.9445307
vt 0.950882 0.9483203
vt 0.9508365 0.952048
vt 0.9507844 0.9557109
vt 0.9507257 0.9593059
vt 0.9471962 0.9593059
vt 0.5195202 0.9106912
vt 0.5230498 0.9106912
vt 0.5228545 0.8959159
vt 0.519325 0.8959159
vt 0.5226974 0.8793485
vt 0.5194615 0.9070961
vt 0.5193638 0.8997055
vt 0.5194094 0.9034332
vt 0.5191679 0.8793485
vt 0.5225824 0.8613968
vt 0.5192756 0.891854
vt 0.519197 0.8835669
vt 0.5192329 0.8877365
vt 0.5190529 0.8613968
vt 0.5225122 0.8425029
vt 0.5191289 0.8749197
vt 0.5190713 0.8659402
vt 0.5190966 0.870449
vt 0.5189826 0.8425029
vt 0.5224887 0.823132
vt 0.5190249 0.8567101
vt 0.5189898 0.8472594
vt 0.5190039 0.8519964
vt 0.5189591 0.823132
vt 0.5225122 0.8037611
vt 0.5189663 0.8376738
vt 0.5189545 0.8279845
vt 0.5189569 0.8328331
vt 0.5189826 0.8037611
vt 0.5225824 0.7848672
vt 0.5189545 0.8182794
vt 0.5189663 0.8085901
vt 0.5189569 0.8134308
vt 0.5190529 0.7848672
vt 0.5226974 0.7669154
vt 0.5189898 0.7990046
vt 0.5190249 0.7895538
vt 0.5190039 0.7942675
vt 0.5191679 0.7669154
vt 0.5228545 0.750348
vt 0.5190713 0.7803238
vt 0.5191289 0.7713443
vt 0.5190967 0.775815
vt 0.519325 0.750348
vt 0.5230498 0.7355727
vt 0.519197 0.762697
vt 0.5195202 0.7355727
vt 0.5192756 0.75441
vt 0.5192329 0.7585275
vt 0.5193639 0.7465584
vt 0.5194615 0.7391678
vt 0.5194094 0.7428308
vt 0.9633929 0.7877824
vt 0.9633343 0.7841874
vt 0.9598047 0.7841874
vt 0.9599997 0.7989626
vt 0.963445 0.7914453
vt 0.9634904 0.795173
vt 0.9635293 0.7989626
vt 0.9635786 0.8030245
vt 0.9601566 0.81553
vt 0.9636212 0.807142
vt 0.9636571 0.8113116
vt 0.9636861 0.81553
vt 0.9637251 0.8199588
vt 0.9602715 0.8334817
vt 0.9637573 0.8244295
vt 0.9637826 0.8289382
vt 0.963801 0.8334817
vt 0.963829 0.8381683
vt 0.9603416 0.8523756
vt 0.96385 0.842882
vt 0.963864 0.8476191
vt 0.9638711 0.8523756
vt 0.9638875 0.8572046
vt 0.9603651 0.8717464
vt 0.9638969 0.8620453
vt 0.9638993 0.8668939
vt 0.9638947 0.8717464
vt 0.9638993 0.876599
vt 0.9603416 0.8911173
vt 0.9638969 0.8814476
vt 0.9638875 0.8862883
vt 0.9638711 0.8911173
vt 0.963864 0.8958738
vt 0.9602715 0.9100113
vt 0.96385 0.9006109
vt 0.963829 0.9053246
vt 0.963801 0.9100113
vt 0.9637826 0.9145547
vt 0.9601566 0.927963
vt 0.9637573 0.9190635
vt 0.9637251 0.9235342
vt 0.9636862 0.927963
vt 0.9636571 0.9321814
vt 0.9599997 0.9445305
vt 0.9636212 0.9363511
vt 0.9635786 0.9404685
vt 0.9635293 0.9445305
vt 0.9634904 0.9483201
vt 0.9598047 0.9593059
vt 0.963445 0.9520478
vt 0.9633929 0.9557108
vt 0.9633343 0.9593059
vt 0.9704587 0.7035142
vt 0.9739882 0.7035142
vt 0.9737945 0.6887389
vt 0.9702649 0.6887389
vt 0.9736387 0.6721715
vt 0.9704003 0.6999191
vt 0.9703034 0.6925285
vt 0.9703486 0.6962562
vt 0.9701091 0.6721715
vt 0.9735245 0.6542198
vt 0.9702159 0.684677
vt 0.9701379 0.6763899
vt 0.9701735 0.6805595
vt 0.9699949 0.6542198
vt 0.9734548 0.6353258
vt 0.9700702 0.6677427
vt 0.9700132 0.6587632
vt 0.9700383 0.663272
vt 0.9699253 0.6353258
vt 0.9699671 0.6495332
vt 0.9699323 0.6400824
vt 0.9699463 0.6448194
vt 0.969909 0.6304969
vt 0.9698973 0.6208075
vt 0.9698997 0.6256561
vt 0.7115678 0.5412952
vt 0.7071932 0.5391783
vt 0.7027777 0.5371524
vt 0.715898 0.5435016
vt 0.7201803 0.5457955
vt 0.7017858 0.5396183
vt 0.7188233 0.548075
vt 0.7282141 0.5512624
vt 0.7242246 0.5484871
vt 0.7321459 0.554119
vt 0.7360166 0.5570546
vt 0.7172123 0.550788
vt 0.700606 0.5425513
vt 0.7343345 0.5590865
vt 0.73959 0.5603458
vt 0.7430963 0.5637109
vt 0.7465328 0.5671474
vt 0.7323391 0.5615076
vt 0.7498966 0.5706524
vt 0.7303345 0.5639105
vt 0.7155972 0.5534893
vt 0.6994293 0.5454769
vt 0.7479399 0.572385
vt 0.7529112 0.5744621
vt 0.7558479 0.5783343
vt 0.704042 0.5501607
vt 0.702176 0.5494151
vt 0.7003034 0.5486869
vt 0.7058898 0.550949
vt 0.6984345 0.5479502
vt 0.7079951 0.5521086
vt 0.696576 0.5471876
vt 0.7100736 0.553317
vt 0.7121406 0.5545443
vt 0.7142129 0.5557618
vt 0.6947207 0.5464163
vt 0.7156156 0.55656
vt 0.7170222 0.5573519
vt 0.7184216 0.5581568
vt 0.7198016 0.5589936
vt 0.7220381 0.5606775
vt 0.7242358 0.5624132
vt 0.726417 0.5641689
vt 0.7286059 0.5659141
vt 0.7295678 0.5666595
vt 0.7305334 0.5674005
vt 0.7314921 0.5681505
vt 0.732433 0.5689223
vt 0.7456196 0.5744533
vt 0.7346903 0.5711884
vt 0.7368953 0.5735068
vt 0.7587045 0.5822661
vt 0.7432871 0.5764951
vt 0.7614785 0.5862542
vt 0.7390785 0.5758453
vt 0.741272 0.5781732
vt 0.74184 0.5787594
vt 0.7424109 0.5793432
vt 0.7429764 0.5799323
vt 0.7435279 0.5805342
vt 0.759306 0.5876471
vt 0.745683 0.5834204
vt 0.76386 0.5904885
vt 0.7567296 0.5893149
vt 0.7477712 0.5863565
vt 0.7661548 0.5947725
vt 0.7541409 0.5909473
vt 0.7498319 0.5893115
vt 0.7519059 0.5922564
vt 0.7683612 0.5991027
vt 0.7521473 0.5925891
vt 0.7523901 0.5929207
vt 0.7526299 0.5932547
vt 0.7528619 0.593594
vt 0.7543688 0.5963581
vt 0.7704773 0.6034756
vt 0.7558117 0.5991572
vt 0.7681328 0.6044751
vt 0.7572284 0.6019691
vt 0.772167 0.6080303
vt 0.765351 0.6056609
vt 0.7586579 0.604774
vt 0.7625825 0.6068411
vt 0.759025 0.605496
vt 0.7593923 0.6062179
vt 0.7597594 0.6069399
vt 0.7601266 0.6076618
vt 0.7601513 0.6077079
vt 0.7601764 0.6077536
vt 0.7602012 0.6077996
vt 0.7602248 0.6078463
vt 0.7737634 0.6126206
vt 0.7605226 0.6086553
vt 0.7608039 0.6094705
vt 0.7610785 0.610288
vt 0.7613564 0.6111041
vt 0.7752652 0.6172426
vt 0.7623902 0.6140776
vt 0.7766712 0.6218928
vt 0.763438 0.6170468
vt 0.7741618 0.6224957
vt 0.7644584 0.620026
vt 0.7776276 0.6266557
vt 0.7711746 0.6231996
vt 0.7682043 0.6239371
vt 0.7654092 0.6230271
vt 0.7654933 0.6234295
vt 0.7655682 0.6238337
vt 0.7656393 0.6242386
vt 0.7657123 0.6246431
vt 0.7784863 0.6314392
vt 0.7664008 0.6281785
vt 0.7792466 0.6362393
vt 0.7671059 0.6317115
vt 0.7677783 0.6352512
vt 0.7799078 0.6410521
vt 0.7773028 0.641264
vt 0.7683684 0.6388045
vt 0.7711157 0.641775
vt 0.7801073 0.645906
vt 0.7742039 0.641506
vt 0.7684207 0.6396192
vt 0.7684541 0.6404351
vt 0.7684801 0.6412512
vt 0.7685097 0.642067
vt 0.7686703 0.6452615
vt 0.7802071 0.6507649
vt 0.7688457 0.6484559
vt 0.7802071 0.6556248
vt 0.7689916 0.651652
vt 0.7690635 0.6548498
vt 0.7801073 0.6604819
vt 0.7689688 0.656063
vt 0.7774765 0.6602885
vt 0.7688461 0.6572741
vt 0.774348 0.6600516
vt 0.7687122 0.6584838
vt 0.7712264 0.6598341
vt 0.7685839 0.6596939
vt 0.7795451 0.6653072
vt 0.7683274 0.6624817
vt 0.7680838 0.6652711
vt 0.7788835 0.6701219
vt 0.7678142 0.6680585
vt 0.7781233 0.674922
vt 0.7674806 0.6708381
vt 0.7671286 0.6724132
vt 0.7667404 0.6739801
vt 0.7772649 0.6797036
vt 0.7663377 0.6755433
vt 0.7746806 0.6791042
vt 0.7716076 0.6783879
vt 0.7685404 0.6776827
vt 0.7659423 0.677108
vt 0.7653859 0.6794462
vt 0.7759547 0.6843817
vt 0.7648401 0.6817873
vt 0.7642726 0.6841236
vt 0.7745482 0.6890336
vt 0.7636515 0.6864455
vt 0.7629408 0.6883245
vt 0.7730464 0.6936556
vt 0.7621866 0.690187
vt 0.7614153 0.6920424
vt 0.763126 0.6948957
vt 0.7606527 0.6939008
vt 0.7660516 0.6960725
vt 0.7689846 0.6972522
vt 0.7714505 0.6982441
vt 0.759916 0.6957697
vt 0.7591878 0.6976423
vt 0.7694247 0.7026595
vt 0.7584422 0.6995084
vt 0.757654 0.7013562
vt 0.7673077 0.7070342
vt 0.7564943 0.7034614
vt 0.755286 0.7055399
vt 0.7651014 0.7113644
vt 0.7540586 0.707607
vt 0.7528411 0.7096792
vt 0.7551135 0.7110636
vt 0.7520429 0.7110819
vt 0.7578148 0.7126787
vt 0.7605278 0.7142897
vt 0.7628074 0.7156467
vt 0.751251 0.7124885
vt 0.7504461 0.7138879
vt 0.7496094 0.715268
vt 0.7601157 0.7196909
vt 0.7479254 0.7175045
vt 0.7573405 0.7236805
vt 0.7461898 0.7197021
vt 0.7444341 0.7218834
vt 0.7544839 0.7276123
vt 0.7426888 0.7240723
vt 0.7446924 0.7258008
vt 0.7419435 0.7250342
vt 0.7470952 0.7278055
vt 0.7412024 0.7259997
vt 0.7495163 0.7298008
vt 0.7404523 0.7269585
vt 0.7515483 0.731483
vt 0.7396806 0.7278993
vt 0.7374144 0.7301567
vt 0.7482572 0.7350563
vt 0.735096 0.7323616
vt 0.7448919 0.7385627
vt 0.7327576 0.7345448
vt 0.7304298 0.7367383
vt 0.7414555 0.7419991
vt 0.7321078 0.7387535
vt 0.7298435 0.7373064
vt 0.7292597 0.7378772
vt 0.7286706 0.7384427
vt 0.7341495 0.741086
vt 0.7280687 0.7389943
vt 0.7362178 0.7434064
vt 0.7379504 0.745363
vt 0.7251825 0.7411493
vt 0.7222464 0.7432376
vt 0.7341408 0.7483775
vt 0.7192914 0.7452983
vt 0.7302686 0.7513143
vt 0.7163465 0.7473723
vt 0.7176555 0.7496072
vt 0.7263368 0.7541708
vt 0.7156821 0.7478564
vt 0.7160138 0.7476135
vt 0.7153482 0.7480963
vt 0.7150089 0.7483283
vt 0.7192879 0.752196
vt 0.7122448 0.7498351
vt 0.7209557 0.7547724
vt 0.7094458 0.751278
vt 0.7223487 0.756945
vt 0.7066338 0.7526947
vt 0.7181144 0.7593264
vt 0.703829 0.7541242
vt 0.703107 0.7544914
vt 0.702385 0.7548586
vt 0.7016631 0.7552258
vt 0.7009411 0.7555929
vt 0.7008951 0.7556176
vt 0.7008492 0.7556428
vt 0.7008033 0.7556676
vt 0.7007567 0.7556911
vt 0.7138305 0.7616212
vt 0.7017617 0.7580488
vt 0.6999475 0.755989
vt 0.6991323 0.7562703
vt 0.6983149 0.7565448
vt 0.6974987 0.7568228
vt 0.7029419 0.7608173
vt 0.7095003 0.7638276
vt 0.6945253 0.7578565
vt 0.7041278 0.7635992
vt 0.7051273 0.7659436
vt 0.691556 0.7589044
vt 0.6885769 0.7599248
vt 0.6855758 0.7608755
vt 0.6851735 0.7609597
vt 0.6847692 0.7610346
vt 0.6843643 0.7611057
vt 0.7005726 0.7676334
vt 0.6839598 0.7611786
vt 0.6846658 0.7636707
vt 0.6804244 0.7618672
vt 0.6959823 0.7692298
vt 0.6768914 0.7625722
vt 0.6854032 0.766641
vt 0.6913603 0.7707316
vt 0.6861072 0.7696282
vt 0.6867101 0.7721376
vt 0.6733517 0.7632446
vt 0.6697984 0.7638347
vt 0.6689837 0.763887
vt 0.6681678 0.7639205
vt 0.6673517 0.7639464
vt 0.6665359 0.7639761
vt 0.6668279 0.7665821
vt 0.6633414 0.7641367
vt 0.6601471 0.7643121
vt 0.6819472 0.773094
vt 0.6569509 0.7644579
vt 0.6670969 0.7696703
vt 0.6771637 0.7739527
vt 0.6537531 0.7645299
vt 0.6525399 0.7644352
vt 0.6513289 0.7643124
vt 0.6501191 0.7641786
vt 0.6723636 0.7747129
vt 0.648909 0.7640502
vt 0.6673388 0.7727692
vt 0.6675508 0.7753741
vt 0.6487687 0.7666928
vt 0.6433318 0.7635501
vt 0.6405445 0.7632806
vt 0.6461213 0.7637938
vt 0.6377649 0.7629469
vt 0.6361898 0.7625951
vt 0.6346228 0.7622068
vt 0.6330596 0.7618041
vt 0.6314949 0.7614087
vt 0.6485512 0.7698144
vt 0.6626969 0.7755737
vt 0.657838 0.7756734
vt 0.6483144 0.7729429
vt 0.6529781 0.7756734
vt 0.6481211 0.7755737
vt 0.6309201 0.7640069
vt 0.6268156 0.7603064
vt 0.6244793 0.759739
vt 0.6291568 0.7608522
vt 0.6221574 0.7591179
vt 0.6202784 0.7584071
vt 0.6184159 0.7576529
vt 0.6302149 0.767074
vt 0.6432956 0.7750114
vt 0.614702 0.7561191
vt 0.6165606 0.7568817
vt 0.6294986 0.770147
vt 0.638481 0.7743499
vt 0.6336809 0.7735897
vt 0.6288993 0.7727312
vt 0.6137072 0.7585924
vt 0.6113507 0.764451
vt 0.6242213 0.7714211
vt 0.6195694 0.7700145
vt 0.6149473 0.7685127
vt 0.6103588 0.7669169
vt 0.6059434 0.764891
vt 0.6015688 0.7627741
vt 0.5972385 0.7605677
vt 0.5929562 0.7582738
vt 0.6125304 0.761518
vt 0.5943131 0.7559942
vt 0.588912 0.7555821
vt 0.5849224 0.7528069
vt 0.5809907 0.7499503
vt 0.5959242 0.7532812
vt 0.5771199 0.7470146
vt 0.5975392 0.7505799
vt 0.6109605 0.7546542
vt 0.6090946 0.7539086
vt 0.6128332 0.7553824
vt 0.6072468 0.7531203
vt 0.6051415 0.7519606
vt 0.603063 0.7507523
vt 0.578802 0.7449827
vt 0.5735466 0.7437235
vt 0.5700402 0.7403583
vt 0.5807974 0.7425616
vt 0.5666037 0.7369218
vt 0.5632399 0.7334169
vt 0.5989237 0.7483075
vt 0.600996 0.749525
vt 0.5828021 0.7401588
vt 0.597521 0.7475092
vt 0.5961144 0.7467174
vt 0.594715 0.7459125
vt 0.5933349 0.7450757
vt 0.5910984 0.7433918
vt 0.5889008 0.7416561
vt 0.5651966 0.7316842
vt 0.5602254 0.7296072
vt 0.5845307 0.7381552
vt 0.5867196 0.7399004
vt 0.5675169 0.7296159
vt 0.5572886 0.7257349
vt 0.5835688 0.7374098
vt 0.5826032 0.7366688
vt 0.5816445 0.7359188
vt 0.5807036 0.7351469
vt 0.5544321 0.7218032
vt 0.5784463 0.7328808
vt 0.5698494 0.7275742
vt 0.5762413 0.7305624
vt 0.5740581 0.728224
vt 0.551658 0.7178151
vt 0.5718645 0.7258961
vt 0.5538304 0.7164221
vt 0.5712965 0.7253098
vt 0.5707257 0.7247261
vt 0.5701602 0.7241369
vt 0.5696086 0.7235351
vt 0.5492765 0.7135808
vt 0.5674536 0.7206489
vt 0.5564069 0.7147543
vt 0.5469817 0.7092968
vt 0.5653654 0.7177128
vt 0.5589957 0.713122
vt 0.5633046 0.7147577
vt 0.5612307 0.7118129
vt 0.5447754 0.7049666
vt 0.5609893 0.7114802
vt 0.5426593 0.7005937
vt 0.5607464 0.7111485
vt 0.5605066 0.7108146
vt 0.5602747 0.7104753
vt 0.5587677 0.7077112
vt 0.5573249 0.7049122
vt 0.5450037 0.6995942
vt 0.5559081 0.7021002
vt 0.5409695 0.696039
vt 0.5477855 0.6984083
vt 0.5544788 0.6992953
vt 0.5393731 0.6914487
vt 0.550554 0.6972281
vt 0.5541115 0.6985734
vt 0.5529118 0.696223
vt 0.5378713 0.6868266
vt 0.5529354 0.6962696
vt 0.5537444 0.6978514
vt 0.5533772 0.6971294
vt 0.5529602 0.6963156
vt 0.5530099 0.6964074
vt 0.5529853 0.6963614
vt 0.5526139 0.6954139
vt 0.5523326 0.6945987
vt 0.552058 0.6937813
vt 0.5517802 0.6929651
vt 0.5507464 0.6899917
vt 0.5364653 0.6821765
vt 0.5496985 0.6870224
vt 0.5389746 0.6815736
vt 0.5486782 0.6840433
vt 0.5355089 0.6774136
vt 0.5419619 0.6808696
vt 0.5477273 0.6810421
vt 0.5449322 0.6801322
vt 0.5476432 0.6806398
vt 0.5475683 0.6802356
vt 0.5346503 0.6726301
vt 0.5474243 0.6794262
vt 0.5474972 0.6798307
vt 0.5467358 0.6758907
vt 0.53389 0.66783
vt 0.5460307 0.6723577
vt 0.5332288 0.6630172
vt 0.5453583 0.6688181
vt 0.5447682 0.6652648
vt 0.5358337 0.6628052
vt 0.5330293 0.6581632
vt 0.5389326 0.6625633
vt 0.5447159 0.66445
vt 0.5420207 0.6622942
vt 0.5446824 0.6636342
vt 0.5446565 0.6628181
vt 0.5446268 0.6620023
vt 0.5329294 0.6533043
vt 0.5444663 0.6588078
vt 0.5442908 0.6556134
vt 0.5329294 0.6484444
vt 0.5441449 0.6524173
vt 0.5330293 0.6435874
vt 0.544073 0.6492195
vt 0.5441677 0.6480063
vt 0.53566 0.6437808
vt 0.5442904 0.6467952
vt 0.5335915 0.6387621
vt 0.5387884 0.6440176
vt 0.5444244 0.6455855
vt 0.5419101 0.6442351
vt 0.5445526 0.6443754
vt 0.5448092 0.6415876
vt 0.534253 0.6339474
vt 0.5450528 0.6387982
vt 0.5453223 0.6360108
vt 0.5350133 0.6291473
vt 0.545656 0.6332312
vt 0.5358717 0.6243657
vt 0.5460079 0.6316561
vt 0.5463961 0.6300892
vt 0.5467988 0.628526
vt 0.5384558 0.624965
vt 0.5371819 0.6196876
vt 0.5415288 0.6256813
vt 0.544596 0.6263865
vt 0.5471942 0.6269613
vt 0.5477507 0.6246231
vt 0.5482965 0.6222819
vt 0.5385884 0.6150357
vt 0.5488639 0.6199456
vt 0.549485 0.6176237
vt 0.5400902 0.6104137
vt 0.5501958 0.6157448
vt 0.55095 0.6138822
vt 0.541686 0.6058252
vt 0.5517213 0.6120269
vt 0.5470849 0.6079968
vt 0.5500104 0.6091736
vt 0.5524838 0.6101685
vt 0.5441519 0.6068171
vt 0.5437119 0.6014097
vt 0.5532205 0.6082996
vt 0.5539488 0.606427
vt 0.5546944 0.6045609
vt 0.5458288 0.5970351
vt 0.5554826 0.6027131
vt 0.5566422 0.6006079
vt 0.5480352 0.5927049
vt 0.5578506 0.5985293
vt 0.5590779 0.5964623
vt 0.5503291 0.5884226
vt 0.5602955 0.59439
vt 0.5580229 0.5930057
vt 0.5610936 0.5929874
vt 0.5553217 0.5913906
vt 0.5526086 0.5897796
vt 0.5618855 0.5915807
vt 0.5530208 0.5843784
vt 0.5626904 0.5901814
vt 0.5635272 0.5888013
vt 0.5652111 0.5865648
vt 0.555796 0.5803888
vt 0.5669468 0.5843672
vt 0.5586526 0.576457
vt 0.5687025 0.5821859
vt 0.5704477 0.579997
vt 0.5615883 0.5725863
vt 0.5684441 0.5782684
vt 0.5711931 0.5790351
vt 0.5660412 0.5762637
vt 0.5719342 0.5780696
vt 0.5636202 0.5742684
vt 0.5726842 0.5771108
vt 0.5734559 0.57617
vt 0.5648794 0.5690129
vt 0.5757221 0.5739126
vt 0.5780405 0.5717077
vt 0.5682446 0.5655066
vt 0.5803789 0.5695245
vt 0.5716811 0.5620701
vt 0.5827067 0.567331
vt 0.5810287 0.5653157
vt 0.5832931 0.5667629
vt 0.5838768 0.566192
vt 0.5751861 0.5587063
vt 0.5789869 0.5629833
vt 0.584466 0.5656266
vt 0.5850678 0.565075
vt 0.5769187 0.5606629
vt 0.587954 0.56292
vt 0.5789957 0.5556918
vt 0.5908902 0.5608317
vt 0.5938452 0.558771
vt 0.582868 0.552755
vt 0.59679 0.556697
vt 0.5867997 0.5498984
vt 0.5954809 0.554462
vt 0.5971227 0.5564557
vt 0.5974544 0.5562128
vt 0.5977883 0.555973
vt 0.5981276 0.555741
vt 0.6008917 0.5542341
vt 0.5938485 0.5518733
vt 0.5921807 0.5492969
vt 0.6036907 0.5527912
vt 0.5907878 0.5471243
vt 0.6065028 0.5513746
vt 0.5950221 0.5447429
vt 0.6093076 0.5499451
vt 0.5993061 0.542448
vt 0.6100295 0.5495779
vt 0.6107515 0.5492107
vt 0.6114735 0.5488435
vt 0.6121955 0.5484763
vt 0.6122415 0.5484517
vt 0.6122873 0.5484265
vt 0.6123333 0.5484017
vt 0.6123799 0.5483782
vt 0.6113747 0.5460204
vt 0.613189 0.5480803
vt 0.6140042 0.5477991
vt 0.6148216 0.5475245
vt 0.6156378 0.5472466
vt 0.6036363 0.5402417
vt 0.6101945 0.5432519
vt 0.6186113 0.5462127
vt 0.6090087 0.5404701
vt 0.6215805 0.5451649
vt 0.6080093 0.5381256
vt 0.6245597 0.5441446
vt 0.612564 0.5364359
vt 0.6275608 0.5431938
vt 0.6279631 0.5431096
vt 0.6283674 0.5430347
vt 0.6287723 0.5429636
vt 0.6291767 0.5428907
vt 0.6171542 0.5348395
vt 0.6284707 0.5403986
vt 0.6327122 0.5422021
vt 0.6362451 0.5414971
vt 0.6277332 0.5374283
vt 0.6217763 0.5333377
vt 0.6397849 0.5408247
vt 0.6270292 0.5344411
vt 0.6264264 0.5319317
vt 0.6433381 0.5402346
vt 0.6441528 0.5401822
vt 0.6449687 0.5401488
vt 0.6457849 0.5401229
vt 0.6466007 0.5400932
vt 0.6463087 0.5374871
vt 0.6497951 0.5399326
vt 0.6311893 0.5309753
vt 0.6529894 0.5397572
vt 0.6460396 0.5343989
vt 0.6561856 0.5396113
vt 0.6359728 0.5301166
vt 0.6593834 0.5395394
vt 0.6457977 0.5313001
vt 0.6407729 0.5293564
vt 0.6605967 0.5396341
vt 0.6618077 0.5397568
vt 0.6630175 0.5398907
vt 0.6642275 0.540019
vt 0.6643678 0.5373765
vt 0.6455857 0.5286952
vt 0.6670153 0.5402755
vt 0.6698048 0.5405192
vt 0.6725921 0.5407887
vt 0.6753717 0.5411224
vt 0.6645852 0.5342548
vt 0.6769468 0.5414742
vt 0.6785138 0.5418625
vt 0.680077 0.5422652
vt 0.6504397 0.5284956
vt 0.6816416 0.5426606
vt 0.6822163 0.5400624
vt 0.6839798 0.5432171
vt 0.686321 0.5437629
vt 0.6886573 0.5443303
vt 0.6909792 0.5449514
vt 0.6928581 0.5456622
vt 0.6648221 0.5311264
vt 0.6552985 0.5283958
vt 0.6601585 0.5283958
vt 0.6650155 0.5284956
vt 0.6829215 0.5369952
vt 0.6836379 0.5339223
vt 0.6698409 0.5290579
vt 0.6746556 0.5297194
vt 0.6842372 0.531338
vt 0.6794556 0.5304796
vt 0.6889153 0.5326482
vt 0.6935672 0.5340548
vt 0.6981893 0.5355566
vt 0.9826959 0.6887389
vt 0.9825022 0.7035142
vt 0.9860317 0.7035142
vt 0.9862254 0.6887389
vt 0.9828517 0.6721715
vt 0.9863813 0.6721715
vt 0.9829659 0.6542197
vt 0.9864954 0.6542197
vt 0.9830355 0.6353258
vt 0.9865651 0.6353258
vt 0.9830589 0.6159549
vt 0.9865885 0.6159549
vt 0.9830355 0.5965841
vt 0.9865651 0.5965841
vt 0.9829659 0.5776902
vt 0.9864954 0.5776902
vt 0.9828517 0.5597385
vt 0.9863813 0.5597385
vt 0.9826959 0.543171
vt 0.9862254 0.543171
vt 0.9825021 0.5283957
vt 0.9860317 0.5283957
vt 0.976175 0.004256984
vt 0.9798996 0.01903233
vt 0.9797046 0.004256984
vt 0.97637 0.01903233
vt 0.9800565 0.03559984
vt 0.9765269 0.03559984
vt 0.9801713 0.05355159
vt 0.9766418 0.05355159
vt 0.9802414 0.07244553
vt 0.9767119 0.07244553
vt 0.980265 0.09181642
vt 0.9767354 0.09181642
vt 0.9802414 0.1111873
vt 0.9767119 0.1111873
vt 0.9801713 0.1300812
vt 0.9766418 0.1300812
vt 0.9800565 0.1480329
vt 0.9765269 0.1480329
vt 0.9798996 0.1646003
vt 0.97637 0.1646003
vt 0.9797046 0.1793755
vt 0.976175 0.1793755
vt 0.9724132 0.7841874
vt 0.976138 0.7989627
vt 0.9759427 0.7841874
vt 0.9726084 0.7989627
vt 0.9762951 0.8155302
vt 0.9727655 0.8155302
vt 0.9764101 0.8334818
vt 0.9728805 0.8334818
vt 0.9764803 0.8523757
vt 0.9729508 0.8523757
vt 0.9765038 0.8717467
vt 0.9729743 0.8717467
vt 0.9764803 0.8911176
vt 0.9729508 0.8911176
vt 0.9764101 0.9100115
vt 0.9728805 0.9100115
vt 0.9762951 0.9279632
vt 0.9727655 0.9279632
vt 0.976138 0.9445306
vt 0.9726084 0.9445306
vt 0.9759427 0.9593059
vt 0.9724132 0.9593059
vt 0.976175 0.1899208
vt 0.9798995 0.2046961
vt 0.9797046 0.1899208
vt 0.97637 0.2046961
vt 0.9800564 0.2212635
vt 0.9765269 0.2212635
vt 0.9801713 0.2392152
vt 0.9766418 0.2392152
vt 0.9802414 0.258109
vt 0.9767119 0.258109
vt 0.980265 0.2774799
vt 0.9767354 0.2774799
vt 0.9802414 0.2968508
vt 0.9767119 0.2968508
vt 0.9801713 0.3157448
vt 0.9766418 0.3157448
vt 0.9800564 0.3336965
vt 0.9765269 0.3336965
vt 0.9798995 0.350264
vt 0.97637 0.350264
vt 0.9797046 0.3650393
vt 0.976175 0.3650393
vt 0.5030062 0.9002439
vt 0.5028059 0.915418
vt 0.5063354 0.915418
vt 0.5065357 0.9002439
vt 0.509865 0.915418
vt 0.5031673 0.8832292
vt 0.5100653 0.9002439
vt 0.5066968 0.8832292
vt 0.5032853 0.8647929
vt 0.5102264 0.8832292
vt 0.5068148 0.8647929
vt 0.5033572 0.845389
vt 0.5103444 0.8647929
vt 0.5068868 0.845389
vt 0.5033814 0.8254952
vt 0.5104163 0.845389
vt 0.506911 0.8254952
vt 0.5033572 0.8056015
vt 0.5104405 0.8254952
vt 0.5068868 0.8056015
vt 0.5032853 0.7861977
vt 0.5104163 0.8056015
vt 0.5068148 0.7861977
vt 0.5031673 0.7677615
vt 0.5103444 0.7861977
vt 0.5066968 0.7677615
vt 0.5030062 0.7507468
vt 0.5102264 0.7677615
vt 0.5065357 0.7507468
vt 0.5028059 0.7355728
vt 0.5100653 0.7507468
vt 0.5063354 0.7355728
vt 0.509865 0.7355728
vt 0.486857 0.9002438
vt 0.4866565 0.9154179
vt 0.4901861 0.9154179
vt 0.4903866 0.9002438
vt 0.4937156 0.9154179
vt 0.4870183 0.8832292
vt 0.4939161 0.9002438
vt 0.4905479 0.8832292
vt 0.4871365 0.8647929
vt 0.4940774 0.8832292
vt 0.4906661 0.8647929
vt 0.4872086 0.8453891
vt 0.4941956 0.8647929
vt 0.4907381 0.8453891
vt 0.4872328 0.8254954
vt 0.4942677 0.8453891
vt 0.4907624 0.8254954
vt 0.4872086 0.8056016
vt 0.4942919 0.8254954
vt 0.4907381 0.8056016
vt 0.4871365 0.7861977
vt 0.4942677 0.8056016
vt 0.490666 0.7861977
vt 0.4870183 0.7677615
vt 0.4941956 0.7861977
vt 0.4905479 0.7677615
vt 0.486857 0.7507468
vt 0.4940774 0.7677615
vt 0.4903866 0.7507468
vt 0.4866565 0.7355728
vt 0.4939161 0.7507468
vt 0.490186 0.7355728
vt 0.4937156 0.7355728
vt 0.8954819 0.9488587
vt 0.8952817 0.9640326
vt 0.8988113 0.9640326
vt 0.8990115 0.9488587
vt 0.9023408 0.9640326
vt 0.8956431 0.9318441
vt 0.902541 0.9488587
vt 0.8991726 0.9318441
vt 0.8957611 0.9134079
vt 0.9027022 0.9318441
vt 0.8992906 0.9134079
vt 0.8958331 0.894004
vt 0.9028202 0.9134079
vt 0.8993626 0.894004
vt 0.8958572 0.8741103
vt 0.9028922 0.894004
vt 0.8993868 0.8741103
vt 0.8958331 0.8542165
vt 0.9029164 0.8741103
vt 0.8993626 0.8542165
vt 0.8957611 0.8348126
vt 0.9028922 0.8542165
vt 0.8992906 0.8348126
vt 0.8956431 0.8163763
vt 0.9028202 0.8348126
vt 0.8991726 0.8163763
vt 0.8954819 0.7993616
vt 0.9027022 0.8163763
vt 0.8990115 0.7993616
vt 0.8952817 0.7841875
vt 0.902541 0.7993616
vt 0.8988113 0.7841875
vt 0.9023408 0.7841875
vt 0.9116294 0.9488586
vt 0.9114304 0.9640326
vt 0.91496 0.9640326
vt 0.9151589 0.9488586
vt 0.9184896 0.9640326
vt 0.9117894 0.9318439
vt 0.9186885 0.9488586
vt 0.915319 0.9318439
vt 0.9119067 0.9134077
vt 0.9188486 0.9318439
vt 0.9154362 0.9134077
vt 0.9119782 0.8940037
vt 0.9189658 0.9134077
vt 0.9155077 0.8940037
vt 0.9120022 0.87411
vt 0.9190373 0.8940037
vt 0.9155318 0.87411
vt 0.9119782 0.8542163
vt 0.9190614 0.87411
vt 0.9155077 0.8542163
vt 0.9119067 0.8348125
vt 0.9190373 0.8542163
vt 0.9154362 0.8348125
vt 0.9117894 0.8163762
vt 0.9189658 0.8348125
vt 0.915319 0.8163762
vt 0.9116294 0.7993615
vt 0.9188486 0.8163762
vt 0.9151589 0.7993615
vt 0.9114304 0.7841874
vt 0.9186885 0.7993615
vt 0.91496 0.7841874
vt 0.9184895 0.7841874
vt 0.7714505 0.6982441
vt 0.763126 0.6948957
vt 0.7606527 0.6939008
vt 0.7689846 0.6972522
vt 0.1223105 0.8034899
vt 0.1190708 0.8034543
vt 0.1188619 0.8034559
vt 0.1179874 0.8145668
vt 0.1349035 0.8035306
vt 0.1365317 0.8033028
vt 0.09879587 0.8115271
vt 0.1374182 0.8145668
vt 0.1508011 0.8013061
vt 0.1539384 0.8004001
vt 0.1154504 0.80295
vt 0.1030061 0.8010203
vt 0.1014335 0.8005406
vt 0.1566098 0.8115271
vt 0.1662309 0.7968503
vt 0.1706694 0.7948516
vt 0.0803161 0.8055227
vt 0.08765218 0.7963363
vt 0.08469519 0.7949507
vt 0.1750896 0.8055227
vt 0.1808805 0.7902534
vt 0.186333 0.7867967
vt 0.06300314 0.7967013
vt 0.07310937 0.7895216
vt 0.06903813 0.7868531
vt 0.1924025 0.7967013
vt 0.1944532 0.7816489
vt 0.04728329 0.7852802
vt 0.0596721 0.7807142
vt 0.05482746 0.7764471
vt 0.2005637 0.7764301
vt 0.2081223 0.7852801
vt 0.03354365 0.7715406
vt 0.04761253 0.7700924
vt 0.04239367 0.7639819
vt 0.221862 0.7715405
vt 0.2066741 0.7712113
vt 0.2130289 0.7639963
vt 0.0221225 0.7558208
vt 0.2332831 0.7558206
vt 0.2172959 0.7591517
vt 0.2234348 0.7497857
vt 0.03717481 0.7578714
vt 0.032027 0.7497513
vt 0.02857039 0.7442988
vt 0.2421045 0.7385077
vt 0.2261033 0.7457144
vt 0.2315324 0.7341286
vt 0.0133011 0.7385078
vt 0.0239722 0.7340876
vt 0.02197344 0.7296491
vt 0.2481089 0.7200279
vt 0.232918 0.7311716
vt 0.2371223 0.7173902
vt 0.007296656 0.720028
vt 0.2511485 0.7008364
vt 0.01842362 0.7173567
vt 0.01751762 0.7142193
vt 0.01552097 0.69995
vt 0.237602 0.7158177
vt 0.2395318 0.7033734
vt 0.2400376 0.6999619
vt 0.00425699 0.7008365
vt 0.01529314 0.6983217
vt 0.01533385 0.6857288
vt 0.2511485 0.6814055
vt 0.00425699 0.6814057
vt 0.240036 0.699753
vt 0.0153695 0.682489
vt 0.2400717 0.6965133
vt 0.2401124 0.6839203
vt 0.2398846 0.682292
vt 0.01536791 0.6822801
vt 0.01587375 0.6788686
vt 0.01780351 0.6664243
vt 0.2481089 0.662214
vt 0.2378879 0.6680227
vt 0.2369819 0.6648853
vt 0.007296628 0.6622141
vt 0.2421044 0.6437342
vt 0.2334321 0.6525929
vt 0.2314333 0.6481543
vt 0.01828325 0.6648518
vt 0.02248752 0.6510704
vt 0.02387315 0.6481134
vt 0.233283 0.6264213
vt 0.2268351 0.6379433
vt 0.2233785 0.6324908
vt 0.01330105 0.6437343
vt 0.02930222 0.6365276
vt 0.03197069 0.6324564
vt 0.2218619 0.6107014
vt 0.02212244 0.6264214
vt 0.03810963 0.6230903
vt 0.04237665 0.6182457
vt 0.2182307 0.6243706
vt 0.2130118 0.6182601
vt 0.207793 0.6121497
vt 0.03354356 0.6107016
vt 0.04873137 0.6110308
vt 0.05484184 0.6058119
vt 0.04728319 0.5969619
vt 0.06095232 0.600593
vt 0.06300302 0.5855408
vt 0.06907251 0.5954453
vt 0.2081222 0.5969618
vt 0.2005781 0.6057949
vt 0.1957334 0.6015279
vt 0.08031597 0.5767193
vt 0.07452503 0.5919886
vt 0.08473609 0.5873904
vt 0.1924024 0.5855407
vt 0.1863674 0.5953889
vt 0.1822962 0.5927204
vt 0.09879575 0.5707149
vt 0.08917464 0.5853917
vt 0.1014671 0.5818419
vt 0.1750894 0.5767193
vt 0.1179873 0.5676752
vt 0.1707103 0.5872914
vt 0.1677533 0.5859057
vt 0.153972 0.5817015
vt 0.1046045 0.5809358
vt 0.1188738 0.5789392
vt 0.1205021 0.5787113
vt 0.1566097 0.5707149
vt 0.1523994 0.5812218
vt 0.1399551 0.579292
vt 0.1374181 0.5676752
vt 0.1330951 0.5787521
vt 0.1365436 0.5787861
vt 0.1363347 0.5787877
vt 0.5239145 0.7268826
vt 0.5236912 0.7270588
vt 0.5239124 0.7270425
vt 0.5239475 0.7244423
vt 0.5240745 0.714893
vt 0.5099563 0.714893
vt 0.5240882 0.7135069
vt 0.510016 0.7270588
vt 0.5242081 0.7013597
vt 0.5099289 0.7173225
vt 0.5098967 0.7197056
vt 0.5099603 0.7145512
vt 0.5098293 0.7244422
vt 0.5098625 0.7220694
vt 0.5098128 0.7257516
vt 0.5098209 0.7250957
vt 0.5098041 0.7264031
vt 0.5097942 0.7270425
vt 0.5100344 0.7074691
vt 0.510065 0.7044361
vt 0.5100017 0.7104838
vt 0.5099637 0.714204
vt 0.50997 0.7135069
vt 0.5099668 0.7138549
vt 0.5100899 0.7013597
vt 0.5242289 0.6983856
vt 0.5243107 0.6867329
vt 0.5100963 0.7006233
vt 0.5101557 0.6925837
vt 0.5101767 0.6896728
vt 0.5101327 0.6954818
vt 0.5101014 0.6998789
vt 0.5101107 0.6983856
vt 0.5101059 0.6991314
vt 0.5101925 0.6867329
vt 0.5243318 0.6820597
vt 0.5243803 0.6713089
vt 0.5101995 0.685572
vt 0.5102414 0.6766988
vt 0.510254 0.6740122
vt 0.5102271 0.6793777
vt 0.5102046 0.6844026
vt 0.5102089 0.6832303
vt 0.5102136 0.6820597
vt 0.5102621 0.6713089
vt 0.5243945 0.6649179
vt 0.5244154 0.6554
vt 0.510268 0.6697162
vt 0.5102955 0.657786
vt 0.5102898 0.6601652
vt 0.5102713 0.6681176
vt 0.5102826 0.662541
vt 0.5102735 0.6665171
vt 0.5102762 0.6649179
vt 0.5102972 0.6554
vt 0.5244154 0.6473641
vt 0.5244154 0.6393284
vt 0.5103002 0.6533915
vt 0.5103002 0.6413368
vt 0.5102999 0.6513821
vt 0.5102999 0.6433463
vt 0.5102983 0.6493729
vt 0.5102983 0.6453554
vt 0.5102972 0.6473641
vt 0.5102972 0.6393284
vt 0.5243945 0.6298105
vt 0.5243803 0.6234195
vt 0.5102955 0.6369424
vt 0.510268 0.625012
vt 0.5102898 0.6345631
vt 0.5102713 0.6266108
vt 0.5102826 0.6321874
vt 0.5102735 0.6282113
vt 0.5102762 0.6298105
vt 0.5102621 0.6234195
vt 0.5243318 0.6126686
vt 0.5243107 0.6079955
vt 0.510254 0.6207161
vt 0.5102414 0.6180295
vt 0.5101995 0.6091564
vt 0.5102271 0.6153507
vt 0.5102046 0.6103257
vt 0.5102089 0.6114981
vt 0.5102136 0.6126686
vt 0.5101925 0.6079955
vt 0.524229 0.5963427
vt 0.5242081 0.5933686
vt 0.5101767 0.6050555
vt 0.5101557 0.6021447
vt 0.5100963 0.594105
vt 0.5101327 0.5992465
vt 0.5101014 0.5948495
vt 0.5101107 0.5963427
vt 0.5101059 0.595597
vt 0.5100899 0.5933686
vt 0.5240882 0.5812215
vt 0.5240746 0.5798354
vt 0.510065 0.5902923
vt 0.5100344 0.5872592
vt 0.5099603 0.5801772
vt 0.5100017 0.5842445
vt 0.5099637 0.5805243
vt 0.50997 0.5812215
vt 0.5099668 0.5808734
vt 0.5099563 0.5798354
vt 0.5239475 0.570286
vt 0.5236912 0.5676696
vt 0.5239124 0.5676858
vt 0.510016 0.5676696
vt 0.5099289 0.5774058
vt 0.5098967 0.5750227
vt 0.5098293 0.5702861
vt 0.5098625 0.572659
vt 0.5097948 0.5677251
vt 0.5097942 0.5676858
vt 0.5097954 0.5677652
vt 0.5097958 0.5678056
vt 0.5098128 0.5690659
vt 0.5098211 0.569676
vt 0.5097963 0.5678457
vt 0.5098045 0.5684558
vt 0.4774222 0.7270588
vt 0.4776434 0.7270426
vt 0.4776455 0.7268826
vt 0.4776784 0.7244423
vt 0.4637469 0.7270588
vt 0.4635602 0.7244422
vt 0.4778053 0.7148929
vt 0.4635934 0.7220694
vt 0.4636275 0.7197056
vt 0.4636597 0.7173225
vt 0.4636871 0.7148929
vt 0.4636911 0.7145511
vt 0.4778189 0.7135068
vt 0.4636944 0.714204
vt 0.4636975 0.7138548
vt 0.4637007 0.7135068
vt 0.4637323 0.7104837
vt 0.4779387 0.7013596
vt 0.4637651 0.7074691
vt 0.4637956 0.704436
vt 0.4638205 0.7013596
vt 0.4638268 0.7006233
vt 0.4779595 0.6983855
vt 0.4638319 0.6998788
vt 0.4638365 0.6991313
vt 0.4638413 0.6983855
vt 0.4638632 0.6954817
vt 0.4780412 0.6867328
vt 0.4638862 0.6925836
vt 0.4639071 0.6896727
vt 0.4639229 0.6867328
vt 0.46393 0.6855718
vt 0.4780622 0.6820596
vt 0.463935 0.6844025
vt 0.4639393 0.6832302
vt 0.463944 0.6820596
vt 0.4639575 0.6793776
vt 0.4781107 0.6713088
vt 0.4639718 0.6766987
vt 0.4639844 0.6740121
vt 0.4639924 0.6713088
vt 0.4781248 0.6649177
vt 0.4639983 0.6697161
vt 0.4640016 0.6681175
vt 0.4640038 0.666517
vt 0.4640065 0.6649177
vt 0.464013 0.6625408
vt 0.4781458 0.6553999
vt 0.4640202 0.6601651
vt 0.4640258 0.6577858
vt 0.4640276 0.6553999
vt 0.4781457 0.647364
vt 0.4640305 0.6533914
vt 0.4640301 0.6513819
vt 0.4640285 0.6493728
vt 0.4640276 0.647364
vt 0.4640285 0.6453552
vt 0.4781457 0.6393282
vt 0.4640301 0.6433461
vt 0.4640305 0.6413367
vt 0.4640276 0.6393282
vt 0.4640258 0.6369423
vt 0.4781248 0.6298103
vt 0.4640202 0.634563
vt 0.464013 0.6321872
vt 0.4640065 0.6298103
vt 0.4640038 0.6282111
vt 0.4781107 0.6234193
vt 0.4640016 0.6266106
vt 0.4639983 0.6250119
vt 0.4639924 0.6234193
vt 0.4639844 0.620716
vt 0.4780622 0.6126685
vt 0.4639718 0.6180294
vt 0.4639575 0.6153505
vt 0.463944 0.6126685
vt 0.4639393 0.6114979
vt 0.4780412 0.6079953
vt 0.463935 0.6103256
vt 0.46393 0.6091563
vt 0.4639229 0.6079953
vt 0.4639071 0.6050554
vt 0.4779595 0.5963426
vt 0.4638862 0.6021445
vt 0.4638632 0.5992464
vt 0.4638413 0.5963426
vt 0.4638365 0.5955968
vt 0.4779387 0.5933686
vt 0.4638319 0.5948493
vt 0.4638268 0.5941049
vt 0.4638205 0.5933686
vt 0.4637956 0.5902922
vt 0.4778189 0.5812214
vt 0.4637651 0.5872591
vt 0.4637324 0.5842445
vt 0.4637007 0.5812214
vt 0.4778053 0.5798354
vt 0.4636975 0.5808734
vt 0.4636944 0.5805243
vt 0.4636911 0.5801771
vt 0.4636871 0.5798353
vt 0.4776784 0.570286
vt 0.4636597 0.5774058
vt 0.4636275 0.5750226
vt 0.4635934 0.5726589
vt 0.4635602 0.5702861
vt 0.4637469 0.5676696
vt 0.463552 0.569676
vt 0.4635437 0.5690659
vt 0.4635355 0.5684558
vt 0.4635273 0.5678457
vt 0.4635268 0.5678056
vt 0.4635263 0.5677652
vt 0.4635258 0.5677251
vt 0.4635252 0.5676858
vt 0.4774222 0.5676696
vt 0.4776434 0.5676858
vt 0.4635351 0.7264031
vt 0.4635252 0.7270426
vt 0.4635437 0.7257517
vt 0.4635518 0.7250957
vt 0.48716 0.5678458
vt 0.4873834 0.5676696
vt 0.4871621 0.5676859
vt 0.4871271 0.570286
vt 0.5010586 0.5676696
vt 0.5012453 0.5702861
vt 0.5012122 0.572659
vt 0.501178 0.5750227
vt 0.5011458 0.5774059
vt 0.5012537 0.5696326
vt 0.5012618 0.5689767
vt 0.5012705 0.5683253
vt 0.5012803 0.5676859
vt 0.4870003 0.5798354
vt 0.5011185 0.5798354
vt 0.5011145 0.5801772
vt 0.5011111 0.5805243
vt 0.5011081 0.5808734
vt 0.4869866 0.5812215
vt 0.5011048 0.5812215
vt 0.5010732 0.5842445
vt 0.5010405 0.5872592
vt 0.5010099 0.5902923
vt 0.4868669 0.5933686
vt 0.5009851 0.5933686
vt 0.5009787 0.5941049
vt 0.5009736 0.5948495
vt 0.5009691 0.5955969
vt 0.486846 0.5963427
vt 0.5009642 0.5963427
vt 0.5009423 0.5992465
vt 0.5009193 0.6021446
vt 0.5008984 0.6050555
vt 0.4867644 0.6079954
vt 0.5008826 0.6079954
vt 0.5008756 0.6091563
vt 0.5008705 0.6103256
vt 0.5008662 0.611498
vt 0.5008615 0.6126686
vt 0.4867433 0.6126686
vt 0.5008481 0.6153506
vt 0.5008337 0.6180295
vt 0.5008212 0.620716
vt 0.4866949 0.6234193
vt 0.5008131 0.6234194
vt 0.5008072 0.625012
vt 0.5008039 0.6266106
vt 0.5008017 0.6282112
vt 0.500799 0.6298104
vt 0.4866808 0.6298104
vt 0.5007926 0.6321873
vt 0.5007854 0.634563
vt 0.5007797 0.6369423
vt 0.4866598 0.6393282
vt 0.500778 0.6393282
vt 0.500775 0.6413367
vt 0.5007754 0.6433462
vt 0.500777 0.6453553
vt 0.500778 0.6473641
vt 0.4866598 0.6473641
vt 0.500777 0.6493729
vt 0.5007754 0.651382
vt 0.500775 0.6533914
vt 0.4866598 0.6553999
vt 0.500778 0.6553999
vt 0.5007797 0.6577858
vt 0.5007854 0.6601651
vt 0.5007926 0.6625409
vt 0.500799 0.6649178
vt 0.4866808 0.6649178
vt 0.5008017 0.666517
vt 0.5008039 0.6681175
vt 0.5008072 0.6697162
vt 0.4866949 0.6713088
vt 0.5008131 0.6713088
vt 0.5008212 0.6740122
vt 0.5008337 0.6766987
vt 0.5008481 0.6793776
vt 0.4867433 0.6820596
vt 0.5008615 0.6820596
vt 0.5008662 0.6832302
vt 0.5008705 0.6844026
vt 0.5008756 0.685572
vt 0.4867644 0.6867328
vt 0.5008826 0.6867328
vt 0.5008984 0.6896728
vt 0.5009193 0.6925837
vt 0.5009423 0.6954818
vt 0.486846 0.6983856
vt 0.5009642 0.6983856
vt 0.5009691 0.6991314
vt 0.5009736 0.6998789
vt 0.5009787 0.7006233
vt 0.4868669 0.7013596
vt 0.5009851 0.7013596
vt 0.5010099 0.7044361
vt 0.5010405 0.7074692
vt 0.5010732 0.7104838
vt 0.4869866 0.7135069
vt 0.5011048 0.7135069
vt 0.5011081 0.7138549
vt 0.5011111 0.7142041
vt 0.5011145 0.7145512
vt 0.4870003 0.714893
vt 0.5011185 0.714893
vt 0.5011458 0.7173225
vt 0.501178 0.7197058
vt 0.5012122 0.7220695
vt 0.4871271 0.7244423
vt 0.5012453 0.7244424
vt 0.4873834 0.7270588
vt 0.4871621 0.7270426
vt 0.5010586 0.7270589
vt 0.5012797 0.7270034
vt 0.5012803 0.7270426
vt 0.5012792 0.7269632
vt 0.5012788 0.7269228
vt 0.5012783 0.7268828
vt 0.5012783 0.7268828
vt 0.50127 0.7262726
vt 0.5012453 0.7244424
vt 0.5012618 0.7256626
vt 0.5012535 0.7250525
vt 0.4774222 0.894962
vt 0.4776435 0.8949457
vt 0.4776455 0.8947858
vt 0.4776782 0.8923454
vt 0.4778043 0.8827961
vt 0.463686 0.8827962
vt 0.4778179 0.8814101
vt 0.463747 0.894962
vt 0.4779368 0.8692628
vt 0.4636589 0.8852257
vt 0.4636269 0.8876089
vt 0.46369 0.8824543
vt 0.46356 0.8923455
vt 0.463593 0.8899726
vt 0.4635436 0.8936549
vt 0.4635517 0.892999
vt 0.463535 0.8943062
vt 0.4635252 0.8949457
vt 0.4637636 0.8753724
vt 0.4637939 0.8723392
vt 0.4637311 0.878387
vt 0.4636934 0.8821072
vt 0.4636996 0.8814101
vt 0.4636964 0.8817581
vt 0.4638186 0.8692629
vt 0.4779575 0.8662888
vt 0.4780386 0.8546361
vt 0.4638249 0.8685265
vt 0.4638839 0.8604869
vt 0.4639047 0.857576
vt 0.4638611 0.863385
vt 0.46383 0.8677821
vt 0.4638393 0.8662888
vt 0.4638345 0.8670346
vt 0.4639204 0.8546361
vt 0.4780596 0.8499629
vt 0.4781077 0.8392121
vt 0.4639274 0.8534752
vt 0.463969 0.844602
vt 0.4639814 0.8419154
vt 0.4639547 0.8472809
vt 0.4639324 0.8523058
vt 0.4639367 0.8511335
vt 0.4639413 0.8499629
vt 0.4639894 0.8392121
vt 0.4781217 0.8328211
vt 0.4781426 0.8233032
vt 0.4639953 0.8376194
vt 0.4640226 0.8256891
vt 0.464017 0.8280684
vt 0.4639985 0.8360208
vt 0.4640098 0.8304441
vt 0.4640007 0.8344203
vt 0.4640034 0.8328211
vt 0.4640243 0.8233032
vt 0.4781426 0.8152673
vt 0.4781426 0.8072315
vt 0.4640273 0.8212947
vt 0.4640273 0.80924
vt 0.4640269 0.8192853
vt 0.4640269 0.8112494
vt 0.4640253 0.8172761
vt 0.4640253 0.8132585
vt 0.4640243 0.8152673
vt 0.4640243 0.8072315
vt 0.4781217 0.7977136
vt 0.4781077 0.7913226
vt 0.4640226 0.8048456
vt 0.4639953 0.7929152
vt 0.464017 0.8024663
vt 0.4639985 0.7945139
vt 0.4640098 0.8000906
vt 0.4640007 0.7961144
vt 0.4640034 0.7977136
vt 0.4639894 0.7913226
vt 0.4780596 0.7805718
vt 0.4780386 0.7758986
vt 0.4639814 0.7886193
vt 0.463969 0.7859327
vt 0.4639274 0.7770596
vt 0.4639547 0.7832538
vt 0.4639324 0.7782289
vt 0.4639367 0.7794012
vt 0.4639413 0.7805718
vt 0.4639204 0.7758986
vt 0.4779575 0.7642459
vt 0.4779368 0.7612718
vt 0.4639047 0.7729587
vt 0.4638839 0.7700478
vt 0.4638249 0.7620082
vt 0.4638611 0.7671497
vt 0.46383 0.7627527
vt 0.4638393 0.7642459
vt 0.4638345 0.7635001
vt 0.4638186 0.7612718
vt 0.4778179 0.7491246
vt 0.4778043 0.7477385
vt 0.4637939 0.7581955
vt 0.4637636 0.7551624
vt 0.46369 0.7480804
vt 0.4637311 0.7521477
vt 0.4636934 0.7484275
vt 0.4636996 0.7491246
vt 0.4636964 0.7487766
vt 0.463686 0.7477385
vt 0.4776783 0.7381892
vt 0.4774222 0.7355728
vt 0.4776435 0.735589
vt 0.463747 0.7355728
vt 0.4636589 0.7453091
vt 0.4636269 0.7429259
vt 0.46356 0.7381892
vt 0.463593 0.7405621
vt 0.4635258 0.7356282
vt 0.4635252 0.735589
vt 0.4635263 0.7356684
vt 0.4635268 0.7357088
vt 0.4635273 0.7357489
vt 0.8638019 0.4548499
vt 0.8695505 0.4506733
vt 0.874575 0.4456488
vt 0.8574707 0.4580758
vt 0.8787516 0.4399002
vt 0.8507128 0.4602715
vt 0.8819775 0.433569
vt 0.8436947 0.4613831
vt 0.8841733 0.4268112
vt 0.836589 0.4613831
vt 0.8852848 0.419793
vt 0.8295708 0.4602715
vt 0.8852848 0.4126873
vt 0.8228129 0.4580758
vt 0.8841733 0.4056691
vt 0.8164818 0.4548499
vt 0.8819775 0.3989112
vt 0.8107331 0.4506733
vt 0.8787516 0.3925801
vt 0.8057087 0.4456488
vt 0.874575 0.3868315
vt 0.8015321 0.4399002
vt 0.8695505 0.381807
vt 0.7983062 0.433569
vt 0.8638019 0.3776304
vt 0.7961104 0.4268111
vt 0.8574708 0.3744045
vt 0.7949988 0.419793
vt 0.8507128 0.3722087
vt 0.7949988 0.4126873
vt 0.8436947 0.3710971
vt 0.7961105 0.4056691
vt 0.836589 0.3710971
vt 0.7983062 0.3989112
vt 0.8295708 0.3722087
vt 0.8015321 0.39258
vt 0.822813 0.3744045
vt 0.8057087 0.3868314
vt 0.8164818 0.3776304
vt 0.8107331 0.381807
vt 0.4305688 0.5591556
vt 0.4111944 0.004513335
vt 0.4007613 0.004650131
vt 0.435972 0.5590848
vt 0.422893 0.004403276
vt 0.4420306 0.5590278
vt 0.435569 0.004322674
vt 0.4485954 0.5589861
vt 0.4489103 0.004273506
vt 0.4555047 0.5589606
vt 0.4625884 0.004256975
vt 0.4625885 0.558952
vt 0.4762665 0.004273504
vt 0.4696722 0.5589606
vt 0.4896078 0.004322669
vt 0.4765815 0.5589861
vt 0.5022839 0.004403269
vt 0.4831463 0.5590278
vt 0.5139824 0.004513326
vt 0.4892049 0.5590848
vt 0.5244155 0.004650121
vt 0.4946081 0.5591556
vt 0.3570369 0.5590891
vt 0.3624401 0.5591604
vt 0.3922474 0.004652699
vt 0.3818143 0.004515012
vt 0.3509783 0.5590316
vt 0.3701157 0.00440424
vt 0.3444135 0.5589896
vt 0.3574396 0.004323118
vt 0.3375042 0.558964
vt 0.3440983 0.004273624
vt 0.3304204 0.5589554
vt 0.3304202 0.004256995
vt 0.3233367 0.558964
vt 0.3167421 0.004273627
vt 0.3164274 0.5589896
vt 0.3034008 0.004323123
vt 0.3098626 0.5590317
vt 0.2907248 0.004404256
vt 0.303804 0.5590891
vt 0.2790263 0.004515029
vt 0.2984009 0.5591604
vt 0.2685933 0.004652718
vt 0.09270054 0.5590898
vt 0.09810372 0.5591613
vt 0.1279111 0.004653235
vt 0.1174781 0.004515372
vt 0.08664197 0.5590324
vt 0.1057795 0.004404457
vt 0.08007719 0.5589904
vt 0.09310348 0.004323217
vt 0.07316787 0.5589647
vt 0.07976218 0.004273664
vt 0.06608411 0.5589561
vt 0.06608406 0.00425701
vt 0.05900035 0.5589647
vt 0.05240595 0.004273667
vt 0.05209102 0.5589904
vt 0.03906464 0.004323222
vt 0.04552625 0.5590324
vt 0.02638863 0.004404464
vt 0.03946767 0.5590898
vt 0.01469007 0.004515381
vt 0.03406449 0.5591613
vt 0.004256987 0.004653246
vt 0.2248685 0.5590891
vt 0.2302717 0.5591604
vt 0.2600792 0.004652711
vt 0.2496462 0.004515024
vt 0.21881 0.5590317
vt 0.2379477 0.004404252
vt 0.2122452 0.5589896
vt 0.2252717 0.004323122
vt 0.2053359 0.5589641
vt 0.2119304 0.004273636
vt 0.1982521 0.5589555
vt 0.1982523 0.004256999
vt 0.1911684 0.5589641
vt 0.1845742 0.00427363
vt 0.184259 0.5589896
vt 0.1712328 0.004323126
vt 0.1776943 0.5590317
vt 0.1585568 0.004404259
vt 0.1716357 0.5590891
vt 0.1468582 0.004515024
vt 0.1662325 0.5591604
vt 0.1364251 0.004652713
vt 0.9331839 0.4897368
vt 0.9330413 0.5006162
vt 0.9437319 0.5011909
vt 0.9438758 0.4902145
vt 0.9332986 0.4775377
vt 0.9439916 0.4779067
vt 0.9333827 0.4643194
vt 0.9440764 0.4645705
vt 0.933434 0.4504073
vt 0.9441281 0.4505344
vt 0.9334512 0.436144
vt 0.9441455 0.436144
vt 0.933434 0.4218807
vt 0.9441281 0.4217536
vt 0.9333827 0.4079686
vt 0.9440764 0.4077175
vt 0.9332986 0.3947503
vt 0.9439915 0.3943813
vt 0.9331839 0.3825512
vt 0.9438758 0.3820735
vt 0.9330413 0.3716718
vt 0.9437318 0.3710971
vt 0.9134204 0.3716718
vt 0.9242559 0.3820736
vt 0.9241111 0.3710971
vt 0.913564 0.3825512
vt 0.9243724 0.3943814
vt 0.9136795 0.3947503
vt 0.9244578 0.4077176
vt 0.9137641 0.4079687
vt 0.9245099 0.4217537
vt 0.9138157 0.4218808
vt 0.9245273 0.4361441
vt 0.913833 0.4361441
vt 0.9245099 0.4505346
vt 0.9138157 0.4504074
vt 0.9244578 0.4645706
vt 0.9137641 0.4643195
vt 0.9243724 0.4779067
vt 0.9136795 0.4775378
vt 0.9242559 0.4902145
vt 0.913564 0.4897368
vt 0.9241111 0.5011908
vt 0.9134204 0.5006162
vt 0.8937988 0.3716718
vt 0.9046345 0.3820735
vt 0.9044895 0.3710971
vt 0.8939426 0.3825512
vt 0.9047512 0.3943813
vt 0.8940583 0.3947503
vt 0.9048367 0.4077175
vt 0.894143 0.4079686
vt 0.9048889 0.4217536
vt 0.8941947 0.4218807
vt 0.9049064 0.436144
vt 0.8942121 0.436144
vt 0.9048889 0.4505344
vt 0.8941947 0.4504073
vt 0.9048367 0.4645705
vt 0.894143 0.4643194
vt 0.9047512 0.4779067
vt 0.8940583 0.4775377
vt 0.9046345 0.4902145
vt 0.8939427 0.4897368
vt 0.9044895 0.5011909
vt 0.8937988 0.5006162
vt 0.9275753 0.7847621
vt 0.9384109 0.7951638
vt 0.938266 0.7841874
vt 0.9277189 0.7956415
vt 0.9385274 0.8074716
vt 0.9278345 0.8078405
vt 0.9386128 0.8208077
vt 0.9279191 0.8210589
vt 0.9386649 0.8348438
vt 0.9279707 0.834971
vt 0.9386823 0.8492342
vt 0.927988 0.8492342
vt 0.9386649 0.8636246
vt 0.9279707 0.8634976
vt 0.9386128 0.8776608
vt 0.9279191 0.8774096
vt 0.9385274 0.8909969
vt 0.9278345 0.890628
vt 0.9384109 0.9033048
vt 0.9277189 0.9028271
vt 0.938266 0.9142812
vt 0.9275753 0.9137065
vt 0.2787086 0.8170375
vt 0.2708314 0.829213
vt 0.2744687 0.8300864
vt 0.2752526 0.8156058
vt 0.2685932 0.8433442
vt 0.2849375 0.8048125
vt 0.2723224 0.8436378
vt 0.2817481 0.8028578
vt 0.2685932 0.8576517
vt 0.2930022 0.7937124
vt 0.2723224 0.8573582
vt 0.2901577 0.7912829
vt 0.2708314 0.8717829
vt 0.302704 0.7840106
vt 0.2744687 0.8709097
vt 0.3002746 0.781166
vt 0.2752526 0.88539
vt 0.313804 0.775946
vt 0.2787086 0.8839586
vt 0.3118495 0.7727563
vt 0.281748 0.898138
vt 0.326029 0.7697171
vt 0.2849375 0.8961836
vt 0.3245975 0.7662609
vt 0.2901577 0.909713
vt 0.3390779 0.7654772
vt 0.2930022 0.9072836
vt 0.3382047 0.7618397
vt 0.3002746 0.9198298
vt 0.3526294 0.7633309
vt 0.3027039 0.9169854
vt 0.352336 0.7596015
vt 0.3118495 0.9282395
vt 0.3663498 0.7633309
vt 0.313804 0.9250501
vt 0.3666434 0.7596015
vt 0.3245975 0.9347349
vt 0.3799012 0.7654772
vt 0.3260289 0.931279
vt 0.3807746 0.7618397
vt 0.3382047 0.9391562
vt 0.3929501 0.7697171
vt 0.3390778 0.9355188
vt 0.3943818 0.766261
vt 0.3523359 0.9413944
vt 0.4051751 0.775946
vt 0.3526293 0.9376652
vt 0.4071298 0.7727564
vt 0.3666433 0.9413944
vt 0.4162751 0.7840107
vt 0.3663497 0.9376652
vt 0.4187047 0.7811661
vt 0.3807746 0.9391562
vt 0.4259769 0.7937125
vt 0.3799012 0.9355189
vt 0.4288215 0.791283
vt 0.3943817 0.934735
vt 0.4340416 0.8048126
vt 0.3929501 0.931279
vt 0.4372312 0.8028579
vt 0.4071297 0.9282396
vt 0.4402705 0.8170375
vt 0.4051751 0.9250501
vt 0.4437267 0.8156059
vt 0.4187047 0.9198299
vt 0.4445103 0.8300864
vt 0.4162751 0.9169855
vt 0.4481479 0.829213
vt 0.4288215 0.909713
vt 0.4466567 0.8436379
vt 0.4259769 0.9072837
vt 0.450386 0.8433443
vt 0.4372312 0.8981381
vt 0.4466567 0.8573583
vt 0.4340416 0.8961836
vt 0.450386 0.8576517
vt 0.4437266 0.8853901
vt 0.4445103 0.8709098
vt 0.4402705 0.8839586
vt 0.4481479 0.871783
vt 0.427405 0.6020677
vt 0.4302497 0.5996382
vt 0.4200427 0.5894312
vt 0.4355447 0.6132709
vt 0.4387344 0.6113163
vt 0.4176131 0.5922757
vt 0.4083646 0.5809466
vt 0.4418315 0.6256095
vt 0.4452877 0.624178
vt 0.4064099 0.5841361
vt 0.395503 0.5743932
vt 0.4461107 0.6387797
vt 0.4497483 0.6379064
vt 0.3940713 0.5778493
vt 0.3817745 0.5699326
vt 0.448277 0.6524571
vt 0.4520064 0.6521636
vt 0.3809011 0.5735701
vt 0.3675173 0.5676745
vt 0.448277 0.6663051
vt 0.4520064 0.6665986
vt 0.3672237 0.5714037
vt 0.3530824 0.5676745
vt 0.3533757 0.5714037
vt 0.3388251 0.5699326
vt 0.3396983 0.57357
vt 0.3250967 0.5743932
vt 0.3265281 0.5778493
vt 0.3122351 0.5809466
vt 0.3141895 0.5841361
vt 0.300557 0.5894312
vt 0.3029863 0.5922757
vt 0.2903499 0.5996382
vt 0.2931943 0.6020677
vt 0.2818653 0.6113163
vt 0.2850547 0.6132709
vt 0.275312 0.6241779
vt 0.2787679 0.6256095
vt 0.2708513 0.6379064
vt 0.2744886 0.6387797
vt 0.2685932 0.6521636
vt 0.2723224 0.6524571
vt 0.2685932 0.6665986
vt 0.2723224 0.6663051
vt 0.2708513 0.6808558
vt 0.2744886 0.6799825
vt 0.2753119 0.6945842
vt 0.4461107 0.6799825
vt 0.4497483 0.6808558
vt 0.2787679 0.6931527
vt 0.2818653 0.7074458
vt 0.4418315 0.6931527
vt 0.4452877 0.6945843
vt 0.2850547 0.7054912
vt 0.2903499 0.7191239
vt 0.4355446 0.7054913
vt 0.4387343 0.7074459
vt 0.2931943 0.7166945
vt 0.300557 0.729331
vt 0.427405 0.7166945
vt 0.4302497 0.719124
vt 0.3029863 0.7264864
vt 0.3122351 0.7378156
vt 0.4176131 0.7264864
vt 0.4200427 0.729331
vt 0.3141895 0.7346261
vt 0.3250967 0.744369
vt 0.4064099 0.7346261
vt 0.4083646 0.7378156
vt 0.3265281 0.7409129
vt 0.3388251 0.7488296
vt 0.3940713 0.7409129
vt 0.3955029 0.744369
vt 0.3396983 0.7451922
vt 0.3530823 0.7510877
vt 0.3809011 0.7451922
vt 0.3817745 0.7488296
vt 0.3533757 0.7473584
vt 0.3675173 0.7510877
vt 0.3672237 0.7473584
vt 0.6499917 0.5165499
vt 0.6696847 0.5198818
vt 0.6694225 0.5165499
vt 0.6497295 0.5198818
vt 0.6893943 0.5167602
vt 0.6308001 0.5135103
vt 0.688614 0.5135103
vt 0.6300199 0.5167602
vt 0.7083728 0.5105937
vt 0.6123204 0.5075058
vt 0.7070938 0.5075058
vt 0.6110414 0.5105937
vt 0.7261531 0.5015342
vt 0.5950074 0.4986844
vt 0.7244068 0.4986844
vt 0.5932611 0.5015342
vt 0.7422972 0.4898048
vt 0.5792876 0.4872633
vt 0.7401266 0.4872633
vt 0.577117 0.4898048
vt 0.7564077 0.4756943
vt 0.5655479 0.4735236
vt 0.7538663 0.4735237
vt 0.5630065 0.4756943
vt 0.7681371 0.4595501
vt 0.5541268 0.4578038
vt 0.7652874 0.4578038
vt 0.5512771 0.4595501
vt 0.7771966 0.4417699
vt 0.5453054 0.4404909
vt 0.7741088 0.4404909
vt 0.5422176 0.4417699
vt 0.7833631 0.4227913
vt 0.539301 0.4220111
vt 0.7801132 0.4220111
vt 0.5360511 0.4227913
vt 0.7864848 0.4030818
vt 0.5362613 0.4028195
vt 0.7831528 0.4028195
vt 0.5329294 0.4030818
vt 0.7864848 0.3831265
vt 0.5362613 0.3833888
vt 0.7831528 0.3833888
vt 0.5329294 0.3831265
vt 0.7833631 0.363417
vt 0.539301 0.3641972
vt 0.7801132 0.3641972
vt 0.5360511 0.363417
vt 0.7771966 0.3444384
vt 0.5453054 0.3457174
vt 0.7741088 0.3457174
vt 0.5422176 0.3444384
vt 0.7681371 0.3266581
vt 0.5541268 0.3284045
vt 0.7652873 0.3284045
vt 0.5512771 0.3266581
vt 0.7564077 0.310514
vt 0.5655479 0.3126846
vt 0.7538663 0.3126846
vt 0.5630065 0.310514
vt 0.7422972 0.2964035
vt 0.5792876 0.298945
vt 0.7401266 0.298945
vt 0.577117 0.2964035
vt 0.7261531 0.2846741
vt 0.5950074 0.2875239
vt 0.7244068 0.2875239
vt 0.5932611 0.2846741
vt 0.7083728 0.2756146
vt 0.6123204 0.2787025
vt 0.7070938 0.2787025
vt 0.6110413 0.2756146
vt 0.6893943 0.2694481
vt 0.6308001 0.272698
vt 0.6886141 0.272698
vt 0.6300199 0.2694481
vt 0.6696847 0.2663265
vt 0.6499917 0.2696584
vt 0.6694225 0.2696584
vt 0.6497295 0.2663265
vt 0.6123205 0.2454364
vt 0.6300201 0.2546908
vt 0.6308004 0.2514409
vt 0.6110415 0.2485243
vt 0.6497297 0.2578125
vt 0.5950076 0.2366151
vt 0.6499919 0.2544805
vt 0.5932613 0.2394648
vt 0.6696849 0.2578125
vt 0.5792878 0.2251939
vt 0.6694227 0.2544805
vt 0.5771171 0.2277354
vt 0.6893945 0.2546908
vt 0.5655481 0.2114543
vt 0.6886142 0.2514409
vt 0.5630066 0.2136249
vt 0.7083731 0.2485242
vt 0.554127 0.1957345
vt 0.707094 0.2454364
vt 0.5512772 0.1974808
vt 0.7261533 0.2394647
vt 0.5453056 0.1784215
vt 0.724407 0.236615
vt 0.5422177 0.1797006
vt 0.7422974 0.2277353
vt 0.5393012 0.1599417
vt 0.7401268 0.2251939
vt 0.5360512 0.160722
vt 0.7564079 0.2136248
vt 0.5362615 0.1407502
vt 0.7538664 0.2114542
vt 0.5329295 0.1410124
vt 0.7681373 0.1974807
vt 0.5362615 0.1213194
vt 0.7652876 0.1957344
vt 0.5329295 0.1210572
vt 0.7771968 0.1797004
vt 0.5393011 0.1021278
vt 0.7741089 0.1784214
vt 0.5360512 0.1013476
vt 0.7833633 0.1607219
vt 0.5453056 0.08364807
vt 0.7801134 0.1599416
vt 0.5422177 0.08236904
vt 0.786485 0.1410123
vt 0.5541269 0.0663351
vt 0.783153 0.1407501
vt 0.5512772 0.06458879
vt 0.786485 0.121057
vt 0.565548 0.05061527
vt 0.783153 0.1213193
vt 0.5630066 0.04844464
vt 0.7833633 0.1013475
vt 0.5792876 0.03687562
vt 0.7801133 0.1021277
vt 0.577117 0.03433415
vt 0.7771968 0.08236892
vt 0.5950075 0.02545448
vt 0.7741089 0.08364795
vt 0.5932612 0.02260473
vt 0.7681372 0.06458867
vt 0.6123204 0.01663308
vt 0.7652875 0.066335
vt 0.6110414 0.01354523
vt 0.7564078 0.04844454
vt 0.6308002 0.01062862
vt 0.7538664 0.05061517
vt 0.63002 0.007378709
vt 0.7422973 0.03433406
vt 0.6499918 0.007588967
vt 0.7401267 0.03687553
vt 0.6497295 0.004257015
vt 0.7261532 0.02260467
vt 0.6694226 0.007588965
vt 0.7244068 0.02545441
vt 0.6696848 0.004257007
vt 0.708373 0.01354519
vt 0.6886141 0.0106286
vt 0.7070939 0.01663303
vt 0.6893944 0.007378691
f 1/1/1 3/3/3 2/2/2
f 1/1/1 5/5/5 4/4/4
f 6/6/6 8/8/8 7/7/7
f 9/9/9 11/11/11 10/10/10
f 9/9/9 12/12/12 11/11/11
f 13/13/13 12/12/12 9/9/9
f 12/12/12 14/14/14 11/11/11
f 13/13/13 15/15/15 12/12/12
f 16/16/16 15/15/15 13/13/13
f 12/12/12 17/17/17 14/14/14
f 15/15/15 17/17/17 12/12/12
f 17/17/17 18/18/18 14/14/14
f 16/16/16 19/19/19 15/15/15
f 20/20/20 19/19/19 16/16/16
f 17/17/17 21/21/21 18/18/18
f 21/21/21 22/22/22 18/18/18
f 15/15/15 23/23/23 17/17/17
f 19/19/19 23/23/23 15/15/15
f 23/23/23 21/21/21 17/17/17
f 20/20/20 24/24/24 19/19/19
f 25/25/25 24/24/24 20/20/20
f 21/21/21 26/26/26 22/22/22
f 26/26/26 27/27/27 22/22/22
f 19/19/19 28/28/28 23/23/23
f 24/24/24 28/28/28 19/19/19
f 23/23/23 29/29/29 21/21/21
f 29/29/29 26/26/26 21/21/21
f 28/28/28 29/29/29 23/23/23
f 25/25/25 30/30/30 24/24/24
f 31/31/31 30/30/30 25/25/25
f 26/26/26 32/32/32 27/27/27
f 32/32/32 33/33/33 27/27/27
f 24/24/24 34/34/34 28/28/28
f 30/30/30 34/34/34 24/24/24
f 28/28/28 35/35/35 29/29/29
f 34/34/34 35/35/35 28/28/28
f 29/29/29 36/36/36 26/26/26
f 36/36/36 32/32/32 26/26/26
f 35/35/35 36/36/36 29/29/29
f 31/31/31 37/37/37 30/30/30
f 38/38/38 37/37/37 31/31/31
f 32/32/32 39/39/39 33/33/33
f 39/39/39 40/40/40 33/33/33
f 30/30/30 41/41/41 34/34/34
f 37/37/37 41/41/41 30/30/30
f 34/34/34 42/42/42 35/35/35
f 41/41/41 42/42/42 34/34/34
f 35/35/35 43/43/43 36/36/36
f 42/42/42 43/43/43 35/35/35
f 36/36/36 44/44/44 32/32/32
f 44/44/44 39/39/39 32/32/32
f 43/43/43 44/44/44 36/36/36
f 38/38/38 45/45/45 37/37/37
f 46/46/46 45/45/45 38/38/38
f 39/39/39 47/47/47 40/40/40
f 47/47/47 48/48/48 40/40/40
f 37/37/37 49/49/49 41/41/41
f 45/45/45 49/49/49 37/37/37
f 41/41/41 50/50/50 42/42/42
f 49/49/49 50/50/50 41/41/41
f 42/42/42 51/51/51 43/43/43
f 50/50/50 51/51/51 42/42/42
f 43/43/43 52/52/52 44/44/44
f 51/51/51 52/52/52 43/43/43
f 44/44/44 53/53/53 39/39/39
f 53/53/53 47/47/47 39/39/39
f 52/52/52 53/53/53 44/44/44
f 47/47/47 54/54/54 48/48/48
f 54/54/54 55/55/55 48/48/48
f 53/53/53 56/56/56 47/47/47
f 56/56/56 54/54/54 47/47/47
f 52/52/52 57/57/57 53/53/53
f 57/57/57 56/56/56 53/53/53
f 51/51/51 58/58/58 52/52/52
f 58/58/58 57/57/57 52/52/52
f 50/50/50 59/59/59 51/51/51
f 59/59/59 58/58/58 51/51/51
f 54/54/54 60/60/60 55/55/55
f 60/60/60 61/61/61 55/55/55
f 56/56/56 62/62/62 54/54/54
f 62/62/62 60/60/60 54/54/54
f 57/57/57 63/63/63 56/56/56
f 63/63/63 62/62/62 56/56/56
f 58/58/58 64/64/64 57/57/57
f 64/64/64 63/63/63 57/57/57
f 60/60/60 65/65/65 61/61/61
f 65/65/65 66/66/66 61/61/61
f 65/65/65 67/67/67 66/66/66
f 62/62/62 68/68/68 60/60/60
f 68/68/68 65/65/65 60/60/60
f 69/69/69 67/67/67 65/65/65
f 68/68/68 69/69/69 65/65/65
f 69/69/69 70/70/70 67/67/67
f 63/63/63 71/71/71 62/62/62
f 71/71/71 68/68/68 62/62/62
f 72/72/72 69/69/69 68/68/68
f 71/71/71 72/72/72 68/68/68
f 73/73/73 70/70/70 69/69/69
f 72/72/72 73/73/73 69/69/69
f 73/73/73 74/74/74 70/70/70
f 75/75/75 71/71/71 63/63/63
f 64/64/64 75/75/75 63/63/63
f 76/76/76 72/72/72 71/71/71
f 75/75/75 76/76/76 71/71/71
f 77/77/77 73/73/73 72/72/72
f 76/76/76 77/77/77 72/72/72
f 78/78/78 74/74/74 73/73/73
f 77/77/77 78/78/78 73/73/73
f 78/78/78 79/79/79 74/74/74
f 80/80/80 79/79/79 78/78/78
f 80/80/80 81/81/81 79/79/79
f 82/82/82 78/78/78 77/77/77
f 82/82/82 80/80/80 78/78/78
f 83/83/83 77/77/77 76/76/76
f 83/83/83 82/82/82 77/77/77
f 84/84/84 76/76/76 75/75/75
f 84/84/84 83/83/83 76/76/76
f 85/85/85 75/75/75 64/64/64
f 85/85/85 84/84/84 75/75/75
f 86/86/86 81/81/81 80/80/80
f 86/86/86 87/87/87 81/81/81
f 88/88/88 80/80/80 82/82/82
f 88/88/88 86/86/86 80/80/80
f 89/89/89 82/82/82 83/83/83
f 89/89/89 88/88/88 82/82/82
f 90/90/90 83/83/83 84/84/84
f 90/90/90 89/89/89 83/83/83
f 91/91/91 87/87/87 86/86/86
f 91/91/91 92/92/92 87/87/87
f 93/93/93 86/86/86 88/88/88
f 93/93/93 91/91/91 86/86/86
f 94/94/94 88/88/88 89/89/89
f 94/94/94 93/93/93 88/88/88
f 95/95/95 92/92/92 91/91/91
f 95/95/95 96/96/96 92/92/92
f 97/97/97 91/91/91 93/93/93
f 97/97/97 95/95/95 91/91/91
f 98/98/98 96/96/96 95/95/95
f 98/98/98 99/99/99 96/96/96
f 100/100/100 90/90/90 84/84/84
f 100/100/100 84/84/84 85/85/85
f 101/101/101 89/89/89 90/90/90
f 101/101/101 94/94/94 89/89/89
f 102/102/102 93/93/93 94/94/94
f 102/102/102 97/97/97 93/93/93
f 103/103/103 95/95/95 97/97/97
f 103/103/103 98/98/98 95/95/95
f 104/104/104 99/99/99 98/98/98
f 104/104/104 105/105/105 99/99/99
f 106/106/106 105/105/105 104/104/104
f 106/106/106 107/107/107 105/105/105
f 108/108/108 106/106/106 104/104/104
f 109/109/109 104/104/104 98/98/98
f 108/108/108 104/104/104 109/109/109
f 109/109/109 98/98/98 103/103/103
f 110/110/110 108/108/108 109/109/109
f 110/110/110 109/109/109 111/111/111
f 111/111/111 109/109/109 103/103/103
f 112/112/112 110/110/110 111/111/111
f 113/113/113 103/103/103 97/97/97
f 111/111/111 103/103/103 113/113/113
f 113/113/113 97/97/97 102/102/102
f 112/112/112 111/111/111 114/114/114
f 114/114/114 111/111/111 113/113/113
f 115/115/115 112/112/112 114/114/114
f 116/116/116 113/113/113 102/102/102
f 114/114/114 113/113/113 116/116/116
f 115/115/115 114/114/114 117/117/117
f 117/117/117 114/114/114 116/116/116
f 118/118/118 115/115/115 117/117/117
f 116/116/116 102/102/102 119/119/119
f 119/119/119 102/102/102 94/94/94
f 119/119/119 94/94/94 101/101/101
f 118/118/118 117/117/117 120/120/120
f 121/121/121 118/118/118 120/120/120
f 117/117/117 116/116/116 122/122/122
f 122/122/122 116/116/116 119/119/119
f 120/120/120 117/117/117 122/122/122
f 123/123/123 119/119/119 101/101/101
f 122/122/122 119/119/119 123/123/123
f 121/121/121 120/120/120 124/124/124
f 125/125/125 121/121/121 124/124/124
f 120/120/120 122/122/122 126/126/126
f 126/126/126 122/122/122 123/123/123
f 124/124/124 120/120/120 126/126/126
f 123/123/123 101/101/101 127/127/127
f 127/127/127 101/101/101 90/90/90
f 127/127/127 90/90/90 100/100/100
f 125/125/125 124/124/124 128/128/128
f 129/129/129 125/125/125 128/128/128
f 124/124/124 126/126/126 130/130/130
f 128/128/128 124/124/124 130/130/130
f 126/126/126 123/123/123 131/131/131
f 131/131/131 123/123/123 127/127/127
f 130/130/130 126/126/126 131/131/131
f 132/132/132 127/127/127 100/100/100
f 131/131/131 127/127/127 132/132/132
f 129/129/129 128/128/128 133/133/133
f 134/134/134 129/129/129 133/133/133
f 128/128/128 130/130/130 135/135/135
f 133/133/133 128/128/128 135/135/135
f 130/130/130 131/131/131 136/136/136
f 136/136/136 131/131/131 132/132/132
f 135/135/135 130/130/130 136/136/136
f 132/132/132 100/100/100 137/137/137
f 137/137/137 100/100/100 85/85/85
f 134/134/134 133/133/133 138/138/138
f 139/139/139 134/134/134 138/138/138
f 139/139/139 138/138/138 140/140/140
f 133/133/133 135/135/135 141/141/141
f 138/138/138 133/133/133 141/141/141
f 140/140/140 138/138/138 142/142/142
f 138/138/138 141/141/141 142/142/142
f 140/140/140 142/142/142 143/143/143
f 135/135/135 136/136/136 144/144/144
f 141/141/141 135/135/135 144/144/144
f 136/136/136 132/132/132 145/145/145
f 145/145/145 132/132/132 137/137/137
f 144/144/144 136/136/136 145/145/145
f 137/137/137 85/85/85 146/146/146
f 146/146/146 85/85/85 64/64/64
f 146/146/146 64/64/64 58/58/58
f 59/59/59 146/146/146 58/58/58
f 147/147/147 137/137/137 146/146/146
f 145/145/145 137/137/137 147/147/147
f 147/147/147 146/146/146 59/59/59
f 143/143/143 142/142/142 148/148/148
f 143/143/143 148/148/148 46/46/46
f 46/46/46 148/148/148 45/45/45
f 144/144/144 145/145/145 149/149/149
f 149/149/149 145/145/145 147/147/147
f 150/150/150 147/147/147 59/59/59
f 149/149/149 147/147/147 150/150/150
f 150/150/150 59/59/59 50/50/50
f 49/49/49 150/150/150 50/50/50
f 45/45/45 151/151/151 49/49/49
f 151/151/151 150/150/150 49/49/49
f 148/148/148 151/151/151 45/45/45
f 151/151/151 149/149/149 150/150/150
f 142/142/142 152/152/152 148/148/148
f 148/148/148 152/152/152 151/151/151
f 152/152/152 149/149/149 151/151/151
f 152/152/152 144/144/144 149/149/149
f 142/142/142 141/141/141 152/152/152
f 141/141/141 144/144/144 152/152/152
f 153/153/153 155/155/155 154/154/154
f 153/153/153 156/156/156 155/155/155
f 157/157/157 156/156/156 153/153/153
f 156/156/156 158/158/158 155/155/155
f 157/157/157 159/159/159 156/156/156
f 160/160/160 159/159/159 157/157/157
f 156/156/156 161/161/161 158/158/158
f 159/159/159 161/161/161 156/156/156
f 161/161/161 162/162/162 158/158/158
f 160/160/160 163/163/163 159/159/159
f 164/164/164 163/163/163 160/160/160
f 161/161/161 165/165/165 162/162/162
f 165/165/165 166/166/166 162/162/162
f 159/159/159 167/167/167 161/161/161
f 163/163/163 167/167/167 159/159/159
f 167/167/167 165/165/165 161/161/161
f 164/164/164 168/168/168 163/163/163
f 169/169/169 168/168/168 164/164/164
f 165/165/165 170/170/170 166/166/166
f 170/170/170 171/171/171 166/166/166
f 163/163/163 172/172/172 167/167/167
f 168/168/168 172/172/172 163/163/163
f 167/167/167 173/173/173 165/165/165
f 173/173/173 170/170/170 165/165/165
f 172/172/172 173/173/173 167/167/167
f 169/169/169 174/174/174 168/168/168
f 175/175/175 174/174/174 169/169/169
f 170/170/170 176/176/176 171/171/171
f 176/176/176 177/177/177 171/171/171
f 168/168/168 178/178/178 172/172/172
f 174/174/174 178/178/178 168/168/168
f 172/172/172 179/179/179 173/173/173
f 178/178/178 179/179/179 172/172/172
f 173/173/173 180/180/180 170/170/170
f 180/180/180 176/176/176 170/170/170
f 179/179/179 180/180/180 173/173/173
f 175/175/175 181/181/181 174/174/174
f 182/182/182 181/181/181 175/175/175
f 176/176/176 183/183/183 177/177/177
f 183/183/183 184/184/184 177/177/177
f 174/174/174 185/185/185 178/178/178
f 181/181/181 185/185/185 174/174/174
f 178/178/178 186/186/186 179/179/179
f 185/185/185 186/186/186 178/178/178
f 179/179/179 187/187/187 180/180/180
f 186/186/186 187/187/187 179/179/179
f 180/180/180 188/188/188 176/176/176
f 188/188/188 183/183/183 176/176/176
f 187/187/187 188/188/188 180/180/180
f 182/182/182 189/189/189 181/181/181
f 190/190/190 189/189/189 182/182/182
f 183/183/183 191/191/191 184/184/184
f 191/191/191 192/192/192 184/184/184
f 181/181/181 193/193/193 185/185/185
f 189/189/189 193/193/193 181/181/181
f 185/185/185 194/194/194 186/186/186
f 193/193/193 194/194/194 185/185/185
f 186/186/186 195/195/195 187/187/187
f 194/194/194 195/195/195 186/186/186
f 187/187/187 196/196/196 188/188/188
f 195/195/195 196/196/196 187/187/187
f 188/188/188 197/197/197 183/183/183
f 197/197/197 191/191/191 183/183/183
f 196/196/196 197/197/197 188/188/188
f 191/191/191 198/198/198 192/192/192
f 198/198/198 199/199/199 192/192/192
f 197/197/197 200/200/200 191/191/191
f 200/200/200 198/198/198 191/191/191
f 196/196/196 201/201/201 197/197/197
f 201/201/201 200/200/200 197/197/197
f 195/195/195 202/202/202 196/196/196
f 202/202/202 201/201/201 196/196/196
f 194/194/194 203/203/203 195/195/195
f 203/203/203 202/202/202 195/195/195
f 198/198/198 204/204/204 199/199/199
f 204/204/204 205/205/205 199/199/199
f 200/200/200 206/206/206 198/198/198
f 206/206/206 204/204/204 198/198/198
f 201/201/201 207/207/207 200/200/200
f 207/207/207 206/206/206 200/200/200
f 202/202/202 208/208/208 201/201/201
f 208/208/208 207/207/207 201/201/201
f 204/204/204 209/209/209 205/205/205
f 209/209/209 210/210/210 205/205/205
f 209/209/209 211/211/211 210/210/210
f 206/206/206 212/212/212 204/204/204
f 212/212/212 209/209/209 204/204/204
f 213/213/213 211/211/211 209/209/209
f 212/212/212 213/213/213 209/209/209
f 213/213/213 214/214/214 211/211/211
f 207/207/207 215/215/215 206/206/206
f 215/215/215 212/212/212 206/206/206
f 216/216/216 213/213/213 212/212/212
f 215/215/215 216/216/216 212/212/212
f 217/217/217 214/214/214 213/213/213
f 216/216/216 217/217/217 213/213/213
f 217/217/217 218/218/218 214/214/214
f 219/219/219 215/215/215 207/207/207
f 208/208/208 219/219/219 207/207/207
f 220/220/220 216/216/216 215/215/215
f 219/219/219 220/220/220 215/215/215
f 221/221/221 217/217/217 216/216/216
f 220/220/220 221/221/221 216/216/216
f 222/222/222 218/218/218 217/217/217
f 221/221/221 222/222/222 217/217/217
f 222/222/222 223/223/223 218/218/218
f 224/224/224 223/223/223 222/222/222
f 224/224/224 225/225/225 223/223/223
f 226/226/226 222/222/222 221/221/221
f 226/226/226 224/224/224 222/222/222
f 227/227/227 221/221/221 220/220/220
f 227/227/227 226/226/226 221/221/221
f 228/228/228 220/220/220 219/219/219
f 228/228/228 227/227/227 220/220/220
f 229/229/229 219/219/219 208/208/208
f 229/229/229 228/228/228 219/219/219
f 230/230/230 225/225/225 224/224/224
f 230/230/230 231/231/231 225/225/225
f 232/232/232 224/224/224 226/226/226
f 232/232/232 230/230/230 224/224/224
f 233/233/233 226/226/226 227/227/227
f 233/233/233 232/232/232 226/226/226
f 234/234/234 227/227/227 228/228/228
f 234/234/234 233/233/233 227/227/227
f 235/235/235 231/231/231 230/230/230
f 235/235/235 236/236/236 231/231/231
f 237/237/237 230/230/230 232/232/232
f 237/237/237 235/235/235 230/230/230
f 238/238/238 232/232/232 233/233/233
f 238/238/238 237/237/237 232/232/232
f 239/239/239 236/236/236 235/235/235
f 239/239/239 240/240/240 236/236/236
f 241/241/241 235/235/235 237/237/237
f 241/241/241 239/239/239 235/235/235
f 242/242/242 240/240/240 239/239/239
f 242/242/242 243/243/243 240/240/240
f 244/244/244 234/234/234 228/228/228
f 244/244/244 228/228/228 229/229/229
f 245/245/245 233/233/233 234/234/234
f 245/245/245 238/238/238 233/233/233
f 246/246/246 237/237/237 238/238/238
f 246/246/246 241/241/241 237/237/237
f 247/247/247 239/239/239 241/241/241
f 247/247/247 242/242/242 239/239/239
f 248/248/248 243/243/243 242/242/242
f 248/248/248 249/249/249 243/243/243
f 250/250/250 249/249/249 248/248/248
f 250/250/250 251/251/251 249/249/249
f 252/252/252 250/250/250 248/248/248
f 253/253/253 248/248/248 242/242/242
f 252/252/252 248/248/248 253/253/253
f 253/253/253 242/242/242 247/247/247
f 254/254/254 252/252/252 253/253/253
f 254/254/254 253/253/253 255/255/255
f 255/255/255 253/253/253 247/247/247
f 256/256/256 254/254/254 255/255/255
f 257/257/257 247/247/247 241/241/241
f 255/255/255 247/247/247 257/257/257
f 257/257/257 241/241/241 246/246/246
f 256/256/256 255/255/255 258/258/258
f 258/258/258 255/255/255 257/257/257
f 259/259/259 256/256/256 258/258/258
f 260/260/260 257/257/257 246/246/246
f 258/258/258 257/257/257 260/260/260
f 259/259/259 258/258/258 261/261/261
f 261/261/261 258/258/258 260/260/260
f 262/262/262 259/259/259 261/261/261
f 260/260/260 246/246/246 263/263/263
f 263/263/263 246/246/246 238/238/238
f 263/263/263 238/238/238 245/245/245
f 262/262/262 261/261/261 264/264/264
f 265/265/265 262/262/262 264/264/264
f 261/261/261 260/260/260 266/266/266
f 266/266/266 260/260/260 263/263/263
f 264/264/264 261/261/261 266/266/266
f 267/267/267 263/263/263 245/245/245
f 266/266/266 263/263/263 267/267/267
f 265/265/265 264/264/264 268/268/268
f 269/269/269 265/265/265 268/268/268
f 264/264/264 266/266/266 270/270/270
f 270/270/270 266/266/266 267/267/267
f 268/268/268 264/264/264 270/270/270
f 267/267/267 245/245/245 271/271/271
f 271/271/271 245/245/245 234/234/234
f 271/271/271 234/234/234 244/244/244
f 269/269/269 268/268/268 272/272/272
f 273/273/273 269/269/269 272/272/272
f 268/268/268 270/270/270 274/274/274
f 272/272/272 268/268/268 274/274/274
f 270/270/270 267/267/267 275/275/275
f 275/275/275 267/267/267 271/271/271
f 274/274/274 270/270/270 275/275/275
f 276/276/276 271/271/271 244/244/244
f 275/275/275 271/271/271 276/276/276
f 273/273/273 272/272/272 277/277/277
f 278/278/278 273/273/273 277/277/277
f 272/272/272 274/274/274 279/279/279
f 277/277/277 272/272/272 279/279/279
f 274/274/274 275/275/275 280/280/280
f 280/280/280 275/275/275 276/276/276
f 279/279/279 274/274/274 280/280/280
f 276/276/276 244/244/244 281/281/281
f 281/281/281 244/244/244 229/229/229
f 278/278/278 277/277/277 282/282/282
f 283/283/283 278/278/278 282/282/282
f 283/283/283 282/282/282 284/284/284
f 277/277/277 279/279/279 285/285/285
f 282/282/282 277/277/277 285/285/285
f 284/284/284 282/282/282 286/286/286
f 282/282/282 285/285/285 286/286/286
f 284/284/284 286/286/286 287/287/287
f 279/279/279 280/280/280 288/288/288
f 285/285/285 279/279/279 288/288/288
f 280/280/280 276/276/276 289/289/289
f 289/289/289 276/276/276 281/281/281
f 288/288/288 280/280/280 289/289/289
f 281/281/281 229/229/229 290/290/290
f 290/290/290 229/229/229 208/208/208
f 290/290/290 208/208/208 202/202/202
f 203/203/203 290/290/290 202/202/202
f 291/291/291 281/281/281 290/290/290
f 289/289/289 281/281/281 291/291/291
f 291/291/291 290/290/290 203/203/203
f 287/287/287 286/286/286 292/292/292
f 287/287/287 292/292/292 190/190/190
f 190/190/190 292/292/292 189/189/189
f 288/288/288 289/289/289 293/293/293
f 293/293/293 289/289/289 291/291/291
f 294/294/294 291/291/291 203/203/203
f 293/293/293 291/291/291 294/294/294
f 294/294/294 203/203/203 194/194/194
f 193/193/193 294/294/294 194/194/194
f 189/189/189 295/295/295 193/193/193
f 295/295/295 294/294/294 193/193/193
f 292/292/292 295/295/295 189/189/189
f 295/295/295 293/293/293 294/294/294
f 286/286/286 296/296/296 292/292/292
f 292/292/292 296/296/296 295/295/295
f 296/296/296 293/293/293 295/295/295
f 296/296/296 288/288/288 293/293/293
f 286/286/286 285/285/285 296/296/296
f 285/285/285 288/288/288 296/296/296
f 297/297/297 299/299/299 298/298/298
f 297/297/297 300/300/300 299/299/299
f 301/301/301 300/300/300 297/297/297
f 300/300/300 302/302/302 299/299/299
f 301/301/301 303/303/303 300/300/300
f 304/304/304 303/303/303 301/301/301
f 300/300/300 305/305/305 302/302/302
f 303/303/303 305/305/305 300/300/300
f 305/305/305 306/306/306 302/302/302
f 304/304/304 307/307/307 303/303/303
f 308/308/308 307/307/307 304/304/304
f 305/305/305 309/309/309 306/306/306
f 309/309/309 310/310/310 306/306/306
f 303/303/303 311/311/311 305/305/305
f 307/307/307 311/311/311 303/303/303
f 311/311/311 309/309/309 305/305/305
f 308/308/308 312/312/312 307/307/307
f 313/313/313 312/312/312 308/308/308
f 309/309/309 314/314/314 310/310/310
f 314/314/314 315/315/315 310/310/310
f 307/307/307 316/316/316 311/311/311
f 312/312/312 316/316/316 307/307/307
f 311/311/311 317/317/317 309/309/309
f 317/317/317 314/314/314 309/309/309
f 316/316/316 317/317/317 311/311/311
f 313/313/313 318/318/318 312/312/312
f 319/319/319 318/318/318 313/313/313
f 314/314/314 320/320/320 315/315/315
f 320/320/320 321/321/321 315/315/315
f 312/312/312 322/322/322 316/316/316
f 318/318/318 322/322/322 312/312/312
f 316/316/316 323/323/323 317/317/317
f 322/322/322 323/323/323 316/316/316
f 317/317/317 324/324/324 314/314/314
f 324/324/324 320/320/320 314/314/314
f 323/323/323 324/324/324 317/317/317
f 319/319/319 325/325/325 318/318/318
f 326/326/326 325/325/325 319/319/319
f 320/320/320 327/327/327 321/321/321
f 327/327/327 328/328/328 321/321/321
f 318/318/318 329/329/329 322/322/322
f 325/325/325 329/329/329 318/318/318
f 322/322/322 330/330/330 323/323/323
f 329/329/329 330/330/330 322/322/322
f 323/323/323 331/331/331 324/324/324
f 330/330/330 331/331/331 323/323/323
f 324/324/324 332/332/332 320/320/320
f 332/332/332 327/327/327 320/320/320
f 331/331/331 332/332/332 324/324/324
f 326/326/326 333/333/333 325/325/325
f 334/334/334 333/333/333 326/326/326
f 327/327/327 335/335/335 328/328/328
f 335/335/335 336/336/336 328/328/328
f 325/325/325 337/337/337 329/329/329
f 333/333/333 337/337/337 325/325/325
f 329/329/329 338/338/338 330/330/330
f 337/337/337 338/338/338 329/329/329
f 330/330/330 339/339/339 331/331/331
f 338/338/338 339/339/339 330/330/330
f 331/331/331 340/340/340 332/332/332
f 339/339/339 340/340/340 331/331/331
f 332/332/332 341/341/341 327/327/327
f 341/341/341 335/335/335 327/327/327
f 340/340/340 341/341/341 332/332/332
f 335/335/335 342/342/342 336/336/336
f 342/342/342 343/343/343 336/336/336
f 341/341/341 344/344/344 335/335/335
f 344/344/344 342/342/342 335/335/335
f 340/340/340 345/345/345 341/341/341
f 345/345/345 344/344/344 341/341/341
f 339/339/339 346/346/346 340/340/340
f 346/346/346 345/345/345 340/340/340
f 338/338/338 347/347/347 339/339/339
f 347/347/347 346/346/346 339/339/339
f 342/342/342 348/348/348 343/343/343
f 348/348/348 349/349/349 343/343/343
f 344/344/344 350/350/350 342/342/342
f 350/350/350 348/348/348 342/342/342
f 345/345/345 351/351/351 344/344/344
f 351/351/351 350/350/350 344/344/344
f 346/346/346 352/352/352 345/345/345
f 352/352/352 351/351/351 345/345/345
f 348/348/348 353/353/353 349/349/349
f 353/353/353 354/354/354 349/349/349
f 353/353/353 355/355/355 354/354/354
f 350/350/350 356/356/356 348/348/348
f 356/356/356 353/353/353 348/348/348
f 357/357/357 355/355/355 353/353/353
f 356/356/356 357/357/357 353/353/353
f 357/357/357 358/358/358 355/355/355
f 351/351/351 359/359/359 350/350/350
f 359/359/359 356/356/356 350/350/350
f 360/360/360 357/357/357 356/356/356
f 359/359/359 360/360/360 356/356/356
f 361/361/361 358/358/358 357/357/357
f 360/360/360 361/361/361 357/357/357
f 361/361/361 362/362/362 358/358/358
f 363/363/363 359/359/359 351/351/351
f 352/352/352 363/363/363 351/351/351
f 364/364/364 360/360/360 359/359/359
f 363/363/363 364/364/364 359/359/359
f 365/365/365 361/361/361 360/360/360
f 364/364/364 365/365/365 360/360/360
f 366/366/366 362/362/362 361/361/361
f 365/365/365 366/366/366 361/361/361
f 366/366/366 367/367/367 362/362/362
f 368/368/368 367/367/367 366/366/366
f 368/368/368 369/369/369 367/367/367
f 370/370/370 366/366/366 365/365/365
f 370/370/370 368/368/368 366/366/366
f 371/371/371 365/365/365 364/364/364
f 371/371/371 370/370/370 365/365/365
f 372/372/372 364/364/364 363/363/363
f 372/372/372 371/371/371 364/364/364
f 373/373/373 363/363/363 352/352/352
f 373/373/373 372/372/372 363/363/363
f 374/374/374 369/369/369 368/368/368
f 374/374/374 375/375/375 369/369/369
f 376/376/376 368/368/368 370/370/370
f 376/376/376 374/374/374 368/368/368
f 377/377/377 370/370/370 371/371/371
f 377/377/377 376/376/376 370/370/370
f 378/378/378 371/371/371 372/372/372
f 378/378/378 377/377/377 371/371/371
f 379/379/379 375/375/375 374/374/374
f 379/379/379 380/380/380 375/375/375
f 381/381/381 374/374/374 376/376/376
f 381/381/381 379/379/379 374/374/374
f 382/382/382 376/376/376 377/377/377
f 382/382/382 381/381/381 376/376/376
f 383/383/383 380/380/380 379/379/379
f 383/383/383 384/384/384 380/380/380
f 385/385/385 379/379/379 381/381/381
f 385/385/385 383/383/383 379/379/379
f 386/386/386 384/384/384 383/383/383
f 386/386/386 387/387/387 384/384/384
f 388/388/388 378/378/378 372/372/372
f 388/388/388 372/372/372 373/373/373
f 389/389/389 377/377/377 378/378/378
f 389/389/389 382/382/382 377/377/377
f 390/390/390 381/381/381 382/382/382
f 390/390/390 385/385/385 381/381/381
f 391/391/391 383/383/383 385/385/385
f 391/391/391 386/386/386 383/383/383
f 392/392/392 387/387/387 386/386/386
f 392/392/392 393/393/393 387/387/387
f 394/394/394 393/393/393 392/392/392
f 394/394/394 395/395/395 393/393/393
f 396/396/396 394/394/394 392/392/392
f 397/397/397 392/392/392 386/386/386
f 396/396/396 392/392/392 397/397/397
f 397/397/397 386/386/386 391/391/391
f 398/398/398 396/396/396 397/397/397
f 398/398/398 397/397/397 399/399/399
f 399/399/399 397/397/397 391/391/391
f 400/400/400 398/398/398 399/399/399
f 401/401/401 391/391/391 385/385/385
f 399/399/399 391/391/391 401/401/401
f 401/401/401 385/385/385 390/390/390
f 400/400/400 399/399/399 402/402/402
f 402/402/402 399/399/399 401/401/401
f 403/403/403 400/400/400 402/402/402
f 404/404/404 401/401/401 390/390/390
f 402/402/402 401/401/401 404/404/404
f 403/403/403 402/402/402 405/405/405
f 405/405/405 402/402/402 404/404/404
f 406/406/406 403/403/403 405/405/405
f 404/404/404 390/390/390 407/407/407
f 407/407/407 390/390/390 382/382/382
f 407/407/407 382/382/382 389/389/389
f 406/406/406 405/405/405 408/408/408
f 409/409/409 406/406/406 408/408/408
f 405/405/405 404/404/404 410/410/410
f 410/410/410 404/404/404 407/407/407
f 408/408/408 405/405/405 410/410/410
f 411/411/411 407/407/407 389/389/389
f 410/410/410 407/407/407 411/411/411
f 409/409/409 408/408/408 412/412/412
f 413/413/413 409/409/409 412/412/412
f 408/408/408 410/410/410 414/414/414
f 414/414/414 410/410/410 411/411/411
f 412/412/412 408/408/408 414/414/414
f 411/411/411 389/389/389 415/415/415
f 415/415/415 389/389/389 378/378/378
f 415/415/415 378/378/378 388/388/388
f 413/413/413 412/412/412 416/416/416
f 417/417/417 413/413/413 416/416/416
f 412/412/412 414/414/414 418/418/418
f 416/416/416 412/412/412 418/418/418
f 414/414/414 411/411/411 419/419/419
f 419/419/419 411/411/411 415/415/415
f 418/418/418 414/414/414 419/419/419
f 420/420/420 415/415/415 388/388/388
f 419/419/419 415/415/415 420/420/420
f 417/417/417 416/416/416 421/421/421
f 422/422/422 417/417/417 421/421/421
f 416/416/416 418/418/418 423/423/423
f 421/421/421 416/416/416 423/423/423
f 418/418/418 419/419/419 424/424/424
f 424/424/424 419/419/419 420/420/420
f 423/423/423 418/418/418 424/424/424
f 420/420/420 388/388/388 425/425/425
f 425/425/425 388/388/388 373/373/373
f 422/422/422 421/421/421 426/426/426
f 427/427/427 422/422/422 426/426/426
f 427/427/427 426/426/426 428/428/428
f 421/421/421 423/423/423 429/429/429
f 426/426/426 421/421/421 429/429/429
f 428/428/428 426/426/426 430/430/430
f 426/426/426 429/429/429 430/430/430
f 428/428/428 430/430/430 431/431/431
f 423/423/423 424/424/424 432/432/432
f 429/429/429 423/423/423 432/432/432
f 424/424/424 420/420/420 433/433/433
f 433/433/433 420/420/420 425/425/425
f 432/432/432 424/424/424 433/433/433
f 425/425/425 373/373/373 434/434/434
f 434/434/434 373/373/373 352/352/352
f 434/434/434 352/352/352 346/346/346
f 347/347/347 434/434/434 346/346/346
f 435/435/435 425/425/425 434/434/434
f 433/433/433 425/425/425 435/435/435
f 435/435/435 434/434/434 347/347/347
f 431/431/431 430/430/430 436/436/436
f 431/431/431 436/436/436 334/334/334
f 334/334/334 436/436/436 333/333/333
f 432/432/432 433/433/433 437/437/437
f 437/437/437 433/433/433 435/435/435
f 438/438/438 435/435/435 347/347/347
f 437/437/437 435/435/435 438/438/438
f 438/438/438 347/347/347 338/338/338
f 337/337/337 438/438/438 338/338/338
f 333/333/333 439/439/439 337/337/337
f 439/439/439 438/438/438 337/337/337
f 436/436/436 439/439/439 333/333/333
f 439/439/439 437/437/437 438/438/438
f 430/430/430 440/440/440 436/436/436
f 436/436/436 440/440/440 439/439/439
f 440/440/440 437/437/437 439/439/439
f 440/440/440 432/432/432 437/437/437
f 430/430/430 429/429/429 440/440/440
f 429/429/429 432/432/432 440/440/440
f 441/441/441 443/443/443 442/442/442
f 441/441/441 444/444/444 443/443/443
f 445/445/445 444/444/444 441/441/441
f 444/444/444 446/446/446 443/443/443
f 445/445/445 447/447/447 444/444/444
f 448/448/448 447/447/447 445/445/445
f 444/444/444 449/449/449 446/446/446
f 447/447/447 449/449/449 444/444/444
f 449/449/449 450/450/450 446/446/446
f 448/448/448 451/451/451 447/447/447
f 452/452/452 451/451/451 448/448/448
f 449/449/449 453/453/453 450/450/450
f 453/453/453 454/454/454 450/450/450
f 447/447/447 455/455/455 449/449/449
f 451/451/451 455/455/455 447/447/447
f 455/455/455 453/453/453 449/449/449
f 452/452/452 456/456/456 451/451/451
f 457/457/457 456/456/456 452/452/452
f 453/453/453 458/458/458 454/454/454
f 458/458/458 459/459/459 454/454/454
f 451/451/451 460/460/460 455/455/455
f 456/456/456 460/460/460 451/451/451
f 455/455/455 461/461/461 453/453/453
f 461/461/461 458/458/458 453/453/453
f 460/460/460 461/461/461 455/455/455
f 457/457/457 462/462/462 456/456/456
f 463/463/463 462/462/462 457/457/457
f 458/458/458 464/464/464 459/459/459
f 464/464/464 465/465/465 459/459/459
f 456/456/456 466/466/466 460/460/460
f 462/462/462 466/466/466 456/456/456
f 460/460/460 467/467/467 461/461/461
f 466/466/466 467/467/467 460/460/460
f 461/461/461 468/468/468 458/458/458
f 468/468/468 464/464/464 458/458/458
f 467/467/467 468/468/468 461/461/461
f 463/463/463 469/469/469 462/462/462
f 470/470/470 469/469/469 463/463/463
f 464/464/464 471/471/471 465/465/465
f 471/471/471 472/472/472 465/465/465
f 462/462/462 473/473/473 466/466/466
f 469/469/469 473/473/473 462/462/462
f 466/466/466 474/474/474 467/467/467
f 473/473/473 474/474/474 466/466/466
f 467/467/467 475/475/475 468/468/468
f 474/474/474 475/475/475 467/467/467
f 468/468/468 476/476/476 464/464/464
f 476/476/476 471/471/471 464/464/464
f 475/475/475 476/476/476 468/468/468
f 470/470/470 477/477/477 469/469/469
f 478/478/478 477/477/477 470/470/470
f 471/471/471 479/479/479 472/472/472
f 479/479/479 480/480/480 472/472/472
f 469/469/469 481/481/481 473/473/473
f 477/477/477 481/481/481 469/469/469
f 473/473/473 482/482/482 474/474/474
f 481/481/481 482/482/482 473/473/473
f 474/474/474 483/483/483 475/475/475
f 482/482/482 483/483/483 474/474/474
f 475/475/475 484/484/484 476/476/476
f 483/483/483 484/484/484 475/475/475
f 476/476/476 485/485/485 471/471/471
f 485/485/485 479/479/479 471/471/471
f 484/484/484 485/485/485 476/476/476
f 479/479/479 486/486/486 480/480/480
f 486/486/486 487/487/487 480/480/480
f 485/485/485 488/488/488 479/479/479
f 488/488/488 486/486/486 479/479/479
f 484/484/484 489/489/489 485/485/485
f 489/489/489 488/488/488 485/485/485
f 483/483/483 490/490/490 484/484/484
f 490/490/490 489/489/489 484/484/484
f 482/482/482 491/491/491 483/483/483
f 491/491/491 490/490/490 483/483/483
f 486/486/486 492/492/492 487/487/487
f 492/492/492 493/493/493 487/487/487
f 488/488/488 494/494/494 486/486/486
f 494/494/494 492/492/492 486/486/486
f 489/489/489 495/495/495 488/488/488
f 495/495/495 494/494/494 488/488/488
f 490/490/490 496/496/496 489/489/489
f 496/496/496 495/495/495 489/489/489
f 492/492/492 497/497/497 493/493/493
f 497/497/497 498/498/498 493/493/493
f 497/497/497 499/499/499 498/498/498
f 494/494/494 500/500/500 492/492/492
f 500/500/500 497/497/497 492/492/492
f 501/501/501 499/499/499 497/497/497
f 500/500/500 501/501/501 497/497/497
f 501/501/501 502/502/502 499/499/499
f 495/495/495 503/503/503 494/494/494
f 503/503/503 500/500/500 494/494/494
f 504/504/504 501/501/501 500/500/500
f 503/503/503 504/504/504 500/500/500
f 505/505/505 502/502/502 501/501/501
f 504/504/504 505/505/505 501/501/501
f 505/505/505 506/506/506 502/502/502
f 507/507/507 503/503/503 495/495/495
f 496/496/496 507/507/507 495/495/495
f 508/508/508 504/504/504 503/503/503
f 507/507/507 508/508/508 503/503/503
f 509/509/509 505/505/505 504/504/504
f 508/508/508 509/509/509 504/504/504
f 510/510/510 506/506/506 505/505/505
f 509/509/509 510/510/510 505/505/505
f 510/510/510 511/511/511 506/506/506
f 512/512/512 511/511/511 510/510/510
f 512/512/512 513/513/513 511/511/511
f 514/514/514 510/510/510 509/509/509
f 514/514/514 512/512/512 510/510/510
f 515/515/515 509/509/509 508/508/508
f 515/515/515 514/514/514 509/509/509
f 516/516/516 508/508/508 507/507/507
f 516/516/516 515/515/515 508/508/508
f 517/517/517 507/507/507 496/496/496
f 517/517/517 516/516/516 507/507/507
f 518/518/518 513/513/513 512/512/512
f 518/518/518 519/519/519 513/513/513
f 520/520/520 512/512/512 514/514/514
f 520/520/520 518/518/518 512/512/512
f 521/521/521 514/514/514 515/515/515
f 521/521/521 520/520/520 514/514/514
f 522/522/522 515/515/515 516/516/516
f 522/522/522 521/521/521 515/515/515
f 523/523/523 519/519/519 518/518/518
f 523/523/523 524/524/524 519/519/519
f 525/525/525 518/518/518 520/520/520
f 525/525/525 523/523/523 518/518/518
f 526/526/526 520/520/520 521/521/521
f 526/526/526 525/525/525 520/520/520
f 527/527/527 524/524/524 523/523/523
f 527/527/527 528/528/528 524/524/524
f 529/529/529 523/523/523 525/525/525
f 529/529/529 527/527/527 523/523/523
f 530/530/530 528/528/528 527/527/527
f 530/530/530 531/531/531 528/528/528
f 532/532/532 522/522/522 516/516/516
f 532/532/532 516/516/516 517/517/517
f 533/533/533 521/521/521 522/522/522
f 533/533/533 526/526/526 521/521/521
f 534/534/534 525/525/525 526/526/526
f 534/534/534 529/529/529 525/525/525
f 535/535/535 527/527/527 529/529/529
f 535/535/535 530/530/530 527/527/527
f 536/536/536 531/531/531 530/530/530
f 536/536/536 537/537/537 531/531/531
f 538/538/538 537/537/537 536/536/536
f 538/538/538 539/539/539 537/537/537
f 540/540/540 538/538/538 536/536/536
f 541/541/541 536/536/536 530/530/530
f 540/540/540 536/536/536 541/541/541
f 541/541/541 530/530/530 535/535/535
f 542/542/542 540/540/540 541/541/541
f 542/542/542 541/541/541 543/543/543
f 543/543/543 541/541/541 535/535/535
f 544/544/544 542/542/542 543/543/543
f 545/545/545 535/535/535 529/529/529
f 543/543/543 535/535/535 545/545/545
f 545/545/545 529/529/529 534/534/534
f 544/544/544 543/543/543 546/546/546
f 546/546/546 543/543/543 545/545/545
f 547/547/547 544/544/544 546/546/546
f 548/548/548 545/545/545 534/534/534
f 546/546/546 545/545/545 548/548/548
f 547/547/547 546/546/546 549/549/549
f 549/549/549 546/546/546 548/548/548
f 550/550/550 547/547/547 549/549/549
f 548/548/548 534/534/534 551/551/551
f 551/551/551 534/534/534 526/526/526
f 551/551/551 526/526/526 533/533/533
f 550/550/550 549/549/549 552/552/552
f 553/553/553 550/550/550 552/552/552
f 549/549/549 548/548/548 554/554/554
f 554/554/554 548/548/548 551/551/551
f 552/552/552 549/549/549 554/554/554
f 555/555/555 551/551/551 533/533/533
f 554/554/554 551/551/551 555/555/555
f 553/553/553 552/552/552 556/556/556
f 557/557/557 553/553/553 556/556/556
f 552/552/552 554/554/554 558/558/558
f 558/558/558 554/554/554 555/555/555
f 556/556/556 552/552/552 558/558/558
f 555/555/555 533/533/533 559/559/559
f 559/559/559 533/533/533 522/522/522
f 559/559/559 522/522/522 532/532/532
f 557/557/557 556/556/556 560/560/560
f 561/561/561 557/557/557 560/560/560
f 556/556/556 558/558/558 562/562/562
f 560/560/560 556/556/556 562/562/562
f 558/558/558 555/555/555 563/563/563
f 563/563/563 555/555/555 559/559/559
f 562/562/562 558/558/558 563/563/563
f 564/564/564 559/559/559 532/532/532
f 563/563/563 559/559/559 564/564/564
f 561/561/561 560/560/560 565/565/565
f 566/566/566 561/561/561 565/565/565
f 560/560/560 562/562/562 567/567/567
f 565/565/565 560/560/560 567/567/567
f 562/562/562 563/563/563 568/568/568
f 568/568/568 563/563/563 564/564/564
f 567/567/567 562/562/562 568/568/568
f 564/564/564 532/532/532 569/569/569
f 569/569/569 532/532/532 517/517/517
f 566/566/566 565/565/565 570/570/570
f 571/571/571 566/566/566 570/570/570
f 571/571/571 570/570/570 572/572/572
f 565/565/565 567/567/567 573/573/573
f 570/570/570 565/565/565 573/573/573
f 572/572/572 570/570/570 574/574/574
f 570/570/570 573/573/573 574/574/574
f 572/572/572 574/574/574 575/575/575
f 567/567/567 568/568/568 576/576/576
f 573/573/573 567/567/567 576/576/576
f 568/568/568 564/564/564 577/577/577
f 577/577/577 564/564/564 569/569/569
f 576/576/576 568/568/568 577/577/577
f 569/569/569 517/517/517 578/578/578
f 578/578/578 517/517/517 496/496/496
f 578/578/578 496/496/496 490/490/490
f 491/491/491 578/578/578 490/490/490
f 579/579/579 569/569/569 578/578/578
f 577/577/577 569/569/569 579/579/579
f 579/579/579 578/578/578 491/491/491
f 575/575/575 574/574/574 580/580/580
f 575/575/575 580/580/580 478/478/478
f 478/478/478 580/580/580 477/477/477
f 576/576/576 577/577/577 581/581/581
f 581/581/581 577/577/577 579/579/579
f 582/582/582 579/579/579 491/491/491
f 581/581/581 579/579/579 582/582/582
f 582/582/582 491/491/491 482/482/482
f 481/481/481 582/582/582 482/482/482
f 477/477/477 583/583/583 481/481/481
f 583/583/583 582/582/582 481/481/481
f 580/580/580 583/583/583 477/477/477
f 583/583/583 581/581/581 582/582/582
f 574/574/574 584/584/584 580/580/580
f 580/580/580 584/584/584 583/583/583
f 584/584/584 581/581/581 583/583/583
f 584/584/584 576/576/576 581/581/581
f 574/574/574 573/573/573 584/584/584
f 573/573/573 576/576/576 584/584/584
f 585/585/585 587/587/587 586/586/586
f 585/585/585 588/588/588 587/587/587
f 589/589/589 588/588/588 585/585/585
f 588/588/588 590/590/590 587/587/587
f 589/589/589 591/591/591 588/588/588
f 592/592/592 591/591/591 589/589/589
f 588/588/588 593/593/593 590/590/590
f 591/591/591 593/593/593 588/588/588
f 593/593/593 594/594/594 590/590/590
f 592/592/592 595/595/595 591/591/591
f 596/596/596 595/595/595 592/592/592
f 593/593/593 597/597/597 594/594/594
f 597/597/597 598/598/598 594/594/594
f 591/591/591 599/599/599 593/593/593
f 595/595/595 599/599/599 591/591/591
f 599/599/599 597/597/597 593/593/593
f 596/596/596 600/600/600 595/595/595
f 601/601/601 600/600/600 596/596/596
f 597/597/597 602/602/602 598/598/598
f 602/602/602 603/603/603 598/598/598
f 595/595/595 604/604/604 599/599/599
f 600/600/600 604/604/604 595/595/595
f 599/599/599 605/605/605 597/597/597
f 605/605/605 602/602/602 597/597/597
f 604/604/604 605/605/605 599/599/599
f 601/601/601 606/606/606 600/600/600
f 607/607/607 606/606/606 601/601/601
f 602/602/602 608/608/608 603/603/603
f 608/608/608 609/609/609 603/603/603
f 600/600/600 610/610/610 604/604/604
f 606/606/606 610/610/610 600/600/600
f 604/604/604 611/611/611 605/605/605
f 610/610/610 611/611/611 604/604/604
f 605/605/605 612/612/612 602/602/602
f 612/612/612 608/608/608 602/602/602
f 611/611/611 612/612/612 605/605/605
f 607/607/607 613/613/613 606/606/606
f 614/614/614 613/613/613 607/607/607
f 608/608/608 615/615/615 609/609/609
f 615/615/615 616/616/616 609/609/609
f 606/606/606 617/617/617 610/610/610
f 613/613/613 617/617/617 606/606/606
f 610/610/610 618/618/618 611/611/611
f 617/617/617 618/618/618 610/610/610
f 611/611/611 619/619/619 612/612/612
f 618/618/618 619/619/619 611/611/611
f 612/612/612 620/620/620 608/608/608
f 620/620/620 615/615/615 608/608/608
f 619/619/619 620/620/620 612/612/612
f 614/614/614 621/621/621 613/613/613
f 622/622/622 621/621/621 614/614/614
f 615/615/615 623/623/623 616/616/616
f 623/623/623 624/624/624 616/616/616
f 613/613/613 625/625/625 617/617/617
f 621/621/621 625/625/625 613/613/613
f 617/617/617 626/626/626 618/618/618
f 625/625/625 626/626/626 617/617/617
f 618/618/618 627/627/627 619/619/619
f 626/626/626 627/627/627 618/618/618
f 619/619/619 628/628/628 620/620/620
f 627/627/627 628/628/628 619/619/619
f 620/620/620 629/629/629 615/615/615
f 629/629/629 623/623/623 615/615/615
f 628/628/628 629/629/629 620/620/620
f 623/623/623 630/630/630 624/624/624
f 630/630/630 631/631/631 624/624/624
f 629/629/629 632/632/632 623/623/623
f 632/632/632 630/630/630 623/623/623
f 628/628/628 633/633/633 629/629/629
f 633/633/633 632/632/632 629/629/629
f 627/627/627 634/634/634 628/628/628
f 634/634/634 633/633/633 628/628/628
f 626/626/626 635/635/635 627/627/627
f 635/635/635 634/634/634 627/627/627
f 630/630/630 636/636/636 631/631/631
f 636/636/636 637/637/637 631/631/631
f 632/632/632 638/638/638 630/630/630
f 638/638/638 636/636/636 630/630/630
f 633/633/633 639/639/639 632/632/632
f 639/639/639 638/638/638 632/632/632
f 634/634/634 640/640/640 633/633/633
f 640/640/640 639/639/639 633/633/633
f 636/636/636 641/641/641 637/637/637
f 641/641/641 642/642/642 637/637/637
f 641/641/641 643/643/643 642/642/642
f 638/638/638 644/644/644 636/636/636
f 644/644/644 641/641/641 636/636/636
f 645/645/645 643/643/643 641/641/641
f 644/644/644 645/645/645 641/641/641
f 645/645/645 646/646/646 643/643/643
f 639/639/639 647/647/647 638/638/638
f 647/647/647 644/644/644 638/638/638
f 648/648/648 645/645/645 644/644/644
f 647/647/647 648/648/648 644/644/644
f 649/649/649 646/646/646 645/645/645
f 648/648/648 649/649/649 645/645/645
f 649/649/649 650/650/650 646/646/646
f 651/651/651 647/647/647 639/639/639
f 640/640/640 651/651/651 639/639/639
f 652/652/652 648/648/648 647/647/647
f 651/651/651 652/652/652 647/647/647
f 653/653/653 649/649/649 648/648/648
f 652/652/652 653/653/653 648/648/648
f 654/654/654 650/650/650 649/649/649
f 653/653/653 654/654/654 649/649/649
f 654/654/654 655/655/655 650/650/650
f 656/656/656 655/655/655 654/654/654
f 656/656/656 657/657/657 655/655/655
f 658/658/658 654/654/654 653/653/653
f 658/658/658 656/656/656 654/654/654
f 659/659/659 653/653/653 652/652/652
f 659/659/659 658/658/658 653/653/653
f 660/660/660 652/652/652 651/651/651
f 660/660/660 659/659/659 652/652/652
f 661/661/661 651/651/651 640/640/640
f 661/661/661 660/660/660 651/651/651
f 662/662/662 657/657/657 656/656/656
f 662/662/662 663/663/663 657/657/657
f 664/664/664 656/656/656 658/658/658
f 664/664/664 662/662/662 656/656/656
f 665/665/665 658/658/658 659/659/659
f 665/665/665 664/664/664 658/658/658
f 666/666/666 659/659/659 660/660/660
f 666/666/666 665/665/665 659/659/659
f 667/667/667 663/663/663 662/662/662
f 667/667/667 668/668/668 663/663/663
f 669/669/669 662/662/662 664/664/664
f 669/669/669 667/667/667 662/662/662
f 670/670/670 664/664/664 665/665/665
f 670/670/670 669/669/669 664/664/664
f 671/671/671 668/668/668 667/667/667
f 671/671/671 672/672/672 668/668/668
f 673/673/673 667/667/667 669/669/669
f 673/673/673 671/671/671 667/667/667
f 674/674/674 672/672/672 671/671/671
f 674/674/674 675/675/675 672/672/672
f 676/676/676 666/666/666 660/660/660
f 676/676/676 660/660/660 661/661/661
f 677/677/677 665/665/665 666/666/666
f 677/677/677 670/670/670 665/665/665
f 678/678/678 669/669/669 670/670/670
f 678/678/678 673/673/673 669/669/669
f 679/679/679 671/671/671 673/673/673
f 679/679/679 674/674/674 671/671/671
f 680/680/680 675/675/675 674/674/674
f 680/680/680 681/681/681 675/675/675
f 682/682/682 681/681/681 680/680/680
f 682/682/682 683/683/683 681/681/681
f 684/684/684 682/682/682 680/680/680
f 685/685/685 680/680/680 674/674/674
f 684/684/684 680/680/680 685/685/685
f 685/685/685 674/674/674 679/679/679
f 686/686/686 684/684/684 685/685/685
f 686/686/686 685/685/685 687/687/687
f 687/687/687 685/685/685 679/679/679
f 688/688/688 686/686/686 687/687/687
f 689/689/689 679/679/679 673/673/673
f 687/687/687 679/679/679 689/689/689
f 689/689/689 673/673/673 678/678/678
f 688/688/688 687/687/687 690/690/690
f 690/690/690 687/687/687 689/689/689
f 691/691/691 688/688/688 690/690/690
f 692/692/692 689/689/689 678/678/678
f 690/690/690 689/689/689 692/692/692
f 691/691/691 690/690/690 693/693/693
f 693/693/693 690/690/690 692/692/692
f 694/694/694 691/691/691 693/693/693
f 692/692/692 678/678/678 695/695/695
f 695/695/695 678/678/678 670/670/670
f 695/695/695 670/670/670 677/677/677
f 694/694/694 693/693/693 696/696/696
f 697/697/697 694/694/694 696/696/696
f 693/693/693 692/692/692 698/698/698
f 698/698/698 692/692/692 695/695/695
f 696/696/696 693/693/693 698/698/698
f 699/699/699 695/695/695 677/677/677
f 698/698/698 695/695/695 699/699/699
f 697/697/697 696/696/696 700/700/700
f 701/701/701 697/697/697 700/700/700
f 696/696/696 698/698/698 702/702/702
f 702/702/702 698/698/698 699/699/699
f 700/700/700 696/696/696 702/702/702
f 699/699/699 677/677/677 703/703/703
f 703/703/703 677/677/677 666/666/666
f 703/703/703 666/666/666 676/676/676
f 701/701/701 700/700/700 704/704/704
f 705/705/705 701/701/701 704/704/704
f 700/700/700 702/702/702 706/706/706
f 704/704/704 700/700/700 706/706/706
f 702/702/702 699/699/699 707/707/707
f 707/707/707 699/699/699 703/703/703
f 706/706/706 702/702/702 707/707/707
f 708/708/708 703/703/703 676/676/676
f 707/707/707 703/703/703 708/708/708
f 705/705/705 704/704/704 709/709/709
f 710/710/710 705/705/705 709/709/709
f 704/704/704 706/706/706 711/711/711
f 709/709/709 704/704/704 711/711/711
f 706/706/706 707/707/707 712/712/712
f 712/712/712 707/707/707 708/708/708
f 711/711/711 706/706/706 712/712/712
f 708/708/708 676/676/676 713/713/713
f 713/713/713 676/676/676 661/661/661
f 710/710/710 709/709/709 714/714/714
f 715/715/715 710/710/710 714/714/714
f 715/715/715 714/714/714 716/716/716
f 709/709/709 711/711/711 717/717/717
f 714/714/714 709/709/709 717/717/717
f 716/716/716 714/714/714 718/718/718
f 714/714/714 717/717/717 718/718/718
f 716/716/716 718/718/718 719/719/719
f 711/711/711 712/712/712 720/720/720
f 717/717/717 711/711/711 720/720/720
f 712/712/712 708/708/708 721/721/721
f 721/721/721 708/708/708 713/713/713
f 720/720/720 712/712/712 721/721/721
f 713/713/713 661/661/661 722/722/722
f 722/722/722 661/661/661 640/640/640
f 722/722/722 640/640/640 634/634/634
f 635/635/635 722/722/722 634/634/634
f 723/723/723 713/713/713 722/722/722
f 721/721/721 713/713/713 723/723/723
f 723/723/723 722/722/722 635/635/635
f 719/719/719 718/718/718 724/724/724
f 719/719/719 724/724/724 622/622/622
f 622/622/622 724/724/724 621/621/621
f 720/720/720 721/721/721 725/725/725
f 725/725/725 721/721/721 723/723/723
f 726/726/726 723/723/723 635/635/635
f 725/725/725 723/723/723 726/726/726
f 726/726/726 635/635/635 626/626/626
f 625/625/625 726/726/726 626/626/626
f 621/621/621 727/727/727 625/625/625
f 727/727/727 726/726/726 625/625/625
f 724/724/724 727/727/727 621/621/621
f 727/727/727 725/725/725 726/726/726
f 718/718/718 728/728/728 724/724/724
f 724/724/724 728/728/728 727/727/727
f 728/728/728 725/725/725 727/727/727
f 728/728/728 720/720/720 725/725/725
f 718/718/718 717/717/717 728/728/728
f 717/717/717 720/720/720 728/728/728
f 729/729/729 731/731/731 730/730/730
f 729/729/729 732/732/732 731/731/731
f 733/733/733 732/732/732 729/729/729
f 732/732/732 734/734/734 731/731/731
f 733/733/733 735/735/735 732/732/732
f 736/736/736 735/735/735 733/733/733
f 732/732/732 737/737/737 734/734/734
f 735/735/735 737/737/737 732/732/732
f 737/737/737 738/738/738 734/734/734
f 736/736/736 739/739/739 735/735/735
f 740/740/740 739/739/739 736/736/736
f 737/737/737 741/741/741 738/738/738
f 741/741/741 742/742/742 738/738/738
f 735/735/735 743/743/743 737/737/737
f 739/739/739 743/743/743 735/735/735
f 743/743/743 741/741/741 737/737/737
f 740/740/740 744/744/744 739/739/739
f 745/745/745 744/744/744 740/740/740
f 741/741/741 746/746/746 742/742/742
f 746/746/746 747/747/747 742/742/742
f 739/739/739 748/748/748 743/743/743
f 744/744/744 748/748/748 739/739/739
f 743/743/743 749/749/749 741/741/741
f 749/749/749 746/746/746 741/741/741
f 748/748/748 749/749/749 743/743/743
f 745/745/745 750/750/750 744/744/744
f 751/751/751 750/750/750 745/745/745
f 746/746/746 752/752/752 747/747/747
f 752/752/752 753/753/753 747/747/747
f 744/744/744 754/754/754 748/748/748
f 750/750/750 754/754/754 744/744/744
f 748/748/748 755/755/755 749/749/749
f 754/754/754 755/755/755 748/748/748
f 749/749/749 756/756/756 746/746/746
f 756/756/756 752/752/752 746/746/746
f 755/755/755 756/756/756 749/749/749
f 751/751/751 757/757/757 750/750/750
f 758/758/758 757/757/757 751/751/751
f 752/752/752 759/759/759 753/753/753
f 759/759/759 760/760/760 753/753/753
f 750/750/750 761/761/761 754/754/754
f 757/757/757 761/761/761 750/750/750
f 754/754/754 762/762/762 755/755/755
f 761/761/761 762/762/762 754/754/754
f 755/755/755 763/763/763 756/756/756
f 762/762/762 763/763/763 755/755/755
f 756/756/756 764/764/764 752/752/752
f 764/764/764 759/759/759 752/752/752
f 763/763/763 764/764/764 756/756/756
f 758/758/758 765/765/765 757/757/757
f 766/766/766 765/765/765 758/758/758
f 759/759/759 767/767/767 760/760/760
f 767/767/767 768/768/768 760/760/760
f 757/757/757 769/769/769 761/761/761
f 765/765/765 769/769/769 757/757/757
f 761/761/761 770/770/770 762/762/762
f 769/769/769 770/770/770 761/761/761
f 762/762/762 771/771/771 763/763/763
f 770/770/770 771/771/771 762/762/762
f 763/763/763 772/772/772 764/764/764
f 771/771/771 772/772/772 763/763/763
f 764/764/764 773/773/773 759/759/759
f 773/773/773 767/767/767 759/759/759
f 772/772/772 773/773/773 764/764/764
f 767/767/767 774/774/774 768/768/768
f 774/774/774 775/775/775 768/768/768
f 773/773/773 776/776/776 767/767/767
f 776/776/776 774/774/774 767/767/767
f 772/772/772 777/777/777 773/773/773
f 777/777/777 776/776/776 773/773/773
f 771/771/771 778/778/778 772/772/772
f 778/778/778 777/777/777 772/772/772
f 770/770/770 779/779/779 771/771/771
f 779/779/779 778/778/778 771/771/771
f 774/774/774 780/780/780 775/775/775
f 780/780/780 781/781/781 775/775/775
f 776/776/776 782/782/782 774/774/774
f 782/782/782 780/780/780 774/774/774
f 777/777/777 783/783/783 776/776/776
f 783/783/783 782/782/782 776/776/776
f 778/778/778 784/784/784 777/777/777
f 784/784/784 783/783/783 777/777/777
f 780/780/780 785/785/785 781/781/781
f 785/785/785 786/786/786 781/781/781
f 785/785/785 787/787/787 786/786/786
f 782/782/782 788/788/788 780/780/780
f 788/788/788 785/785/785 780/780/780
f 789/789/789 787/787/787 785/785/785
f 788/788/788 789/789/789 785/785/785
f 789/789/789 790/790/790 787/787/787
f 783/783/783 791/791/791 782/782/782
f 791/791/791 788/788/788 782/782/782
f 792/792/792 789/789/789 788/788/788
f 791/791/791 792/792/792 788/788/788
f 793/793/793 790/790/790 789/789/789
f 792/792/792 793/793/793 789/789/789
f 793/793/793 794/794/794 790/790/790
f 795/795/795 791/791/791 783/783/783
f 784/784/784 795/795/795 783/783/783
f 796/796/796 792/792/792 791/791/791
f 795/795/795 796/796/796 791/791/791
f 797/797/797 793/793/793 792/792/792
f 796/796/796 797/797/797 792/792/792
f 798/798/798 794/794/794 793/793/793
f 797/797/797 798/798/798 793/793/793
f 798/798/798 799/799/799 794/794/794
f 800/800/800 799/799/799 798/798/798
f 800/800/800 801/801/801 799/799/799
f 802/802/802 798/798/798 797/797/797
f 802/802/802 800/800/800 798/798/798
f 803/803/803 797/797/797 796/796/796
f 803/803/803 802/802/802 797/797/797
f 804/804/804 796/796/796 795/795/795
f 804/804/804 803/803/803 796/796/796
f 805/805/805 795/795/795 784/784/784
f 805/805/805 804/804/804 795/795/795
f 806/806/806 801/801/801 800/800/800
f 806/806/806 807/807/807 801/801/801
f 808/808/808 800/800/800 802/802/802
f 808/808/808 806/806/806 800/800/800
f 809/809/809 802/802/802 803/803/803
f 809/809/809 808/808/808 802/802/802
f 810/810/810 803/803/803 804/804/804
f 810/810/810 809/809/809 803/803/803
f 811/811/811 807/807/807 806/806/806
f 811/811/811 812/812/812 807/807/807
f 813/813/813 806/806/806 808/808/808
f 813/813/813 811/811/811 806/806/806
f 814/814/814 808/808/808 809/809/809
f 814/814/814 813/813/813 808/808/808
f 815/815/815 812/812/812 811/811/811
f 815/815/815 816/816/816 812/812/812
f 817/817/817 811/811/811 813/813/813
f 817/817/817 815/815/815 811/811/811
f 818/818/818 816/816/816 815/815/815
f 818/818/818 819/819/819 816/816/816
f 820/820/820 810/810/810 804/804/804
f 820/820/820 804/804/804 805/805/805
f 821/821/821 809/809/809 810/810/810
f 821/821/821 814/814/814 809/809/809
f 822/822/822 813/813/813 814/814/814
f 822/822/822 817/817/817 813/813/813
f 823/823/823 815/815/815 817/817/817
f 823/823/823 818/818/818 815/815/815
f 824/824/824 819/819/819 818/818/818
f 824/824/824 825/825/825 819/819/819
f 826/826/826 825/825/825 824/824/824
f 826/826/826 827/827/827 825/825/825
f 828/828/828 826/826/826 824/824/824
f 829/829/829 824/824/824 818/818/818
f 828/828/828 824/824/824 829/829/829
f 829/829/829 818/818/818 823/823/823
f 830/830/830 828/828/828 829/829/829
f 830/830/830 829/829/829 831/831/831
f 831/831/831 829/829/829 823/823/823
f 832/832/832 830/830/830 831/831/831
f 833/833/833 823/823/823 817/817/817
f 831/831/831 823/823/823 833/833/833
f 833/833/833 817/817/817 822/822/822
f 832/832/832 831/831/831 834/834/834
f 834/834/834 831/831/831 833/833/833
f 835/835/835 832/832/832 834/834/834
f 836/836/836 833/833/833 822/822/822
f 834/834/834 833/833/833 836/836/836
f 835/835/835 834/834/834 837/837/837
f 837/837/837 834/834/834 836/836/836
f 838/838/838 835/835/835 837/837/837
f 836/836/836 822/822/822 839/839/839
f 839/839/839 822/822/822 814/814/814
f 839/839/839 814/814/814 821/821/821
f 838/838/838 837/837/837 840/840/840
f 841/841/841 838/838/838 840/840/840
f 837/837/837 836/836/836 842/842/842
f 842/842/842 836/836/836 839/839/839
f 840/840/840 837/837/837 842/842/842
f 843/843/843 839/839/839 821/821/821
f 842/842/842 839/839/839 843/843/843
f 841/841/841 840/840/840 844/844/844
f 845/845/845 841/841/841 844/844/844
f 840/840/840 842/842/842 846/846/846
f 846/846/846 842/842/842 843/843/843
f 844/844/844 840/840/840 846/846/846
f 843/843/843 821/821/821 847/847/847
f 847/847/847 821/821/821 810/810/810
f 847/847/847 810/810/810 820/820/820
f 845/845/845 844/844/844 848/848/848
f 849/849/849 845/845/845 848/848/848
f 844/844/844 846/846/846 850/850/850
f 848/848/848 844/844/844 850/850/850
f 846/846/846 843/843/843 851/851/851
f 851/851/851 843/843/843 847/847/847
f 850/850/850 846/846/846 851/851/851
f 852/852/852 847/847/847 820/820/820
f 851/851/851 847/847/847 852/852/852
f 849/849/849 848/848/848 853/853/853
f 854/854/854 849/849/849 853/853/853
f 848/848/848 850/850/850 855/855/855
f 853/853/853 848/848/848 855/855/855
f 850/850/850 851/851/851 856/856/856
f 856/856/856 851/851/851 852/852/852
f 855/855/855 850/850/850 856/856/856
f 852/852/852 820/820/820 857/857/857
f 857/857/857 820/820/820 805/805/805
f 854/854/854 853/853/853 858/858/858
f 859/859/859 854/854/854 858/858/858
f 859/859/859 858/858/858 860/860/860
f 853/853/853 855/855/855 861/861/861
f 858/858/858 853/853/853 861/861/861
f 860/860/860 858/858/858 862/862/862
f 858/858/858 861/861/861 862/862/862
f 860/860/860 862/862/862 863/863/863
f 855/855/855 856/856/856 864/864/864
f 861/861/861 855/855/855 864/864/864
f 856/856/856 852/852/852 865/865/865
f 865/865/865 852/852/852 857/857/857
f 864/864/864 856/856/856 865/865/865
f 857/857/857 805/805/805 866/866/866
f 866/866/866 805/805/805 784/784/784
f 866/866/866 784/784/784 778/778/778
f 779/779/779 866/866/866 778/778/778
f 867/867/867 857/857/857 866/866/866
f 865/865/865 857/857/857 867/867/867
f 867/867/867 866/866/866 779/779/779
f 863/863/863 862/862/862 868/868/868
f 863/863/863 868/868/868 766/766/766
f 766/766/766 868/868/868 765/765/765
f 864/864/864 865/865/865 869/869/869
f 869/869/869 865/865/865 867/867/867
f 870/870/870 867/867/867 779/779/779
f 869/869/869 867/867/867 870/870/870
f 870/870/870 779/779/779 770/770/770
f 769/769/769 870/870/870 770/770/770
f 765/765/765 871/871/871 769/769/769
f 871/871/871 870/870/870 769/769/769
f 868/868/868 871/871/871 765/765/765
f 871/871/871 869/869/869 870/870/870
f 862/862/862 872/872/872 868/868/868
f 868/868/868 872/872/872 871/871/871
f 872/872/872 869/869/869 871/871/871
f 872/872/872 864/864/864 869/869/869
f 862/862/862 861/861/861 872/872/872
f 861/861/861 864/864/864 872/872/872
f 873/873/873 875/875/875 874/874/874
f 876/876/876 875/875/875 873/873/873
f 876/876/876 877/877/877 875/875/875
f 878/878/878 877/877/877 876/876/876
f 876/876/876 879/879/879 878/878/878
f 877/877/877 878/878/878 880/880/880
f 879/879/879 876/876/876 881/881/881
f 881/881/881 882/882/882 879/879/879
f 881/881/881 876/876/876 883/883/883
f 881/881/881 883/883/883 884/884/884
f 884/884/884 883/883/883 885/885/885
f 882/882/882 881/881/881 886/886/886
f 886/886/886 887/887/887 882/882/882
f 886/886/886 881/881/881 888/888/888
f 886/886/886 888/888/888 889/889/889
f 889/889/889 888/888/888 890/890/890
f 887/887/887 886/886/886 891/891/891
f 891/891/891 892/892/892 887/887/887
f 891/891/891 886/886/886 893/893/893
f 892/892/892 891/891/891 894/894/894
f 891/891/891 893/893/893 895/895/895
f 895/895/895 893/893/893 896/896/896
f 894/894/894 891/891/891 897/897/897
f 894/894/894 897/897/897 898/898/898
f 898/898/898 897/897/897 899/899/899
f 900/900/900 902/902/902 901/901/901
f 903/903/903 902/902/902 900/900/900
f 904/904/904 902/902/902 903/903/903
f 905/905/905 902/902/902 904/904/904
f 902/902/902 905/905/905 906/906/906
f 907/907/907 906/906/906 905/905/905
f 908/908/908 906/906/906 907/907/907
f 909/909/909 906/906/906 908/908/908
f 910/910/910 906/906/906 909/909/909
f 906/906/906 910/910/910 911/911/911
f 912/912/912 911/911/911 910/910/910
f 913/913/913 911/911/911 912/912/912
f 914/914/914 911/911/911 913/913/913
f 915/915/915 911/911/911 914/914/914
f 911/911/911 915/915/915 916/916/916
f 917/917/917 916/916/916 915/915/915
f 918/918/918 916/916/916 917/917/917
f 919/919/919 916/916/916 918/918/918
f 920/920/920 916/916/916 919/919/919
f 916/916/916 920/920/920 921/921/921
f 922/922/922 921/921/921 920/920/920
f 923/923/923 921/921/921 922/922/922
f 924/924/924 921/921/921 923/923/923
f 925/925/925 921/921/921 924/924/924
f 921/921/921 925/925/925 926/926/926
f 927/927/927 926/926/926 925/925/925
f 928/928/928 926/926/926 927/927/927
f 929/929/929 926/926/926 928/928/928
f 930/930/930 926/926/926 929/929/929
f 926/926/926 930/930/930 931/931/931
f 932/932/932 931/931/931 930/930/930
f 933/933/933 931/931/931 932/932/932
f 934/934/934 931/931/931 933/933/933
f 935/935/935 931/931/931 934/934/934
f 931/931/931 935/935/935 936/936/936
f 937/937/937 936/936/936 935/935/935
f 938/938/938 936/936/936 937/937/937
f 939/939/939 936/936/936 938/938/938
f 940/940/940 936/936/936 939/939/939
f 936/936/936 940/940/940 941/941/941
f 942/942/942 941/941/941 940/940/940
f 943/943/943 941/941/941 942/942/942
f 944/944/944 941/941/941 943/943/943
f 945/945/945 941/941/941 944/944/944
f 941/941/941 945/945/945 946/946/946
f 947/947/947 946/946/946 945/945/945
f 948/948/948 946/946/946 947/947/947
f 949/949/949 946/946/946 948/948/948
f 950/950/950 946/946/946 949/949/949
f 946/946/946 950/950/950 951/951/951
f 952/952/952 954/954/954 953/953/953
f 954/954/954 952/952/952 955/955/955
f 955/955/955 956/956/956 954/954/954
f 955/955/955 952/952/952 957/957/957
f 955/955/955 957/957/957 958/958/958
f 958/958/958 957/957/957 959/959/959
f 956/956/956 955/955/955 960/960/960
f 960/960/960 961/961/961 956/956/956
f 960/960/960 955/955/955 962/962/962
f 960/960/960 962/962/962 963/963/963
f 963/963/963 962/962/962 964/964/964
f 961/961/961 960/960/960 965/965/965
f 965/965/965 966/966/966 961/961/961
f 965/965/965 960/960/960 967/967/967
f 965/965/965 967/967/967 968/968/968
f 968/968/968 967/967/967 969/969/969
f 966/966/966 965/965/965 970/970/970
f 970/970/970 971/971/971 966/966/966
f 970/970/970 965/965/965 972/972/972
f 970/970/970 972/972/972 973/973/973
f 973/973/973 972/972/972 974/974/974
f 971/971/971 970/970/970 975/975/975
f 975/975/975 976/976/976 971/971/971
f 975/975/975 970/970/970 977/977/977
f 975/975/975 977/977/977 978/978/978
f 978/978/978 977/977/977 979/979/979
f 976/976/976 975/975/975 980/980/980
f 980/980/980 981/981/981 976/976/976
f 980/980/980 975/975/975 982/982/982
f 980/980/980 982/982/982 983/983/983
f 983/983/983 982/982/982 984/984/984
f 981/981/981 980/980/980 985/985/985
f 985/985/985 986/986/986 981/981/981
f 985/985/985 980/980/980 987/987/987
f 985/985/985 987/987/987 988/988/988
f 988/988/988 987/987/987 989/989/989
f 986/986/986 985/985/985 990/990/990
f 990/990/990 991/991/991 986/986/986
f 990/990/990 985/985/985 992/992/992
f 990/990/990 992/992/992 993/993/993
f 993/993/993 992/992/992 994/994/994
f 991/991/991 990/990/990 995/995/995
f 995/995/995 996/996/996 991/991/991
f 995/995/995 990/990/990 997/997/997
f 996/996/996 995/995/995 998/998/998
f 995/995/995 997/997/997 999/999/999
f 999/999/999 997/997/997 1000/1000/1000
f 998/998/998 995/995/995 1001/1001/1001
f 998/998/998 1001/1001/1001 1002/1002/1002
f 1002/1002/1002 1001/1001/1001 1003/1003/1003
f 1004/1004/1004 1006/1006/1006 1005/1005/1005
f 1006/1006/1006 1004/1004/1004 1007/1007/1007
f 1007/1007/1007 1004/1004/1004 1008/1008/1008
f 1007/1007/1007 1008/1008/1008 1009/1009/1009
f 1007/1007/1007 1009/1009/1009 1010/1010/1010
f 1011/1011/1011 1007/1007/1007 1010/1010/1010
f 1007/1007/1007 1011/1011/1011 1012/1012/1012
f 1012/1012/1012 1011/1011/1011 1013/1013/1013
f 1012/1012/1012 1013/1013/1013 1014/1014/1014
f 1012/1012/1012 1014/1014/1014 1015/1015/1015
f 1016/1016/1016 1012/1012/1012 1015/1015/1015
f 1012/1012/1012 1016/1016/1016 1017/1017/1017
f 1017/1017/1017 1016/1016/1016 1018/1018/1018
f 1017/1017/1017 1018/1018/1018 1019/1019/1019
f 1017/1017/1017 1019/1019/1019 1020/1020/1020
f 1021/1021/1021 1017/1017/1017 1020/1020/1020
f 1017/1017/1017 1021/1021/1021 1022/1022/1022
f 1022/1022/1022 1021/1021/1021 1023/1023/1023
f 1022/1022/1022 1023/1023/1023 1024/1024/1024
f 1022/1022/1022 1024/1024/1024 1025/1025/1025
f 1026/1026/1026 1022/1022/1022 1025/1025/1025
f 1022/1022/1022 1026/1026/1026 1027/1027/1027
f 1027/1027/1027 1026/1026/1026 1028/1028/1028
f 1027/1027/1027 1028/1028/1028 1029/1029/1029
f 1027/1027/1027 1029/1029/1029 1030/1030/1030
f 1031/1031/1031 1027/1027/1027 1030/1030/1030
f 1027/1027/1027 1031/1031/1031 1032/1032/1032
f 1032/1032/1032 1031/1031/1031 1033/1033/1033
f 1032/1032/1032 1033/1033/1033 1034/1034/1034
f 1032/1032/1032 1034/1034/1034 1035/1035/1035
f 1036/1036/1036 1032/1032/1032 1035/1035/1035
f 1032/1032/1032 1036/1036/1036 1037/1037/1037
f 1037/1037/1037 1036/1036/1036 1038/1038/1038
f 1037/1037/1037 1038/1038/1038 1039/1039/1039
f 1037/1037/1037 1039/1039/1039 1040/1040/1040
f 1041/1041/1041 1037/1037/1037 1040/1040/1040
f 1037/1037/1037 1041/1041/1041 1042/1042/1042
f 1042/1042/1042 1041/1041/1041 1043/1043/1043
f 1042/1042/1042 1043/1043/1043 1044/1044/1044
f 1042/1042/1042 1044/1044/1044 1045/1045/1045
f 1046/1046/1046 1042/1042/1042 1045/1045/1045
f 1042/1042/1042 1046/1046/1046 1047/1047/1047
f 1047/1047/1047 1046/1046/1046 1048/1048/1048
f 1047/1047/1047 1048/1048/1048 1049/1049/1049
f 1047/1047/1047 1049/1049/1049 1050/1050/1050
f 1051/1051/1051 1047/1047/1047 1050/1050/1050
f 1047/1047/1047 1051/1051/1051 1052/1052/1052
f 1052/1052/1052 1051/1051/1051 1053/1053/1053
f 1052/1052/1052 1053/1053/1053 1054/1054/1054
f 1052/1052/1052 1054/1054/1054 1055/1055/1055
f 1056/1056/1056 1058/1058/1058 1057/1057/1057
f 1058/1058/1058 1056/1056/1056 1059/1059/1059
f 1059/1059/1059 1060/1060/1060 1058/1058/1058
f 1059/1059/1059 1056/1056/1056 1061/1061/1061
f 1059/1059/1059 1061/1061/1061 1062/1062/1062
f 1062/1062/1062 1061/1061/1061 1063/1063/1063
f 1060/1060/1060 1059/1059/1059 1064/1064/1064
f 1064/1064/1064 1065/1065/1065 1060/1060/1060
f 1064/1064/1064 1059/1059/1059 1066/1066/1066
f 1064/1064/1064 1066/1066/1066 1067/1067/1067
f 1067/1067/1067 1066/1066/1066 1068/1068/1068
f 1065/1065/1065 1064/1064/1064 1069/1069/1069
f 1069/1069/1069 1070/1070/1070 1065/1065/1065
f 1069/1069/1069 1064/1064/1064 1071/1071/1071
f 1069/1069/1069 1071/1071/1071 1072/1072/1072
f 1072/1072/1072 1071/1071/1071 1073/1073/1073
f 1070/1070/1070 1069/1069/1069 1074/1074/1074
f 1074/1074/1074 880/880/880 1070/1070/1070
f 1074/1074/1074 1069/1069/1069 1075/1075/1075
f 880/880/880 1074/1074/1074 877/877/877
f 1074/1074/1074 1075/1075/1075 1076/1076/1076
f 1076/1076/1076 1075/1075/1075 1077/1077/1077
f 877/877/877 1074/1074/1074 1078/1078/1078
f 877/877/877 1078/1078/1078 1079/1079/1079
f 1079/1079/1079 1078/1078/1078 1080/1080/1080
f 1081/1081/1081 1083/1083/1083 1082/1082/1082
f 1084/1084/1084 1083/1083/1083 1081/1081/1081
f 1085/1085/1085 1083/1083/1083 1084/1084/1084
f 1085/1085/1085 1086/1086/1086 1083/1083/1083
f 1087/1087/1087 1086/1086/1086 1085/1085/1085
f 1088/1088/1088 1087/1087/1087 1085/1085/1085
f 1088/1088/1088 1085/1085/1085 1089/1089/1089
f 1090/1090/1090 1087/1087/1087 1088/1088/1088
f 1091/1091/1091 1087/1087/1087 1090/1090/1090
f 1091/1091/1091 1092/1092/1092 1087/1087/1087
f 1087/1087/1087 1093/1093/1093 1086/1086/1086
f 1092/1092/1092 1093/1093/1093 1087/1087/1087
f 1094/1094/1094 1092/1092/1092 1091/1091/1091
f 1095/1095/1095 1094/1094/1094 1091/1091/1091
f 1096/1096/1096 1094/1094/1094 1095/1095/1095
f 1097/1097/1097 1094/1094/1094 1096/1096/1096
f 1097/1097/1097 1098/1098/1098 1094/1094/1094
f 1099/1099/1099 1098/1098/1098 1097/1097/1097
f 1099/1099/1099 1100/1100/1100 1098/1098/1098
f 1094/1094/1094 1101/1101/1101 1092/1092/1092
f 1098/1098/1098 1101/1101/1101 1094/1094/1094
f 1101/1101/1101 1102/1102/1102 1092/1092/1092
f 1092/1092/1092 1102/1102/1102 1093/1093/1093
f 1103/1103/1103 1100/1100/1100 1099/1099/1099
f 1104/1104/1104 1103/1103/1103 1099/1099/1099
f 1105/1105/1105 1103/1103/1103 1104/1104/1104
f 1106/1106/1106 1102/1102/1102 1101/1101/1101
f 1107/1107/1107 1102/1102/1102 1106/1106/1106
f 1108/1108/1108 1102/1102/1102 1107/1107/1107
f 1101/1101/1101 1109/1109/1109 1106/1106/1106
f 1102/1102/1102 1108/1108/1108 1110/1110/1110
f 1101/1101/1101 1111/1111/1111 1109/1109/1109
f 1112/1112/1112 1102/1102/1102 1110/1110/1110
f 1101/1101/1101 1113/1113/1113 1111/1111/1111
f 1101/1101/1101 1114/1114/1114 1113/1113/1113
f 1114/1114/1114 1101/1101/1101 1115/1115/1115
f 1102/1102/1102 1112/1112/1112 1116/1116/1116
f 1098/1098/1098 1115/1115/1115 1101/1101/1101
f 1098/1098/1098 1117/1117/1117 1115/1115/1115
f 1098/1098/1098 1118/1118/1118 1117/1117/1117
f 1098/1098/1098 1119/1119/1119 1118/1118/1118
f 1098/1098/1098 1120/1120/1120 1119/1119/1119
f 1100/1100/1100 1120/1120/1120 1098/1098/1098
f 1100/1100/1100 1121/1121/1121 1120/1120/1120
f 1100/1100/1100 1122/1122/1122 1121/1121/1121
f 1100/1100/1100 1123/1123/1123 1122/1122/1122
f 1123/1123/1123 1100/1100/1100 1124/1124/1124
f 1103/1103/1103 1124/1124/1124 1100/1100/1100
f 1103/1103/1103 1125/1125/1125 1124/1124/1124
f 1103/1103/1103 1126/1126/1126 1125/1125/1125
f 1103/1103/1103 1127/1127/1127 1126/1126/1126
f 1103/1103/1103 1128/1128/1128 1127/1127/1127
f 1129/1129/1129 1128/1128/1128 1103/1103/1103
f 1129/1129/1129 1130/1130/1130 1128/1128/1128
f 1105/1105/1105 1129/1129/1129 1103/1103/1103
f 1129/1129/1129 1131/1131/1131 1130/1130/1130
f 1132/1132/1132 1129/1129/1129 1105/1105/1105
f 1133/1133/1133 1131/1131/1131 1129/1129/1129
f 1132/1132/1132 1133/1133/1133 1129/1129/1129
f 1134/1134/1134 1133/1133/1133 1132/1132/1132
f 1133/1133/1133 1135/1135/1135 1131/1131/1131
f 1135/1135/1135 1133/1133/1133 1136/1136/1136
f 1134/1134/1134 1136/1136/1136 1133/1133/1133
f 1134/1134/1134 1137/1137/1137 1136/1136/1136
f 1134/1134/1134 1138/1138/1138 1137/1137/1137
f 1134/1134/1134 1139/1139/1139 1138/1138/1138
f 1134/1134/1134 1140/1140/1140 1139/1139/1139
f 1141/1141/1141 1140/1140/1140 1134/1134/1134
f 1141/1141/1141 1142/1142/1142 1140/1140/1140
f 1143/1143/1143 1141/1141/1141 1134/1134/1134
f 1144/1144/1144 1142/1142/1142 1141/1141/1141
f 1143/1143/1143 1144/1144/1144 1141/1141/1141
f 1144/1144/1144 1145/1145/1145 1142/1142/1142
f 1146/1146/1146 1144/1144/1144 1143/1143/1143
f 1147/1147/1147 1145/1145/1145 1144/1144/1144
f 1146/1146/1146 1147/1147/1147 1144/1144/1144
f 1147/1147/1147 1148/1148/1148 1145/1145/1145
f 1148/1148/1148 1147/1147/1147 1149/1149/1149
f 1146/1146/1146 1149/1149/1149 1147/1147/1147
f 1150/1150/1150 1149/1149/1149 1146/1146/1146
f 1150/1150/1150 1151/1151/1151 1149/1149/1149
f 1150/1150/1150 1152/1152/1152 1151/1151/1151
f 1150/1150/1150 1153/1153/1153 1152/1152/1152
f 1150/1150/1150 1154/1154/1154 1153/1153/1153
f 1150/1150/1150 1155/1155/1155 1154/1154/1154
f 1156/1156/1156 1155/1155/1155 1150/1150/1150
f 1156/1156/1156 1157/1157/1157 1155/1155/1155
f 1158/1158/1158 1157/1157/1157 1156/1156/1156
f 1158/1158/1158 1159/1159/1159 1157/1157/1157
f 1160/1160/1160 1158/1158/1158 1156/1156/1156
f 1161/1161/1161 1159/1159/1159 1158/1158/1158
f 1160/1160/1160 1161/1161/1161 1158/1158/1158
f 1161/1161/1161 1162/1162/1162 1159/1159/1159
f 1160/1160/1160 1163/1163/1163 1161/1161/1161
f 1163/1163/1163 1162/1162/1162 1161/1161/1161
f 1163/1163/1163 1164/1164/1164 1162/1162/1162
f 1163/1163/1163 1165/1165/1165 1164/1164/1164
f 1163/1163/1163 1166/1166/1166 1165/1165/1165
f 1163/1163/1163 1167/1167/1167 1166/1166/1166
f 1163/1163/1163 1168/1168/1168 1167/1167/1167
f 1163/1163/1163 1169/1169/1169 1168/1168/1168
f 1163/1163/1163 1170/1170/1170 1169/1169/1169
f 1170/1170/1170 1163/1163/1163 1171/1171/1171
f 1172/1172/1172 1163/1163/1163 1160/1160/1160
f 1172/1172/1172 1171/1171/1171 1163/1163/1163
f 1172/1172/1172 1173/1173/1173 1171/1171/1171
f 1172/1172/1172 1174/1174/1174 1173/1173/1173
f 1172/1172/1172 1175/1175/1175 1174/1174/1174
f 1172/1172/1172 1176/1176/1176 1175/1175/1175
f 1177/1177/1177 1176/1176/1176 1172/1172/1172
f 1177/1177/1177 1178/1178/1178 1176/1176/1176
f 1179/1179/1179 1178/1178/1178 1177/1177/1177
f 1179/1179/1179 1180/1180/1180 1178/1178/1178
f 1181/1181/1181 1180/1180/1180 1179/1179/1179
f 1181/1181/1181 1182/1182/1182 1180/1180/1180
f 1183/1183/1183 1181/1181/1181 1179/1179/1179
f 1184/1184/1184 1182/1182/1182 1181/1181/1181
f 1183/1183/1183 1184/1184/1184 1181/1181/1181
f 1185/1185/1185 1182/1182/1182 1184/1184/1184
f 1183/1183/1183 1185/1185/1185 1184/1184/1184
f 1185/1185/1185 1186/1186/1186 1182/1182/1182
f 1185/1185/1185 1187/1187/1187 1186/1186/1186
f 1185/1185/1185 1188/1188/1188 1187/1187/1187
f 1185/1185/1185 1189/1189/1189 1188/1188/1188
f 1189/1189/1189 1185/1185/1185 1190/1190/1190
f 1183/1183/1183 1190/1190/1190 1185/1185/1185
f 1191/1191/1191 1190/1190/1190 1183/1183/1183
f 1191/1191/1191 1192/1192/1192 1190/1190/1190
f 1193/1193/1193 1192/1192/1192 1191/1191/1191
f 1193/1193/1193 1194/1194/1194 1192/1192/1192
f 1193/1193/1193 1195/1195/1195 1194/1194/1194
f 1196/1196/1196 1195/1195/1195 1193/1193/1193
f 1197/1197/1197 1195/1195/1195 1196/1196/1196
f 1197/1197/1197 1198/1198/1198 1195/1195/1195
f 1196/1196/1196 1199/1199/1199 1197/1197/1197
f 1200/1200/1200 1199/1199/1199 1196/1196/1196
f 1201/1201/1201 1198/1198/1198 1197/1197/1197
f 1197/1197/1197 1199/1199/1199 1201/1201/1201
f 1201/1201/1201 1202/1202/1202 1198/1198/1198
f 1201/1201/1201 1203/1203/1203 1202/1202/1202
f 1199/1199/1199 1203/1203/1203 1201/1201/1201
f 1199/1199/1199 1204/1204/1204 1203/1203/1203
f 1204/1204/1204 1199/1199/1199 1205/1205/1205
f 1200/1200/1200 1205/1205/1205 1199/1199/1199
f 1200/1200/1200 1206/1206/1206 1205/1205/1205
f 1207/1207/1207 1206/1206/1206 1200/1200/1200
f 1207/1207/1207 1208/1208/1208 1206/1206/1206
f 1209/1209/1209 1208/1208/1208 1207/1207/1207
f 1209/1209/1209 1210/1210/1210 1208/1208/1208
f 1209/1209/1209 1211/1211/1211 1210/1210/1210
f 1212/1212/1212 1211/1211/1211 1209/1209/1209
f 1212/1212/1212 1213/1213/1213 1211/1211/1211
f 1214/1214/1214 1213/1213/1213 1212/1212/1212
f 1214/1214/1214 1215/1215/1215 1213/1213/1213
f 1216/1216/1216 1215/1215/1215 1214/1214/1214
f 1216/1216/1216 1217/1217/1217 1215/1215/1215
f 1214/1214/1214 1218/1218/1218 1216/1216/1216
f 1218/1218/1218 1217/1217/1217 1216/1216/1216
f 1212/1212/1212 1218/1218/1218 1214/1214/1214
f 1217/1217/1217 1218/1218/1218 1219/1219/1219
f 1212/1212/1212 1219/1219/1219 1218/1218/1218
f 1220/1220/1220 1219/1219/1219 1212/1212/1212
f 1220/1220/1220 1221/1221/1221 1219/1219/1219
f 1220/1220/1220 1222/1222/1222 1221/1221/1221
f 1223/1223/1223 1222/1222/1222 1220/1220/1220
f 1223/1223/1223 1224/1224/1224 1222/1222/1222
f 1225/1225/1225 1224/1224/1224 1223/1223/1223
f 1225/1225/1225 1226/1226/1226 1224/1224/1224
f 1225/1225/1225 1227/1227/1227 1226/1226/1226
f 1225/1225/1225 1228/1228/1228 1227/1227/1227
f 1229/1229/1229 1228/1228/1228 1225/1225/1225
f 1229/1229/1229 1230/1230/1230 1228/1228/1228
f 1231/1231/1231 1230/1230/1230 1229/1229/1229
f 1232/1232/1232 1230/1230/1230 1231/1231/1231
f 1233/1233/1233 1230/1230/1230 1232/1232/1232
f 1231/1231/1231 1233/1233/1233 1232/1232/1232
f 1229/1229/1229 1233/1233/1233 1231/1231/1231
f 1230/1230/1230 1233/1233/1233 1234/1234/1234
f 1229/1229/1229 1234/1234/1234 1233/1233/1233
f 1229/1229/1229 1235/1235/1235 1234/1234/1234
f 1236/1236/1236 1235/1235/1235 1229/1229/1229
f 1236/1236/1236 1237/1237/1237 1235/1235/1235
f 1236/1236/1236 1238/1238/1238 1237/1237/1237
f 1239/1239/1239 1238/1238/1238 1236/1236/1236
f 1239/1239/1239 1240/1240/1240 1238/1238/1238
f 1239/1239/1239 1241/1241/1241 1240/1240/1240
f 1242/1242/1242 1241/1241/1241 1239/1239/1239
f 1242/1242/1242 1243/1243/1243 1241/1241/1241
f 1242/1242/1242 1244/1244/1244 1243/1243/1243
f 1242/1242/1242 1245/1245/1245 1244/1244/1244
f 1244/1244/1244 1245/1245/1245 1246/1246/1246
f 1242/1242/1242 1247/1247/1247 1245/1245/1245
f 1248/1248/1248 1245/1245/1245 1247/1247/1247
f 1242/1242/1242 1248/1248/1248 1247/1247/1247
f 1248/1248/1248 1242/1242/1242 1249/1249/1249
f 1249/1249/1249 1250/1250/1250 1246/1246/1246
f 1249/1249/1249 1251/1251/1251 1250/1250/1250
f 1252/1252/1252 1251/1251/1251 1249/1249/1249
f 1252/1252/1252 1253/1253/1253 1251/1251/1251
f 1252/1252/1252 1254/1254/1254 1253/1253/1253
f 1255/1255/1255 1254/1254/1254 1252/1252/1252
f 1255/1255/1255 1256/1256/1256 1254/1254/1254
f 1255/1255/1255 1257/1257/1257 1256/1256/1256
f 1258/1258/1258 1257/1257/1257 1255/1255/1255
f 1258/1258/1258 1259/1259/1259 1257/1257/1257
f 1258/1258/1258 1260/1260/1260 1259/1259/1259
f 1258/1258/1258 1261/1261/1261 1260/1260/1260
f 1261/1261/1261 1262/1262/1262 1260/1260/1260
f 1258/1258/1258 1263/1263/1263 1261/1261/1261
f 1263/1263/1263 1262/1262/1262 1261/1261/1261
f 1258/1258/1258 1264/1264/1264 1263/1263/1263
f 1264/1264/1264 1262/1262/1262 1263/1263/1263
f 1264/1264/1264 1258/1258/1258 1265/1265/1265
f 1265/1265/1265 1262/1262/1262 1264/1264/1264
f 1265/1265/1265 1266/1266/1266 1262/1262/1262
f 1265/1265/1265 1267/1267/1267 1266/1266/1266
f 1265/1265/1265 1268/1268/1268 1267/1267/1267
f 1269/1269/1269 1268/1268/1268 1265/1265/1265
f 1269/1269/1269 1270/1270/1270 1268/1268/1268
f 1271/1271/1271 1270/1270/1270 1269/1269/1269
f 1271/1271/1271 1272/1272/1272 1270/1270/1270
f 1271/1271/1271 1273/1273/1273 1272/1272/1272
f 1274/1274/1274 1273/1273/1273 1271/1271/1271
f 1274/1274/1274 1275/1275/1275 1273/1273/1273
f 1274/1274/1274 1276/1276/1276 1275/1275/1275
f 1276/1276/1276 1277/1277/1277 1275/1275/1275
f 1278/1278/1278 1277/1277/1277 1276/1276/1276
f 1274/1274/1274 1278/1278/1278 1276/1276/1276
f 1278/1278/1278 1279/1279/1279 1277/1277/1277
f 1274/1274/1274 1280/1280/1280 1278/1278/1278
f 1280/1280/1280 1279/1279/1279 1278/1278/1278
f 1280/1280/1280 1281/1281/1281 1279/1279/1279
f 1280/1280/1280 1274/1274/1274 1282/1282/1282
f 1282/1282/1282 1281/1281/1281 1280/1280/1280
f 1282/1282/1282 1283/1283/1283 1281/1281/1281
f 1282/1282/1282 1284/1284/1284 1283/1283/1283
f 1285/1285/1285 1284/1284/1284 1282/1282/1282
f 1285/1285/1285 1286/1286/1286 1284/1284/1284
f 1287/1287/1287 1286/1286/1286 1285/1285/1285
f 1287/1287/1287 1288/1288/1288 1286/1286/1286
f 1287/1287/1287 1289/1289/1289 1288/1288/1288
f 1290/1290/1290 1289/1289/1289 1287/1287/1287
f 1290/1290/1290 1291/1291/1291 1289/1289/1289
f 1291/1291/1291 1292/1292/1292 1289/1289/1289
f 1291/1291/1291 1293/1293/1293 1292/1292/1292
f 1291/1291/1291 1294/1294/1294 1293/1293/1293
f 1295/1295/1295 1294/1294/1294 1291/1291/1291
f 1290/1290/1290 1295/1295/1295 1291/1291/1291
f 1295/1295/1295 1296/1296/1296 1294/1294/1294
f 1290/1290/1290 1297/1297/1297 1295/1295/1295
f 1297/1297/1297 1296/1296/1296 1295/1295/1295
f 1297/1297/1297 1290/1290/1290 1298/1298/1298
f 1298/1298/1298 1296/1296/1296 1297/1297/1297
f 1298/1298/1298 1299/1299/1299 1296/1296/1296
f 1298/1298/1298 1300/1300/1300 1299/1299/1299
f 1301/1301/1301 1300/1300/1300 1298/1298/1298
f 1301/1301/1301 1302/1302/1302 1300/1300/1300
f 1303/1303/1303 1302/1302/1302 1301/1301/1301
f 1303/1303/1303 1304/1304/1304 1302/1302/1302
f 1303/1303/1303 1305/1305/1305 1304/1304/1304
f 1306/1306/1306 1305/1305/1305 1303/1303/1303
f 1305/1305/1305 1307/1307/1307 1304/1304/1304
f 1304/1304/1304 1307/1307/1307 1308/1308/1308
f 1305/1305/1305 1309/1309/1309 1307/1307/1307
f 1305/1305/1305 1310/1310/1310 1309/1309/1309
f 1311/1311/1311 1310/1310/1310 1305/1305/1305
f 1306/1306/1306 1311/1311/1311 1305/1305/1305
f 1311/1311/1311 1312/1312/1312 1310/1310/1310
f 1306/1306/1306 1313/1313/1313 1311/1311/1311
f 1313/1313/1313 1312/1312/1312 1311/1311/1311
f 1313/1313/1313 1314/1314/1314 1312/1312/1312
f 1313/1313/1313 1306/1306/1306 1315/1315/1315
f 1315/1315/1315 1314/1314/1314 1313/1313/1313
f 1315/1315/1315 1316/1316/1316 1314/1314/1314
f 1317/1317/1317 1316/1316/1316 1315/1315/1315
f 1317/1317/1317 1318/1318/1318 1316/1316/1316
f 1317/1317/1317 1319/1319/1319 1318/1318/1318
f 1317/1317/1317 1320/1320/1320 1319/1319/1319
f 1317/1317/1317 1321/1321/1321 1320/1320/1320
f 1317/1317/1317 1322/1322/1322 1321/1321/1321
f 1317/1317/1317 1323/1323/1323 1322/1322/1322
f 1317/1317/1317 1324/1324/1324 1323/1323/1323
f 1317/1317/1317 1325/1325/1325 1324/1324/1324
f 1317/1317/1317 1326/1326/1326 1325/1325/1325
f 1327/1327/1327 1326/1326/1326 1317/1317/1317
f 1327/1327/1327 1328/1328/1328 1326/1326/1326
f 1328/1328/1328 1329/1329/1329 1326/1326/1326
f 1328/1328/1328 1330/1330/1330 1329/1329/1329
f 1328/1328/1328 1331/1331/1331 1330/1330/1330
f 1328/1328/1328 1332/1332/1332 1331/1331/1331
f 1327/1327/1327 1333/1333/1333 1328/1328/1328
f 1333/1333/1333 1332/1332/1332 1328/1328/1328
f 1334/1334/1334 1333/1333/1333 1327/1327/1327
f 1333/1333/1333 1335/1335/1335 1332/1332/1332
f 1334/1334/1334 1336/1336/1336 1333/1333/1333
f 1336/1336/1336 1335/1335/1335 1333/1333/1333
f 1336/1336/1336 1334/1334/1334 1337/1337/1337
f 1336/1336/1336 1338/1338/1338 1335/1335/1335
f 1337/1337/1337 1338/1338/1338 1336/1336/1336
f 1337/1337/1337 1339/1339/1339 1338/1338/1338
f 1337/1337/1337 1340/1340/1340 1339/1339/1339
f 1337/1337/1337 1341/1341/1341 1340/1340/1340
f 1337/1337/1337 1342/1342/1342 1341/1341/1341
f 1337/1337/1337 1343/1343/1343 1342/1342/1342
f 1344/1344/1344 1343/1343/1343 1337/1337/1337
f 1344/1344/1344 1345/1345/1345 1343/1343/1343
f 1344/1344/1344 1346/1346/1346 1345/1345/1345
f 1346/1346/1346 1347/1347/1347 1345/1345/1345
f 1348/1348/1348 1346/1346/1346 1344/1344/1344
f 1346/1346/1346 1349/1349/1349 1347/1347/1347
f 1348/1348/1348 1350/1350/1350 1346/1346/1346
f 1350/1350/1350 1349/1349/1349 1346/1346/1346
f 1351/1351/1351 1350/1350/1350 1348/1348/1348
f 1351/1351/1351 1352/1352/1352 1350/1350/1350
f 1352/1352/1352 1351/1351/1351 1353/1353/1353
f 1350/1350/1350 1354/1354/1354 1349/1349/1349
f 1352/1352/1352 1354/1354/1354 1350/1350/1350
f 1352/1352/1352 1355/1355/1355 1354/1354/1354
f 1352/1352/1352 1356/1356/1356 1355/1355/1355
f 1352/1352/1352 1357/1357/1357 1356/1356/1356
f 1352/1352/1352 1358/1358/1358 1357/1357/1357
f 1352/1352/1352 1359/1359/1359 1358/1358/1358
f 1353/1353/1353 1359/1359/1359 1352/1352/1352
f 1353/1353/1353 1360/1360/1360 1359/1359/1359
f 1360/1360/1360 1361/1361/1361 1359/1359/1359
f 1360/1360/1360 1362/1362/1362 1361/1361/1361
f 1363/1363/1363 1360/1360/1360 1353/1353/1353
f 1360/1360/1360 1364/1364/1364 1362/1362/1362
f 1363/1363/1363 1365/1365/1365 1360/1360/1360
f 1365/1365/1365 1364/1364/1364 1360/1360/1360
f 1366/1366/1366 1365/1365/1365 1363/1363/1363
f 1365/1365/1365 1367/1367/1367 1364/1364/1364
f 1365/1365/1365 1368/1368/1368 1367/1367/1367
f 1365/1365/1365 1369/1369/1369 1368/1368/1368
f 1365/1365/1365 1370/1370/1370 1369/1369/1369
f 1371/1371/1371 1365/1365/1365 1366/1366/1366
f 1365/1365/1365 1372/1372/1372 1370/1370/1370
f 1371/1371/1371 1373/1373/1373 1365/1365/1365
f 1373/1373/1373 1372/1372/1372 1365/1365/1365
f 1373/1373/1373 1371/1371/1371 1374/1374/1374
f 1373/1373/1373 1375/1375/1375 1372/1372/1372
f 1374/1374/1374 1375/1375/1375 1373/1373/1373
f 1375/1375/1375 1376/1376/1376 1372/1372/1372
f 1375/1375/1375 1377/1377/1377 1376/1376/1376
f 1372/1372/1372 1376/1376/1376 1378/1378/1378
f 1375/1375/1375 1379/1379/1379 1377/1377/1377
f 1375/1375/1375 1380/1380/1380 1379/1379/1379
f 1375/1375/1375 1381/1381/1381 1380/1380/1380
f 1375/1375/1375 1382/1382/1382 1381/1381/1381
f 1375/1375/1375 1383/1383/1383 1382/1382/1382
f 1374/1374/1374 1384/1384/1384 1375/1375/1375
f 1384/1384/1384 1383/1383/1383 1375/1375/1375
f 1385/1385/1385 1384/1384/1384 1374/1374/1374
f 1386/1386/1386 1384/1384/1384 1385/1385/1385
f 1386/1386/1386 1387/1387/1387 1384/1384/1384
f 1388/1388/1388 1387/1387/1387 1386/1386/1386
f 1387/1387/1387 1388/1388/1388 1389/1389/1389
f 1384/1384/1384 1390/1390/1390 1383/1383/1383
f 1387/1387/1387 1390/1390/1390 1384/1384/1384
f 1390/1390/1390 1391/1391/1391 1383/1383/1383
f 1391/1391/1391 1390/1390/1390 1392/1392/1392
f 1383/1383/1383 1391/1391/1391 1393/1393/1393
f 1392/1392/1392 1390/1390/1390 1394/1394/1394
f 1394/1394/1394 1390/1390/1390 1395/1395/1395
f 1390/1390/1390 1396/1396/1396 1395/1395/1395
f 1389/1389/1389 1397/1397/1397 1387/1387/1387
f 1387/1387/1387 1397/1397/1397 1390/1390/1390
f 1398/1398/1398 1397/1397/1397 1389/1389/1389
f 1390/1390/1390 1399/1399/1399 1396/1396/1396
f 1396/1396/1396 1399/1399/1399 1400/1400/1400
f 1398/1398/1398 1401/1401/1401 1397/1397/1397
f 1402/1402/1402 1401/1401/1401 1398/1398/1398
f 1403/1403/1403 1401/1401/1401 1402/1402/1402
f 1401/1401/1401 1403/1403/1403 1404/1404/1404
f 1397/1397/1397 1405/1405/1405 1390/1390/1390
f 1390/1390/1390 1405/1405/1405 1399/1399/1399
f 1404/1404/1404 1406/1406/1406 1401/1401/1401
f 1407/1407/1407 1406/1406/1406 1404/1404/1404
f 1408/1408/1408 1406/1406/1406 1407/1407/1407
f 1409/1409/1409 1406/1406/1406 1408/1408/1408
f 1406/1406/1406 1409/1409/1409 1410/1410/1410
f 1411/1411/1411 1406/1406/1406 1410/1410/1410
f 1406/1406/1406 1411/1411/1411 1412/1412/1412
f 1406/1406/1406 1412/1412/1412 1413/1413/1413
f 1406/1406/1406 1413/1413/1413 1414/1414/1414
f 1401/1401/1401 1415/1415/1415 1397/1397/1397
f 1401/1401/1401 1406/1406/1406 1415/1415/1415
f 1397/1397/1397 1415/1415/1415 1405/1405/1405
f 1406/1406/1406 1414/1414/1414 1416/1416/1416
f 1406/1406/1406 1416/1416/1416 1415/1415/1415
f 1417/1417/1417 1416/1416/1416 1414/1414/1414
f 1416/1416/1416 1417/1417/1417 1418/1418/1418
f 1416/1416/1416 1418/1418/1418 1419/1419/1419
f 1415/1415/1415 1416/1416/1416 1420/1420/1420
f 1416/1416/1416 1419/1419/1419 1420/1420/1420
f 1415/1415/1415 1420/1420/1420 1405/1405/1405
f 1420/1420/1420 1419/1419/1419 1421/1421/1421
f 1405/1405/1405 1420/1420/1420 1422/1422/1422
f 1405/1405/1405 1422/1422/1422 1399/1399/1399
f 1399/1399/1399 1422/1422/1422 1423/1423/1423
f 1423/1423/1423 1422/1422/1422 1424/1424/1424
f 1399/1399/1399 1423/1423/1423 1425/1425/1425
f 1422/1422/1422 1426/1426/1426 1424/1424/1424
f 1426/1426/1426 1422/1422/1422 1427/1427/1427
f 1427/1427/1427 1422/1422/1422 1428/1428/1428
f 1420/1420/1420 1421/1421/1421 1429/1429/1429
f 1420/1420/1420 1429/1429/1429 1422/1422/1422
f 1430/1430/1430 1429/1429/1429 1421/1421/1421
f 1429/1429/1429 1430/1430/1430 1431/1431/1431
f 1429/1429/1429 1431/1431/1431 1432/1432/1432
f 1422/1422/1422 1429/1429/1429 1432/1432/1432
f 1432/1432/1432 1431/1431/1431 1433/1433/1433
f 1432/1432/1432 1433/1433/1433 1434/1434/1434
f 1428/1428/1428 1422/1422/1422 1435/1435/1435
f 1422/1422/1422 1432/1432/1432 1435/1435/1435
f 1428/1428/1428 1435/1435/1435 1436/1436/1436
f 1435/1435/1435 1432/1432/1432 1437/1437/1437
f 1432/1432/1432 1434/1434/1434 1437/1437/1437
f 1435/1435/1435 1437/1437/1437 1438/1438/1438
f 1438/1438/1438 1437/1437/1437 1439/1439/1439
f 1439/1439/1439 1437/1437/1437 1440/1440/1440
f 1440/1440/1440 1437/1437/1437 1441/1441/1441
f 1441/1441/1441 1437/1437/1437 1442/1442/1442
f 1442/1442/1442 1437/1437/1437 1443/1443/1443
f 1437/1437/1437 1434/1434/1434 1444/1444/1444
f 1445/1445/1445 1444/1444/1444 1434/1434/1434
f 1443/1443/1443 1437/1437/1437 1446/1446/1446
f 1437/1437/1437 1444/1444/1444 1446/1446/1446
f 1443/1443/1443 1446/1446/1446 1447/1447/1447
f 1444/1444/1444 1445/1445/1445 1448/1448/1448
f 1446/1446/1446 1444/1444/1444 1448/1448/1448
f 1448/1448/1448 1445/1445/1445 1449/1449/1449
f 1446/1446/1446 1448/1448/1448 1450/1450/1450
f 1450/1450/1450 1448/1448/1448 1451/1451/1451
f 1451/1451/1451 1448/1448/1448 1452/1452/1452
f 1452/1452/1452 1448/1448/1448 1453/1453/1453
f 1448/1448/1448 1449/1449/1449 1454/1454/1454
f 1453/1453/1453 1448/1448/1448 1455/1455/1455
f 1448/1448/1448 1454/1454/1454 1456/1456/1456
f 1455/1455/1455 1448/1448/1448 1456/1456/1456
f 1455/1455/1455 1456/1456/1456 1457/1457/1457
f 1457/1457/1457 1456/1456/1456 1458/1458/1458
f 1456/1456/1456 1454/1454/1454 1459/1459/1459
f 1458/1458/1458 1456/1456/1456 1460/1460/1460
f 1456/1456/1456 1459/1459/1459 1460/1460/1460
f 1460/1460/1460 1459/1459/1459 1461/1461/1461
f 1460/1460/1460 1461/1461/1461 1462/1462/1462
f 1462/1462/1462 1461/1461/1461 1463/1463/1463
f 1463/1463/1463 1461/1461/1461 1464/1464/1464
f 1464/1464/1464 1461/1461/1461 1465/1465/1465
f 1466/1466/1466 1461/1461/1461 1459/1459/1459
f 1465/1465/1465 1461/1461/1461 1467/1467/1467
f 1461/1461/1461 1466/1466/1466 1468/1468/1468
f 1467/1467/1467 1461/1461/1461 1468/1468/1468
f 1468/1468/1468 1466/1466/1466 1469/1469/1469
f 1467/1467/1467 1468/1468/1468 1470/1470/1470
f 1468/1468/1468 1469/1469/1469 1471/1471/1471
f 1470/1470/1470 1468/1468/1468 1471/1471/1471
f 1470/1470/1470 1471/1471/1471 1472/1472/1472
f 1472/1472/1472 1471/1471/1471 1473/1473/1473
f 1471/1471/1471 1469/1469/1469 1474/1474/1474
f 1471/1471/1471 1474/1474/1474 1473/1473/1473
f 1473/1473/1473 1474/1474/1474 1475/1475/1475
f 1475/1475/1475 1474/1474/1474 1476/1476/1476
f 1475/1475/1475 1476/1476/1476 1477/1477/1477
f 1477/1477/1477 1476/1476/1476 1478/1478/1478
f 1478/1478/1478 1476/1476/1476 1479/1479/1479
f 1479/1479/1479 1476/1476/1476 1480/1480/1480
f 1480/1480/1480 1476/1476/1476 1481/1481/1481
f 1481/1481/1481 1476/1476/1476 1482/1482/1482
f 1481/1481/1481 1482/1482/1482 1483/1483/1483
f 1484/1484/1484 1482/1482/1482 1476/1476/1476
f 1483/1483/1483 1482/1482/1482 1485/1485/1485
f 1482/1482/1482 1484/1484/1484 1485/1485/1485
f 1483/1483/1483 1485/1485/1485 1486/1486/1486
f 1485/1485/1485 1484/1484/1484 1487/1487/1487
f 1486/1486/1486 1485/1485/1485 1488/1488/1488
f 1485/1485/1485 1487/1487/1487 1488/1488/1488
f 1486/1486/1486 1488/1488/1488 1489/1489/1489
f 1488/1488/1488 1487/1487/1487 1490/1490/1490
f 1490/1490/1490 1487/1487/1487 1491/1491/1491
f 1489/1489/1489 1488/1488/1488 1492/1492/1492
f 1492/1492/1492 1488/1488/1488 1490/1490/1490
f 1489/1489/1489 1492/1492/1492 1493/1493/1493
f 1493/1493/1493 1492/1492/1492 1494/1494/1494
f 1494/1494/1494 1492/1492/1492 1495/1495/1495
f 1494/1494/1494 1495/1495/1495 1496/1496/1496
f 1496/1496/1496 1495/1495/1495 1497/1497/1497
f 1490/1490/1490 1491/1491/1491 1498/1498/1498
f 1498/1498/1498 1491/1491/1491 1499/1499/1499
f 1499/1499/1499 1491/1491/1491 1500/1500/1500
f 1500/1500/1500 1491/1491/1491 1501/1501/1501
f 1501/1501/1501 1491/1491/1491 1502/1502/1502
f 1502/1502/1502 1491/1491/1491 1503/1503/1503
f 1502/1502/1502 1503/1503/1503 1504/1504/1504
f 1504/1504/1504 1503/1503/1503 1505/1505/1505
f 1504/1504/1504 1505/1505/1505 1506/1506/1506
f 1507/1507/1507 1505/1505/1505 1503/1503/1503
f 1506/1506/1506 1505/1505/1505 1508/1508/1508
f 1505/1505/1505 1507/1507/1507 1508/1508/1508
f 1506/1506/1506 1508/1508/1508 1509/1509/1509
f 1508/1508/1508 1507/1507/1507 1510/1510/1510
f 1509/1509/1509 1508/1508/1508 1510/1510/1510
f 1509/1509/1509 1510/1510/1510 1511/1511/1511
f 1511/1511/1511 1510/1510/1510 1512/1512/1512
f 1510/1510/1510 1507/1507/1507 1513/1513/1513
f 1512/1512/1512 1510/1510/1510 1514/1514/1514
f 1510/1510/1510 1513/1513/1513 1514/1514/1514
f 1512/1512/1512 1514/1514/1514 1515/1515/1515
f 1514/1514/1514 1513/1513/1513 1516/1516/1516
f 1516/1516/1516 1513/1513/1513 1517/1517/1517
f 1516/1516/1516 1517/1517/1517 1518/1518/1518
f 1518/1518/1518 1517/1517/1517 1519/1519/1519
f 1518/1518/1518 1519/1519/1519 1520/1520/1520
f 1520/1520/1520 1519/1519/1519 1521/1521/1521
f 1521/1521/1521 1519/1519/1519 1522/1522/1522
f 1523/1523/1523 1522/1522/1522 1519/1519/1519
f 1521/1521/1521 1522/1522/1522 1524/1524/1524
f 1522/1522/1522 1523/1523/1523 1524/1524/1524
f 1521/1521/1521 1524/1524/1524 1525/1525/1525
f 1525/1525/1525 1524/1524/1524 1526/1526/1526
f 1524/1524/1524 1523/1523/1523 1526/1526/1526
f 1525/1525/1525 1526/1526/1526 1527/1527/1527
f 1527/1527/1527 1526/1526/1526 1528/1528/1528
f 1528/1528/1528 1526/1526/1526 1529/1529/1529
f 1526/1526/1526 1523/1523/1523 1529/1529/1529
f 1529/1529/1529 1523/1523/1523 1530/1530/1530
f 1529/1529/1529 1530/1530/1530 1531/1531/1531
f 1531/1531/1531 1530/1530/1530 1532/1532/1532
f 1532/1532/1532 1530/1530/1530 1533/1533/1533
f 1532/1532/1532 1533/1533/1533 1534/1534/1534
f 1534/1534/1534 1533/1533/1533 1535/1535/1535
f 1534/1534/1534 1535/1535/1535 1536/1536/1536
f 1536/1536/1536 1535/1535/1535 1537/1537/1537
f 1537/1537/1537 1535/1535/1535 1538/1538/1538
f 1537/1537/1537 1538/1538/1538 1539/1539/1539
f 1540/1540/1540 1538/1538/1538 1535/1535/1535
f 1539/1539/1539 1538/1538/1538 1541/1541/1541
f 1538/1538/1538 1540/1540/1540 1541/1541/1541
f 1539/1539/1539 1541/1541/1541 1542/1542/1542
f 1542/1542/1542 1541/1541/1541 1543/1543/1543
f 1541/1541/1541 1540/1540/1540 1543/1543/1543
f 1542/1542/1542 1543/1543/1543 1544/1544/1544
f 1543/1543/1543 1540/1540/1540 1544/1544/1544
f 1544/1544/1544 1540/1540/1540 1545/1545/1545
f 1545/1545/1545 1540/1540/1540 1546/1546/1546
f 1545/1545/1545 1546/1546/1546 1547/1547/1547
f 1547/1547/1547 1546/1546/1546 1548/1548/1548
f 1548/1548/1548 1546/1546/1546 1549/1549/1549
f 1548/1548/1548 1549/1549/1549 1550/1550/1550
f 1550/1550/1550 1549/1549/1549 1551/1551/1551
f 1550/1550/1550 1551/1551/1551 1552/1552/1552
f 1552/1552/1552 1551/1551/1551 1553/1553/1553
f 1553/1553/1553 1551/1551/1551 1554/1554/1554
f 1554/1554/1554 1551/1551/1551 1555/1555/1555
f 1556/1556/1556 1555/1555/1555 1551/1551/1551
f 1554/1554/1554 1555/1555/1555 1557/1557/1557
f 1555/1555/1555 1556/1556/1556 1557/1557/1557
f 1554/1554/1554 1557/1557/1557 1558/1558/1558
f 1557/1557/1557 1556/1556/1556 1558/1558/1558
f 1554/1554/1554 1558/1558/1558 1559/1559/1559
f 1558/1558/1558 1556/1556/1556 1559/1559/1559
f 1559/1559/1559 1556/1556/1556 1560/1560/1560
f 1560/1560/1560 1556/1556/1556 1561/1561/1561
f 1561/1561/1561 1556/1556/1556 1562/1562/1562
f 1561/1561/1561 1562/1562/1562 1563/1563/1563
f 1563/1563/1563 1562/1562/1562 1564/1564/1564
f 1564/1564/1564 1562/1562/1562 1565/1565/1565
f 1564/1564/1564 1565/1565/1565 1566/1566/1566
f 1566/1566/1566 1565/1565/1565 1567/1567/1567
f 1567/1567/1567 1565/1565/1565 1568/1568/1568
f 1567/1567/1567 1568/1568/1568 1569/1569/1569
f 1569/1569/1569 1568/1568/1568 1570/1570/1570
f 1569/1569/1569 1570/1570/1570 1571/1571/1571
f 1572/1572/1572 1569/1569/1569 1571/1571/1571
f 1570/1570/1570 1572/1572/1572 1571/1571/1571
f 1570/1570/1570 1568/1568/1568 1573/1573/1573
f 1572/1572/1572 1570/1570/1570 1573/1573/1573
f 1572/1572/1572 1573/1573/1573 1568/1568/1568
f 1572/1572/1572 1568/1568/1568 1574/1574/1574
f 1572/1572/1572 1574/1574/1574 1575/1575/1575
f 1575/1575/1575 1574/1574/1574 1576/1576/1576
f 1576/1576/1576 1574/1574/1574 1577/1577/1577
f 1577/1577/1577 1574/1574/1574 1578/1578/1578
f 1577/1577/1577 1578/1578/1578 1579/1579/1579
f 1579/1579/1579 1578/1578/1578 1580/1580/1580
f 1580/1580/1580 1578/1578/1578 1581/1581/1581
f 1580/1580/1580 1581/1581/1581 1582/1582/1582
f 1582/1582/1582 1581/1581/1581 1583/1583/1583
f 1583/1583/1583 1581/1581/1581 1584/1584/1584
f 1583/1583/1583 1584/1584/1584 1585/1585/1585
f 1585/1585/1585 1584/1584/1584 1586/1586/1586
f 1586/1586/1586 1587/1587/1587 1585/1585/1585
f 1587/1587/1587 1586/1586/1586 1588/1588/1588
f 1586/1586/1586 1589/1589/1589 1588/1588/1588
f 1587/1587/1587 1588/1588/1588 1589/1589/1589
f 1586/1586/1586 1584/1584/1584 1589/1589/1589
f 1587/1587/1587 1589/1589/1589 1584/1584/1584
f 1587/1587/1587 1584/1584/1584 1590/1590/1590
f 1590/1590/1590 1584/1584/1584 1591/1591/1591
f 1590/1590/1590 1591/1591/1591 1592/1592/1592
f 1592/1592/1592 1591/1591/1591 1593/1593/1593
f 1593/1593/1593 1591/1591/1591 1594/1594/1594
f 1594/1594/1594 1591/1591/1591 1595/1595/1595
f 1594/1594/1594 1595/1595/1595 1596/1596/1596
f 1596/1596/1596 1595/1595/1595 1597/1597/1597
f 1596/1596/1596 1597/1597/1597 1598/1598/1598
f 1598/1598/1598 1597/1597/1597 1599/1599/1599
f 1599/1599/1599 1597/1597/1597 1600/1600/1600
f 1599/1599/1599 1600/1600/1600 1601/1601/1601
f 1601/1601/1601 1602/1602/1602 1599/1599/1599
f 1602/1602/1602 1601/1601/1601 1603/1603/1603
f 1602/1602/1602 1603/1603/1603 1604/1604/1604
f 1601/1601/1601 1605/1605/1605 1603/1603/1603
f 1604/1604/1604 1603/1603/1603 1605/1605/1605
f 1601/1601/1601 1600/1600/1600 1605/1605/1605
f 1604/1604/1604 1605/1605/1605 1606/1606/1606
f 1606/1606/1606 1605/1605/1605 1600/1600/1600
f 1606/1606/1606 1600/1600/1600 1607/1607/1607
f 1607/1607/1607 1600/1600/1600 1608/1608/1608
f 1607/1607/1607 1608/1608/1608 1609/1609/1609
f 1609/1609/1609 1608/1608/1608 1610/1610/1610
f 1610/1610/1610 1608/1608/1608 1611/1611/1611
f 1610/1610/1610 1611/1611/1611 1612/1612/1612
f 1612/1612/1612 1611/1611/1611 1613/1613/1613
f 1612/1612/1612 1613/1613/1613 1614/1614/1614
f 1614/1614/1614 1613/1613/1613 1615/1615/1615
f 1615/1615/1615 1616/1616/1616 1614/1614/1614
f 1616/1616/1616 1615/1615/1615 1617/1617/1617
f 1615/1615/1615 1613/1613/1613 1618/1618/1618
f 1617/1617/1617 1615/1615/1615 1619/1619/1619
f 1617/1617/1617 1619/1619/1619 1620/1620/1620
f 1620/1620/1620 1619/1619/1619 1621/1621/1621
f 1615/1615/1615 1622/1622/1622 1619/1619/1619
f 1621/1621/1621 1619/1619/1619 1622/1622/1622
f 1615/1615/1615 1618/1618/1618 1622/1622/1622
f 1621/1621/1621 1622/1622/1622 1623/1623/1623
f 1623/1623/1623 1622/1622/1622 1618/1618/1618
f 1623/1623/1623 1618/1618/1618 1624/1624/1624
f 1623/1623/1623 1624/1624/1624 1625/1625/1625
f 1625/1625/1625 1624/1624/1624 1626/1626/1626
f 1626/1626/1626 1624/1624/1624 1627/1627/1627
f 1626/1626/1626 1627/1627/1627 1628/1628/1628
f 1628/1628/1628 1627/1627/1627 1629/1629/1629
f 1628/1628/1628 1629/1629/1629 1630/1630/1630
f 1630/1630/1630 1631/1631/1631 1628/1628/1628
f 1631/1631/1631 1630/1630/1630 1632/1632/1632
f 1632/1632/1632 1630/1630/1630 1633/1633/1633
f 1633/1633/1633 1630/1630/1630 1634/1634/1634
f 1634/1634/1634 1630/1630/1630 1635/1635/1635
f 1630/1630/1630 1629/1629/1629 1636/1636/1636
f 1635/1635/1635 1630/1630/1630 1636/1636/1636
f 1636/1636/1636 1629/1629/1629 1637/1637/1637
f 1635/1635/1635 1636/1636/1636 1637/1637/1637
f 1635/1635/1635 1637/1637/1637 1638/1638/1638
f 1637/1637/1637 1629/1629/1629 1639/1639/1639
f 1638/1638/1638 1637/1637/1637 1639/1639/1639
f 1638/1638/1638 1639/1639/1639 1640/1640/1640
f 1640/1640/1640 1639/1639/1639 1641/1641/1641
f 1640/1640/1640 1641/1641/1641 1642/1642/1642
f 1642/1642/1642 1641/1641/1641 1643/1643/1643
f 1642/1642/1642 1643/1643/1643 1644/1644/1644
f 1644/1644/1644 1643/1643/1643 1645/1645/1645
f 1645/1645/1645 1643/1643/1643 1646/1646/1646
f 1646/1646/1646 1643/1643/1643 1647/1647/1647
f 1647/1647/1647 1643/1643/1643 1648/1648/1648
f 1648/1648/1648 1643/1643/1643 1649/1649/1649
f 1649/1649/1649 1643/1643/1643 1650/1650/1650
f 1650/1650/1650 1643/1643/1643 1651/1651/1651
f 1651/1651/1651 1643/1643/1643 1652/1652/1652
f 1652/1652/1652 1653/1653/1653 1651/1651/1651
f 1653/1653/1653 1652/1652/1652 1654/1654/1654
f 1654/1654/1654 1652/1652/1652 1655/1655/1655
f 1655/1655/1655 1652/1652/1652 1656/1656/1656
f 1652/1652/1652 1643/1643/1643 1657/1657/1657
f 1656/1656/1656 1652/1652/1652 1658/1658/1658
f 1652/1652/1652 1657/1657/1657 1658/1658/1658
f 1656/1656/1656 1658/1658/1658 1659/1659/1659
f 1658/1658/1658 1657/1657/1657 1660/1660/1660
f 1659/1659/1659 1658/1658/1658 1660/1660/1660
f 1659/1659/1659 1660/1660/1660 1661/1661/1661
f 1660/1660/1660 1657/1657/1657 1662/1662/1662
f 1661/1661/1661 1660/1660/1660 1662/1662/1662
f 1661/1661/1661 1662/1662/1662 1663/1663/1663
f 1663/1663/1663 1662/1662/1662 1664/1664/1664
f 1663/1663/1663 1664/1664/1664 1665/1665/1665
f 1665/1665/1665 1664/1664/1664 1666/1666/1666
f 1666/1666/1666 1664/1664/1664 1667/1667/1667
f 1667/1667/1667 1664/1664/1664 1668/1668/1668
f 1668/1668/1668 1664/1664/1664 1669/1669/1669
f 1669/1669/1669 1664/1664/1664 1670/1670/1670
f 1669/1669/1669 1670/1670/1670 1671/1671/1671
f 1671/1671/1671 1672/1672/1672 1669/1669/1669
f 1672/1672/1672 1671/1671/1671 1673/1673/1673
f 1671/1671/1671 1670/1670/1670 1674/1674/1674
f 1673/1673/1673 1671/1671/1671 1674/1674/1674
f 1674/1674/1674 1670/1670/1670 1675/1675/1675
f 1673/1673/1673 1674/1674/1674 1676/1676/1676
f 1674/1674/1674 1675/1675/1675 1677/1677/1677
f 1676/1676/1676 1674/1674/1674 1677/1677/1677
f 1677/1677/1677 1675/1675/1675 1678/1678/1678
f 1676/1676/1676 1677/1677/1677 1679/1679/1679
f 1679/1679/1679 1677/1677/1677 1678/1678/1678
f 1679/1679/1679 1678/1678/1678 1680/1680/1680
f 1680/1680/1680 1678/1678/1678 1681/1681/1681
f 1681/1681/1681 1678/1678/1678 1682/1682/1682
f 1682/1682/1682 1678/1678/1678 1683/1683/1683
f 1683/1683/1683 1678/1678/1678 1684/1684/1684
f 1684/1684/1684 1685/1685/1685 1683/1683/1683
f 1684/1684/1684 1678/1678/1678 1686/1686/1686
f 1685/1685/1685 1684/1684/1684 1687/1687/1687
f 1684/1684/1684 1686/1686/1686 1688/1688/1688
f 1687/1687/1687 1684/1684/1684 1688/1688/1688
f 1687/1687/1687 1688/1688/1688 1689/1689/1689
f 1688/1688/1688 1686/1686/1686 1690/1690/1690
f 1689/1689/1689 1688/1688/1688 1691/1691/1691
f 1688/1688/1688 1690/1690/1690 1692/1692/1692
f 1691/1691/1691 1688/1688/1688 1692/1692/1692
f 1692/1692/1692 1690/1690/1690 1693/1693/1693
f 1691/1691/1691 1692/1692/1692 1694/1694/1694
f 1694/1694/1694 1692/1692/1692 1695/1695/1695
f 1695/1695/1695 1692/1692/1692 1696/1696/1696
f 1696/1696/1696 1692/1692/1692 1697/1697/1697
f 1697/1697/1697 1692/1692/1692 1698/1698/1698
f 1692/1692/1692 1693/1693/1693 1699/1699/1699
f 1698/1698/1698 1692/1692/1692 1699/1699/1699
f 1698/1698/1698 1700/1700/1700 1697/1697/1697
f 1700/1700/1700 1698/1698/1698 1701/1701/1701
f 1701/1701/1701 1698/1698/1698 1702/1702/1702
f 1702/1702/1702 1698/1698/1698 1703/1703/1703
f 1698/1698/1698 1699/1699/1699 1704/1704/1704
f 1703/1703/1703 1698/1698/1698 1704/1704/1704
f 1703/1703/1703 1704/1704/1704 1705/1705/1705
f 1705/1705/1705 1704/1704/1704 1706/1706/1706
f 1706/1706/1706 1704/1704/1704 1707/1707/1707
f 1704/1704/1704 1699/1699/1699 1708/1708/1708
f 1707/1707/1707 1704/1704/1704 1709/1709/1709
f 1709/1709/1709 1704/1704/1704 1710/1710/1710
f 1710/1710/1710 1711/1711/1711 1709/1709/1709
f 1711/1711/1711 1710/1710/1710 1712/1712/1712
f 1712/1712/1712 1710/1710/1710 1713/1713/1713
f 1713/1713/1713 1710/1710/1710 1714/1714/1714
f 1714/1714/1714 1710/1710/1710 1715/1715/1715
f 1704/1704/1704 1708/1708/1708 1716/1716/1716
f 1710/1710/1710 1704/1704/1704 1716/1716/1716
f 1716/1716/1716 1708/1708/1708 1717/1717/1717
f 1716/1716/1716 1717/1717/1717 1718/1718/1718
f 1716/1716/1716 1718/1718/1718 1719/1719/1719
f 1102/1102/1102 1715/1715/1715 1710/1710/1710
f 1102/1102/1102 1116/1116/1116 1715/1715/1715
f 1710/1710/1710 1716/1716/1716 1720/1720/1720
f 1102/1102/1102 1710/1710/1710 1720/1720/1720
f 1720/1720/1720 1716/1716/1716 1719/1719/1719
f 1102/1102/1102 1720/1720/1720 1093/1093/1093
f 1720/1720/1720 1719/1719/1719 1721/1721/1721
f 1093/1093/1093 1720/1720/1720 1721/1721/1721
f 1721/1721/1721 1719/1719/1719 1722/1722/1722
f 1093/1093/1093 1721/1721/1721 1086/1086/1086
f 1721/1721/1721 1722/1722/1722 1723/1723/1723
f 1086/1086/1086 1721/1721/1721 1724/1724/1724
f 1721/1721/1721 1723/1723/1723 1724/1724/1724
f 1724/1724/1724 1723/1723/1723 1725/1725/1725
f 1086/1086/1086 1724/1724/1724 1083/1083/1083
f 1083/1083/1083 1724/1724/1724 1726/1726/1726
f 1083/1083/1083 1726/1726/1726 1727/1727/1727
f 1083/1083/1083 1727/1727/1727 1728/1728/1728
f 1729/1729/1729 1731/1731/1731 1730/1730/1730
f 1729/1729/1729 1732/1732/1732 1731/1731/1731
f 1733/1733/1733 1732/1732/1732 1729/1729/1729
f 1733/1733/1733 1734/1734/1734 1732/1732/1732
f 1735/1735/1735 1734/1734/1734 1733/1733/1733
f 1735/1735/1735 1736/1736/1736 1734/1734/1734
f 1737/1737/1737 1736/1736/1736 1735/1735/1735
f 1737/1737/1737 1738/1738/1738 1736/1736/1736
f 1739/1739/1739 1738/1738/1738 1737/1737/1737
f 1739/1739/1739 1740/1740/1740 1738/1738/1738
f 1741/1741/1741 1740/1740/1740 1739/1739/1739
f 1741/1741/1741 1742/1742/1742 1740/1740/1740
f 1743/1743/1743 1742/1742/1742 1741/1741/1741
f 1743/1743/1743 1744/1744/1744 1742/1742/1742
f 1745/1745/1745 1744/1744/1744 1743/1743/1743
f 1745/1745/1745 1746/1746/1746 1744/1744/1744
f 1747/1747/1747 1746/1746/1746 1745/1745/1745
f 1747/1747/1747 1748/1748/1748 1746/1746/1746
f 1749/1749/1749 1748/1748/1748 1747/1747/1747
f 1749/1749/1749 1750/1750/1750 1748/1748/1748
f 1751/1751/1751 1753/1753/1753 1752/1752/1752
f 1751/1751/1751 1752/1752/1752 1754/1754/1754
f 1754/1754/1754 1752/1752/1752 1755/1755/1755
f 1754/1754/1754 1755/1755/1755 1756/1756/1756
f 1756/1756/1756 1755/1755/1755 1757/1757/1757
f 1756/1756/1756 1757/1757/1757 1758/1758/1758
f 1758/1758/1758 1757/1757/1757 1759/1759/1759
f 1758/1758/1758 1759/1759/1759 1760/1760/1760
f 1760/1760/1760 1759/1759/1759 1761/1761/1761
f 1760/1760/1760 1761/1761/1761 1762/1762/1762
f 1762/1762/1762 1761/1761/1761 1763/1763/1763
f 1762/1762/1762 1763/1763/1763 1764/1764/1764
f 1764/1764/1764 1763/1763/1763 1765/1765/1765
f 1764/1764/1764 1765/1765/1765 1766/1766/1766
f 1766/1766/1766 1765/1765/1765 1767/1767/1767
f 1766/1766/1766 1767/1767/1767 1768/1768/1768
f 1768/1768/1768 1767/1767/1767 1769/1769/1769
f 1768/1768/1768 1769/1769/1769 1770/1770/1770
f 1770/1770/1770 1769/1769/1769 1771/1771/1771
f 1770/1770/1770 1771/1771/1771 1772/1772/1772
f 1773/1773/1773 1775/1775/1775 1774/1774/1774
f 1773/1773/1773 1774/1774/1774 1776/1776/1776
f 1776/1776/1776 1774/1774/1774 1777/1777/1777
f 1776/1776/1776 1777/1777/1777 1778/1778/1778
f 1778/1778/1778 1777/1777/1777 1779/1779/1779
f 1778/1778/1778 1779/1779/1779 1780/1780/1780
f 1780/1780/1780 1779/1779/1779 1781/1781/1781
f 1780/1780/1780 1781/1781/1781 1782/1782/1782
f 1782/1782/1782 1781/1781/1781 1783/1783/1783
f 1782/1782/1782 1783/1783/1783 1784/1784/1784
f 1784/1784/1784 1783/1783/1783 1785/1785/1785
f 1784/1784/1784 1785/1785/1785 1786/1786/1786
f 1786/1786/1786 1785/1785/1785 1787/1787/1787
f 1786/1786/1786 1787/1787/1787 1788/1788/1788
f 1788/1788/1788 1787/1787/1787 1789/1789/1789
f 1788/1788/1788 1789/1789/1789 1790/1790/1790
f 1790/1790/1790 1789/1789/1789 1791/1791/1791
f 1790/1790/1790 1791/1791/1791 1792/1792/1792
f 1792/1792/1792 1791/1791/1791 1793/1793/1793
f 1792/1792/1792 1793/1793/1793 1794/1794/1794
f 1795/1795/1795 1797/1797/1797 1796/1796/1796
f 1795/1795/1795 1796/1796/1796 1798/1798/1798
f 1798/1798/1798 1796/1796/1796 1799/1799/1799
f 1798/1798/1798 1799/1799/1799 1800/1800/1800
f 1800/1800/1800 1799/1799/1799 1801/1801/1801
f 1800/1800/1800 1801/1801/1801 1802/1802/1802
f 1802/1802/1802 1801/1801/1801 1803/1803/1803
f 1802/1802/1802 1803/1803/1803 1804/1804/1804
f 1804/1804/1804 1803/1803/1803 1805/1805/1805
f 1804/1804/1804 1805/1805/1805 1806/1806/1806
f 1806/1806/1806 1805/1805/1805 1807/1807/1807
f 1806/1806/1806 1807/1807/1807 1808/1808/1808
f 1808/1808/1808 1807/1807/1807 1809/1809/1809
f 1808/1808/1808 1809/1809/1809 1810/1810/1810
f 1810/1810/1810 1809/1809/1809 1811/1811/1811
f 1810/1810/1810 1811/1811/1811 1812/1812/1812
f 1812/1812/1812 1811/1811/1811 1813/1813/1813
f 1812/1812/1812 1813/1813/1813 1814/1814/1814
f 1814/1814/1814 1813/1813/1813 1815/1815/1815
f 1814/1814/1814 1815/1815/1815 1816/1816/1816
f 1817/1817/1817 1819/1819/1819 1818/1818/1818
f 1817/1817/1817 1820/1820/1820 1819/1819/1819
f 1820/1820/1820 1821/1821/1821 1819/1819/1819
f 1822/1822/1822 1820/1820/1820 1817/1817/1817
f 1820/1820/1820 1823/1823/1823 1821/1821/1821
f 1822/1822/1822 1824/1824/1824 1820/1820/1820
f 1824/1824/1824 1823/1823/1823 1820/1820/1820
f 1825/1825/1825 1824/1824/1824 1822/1822/1822
f 1824/1824/1824 1826/1826/1826 1823/1823/1823
f 1825/1825/1825 1827/1827/1827 1824/1824/1824
f 1827/1827/1827 1826/1826/1826 1824/1824/1824
f 1828/1828/1828 1827/1827/1827 1825/1825/1825
f 1827/1827/1827 1829/1829/1829 1826/1826/1826
f 1828/1828/1828 1830/1830/1830 1827/1827/1827
f 1830/1830/1830 1829/1829/1829 1827/1827/1827
f 1831/1831/1831 1830/1830/1830 1828/1828/1828
f 1830/1830/1830 1832/1832/1832 1829/1829/1829
f 1831/1831/1831 1833/1833/1833 1830/1830/1830
f 1833/1833/1833 1832/1832/1832 1830/1830/1830
f 1834/1834/1834 1833/1833/1833 1831/1831/1831
f 1833/1833/1833 1835/1835/1835 1832/1832/1832
f 1834/1834/1834 1836/1836/1836 1833/1833/1833
f 1836/1836/1836 1835/1835/1835 1833/1833/1833
f 1837/1837/1837 1836/1836/1836 1834/1834/1834
f 1836/1836/1836 1838/1838/1838 1835/1835/1835
f 1837/1837/1837 1839/1839/1839 1836/1836/1836
f 1839/1839/1839 1838/1838/1838 1836/1836/1836
f 1840/1840/1840 1839/1839/1839 1837/1837/1837
f 1839/1839/1839 1841/1841/1841 1838/1838/1838
f 1840/1840/1840 1842/1842/1842 1839/1839/1839
f 1842/1842/1842 1841/1841/1841 1839/1839/1839
f 1843/1843/1843 1842/1842/1842 1840/1840/1840
f 1842/1842/1842 1844/1844/1844 1841/1841/1841
f 1843/1843/1843 1845/1845/1845 1842/1842/1842
f 1845/1845/1845 1844/1844/1844 1842/1842/1842
f 1846/1846/1846 1845/1845/1845 1843/1843/1843
f 1845/1845/1845 1847/1847/1847 1844/1844/1844
f 1846/1846/1846 1848/1848/1848 1845/1845/1845
f 1848/1848/1848 1847/1847/1847 1845/1845/1845
f 1848/1848/1848 1849/1849/1849 1847/1847/1847
f 1850/1850/1850 1852/1852/1852 1851/1851/1851
f 1850/1850/1850 1853/1853/1853 1852/1852/1852
f 1853/1853/1853 1854/1854/1854 1852/1852/1852
f 1855/1855/1855 1853/1853/1853 1850/1850/1850
f 1853/1853/1853 1856/1856/1856 1854/1854/1854
f 1855/1855/1855 1857/1857/1857 1853/1853/1853
f 1857/1857/1857 1856/1856/1856 1853/1853/1853
f 1858/1858/1858 1857/1857/1857 1855/1855/1855
f 1857/1857/1857 1859/1859/1859 1856/1856/1856
f 1858/1858/1858 1860/1860/1860 1857/1857/1857
f 1860/1860/1860 1859/1859/1859 1857/1857/1857
f 1861/1861/1861 1860/1860/1860 1858/1858/1858
f 1860/1860/1860 1862/1862/1862 1859/1859/1859
f 1861/1861/1861 1863/1863/1863 1860/1860/1860
f 1863/1863/1863 1862/1862/1862 1860/1860/1860
f 1864/1864/1864 1863/1863/1863 1861/1861/1861
f 1863/1863/1863 1865/1865/1865 1862/1862/1862
f 1864/1864/1864 1866/1866/1866 1863/1863/1863
f 1866/1866/1866 1865/1865/1865 1863/1863/1863
f 1867/1867/1867 1866/1866/1866 1864/1864/1864
f 1866/1866/1866 1868/1868/1868 1865/1865/1865
f 1867/1867/1867 1869/1869/1869 1866/1866/1866
f 1869/1869/1869 1868/1868/1868 1866/1866/1866
f 1870/1870/1870 1869/1869/1869 1867/1867/1867
f 1869/1869/1869 1871/1871/1871 1868/1868/1868
f 1870/1870/1870 1872/1872/1872 1869/1869/1869
f 1872/1872/1872 1871/1871/1871 1869/1869/1869
f 1873/1873/1873 1872/1872/1872 1870/1870/1870
f 1872/1872/1872 1874/1874/1874 1871/1871/1871
f 1873/1873/1873 1875/1875/1875 1872/1872/1872
f 1875/1875/1875 1874/1874/1874 1872/1872/1872
f 1876/1876/1876 1875/1875/1875 1873/1873/1873
f 1875/1875/1875 1877/1877/1877 1874/1874/1874
f 1876/1876/1876 1878/1878/1878 1875/1875/1875
f 1878/1878/1878 1877/1877/1877 1875/1875/1875
f 1879/1879/1879 1878/1878/1878 1876/1876/1876
f 1878/1878/1878 1880/1880/1880 1877/1877/1877
f 1879/1879/1879 1881/1881/1881 1878/1878/1878
f 1881/1881/1881 1880/1880/1880 1878/1878/1878
f 1881/1881/1881 1882/1882/1882 1880/1880/1880
f 1883/1883/1883 1885/1885/1885 1884/1884/1884
f 1883/1883/1883 1886/1886/1886 1885/1885/1885
f 1886/1886/1886 1887/1887/1887 1885/1885/1885
f 1888/1888/1888 1886/1886/1886 1883/1883/1883
f 1886/1886/1886 1889/1889/1889 1887/1887/1887
f 1888/1888/1888 1890/1890/1890 1886/1886/1886
f 1890/1890/1890 1889/1889/1889 1886/1886/1886
f 1891/1891/1891 1890/1890/1890 1888/1888/1888
f 1890/1890/1890 1892/1892/1892 1889/1889/1889
f 1891/1891/1891 1893/1893/1893 1890/1890/1890
f 1893/1893/1893 1892/1892/1892 1890/1890/1890
f 1894/1894/1894 1893/1893/1893 1891/1891/1891
f 1893/1893/1893 1895/1895/1895 1892/1892/1892
f 1894/1894/1894 1896/1896/1896 1893/1893/1893
f 1896/1896/1896 1895/1895/1895 1893/1893/1893
f 1897/1897/1897 1896/1896/1896 1894/1894/1894
f 1896/1896/1896 1898/1898/1898 1895/1895/1895
f 1897/1897/1897 1899/1899/1899 1896/1896/1896
f 1899/1899/1899 1898/1898/1898 1896/1896/1896
f 1900/1900/1900 1899/1899/1899 1897/1897/1897
f 1899/1899/1899 1901/1901/1901 1898/1898/1898
f 1900/1900/1900 1902/1902/1902 1899/1899/1899
f 1902/1902/1902 1901/1901/1901 1899/1899/1899
f 1903/1903/1903 1902/1902/1902 1900/1900/1900
f 1902/1902/1902 1904/1904/1904 1901/1901/1901
f 1903/1903/1903 1905/1905/1905 1902/1902/1902
f 1905/1905/1905 1904/1904/1904 1902/1902/1902
f 1906/1906/1906 1905/1905/1905 1903/1903/1903
f 1905/1905/1905 1907/1907/1907 1904/1904/1904
f 1906/1906/1906 1908/1908/1908 1905/1905/1905
f 1908/1908/1908 1907/1907/1907 1905/1905/1905
f 1909/1909/1909 1908/1908/1908 1906/1906/1906
f 1908/1908/1908 1910/1910/1910 1907/1907/1907
f 1909/1909/1909 1911/1911/1911 1908/1908/1908
f 1911/1911/1911 1910/1910/1910 1908/1908/1908
f 1912/1912/1912 1911/1911/1911 1909/1909/1909
f 1911/1911/1911 1913/1913/1913 1910/1910/1910
f 1912/1912/1912 1914/1914/1914 1911/1911/1911
f 1914/1914/1914 1913/1913/1913 1911/1911/1911
f 1914/1914/1914 1915/1915/1915 1913/1913/1913
f 1916/1916/1916 1918/1918/1918 1917/1917/1917
f 1916/1916/1916 1919/1919/1919 1918/1918/1918
f 1919/1919/1919 1920/1920/1920 1918/1918/1918
f 1921/1921/1921 1919/1919/1919 1916/1916/1916
f 1919/1919/1919 1922/1922/1922 1920/1920/1920
f 1921/1921/1921 1923/1923/1923 1919/1919/1919
f 1923/1923/1923 1922/1922/1922 1919/1919/1919
f 1924/1924/1924 1923/1923/1923 1921/1921/1921
f 1923/1923/1923 1925/1925/1925 1922/1922/1922
f 1924/1924/1924 1926/1926/1926 1923/1923/1923
f 1926/1926/1926 1925/1925/1925 1923/1923/1923
f 1927/1927/1927 1926/1926/1926 1924/1924/1924
f 1926/1926/1926 1928/1928/1928 1925/1925/1925
f 1927/1927/1927 1929/1929/1929 1926/1926/1926
f 1929/1929/1929 1928/1928/1928 1926/1926/1926
f 1930/1930/1930 1929/1929/1929 1927/1927/1927
f 1929/1929/1929 1931/1931/1931 1928/1928/1928
f 1930/1930/1930 1932/1932/1932 1929/1929/1929
f 1932/1932/1932 1931/1931/1931 1929/1929/1929
f 1933/1933/1933 1932/1932/1932 1930/1930/1930
f 1932/1932/1932 1934/1934/1934 1931/1931/1931
f 1933/1933/1933 1935/1935/1935 1932/1932/1932
f 1935/1935/1935 1934/1934/1934 1932/1932/1932
f 1936/1936/1936 1935/1935/1935 1933/1933/1933
f 1935/1935/1935 1937/1937/1937 1934/1934/1934
f 1936/1936/1936 1938/1938/1938 1935/1935/1935
f 1938/1938/1938 1937/1937/1937 1935/1935/1935
f 1939/1939/1939 1938/1938/1938 1936/1936/1936
f 1938/1938/1938 1940/1940/1940 1937/1937/1937
f 1939/1939/1939 1941/1941/1941 1938/1938/1938
f 1941/1941/1941 1940/1940/1940 1938/1938/1938
f 1942/1942/1942 1941/1941/1941 1939/1939/1939
f 1941/1941/1941 1943/1943/1943 1940/1940/1940
f 1942/1942/1942 1944/1944/1944 1941/1941/1941
f 1944/1944/1944 1943/1943/1943 1941/1941/1941
f 1945/1945/1945 1944/1944/1944 1942/1942/1942
f 1944/1944/1944 1946/1946/1946 1943/1943/1943
f 1945/1945/1945 1947/1947/1947 1944/1944/1944
f 1947/1947/1947 1946/1946/1946 1944/1944/1944
f 1947/1947/1947 1948/1948/1948 1946/1946/1946
f 1949/1949/1949 1951/1951/1951 1950/1950/1950
f 1949/1949/1949 1950/1950/1950 1952/1952/1952
f 1953/1953/1953 1955/1955/1955 1954/1954/1954
f 1953/1953/1953 1956/1956/1956 1955/1955/1955
f 1957/1957/1957 1956/1956/1956 1953/1953/1953
f 1958/1958/1958 1956/1956/1956 1957/1957/1957
f 1959/1959/1959 1955/1955/1955 1956/1956/1956
f 1956/1956/1956 1958/1958/1958 1960/1960/1960
f 1961/1961/1961 1960/1960/1960 1958/1958/1958
f 1962/1962/1962 1960/1960/1960 1961/1961/1961
f 1955/1955/1955 1959/1959/1959 1963/1963/1963
f 1963/1963/1963 1959/1959/1959 1964/1964/1964
f 1964/1964/1964 1959/1959/1959 1965/1965/1965
f 1960/1960/1960 1962/1962/1962 1966/1966/1966
f 1967/1967/1967 1966/1966/1966 1962/1962/1962
f 1968/1968/1968 1966/1966/1966 1967/1967/1967
f 1969/1969/1969 1965/1965/1965 1959/1959/1959
f 1965/1965/1965 1969/1969/1969 1970/1970/1970
f 1970/1970/1970 1969/1969/1969 1971/1971/1971
f 1966/1966/1966 1968/1968/1968 1972/1972/1972
f 1973/1973/1973 1972/1972/1972 1968/1968/1968
f 1974/1974/1974 1972/1972/1972 1973/1973/1973
f 1975/1975/1975 1971/1971/1971 1969/1969/1969
f 1971/1971/1971 1975/1975/1975 1976/1976/1976
f 1976/1976/1976 1975/1975/1975 1977/1977/1977
f 1972/1972/1972 1974/1974/1974 1978/1978/1978
f 1974/1974/1974 1979/1979/1979 1978/1978/1978
f 1980/1980/1980 1977/1977/1977 1975/1975/1975
f 1977/1977/1977 1980/1980/1980 1981/1981/1981
f 1981/1981/1981 1980/1980/1980 1982/1982/1982
f 1983/1983/1983 1978/1978/1978 1979/1979/1979
f 1978/1978/1978 1983/1983/1983 1984/1984/1984
f 1985/1985/1985 1982/1982/1982 1980/1980/1980
f 1982/1982/1982 1985/1985/1985 1986/1986/1986
f 1986/1986/1986 1985/1985/1985 1987/1987/1987
f 1983/1983/1983 1988/1988/1988 1984/1984/1984
f 1988/1988/1988 1983/1983/1983 1989/1989/1989
f 1988/1988/1988 1989/1989/1989 1990/1990/1990
f 1991/1991/1991 1987/1987/1987 1985/1985/1985
f 1990/1990/1990 1992/1992/1992 1988/1988/1988
f 1992/1992/1992 1990/1990/1990 1993/1993/1993
f 1992/1992/1992 1993/1993/1993 1994/1994/1994
f 1987/1987/1987 1991/1991/1991 1995/1995/1995
f 1995/1995/1995 1991/1991/1991 1996/1996/1996
f 1991/1991/1991 1997/1997/1997 1996/1996/1996
f 1994/1994/1994 1998/1998/1998 1992/1992/1992
f 1998/1998/1998 1994/1994/1994 1999/1999/1999
f 1998/1998/1998 1999/1999/1999 2000/2000/2000
f 1997/1997/1997 1991/1991/1991 2001/2001/2001
f 1997/1997/1997 2001/2001/2001 2002/2002/2002
f 2001/2001/2001 2003/2003/2003 2002/2002/2002
f 2000/2000/2000 2004/2004/2004 1998/1998/1998
f 2004/2004/2004 2000/2000/2000 2005/2005/2005
f 2004/2004/2004 2005/2005/2005 2006/2006/2006
f 2003/2003/2003 2001/2001/2001 2007/2007/2007
f 2006/2006/2006 2008/2008/2008 2004/2004/2004
f 2003/2003/2003 2007/2007/2007 2009/2009/2009
f 2007/2007/2007 2010/2010/2010 2009/2009/2009
f 2010/2010/2010 2007/2007/2007 2011/2011/2011
f 2008/2008/2008 2006/2006/2006 2012/2012/2012
f 2008/2008/2008 2012/2012/2012 2013/2013/2013
f 2008/2008/2008 2013/2013/2013 2014/2014/2014
f 2011/2011/2011 2007/2007/2007 2015/2015/2015
f 2015/2015/2015 2016/2016/2016 2011/2011/2011
f 2016/2016/2016 2015/2015/2015 2017/2017/2017
f 2014/2014/2014 2018/2018/2018 2008/2008/2008
f 2017/2017/2017 2015/2015/2015 2019/2019/2019
f 2018/2018/2018 2014/2014/2014 2020/2020/2020
f 2017/2017/2017 2019/2019/2019 2021/2021/2021
f 2018/2018/2018 2020/2020/2020 2022/2022/2022
f 2018/2018/2018 2022/2022/2022 2023/2023/2023
f 2018/2018/2018 2023/2023/2023 2024/2024/2024
f 2021/2021/2021 2019/2019/2019 2025/2025/2025
f 2019/2019/2019 2026/2026/2026 2025/2025/2025
f 2026/2026/2026 2019/2019/2019 2027/2027/2027
f 2024/2024/2024 2028/2028/2028 2018/2018/2018
f 2028/2028/2028 2024/2024/2024 2029/2029/2029
f 2028/2028/2028 2029/2029/2029 2030/2030/2030
f 2027/2027/2027 2019/2019/2019 2031/2031/2031
f 2030/2030/2030 2032/2032/2032 2028/2028/2028
f 2032/2032/2032 2030/2030/2030 2033/2033/2033
f 2032/2032/2032 2033/2033/2033 2034/2034/2034
f 2027/2027/2027 2031/2031/2031 2035/2035/2035
f 2031/2031/2031 2036/2036/2036 2035/2035/2035
f 2036/2036/2036 2031/2031/2031 2037/2037/2037
f 2034/2034/2034 2038/2038/2038 2032/2032/2032
f 2038/2038/2038 2034/2034/2034 2039/2039/2039
f 2038/2038/2038 2039/2039/2039 2040/2040/2040
f 2037/2037/2037 2031/2031/2031 2041/2041/2041
f 2041/2041/2041 2042/2042/2042 2037/2037/2037
f 2042/2042/2042 2041/2041/2041 2043/2043/2043
f 2040/2040/2040 2044/2044/2044 2038/2038/2038
f 2043/2043/2043 2041/2041/2041 2045/2045/2045
f 2045/2045/2045 2046/2046/2046 2043/2043/2043
f 2046/2046/2046 2045/2045/2045 2047/2047/2047
f 2044/2044/2044 2040/2040/2040 2048/2048/2048
f 2044/2044/2044 2048/2048/2048 2049/2049/2049
f 2050/2050/2050 2044/2044/2044 2049/2049/2049
f 2047/2047/2047 2045/2045/2045 2051/2051/2051
f 2051/2051/2051 2052/2052/2052 2047/2047/2047
f 2052/2052/2052 2051/2051/2051 2053/2053/2053
f 2053/2053/2053 2051/2051/2051 2054/2054/2054
f 2054/2054/2054 2055/2055/2055 2053/2053/2053
f 2055/2055/2055 2054/2054/2054 2056/2056/2056
f 2056/2056/2056 2057/2057/2057 2055/2055/2055
f 2044/2044/2044 2050/2050/2050 2058/2058/2058
f 2058/2058/2058 2050/2050/2050 2059/2059/2059
f 2060/2060/2060 2058/2058/2058 2059/2059/2059
f 2061/2061/2061 2057/2057/2057 2056/2056/2056
f 2061/2061/2061 2062/2062/2062 2057/2057/2057
f 2062/2062/2062 2061/2061/2061 2063/2063/2063
f 2058/2058/2058 2060/2060/2060 2064/2064/2064
f 2064/2064/2064 2060/2060/2060 2065/2065/2065
f 2066/2066/2066 2064/2064/2064 2065/2065/2065
f 2067/2067/2067 2063/2063/2063 2061/2061/2061
f 2067/2067/2067 2068/2068/2068 2063/2063/2063
f 2068/2068/2068 2067/2067/2067 2069/2069/2069
f 2064/2064/2064 2066/2066/2066 2070/2070/2070
f 2071/2071/2071 2069/2069/2069 2067/2067/2067
f 2070/2070/2070 2066/2066/2066 2072/2072/2072
f 2073/2073/2073 2070/2070/2070 2072/2072/2072
f 2070/2070/2070 2073/2073/2073 2074/2074/2074
f 2071/2071/2071 2075/2075/2075 2069/2069/2069
f 2075/2075/2075 2071/2071/2071 2076/2076/2076
f 2071/2071/2071 2077/2077/2077 2076/2076/2076
f 2070/2070/2070 2074/2074/2074 2078/2078/2078
f 2079/2079/2079 2078/2078/2078 2074/2074/2074
f 2078/2078/2078 2079/2079/2079 2080/2080/2080
f 2081/2081/2081 2077/2077/2077 2071/2071/2071
f 2078/2078/2078 2080/2080/2080 2081/2081/2081
f 2081/2081/2081 2082/2082/2082 2077/2077/2077
f 2081/2081/2081 2080/2080/2080 2083/2083/2083
f 2081/2081/2081 2084/2084/2084 2082/2082/2082
f 2084/2084/2084 2081/2081/2081 2083/2083/2083
f 2085/2085/2085 2087/2087/2087 2086/2086/2086
f 2085/2085/2085 2086/2086/2086 2088/2088/2088
f 2086/2086/2086 2089/2089/2089 2088/2088/2088
f 2089/2089/2089 2086/2086/2086 2090/2090/2090
f 2090/2090/2090 2091/2091/2091 2089/2089/2089
f 2090/2090/2090 2086/2086/2086 2092/2092/2092
f 2091/2091/2091 2090/2090/2090 2093/2093/2093
f 2090/2090/2090 2092/2092/2092 2094/2094/2094
f 2092/2092/2092 2095/2095/2095 2094/2094/2094
f 2093/2093/2093 2090/2090/2090 2096/2096/2096
f 2095/2095/2095 2092/2092/2092 2097/2097/2097
f 2095/2095/2095 2097/2097/2097 2098/2098/2098
f 2092/2092/2092 2099/2099/2099 2097/2097/2097
f 2097/2097/2097 2099/2099/2099 2100/2100/2100
f 2099/2099/2099 2092/2092/2092 2101/2101/2101
f 2102/2102/2102 2101/2101/2101 2092/2092/2092
f 2093/2093/2093 2096/2096/2096 2103/2103/2103
f 2093/2093/2093 2103/2103/2103 2104/2104/2104
f 2103/2103/2103 2096/2096/2096 2105/2105/2105
f 2106/2106/2106 2105/2105/2105 2096/2096/2096
f 2105/2105/2105 2106/2106/2106 2107/2107/2107
f 2107/2107/2107 2106/2106/2106 2108/2108/2108
f 2109/2109/2109 2093/2093/2093 2104/2104/2104
f 2109/2109/2109 2110/2110/2110 2093/2093/2093
f 2110/2110/2110 2109/2109/2109 2111/2111/2111
f 2111/2111/2111 2109/2109/2109 2112/2112/2112
f 2111/2111/2111 2112/2112/2112 2113/2113/2113
f 2111/2111/2111 2113/2113/2113 2114/2114/2114
f 2113/2113/2113 2112/2112/2112 2115/2115/2115
f 2116/2116/2116 2115/2115/2115 2112/2112/2112
f 2115/2115/2115 2116/2116/2116 2117/2117/2117
f 2117/2117/2117 2116/2116/2116 2118/2118/2118
f 2119/2119/2119 2111/2111/2111 2114/2114/2114
f 2119/2119/2119 2120/2120/2120 2111/2111/2111
f 2120/2120/2120 2119/2119/2119 2121/2121/2121
f 2121/2121/2121 2119/2119/2119 2122/2122/2122
f 2121/2121/2121 2122/2122/2122 2123/2123/2123
f 2121/2121/2121 2123/2123/2123 2124/2124/2124
f 2122/2122/2122 2125/2125/2125 2123/2123/2123
f 2125/2125/2125 2122/2122/2122 2126/2126/2126
f 2125/2125/2125 2126/2126/2126 2127/2127/2127
f 2125/2125/2125 2127/2127/2127 2128/2128/2128
f 2129/2129/2129 2121/2121/2121 2124/2124/2124
f 2129/2129/2129 2130/2130/2130 2121/2121/2121
f 2130/2130/2130 2129/2129/2129 2131/2131/2131
f 2131/2131/2131 2129/2129/2129 2132/2132/2132
f 2131/2131/2131 2132/2132/2132 2133/2133/2133
f 2133/2133/2133 2132/2132/2132 2134/2134/2134
f 2135/2135/2135 2134/2134/2134 2132/2132/2132
f 2134/2134/2134 2135/2135/2135 2136/2136/2136
f 2136/2136/2136 2135/2135/2135 2137/2137/2137
f 2136/2136/2136 2137/2137/2137 2138/2138/2138
f 2139/2139/2139 2131/2131/2131 2133/2133/2133
f 2139/2139/2139 2140/2140/2140 2131/2131/2131
f 2140/2140/2140 2139/2139/2139 2141/2141/2141
f 2141/2141/2141 2139/2139/2139 2142/2142/2142
f 2143/2143/2143 2141/2141/2141 2142/2142/2142
f 2144/2144/2144 2143/2143/2143 2142/2142/2142
f 2143/2143/2143 2144/2144/2144 2145/2145/2145
f 2145/2145/2145 2144/2144/2144 2146/2146/2146
f 2145/2145/2145 2146/2146/2146 2147/2147/2147
f 2147/2147/2147 2146/2146/2146 2148/2148/2148
f 2141/2141/2141 2143/2143/2143 2149/2149/2149
f 2149/2149/2149 2150/2150/2150 2141/2141/2141
f 2150/2150/2150 2149/2149/2149 2151/2151/2151
f 2151/2151/2151 2149/2149/2149 2152/2152/2152
f 2153/2153/2153 2151/2151/2151 2152/2152/2152
f 2153/2153/2153 2152/2152/2152 2154/2154/2154
f 2154/2154/2154 2155/2155/2155 2153/2153/2153
f 2155/2155/2155 2154/2154/2154 2156/2156/2156
f 2155/2155/2155 2156/2156/2156 2157/2157/2157
f 2157/2157/2157 2156/2156/2156 2158/2158/2158
f 2151/2151/2151 2153/2153/2153 2159/2159/2159
f 2159/2159/2159 2160/2160/2160 2151/2151/2151
f 2160/2160/2160 2159/2159/2159 2161/2161/2161
f 2161/2161/2161 2159/2159/2159 2162/2162/2162
f 2163/2163/2163 2161/2161/2161 2162/2162/2162
f 2164/2164/2164 2161/2161/2161 2163/2163/2163
f 2165/2165/2165 2164/2164/2164 2163/2163/2163
f 2164/2164/2164 2165/2165/2165 2166/2166/2166
f 2166/2166/2166 2165/2165/2165 2167/2167/2167
f 2167/2167/2167 2165/2165/2165 2168/2168/2168
f 2161/2161/2161 2164/2164/2164 2169/2169/2169
f 2169/2169/2169 2170/2170/2170 2161/2161/2161
f 2170/2170/2170 2169/2169/2169 2171/2171/2171
f 2171/2171/2171 2169/2169/2169 2172/2172/2172
f 2173/2173/2173 2171/2171/2171 2172/2172/2172
f 2174/2174/2174 2171/2171/2171 2173/2173/2173
f 2174/2174/2174 2173/2173/2173 2175/2175/2175
f 2175/2175/2175 2176/2176/2176 2174/2174/2174
f 2176/2176/2176 2175/2175/2175 2177/2177/2177
f 2176/2176/2176 2177/2177/2177 2178/2178/2178
f 2171/2171/2171 2174/2174/2174 2179/2179/2179
f 2179/2179/2179 2180/2180/2180 2171/2171/2171
f 2180/2180/2180 2179/2179/2179 2181/2181/2181
f 2181/2181/2181 2179/2179/2179 2182/2182/2182
f 2183/2183/2183 2181/2181/2181 2182/2182/2182
f 2184/2184/2184 2181/2181/2181 2183/2183/2183
f 2184/2184/2184 2183/2183/2183 2185/2185/2185
f 2185/2185/2185 2186/2186/2186 2184/2184/2184
f 2186/2186/2186 2185/2185/2185 2187/2187/2187
f 2186/2186/2186 2187/2187/2187 2188/2188/2188
f 2181/2181/2181 2184/2184/2184 2189/2189/2189
f 2189/2189/2189 2190/2190/2190 2181/2181/2181
f 2190/2190/2190 2189/2189/2189 2191/2191/2191
f 2191/2191/2191 2192/2192/2192 2190/2190/2190
f 2191/2191/2191 2189/2189/2189 2193/2193/2193
f 2193/2193/2193 2189/2189/2189 2194/2194/2194
f 2195/2195/2195 2193/2193/2193 2194/2194/2194
f 2193/2193/2193 2195/2195/2195 2196/2196/2196
f 2196/2196/2196 2195/2195/2195 2197/2197/2197
f 2196/2196/2196 2198/2198/2198 2193/2193/2193
f 2199/2199/2199 2193/2193/2193 2198/2198/2198
f 2198/2198/2198 2196/2196/2196 2200/2200/2200
f 2200/2200/2200 2196/2196/2196 2201/2201/2201
f 2201/2201/2201 2196/2196/2196 2202/2202/2202
f 2202/2202/2202 2196/2196/2196 2203/2203/2203
f 2202/2202/2202 2204/2204/2204 2201/2201/2201
f 2204/2204/2204 2202/2202/2202 2205/2205/2205
f 2206/2206/2206 2208/2208/2208 2207/2207/2207
f 2206/2206/2206 2209/2209/2209 2208/2208/2208
f 2210/2210/2210 2209/2209/2209 2206/2206/2206
f 2209/2209/2209 2210/2210/2210 2211/2211/2211
f 2209/2209/2209 2211/2211/2211 2212/2212/2212
f 2212/2212/2212 2211/2211/2211 2213/2213/2213
f 2212/2212/2212 2213/2213/2213 2214/2214/2214
f 2212/2212/2212 2214/2214/2214 2215/2215/2215
f 2212/2212/2212 2215/2215/2215 2216/2216/2216
f 2217/2217/2217 2212/2212/2212 2216/2216/2216
f 2212/2212/2212 2217/2217/2217 2218/2218/2218
f 2218/2218/2218 2217/2217/2217 2219/2219/2219
f 2218/2218/2218 2219/2219/2219 2220/2220/2220
f 2218/2218/2218 2220/2220/2220 2221/2221/2221
f 2218/2218/2218 2221/2221/2221 2222/2222/2222
f 2218/2218/2218 2222/2222/2222 2223/2223/2223
f 2223/2223/2223 2222/2222/2222 2224/2224/2224
f 2223/2223/2223 2224/2224/2224 2225/2225/2225
f 2223/2223/2223 2225/2225/2225 2226/2226/2226
f 2227/2227/2227 2223/2223/2223 2226/2226/2226
f 2223/2223/2223 2227/2227/2227 2228/2228/2228
f 2228/2228/2228 2227/2227/2227 2229/2229/2229
f 2228/2228/2228 2229/2229/2229 2230/2230/2230
f 2228/2228/2228 2230/2230/2230 2231/2231/2231
f 2228/2228/2228 2231/2231/2231 2232/2232/2232
f 2228/2228/2228 2232/2232/2232 2233/2233/2233
f 2233/2233/2233 2232/2232/2232 2234/2234/2234
f 2233/2233/2233 2234/2234/2234 2235/2235/2235
f 2233/2233/2233 2235/2235/2235 2236/2236/2236
f 2237/2237/2237 2233/2233/2233 2236/2236/2236
f 2233/2233/2233 2237/2237/2237 2238/2238/2238
f 2238/2238/2238 2237/2237/2237 2239/2239/2239
f 2238/2238/2238 2239/2239/2239 2240/2240/2240
f 2238/2238/2238 2240/2240/2240 2241/2241/2241
f 2238/2238/2238 2241/2241/2241 2242/2242/2242
f 2238/2238/2238 2242/2242/2242 2243/2243/2243
f 2243/2243/2243 2242/2242/2242 2244/2244/2244
f 2243/2243/2243 2244/2244/2244 2245/2245/2245
f 2243/2243/2243 2245/2245/2245 2246/2246/2246
f 2246/2246/2246 2247/2247/2247 2243/2243/2243
f 2247/2247/2247 2246/2246/2246 2248/2248/2248
f 2247/2247/2247 2248/2248/2248 2249/2249/2249
f 2247/2247/2247 2249/2249/2249 2250/2250/2250
f 2247/2247/2247 2250/2250/2250 2251/2251/2251
f 2247/2247/2247 2251/2251/2251 2252/2252/2252
f 2247/2247/2247 2252/2252/2252 2253/2253/2253
f 2253/2253/2253 2252/2252/2252 2254/2254/2254
f 2253/2253/2253 2254/2254/2254 2255/2255/2255
f 2253/2253/2253 2255/2255/2255 2256/2256/2256
f 2256/2256/2256 2257/2257/2257 2253/2253/2253
f 2257/2257/2257 2256/2256/2256 2258/2258/2258
f 2257/2257/2257 2258/2258/2258 2259/2259/2259
f 2257/2257/2257 2259/2259/2259 2260/2260/2260
f 2257/2257/2257 2260/2260/2260 2261/2261/2261
f 2257/2257/2257 2261/2261/2261 2262/2262/2262
f 2257/2257/2257 2262/2262/2262 2263/2263/2263
f 2263/2263/2263 2262/2262/2262 2264/2264/2264
f 2263/2263/2263 2264/2264/2264 2265/2265/2265
f 2263/2263/2263 2265/2265/2265 2266/2266/2266
f 2267/2267/2267 2263/2263/2263 2266/2266/2266
f 2263/2263/2263 2267/2267/2267 2268/2268/2268
f 2268/2268/2268 2267/2267/2267 2269/2269/2269
f 2268/2268/2268 2269/2269/2269 2270/2270/2270
f 2268/2268/2268 2270/2270/2270 2271/2271/2271
f 2268/2268/2268 2271/2271/2271 2272/2272/2272
f 2268/2268/2268 2272/2272/2272 2273/2273/2273
f 2273/2273/2273 2272/2272/2272 2274/2274/2274
f 2273/2273/2273 2274/2274/2274 2275/2275/2275
f 2273/2273/2273 2275/2275/2275 2276/2276/2276
f 2277/2277/2277 2273/2273/2273 2276/2276/2276
f 2273/2273/2273 2277/2277/2277 2278/2278/2278
f 2278/2278/2278 2277/2277/2277 2279/2279/2279
f 2278/2278/2278 2279/2279/2279 2280/2280/2280
f 2278/2278/2278 2280/2280/2280 2281/2281/2281
f 2278/2278/2278 2281/2281/2281 2282/2282/2282
f 2278/2278/2278 2282/2282/2282 2283/2283/2283
f 2283/2283/2283 2282/2282/2282 2284/2284/2284
f 2283/2283/2283 2284/2284/2284 2285/2285/2285
f 2283/2283/2283 2285/2285/2285 2286/2286/2286
f 2287/2287/2287 2283/2283/2283 2286/2286/2286
f 2283/2283/2283 2287/2287/2287 2288/2288/2288
f 2288/2288/2288 2287/2287/2287 2289/2289/2289
f 2288/2288/2288 2289/2289/2289 2290/2290/2290
f 2288/2288/2288 2290/2290/2290 2291/2291/2291
f 2288/2288/2288 2291/2291/2291 2292/2292/2292
f 2288/2288/2288 2292/2292/2292 2293/2293/2293
f 2293/2293/2293 2292/2292/2292 2294/2294/2294
f 2293/2293/2293 2294/2294/2294 2295/2295/2295
f 2293/2293/2293 2295/2295/2295 2296/2296/2296
f 2297/2297/2297 2293/2293/2293 2296/2296/2296
f 2293/2293/2293 2297/2297/2297 2298/2298/2298
f 2298/2298/2298 2297/2297/2297 2299/2299/2299
f 2298/2298/2298 2299/2299/2299 2300/2300/2300
f 2298/2298/2298 2300/2300/2300 2301/2301/2301
f 2298/2298/2298 2301/2301/2301 2302/2302/2302
f 2302/2302/2302 2301/2301/2301 2303/2303/2303
f 2302/2302/2302 2303/2303/2303 2304/2304/2304
f 2302/2302/2302 2304/2304/2304 2305/2305/2305
f 2302/2302/2302 2305/2305/2305 2306/2306/2306
f 2306/2306/2306 2307/2307/2307 2302/2302/2302
f 2307/2307/2307 2306/2306/2306 2308/2308/2308
f 2307/2307/2307 2308/2308/2308 2309/2309/2309
f 2307/2307/2307 2309/2309/2309 2310/2310/2310
f 2307/2307/2307 2310/2310/2310 2311/2311/2311
f 2307/2307/2307 2311/2311/2311 2312/2312/2312
f 2313/2313/2313 2312/2312/2312 2311/2311/2311
f 2312/2312/2312 2313/2313/2313 2314/2314/2314
f 2312/2312/2312 2314/2314/2314 2315/2315/2315
f 2312/2312/2312 2315/2315/2315 2316/2316/2316
f 2312/2312/2312 2316/2316/2316 2317/2317/2317
f 2312/2312/2312 2317/2317/2317 2318/2318/2318
f 2312/2312/2312 2318/2318/2318 2319/2319/2319
f 2312/2312/2312 2319/2319/2319 2320/2320/2320
f 2307/2307/2307 2312/2312/2312 2321/2321/2321
f 2322/2322/2322 2307/2307/2307 2321/2321/2321
f 2323/2323/2323 2210/2210/2210 2324/2324/2324
f 2325/2325/2325 2210/2210/2210 2323/2323/2323
f 2210/2210/2210 2325/2325/2325 2211/2211/2211
f 2211/2211/2211 2325/2325/2325 2326/2326/2326
f 2327/2327/2327 2329/2329/2329 2328/2328/2328
f 2327/2327/2327 2328/2328/2328 2330/2330/2330
f 2331/2331/2331 2330/2330/2330 2328/2328/2328
f 2332/2332/2332 2330/2330/2330 2331/2331/2331
f 2333/2333/2333 2330/2330/2330 2332/2332/2332
f 2334/2334/2334 2330/2330/2330 2333/2333/2333
f 2335/2335/2335 2330/2330/2330 2334/2334/2334
f 2331/2331/2331 2336/2336/2336 2332/2332/2332
f 2336/2336/2336 2331/2331/2331 2337/2337/2337
f 2337/2337/2337 2331/2331/2331 2338/2338/2338
f 2338/2338/2338 2331/2331/2331 2339/2339/2339
f 2335/2335/2335 2340/2340/2340 2330/2330/2330
f 2340/2340/2340 2335/2335/2335 2341/2341/2341
f 2342/2342/2342 2340/2340/2340 2341/2341/2341
f 2343/2343/2343 2340/2340/2340 2342/2342/2342
f 2344/2344/2344 2340/2340/2340 2343/2343/2343
f 2344/2344/2344 2345/2345/2345 2340/2340/2340
f 2346/2346/2346 2345/2345/2345 2344/2344/2344
f 2347/2347/2347 2345/2345/2345 2346/2346/2346
f 2348/2348/2348 2345/2345/2345 2347/2347/2347
f 2349/2349/2349 2345/2345/2345 2348/2348/2348
f 2349/2349/2349 2350/2350/2350 2345/2345/2345
f 2350/2350/2350 2349/2349/2349 2351/2351/2351
f 2352/2352/2352 2350/2350/2350 2351/2351/2351
f 2353/2353/2353 2350/2350/2350 2352/2352/2352
f 2354/2354/2354 2350/2350/2350 2353/2353/2353
f 2354/2354/2354 2355/2355/2355 2350/2350/2350
f 2356/2356/2356 2355/2355/2355 2354/2354/2354
f 2357/2357/2357 2355/2355/2355 2356/2356/2356
f 2358/2358/2358 2355/2355/2355 2357/2357/2357
f 2359/2359/2359 2355/2355/2355 2358/2358/2358
f 2359/2359/2359 2360/2360/2360 2355/2355/2355
f 2360/2360/2360 2359/2359/2359 2361/2361/2361
f 2362/2362/2362 2360/2360/2360 2361/2361/2361
f 2363/2363/2363 2360/2360/2360 2362/2362/2362
f 2364/2364/2364 2360/2360/2360 2363/2363/2363
f 2365/2365/2365 2360/2360/2360 2364/2364/2364
f 2365/2365/2365 2366/2366/2366 2360/2360/2360
f 2367/2367/2367 2366/2366/2366 2365/2365/2365
f 2368/2368/2368 2366/2366/2366 2367/2367/2367
f 2369/2369/2369 2366/2366/2366 2368/2368/2368
f 2369/2369/2369 2370/2370/2370 2366/2366/2366
f 2370/2370/2370 2369/2369/2369 2371/2371/2371
f 2372/2372/2372 2370/2370/2370 2371/2371/2371
f 2373/2373/2373 2370/2370/2370 2372/2372/2372
f 2374/2374/2374 2370/2370/2370 2373/2373/2373
f 2375/2375/2375 2370/2370/2370 2374/2374/2374
f 2375/2375/2375 2376/2376/2376 2370/2370/2370
f 2377/2377/2377 2376/2376/2376 2375/2375/2375
f 2378/2378/2378 2376/2376/2376 2377/2377/2377
f 2379/2379/2379 2376/2376/2376 2378/2378/2378
f 2379/2379/2379 2380/2380/2380 2376/2376/2376
f 2380/2380/2380 2379/2379/2379 2381/2381/2381
f 2382/2382/2382 2380/2380/2380 2381/2381/2381
f 2383/2383/2383 2380/2380/2380 2382/2382/2382
f 2384/2384/2384 2380/2380/2380 2383/2383/2383
f 2385/2385/2385 2380/2380/2380 2384/2384/2384
f 2385/2385/2385 2386/2386/2386 2380/2380/2380
f 2387/2387/2387 2386/2386/2386 2385/2385/2385
f 2388/2388/2388 2386/2386/2386 2387/2387/2387
f 2389/2389/2389 2386/2386/2386 2388/2388/2388
f 2389/2389/2389 2390/2390/2390 2386/2386/2386
f 2390/2390/2390 2389/2389/2389 2391/2391/2391
f 2392/2392/2392 2390/2390/2390 2391/2391/2391
f 2393/2393/2393 2390/2390/2390 2392/2392/2392
f 2394/2394/2394 2390/2390/2390 2393/2393/2393
f 2395/2395/2395 2390/2390/2390 2394/2394/2394
f 2395/2395/2395 2396/2396/2396 2390/2390/2390
f 2397/2397/2397 2396/2396/2396 2395/2395/2395
f 2398/2398/2398 2396/2396/2396 2397/2397/2397
f 2399/2399/2399 2396/2396/2396 2398/2398/2398
f 2399/2399/2399 2400/2400/2400 2396/2396/2396
f 2400/2400/2400 2399/2399/2399 2401/2401/2401
f 2402/2402/2402 2400/2400/2400 2401/2401/2401
f 2403/2403/2403 2400/2400/2400 2402/2402/2402
f 2404/2404/2404 2400/2400/2400 2403/2403/2403
f 2404/2404/2404 2405/2405/2405 2400/2400/2400
f 2406/2406/2406 2405/2405/2405 2404/2404/2404
f 2407/2407/2407 2405/2405/2405 2406/2406/2406
f 2408/2408/2408 2405/2405/2405 2407/2407/2407
f 2409/2409/2409 2405/2405/2405 2408/2408/2408
f 2409/2409/2409 2410/2410/2410 2405/2405/2405
f 2410/2410/2410 2409/2409/2409 2411/2411/2411
f 2412/2412/2412 2410/2410/2410 2411/2411/2411
f 2413/2413/2413 2410/2410/2410 2412/2412/2412
f 2414/2414/2414 2410/2410/2410 2413/2413/2413
f 2414/2414/2414 2415/2415/2415 2410/2410/2410
f 2416/2416/2416 2415/2415/2415 2414/2414/2414
f 2417/2417/2417 2415/2415/2415 2416/2416/2416
f 2418/2418/2418 2415/2415/2415 2417/2417/2417
f 2419/2419/2419 2415/2415/2415 2418/2418/2418
f 2419/2419/2419 2420/2420/2420 2415/2415/2415
f 2420/2420/2420 2419/2419/2419 2421/2421/2421
f 2422/2422/2422 2420/2420/2420 2421/2421/2421
f 2423/2423/2423 2420/2420/2420 2422/2422/2422
f 2424/2424/2424 2420/2420/2420 2423/2423/2423
f 2424/2424/2424 2425/2425/2425 2420/2420/2420
f 2426/2426/2426 2425/2425/2425 2424/2424/2424
f 2427/2427/2427 2425/2425/2425 2426/2426/2426
f 2428/2428/2428 2425/2425/2425 2427/2427/2427
f 2429/2429/2429 2425/2425/2425 2428/2428/2428
f 2429/2429/2429 2430/2430/2430 2425/2425/2425
f 2430/2430/2430 2429/2429/2429 2431/2431/2431
f 2432/2432/2432 2430/2430/2430 2431/2431/2431
f 2433/2433/2433 2430/2430/2430 2432/2432/2432
f 2434/2434/2434 2430/2430/2430 2433/2433/2433
f 2434/2434/2434 2435/2435/2435 2430/2430/2430
f 2436/2436/2436 2435/2435/2435 2434/2434/2434
f 2436/2436/2436 2437/2437/2437 2435/2435/2435
f 2437/2437/2437 2438/2438/2438 2435/2435/2435
f 2437/2437/2437 2436/2436/2436 2439/2439/2439
f 2440/2440/2440 2439/2439/2439 2436/2436/2436
f 2439/2439/2439 2440/2440/2440 2441/2441/2441
f 2440/2440/2440 2436/2436/2436 2442/2442/2442
f 2442/2442/2442 2436/2436/2436 2443/2443/2443
f 2443/2443/2443 2436/2436/2436 2444/2444/2444
f 2445/2445/2445 2447/2447/2447 2446/2446/2446
f 2446/2446/2446 2447/2447/2447 2448/2448/2448
f 2448/2448/2448 2447/2447/2447 2449/2449/2449
f 2450/2450/2450 2452/2452/2452 2451/2451/2451
f 2450/2450/2450 2453/2453/2453 2452/2452/2452
f 2450/2450/2450 2454/2454/2454 2453/2453/2453
f 2454/2454/2454 2450/2450/2450 2455/2455/2455
f 2455/2455/2455 2456/2456/2456 2454/2454/2454
f 2455/2455/2455 2450/2450/2450 2457/2457/2457
f 2456/2456/2456 2455/2455/2455 2458/2458/2458
f 2455/2455/2455 2457/2457/2457 2459/2459/2459
f 2457/2457/2457 2460/2460/2460 2459/2459/2459
f 2458/2458/2458 2455/2455/2455 2461/2461/2461
f 2460/2460/2460 2457/2457/2457 2462/2462/2462
f 2460/2460/2460 2462/2462/2462 2463/2463/2463
f 2457/2457/2457 2464/2464/2464 2462/2462/2462
f 2462/2462/2462 2464/2464/2464 2465/2465/2465
f 2464/2464/2464 2457/2457/2457 2466/2466/2466
f 2467/2467/2467 2466/2466/2466 2457/2457/2457
f 2458/2458/2458 2461/2461/2461 2468/2468/2468
f 2458/2458/2458 2468/2468/2468 2469/2469/2469
f 2468/2468/2468 2461/2461/2461 2470/2470/2470
f 2471/2471/2471 2470/2470/2470 2461/2461/2461
f 2470/2470/2470 2471/2471/2471 2472/2472/2472
f 2472/2472/2472 2471/2471/2471 2473/2473/2473
f 2474/2474/2474 2458/2458/2458 2469/2469/2469
f 2474/2474/2474 2475/2475/2475 2458/2458/2458
f 2475/2475/2475 2474/2474/2474 2476/2476/2476
f 2476/2476/2476 2474/2474/2474 2477/2477/2477
f 2476/2476/2476 2477/2477/2477 2478/2478/2478
f 2476/2476/2476 2478/2478/2478 2479/2479/2479
f 2478/2478/2478 2477/2477/2477 2480/2480/2480
f 2481/2481/2481 2480/2480/2480 2477/2477/2477
f 2480/2480/2480 2481/2481/2481 2482/2482/2482
f 2482/2482/2482 2481/2481/2481 2483/2483/2483
f 2484/2484/2484 2476/2476/2476 2479/2479/2479
f 2484/2484/2484 2485/2485/2485 2476/2476/2476
f 2485/2485/2485 2484/2484/2484 2486/2486/2486
f 2486/2486/2486 2484/2484/2484 2487/2487/2487
f 2486/2486/2486 2487/2487/2487 2488/2488/2488
f 2486/2486/2486 2488/2488/2488 2489/2489/2489
f 2487/2487/2487 2490/2490/2490 2488/2488/2488
f 2490/2490/2490 2487/2487/2487 2491/2491/2491
f 2490/2490/2490 2491/2491/2491 2492/2492/2492
f 2490/2490/2490 2492/2492/2492 2493/2493/2493
f 2494/2494/2494 2486/2486/2486 2489/2489/2489
f 2494/2494/2494 2495/2495/2495 2486/2486/2486
f 2495/2495/2495 2494/2494/2494 2496/2496/2496
f 2496/2496/2496 2494/2494/2494 2497/2497/2497
f 2496/2496/2496 2497/2497/2497 2498/2498/2498
f 2498/2498/2498 2497/2497/2497 2499/2499/2499
f 2500/2500/2500 2499/2499/2499 2497/2497/2497
f 2499/2499/2499 2500/2500/2500 2501/2501/2501
f 2501/2501/2501 2500/2500/2500 2502/2502/2502
f 2501/2501/2501 2502/2502/2502 2503/2503/2503
f 2504/2504/2504 2496/2496/2496 2498/2498/2498
f 2504/2504/2504 2505/2505/2505 2496/2496/2496
f 2505/2505/2505 2504/2504/2504 2506/2506/2506
f 2506/2506/2506 2504/2504/2504 2507/2507/2507
f 2508/2508/2508 2506/2506/2506 2507/2507/2507
f 2509/2509/2509 2508/2508/2508 2507/2507/2507
f 2508/2508/2508 2509/2509/2509 2510/2510/2510
f 2510/2510/2510 2509/2509/2509 2511/2511/2511
f 2510/2510/2510 2511/2511/2511 2512/2512/2512
f 2512/2512/2512 2511/2511/2511 2513/2513/2513
f 2506/2506/2506 2508/2508/2508 2514/2514/2514
f 2514/2514/2514 2515/2515/2515 2506/2506/2506
f 2515/2515/2515 2514/2514/2514 2516/2516/2516
f 2516/2516/2516 2514/2514/2514 2517/2517/2517
f 2518/2518/2518 2516/2516/2516 2517/2517/2517
f 2518/2518/2518 2517/2517/2517 2519/2519/2519
f 2519/2519/2519 2520/2520/2520 2518/2518/2518
f 2520/2520/2520 2519/2519/2519 2521/2521/2521
f 2520/2520/2520 2521/2521/2521 2522/2522/2522
f 2522/2522/2522 2521/2521/2521 2523/2523/2523
f 2516/2516/2516 2518/2518/2518 2524/2524/2524
f 2524/2524/2524 2525/2525/2525 2516/2516/2516
f 2525/2525/2525 2524/2524/2524 2526/2526/2526
f 2526/2526/2526 2524/2524/2524 2527/2527/2527
f 2528/2528/2528 2526/2526/2526 2527/2527/2527
f 2529/2529/2529 2526/2526/2526 2528/2528/2528
f 2530/2530/2530 2529/2529/2529 2528/2528/2528
f 2529/2529/2529 2530/2530/2530 2531/2531/2531
f 2531/2531/2531 2530/2530/2530 2532/2532/2532
f 2532/2532/2532 2530/2530/2530 2533/2533/2533
f 2526/2526/2526 2529/2529/2529 2534/2534/2534
f 2534/2534/2534 2535/2535/2535 2526/2526/2526
f 2535/2535/2535 2534/2534/2534 2536/2536/2536
f 2536/2536/2536 2534/2534/2534 2537/2537/2537
f 2538/2538/2538 2536/2536/2536 2537/2537/2537
f 2539/2539/2539 2536/2536/2536 2538/2538/2538
f 2539/2539/2539 2538/2538/2538 2540/2540/2540
f 2540/2540/2540 2541/2541/2541 2539/2539/2539
f 2541/2541/2541 2540/2540/2540 2542/2542/2542
f 2541/2541/2541 2542/2542/2542 2543/2543/2543
f 2536/2536/2536 2539/2539/2539 2544/2544/2544
f 2544/2544/2544 2545/2545/2545 2536/2536/2536
f 2545/2545/2545 2544/2544/2544 2546/2546/2546
f 2546/2546/2546 2544/2544/2544 2547/2547/2547
f 2548/2548/2548 2546/2546/2546 2547/2547/2547
f 2549/2549/2549 2546/2546/2546 2548/2548/2548
f 2549/2549/2549 2548/2548/2548 2550/2550/2550
f 2550/2550/2550 2551/2551/2551 2549/2549/2549
f 2551/2551/2551 2550/2550/2550 2552/2552/2552
f 2551/2551/2551 2552/2552/2552 2553/2553/2553
f 2546/2546/2546 2549/2549/2549 2554/2554/2554
f 2554/2554/2554 2555/2555/2555 2546/2546/2546
f 2555/2555/2555 2554/2554/2554 2556/2556/2556
f 2557/2557/2557 2555/2555/2555 2556/2556/2556
f 2556/2556/2556 2554/2554/2554 2558/2558/2558
f 2558/2558/2558 2554/2554/2554 2559/2559/2559
f 2560/2560/2560 2558/2558/2558 2559/2559/2559
f 2558/2558/2558 2560/2560/2560 2561/2561/2561
f 2561/2561/2561 2560/2560/2560 2562/2562/2562
f 2561/2561/2561 2563/2563/2563 2558/2558/2558
f 2564/2564/2564 2558/2558/2558 2563/2563/2563
f 2563/2563/2563 2561/2561/2561 2565/2565/2565
f 2565/2565/2565 2561/2561/2561 2566/2566/2566
f 2566/2566/2566 2561/2561/2561 2567/2567/2567
f 2568/2568/2568 2570/2570/2570 2569/2569/2569
f 2570/2570/2570 2568/2568/2568 2571/2571/2571
f 2570/2570/2570 2571/2571/2571 2572/2572/2572
f 2572/2572/2572 2571/2571/2571 2573/2573/2573
f 2572/2572/2572 2573/2573/2573 2574/2574/2574
f 2574/2574/2574 2573/2573/2573 2575/2575/2575
f 2574/2574/2574 2575/2575/2575 2576/2576/2576
f 2576/2576/2576 2575/2575/2575 2577/2577/2577
f 2576/2576/2576 2577/2577/2577 2578/2578/2578
f 2578/2578/2578 2577/2577/2577 2579/2579/2579
f 2578/2578/2578 2579/2579/2579 2580/2580/2580
f 2580/2580/2580 2579/2579/2579 2581/2581/2581
f 2580/2580/2580 2581/2581/2581 2582/2582/2582
f 2582/2582/2582 2581/2581/2581 2583/2583/2583
f 2582/2582/2582 2583/2583/2583 2584/2584/2584
f 2584/2584/2584 2583/2583/2583 2585/2585/2585
f 2584/2584/2584 2585/2585/2585 2586/2586/2586
f 2586/2586/2586 2585/2585/2585 2587/2587/2587
f 2586/2586/2586 2587/2587/2587 2588/2588/2588
f 2588/2588/2588 2587/2587/2587 2589/2589/2589
f 2588/2588/2588 2589/2589/2589 2590/2590/2590
f 2590/2590/2590 2589/2589/2589 2591/2591/2591
f 2590/2590/2590 2591/2591/2591 2592/2592/2592
f 2592/2592/2592 2591/2591/2591 2593/2593/2593
f 2592/2592/2592 2593/2593/2593 2594/2594/2594
f 2594/2594/2594 2593/2593/2593 2595/2595/2595
f 2594/2594/2594 2595/2595/2595 2596/2596/2596
f 2596/2596/2596 2595/2595/2595 2597/2597/2597
f 2596/2596/2596 2597/2597/2597 2598/2598/2598
f 2598/2598/2598 2597/2597/2597 2599/2599/2599
f 2598/2598/2598 2599/2599/2599 2600/2600/2600
f 2600/2600/2600 2599/2599/2599 2601/2601/2601
f 2600/2600/2600 2601/2601/2601 2602/2602/2602
f 2602/2602/2602 2601/2601/2601 2603/2603/2603
f 2602/2602/2602 2603/2603/2603 2604/2604/2604
f 2604/2604/2604 2603/2603/2603 2605/2605/2605
f 2604/2604/2604 2605/2605/2605 2606/2606/2606
f 2606/2606/2606 2605/2605/2605 2607/2607/2607
f 2608/2608/2608 2610/2610/2610 2609/2609/2609
f 2608/2608/2608 2609/2609/2609 2611/2611/2611
f 2611/2611/2611 2609/2609/2609 2612/2612/2612
f 2611/2611/2611 2612/2612/2612 2613/2613/2613
f 2613/2613/2613 2612/2612/2612 2614/2614/2614
f 2613/2613/2613 2614/2614/2614 2615/2615/2615
f 2615/2615/2615 2614/2614/2614 2616/2616/2616
f 2615/2615/2615 2616/2616/2616 2617/2617/2617
f 2617/2617/2617 2616/2616/2616 2618/2618/2618
f 2617/2617/2617 2618/2618/2618 2619/2619/2619
f 2619/2619/2619 2618/2618/2618 2620/2620/2620
f 2619/2619/2619 2620/2620/2620 2621/2621/2621
f 2621/2621/2621 2620/2620/2620 2622/2622/2622
f 2621/2621/2621 2622/2622/2622 2623/2623/2623
f 2623/2623/2623 2622/2622/2622 2624/2624/2624
f 2623/2623/2623 2624/2624/2624 2625/2625/2625
f 2625/2625/2625 2624/2624/2624 2626/2626/2626
f 2625/2625/2625 2626/2626/2626 2627/2627/2627
f 2627/2627/2627 2626/2626/2626 2628/2628/2628
f 2627/2627/2627 2628/2628/2628 2629/2629/2629
f 2630/2630/2630 2632/2632/2632 2631/2631/2631
f 2630/2630/2630 2633/2633/2633 2632/2632/2632
f 2634/2634/2634 2633/2633/2633 2630/2630/2630
f 2634/2634/2634 2635/2635/2635 2633/2633/2633
f 2636/2636/2636 2635/2635/2635 2634/2634/2634
f 2636/2636/2636 2637/2637/2637 2635/2635/2635
f 2638/2638/2638 2637/2637/2637 2636/2636/2636
f 2638/2638/2638 2639/2639/2639 2637/2637/2637
f 2640/2640/2640 2639/2639/2639 2638/2638/2638
f 2640/2640/2640 2641/2641/2641 2639/2639/2639
f 2642/2642/2642 2641/2641/2641 2640/2640/2640
f 2642/2642/2642 2643/2643/2643 2641/2641/2641
f 2644/2644/2644 2643/2643/2643 2642/2642/2642
f 2644/2644/2644 2645/2645/2645 2643/2643/2643
f 2646/2646/2646 2645/2645/2645 2644/2644/2644
f 2646/2646/2646 2647/2647/2647 2645/2645/2645
f 2648/2648/2648 2647/2647/2647 2646/2646/2646
f 2648/2648/2648 2649/2649/2649 2647/2647/2647
f 2650/2650/2650 2649/2649/2649 2648/2648/2648
f 2650/2650/2650 2651/2651/2651 2649/2649/2649
f 2652/2652/2652 2654/2654/2654 2653/2653/2653
f 2652/2652/2652 2655/2655/2655 2654/2654/2654
f 2656/2656/2656 2655/2655/2655 2652/2652/2652
f 2656/2656/2656 2657/2657/2657 2655/2655/2655
f 2658/2658/2658 2657/2657/2657 2656/2656/2656
f 2658/2658/2658 2659/2659/2659 2657/2657/2657
f 2660/2660/2660 2659/2659/2659 2658/2658/2658
f 2660/2660/2660 2661/2661/2661 2659/2659/2659
f 2662/2662/2662 2661/2661/2661 2660/2660/2660
f 2662/2662/2662 2663/2663/2663 2661/2661/2661
f 2664/2664/2664 2663/2663/2663 2662/2662/2662
f 2664/2664/2664 2665/2665/2665 2663/2663/2663
f 2666/2666/2666 2665/2665/2665 2664/2664/2664
f 2666/2666/2666 2667/2667/2667 2665/2665/2665
f 2668/2668/2668 2667/2667/2667 2666/2666/2666
f 2668/2668/2668 2669/2669/2669 2667/2667/2667
f 2670/2670/2670 2669/2669/2669 2668/2668/2668
f 2670/2670/2670 2671/2671/2671 2669/2669/2669
f 2672/2672/2672 2671/2671/2671 2670/2670/2670
f 2672/2672/2672 2673/2673/2673 2671/2671/2671
f 2674/2674/2674 2676/2676/2676 2675/2675/2675
f 2674/2674/2674 2677/2677/2677 2676/2676/2676
f 2678/2678/2678 2677/2677/2677 2674/2674/2674
f 2678/2678/2678 2679/2679/2679 2677/2677/2677
f 2680/2680/2680 2679/2679/2679 2678/2678/2678
f 2680/2680/2680 2681/2681/2681 2679/2679/2679
f 2682/2682/2682 2681/2681/2681 2680/2680/2680
f 2682/2682/2682 2683/2683/2683 2681/2681/2681
f 2684/2684/2684 2683/2683/2683 2682/2682/2682
f 2684/2684/2684 2685/2685/2685 2683/2683/2683
f 2686/2686/2686 2685/2685/2685 2684/2684/2684
f 2686/2686/2686 2687/2687/2687 2685/2685/2685
f 2688/2688/2688 2687/2687/2687 2686/2686/2686
f 2688/2688/2688 2689/2689/2689 2687/2687/2687
f 2690/2690/2690 2689/2689/2689 2688/2688/2688
f 2690/2690/2690 2691/2691/2691 2689/2689/2689
f 2692/2692/2692 2691/2691/2691 2690/2690/2690
f 2692/2692/2692 2693/2693/2693 2691/2691/2691
f 2694/2694/2694 2693/2693/2693 2692/2692/2692
f 2694/2694/2694 2695/2695/2695 2693/2693/2693
f 2696/2696/2696 2698/2698/2698 2697/2697/2697
f 2696/2696/2696 2699/2699/2699 2698/2698/2698
f 2700/2700/2700 2699/2699/2699 2696/2696/2696
f 2700/2700/2700 2701/2701/2701 2699/2699/2699
f 2702/2702/2702 2701/2701/2701 2700/2700/2700
f 2702/2702/2702 2703/2703/2703 2701/2701/2701
f 2704/2704/2704 2703/2703/2703 2702/2702/2702
f 2704/2704/2704 2705/2705/2705 2703/2703/2703
f 2706/2706/2706 2705/2705/2705 2704/2704/2704
f 2706/2706/2706 2707/2707/2707 2705/2705/2705
f 2708/2708/2708 2707/2707/2707 2706/2706/2706
f 2708/2708/2708 2709/2709/2709 2707/2707/2707
f 2710/2710/2710 2709/2709/2709 2708/2708/2708
f 2710/2710/2710 2711/2711/2711 2709/2709/2709
f 2712/2712/2712 2711/2711/2711 2710/2710/2710
f 2712/2712/2712 2713/2713/2713 2711/2711/2711
f 2714/2714/2714 2713/2713/2713 2712/2712/2712
f 2714/2714/2714 2715/2715/2715 2713/2713/2713
f 2716/2716/2716 2715/2715/2715 2714/2714/2714
f 2716/2716/2716 2717/2717/2717 2715/2715/2715
f 2718/2718/2718 2720/2720/2720 2719/2719/2719
f 2718/2718/2718 2719/2719/2719 2721/2721/2721
f 2721/2721/2721 2719/2719/2719 2722/2722/2722
f 2721/2721/2721 2722/2722/2722 2723/2723/2723
f 2723/2723/2723 2722/2722/2722 2724/2724/2724
f 2723/2723/2723 2724/2724/2724 2725/2725/2725
f 2725/2725/2725 2724/2724/2724 2726/2726/2726
f 2725/2725/2725 2726/2726/2726 2727/2727/2727
f 2727/2727/2727 2726/2726/2726 2728/2728/2728
f 2727/2727/2727 2728/2728/2728 2729/2729/2729
f 2729/2729/2729 2728/2728/2728 2730/2730/2730
f 2729/2729/2729 2730/2730/2730 2731/2731/2731
f 2731/2731/2731 2730/2730/2730 2732/2732/2732
f 2731/2731/2731 2732/2732/2732 2733/2733/2733
f 2733/2733/2733 2732/2732/2732 2734/2734/2734
f 2733/2733/2733 2734/2734/2734 2735/2735/2735
f 2735/2735/2735 2734/2734/2734 2736/2736/2736
f 2735/2735/2735 2736/2736/2736 2737/2737/2737
f 2737/2737/2737 2736/2736/2736 2738/2738/2738
f 2737/2737/2737 2738/2738/2738 2739/2739/2739
f 2740/2740/2740 2742/2742/2742 2741/2741/2741
f 2740/2740/2740 2741/2741/2741 2743/2743/2743
f 2743/2743/2743 2741/2741/2741 2744/2744/2744
f 2743/2743/2743 2744/2744/2744 2745/2745/2745
f 2745/2745/2745 2744/2744/2744 2746/2746/2746
f 2745/2745/2745 2746/2746/2746 2747/2747/2747
f 2747/2747/2747 2746/2746/2746 2748/2748/2748
f 2747/2747/2747 2748/2748/2748 2749/2749/2749
f 2749/2749/2749 2748/2748/2748 2750/2750/2750
f 2749/2749/2749 2750/2750/2750 2751/2751/2751
f 2751/2751/2751 2750/2750/2750 2752/2752/2752
f 2751/2751/2751 2752/2752/2752 2753/2753/2753
f 2753/2753/2753 2752/2752/2752 2754/2754/2754
f 2753/2753/2753 2754/2754/2754 2755/2755/2755
f 2755/2755/2755 2754/2754/2754 2756/2756/2756
f 2755/2755/2755 2756/2756/2756 2757/2757/2757
f 2757/2757/2757 2756/2756/2756 2758/2758/2758
f 2757/2757/2757 2758/2758/2758 2759/2759/2759
f 2759/2759/2759 2758/2758/2758 2760/2760/2760
f 2759/2759/2759 2760/2760/2760 2761/2761/2761
f 2762/2762/2762 2764/2764/2764 2763/2763/2763
f 2762/2762/2762 2763/2763/2763 2765/2765/2765
f 2765/2765/2765 2763/2763/2763 2766/2766/2766
f 2765/2765/2765 2766/2766/2766 2767/2767/2767
f 2767/2767/2767 2766/2766/2766 2768/2768/2768
f 2767/2767/2767 2768/2768/2768 2769/2769/2769
f 2769/2769/2769 2768/2768/2768 2770/2770/2770
f 2769/2769/2769 2770/2770/2770 2771/2771/2771
f 2771/2771/2771 2770/2770/2770 2772/2772/2772
f 2771/2771/2771 2772/2772/2772 2773/2773/2773
f 2773/2773/2773 2772/2772/2772 2774/2774/2774
f 2773/2773/2773 2774/2774/2774 2775/2775/2775
f 2775/2775/2775 2774/2774/2774 2776/2776/2776
f 2775/2775/2775 2776/2776/2776 2777/2777/2777
f 2777/2777/2777 2776/2776/2776 2778/2778/2778
f 2777/2777/2777 2778/2778/2778 2779/2779/2779
f 2779/2779/2779 2778/2778/2778 2780/2780/2780
f 2779/2779/2779 2780/2780/2780 2781/2781/2781
f 2781/2781/2781 2780/2780/2780 2782/2782/2782
f 2781/2781/2781 2782/2782/2782 2783/2783/2783
f 2784/2784/2784 2786/2786/2786 2785/2785/2785
f 2784/2784/2784 2785/2785/2785 2787/2787/2787
f 2786/2786/2786 2788/2788/2788 2785/2785/2785
f 2789/2789/2789 2784/2784/2784 2787/2787/2787
f 2786/2786/2786 2790/2790/2790 2788/2788/2788
f 2789/2789/2789 2787/2787/2787 2791/2791/2791
f 2790/2790/2790 2792/2792/2792 2788/2788/2788
f 2793/2793/2793 2789/2789/2789 2791/2791/2791
f 2790/2790/2790 2794/2794/2794 2792/2792/2792
f 2793/2793/2793 2791/2791/2791 2795/2795/2795
f 2794/2794/2794 2796/2796/2796 2792/2792/2792
f 2797/2797/2797 2793/2793/2793 2795/2795/2795
f 2794/2794/2794 2798/2798/2798 2796/2796/2796
f 2797/2797/2797 2795/2795/2795 2799/2799/2799
f 2798/2798/2798 2800/2800/2800 2796/2796/2796
f 2801/2801/2801 2797/2797/2797 2799/2799/2799
f 2798/2798/2798 2802/2802/2802 2800/2800/2800
f 2801/2801/2801 2799/2799/2799 2803/2803/2803
f 2802/2802/2802 2804/2804/2804 2800/2800/2800
f 2805/2805/2805 2801/2801/2801 2803/2803/2803
f 2802/2802/2802 2806/2806/2806 2804/2804/2804
f 2805/2805/2805 2803/2803/2803 2807/2807/2807
f 2806/2806/2806 2808/2808/2808 2804/2804/2804
f 2809/2809/2809 2805/2805/2805 2807/2807/2807
f 2806/2806/2806 2810/2810/2810 2808/2808/2808
f 2809/2809/2809 2807/2807/2807 2811/2811/2811
f 2810/2810/2810 2812/2812/2812 2808/2808/2808
f 2813/2813/2813 2809/2809/2809 2811/2811/2811
f 2810/2810/2810 2814/2814/2814 2812/2812/2812
f 2813/2813/2813 2811/2811/2811 2815/2815/2815
f 2814/2814/2814 2816/2816/2816 2812/2812/2812
f 2817/2817/2817 2813/2813/2813 2815/2815/2815
f 2814/2814/2814 2818/2818/2818 2816/2816/2816
f 2817/2817/2817 2815/2815/2815 2819/2819/2819
f 2818/2818/2818 2820/2820/2820 2816/2816/2816
f 2821/2821/2821 2817/2817/2817 2819/2819/2819
f 2818/2818/2818 2822/2822/2822 2820/2820/2820
f 2821/2821/2821 2819/2819/2819 2823/2823/2823
f 2822/2822/2822 2824/2824/2824 2820/2820/2820
f 2825/2825/2825 2821/2821/2821 2823/2823/2823
f 2822/2822/2822 2826/2826/2826 2824/2824/2824
f 2825/2825/2825 2823/2823/2823 2827/2827/2827
f 2826/2826/2826 2828/2828/2828 2824/2824/2824
f 2829/2829/2829 2825/2825/2825 2827/2827/2827
f 2826/2826/2826 2830/2830/2830 2828/2828/2828
f 2829/2829/2829 2827/2827/2827 2831/2831/2831
f 2830/2830/2830 2832/2832/2832 2828/2828/2828
f 2833/2833/2833 2829/2829/2829 2831/2831/2831
f 2830/2830/2830 2834/2834/2834 2832/2832/2832
f 2833/2833/2833 2831/2831/2831 2835/2835/2835
f 2834/2834/2834 2836/2836/2836 2832/2832/2832
f 2837/2837/2837 2833/2833/2833 2835/2835/2835
f 2834/2834/2834 2838/2838/2838 2836/2836/2836
f 2837/2837/2837 2835/2835/2835 2839/2839/2839
f 2838/2838/2838 2840/2840/2840 2836/2836/2836
f 2841/2841/2841 2837/2837/2837 2839/2839/2839
f 2838/2838/2838 2842/2842/2842 2840/2840/2840
f 2841/2841/2841 2839/2839/2839 2843/2843/2843
f 2842/2842/2842 2844/2844/2844 2840/2840/2840
f 2845/2845/2845 2841/2841/2841 2843/2843/2843
f 2842/2842/2842 2846/2846/2846 2844/2844/2844
f 2845/2845/2845 2843/2843/2843 2847/2847/2847
f 2846/2846/2846 2848/2848/2848 2844/2844/2844
f 2849/2849/2849 2845/2845/2845 2847/2847/2847
f 2846/2846/2846 2850/2850/2850 2848/2848/2848
f 2849/2849/2849 2847/2847/2847 2851/2851/2851
f 2850/2850/2850 2852/2852/2852 2848/2848/2848
f 2853/2853/2853 2849/2849/2849 2851/2851/2851
f 2850/2850/2850 2854/2854/2854 2852/2852/2852
f 2853/2853/2853 2851/2851/2851 2855/2855/2855
f 2854/2854/2854 2856/2856/2856 2852/2852/2852
f 2857/2857/2857 2853/2853/2853 2855/2855/2855
f 2854/2854/2854 2858/2858/2858 2856/2856/2856
f 2857/2857/2857 2855/2855/2855 2859/2859/2859
f 2858/2858/2858 2860/2860/2860 2856/2856/2856
f 2861/2861/2861 2857/2857/2857 2859/2859/2859
f 2858/2858/2858 2862/2862/2862 2860/2860/2860
f 2861/2861/2861 2859/2859/2859 2863/2863/2863
f 2862/2862/2862 2863/2863/2863 2860/2860/2860
f 2862/2862/2862 2861/2861/2861 2863/2863/2863
f 2864/2864/2864 2866/2866/2866 2865/2865/2865
f 2867/2867/2867 2864/2864/2864 2865/2865/2865
f 2867/2867/2867 2865/2865/2865 2868/2868/2868
f 2864/2864/2864 2869/2869/2869 2866/2866/2866
f 2869/2869/2869 2870/2870/2870 2866/2866/2866
f 2871/2871/2871 2867/2867/2867 2868/2868/2868
f 2871/2871/2871 2868/2868/2868 2872/2872/2872
f 2869/2869/2869 2873/2873/2873 2870/2870/2870
f 2873/2873/2873 2874/2874/2874 2870/2870/2870
f 2875/2875/2875 2871/2871/2871 2872/2872/2872
f 2875/2875/2875 2872/2872/2872 2876/2876/2876
f 2873/2873/2873 2877/2877/2877 2874/2874/2874
f 2877/2877/2877 2878/2878/2878 2874/2874/2874
f 2879/2879/2879 2875/2875/2875 2876/2876/2876
f 2879/2879/2879 2876/2876/2876 2880/2880/2880
f 2877/2877/2877 2881/2881/2881 2878/2878/2878
f 2881/2881/2881 2882/2882/2882 2878/2878/2878
f 2883/2883/2883 2879/2879/2879 2880/2880/2880
f 2883/2883/2883 2880/2880/2880 2884/2884/2884
f 2881/2881/2881 2885/2885/2885 2882/2882/2882
f 2885/2885/2885 2886/2886/2886 2882/2882/2882
f 2885/2885/2885 2887/2887/2887 2886/2886/2886
f 2887/2887/2887 2888/2888/2888 2886/2886/2886
f 2885/2885/2885 2889/2889/2889 2887/2887/2887
f 2887/2887/2887 2889/2889/2889 2888/2888/2888
f 2889/2889/2889 2885/2885/2885 2881/2881/2881
f 2889/2889/2889 2890/2890/2890 2888/2888/2888
f 2889/2889/2889 2881/2881/2881 2891/2891/2891
f 2889/2889/2889 2891/2891/2891 2890/2890/2890
f 2891/2891/2891 2881/2881/2881 2877/2877/2877
f 2891/2891/2891 2892/2892/2892 2890/2890/2890
f 2891/2891/2891 2877/2877/2877 2893/2893/2893
f 2891/2891/2891 2893/2893/2893 2892/2892/2892
f 2893/2893/2893 2877/2877/2877 2873/2873/2873
f 2893/2893/2893 2894/2894/2894 2892/2892/2892
f 2893/2893/2893 2873/2873/2873 2895/2895/2895
f 2893/2893/2893 2895/2895/2895 2894/2894/2894
f 2895/2895/2895 2873/2873/2873 2869/2869/2869
f 2895/2895/2895 2896/2896/2896 2894/2894/2894
f 2895/2895/2895 2869/2869/2869 2897/2897/2897
f 2895/2895/2895 2897/2897/2897 2896/2896/2896
f 2897/2897/2897 2869/2869/2869 2864/2864/2864
f 2897/2897/2897 2898/2898/2898 2896/2896/2896
f 2897/2897/2897 2864/2864/2864 2899/2899/2899
f 2897/2897/2897 2899/2899/2899 2898/2898/2898
f 2899/2899/2899 2864/2864/2864 2867/2867/2867
f 2899/2899/2899 2900/2900/2900 2898/2898/2898
f 2899/2899/2899 2867/2867/2867 2901/2901/2901
f 2899/2899/2899 2901/2901/2901 2900/2900/2900
f 2901/2901/2901 2867/2867/2867 2871/2871/2871
f 2901/2901/2901 2902/2902/2902 2900/2900/2900
f 2901/2901/2901 2871/2871/2871 2903/2903/2903
f 2901/2901/2901 2903/2903/2903 2902/2902/2902
f 2903/2903/2903 2871/2871/2871 2875/2875/2875
f 2903/2903/2903 2904/2904/2904 2902/2902/2902
f 2903/2903/2903 2875/2875/2875 2905/2905/2905
f 2903/2903/2903 2905/2905/2905 2904/2904/2904
f 2905/2905/2905 2875/2875/2875 2879/2879/2879
f 2905/2905/2905 2906/2906/2906 2904/2904/2904
f 2905/2905/2905 2879/2879/2879 2907/2907/2907
f 2905/2905/2905 2907/2907/2907 2906/2906/2906
f 2907/2907/2907 2908/2908/2908 2906/2906/2906
f 2907/2907/2907 2879/2879/2879 2883/2883/2883
f 2907/2907/2907 2909/2909/2909 2908/2908/2908
f 2907/2907/2907 2883/2883/2883 2909/2909/2909
f 2909/2909/2909 2910/2910/2910 2908/2908/2908
f 2909/2909/2909 2883/2883/2883 2911/2911/2911
f 2911/2911/2911 2883/2883/2883 2884/2884/2884
f 2911/2911/2911 2884/2884/2884 2912/2912/2912
f 2909/2909/2909 2913/2913/2913 2910/2910/2910
f 2909/2909/2909 2911/2911/2911 2913/2913/2913
f 2913/2913/2913 2914/2914/2914 2910/2910/2910
f 2915/2915/2915 2911/2911/2911 2912/2912/2912
f 2913/2913/2913 2911/2911/2911 2915/2915/2915
f 2915/2915/2915 2912/2912/2912 2916/2916/2916
f 2913/2913/2913 2917/2917/2917 2914/2914/2914
f 2913/2913/2913 2915/2915/2915 2917/2917/2917
f 2917/2917/2917 2918/2918/2918 2914/2914/2914
f 2919/2919/2919 2915/2915/2915 2916/2916/2916
f 2917/2917/2917 2915/2915/2915 2919/2919/2919
f 2919/2919/2919 2916/2916/2916 2920/2920/2920
f 2917/2917/2917 2921/2921/2921 2918/2918/2918
f 2917/2917/2917 2919/2919/2919 2921/2921/2921
f 2921/2921/2921 2922/2922/2922 2918/2918/2918
f 2923/2923/2923 2919/2919/2919 2920/2920/2920
f 2921/2921/2921 2919/2919/2919 2923/2923/2923
f 2923/2923/2923 2920/2920/2920 2924/2924/2924
f 2921/2921/2921 2925/2925/2925 2922/2922/2922
f 2921/2921/2921 2923/2923/2923 2925/2925/2925
f 2925/2925/2925 2926/2926/2926 2922/2922/2922
f 2927/2927/2927 2923/2923/2923 2924/2924/2924
f 2925/2925/2925 2923/2923/2923 2927/2927/2927
f 2927/2927/2927 2924/2924/2924 2928/2928/2928
f 2925/2925/2925 2929/2929/2929 2926/2926/2926
f 2925/2925/2925 2927/2927/2927 2929/2929/2929
f 2929/2929/2929 2930/2930/2930 2926/2926/2926
f 2931/2931/2931 2927/2927/2927 2928/2928/2928
f 2929/2929/2929 2927/2927/2927 2931/2931/2931
f 2931/2931/2931 2928/2928/2928 2932/2932/2932
f 2929/2929/2929 2933/2933/2933 2930/2930/2930
f 2929/2929/2929 2931/2931/2931 2933/2933/2933
f 2933/2933/2933 2934/2934/2934 2930/2930/2930
f 2935/2935/2935 2931/2931/2931 2932/2932/2932
f 2933/2933/2933 2931/2931/2931 2935/2935/2935
f 2935/2935/2935 2932/2932/2932 2936/2936/2936
f 2933/2933/2933 2937/2937/2937 2934/2934/2934
f 2933/2933/2933 2935/2935/2935 2937/2937/2937
f 2937/2937/2937 2938/2938/2938 2934/2934/2934
f 2939/2939/2939 2935/2935/2935 2936/2936/2936
f 2937/2937/2937 2935/2935/2935 2939/2939/2939
f 2939/2939/2939 2936/2936/2936 2940/2940/2940
f 2937/2937/2937 2941/2941/2941 2938/2938/2938
f 2937/2937/2937 2939/2939/2939 2941/2941/2941
f 2941/2941/2941 2942/2942/2942 2938/2938/2938
f 2943/2943/2943 2940/2940/2940 2942/2942/2942
f 2943/2943/2943 2939/2939/2939 2940/2940/2940
f 2941/2941/2941 2939/2939/2939 2943/2943/2943
f 2941/2941/2941 2943/2943/2943 2942/2942/2942
f 2944/2944/2944 2946/2946/2946 2945/2945/2945
f 2944/2944/2944 2945/2945/2945 2947/2947/2947
f 2946/2946/2946 2948/2948/2948 2945/2945/2945
f 2949/2949/2949 2944/2944/2944 2947/2947/2947
f 2946/2946/2946 2950/2950/2950 2948/2948/2948
f 2949/2949/2949 2947/2947/2947 2951/2951/2951
f 2950/2950/2950 2952/2952/2952 2948/2948/2948
f 2953/2953/2953 2949/2949/2949 2951/2951/2951
f 2950/2950/2950 2954/2954/2954 2952/2952/2952
f 2953/2953/2953 2951/2951/2951 2955/2955/2955
f 2954/2954/2954 2956/2956/2956 2952/2952/2952
f 2957/2957/2957 2953/2953/2953 2955/2955/2955
f 2954/2954/2954 2958/2958/2958 2956/2956/2956
f 2957/2957/2957 2955/2955/2955 2959/2959/2959
f 2958/2958/2958 2960/2960/2960 2956/2956/2956
f 2961/2961/2961 2957/2957/2957 2959/2959/2959
f 2958/2958/2958 2962/2962/2962 2960/2960/2960
f 2961/2961/2961 2959/2959/2959 2963/2963/2963
f 2962/2962/2962 2964/2964/2964 2960/2960/2960
f 2965/2965/2965 2961/2961/2961 2963/2963/2963
f 2962/2962/2962 2966/2966/2966 2964/2964/2964
f 2965/2965/2965 2963/2963/2963 2967/2967/2967
f 2966/2966/2966 2968/2968/2968 2964/2964/2964
f 2969/2969/2969 2965/2965/2965 2967/2967/2967
f 2966/2966/2966 2970/2970/2970 2968/2968/2968
f 2969/2969/2969 2967/2967/2967 2971/2971/2971
f 2970/2970/2970 2972/2972/2972 2968/2968/2968
f 2973/2973/2973 2969/2969/2969 2971/2971/2971
f 2970/2970/2970 2974/2974/2974 2972/2972/2972
f 2973/2973/2973 2971/2971/2971 2975/2975/2975
f 2974/2974/2974 2976/2976/2976 2972/2972/2972
f 2977/2977/2977 2973/2973/2973 2975/2975/2975
f 2974/2974/2974 2978/2978/2978 2976/2976/2976
f 2977/2977/2977 2975/2975/2975 2979/2979/2979
f 2978/2978/2978 2980/2980/2980 2976/2976/2976
f 2981/2981/2981 2977/2977/2977 2979/2979/2979
f 2978/2978/2978 2982/2982/2982 2980/2980/2980
f 2981/2981/2981 2979/2979/2979 2983/2983/2983
f 2982/2982/2982 2984/2984/2984 2980/2980/2980
f 2985/2985/2985 2981/2981/2981 2983/2983/2983
f 2982/2982/2982 2986/2986/2986 2984/2984/2984
f 2985/2985/2985 2983/2983/2983 2987/2987/2987
f 2986/2986/2986 2988/2988/2988 2984/2984/2984
f 2989/2989/2989 2985/2985/2985 2987/2987/2987
f 2986/2986/2986 2990/2990/2990 2988/2988/2988
f 2989/2989/2989 2987/2987/2987 2991/2991/2991
f 2990/2990/2990 2992/2992/2992 2988/2988/2988
f 2993/2993/2993 2989/2989/2989 2991/2991/2991
f 2990/2990/2990 2994/2994/2994 2992/2992/2992
f 2993/2993/2993 2991/2991/2991 2995/2995/2995
f 2994/2994/2994 2996/2996/2996 2992/2992/2992
f 2997/2997/2997 2993/2993/2993 2995/2995/2995
f 2994/2994/2994 2998/2998/2998 2996/2996/2996
f 2997/2997/2997 2995/2995/2995 2999/2999/2999
f 2998/2998/2998 3000/3000/3000 2996/2996/2996
f 3001/3001/3001 2997/2997/2997 2999/2999/2999
f 2998/2998/2998 3002/3002/3002 3000/3000/3000
f 3001/3001/3001 2999/2999/2999 3003/3003/3003
f 3002/3002/3002 3004/3004/3004 3000/3000/3000
f 3005/3005/3005 3001/3001/3001 3003/3003/3003
f 3002/3002/3002 3006/3006/3006 3004/3004/3004
f 3005/3005/3005 3003/3003/3003 3007/3007/3007
f 3006/3006/3006 3008/3008/3008 3004/3004/3004
f 3009/3009/3009 3005/3005/3005 3007/3007/3007
f 3006/3006/3006 3010/3010/3010 3008/3008/3008
f 3009/3009/3009 3007/3007/3007 3011/3011/3011
f 3010/3010/3010 3012/3012/3012 3008/3008/3008
f 3013/3013/3013 3009/3009/3009 3011/3011/3011
f 3010/3010/3010 3014/3014/3014 3012/3012/3012
f 3013/3013/3013 3011/3011/3011 3015/3015/3015
f 3014/3014/3014 3016/3016/3016 3012/3012/3012
f 3017/3017/3017 3013/3013/3013 3015/3015/3015
f 3014/3014/3014 3018/3018/3018 3016/3016/3016
f 3017/3017/3017 3015/3015/3015 3019/3019/3019
f 3018/3018/3018 3020/3020/3020 3016/3016/3016
f 3021/3021/3021 3017/3017/3017 3019/3019/3019
f 3018/3018/3018 3022/3022/3022 3020/3020/3020
f 3021/3021/3021 3019/3019/3019 3023/3023/3023
f 3022/3022/3022 3023/3023/3023 3020/3020/3020
f 3022/3022/3022 3021/3021/3021 3023/3023/3023
f 3024/3024/3024 3026/3026/3026 3025/3025/3025
f 3024/3024/3024 3025/3025/3025 3027/3027/3027
f 3026/3026/3026 3028/3028/3028 3025/3025/3025
f 3029/3029/3029 3024/3024/3024 3027/3027/3027
f 3026/3026/3026 3030/3030/3030 3028/3028/3028
f 3029/3029/3029 3027/3027/3027 3031/3031/3031
f 3030/3030/3030 3032/3032/3032 3028/3028/3028
f 3033/3033/3033 3029/3029/3029 3031/3031/3031
f 3030/3030/3030 3034/3034/3034 3032/3032/3032
f 3033/3033/3033 3031/3031/3031 3035/3035/3035
f 3034/3034/3034 3036/3036/3036 3032/3032/3032
f 3037/3037/3037 3033/3033/3033 3035/3035/3035
f 3034/3034/3034 3038/3038/3038 3036/3036/3036
f 3037/3037/3037 3035/3035/3035 3039/3039/3039
f 3038/3038/3038 3040/3040/3040 3036/3036/3036
f 3041/3041/3041 3037/3037/3037 3039/3039/3039
f 3038/3038/3038 3042/3042/3042 3040/3040/3040
f 3041/3041/3041 3039/3039/3039 3043/3043/3043
f 3042/3042/3042 3044/3044/3044 3040/3040/3040
f 3045/3045/3045 3041/3041/3041 3043/3043/3043
f 3042/3042/3042 3046/3046/3046 3044/3044/3044
f 3045/3045/3045 3043/3043/3043 3047/3047/3047
f 3046/3046/3046 3048/3048/3048 3044/3044/3044
f 3049/3049/3049 3045/3045/3045 3047/3047/3047
f 3046/3046/3046 3050/3050/3050 3048/3048/3048
f 3049/3049/3049 3047/3047/3047 3051/3051/3051
f 3050/3050/3050 3052/3052/3052 3048/3048/3048
f 3053/3053/3053 3049/3049/3049 3051/3051/3051
f 3050/3050/3050 3054/3054/3054 3052/3052/3052
f 3053/3053/3053 3051/3051/3051 3055/3055/3055
f 3054/3054/3054 3056/3056/3056 3052/3052/3052
f 3057/3057/3057 3053/3053/3053 3055/3055/3055
f 3054/3054/3054 3058/3058/3058 3056/3056/3056
f 3057/3057/3057 3055/3055/3055 3059/3059/3059
f 3058/3058/3058 3060/3060/3060 3056/3056/3056
f 3061/3061/3061 3057/3057/3057 3059/3059/3059
f 3058/3058/3058 3062/3062/3062 3060/3060/3060
f 3061/3061/3061 3059/3059/3059 3063/3063/3063
f 3062/3062/3062 3064/3064/3064 3060/3060/3060
f 3065/3065/3065 3061/3061/3061 3063/3063/3063
f 3062/3062/3062 3066/3066/3066 3064/3064/3064
f 3065/3065/3065 3063/3063/3063 3067/3067/3067
f 3066/3066/3066 3068/3068/3068 3064/3064/3064
f 3069/3069/3069 3065/3065/3065 3067/3067/3067
f 3066/3066/3066 3070/3070/3070 3068/3068/3068
f 3069/3069/3069 3067/3067/3067 3071/3071/3071
f 3070/3070/3070 3072/3072/3072 3068/3068/3068
f 3073/3073/3073 3069/3069/3069 3071/3071/3071
f 3070/3070/3070 3074/3074/3074 3072/3072/3072
f 3073/3073/3073 3071/3071/3071 3075/3075/3075
f 3074/3074/3074 3076/3076/3076 3072/3072/3072
f 3077/3077/3077 3073/3073/3073 3075/3075/3075
f 3074/3074/3074 3078/3078/3078 3076/3076/3076
f 3077/3077/3077 3075/3075/3075 3079/3079/3079
f 3078/3078/3078 3080/3080/3080 3076/3076/3076
f 3081/3081/3081 3077/3077/3077 3079/3079/3079
f 3078/3078/3078 3082/3082/3082 3080/3080/3080
f 3081/3081/3081 3079/3079/3079 3083/3083/3083
f 3082/3082/3082 3084/3084/3084 3080/3080/3080
f 3085/3085/3085 3081/3081/3081 3083/3083/3083
f 3082/3082/3082 3086/3086/3086 3084/3084/3084
f 3085/3085/3085 3083/3083/3083 3087/3087/3087
f 3086/3086/3086 3088/3088/3088 3084/3084/3084
f 3089/3089/3089 3085/3085/3085 3087/3087/3087
f 3086/3086/3086 3090/3090/3090 3088/3088/3088
f 3089/3089/3089 3087/3087/3087 3091/3091/3091
f 3090/3090/3090 3092/3092/3092 3088/3088/3088
f 3093/3093/3093 3089/3089/3089 3091/3091/3091
f 3090/3090/3090 3094/3094/3094 3092/3092/3092
f 3093/3093/3093 3091/3091/3091 3095/3095/3095
f 3094/3094/3094 3096/3096/3096 3092/3092/3092
f 3097/3097/3097 3093/3093/3093 3095/3095/3095
f 3094/3094/3094 3098/3098/3098 3096/3096/3096
f 3097/3097/3097 3095/3095/3095 3099/3099/3099
f 3098/3098/3098 3100/3100/3100 3096/3096/3096
f 3101/3101/3101 3097/3097/3097 3099/3099/3099
f 3098/3098/3098 3102/3102/3102 3100/3100/3100
f 3101/3101/3101 3099/3099/3099 3103/3103/3103
f 3102/3102/3102 3103/3103/3103 3100/3100/3100
f 3102/3102/3102 3101/3101/3101 3103/3103/3103
