# Wyeksportowano z NFSEngine Exporter
o Mesh_Cylinder_64356.obj
v 0.0005799609 0.005888441 -0.01115155
v 0.0005799609 0.005888441 -0.01115155
v 0.001154341 0.005803262 -0.01115155
v 0.001154341 0.005803262 -0.01115155
v 0.001717595 0.005662152 -0.01115155
v 0.001717595 0.005662151 -0.01115155
v 0.001640004 0.008244856 0.01128244
v 0.002431896 0.008016886 0.011432
v 0.0016344 0.008216683 0.011432
v 0.002440235 0.008044376 0.01128244
v 0.001639519 0.00824242 0.01109802
v 0.003205991 0.007739945 0.011432
v 0.002439514 0.008041998 0.01109802
v 0.001628176 0.008185395 0.01047777
v 0.003216984 0.007766485 0.01128244
v 0.003949185 0.007388405 0.011432
v 0.002422635 0.007986357 0.01047777
v 0.001557771 0.007831439 0.007277356
v 0.003216033 0.00776419 0.01109802
v 0.003962726 0.007413739 0.01128244
v 0.004654377 0.006965767 0.011432
v 0.002317876 0.007641011 0.007277353
v 0.001398694 0.007031708 0.0001969692
v 0.003193782 0.007710472 0.01047777
v 0.003961556 0.007411548 0.01109802
v 0.004670337 0.006989652 0.01128244
v 0.005314709 0.006475992 0.011432
v 0.002081179 0.006860727 0.0001969696
v 0.001239157 0.006229663 -0.006941781
v 0.003055676 0.007377055 0.007277356
v 0.003934147 0.00736027 0.01047777
v 0.004668957 0.006987586 0.01109802
v 0.005332932 0.006498197 0.01128244
v 0.005923897 0.005923898 0.011432
v 0.001843797 0.006078183 -0.006941783
v 0.001167587 0.005869855 -0.01028991
v 0.002743636 0.006623724 0.0001969692
v 0.003764026 0.007041996 0.007277353
v 0.004636653 0.006939241 0.01047777
v 0.005331356 0.006496276 0.01109802
v 0.005944211 0.005944212 0.01128244
v 0.006475992 0.005314709 0.011432
v 0.001737305 0.005727125 -0.01028991
v 0.001155454 0.005808859 -0.01101032
v 0.002430695 0.005868215 -0.006941781
v 0.003379651 0.00632288 0.0001969696
v 0.004436154 0.006639174 0.007277356
v 0.005294471 0.006451331 0.01047777
v 0.005942455 0.005942454 0.01109802
v 0.006498195 0.005332932 0.01128244
v 0.006965767 0.004654377 0.011432
v 0.006989652 0.004670336 0.01128244
v 0.007388404 0.003949185 0.011432
v 0.006496277 0.005331357 0.01109802
v 0.00590134 0.005901341 0.01047777
v 0.005065526 0.006172361 0.007277353
v 0.003983143 0.005961195 0.0001969692
v 0.007413738 0.003962726 0.01128244
v 0.007739945 0.003205991 0.011432
v 0.006987587 0.004668956 0.01109802
v 0.006451331 0.005294471 0.01047777
v 0.005646153 0.005646154 0.007277356
v 0.007766485 0.003216983 0.01128244
v 0.008016886 0.002431896 0.011432
v 0.007411548 0.003961555 0.01109802
v 0.006939243 0.004636653 0.01047777
v 0.008044376 0.002440235 0.01128244
v 0.008216682 0.0016344 0.011432
v 0.007764191 0.003216033 0.01109802
v 0.008244857 0.001640004 0.01128244
v 0.008337283 0.0008211508 0.011432
v 0.004548244 0.005542052 0.0001969696
v 0.006172361 0.005065526 0.007277353
v 0.00736027 0.003934147 0.01047777
v 0.008041999 0.002439514 0.01109802
v 0.008365871 0.0008239665 0.01128244
v 0.008377656 8.149073E-12 0.011432
v 0.005069579 0.005069579 0.0001969692
v 0.006639174 0.004436154 0.007277356
v 0.007710472 0.003193782 0.01047777
v 0.00824242 0.001639519 0.01109802
v 0.008406383 -1.164153E-12 0.01128244
v 0.008337284 -0.0008211508 0.011432
v 0.005542052 0.004548245 0.0001969696
v 0.007041996 0.003764026 0.007277353
v 0.007986358 0.002422635 0.01047777
v 0.0083634 0.0008237229 0.01109802
v 0.008365871 -0.0008239664 0.01128244
v 0.008216682 -0.0016344 0.011432
v 0.008244856 -0.001640004 0.01128244
v 0.008403899 -2.328306E-12 0.01109802
v 0.0083634 -0.0008237229 0.01109802
v 0.00824242 -0.001639519 0.01109802
v 0.008185393 0.001628176 0.01047777
v 0.007377055 0.003055676 0.007277356
v 0.008305537 0.0008180239 0.01047777
v 0.008345755 -6.402843E-12 0.01047777
v 0.008305537 -0.0008180239 0.01047777
v 0.008185395 -0.001628176 0.01047777
v 0.007641011 0.002317876 0.007277353
v 0.007831439 0.00155777 0.007277356
v 0.007946387 0.0007826508 0.007277353
v 0.007984866 4.656613E-12 0.007277356
v 0.007946386 -0.0007826508 0.007277353
v 0.007831439 -0.001557771 0.007277356
v 0.007134917 -0.0007027281 0.0001969696
v 0.007031708 -0.001398694 0.0001969692
v 0.007169467 -4.074536E-12 0.0001969692
v 0.007134917 0.000702728 0.0001969696
v 0.007031708 0.001398694 0.0001969692
v 0.006860725 0.002081179 0.0001969696
v 0.006321099 -0.0006225741 -0.006941783
v 0.006229663 -0.001239157 -0.006941781
v 0.00635171 1.862645E-11 -0.006941781
v 0.0063211 0.0006225741 -0.006941783
v 0.006229663 0.001239157 -0.006941781
v 0.005956011 -0.0005866159 -0.01028991
v 0.005869856 -0.001167587 -0.01028991
v 0.005984853 1.74623E-11 -0.01028991
v 0.00595601 0.0005866159 -0.01028991
v 0.00589412 -0.0005805202 -0.01101032
v 0.005808859 -0.001155454 -0.01101032
v 0.005803962 -0.00115448 -0.0111339
v 0.005922662 1.164153E-11 -0.01101032
v 0.00588915 -0.0005800307 -0.0111339
v 0.005803262 -0.001154341 -0.01115155
v 0.005888441 -0.0005799609 -0.01115155
v 0.005917669 1.891749E-11 -0.0111339
v 0.005916955 1.164153E-11 -0.01115155
v 0.005894119 0.0005805202 -0.01101032
v 0.00588915 0.0005800308 -0.0111339
v 0.005888441 0.0005799609 -0.01115155
v 0.00580886 0.001155454 -0.01101032
v 0.005803962 0.00115448 -0.0111339
v 0.005803263 0.001154341 -0.01115155
v 0.005869856 0.001167587 -0.01028991
v 0.005667612 0.001719251 -0.01101032
v 0.005662835 0.001717802 -0.0111339
v 0.005662152 0.001717595 -0.01115155
v 0.005727125 0.001737304 -0.01028991
v 0.005471826 0.002266505 -0.01101032
v 0.005467213 0.002264594 -0.0111339
v 0.005466555 0.002264321 -0.01115155
v 0.006078184 0.001843797 -0.006941783
v 0.005529283 0.002290304 -0.01028991
v 0.005223301 0.002791913 -0.01101032
v 0.005218898 0.002789559 -0.0111339
v 0.005218268 0.002789223 -0.01115155
v 0.005868215 0.002430694 -0.006941781
v 0.005278148 0.002821229 -0.01028991
v 0.004924514 0.003290455 -0.01101032
v 0.004920362 0.003287681 -0.0111339
v 0.004919769 0.003287284 -0.01115155
v 0.006623724 0.002743637 0.0001969692
v 0.005601686 0.002994164 -0.006941783
v 0.006322881 0.003379651 0.0001969696
v 0.004976224 0.003325006 -0.01028991
v 0.004578263 0.003757282 -0.01101032
v 0.004574403 0.003754115 -0.0111339
v 0.004573851 0.003753662 -0.01115155
v 0.005281254 0.003528821 -0.006941781
v 0.005961195 0.003983143 0.0001969692
v 0.004626336 0.003796736 -0.01028991
v 0.00490992 0.004029466 -0.006941783
v 0.004187955 0.004187955 -0.01101032
v 0.004184424 0.004184424 -0.0111339
v 0.004183919 0.004183919 -0.01115155
v 0.004491338 0.004491337 -0.006941781
v 0.00423193 0.00423193 -0.01028991
v 0.003757282 0.004578263 -0.01101032
v 0.003754115 0.004574402 -0.0111339
v 0.003753663 0.004573851 -0.01115155
v 0.004029466 0.00490992 -0.006941783
v 0.003796735 0.004626336 -0.01028991
v 0.003290455 0.004924513 -0.01101032
v 0.003287681 0.004920362 -0.0111339
v 0.003287284 0.004919769 -0.01115155
v 0.003528821 0.005281254 -0.006941781
v 0.003325006 0.004976223 -0.01028991
v 0.002791913 0.005223302 -0.01101032
v 0.002789559 0.005218897 -0.0111339
v 0.002789223 0.005218269 -0.01115155
v 0.002994164 0.005601687 -0.006941783
v 0.002821229 0.005278148 -0.01028991
v 0.002290305 0.005529283 -0.01028991
v 0.002266505 0.005471827 -0.01101032
v 0.002264594 0.005467213 -0.0111339
v 0.002264321 0.005466554 -0.01115155
v 0.001719251 0.005667612 -0.01101032
v 0.001717802 0.005662834 -0.0111339
v 0.001717595 0.005662151 -0.01115155
v 0.00115448 0.005803962 -0.0111339
v 0.001154341 0.005803262 -0.01115155
v 0.008244856 -0.001640004 0.01128244
v 0.008016886 -0.002431896 0.011432
v 0.008216682 -0.0016344 0.011432
v 0.008044376 -0.002440235 0.01128244
v 0.00824242 -0.001639519 0.01109802
v 0.007739946 -0.003205991 0.011432
v 0.008041998 -0.002439514 0.01109802
v 0.008185395 -0.001628176 0.01047777
v 0.007766485 -0.003216984 0.01128244
v 0.007388405 -0.003949185 0.011432
v 0.007986357 -0.002422635 0.01047777
v 0.007831439 -0.001557771 0.007277356
v 0.00776419 -0.003216033 0.01109802
v 0.007413739 -0.003962726 0.01128244
v 0.006965767 -0.004654377 0.011432
v 0.007641011 -0.002317876 0.007277353
v 0.007031708 -0.001398694 0.0001969692
v 0.007710472 -0.003193782 0.01047777
v 0.007411548 -0.003961556 0.01109802
v 0.006989652 -0.004670337 0.01128244
v 0.006475992 -0.005314709 0.011432
v 0.006860727 -0.002081179 0.0001969696
v 0.006229663 -0.001239157 -0.006941781
v 0.007377055 -0.003055676 0.007277356
v 0.00736027 -0.003934147 0.01047777
v 0.006987586 -0.004668957 0.01109802
v 0.006498197 -0.005332932 0.01128244
v 0.005923898 -0.005923897 0.011432
v 0.006078183 -0.001843797 -0.006941783
v 0.005869856 -0.001167587 -0.01028991
v 0.006623724 -0.002743636 0.0001969692
v 0.007041996 -0.003764026 0.007277353
v 0.006939241 -0.004636653 0.01047777
v 0.006496276 -0.005331356 0.01109802
v 0.005944212 -0.005944211 0.01128244
v 0.005314709 -0.006475992 0.011432
v 0.005727125 -0.001737305 -0.01028991
v 0.005808859 -0.001155454 -0.01101032
v 0.005868215 -0.002430694 -0.006941781
v 0.00632288 -0.003379651 0.0001969696
v 0.006639174 -0.004436154 0.007277356
v 0.006451331 -0.005294471 0.01047777
v 0.005942454 -0.005942455 0.01109802
v 0.005332932 -0.006498195 0.01128244
v 0.004654377 -0.006965767 0.011432
v 0.004670336 -0.006989652 0.01128244
v 0.003949185 -0.007388404 0.011432
v 0.005331357 -0.006496277 0.01109802
v 0.005901341 -0.00590134 0.01047777
v 0.006172361 -0.005065526 0.007277353
v 0.005961195 -0.003983143 0.0001969692
v 0.003962726 -0.007413738 0.01128244
v 0.003205991 -0.007739945 0.011432
v 0.004668956 -0.006987587 0.01109802
v 0.005294471 -0.006451331 0.01047777
v 0.005646154 -0.005646153 0.007277356
v 0.003216983 -0.007766485 0.01128244
v 0.002431896 -0.008016886 0.011432
v 0.003961555 -0.007411548 0.01109802
v 0.004636653 -0.006939243 0.01047777
v 0.002440235 -0.008044376 0.01128244
v 0.0016344 -0.008216683 0.011432
v 0.003216033 -0.007764191 0.01109802
v 0.001640004 -0.008244856 0.01128244
v 0.0008211508 -0.008337284 0.011432
v 0.005542052 -0.004548244 0.0001969696
v 0.005065526 -0.006172361 0.007277353
v 0.003934147 -0.00736027 0.01047777
v 0.002439514 -0.008041999 0.01109802
v 0.0008239664 -0.008365871 0.01128244
v 4.656613E-12 -0.008377656 0.011432
v 0.005069579 -0.005069579 0.0001969692
v 0.004436154 -0.006639174 0.007277356
v 0.003193782 -0.007710472 0.01047777
v 0.001639519 -0.00824242 0.01109802
v -1.74623E-12 -0.008406383 0.01128244
v -0.0008211508 -0.008337284 0.011432
v 0.004548245 -0.005542052 0.0001969696
v 0.003764026 -0.007041996 0.007277353
v 0.002422635 -0.007986358 0.01047777
v 0.000823723 -0.008363399 0.01109802
v -0.0008239664 -0.008365871 0.01128244
v -0.0016344 -0.008216682 0.011432
v -0.001640004 -0.008244856 0.01128244
v 4.656613E-12 -0.008403899 0.01109802
v 0.001628176 -0.008185393 0.01047777
v 0.003055676 -0.007377055 0.007277356
v -0.0008237229 -0.0083634 0.01109802
v 0.0008180239 -0.008305537 0.01047777
v 0.002317876 -0.007641011 0.007277353
v -0.001639519 -0.00824242 0.01109802
v -0.002440235 -0.008044376 0.01128244
v -0.002439514 -0.008041998 0.01109802
v -6.402843E-12 -0.008345755 0.01047777
v 0.00155777 -0.007831439 0.007277356
v -0.001628176 -0.008185395 0.01047777
v -0.002422635 -0.007986357 0.01047777
v -0.0008180239 -0.008305537 0.01047777
v 0.0007826508 -0.007946387 0.007277353
v -0.00155777 -0.007831439 0.007277356
v -0.002317876 -0.007641011 0.007277353
v 4.656613E-12 -0.007984866 0.007277356
v -0.0007826508 -0.007946386 0.007277353
v -0.001398694 -0.007031708 0.0001969692
v -0.002081179 -0.006860727 0.0001969696
v -0.0007027281 -0.007134917 0.0001969696
v 1.455192E-11 -0.007169467 0.0001969692
v 0.000702728 -0.007134917 0.0001969696
v 0.001398694 -0.007031708 0.0001969692
v -0.001239157 -0.006229663 -0.006941781
v -0.001843797 -0.006078183 -0.006941783
v -0.0006225741 -0.006321099 -0.006941783
v 1.862645E-11 -0.00635171 -0.006941781
v 0.0006225741 -0.0063211 -0.006941783
v -0.001167587 -0.005869856 -0.01028991
v -0.001737304 -0.005727125 -0.01028991
v -0.0005866159 -0.005956011 -0.01028991
v 3.608875E-11 -0.005984853 -0.01028991
v -0.001155454 -0.005808859 -0.01101032
v -0.001719251 -0.005667612 -0.01101032
v -0.001717802 -0.005662834 -0.0111339
v -0.0005805202 -0.00589412 -0.01101032
v -0.00115448 -0.005803962 -0.0111339
v -0.001717595 -0.005662151 -0.01115155
v -0.001154341 -0.005803262 -0.01115155
v -0.0005800307 -0.00588915 -0.0111339
v -0.0005799609 -0.005888441 -0.01115155
v 3.259629E-11 -0.005922662 -0.01101032
v 3.783498E-11 -0.005917669 -0.0111339
v 3.259629E-11 -0.005916955 -0.01115155
v 0.0005805202 -0.005894119 -0.01101032
v 0.0005800308 -0.00588915 -0.0111339
v 0.0005799609 -0.005888441 -0.01115155
v 0.0005866159 -0.00595601 -0.01028991
v 0.001155454 -0.00580886 -0.01101032
v 0.00115448 -0.005803962 -0.0111339
v 0.001154341 -0.005803263 -0.01115155
v 0.001167587 -0.005869856 -0.01028991
v 0.001719251 -0.005667612 -0.01101032
v 0.001717802 -0.005662835 -0.0111339
v 0.001717595 -0.005662152 -0.01115155
v 0.001239157 -0.006229663 -0.006941781
v 0.001737304 -0.005727125 -0.01028991
v 0.002266505 -0.005471826 -0.01101032
v 0.002264594 -0.005467213 -0.0111339
v 0.002264321 -0.005466555 -0.01115155
v 0.001843797 -0.006078184 -0.006941783
v 0.002290304 -0.005529283 -0.01028991
v 0.002791913 -0.005223301 -0.01101032
v 0.002789559 -0.005218898 -0.0111339
v 0.002789223 -0.005218268 -0.01115155
v 0.002081179 -0.006860725 0.0001969696
v 0.002430694 -0.005868215 -0.006941781
v 0.002743637 -0.006623724 0.0001969692
v 0.002821229 -0.005278148 -0.01028991
v 0.003290455 -0.004924514 -0.01101032
v 0.003287681 -0.004920362 -0.0111339
v 0.003287284 -0.004919769 -0.01115155
v 0.003379651 -0.006322881 0.0001969696
v 0.002994164 -0.005601686 -0.006941783
v 0.003325006 -0.004976224 -0.01028991
v 0.003757282 -0.004578263 -0.01101032
v 0.003754115 -0.004574403 -0.0111339
v 0.003753662 -0.004573851 -0.01115155
v 0.003983143 -0.005961195 0.0001969692
v 0.003528821 -0.005281254 -0.006941781
v 0.003796736 -0.004626336 -0.01028991
v 0.004029466 -0.00490992 -0.006941783
v 0.004187955 -0.004187955 -0.01101032
v 0.004184424 -0.004184424 -0.0111339
v 0.004183919 -0.004183919 -0.01115155
v 0.004491337 -0.004491338 -0.006941781
v 0.00423193 -0.00423193 -0.01028991
v 0.004578263 -0.003757282 -0.01101032
v 0.004574402 -0.003754115 -0.0111339
v 0.004573851 -0.003753663 -0.01115155
v 0.00490992 -0.004029466 -0.006941783
v 0.004626336 -0.003796735 -0.01028991
v 0.004924513 -0.003290455 -0.01101032
v 0.004920362 -0.003287681 -0.0111339
v 0.004919769 -0.003287284 -0.01115155
v 0.005281254 -0.003528821 -0.006941781
v 0.004976223 -0.003325006 -0.01028991
v 0.005223302 -0.002791913 -0.01101032
v 0.005218897 -0.002789559 -0.0111339
v 0.005218269 -0.002789223 -0.01115155
v 0.005601687 -0.002994163 -0.006941783
v 0.005278148 -0.002821229 -0.01028991
v 0.005529283 -0.002290305 -0.01028991
v 0.005471827 -0.002266505 -0.01101032
v 0.005467213 -0.002264594 -0.0111339
v 0.005466554 -0.002264321 -0.01115155
v 0.005667612 -0.001719251 -0.01101032
v 0.005662834 -0.001717802 -0.0111339
v 0.005662151 -0.001717595 -0.01115155
v 0.005803962 -0.00115448 -0.0111339
v 0.005803262 -0.001154341 -0.01115155
v -0.001640004 -0.008244856 0.01128244
v -0.002431896 -0.008016886 0.011432
v -0.0016344 -0.008216682 0.011432
v -0.002440235 -0.008044376 0.01128244
v -0.003205991 -0.007739946 0.011432
v -0.003216984 -0.007766484 0.01128244
v -0.002439514 -0.008041998 0.01109802
v -0.003949185 -0.007388405 0.011432
v -0.003216033 -0.00776419 0.01109802
v -0.002422635 -0.007986357 0.01047777
v -0.003962726 -0.007413739 0.01128244
v -0.004654377 -0.006965767 0.011432
v -0.003193782 -0.007710472 0.01047777
v -0.002317876 -0.007641011 0.007277353
v -0.003961555 -0.007411548 0.01109802
v -0.004670336 -0.006989652 0.01128244
v -0.005314709 -0.006475992 0.011432
v -0.003055676 -0.007377055 0.007277356
v -0.002081179 -0.006860727 0.0001969696
v -0.003934147 -0.00736027 0.01047777
v -0.004668956 -0.006987587 0.01109802
v -0.005332932 -0.006498197 0.01128244
v -0.005923897 -0.005923898 0.011432
v -0.002743636 -0.006623724 0.0001969692
v -0.001843797 -0.006078183 -0.006941783
v -0.003764026 -0.007041996 0.007277353
v -0.004636653 -0.006939241 0.01047777
v -0.005331356 -0.006496276 0.01109802
v -0.005944211 -0.005944212 0.01128244
v -0.006475992 -0.005314709 0.011432
v -0.002430694 -0.005868215 -0.006941781
v -0.001737304 -0.005727125 -0.01028991
v -0.003379651 -0.00632288 0.0001969696
v -0.004436154 -0.006639174 0.007277356
v -0.005294471 -0.006451331 0.01047777
v -0.005942455 -0.005942454 0.01109802
v -0.006498195 -0.005332932 0.01128244
v -0.006965767 -0.004654377 0.011432
v -0.002290304 -0.005529283 -0.01028991
v -0.001719251 -0.005667612 -0.01101032
v -0.002994163 -0.005601687 -0.006941783
v -0.003983143 -0.005961195 0.0001969692
v -0.005065526 -0.006172361 0.007277353
v -0.00590134 -0.005901341 0.01047777
v -0.006496277 -0.005331357 0.01109802
v -0.006989652 -0.004670336 0.01128244
v -0.007388404 -0.003949185 0.011432
v -0.007413738 -0.003962726 0.01128244
v -0.007739945 -0.003205991 0.011432
v -0.006987587 -0.004668956 0.01109802
v -0.006451331 -0.005294471 0.01047777
v -0.005646153 -0.005646154 0.007277356
v -0.004548244 -0.005542052 0.0001969696
v -0.007766485 -0.003216983 0.01128244
v -0.008016886 -0.002431896 0.011432
v -0.007411548 -0.003961555 0.01109802
v -0.006939243 -0.004636653 0.01047777
v -0.006172361 -0.005065526 0.007277353
v -0.008044376 -0.002440235 0.01128244
v -0.008216682 -0.0016344 0.011432
v -0.007764191 -0.003216033 0.01109802
v -0.00736027 -0.003934147 0.01047777
v -0.008244857 -0.001640004 0.01128244
v -0.008337283 -0.0008211508 0.011432
v -0.008041999 -0.002439514 0.01109802
v -0.008365871 -0.0008239665 0.01128244
v -0.008377656 -8.149073E-12 0.011432
v -0.005069579 -0.005069579 0.0001969692
v -0.006639174 -0.004436154 0.007277356
v -0.007710472 -0.003193782 0.01047777
v -0.00824242 -0.001639519 0.01109802
v -0.008406383 1.164153E-12 0.01128244
v -0.008337284 0.0008211508 0.011432
v -0.005542052 -0.004548245 0.0001969696
v -0.007041996 -0.003764026 0.007277353
v -0.007986358 -0.002422635 0.01047777
v -0.0083634 -0.0008237229 0.01109802
v -0.008365871 0.0008239664 0.01128244
v -0.008216682 0.0016344 0.011432
v -0.005961195 -0.003983143 0.0001969692
v -0.007377055 -0.003055676 0.007277356
v -0.008185393 -0.001628176 0.01047777
v -0.008403899 2.328306E-12 0.01109802
v -0.008244856 0.001640004 0.01128244
v -0.008016886 0.002431896 0.011432
v -0.008044376 0.002440235 0.01128244
v -0.0083634 0.0008237229 0.01109802
v -0.00824242 0.001639519 0.01109802
v -0.008305537 -0.0008180239 0.01047777
v -0.007641011 -0.002317876 0.007277353
v -0.008345755 6.402843E-12 0.01047777
v -0.008305537 0.0008180239 0.01047777
v -0.008185395 0.001628176 0.01047777
v -0.007831439 -0.00155777 0.007277356
v -0.007946387 -0.0007826508 0.007277353
v -0.007984866 -4.656613E-12 0.007277356
v -0.007946386 0.0007826508 0.007277353
v -0.007831439 0.001557771 0.007277356
v -0.007134917 0.0007027281 0.0001969696
v -0.007031708 0.001398694 0.0001969692
v -0.007169467 4.074536E-12 0.0001969692
v -0.007134917 -0.000702728 0.0001969696
v -0.007031708 -0.001398694 0.0001969692
v -0.006860725 -0.002081179 0.0001969696
v -0.006321099 0.0006225741 -0.006941783
v -0.006229663 0.001239157 -0.006941781
v -0.00635171 1.862645E-11 -0.006941781
v -0.0063211 -0.0006225741 -0.006941783
v -0.006229663 -0.001239157 -0.006941781
v -0.005956011 0.0005866159 -0.01028991
v -0.005869856 0.001167587 -0.01028991
v -0.005984853 1.97906E-11 -0.01028991
v -0.00595601 -0.0005866159 -0.01028991
v -0.00589412 0.0005805202 -0.01101032
v -0.005808859 0.001155454 -0.01101032
v -0.005803962 0.00115448 -0.0111339
v -0.005922662 1.164153E-11 -0.01101032
v -0.00588915 0.0005800308 -0.0111339
v -0.005803262 0.001154341 -0.01115155
v -0.005888441 0.0005799609 -0.01115155
v -0.005917669 1.891749E-11 -0.0111339
v -0.005916955 1.164153E-11 -0.01115155
v -0.005894119 -0.0005805202 -0.01101032
v -0.00588915 -0.0005800308 -0.0111339
v -0.005888441 -0.0005799609 -0.01115155
v -0.00580886 -0.001155454 -0.01101032
v -0.005803962 -0.00115448 -0.0111339
v -0.005803263 -0.001154341 -0.01115155
v -0.005869856 -0.001167587 -0.01028991
v -0.005667612 -0.001719251 -0.01101032
v -0.005662835 -0.001717802 -0.0111339
v -0.005662152 -0.001717595 -0.01115155
v -0.005727125 -0.001737304 -0.01028991
v -0.005471826 -0.002266505 -0.01101032
v -0.005467213 -0.002264594 -0.0111339
v -0.005466555 -0.002264321 -0.01115155
v -0.006078184 -0.001843797 -0.006941783
v -0.005529283 -0.002290304 -0.01028991
v -0.005223301 -0.002791913 -0.01101032
v -0.005218898 -0.002789559 -0.0111339
v -0.005218268 -0.002789223 -0.01115155
v -0.005868215 -0.002430694 -0.006941781
v -0.005278148 -0.002821229 -0.01028991
v -0.004924514 -0.003290455 -0.01101032
v -0.004920362 -0.003287681 -0.0111339
v -0.004919769 -0.003287284 -0.01115155
v -0.006623724 -0.002743637 0.0001969692
v -0.005601686 -0.002994164 -0.006941783
v -0.006322881 -0.003379651 0.0001969696
v -0.004976224 -0.003325006 -0.01028991
v -0.005281254 -0.003528821 -0.006941781
v -0.004578263 -0.003757282 -0.01101032
v -0.00490992 -0.004029466 -0.006941783
v -0.004626336 -0.003796736 -0.01028991
v -0.004574403 -0.003754115 -0.0111339
v -0.004573851 -0.003753662 -0.01115155
v -0.004491338 -0.004491337 -0.006941781
v -0.004187955 -0.004187955 -0.01101032
v -0.004184424 -0.004184424 -0.0111339
v -0.004183919 -0.004183919 -0.01115155
v -0.00423193 -0.00423193 -0.01028991
v -0.004029466 -0.00490992 -0.006941783
v -0.003757282 -0.004578263 -0.01101032
v -0.003754115 -0.004574402 -0.0111339
v -0.003753663 -0.004573851 -0.01115155
v -0.003796735 -0.004626336 -0.01028991
v -0.003528821 -0.005281254 -0.006941781
v -0.003290455 -0.004924513 -0.01101032
v -0.003287681 -0.004920362 -0.0111339
v -0.003287284 -0.004919769 -0.01115155
v -0.003325006 -0.004976223 -0.01028991
v -0.002821229 -0.005278148 -0.01028991
v -0.002791913 -0.005223302 -0.01101032
v -0.002789559 -0.005218897 -0.0111339
v -0.002789223 -0.005218269 -0.01115155
v -0.002266505 -0.005471827 -0.01101032
v -0.002264594 -0.005467213 -0.0111339
v -0.002264321 -0.005466554 -0.01115155
v -0.001717802 -0.005662834 -0.0111339
v -0.001717595 -0.005662151 -0.01115155
v -0.00824242 0.001639519 0.01109802
v -0.008044376 0.002440235 0.01128244
v -0.008244856 0.001640004 0.01128244
v -0.008041998 0.002439514 0.01109802
v -0.008185395 0.001628176 0.01047777
v -0.007986357 0.002422635 0.01047777
v -0.007831439 0.001557771 0.007277356
v -0.007641011 0.002317876 0.007277353
v -0.007031708 0.001398694 0.0001969692
v -0.006860727 0.002081179 0.0001969696
v -0.006229663 0.001239157 -0.006941781
v -0.006078183 0.001843797 -0.006941783
v -0.005869856 0.001167587 -0.01028991
v -0.005727125 0.001737305 -0.01028991
v -0.005808859 0.001155454 -0.01101032
v -0.007766484 0.003216984 0.01128244
v -0.00776419 0.003216033 0.01109802
v -0.007710472 0.003193782 0.01047777
v -0.007377055 0.003055676 0.007277356
v -0.006623724 0.002743636 0.0001969692
v -0.007739946 0.003205991 0.011432
v -0.008016886 0.002431896 0.011432
v -0.007388405 0.003949185 0.011432
v -0.007413739 0.003962726 0.01128244
v -0.006965767 0.004654377 0.011432
v -0.007411548 0.003961555 0.01109802
v -0.006989652 0.004670336 0.01128244
v -0.006475992 0.005314709 0.011432
v -0.00736027 0.003934147 0.01047777
v -0.006987587 0.004668956 0.01109802
v -0.006498197 0.005332932 0.01128244
v -0.005923898 0.005923897 0.011432
v -0.007041996 0.003764026 0.007277353
v -0.006939241 0.004636653 0.01047777
v -0.006496276 0.005331356 0.01109802
v -0.005944212 0.005944211 0.01128244
v -0.005314709 0.006475992 0.011432
v -0.005332932 0.006498195 0.01128244
v -0.004654377 0.006965767 0.011432
v -0.005942454 0.005942455 0.01109802
v -0.006451331 0.005294471 0.01047777
v -0.006639174 0.004436154 0.007277356
v -0.00632288 0.003379651 0.0001969696
v -0.004670336 0.006989652 0.01128244
v -0.003949185 0.007388404 0.011432
v -0.005331357 0.006496277 0.01109802
v -0.005901341 0.00590134 0.01047777
v -0.006172361 0.005065526 0.007277353
v -0.003962726 0.007413738 0.01128244
v -0.003205991 0.007739945 0.011432
v -0.004668956 0.006987587 0.01109802
v -0.005294471 0.006451331 0.01047777
v -0.003216983 0.007766485 0.01128244
v -0.002431896 0.008016886 0.011432
v -0.003961555 0.007411548 0.01109802
v -0.002440235 0.008044376 0.01128244
v -0.0016344 0.008216683 0.011432
v -0.005961195 0.003983143 0.0001969692
v -0.005646154 0.005646153 0.007277356
v -0.004636653 0.006939243 0.01047777
v -0.003216033 0.007764191 0.01109802
v -0.001640004 0.008244856 0.01128244
v -0.0008211508 0.008337283 0.011432
v -0.005542052 0.004548244 0.0001969696
v -0.005065526 0.006172361 0.007277353
v -0.003934147 0.00736027 0.01047777
v -0.002439514 0.008041999 0.01109802
v -0.0008239665 0.008365871 0.01128244
v -1.164153E-12 0.008377656 0.011432
v -0.005069579 0.005069579 0.0001969692
v -0.004436154 0.006639174 0.007277356
v -0.003193782 0.007710472 0.01047777
v -0.001639519 0.00824242 0.01109802
v -3.49246E-12 0.008406383 0.01128244
v 0.0008211507 0.008337283 0.011432
v -0.004548245 0.005542052 0.0001969696
v -0.003764026 0.007041996 0.007277353
v -0.002422635 0.007986358 0.01047777
v -0.0008237229 0.0083634 0.01109802
v 0.0008239665 0.008365872 0.01128244
v 0.0016344 0.008216683 0.011432
v 0.001640004 0.008244856 0.01128244
v 1.164153E-12 0.008403899 0.01109802
v 0.0008237229 0.0083634 0.01109802
v 0.001639519 0.00824242 0.01109802
v -0.001628176 0.008185394 0.01047777
v -0.003055676 0.007377055 0.007277356
v -0.0008180239 0.008305537 0.01047777
v 2.328306E-12 0.008345757 0.01047777
v 0.0008180238 0.008305537 0.01047777
v 0.001628176 0.008185395 0.01047777
v -0.002317876 0.007641011 0.007277353
v -0.00155777 0.007831439 0.007277355
v -0.0007826507 0.007946387 0.007277356
v -5.238689E-12 0.007984867 0.007277356
v 0.0007826508 0.007946387 0.007277355
v 0.001557771 0.007831439 0.007277356
v 0.0007027279 0.007134917 0.0001969696
v 0.001398694 0.007031708 0.0001969692
v 2.095476E-11 0.007169468 0.0001969696
v -0.000702728 0.007134917 0.0001969695
v -0.001398694 0.007031708 0.0001969696
v -0.002081179 0.006860725 0.0001969696
v 0.0006225741 0.0063211 -0.006941781
v 0.001239157 0.006229663 -0.006941781
v 2.153683E-11 0.00635171 -0.006941782
v -0.0006225741 0.0063211 -0.006941782
v -0.001239157 0.006229663 -0.006941781
v 0.0005866159 0.00595601 -0.01028991
v 0.001167587 0.005869855 -0.01028991
v 2.910383E-11 0.005984852 -0.01028991
v -0.0005866159 0.005956011 -0.01028991
v 0.0005805203 0.005894119 -0.01101032
v 0.001155454 0.005808859 -0.01101032
v 0.00115448 0.005803962 -0.0111339
v 2.590241E-11 0.005922661 -0.01101032
v 0.0005800308 0.00588915 -0.0111339
v 0.001154341 0.005803262 -0.01115155
v 0.0005799609 0.005888441 -0.01115155
v 3.259629E-11 0.005917669 -0.0111339
v 2.386514E-11 0.005916956 -0.01115155
v -0.0005805202 0.005894119 -0.01101032
v -0.0005800308 0.005889151 -0.0111339
v -0.0005799608 0.005888441 -0.01115155
v -0.001155454 0.00580886 -0.01101032
v -0.00115448 0.005803962 -0.0111339
v -0.001167587 0.005869856 -0.01028991
v -0.001719251 0.005667612 -0.01101032
v -0.001154341 0.005803263 -0.01115155
v -0.0005799608 0.005888441 -0.01115155
v -0.001154341 0.005803262 -0.01115155
v -0.001717802 0.005662835 -0.0111339
v -0.001717595 0.005662152 -0.01115155
v -0.001737304 0.005727125 -0.01028991
v -0.002266505 0.005471826 -0.01101032
v -0.002264594 0.005467213 -0.0111339
v -0.002264321 0.005466555 -0.01115155
v -0.001843797 0.006078184 -0.006941783
v -0.002290304 0.005529283 -0.01028991
v -0.002791913 0.005223301 -0.01101032
v -0.002789559 0.005218898 -0.0111339
v -0.002789223 0.005218268 -0.01115155
v -0.002430694 0.005868215 -0.006941781
v -0.002821229 0.005278148 -0.01028991
v -0.003290455 0.004924514 -0.01101032
v -0.003287681 0.004920362 -0.0111339
v -0.003287284 0.004919769 -0.01115155
v -0.002743637 0.006623724 0.0001969692
v -0.002994164 0.005601686 -0.006941783
v -0.00337965 0.006322881 0.0001969696
v -0.003325006 0.004976224 -0.01028991
v -0.003757282 0.004578263 -0.01101032
v -0.003754115 0.004574403 -0.0111339
v -0.003753662 0.004573851 -0.01115155
v -0.003528821 0.005281254 -0.006941781
v -0.003983143 0.005961195 0.0001969692
v -0.003796736 0.004626336 -0.01028991
v -0.004029466 0.00490992 -0.006941783
v -0.004187955 0.004187955 -0.01101032
v -0.004184424 0.004184424 -0.0111339
v -0.004183919 0.004183919 -0.01115155
v -0.004491337 0.004491338 -0.006941781
v -0.00423193 0.00423193 -0.01028991
v -0.004578263 0.003757282 -0.01101032
v -0.004574402 0.003754115 -0.0111339
v -0.004573851 0.003753663 -0.01115155
v -0.00490992 0.004029466 -0.006941783
v -0.004626336 0.003796735 -0.01028991
v -0.004924513 0.003290455 -0.01101032
v -0.004920362 0.003287681 -0.0111339
v -0.004919769 0.003287284 -0.01115155
v -0.005281254 0.003528821 -0.006941781
v -0.004976223 0.003325006 -0.01028991
v -0.005223302 0.002791913 -0.01101032
v -0.005218897 0.002789559 -0.0111339
v -0.005218269 0.002789223 -0.01115155
v -0.005601687 0.002994163 -0.006941783
v -0.005278148 0.002821229 -0.01028991
v -0.005471827 0.002266505 -0.01101032
v -0.005467213 0.002264594 -0.0111339
v -0.005466554 0.002264321 -0.01115155
v -0.005868215 0.002430694 -0.006941781
v -0.005529283 0.002290305 -0.01028991
v -0.005667612 0.001719251 -0.01101032
v -0.005662834 0.001717802 -0.0111339
v -0.005662151 0.001717595 -0.01115155
v -0.005803962 0.00115448 -0.0111339
v -0.005803262 0.001154341 -0.01115155
v -0.004183919 -0.004183919 -0.01115155
v -0.00418392 -0.00418392 -0.01115155
v -0.004573851 -0.003753662 -0.01115155
v -0.004573851 -0.003753662 -0.01115155
v -0.004573851 -0.003753662 -0.01115155
v -0.004573851 -0.003753662 -0.01115155
v -0.004919769 -0.003287284 -0.01115155
v -0.004919769 -0.003287284 -0.01115155
v -0.005218269 -0.002789223 -0.01115155
v -0.005218268 -0.002789223 -0.01115155
v -0.004573851 -0.003753662 -0.01115155
v -0.004573851 -0.003753662 -0.01115155
v -0.004919769 -0.003287284 -0.01115155
v -0.004919769 -0.003287284 -0.01115155
v -0.005218268 -0.002789223 -0.01115155
v -0.005218269 -0.002789223 -0.01115155
v -0.00418392 -0.00418392 -0.01115155
v -0.004183919 -0.004183919 -0.01115155
v -0.004573851 -0.003753662 -0.01115155
v -0.004573851 -0.003753662 -0.01115155
v 0.005803263 0.001154341 -0.01115155
v 0.005803262 0.001154341 -0.01115155
v 0.005888441 0.0005799609 -0.01115155
v 0.005888441 0.0005799609 -0.01115155
v 0.005888441 0.0005799609 -0.01115155
v 0.005888441 0.0005799609 -0.01115155
v 0.005916955 1.891749E-11 -0.01115155
v 0.005916955 1.164153E-11 -0.01115155
v 0.005888441 -0.0005799608 -0.01115155
v 0.005888441 -0.0005799609 -0.01115155
v 0.005803262 -0.001154341 -0.01115155
v 0.005803262 -0.001154341 -0.01115155
v 0.005888441 0.0005799609 -0.01115155
v 0.005888441 0.0005799609 -0.01115155
v 0.005916955 1.164153E-11 -0.01115155
v 0.005916955 1.891749E-11 -0.01115155
v 0.005888441 -0.0005799609 -0.01115155
v 0.005888441 -0.0005799608 -0.01115155
v 0.005803262 -0.001154341 -0.01115155
v 0.005803262 -0.001154341 -0.01115155
v 0.005803262 0.001154341 -0.01115155
v 0.005803263 0.001154341 -0.01115155
v 0.005888441 0.0005799609 -0.01115155
v 0.005888441 0.0005799609 -0.01115155
v -0.005218268 -0.002789223 -0.01115155
v -0.005218269 -0.002789223 -0.01115155
v -0.005466553 -0.002264321 -0.01115155
v -0.005466555 -0.002264321 -0.01115155
v -0.005662152 -0.001717595 -0.01115155
v -0.005662152 -0.001717595 -0.01115155
v -0.005218269 -0.002789223 -0.01115155
v -0.005218268 -0.002789223 -0.01115155
v -0.005466555 -0.002264321 -0.01115155
v -0.005466553 -0.002264321 -0.01115155
v -0.005662152 -0.001717595 -0.01115155
v -0.005662152 -0.001717595 -0.01115155
v -0.005662152 -0.001717595 -0.01115155
v -0.005662152 -0.001717595 -0.01115155
v -0.005803262 -0.001154341 -0.01115155
v -0.005803263 -0.001154341 -0.01115155
v -0.005662152 -0.001717595 -0.01115155
v -0.005662152 -0.001717595 -0.01115155
v -0.005803263 -0.001154341 -0.01115155
v -0.005803262 -0.001154341 -0.01115155
v -0.005888441 -0.0005799609 -0.01115155
v -0.005888441 -0.0005799609 -0.01115155
v 0.005803262 -0.001154341 -0.01115155
v 0.005803262 -0.001154341 -0.01115155
v 0.005662152 -0.001717595 -0.01115155
v 0.005662151 -0.001717595 -0.01115155
v 0.005662151 -0.001717595 -0.01115155
v 0.005662152 -0.001717595 -0.01115155
v 0.005466553 -0.002264321 -0.01115155
v 0.005466554 -0.002264321 -0.01115155
v 0.005662152 -0.001717595 -0.01115155
v 0.005662151 -0.001717595 -0.01115155
v 0.005466554 -0.002264321 -0.01115155
v 0.005466553 -0.002264321 -0.01115155
v 0.005803262 -0.001154341 -0.01115155
v 0.005803262 -0.001154341 -0.01115155
v 0.005662151 -0.001717595 -0.01115155
v 0.005662152 -0.001717595 -0.01115155
v -0.005803263 -0.001154341 -0.01115155
v -0.005803262 -0.001154341 -0.01115155
v -0.005888441 -0.0005799609 -0.01115155
v -0.005888441 -0.0005799609 -0.01115155
v -0.005888441 -0.0005799609 -0.01115155
v -0.005888441 -0.0005799609 -0.01115155
v -0.005916955 1.891749E-11 -0.01115155
v -0.005916955 1.164153E-11 -0.01115155
v -0.005888441 0.0005799609 -0.01115155
v -0.005888441 0.0005799609 -0.01115155
v -0.005888441 0.0005799609 -0.01115155
v -0.005803262 0.001154341 -0.01115155
v -0.005803262 0.001154341 -0.01115155
v -0.005888441 -0.0005799609 -0.01115155
v -0.005888441 -0.0005799609 -0.01115155
v -0.005916955 1.164153E-11 -0.01115155
v -0.005916955 1.891749E-11 -0.01115155
v 0.005466554 -0.002264321 -0.01115155
v 0.005466553 -0.002264321 -0.01115155
v 0.005218268 -0.002789223 -0.01115155
v 0.005218269 -0.002789223 -0.01115155
v 0.005218269 -0.002789223 -0.01115155
v 0.005218268 -0.002789223 -0.01115155
v 0.004919769 -0.003287285 -0.01115155
v 0.004919769 -0.003287284 -0.01115155
v 0.004573851 -0.003753663 -0.01115155
v 0.004573851 -0.003753663 -0.01115155
v 0.00418392 -0.00418392 -0.01115155
v 0.004183919 -0.004183919 -0.01115155
v 0.005218268 -0.002789223 -0.01115155
v 0.005218269 -0.002789223 -0.01115155
v 0.004919769 -0.003287284 -0.01115155
v 0.004919769 -0.003287285 -0.01115155
v 0.004573851 -0.003753663 -0.01115155
v 0.004573851 -0.003753663 -0.01115155
v 0.004183919 -0.004183919 -0.01115155
v 0.00418392 -0.00418392 -0.01115155
v 0.005466553 -0.002264321 -0.01115155
v 0.005466554 -0.002264321 -0.01115155
v 0.005218269 -0.002789223 -0.01115155
v 0.005218268 -0.002789223 -0.01115155
v -0.005888441 0.0005799609 -0.01115155
v -0.005888441 0.0005799609 -0.01115155
v -0.005803262 0.001154341 -0.01115155
v -0.005803262 0.001154341 -0.01115155
v -0.005916955 1.891749E-11 -0.01115155
v -0.005916955 1.164153E-11 -0.01115155
v -0.005888441 0.0005799609 -0.01115155
v -0.005888441 0.0005799609 -0.01115155
v -0.005803262 0.001154341 -0.01115155
v -0.005803262 0.001154341 -0.01115155
v -0.005662152 0.001717595 -0.01115155
v -0.005662151 0.001717595 -0.01115155
v -0.005662151 0.001717595 -0.01115155
v -0.005662152 0.001717595 -0.01115155
v -0.005466553 0.002264321 -0.01115155
v -0.005466554 0.002264321 -0.01115155
v -0.005662152 0.001717595 -0.01115155
v -0.005662151 0.001717595 -0.01115155
v -0.005466554 0.002264321 -0.01115155
v -0.005466553 0.002264321 -0.01115155
v -0.005803262 0.001154341 -0.01115155
v -0.005803262 0.001154341 -0.01115155
v -0.005662151 0.001717595 -0.01115155
v -0.005662152 0.001717595 -0.01115155
v 0.004183919 -0.004183919 -0.01115155
v 0.00418392 -0.00418392 -0.01115155
v 0.003753662 -0.004573851 -0.01115155
v 0.003753662 -0.004573851 -0.01115155
v 0.003753662 -0.004573851 -0.01115155
v 0.003753662 -0.004573851 -0.01115155
v 0.003287284 -0.004919769 -0.01115155
v 0.003287284 -0.004919769 -0.01115155
v 0.003753662 -0.004573851 -0.01115155
v 0.003753662 -0.004573851 -0.01115155
v 0.003287284 -0.004919769 -0.01115155
v 0.003287284 -0.004919769 -0.01115155
v 0.00418392 -0.00418392 -0.01115155
v 0.004183919 -0.004183919 -0.01115155
v 0.003753662 -0.004573851 -0.01115155
v 0.003753662 -0.004573851 -0.01115155
v -0.005466554 0.002264321 -0.01115155
v -0.005466553 0.002264321 -0.01115155
v -0.005218268 0.002789223 -0.01115155
v -0.005218269 0.002789223 -0.01115155
v -0.005218269 0.002789223 -0.01115155
v -0.005218268 0.002789223 -0.01115155
v -0.004919769 0.003287285 -0.01115155
v -0.004919769 0.003287284 -0.01115155
v -0.004573851 0.003753663 -0.01115155
v -0.004573851 0.003753663 -0.01115155
v -0.00418392 0.00418392 -0.01115155
v -0.004183919 0.004183919 -0.01115155
v -0.005218268 0.002789223 -0.01115155
v -0.005218269 0.002789223 -0.01115155
v -0.004919769 0.003287284 -0.01115155
v -0.004919769 0.003287285 -0.01115155
v -0.004573851 0.003753663 -0.01115155
v -0.004573851 0.003753663 -0.01115155
v -0.005466553 0.002264321 -0.01115155
v -0.005466554 0.002264321 -0.01115155
v -0.005218269 0.002789223 -0.01115155
v -0.005218268 0.002789223 -0.01115155
v 0.003287284 -0.004919769 -0.01115155
v 0.003287284 -0.004919769 -0.01115155
v 0.002789223 -0.005218269 -0.01115155
v 0.002789223 -0.005218268 -0.01115155
v 0.002789223 -0.005218268 -0.01115155
v 0.002789223 -0.005218269 -0.01115155
v 0.002264321 -0.005466553 -0.01115155
v 0.002264321 -0.005466555 -0.01115155
v 0.002789223 -0.005218269 -0.01115155
v 0.002789223 -0.005218268 -0.01115155
v 0.002264321 -0.005466555 -0.01115155
v 0.002264321 -0.005466553 -0.01115155
v 0.003287284 -0.004919769 -0.01115155
v 0.003287284 -0.004919769 -0.01115155
v 0.002789223 -0.005218268 -0.01115155
v 0.002789223 -0.005218269 -0.01115155
v 2.386514E-11 0.005916956 -0.01115155
v 0.0005799609 0.005888441 -0.01115155
v 0.0005799609 0.005888441 -0.01115155
v 3.492459E-11 0.005916955 -0.01115155
v -0.0005799608 0.005888441 -0.01115155
v -0.0005799608 0.005888441 -0.01115155
v 0.0005799609 0.005888441 -0.01115155
v 0.0005799609 0.005888441 -0.01115155
v 0.001154341 0.005803263 -0.01115155
v 0.001154341 0.005803262 -0.01115155
v 3.492459E-11 0.005916955 -0.01115155
v 0.0005799609 0.005888441 -0.01115155
v 0.0005799609 0.005888441 -0.01115155
v 2.386514E-11 0.005916956 -0.01115155
v -0.0005799608 0.005888441 -0.01115155
v -0.0005799608 0.005888441 -0.01115155
v -0.004573851 0.003753663 -0.01115155
v -0.004573851 0.003753663 -0.01115155
v -0.004183919 0.004183919 -0.01115155
v -0.00418392 0.00418392 -0.01115155
v 0.002264321 -0.005466555 -0.01115155
v 0.002264321 -0.005466553 -0.01115155
v 0.001717595 -0.005662152 -0.01115155
v 0.001717595 -0.005662152 -0.01115155
v 0.001717595 -0.005662152 -0.01115155
v 0.001717595 -0.005662152 -0.01115155
v 0.001154341 -0.005803262 -0.01115155
v 0.001154341 -0.005803263 -0.01115155
v 0.001717595 -0.005662152 -0.01115155
v 0.001717595 -0.005662152 -0.01115155
v 0.001154341 -0.005803263 -0.01115155
v 0.001154341 -0.005803262 -0.01115155
v 0.002264321 -0.005466553 -0.01115155
v 0.002264321 -0.005466555 -0.01115155
v 0.001717595 -0.005662152 -0.01115155
v 0.001717595 -0.005662152 -0.01115155
v 0.001717595 0.005662151 -0.01115155
v 0.001717595 0.005662152 -0.01115155
v 0.002264321 0.005466553 -0.01115155
v 0.002264321 0.005466554 -0.01115155
v 0.001717595 0.005662152 -0.01115155
v 0.001717595 0.005662151 -0.01115155
v 0.002264321 0.005466554 -0.01115155
v 0.002264321 0.005466553 -0.01115155
v 0.001154341 0.005803262 -0.01115155
v 0.001154341 0.005803263 -0.01115155
v 0.001717595 0.005662151 -0.01115155
v 0.001717595 0.005662152 -0.01115155
v -0.004183919 0.004183919 -0.01115155
v -0.00418392 0.00418392 -0.01115155
v -0.003753662 0.004573851 -0.01115155
v -0.003753662 0.004573851 -0.01115155
v -0.003753662 0.004573851 -0.01115155
v -0.003753662 0.004573851 -0.01115155
v -0.003287284 0.004919769 -0.01115155
v -0.003287284 0.004919769 -0.01115155
v -0.003753662 0.004573851 -0.01115155
v -0.003753662 0.004573851 -0.01115155
v -0.003287284 0.004919769 -0.01115155
v -0.003287284 0.004919769 -0.01115155
v -0.002789223 0.005218268 -0.01115155
v -0.002789223 0.005218269 -0.01115155
v -0.00418392 0.00418392 -0.01115155
v -0.004183919 0.004183919 -0.01115155
v -0.003753662 0.004573851 -0.01115155
v -0.003753662 0.004573851 -0.01115155
v 0.001154341 -0.005803263 -0.01115155
v 0.001154341 -0.005803262 -0.01115155
v 0.0005799609 -0.005888441 -0.01115155
v 0.0005799609 -0.005888441 -0.01115155
v 0.0005799609 -0.005888441 -0.01115155
v 0.0005799609 -0.005888441 -0.01115155
v 3.783498E-11 -0.005916955 -0.01115155
v 3.259629E-11 -0.005916955 -0.01115155
v -0.0005799608 -0.005888441 -0.01115155
v -0.0005799609 -0.005888441 -0.01115155
v -0.001154341 -0.005803262 -0.01115155
v -0.001154341 -0.005803262 -0.01115155
v 0.0005799609 -0.005888441 -0.01115155
v 0.0005799609 -0.005888441 -0.01115155
v 3.259629E-11 -0.005916955 -0.01115155
v 3.783498E-11 -0.005916955 -0.01115155
v -0.0005799609 -0.005888441 -0.01115155
v -0.0005799608 -0.005888441 -0.01115155
v -0.001154341 -0.005803262 -0.01115155
v -0.001154341 -0.005803262 -0.01115155
v 0.001154341 -0.005803262 -0.01115155
v 0.001154341 -0.005803263 -0.01115155
v 0.0005799609 -0.005888441 -0.01115155
v 0.0005799609 -0.005888441 -0.01115155
v 0.002264321 0.005466554 -0.01115155
v 0.002264321 0.005466553 -0.01115155
v 0.002789223 0.005218268 -0.01115155
v 0.002789223 0.005218269 -0.01115155
v 0.002789223 0.005218269 -0.01115155
v 0.002789223 0.005218268 -0.01115155
v 0.003287285 0.004919769 -0.01115155
v 0.003287284 0.004919769 -0.01115155
v 0.003753663 0.004573851 -0.01115155
v 0.003753663 0.004573851 -0.01115155
v 0.002789223 0.005218268 -0.01115155
v 0.002789223 0.005218269 -0.01115155
v 0.003287284 0.004919769 -0.01115155
v 0.003287285 0.004919769 -0.01115155
v 0.003753663 0.004573851 -0.01115155
v 0.003753663 0.004573851 -0.01115155
v 0.002264321 0.005466553 -0.01115155
v 0.002264321 0.005466554 -0.01115155
v 0.002789223 0.005218269 -0.01115155
v 0.002789223 0.005218268 -0.01115155
v -0.003287284 0.004919769 -0.01115155
v -0.003287284 0.004919769 -0.01115155
v -0.002789223 0.005218269 -0.01115155
v -0.002789223 0.005218268 -0.01115155
v -0.002789223 0.005218268 -0.01115155
v -0.002789223 0.005218269 -0.01115155
v -0.002264321 0.005466553 -0.01115155
v -0.002264321 0.005466555 -0.01115155
v -0.001717595 0.005662152 -0.01115155
v -0.001717595 0.005662152 -0.01115155
v -0.002789223 0.005218269 -0.01115155
v -0.002789223 0.005218268 -0.01115155
v -0.002264321 0.005466555 -0.01115155
v -0.002264321 0.005466553 -0.01115155
v -0.001717595 0.005662152 -0.01115155
v -0.001717595 0.005662152 -0.01115155
v 0.003753663 0.004573851 -0.01115155
v 0.003753663 0.004573851 -0.01115155
v 0.00418392 0.00418392 -0.01115155
v 0.004183919 0.004183919 -0.01115155
v 0.003753663 0.004573851 -0.01115155
v 0.003753663 0.004573851 -0.01115155
v 0.004183919 0.004183919 -0.01115155
v 0.00418392 0.00418392 -0.01115155
v -0.001717595 0.005662152 -0.01115155
v -0.001717595 0.005662152 -0.01115155
v -0.001154341 0.005803262 -0.01115155
v -0.001154341 0.005803263 -0.01115155
v -0.001717595 0.005662152 -0.01115155
v -0.001717595 0.005662152 -0.01115155
v -0.001154341 0.005803263 -0.01115155
v -0.001154341 0.005803262 -0.01115155
v -0.001154341 -0.005803262 -0.01115155
v -0.001154341 -0.005803262 -0.01115155
v -0.001717595 -0.005662152 -0.01115155
v -0.001717595 -0.005662151 -0.01115155
v -0.001717595 -0.005662151 -0.01115155
v -0.001717595 -0.005662152 -0.01115155
v -0.002264321 -0.005466553 -0.01115155
v -0.002264321 -0.005466554 -0.01115155
v -0.001717595 -0.005662152 -0.01115155
v -0.001717595 -0.005662151 -0.01115155
v -0.002264321 -0.005466554 -0.01115155
v -0.002264321 -0.005466553 -0.01115155
v -0.001154341 -0.005803262 -0.01115155
v -0.001154341 -0.005803262 -0.01115155
v -0.001717595 -0.005662151 -0.01115155
v -0.001717595 -0.005662152 -0.01115155
v 0.004183919 0.004183919 -0.01115155
v 0.00418392 0.00418392 -0.01115155
v 0.004573851 0.003753662 -0.01115155
v 0.004573851 0.003753662 -0.01115155
v 0.004573851 0.003753662 -0.01115155
v 0.004573851 0.003753662 -0.01115155
v 0.004919769 0.003287284 -0.01115155
v 0.004919769 0.003287284 -0.01115155
v 0.005218269 0.002789223 -0.01115155
v 0.005218268 0.002789223 -0.01115155
v 0.004573851 0.003753662 -0.01115155
v 0.004573851 0.003753662 -0.01115155
v 0.004919769 0.003287284 -0.01115155
v 0.004919769 0.003287284 -0.01115155
v 0.005218268 0.002789223 -0.01115155
v 0.005218269 0.002789223 -0.01115155
v 0.00418392 0.00418392 -0.01115155
v 0.004183919 0.004183919 -0.01115155
v 0.004573851 0.003753662 -0.01115155
v 0.004573851 0.003753662 -0.01115155
v -0.001154341 0.005803262 -0.01115155
v -0.001154341 0.005803263 -0.01115155
v -0.0005799608 0.005888441 -0.01115155
v -0.0005799608 0.005888441 -0.01115155
v -0.002264321 -0.005466554 -0.01115155
v -0.002264321 -0.005466553 -0.01115155
v -0.002789223 -0.005218268 -0.01115155
v -0.002789223 -0.005218269 -0.01115155
v -0.002789223 -0.005218269 -0.01115155
v -0.002789223 -0.005218268 -0.01115155
v -0.003287285 -0.004919769 -0.01115155
v -0.003287284 -0.004919769 -0.01115155
v -0.003753663 -0.004573851 -0.01115155
v -0.003753663 -0.004573851 -0.01115155
v -0.002789223 -0.005218268 -0.01115155
v -0.002789223 -0.005218269 -0.01115155
v -0.003287284 -0.004919769 -0.01115155
v -0.003287285 -0.004919769 -0.01115155
v -0.002264321 -0.005466553 -0.01115155
v -0.002264321 -0.005466554 -0.01115155
v -0.002789223 -0.005218269 -0.01115155
v -0.002789223 -0.005218268 -0.01115155
v 0.005218268 0.002789223 -0.01115155
v 0.005218269 0.002789223 -0.01115155
v 0.005466553 0.002264321 -0.01115155
v 0.005466555 0.002264321 -0.01115155
v 0.005662152 0.001717595 -0.01115155
v 0.005662152 0.001717595 -0.01115155
v 0.005218269 0.002789223 -0.01115155
v 0.005218268 0.002789223 -0.01115155
v 0.005466555 0.002264321 -0.01115155
v 0.005466553 0.002264321 -0.01115155
v 0.005662152 0.001717595 -0.01115155
v 0.005662152 0.001717595 -0.01115155
v -0.003753663 -0.004573851 -0.01115155
v -0.003753663 -0.004573851 -0.01115155
v -0.00418392 -0.00418392 -0.01115155
v -0.004183919 -0.004183919 -0.01115155
v -0.003753663 -0.004573851 -0.01115155
v -0.003753663 -0.004573851 -0.01115155
v -0.004183919 -0.004183919 -0.01115155
v -0.00418392 -0.00418392 -0.01115155
v -0.003287285 -0.004919769 -0.01115155
v -0.003287284 -0.004919769 -0.01115155
v -0.003753663 -0.004573851 -0.01115155
v -0.003753663 -0.004573851 -0.01115155
v 0.005662152 0.001717595 -0.01115155
v 0.005662152 0.001717595 -0.01115155
v 0.005803262 0.001154341 -0.01115155
v 0.005803263 0.001154341 -0.01115155
v 0.005662152 0.001717595 -0.01115155
v 0.005662152 0.001717595 -0.01115155
v 0.005803263 0.001154341 -0.01115155
v 0.005803262 0.001154341 -0.01115155
v -0.00727592 0.002207126 0.01151513
v -0.007370954 0.001466174 0.01136518
v -0.007457251 0.001483339 0.01151513
v -0.007191724 0.002181586 0.01136518
v -0.007024576 0.002909675 0.01151513
v -0.007280753 0.001448232 0.01067487
v -0.006943288 0.002876004 0.01136518
v -0.006705527 0.003584179 0.01151513
v -0.007103714 0.002154888 0.01067487
v -0.006946416 0.001381728 0.007507045
v -0.006627931 0.003542702 0.01136518
v -0.006321952 0.004224193 0.01151513
v -0.006858319 0.002840809 0.01067487
v -0.006777508 0.002055935 0.007507046
v -0.006204785 0.001234209 0.0007525114
v -0.006248794 0.00417531 0.01136518
v -0.005877444 0.004823494 0.01151513
v -0.00654682 0.003499349 0.01067487
v -0.006053911 0.001836434 0.0007525116
v -0.005412773 0.001076667 -0.005904353
v -0.006543381 0.002710357 0.007507045
v -0.005809429 0.004767676 0.01136518
v -0.005376378 0.005376378 0.01151513
v -0.005281155 0.001602021 -0.005904353
v -0.004950054 0.000984899 -0.008809609
v -0.006172324 0.004124215 0.01067487
v -0.005844781 0.002420987 0.0007525114
v -0.006246187 0.003338657 0.007507046
v -0.005314162 0.005314162 0.01136518
v -0.004823493 0.005877444 0.01151513
v -0.004829198 0.001448725 -0.00880961
v -0.004773047 0.0009511464 -0.009224647
v -0.004647373 0.00127003 -0.009224647
v -0.005738337 0.004709331 0.01067487
v -0.005888888 0.003934829 0.007507045
v -0.005579315 0.002982207 0.0007525116
v -0.005098721 0.00211196 -0.005904353
v -0.004660605 0.001911761 -0.008809608
v -0.004472743 0.001702871 -0.009224646
v -0.004867142 0.002601542 -0.005904353
v -0.00444732 0.002359709 -0.00880961
v -0.004256751 0.002135818 -0.009224645
v -0.005260164 0.003514729 0.0007525114
v -0.005474828 0.004493076 0.007507046
v -0.004588727 0.00306609 -0.005904353
v -0.004191202 0.002784896 -0.008809608
v -0.003999504 0.002547777 -0.009224646
v -0.004890312 0.004013374 0.0007525116
v -0.005249131 0.005249131 0.01067487
v -0.004266085 0.003501086 -0.005904353
v -0.003894652 0.003183186 -0.00880961
v -0.003703418 0.002934742 -0.009224646
v -0.005008087 0.005008087 0.007507045
v -0.004767675 0.00580943 0.01136518
v -0.004224194 0.006321952 0.01151513
v -0.004473401 0.004473401 0.0007525114
v -0.003902391 0.003902391 -0.005904353
v -0.003560587 0.003550791 -0.008809608
v -0.003371402 0.003293032 -0.009224646
v -0.003192168 0.003884118 -0.008809608
v -0.003006601 0.003619144 -0.009224645
v -0.002792995 0.004180013 -0.008809608
v -0.002612575 0.003909995 -0.009224645
v -0.002366866 0.004435567 -0.008809608
v -0.002193077 0.004162724 -0.009224645
v -0.001917925 0.004648382 -0.008809608
v -0.001752185 0.004374959 -0.009224646
v -0.003501086 0.004266085 -0.005904353
v -0.003192168 0.003884118 -0.008809608
v -0.001450462 0.004816341 -0.00880961
v -0.001294112 0.004544589 -0.009224645
v -0.004013374 0.004890312 0.0007525116
v -0.00306609 0.004588727 -0.005904353
v -0.002792995 0.004180013 -0.008809608
v -0.0009690046 0.004937899 -0.008809608
v -0.0008232948 0.004670052 -0.009224646
v -0.004493076 0.00547483 0.007507046
v -0.003514729 0.005260163 0.0007525114
v -0.002601542 0.004867142 -0.005904353
v -0.002366866 0.004435567 -0.008809608
v -0.0004781713 0.00501181 -0.00880961
v -0.0003442506 0.004750067 -0.009224646
v -0.003934829 0.005888888 0.007507045
v -0.004709331 0.005738336 0.01067487
v -0.002982206 0.005579316 0.0007525116
v -0.004124215 0.006172324 0.01067487
v -0.004175311 0.006248794 0.01136518
v -0.003584179 0.006705527 0.01151513
v -0.003542703 0.00662793 0.01136518
v -0.002909675 0.007024577 0.01151513
v -0.003338656 0.006246187 0.007507046
v -0.003499348 0.006546821 0.01067487
v -0.002876004 0.006943288 0.01136518
v -0.002207126 0.00727592 0.01151513
v -0.002840809 0.006858319 0.01067487
v -0.002181585 0.007191724 0.01136518
v -0.001483339 0.007457251 0.01151513
v -0.002710357 0.00654338 0.007507045
v -0.001466174 0.007370955 0.01136518
v -0.0007452554 0.007566705 0.01151513
v -0.002154888 0.007103714 0.01067487
v -0.002420987 0.00584478 0.0007525114
v -0.0007366312 0.007479143 0.01136518
v -4.656613E-12 0.007603347 0.01151513
v -0.001448232 0.007280753 0.01067487
v -0.002055934 0.006777508 0.007507046
v -0.002111959 0.005098721 -0.005904353
v 5.238689E-12 0.00751536 0.01136518
v 0.0007452553 0.007566704 0.01151513
v -0.0007276167 0.007387617 0.01067487
v -0.001836434 0.00605391 0.0007525116
v -0.001602021 0.005281157 -0.005904353
v -0.001381728 0.006946416 0.007507045
v 0.0007366313 0.007479143 0.01136518
v 0.001483339 0.007457251 0.01151513
v 0.001466174 0.007370954 0.01136518
v -0.001234209 0.006204785 0.0007525114
v -0.001076667 0.005412773 -0.005904353
v 2.561137E-11 0.007423391 0.01067487
v 0.0007276168 0.007387616 0.01067487
v 0.001448232 0.007280753 0.01067487
v -0.0006942041 0.007048373 0.007507045
v -0.0006200877 0.006295857 0.0007525109
v -0.0005409364 0.005492219 -0.005904353
v 1.629815E-11 0.007082505 0.007507045
v 0.0006942041 0.007048373 0.007507045
v 0.001381728 0.006946417 0.007507044
v 4.365575E-11 0.006326344 0.0007525111
v 0.0006200878 0.006295856 0.0007525113
v 0.001234209 0.006204786 0.0007525111
v 4.045432E-11 0.005518815 -0.005904353
v 0.0005409364 0.005492219 -0.005904353
v 0.001076668 0.005412773 -0.005904353
v 1.729977E-05 0.005037437 -0.008809608
v 0.0001383978 0.004783936 -0.009224646
v 0.0005096068 0.005016001 -0.008809609
v 0.0009843757 0.004950158 -0.008809609
v 0.0006051179 0.004779633 -0.009224647
v 0.0009478219 0.004773709 -0.009224647
v -0.002207126 -0.00727592 0.01151513
v -0.001466174 -0.007370954 0.01136518
v -0.001483339 -0.007457251 0.01151513
v -0.002181585 -0.007191724 0.01136518
v -0.002909675 -0.007024576 0.01151513
v -0.001448232 -0.007280753 0.01067487
v -0.002876004 -0.006943288 0.01136518
v -0.003584179 -0.006705527 0.01151513
v -0.002154888 -0.007103714 0.01067487
v -0.001381728 -0.006946416 0.007507045
v -0.003542702 -0.006627931 0.01136518
v -0.004224193 -0.006321952 0.01151513
v -0.002840809 -0.006858319 0.01067487
v -0.002055935 -0.006777508 0.007507046
v -0.001234209 -0.006204785 0.0007525114
v -0.00417531 -0.006248794 0.01136518
v -0.004823494 -0.005877444 0.01151513
v -0.003499348 -0.00654682 0.01067487
v -0.001836434 -0.006053911 0.0007525116
v -0.001076667 -0.005412773 -0.005904353
v -0.002710357 -0.006543381 0.007507045
v -0.004767675 -0.005809429 0.01136518
v -0.005376378 -0.005376378 0.01151513
v -0.001602021 -0.005281155 -0.005904353
v -0.0009843757 -0.004950158 -0.008809609
v -0.004124215 -0.006172324 0.01067487
v -0.002420987 -0.005844781 0.0007525114
v -0.003338656 -0.006246187 0.007507046
v -0.005314162 -0.005314162 0.01136518
v -0.005877444 -0.004823493 0.01151513
v -0.001447849 -0.004829362 -0.008809608
v -0.0009478217 -0.004773709 -0.009224647
v -0.001263132 -0.004648662 -0.009224647
v -0.004709331 -0.005738337 0.01067487
v -0.003934829 -0.005888888 0.007507045
v -0.002111959 -0.005098721 -0.005904353
v -0.001910234 -0.004660826 -0.008809608
v -0.001690655 -0.004474508 -0.009224646
v -0.002982206 -0.005579315 0.0007525116
v -0.002601542 -0.004867142 -0.005904353
v -0.002357653 -0.004447463 -0.00880961
v -0.002119367 -0.004257897 -0.009224646
v -0.003514729 -0.005260164 0.0007525114
v -0.004493076 -0.005474828 0.007507046
v -0.00306609 -0.004588727 -0.005904353
v -0.002782497 -0.004191136 -0.008809608
v -0.002528582 -0.003998972 -0.009224645
v -0.004013374 -0.004890312 0.0007525116
v -0.005249131 -0.005249131 0.01067487
v -0.003501086 -0.004266085 -0.005904353
v -0.003180614 -0.003894275 -0.008809608
v -0.002914157 -0.003700409 -0.009224646
v -0.003548192 -0.003559838 -0.008809608
v -0.003272242 -0.003365411 -0.009224645
v -0.00388162 -0.003191021 -0.008809608
v -0.00359916 -0.00299742 -0.009224646
v -0.004177718 -0.002791462 -0.008809608
v -0.003891631 -0.002600305 -0.009224645
v -0.00443355 -0.002364998 -0.008809608
v -0.004146594 -0.002178128 -0.009224646
v -0.004646696 -0.001915811 -0.008809608
v -0.004361468 -0.00173527 -0.009224645
v -0.00481501 -0.001448229 -0.008809608
v -0.004533932 -0.001276245 -0.009224646
v -0.00493692 -0.0009668135 -0.008809608
v -0.004662215 -0.0008057655 -0.009224645
v -0.005011155 -0.0004762167 -0.008809608
v -0.004744831 -0.0003286134 -0.009224646
v -0.005037056 1.879478E-05 -0.008809608
v -0.004780892 0.0001503582 -0.009224646
v -0.005015816 0.0005104785 -0.008809609
v -0.004778183 0.0006119845 -0.009224646
v -0.004950054 0.000984899 -0.008809609
v -0.004773047 0.0009511464 -0.009224647
v -0.005412773 0.001076667 -0.005904353
v -0.005492219 0.0005409364 -0.005904353
v -0.006204785 0.001234209 0.0007525114
v -0.005518816 2.095476E-11 -0.005904353
v -0.006295857 0.0006200877 0.0007525116
v -0.006946416 0.001381728 0.007507045
v -0.005492219 -0.0005409364 -0.005904353
v -0.007048373 0.0006942041 0.007507046
v -0.007280753 0.001448232 0.01067487
v -0.006326344 9.604264E-12 0.0007525114
v -0.005412773 -0.001076667 -0.005904353
v -0.007387617 0.0007276168 0.01067487
v -0.007370954 0.001466174 0.01136518
v -0.006295857 -0.0006200877 0.0007525116
v -0.007082505 2.095476E-11 0.007507045
v -0.005281157 -0.001602021 -0.005904353
v -0.004646696 -0.001915811 -0.008809608
v -0.007479143 0.0007366312 0.01136518
v -0.007457251 0.001483339 0.01151513
v -0.007566705 0.0007452554 0.01151513
v -0.007423392 1.891749E-11 0.01067487
v -0.007515361 2.328306E-11 0.01136518
v -0.007603347 1.920853E-11 0.01151513
v -0.007048373 -0.0006942041 0.007507046
v -0.006204785 -0.001234209 0.0007525114
v -0.005098721 -0.002111959 -0.005904353
v -0.00443355 -0.002364998 -0.008809608
v -0.007479143 -0.0007366312 0.01136518
v -0.007566704 -0.0007452553 0.01151513
v -0.007387617 -0.0007276168 0.01067487
v -0.00605391 -0.001836434 0.0007525116
v -0.006946416 -0.001381728 0.007507045
v -0.004867142 -0.002601542 -0.005904353
v -0.004177718 -0.002791462 -0.008809608
v -0.007370954 -0.001466174 0.01136518
v -0.007457251 -0.001483339 0.01151513
v -0.007280753 -0.001448232 0.01067487
v -0.006777508 -0.002055934 0.007507046
v -0.00584478 -0.002420987 0.0007525114
v -0.004588727 -0.00306609 -0.005904353
v -0.00388162 -0.003191021 -0.008809608
v -0.007191724 -0.002181585 0.01136518
v -0.00727592 -0.002207126 0.01151513
v -0.007103714 -0.002154888 0.01067487
v -0.005579316 -0.002982206 0.0007525116
v -0.00654338 -0.002710357 0.007507045
v -0.004266085 -0.003501086 -0.005904353
v -0.003548192 -0.003559838 -0.008809608
v -0.006943287 -0.002876004 0.01136518
v -0.007024576 -0.002909675 0.01151513
v -0.006858319 -0.002840809 0.01067487
v -0.006246187 -0.003338656 0.007507046
v -0.005260163 -0.003514729 0.0007525114
v -0.003902391 -0.003902391 -0.005904353
v -0.006627931 -0.003542702 0.01136518
v -0.006705527 -0.003584179 0.01151513
v -0.006546821 -0.003499348 0.01067487
v -0.004890312 -0.004013374 0.0007525116
v -0.004473401 -0.004473401 0.0007525114
v -0.005888888 -0.003934829 0.007507045
v -0.006248794 -0.004175311 0.01136518
v -0.006321952 -0.004224194 0.01151513
v -0.006172324 -0.004124215 0.01067487
v -0.00547483 -0.004493076 0.007507046
v -0.005008087 -0.005008087 0.007507045
v -0.005738336 -0.004709331 0.01067487
v -0.00580943 -0.004767675 0.01136518
v 0.007024576 -0.002909675 0.01151513
v 0.007191724 -0.002181585 0.01136518
v 0.00727592 -0.002207126 0.01151513
v 0.006943288 -0.002876004 0.01136518
v 0.006705527 -0.003584179 0.01151513
v 0.007103714 -0.002154888 0.01067487
v 0.006627931 -0.003542702 0.01136518
v 0.006321952 -0.004224193 0.01151513
v 0.006858319 -0.002840809 0.01067487
v 0.006777508 -0.002055934 0.007507046
v 0.006248794 -0.00417531 0.01136518
v 0.005877444 -0.004823494 0.01151513
v 0.00654682 -0.003499348 0.01067487
v 0.006543381 -0.002710357 0.007507045
v 0.006053911 -0.001836434 0.0007525116
v 0.005809429 -0.004767676 0.01136518
v 0.005376378 -0.005376378 0.01151513
v 0.006172324 -0.004124215 0.01067487
v 0.005844781 -0.002420987 0.0007525114
v 0.005281155 -0.001602021 -0.005904353
v 0.006246187 -0.003338656 0.007507046
v 0.005314162 -0.005314162 0.01136518
v 0.004823493 -0.005877444 0.01151513
v 0.005098721 -0.002111959 -0.005904353
v 0.004829198 -0.001448725 -0.008809608
v 0.005738337 -0.004709331 0.01067487
v 0.005579315 -0.002982206 0.0007525116
v 0.005888888 -0.003934829 0.007507045
v 0.004767675 -0.00580943 0.01136518
v 0.004224194 -0.006321952 0.01151513
v 0.005249131 -0.005249131 0.01067487
v 0.005474828 -0.004493076 0.007507046
v 0.005260164 -0.003514729 0.0007525114
v 0.004867142 -0.002601542 -0.005904353
v 0.004175311 -0.006248794 0.01136518
v 0.003584179 -0.006705527 0.01151513
v 0.004709331 -0.005738336 0.01067487
v 0.005008087 -0.005008087 0.007507045
v 0.004890312 -0.004013374 0.0007525116
v 0.003542703 -0.006627931 0.01136518
v 0.002909675 -0.007024576 0.01151513
v 0.004124215 -0.006172324 0.01067487
v 0.004493076 -0.00547483 0.007507046
v 0.002876004 -0.006943287 0.01136518
v 0.002207127 -0.00727592 0.01151513
v 0.003499348 -0.006546821 0.01067487
v 0.002181585 -0.007191724 0.01136518
v 0.001483339 -0.007457251 0.01151513
v 0.004588727 -0.00306609 -0.005904353
v 0.004473401 -0.004473401 0.0007525114
v 0.003934829 -0.005888888 0.007507045
v 0.002840809 -0.006858319 0.01067487
v 0.001466174 -0.007370954 0.01136518
v 0.0007452554 -0.007566705 0.01151513
v 0.004266085 -0.003501086 -0.005904353
v 0.004013374 -0.004890312 0.0007525116
v 0.003338656 -0.006246187 0.007507046
v 0.002154888 -0.007103714 0.01067487
v 0.0007366312 -0.007479143 0.01136518
v 2.328306E-12 -0.007603346 0.01151513
v 0.003902391 -0.003902391 -0.005904353
v 0.003514729 -0.005260163 0.0007525114
v 0.002710357 -0.00654338 0.007507045
v 0.001448232 -0.007280753 0.01067487
v 1.396984E-11 -0.007515361 0.01136518
v -0.0007452554 -0.007566706 0.01151513
v 0.003501086 -0.004266085 -0.005904353
v 0.002982206 -0.005579316 0.0007525116
v 0.002055934 -0.006777508 0.007507046
v 0.0007276168 -0.007387617 0.01067487
v -0.0007366312 -0.007479143 0.01136518
v -0.001483339 -0.007457251 0.01151513
v -0.001466174 -0.007370954 0.01136518
v 1.047738E-11 -0.007423392 0.01067487
v -0.0007276168 -0.007387617 0.01067487
v -0.001448232 -0.007280753 0.01067487
v 0.001381728 -0.006946416 0.007507045
v 0.002420987 -0.00584478 0.0007525114
v 0.0006942042 -0.007048373 0.007507046
v -0.0006942041 -0.007048373 0.007507046
v -0.001381728 -0.006946416 0.007507045
v 2.793968E-11 -0.007082505 0.007507045
v 0.001836434 -0.00605391 0.0007525116
v -0.0006200877 -0.006295857 0.0007525116
v -0.001234209 -0.006204785 0.0007525114
v 0.001234209 -0.006204785 0.0007525114
v 0.0006200878 -0.006295857 0.0007525116
v 2.939487E-11 -0.006326344 0.0007525114
v -0.0005409364 -0.005492219 -0.005904353
v -0.001076667 -0.005412773 -0.005904353
v 5.820766E-11 -0.005518816 -0.005904353
v 0.0005409364 -0.005492219 -0.005904353
v 0.001076667 -0.005412773 -0.005904353
v 0.001602022 -0.005281157 -0.005904353
v -0.0005096067 -0.005016 -0.008809609
v -0.0009843757 -0.004950158 -0.008809609
v -1.729967E-05 -0.005037437 -0.008809608
v -0.0006051178 -0.004779633 -0.009224646
v -0.0009478217 -0.004773709 -0.009224647
v -0.0001383977 -0.004783937 -0.009224646
v 0.0003442506 -0.004750067 -0.009224645
v 0.0004781715 -0.00501181 -0.00880961
v 0.0008232948 -0.004670052 -0.009224646
v 0.0009690048 -0.004937899 -0.008809608
v 0.001294112 -0.004544589 -0.009224645
v 0.001450462 -0.004816341 -0.00880961
v 0.001752185 -0.004374958 -0.009224646
v 0.001917925 -0.004648383 -0.008809608
v 0.002193078 -0.004162723 -0.009224645
v 0.002366867 -0.004435567 -0.00880961
v 0.002612575 -0.003909995 -0.009224646
v 0.002792996 -0.004180013 -0.008809608
v 0.0030066 -0.003619144 -0.009224645
v 0.003192168 -0.003884117 -0.00880961
v 0.003371402 -0.003293031 -0.009224646
v 0.003560587 -0.003550791 -0.008809608
v 0.003703417 -0.002934742 -0.009224645
v 0.00211196 -0.005098721 -0.005904353
v 0.002366867 -0.004435567 -0.00880961
v 0.002601542 -0.004867142 -0.005904353
v 0.002792996 -0.004180013 -0.008809608
v 0.00306609 -0.004588727 -0.005904353
v 0.003192168 -0.003884117 -0.00880961
v 0.003894652 -0.003183186 -0.00880961
v 0.003999504 -0.002547777 -0.009224646
v 0.004191202 -0.002784896 -0.008809608
v 0.00425675 -0.002135818 -0.009224646
v 0.00444732 -0.002359709 -0.008809608
v 0.004472743 -0.001702871 -0.009224645
v 0.004660605 -0.001911761 -0.008809608
v 0.004647373 -0.00127003 -0.009224646
v 0.004773047 -0.0009511462 -0.009224647
v 0.004950054 -0.000984899 -0.008809609
v 0.002207126 0.00727592 0.01151513
v 0.001466174 0.007370954 0.01136518
v 0.001483339 0.007457251 0.01151513
v 0.002181585 0.007191724 0.01136518
v 0.002909675 0.007024576 0.01151513
v 0.001448232 0.007280753 0.01067487
v 0.002876004 0.006943288 0.01136518
v 0.003584179 0.006705527 0.01151513
v 0.002154888 0.007103714 0.01067487
v 0.001381728 0.006946417 0.007507044
v 0.003542702 0.006627931 0.01136518
v 0.004224193 0.006321952 0.01151513
v 0.002840809 0.006858319 0.01067487
v 0.002055935 0.006777508 0.007507046
v 0.001234209 0.006204786 0.0007525111
v 0.00417531 0.006248794 0.01136518
v 0.004823494 0.005877444 0.01151513
v 0.003499348 0.00654682 0.01067487
v 0.001836434 0.006053911 0.0007525116
v 0.001076668 0.005412773 -0.005904353
v 0.002710357 0.006543381 0.007507045
v 0.004767676 0.005809429 0.01136518
v 0.005376378 0.005376378 0.01151513
v 0.001602021 0.005281155 -0.005904353
v 0.0009843757 0.004950158 -0.008809609
v 0.004124215 0.006172324 0.01067487
v 0.002420987 0.005844781 0.0007525114
v 0.003338656 0.006246187 0.007507046
v 0.005314162 0.005314162 0.01136518
v 0.005877444 0.004823493 0.01151513
v 0.001447849 0.004829362 -0.008809608
v 0.0009478219 0.004773709 -0.009224647
v 0.001263132 0.004648663 -0.009224646
v 0.004709331 0.005738337 0.01067487
v 0.003934829 0.005888888 0.007507045
v 0.00211196 0.005098721 -0.005904353
v 0.001910234 0.004660826 -0.008809608
v 0.001690655 0.004474508 -0.009224646
v 0.002982207 0.005579315 0.0007525116
v 0.002601542 0.004867142 -0.005904353
v 0.002357653 0.004447463 -0.00880961
v 0.002119368 0.004257898 -0.009224645
v 0.003514729 0.005260164 0.0007525114
v 0.004493076 0.005474828 0.007507046
v 0.00306609 0.004588727 -0.005904353
v 0.002782497 0.004191136 -0.008809608
v 0.002528583 0.003998972 -0.009224646
v 0.004013374 0.004890312 0.0007525116
v 0.005249131 0.005249131 0.01067487
v 0.003501086 0.004266085 -0.005904353
v 0.003180613 0.003894276 -0.00880961
v 0.002914157 0.003700409 -0.009224645
v 0.003548192 0.003559839 -0.008809608
v 0.003272242 0.003365411 -0.009224646
v 0.003881619 0.003191021 -0.00880961
v 0.003599161 0.00299742 -0.009224645
v 0.004177718 0.002791462 -0.008809608
v 0.003891631 0.002600305 -0.009224646
v 0.00443355 0.002364998 -0.00880961
v 0.004146594 0.002178128 -0.009224645
v 0.004646696 0.001915811 -0.008809608
v 0.004361467 0.00173527 -0.009224646
v 0.004815009 0.001448229 -0.00880961
v 0.004533932 0.001276245 -0.009224645
v 0.00493692 0.0009668136 -0.008809608
v 0.004662215 0.0008057657 -0.009224646
v 0.005011155 0.0004762168 -0.00880961
v 0.004744831 0.0003286135 -0.009224645
v 0.005037057 -1.879478E-05 -0.008809608
v 0.004780891 -0.0001503582 -0.009224646
v 0.005015816 -0.0005104785 -0.008809609
v 0.004778183 -0.0006119844 -0.009224646
v 0.004950054 -0.000984899 -0.008809609
v 0.004773047 -0.0009511462 -0.009224647
v 0.005412773 0.001076667 -0.005904353
v 0.005492219 0.0005409364 -0.005904353
v 0.005518816 2.095476E-11 -0.005904353
v 0.005492219 -0.0005409364 -0.005904353
v 0.005412773 -0.001076667 -0.005904353
v 0.005281155 -0.001602021 -0.005904353
v 0.004829198 -0.001448725 -0.008809608
v 0.006053911 -0.001836434 0.0007525116
v 0.006204785 -0.001234209 0.0007525114
v 0.006777508 -0.002055934 0.007507046
v 0.006295857 -0.0006200877 0.0007525116
v 0.006946416 -0.001381728 0.007507045
v 0.007103714 -0.002154888 0.01067487
v 0.006326344 9.604264E-12 0.0007525114
v 0.007280753 -0.001448232 0.01067487
v 0.007191724 -0.002181585 0.01136518
v 0.007048373 -0.000694204 0.007507046
v 0.006295857 0.0006200877 0.0007525116
v 0.007370954 -0.001466174 0.01136518
v 0.00727592 -0.002207126 0.01151513
v 0.007457251 -0.001483339 0.01151513
v 0.007082505 2.095476E-11 0.007507045
v 0.007387617 -0.0007276168 0.01067487
v 0.007479143 -0.0007366312 0.01136518
v 0.007566706 -0.0007452554 0.01151513
v 0.007423392 1.891749E-11 0.01067487
v 0.007515361 1.164153E-11 0.01136518
v 0.007603346 2.328306E-12 0.01151513
v 0.007048373 0.0006942042 0.007507046
v 0.007479143 0.0007366312 0.01136518
v 0.007566705 0.0007452554 0.01151513
v 0.007387617 0.0007276168 0.01067487
v 0.006204785 0.001234209 0.0007525114
v 0.007370954 0.001466174 0.01136518
v 0.007457251 0.001483339 0.01151513
v 0.007280753 0.001448232 0.01067487
v 0.006946416 0.001381728 0.007507045
v 0.005281157 0.001602022 -0.005904353
v 0.004646696 0.001915811 -0.008809608
v 0.007191724 0.002181586 0.01136518
v 0.00727592 0.002207127 0.01151513
v 0.00605391 0.001836434 0.0007525116
v 0.005098721 0.00211196 -0.005904353
v 0.00443355 0.002364998 -0.00880961
v 0.007103714 0.002154888 0.01067487
v 0.006777508 0.002055935 0.007507046
v 0.006943287 0.002876004 0.01136518
v 0.007024576 0.002909675 0.01151513
v 0.00584478 0.002420987 0.0007525114
v 0.004867142 0.002601542 -0.005904353
v 0.004177718 0.002791462 -0.008809608
v 0.006858319 0.002840809 0.01067487
v 0.00654338 0.002710357 0.007507045
v 0.006627931 0.003542703 0.01136518
v 0.006705527 0.003584179 0.01151513
v 0.005579316 0.002982206 0.0007525116
v 0.004588727 0.00306609 -0.005904353
v 0.003881619 0.003191021 -0.00880961
v 0.006546821 0.003499349 0.01067487
v 0.006246187 0.003338656 0.007507046
v 0.006248794 0.004175311 0.01136518
v 0.006321952 0.004224194 0.01151513
v 0.005260163 0.003514729 0.0007525114
v 0.004266085 0.003501086 -0.005904353
v 0.003548192 0.003559839 -0.008809608
v 0.006172324 0.004124215 0.01067487
v 0.005888888 0.003934829 0.007507045
v 0.00580943 0.004767675 0.01136518
v 0.005738336 0.004709331 0.01067487
v 0.004890312 0.004013374 0.0007525116
v 0.003902391 0.003902391 -0.005904353
v 0.00547483 0.004493076 0.007507046
v 0.005008087 0.005008087 0.007507045
v 0.004473401 0.004473401 0.0007525114
v -0.001263132 -0.004648662 -0.009224647
v -0.0006051178 -0.004779633 -0.009224646
v -0.0009478217 -0.004773709 -0.009224647
v -0.0009032522 -0.004595133 -0.009224647
v -0.001690655 -0.004474508 -0.009224646
v -0.0001383977 -0.004783937 -0.009224646
v -0.001313028 -0.004395381 -0.009224646
v -0.002119367 -0.004257897 -0.009224646
v -0.0004323357 -0.004572144 -0.009224646
v 0.0003442506 -0.004750067 -0.009224645
v -0.001732212 -0.004153942 -0.009224647
v -0.002528582 -0.003998972 -0.009224645
v -0.0008291291 -0.004340108 -0.009224646
v 5.855055E-05 -0.004516041 -0.009224647
v 0.0008232948 -0.004670052 -0.009224646
v -0.002137501 -0.003868377 -0.009224646
v -0.002914157 -0.003700409 -0.009224646
v -0.001240677 -0.004062802 -0.009224646
v -0.0003229143 -0.004252127 -0.009224646
v 0.0005479931 -0.004415163 -0.009224645
v 0.001294112 -0.004544589 -0.009224645
v -0.002524448 -0.003542144 -0.009224645
v -0.003272242 -0.003365411 -0.009224645
v -0.001645438 -0.003738689 -0.009224645
v -0.0007241258 -0.003938985 -0.009224647
v 0.0001849026 -0.004120977 -0.009224646
v 0.001031272 -0.004270412 -0.009224647
v 0.001752185 -0.004374958 -0.009224646
v -0.002888812 -0.00317927 -0.009224646
v -0.00359916 -0.00299742 -0.009224646
v -0.002038535 -0.003372262 -0.009224646
v -0.001125691 -0.003576981 -0.009224646
v -0.0002024478 -0.00377451 -0.009224646
v 0.0006894297 -0.00394785 -0.009224646
v 0.001503747 -0.004083249 -0.009224645
v 0.002193078 -0.004162723 -0.009224645
v -0.003226484 -0.002784029 -0.009224645
v -0.003891631 -0.002600305 -0.009224645
v -0.00241519 -0.002968635 -0.009224645
v -0.00152237 -0.003171577 -0.009224647
v -0.0005969764 -0.003378064 -0.009224646
v 0.0003193378 -0.003570897 -0.009224647
v 0.001185817 -0.003734483 -0.009224646
v 0.001960847 -0.003855411 -0.009224647
v 0.002612575 -0.003909995 -0.009224646
v 0.002398198 -0.003589156 -0.009224645
v 0.0030066 -0.003619144 -0.009224645
v 0.001669268 -0.003482865 -0.009224646
v 0.0008362096 -0.003330165 -0.009224645
v -6.437512E-05 -0.003143793 -0.009224646
v -0.0009931842 -0.002937934 -0.009224646
v 0.002811552 -0.003286988 -0.009224647
v 0.003371402 -0.003293031 -0.009224646
v 0.002135151 -0.003195478 -0.009224646
v 0.001343178 -0.003054578 -0.009224647
v 0.0004669816 -0.002876481 -0.009224646
v 0.003196971 -0.002951873 -0.009224645
v 0.003703417 -0.002934742 -0.009224645
v 0.002578946 -0.002875037 -0.009224646
v 0.001835381 -0.002746841 -0.009224645
v 0.003550695 -0.002586987 -0.009224647
v 0.003999504 -0.002547777 -0.009224646
v 0.00299642 -0.002524677 -0.009224646
v 0.003869371 -0.00219589 -0.009224645
v 0.00425675 -0.002135818 -0.009224646
v -0.0004560583 -0.002673532 -0.009224647
v 0.0009919702 -0.002578649 -0.009224646
v 0.002308049 -0.002409871 -0.009224647
v 0.003383505 -0.002147727 -0.009224646
v 0.004149871 -0.001782308 -0.009224645
v 0.004472743 -0.001702871 -0.009224645
v 8.382645E-05 -0.002380964 -0.009224645
v 0.001505549 -0.002253214 -0.009224646
v 0.002756668 -0.002046956 -0.009224645
v 0.003736526 -0.001747857 -0.009224646
v 0.004389558 -0.001350258 -0.009224646
v 0.004647373 -0.00127003 -0.009224646
v 0.0006212711 -0.002063005 -0.009224647
v 0.00200275 -0.001903268 -0.009224646
v 0.003176872 -0.001661553 -0.009224647
v 0.004052027 -0.001328885 -0.009224646
v 0.004591009 -0.0009239849 -0.009224646
v 0.004773047 -0.0009511462 -0.009224647
v 0.004778183 -0.0006119844 -0.009224646
v 0.00432703 -0.0008948718 -0.009224645
v 0.004563277 -0.0004689597 -0.009224646
v 0.004780891 -0.0001503582 -0.009224646
v 0.003564666 -0.001257405 -0.009224645
v 0.002478815 -0.001532216 -0.009224646
v 0.003916259 -0.0008383795 -0.009224645
v 0.004228326 -0.0004085311 -0.009224646
v 0.00450063 1.071024E-05 -0.009224647
v 0.004744831 0.0003286135 -0.009224645
v 0.002929121 -0.001143603 -0.009224646
v 0.003349377 -0.0007411949 -0.009224646
v 0.003735483 -0.0003288487 -0.009224646
v 0.00408378 8.945184E-05 -0.009224645
v 0.0043919 0.0004944298 -0.009224646
v 0.004662215 0.0008057657 -0.009224646
v 0.00423858 0.0009767662 -0.009224647
v 0.004533932 0.001276245 -0.009224645
v 0.003895677 0.0005928528 -0.009224646
v 0.003512741 0.0001927763 -0.009224645
v 0.003094372 -0.0002067163 -0.009224645
v 0.002644548 -0.0006017736 -0.009224647
v 0.004042763 0.00145226 -0.009224646
v 0.004361467 0.00173527 -0.009224646
v 0.003666915 0.001095297 -0.009224645
v 0.003251688 0.0007192942 -0.009224646
v 0.002803971 0.0003381626 -0.009224646
v 0.003806829 0.001915482 -0.009224647
v 0.004146594 0.002178128 -0.009224645
v 0.00340067 0.001590386 -0.009224646
v 0.002956253 0.001243429 -0.009224645
v 0.003533686 0.002361134 -0.009224646
v 0.003891631 0.002600305 -0.009224646
v 0.003100629 0.002071775 -0.009224645
v 0.003226484 0.002784029 -0.009224647
v 0.003599161 0.00299742 -0.009224645
v 0.00232803 -4.443236E-05 -0.009224646
v 0.002482756 0.0008854532 -0.009224645
v 0.002630848 0.001757876 -0.009224646
v 0.002770705 0.002533195 -0.009224646
v 0.002888812 0.00317927 -0.009224646
v 0.003272242 0.003365411 -0.009224646
v 0.001984695 0.0005198915 -0.009224647
v 0.002135751 0.001427063 -0.009224646
v 0.002280087 0.002255382 -0.009224645
v 0.00241519 0.002968635 -0.009224645
v 0.002524448 0.003542145 -0.009224647
v 0.002914157 0.003700409 -0.009224645
v 0.001620069 0.001082495 -0.009224646
v 0.001768161 0.001954919 -0.009224645
v 0.001908908 0.002728905 -0.009224646
v 0.002038535 0.003372262 -0.009224646
v 0.002137501 0.003868376 -0.009224646
v 0.002528583 0.003998972 -0.009224646
v 0.001239827 0.001634665 -0.009224647
v 0.001385455 0.002461123 -0.009224646
v 0.001522369 0.003171577 -0.009224645
v 0.001645438 0.003738689 -0.009224645
v 0.001732212 0.004153941 -0.009224647
v 0.002119368 0.004257898 -0.009224645
v 0.0008498485 0.002167823 -0.009224646
v 0.0009931844 0.002937934 -0.009224645
v 0.001125691 0.003576982 -0.009224646
v 0.001240677 0.004062801 -0.009224646
v 0.001313028 0.004395382 -0.009224646
v 0.001690655 0.004474508 -0.009224646
v 0.0004560584 0.002673532 -0.009224647
v 0.0005969765 0.003378064 -0.009224646
v 0.0007241258 0.003938986 -0.009224645
v 0.0008291291 0.004340108 -0.009224645
v 0.0009032522 0.004595133 -0.009224647
v 0.001263132 0.004648663 -0.009224646
v 0.0006051179 0.004779633 -0.009224647
v 0.0009478219 0.004773709 -0.009224647
v 0.0001383978 0.004783936 -0.009224646
v 0.0004323357 0.004572144 -0.009224646
v -0.0003442506 0.004750067 -0.009224646
v -5.85505E-05 0.00451604 -0.009224645
v -0.0008232948 0.004670052 -0.009224646
v 0.0003229143 0.004252127 -0.009224646
v -0.0005479931 0.004415163 -0.009224645
v -0.001294112 0.004544589 -0.009224645
v -0.0001849026 0.004120977 -0.009224646
v -0.001031272 0.004270412 -0.009224647
v -0.001752185 0.004374959 -0.009224646
v 0.0002024478 0.00377451 -0.009224645
v -0.001503747 0.004083249 -0.009224646
v -0.002193077 0.004162724 -0.009224645
v -0.0006894297 0.00394785 -0.009224646
v -0.0003193377 0.003570896 -0.009224647
v -0.001960847 0.003855411 -0.009224647
v -0.002612575 0.003909995 -0.009224645
v -0.001185817 0.003734483 -0.009224646
v 6.437516E-05 0.003143794 -0.009224646
v -0.002398198 0.003589156 -0.009224646
v -0.003006601 0.003619144 -0.009224645
v -0.001669268 0.003482864 -0.009224646
v -0.0008362096 0.003330165 -0.009224646
v -0.0004669816 0.00287648 -0.009224646
v -0.002811552 0.003286988 -0.009224645
v -0.003371402 0.003293032 -0.009224646
v -0.002135151 0.003195478 -0.009224645
v -0.001343178 0.003054577 -0.009224647
v -8.382646E-05 0.002380964 -0.009224646
v -0.003196971 0.002951873 -0.009224646
v -0.003703418 0.002934742 -0.009224646
v -0.002578946 0.002875037 -0.009224646
v -0.00183538 0.002746841 -0.009224646
v -0.0009919702 0.002578649 -0.009224646
v 0.0003072623 0.00185187 -0.009224646
v -0.003550695 0.002586987 -0.009224645
v -0.003999504 0.002547777 -0.009224646
v -0.00299642 0.002524677 -0.009224645
v -0.002308049 0.002409871 -0.009224645
v -0.001505549 0.002253214 -0.009224645
v -0.0006212711 0.002063005 -0.009224647
v 0.000700195 0.001297735 -0.009224646
v -0.003869371 0.00219589 -0.009224645
v -0.004256751 0.002135818 -0.009224645
v -0.003383505 0.002147727 -0.009224646
v -0.002756668 0.002046956 -0.009224646
v -0.00200275 0.001903267 -0.009224646
v -0.001151108 0.001722755 -0.009224646
v -0.0002370855 0.001516272 -0.009224646
v 0.001088796 0.0007275105 -0.009224646
v 0.0001544478 0.000947348 -0.009224647
v -0.0007779537 0.00116429 -0.009224645
v -0.001668218 0.001363457 -0.009224645
v -0.002478815 0.001532216 -0.009224645
v 0.001466904 0.0001502741 -0.009224645
v 0.0005470301 0.0003655138 -0.009224646
v -0.0003921528 0.0005868981 -0.009224646
v -0.001310124 0.0007992905 -0.009224646
v 0.001828489 -0.0004248067 -0.009224646
v 0.0009343399 -0.0002198433 -0.009224647
v -7.683411E-11 -1.431908E-10 -0.009224646
v 0.002167645 -0.0009886014 -0.009224645
v 0.001310124 -0.0007992907 -0.009224646
v 0.001668217 -0.001363458 -0.009224647
v 0.0003921528 -0.0005868983 -0.009224645
v -0.0009343401 0.0002198431 -0.009224647
v 0.0007779536 -0.00116429 -0.009224646
v 0.001151108 -0.001722755 -0.009224645
v -0.0005470303 -0.000365514 -0.009224646
v -0.0001544479 -0.0009473481 -0.009224647
v 0.0002370853 -0.001516272 -0.009224646
v -0.0003072624 -0.00185187 -0.009224646
v -0.000700195 -0.001297735 -0.009224645
v -0.001088796 -0.0007275107 -0.009224646
v -0.001466904 -0.0001502743 -0.009224646
v -0.0008498484 -0.002167823 -0.009224646
v -0.001239827 -0.001634665 -0.009224647
v -0.001620069 -0.001082495 -0.009224646
v -0.001385455 -0.002461123 -0.009224646
v -0.001768161 -0.001954919 -0.009224646
v -0.001908908 -0.002728905 -0.009224646
v -0.002280087 -0.002255382 -0.009224647
v -0.002770705 -0.002533195 -0.009224646
v -0.002135751 -0.001427063 -0.009224646
v -0.001984695 -0.0005198916 -0.009224647
v -0.002630848 -0.001757877 -0.009224646
v -0.003533686 -0.002361133 -0.009224646
v -0.004146594 -0.002178128 -0.009224646
v -0.00310063 -0.002071775 -0.009224645
v -0.003806829 -0.001915482 -0.009224645
v -0.004361468 -0.00173527 -0.009224645
v -0.002482756 -0.0008854531 -0.009224646
v -0.00340067 -0.001590386 -0.009224646
v -0.004042763 -0.00145226 -0.009224646
v -0.004533932 -0.001276245 -0.009224646
v -0.002956253 -0.001243429 -0.009224647
v -0.004238579 -0.000976766 -0.009224645
v -0.004662215 -0.0008057655 -0.009224645
v -0.003666915 -0.001095297 -0.009224645
v -0.003251687 -0.000719294 -0.009224646
v -0.002803971 -0.0003381625 -0.009224646
v -0.0043919 -0.0004944298 -0.009224646
v -0.004744831 -0.0003286134 -0.009224646
v -0.003895677 -0.0005928526 -0.009224646
v -0.00450063 -1.071019E-05 -0.009224645
v -0.004780892 0.0001503582 -0.009224646
v -0.003512741 -0.0001927762 -0.009224647
v -0.004083779 -8.945172E-05 -0.009224645
v -0.00232803 4.443231E-05 -0.009224646
v -0.004563277 0.0004689598 -0.009224646
v -0.004778183 0.0006119845 -0.009224646
v -0.004228326 0.0004085311 -0.009224646
v -0.003735483 0.0003288487 -0.009224646
v -0.003094372 0.0002067163 -0.009224646
v -0.001828489 0.0004248065 -0.009224645
v -0.004591009 0.0009239851 -0.009224647
v -0.004773047 0.0009511464 -0.009224647
v -0.004647373 0.00127003 -0.009224647
v -0.00432703 0.0008948719 -0.009224646
v -0.004389558 0.001350258 -0.009224646
v -0.004472743 0.001702871 -0.009224646
v -0.002644547 0.0006017734 -0.009224645
v -0.002167645 0.0009886011 -0.009224646
v -0.003916258 0.0008383795 -0.009224647
v -0.003349377 0.0007411948 -0.009224646
v -0.002929121 0.001143603 -0.009224646
v -0.004149871 0.001782308 -0.009224647
v -0.004052027 0.001328885 -0.009224646
v -0.003564666 0.001257405 -0.009224646
v -0.003176872 0.001661553 -0.009224645
v -0.003736526 0.001747857 -0.009224646
v -0.008216682 -0.0016344 0.011432
v -0.008137491 -0.001618647 0.01152348
v -0.00793962 -0.002408457 0.01152348
v -0.008016886 -0.002431896 0.011432
v -0.007665348 -0.003175091 0.01152348
v -0.007739945 -0.003205991 0.011432
v -0.007317195 -0.003911123 0.01152348
v -0.007388404 -0.003949185 0.011432
v -0.006898631 -0.004609518 0.01152348
v -0.006965767 -0.004654377 0.011432
v -0.006413576 -0.005263486 0.01152348
v -0.006475992 -0.005314709 0.011432
v -0.005866803 -0.005866804 0.01152348
v -0.005923897 -0.005923898 0.011432
v -0.005263486 -0.006413577 0.01152348
v -0.005314709 -0.006475992 0.011432
v -0.008337283 -0.0008211508 0.011432
v -0.008137491 -0.001618647 0.01152348
v -0.008216682 -0.0016344 0.011432
v -0.008256929 -0.0008132365 0.01152348
v -0.008377656 -8.149073E-12 0.011432
v -0.008296913 2.328306E-12 0.01152348
v -0.008337284 0.0008211508 0.011432
v -0.008256929 0.0008132366 0.01152348
v -0.008216682 0.0016344 0.011432
v -0.008137491 0.001618647 0.01152348
v -0.008016886 0.002431896 0.011432
v -0.00793962 0.002408458 0.01152348
v -0.007739946 0.003205991 0.011432
v -0.007665349 0.003175091 0.01152348
v -0.007388405 0.003949185 0.011432
v -0.007317195 0.003911123 0.01152348
v -0.006965767 0.004654377 0.011432
v -0.006898631 0.004609518 0.01152348
v -0.006475992 0.005314709 0.011432
v -0.006413577 0.005263486 0.01152348
v -0.005923898 0.005923897 0.011432
v -0.005866803 0.005866804 0.01152348
v -0.005314709 0.006475992 0.011432
v -0.005263486 0.006413576 0.01152348
v -0.004654377 0.006965767 0.011432
v -0.004609518 0.006898631 0.01152348
v -0.003949185 0.007388404 0.011432
v -0.003911123 0.007317195 0.01152348
v -0.003205991 0.007739945 0.011432
v -0.003175091 0.007665348 0.01152348
v -0.002431896 0.008016886 0.011432
v -0.002408457 0.00793962 0.01152348
v -0.0016344 0.008216683 0.011432
v -0.001618648 0.008137491 0.01152348
v -0.0008211508 0.008337283 0.011432
v -0.0008132366 0.008256929 0.01152348
v -1.164153E-12 0.008377656 0.011432
v -4.656613E-12 0.008296913 0.01152348
v 0.0008211507 0.008337283 0.011432
v 0.0008132366 0.008256929 0.01152348
v 0.0016344 0.008216683 0.011432
v 0.001618647 0.008137491 0.01152348
v 0.002431896 0.008016886 0.011432
v 0.002408457 0.00793962 0.01152348
v 0.003205991 0.007739945 0.011432
v 0.003175092 0.007665349 0.01152348
v 0.003949185 0.007388405 0.011432
v 0.003911123 0.007317196 0.01152348
v 0.004654377 0.006965767 0.011432
v 0.004609519 0.006898631 0.01152348
v 0.005314709 0.006475992 0.011432
v 0.005263486 0.006413575 0.01152348
v 0.005923897 0.005923898 0.011432
v 0.005866804 0.005866803 0.01152348
v 0.006475992 0.005314709 0.011432
v 0.006413576 0.005263486 0.01152348
v 0.006965767 0.004654377 0.011432
v 0.006898631 0.004609518 0.01152348
v 0.007388404 0.003949185 0.011432
v 0.007317195 0.003911123 0.01152348
v 0.007739945 0.003205991 0.011432
v 0.007665348 0.003175091 0.01152348
v 0.008016886 0.002431896 0.011432
v 0.00793962 0.002408457 0.01152348
v 0.008216682 0.0016344 0.011432
v 0.008137491 0.001618648 0.01152348
v 0.008337283 0.0008211508 0.011432
v 0.008256929 0.0008132365 0.01152348
v 0.008377656 8.149073E-12 0.011432
v 0.008296913 2.328306E-12 0.01152348
v 0.008337284 -0.0008211508 0.011432
v 0.008256929 -0.0008132366 0.01152348
v 0.008216682 -0.0016344 0.011432
v 0.008137491 -0.001618647 0.01152348
v 0.008016886 -0.002431896 0.011432
v 0.00793962 -0.002408457 0.01152348
v 0.007739946 -0.003205991 0.011432
v 0.007665349 -0.003175092 0.01152348
v 0.007388405 -0.003949185 0.011432
v 0.007317196 -0.003911123 0.01152348
v 0.006965767 -0.004654377 0.011432
v 0.006898631 -0.004609518 0.01152348
v 0.006475992 -0.005314709 0.011432
v 0.006413575 -0.005263486 0.01152348
v 0.005923898 -0.005923897 0.011432
v 0.005866803 -0.005866804 0.01152348
v 0.005314709 -0.006475992 0.011432
v 0.005263486 -0.006413576 0.01152348
v 0.004654377 -0.006965767 0.011432
v 0.004609518 -0.006898631 0.01152348
v 0.003949185 -0.007388404 0.011432
v 0.003911123 -0.007317195 0.01152348
v 0.003205991 -0.007739945 0.011432
v 0.003175091 -0.007665348 0.01152348
v 0.002431896 -0.008016886 0.011432
v 0.002408457 -0.00793962 0.01152348
v 0.0016344 -0.008216683 0.011432
v 0.001618648 -0.008137491 0.01152348
v 0.0008211508 -0.008337284 0.011432
v 0.0008132366 -0.008256929 0.01152348
v 4.656613E-12 -0.008377656 0.011432
v 0 -0.008296913 0.01152348
v -0.0008211508 -0.008337284 0.011432
v -0.0008132365 -0.008256929 0.01152348
v -0.0016344 -0.008216682 0.011432
v -0.001618647 -0.008137491 0.01152348
v -0.002431896 -0.008016886 0.011432
v -0.002408457 -0.00793962 0.01152348
v -0.003205991 -0.007739946 0.011432
v -0.003175091 -0.007665349 0.01152348
v -0.003949185 -0.007388405 0.011432
v -0.003911123 -0.007317195 0.01152348
v -0.004654377 -0.006965767 0.011432
v -0.004609518 -0.006898631 0.01152348
v -0.005314709 -0.006475992 0.011432
v -0.005263486 -0.006413577 0.01152348
v 0 -0.008184958 0.01158011
v -0.0008022632 -0.008145515 0.01158011
v -0.001596806 -0.008027688 0.01158011
v -0.002375959 -0.007832487 0.01158011
v -0.003132249 -0.007561916 0.01158011
v -0.003858348 -0.007218461 0.01158011
v -0.00454732 -0.006805544 0.01158011
v 0.0008022632 -0.008145515 0.01158011
v -0.005192463 -0.006327035 0.01158011
v -0.005866803 -0.005866804 0.01152348
v 0.001596806 -0.008027688 0.01158011
v -0.005787641 -0.005787641 0.01158011
v -0.006413576 -0.005263486 0.01152348
v 0.002375959 -0.007832487 0.01158011
v -0.006327035 -0.005192463 0.01158011
v -0.006898631 -0.004609518 0.01152348
v 0.003132249 -0.007561916 0.01158011
v -0.006805544 -0.00454732 0.01158011
v -0.007317195 -0.003911123 0.01152348
v 0.003858348 -0.007218461 0.01158011
v -0.007218461 -0.003858348 0.01158011
v -0.007665348 -0.003175091 0.01152348
v 0.00454732 -0.006805544 0.01158011
v -0.007561916 -0.003132249 0.01158011
v -0.00793962 -0.002408457 0.01152348
v 0.005192463 -0.006327035 0.01158011
v -0.007832487 -0.002375959 0.01158011
v 0.005787641 -0.005787641 0.01158011
v -0.008027688 -0.001596806 0.01158011
v 0.006327034 -0.005192463 0.01158011
v -0.008145515 -0.0008022632 0.01158011
v 0.006805544 -0.00454732 0.01158011
v -0.008184959 -5.238689E-12 0.01158011
v 0.00721846 -0.003858349 0.01158011
v -0.008145515 0.0008022632 0.01158011
v 0.007561916 -0.003132248 0.01158011
v -0.008027688 0.001596806 0.01158011
v 0.007832487 -0.002375959 0.01158011
v -0.007832487 0.002375959 0.01158011
v 0.008027688 -0.001596806 0.01158011
v -0.007561916 0.003132249 0.01158011
v 0.008145515 -0.0008022632 0.01158011
v -0.007218461 0.003858348 0.01158011
v 0.008184959 5.820766E-12 0.01158011
v -0.006805544 0.00454732 0.01158011
v 0.008145515 0.0008022632 0.01158011
v -0.006327035 0.005192463 0.01158011
v 0.008027688 0.001596806 0.01158011
v -0.005787641 0.005787641 0.01158011
v 0.007832487 0.002375959 0.01158011
v -0.005192463 0.006327035 0.01158011
v 0.007561916 0.003132249 0.01158011
v -0.00454732 0.006805544 0.01158011
v 0.007218461 0.003858348 0.01158011
v -0.003858348 0.007218461 0.01158011
v 0.006805544 0.00454732 0.01158011
v -0.003132249 0.007561916 0.01158011
v 0.006327035 0.005192463 0.01158011
v -0.002375959 0.007832487 0.01158011
v 0.005787641 0.005787641 0.01158011
v -0.001596806 0.008027688 0.01158011
v 0.005192463 0.006327034 0.01158011
v -0.0008022632 0.008145515 0.01158011
v 0.00454732 0.006805544 0.01158011
v 5.820766E-12 0.008184959 0.01158011
v 0.003858349 0.00721846 0.01158011
v 0.0008022632 0.008145515 0.01158011
v 0.003132248 0.007561916 0.01158011
v 0.001596806 0.008027688 0.01158011
v 0.002375959 0.007832487 0.01158011
v -0.0007907799 0.008028924 0.0116267
v -1.164153E-12 0.008067803 0.0116267
v 0.0007907798 0.008028924 0.0116267
v 0.00157395 0.007912783 0.0116267
v 0.00234195 0.007720376 0.0116267
v 0.003087414 0.007453678 0.0116267
v -0.001573951 0.007912783 0.0116267
v 0.003803121 0.007115139 0.0116267
v -0.00234195 0.007720375 0.0116267
v 0.004482231 0.006708133 0.0116267
v -0.003087415 0.007453678 0.0116267
v 0.00511814 0.006236473 0.0116267
v -0.003803121 0.007115139 0.0116267
v 0.005704799 0.005704799 0.0116267
v -0.004482232 0.006708134 0.0116267
v 0.006236472 0.00511814 0.0116267
v -0.00511814 0.006236472 0.0116267
v 0.006708134 0.004482232 0.0116267
v -0.005704799 0.005704799 0.0116267
v 0.00711514 0.003803121 0.0116267
v -0.006236473 0.00511814 0.0116267
v 0.007453679 0.003087415 0.0116267
v -0.006708133 0.004482231 0.0116267
v 0.007720376 0.002341951 0.0116267
v -0.007115139 0.003803121 0.0116267
v 0.007912784 0.001573951 0.0116267
v -0.007453678 0.003087415 0.0116267
v 0.008028924 0.0007907798 0.0116267
v -0.007720376 0.002341951 0.0116267
v 0.008067803 2.328306E-12 0.0116267
v -0.007912783 0.00157395 0.0116267
v 0.008028923 -0.0007907799 0.0116267
v -0.008028923 0.0007907799 0.0116267
v 0.007912784 -0.001573951 0.0116267
v -0.008067803 0 0.0116267
v 0.007720376 -0.002341951 0.0116267
v -0.008028924 -0.0007907798 0.0116267
v 0.007453678 -0.003087414 0.0116267
v -0.007912782 -0.001573951 0.0116267
v 0.007115139 -0.003803121 0.0116267
v -0.007720376 -0.002341951 0.0116267
v 0.006708134 -0.004482231 0.0116267
v -0.007453679 -0.003087415 0.0116267
v 0.006236473 -0.00511814 0.0116267
v -0.00711514 -0.003803121 0.0116267
v 0.005704799 -0.005704799 0.0116267
v -0.006708134 -0.004482232 0.0116267
v 0.00511814 -0.006236472 0.0116267
v -0.006236472 -0.00511814 0.0116267
v 0.004482232 -0.006708134 0.0116267
v -0.005704799 -0.005704799 0.0116267
v 0.003803121 -0.00711514 0.0116267
v -0.00511814 -0.006236473 0.0116267
v 0.003087415 -0.007453679 0.0116267
v -0.004482231 -0.006708133 0.0116267
v 0.002341951 -0.007720376 0.0116267
v -0.003803121 -0.00711514 0.0116267
v 0.001573951 -0.007912782 0.0116267
v -0.003087414 -0.007453678 0.0116267
v 0.0007907799 -0.008028924 0.0116267
v -0.002341951 -0.007720376 0.0116267
v 1.164153E-12 -0.008067803 0.0116267
v -0.001573951 -0.007912784 0.0116267
v -0.0007907798 -0.008028924 0.0116267
v -0.003042581 -0.00734544 0.01164788
v -0.002307942 -0.007608265 0.01164788
v -0.001551094 -0.007797878 0.01164788
v -0.0007792967 -0.007912332 0.01164788
v 9.313226E-12 -0.007950649 0.01164788
v 0.0007792967 -0.007912333 0.01164788
v -0.003747895 -0.007011817 0.01164788
v 0.001551094 -0.007797878 0.01164788
v -0.004417143 -0.006610722 0.01164788
v 0.002307942 -0.007608265 0.01164788
v -0.005043818 -0.006145909 0.01164788
v 0.003042581 -0.007345441 0.01164788
v -0.005621957 -0.005621957 0.01164788
v 0.003747895 -0.007011818 0.01164788
v -0.006145909 -0.005043818 0.01164788
v 0.004417143 -0.006610722 0.01164788
v -0.006610722 -0.004417143 0.01164788
v 0.005043818 -0.006145909 0.01164788
v -0.007011818 -0.003747895 0.01164788
v 0.005621957 -0.005621957 0.01164788
v -0.007345441 -0.003042581 0.01164788
v 0.006145908 -0.005043818 0.01164788
v -0.007608265 -0.002307942 0.01164788
v 0.006610722 -0.004417143 0.01164788
v -0.007797878 -0.001551094 0.01164788
v 0.007011817 -0.003747895 0.01164788
v -0.007912333 -0.0007792967 0.01164788
v 0.007345439 -0.003042581 0.01164788
v -0.007950648 0 0.01164788
v 0.007608265 -0.002307942 0.01164788
v -0.007912331 0.0007792967 0.01164788
v 0.007797878 -0.001551094 0.01164788
v -0.007797878 0.001551094 0.01164788
v 0.007912331 -0.0007792967 0.01164788
v -0.007608266 0.002307942 0.01164788
v 0.007950648 9.313226E-12 0.01164788
v -0.007345439 0.003042582 0.01164788
v 0.007912333 0.0007792967 0.01164788
v -0.007011817 0.003747895 0.01164788
v 0.007797878 0.001551094 0.01164788
v -0.006610722 0.004417143 0.01164788
v 0.007608265 0.002307942 0.01164788
v -0.006145908 0.005043818 0.01164788
v 0.007345441 0.003042581 0.01164788
v -0.005621957 0.005621957 0.01164788
v 0.007011818 0.003747895 0.01164788
v -0.005043818 0.006145909 0.01164788
v 0.006610722 0.004417143 0.01164788
v -0.004417143 0.006610722 0.01164788
v 0.006145909 0.005043818 0.01164788
v -0.003747895 0.007011817 0.01164788
v 0.005621957 0.005621957 0.01164788
v -0.003042581 0.00734544 0.01164788
v 0.005043818 0.006145908 0.01164788
v -0.002307942 0.007608266 0.01164788
v 0.004417143 0.006610722 0.01164788
v -0.001551094 0.007797878 0.01164788
v 0.003747895 0.007011817 0.01164788
v -0.0007792967 0.007912332 0.01164788
v 0.003042581 0.00734544 0.01164788
v 1.164153E-11 0.007950649 0.01164788
v 0.002307942 0.007608266 0.01164788
v 0.0007792967 0.007912332 0.01164788
v 0.001551094 0.007797878 0.01164788
v -0.001528238 0.007682974 0.0116267
v -0.0007678134 0.007795741 0.0116267
v -2.328306E-12 0.007833491 0.0116267
v 0.0007678134 0.007795741 0.0116267
v 0.001528238 0.007682973 0.0116267
v 0.002273934 0.007496154 0.0116267
v -0.002273934 0.007496154 0.0116267
v 0.002997748 0.007237203 0.0116267
v -0.002997748 0.007237203 0.0116267
v 0.003692668 0.006908496 0.0116267
v -0.003692668 0.006908495 0.0116267
v 0.004352055 0.006513311 0.0116267
v -0.004352055 0.006513311 0.0116267
v 0.004969495 0.006055347 0.0116267
v -0.004969495 0.006055347 0.0116267
v 0.005539115 0.005539116 0.0116267
v -0.005539116 0.005539115 0.0116267
v 0.006055347 0.004969495 0.0116267
v -0.006055347 0.004969495 0.0116267
v 0.006513311 0.004352055 0.0116267
v -0.006513311 0.004352055 0.0116267
v 0.006908495 0.003692668 0.0116267
v -0.006908496 0.003692668 0.0116267
v 0.007237202 0.002997748 0.0116267
v -0.007237202 0.002997748 0.0116267
v 0.007496155 0.002273934 0.0116267
v -0.007496154 0.002273934 0.0116267
v 0.007682974 0.001528238 0.0116267
v -0.007682974 0.001528239 0.0116267
v 0.007795741 0.0007678134 0.0116267
v -0.007795741 0.0007678135 0.0116267
v 0.007833491 2.328306E-12 0.0116267
v -0.007833492 1.920853E-11 0.0116267
v 0.007795741 -0.0007678135 0.0116267
v -0.007795741 -0.0007678134 0.0116267
v 0.007682974 -0.001528238 0.0116267
v -0.007682974 -0.001528238 0.0116267
v 0.007496155 -0.002273934 0.0116267
v -0.007496155 -0.002273934 0.0116267
v 0.007237202 -0.002997748 0.0116267
v -0.007237202 -0.002997748 0.0116267
v 0.006908496 -0.003692668 0.0116267
v -0.006908495 -0.003692668 0.0116267
v 0.00651331 -0.004352055 0.0116267
v -0.006513311 -0.004352055 0.0116267
v 0.006055347 -0.004969495 0.0116267
v -0.006055347 -0.004969495 0.0116267
v 0.005539116 -0.005539115 0.0116267
v -0.005539115 -0.005539115 0.0116267
v 0.004969495 -0.006055347 0.0116267
v -0.004969495 -0.006055347 0.0116267
v 0.004352055 -0.006513311 0.0116267
v -0.004352055 -0.006513311 0.0116267
v 0.003692668 -0.006908495 0.0116267
v -0.003692668 -0.006908495 0.0116267
v 0.002997748 -0.007237202 0.0116267
v -0.002997747 -0.007237202 0.0116267
v 0.002273934 -0.007496155 0.0116267
v -0.002273934 -0.007496155 0.0116267
v 0.001528238 -0.007682974 0.0116267
v -0.001528238 -0.007682974 0.0116267
v 0.0007678134 -0.007795741 0.0116267
v -0.0007678134 -0.007795741 0.0116267
v 5.820766E-12 -0.007833491 0.0116267
v -0.002239926 -0.007384044 0.01158011
v -0.001505382 -0.007568069 0.01158011
v -0.0007563301 -0.00767915 0.01158011
v -5.238689E-12 -0.007716336 0.01158011
v 0.0007563301 -0.00767915 0.01158011
v 0.001505382 -0.00756807 0.01158011
v -0.002952914 -0.007128965 0.01158011
v 0.002239926 -0.007384043 0.01158011
v -0.003637441 -0.006805174 0.01158011
v 0.002952914 -0.007128965 0.01158011
v -0.004286967 -0.006415898 0.01158011
v 0.003637441 -0.006805174 0.01158011
v -0.004895172 -0.005964784 0.01158011
v 0.004286967 -0.006415898 0.01158011
v -0.005456273 -0.005456273 0.01158011
v 0.004895173 -0.005964784 0.01158011
v -0.005964784 -0.004895172 0.01158011
v 0.005456273 -0.005456273 0.01158011
v -0.006415898 -0.004286967 0.01158011
v 0.005964784 -0.004895172 0.01158011
v -0.006805174 -0.003637441 0.01158011
v 0.006415898 -0.004286967 0.01158011
v -0.007128965 -0.002952914 0.01158011
v 0.006805174 -0.003637441 0.01158011
v -0.007384043 -0.002239926 0.01158011
v 0.007128965 -0.002952914 0.01158011
v -0.007568068 -0.001505382 0.01158011
v 0.007384044 -0.002239926 0.01158011
v -0.00767915 -0.0007563301 0.01158011
v 0.007568069 -0.001505382 0.01158011
v -0.007716335 4.656613E-12 0.01158011
v 0.007679149 -0.0007563301 0.01158011
v -0.00767915 0.0007563301 0.01158011
v 0.007716335 9.313226E-12 0.01158011
v -0.007568068 0.001505382 0.01158011
v 0.00767915 0.0007563301 0.01158011
v -0.007384044 0.002239925 0.01158011
v 0.007568068 0.001505382 0.01158011
v -0.007128965 0.002952914 0.01158011
v 0.007384043 0.002239926 0.01158011
v -0.006805174 0.003637442 0.01158011
v 0.007128965 0.002952914 0.01158011
v -0.006415898 0.004286967 0.01158011
v 0.006805174 0.003637441 0.01158011
v -0.005964784 0.004895172 0.01158011
v 0.006415898 0.004286967 0.01158011
v -0.005456273 0.005456273 0.01158011
v 0.005964784 0.004895173 0.01158011
v -0.004895173 0.005964784 0.01158011
v 0.005456273 0.005456273 0.01158011
v -0.004286967 0.006415899 0.01158011
v 0.004895172 0.005964784 0.01158011
v -0.003637442 0.006805174 0.01158011
v 0.004286967 0.006415898 0.01158011
v -0.002952914 0.007128965 0.01158011
v 0.003637441 0.006805174 0.01158011
v -0.002239926 0.007384045 0.01158011
v 0.002952914 0.007128965 0.01158011
v -0.001505382 0.007568068 0.01158011
v 0.002239925 0.007384044 0.01158011
v -0.0007563301 0.007679149 0.01158011
v 0.001505382 0.007568068 0.01158011
v 7.566996E-12 0.007716336 0.01158011
v 0.0007563301 0.00767915 0.01158011
v -0.002207126 0.00727592 0.01151513
v -0.001483339 0.007457251 0.01151513
v -0.002909675 0.007024577 0.01151513
v -0.0007452554 0.007566705 0.01151513
v -4.656613E-12 0.007603347 0.01151513
v -0.003584179 0.006705527 0.01151513
v 0.0007452553 0.007566704 0.01151513
v 0.001483339 0.007457251 0.01151513
v -0.004224194 0.006321952 0.01151513
v 0.002207126 0.00727592 0.01151513
v -0.004823493 0.005877444 0.01151513
v 0.002909675 0.007024576 0.01151513
v -0.005376378 0.005376378 0.01151513
v 0.003584179 0.006705527 0.01151513
v -0.005877444 0.004823494 0.01151513
v 0.004224193 0.006321952 0.01151513
v -0.006321952 0.004224193 0.01151513
v 0.004823494 0.005877444 0.01151513
v -0.006705527 0.003584179 0.01151513
v 0.005376378 0.005376378 0.01151513
v -0.007024576 0.002909675 0.01151513
v 0.005877444 0.004823493 0.01151513
v -0.00727592 0.002207126 0.01151513
v 0.006321952 0.004224194 0.01151513
v -0.007457251 0.001483339 0.01151513
v 0.006705527 0.003584179 0.01151513
v -0.007566705 0.0007452554 0.01151513
v 0.007024576 0.002909675 0.01151513
v -0.007603347 1.920853E-11 0.01151513
v 0.00727592 0.002207127 0.01151513
v -0.007566704 -0.0007452553 0.01151513
v 0.007457251 0.001483339 0.01151513
v -0.007457251 -0.001483339 0.01151513
v 0.007566705 0.0007452554 0.01151513
v -0.00727592 -0.002207126 0.01151513
v 0.007603346 2.328306E-12 0.01151513
v -0.007024576 -0.002909675 0.01151513
v 0.007566706 -0.0007452554 0.01151513
v -0.006705527 -0.003584179 0.01151513
v 0.007457251 -0.001483339 0.01151513
v -0.006321952 -0.004224194 0.01151513
v 0.00727592 -0.002207126 0.01151513
v -0.005877444 -0.004823493 0.01151513
v 0.007024576 -0.002909675 0.01151513
v -0.005376378 -0.005376378 0.01151513
v 0.006705527 -0.003584179 0.01151513
v -0.004823494 -0.005877444 0.01151513
v 0.006321952 -0.004224193 0.01151513
v -0.004224193 -0.006321952 0.01151513
v 0.005877444 -0.004823494 0.01151513
v -0.003584179 -0.006705527 0.01151513
v 0.005376378 -0.005376378 0.01151513
v -0.002909675 -0.007024576 0.01151513
v 0.004823493 -0.005877444 0.01151513
v -0.002207126 -0.00727592 0.01151513
v 0.004224194 -0.006321952 0.01151513
v -0.001483339 -0.007457251 0.01151513
v 0.003584179 -0.006705527 0.01151513
v -0.0007452554 -0.007566706 0.01151513
v 0.002909675 -0.007024576 0.01151513
v 2.328306E-12 -0.007603346 0.01151513
v 0.002207127 -0.00727592 0.01151513
v 0.0007452554 -0.007566705 0.01151513
v 0.001483339 -0.007457251 0.01151513
v 0.002264321 -0.005466555 -0.01115155
v 0.001712335 -0.005644812 -0.01115155
v 0.001717595 -0.005662152 -0.01115155
v 0.002257387 -0.005449813 -0.01115155
v 0.002789223 -0.005218268 -0.01115155
v 0.001150806 -0.00578549 -0.01115155
v 0.001154341 -0.005803263 -0.01115155
v 0.002780681 -0.005202289 -0.01115155
v 0.003287284 -0.004919769 -0.01115155
v 0.0005781848 -0.005870408 -0.01115155
v 0.0005799609 -0.005888441 -0.01115155
v 0.003277217 -0.004904703 -0.01115155
v 0.003753662 -0.004573851 -0.01115155
v 3.667083E-11 -0.005898836 -0.01115155
v 3.259629E-11 -0.005916955 -0.01115155
v 0.003742167 -0.004559844 -0.01115155
v 0.004183919 -0.004183919 -0.01115155
v -0.0005781847 -0.005870408 -0.01115155
v -0.0005799609 -0.005888441 -0.01115155
v 0.004171106 -0.004171106 -0.01115155
v 0.004573851 -0.003753663 -0.01115155
v -0.001150806 -0.00578549 -0.01115155
v -0.001154341 -0.005803262 -0.01115155
v 0.004559844 -0.003742167 -0.01115155
v 0.004919769 -0.003287284 -0.01115155
v -0.001712335 -0.005644812 -0.01115155
v -0.001717595 -0.005662151 -0.01115155
v 0.004904703 -0.003277218 -0.01115155
v 0.005218269 -0.002789223 -0.01115155
v -0.002257387 -0.005449813 -0.01115155
v -0.002264321 -0.005466554 -0.01115155
v 0.005202289 -0.002780681 -0.01115155
v 0.005466554 -0.002264321 -0.01115155
v -0.002780681 -0.005202289 -0.01115155
v -0.002789223 -0.005218269 -0.01115155
v 0.005449813 -0.002257387 -0.01115155
v 0.005662151 -0.001717595 -0.01115155
v -0.003277218 -0.004904703 -0.01115155
v -0.003287284 -0.004919769 -0.01115155
v 0.005644812 -0.001712335 -0.01115155
v 0.005803262 -0.001154341 -0.01115155
v -0.003742167 -0.004559844 -0.01115155
v -0.003753663 -0.004573851 -0.01115155
v 0.00578549 -0.001150806 -0.01115155
v 0.005888441 -0.0005799609 -0.01115155
v -0.004171106 -0.004171106 -0.01115155
v -0.004183919 -0.004183919 -0.01115155
v 0.005870408 -0.0005781847 -0.01115155
v 0.005916955 1.164153E-11 -0.01115155
v -0.004559844 -0.003742167 -0.01115155
v -0.004573851 -0.003753662 -0.01115155
v 0.005898836 1.891749E-11 -0.01115155
v 0.005888441 0.0005799609 -0.01115155
v -0.004904703 -0.003277217 -0.01115155
v -0.004919769 -0.003287284 -0.01115155
v 0.005870408 0.0005781848 -0.01115155
v 0.005803263 0.001154341 -0.01115155
v -0.005202289 -0.002780681 -0.01115155
v -0.005218268 -0.002789223 -0.01115155
v 0.00578549 0.001150806 -0.01115155
v 0.005662152 0.001717595 -0.01115155
v -0.005449813 -0.002257387 -0.01115155
v -0.005466555 -0.002264321 -0.01115155
v 0.005644812 0.001712335 -0.01115155
v 0.005466555 0.002264321 -0.01115155
v -0.005644812 -0.001712335 -0.01115155
v -0.005662152 -0.001717595 -0.01115155
v 0.005449813 0.002257387 -0.01115155
v 0.005218268 0.002789223 -0.01115155
v -0.00578549 -0.001150806 -0.01115155
v -0.005803263 -0.001154341 -0.01115155
v 0.005202289 0.002780681 -0.01115155
v 0.004919769 0.003287284 -0.01115155
v -0.005870408 -0.0005781848 -0.01115155
v -0.005888441 -0.0005799609 -0.01115155
v 0.004904703 0.003277217 -0.01115155
v 0.004573851 0.003753662 -0.01115155
v -0.005898836 1.891749E-11 -0.01115155
v -0.005916955 1.164153E-11 -0.01115155
v 0.004559844 0.003742167 -0.01115155
v 0.004183919 0.004183919 -0.01115155
v -0.005870408 0.0005781848 -0.01115155
v -0.005888441 0.0005799609 -0.01115155
v 0.004171106 0.004171106 -0.01115155
v 0.003753663 0.004573851 -0.01115155
v -0.00578549 0.001150806 -0.01115155
v -0.005803262 0.001154341 -0.01115155
v 0.003742167 0.004559844 -0.01115155
v 0.003287284 0.004919769 -0.01115155
v -0.005644812 0.001712335 -0.01115155
v -0.005662151 0.001717595 -0.01115155
v 0.003277218 0.004904703 -0.01115155
v 0.002789223 0.005218269 -0.01115155
v -0.005449813 0.002257387 -0.01115155
v -0.005466554 0.002264321 -0.01115155
v 0.002780681 0.005202289 -0.01115155
v 0.002264321 0.005466554 -0.01115155
v -0.005202289 0.002780681 -0.01115155
v -0.005218269 0.002789223 -0.01115155
v 0.002257387 0.005449813 -0.01115155
v 0.001717595 0.005662151 -0.01115155
v -0.004904703 0.003277218 -0.01115155
v -0.004919769 0.003287284 -0.01115155
v 0.001712335 0.005644812 -0.01115155
v 0.001154341 0.005803263 -0.01115155
v -0.004559844 0.003742167 -0.01115155
v -0.004573851 0.003753663 -0.01115155
v 0.001150806 0.00578549 -0.01115155
v 0.0005799609 0.005888441 -0.01115155
v -0.004171106 0.004171106 -0.01115155
v -0.004183919 0.004183919 -0.01115155
v 0.0005781848 0.005870408 -0.01115155
v 2.386514E-11 0.005916956 -0.01115155
v -0.003742167 0.004559844 -0.01115155
v -0.003753662 0.004573851 -0.01115155
v 3.201421E-11 0.005898836 -0.01115155
v -0.0005799608 0.005888441 -0.01115155
v -0.003277217 0.004904703 -0.01115155
v -0.003287284 0.004919769 -0.01115155
v -0.0005781847 0.005870408 -0.01115155
v -0.001154341 0.005803263 -0.01115155
v -0.002780681 0.005202289 -0.01115155
v -0.002789223 0.005218268 -0.01115155
v -0.001150806 0.00578549 -0.01115155
v -0.001717595 0.005662152 -0.01115155
v -0.002257387 0.005449813 -0.01115155
v -0.002264321 0.005466555 -0.01115155
v -0.001712335 0.005644812 -0.01115155
v -0.003206748 0.004799238 -0.01115155
v -0.002720888 0.005090424 -0.01115155
v -0.002208846 0.005332626 -0.01115155
v -0.001675515 0.005523431 -0.01115155
v -0.00112606 0.005661086 -0.01115155
v -0.0005657521 0.005744177 -0.01115155
v -0.0036617 0.004461794 -0.01115155
v 2.473825E-11 0.005771993 -0.01115155
v -0.004081416 0.004081416 -0.01115155
v 0.0005657521 0.005744176 -0.01115155
v -0.004461794 0.0036617 -0.01115155
v 0.00112606 0.005661086 -0.01115155
v -0.004799238 0.003206748 -0.01115155
v 0.001675515 0.005523432 -0.01115155
v -0.005090424 0.002720888 -0.01115155
v 0.002208846 0.005332626 -0.01115155
v -0.005332626 0.002208846 -0.01115155
v 0.002720888 0.005090424 -0.01115155
v -0.005523432 0.001675515 -0.01115155
v 0.003206748 0.004799238 -0.01115155
v -0.005661086 0.00112606 -0.01115155
v 0.0036617 0.004461794 -0.01115155
v -0.005744177 0.0005657522 -0.01115155
v 0.004081416 0.004081416 -0.01115155
v -0.005771993 1.164153E-11 -0.01115155
v 0.004461794 0.0036617 -0.01115155
v -0.005744176 -0.0005657522 -0.01115155
v 0.004799238 0.003206748 -0.01115155
v -0.005661086 -0.00112606 -0.01115155
v 0.005090424 0.002720888 -0.01115155
v -0.005523431 -0.001675515 -0.01115155
v 0.005332626 0.002208846 -0.01115155
v -0.005332626 -0.002208846 -0.01115155
v 0.005523431 0.001675515 -0.01115155
v -0.005090424 -0.002720888 -0.01115155
v 0.005661086 0.00112606 -0.01115155
v -0.004799238 -0.003206748 -0.01115155
v 0.005744176 0.0005657522 -0.01115155
v -0.004461794 -0.0036617 -0.01115155
v 0.005771993 1.164153E-11 -0.01115155
v -0.004081416 -0.004081416 -0.01115155
v 0.005744177 -0.0005657522 -0.01115155
v -0.0036617 -0.004461794 -0.01115155
v 0.005661086 -0.00112606 -0.01115155
v -0.003206748 -0.004799238 -0.01115155
v 0.005523432 -0.001675515 -0.01115155
v -0.002720888 -0.005090424 -0.01115155
v 0.005332626 -0.002208846 -0.01115155
v -0.002208846 -0.005332626 -0.01115155
v 0.005090424 -0.002720888 -0.01115155
v -0.001675515 -0.005523432 -0.01115155
v 0.004799238 -0.003206748 -0.01115155
v -0.00112606 -0.005661086 -0.01115155
v 0.004461794 -0.0036617 -0.01115155
v -0.0005657522 -0.005744177 -0.01115155
v 0.004081416 -0.004081416 -0.01115155
v 2.328306E-11 -0.005771993 -0.01115155
v 0.0036617 -0.004461794 -0.01115155
v 0.0005657522 -0.005744176 -0.01115155
v 0.003206748 -0.004799238 -0.01115155
v 0.00112606 -0.005661086 -0.01115155
v 0.002720888 -0.005090424 -0.01115155
v 0.001675515 -0.005523431 -0.01115155
v 0.002208846 -0.005332626 -0.01115155
v 8.731149E-12 -0.005459534 -0.01115155
v 0.0005396054 -0.005433224 -0.01115155
v 0.001073974 -0.005354631 -0.01115155
v 0.001597903 -0.005224428 -0.01115155
v 0.002106324 -0.005043952 -0.01115155
v 0.00259427 -0.004814862 -0.01115155
v -0.0005396055 -0.005433224 -0.01115155
v 0.003057039 -0.004539438 -0.01115155
v -0.001073974 -0.005354632 -0.01115155
v 0.003489168 -0.004224108 -0.01115155
v -0.001597903 -0.005224429 -0.01115155
v 0.003880603 -0.003880205 -0.01115155
v -0.002106324 -0.005043953 -0.01115155
v 0.00422478 -0.00348851 -0.01115155
v -0.00259427 -0.004814862 -0.01115155
v 0.00454065 -0.003055949 -0.01115155
v -0.003057039 -0.004539438 -0.01115155
v 0.004816584 -0.002592937 -0.01115155
v -0.003489168 -0.004224108 -0.01115155
v 0.0050461 -0.002104974 -0.01115155
v -0.003880603 -0.003880205 -0.01115155
v 0.005226911 -0.001596723 -0.01115155
v -0.004224781 -0.00348851 -0.01115155
v 0.005357354 -0.001073107 -0.01115155
v -0.00454065 -0.003055949 -0.01115155
v 0.005436093 -0.0005391473 -0.01115155
v -0.004816583 -0.002592937 -0.01115155
v 0.005462451 1.862645E-11 -0.01115155
v -0.005046099 -0.002104974 -0.01115155
v 0.005436093 0.0005391473 -0.01115155
v -0.00522691 -0.001596723 -0.01115155
v 0.005357353 0.001073107 -0.01115155
v -0.005357353 -0.001073107 -0.01115155
v 0.00522691 0.001596723 -0.01115155
v -0.005436093 -0.0005391473 -0.01115155
v 0.005046099 0.002104974 -0.01115155
v -0.005462451 1.949957E-11 -0.01115155
v 0.004816583 0.002592937 -0.01115155
v -0.005436093 0.0005391474 -0.01115155
v 0.00454065 0.003055949 -0.01115155
v -0.005357354 0.001073107 -0.01115155
v 0.004224781 0.00348851 -0.01115155
v -0.005226911 0.001596723 -0.01115155
v 0.003880603 0.003880205 -0.01115155
v -0.0050461 0.002104974 -0.01115155
v 0.003489168 0.004224108 -0.01115155
v -0.004816584 0.002592937 -0.01115155
v 0.003057039 0.004539438 -0.01115155
v -0.00454065 0.003055949 -0.01115155
v 0.00259427 0.004814862 -0.01115155
v -0.00422478 0.00348851 -0.01115155
v 0.002106324 0.005043953 -0.01115155
v -0.003880603 0.003880205 -0.01115155
v 0.001597903 0.005224429 -0.01115155
v -0.003489168 0.004224108 -0.01115155
v 0.001073974 0.005354632 -0.01115155
v -0.003057039 0.004539438 -0.01115155
v 0.0005396055 0.005433224 -0.01115155
v -0.00259427 0.004814862 -0.01115155
v 2.386514E-11 0.005459534 -0.01115155
v -0.002106324 0.005043952 -0.01115155
v -0.0005396055 0.005433224 -0.01115155
v -0.001597903 0.005224428 -0.01115155
v -0.001073974 0.005354631 -0.01115155
v -0.002527955 0.004420059 -0.01115155
v -0.002054363 0.004630366 -0.01115155
v -0.001559581 0.004796044 -0.01115155
v -0.001048741 0.00491557 -0.01115155
v -0.0005270838 0.004987719 -0.01115155
v 5.47152E-11 0.005011872 -0.01115155
v -0.002975516 0.004167219 -0.01115155
v 0.0005270838 0.004987719 -0.01115155
v -0.003388852 0.003893906 -0.01115155
v 0.001048741 0.00491557 -0.01115155
v -0.003708041 0.003705509 -0.01115155
v -0.003899209 0.00338367 -0.01115155
v -0.003518219 0.003502426 -0.01115155
v -0.003095319 0.003740595 -0.01115155
v -0.004176915 0.002966796 -0.01115155
v -0.003769883 0.003068349 -0.01115155
v -0.004433839 0.002517292 -0.01115155
v 0.001559581 0.004796044 -0.01115155
v -0.002636442 0.003967551 -0.01115155
v -0.003326193 0.003276113 -0.01115155
v -0.004009172 0.002603459 -0.01115155
v -0.004647541 0.002043564 -0.01115155
v 0.002054364 0.004630365 -0.01115155
v -0.002840988 0.003474886 -0.01115155
v -0.003546054 0.002779744 -0.01115155
v -0.004208207 0.002113516 -0.01115155
v -0.004815894 0.00155014 -0.01115155
v 0.002527956 0.00442006 -0.01115155
v -0.003035434 0.002948401 -0.01115155
v -0.00372893 0.002256626 -0.01115155
v -0.004365003 0.001603202 -0.01115155
v -0.004937351 0.0010418 -0.01115155
v 0.002975516 0.004167219 -0.01115155
v -0.00319717 0.002393543 -0.01115155
v -0.003872999 0.001711758 -0.01115155
v -0.004478124 0.001077461 -0.01115155
v -0.005010665 0.0005234184 -0.01115155
v 0.003388852 0.003893905 -0.01115155
v -0.003324585 0.001815616 -0.01115155
v -0.003976936 0.001150418 -0.01115155
v -0.004546406 0.0005413351 -0.01115155
v -0.005035208 1.629815E-11 -0.01115155
v 0.003708041 0.003705509 -0.01115155
v 0.003899209 0.00338367 -0.01115155
v 0.003518219 0.003502425 -0.01115155
v 0.004176916 0.002966796 -0.01115155
v 0.00309532 0.003740596 -0.01115155
v 0.004433838 0.002517292 -0.01115155
v 0.003769883 0.00306835 -0.01115155
v 0.002636442 0.00396755 -0.01115155
v 0.004647541 0.002043564 -0.01115155
v 0.004009172 0.002603459 -0.01115155
v 0.003326193 0.003276113 -0.01115155
v 0.002146917 0.004156327 -0.01115155
v 0.004815894 0.00155014 -0.01115155
v 0.004208207 0.002113516 -0.01115155
v 0.003546055 0.002779744 -0.01115155
v 0.002840989 0.003474886 -0.01115155
v 0.001632401 0.004305043 -0.01115155
v 0.004937351 0.0010418 -0.01115155
v 0.004365005 0.001603202 -0.01115155
v 0.003728931 0.002256626 -0.01115155
v 0.003035435 0.002948401 -0.01115155
v 0.002318647 0.003640221 -0.01115155
v 0.001098928 0.004412333 -0.01115155
v 0.005010665 0.0005234184 -0.01115155
v 0.004478124 0.001077461 -0.01115155
v 0.003872999 0.001711758 -0.01115155
v 0.003197171 0.002393543 -0.01115155
v 0.002481681 0.003088686 -0.01115155
v 0.001765977 0.003770471 -0.01115155
v 0.0005526718 0.004477095 -0.01115155
v 0.001190279 0.003864438 -0.01115155
v 0.001892666 0.003199201 -0.01115155
v 0.002617288 0.002507428 -0.01115155
v 0.003324586 0.001815616 -0.01115155
v 1.664739E-10 0.004498776 -0.01115155
v 0.0005990406 0.003921159 -0.01115155
v 0.001276864 0.003278931 -0.01115155
v 0.001998043 0.002597145 -0.01115155
v -0.0005526715 0.004477095 -0.01115155
v 3.023888E-10 0.003940147 -0.01115155
v 0.0006429735 0.003327058 -0.01115155
v -0.001098928 0.004412333 -0.01115155
v -0.0005990401 0.003921159 -0.01115155
v -0.001632401 0.004305043 -0.01115155
v 0.002724119 0.001902003 -0.01115155
v 0.001348883 0.002661871 -0.01115155
v 3.818423E-10 0.003343169 -0.01115155
v -0.001190278 0.003864438 -0.01115155
v -0.002146916 0.004156327 -0.01115155
v -0.001765976 0.003770471 -0.01115155
v -0.002318646 0.003640222 -0.01115155
v -0.0006429727 0.003327058 -0.01115155
v 0.0006795159 0.002700941 -0.01115155
v -0.001276863 0.003278931 -0.01115155
v -0.001892666 0.003199201 -0.01115155
v -0.00248168 0.003088686 -0.01115155
v 3.79805E-10 0.00271402 -0.01115155
v -0.0006795151 0.002700941 -0.01115155
v -0.001348883 0.002661871 -0.01115155
v -0.001998043 0.002597146 -0.01115155
v -0.002617288 0.002507428 -0.01115155
v -0.002724119 0.001902003 -0.01115155
v -0.002081058 0.001970058 -0.01115155
v -0.001405619 0.002019156 -0.01115155
v -0.0007083028 0.002048792 -0.01115155
v 3.34112E-10 0.002058713 -0.01115155
v 0.0007083034 0.002048792 -0.01115155
v 0.00140562 0.002019156 -0.01115155
v 0.002081059 0.001970058 -0.01115155
v -0.002140949 0.001324013 -0.01115155
v -0.001446551 0.00135701 -0.01115155
v -0.0007290714 0.001376928 -0.01115155
v 2.986053E-10 0.001383596 -0.01115155
v 0.0007290721 0.001376928 -0.01115155
v 0.001446551 0.00135701 -0.01115155
v 0.002140949 0.001324013 -0.01115155
v -0.002801191 0.001278276 -0.01115155
v 0.002801191 0.001278276 -0.01115155
v -0.003416507 0.001220218 -0.01115155
v 0.003416507 0.001220218 -0.01115155
v 0.003976936 0.001150418 -0.01115155
v 0.004546406 0.000541335 -0.01115155
v 0.004039674 0.0005779897 -0.01115155
v 0.003471993 0.0006130585 -0.01115155
v 0.005035208 9.313226E-12 -0.01115155
v 0.004569265 8.731149E-12 -0.01115155
v 0.005010665 -0.0005234184 -0.01115155
v 0.004060677 -4.656613E-12 -0.01115155
v 0.002847713 0.0006422278 -0.01115155
v 0.004937351 -0.0010418 -0.01115155
v 0.004546406 -0.0005413351 -0.01115155
v 0.003490568 -2.328306E-11 -0.01115155
v 0.0021771 0.0006652072 -0.01115155
v 0.004815894 -0.00155014 -0.01115155
v 0.004478124 -0.001077461 -0.01115155
v 0.004039675 -0.0005779898 -0.01115155
v 0.002863287 -3.550667E-11 -0.01115155
v 0.001471258 0.0006817855 -0.01115155
v 0.004647541 -0.002043564 -0.01115155
v 0.004365005 -0.001603202 -0.01115155
v 0.003976935 -0.001150418 -0.01115155
v 0.003471993 -0.0006130585 -0.01115155
v 0.002189203 -1.862645E-11 -0.01115155
v 0.0007416084 0.0006917924 -0.01115155
v 0.004433839 -0.002517292 -0.01115155
v 0.002847713 -0.0006422278 -0.01115155
v 0.003416507 -0.001220218 -0.01115155
v 0.00147953 9.313226E-12 -0.01115155
v 3.329478E-10 0.0006951424 -0.01115155
v 0.002177101 -0.0006652073 -0.01115155
v 0.0007458052 4.190951E-11 -0.01115155
v -0.0007416077 0.0006917924 -0.01115155
v 0.003872999 -0.001711758 -0.01115155
v 0.002801191 -0.001278276 -0.01115155
v 0.001471259 -0.0006817854 -0.01115155
v 3.80096E-10 4.10364E-11 -0.01115155
v -0.001471258 0.0006817854 -0.01115155
v 0.004208207 -0.002113516 -0.01115155
v 0.00214095 -0.001324013 -0.01115155
v 0.0007416084 -0.0006917922 -0.01115155
v -0.0007458045 1.74623E-11 -0.01115155
v -0.0021771 0.0006652073 -0.01115155
v 0.001446552 -0.00135701 -0.01115155
v 3.911555E-10 -0.0006951422 -0.01115155
v -0.001479529 1.396984E-11 -0.01115155
v -0.002847713 0.0006422279 -0.01115155
v 0.0007290721 -0.001376928 -0.01115155
v -0.0007416077 -0.0006917923 -0.01115155
v -0.002189202 2.182787E-11 -0.01115155
v -0.003471993 0.0006130586 -0.01115155
v 3.806781E-10 -0.001383596 -0.01115155
v -0.001471258 -0.0006817854 -0.01115155
v -0.002863287 6.984919E-12 -0.01115155
v -0.004039674 0.0005779898 -0.01115155
v -0.003490568 3.72529E-11 -0.01115155
v -0.0021771 -0.0006652073 -0.01115155
v -0.0007290714 -0.001376928 -0.01115155
v -0.004060676 2.793968E-11 -0.01115155
v -0.002847713 -0.0006422279 -0.01115155
v -0.001446551 -0.00135701 -0.01115155
v -0.004569265 2.532033E-11 -0.01115155
v -0.003471992 -0.0006130585 -0.01115155
v -0.002140949 -0.001324013 -0.01115155
v -0.004039674 -0.0005779898 -0.01115155
v -0.004546406 -0.000541335 -0.01115155
v -0.00280119 -0.001278276 -0.01115155
v -0.003416506 -0.001220218 -0.01115155
v -0.005010665 -0.0005234184 -0.01115155
v -0.003976935 -0.001150418 -0.01115155
v -0.004937351 -0.0010418 -0.01115155
v -0.004478124 -0.001077461 -0.01115155
v -0.004815894 -0.00155014 -0.01115155
v -0.004365004 -0.001603202 -0.01115155
v -0.003872999 -0.001711758 -0.01115155
v -0.003324584 -0.001815616 -0.01115155
v -0.004647541 -0.002043564 -0.01115155
v -0.004208207 -0.002113516 -0.01115155
v -0.00372893 -0.002256626 -0.01115155
v -0.004433838 -0.002517292 -0.01115155
v -0.004009172 -0.002603459 -0.01115155
v -0.004176916 -0.002966796 -0.01115155
v -0.002724119 -0.001902003 -0.01115155
v -0.00319717 -0.002393543 -0.01115155
v -0.003546054 -0.002779744 -0.01115155
v -0.003769883 -0.00306835 -0.01115155
v -0.003899209 -0.00338367 -0.01115155
v -0.002081058 -0.001970058 -0.01115155
v -0.003035434 -0.0029484 -0.01115155
v -0.003326193 -0.003276112 -0.01115155
v -0.003518219 -0.003502426 -0.01115155
v -0.003708042 -0.003705509 -0.01115155
v -0.003388852 -0.003893905 -0.01115155
v -0.002975516 -0.004167219 -0.01115155
v -0.003095319 -0.003740595 -0.01115155
v -0.002527956 -0.00442006 -0.01115155
v -0.002636441 -0.003967551 -0.01115155
v -0.002054363 -0.004630366 -0.01115155
v -0.002840988 -0.003474886 -0.01115155
v -0.001559581 -0.004796044 -0.01115155
v -0.002146917 -0.004156327 -0.01115155
v -0.002318646 -0.003640222 -0.01115155
v -0.001048741 -0.00491557 -0.01115155
v -0.001632401 -0.004305043 -0.01115155
v -0.00248168 -0.003088685 -0.01115155
v -0.0005270838 -0.004987719 -0.01115155
v -0.001098928 -0.004412333 -0.01115155
v -0.001765976 -0.003770471 -0.01115155
v -0.002617288 -0.002507428 -0.01115155
v 4.016329E-11 -0.005011872 -0.01115155
v -0.0005526714 -0.004477095 -0.01115155
v -0.001190278 -0.003864438 -0.01115155
v -0.001892666 -0.003199201 -0.01115155
v -0.001998043 -0.002597146 -0.01115155
v 0.0005270838 -0.004987719 -0.01115155
v 1.268927E-10 -0.004498776 -0.01115155
v -0.0005990401 -0.00392116 -0.01115155
v -0.001276863 -0.003278931 -0.01115155
v -0.001348883 -0.002661871 -0.01115155
v 0.001048741 -0.00491557 -0.01115155
v 0.0005526717 -0.004477095 -0.01115155
v 2.456363E-10 -0.003940147 -0.01115155
v -0.0006429728 -0.003327058 -0.01115155
v -0.001405619 -0.002019156 -0.01115155
v 0.001559581 -0.004796044 -0.01115155
v 0.001098928 -0.004412333 -0.01115155
v 0.0005990405 -0.003921159 -0.01115155
v 3.224704E-10 -0.003343169 -0.01115155
v -0.0006795151 -0.002700941 -0.01115155
v -0.0007083028 -0.002048792 -0.01115155
v 0.002054364 -0.004630365 -0.01115155
v 0.001632401 -0.004305043 -0.01115155
v 0.001190279 -0.003864438 -0.01115155
v 0.0006429735 -0.003327058 -0.01115155
v 3.678724E-10 -0.00271402 -0.01115155
v 3.783498E-10 -0.002058713 -0.01115155
v 0.002527956 -0.004420059 -0.01115155
v 0.002146917 -0.004156327 -0.01115155
v 0.001765977 -0.003770471 -0.01115155
v 0.001276864 -0.003278931 -0.01115155
v 0.0006795159 -0.002700941 -0.01115155
v 0.0007083035 -0.002048792 -0.01115155
v 0.002975516 -0.004167219 -0.01115155
v 0.002636441 -0.003967551 -0.01115155
v 0.002318647 -0.003640221 -0.01115155
v 0.001892666 -0.003199201 -0.01115155
v 0.001348883 -0.002661871 -0.01115155
v 0.00140562 -0.002019156 -0.01115155
v 0.003388852 -0.003893906 -0.01115155
v 0.00309532 -0.003740595 -0.01115155
v 0.002840989 -0.003474886 -0.01115155
v 0.002481681 -0.003088685 -0.01115155
v 0.001998043 -0.002597145 -0.01115155
v 0.002081059 -0.001970058 -0.01115155
v 0.003708042 -0.003705509 -0.01115155
v 0.003518219 -0.003502426 -0.01115155
v 0.003899209 -0.00338367 -0.01115155
v 0.002617288 -0.002507428 -0.01115155
v 0.002724119 -0.001902003 -0.01115155
v 0.003326193 -0.003276113 -0.01115155
v 0.003035435 -0.0029484 -0.01115155
v 0.004176916 -0.002966796 -0.01115155
v 0.003769884 -0.00306835 -0.01115155
v 0.004009172 -0.002603459 -0.01115155
v 0.003546055 -0.002779744 -0.01115155
v 0.003197171 -0.002393543 -0.01115155
v 0.003728931 -0.002256626 -0.01115155
v 0.003324586 -0.001815616 -0.01115155
vn 0 0 1
vn 0 0 1
vn 0 0 1
vn 0 -1 0
vn -0.7435857 -0.6686406 0
vn -0.6698074 -0.7425349 0
vn 0.1943384 0.9770017 0.08775161
vn 0.2850741 0.9397642 0.1886159
vn 0.1915894 0.9631808 0.1886164
vn 0.289165 0.9532489 0.08775046
vn 0.1948127 0.979387 -0.05337649
vn 0.3758125 0.9072968 0.1886201
vn 0.2898713 0.955576 -0.05337762
vn 0.19406 0.9756025 -0.1026672
vn 0.3812065 0.9203159 0.08775185
vn 0.4629349 0.8660913 0.1886194
vn 0.288751 0.9518837 -0.1026667
vn 0.1938361 0.974478 -0.113226
vn 0.3821374 0.9225625 -0.0533785
vn 0.4695781 0.8785192 0.08775213
vn 0.5455992 0.8165443 0.1886181
vn 0.2884184 0.9507864 -0.1132255
vn 0.193816 0.9743791 -0.1141084
vn 0.3806605 0.9189978 -0.1026675
vn 0.4707247 0.880664 -0.05337818
vn 0.5534281 0.8282614 0.0877509
vn 0.6230071 0.759135 0.1886162
vn 0.2883887 0.9506899 -0.1141079
vn 0.1938764 0.9746836 -0.1113721
vn 0.3802225 0.9179384 -0.1132259
vn 0.4689055 0.8772612 -0.102667
vn 0.5547785 0.8302841 -0.05337844
vn 0.6319462 0.7700284 0.08775048
vn 0.6944145 0.6944151 0.1886166
vn 0.2884785 0.9509871 -0.1113716
vn 0.1941603 0.976112 -0.09750444
vn 0.380184 0.917845 -0.1141083
vn 0.4683652 0.87625 -0.1132254
vn 0.5526342 0.8270761 -0.1026674
vn 0.6334881 0.7719091 -0.05337818
vn 0.7043787 0.7043794 0.08775161
vn 0.7591363 0.6230067 0.188613
vn 0.2889009 0.9523808 -0.09750411
vn 0.1946992 0.9788215 -0.06325117
vn 0.3803027 0.9181319 -0.1113721
vn 0.4683176 0.876161 -0.1141079
vn 0.5519975 0.8261228 -0.1132258
vn 0.6310405 0.7689261 -0.1026669
vn 0.7060986 0.706099 -0.05337694
vn 0.7700283 0.6319462 0.08775184
vn 0.8165471 0.5455962 0.1886146
vn 0.8282624 0.5534265 0.08775163
vn 0.8660923 0.4629337 0.188617
vn 0.7719083 0.6334891 -0.05337535
vn 0.7033702 0.7033703 -0.1026675
vn 0.6303136 0.7680396 -0.1132254
vn 0.5519413 0.8260388 -0.1141084
vn 0.8785191 0.4695781 0.0877529
vn 0.9072959 0.3758156 0.1886179
vn 0.8302838 0.5547792 -0.05337556
vn 0.7689256 0.631041 -0.1026672
vn 0.7025597 0.7025594 -0.1132259
vn 0.920315 0.381208 0.08775353
vn 0.9397638 0.2850746 0.1886175
vn 0.8806637 0.4707254 -0.05337612
vn 0.8270759 0.5526347 -0.1026672
vn 0.9532486 0.2891649 0.08775346
vn 0.9631805 0.1915881 0.1886193
vn 0.9225623 0.3821384 -0.05337634
vn 0.9770017 0.1943373 0.08775345
vn 0.9773217 0.09625717 0.1886184
vn 0.6302496 0.7679615 -0.1141079
vn 0.7680394 0.6303138 -0.1132254
vn 0.877261 0.4689056 -0.102667
vn 0.9555762 0.2898708 -0.05337673
vn 0.9913455 0.09763864 0.08775456
vn 0.9820505 0 0.1886182
vn 0.7024882 0.7024882 -0.1141083
vn 0.8261226 0.5519976 -0.1132259
vn 0.9189973 0.3806613 -0.102668
vn 0.9793871 0.1948122 -0.05337673
vn 0.9961422 0 0.08775399
vn 0.9773218 -0.09625719 0.1886176
vn 0.7679614 0.6302498 -0.1141079
vn 0.87625 0.468365 -0.1132254
vn 0.9518836 0.2887508 -0.1026678
vn 0.9937662 0.09787728 -0.05337538
vn 0.9913456 -0.09763887 0.08775291
vn 0.9631803 -0.1915887 0.1886201
vn 0.9770017 -0.1943379 0.0877527
vn 0.9985745 -1.784485E-07 -0.05337556
vn 0.9937661 -0.0978775 -0.05337637
vn 0.979387 -0.1948126 -0.05337736
vn 0.9756025 0.1940598 -0.1026677
vn 0.9179385 0.3802223 -0.1132258
vn 0.989926 0.09749891 -0.1026672
vn 0.9947158 -1.769544E-07 -0.1026677
vn 0.989926 -0.09749863 -0.102667
vn 0.9756024 -0.1940601 -0.1026672
vn 0.9507865 0.2884179 -0.1132254
vn 0.974478 0.1938363 -0.1132258
vn 0.988785 0.09738638 -0.1132255
vn 0.9935693 -2.754431E-07 -0.1132259
vn 0.9887851 -0.09738609 -0.1132255
vn 0.9744781 -0.193836 -0.1132259
vn 0.9886846 -0.09737668 -0.114108
vn 0.9743792 -0.1938154 -0.1141084
vn 0.9934683 -7.455611E-07 -0.1141084
vn 0.9886845 0.09737697 -0.1141079
vn 0.974379 0.1938164 -0.1141084
vn 0.95069 0.2883885 -0.1141079
vn 0.9889935 -0.09740739 -0.1113715
vn 0.9746836 -0.1938762 -0.111372
vn 0.9937788 -1.068412E-07 -0.1113721
vn 0.9889935 0.09740771 -0.1113717
vn 0.9746836 0.1938764 -0.1113721
vn 0.9904428 -0.09755043 -0.09750388
vn 0.9761119 -0.1941608 -0.09750449
vn 0.9952351 5.898742E-07 -0.09750414
vn 0.9904428 0.09755003 -0.09750371
vn 0.9931919 -0.09782165 -0.06325268
vn 0.9788213 -0.1946999 -0.06325207
vn 0.9799866 -0.1949263 -0.04037323
vn 0.9979976 2.242839E-07 -0.06325226
vn 0.9943739 -0.09793329 -0.04036665
vn 0.9799877 -0.1949209 -0.04037325
vn 0.9943749 -0.0979283 -0.04035785
vn 0.9991848 -8.904202E-07 -0.04037068
vn 0.9991849 -1.811795E-06 -0.04036685
vn 0.993192 0.09782093 -0.06325179
vn 0.9943734 0.09793736 -0.04037103
vn 0.9943736 0.09793712 -0.04036781
vn 0.9788214 0.1946995 -0.06325223
vn 0.9799866 0.1949269 -0.04037009
vn 0.9799877 0.1949221 -0.04036562
vn 0.976112 0.1941603 -0.09750409
vn 0.9550239 0.2897043 -0.06325142
vn 0.9561632 0.2900384 -0.04036861
vn 0.9561669 0.290027 -0.04036397
vn 0.9523807 0.2889016 -0.09750381
vn 0.9220291 0.3819183 -0.06325145
vn 0.9231311 0.3823607 -0.04036349
vn 0.9231374 0.3823466 -0.0403543
vn 0.9509871 0.2884784 -0.1113716
vn 0.9194773 0.3808602 -0.09750429
vn 0.8801548 0.4704539 -0.06325024
vn 0.8812103 0.4709979 -0.04036697
vn 0.8812191 0.4709818 -0.04036316
vn 0.9181318 0.3803028 -0.1113721
vn 0.8777193 0.4691502 -0.09750389
vn 0.8298045 0.5544581 -0.06325046
vn 0.8308013 0.5551027 -0.04037634
vn 0.8308115 0.555087 -0.04038189
vn 0.9178451 0.3801837 -0.1141083
vn 0.8764349 0.4684637 -0.1113717
vn 0.8761611 0.4683174 -0.114108
vn 0.8275082 0.5529224 -0.09750422
vn 0.7714619 0.6331241 -0.06325006
vn 0.7723899 0.6338634 -0.04038547
vn 0.7724009 0.633849 -0.04040037
vn 0.8262971 0.5521135 -0.1113721
vn 0.8260388 0.5519413 -0.1141084
vn 0.7693269 0.6313708 -0.09750379
vn 0.7682014 0.6304466 -0.1113717
vn 0.7056897 0.7056921 -0.06325112
vn 0.7065373 0.7065226 -0.0403821
vn 0.7065464 0.706513 -0.04039216
vn 0.7027076 0.7027078 -0.1113721
vn 0.7037373 0.7037377 -0.09750425
vn 0.6331226 0.7714629 -0.06325088
vn 0.6338863 0.7723719 -0.04037064
vn 0.6338966 0.7723635 -0.04036944
vn 0.6304464 0.7682015 -0.1113716
vn 0.6313704 0.7693272 -0.09750398
vn 0.5544565 0.8298056 -0.06324981
vn 0.5551349 0.83078 -0.04036936
vn 0.5551544 0.830767 -0.04036927
vn 0.552114 0.8262969 -0.1113721
vn 0.5529228 0.8275078 -0.09750427
vn 0.4704514 0.8801562 -0.06325116
vn 0.4710286 0.8811941 -0.04036228
vn 0.471046 0.8811853 -0.04035134
vn 0.468464 0.8764347 -0.1113717
vn 0.4691508 0.8777189 -0.09750364
vn 0.38086 0.9194773 -0.09750421
vn 0.3819164 0.9220299 -0.06325302
vn 0.3823836 0.9231213 -0.04037296
vn 0.3823972 0.9231157 -0.04037001
vn 0.2897025 0.9550244 -0.06325238
vn 0.2900542 0.9561577 -0.04038587
vn 0.2900606 0.9561552 -0.04039735
vn 0.1949292 0.9799857 -0.04038093
vn 0.1949273 0.9799857 -0.04039
vn 0.9770017 -0.1943379 0.0877527
vn 0.9397637 -0.2850738 0.188619
vn 0.9631803 -0.1915887 0.1886201
vn 0.9532489 -0.2891647 0.08775207
vn 0.979387 -0.1948126 -0.05337736
vn 0.907297 -0.375814 0.1886163
vn 0.955576 -0.2898711 -0.05337824
vn 0.9756024 -0.1940601 -0.1026672
vn 0.9203154 -0.3812077 0.08775041
vn 0.8660915 -0.4629359 0.1886154
vn 0.9518836 -0.2887509 -0.1026672
vn 0.9744781 -0.193836 -0.1132259
vn 0.9225623 -0.3821382 -0.05337816
vn 0.878519 -0.469579 0.08774985
vn 0.816545 -0.5455988 0.1886167
vn 0.9507865 -0.2884182 -0.1132254
vn 0.9743792 -0.1938154 -0.1141084
vn 0.9189976 -0.3806607 -0.1026676
vn 0.8806636 -0.4707254 -0.05337851
vn 0.828262 -0.5534276 0.08774958
vn 0.7591343 -0.6230075 0.1886179
vn 0.9506899 -0.2883888 -0.1141079
vn 0.9746836 -0.1938762 -0.111372
vn 0.9179385 -0.3802223 -0.1132259
vn 0.877261 -0.4689059 -0.1026671
vn 0.8302841 -0.5547785 -0.05337895
vn 0.7700284 -0.6319463 0.08775097
vn 0.6944151 -0.6944137 0.1886195
vn 0.950987 -0.2884787 -0.1113716
vn 0.9761119 -0.1941608 -0.09750449
vn 0.917845 -0.380184 -0.1141083
vn 0.87625 -0.4683652 -0.1132254
vn 0.8270759 -0.5526345 -0.1026673
vn 0.7719089 -0.6334882 -0.05337861
vn 0.7043795 -0.7043786 0.08775181
vn 0.6230072 -0.7591351 0.1886158
vn 0.9523808 -0.2889012 -0.09750416
vn 0.9788213 -0.1946999 -0.06325207
vn 0.9181318 -0.3803027 -0.111372
vn 0.8761611 -0.4683173 -0.1141079
vn 0.8261228 -0.5519974 -0.1132258
vn 0.7689259 -0.6310406 -0.102667
vn 0.7060985 -0.706099 -0.05337818
vn 0.6319464 -0.7700281 0.08775259
vn 0.545596 -0.8165472 0.1886151
vn 0.5534261 -0.8282627 0.0877521
vn 0.4629343 -0.8660924 0.1886154
vn 0.6334885 -0.7719088 -0.05337579
vn 0.7033701 -0.7033703 -0.1026674
vn 0.7680396 -0.6303136 -0.1132254
vn 0.8260388 -0.5519412 -0.1141083
vn 0.4695777 -0.8785195 0.08775181
vn 0.3758148 -0.9072962 0.1886184
vn 0.5547783 -0.8302845 -0.05337527
vn 0.6310409 -0.7689258 -0.1026671
vn 0.7025595 -0.7025596 -0.1132258
vn 0.3812078 -0.920315 0.08775403
vn 0.2850741 -0.9397652 0.1886113
vn 0.4707244 -0.8806642 -0.05337614
vn 0.5526343 -0.827076 -0.1026672
vn 0.2891647 -0.9532489 0.0877528
vn 0.1915894 -0.9631824 0.1886085
vn 0.3821384 -0.9225623 -0.05337587
vn 0.1943379 -0.977002 0.08774967
vn 0.09625842 -0.9773227 0.1886127
vn 0.7679614 -0.6302497 -0.1141079
vn 0.6303137 -0.7680395 -0.1132255
vn 0.4689053 -0.8772613 -0.1026668
vn 0.2898707 -0.9555763 -0.05337448
vn 0.09763952 -0.9913458 0.08775107
vn -2.384058E-07 -0.9820504 0.1886186
vn 0.7024882 -0.7024882 -0.1141084
vn 0.5519978 -0.8261225 -0.113226
vn 0.380661 -0.9189976 -0.1026678
vn 0.1948119 -0.9793873 -0.05337498
vn 0 -0.9961422 0.08775389
vn -0.09625784 -0.9773211 0.1886213
vn 0.6302495 -0.7679616 -0.1141079
vn 0.4683652 -0.87625 -0.1132255
vn 0.2887506 -0.9518837 -0.102668
vn 0.09787774 -0.9937661 -0.05337581
vn -0.09763919 -0.9913454 0.08775483
vn -0.1915881 -0.9631799 0.1886226
vn -0.1943378 -0.9770016 0.08775333
vn 1.487071E-07 -0.9985745 -0.05337621
vn 0.1940597 -0.9756025 -0.1026676
vn 0.3802223 -0.9179385 -0.1132258
vn -0.09787742 -0.9937661 -0.05337683
vn 0.09749927 -0.989926 -0.1026671
vn 0.2884179 -0.9507865 -0.1132254
vn -0.1948126 -0.979387 -0.05337773
vn -0.2891648 -0.9532489 0.08775165
vn -0.289871 -0.955576 -0.05337834
vn -1.591402E-07 -0.9947156 -0.1026681
vn 0.1938363 -0.974478 -0.1132258
vn -0.1940599 -0.9756025 -0.102667
vn -0.288751 -0.9518837 -0.1026666
vn -0.09749883 -0.9899259 -0.1026675
vn 0.09738678 -0.988785 -0.1132255
vn -0.193836 -0.974478 -0.1132259
vn -0.2884183 -0.9507864 -0.1132255
vn -3.716109E-07 -0.9935693 -0.1132259
vn -0.09738648 -0.988785 -0.1132255
vn -0.1938159 -0.9743791 -0.1141084
vn -0.2883887 -0.9506899 -0.1141079
vn -0.09737672 -0.9886846 -0.114108
vn -4.155198E-07 -0.9934683 -0.1141083
vn 0.09737691 -0.9886846 -0.1141079
vn 0.1938165 -0.974379 -0.1141084
vn -0.1938764 -0.9746836 -0.111372
vn -0.2884787 -0.9509871 -0.1113716
vn -0.09740718 -0.9889935 -0.1113715
vn -1.578875E-07 -0.9937788 -0.1113721
vn 0.09740736 -0.9889935 -0.1113717
vn -0.1941608 -0.9761119 -0.09750448
vn -0.2889014 -0.9523807 -0.09750427
vn -0.09755003 -0.9904428 -0.0975036
vn 4.842427E-07 -0.9952351 -0.09750389
vn -0.1946996 -0.9788214 -0.06325148
vn -0.2897028 -0.9550244 -0.06325066
vn -0.2900543 -0.9561577 -0.04038394
vn -0.09782077 -0.9931919 -0.06325321
vn -0.1949333 -0.9799854 -0.04037121
vn -0.2900607 -0.9561552 -0.04039736
vn -0.1949359 -0.9799848 -0.04037043
vn -0.0979403 -0.994373 -0.04037364
vn -0.09794363 -0.9943728 -0.04037028
vn 5.019688E-07 -0.9979975 -0.06325333
vn 6.565366E-07 -0.9991843 -0.04038288
vn 1.126444E-06 -0.9991841 -0.04038861
vn 0.09782037 -0.993192 -0.06325308
vn 0.09793841 -0.9943732 -0.04037365
vn 0.09794024 -0.9943731 -0.04037029
vn 0.09754993 -0.9904428 -0.09750366
vn 0.1946988 -0.9788215 -0.06325233
vn 0.1949311 -0.9799861 -0.04036346
vn 0.1949314 -0.9799864 -0.04035232
vn 0.1941603 -0.976112 -0.09750419
vn 0.2897035 -0.9550242 -0.06325021
vn 0.2900551 -0.9561588 -0.0403522
vn 0.2900616 -0.9561576 -0.04033384
vn 0.1938767 -0.9746835 -0.1113721
vn 0.2889015 -0.9523807 -0.09750388
vn 0.3819171 -0.9220296 -0.06325099
vn 0.3823847 -0.9231215 -0.0403574
vn 0.3823966 -0.9231171 -0.04034278
vn 0.2884786 -0.9509871 -0.1113715
vn 0.3808601 -0.9194773 -0.09750415
vn 0.4704504 -0.8801568 -0.06324986
vn 0.4710267 -0.8811944 -0.0403746
vn 0.471047 -0.8811835 -0.04037857
vn 0.2883883 -0.95069 -0.1141079
vn 0.3803025 -0.9181319 -0.1113721
vn 0.3801835 -0.9178452 -0.1141084
vn 0.4691506 -0.8777191 -0.09750358
vn 0.5544557 -0.8298062 -0.06325041
vn 0.5551337 -0.8307804 -0.04037911
vn 0.5551546 -0.8307661 -0.04038743
vn 0.4683178 -0.8761609 -0.114108
vn 0.468464 -0.8764347 -0.1113717
vn 0.5529228 -0.8275079 -0.09750413
vn 0.6331227 -0.7714629 -0.06325018
vn 0.6338857 -0.7723717 -0.04038358
vn 0.6338959 -0.7723626 -0.04039664
vn 0.5519416 -0.8260386 -0.1141084
vn 0.5521138 -0.8262969 -0.1113721
vn 0.6313704 -0.7693272 -0.09750386
vn 0.6304466 -0.7682015 -0.1113716
vn 0.7056897 -0.7056921 -0.06325079
vn 0.7065417 -0.7065184 -0.04038152
vn 0.7065551 -0.7065043 -0.04039164
vn 0.7027077 -0.7027077 -0.1113721
vn 0.7037374 -0.7037376 -0.09750421
vn 0.7714614 -0.6331244 -0.06325074
vn 0.7723935 -0.6338597 -0.04037455
vn 0.7724095 -0.6338401 -0.04037713
vn 0.7682014 -0.6304466 -0.1113717
vn 0.7693272 -0.6313705 -0.09750377
vn 0.8298044 -0.5544584 -0.06325034
vn 0.8308011 -0.5551031 -0.04037181
vn 0.8308118 -0.555087 -0.0403728
vn 0.826297 -0.5521137 -0.1113722
vn 0.827508 -0.5529226 -0.09750415
vn 0.8801548 -0.4704537 -0.06325177
vn 0.8812101 -0.4709982 -0.04036417
vn 0.8812202 -0.4709805 -0.0403541
vn 0.8764349 -0.4684636 -0.1113717
vn 0.8777192 -0.4691504 -0.09750373
vn 0.9194773 -0.3808601 -0.09750421
vn 0.922029 -0.3819181 -0.06325356
vn 0.9231301 -0.3823627 -0.04036709
vn 0.9231348 -0.3823526 -0.04035726
vn 0.9550242 -0.2897033 -0.06325188
vn 0.9561609 -0.290045 -0.0403776
vn 0.9561618 -0.2900414 -0.04038195
vn 0.9799866 -0.1949263 -0.04037323
vn 0.9799877 -0.1949209 -0.04037325
vn -0.1943378 -0.9770016 0.08775333
vn -0.2850736 -0.9397636 0.1886199
vn -0.1915881 -0.9631799 0.1886226
vn -0.2891648 -0.9532489 0.08775165
vn -0.3758145 -0.9072968 0.1886161
vn -0.3812074 -0.9203156 0.08775111
vn -0.289871 -0.955576 -0.05337834
vn -0.4629356 -0.866092 0.1886141
vn -0.3821375 -0.9225626 -0.05337704
vn -0.288751 -0.9518837 -0.1026666
vn -0.4695787 -0.878519 0.08775155
vn -0.5455976 -0.8165461 0.1886158
vn -0.3806607 -0.9189978 -0.1026674
vn -0.2884183 -0.9507864 -0.1132255
vn -0.470725 -0.8806639 -0.05337588
vn -0.5534269 -0.8282623 0.08775068
vn -0.6230062 -0.7591358 0.1886165
vn -0.3802225 -0.9179384 -0.1132259
vn -0.2883887 -0.9506899 -0.1141079
vn -0.4689056 -0.877261 -0.1026669
vn -0.554778 -0.8302845 -0.05337749
vn -0.6319453 -0.7700292 0.08775057
vn -0.6944145 -0.6944151 0.1886166
vn -0.380184 -0.917845 -0.1141083
vn -0.2884787 -0.9509871 -0.1113716
vn -0.4683653 -0.87625 -0.1132255
vn -0.5526342 -0.827076 -0.1026674
vn -0.6334878 -0.7719093 -0.05337817
vn -0.7043787 -0.7043794 0.08775161
vn -0.7591363 -0.6230067 0.188613
vn -0.3803026 -0.9181318 -0.111372
vn -0.2889014 -0.9523807 -0.09750427
vn -0.4683177 -0.8761609 -0.1141079
vn -0.5519975 -0.8261226 -0.1132258
vn -0.6310406 -0.768926 -0.1026669
vn -0.7060986 -0.706099 -0.05337694
vn -0.7700283 -0.6319462 0.08775184
vn -0.8165471 -0.5455962 0.1886146
vn -0.38086 -0.9194773 -0.09750414
vn -0.2897028 -0.9550244 -0.06325066
vn -0.468464 -0.8764348 -0.1113716
vn -0.5519413 -0.8260388 -0.1141084
vn -0.6303136 -0.7680396 -0.1132254
vn -0.7033702 -0.7033703 -0.1026675
vn -0.7719083 -0.6334891 -0.05337535
vn -0.8282624 -0.5534265 0.08775163
vn -0.8660923 -0.4629337 0.188617
vn -0.8785191 -0.4695781 0.0877529
vn -0.9072959 -0.3758156 0.1886179
vn -0.8302838 -0.5547792 -0.05337556
vn -0.7689256 -0.631041 -0.1026672
vn -0.7025597 -0.7025594 -0.1132259
vn -0.6302495 -0.7679616 -0.1141079
vn -0.920315 -0.381208 0.08775353
vn -0.9397638 -0.2850746 0.1886175
vn -0.8806637 -0.4707254 -0.05337612
vn -0.8270759 -0.5526347 -0.1026672
vn -0.7680394 -0.6303138 -0.1132254
vn -0.9532486 -0.2891649 0.08775346
vn -0.9631805 -0.1915881 0.1886193
vn -0.9225623 -0.3821384 -0.05337634
vn -0.877261 -0.4689056 -0.102667
vn -0.9770017 -0.1943373 0.08775345
vn -0.9773217 -0.09625717 0.1886184
vn -0.9555762 -0.2898708 -0.05337673
vn -0.9913455 -0.09763864 0.08775456
vn -0.9820505 0 0.1886182
vn -0.7024882 -0.7024882 -0.1141083
vn -0.8261226 -0.5519976 -0.1132259
vn -0.9189973 -0.3806613 -0.102668
vn -0.9793871 -0.1948122 -0.05337673
vn -0.9961422 0 0.08775399
vn -0.9773218 0.09625719 0.1886176
vn -0.7679614 -0.6302498 -0.1141079
vn -0.87625 -0.468365 -0.1132254
vn -0.9518836 -0.2887508 -0.1026678
vn -0.9937662 -0.09787728 -0.05337538
vn -0.9913456 0.09763887 0.08775291
vn -0.9631808 0.1915881 0.1886186
vn -0.8260388 -0.5519413 -0.1141084
vn -0.9179385 -0.3802223 -0.1132258
vn -0.9756025 -0.1940598 -0.1026677
vn -0.9985745 1.784485E-07 -0.05337556
vn -0.9770018 0.1943377 0.08775195
vn -0.9397644 0.2850735 0.1886157
vn -0.953249 0.2891648 0.08775079
vn -0.9937661 0.0978775 -0.05337637
vn -0.979387 0.1948126 -0.05337737
vn -0.989926 -0.09749891 -0.1026672
vn -0.9507865 -0.2884179 -0.1132254
vn -0.9947158 1.769544E-07 -0.1026677
vn -0.989926 0.09749863 -0.102667
vn -0.9756024 0.1940601 -0.1026672
vn -0.974478 -0.1938363 -0.1132258
vn -0.988785 -0.09738638 -0.1132255
vn -0.9935693 2.742559E-07 -0.1132259
vn -0.9887851 0.0973861 -0.1132255
vn -0.9744781 0.193836 -0.1132259
vn -0.9886846 0.09737668 -0.1141079
vn -0.9743792 0.1938154 -0.1141084
vn -0.9934683 7.431867E-07 -0.1141084
vn -0.9886845 -0.09737697 -0.1141079
vn -0.974379 -0.1938164 -0.1141084
vn -0.95069 -0.2883885 -0.1141079
vn -0.9889935 0.09740739 -0.1113715
vn -0.9746836 0.1938762 -0.111372
vn -0.9937788 1.092154E-07 -0.1113721
vn -0.9889935 -0.09740771 -0.1113717
vn -0.9746836 -0.1938764 -0.1113721
vn -0.9904428 0.09755042 -0.09750386
vn -0.9761119 0.1941608 -0.09750449
vn -0.9952351 -6.029296E-07 -0.09750413
vn -0.9904428 -0.09755003 -0.09750372
vn -0.9931919 0.09782162 -0.06325265
vn -0.9788213 0.1946999 -0.06325207
vn -0.9799861 0.1949289 -0.04037395
vn -0.9979976 -1.13922E-07 -0.06325216
vn -0.9943738 0.0979351 -0.04036667
vn -0.9799866 0.1949261 -0.04037469
vn -0.9943745 0.09793174 -0.04035792
vn -0.9991848 -7.491403E-07 -0.04037058
vn -0.9991849 -1.773852E-06 -0.04036685
vn -0.993192 -0.0978208 -0.0632517
vn -0.9943733 -0.09793812 -0.04037163
vn -0.9943733 -0.09793889 -0.0403692
vn -0.9788214 -0.1946996 -0.06325223
vn -0.9799866 -0.1949269 -0.04037009
vn -0.9799877 -0.1949221 -0.04036562
vn -0.976112 -0.1941603 -0.09750409
vn -0.9550239 -0.2897043 -0.06325142
vn -0.9561632 -0.2900384 -0.04036861
vn -0.9561669 -0.290027 -0.04036397
vn -0.9523807 -0.2889016 -0.09750381
vn -0.9220291 -0.3819183 -0.06325145
vn -0.9231311 -0.3823607 -0.04036349
vn -0.9231374 -0.3823466 -0.0403543
vn -0.9509871 -0.2884784 -0.1113716
vn -0.9194773 -0.3808602 -0.09750429
vn -0.8801548 -0.4704539 -0.06325024
vn -0.8812103 -0.4709979 -0.04036697
vn -0.8812191 -0.4709818 -0.04036316
vn -0.9181318 -0.3803028 -0.1113721
vn -0.8777193 -0.4691502 -0.09750389
vn -0.8298045 -0.5544581 -0.06325046
vn -0.8308013 -0.5551027 -0.04037634
vn -0.8308115 -0.555087 -0.04038189
vn -0.9178451 -0.3801837 -0.1141083
vn -0.8764349 -0.4684637 -0.1113717
vn -0.8761611 -0.4683174 -0.114108
vn -0.8275082 -0.5529224 -0.09750422
vn -0.8262971 -0.5521135 -0.1113721
vn -0.7714619 -0.6331241 -0.06325006
vn -0.7682014 -0.6304466 -0.1113717
vn -0.7693269 -0.6313708 -0.09750379
vn -0.7723899 -0.6338634 -0.04038547
vn -0.7724009 -0.633849 -0.04040037
vn -0.7027076 -0.7027078 -0.1113721
vn -0.7056897 -0.7056921 -0.06325112
vn -0.7065373 -0.7065226 -0.0403821
vn -0.7065464 -0.706513 -0.04039216
vn -0.7037373 -0.7037377 -0.09750425
vn -0.6304464 -0.7682015 -0.1113716
vn -0.6331226 -0.7714629 -0.06325088
vn -0.6338862 -0.772372 -0.04037063
vn -0.6338965 -0.7723635 -0.04036943
vn -0.6313704 -0.7693272 -0.09750398
vn -0.5521138 -0.8262969 -0.1113721
vn -0.5544566 -0.8298056 -0.06324917
vn -0.5551347 -0.8307802 -0.04036871
vn -0.5551547 -0.8307669 -0.04036926
vn -0.5529228 -0.8275078 -0.09750427
vn -0.4691506 -0.877719 -0.09750365
vn -0.4704511 -0.8801562 -0.0632512
vn -0.4710287 -0.8811939 -0.04036226
vn -0.4710456 -0.8811855 -0.04035133
vn -0.3819164 -0.9220299 -0.06325296
vn -0.3823837 -0.9231212 -0.04037296
vn -0.3823969 -0.9231158 -0.04037001
vn -0.2900543 -0.9561577 -0.04038394
vn -0.2900607 -0.9561552 -0.04039736
vn -0.979387 0.1948126 -0.05337737
vn -0.953249 0.2891648 0.08775079
vn -0.9770018 0.1943377 0.08775195
vn -0.9555759 0.2898713 -0.05337784
vn -0.9756024 0.1940601 -0.1026672
vn -0.9518836 0.2887509 -0.1026672
vn -0.9744781 0.193836 -0.1132259
vn -0.9507865 0.2884182 -0.1132254
vn -0.9743792 0.1938154 -0.1141084
vn -0.9506899 0.2883888 -0.1141079
vn -0.9746836 0.1938762 -0.111372
vn -0.950987 0.2884787 -0.1113716
vn -0.9761119 0.1941608 -0.09750449
vn -0.9523808 0.2889012 -0.09750416
vn -0.9788213 0.1946999 -0.06325207
vn -0.9203156 0.3812076 0.08774953
vn -0.9225623 0.3821383 -0.05337732
vn -0.9189976 0.3806608 -0.1026675
vn -0.9179385 0.3802223 -0.1132259
vn -0.917845 0.380184 -0.1141083
vn -0.9072977 0.3758138 0.188613
vn -0.9397644 0.2850735 0.1886157
vn -0.8660931 0.462934 0.188613
vn -0.8785195 0.4695781 0.08774953
vn -0.8165463 0.5455977 0.1886142
vn -0.8806635 0.4707256 -0.05337749
vn -0.8282619 0.5534277 0.08774948
vn -0.7591345 0.6230078 0.1886165
vn -0.8772609 0.468906 -0.102667
vn -0.8302835 0.5547793 -0.05337785
vn -0.7700279 0.6319468 0.08775084
vn -0.6944151 0.6944137 0.1886195
vn -0.87625 0.4683652 -0.1132254
vn -0.8270759 0.5526346 -0.1026674
vn -0.7719085 0.6334888 -0.0533781
vn -0.7043795 0.7043786 0.08775181
vn -0.6230072 0.7591351 0.1886158
vn -0.6319464 0.7700281 0.08775259
vn -0.545596 0.8165472 0.1886151
vn -0.7060985 0.706099 -0.05337818
vn -0.768926 0.6310407 -0.1026671
vn -0.8261228 0.5519974 -0.1132258
vn -0.8761611 0.4683173 -0.1141079
vn -0.5534261 0.8282627 0.0877521
vn -0.4629343 0.8660924 0.1886154
vn -0.6334885 0.7719088 -0.05337579
vn -0.7033701 0.7033703 -0.1026674
vn -0.7680396 0.6303136 -0.1132254
vn -0.4695777 0.8785195 0.08775181
vn -0.3758148 0.9072962 0.1886184
vn -0.5547782 0.8302844 -0.05337543
vn -0.6310409 0.7689258 -0.1026671
vn -0.3812078 0.920315 0.08775403
vn -0.2850741 0.9397652 0.1886113
vn -0.4707245 0.8806642 -0.05337631
vn -0.2891647 0.9532489 0.0877528
vn -0.1915888 0.9631826 0.1886081
vn -0.8260388 0.5519412 -0.1141083
vn -0.7025595 0.7025596 -0.1132258
vn -0.5526343 0.827076 -0.1026673
vn -0.3821384 0.9225623 -0.05337587
vn -0.1943376 0.977002 0.08775106
vn -0.09625831 0.9773221 0.1886154
vn -0.7679614 0.6302497 -0.1141079
vn -0.6303137 0.7680395 -0.1132255
vn -0.4689052 0.8772612 -0.1026669
vn -0.2898709 0.9555762 -0.0533745
vn -0.09763936 0.9913455 0.0877539
vn -4.532072E-07 0.9820502 0.1886198
vn -0.7024882 0.7024882 -0.1141084
vn -0.5519978 0.8261225 -0.113226
vn -0.380661 0.9189976 -0.1026678
vn -0.1948121 0.9793873 -0.05337379
vn -4.32166E-07 0.9961422 0.08775418
vn 0.09625786 0.9773216 0.1886184
vn -0.6302495 0.7679615 -0.1141079
vn -0.4683652 0.87625 -0.1132254
vn -0.2887509 0.9518836 -0.102668
vn -0.09787768 0.9937662 -0.05337435
vn 0.09763897 0.9913455 0.0877536
vn 0.1915894 0.9631808 0.1886164
vn 0.1943384 0.9770017 0.08775161
vn -2.165175E-07 0.9985745 -0.05337595
vn 0.09787738 0.9937661 -0.05337631
vn 0.1948127 0.979387 -0.05337649
vn -0.1940596 0.9756025 -0.102668
vn -0.3802223 0.9179385 -0.1132258
vn -0.09749958 0.9899259 -0.1026671
vn 0 0.9947158 -0.1026674
vn 0.09749932 0.9899259 -0.1026672
vn 0.19406 0.9756025 -0.1026672
vn -0.288418 0.9507865 -0.1132253
vn -0.193836 0.974478 -0.1132258
vn -0.09738716 0.988785 -0.1132255
vn 0 0.9935693 -0.1132259
vn 0.09738704 0.988785 -0.1132255
vn 0.1938361 0.974478 -0.113226
vn 0.09737718 0.9886845 -0.1141079
vn 0.193816 0.9743791 -0.1141084
vn 1.923263E-07 0.9934683 -0.1141084
vn -0.09737718 0.9886845 -0.1141079
vn -0.1938164 0.974379 -0.1141083
vn -0.2883885 0.95069 -0.1141079
vn 0.09740768 0.9889935 -0.1113717
vn 0.1938764 0.9746836 -0.1113721
vn 4.190549E-07 0.9937788 -0.1113722
vn -0.09740745 0.9889935 -0.1113717
vn -0.193877 0.9746835 -0.111372
vn 0.0975501 0.9904428 -0.09750418
vn 0.1941603 0.976112 -0.09750444
vn 5.412124E-07 0.995235 -0.09750479
vn -0.09754968 0.9904428 -0.09750421
vn 0.09782085 0.9931921 -0.06324963
vn 0.1946992 0.9788215 -0.06325117
vn 0.1949292 0.9799857 -0.04038093
vn 4.865418E-07 0.9979977 -0.06324881
vn 0.09793668 0.9943734 -0.04037068
vn 0.1949273 0.9799857 -0.04039
vn 0.09793574 0.9943734 -0.04037236
vn 2.730621E-07 0.9991848 -0.0403692
vn 0 0.9991847 -0.04037183
vn -0.09782043 0.9931921 -0.06324966
vn -0.09793866 0.9943733 -0.04037068
vn -0.2023622 0.9330017 -0.2975859
vn -0.1946996 0.9788214 -0.0632524
vn -0.1949317 0.979986 -0.04036409
vn -0.1941609 0.9761119 -0.09750424
vn -0.2897037 0.9550241 -0.06325217
vn -0.2638449 0.922514 -0.2816981
vn -0.3454792 0.6349964 -0.6909585
vn -0.3454792 0.6349964 -0.6909585
vn -0.2900551 0.9561587 -0.04035415
vn -0.2900617 0.9561576 -0.04033385
vn -0.2889015 0.9523807 -0.09750389
vn -0.3819171 0.9220296 -0.06325169
vn -0.3823847 0.9231216 -0.04035353
vn -0.3823971 0.9231173 -0.04033372
vn -0.2884787 0.950987 -0.1113715
vn -0.3808601 0.9194773 -0.09750425
vn -0.4704503 0.8801568 -0.06324984
vn -0.4710267 0.8811947 -0.04037007
vn -0.4710469 0.8811839 -0.04036948
vn -0.3803026 0.9181319 -0.1113721
vn -0.4691505 0.8777192 -0.09750357
vn -0.5544556 0.8298062 -0.06325041
vn -0.5551336 0.8307804 -0.04037911
vn -0.5551544 0.8307661 -0.04038741
vn -0.3801835 0.9178451 -0.1141084
vn -0.468464 0.8764347 -0.1113717
vn -0.4683178 0.8761609 -0.1141079
vn -0.5529227 0.8275079 -0.0975041
vn -0.6331227 0.7714629 -0.06325018
vn -0.6338857 0.7723717 -0.04038358
vn -0.6338959 0.7723626 -0.04039664
vn -0.5521137 0.8262969 -0.1113721
vn -0.5519415 0.8260387 -0.1141084
vn -0.6313704 0.7693272 -0.09750386
vn -0.6304466 0.7682015 -0.1113716
vn -0.7056897 0.7056921 -0.06325079
vn -0.7065417 0.7065184 -0.04038152
vn -0.7065551 0.7065043 -0.04039164
vn -0.7027077 0.7027077 -0.1113721
vn -0.7037374 0.7037376 -0.09750421
vn -0.7714614 0.6331244 -0.06325074
vn -0.7723935 0.6338597 -0.04037455
vn -0.7724095 0.6338401 -0.04037713
vn -0.7682014 0.6304466 -0.1113717
vn -0.7693272 0.6313705 -0.09750377
vn -0.8298044 0.5544584 -0.06325034
vn -0.8308011 0.5551031 -0.0403718
vn -0.8308118 0.555087 -0.0403728
vn -0.826297 0.5521137 -0.1113722
vn -0.827508 0.5529226 -0.09750415
vn -0.8801548 0.4704537 -0.06325177
vn -0.8812101 0.4709982 -0.04036417
vn -0.8812202 0.4709805 -0.0403541
vn -0.8764349 0.4684636 -0.1113717
vn -0.8777192 0.4691504 -0.09750373
vn -0.922029 0.3819181 -0.06325356
vn -0.9231301 0.3823627 -0.04036709
vn -0.9231348 0.3823526 -0.04035726
vn -0.9181318 0.3803027 -0.111372
vn -0.9194773 0.3808601 -0.09750421
vn -0.9550242 0.2897033 -0.06325188
vn -0.9561609 0.290045 -0.0403776
vn -0.9561618 0.2900414 -0.04038195
vn -0.9799861 0.1949289 -0.04037395
vn -0.9799866 0.1949261 -0.04037469
vn 0 0 1
vn 0 0 1
vn 0 2.09579E-06 1
vn 0 1.721127E-06 1
vn 0 1.721127E-06 1
vn 0 2.09579E-06 1
vn 0 1.742415E-06 1
vn 0 2.070196E-06 1
vn 0 0 1
vn 0 0 1
vn 0 -2.09579E-06 -1
vn 0 -1.721127E-06 -1
vn 0 -2.070196E-06 -1
vn 0 -1.742415E-06 -1
vn 0 0 -1
vn 0 0 -1
vn 0 0 -1
vn 0 0 -1
vn 0 -1.721127E-06 -1
vn 0 -2.09579E-06 -1
vn 0.6826829 2.534606E-06 -0.7307147
vn 0.5695567 3.040256E-06 -0.8219521
vn 0.9769 0 -0.2136969
vn 0.9769 0 -0.2136969
vn -0.9999981 0 0.001953121
vn -0.9999981 0 0.001953121
vn -0.9999981 -0.0001225413 0.001953121
vn 0.9999981 -0.000123495 -0.001953121
vn 0.7216328 -6.882026E-07 0.6922761
vn 0.6936815 -6.615462E-07 0.720282
vn 0 0 1
vn 0 0 1
vn 0.9999981 0 -0.001953121
vn 0.9999981 0 -0.001953121
vn -0.9999981 0.000123495 0.001953121
vn 0.9999981 0.0001225413 -0.001953121
vn -0.692329 6.602564E-07 0.721582
vn -0.7202259 6.86861E-07 0.6937397
vn 0 0 1
vn 0 0 1
vn -0.5695567 -3.040256E-06 0.8219521
vn -0.6826829 -2.534606E-06 0.7307147
vn -0.9769 0 0.2136969
vn -0.9769 0 0.2136969
vn 0 5.086264E-06 -1
vn 0 5.086264E-06 -1
vn 0.3416486 3.259711E-06 -0.9398277
vn 0.4852374 2.2878E-06 -0.8743825
vn 0.4442394 -2.211211E-06 -0.8959082
vn 0.3817777 -2.573062E-06 -0.9242541
vn 0 -5.086264E-06 1
vn 0 -5.086264E-06 1
vn -0.4852374 -2.2878E-06 0.8743825
vn -0.3416486 -3.259711E-06 0.9398277
vn -0.3817777 2.573062E-06 0.9242541
vn -0.4442394 2.211211E-06 0.8959082
vn 0.3817777 -2.573062E-06 -0.9242541
vn 0.4442394 -2.211211E-06 -0.8959082
vn -0.5695567 -3.040256E-06 -0.8219521
vn -0.6826829 -2.534606E-06 -0.7307147
vn -0.4442394 2.211211E-06 0.8959082
vn -0.3817777 2.573062E-06 0.9242541
vn 0.6826829 2.534606E-06 0.7307147
vn 0.5695567 3.040256E-06 0.8219521
vn 0.9769 0 0.2136969
vn 0.9769 0 0.2136969
vn 0.9701425 -9.252E-07 0.2425356
vn 0.9701425 -9.252E-07 0.2425356
vn 0.9701425 -9.252E-07 0.2425356
vn 0.9701425 -9.252E-07 0.2425356
vn 0 1 0
vn 0 1 0
vn 0 1 0
vn 0 1 0
vn 0 -1 0
vn 0 -1 0
vn 0 -1 0
vn 0 -1 0
vn -0.9701425 9.252E-07 -0.2425356
vn -0.9701425 9.252E-07 -0.2425356
vn -0.9701425 9.252E-07 -0.2425356
vn -0.9701425 9.252E-07 -0.2425356
vn -0.6826829 -2.534606E-06 -0.7307147
vn -0.5695567 -3.040256E-06 -0.8219521
vn -0.9769 0 -0.2136969
vn -0.9769 0 -0.2136969
vn 0 0 1
vn 0 0 1
vn 0 0.7098423 0.7043607
vn 0 0.7043607 0.7098423
vn -0.7071068 0.7071068 0
vn -0.7071068 0.7071068 0
vn -0.7071068 0.7071068 0
vn -1 0 0
vn -1 0 0
vn 0 0 1
vn 0 0 1
vn 0 -0.7043607 0.7098423
vn 0 -0.7098423 0.7043607
vn 0 0 -1
vn 0 0 -1
vn 0 0 -1
vn 0 0 -1
vn 0 -1 0
vn 0 -1 0
vn 0 -0.6769695 0.7360111
vn 0 -0.7354384 0.6775917
vn -0.673543 0 0.739148
vn -0.5529683 0 0.8332023
vn -0.5522016 0 0.8337107
vn -0.6732336 0 0.7394298
vn 0 1 0
vn 0 1 0
vn 0 0.7354384 0.6775917
vn 0 0.6769695 0.7360111
vn 0.7047133 0 0.7094922
vn 0.858475 0 0.5128555
vn 0.6732336 0 -0.7394298
vn 0.5522016 0 -0.8337107
vn 0 0 1
vn 0 0 1
vn 0 0 1
vn 0 0 1
vn 0.7071068 -0.7071068 0
vn 0.7071068 -0.7071068 0
vn 1 0 0
vn 1 0 0
vn 0 -0.7098423 0.7043607
vn 0 -0.7043607 0.7098423
vn 0.7071068 -0.7071068 0
vn 0.7071068 -0.7071068 0
vn -0.9701425 9.252E-07 0.2425356
vn -0.9701425 9.252E-07 0.2425356
vn -0.9701425 9.252E-07 0.2425356
vn -0.9701425 9.252E-07 0.2425356
vn 0 -1 0
vn 0 -1 0
vn 0 -1 0
vn 0 -1 0
vn 0 1 0
vn 0 1 0
vn 0 1 0
vn 0 1 0
vn 0.9701425 -9.252E-07 -0.2425356
vn 0.9701425 -9.252E-07 -0.2425356
vn 0.9701425 -9.252E-07 -0.2425356
vn 0.9701425 -9.252E-07 -0.2425356
vn -0.6732336 0 0.7394298
vn -0.5522016 0 0.8337107
vn 0 1.047895E-06 1
vn 0 8.605636E-07 1
vn 0 8.605636E-07 1
vn 0 1.047895E-06 1
vn 0 8.712075E-07 1
vn 0 1.035098E-06 1
vn 0 -1.047895E-06 -1
vn 0 -8.605636E-07 -1
vn 0 -1.035098E-06 -1
vn 0 -8.712075E-07 -1
vn 0.5522016 0 -0.8337107
vn 0.6732336 0 -0.7394298
vn 0 -8.605636E-07 -1
vn 0 -1.047895E-06 -1
vn 0 0 -1
vn 0 0 -1
vn 0 0 -1
vn 0 0 -1
vn 0 1 0
vn 0 1 0
vn 0 0.6769695 0.7360111
vn 0 0.7354384 0.6775917
vn 0.673543 0 0.739148
vn 0.5529683 0 0.8332023
vn 0.5522016 0 0.8337107
vn 0.6732336 0 0.7394298
vn 0 -1 0
vn 0 -1 0
vn 0 -0.7354384 0.6775917
vn 0 -0.6769695 0.7360111
vn -0.7047133 0 0.7094922
vn -0.858475 0 0.5128555
vn 0 0 1
vn 0 0 1
vn 0 0 1
vn 0 0 1
vn 0 1.035098E-06 1
vn 0 8.712075E-07 1
vn 0 0 1
vn 0 0 1
vn 0 0 -1
vn 0 0 -1
vn 0 1.234211E-07 -1
vn 0 1.95965E-07 -1
vn 0 0 1
vn 0 0 1
vn 0 -1.95965E-07 1
vn 0 -1.234211E-07 1
vn 0 -8.712075E-07 -1
vn 0 -1.035098E-06 -1
vn 0 0 -1
vn 0 0 -1
vn 0.0007203717 -0.9999998 0
vn -0.1335016 -0.9910486 0
vn -0.1335016 -0.9910486 0
vn -0.0007005428 -0.9999998 0
vn 0.1335016 -0.9910486 0
vn 0.1335016 -0.9910486 0
vn 0 0 1
vn 0 0 1
vn 0 0 1
vn 0 0 1
vn 0.0007005382 0.9999998 0
vn 0.1335015 0.9910486 0
vn 0.1335015 0.9910486 0
vn -0.0007203766 0.9999998 0
vn -0.1335016 0.9910486 0
vn -0.1335016 0.9910486 0
vn -0.858475 0 0.5128555
vn -0.7047133 0 0.7094922
vn -0.6732336 0 -0.7394298
vn -0.5522016 0 -0.8337107
vn 0 1.95965E-07 -1
vn 0 1.234211E-07 -1
vn 0.1953347 1.875773E-07 -0.9807366
vn 0.263733 1.389598E-07 -0.9645957
vn 0.263733 1.389598E-07 -0.9645957
vn 0.1953347 1.875773E-07 -0.9807366
vn 0.9915859 0 -0.1294513
vn 0.82393 0 0.5666916
vn -0.1953347 -1.875773E-07 0.9807366
vn -0.263733 -1.389598E-07 0.9645957
vn -0.82393 0 -0.5666916
vn -0.9915859 0 0.1294513
vn 0 -1.234211E-07 1
vn 0 -1.95965E-07 1
vn -0.263733 -1.389598E-07 0.9645957
vn -0.1953347 -1.875773E-07 0.9807366
vn -0.6698074 -0.7425349 0
vn -0.7435857 -0.6686406 0
vn -1 0 0
vn -1 0 0
vn 0.7435857 0.6686406 0
vn 0.6698076 0.7425348 0
vn 1 0 0
vn 1 0 0
vn 0 1 0
vn 0 1 0
vn 0.6698076 0.7425348 0
vn 0.7435857 0.6686406 0
vn 0.6732336 0 0.7394298
vn 0.5522016 0 0.8337107
vn 0 -1.047895E-06 1
vn 0 -8.605636E-07 1
vn 0 -8.605636E-07 1
vn 0 -1.047895E-06 1
vn 0 -1.389278E-06 1
vn 0 -1.471223E-06 1
vn 0 1.047895E-06 -1
vn 0 8.605636E-07 -1
vn 0 1.471223E-06 -1
vn 0 1.389278E-06 -1
vn 0 9.536743E-07 -1
vn 0 9.536743E-07 -1
vn -0.5522016 0 -0.8337107
vn -0.6732336 0 -0.7394298
vn 0 8.605636E-07 -1
vn 0 1.047895E-06 -1
vn 0.82393 0 0.5666916
vn 0.9915859 0 -0.1294513
vn 0 0 1
vn 0 0 1
vn 0 -1 0
vn 0 -1 0
vn 0 -0.7090773 0.7051307
vn 0 -0.7051306 0.7090774
vn 0 0 1
vn 0 0 1
vn 0 0 1
vn 0 0 1
vn 0 1 0
vn 0 1 0
vn 0 0.7051306 -0.7090774
vn 0 0.7090773 -0.7051307
vn 0 -1.479098E-06 1
vn 0 -1.538988E-06 -1
vn 0 0 1
vn 0 0 1
vn -0.9915859 0 0.1294513
vn -0.82393 0 -0.5666916
vn 0 0 -1
vn 0 0 -1
vn 0 -9.536743E-07 -1
vn 0 -9.536743E-07 -1
vn 0 -9.536743E-07 -1
vn 0 -9.536743E-07 -1
vn 0 0 1
vn 0 0 1
vn 0 0.7360111 0.6769695
vn 0 0.6775917 0.7354384
vn 0 0.6350498 0.7724711
vn 0 0.7732027 0.6341588
vn 0 0 1
vn 0 0 1
vn 0 -0.6775917 0.7354384
vn 0 -0.7360111 0.6769695
vn 0 -0.7732027 -0.6341588
vn 0 -0.6350498 -0.7724711
vn 0 9.536743E-07 1
vn 0 9.536743E-07 1
vn 0 9.536743E-07 1
vn 0 9.536743E-07 1
vn 0 -1.471223E-06 1
vn 0 -1.389278E-06 1
vn 0 -9.536743E-07 1
vn 0 -9.536743E-07 1
vn 0 9.536743E-07 -1
vn 0 9.536743E-07 -1
vn 0 5.582426E-07 -1
vn 0 3.919012E-07 -1
vn -0.1953347 0 -0.9807366
vn -0.263733 0 -0.9645957
vn 0 -9.536743E-07 1
vn 0 -9.536743E-07 1
vn 0 -3.919012E-07 1
vn 0 -5.582426E-07 1
vn 0.263733 2.515154E-07 0.9645957
vn 0.1953347 1.862857E-07 0.9807366
vn 0 0.7732027 0.6341588
vn 0 0.6350498 0.7724711
vn 0 0 1
vn 0 0 1
vn 0 -0.6350498 -0.7724711
vn 0 -0.7732027 -0.6341588
vn 0 0 -1
vn 0 0 -1
vn -0.263733 0 -0.9645957
vn -0.1953347 0 -0.9807366
vn -0.4472136 0 -0.8944272
vn -0.4472136 0 -0.8944272
vn 0.1953347 1.862857E-07 0.9807366
vn 0.263733 2.515154E-07 0.9645957
vn 0.4472136 4.264961E-07 0.8944272
vn 0.4472136 4.264961E-07 0.8944272
vn -1 0 0
vn -1 0 0
vn -1 0 0
vn -1 0 0
vn 1 0 0
vn 1 0 0
vn 1 0 0
vn 1 0 0
vn -1 0 0
vn -1 0 0
vn -1 0 0
vn -1 0 0
vn 1 -9.536743E-07 0
vn 1 -9.536743E-07 0
vn 1 -9.536743E-07 0
vn 1 -9.536743E-07 0
vn 0 0 1
vn 0 0 1
vn 0 -2.09579E-06 1
vn 0 -1.721127E-06 1
vn 0 -1.721127E-06 1
vn 0 -2.09579E-06 1
vn 0 -1.742415E-06 1
vn 0 -2.070196E-06 1
vn 0 0 1
vn 0 0 1
vn 0 2.09579E-06 -1
vn 0 1.721127E-06 -1
vn 0 2.070196E-06 -1
vn 0 1.742415E-06 -1
vn 0 0 -1
vn 0 0 -1
vn 0 0 -1
vn 0 0 -1
vn 0 1.721127E-06 -1
vn 0 2.09579E-06 -1
vn 0.3454792 -0.6349964 0.6909585
vn 0.3454792 -0.6349964 0.6909585
vn 0.3454792 -0.6349964 0.6909585
vn 0.3454792 -0.6349964 0.6909585
vn 0 0 -1
vn 0 0 -1
vn 0 0 -1
vn 0 0 -1
vn 0 0 1
vn 0 0 1
vn 0 -0.7360111 0.6769695
vn 0 -0.6775917 0.7354384
vn 0 -0.6350498 0.7724711
vn 0 -0.7732027 0.6341588
vn 0 0 -1
vn 0 0 -1
vn 0 0.6775917 -0.7354384
vn 0 0.7360111 -0.6769695
vn 0 0 1
vn 0 0 1
vn 0 0 1
vn 0 0 1
vn 0 -5.086264E-06 -1
vn 0 -5.086264E-06 -1
vn -0.3416486 -3.259711E-06 -0.9398277
vn -0.4852374 -2.2878E-06 -0.8743825
vn -0.4442394 2.211211E-06 -0.8959082
vn -0.3817777 2.573062E-06 -0.9242541
vn 0 5.086264E-06 1
vn 0 5.086264E-06 1
vn 0.4852374 2.2878E-06 0.8743825
vn 0.3416486 3.259711E-06 0.9398277
vn 0.3817777 -2.573062E-06 0.9242541
vn 0.4442394 -2.211211E-06 0.8959082
vn 0 -0.7732027 0.6341588
vn 0 -0.6350498 0.7724711
vn 0 0 1
vn 0 0 1
vn 0 0.6350498 -0.7724711
vn 0 0.7732027 -0.6341588
vn 0 0 -1
vn 0 0 -1
vn 0 0.7360111 -0.6769695
vn 0 0.6775917 -0.7354384
vn 0 0.7732027 -0.6341588
vn 0 0.6350498 -0.7724711
vn -0.3817777 2.573062E-06 -0.9242541
vn -0.4442394 2.211211E-06 -0.8959082
vn 0.5695567 3.040256E-06 -0.8219521
vn 0.6826829 2.534606E-06 -0.7307147
vn 0.4442394 -2.211211E-06 0.8959082
vn 0.3817777 -2.573062E-06 0.9242541
vn -0.6826829 -2.534606E-06 0.7307147
vn -0.5695567 -3.040256E-06 0.8219521
vn 0.6698091 -0.2031848 0.714193
vn 0.9267221 -0.1843369 0.3274233
vn 0.6864924 -0.136552 0.7142
vn 0.9041934 -0.2742842 0.327418
vn 0.6466612 -0.267856 0.7142006
vn 0.9737473 -0.1936907 0.1195829
vn 0.8729536 -0.3615893 0.3274223
vn 0.6173004 -0.3299538 0.7141924
vn 0.9500735 -0.2882019 0.1195827
vn 0.974929 -0.1939257 0.1091155
vn 0.8333089 -0.4454136 0.3274185
vn 0.5819806 -0.3888663 0.7141999
vn 0.9172499 -0.3799376 0.1195835
vn 0.9512267 -0.2885515 0.109115
vn 0.9741843 -0.1937775 0.1158239
vn 0.7856376 -0.524946 0.3274223
vn 0.5410672 -0.4440432 0.7141932
vn 0.8755929 -0.4680139 0.1195828
vn 0.9505 -0.2883307 0.1158235
vn 0.9710325 -0.1931414 0.1406853
vn 0.9183629 -0.380399 0.1091154
vn 0.7304017 -0.5994251 0.3274185
vn 0.4949326 -0.4949335 0.7142007
vn 0.9468379 -0.2891215 0.1410916
vn 0.9346732 -0.1856762 0.3031672
vn 0.8255035 -0.551583 0.1195831
vn 0.9176616 -0.3801081 0.1158239
vn 0.8766556 -0.4685817 0.1091149
vn 0.6681299 -0.6681297 0.3274221
vn 0.444043 -0.5410683 0.7141926
vn 0.8992933 -0.2954162 0.3224917
vn 0.8797776 -0.1748943 0.4420445
vn 0.835845 -0.2872133 0.4678374
vn 0.7674638 -0.6298407 0.1195821
vn 0.8265051 -0.5522527 0.1091153
vn 0.875986 -0.4682238 0.1158235
vn 0.9141414 -0.3797781 0.1418243
vn 0.8617905 -0.3687693 0.3483193
vn 0.7864571 -0.3351589 0.5188003
vn 0.8726378 -0.4671605 0.1423528
vn 0.8175135 -0.4456815 0.3647462
vn 0.7349488 -0.3968987 0.5498378
vn 0.8258737 -0.551831 0.1158239
vn 0.7683948 -0.6306056 0.1091151
vn 0.8226504 -0.5503318 0.1427628
vn 0.7663339 -0.5197046 0.3776764
vn 0.679304 -0.4576192 0.5736992
vn 0.7678076 -0.6301242 0.1158235
vn 0.7020327 -0.7020327 0.1195827
vn 0.764784 -0.6281948 0.1430968
vn 0.7094095 -0.5885288 0.3877784
vn 0.6213407 -0.5131124 0.5921583
vn 0.7028848 -0.7028846 0.1091155
vn 0.5994259 -0.7304013 0.3274181
vn 0.3888674 -0.58198 0.7141997
vn 0.702348 -0.7023476 0.1158239
vn 0.6995968 -0.7000118 0.1433447
vn 0.6472554 -0.6519513 0.3949937
vn 0.5616735 -0.5640894 0.6052489
vn 0.4987592 -0.6125559 0.6132001
vn 0.5005182 -0.6112657 0.6130545
vn 0.4378017 -0.6552163 0.615647
vn 0.4378017 -0.6552163 0.615647
vn 0.3750616 -0.6952088 0.6131995
vn 0.3731964 -0.69634 0.6130538
vn 0.3546308 -0.8474768 0.3949938
vn 0.3062075 -0.7347859 0.6052491
vn 0.6277121 -0.7651055 0.1434965
vn 0.6253388 -0.7623409 0.1666965
vn 0.2722503 -0.8806289 0.3877788
vn 0.2362777 -0.7704031 0.5921587
vn 0.6301238 -0.7678078 0.1158235
vn 0.5498163 -0.8228585 0.1435481
vn 0.5477871 -0.8198214 0.1668001
vn 0.1868811 -0.9068826 0.3776765
vn 0.1628269 -0.8027183 0.5736992
vn 0.6306053 -0.7683951 0.109115
vn 0.5518308 -0.8258739 0.1158239
vn 0.4666503 -0.8727234 0.1434965
vn 0.4650044 -0.8694729 0.1666967
vn 0.09890733 -0.9258391 0.3647456
vn 0.0854345 -0.8308911 0.5498371
vn 0.5522527 -0.8265051 0.1091154
vn 0.6298409 -0.7674637 0.1195824
vn 0.4682239 -0.875986 0.1158234
vn 0.5515835 -0.8255031 0.1195835
vn 0.5249457 -0.785637 0.3274242
vn 0.3299545 -0.6173007 0.7141919
vn 0.4454124 -0.8333086 0.3274209
vn 0.2678559 -0.6466618 0.7142001
vn 0.4685817 -0.8766556 0.109115
vn 0.4680142 -0.8755927 0.1195831
vn 0.3615885 -0.8729528 0.3274248
vn 0.2031848 -0.6698101 0.7141922
vn 0.3799376 -0.9172498 0.1195835
vn 0.2742832 -0.904193 0.3274198
vn 0.1365511 -0.6864917 0.7142009
vn 0.3803985 -0.9183632 0.1091154
vn 0.1843361 -0.9267221 0.3274237
vn 0.06860673 -0.6965778 0.7141936
vn 0.2882017 -0.9500735 0.1195827
vn 0.3801079 -0.9176617 0.1158239
vn 0.09261396 -0.9403296 0.3274186
vn -6.04183E-07 -0.6999382 0.7142033
vn 0.1936903 -0.9737474 0.1195832
vn 0.2885515 -0.9512265 0.109115
vn 0.3790029 -0.9142259 0.1433448
vn -5.610258E-07 -0.9448778 0.3274232
vn -0.0686066 -0.6965761 0.7141953
vn 0.09731358 -0.9880435 0.1195825
vn 0.2883309 -0.9505 0.1158235
vn 0.2877055 -0.9469683 0.1430969
vn 0.1939255 -0.9749291 0.1091154
vn -0.0926139 -0.9403292 0.3274196
vn -0.1365507 -0.6864915 0.7142012
vn -0.1843364 -0.9267223 0.3274231
vn 0.1937775 -0.9741843 0.1158239
vn 0.1936255 -0.9706329 0.1427628
vn -2.753465E-07 -0.9928242 0.1195832
vn -0.09731339 -0.9880436 0.1195823
vn -0.1936903 -0.9737474 0.1195827
vn 0.09743197 -0.9892426 0.109115
vn 0.09735746 -0.9884869 0.1158235
vn 0.0976561 -0.9849867 0.1423527
vn -3.633119E-07 -0.994029 0.1091153
vn -0.09743154 -0.9892426 0.109115
vn -0.1939251 -0.9749292 0.1091154
vn -5.058292E-07 -0.9932697 0.1158238
vn -0.09735695 -0.988487 0.1158235
vn -0.1937771 -0.9741843 0.1158239
vn 0.00104266 -0.9898913 0.1418243
vn -0.09522524 -0.9854062 0.1410916
vn -0.1931586 -0.971029 0.1406853
vn 0.01090628 -0.9373125 0.3483191
vn 0.008683387 -0.8548515 0.5188001
vn -0.07121547 -0.9438894 0.3224917
vn -0.1861407 -0.9345807 0.3031674
vn -0.05451353 -0.8821316 0.4678377
vn -0.1750938 -0.8797378 0.4420447
vn 0.2031859 0.6698098 0.7141922
vn 0.1843372 0.9267223 0.3274227
vn 0.1365526 0.686491 0.7142014
vn 0.2742847 0.9041935 0.3274173
vn 0.2678574 0.6466626 0.7141987
vn 0.1936909 0.9737473 0.1195827
vn 0.3615902 0.8729537 0.327421
vn 0.3299548 0.6173006 0.7141917
vn 0.2882019 0.9500735 0.1195827
vn 0.1939255 0.9749291 0.1091154
vn 0.4454135 0.8333092 0.327418
vn 0.3888673 0.5819793 0.7142004
vn 0.3799373 0.91725 0.1195836
vn 0.2885514 0.9512267 0.1091149
vn 0.1937774 0.9741843 0.1158239
vn 0.5249467 0.785637 0.3274224
vn 0.4440427 0.5410679 0.714193
vn 0.468014 0.8755929 0.1195828
vn 0.2883307 0.9505001 0.1158235
vn 0.1931583 0.9710291 0.1406853
vn 0.3803987 0.918363 0.1091154
vn 0.5994252 0.7304018 0.3274181
vn 0.4949334 0.494934 0.7141997
vn 0.2891695 0.9468197 0.1411146
vn 0.18614 0.934581 0.3031673
vn 0.5515835 0.8255032 0.1195831
vn 0.3801081 0.9176616 0.1158239
vn 0.4685815 0.8766557 0.1091149
vn 0.6681291 0.6681304 0.3274219
vn 0.5410686 0.4440438 0.7141918
vn 0.2959168 0.8986555 0.3238082
vn 0.1750933 0.8797381 0.4420445
vn 0.2876541 0.8347539 0.4695114
vn 0.6298412 0.7674635 0.1195822
vn 0.5522526 0.8265053 0.1091153
vn 0.3798831 0.9140869 0.141894
vn 0.3695119 0.8602492 0.3513292
vn 0.3353726 0.7834197 0.5232388
vn 0.4682238 0.875986 0.1158235
vn 0.4672957 0.8725421 0.1424957
vn 0.4461381 0.8148572 0.3700925
vn 0.3958887 0.7290909 0.5582998
vn 0.5518308 0.8258739 0.1158239
vn 0.6306055 0.7683948 0.109115
vn 0.5504606 0.8225242 0.1429927
vn 0.5193219 0.7627059 0.3854667
vn 0.4542487 0.6706105 0.5864635
vn 0.6301242 0.7678076 0.1158235
vn 0.702033 0.7020325 0.1195828
vn 0.6282904 0.7646464 0.1434122
vn 0.5869781 0.7051799 0.3977162
vn 0.5066377 0.6105698 0.6087058
vn 0.5573071 0.5460632 0.6254789
vn 0.5543428 0.5500026 0.624661
vn 0.6000746 0.4872381 0.6344364
vn 0.5986621 0.489241 0.6342294
vn 0.6406646 0.4280784 0.6374148
vn 0.6406646 0.4280784 0.6374148
vn 0.6797877 0.3679393 0.6344364
vn 0.6810975 0.365868 0.6342293
vn 0.7177683 0.3059157 0.6254792
vn 0.7202734 0.3016693 0.6246614
vn 0.876128 0.2724359 0.3977166
vn 0.7579742 0.2344164 0.6087068
vn 0.9033844 0.1879147 0.3854668
vn 0.7933975 0.163038 0.5864632
vn 0.9235599 0.1003451 0.3700919
vn 0.8250927 0.08674239 0.5582991
vn 0.9361728 0.01218156 0.3513292
vn 0.8521273 0.01004233 0.5232384
vn 0.9434918 -0.07050868 0.3238081
vn 0.8812928 -0.05368765 0.4695111
vn 0.9346732 -0.1856762 0.3031672
vn 0.8797776 -0.1748943 0.4420445
vn 0.9710325 -0.1931414 0.1406853
vn 0.9854078 -0.09517451 0.1411147
vn 0.9741843 -0.1937775 0.1158239
vn 0.9898811 0.001160184 0.1418941
vn 0.9884869 -0.09735776 0.1158234
vn 0.974929 -0.1939257 0.1091155
vn 0.9849501 0.09781769 0.1424958
vn 0.9892426 -0.09743219 0.1091151
vn 0.9737473 -0.1936907 0.1195829
vn 0.9932697 0 0.1158239
vn 0.9705657 0.1937923 0.1429927
vn 0.9880436 -0.09731392 0.1195822
vn 0.9267221 -0.1843369 0.3274233
vn 0.9884869 0.09735778 0.1158235
vn 0.994029 0 0.1091155
vn 0.9468777 0.2878468 0.1434121
vn 0.9106224 0.3779187 0.1671653
vn 0.940329 -0.0926145 0.3274203
vn 0.6864924 -0.136552 0.7142
vn 0.6965802 -0.0686072 0.7141912
vn 0.9928242 0 0.1195828
vn 0.9448776 0 0.3274239
vn 0.699942 0 0.7141996
vn 0.9892426 0.0974322 0.1091151
vn 0.9741843 0.1937772 0.1158239
vn 0.9141275 0.3790941 0.1437309
vn 0.869288 0.4650388 0.1675633
vn 0.9403294 0.09261465 0.3274191
vn 0.69658 0.06860717 0.7141913
vn 0.9880436 0.09731407 0.119582
vn 0.9504998 0.2883311 0.1158234
vn 0.9749291 0.1939256 0.1091155
vn 0.8726374 0.4666781 0.1439292
vn 0.8196946 0.5477021 0.1676992
vn 0.9267222 0.1843368 0.327423
vn 0.6864929 0.1365518 0.7141997
vn 0.9737474 0.1936904 0.1195826
vn 0.9512264 0.2885518 0.109115
vn 0.9176615 0.3801081 0.1158238
vn 0.8228042 0.5497801 0.143997
vn 0.7623017 0.6251549 0.1675632
vn 0.9041932 0.2742844 0.3274182
vn 0.6698086 0.2031848 0.7141935
vn 0.9500735 0.288202 0.1195824
vn 0.875986 0.468224 0.1158235
vn 0.918363 0.3803986 0.1091154
vn 0.7650981 0.627622 0.1439292
vn 0.6976311 0.6966826 0.1671654
vn 0.872954 0.3615889 0.3274215
vn 0.6466599 0.2678556 0.7142018
vn 0.9172499 0.3799375 0.1195831
vn 0.8766557 0.4685816 0.1091151
vn 0.8258738 0.5518309 0.1158239
vn 0.7000583 0.6994711 0.1437309
vn 0.8333102 0.4454122 0.3274174
vn 0.6173001 0.3299531 0.714193
vn 0.8755931 0.4680137 0.1195825
vn 0.7678078 0.6301237 0.1158235
vn 0.7023475 0.7023481 0.1158239
vn 0.8265051 0.5522527 0.1091154
vn 0.7856383 0.5249452 0.3274219
vn 0.5819792 0.3888669 0.7142009
vn 0.8255035 0.551583 0.1195833
vn 0.7683949 0.6306054 0.109115
vn 0.7028845 0.7028849 0.1091155
vn 0.7674639 0.6298407 0.1195826
vn 0.7304023 0.599425 0.3274176
vn -0.6466606 0.2678563 0.714201
vn -0.904193 0.2742845 0.3274186
vn -0.6698094 0.2031848 0.7141927
vn -0.8729532 0.3615896 0.3274227
vn -0.617299 0.3299542 0.7141933
vn -0.9500735 0.2882019 0.1195827
vn -0.8333091 0.4454138 0.3274182
vn -0.5819792 0.3888666 0.7142009
vn -0.9172499 0.3799373 0.1195834
vn -0.9512265 0.2885515 0.1091149
vn -0.7856376 0.5249459 0.3274222
vn -0.5410672 0.4440432 0.7141932
vn -0.8755929 0.4680139 0.1195828
vn -0.9183629 0.3803989 0.1091153
vn -0.9505 0.2883309 0.1158235
vn -0.7304017 0.5994251 0.3274185
vn -0.4949326 0.4949335 0.7142007
vn -0.8255036 0.551583 0.1195831
vn -0.9176616 0.3801081 0.1158239
vn -0.9468379 0.2891216 0.1410916
vn -0.8766557 0.4685816 0.109115
vn -0.6681299 0.6681297 0.3274221
vn -0.4440426 0.5410683 0.7141928
vn -0.9141414 0.3797782 0.1418243
vn -0.899293 0.2954168 0.3224919
vn -0.7674638 0.6298407 0.1195821
vn -0.875986 0.4682236 0.1158235
vn -0.8265053 0.5522526 0.1091153
vn -0.5994256 0.7304016 0.3274179
vn -0.3888657 0.5819806 0.7142003
vn -0.7020327 0.7020327 0.1195827
vn -0.7683948 0.6306055 0.1091151
vn -0.8258738 0.5518309 0.1158239
vn -0.8726379 0.4671603 0.1423528
vn -0.5249462 0.7856375 0.3274224
vn -0.3299527 0.6173002 0.7141929
vn -0.629841 0.7674636 0.1195824
vn -0.7028848 0.7028846 0.1091155
vn -0.7678077 0.6301242 0.1158235
vn -0.4454132 0.8333097 0.3274176
vn -0.2678548 0.6466614 0.7142009
vn -0.5515839 0.8255029 0.1195834
vn -0.6306053 0.7683951 0.109115
vn -0.3615894 0.8729538 0.3274215
vn -0.2031844 0.6698095 0.7141929
vn -0.4680142 0.8755928 0.1195829
vn -0.2742842 0.9041934 0.3274178
vn -0.1365512 0.6864906 0.714202
vn -0.8226506 0.5503316 0.1427628
vn -0.702348 0.7023476 0.1158239
vn -0.5522527 0.8265051 0.1091154
vn -0.3799374 0.9172499 0.1195835
vn -0.1843367 0.9267222 0.3274231
vn -0.06860664 0.6965776 0.7141938
vn -0.7647841 0.6281946 0.1430968
vn -0.6301238 0.7678078 0.1158235
vn -0.4685817 0.8766556 0.1091151
vn -0.288202 0.9500735 0.1195827
vn -0.09261474 0.9403296 0.3274184
vn 1.269394E-07 0.6999412 0.7142005
vn -0.6995966 0.7000121 0.1433447
vn -0.5518309 0.8258737 0.1158239
vn -0.3803985 0.9183632 0.1091154
vn -0.1936906 0.9737474 0.1195826
vn 0 0.9448785 0.3274211
vn 0.06860699 0.696578 0.7141933
vn -0.6277122 0.7651053 0.1434965
vn -0.468224 0.8759859 0.1158234
vn -0.2885516 0.9512265 0.109115
vn -0.09731419 0.9880435 0.119582
vn 0.09261487 0.9403297 0.3274177
vn 0.1365526 0.686491 0.7142014
vn 0.1843372 0.9267223 0.3274227
vn 1.293654E-07 0.9928242 0.119583
vn 0.0973141 0.9880435 0.1195821
vn 0.1936909 0.9737473 0.1195827
vn -0.1939256 0.974929 0.1091155
vn -0.3801078 0.9176617 0.1158239
vn -0.09743214 0.9892426 0.1091151
vn 0.09743214 0.9892426 0.1091151
vn 0.1939255 0.9749291 0.1091154
vn 0 0.994029 0.1091155
vn -0.2883309 0.9505 0.1158235
vn 0.09735777 0.9884869 0.1158234
vn 0.1937774 0.9741843 0.1158239
vn -0.1937773 0.9741843 0.1158239
vn -0.0973579 0.9884869 0.1158235
vn 0 0.9932697 0.1158239
vn 0.09522598 0.985406 0.1410917
vn 0.1931583 0.9710291 0.1406853
vn -0.001042362 0.9898913 0.1418244
vn -0.09765677 0.9849867 0.1423527
vn -0.1936255 0.9706329 0.1427627
vn -0.2877053 0.9469683 0.1430969
vn 0.07121573 0.9438897 0.3224912
vn 0.18614 0.934581 0.3031673
vn -0.01090535 0.9373127 0.348319
vn 0.05451311 0.8821322 0.4678366
vn 0.1750933 0.8797381 0.4420445
vn -0.008682488 0.854852 0.5187994
vn -0.08543447 0.8308908 0.5498376
vn -0.09890765 0.9258389 0.3647461
vn -0.162827 0.8027182 0.5736992
vn -0.1868813 0.9068825 0.3776763
vn -0.2362777 0.7704034 0.5921583
vn -0.2722502 0.8806291 0.3877788
vn -0.3062074 0.734786 0.6052492
vn -0.3546306 0.8474769 0.3949936
vn -0.3731956 0.6963398 0.6130544
vn -0.3750609 0.6952086 0.6132001
vn -0.4378018 0.6552156 0.6156476
vn -0.4378018 0.6552156 0.6156476
vn -0.5005187 0.6112646 0.6130552
vn -0.4987598 0.6125548 0.6132008
vn -0.5616723 0.5640887 0.6052505
vn -0.6472549 0.6519514 0.3949943
vn -0.6213399 0.5131119 0.5921596
vn -0.3790027 0.9142261 0.1433447
vn -0.4650042 0.869473 0.1666967
vn -0.4666502 0.8727235 0.1434965
vn -0.5477875 0.8198211 0.1668002
vn -0.5498165 0.8228583 0.1435481
vn -0.6253392 0.7623405 0.1666966
vn -0.7094093 0.5885285 0.3877794
vn -0.6793047 0.4576189 0.5736988
vn -0.7663342 0.5197041 0.3776765
vn -0.7349493 0.3968992 0.549837
vn -0.8175139 0.4456816 0.3647452
vn -0.7864568 0.3351591 0.5188006
vn -0.8617903 0.3687694 0.3483196
vn -0.8358441 0.2872146 0.467838
vn -0.879777 0.1748956 0.4420453
vn -0.9346729 0.1856769 0.3031677
vn -0.2031845 -0.6698102 0.7141922
vn -0.1843364 -0.9267223 0.3274231
vn -0.1365507 -0.6864915 0.7142012
vn -0.2742847 -0.9041935 0.3274173
vn -0.267857 -0.6466616 0.7141998
vn -0.1936903 -0.9737474 0.1195827
vn -0.3615903 -0.8729536 0.327421
vn -0.3299545 -0.6173 0.7141925
vn -0.288202 -0.9500735 0.1195828
vn -0.1939251 -0.9749292 0.1091154
vn -0.4454135 -0.8333092 0.327418
vn -0.3888673 -0.5819793 0.7142004
vn -0.3799373 -0.91725 0.1195836
vn -0.2885517 -0.9512265 0.1091149
vn -0.1937771 -0.9741843 0.1158239
vn -0.5249466 -0.785637 0.3274224
vn -0.4440427 -0.541068 0.7141929
vn -0.468014 -0.8755929 0.1195828
vn -0.2883311 -0.9504998 0.1158235
vn -0.1931586 -0.971029 0.1406853
vn -0.3803987 -0.918363 0.1091154
vn -0.5994252 -0.7304018 0.3274181
vn -0.4949317 -0.4949344 0.7142006
vn -0.2891696 -0.9468197 0.1411146
vn -0.1861407 -0.9345807 0.3031674
vn -0.5515833 -0.8255032 0.1195832
vn -0.380108 -0.9176616 0.1158239
vn -0.4685815 -0.8766557 0.109115
vn -0.6681291 -0.6681304 0.3274219
vn -0.5410686 -0.4440438 0.7141918
vn -0.2959168 -0.8986555 0.3238082
vn -0.1750938 -0.8797378 0.4420447
vn -0.287654 -0.834754 0.4695114
vn -0.6298412 -0.7674635 0.1195822
vn -0.5522527 -0.8265052 0.1091153
vn -0.3798828 -0.9140871 0.141894
vn -0.3695123 -0.8602492 0.351329
vn -0.3353735 -0.7834194 0.5232386
vn -0.4682238 -0.875986 0.1158234
vn -0.4672957 -0.8725421 0.1424957
vn -0.4461379 -0.8148573 0.3700925
vn -0.3958888 -0.7290911 0.5582994
vn -0.551831 -0.8258737 0.1158239
vn -0.6306055 -0.7683948 0.109115
vn -0.5504607 -0.8225241 0.1429927
vn -0.5193216 -0.7627062 0.3854664
vn -0.4542478 -0.6706111 0.5864635
vn -0.6301242 -0.7678076 0.1158235
vn -0.702033 -0.7020325 0.1195828
vn -0.6282904 -0.7646465 0.1434122
vn -0.5869777 -0.7051798 0.397717
vn -0.5066372 -0.6105694 0.6087067
vn -0.5573078 -0.546062 0.6254792
vn -0.5543433 -0.5500016 0.6246614
vn -0.6000759 -0.4872368 0.6344361
vn -0.5986635 -0.4892396 0.6342291
vn -0.6406654 -0.4280779 0.6374144
vn -0.6406654 -0.4280779 0.6374144
vn -0.6797877 -0.3679388 0.6344365
vn -0.6810975 -0.3658675 0.6342296
vn -0.717768 -0.3059151 0.6254799
vn -0.720273 -0.3016687 0.6246621
vn -0.8761278 -0.2724355 0.3977173
vn -0.7579743 -0.234416 0.608707
vn -0.9033845 -0.1879152 0.3854664
vn -0.7933974 -0.1630382 0.5864632
vn -0.9235596 -0.1003455 0.3700925
vn -0.8250921 -0.08674262 0.5582997
vn -0.9361727 -0.01218108 0.3513295
vn -0.8521264 -0.01004174 0.5232397
vn -0.9434916 0.07050896 0.3238088
vn -0.8812922 0.05368808 0.4695122
vn -0.9346729 0.1856769 0.3031677
vn -0.879777 0.1748956 0.4420453
vn -0.9705656 -0.1937927 0.1429927
vn -0.9849501 -0.09781794 0.1424957
vn -0.9898811 -0.001159952 0.141894
vn -0.9854078 0.09517452 0.1411146
vn -0.9710325 0.1931414 0.1406853
vn -0.9468379 0.2891216 0.1410916
vn -0.899293 0.2954168 0.3224919
vn -0.9505 0.2883309 0.1158235
vn -0.9741843 0.1937776 0.1158239
vn -0.9512265 0.2885515 0.1091149
vn -0.9884869 0.09735776 0.1158234
vn -0.974929 0.1939257 0.1091155
vn -0.9500735 0.2882019 0.1195827
vn -0.9932697 0 0.1158239
vn -0.9737473 0.1936907 0.1195829
vn -0.904193 0.2742845 0.3274186
vn -0.9892426 0.09743221 0.1091152
vn -0.9884869 -0.09735776 0.1158235
vn -0.9267221 0.1843373 0.3274229
vn -0.6698094 0.2031848 0.7141927
vn -0.6864926 0.1365519 0.7142
vn -0.994029 0 0.1091155
vn -0.9880436 0.09731391 0.1195821
vn -0.9403295 0.0926143 0.3274187
vn -0.6965792 0.06860703 0.7141923
vn -0.9928242 0 0.1195827
vn -0.9448782 -1.962386E-07 0.327422
vn -0.699942 -1.641667E-07 0.7141996
vn -0.9892426 -0.09743219 0.1091151
vn -0.9403296 -0.09261454 0.3274184
vn -0.6965776 -0.06860712 0.7141938
vn -0.9880436 -0.09731413 0.119582
vn -0.9741843 -0.1937772 0.1158239
vn -0.9267224 -0.1843366 0.3274225
vn -0.6864917 -0.1365518 0.7142008
vn -0.9737474 -0.1936905 0.1195827
vn -0.9749291 -0.1939255 0.1091155
vn -0.9468777 -0.2878465 0.1434122
vn -0.9106227 -0.3779181 0.1671653
vn -0.9041936 -0.2742841 0.3274174
vn -0.6698116 -0.2031841 0.7141908
vn -0.9504998 -0.2883311 0.1158234
vn -0.9141276 -0.3790938 0.1437308
vn -0.8692878 -0.4650388 0.1675631
vn -0.9500735 -0.2882019 0.1195824
vn -0.9512265 -0.2885518 0.1091151
vn -0.8729537 -0.3615893 0.3274219
vn -0.6466621 -0.2678555 0.7142
vn -0.9176615 -0.3801082 0.1158238
vn -0.8726374 -0.4666781 0.1439292
vn -0.8196944 -0.5477026 0.1676992
vn -0.91725 -0.3799374 0.1195831
vn -0.918363 -0.3803987 0.1091155
vn -0.8333097 -0.4454126 0.3274181
vn -0.6172996 -0.3299535 0.7141932
vn -0.875986 -0.468224 0.1158235
vn -0.8228041 -0.5497802 0.143997
vn -0.7623017 -0.6251548 0.1675632
vn -0.8755931 -0.4680137 0.1195826
vn -0.8766557 -0.4685815 0.109115
vn -0.785638 -0.5249453 0.327422
vn -0.5819808 -0.3888665 0.7141997
vn -0.8258737 -0.5518309 0.1158239
vn -0.765098 -0.627622 0.1439292
vn -0.697631 -0.6966827 0.1671652
vn -0.8255034 -0.5515832 0.1195833
vn -0.8265051 -0.5522527 0.1091154
vn -0.7304023 -0.599425 0.3274176
vn -0.7674638 -0.6298407 0.1195826
vn -0.7678078 -0.6301238 0.1158235
vn -0.7000583 -0.6994711 0.1437309
vn -0.7683948 -0.6306055 0.109115
vn -0.7028845 -0.7028849 0.1091155
vn -0.7023475 -0.7023481 0.1158239
vn -5.064309E-07 -1.855559E-06 1
vn 1.096048E-06 4.829637E-07 1
vn -3.020268E-06 2.15379E-07 1
vn -9.858958E-07 -1.009825E-06 1
vn 1.188033E-06 1.092075E-06 1
vn -8.33481E-07 3.537362E-06 1
vn 1.710311E-07 -8.215413E-07 1
vn 3.533879E-07 5.361125E-07 1
vn 1.561693E-06 3.415138E-07 1
vn 5.934789E-07 1.700624E-06 1
vn 5.52777E-07 -2.814198E-07 1
vn 0 0 1
vn 6.372932E-07 -3.775161E-07 1
vn 2.728021E-07 6.891098E-07 1
vn -4.146505E-07 2.169566E-06 1
vn 5.683525E-07 -3.889154E-07 1
vn 0 0 1
vn 6.887137E-07 -2.411315E-07 1
vn 6.125657E-07 -2.792881E-07 1
vn 1.332619E-06 6.53353E-07 1
vn -4.011878E-07 1.416006E-06 1
vn -2.014168E-07 2.992194E-07 1
vn 1.07017E-06 0 1
vn 5.085122E-07 -3.647957E-07 1
vn 3.352404E-07 1.436151E-07 1
vn 5.353445E-07 0 1
vn 0 5.432547E-07 1
vn 0 1.597293E-06 1
vn 8.978878E-07 1.523864E-07 1
vn -1.548484E-07 0 1
vn 6.505173E-07 4.187531E-07 1
vn 1.50198E-07 1.165755E-07 1
vn -1.589509E-07 1.533504E-07 1
vn 8.771435E-07 0 1
vn 4.514189E-07 4.672234E-07 1
vn -5.319456E-07 1.336504E-06 1
vn 3.341585E-07 1.891662E-07 1
vn 0 0 1
vn 0 6.85759E-07 1
vn 0 3.649133E-07 1
vn 3.341038E-07 1.378196E-07 1
vn 2.375025E-07 0 1
vn 6.827159E-07 -1.539155E-07 1
vn 1.080499E-07 4.687473E-07 1
vn -4.837962E-07 1.259453E-06 1
vn -2.483894E-07 3.654526E-07 1
vn 0 1.308314E-06 1
vn 1.036319E-06 0 1
vn 2.722839E-07 0 1
vn 3.037611E-07 -2.081952E-07 1
vn 4.355863E-07 1.406655E-07 1
vn 0 4.297371E-07 1
vn 0 1.044917E-06 1
vn 6.002209E-07 0 1
vn -1.981909E-07 0 1
vn 3.054244E-07 0 1
vn 0 3.085415E-07 1
vn -8.023773E-07 1.319843E-06 1
vn 0 0 1
vn 3.664683E-07 0 1
vn -1.043674E-06 4.068575E-07 1
vn 0 -1.481316E-07 1
vn 0 0 1
vn 2.366107E-07 -7.775356E-07 1
vn 3.896081E-06 -1.441746E-06 1
vn 2.686635E-07 0 1
vn -5.530243E-07 0 1
vn 2.511573E-07 0 1
vn -4.327742E-07 0 1
vn -1.345684E-06 2.769324E-07 1
vn 7.823168E-07 3.227097E-07 1
vn 4.289161E-07 0 1
vn -2.689701E-07 0 1
vn -4.242657E-07 0 1
vn -2.204014E-06 0 1
vn -1.353663E-07 8.547856E-07 1
vn 3.227061E-06 1.222873E-06 1
vn 9.307026E-07 0 1
vn 6.848024E-07 0 1
vn -5.338805E-07 0 1
vn -2.151387E-06 -1.471395E-07 1
vn 1.321714E-06 -2.742705E-07 1
vn 0 -6.321286E-07 1
vn -3.206207E-06 -1.059938E-07 1
vn 1.424467E-06 0 1
vn -8.962622E-07 4.409863E-07 1
vn 1.629199E-06 -1.87629E-07 1
vn -7.317043E-07 -7.140326E-07 1
vn 0 0 1
vn -4.768129E-07 1.008075E-07 1
vn -3.090441E-07 5.964777E-07 1
vn 1.105553E-06 -1.829843E-07 1
vn 7.067759E-07 -3.378726E-07 1
vn -3.9433E-07 0 1
vn -1.067523E-06 -2.543645E-07 1
vn 2.323507E-07 0 1
vn 4.043744E-07 0 1
vn -2.272011E-07 1.746752E-07 1
vn 1.486078E-06 -4.427339E-07 1
vn 8.870217E-07 -1.547095E-07 1
vn 7.182118E-07 -5.278462E-07 1
vn 2.243307E-07 5.283004E-07 1
vn 1.000174E-06 0 1
vn -5.251421E-07 -6.147711E-07 1
vn 0 0 1
vn 2.465931E-07 0 1
vn 1.07017E-06 -6.05838E-07 1
vn 1.166414E-06 2.750751E-07 1
vn 5.166006E-07 0 1
vn -7.515558E-07 -4.016467E-07 1
vn 1.552546E-07 -1.175121E-07 1
vn -1.548488E-07 -6.84988E-07 1
vn 7.019098E-07 4.801764E-07 1
vn 1.626366E-07 0 1
vn -1.172119E-07 0 1
vn -8.558902E-07 -7.722038E-07 1
vn 8.877698E-07 4.779043E-07 1
vn 2.968816E-07 0 1
vn 0 -8.74457E-07 1
vn 3.24748E-07 0 1
vn -9.5348E-07 -5.524407E-07 1
vn -4.149486E-07 0 1
vn 1.240435E-06 4.454361E-07 1
vn 4.038461E-07 -2.235559E-07 1
vn 0 -1.000326E-06 1
vn 0 0 1
vn -1.467974E-06 -5.467691E-07 1
vn -1.268539E-07 0 1
vn 8.678646E-07 7.553646E-07 1
vn -4.777434E-07 0 1
vn -3.591061E-07 -1.161932E-06 1
vn -4.626552E-07 0 1
vn -1.30893E-06 -5.081321E-07 1
vn -4.86904E-07 0 1
vn 3.625128E-07 4.208381E-07 1
vn -1.305538E-06 -4.742652E-07 1
vn -1.448225E-06 -1.377923E-06 1
vn 0 -1.676374E-07 1
vn -1.440124E-06 -7.368812E-07 1
vn 3.458862E-07 0 1
vn 5.713778E-07 1.234543E-06 1
vn -3.379878E-07 0 1
vn -1.842608E-06 -1.680067E-06 1
vn -3.149336E-07 -1.717716E-07 1
vn -1.024054E-06 -4.6819E-07 1
vn 7.705282E-07 1.116531E-07 1
vn 5.621577E-07 4.059404E-07 1
vn 1.415061E-07 0 1
vn 0 -1.641535E-06 1
vn -5.263086E-07 -2.101738E-07 1
vn -3.27841E-07 -1.039955E-06 1
vn 0 0 1
vn 8.973987E-07 2.234775E-06 1
vn -3.275878E-07 2.10119E-06 1
vn -5.06433E-07 0 1
vn 1.096047E-06 1.565422E-06 1
vn -3.020276E-06 2.153804E-07 1
vn 1.615797E-06 3.413871E-06 1
vn 2.065959E-06 1.492863E-06 1
vn -1.567497E-06 2.772512E-06 1
vn 1.059558E-07 6.048614E-07 1
vn -7.761352E-07 -1.188708E-06 1
vn 2.059935E-07 2.21884E-07 1
vn -1.665105E-06 -3.124005E-07 1
vn 6.829385E-07 -2.203748E-06 1
vn -1.38253E-06 -1.60144E-06 1
vn -1.001258E-07 -7.072195E-07 1
vn -1.755329E-07 -1.623994E-06 1
vn -8.018805E-07 -4.076275E-07 1
vn -3.438701E-07 -4.13165E-07 1
vn 1.680181E-06 -1.721543E-06 1
vn -4.327736E-07 -3.101636E-07 1
vn -5.338811E-07 -2.956281E-07 1
vn 2.935776E-07 -3.466216E-07 1
vn 3.386571E-06 -1.134842E-06 1
vn -4.147408E-07 3.812796E-07 1
vn -1.703751E-07 -2.246569E-07 1
vn 2.464411E-06 -2.11936E-07 1
vn -1.945687E-07 -2.976232E-07 1
vn -3.835803E-07 1.866903E-07 1
vn -1.208257E-07 1.10698E-07 1
vn 1.62015E-07 2.534696E-07 1
vn 7.041783E-07 -3.750228E-07 1
vn -3.226068E-06 5.108739E-07 1
vn 7.629236E-07 4.884929E-07 1
vn 0 0 1
vn 7.403457E-07 1.180301E-07 1
vn -7.107343E-07 1.845913E-07 1
vn -3.773009E-06 1.607934E-06 1
vn 0 0 1
vn 2.597833E-07 4.188232E-07 1
vn 0 1.513163E-07 1
vn 4.192214E-07 1.835742E-07 1
vn -2.112024E-06 4.32755E-07 1
vn -4.816318E-06 5.216594E-07 1
vn 2.632067E-07 0 1
vn -1.297476E-06 0 1
vn 0 4.263659E-07 1
vn 2.390068E-07 1.09352E-07 1
vn 0 1.251448E-07 1
vn -1.135746E-06 -9.066308E-07 1
vn 1.522165E-06 -1.565718E-06 1
vn 3.457331E-07 -3.048387E-07 1
vn 0 0 1
vn -4.904005E-07 0 1
vn 0 3.90064E-07 1
vn 4.418413E-07 1.34596E-07 1
vn -4.093804E-07 1.690784E-07 1
vn -2.015443E-07 0 1
vn 4.251636E-07 0 1
vn 0 0 1
vn -2.232863E-07 0 1
vn -1.857186E-07 0 1
vn -6.139798E-07 0 1
vn 2.07715E-07 -1.808473E-07 1
vn 6.49359E-07 -5.461858E-07 1
vn 7.362032E-07 0 1
vn -2.142689E-07 0 1
vn -2.016012E-07 0 1
vn 1.140002E-06 0 1
vn 0 0 1
vn 4.846063E-07 0 1
vn -2.008235E-07 0 1
vn 0 -1.797294E-07 1
vn 2.198428E-07 0 1
vn 2.156363E-07 0 1
vn -2.064788E-07 0 1
vn 0 0 1
vn 6.70565E-07 0 1
vn 1.84674E-07 0 1
vn -2.330237E-07 0 1
vn -6.36877E-07 0 1
vn -2.137734E-07 -1.871068E-07 1
vn -1.144985E-07 -1.578149E-07 1
vn -4.595395E-07 0 1
vn -4.25861E-07 -1.567348E-07 1
vn 1.819219E-07 1.25674E-07 1
vn 2.566299E-07 1.341071E-07 1
vn 1.151202E-07 1.31292E-07 1
vn -3.181921E-07 2.241406E-07 1
vn 1.970763E-07 4.4036E-07 1
vn 5.075076E-07 0 1
vn 0 -1.412297E-07 1
vn 7.79293E-07 1.471532E-07 1
vn -3.214018E-07 1.619768E-07 1
vn 1.737133E-06 0 1
vn 0 4.474111E-07 1
vn 8.932129E-07 1.146314E-07 1
vn 1.816495E-06 0 1
vn 1.630685E-07 0 1
vn 3.003199E-07 4.711816E-07 1
vn 1.223907E-06 1.744842E-07 1
vn 5.24202E-07 0 1
vn 5.555124E-07 1.349767E-07 1
vn 1.373748E-07 0 1
vn -2.191264E-06 0 1
vn 6.927716E-07 2.701177E-07 1
vn 0 1.670024E-07 1
vn 5.058302E-07 -4.034E-07 1
vn -9.264588E-07 1.908827E-07 1
vn -1.842612E-06 2.053079E-07 1
vn 6.546122E-07 5.146808E-07 1
vn 3.761499E-07 3.706535E-07 1
vn 0 8.186183E-07 1
vn 0 0 1
vn 6.727903E-07 0 1
vn 9.20779E-07 -7.157525E-07 1
vn 0 9.075804E-07 1
vn 0 6.987309E-07 1
vn 5.146449E-07 8.523454E-07 1
vn -3.805231E-07 1.945001E-07 1
vn -3.002533E-07 -4.487193E-07 1
vn 6.804686E-07 -5.187741E-07 1
vn -7.474285E-07 5.462082E-07 1
vn 0 8.796894E-07 1
vn -6.454117E-06 -2.095497E-07 1
vn 7.262822E-07 3.619653E-07 1
vn -2.339593E-06 2.272504E-07 1
vn 3.333916E-06 -1.24043E-06 1
vn 3.828635E-07 0 1
vn 2.836461E-07 0 1
vn 4.339379E-07 0 1
vn -3.215786E-07 -2.113108E-07 1
vn 6.740261E-07 -1.73105E-07 1
vn 2.284371E-06 -6.424876E-07 1
vn -3.23629E-07 2.267868E-07 1
vn -9.21617E-07 -5.024782E-07 1
vn -2.687715E-07 0 1
vn -1.696177E-06 -2.545608E-07 1
vn -0.7353328 -0.1462673 0.6617338
vn -0.6033665 -0.1200166 0.7883812
vn -0.5886903 -0.1785782 0.7883867
vn -0.7174522 -0.21764 0.6617365
vn -0.5683563 -0.2354219 0.788383
vn -0.6926659 -0.2869138 0.6617358
vn -0.5425413 -0.2899944 0.7883857
vn -0.6612128 -0.3534254 0.6617313
vn -0.5115085 -0.3417779 0.7883824
vn -0.6233815 -0.4165337 0.6617366
vn -0.4755413 -0.3902665 0.788386
vn -0.5795522 -0.4756314 0.6617356
vn -0.4350007 -0.4350017 0.7883831
vn -0.5301438 -0.5301462 0.6617345
vn -0.3902669 -0.4755416 0.7883857
vn -0.4756308 -0.5795588 0.6617302
vn -0.7461297 -0.073488 0.6617325
vn -0.6033665 -0.1200166 0.7883812
vn -0.7353328 -0.1462673 0.6617338
vn -0.6122196 -0.06029852 0.7883852
vn -0.7497371 0 0.6617358
vn -0.6151844 0 0.7883832
vn -0.7461268 0.07348815 0.6617358
vn -0.6122181 0.06029851 0.7883863
vn -0.7353289 0.146268 0.6617379
vn -0.6033646 0.1200171 0.7883826
vn -0.717454 0.2176385 0.6617351
vn -0.5886914 0.1785776 0.788386
vn -0.6926668 0.2869125 0.6617356
vn -0.5683564 0.2354209 0.7883832
vn -0.6612117 0.3534251 0.6617324
vn -0.5425404 0.2899942 0.7883865
vn -0.623384 0.4165331 0.6617345
vn -0.5115082 0.3417778 0.7883827
vn -0.5795534 0.4756321 0.661734
vn -0.475542 0.3902667 0.7883855
vn -0.5301421 0.5301485 0.661734
vn -0.4350022 0.4350031 0.7883815
vn -0.4756274 0.5795591 0.6617324
vn -0.3902673 0.475542 0.7883852
vn -0.4165307 0.623386 0.6617341
vn -0.3417786 0.5115079 0.7883825
vn -0.3534223 0.661212 0.6617337
vn -0.2899939 0.542541 0.7883861
vn -0.2869104 0.6926683 0.6617349
vn -0.2354218 0.5683572 0.7883822
vn -0.2176364 0.7174542 0.6617355
vn -0.1785781 0.5886924 0.7883852
vn -0.1462653 0.7353292 0.661738
vn -0.1200162 0.6033661 0.7883816
vn -0.07348697 0.7461311 0.6617312
vn -0.06029772 0.6122178 0.7883867
vn 2.350599E-07 0.7497429 0.6617293
vn 0 0.6151847 0.788383
vn 0.07348691 0.7461293 0.6617333
vn 0.06029846 0.6122198 0.7883851
vn 0.1462659 0.7353311 0.661736
vn 0.1200169 0.6033664 0.7883812
vn 0.2176373 0.7174578 0.6617312
vn 0.1785777 0.5886927 0.7883851
vn 0.2869114 0.6926709 0.6617318
vn 0.2354223 0.5683571 0.7883824
vn 0.353424 0.6612152 0.6617295
vn 0.2899949 0.5425415 0.7883855
vn 0.4165321 0.6233856 0.6617336
vn 0.3417785 0.5115076 0.7883827
vn 0.4756299 0.5795556 0.6617339
vn 0.3902666 0.4755391 0.7883873
vn 0.530143 0.5301457 0.6617355
vn 0.435002 0.4350004 0.7883831
vn 0.5795522 0.4756312 0.6617357
vn 0.475543 0.3902662 0.7883852
vn 0.6233815 0.4165337 0.6617366
vn 0.5115085 0.3417779 0.7883824
vn 0.6612107 0.3534261 0.6617329
vn 0.5425415 0.2899947 0.7883856
vn 0.6926658 0.2869141 0.661736
vn 0.5683577 0.2354218 0.788382
vn 0.7174523 0.2176398 0.6617364
vn 0.5886906 0.1785782 0.7883866
vn 0.7353312 0.1462677 0.6617354
vn 0.6033656 0.1200169 0.7883819
vn 0.7461297 0.073488 0.6617325
vn 0.6122196 0.06029851 0.7883852
vn 0.7497371 0 0.6617358
vn 0.6151845 0 0.7883832
vn 0.7461268 -0.07348815 0.6617358
vn 0.6122181 -0.06029851 0.7883863
vn 0.7353311 -0.1462677 0.6617355
vn 0.6033673 -0.1200168 0.7883806
vn 0.7174551 -0.2176385 0.6617339
vn 0.5886943 -0.1785782 0.7883836
vn 0.6926661 -0.2869117 0.6617366
vn 0.5683577 -0.2354219 0.788382
vn 0.6612125 -0.3534231 0.6617327
vn 0.5425412 -0.2899934 0.7883863
vn 0.6233814 -0.4165318 0.6617377
vn 0.5115064 -0.3417783 0.7883837
vn 0.57955 -0.4756306 0.6617381
vn 0.4755402 -0.3902654 0.7883873
vn 0.5301415 -0.5301474 0.6617354
vn 0.4350024 -0.4350009 0.7883826
vn 0.4756274 -0.5795591 0.6617324
vn 0.3902673 -0.475542 0.7883852
vn 0.4165307 -0.623386 0.6617341
vn 0.3417785 -0.5115079 0.7883825
vn 0.3534223 -0.661212 0.6617337
vn 0.2899939 -0.542541 0.7883861
vn 0.2869104 -0.6926683 0.6617349
vn 0.2354218 -0.5683572 0.7883822
vn 0.2176364 -0.7174542 0.6617355
vn 0.1785781 -0.5886924 0.7883852
vn 0.1462657 -0.7353292 0.661738
vn 0.1200164 -0.603366 0.7883816
vn 0.07348659 -0.7461264 0.6617365
vn 0.06029781 -0.612218 0.7883866
vn 1.478211E-07 -0.7497351 0.661738
vn 0 -0.6151846 0.7883831
vn -0.07348579 -0.7461293 0.6617333
vn -0.06029763 -0.6122179 0.7883866
vn -0.1462657 -0.7353351 0.6617316
vn -0.1200161 -0.6033654 0.7883821
vn -0.2176346 -0.7174575 0.6617324
vn -0.1785774 -0.5886919 0.7883856
vn -0.2869101 -0.6926674 0.661736
vn -0.2354222 -0.568356 0.7883831
vn -0.3534238 -0.6612115 0.6617333
vn -0.2899955 -0.5425405 0.7883859
vn -0.4165314 -0.6233867 0.6617331
vn -0.3417787 -0.5115081 0.7883824
vn -0.4756308 -0.5795588 0.6617302
vn -0.3902669 -0.4755416 0.7883857
vn -2.257056E-07 -0.4120194 0.911175
vn -0.04038595 -0.410035 0.9111752
vn -0.08038003 -0.4041024 0.9111752
vn -0.1196044 -0.394277 0.9111753
vn -0.1576764 -0.3806566 0.9111744
vn -0.1942259 -0.3633677 0.9111752
vn -0.2289063 -0.3425799 0.9111755
vn 0.04038461 -0.4100351 0.9111752
vn -0.2613828 -0.318493 0.9111757
vn -0.4350007 -0.4350017 0.7883831
vn 0.08038012 -0.404103 0.911175
vn -0.2913438 -0.2913404 0.9111748
vn -0.4755413 -0.3902665 0.788386
vn 0.1196039 -0.3942767 0.9111755
vn -0.3184975 -0.2613806 0.9111748
vn -0.5115085 -0.3417779 0.7883824
vn 0.1576734 -0.3806561 0.911175
vn -0.3425836 -0.2289047 0.9111745
vn -0.5425413 -0.2899944 0.7883857
vn 0.1942246 -0.3633679 0.9111754
vn -0.3633687 -0.1942242 0.9111751
vn -0.5683563 -0.2354219 0.788383
vn 0.2289068 -0.3425804 0.9111753
vn -0.3806587 -0.1576728 0.9111741
vn -0.5886903 -0.1785782 0.7883867
vn 0.2613834 -0.3184938 0.9111753
vn -0.3942796 -0.1196021 0.9111745
vn 0.2913445 -0.2913403 0.9111746
vn -0.4041039 -0.08038045 0.9111745
vn 0.3184981 -0.261382 0.9111742
vn -0.4100392 -0.040385 0.9111735
vn 0.342583 -0.2289057 0.9111745
vn -0.4120253 0 0.9111724
vn 0.3633667 -0.1942246 0.9111758
vn -0.4100405 0.04038483 0.9111727
vn 0.380655 -0.1576735 0.9111755
vn -0.4041088 0.0803808 0.9111723
vn 0.3942809 -0.1196021 0.9111739
vn -0.3942808 0.1196025 0.9111739
vn 0.4041062 -0.08038052 0.9111735
vn -0.3806558 0.1576722 0.9111754
vn 0.4100376 -0.04038488 0.9111741
vn -0.3633674 0.1942236 0.9111758
vn 0.4120253 0 0.9111724
vn -0.3425828 0.2289044 0.9111749
vn 0.4100395 0.04038505 0.9111732
vn -0.3184975 0.2613803 0.9111749
vn 0.4041047 0.08038064 0.9111741
vn -0.2913441 0.2913406 0.9111746
vn 0.3942802 0.1196023 0.9111742
vn -0.2613848 0.3184941 0.9111747
vn 0.3806604 0.1576728 0.9111735
vn -0.2289088 0.3425814 0.9111744
vn 0.3633704 0.1942241 0.9111745
vn -0.1942277 0.3633688 0.9111744
vn 0.3425836 0.2289047 0.9111745
vn -0.1576761 0.3806572 0.9111741
vn 0.3184973 0.2613803 0.9111749
vn -0.1196051 0.3942786 0.9111745
vn 0.2913433 0.2913413 0.9111747
vn -0.08038131 0.4041054 0.9111738
vn 0.261383 0.3184939 0.9111754
vn -0.04038402 0.4100346 0.9111755
vn 0.228905 0.3425804 0.9111757
vn -9.08761E-07 0.4120159 0.9111766
vn 0.1942246 0.3633658 0.9111762
vn 0.04038406 0.4100345 0.9111755
vn 0.1576732 0.3806539 0.911176
vn 0.0803825 0.4041043 0.9111741
vn 0.1196032 0.3942775 0.9111752
vn -0.02724086 0.2765923 0.9606012
vn -1.170505E-06 0.2779345 0.9606
vn 0.02723976 0.2765886 0.9606022
vn 0.05422181 0.2725892 0.9606014
vn 0.0806784 0.2659603 0.9606019
vn 0.1063597 0.2567757 0.9606007
vn -0.05422084 0.2725891 0.9606016
vn 0.1310143 0.2451114 0.9606017
vn -0.08067788 0.265958 0.9606027
vn 0.1544105 0.2310925 0.9606007
vn -0.10636 0.2567752 0.9606009
vn 0.1763174 0.2148432 0.9606012
vn -0.1310157 0.2451105 0.9606017
vn 0.1965277 0.1965291 0.9606004
vn -0.154412 0.2310918 0.9606006
vn 0.214838 0.1763155 0.9606027
vn -0.1763171 0.2148411 0.9606017
vn 0.2310907 0.1544113 0.9606009
vn -0.1965277 0.1965271 0.9606008
vn 0.2451126 0.1310149 0.9606014
vn -0.2148417 0.1763152 0.9606018
vn 0.2567779 0.10636 0.9606001
vn -0.2310938 0.1544108 0.9606004
vn 0.265961 0.08067828 0.9606017
vn -0.2451117 0.1310145 0.9606016
vn 0.272589 0.05422197 0.9606014
vn -0.2567753 0.1063598 0.9606008
vn 0.276592 0.02724222 0.9606013
vn -0.2659602 0.08067853 0.9606019
vn 0.2779372 0 0.9605992
vn -0.2725896 0.0542216 0.9606014
vn 0.2765895 -0.02724212 0.9606019
vn -0.2765909 0.02724174 0.9606016
vn 0.2725922 -0.05422178 0.9606006
vn -0.2779372 0 0.9605992
vn 0.2659624 -0.08067712 0.9606014
vn -0.2765918 -0.02724223 0.9606014
vn 0.256772 -0.1063596 0.9606018
vn -0.2725885 -0.05422189 0.9606017
vn 0.2451105 -0.1310149 0.9606018
vn -0.2659607 -0.08067817 0.9606018
vn 0.2310943 -0.1544109 0.9606001
vn -0.2567778 -0.10636 0.9606001
vn 0.214842 -0.1763175 0.9606014
vn -0.2451144 -0.1310149 0.9606009
vn 0.1965279 -0.1965287 0.9606005
vn -0.2310925 -0.1544113 0.9606005
vn 0.1763154 -0.2148415 0.9606019
vn -0.2148402 -0.1763158 0.9606022
vn 0.1544113 -0.2310922 0.9606006
vn -0.1965292 -0.1965276 0.9606004
vn 0.1310153 -0.2451115 0.9606016
vn -0.1763157 -0.2148419 0.9606017
vn 0.1063594 -0.2567762 0.9606006
vn -0.1544102 -0.2310921 0.9606008
vn 0.08067842 -0.2659582 0.9606026
vn -0.131014 -0.2451106 0.9606019
vn 0.05422107 -0.2725889 0.9606016
vn -0.1063595 -0.2567753 0.9606009
vn 0.02724195 -0.2765903 0.9606017
vn -0.0806779 -0.2659605 0.9606019
vn -1.183924E-07 -0.2779326 0.9606006
vn -0.05422152 -0.2725938 0.9606001
vn -0.02724254 -0.2765927 0.960601
vn -0.002126301 -0.005134874 0.9999846
vn -0.001611879 -0.005311565 0.9999846
vn -0.001085725 -0.005454195 0.9999846
vn -0.0005439113 -0.005526305 0.9999846
vn 1.455085E-07 -0.005563424 0.9999845
vn 0.0005448164 -0.005526608 0.9999846
vn -0.002616262 -0.004894523 0.9999846
vn 0.00108596 -0.00545408 0.9999846
vn -0.003089628 -0.004623516 0.9999846
vn 0.001611958 -0.005312893 0.9999846
vn -0.00352225 -0.004291754 0.9999846
vn 0.002129208 -0.005137954 0.9999846
vn -0.003933106 -0.003932171 0.9999846
vn 0.002619612 -0.004896353 0.9999846
vn -0.004292178 -0.00352184 0.9999846
vn 0.00309163 -0.004623446 0.9999845
vn -0.00462772 -0.003089195 0.9999845
vn 0.003524938 -0.004291246 0.9999846
vn -0.004898516 -0.002616981 0.9999846
vn 0.003934366 -0.003931322 0.9999845
vn -0.005137061 -0.002127999 0.9999846
vn 0.004293357 -0.003521113 0.9999846
vn -0.005314381 -0.001611321 0.9999846
vn 0.004627559 -0.003089031 0.9999845
vn -0.005452637 -0.001084796 0.9999846
vn 0.004898241 -0.002616843 0.9999846
vn -0.005523674 -0.0005444245 0.9999846
vn 0.00513636 -0.002127736 0.9999846
vn -0.005558481 1.105623E-07 0.9999846
vn 0.005314388 -0.001611365 0.9999846
vn -0.005516864 0.0005436844 0.9999846
vn 0.005456515 -0.001084788 0.9999845
vn -0.005446556 0.001083909 0.9999846
vn 0.005524934 -0.0005443336 0.9999846
vn -0.005312948 0.001611494 0.9999846
vn 0.00556084 0 0.9999846
vn -0.0051387 0.00212792 0.9999845
vn 0.005523658 0.0005444002 0.9999846
vn -0.00489806 0.002616748 0.9999846
vn 0.005452285 0.001084739 0.9999846
vn -0.004625486 0.00308898 0.9999845
vn 0.005314342 0.001611354 0.9999846
vn -0.004291399 0.003521138 0.9999846
vn 0.005139107 0.00212802 0.9999845
vn -0.003933386 0.003931343 0.9999846
vn 0.004896506 0.002617044 0.9999846
vn -0.003522087 0.004290249 0.9999846
vn 0.004623716 0.003089242 0.9999846
vn -0.003086921 0.004620868 0.9999846
vn 0.004292178 0.00352184 0.9999846
vn -0.002613281 0.004891396 0.9999846
vn 0.00393281 0.003931807 0.9999846
vn -0.002124314 0.005132642 0.9999846
vn 0.003522934 0.004291286 0.9999846
vn -0.001609437 0.00530813 0.9999846
vn 0.003090778 0.004623706 0.9999846
vn -0.001083819 0.00544986 0.9999846
vn 0.002617203 0.004895541 0.9999846
vn -0.0005438372 0.0055244 0.9999846
vn 0.00212921 0.005136874 0.9999846
vn -2.431166E-07 0.005562754 0.9999845
vn 0.001612441 0.005311522 0.9999846
vn 0.0005439534 0.005525475 0.9999846
vn 0.00108421 0.005451932 0.9999846
vn 0.05309767 -0.2669409 0.962249
vn 0.02667783 -0.2708652 0.9622475
vn 1.028573E-07 -0.2721711 0.9622489
vn -0.02667727 -0.2708659 0.9622474
vn -0.05309756 -0.2669405 0.9622492
vn -0.07900812 -0.260456 0.9622476
vn 0.07900843 -0.2604569 0.9622473
vn -0.1041572 -0.2514531 0.9622487
vn 0.1041559 -0.2514533 0.9622488
vn -0.128305 -0.2400386 0.9622471
vn 0.1283033 -0.2400386 0.9622473
vn -0.1512103 -0.2263017 0.9622489
vn 0.1512101 -0.2263009 0.9622492
vn -0.1726669 -0.2103952 0.9622474
vn 0.1726666 -0.2103948 0.9622475
vn -0.1924521 -0.1924533 0.9622495
vn 0.1924525 -0.1924536 0.9622493
vn -0.2103927 -0.1726665 0.962248
vn 0.2103951 -0.1726668 0.9622474
vn -0.2262992 -0.1512099 0.9622496
vn 0.2262995 -0.1512101 0.9622495
vn -0.2400378 -0.1283032 0.9622475
vn 0.2400378 -0.1283031 0.9622475
vn -0.2514521 -0.1041552 0.9622493
vn 0.2514538 -0.1041551 0.9622488
vn -0.2604533 -0.07900861 0.9622483
vn 0.2604533 -0.07900871 0.9622483
vn -0.2669405 -0.0530978 0.9622492
vn 0.2669391 -0.05309824 0.9622495
vn -0.2708672 -0.02667771 0.962247
vn 0.2708665 -0.02667797 0.9622471
vn -0.2721704 1.253341E-07 0.962249
vn 0.2721708 3.069345E-07 0.9622489
vn -0.2708654 0.02667774 0.9622475
vn 0.2708675 0.02667784 0.962247
vn -0.2669391 0.05309773 0.9622495
vn 0.2669389 0.05309787 0.9622496
vn -0.2604574 0.07900865 0.9622471
vn 0.260453 0.07900847 0.9622484
vn -0.2514559 0.1041552 0.9622481
vn 0.2514575 0.1041551 0.9622478
vn -0.2400377 0.1283031 0.9622475
vn 0.2400396 0.1283031 0.9622471
vn -0.2262994 0.1512102 0.9622495
vn 0.2262971 0.1512099 0.9622501
vn -0.2103934 0.172667 0.9622477
vn 0.2103926 0.1726665 0.962248
vn -0.1924524 0.1924536 0.9622493
vn 0.1924529 0.1924532 0.9622493
vn -0.1726637 0.2103951 0.9622479
vn 0.1726677 0.2103951 0.9622473
vn -0.1512083 0.2263018 0.9622493
vn 0.1512103 0.2263017 0.9622489
vn -0.128304 0.2400385 0.9622471
vn 0.1283047 0.2400379 0.9622473
vn -0.1041563 0.251453 0.9622489
vn 0.1041569 0.2514524 0.9622489
vn -0.07900868 0.2604563 0.9622475
vn 0.07900766 0.2604562 0.9622476
vn -0.05309739 0.2669409 0.962249
vn 0.05309764 0.2669407 0.9622492
vn -0.02667776 0.2708655 0.9622475
vn 0.02667777 0.2708657 0.9622474
vn -2.188136E-07 0.272171 0.9622489
vn 0.1257922 0.4146778 0.9012318
vn 0.08454007 0.4250064 0.9012339
vn 0.04247405 0.4312512 0.9012315
vn -1.318643E-07 0.433334 0.9012334
vn -0.04247419 0.4312513 0.9012315
vn -0.08453912 0.4250065 0.9012339
vn 0.1658316 0.400348 0.9012333
vn -0.1257913 0.4146779 0.9012318
vn 0.2042764 0.3821701 0.9012309
vn -0.1658294 0.4003475 0.9012339
vn 0.2407495 0.3603034 0.9012331
vn -0.2042753 0.3821698 0.9012313
vn 0.2749104 0.3349746 0.9012303
vn -0.2407479 0.3603041 0.9012333
vn 0.3064164 0.3064128 0.9012326
vn -0.2749065 0.3349748 0.9012315
vn 0.3349753 0.2749068 0.9012312
vn -0.306414 0.3064128 0.9012334
vn 0.3603013 0.2407477 0.9012344
vn -0.3349755 0.2749068 0.9012311
vn 0.3821714 0.2042738 0.9012309
vn -0.3603044 0.2407473 0.9012333
vn 0.4003508 0.1658289 0.9012324
vn -0.3821712 0.2042737 0.9012311
vn 0.4146781 0.1257911 0.9012317
vn -0.4003505 0.165829 0.9012327
vn 0.4250102 0.08453926 0.9012322
vn -0.4146795 0.125791 0.9012311
vn 0.4312572 0.0424744 0.9012287
vn -0.4250093 0.08453883 0.9012327
vn 0.4333374 2.141311E-07 0.9012318
vn -0.4312561 0.04247439 0.9012292
vn 0.4312532 -0.04247442 0.9012306
vn -0.4333373 0 0.9012318
vn 0.4250079 -0.08453949 0.9012333
vn -0.4312541 -0.0424744 0.9012302
vn 0.4146789 -0.1257913 0.9012314
vn -0.4250097 -0.0845391 0.9012325
vn 0.4003508 -0.1658291 0.9012324
vn -0.4146814 -0.125791 0.9012303
vn 0.3821727 -0.2042734 0.9012305
vn -0.4003505 -0.1658289 0.9012327
vn 0.3603038 -0.2407469 0.9012337
vn -0.38217 -0.2042742 0.9012315
vn 0.3349751 -0.2749065 0.9012314
vn -0.3603033 -0.2407477 0.9012337
vn 0.3064131 -0.3064129 0.9012337
vn -0.3349752 -0.2749068 0.9012312
vn 0.2749065 -0.3349749 0.9012315
vn -0.3064128 -0.3064128 0.9012339
vn 0.2407487 -0.3603036 0.9012333
vn -0.2749083 -0.3349746 0.9012311
vn 0.2042744 -0.3821701 0.9012314
vn -0.2407495 -0.3603034 0.9012331
vn 0.1658296 -0.4003483 0.9012334
vn -0.2042763 -0.3821698 0.9012311
vn 0.1257917 -0.414678 0.9012317
vn -0.1658319 -0.4003475 0.9012334
vn 0.08453914 -0.4250065 0.9012339
vn -0.1257913 -0.414678 0.9012318
vn 0.04247458 -0.4312505 0.9012319
vn -0.08453888 -0.4250073 0.9012336
vn 0 -0.433332 0.9012343
vn -0.0424742 -0.4312502 0.901232
vn 0.2031848 -0.6698101 0.7141922
vn 0.1365511 -0.6864917 0.7142009
vn 0.2678559 -0.6466618 0.7142001
vn 0.06860673 -0.6965778 0.7141936
vn -6.04183E-07 -0.6999382 0.7142033
vn 0.3299545 -0.6173007 0.7141919
vn -0.0686066 -0.6965761 0.7141953
vn -0.1365507 -0.6864915 0.7142012
vn 0.3888674 -0.58198 0.7141997
vn -0.2031845 -0.6698102 0.7141922
vn 0.444043 -0.5410683 0.7141926
vn -0.267857 -0.6466616 0.7141998
vn 0.4949326 -0.4949335 0.7142007
vn -0.3299545 -0.6173 0.7141925
vn 0.5410672 -0.4440432 0.7141932
vn -0.3888673 -0.5819793 0.7142004
vn 0.5819806 -0.3888663 0.7141999
vn -0.4440427 -0.541068 0.7141929
vn 0.6173004 -0.3299538 0.7141924
vn -0.4949317 -0.4949344 0.7142006
vn 0.6466612 -0.267856 0.7142006
vn -0.5410686 -0.4440438 0.7141918
vn 0.6698091 -0.2031848 0.714193
vn -0.5819808 -0.3888665 0.7141997
vn 0.6864924 -0.136552 0.7142
vn -0.6172996 -0.3299535 0.7141932
vn 0.6965802 -0.0686072 0.7141912
vn -0.6466621 -0.2678555 0.7142
vn 0.699942 0 0.7141996
vn -0.6698116 -0.2031841 0.7141908
vn 0.69658 0.06860717 0.7141913
vn -0.6864917 -0.1365518 0.7142008
vn 0.6864929 0.1365518 0.7141997
vn -0.6965776 -0.06860712 0.7141938
vn 0.6698086 0.2031848 0.7141935
vn -0.699942 -1.641667E-07 0.7141996
vn 0.6466599 0.2678556 0.7142018
vn -0.6965792 0.06860703 0.7141923
vn 0.6173001 0.3299531 0.714193
vn -0.6864926 0.1365519 0.7142
vn 0.5819792 0.3888669 0.7142009
vn -0.6698094 0.2031848 0.7141927
vn 0.5410686 0.4440438 0.7141918
vn -0.6466606 0.2678563 0.714201
vn 0.4949334 0.494934 0.7141997
vn -0.617299 0.3299542 0.7141933
vn 0.4440427 0.5410679 0.714193
vn -0.5819792 0.3888666 0.7142009
vn 0.3888673 0.5819793 0.7142004
vn -0.5410672 0.4440432 0.7141932
vn 0.3299548 0.6173006 0.7141917
vn -0.4949326 0.4949335 0.7142007
vn 0.2678574 0.6466626 0.7141987
vn -0.4440426 0.5410683 0.7141928
vn 0.2031859 0.6698098 0.7141922
vn -0.3888657 0.5819806 0.7142003
vn 0.1365526 0.686491 0.7142014
vn -0.3299527 0.6173002 0.7141929
vn 0.06860699 0.696578 0.7141933
vn -0.2678548 0.6466614 0.7142009
vn 1.269394E-07 0.6999412 0.7142005
vn -0.2031844 0.6698095 0.7141929
vn -0.06860664 0.6965776 0.7141938
vn -0.1365512 0.6864906 0.714202
vn 0 0 -1
vn 6.218255E-07 0 -1
vn 0 0 -1
vn 1.243589E-06 0 -1
vn 0 0 -1
vn 0 0 -1
vn 0 0 -1
vn 6.218263E-07 0 -1
vn 0 0 -1
vn -5.720536E-07 0 -1
vn -1.109495E-06 0 -1
vn 0 0 -1
vn 0 0 -1
vn -8.052547E-07 0 -1
vn -1.109493E-06 0 -1
vn 0 0 -1
vn 0 0 -1
vn -2.331837E-07 0 -1
vn 0 0 -1
vn -1.243588E-06 0 -1
vn -1.77517E-05 0 -1
vn -3.109001E-07 0 -1
vn 0 0 -1
vn -1.039631E-05 0 -1
vn -1.775141E-05 0 -1
vn -3.10915E-07 0 -1
vn 0 0 -1
vn -1.039684E-05 0 -1
vn 1.775152E-05 0 -1
vn -6.217935E-07 0 -1
vn 0 0 -1
vn 6.665292E-06 0 -1
vn 0 0 -1
vn -1.865476E-06 0 -1
vn 0 0 -1
vn -2.487315E-06 0 -1
vn -1.775176E-05 0 -1
vn -1.243587E-06 0 -1
vn 0 0 -1
vn -1.288372E-05 0 -1
vn 0 0 -1
vn 1.243655E-06 0 -1
vn 0 0 -1
vn -1.2436E-06 0 -1
vn 3.550333E-05 0 -1
vn -6.666209E-06 0 -1
vn -1.775176E-05 0 -1
vn 1.706191E-05 0 -1
vn 3.550339E-05 0 -1
vn 0 0 -1
vn 0 0 -1
vn 1.581926E-05 0 -1
vn 0 0 -1
vn 0 0 -1
vn 0 0 -1
vn 0 0 -1
vn 0 0 -1
vn 1.244365E-06 0 -1
vn 0 0 -1
vn 1.243592E-06 0 -1
vn 1.775131E-05 0 -1
vn 1.244022E-06 0 -1
vn 0 0 -1
vn 9.152547E-06 0 -1
vn 0 0 -1
vn -9.152547E-06 0 -1
vn -1.775131E-05 0 -1
vn -1.244022E-06 0 -1
vn 0 0 -1
vn -1.243592E-06 0 -1
vn 0 0 -1
vn -1.244365E-06 0 -1
vn 0 0 -1
vn -1.58182E-05 0 -1
vn -3.550342E-05 0 -1
vn 0 0 -1
vn 0 0 -1
vn 0 0 -1
vn 0 0 -1
vn 0 0 -1
vn 1.775176E-05 0 -1
vn -1.243323E-06 0 -1
vn 0 0 -1
vn 6.666209E-06 0 -1
vn 0 0 -1
vn -1.457521E-05 0 -1
vn -3.55029E-05 0 -1
vn -1.243655E-06 0 -1
vn 0 0 -1
vn 1.288372E-05 0 -1
vn 1.775176E-05 0 -1
vn 1.243587E-06 0 -1
vn 0 0 -1
vn 2.487315E-06 0 -1
vn 0 0 -1
vn 1.865477E-06 0 -1
vn 0 0 -1
vn -6.665292E-06 0 -1
vn -1.775152E-05 0 -1
vn 6.217947E-07 0 -1
vn 0 0 -1
vn 1.039684E-05 0 -1
vn 1.775141E-05 0 -1
vn 3.10915E-07 0 -1
vn 4.437664E-06 1.636344E-05 -1
vn 1.039631E-05 0 -1
vn 1.77517E-05 0 -1
vn 1.355479E-06 7.34725E-06 -1
vn 3.328179E-06 -1.091557E-07 -1
vn 1.243588E-06 0 -1
vn 0 0 -1
vn 1.40508E-06 0 -1
vn 1.109495E-06 -3.29453E-05 -1
vn 0 0 -1
vn 0 0 -1
vn 6.498065E-07 -1.473604E-05 -1
vn -2.21867E-06 -1.092358E-07 -1
vn 0 0 -1
vn 0 0 -1
vn -1.066218E-06 0 -1
vn -4.437686E-06 1.636352E-05 -1
vn -6.218288E-07 0 -1
vn 0 0 -1
vn -1.355464E-06 7.347207E-06 -1
vn 0 0 -1
vn -1.243592E-06 0 -1
vn 0 0 -1
vn -6.218266E-07 0 -1
vn 7.759648E-07 -7.947864E-07 -1
vn -6.436934E-07 -5.112612E-07 -1
vn -1.613854E-06 0 -1
vn -6.379757E-07 -4.085761E-07 -1
vn 1.376851E-06 -1.551099E-06 -1
vn -5.746501E-07 -4.397019E-07 -1
vn 1.150815E-06 -7.846782E-07 -1
vn 1.480697E-07 1.450446E-06 -1
vn 2.475091E-06 -6.783199E-07 -1
vn 1.327606E-07 -4.397033E-07 -1
vn 1.858943E-06 -1.272585E-07 -1
vn -1.643751E-06 -1.551103E-06 -1
vn 7.921515E-07 0 -1
vn -2.102572E-07 -4.085786E-07 -1
vn 1.531694E-06 0 -1
vn 9.212708E-07 0 -1
vn 1.051457E-06 0 -1
vn 2.003838E-06 0 -1
vn 2.905639E-06 0 -1
vn 1.040437E-06 0 -1
vn 3.448599E-06 0 -1
vn -1.323769E-06 -5.246685E-07 -1
vn -2.598919E-07 0 -1
vn -3.798908E-06 -6.783189E-07 -1
vn 0 0 -1
vn -1.683945E-06 -6.551899E-07 -1
vn 2.108372E-06 0 -1
vn -1.663516E-06 -5.043917E-07 -1
vn -1.30957E-06 0 -1
vn -1.815643E-06 0 -1
vn -5.433286E-07 0 -1
vn -8.008676E-07 0 -1
vn 8.008676E-07 0 -1
vn 5.433286E-07 0 -1
vn 1.815643E-06 0 -1
vn 1.30957E-06 0 -1
vn 1.663516E-06 5.043917E-07 -1
vn -5.247246E-07 0 -1
vn 1.683945E-06 6.551899E-07 -1
vn -2.647624E-06 0 -1
vn 3.798908E-06 6.783189E-07 -1
vn -1.848464E-06 0 -1
vn 1.323769E-06 5.246685E-07 -1
vn -1.338071E-06 0 -1
vn -1.040437E-06 0 -1
vn -2.905639E-06 0 -1
vn -2.003836E-06 0 -1
vn -1.051457E-06 0 -1
vn -9.212685E-07 0 -1
vn -1.531694E-06 0 -1
vn 2.102568E-07 4.085778E-07 -1
vn -7.921515E-07 0 -1
vn 0 8.915101E-07 -1
vn -1.858943E-06 1.272585E-07 -1
vn 0 9.42729E-07 -1
vn -2.475091E-06 6.783192E-07 -1
vn -1.828863E-07 4.293663E-07 -1
vn -1.150815E-06 7.846772E-07 -1
vn -7.851297E-07 -4.443151E-07 -1
vn -7.759646E-07 7.947854E-07 -1
vn -2.709884E-07 -4.340579E-07 -1
vn 6.436929E-07 5.112619E-07 -1
vn 1.31447E-06 0 -1
vn 1.61385E-06 0 -1
vn -6.167644E-07 1.376298E-07 -1
vn -7.860417E-07 1.390446E-07 -1
vn 0 2.613013E-07 -1
vn 6.281587E-07 0 -1
vn -2.917096E-07 0 -1
vn 1.570602E-06 3.628848E-07 -1
vn -5.166654E-07 6.701231E-07 -1
vn 6.880667E-07 4.679544E-07 -1
vn 6.877981E-07 6.29507E-07 -1
vn -1.786524E-06 8.547784E-07 -1
vn 1.174176E-06 0 -1
vn -1.238714E-06 7.283896E-07 -1
vn 0 0 -1
vn -1.964755E-06 0 -1
vn 0 0 -1
vn 3.861879E-07 0 -1
vn 4.733958E-07 3.214543E-07 -1
vn 9.594213E-07 0 -1
vn 3.225067E-07 1.12697E-06 -1
vn 1.356432E-06 0 -1
vn 1.238713E-06 7.283885E-07 -1
vn 1.134304E-06 0 -1
vn 1.189362E-06 6.698465E-07 -1
vn 0 0 -1
vn 7.500798E-07 0 -1
vn -5.66873E-07 0 -1
vn 7.909317E-07 -3.711676E-07 -1
vn -3.980425E-07 2.553121E-07 -1
vn -2.138002E-07 0 -1
vn -1.367245E-06 0 -1
vn -5.537293E-07 0 -1
vn -1.173802E-06 -1.711661E-07 -1
vn 0 0 -1
vn -7.416255E-07 -1.344211E-07 -1
vn 2.793633E-07 0 -1
vn -2.779707E-07 -4.558663E-07 -1
vn 0 0 -1
vn -7.909317E-07 3.711676E-07 -1
vn 2.875111E-07 0 -1
vn -7.500797E-07 0 -1
vn 1.843389E-07 1.754957E-07 -1
vn -1.189362E-06 -6.698465E-07 -1
vn 1.61049E-07 -1.344215E-07 -1
vn -8.829055E-07 -7.283885E-07 -1
vn -4.896982E-07 -3.544505E-07 -1
vn 0 -1.12697E-06 -1
vn 0 -2.443662E-07 -1
vn -4.733954E-07 -3.214537E-07 -1
vn 1.898848E-07 -5.589946E-07 -1
vn 0 0 -1
vn 1.964755E-06 0 -1
vn 0 0 -1
vn 1.238714E-06 -7.283903E-07 -1
vn -1.174177E-06 0 -1
vn 1.786522E-06 -8.5478E-07 -1
vn -9.621774E-07 -1.145941E-07 -1
vn -6.880662E-07 -4.679551E-07 -1
vn 1.338583E-06 -1.654284E-07 -1
vn -1.570602E-06 -3.628852E-07 -1
vn 3.771765E-07 -3.683403E-07 -1
vn -1.921134E-07 0 -1
vn -1.504192E-06 -1.654271E-07 -1
vn 5.951853E-07 0 -1
vn 3.737396E-07 -1.145909E-07 -1
vn -1.12421E-06 3.57527E-07 -1
vn 0 0 -1
vn 1.845733E-06 -1.007142E-07 -1
vn 5.508162E-07 1.25531E-07 -1
vn -1.83573E-06 0 -1
vn 0 1.257993E-07 -1
vn -9.043813E-07 5.007532E-07 -1
vn 8.524768E-07 2.667737E-07 -1
vn -1.674505E-06 9.152583E-07 -1
vn -8.582509E-07 7.149701E-07 -1
vn 0 0 -1
vn 0 1.143802E-06 -1
vn -1.966202E-06 6.086573E-07 -1
vn -2.115217E-06 8.720795E-07 -1
vn 1.476099E-06 -1.128744E-06 -1
vn -1.27966E-06 3.502958E-07 -1
vn 9.3515E-07 0 -1
vn -4.741007E-07 3.262534E-07 -1
vn 1.437841E-06 0 -1
vn 4.6477E-07 -8.213498E-07 -1
vn -1.708153E-06 0 -1
vn 2.10859E-06 -6.080111E-07 -1
vn 0 0 -1
vn 7.994943E-07 -5.452541E-07 -1
vn -3.14467E-07 0 -1
vn -1.225251E-06 4.419485E-07 -1
vn 2.439537E-06 -4.587603E-07 -1
vn 1.003467E-07 -1.537365E-07 -1
vn 6.199017E-07 -2.218505E-07 -1
vn -8.554906E-07 1.885643E-07 -1
vn -1.420529E-06 -5.961881E-07 -1
vn 2.011848E-06 6.667389E-07 -1
vn 7.408212E-07 -9.808506E-07 -1
vn 1.326687E-07 -3.851447E-07 -1
vn 3.22159E-07 -5.485616E-07 -1
vn -1.106823E-06 9.259066E-07 -1
vn 2.803451E-07 2.136754E-07 -1
vn -5.306908E-07 -3.563478E-07 -1
vn 1.357407E-06 -5.799442E-07 -1
vn -1.764781E-06 5.95298E-07 -1
vn 4.41794E-07 5.353102E-07 -1
vn 0 0 -1
vn -3.53246E-07 0 -1
vn 1.011624E-06 1.110244E-06 -1
vn -1.115966E-06 6.727444E-07 -1
vn 1.699658E-06 7.410724E-07 -1
vn 1.45111E-06 8.281708E-07 -1
vn -8.420091E-07 0 -1
vn 3.51342E-07 1.134694E-06 -1
vn 1.505356E-06 -1.624138E-07 -1
vn -1.31911E-06 -6.732502E-07 -1
vn 7.335678E-07 -6.068319E-07 -1
vn -4.911829E-07 5.820209E-07 -1
vn -1.702142E-07 0 -1
vn -1.142848E-06 -2.813506E-07 -1
vn -6.827763E-07 -7.810627E-07 -1
vn -1.180105E-06 -6.864425E-07 -1
vn 1.440561E-06 8.574559E-07 -1
vn 0 0 -1
vn -1.677482E-06 -1.007245E-07 -1
vn -3.919628E-07 -4.414349E-07 -1
vn 6.961455E-07 -5.344716E-07 -1
vn 0 -5.253493E-07 -1
vn 0 0 -1
vn -1.358546E-06 -1.245124E-07 -1
vn -1.348342E-06 0 -1
vn -8.766651E-07 -3.510504E-07 -1
vn 2.435649E-07 -5.276431E-07 -1
vn -4.395604E-07 -6.873954E-07 -1
vn -4.24329E-07 -5.382843E-07 -1
vn -3.516885E-07 0 -1
vn 0 0 -1
vn -1.080624E-06 0 -1
vn -2.622412E-07 -4.960565E-07 -1
vn -1.009742E-07 -4.993337E-07 -1
vn 5.721553E-07 -1.706915E-07 -1
vn -3.163785E-07 0 -1
vn 3.708057E-07 -1.38027E-07 -1
vn -6.691307E-07 -2.779488E-07 -1
vn -4.87564E-07 -5.523961E-07 -1
vn -2.032982E-06 0 -1
vn -2.686293E-07 0 -1
vn -2.562427E-07 -2.157579E-07 -1
vn 1.077638E-06 -2.343336E-07 -1
vn -1.93552E-06 0 -1
vn 1.225638E-06 0 -1
vn 0 0 -1
vn -1.752132E-07 -4.752665E-07 -1
vn -4.472553E-07 -4.909269E-07 -1
vn 2.8876E-07 -1.49879E-07 -1
vn 1.028271E-06 0 -1
vn 7.502443E-07 -7.397588E-07 -1
vn 9.963563E-07 -5.949342E-07 -1
vn -1.132996E-06 -2.264135E-07 -1
vn -1.443794E-06 -5.227424E-07 -1
vn -2.616392E-07 -2.027536E-07 -1
vn 6.909823E-07 -1.011188E-07 -1
vn 3.617604E-07 0 -1
vn -4.032789E-07 -4.598115E-07 -1
vn 0 -2.421361E-07 -1
vn -3.411771E-07 1.480672E-07 -1
vn 5.96623E-07 -2.885043E-07 -1
vn -5.755087E-07 -3.863626E-07 -1
vn 4.59498E-07 -5.536843E-07 -1
vn 3.748083E-07 -5.229494E-07 -1
vn -2.464039E-07 -2.976163E-07 -1
vn 7.809847E-07 0 -1
vn -3.671084E-07 0 -1
vn -1.219803E-06 0 -1
vn -3.491184E-07 0 -1
vn -3.421707E-07 0 -1
vn 8.823405E-07 2.032852E-07 -1
vn -7.769453E-07 0 -1
vn 5.437055E-07 2.125391E-07 -1
vn -4.590354E-07 4.387257E-07 -1
vn -4.440701E-07 2.12539E-07 -1
vn 0 0 -1
vn 6.826465E-07 -1.994867E-07 -1
vn 1.054084E-06 7.102322E-07 -1
vn 1.349675E-07 -4.693746E-07 -1
vn 6.743848E-07 6.173123E-07 -1
vn -2.18343E-07 -5.019418E-07 -1
vn 0 -5.923429E-07 -1
vn -1.080771E-06 2.118484E-07 -1
vn 2.084372E-07 4.815076E-07 -1
vn -6.253489E-07 3.070076E-07 -1
vn -5.993029E-07 8.149322E-07 -1
vn -9.769302E-07 1.094263E-06 -1
vn 2.417669E-07 2.996727E-07 -1
vn -7.818724E-07 7.987794E-07 -1
vn -2.987701E-07 0 -1
vn 0 -3.74103E-07 -1
vn -1.112106E-06 5.286563E-07 -1
vn -4.163022E-07 4.90813E-07 -1
vn 1.370177E-06 0 -1
vn 0 0 -1
vn -1.346122E-06 -2.027786E-07 -1
vn -1.143547E-06 5.413848E-07 -1
vn 0 4.637788E-07 -1
vn -2.092195E-07 0 -1
vn 0 0 -1
vn -1.398496E-07 0 -1
vn 0 3.215436E-07 -1
vn -2.619953E-07 4.885718E-07 -1
vn 2.862051E-07 2.354131E-07 -1
vn -3.780297E-07 0 -1
vn 2.015324E-07 0 -1
vn -9.478692E-07 2.808345E-07 -1
vn -5.685158E-07 4.887671E-07 -1
vn -6.240913E-07 0 -1
vn 0 0 -1
vn 4.140238E-07 0 -1
vn -2.558509E-07 0 -1
vn 5.26606E-07 0 -1
vn -7.610334E-07 0 -1
vn -1.071082E-06 4.630156E-07 -1
vn 5.538027E-07 0 -1
vn -2.29011E-07 0 -1
vn -6.46136E-07 0 -1
vn 0 0 -1
vn 1.901189E-07 2.887708E-07 -1
vn 5.923194E-07 2.120096E-07 -1
vn 2.842584E-07 0 -1
vn 6.872282E-07 0 -1
vn 7.692528E-07 0 -1
vn -8.731326E-07 4.314972E-07 -1
vn 1.743436E-07 2.262066E-07 -1
vn 1.265833E-06 2.443676E-07 -1
vn 1.242352E-06 0 -1
vn -5.977485E-07 2.120096E-07 -1
vn 6.860153E-07 4.477964E-07 -1
vn -5.34366E-07 4.88572E-07 -1
vn -2.821861E-07 0 -1
vn 1.116213E-07 0 -1
vn 1.311459E-06 2.198904E-07 -1
vn -1.112798E-06 5.467426E-07 -1
vn 1.197937E-07 0 -1
vn 7.280273E-07 0 -1
vn -1.249706E-06 0 -1
vn -3.269944E-07 0 -1
vn 3.761098E-07 -2.412464E-07 -1
vn -4.674596E-07 0 -1
vn -2.708672E-07 0 -1
vn 3.405103E-07 -4.88572E-07 -1
vn 0 -1.99487E-07 -1
vn 2.726014E-07 -2.034695E-07 -1
vn -1.27622E-06 0 -1
vn -3.637462E-07 -4.693748E-07 -1
vn -3.79009E-07 -4.887675E-07 -1
vn 0 0 -1
vn 1.545858E-06 -5.309106E-07 -1
vn -3.137231E-07 0 -1
vn 0 -1.718827E-07 -1
vn -4.983037E-07 0 -1
vn 8.334462E-07 0 -1
vn 1.812528E-06 3.547107E-07 -1
vn 0 1.6102E-07 -1
vn 0 0 -1
vn 1.077297E-06 4.347625E-07 -1
vn 1.751844E-06 0 -1
vn 1.010277E-07 -6.793299E-07 -1
vn 1.371101E-06 -5.105608E-07 -1
vn 0 -6.304338E-07 -1
vn -3.875574E-07 4.841622E-07 -1
vn -2.550415E-07 0 -1
vn -2.641052E-07 -1.112027E-07 -1
vn -5.919118E-07 0 -1
vn -8.099016E-07 0 -1
vn 0 5.108272E-07 -1
vn -1.42345E-06 -3.451315E-07 -1
vn -2.559887E-07 0 -1
vn 1.453731E-07 0 -1
vn -3.903357E-07 0 -1
vn 1.105676E-07 3.563483E-07 -1
vn -4.857365E-07 9.808506E-07 -1
vn 2.478014E-07 1.568192E-07 -1
vn 6.907774E-07 7.585731E-07 -1
vn -1.485845E-06 0 -1
vn -1.98753E-07 6.234788E-07 -1
vn -5.55386E-07 0 -1
vn 9.911771E-07 2.918092E-07 -1
vn 0 2.05345E-07 -1
vn -9.346433E-07 -1.995361E-07 -1
vn 7.685435E-07 -1.255294E-07 -1
vn -8.448084E-07 0 -1
vn 0 0 -1
vn -1.42324E-06 0 -1
vn 6.048669E-07 -1.387071E-07 -1
vn -3.689665E-07 0 -1
vn -3.560337E-07 -1.046123E-07 -1
vn -3.808461E-07 2.133335E-07 -1
vn -3.698178E-07 0 -1
vn -2.540586E-07 -1.158856E-07 -1
vn 2.607328E-07 1.127699E-07 -1
vn 0 0 -1
vn 6.913699E-07 1.018233E-06 -1
vn 3.496906E-07 5.832331E-07 -1
vn 5.309768E-07 0 -1
vn 0 0 -1
vn 1.307088E-07 0 -1
vn -6.486227E-07 9.077761E-07 -1
vn 0 0 -1
vn 2.516299E-07 0 -1
vn 6.481544E-07 1.0692E-07 -1
vn -3.702799E-07 4.586017E-07 -1
vn -1.335918E-06 4.269686E-07 -1
vn -1.945492E-06 -1.387074E-07 -1
vn -5.885217E-07 0 -1
vn 4.872711E-07 0 -1
vn 1.353795E-06 0 -1
vn 2.510604E-07 0 -1
vn 3.859452E-07 0 -1
vn -5.317271E-07 0 -1
vn -6.094371E-07 -1.158861E-07 -1
vn -5.647521E-07 1.069209E-07 -1
vn 6.188248E-07 0 -1
vn 4.144189E-07 -4.449802E-07 -1
vn 2.848149E-06 -2.037899E-07 -1
vn -3.88488E-07 5.462282E-07 -1
vn -7.607767E-07 3.799295E-07 -1
vn -4.270109E-07 0 -1
vn -1.192181E-06 0 -1
vn 1.445126E-07 0 -1
vn 1.365946E-06 2.044754E-07 -1
vn 8.923276E-07 1.624153E-07 -1
vn -8.34854E-07 0 -1
vn 5.029434E-07 -1.907041E-07 -1
vn 0 0 -1
vn 3.702799E-07 4.586018E-07 -1
vn -8.543936E-07 0 -1
vn 1.84344E-06 -7.510235E-07 -1
vn 1.823079E-06 -8.574564E-07 -1
vn -1.024056E-06 2.487752E-07 -1
vn 2.734929E-07 2.119096E-07 -1
vn -5.479232E-07 1.721659E-07 -1
vn 3.903342E-07 0 -1
vn 2.462968E-07 0 -1
vn -5.047189E-07 0 -1
vn -1.788039E-06 0 -1
vn -8.016448E-07 1.277947E-07 -1
vn 1.286501E-06 -5.294681E-07 -1
vn -5.05599E-07 0 -1
vn -1.028397E-06 -2.723832E-07 -1
vn 1.445777E-06 -1.006994E-06 -1
vn 5.432279E-07 -4.869898E-07 -1
vn 1.700481E-06 -8.763972E-07 -1
vn -3.497407E-07 0 -1
vn 0 0 -1
vn -3.939238E-07 0 -1
vt 0.285817 0.4214638
vt 0.285817 0.4214638
vt 0.285817 0.431971
vt 0.2681743 0.388357
vt 0.268229 0.3809343
vt 0.268229 0.3809343
vt 0.309923 0.366336
vt 0.320843 0.3638807
vt 0.3103089 0.3639893
vt 0.3204932 0.3662271
vt 0.3099548 0.3692348
vt 0.3323552 0.3637843
vt 0.3205218 0.3691258
vt 0.3107283 0.3789913
vt 0.3320449 0.3661304
vt 0.3447363 0.3637012
vt 0.3212223 0.3788831
vt 0.315535 0.429342
vt 0.3320701 0.3690292
vt 0.3444684 0.3660469
vt 0.3578657 0.363632
vt 0.3255752 0.4292385
vt 0.3263966 0.5407369
vt 0.3326907 0.3787871
vt 0.34449 0.3689458
vt 0.3576428 0.3659775
vt 0.371618 0.3635776
vt 0.3354115 0.5406439
vt 0.3372893 0.6530495
vt 0.3365477 0.4291466
vt 0.3450246 0.3787043
vt 0.3576605 0.3688764
vt 0.3714423 0.3659229
vt 0.3858599 0.3635383
vt 0.345276 0.6529672
vt 0.3421748 0.7057226
vt 0.3452635 0.5405615
vt 0.3483483 0.4290674
vt 0.358104 0.3786354
vt 0.3714559 0.3688217
vt 0.385733 0.3658834
vt 0.4004549 0.3635145
vt 0.3497001 0.705645
vt 0.3430017 0.7170539
vt 0.3540043 0.6528941
vt 0.3558591 0.5404903
vt 0.3608621 0.4290015
vt 0.3718039 0.3785811
vt 0.3857424 0.3687823
vt 0.4003781 0.3658596
vt 0.4152621 0.3635066
vt 0.4152361 0.3658516
vt 0.4301389 0.3635145
vt 0.4003831 0.3687585
vt 0.3859916 0.3785419
vt 0.3739696 0.4289496
vt 0.367095 0.5404311
vt 0.4301639 0.3658596
vt 0.4449423 0.3635383
vt 0.4152367 0.3687505
vt 0.4005311 0.3785183
vt 0.3875438 0.4289121
vt 0.4450181 0.3658834
vt 0.4595293 0.3635776
vt 0.4301602 0.3687585
vt 0.4152819 0.3785104
vt 0.4596551 0.3659228
vt 0.47376 0.363632
vt 0.4450099 0.3687823
vt 0.4739346 0.3659775
vt 0.4874966 0.3637012
vt 0.378864 0.5403845
vt 0.4014545 0.4288895
vt 0.4301021 0.3785183
vt 0.4596426 0.3688217
vt 0.4877183 0.3660469
vt 0.5006077 0.3637843
vt 0.391052 0.5403509
vt 0.4155674 0.4288819
vt 0.444849 0.3785419
vt 0.4739179 0.3688764
vt 0.5008743 0.3661304
vt 0.512966 0.3638807
vt 0.4035422 0.5403306
vt 0.4297468 0.4288895
vt 0.4593805 0.3785811
vt 0.4876975 0.3689458
vt 0.513275 0.3662271
vt 0.5244537 0.3639893
vt 0.5248021 0.366336
vt 0.5008497 0.3690292
vt 0.5132467 0.3691258
vt 0.5247704 0.3692348
vt 0.473557 0.3786354
vt 0.4438561 0.4289121
vt 0.4872413 0.3787043
vt 0.5003025 0.3787871
vt 0.5126137 0.3788831
vt 0.5240577 0.3789913
vt 0.4577592 0.4289496
vt 0.4713227 0.4290015
vt 0.4844152 0.4290674
vt 0.4969116 0.4291466
vt 0.5086905 0.4292385
vt 0.5196396 0.429342
vt 0.4998274 0.5406439
vt 0.5096584 0.5407369
vt 0.4892514 0.5405615
vt 0.4780311 0.5404903
vt 0.4662755 0.5404311
vt 0.4540971 0.5403845
vt 0.4909384 0.6529672
vt 0.4996481 0.6530495
vt 0.4815687 0.6528941
vt 0.4716282 0.652831
vt 0.4612135 0.6527786
vt 0.4869495 0.705645
vt 0.4951561 0.7057226
vt 0.478121 0.7055762
vt 0.4687546 0.7055168
vt 0.486272 0.7169771
vt 0.4943933 0.7170539
vt 0.4943316 0.7189968
vt 0.4775352 0.7169089
vt 0.4862171 0.7189201
vt 0.4943227 0.7192743
vt 0.4862092 0.7191976
vt 0.4774877 0.718852
vt 0.4774809 0.7191296
vt 0.4682662 0.7168502
vt 0.4682264 0.7187933
vt 0.4682208 0.7190709
vt 0.458555 0.7168013
vt 0.4585234 0.7187444
vt 0.4585189 0.719022
vt 0.4589414 0.7054674
vt 0.4484945 0.7167628
vt 0.4484714 0.7187059
vt 0.4484681 0.7189835
vt 0.4487753 0.7054284
vt 0.4381821 0.7167349
vt 0.4381677 0.7186782
vt 0.4381656 0.7189558
vt 0.4504242 0.6527373
vt 0.4383546 0.7054004
vt 0.4277167 0.7167182
vt 0.4277111 0.7186614
vt 0.4277103 0.718939
vt 0.4393647 0.6527075
vt 0.4277793 0.7053834
vt 0.4171993 0.7167126
vt 0.4172026 0.7186558
vt 0.4172031 0.7189334
vt 0.4416138 0.5403509
vt 0.4281412 0.6526895
vt 0.4289453 0.5403306
vt 0.4171515 0.7053778
vt 0.4067313 0.7167182
vt 0.4067434 0.7186614
vt 0.4067451 0.718939
vt 0.416862 0.6526834
vt 0.4162139 0.5403238
vt 0.4065735 0.7053834
vt 0.4056356 0.6526895
vt 0.3964132 0.7167349
vt 0.396434 0.7186782
vt 0.396437 0.7189558
vt 0.39457 0.6527075
vt 0.3961471 0.7054004
vt 0.3863447 0.7167628
vt 0.3863741 0.7187059
vt 0.3863782 0.7189835
vt 0.3837722 0.6527373
vt 0.3859729 0.7054284
vt 0.3766224 0.7168013
vt 0.3766599 0.7187445
vt 0.3766653 0.719022
vt 0.3733456 0.6527786
vt 0.3761485 0.7054674
vt 0.3673405 0.7168502
vt 0.3673858 0.7187933
vt 0.3673923 0.7190709
vt 0.3633913 0.652831
vt 0.3667691 0.7055168
vt 0.3579243 0.7055762
vt 0.3585876 0.7169089
vt 0.3586403 0.718852
vt 0.3586478 0.7191296
vt 0.3504489 0.7169771
vt 0.3505085 0.7189201
vt 0.3505169 0.7191976
vt 0.3430676 0.7189968
vt 0.343077 0.7192743
vt 0.3099229 0.005205418
vt 0.3208489 0.002931366
vt 0.3103065 0.002851722
vt 0.3205016 0.00528534
vt 0.3099573 0.008103687
vt 0.3323688 0.003002026
vt 0.3205328 0.008183577
vt 0.310739 0.01784643
vt 0.3320609 0.005356244
vt 0.3447565 0.003062999
vt 0.3212413 0.01792575
vt 0.3155871 0.06811145
vt 0.3320887 0.008254472
vt 0.344491 0.005417439
vt 0.3578914 0.003113727
vt 0.3256353 0.06818741
vt 0.3265401 0.1793128
vt 0.3327172 0.01799617
vt 0.3445152 0.008315636
vt 0.3576711 0.005468334
vt 0.3716483 0.003153696
vt 0.3355622 0.179381
vt 0.3375251 0.2914313
vt 0.336615 0.06825473
vt 0.3450578 0.01805689
vt 0.3576913 0.00836651
vt 0.3714751 0.005508425
vt 0.3858936 0.003182523
vt 0.3455181 0.2914917
vt 0.3424539 0.3440174
vt 0.3454207 0.1794415
vt 0.3484219 0.06831288
vt 0.3581427 0.01810745
vt 0.3714912 0.008406593
vt 0.3857693 0.005537353
vt 0.400491 0.003199916
vt 0.3499853 0.3440743
vt 0.3432904 0.355334
vt 0.3542521 0.2915452
vt 0.3560219 0.1794936
vt 0.360941 0.06836119
vt 0.3718472 0.01814723
vt 0.3857812 0.008435521
vt 0.4004167 0.005554812
vt 0.4152993 0.003205742
vt 0.4152758 0.005560664
vt 0.4301761 0.003199917
vt 0.4004243 0.008452961
vt 0.3860383 0.01817597
vt 0.3740529 0.0683993
vt 0.3672626 0.1795371
vt 0.4302036 0.005554808
vt 0.4449783 0.003182514
vt 0.4152789 0.008458815
vt 0.40058 0.01819327
vt 0.3876303 0.06842675
vt 0.4450566 0.005537353
vt 0.459563 0.003153684
vt 0.4302024 0.00845296
vt 0.415332 0.0181991
vt 0.4596912 0.005508418
vt 0.4737902 0.003113727
vt 0.445051 0.008435518
vt 0.4739672 0.005468325
vt 0.4875222 0.003063009
vt 0.3790355 0.1795712
vt 0.4015433 0.06844337
vt 0.4301522 0.01819327
vt 0.4596813 0.008406595
vt 0.4877463 0.005417438
vt 0.5006276 0.00300203
vt 0.3912264 0.1795959
vt 0.4156573 0.06844888
vt 0.444898 0.01817597
vt 0.4739531 0.008366525
vt 0.5008968 0.005356248
vt 0.5129793 0.002931368
vt 0.4037186 0.1796108
vt 0.4298366 0.06844336
vt 0.4594271 0.01814722
vt 0.4877281 0.008315629
vt 0.5132907 0.005285344
vt 0.5244594 0.002851713
vt 0.5248102 0.005205415
vt 0.5008746 0.008254463
vt 0.4736001 0.01810745
vt 0.4439448 0.06842674
vt 0.513265 0.008183581
vt 0.4872799 0.0180569
vt 0.4578456 0.0683993
vt 0.524781 0.008103685
vt 0.5353428 0.005117227
vt 0.5353105 0.008015499
vt 0.5003355 0.01799617
vt 0.4714058 0.06836119
vt 0.5240765 0.01784642
vt 0.5345331 0.01775885
vt 0.5126401 0.01792576
vt 0.484494 0.06831288
vt 0.5196994 0.06811146
vt 0.5297039 0.06802772
vt 0.496985 0.06825473
vt 0.5087575 0.06818741
vt 0.5098089 0.1793128
vt 0.5187917 0.1792376
vt 0.4999844 0.179381
vt 0.489414 0.1794415
vt 0.4781986 0.1794936
vt 0.4664469 0.1795371
vt 0.49989 0.2914313
vt 0.5078482 0.2913646
vt 0.4911861 0.2914917
vt 0.4818214 0.2915452
vt 0.4718851 0.2915915
vt 0.4954411 0.3440174
vt 0.5029396 0.3439546
vt 0.4872399 0.3440743
vt 0.4784161 0.3441248
vt 0.4946878 0.355334
vt 0.5021085 0.3552718
vt 0.5020421 0.3572136
vt 0.4865718 0.3553903
vt 0.4946277 0.3572758
vt 0.5020326 0.3574911
vt 0.4946191 0.3575531
vt 0.4865185 0.357332
vt 0.4865109 0.3576094
vt 0.4778397 0.3554403
vt 0.4777938 0.3573819
vt 0.4777873 0.3576593
vt 0.4685746 0.3554834
vt 0.4685366 0.357425
vt 0.4685311 0.3577024
vt 0.4690537 0.3441683
vt 0.4588667 0.3555192
vt 0.4588368 0.3574608
vt 0.4588325 0.3577382
vt 0.4592438 0.3442046
vt 0.4488086 0.3555475
vt 0.4487872 0.357489
vt 0.4487841 0.3577664
vt 0.4614739 0.2916299
vt 0.4490802 0.3442331
vt 0.4384978 0.3555678
vt 0.4384851 0.3575094
vt 0.4384833 0.3577868
vt 0.4506873 0.2916602
vt 0.4386611 0.3442537
vt 0.4280333 0.3555802
vt 0.4280294 0.3575217
vt 0.4280289 0.3577991
vt 0.4542715 0.1795712
vt 0.4396296 0.2916821
vt 0.4417902 0.1795959
vt 0.4280867 0.3442661
vt 0.417516 0.3555843
vt 0.417521 0.3575258
vt 0.4175217 0.3578032
vt 0.4291227 0.1796108
vt 0.428407 0.2916953
vt 0.417459 0.3442703
vt 0.4070471 0.3555802
vt 0.4070609 0.3575217
vt 0.4070629 0.3577991
vt 0.4163913 0.1796158
vt 0.4171277 0.2916997
vt 0.4068801 0.3442661
vt 0.4059005 0.2916953
vt 0.3967274 0.3555678
vt 0.3967499 0.3575094
vt 0.3967531 0.3577868
vt 0.3948332 0.2916821
vt 0.3964521 0.3442537
vt 0.3866565 0.3555475
vt 0.3866875 0.357489
vt 0.3866919 0.3577664
vt 0.3840327 0.2916602
vt 0.3862754 0.3442331
vt 0.376931 0.3555192
vt 0.3769702 0.3574608
vt 0.3769758 0.3577382
vt 0.3736027 0.2916299
vt 0.3764478 0.3442046
vt 0.3676451 0.3554834
vt 0.3676921 0.357425
vt 0.3676988 0.3577024
vt 0.3636441 0.2915915
vt 0.3670644 0.3441683
vt 0.3582148 0.3441248
vt 0.3588875 0.3554403
vt 0.3589419 0.3573819
vt 0.3589497 0.3576593
vt 0.3507435 0.3553903
vt 0.3508047 0.357332
vt 0.3508135 0.3576094
vt 0.3433579 0.3572758
vt 0.3433675 0.3575531
vt 0.002851703 0.3137523
vt 0.01371477 0.3122076
vt 0.003237511 0.3113813
vt 0.01336487 0.3145815
vt 0.02517605 0.312949
vt 0.02486549 0.3153254
vt 0.01339614 0.3174685
vt 0.0375125 0.3135982
vt 0.02489332 0.3182122
vt 0.01410898 0.3271261
vt 0.03724422 0.3159768
vt 0.05060394 0.3141491
vt 0.02552661 0.3278647
vt 0.01853012 0.3768941
vt 0.0372684 0.3188634
vt 0.05038056 0.3165296
vt 0.06432544 0.3145962
vt 0.02945404 0.3776006
vt 0.02851857 0.4869795
vt 0.03781606 0.3285114
vt 0.05040085 0.319416
vt 0.06414911 0.3169783
vt 0.07854397 0.3149355
vt 0.03832697 0.487614
vt 0.03853614 0.597977
vt 0.04121206 0.3782195
vt 0.05085767 0.3290602
vt 0.06416535 0.3198646
vt 0.07841636 0.3173187
vt 0.09312325 0.3151634
vt 0.04722576 0.5985391
vt 0.04303085 0.6500533
vt 0.04888431 0.4881695
vt 0.05368971 0.3787445
vt 0.06452692 0.3295056
vt 0.07842842 0.3202049
vt 0.09304564 0.3175474
vt 0.1079224 0.315278
vt 0.0512186 0.6505829
vt 0.0437936 0.6612761
vt 0.05657889 0.5990313
vt 0.06008774 0.488641
vt 0.06676788 0.3791707
vt 0.07869128 0.3298436
vt 0.09305336 0.3204336
vt 0.1078956 0.3176624
vt 0.1227992 0.315278
vt 0.1228234 0.3176623
vt 0.1376103 0.3151635
vt 0.1078989 0.3205485
vt 0.09321506 0.3300706
vt 0.08031974 0.379494
vt 0.0718304 0.4890237
vt 0.1376853 0.3175474
vt 0.1522129 0.3149354
vt 0.1228223 0.3205484
vt 0.1079579 0.3301848
vt 0.09421549 0.3797113
vt 0.1523379 0.3173186
vt 0.1664667 0.3145963
vt 0.1376798 0.3204336
vt 0.122778 0.3301848
vt 0.1666406 0.3169783
vt 0.1802339 0.3141491
vt 0.1523281 0.3202049
vt 0.180455 0.3165295
vt 0.1933828 0.3135982
vt 0.08399838 0.489314
vt 0.1083208 0.3798205
vt 0.1375327 0.3300707
vt 0.1666266 0.3198646
vt 0.1936489 0.3159768
vt 0.2057855 0.3129489
vt 0.0964751 0.489509
vt 0.1225001 0.3798205
vt 0.1520797 0.3298436
vt 0.1804369 0.319416
vt 0.2060942 0.3153253
vt 0.217324 0.3122076
vt 0.10914 0.4896071
vt 0.1366168 0.3797113
vt 0.1662793 0.3295057
vt 0.1936269 0.3188635
vt 0.2176723 0.3145815
vt 0.2278857 0.3113813
vt 0.2282702 0.3137523
vt 0.2060685 0.3182121
vt 0.2176432 0.3174685
vt 0.179994 0.3290601
vt 0.1505347 0.379494
vt 0.1930928 0.3285114
vt 0.2054483 0.3278646
vt 0.2169429 0.3271261
vt 0.1641202 0.3791707
vt 0.177242 0.3787445
vt 0.1897743 0.3782195
vt 0.2015955 0.3776007
vt 0.2125931 0.3768941
vt 0.1928897 0.4876139
vt 0.2027642 0.4869795
vt 0.1822756 0.4881696
vt 0.1710231 0.4886409
vt 0.1592413 0.4890237
vt 0.1470431 0.489314
vt 0.1841589 0.5985391
vt 0.1929071 0.597977
vt 0.1747555 0.5990313
vt 0.1647864 0.599449
vt 0.1543485 0.599788
vt 0.1802429 0.6505828
vt 0.1884858 0.6500533
vt 0.1713826 0.6510467
vt 0.1619893 0.6514402
vt 0.1795798 0.6618002
vt 0.187737 0.6612761
vt 0.1876773 0.6632072
vt 0.1708115 0.6622592
vt 0.1795269 0.6637308
vt 0.1876687 0.663483
vt 0.1795193 0.6640066
vt 0.170766 0.6641895
vt 0.1707595 0.6644651
vt 0.1615158 0.6626486
vt 0.1614782 0.6645784
vt 0.1614728 0.6648542
vt 0.151783 0.6629648
vt 0.1517535 0.6648944
vt 0.1517493 0.6651701
vt 0.1521542 0.6517597
vt 0.1417061 0.6632046
vt 0.1416851 0.665134
vt 0.1416821 0.6654096
vt 0.1419715 0.652002
vt 0.1313827 0.6633657
vt 0.1313704 0.6652951
vt 0.1313687 0.6655707
vt 0.1435416 0.6000452
vt 0.1315397 0.6521649
vt 0.1209118 0.6634467
vt 0.1209084 0.6653759
vt 0.1209079 0.6656516
vt 0.1324703 0.6002181
vt 0.1209589 0.6522467
vt 0.1103946 0.6634467
vt 0.1104 0.665376
vt 0.1104008 0.6656516
vt 0.1345464 0.4895091
vt 0.121241 0.6003049
vt 0.1218713 0.4896071
vt 0.1103312 0.6522468
vt 0.1099618 0.6003049
vt 0.09993215 0.6633657
vt 0.09874146 0.6002181
vt 0.09975889 0.6521649
vt 0.09994639 0.665295
vt 0.09994843 0.6655706
vt 0.08768786 0.6000452
vt 0.08962519 0.6632046
vt 0.08964812 0.665134
vt 0.0896514 0.6654096
vt 0.08934371 0.652002
vt 0.07690775 0.599788
vt 0.07957327 0.6629648
vt 0.07960469 0.6648943
vt 0.07960917 0.66517
vt 0.07918625 0.6517596
vt 0.06650448 0.599449
vt 0.06987272 0.6626486
vt 0.06991231 0.6645786
vt 0.06991795 0.6648542
vt 0.06938384 0.6514403
vt 0.06003154 0.6510466
vt 0.0606176 0.6622592
vt 0.060665 0.6641893
vt 0.06067175 0.6644651
vt 0.05189625 0.6618002
vt 0.051951 0.6637308
vt 0.05195881 0.6640067
vt 0.04385516 0.6632071
vt 0.04386396 0.663483
vt 0.5305373 0.3692074
vt 0.5410761 0.3662058
vt 0.5305055 0.3663086
vt 0.5411048 0.3691047
vt 0.5313112 0.3789634
vt 0.5418056 0.3788615
vt 0.5361192 0.4293116
vt 0.5461598 0.429214
vt 0.5469838 0.5407007
vt 0.555999 0.5406131
vt 0.5578796 0.6530075
vt 0.5658665 0.6529299
vt 0.5627664 0.705678
vt 0.5702921 0.7056049
vt 0.5635937 0.7170089
vt 0.5526282 0.3661147
vt 0.5526535 0.3690135
vt 0.5532743 0.378771
vt 0.5571327 0.4291275
vt 0.5658514 0.5405354
vt 0.5529384 0.3637684
vt 0.5414258 0.3638592
vt 0.5653198 0.36369
vt 0.565052 0.3660361
vt 0.5784494 0.3636249
vt 0.5650737 0.3689349
vt 0.5782267 0.3659707
vt 0.5922019 0.3635735
vt 0.5656086 0.3786929
vt 0.5782444 0.3688696
vt 0.5920264 0.3659192
vt 0.6064441 0.3635365
vt 0.5689335 0.4290528
vt 0.5786882 0.378628
vt 0.5920401 0.368818
vt 0.6063173 0.365882
vt 0.6210392 0.3635141
vt 0.6209624 0.3658595
vt 0.6358464 0.3635066
vt 0.6063268 0.3687809
vt 0.5923884 0.3785768
vt 0.5814476 0.4289906
vt 0.5764472 0.5404683
vt 0.6358204 0.365852
vt 0.6507233 0.3635141
vt 0.6209676 0.3687584
vt 0.6065762 0.3785399
vt 0.5945553 0.4289417
vt 0.6507484 0.3658595
vt 0.6655266 0.3635365
vt 0.6358212 0.368751
vt 0.6211157 0.3785177
vt 0.6656024 0.365882
vt 0.6801135 0.3635735
vt 0.6507447 0.3687584
vt 0.6802393 0.3659191
vt 0.694344 0.3636249
vt 0.5876833 0.5404125
vt 0.6081296 0.4289064
vt 0.6358666 0.3785102
vt 0.6655943 0.3687809
vt 0.6945186 0.3659707
vt 0.7080804 0.3636901
vt 0.5994526 0.5403686
vt 0.6220405 0.4288851
vt 0.6506869 0.3785177
vt 0.6802269 0.368818
vt 0.7083021 0.3660361
vt 0.7211912 0.3637684
vt 0.6116407 0.5403369
vt 0.6361535 0.4288779
vt 0.6654338 0.3785399
vt 0.6945021 0.3688695
vt 0.7214579 0.3661147
vt 0.7335492 0.3638592
vt 0.624131 0.5403178
vt 0.6503328 0.4288851
vt 0.6799651 0.3785768
vt 0.7082815 0.3689349
vt 0.7338583 0.3662058
vt 0.7450365 0.3639616
vt 0.745385 0.3663085
vt 0.7214333 0.3690135
vt 0.73383 0.3691046
vt 0.7453533 0.3692073
vt 0.6941414 0.378628
vt 0.6644421 0.4289064
vt 0.7078255 0.3786929
vt 0.7208865 0.378771
vt 0.7331973 0.3788615
vt 0.7446409 0.3789634
vt 0.6783451 0.4289417
vt 0.6919084 0.4289906
vt 0.7050007 0.4290527
vt 0.7174969 0.4291274
vt 0.7292754 0.429214
vt 0.7402242 0.4293115
vt 0.7204152 0.5406131
vt 0.7302459 0.5407007
vt 0.7098395 0.5405354
vt 0.6986195 0.5404683
vt 0.6868641 0.5404125
vt 0.6746858 0.5403686
vt 0.7115292 0.6529298
vt 0.7202386 0.6530074
vt 0.7021598 0.652861
vt 0.6922194 0.6528016
vt 0.6818049 0.6527522
vt 0.7075416 0.7056049
vt 0.715748 0.705678
vt 0.6987134 0.70554
vt 0.6893472 0.705484
vt 0.7068645 0.7169365
vt 0.7149856 0.7170089
vt 0.7149239 0.7189518
vt 0.6981279 0.7168723
vt 0.7068096 0.7188795
vt 0.714915 0.7192293
vt 0.7068018 0.719157
vt 0.6980804 0.7188153
vt 0.6980736 0.7190929
vt 0.6888591 0.7168169
vt 0.6888194 0.71876
vt 0.6888137 0.7190375
vt 0.6791481 0.7167708
vt 0.6791165 0.7187139
vt 0.6795341 0.7054375
vt 0.6690876 0.7167345
vt 0.679112 0.7189915
vt 0.6888137 0.7190375
vt 0.679112 0.7189915
vt 0.6690646 0.7186776
vt 0.6690614 0.7189552
vt 0.6693681 0.7054008
vt 0.6587753 0.7167083
vt 0.658761 0.7186515
vt 0.6587589 0.7189291
vt 0.6710157 0.6527133
vt 0.6589475 0.7053744
vt 0.6483099 0.7166925
vt 0.6483045 0.7186357
vt 0.6483037 0.7189133
vt 0.6599563 0.6526852
vt 0.6483723 0.7053584
vt 0.6377926 0.7166872
vt 0.637796 0.7186304
vt 0.6377965 0.718908
vt 0.6622026 0.5403369
vt 0.6487328 0.6526682
vt 0.6495342 0.5403178
vt 0.6377445 0.705353
vt 0.6273245 0.7166925
vt 0.6273367 0.7186357
vt 0.6273385 0.7189133
vt 0.6374536 0.6526625
vt 0.6368027 0.5403113
vt 0.6271665 0.7053584
vt 0.6262272 0.6526682
vt 0.6170064 0.7167084
vt 0.6170272 0.7186515
vt 0.6170302 0.7189291
vt 0.6151616 0.6526852
vt 0.6167399 0.7053744
vt 0.6069378 0.7167345
vt 0.6069672 0.7186776
vt 0.6069714 0.7189552
vt 0.6043636 0.6527133
vt 0.6065657 0.7054008
vt 0.5972153 0.7167708
vt 0.5972529 0.7187139
vt 0.5972583 0.7189915
vt 0.5939368 0.6527522
vt 0.5967411 0.7054375
vt 0.5879332 0.7168169
vt 0.5879786 0.71876
vt 0.5879851 0.7190375
vt 0.5839823 0.6528016
vt 0.5873615 0.705484
vt 0.5791801 0.7168723
vt 0.5792328 0.7188153
vt 0.5792404 0.7190929
vt 0.574595 0.652861
vt 0.5785165 0.7055401
vt 0.5710411 0.7169365
vt 0.5711007 0.7188795
vt 0.5711092 0.719157
vt 0.5636595 0.7189518
vt 0.563669 0.7192293
vt 0.3030553 0.4073999
vt 0.3030553 0.4073999
vt 0.3030553 0.4179071
vt 0.3030553 0.4179071
vt 0.274397 0.3461392
vt 0.274397 0.3461392
vt 0.2744026 0.3565972
vt 0.2744026 0.3565972
vt 0.274397 0.3671044
vt 0.274397 0.3671044
vt 0.2342472 0.3631117
vt 0.2342472 0.3631117
vt 0.2342066 0.3735642
vt 0.2342066 0.3735642
vt 0.2342472 0.3840713
vt 0.2342472 0.3840713
vt 0.5736607 0.7458766
vt 0.5736607 0.7458766
vt 0.5823971 0.7400391
vt 0.5823971 0.7400391
vt 0.2399562 0.4261589
vt 0.2399562 0.4261589
vt 0.2399562 0.4156517
vt 0.2399562 0.4156517
vt 0.2859153 0.3113814
vt 0.2859152 0.3113814
vt 0.2858183 0.3206758
vt 0.2858183 0.3206758
vt 0.2858184 0.3294475
vt 0.2858184 0.3294475
vt 0.2859153 0.3376132
vt 0.2859152 0.3376132
vt 0.2916187 0.3113813
vt 0.2916187 0.3113813
vt 0.2916321 0.3206416
vt 0.2916321 0.3206416
vt 0.2916321 0.3293703
vt 0.2916321 0.3293703
vt 0.2916187 0.3374842
vt 0.2916187 0.3374842
vt 0.2619549 0.4070134
vt 0.2619549 0.4070134
vt 0.2619549 0.3965061
vt 0.2619549 0.3965061
vt 0.2916187 0.3431876
vt 0.2916187 0.3431876
vt 0.2921347 0.3536822
vt 0.2921347 0.3536822
vt 0.2916187 0.3641767
vt 0.2916187 0.3641767
vt 0.2686903 0.3461302
vt 0.2686903 0.3461302
vt 0.2681743 0.3566247
vt 0.2681743 0.3566247
vt 0.2686903 0.3671193
vt 0.2686903 0.3671193
vt 0.2858169 0.4477253
vt 0.285817 0.4477253
vt 0.285817 0.4376744
vt 0.285817 0.4376744
vt 0.2339737 0.3574083
vt 0.2339737 0.3574083
vt 0.2341557 0.3473399
vt 0.2341558 0.3473399
vt 0.2342472 0.3376117
vt 0.2342471 0.3376117
vt 0.2342066 0.4164927
vt 0.2342066 0.4164927
vt 0.2342066 0.4059854
vt 0.2342066 0.4059854
vt 0.2399563 0.4480202
vt 0.2399562 0.4480202
vt 0.2399563 0.4561516
vt 0.2399562 0.4561516
vt 0.2916593 0.4451232
vt 0.2916593 0.4451232
vt 0.2916593 0.4532595
vt 0.2916593 0.4532595
vt 0.6013789 0.9326841
vt 0.6013789 0.9326841
vt 0.5916715 0.9286632
vt 0.5916715 0.9286632
vt 0.2744023 0.4156872
vt 0.2744023 0.4156872
vt 0.2744023 0.4261944
vt 0.2744023 0.4261944
vt 0.2973492 0.3374842
vt 0.2973492 0.3374842
vt 0.2973357 0.3282239
vt 0.2973357 0.3282239
vt 0.2973357 0.3194953
vt 0.2973357 0.3194953
vt 0.2973357 0.3194953
vt 0.2973492 0.3113814
vt 0.2973492 0.3113814
vt 0.2342471 0.3376117
vt 0.2342472 0.3376117
vt 0.2342472 0.3283168
vt 0.2342472 0.3283168
vt 0.280106 0.4046139
vt 0.280106 0.4046139
vt 0.280106 0.3941067
vt 0.280106 0.3941067
vt 0.262964 0.3113814
vt 0.262964 0.3113814
vt 0.2629754 0.3206547
vt 0.2629754 0.3206547
vt 0.2629754 0.3303678
vt 0.2629754 0.3303678
vt 0.262964 0.3404267
vt 0.262964 0.3404267
vt 0.2744026 0.3113814
vt 0.2744026 0.3113814
vt 0.2743937 0.3206584
vt 0.2743937 0.3206584
vt 0.2743937 0.3303746
vt 0.2743938 0.3303746
vt 0.2744026 0.3404358
vt 0.2744026 0.3404358
vt 0.2619549 0.4232241
vt 0.2619549 0.4232241
vt 0.2619549 0.4127168
vt 0.2619549 0.4127168
vt 0.2341557 0.3195455
vt 0.2341557 0.3195455
vt 0.2339737 0.3113814
vt 0.2339737 0.3113814
vt 0.2342472 0.3283168
vt 0.2342472 0.3283168
vt 0.2341557 0.3195455
vt 0.2341557 0.3195455
vt 0.251029 0.4127248
vt 0.251029 0.4127248
vt 0.251029 0.423232
vt 0.251029 0.423232
vt 0.2744022 0.4558077
vt 0.2744022 0.4558077
vt 0.2744022 0.4476713
vt 0.2744022 0.4476713
vt 0.285817 0.4615602
vt 0.285817 0.4615602
vt 0.285817 0.4534288
vt 0.285817 0.4534288
vt 0.6735114 0.7310608
vt 0.6735114 0.7310608
vt 0.6832188 0.7350817
vt 0.6832188 0.7350817
vt 0.2399563 0.4099482
vt 0.2399563 0.4099482
vt 0.2399563 0.399441
vt 0.2399563 0.399441
vt 0.251029 0.4289355
vt 0.251029 0.4289355
vt 0.251029 0.4393935
vt 0.251029 0.4393935
vt 0.280106 0.426528
vt 0.2801059 0.426528
vt 0.280106 0.4369868
vt 0.2801059 0.4369868
vt 0.5514492 0.895657
vt 0.5514492 0.895657
vt 0.5456117 0.8869206
vt 0.5456117 0.8869206
vt 0.3030554 0.3911893
vt 0.3030554 0.3911893
vt 0.3030554 0.4016965
vt 0.3030554 0.4016965
vt 0.280106 0.3404358
vt 0.280106 0.3404358
vt 0.2801149 0.3311588
vt 0.2801149 0.3311588
vt 0.2801149 0.3214426
vt 0.2801149 0.3214426
vt 0.280106 0.3113814
vt 0.280106 0.3113814
vt 0.2686903 0.3404267
vt 0.2686903 0.3404267
vt 0.2686788 0.3311535
vt 0.2686789 0.3311535
vt 0.2686789 0.3214403
vt 0.2686788 0.3214403
vt 0.2681743 0.3940603
vt 0.2681743 0.3940603
vt 0.2681743 0.4045676
vt 0.2681743 0.4045676
vt 0.3030553 0.4341179
vt 0.3030553 0.4341179
vt 0.3030553 0.4236107
vt 0.3030553 0.4236107
vt 0.2916593 0.4394197
vt 0.2916593 0.4394197
vt 0.2916593 0.4289645
vt 0.2916593 0.4289645
vt 0.2399562 0.4423168
vt 0.2399563 0.4423168
vt 0.2399562 0.4318624
vt 0.2399563 0.4318624
vt 0.5406579 0.8776544
vt 0.5406579 0.8776544
vt 0.5366369 0.867947
vt 0.5366369 0.867947
vt 0.2619549 0.3820789
vt 0.2619597 0.3908027
vt 0.2619597 0.3908027
vt 0.2619549 0.3820789
vt 0.2619597 0.3728227
vt 0.2619597 0.3728227
vt 0.2510291 0.3965142
vt 0.2510291 0.3965142
vt 0.251029 0.4070214
vt 0.2510291 0.4070214
vt 0.2510352 0.3820823
vt 0.251029 0.3908107
vt 0.251029 0.3908107
vt 0.2510352 0.3820823
vt 0.251029 0.3728223
vt 0.251029 0.3728223
vt 0.2686788 0.3214403
vt 0.2686789 0.3214403
vt 0.2686903 0.3113814
vt 0.2686903 0.3113814
vt 0.285817 0.383339
vt 0.2858171 0.383339
vt 0.285817 0.3728318
vt 0.285817 0.3728318
vt 0.3030553 0.449872
vt 0.3030554 0.449872
vt 0.3030553 0.4398213
vt 0.3030554 0.4398213
vt 0.2681743 0.4527408
vt 0.2681743 0.4527408
vt 0.2681743 0.4426924
vt 0.2681743 0.4426924
vt 0.3030553 0.3854859
vt 0.3030554 0.3854859
vt 0.3030554 0.3749786
vt 0.3030554 0.3749786
vt 0.268229 0.3809343
vt 0.268229 0.3809343
vt 0.2681743 0.3728227
vt 0.2681743 0.3728227
vt 0.280106 0.3809629
vt 0.280106 0.3809629
vt 0.2801135 0.3728318
vt 0.2801135 0.3728318
vt 0.2801135 0.3884033
vt 0.2801135 0.3884033
vt 0.280106 0.3809629
vt 0.280106 0.3809629
vt 0.2681743 0.410271
vt 0.2681743 0.410271
vt 0.2681743 0.4207782
vt 0.2681743 0.4207782
vt 0.2619549 0.4393862
vt 0.2619549 0.4393862
vt 0.2619549 0.4289275
vt 0.2619549 0.4289275
vt 0.2744022 0.3937731
vt 0.2744022 0.3937731
vt 0.2743969 0.3833151
vt 0.274397 0.3833151
vt 0.2744022 0.3728079
vt 0.2744022 0.3728079
vt 0.7234411 0.7680879
vt 0.7234411 0.768088
vt 0.7292786 0.7768244
vt 0.7292786 0.7768244
vt 0.2681743 0.4369889
vt 0.2681743 0.4369889
vt 0.2681743 0.4264817
vt 0.2681743 0.4264817
vt 0.3030652 0.3374834
vt 0.3030652 0.3374834
vt 0.3030525 0.3282233
vt 0.3030525 0.3282233
vt 0.3030525 0.3194949
vt 0.3030525 0.3194949
vt 0.3030652 0.3113813
vt 0.3030652 0.3113813
vt 0.3030553 0.3692752
vt 0.3030553 0.3692752
vt 0.3030652 0.360019
vt 0.3030652 0.360019
vt 0.3030652 0.3512952
vt 0.3030652 0.3512952
vt 0.3030553 0.3431868
vt 0.3030553 0.3431868
vt 0.2342066 0.4327034
vt 0.2342066 0.4327034
vt 0.2342066 0.4221961
vt 0.2342066 0.4221961
vt 0.2342066 0.3897748
vt 0.2342066 0.3897748
vt 0.2342066 0.400282
vt 0.2342066 0.400282
vt 0.2457418 0.3403764
vt 0.2457418 0.3403764
vt 0.2458295 0.3311225
vt 0.2458295 0.3311225
vt 0.2458295 0.3214261
vt 0.2458295 0.3214261
vt 0.2572605 0.3404263
vt 0.2572606 0.3404263
vt 0.2572484 0.3311532
vt 0.2572485 0.3311532
vt 0.2572485 0.3214402
vt 0.2572484 0.3214402
vt 0.285817 0.3890424
vt 0.285817 0.3890424
vt 0.285817 0.3995497
vt 0.285817 0.3995497
vt 0.280106 0.4103173
vt 0.280106 0.4103173
vt 0.280106 0.4208246
vt 0.280106 0.4208246
vt 0.251029 0.3461297
vt 0.2510291 0.3461298
vt 0.251545 0.3566243
vt 0.251545 0.3566243
vt 0.2510291 0.3671188
vt 0.251029 0.3671189
vt 0.2806219 0.3461392
vt 0.2806219 0.3461392
vt 0.2801059 0.3566338
vt 0.280106 0.3566338
vt 0.2806219 0.3671283
vt 0.2806219 0.3671283
vt 0.2458295 0.3214261
vt 0.2458295 0.3214261
vt 0.2457418 0.3113814
vt 0.2457418 0.3113814
vt 0.2572484 0.3214402
vt 0.2572485 0.3214402
vt 0.2572606 0.3113814
vt 0.2572606 0.3113814
vt 0.2619549 0.4450897
vt 0.2619548 0.4450897
vt 0.2619549 0.4551381
vt 0.2619549 0.4551381
vt 0.280106 0.4426903
vt 0.280106 0.4426903
vt 0.280106 0.452741
vt 0.280106 0.452741
vt 0.2916593 0.4232611
vt 0.2916593 0.4232611
vt 0.2916593 0.4127539
vt 0.2916593 0.4127539
vt 0.2342066 0.4541611
vt 0.2342066 0.4541611
vt 0.2342066 0.4622923
vt 0.2342066 0.4622923
vt 0.3030553 0.4555755
vt 0.3030553 0.4555755
vt 0.3030553 0.4636873
vt 0.3030553 0.4636873
vt 0.5366336 0.7958063
vt 0.5366336 0.7958063
vt 0.5406545 0.7860988
vt 0.5406545 0.7860988
vt 0.2744023 0.4099837
vt 0.2744023 0.4099837
vt 0.2744023 0.3994765
vt 0.2744023 0.3994765
vt 0.2916187 0.3908398
vt 0.2916187 0.3908398
vt 0.2916593 0.3803872
vt 0.2916593 0.3803872
vt 0.2916187 0.3698801
vt 0.2916187 0.3698801
vt 0.2399562 0.3937376
vt 0.2399562 0.3937376
vt 0.2399506 0.3832796
vt 0.2399506 0.3832796
vt 0.2399562 0.3727724
vt 0.2399562 0.3727724
vt 0.7012296 0.9178684
vt 0.7012296 0.9178684
vt 0.6924932 0.9237059
vt 0.6924932 0.9237059
vt 0.251029 0.4450969
vt 0.251029 0.4450969
vt 0.251029 0.4547956
vt 0.251029 0.4547956
vt 0.2916593 0.4070504
vt 0.2916593 0.4070504
vt 0.2916593 0.3965432
vt 0.2916593 0.3965432
vt 0.2515329 0.3113814
vt 0.2515329 0.3113814
vt 0.251545 0.3206545
vt 0.251545 0.3206545
vt 0.251545 0.3303675
vt 0.251545 0.3303675
vt 0.2400384 0.3113814
vt 0.2400384 0.3113814
vt 0.2399507 0.3206354
vt 0.2399507 0.3206354
vt 0.285817 0.4157603
vt 0.285817 0.4157603
vt 0.285817 0.4052531
vt 0.285817 0.4052531
vt 0.2404666 0.3670689
vt 0.2404666 0.3670689
vt 0.2399507 0.3565744
vt 0.2399506 0.3565744
vt 0.2404666 0.3460799
vt 0.2404666 0.3460799
vt 0.2619549 0.3671193
vt 0.2619549 0.3671193
vt 0.2624709 0.3566248
vt 0.2624709 0.3566248
vt 0.2619549 0.3461302
vt 0.2619549 0.3461302
vt 0.251545 0.3303675
vt 0.251545 0.3303675
vt 0.2515329 0.3404263
vt 0.2515329 0.3404263
vt 0.2399508 0.3303317
vt 0.2399508 0.3303317
vt 0.2400384 0.3403764
vt 0.2400384 0.3403764
vt 0.2399507 0.3206354
vt 0.2399507 0.3206354
vt 0.2399508 0.3303317
vt 0.2399508 0.3303317
vt 0.2744023 0.4318979
vt 0.2744022 0.4318979
vt 0.2744023 0.4419679
vt 0.2744022 0.4419679
vt 0.2342066 0.4384069
vt 0.2342066 0.4384069
vt 0.2342066 0.4484577
vt 0.2342066 0.4484577
vt 0.9354247 0.003100728
vt 0.9438163 0.005538763
vt 0.9449928 0.003173014
vt 0.934359 0.005467299
vt 0.9249697 0.003036582
vt 0.9425897 0.01639797
vt 0.9240248 0.005403907
vt 0.9137269 0.002981252
vt 0.933248 0.01632743
vt 0.9380467 0.06622242
vt 0.9129122 0.005349207
vt 0.9018059 0.002935214
vt 0.9230404 0.01626476
vt 0.929134 0.06615507
vt 0.9279677 0.1724626
vt 0.9011292 0.005303711
vt 0.8893206 0.002898944
vt 0.9120637 0.01621078
vt 0.9200066 0.1724024
vt 0.9172008 0.2771729
vt 0.9193951 0.06609534
vt 0.8887883 0.005267861
vt 0.8763919 0.002872783
vt 0.9102558 0.2771204
vt 0.9109021 0.3228838
vt 0.9004249 0.01616579
vt 0.9113075 0.1723491
vt 0.9089225 0.06604378
vt 0.8760092 0.005242
vt 0.8631437 0.002856989
vt 0.9046984 0.3228378
vt 0.9084759 0.3294253
vt 0.9035507 0.3293971
vt 0.8882351 0.01613042
vt 0.8978181 0.06600092
vt 0.901953 0.172303
vt 0.9026672 0.2770739
vt 0.8977621 0.3227958
vt 0.8968028 0.3293592
vt 0.8945067 0.2770337
vt 0.8902739 0.3227592
vt 0.8894126 0.3293245
vt 0.8920342 0.1722647
vt 0.886188 0.06596712
vt 0.885854 0.2770003
vt 0.8823344 0.3227287
vt 0.881579 0.3292958
vt 0.8816458 0.1722346
vt 0.8756123 0.01610484
vt 0.8767916 0.276974
vt 0.8740191 0.3227047
vt 0.8733767 0.3292731
vt 0.874145 0.06594276
vt 0.8629143 0.005226396
vt 0.8497041 0.002851706
vt 0.8708885 0.1722128
vt 0.8674074 0.276955
vt 0.8654088 0.3226873
vt 0.8648852 0.3292567
vt 0.856586 0.3226769
vt 0.8561859 0.3292468
vt 0.847636 0.3226734
vt 0.8473627 0.3292435
vt 0.8386448 0.3226769
vt 0.8385006 0.3292468
vt 0.8296989 0.3226873
vt 0.829685 0.3292567
vt 0.8577914 0.2769435
vt 0.856586 0.3226769
vt 0.8208848 0.3227047
vt 0.8210008 0.329273
vt 0.8598654 0.1721997
vt 0.8480363 0.2769397
vt 0.847636 0.3226734
vt 0.8122869 0.3227287
vt 0.8125314 0.3292958
vt 0.8618043 0.06592804
vt 0.8486829 0.1721953
vt 0.8382362 0.2769435
vt 0.8386448 0.3226769
vt 0.8039885 0.3227592
vt 0.8043587 0.3293245
vt 0.8492854 0.06592312
vt 0.8626778 0.01608947
vt 0.8374488 0.1721997
vt 0.8495562 0.01608426
vt 0.8496302 0.005221153
vt 0.8362022 0.002857017
vt 0.8362846 0.005226384
vt 0.8227682 0.002872786
vt 0.8367084 0.06592803
vt 0.8363739 0.01608946
vt 0.823006 0.005241987
vt 0.8095315 0.002898965
vt 0.8232578 0.01610484
vt 0.8099225 0.00526785
vt 0.7966192 0.002935204
vt 0.8241946 0.06594276
vt 0.7971597 0.005303698
vt 0.7841564 0.002981241
vt 0.8103344 0.01613043
vt 0.826271 0.1722128
vt 0.7848411 0.005349207
vt 0.7722622 0.003036557
vt 0.7977278 0.0161658
vt 0.8118646 0.06596712
vt 0.8284852 0.276955
vt 0.7730845 0.005403899
vt 0.7610522 0.003100719
vt 0.7855599 0.01621074
vt 0.8152574 0.1722346
vt 0.8188775 0.276974
vt 0.7998369 0.06600091
vt 0.7620042 0.00546729
vt 0.7506331 0.00317302
vt 0.7517057 0.005538748
vt 0.8045139 0.1722647
vt 0.8095052 0.2770003
vt 0.7739472 0.01626477
vt 0.7630025 0.01632738
vt 0.75283 0.01639795
vt 0.7882278 0.06604379
vt 0.7941442 0.172303
vt 0.8004592 0.2770337
vt 0.7771484 0.06609534
vt 0.7667062 0.06615508
vt 0.7570009 0.06622243
vt 0.7842476 0.1723491
vt 0.7749204 0.1724024
vt 0.7662512 0.1724626
vt 0.791826 0.2770739
vt 0.7836893 0.2771204
vt 0.7761266 0.2771729
vt 0.796069 0.3227958
vt 0.7965611 0.3293592
vt 0.7886379 0.3228378
vt 0.7818933 0.3228838
vt 0.7893667 0.3293971
vt 0.7841097 0.3294253
vt 0.9358803 0.3636052
vt 0.9442613 0.3658511
vt 0.9454408 0.3635066
vt 0.9348115 0.3659485
vt 0.9254321 0.3636926
vt 0.943024 0.3766878
vt 0.9244841 0.366035
vt 0.9141953 0.3637681
vt 0.9336899 0.3767841
vt 0.9384332 0.4264287
vt 0.9133774 0.3661095
vt 0.9022794 0.3638309
vt 0.9234889 0.3768694
vt 0.9295277 0.4265205
vt 0.9282521 0.5324836
vt 0.9015994 0.3661716
vt 0.8897982 0.3638803
vt 0.9125181 0.3769432
vt 0.9202974 0.5325657
vt 0.9173838 0.6369963
vt 0.9197952 0.426602
vt 0.8892626 0.3662205
vt 0.8768726 0.363916
vt 0.9104445 0.6370679
vt 0.9110463 0.6825922
vt 0.9008843 0.3770044
vt 0.9116039 0.5326384
vt 0.9093282 0.4266723
vt 0.8764866 0.3662557
vt 0.8636265 0.3639376
vt 0.9048517 0.6826548
vt 0.9086472 0.68909
vt 0.9037682 0.6891279
vt 0.8886985 0.3770527
vt 0.8982286 0.4267308
vt 0.9028608 0.6371313
vt 0.8979269 0.682712
vt 0.8970813 0.6891788
vt 0.9022544 0.5327012
vt 0.8947047 0.6371862
vt 0.8904464 0.6827619
vt 0.8897248 0.6892253
vt 0.8923399 0.5327534
vt 0.8866023 0.4267768
vt 0.8860556 0.6372317
vt 0.8825101 0.6828034
vt 0.8818939 0.6892639
vt 0.8819549 0.5327946
vt 0.8760788 0.3770875
vt 0.8769963 0.6372676
vt 0.8741944 0.6828361
vt 0.8736688 0.6892943
vt 0.8655806 0.6828596
vt 0.8651348 0.6893163
vt 0.8567522 0.6828738
vt 0.8563799 0.6893296
vt 0.8477949 0.6828786
vt 0.8474944 0.689334
vt 0.8387959 0.6828738
vt 0.8385699 0.6893296
vt 0.8298424 0.6828596
vt 0.8296985 0.6893163
vt 0.8210217 0.6828361
vt 0.8209718 0.6892943
vt 0.8124191 0.6828034
vt 0.8124794 0.6892639
vt 0.8041186 0.6827619
vt 0.8043092 0.6892253
vt 0.7962003 0.682712
vt 0.796545 0.6891788
vt 0.7887731 0.6826548
vt 0.7894112 0.6891279
vt 0.7820288 0.6825922
vt 0.7841992 0.68909
vt 0.7763151 0.6369963
vt 0.7838827 0.6370679
vt 0.7665418 0.5324836
vt 0.7920237 0.6371313
vt 0.7752166 0.5325657
vt 0.7573944 0.4264287
vt 0.8006607 0.6371862
vt 0.7671061 0.4265205
vt 0.7532716 0.3766878
vt 0.7845489 0.5326384
vt 0.8097098 0.6372317
vt 0.7634508 0.3767841
vt 0.752158 0.3658511
vt 0.7944497 0.5327012
vt 0.7775539 0.426602
vt 0.8190843 0.6372676
vt 0.8298424 0.6828596
vt 0.7624633 0.3659485
vt 0.7510884 0.3635066
vt 0.7615144 0.3636052
vt 0.7744014 0.3768695
vt 0.7735496 0.366035
vt 0.7727304 0.3636927
vt 0.7886381 0.4266723
vt 0.8048229 0.5327534
vt 0.8286936 0.6372935
vt 0.8387959 0.6828738
vt 0.7853112 0.3661095
vt 0.7846298 0.3637682
vt 0.7860191 0.3769432
vt 0.815569 0.5327946
vt 0.800251 0.4267308
vt 0.8384453 0.6373091
vt 0.8477949 0.6828786
vt 0.7976339 0.3661716
vt 0.7970967 0.3638309
vt 0.798191 0.3770044
vt 0.8122817 0.4267768
vt 0.8265844 0.5328243
vt 0.8482456 0.6373143
vt 0.8567522 0.6828738
vt 0.8103998 0.3662205
vt 0.8100121 0.3638803
vt 0.8108007 0.3770527
vt 0.8377631 0.5328422
vt 0.8246136 0.4268101
vt 0.8579998 0.6373091
vt 0.8655806 0.6828596
vt 0.8234854 0.3662557
vt 0.8232509 0.363916
vt 0.8237262 0.3770875
vt 0.8371285 0.4268301
vt 0.8489972 0.5328482
vt 0.8676143 0.6372935
vt 0.8367651 0.366277
vt 0.8366861 0.3639376
vt 0.8368434 0.3771086
vt 0.8601788 0.5328422
vt 0.8712001 0.5328243
vt 0.8497054 0.4268368
vt 0.8501107 0.3662842
vt 0.850188 0.3639448
vt 0.8500257 0.3771156
vt 0.8622234 0.4268301
vt 0.8745621 0.4268101
vt 0.8631462 0.3771086
vt 0.8633938 0.366277
vt 0.1771951 0.6714427
vt 0.1865761 0.6736997
vt 0.1876436 0.6713551
vt 0.1762485 0.6737864
vt 0.1659581 0.6715195
vt 0.1854603 0.6845368
vt 0.1651415 0.6738623
vt 0.154042 0.6715847
vt 0.1752591 0.6846223
vt 0.1813249 0.7342786
vt 0.1533633 0.6739267
vt 0.1415606 0.6716375
vt 0.164288 0.6846973
vt 0.1715921 0.7343603
vt 0.1721514 0.8403357
vt 0.1410263 0.6739789
vt 0.1286349 0.6716776
vt 0.152654 0.6847609
vt 0.1634578 0.8404086
vt 0.1623547 0.9448506
vt 0.1611248 0.7344317
vt 0.1282502 0.6740186
vt 0.1153887 0.6717046
vt 0.1547707 0.9449142
vt 0.1567757 0.990445
vt 0.140468 0.6848125
vt 0.154108 0.8404725
vt 0.150025 0.7344924
vt 0.1151573 0.6740452
vt 0.1019501 0.6717182
vt 0.1278482 0.6848516
vt 0.1383986 0.7345417
vt 0.1441933 0.8405267
vt 0.1466144 0.94497
vt 0.1018742 0.6740586
vt 0.0884482 0.6717182
vt 0.1149155 0.684878
vt 0.1263583 0.7345791
vt 0.1338082 0.8405707
vt 0.08852854 0.6740586
vt 0.07501311 0.6717046
vt 0.101795 0.6848912
vt 0.1140195 0.7346042
vt 0.07524891 0.6740452
vt 0.06177438 0.6716776
vt 0.08861263 0.6848912
vt 0.06216338 0.6740186
vt 0.0488591 0.6716375
vt 0.1379653 0.9450172
vt 0.1230533 0.8406041
vt 0.1015014 0.7346168
vt 0.07549552 0.684878
vt 0.04939758 0.6739789
vt 0.0363923 0.6715847
vt 0.1289058 0.9450557
vt 0.1120319 0.8406265
vt 0.08892447 0.7346168
vt 0.06257013 0.6848517
vt 0.03707502 0.6739267
vt 0.02449319 0.6715195
vt 0.1195237 0.9450848
vt 0.1008503 0.8406377
vt 0.0764097 0.7346042
vt 0.04996052 0.6848125
vt 0.02531362 0.6738623
vt 0.01327738 0.6714427
vt 0.1099091 0.9451043
vt 0.08961612 0.8406377
vt 0.06407784 0.7345791
vt 0.03778878 0.6847609
vt 0.0142276 0.6737864
vt 0.002851715 0.6713551
vt 0.003922588 0.6736997
vt 0.0261713 0.6846973
vt 0.01522096 0.6846223
vt 0.005042041 0.6845367
vt 0.0520473 0.7345417
vt 0.07843748 0.8406265
vt 0.04043448 0.7344924
vt 0.01890298 0.7343602
vt 0.009191491 0.7342786
vt 0.02935048 0.7344317
vt 0.06742224 0.8406041
vt 0.02707044 0.8404086
vt 0.0183958 0.8403357
vt 0.05667612 0.8405707
vt 0.04630314 0.8405267
vt 0.03640252 0.8404725
vt 0.03579263 0.9449142
vt 0.02822525 0.9448506
vt 0.04393351 0.94497
vt 0.05257036 0.9450173
vt 0.06161928 0.9450556
vt 0.0709937 0.9450848
vt 0.04071948 0.9905034
vt 0.03397065 0.9904478
vt 0.04815431 0.9905537
vt 0.0414423 0.9969799
vt 0.03618286 0.9969463
vt 0.04864008 0.997025
vt 0.05644082 0.9970655
vt 0.05607705 0.9905968
vt 0.06461593 0.9970985
vt 0.06437808 0.9906318
vt 0.07308722 0.9971234
vt 0.07297796 0.9906583
vt 0.0817727 0.99714
vt 0.08179346 0.9906762
vt 0.09058899 0.9971483
vt 0.09074 0.9906851
vt 0.09945106 0.9971481
vt 0.09973125 0.990685
vt 0.1082735 0.9971394
vt 0.1086806 0.9906761
vt 0.1169716 0.9971223
vt 0.117502 0.9906582
vt 0.1254613 0.997097
vt 0.0806029 0.9451043
vt 0.09074 0.9906851
vt 0.09035464 0.9451141
vt 0.09973125 0.990685
vt 0.1001549 0.9451141
vt 0.1086806 0.9906761
vt 0.1261103 0.9906316
vt 0.1336611 0.9970638
vt 0.134423 0.9905965
vt 0.1414917 0.9970228
vt 0.1423594 0.9905534
vt 0.1488782 0.9969746
vt 0.1498437 0.9905025
vt 0.1556222 0.9969225
vt 0.1605445 0.9968838
vt 0.1629747 0.9903829
vt 0.735418 0.005308308
vt 0.7437558 0.0084596
vt 0.7449297 0.006021499
vt 0.7343541 0.007754663
vt 0.7250134 0.004675599
vt 0.7425637 0.01936872
vt 0.7240701 0.007129282
vt 0.713815 0.004129648
vt 0.7332771 0.01867244
vt 0.7381853 0.0693488
vt 0.7130013 0.006589627
vt 0.7019317 0.003675519
vt 0.7231189 0.01805467
vt 0.7293251 0.06868443
vt 0.728455 0.1759473
vt 0.7012554 0.00614077
vt 0.689477 0.003317767
vt 0.7121855 0.01752168
vt 0.7205408 0.1753539
vt 0.7180273 0.2810671
vt 0.7196333 0.06809509
vt 0.6889448 0.005787139
vt 0.6765715 0.00305966
vt 0.7111233 0.2805494
vt 0.7118745 0.3270649
vt 0.7005835 0.01707826
vt 0.7118838 0.1748274
vt 0.7092021 0.0675865
vt 0.6761887 0.005532032
vt 0.663339 0.002903875
vt 0.7057109 0.3266119
vt 0.7094949 0.333751
vt 0.7046349 0.3334767
vt 0.6884235 0.01672902
vt 0.6981328 0.0671635
vt 0.7035713 0.2800902
vt 0.6988147 0.326198
vt 0.6979735 0.3331084
vt 0.7025661 0.1743732
vt 0.695443 0.2796939
vt 0.6913596 0.3258372
vt 0.6906409 0.3327723
vt 0.6926787 0.1739953
vt 0.6865311 0.06683025
vt 0.6868176 0.2793643
vt 0.6834449 0.3255371
vt 0.6828302 0.3324928
vt 0.6823157 0.1736977
vt 0.6758235 0.01647698
vt 0.6777775 0.2791046
vt 0.6751467 0.3253007
vt 0.6746215 0.3322726
vt 0.6665463 0.3251301
vt 0.6661001 0.3321137
vt 0.6577268 0.3250272
vt 0.6573536 0.3320177
vt 0.6487741 0.3249927
vt 0.6484725 0.3319857
vt 0.6397753 0.3250272
vt 0.6395484 0.3320178
vt 0.6308175 0.3251301
vt 0.6306731 0.3321137
vt 0.6219881 0.3253007
vt 0.6219384 0.3322726
vt 0.6133724 0.3255371
vt 0.613434 0.3324928
vt 0.6050547 0.3258372
vt 0.6052479 0.3327723
vt 0.5971152 0.326198
vt 0.5974639 0.3331084
vt 0.5896631 0.3266119
vt 0.5903081 0.3334767
vt 0.5828912 0.3270649
vt 0.5850798 0.333751
vt 0.610492 0.2793643
vt 0.601424 0.2796939
vt 0.5927636 0.2800902
vt 0.584595 0.2805495
vt 0.5769958 0.2810671
vt 0.5700405 0.2816383
vt 0.5767935 0.3275747
vt 0.5588143 0.1766021
vt 0.5667874 0.1759473
vt 0.5482681 0.07008184
vt 0.5754985 0.1753539
vt 0.5571943 0.0693488
vt 0.5435058 0.02013712
vt 0.5848624 0.1748275
vt 0.5528615 0.01936874
vt 0.5422317 0.009237485
vt 0.5669465 0.06868445
vt 0.59479 0.1743732
vt 0.5517033 0.008459632
vt 0.5410462 0.006808492
vt 0.5506287 0.006021525
vt 0.5774297 0.0680951
vt 0.5630831 0.01867246
vt 0.5620516 0.007754672
vt 0.5610982 0.005308314
vt 0.5740708 0.01805469
vt 0.5731754 0.007129304
vt 0.5723522 0.004675629
vt 0.5885438 0.06758651
vt 0.5849689 0.006589645
vt 0.5842837 0.004129654
vt 0.5857199 0.01752168
vt 0.6051849 0.1739953
vt 0.5973174 0.006140767
vt 0.5967768 0.003675534
vt 0.5979174 0.01707827
vt 0.6001812 0.06716351
vt 0.6198809 0.2791046
vt 0.6308175 0.3251301
vt 0.6101028 0.005787157
vt 0.609712 0.003317782
vt 0.6159475 0.1736977
vt 0.6294997 0.2789173
vt 0.6397753 0.3250272
vt 0.6105464 0.01672902
vt 0.6122302 0.06683026
vt 0.6232015 0.005532048
vt 0.622964 0.003059681
vt 0.6269738 0.1734829
vt 0.6392562 0.2788042
vt 0.6487741 0.3249927
vt 0.6234848 0.01647699
vt 0.6245745 0.06658984
vt 0.6364877 0.005378059
vt 0.6364057 0.002903877
vt 0.6381579 0.1733533
vt 0.6490563 0.2787663
vt 0.6577268 0.3250272
vt 0.6366083 0.01632492
vt 0.6370953 0.06644471
vt 0.6498331 0.005326502
vt 0.6499074 0.00285171
vt 0.6493919 0.1733099
vt 0.6588055 0.2788042
vt 0.6665463 0.3251301
vt 0.6497904 0.01627396
vt 0.6496722 0.06639613
vt 0.6631093 0.005378044
vt 0.6629042 0.01632492
vt 0.6605677 0.1733533
vt 0.6684102 0.2789173
vt 0.6621837 0.0664447
vt 0.6745098 0.06658983
vt 0.6715778 0.1734829
vt 0.3262401 0.7558049
vt 0.334422 0.7468356
vt 0.3294924 0.7505994
vt 0.332058 0.752723
vt 0.3218798 0.76293
vt 0.341176 0.7417647
vt 0.328231 0.7600307
vt 0.3179578 0.7706865
vt 0.339166 0.7480047
vt 0.3485717 0.7370789
vt 0.3247143 0.7680467
vt 0.314774 0.7788503
vt 0.3358746 0.7556434
vt 0.3469203 0.7435545
vt 0.3564101 0.7331042
vt 0.3218735 0.7765564
vt 0.3123599 0.7873379
vt 0.332854 0.7641
vt 0.3441943 0.7514932
vt 0.3551341 0.7397722
vt 0.3646163 0.72988
vt 0.3197363 0.785462
vt 0.3107373 0.7960614
vt 0.3304346 0.7731658
vt 0.3417089 0.760361
vt 0.3530006 0.7479548
vt 0.3637288 0.7366953
vt 0.3731107 0.7274361
vt 0.3183214 0.794659
vt 0.309923 0.8049312
vt 0.3286391 0.7827229
vt 0.3397426 0.7699446
vt 0.3510748 0.7571594
vt 0.3622095 0.7450633
vt 0.3726212 0.7343522
vt 0.3818121 0.7257972
vt 0.3176427 0.8040412
vt 0.309923 0.8138556
vt 0.3274824 0.7926456
vt 0.3383133 0.7801081
vt 0.3495806 0.7671694
vt 0.3608622 0.754527
vt 0.3717315 0.7428455
vt 0.3817261 0.7327668
vt 0.3906362 0.724978
vt 0.3909555 0.7319531
vt 0.3994983 0.7249875
vt 0.3814755 0.7413238
vt 0.3709763 0.752488
vt 0.3598546 0.7648674
vt 0.3485307 0.7778337
vt 0.4002207 0.7319201
vt 0.4083129 0.7258244
vt 0.3913474 0.7405117
vt 0.3813202 0.7510632
vt 0.370465 0.7630603
vt 0.4094323 0.7326669
vt 0.4169951 0.727482
vt 0.4012521 0.7404183
vt 0.3917939 0.7502652
vt 0.4185016 0.7341876
vt 0.4254616 0.7299429
vt 0.4110944 0.7410433
vt 0.4273416 0.7364663
vt 0.4336304 0.7331847
vt 0.359194 0.7759223
vt 0.3813101 0.7617663
vt 0.4022967 0.7501028
vt 0.4207793 0.7423818
vt 0.4358666 0.7394823
vt 0.4414233 0.737175
vt 0.3701997 0.7743917
vt 0.3922852 0.7609968
vt 0.4127275 0.7505765
vt 0.4302137 0.7444198
vt 0.4439951 0.7432052
vt 0.4486124 0.7416077
vt 0.3814422 0.7732571
vt 0.4032847 0.7607602
vt 0.4229856 0.7516828
vt 0.4393066 0.7471387
vt 0.4515045 0.7472544
vt 0.4538653 0.7449052
vt 0.4575797 0.7497918
vt 0.4479707 0.7505113
vt 0.4559832 0.7541818
vt 0.4625728 0.7564887
vt 0.4329727 0.7534099
vt 0.4142027 0.7610579
vt 0.4425919 0.7557423
vt 0.4517514 0.7586565
vt 0.4602177 0.7618429
vt 0.4671871 0.7638543
vt 0.4249339 0.7618879
vt 0.4353752 0.7632414
vt 0.4454257 0.7651061
vt 0.4549891 0.7674633
vt 0.4638242 0.7700575
vt 0.4711036 0.7716931
vt 0.4667661 0.7787305
vt 0.4742831 0.7799246
vt 0.4576503 0.7768164
vt 0.4477777 0.7750965
vt 0.4373951 0.7737652
vt 0.4266019 0.7728361
vt 0.4690154 0.7877598
vt 0.476696 0.7884633
vt 0.4597088 0.7865919
vt 0.4496241 0.7855692
vt 0.4390109 0.7848204
vt 0.4705486 0.7970407
vt 0.4783174 0.7972216
vt 0.4611423 0.7966624
vt 0.4509439 0.7963762
vt 0.4713511 0.806465
vt 0.4791329 0.8061087
vt 0.4619363 0.806896
vt 0.4714131 0.8159232
vt 0.4791329 0.8150331
vt 0.4279709 0.7843532
vt 0.4402036 0.7962414
vt 0.4517232 0.8073636
vt 0.4620807 0.8171594
vt 0.4707344 0.8253053
vt 0.4783185 0.823903
vt 0.4290241 0.7962597
vt 0.4409596 0.8078564
vt 0.4519511 0.8183762
vt 0.4615734 0.8273187
vt 0.4693195 0.8345024
vt 0.4766959 0.8326265
vt 0.4297486 0.8083697
vt 0.4412681 0.8194919
vt 0.4516243 0.8292586
vt 0.4604167 0.8372414
vt 0.4671824 0.8434079
vt 0.4742819 0.8411141
vt 0.4301336 0.8204951
vt 0.441124 0.830974
vt 0.4507426 0.8398563
vt 0.4586213 0.8467986
vt 0.4643416 0.8519177
vt 0.471098 0.8492779
vt 0.4301728 0.8324481
vt 0.4405251 0.8421307
vt 0.4493133 0.8500198
vt 0.4562018 0.8558643
vt 0.4608248 0.8599337
vt 0.467176 0.8570343
vt 0.4298619 0.8440421
vt 0.4394752 0.852795
vt 0.447347 0.8596033
vt 0.4531812 0.864321
vt 0.4569978 0.8672413
vt 0.4628158 0.8641595
vt 0.4546338 0.8731287
vt 0.4595635 0.8693649
vt 0.4478798 0.8781997
vt 0.4498898 0.8719597
vt 0.4404841 0.8828855
vt 0.4421355 0.8764098
vt 0.4326457 0.8868601
vt 0.4448615 0.8684711
vt 0.4339218 0.8801922
vt 0.4244395 0.8900843
vt 0.4360552 0.8720096
vt 0.425327 0.8832691
vt 0.4159451 0.8925283
vt 0.4379811 0.8628049
vt 0.4164346 0.8856121
vt 0.4072438 0.8941671
vt 0.4268464 0.8749011
vt 0.4281937 0.8654374
vt 0.4073297 0.8871976
vt 0.3984196 0.8949864
vt 0.4173243 0.8771189
vt 0.4292012 0.8550969
vt 0.3981003 0.8880113
vt 0.3895576 0.8949769
vt 0.4075803 0.8786406
vt 0.4180795 0.8674763
vt 0.4185908 0.856904
vt 0.3888352 0.8880442
vt 0.3807429 0.8941399
vt 0.3977085 0.8794526
vt 0.4077356 0.8689012
vt 0.4188562 0.8455727
vt 0.3796235 0.8872975
vt 0.3720607 0.8924824
vt 0.3878037 0.879546
vt 0.3972619 0.8696991
vt 0.4077457 0.8581981
vt 0.4188768 0.833667
vt 0.3705542 0.8857768
vt 0.3635942 0.8900215
vt 0.3779614 0.878921
vt 0.3867591 0.8698615
vt 0.3967706 0.8589675
vt 0.4076136 0.8467072
vt 0.4186556 0.8213767
vt 0.3617142 0.883498
vt 0.3554254 0.8867797
vt 0.3682766 0.8775826
vt 0.3763283 0.8693879
vt 0.3857711 0.8592042
vt 0.3962426 0.8474353
vt 0.4073443 0.8346186
vt 0.4181986 0.8088984
vt 0.406944 0.8221278
vt 0.3956868 0.8352941
vt 0.3848527 0.8477492
vt 0.3748531 0.8589064
vt 0.4175135 0.7964306
vt 0.4064205 0.8094377
vt 0.3951121 0.8227415
vt 0.3840162 0.8356866
vt 0.4166107 0.7841715
vt 0.4057823 0.7967528
vt 0.3945279 0.8099822
vt 0.4155023 0.7723175
vt 0.4050396 0.7842777
vt 0.4042031 0.7722151
vt 0.3939438 0.7972229
vt 0.3832735 0.8232116
vt 0.393369 0.7846702
vt 0.3928132 0.7725291
vt 0.3826354 0.8105267
vt 0.3821118 0.7978365
vt 0.3817115 0.7853457
vt 0.370179 0.7862973
vt 0.3704002 0.7985876
vt 0.3708572 0.8110659
vt 0.3715424 0.8235337
vt 0.3588831 0.7875162
vt 0.3589222 0.7994692
vt 0.3593073 0.8115947
vt 0.3479319 0.7889903
vt 0.3477877 0.8004725
vt 0.3374316 0.7907057
vt 0.3371047 0.8015881
vt 0.3269752 0.802805
vt 0.3480962 0.812108
vt 0.3600318 0.8237047
vt 0.3373327 0.8126007
vt 0.3177048 0.8134994
vt 0.3107384 0.8227428
vt 0.3271195 0.8130683
vt 0.3185072 0.8229237
vt 0.3123599 0.8315011
vt 0.3488522 0.823723
vt 0.3279136 0.8233019
vt 0.3200404 0.8322046
vt 0.3147728 0.8400398
vt 0.3381119 0.8235882
vt 0.3222897 0.8412339
vt 0.3179523 0.8482713
vt 0.329347 0.8333725
vt 0.3394318 0.8343952
vt 0.3500449 0.8351439
vt 0.3252317 0.8499069
vt 0.3218688 0.85611
vt 0.3314056 0.8431479
vt 0.3288381 0.8581215
vt 0.3264831 0.8634757
vt 0.3412781 0.8448679
vt 0.3340668 0.852501
vt 0.361085 0.8356112
vt 0.3330726 0.8657826
vt 0.3314762 0.8701726
vt 0.3373045 0.8613079
vt 0.3436302 0.8548583
vt 0.3516607 0.8461992
vt 0.3724451 0.8357928
vt 0.3375514 0.8727099
vt 0.3351905 0.8750591
vt 0.3404434 0.8783567
vt 0.3410851 0.8694531
vt 0.3450608 0.8767591
vt 0.3476325 0.8827894
vt 0.362454 0.8471282
vt 0.3735535 0.8476468
vt 0.3464639 0.864222
vt 0.3536806 0.856723
vt 0.364122 0.8580765
vt 0.3531893 0.8804821
vt 0.3497493 0.8728257
vt 0.3560832 0.8665544
vt 0.3660702 0.8682816
vt 0.3588421 0.8755446
vt 0.1664667 0.3145963
vt 0.1659796 0.3130547
vt 0.1518632 0.3133907
vt 0.1522129 0.3149354
vt 0.1374013 0.3136165
vt 0.1376103 0.3151635
vt 0.122733 0.3137299
vt 0.1227992 0.315278
vt 0.1079996 0.3137299
vt 0.1079224 0.315278
vt 0.09334303 0.3136165
vt 0.09312325 0.3151634
vt 0.07890426 0.3133907
vt 0.07854397 0.3149355
vt 0.06482277 0.3130547
vt 0.06432544 0.3145962
vt 0.01007466 0.2053415
vt 0.007171347 0.1907497
vt 0.005754991 0.1911055
vt 0.01144939 0.2048485
vt 0.0157678 0.2190859
vt 0.01708766 0.2184605
vt 0.02278175 0.2322056
vt 0.02403403 0.2314537
vt 0.03104692 0.2445753
vt 0.03221952 0.2437042
vt 0.04048563 0.2560746
vt 0.04156727 0.2550926
vt 0.05100517 0.2665941
vt 0.05198543 0.2655108
vt 0.06250595 0.276031
vt 0.06337535 0.2748567
vt 0.07487562 0.2842962
vt 0.07562581 0.2830422
vt 0.08799642 0.2913081
vt 0.08862015 0.2899866
vt 0.1017409 0.2970012
vt 0.1022322 0.2956248
vt 0.1159775 0.3013186
vt 0.1163316 0.2999006
vt 0.1305686 0.3042209
vt 0.130782 0.302775
vt 0.1453739 0.305678
vt 0.1454447 0.3042179
vt 0.1602508 0.305678
vt 0.1601782 0.3042179
vt 0.175056 0.3042186
vt 0.1748407 0.3027726
vt 0.189647 0.3013163
vt 0.1892911 0.2998983
vt 0.203883 0.2969966
vt 0.2033898 0.2956202
vt 0.2176275 0.2913034
vt 0.2170018 0.289982
vt 0.2307472 0.2842894
vt 0.2299951 0.2830356
vt 0.2431169 0.2760243
vt 0.2422456 0.2748501
vt 0.2546161 0.2665856
vt 0.253634 0.2655023
vt 0.2651357 0.256066
vt 0.2640522 0.2550842
vt 0.2745726 0.2445653
vt 0.2733981 0.2436942
vt 0.2828377 0.2321956
vt 0.2815836 0.2314438
vt 0.2898496 0.2190748
vt 0.2885279 0.2184494
vt 0.2955427 0.2053303
vt 0.2941661 0.2048374
vt 0.2998601 0.1910937
vt 0.2984419 0.190738
vt 0.3027625 0.1765026
vt 0.3013163 0.1762876
vt 0.3042195 0.1616972
vt 0.3027593 0.1616249
vt 0.3042195 0.1468203
vt 0.3027593 0.1468914
vt 0.3027602 0.1320152
vt 0.301314 0.1322289
vt 0.2998578 0.1174241
vt 0.2984397 0.1177785
vt 0.2955381 0.1031882
vt 0.2941616 0.1036797
vt 0.289845 0.08944372
vt 0.2885233 0.09006774
vt 0.282831 0.07632402
vt 0.281577 0.07707451
vt 0.2745659 0.06395432
vt 0.2733915 0.06482402
vt 0.2651272 0.05245509
vt 0.2640437 0.0534356
vt 0.2546076 0.0419355
vt 0.2536255 0.04301743
vt 0.2431069 0.03249862
vt 0.2422356 0.03367149
vt 0.2307372 0.02423347
vt 0.2299852 0.02548599
vt 0.2176164 0.01722159
vt 0.2169908 0.0185417
vt 0.2038719 0.01152846
vt 0.2033788 0.01290343
vt 0.1896353 0.00721104
vt 0.1892794 0.00862764
vt 0.1750442 0.004308705
vt 0.174829 0.005753275
vt 0.1602388 0.002851709
vt 0.1601663 0.004310318
vt 0.1453619 0.002851709
vt 0.1454328 0.004310317
vt 0.1305568 0.004311069
vt 0.1307703 0.005755614
vt 0.1159657 0.007213398
vt 0.1163199 0.008629977
vt 0.1017298 0.01153307
vt 0.1022212 0.01290802
vt 0.08798532 0.01722622
vt 0.08860917 0.0185463
vt 0.07486562 0.02424019
vt 0.07561592 0.02549266
vt 0.06249594 0.03250536
vt 0.06336544 0.03367816
vt 0.05099668 0.04194407
vt 0.05197702 0.04302591
vt 0.04047712 0.05246363
vt 0.04155886 0.05344408
vt 0.03104023 0.0639644
vt 0.03221291 0.06483399
vt 0.02277506 0.07633407
vt 0.02402742 0.07708447
vt 0.01576318 0.08945488
vt 0.0170831 0.0900788
vt 0.08947483 0.02037716
vt 0.07665689 0.02722977
vt 0.06457172 0.03530482
vt 0.05333698 0.04452646
vt 0.04305939 0.05480404
vt 0.03383956 0.06604026
vt 0.02576451 0.07812545
vt 0.1029032 0.01481494
vt 0.0189139 0.09094445
vt 0.01144483 0.1036908
vt 0.1168117 0.01059463
vt 0.0133517 0.1043728
vt 0.007169035 0.1177902
vt 0.1310671 0.007759059
vt 0.009133599 0.118282
vt 0.004294679 0.1322407
vt 0.1455317 0.006333253
vt 0.006298031 0.1325374
vt 0.00285171 0.1469034
vt 0.1600664 0.006333263
vt 0.004874518 0.1470022
vt 0.002851701 0.1616369
vt 0.1745313 0.007756773
vt 0.004874523 0.1615369
vt 0.004296997 0.1762993
vt 0.1887867 0.01059233
vt 0.00630032 0.1760015
vt 0.2026959 0.01481042
vt 0.009135907 0.190257
vt 0.2161242 0.02037263
vt 0.01335621 0.2041655
vt 0.2289432 0.02722323
vt 0.0189184 0.2175938
vt 0.2410284 0.03529827
vt 0.02577103 0.2304117
vt 0.2522646 0.04451811
vt 0.03384607 0.2424969
vt 0.2625422 0.05479569
vt 0.0430677 0.2537317
vt 0.2717638 0.06603044
vt 0.05334528 0.2640093
vt 0.2798388 0.0781156
vt 0.0645815 0.2732291
vt 0.2866915 0.09093354
vt 0.07666668 0.2813041
vt 0.2922537 0.1043619
vt 0.08948568 0.2881547
vt 0.296474 0.1182704
vt 0.102914 0.2937169
vt 0.2993096 0.1325258
vt 0.1168232 0.297935
vt 0.3007353 0.1469904
vt 0.1310786 0.3007706
vt 0.3007354 0.1615251
vt 0.1455435 0.3021941
vt 0.2993118 0.17599
vt 0.1600782 0.3021941
vt 0.2964763 0.1902454
vt 0.1745428 0.3007683
vt 0.2922582 0.2041546
vt 0.1887982 0.2979327
vt 0.286696 0.2175829
vt 0.2027067 0.2937124
vt 0.2798454 0.2304019
vt 0.216135 0.2881502
vt 0.2717703 0.2424871
vt 0.228953 0.2812976
vt 0.2625505 0.2537233
vt 0.2410381 0.2732225
vt 0.2522729 0.2640009
vt 0.201992 0.291716
vt 0.2152281 0.2862334
vt 0.2278625 0.2794789
vt 0.2397747 0.2715194
vt 0.2508487 0.2624298
vt 0.2609791 0.2522993
vt 0.1882825 0.2958759
vt 0.270067 0.2412239
vt 0.1742312 0.2986709
vt 0.2780265 0.2293117
vt 0.1599736 0.3000763
vt 0.284779 0.2166762
vt 0.1456469 0.3000763
vt 0.2902616 0.2034401
vt 0.1313891 0.2986732
vt 0.2944193 0.18973
vt 0.1173378 0.2958782
vt 0.2972143 0.1756786
vt 0.1036277 0.2917205
vt 0.2986175 0.1614208
vt 0.09039154 0.2862379
vt 0.2986175 0.1470942
vt 0.07775602 0.2794853
vt 0.2972121 0.1328366
vt 0.06584383 0.2715259
vt 0.2944171 0.1187852
vt 0.05476846 0.262438
vt 0.2902572 0.1050758
vt 0.04463797 0.2523076
vt 0.2847746 0.09183965
vt 0.03554835 0.2412336
vt 0.2780201 0.0792052
vt 0.02758889 0.2293214
vt 0.2700606 0.067293
vt 0.02083432 0.216687
vt 0.260971 0.05621907
vt 0.01535176 0.2034509
vt 0.2508405 0.0460886
vt 0.01119186 0.1897414
vt 0.2397651 0.03700073
vt 0.00839687 0.17569
vt 0.2278529 0.02904127
vt 0.006991466 0.1614325
vt 0.2152174 0.02228871
vt 0.006991471 0.1471058
vt 0.2019813 0.01680614
vt 0.0083946 0.132848
vt 0.1882712 0.01264843
vt 0.01118961 0.1187966
vt 0.1742198 0.009853421
vt 0.01534732 0.1050865
vt 0.159962 0.008450301
vt 0.0208299 0.09185041
vt 0.1456354 0.008450303
vt 0.02758245 0.07921488
vt 0.1313778 0.009855705
vt 0.03554191 0.06730269
vt 0.1173264 0.0126507
vt 0.04462979 0.05622731
vt 0.103617 0.01681059
vt 0.05476026 0.04609683
vt 0.09038085 0.02229319
vt 0.0658342 0.03700719
vt 0.0777464 0.02904773
vt 0.04620042 0.05765076
vt 0.05618379 0.04766739
vt 0.06709692 0.03870975
vt 0.07883612 0.03086586
vt 0.09128711 0.02420939
vt 0.104331 0.01880643
vt 0.03724452 0.06856534
vt 0.1178414 0.01470696
vt 0.02940063 0.08030453
vt 0.1316887 0.01195254
vt 0.02274616 0.09275658
vt 0.1457392 0.01056754
vt 0.01734318 0.1058005
vt 0.1598579 0.01056756
vt 0.01324584 0.1193115
vt 0.1739086 0.01195031
vt 0.01049143 0.1331588
vt 0.187756 0.01470471
vt 0.009108679 0.1472096
vt 0.201267 0.01880204
vt 0.009108664 0.1613282
vt 0.2143109 0.02420503
vt 0.01049366 0.1753787
vt 0.2267629 0.03085949
vt 0.01324807 0.1892261
vt 0.2385021 0.03870339
vt 0.01734754 0.2027364
vt 0.2494166 0.04765928
vt 0.02275052 0.2157803
vt 0.2594 0.05764265
vt 0.02940698 0.2282313
vt 0.2683577 0.06855578
vt 0.03725087 0.2399705
vt 0.2762015 0.08029498
vt 0.04620848 0.2508836
vt 0.282858 0.09274597
vt 0.05619188 0.260867
vt 0.288261 0.1057899
vt 0.06710643 0.2698229
vt 0.2923605 0.1193002
vt 0.07884561 0.2776668
vt 0.2951149 0.1331476
vt 0.09129768 0.2843213
vt 0.2964998 0.1471981
vt 0.1043416 0.2897243
vt 0.2964998 0.1613167
vt 0.1178526 0.2938216
vt 0.2951171 0.1753675
vt 0.1316999 0.296576
vt 0.2923627 0.1892148
vt 0.1457506 0.2979587
vt 0.2882653 0.2027258
vt 0.1598693 0.2979587
vt 0.2828624 0.2157697
vt 0.1739198 0.2965738
vt 0.2762079 0.2282218
vt 0.1877671 0.2938193
vt 0.268364 0.239961
vt 0.2012775 0.2897198
vt 0.2594081 0.2508755
vt 0.2143214 0.2843169
vt 0.2494247 0.2608589
vt 0.2267724 0.2776604
vt 0.2385116 0.2698165
vt 0.1872522 0.2917631
vt 0.2005634 0.287724
vt 0.2134151 0.2824006
vt 0.2256827 0.2758423
vt 0.2372489 0.268114
vt 0.2480012 0.2592883
vt 0.1736089 0.2944769
vt 0.2578375 0.2494521
vt 0.1597654 0.2958415
vt 0.2666614 0.2386983
vt 0.1458548 0.2958415
vt 0.2743897 0.2271321
vt 0.1320111 0.2944791
vt 0.2809461 0.2148636
vt 0.1183678 0.2917653
vt 0.2862695 0.2020119
vt 0.1050559 0.2877283
vt 0.2903064 0.1886999
vt 0.09220419 0.282405
vt 0.2930203 0.1750567
vt 0.07993563 0.2758486
vt 0.2943826 0.161213
vt 0.06836941 0.2681203
vt 0.2943827 0.1473024
vt 0.05761569 0.2592964
vt 0.2930181 0.1334589
vt 0.04777943 0.2494601
vt 0.2903043 0.1198156
vt 0.03895379 0.2387078
vt 0.2862652 0.1065043
vt 0.03122549 0.2271415
vt 0.2809418 0.09365261
vt 0.0246671 0.214874
vt 0.2743835 0.08138509
vt 0.01934377 0.2020223
vt 0.2666551 0.06981887
vt 0.01530468 0.188711
vt 0.2578295 0.05906655
vt 0.01259086 0.1750677
vt 0.2479933 0.04923028
vt 0.01122629 0.1612242
vt 0.2372395 0.04040636
vt 0.01122631 0.1473137
vt 0.2256733 0.03267806
vt 0.01258867 0.13347
vt 0.2134047 0.02612163
vt 0.01530249 0.1198267
vt 0.2005531 0.02079829
vt 0.01933947 0.1065148
vt 0.1872412 0.01676132
vt 0.02466282 0.09366306
vt 0.1735978 0.01404749
vt 0.03121924 0.0813945
vt 0.1597541 0.01268514
vt 0.03894756 0.06982829
vt 0.1458436 0.01268514
vt 0.04777149 0.05907455
vt 0.1320001 0.0140497
vt 0.05760774 0.04923827
vt 0.1183568 0.01676352
vt 0.06836006 0.04041264
vt 0.1050455 0.02080262
vt 0.07992628 0.03268434
vt 0.09219381 0.02612597
vt 0.05903194 0.05080938
vt 0.06962346 0.04211573
vt 0.08101669 0.034503
vt 0.09310074 0.02804271
vt 0.1057602 0.02279899
vt 0.1188724 0.01882028
vt 0.04934279 0.06049853
vt 0.1323117 0.01614708
vt 0.04065083 0.07109143
vt 0.1459481 0.01480289
vt 0.03303809 0.08248467
vt 0.1596507 0.01480289
vt 0.02657974 0.09456975
vt 0.1732873 0.0161449
vt 0.021336 0.1072292
vt 0.1867266 0.01881813
vt 0.01735941 0.1203421
vt 0.1998394 0.02279473
vt 0.01468618 0.1337813
vt 0.2124989 0.02803846
vt 0.01334416 0.147418
vt 0.224584 0.03449681
vt 0.01334415 0.1611205
vt 0.2359772 0.04210955
vt 0.01468834 0.1747569
vt 0.2465701 0.0508015
vt 0.01736157 0.1881962
vt 0.2562592 0.06049065
vt 0.02134023 0.2013084
vt 0.2649529 0.07108217
vt 0.02658398 0.2139679
vt 0.2725656 0.08247541
vt 0.03304425 0.2260519
vt 0.2790259 0.09455946
vt 0.04065699 0.2374452
vt 0.2842696 0.107219
vt 0.04935062 0.2480367
vt 0.2882483 0.1203311
vt 0.05903977 0.2577259
vt 0.2909215 0.1337704
vt 0.06963266 0.2664178
vt 0.2922657 0.1474068
vt 0.08102591 0.2740305
vt 0.2922657 0.1611094
vt 0.09311098 0.2804889
vt 0.2909237 0.174746
vt 0.1057705 0.2857326
vt 0.2882504 0.1881853
vt 0.1188833 0.2897092
vt 0.2842739 0.2012981
vt 0.1323225 0.2923824
vt 0.2790301 0.2139576
vt 0.1459592 0.2937244
vt 0.2725718 0.2260427
vt 0.1596617 0.2937244
vt 0.264959 0.2374359
vt 0.1732982 0.2923803
vt 0.2562671 0.2480288
vt 0.1867374 0.289707
vt 0.2465779 0.257718
vt 0.1998496 0.2857284
vt 0.2359864 0.2664116
vt 0.2125091 0.2804846
vt 0.2245932 0.2740243
vt 0.1729987 0.2903584
vt 0.1862412 0.2877243
vt 0.159562 0.2916829
vt 0.1991614 0.2838039
vt 0.2116355 0.2786369
vt 0.1460601 0.2916829
vt 0.2235426 0.2722712
vt 0.234769 0.26477
vt 0.1326231 0.2903605
vt 0.2452055 0.2562036
vt 0.1193807 0.2877264
vt 0.2547528 0.2466563
vt 0.1064598 0.2838081
vt 0.2633174 0.2362186
vt 0.09398571 0.2786411
vt 0.2708187 0.2249921
vt 0.08207759 0.2722773
vt 0.2771825 0.213084
vt 0.07085118 0.2647761
vt 0.2823494 0.2006099
vt 0.06041341 0.2562114
vt 0.2862678 0.1876891
vt 0.05086613 0.2466641
vt 0.2889019 0.1744466
vt 0.04229978 0.2362277
vt 0.2902242 0.1610096
vt 0.03479854 0.2250013
vt 0.2902242 0.1475078
vt 0.02843284 0.2130942
vt 0.2888997 0.134071
vt 0.02326591 0.20062
vt 0.2862657 0.1208285
vt 0.01934548 0.1876999
vt 0.2823453 0.1079083
vt 0.0167114 0.1744574
vt 0.2771783 0.0954342
vt 0.01538691 0.1610206
vt 0.2708126 0.0835271
vt 0.01538691 0.1475187
vt 0.2633114 0.07230069
vt 0.01670924 0.1340817
vt 0.254745 0.06186427
vt 0.01934335 0.1208393
vt 0.2451978 0.05231698
vt 0.02326171 0.1079185
vt 0.23476 0.04375231
vt 0.02842867 0.09544434
vt 0.2235336 0.03625105
vt 0.03479248 0.08353622
vt 0.2116254 0.02988725
vt 0.04229372 0.0723098
vt 0.1991513 0.0247203
vt 0.0508584 0.06187202
vt 0.1862305 0.02080193
vt 0.06040569 0.05232475
vt 0.1729881 0.01816785
vt 0.07084211 0.0437584
vt 0.1595511 0.01684551
vt 0.08206853 0.03625714
vt 0.1460492 0.01684552
vt 0.09397563 0.02989146
vt 0.1326124 0.01816999
vt 0.1064498 0.0247245
vt 0.1193699 0.02080407
vt 0.533586 0.8578925
vt 0.5318605 0.847539
vt 0.5315362 0.8475872
vt 0.5339041 0.8578128
vt 0.5366369 0.867947
vt 0.5308329 0.8371145
vt 0.5305054 0.8371306
vt 0.5369456 0.8678365
vt 0.5406579 0.8776544
vt 0.5308329 0.8266395
vt 0.5305054 0.8266234
vt 0.5409543 0.8775142
vt 0.5456117 0.8869206
vt 0.5318587 0.8162147
vt 0.5315344 0.8161666
vt 0.545893 0.886752
vt 0.5514492 0.895657
vt 0.5339023 0.805941
vt 0.5335842 0.8058613
vt 0.5517126 0.8954617
vt 0.5581156 0.9037787
vt 0.5369423 0.7959167
vt 0.5366336 0.7958063
vt 0.5583586 0.9035584
vt 0.5655454 0.9112084
vt 0.5409508 0.786239
vt 0.5406545 0.7860988
vt 0.5657656 0.9109654
vt 0.5736681 0.9178734
vt 0.545888 0.7770005
vt 0.5456068 0.7768319
vt 0.5738634 0.91761
vt 0.5824046 0.9237109
vt 0.5517076 0.7682908
vt 0.5514442 0.7680954
vt 0.5825731 0.9234296
vt 0.5916715 0.9286632
vt 0.5583522 0.7601929
vt 0.5581093 0.7599727
vt 0.5918117 0.9283668
vt 0.6013789 0.9326841
vt 0.5657592 0.7527859
vt 0.565539 0.7525429
vt 0.6014894 0.9323754
vt 0.611434 0.9357334
vt 0.573856 0.7461399
vt 0.5736607 0.7458766
vt 0.6115136 0.9354153
vt 0.6217393 0.9377832
vt 0.5825657 0.7403203
vt 0.5823971 0.7400391
vt 0.6217874 0.9374589
vt 0.632196 0.9388123
vt 0.5918034 0.7353816
vt 0.5916632 0.7350852
vt 0.6322121 0.9384848
vt 0.6427032 0.9388123
vt 0.6014811 0.731373
vt 0.6013706 0.7310643
vt 0.6426871 0.9384847
vt 0.6531598 0.9377815
vt 0.6115049 0.7283314
vt 0.6114252 0.7280133
vt 0.6531116 0.9374571
vt 0.6634651 0.9357316
vt 0.6217787 0.7262878
vt 0.6217305 0.7259635
vt 0.6633855 0.9354135
vt 0.6735197 0.9326807
vt 0.6322032 0.7252602
vt 0.6321871 0.7249327
vt 0.6734092 0.932372
vt 0.6832271 0.9286597
vt 0.6426782 0.7252602
vt 0.6426943 0.7249327
vt 0.6830869 0.9283633
vt 0.6924932 0.9237059
vt 0.6531029 0.7262861
vt 0.653151 0.7259617
vt 0.6923246 0.9234247
vt 0.7012296 0.9178684
vt 0.6633767 0.7283296
vt 0.6634564 0.7280115
vt 0.7010343 0.917605
vt 0.7093513 0.911202
vt 0.6734009 0.7313696
vt 0.6735114 0.7310608
vt 0.7091311 0.9109591
vt 0.716781 0.9037722
vt 0.6830786 0.7353781
vt 0.6832188 0.7350817
vt 0.7165381 0.9035521
vt 0.7234461 0.8956495
vt 0.6923172 0.7403153
vt 0.6924857 0.740034
vt 0.7231827 0.8954542
vt 0.7292835 0.8869131
vt 0.7010269 0.7461349
vt 0.7012222 0.7458715
vt 0.7290023 0.8867445
vt 0.7342358 0.8776461
vt 0.7091247 0.7527795
vt 0.7093449 0.7525366
vt 0.7339395 0.8775059
vt 0.7382568 0.8679387
vt 0.7165318 0.7601865
vt 0.7167747 0.7599663
vt 0.7379481 0.8678282
vt 0.7413061 0.8578836
vt 0.7231777 0.7682833
vt 0.7234411 0.768088
vt 0.740988 0.8578039
vt 0.7433559 0.8475783
vt 0.7289973 0.776993
vt 0.7292786 0.7768244
vt 0.7430316 0.8475302
vt 0.7443849 0.8371215
vt 0.733936 0.7862307
vt 0.7342324 0.7860906
vt 0.7440574 0.8371055
vt 0.7443849 0.8266143
vt 0.7379447 0.7959084
vt 0.7382534 0.7957979
vt 0.7440574 0.8266305
vt 0.7433541 0.8161578
vt 0.7409862 0.8059322
vt 0.7413043 0.8058525
vt 0.7430298 0.8162059
vt 0.7318612 0.7872121
vt 0.7357836 0.7966818
vt 0.7387598 0.8064899
vt 0.7407594 0.8165428
vt 0.741765 0.8267432
vt 0.741765 0.836993
vt 0.7270287 0.778173
vt 0.7407611 0.8471935
vt 0.7213342 0.7696506
vt 0.7387615 0.8572463
vt 0.7148312 0.761728
vt 0.735787 0.8670551
vt 0.7075834 0.7544802
vt 0.7318645 0.8765247
vt 0.6996597 0.7479785
vt 0.7270336 0.8855646
vt 0.6911373 0.7422841
vt 0.7213391 0.894087
vt 0.6820974 0.737453
vt 0.7148373 0.9020107
vt 0.6726278 0.7335306
vt 0.7075896 0.9092585
vt 0.6628191 0.7305561
vt 0.699667 0.9157615
vt 0.6527662 0.7285565
vt 0.6911445 0.921456
vt 0.6425657 0.7275527
vt 0.6821054 0.9262885
vt 0.6323159 0.7275527
vt 0.6726359 0.9302109
vt 0.6221156 0.7285582
vt 0.6628277 0.9331871
vt 0.6120627 0.7305579
vt 0.6527748 0.9351867
vt 0.6022545 0.733534
vt 0.6425744 0.9361923
vt 0.5927849 0.7374564
vt 0.6323246 0.9361923
vt 0.5837458 0.7422889
vt 0.6221241 0.9351885
vt 0.5752234 0.7479834
vt 0.6120712 0.9331889
vt 0.5673007 0.7544865
vt 0.6022625 0.9302143
vt 0.560053 0.7617342
vt 0.5927929 0.9262919
vt 0.5535513 0.769658
vt 0.583753 0.9214609
vt 0.5478567 0.7781804
vt 0.5752306 0.9157664
vt 0.5430258 0.7872203
vt 0.5673069 0.9092647
vt 0.5391034 0.7966899
vt 0.5600591 0.902017
vt 0.5361288 0.8064986
vt 0.5535561 0.8940943
vt 0.5341292 0.8165514
vt 0.5478616 0.8855719
vt 0.5331253 0.826752
vt 0.5430291 0.8765328
vt 0.5331254 0.8370018
vt 0.5391067 0.8670632
vt 0.5341309 0.8472022
vt 0.5361305 0.857255
vt 0.5397221 0.8173808
vt 0.5387607 0.8271093
vt 0.538749 0.8368829
vt 0.5396889 0.8466066
vt 0.5415698 0.8561862
vt 0.5443752 0.8655282
vt 0.5416253 0.8077919
vt 0.5480768 0.8745427
vt 0.5444505 0.7984356
vt 0.552574 0.8831146
vt 0.5481718 0.7894031
vt 0.5576907 0.8910339
vt 0.5527518 0.7807817
vt 0.5637883 0.8982342
vt 0.5581475 0.7726558
vt 0.5706925 0.9050363
vt 0.5643059 0.7651035
vt 0.5782477 0.9112045
vt 0.5710972 0.7582057
vt 0.5863729 0.9166079
vt 0.5782919 0.752112
vt 0.5949904 0.9211934
vt 0.5862166 0.746991
vt 0.6040166 0.9249182
vt 0.5947977 0.7424853
vt 0.6133652 0.9277449
vt 0.6038179 0.7387753
vt 0.6229457 0.9296478
vt 0.6131614 0.7359623
vt 0.6326662 0.9306071
vt 0.6227388 0.7340749
vt 0.6424328 0.9306151
vt 0.6324575 0.7331299
vt 0.6521515 0.92967
vt 0.6422241 0.7331378
vt 0.6617289 0.9277827
vt 0.6519446 0.7340971
vt 0.6710725 0.9249697
vt 0.6615251 0.7360001
vt 0.6800926 0.9212596
vt 0.6708737 0.7388268
vt 0.6886737 0.9167539
vt 0.6799 0.7425515
vt 0.6965984 0.911633
vt 0.6885175 0.747137
vt 0.7037931 0.9055393
vt 0.6966426 0.7525405
vt 0.7105844 0.8986414
vt 0.7041978 0.7587086
vt 0.7167428 0.8910891
vt 0.711102 0.7655107
vt 0.7221386 0.8829632
vt 0.7171996 0.772711
vt 0.7267185 0.8743418
vt 0.7223163 0.7806304
vt 0.7304398 0.8653093
vt 0.7268135 0.7892023
vt 0.733265 0.855953
vt 0.7305151 0.7982167
vt 0.7351683 0.8463641
vt 0.7333205 0.8075588
vt 0.7361296 0.8366356
vt 0.7352014 0.8171383
vt 0.7361413 0.826862
vt 0.7232723 0.7983558
vt 0.7257796 0.807391
vt 0.7274318 0.8166872
vt 0.7282153 0.8261483
vt 0.7281221 0.8356772
vt 0.7271553 0.8451759
vt 0.7199346 0.7896735
vt 0.7253239 0.8545463
vt 0.7161396 0.7815495
vt 0.7226478 0.8636922
vt 0.7136146 0.7753361
vt 0.7083613 0.77106
vt 0.7094756 0.7781947
vt 0.7126162 0.7863966
vt 0.7016366 0.7649826
vt 0.7023739 0.7725379
vt 0.6942726 0.7591907
vt 0.7191524 0.8725188
vt 0.7154606 0.7952127
vt 0.704915 0.7810312
vt 0.6946877 0.7670207
vt 0.6863604 0.754108
vt 0.7148734 0.8809354
vt 0.707185 0.7902437
vt 0.6966138 0.7757782
vt 0.6864463 0.7621576
vt 0.6779752 0.7497849
vt 0.709852 0.8888542
vt 0.6982774 0.7853658
vt 0.6877357 0.7711163
vt 0.6777281 0.7579964
vt 0.6691985 0.7462615
vt 0.7041383 0.8961942
vt 0.688775 0.780998
vt 0.6783652 0.7670912
vt 0.6686178 0.7545761
vt 0.6601143 0.7435732
vt 0.6981489 0.9028673
vt 0.6787686 0.7771833
vt 0.6685934 0.7637408
vt 0.6592027 0.7519308
vt 0.6508105 0.7417446
vt 0.6939295 0.9080805
vt 0.6876613 0.910648
vt 0.6907982 0.9041437
vt 0.6794623 0.9145123
vt 0.6961839 0.8972062
vt 0.6707344 0.917918
vt 0.6823605 0.9074962
vt 0.7014644 0.8895949
vt 0.6616877 0.9204857
vt 0.673404 0.9105453
vt 0.6872571 0.9001058
vt 0.7061427 0.8813338
vt 0.6524087 0.9221894
vt 0.6641059 0.9128075
vt 0.6777887 0.9027237
vt 0.6921029 0.8919485
vt 0.7101704 0.8725189
vt 0.6429873 0.9230141
vt 0.6545553 0.9142596
vt 0.6679397 0.9046085
vt 0.6821629 0.8940315
vt 0.6964489 0.8830377
vt 0.7135069 0.8632548
vt 0.6335139 0.9229504
vt 0.6448445 0.9148888
vt 0.6578044 0.905741
vt 0.6718019 0.8954537
vt 0.6861439 0.8844919
vt 0.7002472 0.8734909
vt 0.7161161 0.8536489
vt 0.7034574 0.8634356
vt 0.6896855 0.8742422
vt 0.6753796 0.8853764
vt 0.6611191 0.8962004
vt 0.7179711 0.8438139
vt 0.706042 0.8530033
vt 0.6927472 0.8634313
vt 0.6786293 0.8745303
vt 0.71905 0.8338638
vt 0.7079719 0.8423311
vt 0.6952912 0.8522127
vt 0.7193408 0.8239142
vt 0.7092221 0.8315582
vt 0.7188364 0.8140805
vt 0.6642593 0.8856816
vt 0.6815109 0.8630825
vt 0.6972863 0.8407465
vt 0.7097762 0.8208247
vt 0.7175402 0.8044761
vt 0.7096224 0.8102705
vt 0.708758 0.8000323
vt 0.6987046 0.8291948
vt 0.683987 0.8512048
vt 0.6995258 0.8177207
vt 0.6997332 0.8064865
vt 0.6993185 0.7956501
vt 0.6860248 0.8390765
vt 0.6875944 0.8268788
vt 0.6886718 0.8147937
vt 0.6892364 0.8030022
vt 0.6892743 0.7916799
vt 0.678721 0.7881606
vt 0.6782322 0.7998518
vt 0.6773182 0.8120722
vt 0.6759977 0.8246325
vt 0.6742951 0.8373371
vt 0.6722375 0.8499891
vt 0.6698561 0.862392
vt 0.6671844 0.8743517
vt 0.6668273 0.7970649
vt 0.6655747 0.8095819
vt 0.6640267 0.8224773
vt 0.6622109 0.8355451
vt 0.6601563 0.8485774
vt 0.6578953 0.8613671
vt 0.6554615 0.8737089
vt 0.6677611 0.7851255
vt 0.6528903 0.8854055
vt 0.6683552 0.7739575
vt 0.6502178 0.8962653
vt 0.6474808 0.9061114
vt 0.6350669 0.9146879
vt 0.6370681 0.9057149
vt 0.6392026 0.8956468
vt 0.6240798 0.9220003
vt 0.6253166 0.9136602
vt 0.614776 0.9201717
vt 0.6266665 0.9045567
vt 0.6413818 0.8845499
vt 0.6056918 0.9174834
vt 0.6156876 0.9118142
vt 0.6281798 0.894352
vt 0.6435732 0.8726073
vt 0.5969151 0.9139601
vt 0.6062725 0.9091688
vt 0.6163766 0.9026465
vt 0.6298449 0.883124
vt 0.6457435 0.8600171
vt 0.5885299 0.9096369
vt 0.5971622 0.9057485
vt 0.6062969 0.9000041
vt 0.6172557 0.8923923
vt 0.6316342 0.8710582
vt 0.6478594 0.8469832
vt 0.5806177 0.9045543
vt 0.6183907 0.8811405
vt 0.6065351 0.8897874
vt 0.6335179 0.8583553
vt 0.6498879 0.8337176
vt 0.6197594 0.8690758
vt 0.6354655 0.8452221
vt 0.6517964 0.8204343
vt 0.5965251 0.8966537
vt 0.6071292 0.8786195
vt 0.6213362 0.8563976
vt 0.6374452 0.8318725
vt 0.6535541 0.8073474
vt 0.5884441 0.9015874
vt 0.608063 0.86668
vt 0.6230939 0.8433107
vt 0.6394248 0.8185229
vt 0.6551309 0.7946691
vt 0.6093156 0.8541631
vt 0.6250024 0.8300273
vt 0.6413724 0.8053896
vt 0.6564996 0.7826045
vt 0.6108636 0.8412676
vt 0.6270309 0.8167618
vt 0.6432561 0.7926868
vt 0.6576346 0.7713527
vt 0.6126794 0.8281999
vt 0.6291468 0.8037279
vt 0.6450454 0.780621
vt 0.6585137 0.7610984
vt 0.6467105 0.7693929
vt 0.6313171 0.7911377
vt 0.6147341 0.8151675
vt 0.6482238 0.7591882
vt 0.6335085 0.779195
vt 0.616995 0.8023779
vt 0.6495737 0.7500848
vt 0.6356877 0.7680981
vt 0.6194288 0.7900361
vt 0.6378223 0.75803
vt 0.6398234 0.749057
vt 0.622 0.7783394
vt 0.6246725 0.7674797
vt 0.6413764 0.7407945
vt 0.6274095 0.7576336
vt 0.6319031 0.7407309
vt 0.6300458 0.7488561
vt 0.6224816 0.7415556
vt 0.620335 0.7494854
vt 0.6170859 0.758004
vt 0.6137712 0.7675446
vt 0.6132027 0.7432593
vt 0.6107844 0.7509375
vt 0.6069506 0.7591364
vt 0.6041559 0.745827
vt 0.6014863 0.7531996
vt 0.595428 0.7492326
vt 0.610631 0.7780634
vt 0.6030884 0.7682912
vt 0.5971016 0.7610213
vt 0.5925298 0.7562488
vt 0.5872291 0.7530969
vt 0.607706 0.7893932
vt 0.5927274 0.7697135
vt 0.5876333 0.7636392
vt 0.5840921 0.7596012
vt 0.5809609 0.7556645
vt 0.5767414 0.7608777
vt 0.570752 0.7675508
vt 0.5787064 0.7665387
vt 0.5650383 0.7748907
vt 0.5734259 0.77415
vt 0.5600169 0.7828096
vt 0.5827874 0.7717965
vt 0.555738 0.7912262
vt 0.5687476 0.7824112
vt 0.5784414 0.7807073
vt 0.5522425 0.8000528
vt 0.5647199 0.7912261
vt 0.5887465 0.779253
vt 0.5495664 0.8091986
vt 0.5613834 0.8004902
vt 0.5746431 0.7902541
vt 0.5995107 0.7783686
vt 0.547735 0.8185691
vt 0.5587742 0.810096
vt 0.571433 0.8003094
vt 0.5852048 0.7895027
vt 0.596261 0.7892147
vt 0.5467682 0.8280678
vt 0.5569192 0.819931
vt 0.5688483 0.8107417
vt 0.5821431 0.8003137
vt 0.5933794 0.8006625
vt 0.546675 0.8375967
vt 0.5558403 0.8298811
vt 0.5669184 0.8214139
vt 0.5795991 0.8115323
vt 0.6050343 0.801353
vt 0.5474585 0.8470578
vt 0.5555495 0.8398308
vt 0.5656682 0.8321868
vt 0.577604 0.8229985
vt 0.5909033 0.8125402
vt 0.6026528 0.8137559
vt 0.5491107 0.8563539
vt 0.5560539 0.8496645
vt 0.5651141 0.8429202
vt 0.5761857 0.8345501
vt 0.5888655 0.8246685
vt 0.6005952 0.8264079
vt 0.551618 0.8653892
vt 0.5573501 0.8592688
vt 0.5652679 0.8534744
vt 0.5753645 0.8460242
vt 0.5872959 0.8368662
vt 0.5988926 0.8391125
vt 0.5549557 0.8740715
vt 0.5594298 0.8685322
vt 0.5661323 0.8637127
vt 0.5751571 0.8572584
vt 0.5862185 0.8489513
vt 0.5975721 0.8516728
vt 0.5587507 0.8821955
vt 0.5622741 0.8773483
vt 0.5677053 0.8735012
vt 0.5755718 0.8680949
vt 0.5856539 0.8607427
vt 0.5966581 0.8638932
vt 0.5612757 0.8884089
vt 0.5654147 0.8855502
vt 0.566529 0.892685
vt 0.5856161 0.8720651
vt 0.5961694 0.8755843
vt 0.5699753 0.8827137
vt 0.5766129 0.8783792
vt 0.5732538 0.8987623
vt 0.5725164 0.8912071
vt 0.5802026 0.8967242
vt 0.5782765 0.8879668
vt 0.5861154 0.882747
vt 0.5871546 0.8926287
vt 0.5961218 0.8865617
f 1/1/1 3/3/3 2/2/2
f 4/4/4 6/6/6 5/5/5
f 7/7/7 9/9/9 8/8/8
f 7/7/7 8/8/8 10/10/10
f 11/11/11 7/7/7 10/10/10
f 10/10/10 8/8/8 12/12/12
f 11/11/11 10/10/10 13/13/13
f 14/14/14 11/11/11 13/13/13
f 10/10/10 12/12/12 15/15/15
f 13/13/13 10/10/10 15/15/15
f 15/15/15 12/12/12 16/16/16
f 14/14/14 13/13/13 17/17/17
f 18/18/18 14/14/14 17/17/17
f 13/13/13 15/15/15 19/19/19
f 17/17/17 13/13/13 19/19/19
f 15/15/15 16/16/16 20/20/20
f 19/19/19 15/15/15 20/20/20
f 20/20/20 16/16/16 21/21/21
f 18/18/18 17/17/17 22/22/22
f 23/23/23 18/18/18 22/22/22
f 17/17/17 19/19/19 24/24/24
f 22/22/22 17/17/17 24/24/24
f 19/19/19 20/20/20 25/25/25
f 24/24/24 19/19/19 25/25/25
f 20/20/20 21/21/21 26/26/26
f 25/25/25 20/20/20 26/26/26
f 26/26/26 21/21/21 27/27/27
f 23/23/23 22/22/22 28/28/28
f 29/29/29 23/23/23 28/28/28
f 22/22/22 24/24/24 30/30/30
f 28/28/28 22/22/22 30/30/30
f 24/24/24 25/25/25 31/31/31
f 30/30/30 24/24/24 31/31/31
f 25/25/25 26/26/26 32/32/32
f 31/31/31 25/25/25 32/32/32
f 26/26/26 27/27/27 33/33/33
f 32/32/32 26/26/26 33/33/33
f 33/33/33 27/27/27 34/34/34
f 29/29/29 28/28/28 35/35/35
f 36/36/36 29/29/29 35/35/35
f 28/28/28 30/30/30 37/37/37
f 35/35/35 28/28/28 37/37/37
f 30/30/30 31/31/31 38/38/38
f 37/37/37 30/30/30 38/38/38
f 31/31/31 32/32/32 39/39/39
f 38/38/38 31/31/31 39/39/39
f 32/32/32 33/33/33 40/40/40
f 39/39/39 32/32/32 40/40/40
f 33/33/33 34/34/34 41/41/41
f 40/40/40 33/33/33 41/41/41
f 41/41/41 34/34/34 42/42/42
f 36/36/36 35/35/35 43/43/43
f 44/44/44 36/36/36 43/43/43
f 35/35/35 37/37/37 45/45/45
f 43/43/43 35/35/35 45/45/45
f 37/37/37 38/38/38 46/46/46
f 45/45/45 37/37/37 46/46/46
f 38/38/38 39/39/39 47/47/47
f 46/46/46 38/38/38 47/47/47
f 39/39/39 40/40/40 48/48/48
f 47/47/47 39/39/39 48/48/48
f 40/40/40 41/41/41 49/49/49
f 48/48/48 40/40/40 49/49/49
f 41/41/41 42/42/42 50/50/50
f 49/49/49 41/41/41 50/50/50
f 50/50/50 42/42/42 51/51/51
f 50/50/50 51/51/51 52/52/52
f 52/52/52 51/51/51 53/53/53
f 49/49/49 50/50/50 54/54/54
f 54/54/54 50/50/50 52/52/52
f 48/48/48 49/49/49 55/55/55
f 55/55/55 49/49/49 54/54/54
f 47/47/47 48/48/48 56/56/56
f 56/56/56 48/48/48 55/55/55
f 46/46/46 47/47/47 57/57/57
f 57/57/57 47/47/47 56/56/56
f 52/52/52 53/53/53 58/58/58
f 58/58/58 53/53/53 59/59/59
f 54/54/54 52/52/52 60/60/60
f 60/60/60 52/52/52 58/58/58
f 55/55/55 54/54/54 61/61/61
f 61/61/61 54/54/54 60/60/60
f 56/56/56 55/55/55 62/62/62
f 62/62/62 55/55/55 61/61/61
f 58/58/58 59/59/59 63/63/63
f 63/63/63 59/59/59 64/64/64
f 60/60/60 58/58/58 65/65/65
f 65/65/65 58/58/58 63/63/63
f 61/61/61 60/60/60 66/66/66
f 66/66/66 60/60/60 65/65/65
f 63/63/63 64/64/64 67/67/67
f 67/67/67 64/64/64 68/68/68
f 65/65/65 63/63/63 69/69/69
f 69/69/69 63/63/63 67/67/67
f 67/67/67 68/68/68 70/70/70
f 70/70/70 68/68/68 71/71/71
f 72/72/72 56/56/56 62/62/62
f 57/57/57 56/56/56 72/72/72
f 62/62/62 61/61/61 73/73/73
f 73/73/73 61/61/61 66/66/66
f 66/66/66 65/65/65 74/74/74
f 74/74/74 65/65/65 69/69/69
f 69/69/69 67/67/67 75/75/75
f 75/75/75 67/67/67 70/70/70
f 70/70/70 71/71/71 76/76/76
f 76/76/76 71/71/71 77/77/77
f 72/72/72 62/62/62 78/78/78
f 78/78/78 62/62/62 73/73/73
f 73/73/73 66/66/66 79/79/79
f 79/79/79 66/66/66 74/74/74
f 74/74/74 69/69/69 80/80/80
f 80/80/80 69/69/69 75/75/75
f 75/75/75 70/70/70 81/81/81
f 81/81/81 70/70/70 76/76/76
f 76/76/76 77/77/77 82/82/82
f 82/82/82 77/77/77 83/83/83
f 78/78/78 73/73/73 84/84/84
f 84/84/84 73/73/73 79/79/79
f 79/79/79 74/74/74 85/85/85
f 85/85/85 74/74/74 80/80/80
f 80/80/80 75/75/75 86/86/86
f 86/86/86 75/75/75 81/81/81
f 81/81/81 76/76/76 87/87/87
f 87/87/87 76/76/76 82/82/82
f 82/82/82 83/83/83 88/88/88
f 88/88/88 83/83/83 89/89/89
f 88/88/88 89/89/89 90/90/90
f 91/91/91 82/82/82 88/88/88
f 87/87/87 82/82/82 91/91/91
f 92/92/92 88/88/88 90/90/90
f 91/91/91 88/88/88 92/92/92
f 92/92/92 90/90/90 93/93/93
f 94/94/94 81/81/81 87/87/87
f 86/86/86 81/81/81 94/94/94
f 95/95/95 80/80/80 86/86/86
f 85/85/85 80/80/80 95/95/95
f 96/96/96 87/87/87 91/91/91
f 94/94/94 87/87/87 96/96/96
f 97/97/97 91/91/91 92/92/92
f 96/96/96 91/91/91 97/97/97
f 98/98/98 92/92/92 93/93/93
f 97/97/97 92/92/92 98/98/98
f 98/98/98 93/93/93 99/99/99
f 100/100/100 86/86/86 94/94/94
f 95/95/95 86/86/86 100/100/100
f 101/101/101 94/94/94 96/96/96
f 100/100/100 94/94/94 101/101/101
f 102/102/102 96/96/96 97/97/97
f 101/101/101 96/96/96 102/102/102
f 103/103/103 97/97/97 98/98/98
f 102/102/102 97/97/97 103/103/103
f 104/104/104 98/98/98 99/99/99
f 103/103/103 98/98/98 104/104/104
f 104/104/104 99/99/99 105/105/105
f 106/106/106 104/104/104 105/105/105
f 106/106/106 105/105/105 107/107/107
f 108/108/108 103/103/103 104/104/104
f 108/108/108 104/104/104 106/106/106
f 109/109/109 102/102/102 103/103/103
f 109/109/109 103/103/103 108/108/108
f 110/110/110 101/101/101 102/102/102
f 110/110/110 102/102/102 109/109/109
f 111/111/111 100/100/100 101/101/101
f 111/111/111 101/101/101 110/110/110
f 112/112/112 106/106/106 107/107/107
f 112/112/112 107/107/107 113/113/113
f 114/114/114 108/108/108 106/106/106
f 114/114/114 106/106/106 112/112/112
f 115/115/115 109/109/109 108/108/108
f 115/115/115 108/108/108 114/114/114
f 116/116/116 110/110/110 109/109/109
f 116/116/116 109/109/109 115/115/115
f 117/117/117 112/112/112 113/113/113
f 117/117/117 113/113/113 118/118/118
f 119/119/119 114/114/114 112/112/112
f 119/119/119 112/112/112 117/117/117
f 120/120/120 115/115/115 114/114/114
f 120/120/120 114/114/114 119/119/119
f 121/121/121 117/117/117 118/118/118
f 121/121/121 118/118/118 122/122/122
f 121/121/121 122/122/122 123/123/123
f 124/124/124 119/119/119 117/117/117
f 124/124/124 117/117/117 121/121/121
f 121/121/121 123/123/123 125/125/125
f 124/124/124 121/121/121 125/125/125
f 125/125/125 123/123/123 126/126/126
f 125/125/125 126/126/126 127/127/127
f 128/128/128 125/125/125 127/127/127
f 124/124/124 125/125/125 128/128/128
f 128/128/128 127/127/127 129/129/129
f 130/130/130 119/119/119 124/124/124
f 130/130/130 124/124/124 128/128/128
f 130/130/130 120/120/120 119/119/119
f 131/131/131 128/128/128 129/129/129
f 130/130/130 128/128/128 131/131/131
f 131/131/131 129/129/129 132/132/132
f 133/133/133 120/120/120 130/130/130
f 133/133/133 130/130/130 131/131/131
f 134/134/134 131/131/131 132/132/132
f 133/133/133 131/131/131 134/134/134
f 134/134/134 132/132/132 135/135/135
f 133/133/133 136/136/136 120/120/120
f 136/136/136 115/115/115 120/120/120
f 136/136/136 116/116/116 115/115/115
f 137/137/137 133/133/133 134/134/134
f 137/137/137 136/136/136 133/133/133
f 138/138/138 134/134/134 135/135/135
f 137/137/137 134/134/134 138/138/138
f 138/138/138 135/135/135 139/139/139
f 140/140/140 116/116/116 136/136/136
f 137/137/137 140/140/140 136/136/136
f 141/141/141 137/137/137 138/138/138
f 141/141/141 140/140/140 137/137/137
f 142/142/142 138/138/138 139/139/139
f 141/141/141 138/138/138 142/142/142
f 142/142/142 139/139/139 143/143/143
f 140/140/140 144/144/144 116/116/116
f 144/144/144 110/110/110 116/116/116
f 144/144/144 111/111/111 110/110/110
f 141/141/141 145/145/145 140/140/140
f 145/145/145 144/144/144 140/140/140
f 146/146/146 141/141/141 142/142/142
f 146/146/146 145/145/145 141/141/141
f 147/147/147 142/142/142 143/143/143
f 146/146/146 142/142/142 147/147/147
f 147/147/147 143/143/143 148/148/148
f 149/149/149 111/111/111 144/144/144
f 145/145/145 149/149/149 144/144/144
f 146/146/146 150/150/150 145/145/145
f 150/150/150 149/149/149 145/145/145
f 151/151/151 146/146/146 147/147/147
f 151/151/151 150/150/150 146/146/146
f 152/152/152 147/147/147 148/148/148
f 151/151/151 147/147/147 152/152/152
f 152/152/152 148/148/148 153/153/153
f 149/149/149 154/154/154 111/111/111
f 154/154/154 100/100/100 111/111/111
f 154/154/154 95/95/95 100/100/100
f 150/150/150 155/155/155 149/149/149
f 155/155/155 154/154/154 149/149/149
f 156/156/156 95/95/95 154/154/154
f 155/155/155 156/156/156 154/154/154
f 156/156/156 85/85/85 95/95/95
f 151/151/151 157/157/157 150/150/150
f 157/157/157 155/155/155 150/150/150
f 158/158/158 151/151/151 152/152/152
f 158/158/158 157/157/157 151/151/151
f 159/159/159 152/152/152 153/153/153
f 158/158/158 152/152/152 159/159/159
f 159/159/159 153/153/153 160/160/160
f 161/161/161 156/156/156 155/155/155
f 157/157/157 161/161/161 155/155/155
f 162/162/162 85/85/85 156/156/156
f 161/161/161 162/162/162 156/156/156
f 162/162/162 79/79/79 85/85/85
f 84/84/84 79/79/79 162/162/162
f 158/158/158 163/163/163 157/157/157
f 163/163/163 161/161/161 157/157/157
f 164/164/164 162/162/162 161/161/161
f 164/164/164 84/84/84 162/162/162
f 163/163/163 164/164/164 161/161/161
f 165/165/165 158/158/158 159/159/159
f 165/165/165 163/163/163 158/158/158
f 166/166/166 159/159/159 160/160/160
f 165/165/165 159/159/159 166/166/166
f 166/166/166 160/160/160 167/167/167
f 168/168/168 84/84/84 164/164/164
f 168/168/168 78/78/78 84/84/84
f 169/169/169 164/164/164 163/163/163
f 165/165/165 169/169/169 163/163/163
f 169/169/169 168/168/168 164/164/164
f 170/170/170 165/165/165 166/166/166
f 170/170/170 169/169/169 165/165/165
f 171/171/171 166/166/166 167/167/167
f 170/170/170 166/166/166 171/171/171
f 171/171/171 167/167/167 172/172/172
f 173/173/173 78/78/78 168/168/168
f 173/173/173 72/72/72 78/78/78
f 174/174/174 168/168/168 169/169/169
f 170/170/170 174/174/174 169/169/169
f 174/174/174 173/173/173 168/168/168
f 175/175/175 170/170/170 171/171/171
f 175/175/175 174/174/174 170/170/170
f 176/176/176 171/171/171 172/172/172
f 175/175/175 171/171/171 176/176/176
f 176/176/176 172/172/172 177/177/177
f 178/178/178 72/72/72 173/173/173
f 178/178/178 57/57/57 72/72/72
f 179/179/179 173/173/173 174/174/174
f 175/175/175 179/179/179 174/174/174
f 179/179/179 178/178/178 173/173/173
f 180/180/180 175/175/175 176/176/176
f 180/180/180 179/179/179 175/175/175
f 181/181/181 176/176/176 177/177/177
f 180/180/180 176/176/176 181/181/181
f 181/181/181 177/177/177 182/182/182
f 183/183/183 57/57/57 178/178/178
f 183/183/183 46/46/46 57/57/57
f 45/45/45 46/46/46 183/183/183
f 184/184/184 178/178/178 179/179/179
f 180/180/180 184/184/184 179/179/179
f 184/184/184 183/183/183 178/178/178
f 185/185/185 45/45/45 183/183/183
f 185/185/185 183/183/183 184/184/184
f 43/43/43 45/45/45 185/185/185
f 186/186/186 184/184/184 180/180/180
f 186/186/186 180/180/180 181/181/181
f 186/186/186 185/185/185 184/184/184
f 187/187/187 181/181/181 182/182/182
f 186/186/186 181/181/181 187/187/187
f 187/187/187 182/182/182 188/188/188
f 189/189/189 43/43/43 185/185/185
f 189/189/189 185/185/185 186/186/186
f 189/189/189 186/186/186 187/187/187
f 44/44/44 43/43/43 189/189/189
f 190/190/190 187/187/187 188/188/188
f 189/189/189 187/187/187 190/190/190
f 44/44/44 189/189/189 190/190/190
f 190/190/190 188/188/188 191/191/191
f 44/44/44 190/190/190 192/192/192
f 192/192/192 190/190/190 191/191/191
f 192/192/192 191/191/191 193/193/193
f 194/194/194 196/196/196 195/195/195
f 194/194/194 195/195/195 197/197/197
f 198/198/198 194/194/194 197/197/197
f 197/197/197 195/195/195 199/199/199
f 198/198/198 197/197/197 200/200/200
f 201/201/201 198/198/198 200/200/200
f 197/197/197 199/199/199 202/202/202
f 200/200/200 197/197/197 202/202/202
f 202/202/202 199/199/199 203/203/203
f 201/201/201 200/200/200 204/204/204
f 205/205/205 201/201/201 204/204/204
f 200/200/200 202/202/202 206/206/206
f 204/204/204 200/200/200 206/206/206
f 202/202/202 203/203/203 207/207/207
f 206/206/206 202/202/202 207/207/207
f 207/207/207 203/203/203 208/208/208
f 205/205/205 204/204/204 209/209/209
f 210/210/210 205/205/205 209/209/209
f 204/204/204 206/206/206 211/211/211
f 209/209/209 204/204/204 211/211/211
f 206/206/206 207/207/207 212/212/212
f 211/211/211 206/206/206 212/212/212
f 207/207/207 208/208/208 213/213/213
f 212/212/212 207/207/207 213/213/213
f 213/213/213 208/208/208 214/214/214
f 210/210/210 209/209/209 215/215/215
f 216/216/216 210/210/210 215/215/215
f 209/209/209 211/211/211 217/217/217
f 215/215/215 209/209/209 217/217/217
f 211/211/211 212/212/212 218/218/218
f 217/217/217 211/211/211 218/218/218
f 212/212/212 213/213/213 219/219/219
f 218/218/218 212/212/212 219/219/219
f 213/213/213 214/214/214 220/220/220
f 219/219/219 213/213/213 220/220/220
f 220/220/220 214/214/214 221/221/221
f 216/216/216 215/215/215 222/222/222
f 223/223/223 216/216/216 222/222/222
f 215/215/215 217/217/217 224/224/224
f 222/222/222 215/215/215 224/224/224
f 217/217/217 218/218/218 225/225/225
f 224/224/224 217/217/217 225/225/225
f 218/218/218 219/219/219 226/226/226
f 225/225/225 218/218/218 226/226/226
f 219/219/219 220/220/220 227/227/227
f 226/226/226 219/219/219 227/227/227
f 220/220/220 221/221/221 228/228/228
f 227/227/227 220/220/220 228/228/228
f 228/228/228 221/221/221 229/229/229
f 223/223/223 222/222/222 230/230/230
f 231/231/231 223/223/223 230/230/230
f 222/222/222 224/224/224 232/232/232
f 230/230/230 222/222/222 232/232/232
f 224/224/224 225/225/225 233/233/233
f 232/232/232 224/224/224 233/233/233
f 225/225/225 226/226/226 234/234/234
f 233/233/233 225/225/225 234/234/234
f 226/226/226 227/227/227 235/235/235
f 234/234/234 226/226/226 235/235/235
f 227/227/227 228/228/228 236/236/236
f 235/235/235 227/227/227 236/236/236
f 228/228/228 229/229/229 237/237/237
f 236/236/236 228/228/228 237/237/237
f 237/237/237 229/229/229 238/238/238
f 237/237/237 238/238/238 239/239/239
f 239/239/239 238/238/238 240/240/240
f 236/236/236 237/237/237 241/241/241
f 241/241/241 237/237/237 239/239/239
f 235/235/235 236/236/236 242/242/242
f 242/242/242 236/236/236 241/241/241
f 234/234/234 235/235/235 243/243/243
f 243/243/243 235/235/235 242/242/242
f 233/233/233 234/234/234 244/244/244
f 244/244/244 234/234/234 243/243/243
f 239/239/239 240/240/240 245/245/245
f 245/245/245 240/240/240 246/246/246
f 241/241/241 239/239/239 247/247/247
f 247/247/247 239/239/239 245/245/245
f 242/242/242 241/241/241 248/248/248
f 248/248/248 241/241/241 247/247/247
f 243/243/243 242/242/242 249/249/249
f 249/249/249 242/242/242 248/248/248
f 245/245/245 246/246/246 250/250/250
f 250/250/250 246/246/246 251/251/251
f 247/247/247 245/245/245 252/252/252
f 252/252/252 245/245/245 250/250/250
f 248/248/248 247/247/247 253/253/253
f 253/253/253 247/247/247 252/252/252
f 250/250/250 251/251/251 254/254/254
f 254/254/254 251/251/251 255/255/255
f 252/252/252 250/250/250 256/256/256
f 256/256/256 250/250/250 254/254/254
f 254/254/254 255/255/255 257/257/257
f 257/257/257 255/255/255 258/258/258
f 259/259/259 243/243/243 249/249/249
f 244/244/244 243/243/243 259/259/259
f 249/249/249 248/248/248 260/260/260
f 260/260/260 248/248/248 253/253/253
f 253/253/253 252/252/252 261/261/261
f 261/261/261 252/252/252 256/256/256
f 256/256/256 254/254/254 262/262/262
f 262/262/262 254/254/254 257/257/257
f 257/257/257 258/258/258 263/263/263
f 263/263/263 258/258/258 264/264/264
f 259/259/259 249/249/249 265/265/265
f 265/265/265 249/249/249 260/260/260
f 260/260/260 253/253/253 266/266/266
f 266/266/266 253/253/253 261/261/261
f 261/261/261 256/256/256 267/267/267
f 267/267/267 256/256/256 262/262/262
f 262/262/262 257/257/257 268/268/268
f 268/268/268 257/257/257 263/263/263
f 263/263/263 264/264/264 269/269/269
f 269/269/269 264/264/264 270/270/270
f 265/265/265 260/260/260 271/271/271
f 271/271/271 260/260/260 266/266/266
f 266/266/266 261/261/261 272/272/272
f 272/272/272 261/261/261 267/267/267
f 267/267/267 262/262/262 273/273/273
f 273/273/273 262/262/262 268/268/268
f 268/268/268 263/263/263 274/274/274
f 274/274/274 263/263/263 269/269/269
f 269/269/269 270/270/270 275/275/275
f 275/275/275 270/270/270 276/276/276
f 275/275/275 276/276/276 277/277/277
f 278/278/278 269/269/269 275/275/275
f 274/274/274 269/269/269 278/278/278
f 279/279/279 268/268/268 274/274/274
f 273/273/273 268/268/268 279/279/279
f 280/280/280 267/267/267 273/273/273
f 272/272/272 267/267/267 280/280/280
f 281/281/281 275/275/275 277/277/277
f 278/278/278 275/275/275 281/281/281
f 282/282/282 274/274/274 278/278/278
f 279/279/279 274/274/274 282/282/282
f 283/283/283 273/273/273 279/279/279
f 280/280/280 273/273/273 283/283/283
f 281/281/281 277/277/277 284/284/284
f 284/284/284 277/277/277 285/285/285
f 284/284/284 285/285/285 286/286/286
f 287/287/287 278/278/278 281/281/281
f 282/282/282 278/278/278 287/287/287
f 288/288/288 279/279/279 282/282/282
f 283/283/283 279/279/279 288/288/288
f 289/289/289 284/284/284 286/286/286
f 289/289/289 286/286/286 290/290/290
f 291/291/291 281/281/281 284/284/284
f 287/287/287 281/281/281 291/291/291
f 291/291/291 284/284/284 289/289/289
f 292/292/292 282/282/282 287/287/287
f 288/288/288 282/282/282 292/292/292
f 293/293/293 289/289/289 290/290/290
f 293/293/293 290/290/290 294/294/294
f 295/295/295 287/287/287 291/291/291
f 292/292/292 287/287/287 295/295/295
f 296/296/296 291/291/291 289/289/289
f 296/296/296 289/289/289 293/293/293
f 295/295/295 291/291/291 296/296/296
f 297/297/297 293/293/293 294/294/294
f 297/297/297 294/294/294 298/298/298
f 299/299/299 296/296/296 293/293/293
f 299/299/299 293/293/293 297/297/297
f 300/300/300 295/295/295 296/296/296
f 300/300/300 296/296/296 299/299/299
f 301/301/301 292/292/292 295/295/295
f 301/301/301 295/295/295 300/300/300
f 302/302/302 288/288/288 292/292/292
f 302/302/302 292/292/292 301/301/301
f 303/303/303 297/297/297 298/298/298
f 303/303/303 298/298/298 304/304/304
f 305/305/305 299/299/299 297/297/297
f 305/305/305 297/297/297 303/303/303
f 306/306/306 300/300/300 299/299/299
f 306/306/306 299/299/299 305/305/305
f 307/307/307 301/301/301 300/300/300
f 307/307/307 300/300/300 306/306/306
f 308/308/308 303/303/303 304/304/304
f 308/308/308 304/304/304 309/309/309
f 310/310/310 305/305/305 303/303/303
f 310/310/310 303/303/303 308/308/308
f 311/311/311 306/306/306 305/305/305
f 311/311/311 305/305/305 310/310/310
f 312/312/312 308/308/308 309/309/309
f 312/312/312 309/309/309 313/313/313
f 312/312/312 313/313/313 314/314/314
f 315/315/315 310/310/310 308/308/308
f 315/315/315 308/308/308 312/312/312
f 312/312/312 314/314/314 316/316/316
f 315/315/315 312/312/312 316/316/316
f 316/316/316 314/314/314 317/317/317
f 316/316/316 317/317/317 318/318/318
f 319/319/319 316/316/316 318/318/318
f 315/315/315 316/316/316 319/319/319
f 319/319/319 318/318/318 320/320/320
f 321/321/321 310/310/310 315/315/315
f 321/321/321 315/315/315 319/319/319
f 321/321/321 311/311/311 310/310/310
f 322/322/322 319/319/319 320/320/320
f 321/321/321 319/319/319 322/322/322
f 322/322/322 320/320/320 323/323/323
f 324/324/324 311/311/311 321/321/321
f 324/324/324 321/321/321 322/322/322
f 325/325/325 322/322/322 323/323/323
f 324/324/324 322/322/322 325/325/325
f 325/325/325 323/323/323 326/326/326
f 324/324/324 327/327/327 311/311/311
f 327/327/327 306/306/306 311/311/311
f 327/327/327 307/307/307 306/306/306
f 328/328/328 324/324/324 325/325/325
f 328/328/328 327/327/327 324/324/324
f 329/329/329 325/325/325 326/326/326
f 328/328/328 325/325/325 329/329/329
f 329/329/329 326/326/326 330/330/330
f 331/331/331 307/307/307 327/327/327
f 328/328/328 331/331/331 327/327/327
f 332/332/332 328/328/328 329/329/329
f 332/332/332 331/331/331 328/328/328
f 333/333/333 329/329/329 330/330/330
f 332/332/332 329/329/329 333/333/333
f 333/333/333 330/330/330 334/334/334
f 331/331/331 335/335/335 307/307/307
f 335/335/335 301/301/301 307/307/307
f 335/335/335 302/302/302 301/301/301
f 332/332/332 336/336/336 331/331/331
f 336/336/336 335/335/335 331/331/331
f 337/337/337 332/332/332 333/333/333
f 337/337/337 336/336/336 332/332/332
f 338/338/338 333/333/333 334/334/334
f 337/337/337 333/333/333 338/338/338
f 338/338/338 334/334/334 339/339/339
f 340/340/340 302/302/302 335/335/335
f 336/336/336 340/340/340 335/335/335
f 337/337/337 341/341/341 336/336/336
f 341/341/341 340/340/340 336/336/336
f 342/342/342 337/337/337 338/338/338
f 342/342/342 341/341/341 337/337/337
f 343/343/343 338/338/338 339/339/339
f 342/342/342 338/338/338 343/343/343
f 343/343/343 339/339/339 344/344/344
f 340/340/340 345/345/345 302/302/302
f 345/345/345 288/288/288 302/302/302
f 345/345/345 283/283/283 288/288/288
f 341/341/341 346/346/346 340/340/340
f 346/346/346 345/345/345 340/340/340
f 347/347/347 283/283/283 345/345/345
f 346/346/346 347/347/347 345/345/345
f 347/347/347 280/280/280 283/283/283
f 342/342/342 348/348/348 341/341/341
f 348/348/348 346/346/346 341/341/341
f 349/349/349 342/342/342 343/343/343
f 349/349/349 348/348/348 342/342/342
f 350/350/350 343/343/343 344/344/344
f 349/349/349 343/343/343 350/350/350
f 350/350/350 344/344/344 351/351/351
f 352/352/352 280/280/280 347/347/347
f 352/352/352 272/272/272 280/280/280
f 353/353/353 347/347/347 346/346/346
f 348/348/348 353/353/353 346/346/346
f 353/353/353 352/352/352 347/347/347
f 349/349/349 354/354/354 348/348/348
f 354/354/354 353/353/353 348/348/348
f 355/355/355 349/349/349 350/350/350
f 355/355/355 354/354/354 349/349/349
f 356/356/356 350/350/350 351/351/351
f 355/355/355 350/350/350 356/356/356
f 356/356/356 351/351/351 357/357/357
f 358/358/358 272/272/272 352/352/352
f 358/358/358 266/266/266 272/272/272
f 271/271/271 266/266/266 358/358/358
f 359/359/359 352/352/352 353/353/353
f 354/354/354 359/359/359 353/353/353
f 359/359/359 358/358/358 352/352/352
f 355/355/355 360/360/360 354/354/354
f 360/360/360 359/359/359 354/354/354
f 361/361/361 358/358/358 359/359/359
f 361/361/361 271/271/271 358/358/358
f 360/360/360 361/361/361 359/359/359
f 362/362/362 355/355/355 356/356/356
f 362/362/362 360/360/360 355/355/355
f 363/363/363 356/356/356 357/357/357
f 362/362/362 356/356/356 363/363/363
f 363/363/363 357/357/357 364/364/364
f 365/365/365 271/271/271 361/361/361
f 365/365/365 265/265/265 271/271/271
f 366/366/366 361/361/361 360/360/360
f 362/362/362 366/366/366 360/360/360
f 366/366/366 365/365/365 361/361/361
f 367/367/367 362/362/362 363/363/363
f 367/367/367 366/366/366 362/362/362
f 368/368/368 363/363/363 364/364/364
f 367/367/367 363/363/363 368/368/368
f 368/368/368 364/364/364 369/369/369
f 370/370/370 265/265/265 365/365/365
f 370/370/370 259/259/259 265/265/265
f 371/371/371 365/365/365 366/366/366
f 367/367/367 371/371/371 366/366/366
f 371/371/371 370/370/370 365/365/365
f 372/372/372 367/367/367 368/368/368
f 372/372/372 371/371/371 367/367/367
f 373/373/373 368/368/368 369/369/369
f 372/372/372 368/368/368 373/373/373
f 373/373/373 369/369/369 374/374/374
f 375/375/375 259/259/259 370/370/370
f 375/375/375 244/244/244 259/259/259
f 376/376/376 370/370/370 371/371/371
f 372/372/372 376/376/376 371/371/371
f 376/376/376 375/375/375 370/370/370
f 377/377/377 372/372/372 373/373/373
f 377/377/377 376/376/376 372/372/372
f 378/378/378 373/373/373 374/374/374
f 377/377/377 373/373/373 378/378/378
f 378/378/378 374/374/374 379/379/379
f 380/380/380 244/244/244 375/375/375
f 380/380/380 233/233/233 244/244/244
f 232/232/232 233/233/233 380/380/380
f 381/381/381 375/375/375 376/376/376
f 377/377/377 381/381/381 376/376/376
f 381/381/381 380/380/380 375/375/375
f 382/382/382 232/232/232 380/380/380
f 382/382/382 380/380/380 381/381/381
f 230/230/230 232/232/232 382/382/382
f 383/383/383 381/381/381 377/377/377
f 383/383/383 377/377/377 378/378/378
f 383/383/383 382/382/382 381/381/381
f 384/384/384 378/378/378 379/379/379
f 383/383/383 378/378/378 384/384/384
f 384/384/384 379/379/379 385/385/385
f 386/386/386 230/230/230 382/382/382
f 386/386/386 382/382/382 383/383/383
f 386/386/386 383/383/383 384/384/384
f 231/231/231 230/230/230 386/386/386
f 387/387/387 384/384/384 385/385/385
f 386/386/386 384/384/384 387/387/387
f 231/231/231 386/386/386 387/387/387
f 387/387/387 385/385/385 388/388/388
f 231/231/231 387/387/387 389/389/389
f 389/389/389 387/387/387 388/388/388
f 389/389/389 388/388/388 390/390/390
f 391/391/391 393/393/393 392/392/392
f 391/391/391 392/392/392 394/394/394
f 394/394/394 392/392/392 395/395/395
f 394/394/394 395/395/395 396/396/396
f 397/397/397 394/394/394 396/396/396
f 396/396/396 395/395/395 398/398/398
f 397/397/397 396/396/396 399/399/399
f 400/400/400 397/397/397 399/399/399
f 396/396/396 398/398/398 401/401/401
f 399/399/399 396/396/396 401/401/401
f 401/401/401 398/398/398 402/402/402
f 400/400/400 399/399/399 403/403/403
f 404/404/404 400/400/400 403/403/403
f 399/399/399 401/401/401 405/405/405
f 403/403/403 399/399/399 405/405/405
f 401/401/401 402/402/402 406/406/406
f 405/405/405 401/401/401 406/406/406
f 406/406/406 402/402/402 407/407/407
f 404/404/404 403/403/403 408/408/408
f 409/409/409 404/404/404 408/408/408
f 403/403/403 405/405/405 410/410/410
f 408/408/408 403/403/403 410/410/410
f 405/405/405 406/406/406 411/411/411
f 410/410/410 405/405/405 411/411/411
f 406/406/406 407/407/407 412/412/412
f 411/411/411 406/406/406 412/412/412
f 412/412/412 407/407/407 413/413/413
f 409/409/409 408/408/408 414/414/414
f 415/415/415 409/409/409 414/414/414
f 408/408/408 410/410/410 416/416/416
f 414/414/414 408/408/408 416/416/416
f 410/410/410 411/411/411 417/417/417
f 416/416/416 410/410/410 417/417/417
f 411/411/411 412/412/412 418/418/418
f 417/417/417 411/411/411 418/418/418
f 412/412/412 413/413/413 419/419/419
f 418/418/418 412/412/412 419/419/419
f 419/419/419 413/413/413 420/420/420
f 415/415/415 414/414/414 421/421/421
f 422/422/422 415/415/415 421/421/421
f 414/414/414 416/416/416 423/423/423
f 421/421/421 414/414/414 423/423/423
f 416/416/416 417/417/417 424/424/424
f 423/423/423 416/416/416 424/424/424
f 417/417/417 418/418/418 425/425/425
f 424/424/424 417/417/417 425/425/425
f 418/418/418 419/419/419 426/426/426
f 425/425/425 418/418/418 426/426/426
f 419/419/419 420/420/420 427/427/427
f 426/426/426 419/419/419 427/427/427
f 427/427/427 420/420/420 428/428/428
f 422/422/422 421/421/421 429/429/429
f 430/430/430 422/422/422 429/429/429
f 421/421/421 423/423/423 431/431/431
f 429/429/429 421/421/421 431/431/431
f 423/423/423 424/424/424 432/432/432
f 431/431/431 423/423/423 432/432/432
f 424/424/424 425/425/425 433/433/433
f 432/432/432 424/424/424 433/433/433
f 425/425/425 426/426/426 434/434/434
f 433/433/433 425/425/425 434/434/434
f 426/426/426 427/427/427 435/435/435
f 434/434/434 426/426/426 435/435/435
f 427/427/427 428/428/428 436/436/436
f 435/435/435 427/427/427 436/436/436
f 436/436/436 428/428/428 437/437/437
f 436/436/436 437/437/437 438/438/438
f 438/438/438 437/437/437 439/439/439
f 435/435/435 436/436/436 440/440/440
f 440/440/440 436/436/436 438/438/438
f 434/434/434 435/435/435 441/441/441
f 441/441/441 435/435/435 440/440/440
f 433/433/433 434/434/434 442/442/442
f 442/442/442 434/434/434 441/441/441
f 432/432/432 433/433/433 443/443/443
f 443/443/443 433/433/433 442/442/442
f 438/438/438 439/439/439 444/444/444
f 444/444/444 439/439/439 445/445/445
f 440/440/440 438/438/438 446/446/446
f 446/446/446 438/438/438 444/444/444
f 441/441/441 440/440/440 447/447/447
f 447/447/447 440/440/440 446/446/446
f 442/442/442 441/441/441 448/448/448
f 448/448/448 441/441/441 447/447/447
f 444/444/444 445/445/445 449/449/449
f 449/449/449 445/445/445 450/450/450
f 446/446/446 444/444/444 451/451/451
f 451/451/451 444/444/444 449/449/449
f 447/447/447 446/446/446 452/452/452
f 452/452/452 446/446/446 451/451/451
f 449/449/449 450/450/450 453/453/453
f 453/453/453 450/450/450 454/454/454
f 451/451/451 449/449/449 455/455/455
f 455/455/455 449/449/449 453/453/453
f 453/453/453 454/454/454 456/456/456
f 456/456/456 454/454/454 457/457/457
f 458/458/458 442/442/442 448/448/448
f 443/443/443 442/442/442 458/458/458
f 448/448/448 447/447/447 459/459/459
f 459/459/459 447/447/447 452/452/452
f 452/452/452 451/451/451 460/460/460
f 460/460/460 451/451/451 455/455/455
f 455/455/455 453/453/453 461/461/461
f 461/461/461 453/453/453 456/456/456
f 456/456/456 457/457/457 462/462/462
f 462/462/462 457/457/457 463/463/463
f 458/458/458 448/448/448 464/464/464
f 464/464/464 448/448/448 459/459/459
f 459/459/459 452/452/452 465/465/465
f 465/465/465 452/452/452 460/460/460
f 460/460/460 455/455/455 466/466/466
f 466/466/466 455/455/455 461/461/461
f 461/461/461 456/456/456 467/467/467
f 467/467/467 456/456/456 462/462/462
f 462/462/462 463/463/463 468/468/468
f 468/468/468 463/463/463 469/469/469
f 464/464/464 459/459/459 470/470/470
f 470/470/470 459/459/459 465/465/465
f 465/465/465 460/460/460 471/471/471
f 471/471/471 460/460/460 466/466/466
f 466/466/466 461/461/461 472/472/472
f 472/472/472 461/461/461 467/467/467
f 467/467/467 462/462/462 473/473/473
f 473/473/473 462/462/462 468/468/468
f 468/468/468 469/469/469 474/474/474
f 474/474/474 469/469/469 475/475/475
f 474/474/474 475/475/475 476/476/476
f 477/477/477 468/468/468 474/474/474
f 473/473/473 468/468/468 477/477/477
f 477/477/477 474/474/474 478/478/478
f 479/479/479 467/467/467 473/473/473
f 472/472/472 467/467/467 479/479/479
f 480/480/480 466/466/466 472/472/472
f 471/471/471 466/466/466 480/480/480
f 481/481/481 473/473/473 477/477/477
f 479/479/479 473/473/473 481/481/481
f 482/482/482 477/477/477 478/478/478
f 481/481/481 477/477/477 482/482/482
f 482/482/482 478/478/478 483/483/483
f 484/484/484 472/472/472 479/479/479
f 480/480/480 472/472/472 484/484/484
f 485/485/485 479/479/479 481/481/481
f 484/484/484 479/479/479 485/485/485
f 486/486/486 481/481/481 482/482/482
f 485/485/485 481/481/481 486/486/486
f 487/487/487 482/482/482 483/483/483
f 486/486/486 482/482/482 487/487/487
f 487/487/487 483/483/483 488/488/488
f 489/489/489 487/487/487 488/488/488
f 489/489/489 488/488/488 490/490/490
f 491/491/491 486/486/486 487/487/487
f 491/491/491 487/487/487 489/489/489
f 492/492/492 485/485/485 486/486/486
f 492/492/492 486/486/486 491/491/491
f 493/493/493 484/484/484 485/485/485
f 493/493/493 485/485/485 492/492/492
f 494/494/494 480/480/480 484/484/484
f 494/494/494 484/484/484 493/493/493
f 495/495/495 489/489/489 490/490/490
f 495/495/495 490/490/490 496/496/496
f 497/497/497 491/491/491 489/489/489
f 497/497/497 489/489/489 495/495/495
f 498/498/498 492/492/492 491/491/491
f 498/498/498 491/491/491 497/497/497
f 499/499/499 493/493/493 492/492/492
f 499/499/499 492/492/492 498/498/498
f 500/500/500 495/495/495 496/496/496
f 500/500/500 496/496/496 501/501/501
f 502/502/502 497/497/497 495/495/495
f 502/502/502 495/495/495 500/500/500
f 503/503/503 498/498/498 497/497/497
f 503/503/503 497/497/497 502/502/502
f 504/504/504 500/500/500 501/501/501
f 504/504/504 501/501/501 505/505/505
f 504/504/504 505/505/505 506/506/506
f 507/507/507 502/502/502 500/500/500
f 507/507/507 500/500/500 504/504/504
f 504/504/504 506/506/506 508/508/508
f 507/507/507 504/504/504 508/508/508
f 508/508/508 506/506/506 509/509/509
f 508/508/508 509/509/509 510/510/510
f 511/511/511 508/508/508 510/510/510
f 507/507/507 508/508/508 511/511/511
f 511/511/511 510/510/510 512/512/512
f 513/513/513 502/502/502 507/507/507
f 513/513/513 507/507/507 511/511/511
f 513/513/513 503/503/503 502/502/502
f 514/514/514 511/511/511 512/512/512
f 513/513/513 511/511/511 514/514/514
f 514/514/514 512/512/512 515/515/515
f 516/516/516 503/503/503 513/513/513
f 516/516/516 513/513/513 514/514/514
f 517/517/517 514/514/514 515/515/515
f 516/516/516 514/514/514 517/517/517
f 517/517/517 515/515/515 518/518/518
f 516/516/516 519/519/519 503/503/503
f 519/519/519 498/498/498 503/503/503
f 519/519/519 499/499/499 498/498/498
f 520/520/520 516/516/516 517/517/517
f 520/520/520 519/519/519 516/516/516
f 521/521/521 517/517/517 518/518/518
f 520/520/520 517/517/517 521/521/521
f 521/521/521 518/518/518 522/522/522
f 523/523/523 499/499/499 519/519/519
f 520/520/520 523/523/523 519/519/519
f 524/524/524 520/520/520 521/521/521
f 524/524/524 523/523/523 520/520/520
f 525/525/525 521/521/521 522/522/522
f 524/524/524 521/521/521 525/525/525
f 525/525/525 522/522/522 526/526/526
f 523/523/523 527/527/527 499/499/499
f 527/527/527 493/493/493 499/499/499
f 527/527/527 494/494/494 493/493/493
f 524/524/524 528/528/528 523/523/523
f 528/528/528 527/527/527 523/523/523
f 529/529/529 524/524/524 525/525/525
f 529/529/529 528/528/528 524/524/524
f 530/530/530 525/525/525 526/526/526
f 529/529/529 525/525/525 530/530/530
f 530/530/530 526/526/526 531/531/531
f 532/532/532 494/494/494 527/527/527
f 528/528/528 532/532/532 527/527/527
f 529/529/529 533/533/533 528/528/528
f 533/533/533 532/532/532 528/528/528
f 534/534/534 529/529/529 530/530/530
f 534/534/534 533/533/533 529/529/529
f 535/535/535 530/530/530 531/531/531
f 534/534/534 530/530/530 535/535/535
f 535/535/535 531/531/531 536/536/536
f 532/532/532 537/537/537 494/494/494
f 537/537/537 480/480/480 494/494/494
f 537/537/537 471/471/471 480/480/480
f 533/533/533 538/538/538 532/532/532
f 538/538/538 537/537/537 532/532/532
f 539/539/539 471/471/471 537/537/537
f 538/538/538 539/539/539 537/537/537
f 539/539/539 465/465/465 471/471/471
f 470/470/470 465/465/465 539/539/539
f 534/534/534 540/540/540 533/533/533
f 540/540/540 538/538/538 533/533/533
f 541/541/541 539/539/539 538/538/538
f 541/541/541 470/470/470 539/539/539
f 540/540/540 541/541/541 538/538/538
f 542/542/542 534/534/534 535/535/535
f 542/542/542 540/540/540 534/534/534
f 543/543/543 470/470/470 541/541/541
f 543/543/543 464/464/464 470/470/470
f 544/544/544 541/541/541 540/540/540
f 542/542/542 544/544/544 540/540/540
f 544/544/544 543/543/543 541/541/541
f 542/542/542 535/535/535 545/545/545
f 545/545/545 535/535/535 536/536/536
f 545/545/545 536/536/536 546/546/546
f 547/547/547 464/464/464 543/543/543
f 547/547/547 458/458/458 464/464/464
f 548/548/548 544/544/544 542/542/542
f 548/548/548 542/542/542 545/545/545
f 549/549/549 545/545/545 546/546/546
f 548/548/548 545/545/545 549/549/549
f 549/549/549 546/546/546 550/550/550
f 551/551/551 543/543/543 544/544/544
f 548/548/548 551/551/551 544/544/544
f 551/551/551 547/547/547 543/543/543
f 552/552/552 458/458/458 547/547/547
f 552/552/552 443/443/443 458/458/458
f 553/553/553 548/548/548 549/549/549
f 553/553/553 551/551/551 548/548/548
f 554/554/554 549/549/549 550/550/550
f 553/553/553 549/549/549 554/554/554
f 554/554/554 550/550/550 555/555/555
f 556/556/556 547/547/547 551/551/551
f 553/553/553 556/556/556 551/551/551
f 556/556/556 552/552/552 547/547/547
f 557/557/557 443/443/443 552/552/552
f 557/557/557 432/432/432 443/443/443
f 431/431/431 432/432/432 557/557/557
f 558/558/558 553/553/553 554/554/554
f 558/558/558 556/556/556 553/553/553
f 559/559/559 554/554/554 555/555/555
f 558/558/558 554/554/554 559/559/559
f 559/559/559 555/555/555 560/560/560
f 561/561/561 552/552/552 556/556/556
f 561/561/561 557/557/557 552/552/552
f 558/558/558 561/561/561 556/556/556
f 562/562/562 431/431/431 557/557/557
f 562/562/562 557/557/557 561/561/561
f 429/429/429 431/431/431 562/562/562
f 563/563/563 561/561/561 558/558/558
f 563/563/563 558/558/558 559/559/559
f 563/563/563 562/562/562 561/561/561
f 564/564/564 559/559/559 560/560/560
f 563/563/563 559/559/559 564/564/564
f 564/564/564 560/560/560 565/565/565
f 566/566/566 429/429/429 562/562/562
f 566/566/566 562/562/562 563/563/563
f 566/566/566 563/563/563 564/564/564
f 430/430/430 429/429/429 566/566/566
f 567/567/567 564/564/564 565/565/565
f 566/566/566 564/564/564 567/567/567
f 430/430/430 566/566/566 567/567/567
f 567/567/567 565/565/565 568/568/568
f 430/430/430 567/567/567 569/569/569
f 569/569/569 567/567/567 568/568/568
f 569/569/569 568/568/568 570/570/570
f 571/571/571 573/573/573 572/572/572
f 571/571/571 572/572/572 574/574/574
f 575/575/575 571/571/571 574/574/574
f 575/575/575 574/574/574 576/576/576
f 577/577/577 575/575/575 576/576/576
f 577/577/577 576/576/576 578/578/578
f 579/579/579 577/577/577 578/578/578
f 579/579/579 578/578/578 580/580/580
f 581/581/581 579/579/579 580/580/580
f 581/581/581 580/580/580 582/582/582
f 583/583/583 581/581/581 582/582/582
f 583/583/583 582/582/582 584/584/584
f 585/585/585 583/583/583 584/584/584
f 574/574/574 572/572/572 586/586/586
f 576/576/576 574/574/574 587/587/587
f 574/574/574 586/586/586 587/587/587
f 578/578/578 576/576/576 588/588/588
f 576/576/576 587/587/587 588/588/588
f 580/580/580 578/578/578 589/589/589
f 578/578/578 588/588/588 589/589/589
f 582/582/582 580/580/580 590/590/590
f 580/580/580 589/589/589 590/590/590
f 572/572/572 591/591/591 586/586/586
f 572/572/572 592/592/592 591/591/591
f 586/586/586 591/591/591 593/593/593
f 586/586/586 593/593/593 594/594/594
f 587/587/587 586/586/586 594/594/594
f 594/594/594 593/593/593 595/595/595
f 588/588/588 587/587/587 596/596/596
f 587/587/587 594/594/594 596/596/596
f 594/594/594 595/595/595 597/597/597
f 596/596/596 594/594/594 597/597/597
f 597/597/597 595/595/595 598/598/598
f 589/589/589 588/588/588 599/599/599
f 588/588/588 596/596/596 599/599/599
f 596/596/596 597/597/597 600/600/600
f 599/599/599 596/596/596 600/600/600
f 597/597/597 598/598/598 601/601/601
f 600/600/600 597/597/597 601/601/601
f 601/601/601 598/598/598 602/602/602
f 589/589/589 599/599/599 603/603/603
f 590/590/590 589/589/589 603/603/603
f 599/599/599 600/600/600 604/604/604
f 603/603/603 599/599/599 604/604/604
f 600/600/600 601/601/601 605/605/605
f 604/604/604 600/600/600 605/605/605
f 601/601/601 602/602/602 606/606/606
f 605/605/605 601/601/601 606/606/606
f 606/606/606 602/602/602 607/607/607
f 606/606/606 607/607/607 608/608/608
f 608/608/608 607/607/607 609/609/609
f 605/605/605 606/606/606 610/610/610
f 610/610/610 606/606/606 608/608/608
f 604/604/604 605/605/605 611/611/611
f 611/611/611 605/605/605 610/610/610
f 603/603/603 604/604/604 612/612/612
f 612/612/612 604/604/604 611/611/611
f 590/590/590 603/603/603 613/613/613
f 613/613/613 603/603/603 612/612/612
f 608/608/608 609/609/609 614/614/614
f 614/614/614 609/609/609 615/615/615
f 610/610/610 608/608/608 616/616/616
f 616/616/616 608/608/608 614/614/614
f 611/611/611 610/610/610 617/617/617
f 617/617/617 610/610/610 616/616/616
f 612/612/612 611/611/611 618/618/618
f 618/618/618 611/611/611 617/617/617
f 614/614/614 615/615/615 619/619/619
f 619/619/619 615/615/615 620/620/620
f 616/616/616 614/614/614 621/621/621
f 621/621/621 614/614/614 619/619/619
f 617/617/617 616/616/616 622/622/622
f 622/622/622 616/616/616 621/621/621
f 619/619/619 620/620/620 623/623/623
f 623/623/623 620/620/620 624/624/624
f 621/621/621 619/619/619 625/625/625
f 625/625/625 619/619/619 623/623/623
f 623/623/623 624/624/624 626/626/626
f 626/626/626 624/624/624 627/627/627
f 628/628/628 612/612/612 618/618/618
f 613/613/613 612/612/612 628/628/628
f 618/618/618 617/617/617 629/629/629
f 629/629/629 617/617/617 622/622/622
f 622/622/622 621/621/621 630/630/630
f 630/630/630 621/621/621 625/625/625
f 625/625/625 623/623/623 631/631/631
f 631/631/631 623/623/623 626/626/626
f 626/626/626 627/627/627 632/632/632
f 632/632/632 627/627/627 633/633/633
f 628/628/628 618/618/618 634/634/634
f 634/634/634 618/618/618 629/629/629
f 629/629/629 622/622/622 635/635/635
f 635/635/635 622/622/622 630/630/630
f 630/630/630 625/625/625 636/636/636
f 636/636/636 625/625/625 631/631/631
f 631/631/631 626/626/626 637/637/637
f 637/637/637 626/626/626 632/632/632
f 632/632/632 633/633/633 638/638/638
f 638/638/638 633/633/633 639/639/639
f 634/634/634 629/629/629 640/640/640
f 640/640/640 629/629/629 635/635/635
f 635/635/635 630/630/630 641/641/641
f 641/641/641 630/630/630 636/636/636
f 636/636/636 631/631/631 642/642/642
f 642/642/642 631/631/631 637/637/637
f 637/637/637 632/632/632 643/643/643
f 643/643/643 632/632/632 638/638/638
f 638/638/638 639/639/639 644/644/644
f 644/644/644 639/639/639 645/645/645
f 640/640/640 635/635/635 646/646/646
f 646/646/646 635/635/635 641/641/641
f 641/641/641 636/636/636 647/647/647
f 647/647/647 636/636/636 642/642/642
f 642/642/642 637/637/637 648/648/648
f 648/648/648 637/637/637 643/643/643
f 643/643/643 638/638/638 649/649/649
f 649/649/649 638/638/638 644/644/644
f 644/644/644 645/645/645 650/650/650
f 650/650/650 645/645/645 651/651/651
f 650/650/650 651/651/651 652/652/652
f 653/653/653 644/644/644 650/650/650
f 649/649/649 644/644/644 653/653/653
f 654/654/654 650/650/650 652/652/652
f 653/653/653 650/650/650 654/654/654
f 654/654/654 652/652/652 655/655/655
f 656/656/656 643/643/643 649/649/649
f 648/648/648 643/643/643 656/656/656
f 657/657/657 642/642/642 648/648/648
f 647/647/647 642/642/642 657/657/657
f 658/658/658 649/649/649 653/653/653
f 656/656/656 649/649/649 658/658/658
f 659/659/659 653/653/653 654/654/654
f 658/658/658 653/653/653 659/659/659
f 660/660/660 654/654/654 655/655/655
f 659/659/659 654/654/654 660/660/660
f 660/660/660 655/655/655 661/661/661
f 662/662/662 648/648/648 656/656/656
f 657/657/657 648/648/648 662/662/662
f 663/663/663 656/656/656 658/658/658
f 662/662/662 656/656/656 663/663/663
f 664/664/664 658/658/658 659/659/659
f 663/663/663 658/658/658 664/664/664
f 665/665/665 659/659/659 660/660/660
f 664/664/664 659/659/659 665/665/665
f 666/666/666 660/660/660 661/661/661
f 665/665/665 660/660/660 666/666/666
f 666/666/666 661/661/661 667/667/667
f 668/668/668 666/666/666 667/667/667
f 668/668/668 667/667/667 669/669/669
f 670/670/670 665/665/665 666/666/666
f 670/670/670 666/666/666 668/668/668
f 671/671/671 664/664/664 665/665/665
f 671/671/671 665/665/665 670/670/670
f 672/672/672 663/663/663 664/664/664
f 672/672/672 664/664/664 671/671/671
f 673/673/673 662/662/662 663/663/663
f 673/673/673 663/663/663 672/672/672
f 674/674/674 668/668/668 669/669/669
f 674/674/674 669/669/669 675/675/675
f 676/676/676 670/670/670 668/668/668
f 676/676/676 668/668/668 674/674/674
f 677/677/677 671/671/671 670/670/670
f 677/677/677 670/670/670 676/676/676
f 678/678/678 672/672/672 671/671/671
f 678/678/678 671/671/671 677/677/677
f 679/679/679 674/674/674 675/675/675
f 679/679/679 675/675/675 680/680/680
f 681/681/681 676/676/676 674/674/674
f 681/681/681 674/674/674 679/679/679
f 682/682/682 677/677/677 676/676/676
f 682/682/682 676/676/676 681/681/681
f 683/683/683 679/679/679 680/680/680
f 683/683/683 680/680/680 684/684/684
f 683/683/683 684/684/684 685/685/685
f 686/686/686 681/681/681 679/679/679
f 686/686/686 679/679/679 683/683/683
f 683/683/683 685/685/685 687/687/687
f 686/686/686 683/683/683 687/687/687
f 687/687/687 685/685/685 688/688/688
f 687/687/687 688/688/688 689/689/689
f 690/690/690 687/687/687 689/689/689
f 686/686/686 687/687/687 690/690/690
f 690/690/690 689/689/689 691/691/691
f 692/692/692 681/681/681 686/686/686
f 692/692/692 686/686/686 690/690/690
f 692/692/692 682/682/682 681/681/681
f 693/693/693 690/690/690 691/691/691
f 692/692/692 690/690/690 693/693/693
f 693/693/693 691/691/691 694/694/694
f 695/695/695 682/682/682 692/692/692
f 695/695/695 692/692/692 693/693/693
f 696/696/696 693/693/693 694/694/694
f 695/695/695 693/693/693 696/696/696
f 695/695/695 697/697/697 682/682/682
f 697/697/697 677/677/677 682/682/682
f 697/697/697 678/678/678 677/677/677
f 698/698/698 697/697/697 695/695/695
f 698/698/698 695/695/695 696/696/696
f 696/696/696 694/694/694 699/699/699
f 699/699/699 694/694/694 700/700/700
f 699/699/699 700/700/700 701/701/701
f 702/702/702 696/696/696 699/699/699
f 698/698/698 696/696/696 702/702/702
f 702/702/702 699/699/699 703/703/703
f 704/704/704 678/678/678 697/697/697
f 698/698/698 704/704/704 697/697/697
f 705/705/705 698/698/698 702/702/702
f 705/705/705 704/704/704 698/698/698
f 706/706/706 702/702/702 703/703/703
f 705/705/705 702/702/702 706/706/706
f 706/706/706 703/703/703 707/707/707
f 704/704/704 708/708/708 678/678/678
f 708/708/708 672/672/672 678/678/678
f 708/708/708 673/673/673 672/672/672
f 705/705/705 709/709/709 704/704/704
f 709/709/709 708/708/708 704/704/704
f 710/710/710 705/705/705 706/706/706
f 710/710/710 709/709/709 705/705/705
f 711/711/711 706/706/706 707/707/707
f 710/710/710 706/706/706 711/711/711
f 711/711/711 707/707/707 712/712/712
f 713/713/713 673/673/673 708/708/708
f 709/709/709 713/713/713 708/708/708
f 710/710/710 714/714/714 709/709/709
f 714/714/714 713/713/713 709/709/709
f 715/715/715 710/710/710 711/711/711
f 715/715/715 714/714/714 710/710/710
f 716/716/716 711/711/711 712/712/712
f 715/715/715 711/711/711 716/716/716
f 716/716/716 712/712/712 717/717/717
f 713/713/713 718/718/718 673/673/673
f 718/718/718 662/662/662 673/673/673
f 718/718/718 657/657/657 662/662/662
f 714/714/714 719/719/719 713/713/713
f 719/719/719 718/718/718 713/713/713
f 720/720/720 657/657/657 718/718/718
f 719/719/719 720/720/720 718/718/718
f 720/720/720 647/647/647 657/657/657
f 715/715/715 721/721/721 714/714/714
f 721/721/721 719/719/719 714/714/714
f 722/722/722 715/715/715 716/716/716
f 722/722/722 721/721/721 715/715/715
f 723/723/723 716/716/716 717/717/717
f 722/722/722 716/716/716 723/723/723
f 723/723/723 717/717/717 724/724/724
f 725/725/725 720/720/720 719/719/719
f 721/721/721 725/725/725 719/719/719
f 726/726/726 647/647/647 720/720/720
f 725/725/725 726/726/726 720/720/720
f 726/726/726 641/641/641 647/647/647
f 646/646/646 641/641/641 726/726/726
f 722/722/722 727/727/727 721/721/721
f 727/727/727 725/725/725 721/721/721
f 728/728/728 726/726/726 725/725/725
f 728/728/728 646/646/646 726/726/726
f 727/727/727 728/728/728 725/725/725
f 729/729/729 722/722/722 723/723/723
f 729/729/729 727/727/727 722/722/722
f 730/730/730 723/723/723 724/724/724
f 729/729/729 723/723/723 730/730/730
f 730/730/730 724/724/724 731/731/731
f 732/732/732 646/646/646 728/728/728
f 732/732/732 640/640/640 646/646/646
f 733/733/733 728/728/728 727/727/727
f 729/729/729 733/733/733 727/727/727
f 733/733/733 732/732/732 728/728/728
f 734/734/734 729/729/729 730/730/730
f 734/734/734 733/733/733 729/729/729
f 735/735/735 730/730/730 731/731/731
f 734/734/734 730/730/730 735/735/735
f 735/735/735 731/731/731 736/736/736
f 737/737/737 640/640/640 732/732/732
f 737/737/737 634/634/634 640/640/640
f 738/738/738 732/732/732 733/733/733
f 734/734/734 738/738/738 733/733/733
f 738/738/738 737/737/737 732/732/732
f 739/739/739 734/734/734 735/735/735
f 739/739/739 738/738/738 734/734/734
f 740/740/740 735/735/735 736/736/736
f 739/739/739 735/735/735 740/740/740
f 740/740/740 736/736/736 741/741/741
f 742/742/742 634/634/634 737/737/737
f 742/742/742 628/628/628 634/634/634
f 743/743/743 737/737/737 738/738/738
f 739/739/739 743/743/743 738/738/738
f 743/743/743 742/742/742 737/737/737
f 744/744/744 739/739/739 740/740/740
f 744/744/744 743/743/743 739/739/739
f 745/745/745 740/740/740 741/741/741
f 744/744/744 740/740/740 745/745/745
f 745/745/745 741/741/741 746/746/746
f 747/747/747 628/628/628 742/742/742
f 747/747/747 613/613/613 628/628/628
f 748/748/748 742/742/742 743/743/743
f 744/744/744 748/748/748 743/743/743
f 748/748/748 747/747/747 742/742/742
f 749/749/749 744/744/744 745/745/745
f 749/749/749 748/748/748 744/744/744
f 750/750/750 745/745/745 746/746/746
f 749/749/749 745/745/745 750/750/750
f 750/750/750 746/746/746 751/751/751
f 752/752/752 613/613/613 747/747/747
f 752/752/752 590/590/590 613/613/613
f 582/582/582 590/590/590 752/752/752
f 584/584/584 582/582/582 752/752/752
f 753/753/753 747/747/747 748/748/748
f 753/753/753 752/752/752 747/747/747
f 749/749/749 753/753/753 748/748/748
f 584/584/584 752/752/752 753/753/753
f 754/754/754 753/753/753 749/749/749
f 754/754/754 584/584/584 753/753/753
f 754/754/754 749/749/749 750/750/750
f 585/585/585 584/584/584 754/754/754
f 755/755/755 750/750/750 751/751/751
f 754/754/754 750/750/750 755/755/755
f 585/585/585 754/754/754 755/755/755
f 755/755/755 751/751/751 756/756/756
f 585/585/585 755/755/755 757/757/757
f 757/757/757 755/755/755 756/756/756
f 757/757/757 756/756/756 758/758/758
f 759/759/759 761/761/761 760/760/760
f 759/759/759 762/762/762 761/761/761
f 763/763/763 765/765/765 764/764/764
f 763/763/763 766/766/766 765/765/765
f 766/766/766 767/767/767 765/765/765
f 766/766/766 768/768/768 767/767/767
f 769/769/769 771/771/771 770/770/770
f 769/769/769 772/772/772 771/771/771
f 772/772/772 773/773/773 771/771/771
f 772/772/772 774/774/774 773/773/773
f 775/775/775 777/777/777 776/776/776
f 775/775/775 778/778/778 777/777/777
f 779/779/779 781/781/781 780/780/780
f 779/779/779 782/782/782 781/781/781
f 783/783/783 785/785/785 784/784/784
f 783/783/783 786/786/786 785/785/785
f 786/786/786 787/787/787 785/785/785
f 786/786/786 788/788/788 787/787/787
f 788/788/788 789/789/789 787/787/787
f 788/788/788 790/790/790 789/789/789
f 791/791/791 793/793/793 792/792/792
f 791/791/791 794/794/794 793/793/793
f 794/794/794 795/795/795 793/793/793
f 794/794/794 796/796/796 795/795/795
f 796/796/796 797/797/797 795/795/795
f 796/796/796 798/798/798 797/797/797
f 799/799/799 801/801/801 800/800/800
f 799/799/799 802/802/802 801/801/801
f 803/803/803 805/805/805 804/804/804
f 803/803/803 806/806/806 805/805/805
f 806/806/806 807/807/807 805/805/805
f 806/806/806 808/808/808 807/807/807
f 809/809/809 811/811/811 810/810/810
f 809/809/809 812/812/812 811/811/811
f 812/812/812 813/813/813 811/811/811
f 812/812/812 814/814/814 813/813/813
f 815/815/815 817/817/817 816/816/816
f 815/815/815 818/818/818 817/817/817
f 819/819/819 821/821/821 820/820/820
f 819/819/819 822/822/822 821/821/821
f 822/822/822 823/823/823 821/821/821
f 822/822/822 824/824/824 823/823/823
f 825/825/825 827/827/827 826/826/826
f 825/825/825 828/828/828 827/827/827
f 829/829/829 831/831/831 830/830/830
f 829/829/829 832/832/832 831/831/831
f 833/833/833 835/835/835 834/834/834
f 833/833/833 836/836/836 835/835/835
f 837/837/837 839/839/839 838/838/838
f 837/837/837 840/840/840 839/839/839
f 841/841/841 843/843/843 842/842/842
f 841/841/841 844/844/844 843/843/843
f 845/845/845 847/847/847 846/846/846
f 845/845/845 848/848/848 847/847/847
f 848/848/848 849/849/849 847/847/847
f 848/848/848 850/850/850 849/849/849
f 850/850/850 852/852/852 851/851/851
f 850/850/850 853/853/853 852/852/852
f 854/854/854 856/856/856 855/855/855
f 854/854/854 857/857/857 856/856/856
f 858/858/858 860/860/860 859/859/859
f 858/858/858 861/861/861 860/860/860
f 862/862/862 864/864/864 863/863/863
f 862/862/862 865/865/865 864/864/864
f 865/865/865 866/866/866 864/864/864
f 865/865/865 867/867/867 866/866/866
f 867/867/867 868/868/868 866/866/866
f 867/867/867 869/869/869 868/868/868
f 870/870/870 872/872/872 871/871/871
f 870/870/870 873/873/873 872/872/872
f 873/873/873 874/874/874 872/872/872
f 873/873/873 875/875/875 874/874/874
f 875/875/875 876/876/876 874/874/874
f 875/875/875 877/877/877 876/876/876
f 878/878/878 880/880/880 879/879/879
f 878/878/878 881/881/881 880/880/880
f 882/882/882 884/884/884 883/883/883
f 882/882/882 885/885/885 884/884/884
f 886/886/886 888/888/888 887/887/887
f 886/886/886 889/889/889 888/888/888
f 890/890/890 892/892/892 891/891/891
f 890/890/890 893/893/893 892/892/892
f 894/894/894 896/896/896 895/895/895
f 894/894/894 897/897/897 896/896/896
f 898/898/898 900/900/900 899/899/899
f 898/898/898 901/901/901 900/900/900
f 902/902/902 904/904/904 903/903/903
f 902/902/902 905/905/905 904/904/904
f 906/906/906 908/908/908 907/907/907
f 906/906/906 909/909/909 908/908/908
f 910/910/910 912/912/912 911/911/911
f 910/910/910 913/913/913 912/912/912
f 914/914/914 916/916/916 915/915/915
f 914/914/914 917/917/917 916/916/916
f 918/918/918 920/920/920 919/919/919
f 918/918/918 921/921/921 920/920/920
f 922/922/922 924/924/924 923/923/923
f 922/922/922 925/925/925 924/924/924
f 926/926/926 928/928/928 927/927/927
f 926/926/926 929/929/929 928/928/928
f 929/929/929 930/930/930 928/928/928
f 929/929/929 931/931/931 930/930/930
f 931/931/931 932/932/932 930/930/930
f 931/931/931 933/933/933 932/932/932
f 934/934/934 936/936/936 935/935/935
f 934/934/934 937/937/937 936/936/936
f 937/937/937 938/938/938 936/936/936
f 937/937/937 939/939/939 938/938/938
f 940/940/940 942/942/942 941/941/941
f 940/940/940 943/943/943 942/942/942
f 944/944/944 946/946/946 945/945/945
f 944/944/944 947/947/947 946/946/946
f 948/948/948 950/950/950 949/949/949
f 948/948/948 951/951/951 950/950/950
f 952/952/952 954/954/954 953/953/953
f 952/952/952 955/955/955 954/954/954
f 956/956/956 958/958/958 957/957/957
f 956/956/956 959/959/959 958/958/958
f 960/960/960 962/962/962 961/961/961
f 960/960/960 961/961/961 963/963/963
f 964/964/964 960/960/960 963/963/963
f 964/964/964 963/963/963 965/965/965
f 966/966/966 968/968/968 967/967/967
f 966/966/966 969/969/969 968/968/968
f 970/970/970 972/972/972 971/971/971
f 970/970/970 971/971/971 973/973/973
f 974/974/974 970/970/970 973/973/973
f 974/974/974 973/973/973 975/975/975
f 976/976/976 978/978/978 977/977/977
f 976/976/976 979/979/979 978/978/978
f 980/980/980 982/982/982 981/981/981
f 980/980/980 983/983/983 982/982/982
f 984/984/984 986/986/986 985/985/985
f 984/984/984 987/987/987 986/986/986
f 988/988/988 990/990/990 989/989/989
f 988/988/988 991/991/991 990/990/990
f 992/992/992 994/994/994 993/993/993
f 992/992/992 995/995/995 994/994/994
f 996/996/996 998/998/998 997/997/997
f 996/996/996 999/999/999 998/998/998
f 1000/1000/1000 1002/1002/1002 1001/1001/1001
f 1000/1000/1000 1003/1003/1003 1002/1002/1002
f 1004/1004/1004 1006/1006/1006 1005/1005/1005
f 1004/1004/1004 1007/1007/1007 1006/1006/1006
f 1008/1008/1008 1010/1010/1010 1009/1009/1009
f 1008/1008/1008 1011/1011/1011 1010/1010/1010
f 1012/1012/1012 1014/1014/1014 1013/1013/1013
f 1012/1012/1012 1015/1015/1015 1014/1014/1014
f 1016/1016/1016 1018/1018/1018 1017/1017/1017
f 1016/1016/1016 1019/1019/1019 1018/1018/1018
f 1019/1019/1019 1020/1020/1020 1018/1018/1018
f 1019/1019/1019 1021/1021/1021 1020/1020/1020
f 1022/1022/1022 1024/1024/1024 1023/1023/1023
f 1022/1022/1022 1025/1025/1025 1024/1024/1024
f 1026/1026/1026 1028/1028/1028 1027/1027/1027
f 1026/1026/1026 1029/1029/1029 1028/1028/1028
f 1030/1030/1030 1032/1032/1032 1031/1031/1031
f 1030/1030/1030 1033/1033/1033 1032/1032/1032
f 1033/1033/1033 1034/1034/1034 1032/1032/1032
f 1033/1033/1033 1035/1035/1035 1034/1034/1034
f 1035/1035/1035 1036/1036/1036 1034/1034/1034
f 1035/1035/1035 1037/1037/1037 1036/1036/1036
f 1038/1038/1038 1040/1040/1040 1039/1039/1039
f 1038/1038/1038 1041/1041/1041 1040/1040/1040
f 1041/1041/1041 1042/1042/1042 1040/1040/1040
f 1041/1041/1041 1043/1043/1043 1042/1042/1042
f 1043/1043/1043 1044/1044/1044 1042/1042/1042
f 1043/1043/1043 1045/1045/1045 1044/1044/1044
f 1046/1046/1046 1048/1048/1048 1047/1047/1047
f 1046/1046/1046 1049/1049/1049 1048/1048/1048
f 1050/1050/1050 1052/1052/1052 1051/1051/1051
f 1050/1050/1050 1053/1053/1053 1052/1052/1052
f 1054/1054/1054 1056/1056/1056 1055/1055/1055
f 1054/1054/1054 1057/1057/1057 1056/1056/1056
f 1057/1057/1057 1058/1058/1058 1056/1056/1056
f 1057/1057/1057 1059/1059/1059 1058/1058/1058
f 1060/1060/1060 1062/1062/1062 1061/1061/1061
f 1060/1060/1060 1063/1063/1063 1062/1062/1062
f 1063/1063/1063 1064/1064/1064 1062/1062/1062
f 1063/1063/1063 1065/1065/1065 1064/1064/1064
f 1066/1066/1066 1068/1068/1068 1067/1067/1067
f 1066/1066/1066 1069/1069/1069 1068/1068/1068
f 1070/1070/1070 1072/1072/1072 1071/1071/1071
f 1070/1070/1070 1073/1073/1073 1072/1072/1072
f 1074/1074/1074 1076/1076/1076 1075/1075/1075
f 1074/1074/1074 1077/1077/1077 1076/1076/1076
f 1077/1077/1077 1078/1078/1078 1076/1076/1076
f 1077/1077/1077 1079/1079/1079 1078/1078/1078
f 1080/1080/1080 1082/1082/1082 1081/1081/1081
f 1080/1080/1080 1083/1083/1083 1082/1082/1082
f 1083/1083/1083 1084/1084/1084 1082/1082/1082
f 1083/1083/1083 1085/1085/1085 1084/1084/1084
f 1086/1086/1086 1088/1088/1088 1087/1087/1087
f 1086/1086/1086 1089/1089/1089 1088/1088/1088
f 1090/1090/1090 1092/1092/1092 1091/1091/1091
f 1090/1090/1090 1093/1093/1093 1092/1092/1092
f 1094/1094/1094 1096/1096/1096 1095/1095/1095
f 1094/1094/1094 1097/1097/1097 1096/1096/1096
f 1098/1098/1098 1100/1100/1100 1099/1099/1099
f 1098/1098/1098 1101/1101/1101 1100/1100/1100
f 1102/1102/1102 1104/1104/1104 1103/1103/1103
f 1102/1102/1102 1105/1105/1105 1104/1104/1104
f 1106/1106/1106 1108/1108/1108 1107/1107/1107
f 1106/1106/1106 1109/1109/1109 1108/1108/1108
f 1110/1110/1110 1112/1112/1112 1111/1111/1111
f 1110/1110/1110 1113/1113/1113 1112/1112/1112
f 1114/1114/1114 1116/1116/1116 1115/1115/1115
f 1114/1114/1114 1117/1117/1117 1116/1116/1116
f 1118/1118/1118 1120/1120/1120 1119/1119/1119
f 1118/1118/1118 1121/1121/1121 1120/1120/1120
f 1122/1122/1122 1124/1124/1124 1123/1123/1123
f 1122/1122/1122 1125/1125/1125 1124/1124/1124
f 1125/1125/1125 1126/1126/1126 1124/1124/1124
f 1125/1125/1125 1127/1127/1127 1126/1126/1126
f 1128/1128/1128 1130/1130/1130 1129/1129/1129
f 1128/1128/1128 1131/1131/1131 1130/1130/1130
f 1131/1131/1131 1132/1132/1132 1130/1130/1130
f 1131/1131/1131 1133/1133/1133 1132/1132/1132
f 1134/1134/1134 1136/1136/1136 1135/1135/1135
f 1134/1134/1134 1137/1137/1137 1136/1136/1136
f 1138/1138/1138 1140/1140/1140 1139/1139/1139
f 1138/1138/1138 1141/1141/1141 1140/1140/1140
f 1142/1142/1142 1144/1144/1144 1143/1143/1143
f 1142/1142/1142 1145/1145/1145 1144/1144/1144
f 1146/1146/1146 1148/1148/1148 1147/1147/1147
f 1146/1146/1146 1149/1149/1149 1148/1148/1148
f 1149/1149/1149 1150/1150/1150 1148/1148/1148
f 1149/1149/1149 1151/1151/1151 1150/1150/1150
f 1152/1152/1152 1154/1154/1154 1153/1153/1153
f 1152/1152/1152 1155/1155/1155 1154/1154/1154
f 1156/1156/1156 1158/1158/1158 1157/1157/1157
f 1156/1156/1156 1159/1159/1159 1158/1158/1158
f 1160/1160/1160 1162/1162/1162 1161/1161/1161
f 1160/1160/1160 1163/1163/1163 1162/1162/1162
f 1163/1163/1163 1164/1164/1164 1162/1162/1162
f 1163/1163/1163 1165/1165/1165 1164/1164/1164
f 1166/1166/1166 1168/1168/1168 1167/1167/1167
f 1166/1166/1166 1169/1169/1169 1168/1168/1168
f 1169/1169/1169 1170/1170/1170 1168/1168/1168
f 1169/1169/1169 1171/1171/1171 1170/1170/1170
f 1172/1172/1172 1174/1174/1174 1173/1173/1173
f 1172/1172/1172 1175/1175/1175 1174/1174/1174
f 1176/1176/1176 1178/1178/1178 1177/1177/1177
f 1176/1176/1176 1179/1179/1179 1178/1178/1178
f 1180/1180/1180 1182/1182/1182 1181/1181/1181
f 1180/1180/1180 1183/1183/1183 1182/1182/1182
f 1184/1184/1184 1186/1186/1186 1185/1185/1185
f 1184/1184/1184 1187/1187/1187 1186/1186/1186
f 1188/1188/1188 1190/1190/1190 1189/1189/1189
f 1188/1188/1188 1191/1191/1191 1190/1190/1190
f 1192/1192/1192 1194/1194/1194 1193/1193/1193
f 1192/1192/1192 1193/1193/1193 1195/1195/1195
f 1196/1196/1196 1192/1192/1192 1195/1195/1195
f 1195/1195/1195 1193/1193/1193 1197/1197/1197
f 1196/1196/1196 1195/1195/1195 1198/1198/1198
f 1199/1199/1199 1196/1196/1196 1198/1198/1198
f 1195/1195/1195 1197/1197/1197 1200/1200/1200
f 1198/1198/1198 1195/1195/1195 1200/1200/1200
f 1200/1200/1200 1197/1197/1197 1201/1201/1201
f 1199/1199/1199 1198/1198/1198 1202/1202/1202
f 1203/1203/1203 1199/1199/1199 1202/1202/1202
f 1198/1198/1198 1200/1200/1200 1204/1204/1204
f 1202/1202/1202 1198/1198/1198 1204/1204/1204
f 1200/1200/1200 1201/1201/1201 1205/1205/1205
f 1204/1204/1204 1200/1200/1200 1205/1205/1205
f 1205/1205/1205 1201/1201/1201 1206/1206/1206
f 1203/1203/1203 1202/1202/1202 1207/1207/1207
f 1208/1208/1208 1203/1203/1203 1207/1207/1207
f 1202/1202/1202 1204/1204/1204 1209/1209/1209
f 1207/1207/1207 1202/1202/1202 1209/1209/1209
f 1205/1205/1205 1206/1206/1206 1210/1210/1210
f 1210/1210/1210 1206/1206/1206 1211/1211/1211
f 1204/1204/1204 1205/1205/1205 1212/1212/1212
f 1209/1209/1209 1204/1204/1204 1212/1212/1212
f 1212/1212/1212 1205/1205/1205 1210/1210/1210
f 1208/1208/1208 1207/1207/1207 1213/1213/1213
f 1214/1214/1214 1208/1208/1208 1213/1213/1213
f 1210/1210/1210 1211/1211/1211 1215/1215/1215
f 1215/1215/1215 1211/1211/1211 1216/1216/1216
f 1207/1207/1207 1209/1209/1209 1217/1217/1217
f 1213/1213/1213 1207/1207/1207 1217/1217/1217
f 1212/1212/1212 1210/1210/1210 1218/1218/1218
f 1218/1218/1218 1210/1210/1210 1215/1215/1215
f 1209/1209/1209 1212/1212/1212 1219/1219/1219
f 1217/1217/1217 1209/1209/1209 1219/1219/1219
f 1219/1219/1219 1212/1212/1212 1218/1218/1218
f 1214/1214/1214 1213/1213/1213 1220/1220/1220
f 1221/1221/1221 1214/1214/1214 1220/1220/1220
f 1215/1215/1215 1216/1216/1216 1222/1222/1222
f 1222/1222/1222 1216/1216/1216 1223/1223/1223
f 1222/1222/1222 1223/1223/1223 1224/1224/1224
f 1213/1213/1213 1217/1217/1217 1225/1225/1225
f 1220/1220/1220 1213/1213/1213 1225/1225/1225
f 1217/1217/1217 1219/1219/1219 1226/1226/1226
f 1225/1225/1225 1217/1217/1217 1226/1226/1226
f 1219/1219/1219 1218/1218/1218 1227/1227/1227
f 1226/1226/1226 1219/1219/1219 1227/1227/1227
f 1218/1218/1218 1215/1215/1215 1228/1228/1228
f 1228/1228/1228 1215/1215/1215 1222/1222/1222
f 1227/1227/1227 1218/1218/1218 1228/1228/1228
f 1229/1229/1229 1222/1222/1222 1224/1224/1224
f 1228/1228/1228 1222/1222/1222 1229/1229/1229
f 1229/1229/1229 1224/1224/1224 1230/1230/1230
f 1227/1227/1227 1228/1228/1228 1231/1231/1231
f 1231/1231/1231 1228/1228/1228 1229/1229/1229
f 1232/1232/1232 1229/1229/1229 1230/1230/1230
f 1231/1231/1231 1229/1229/1229 1232/1232/1232
f 1232/1232/1232 1230/1230/1230 1233/1233/1233
f 1226/1226/1226 1227/1227/1227 1234/1234/1234
f 1234/1234/1234 1227/1227/1227 1231/1231/1231
f 1225/1225/1225 1226/1226/1226 1235/1235/1235
f 1235/1235/1235 1226/1226/1226 1234/1234/1234
f 1236/1236/1236 1231/1231/1231 1232/1232/1232
f 1234/1234/1234 1231/1231/1231 1236/1236/1236
f 1237/1237/1237 1232/1232/1232 1233/1233/1233
f 1236/1236/1236 1232/1232/1232 1237/1237/1237
f 1237/1237/1237 1233/1233/1233 1238/1238/1238
f 1239/1239/1239 1234/1234/1234 1236/1236/1236
f 1235/1235/1235 1234/1234/1234 1239/1239/1239
f 1240/1240/1240 1225/1225/1225 1235/1235/1235
f 1220/1220/1220 1225/1225/1225 1240/1240/1240
f 1241/1241/1241 1236/1236/1236 1237/1237/1237
f 1239/1239/1239 1236/1236/1236 1241/1241/1241
f 1242/1242/1242 1237/1237/1237 1238/1238/1238
f 1241/1241/1241 1237/1237/1237 1242/1242/1242
f 1242/1242/1242 1238/1238/1238 1243/1243/1243
f 1244/1244/1244 1235/1235/1235 1239/1239/1239
f 1240/1240/1240 1235/1235/1235 1244/1244/1244
f 1245/1245/1245 1220/1220/1220 1240/1240/1240
f 1221/1221/1221 1220/1220/1220 1245/1245/1245
f 1246/1246/1246 1221/1221/1221 1245/1245/1245
f 1247/1247/1247 1239/1239/1239 1241/1241/1241
f 1244/1244/1244 1239/1239/1239 1247/1247/1247
f 1248/1248/1248 1241/1241/1241 1242/1242/1242
f 1247/1247/1247 1241/1241/1241 1248/1248/1248
f 1249/1249/1249 1242/1242/1242 1243/1243/1243
f 1248/1248/1248 1242/1242/1242 1249/1249/1249
f 1249/1249/1249 1243/1243/1243 1250/1250/1250
f 1251/1251/1251 1249/1249/1249 1250/1250/1250
f 1251/1251/1251 1250/1250/1250 1252/1252/1252
f 1253/1253/1253 1251/1251/1251 1252/1252/1252
f 1253/1253/1253 1252/1252/1252 1254/1254/1254
f 1255/1255/1255 1253/1253/1253 1254/1254/1254
f 1255/1255/1255 1254/1254/1254 1256/1256/1256
f 1257/1257/1257 1255/1255/1255 1256/1256/1256
f 1257/1257/1257 1256/1256/1256 1258/1258/1258
f 1259/1259/1259 1248/1248/1248 1249/1249/1249
f 1259/1259/1259 1249/1249/1249 1260/1260/1260
f 1261/1261/1261 1257/1257/1257 1258/1258/1258
f 1261/1261/1261 1258/1258/1258 1262/1262/1262
f 1263/1263/1263 1248/1248/1248 1259/1259/1259
f 1263/1263/1263 1247/1247/1247 1248/1248/1248
f 1264/1264/1264 1259/1259/1259 1260/1260/1260
f 1264/1264/1264 1260/1260/1260 1265/1265/1265
f 1266/1266/1266 1261/1261/1261 1262/1262/1262
f 1266/1266/1266 1262/1262/1262 1267/1267/1267
f 1268/1268/1268 1247/1247/1247 1263/1263/1263
f 1268/1268/1268 1244/1244/1244 1247/1247/1247
f 1269/1269/1269 1263/1263/1263 1259/1259/1259
f 1269/1269/1269 1259/1259/1259 1264/1264/1264
f 1270/1270/1270 1264/1264/1264 1265/1265/1265
f 1270/1270/1270 1265/1265/1265 1271/1271/1271
f 1272/1272/1272 1266/1266/1266 1267/1267/1267
f 1272/1272/1272 1267/1267/1267 1273/1273/1273
f 1274/1274/1274 1268/1268/1268 1263/1263/1263
f 1274/1274/1274 1263/1263/1263 1269/1269/1269
f 1275/1275/1275 1244/1244/1244 1268/1268/1268
f 1275/1275/1275 1240/1240/1240 1244/1244/1244
f 1245/1245/1245 1240/1240/1240 1275/1275/1275
f 1276/1276/1276 1269/1269/1269 1264/1264/1264
f 1276/1276/1276 1264/1264/1264 1270/1270/1270
f 1277/1277/1277 1275/1275/1275 1268/1268/1268
f 1277/1277/1277 1268/1268/1268 1274/1274/1274
f 1278/1278/1278 1245/1245/1245 1275/1275/1275
f 1278/1278/1278 1275/1275/1275 1277/1277/1277
f 1246/1246/1246 1245/1245/1245 1278/1278/1278
f 1279/1279/1279 1246/1246/1246 1278/1278/1278
f 1279/1279/1279 1278/1278/1278 1280/1280/1280
f 1280/1280/1280 1278/1278/1278 1277/1277/1277
f 1281/1281/1281 1279/1279/1279 1280/1280/1280
f 1282/1282/1282 1274/1274/1274 1269/1269/1269
f 1282/1282/1282 1269/1269/1269 1276/1276/1276
f 1283/1283/1283 1277/1277/1277 1274/1274/1274
f 1280/1280/1280 1277/1277/1277 1283/1283/1283
f 1283/1283/1283 1274/1274/1274 1282/1282/1282
f 1281/1281/1281 1280/1280/1280 1284/1284/1284
f 1284/1284/1284 1280/1280/1280 1283/1283/1283
f 1285/1285/1285 1281/1281/1281 1284/1284/1284
f 1286/1286/1286 1283/1283/1283 1282/1282/1282
f 1284/1284/1284 1283/1283/1283 1286/1286/1286
f 1285/1285/1285 1284/1284/1284 1287/1287/1287
f 1287/1287/1287 1284/1284/1284 1286/1286/1286
f 1288/1288/1288 1285/1285/1285 1287/1287/1287
f 1289/1289/1289 1282/1282/1282 1276/1276/1276
f 1286/1286/1286 1282/1282/1282 1289/1289/1289
f 1288/1288/1288 1287/1287/1287 1290/1290/1290
f 1291/1291/1291 1288/1288/1288 1290/1290/1290
f 1287/1287/1287 1286/1286/1286 1292/1292/1292
f 1292/1292/1292 1286/1286/1286 1289/1289/1289
f 1290/1290/1290 1287/1287/1287 1292/1292/1292
f 1289/1289/1289 1276/1276/1276 1293/1293/1293
f 1293/1293/1293 1276/1276/1276 1270/1270/1270
f 1291/1291/1291 1290/1290/1290 1294/1294/1294
f 1295/1295/1295 1291/1291/1291 1294/1294/1294
f 1290/1290/1290 1292/1292/1292 1296/1296/1296
f 1294/1294/1294 1290/1290/1290 1296/1296/1296
f 1292/1292/1292 1289/1289/1289 1297/1297/1297
f 1297/1297/1297 1289/1289/1289 1293/1293/1293
f 1296/1296/1296 1292/1292/1292 1297/1297/1297
f 1293/1293/1293 1270/1270/1270 1298/1298/1298
f 1298/1298/1298 1270/1270/1270 1271/1271/1271
f 1298/1298/1298 1271/1271/1271 1257/1257/1257
f 1295/1295/1295 1294/1294/1294 1299/1299/1299
f 1300/1300/1300 1295/1295/1295 1299/1299/1299
f 1294/1294/1294 1296/1296/1296 1301/1301/1301
f 1299/1299/1299 1294/1294/1294 1301/1301/1301
f 1297/1297/1297 1293/1293/1293 1302/1302/1302
f 1302/1302/1302 1293/1293/1293 1298/1298/1298
f 1303/1303/1303 1298/1298/1298 1257/1257/1257
f 1302/1302/1302 1298/1298/1298 1303/1303/1303
f 1303/1303/1303 1257/1257/1257 1261/1261/1261
f 1296/1296/1296 1297/1297/1297 1304/1304/1304
f 1304/1304/1304 1297/1297/1297 1302/1302/1302
f 1301/1301/1301 1296/1296/1296 1304/1304/1304
f 1300/1300/1300 1299/1299/1299 1305/1305/1305
f 1306/1306/1306 1300/1300/1300 1305/1305/1305
f 1306/1306/1306 1305/1305/1305 1307/1307/1307
f 1308/1308/1308 1302/1302/1302 1303/1303/1303
f 1304/1304/1304 1302/1302/1302 1308/1308/1308
f 1309/1309/1309 1303/1303/1303 1261/1261/1261
f 1308/1308/1308 1303/1303/1303 1309/1309/1309
f 1309/1309/1309 1261/1261/1261 1266/1266/1266
f 1299/1299/1299 1301/1301/1301 1310/1310/1310
f 1305/1305/1305 1299/1299/1299 1310/1310/1310
f 1307/1307/1307 1305/1305/1305 1311/1311/1311
f 1305/1305/1305 1310/1310/1310 1311/1311/1311
f 1307/1307/1307 1311/1311/1311 1312/1312/1312
f 1301/1301/1301 1304/1304/1304 1313/1313/1313
f 1313/1313/1313 1304/1304/1304 1308/1308/1308
f 1310/1310/1310 1301/1301/1301 1313/1313/1313
f 1314/1314/1314 1308/1308/1308 1309/1309/1309
f 1313/1313/1313 1308/1308/1308 1314/1314/1314
f 1315/1315/1315 1309/1309/1309 1266/1266/1266
f 1314/1314/1314 1309/1309/1309 1315/1315/1315
f 1315/1315/1315 1266/1266/1266 1272/1272/1272
f 1310/1310/1310 1313/1313/1313 1316/1316/1316
f 1311/1311/1311 1310/1310/1310 1316/1316/1316
f 1316/1316/1316 1313/1313/1313 1314/1314/1314
f 1312/1312/1312 1311/1311/1311 1317/1317/1317
f 1311/1311/1311 1316/1316/1316 1317/1317/1317
f 1312/1312/1312 1317/1317/1317 1318/1318/1318
f 1316/1316/1316 1314/1314/1314 1319/1319/1319
f 1319/1319/1319 1314/1314/1314 1315/1315/1315
f 1317/1317/1317 1316/1316/1316 1319/1319/1319
f 1318/1318/1318 1317/1317/1317 1320/1320/1320
f 1317/1317/1317 1319/1319/1319 1320/1320/1320
f 1318/1318/1318 1320/1320/1320 1321/1321/1321
f 1319/1319/1319 1315/1315/1315 1322/1322/1322
f 1322/1322/1322 1315/1315/1315 1272/1272/1272
f 1320/1320/1320 1319/1319/1319 1322/1322/1322
f 1321/1321/1321 1320/1320/1320 1323/1323/1323
f 1320/1320/1320 1322/1322/1322 1323/1323/1323
f 1321/1321/1321 1323/1323/1323 1324/1324/1324
f 1322/1322/1322 1272/1272/1272 1325/1325/1325
f 1323/1323/1323 1322/1322/1322 1325/1325/1325
f 1325/1325/1325 1272/1272/1272 1273/1273/1273
f 1325/1325/1325 1273/1273/1273 1326/1326/1326
f 1324/1324/1324 1323/1323/1323 1327/1327/1327
f 1323/1323/1323 1325/1325/1325 1327/1327/1327
f 1327/1327/1327 1325/1325/1325 1326/1326/1326
f 1324/1324/1324 1327/1327/1327 1328/1328/1328
f 1327/1327/1327 1326/1326/1326 1329/1329/1329
f 1328/1328/1328 1327/1327/1327 1329/1329/1329
f 1328/1328/1328 1329/1329/1329 1330/1330/1330
f 1331/1331/1331 1333/1333/1333 1332/1332/1332
f 1331/1331/1331 1332/1332/1332 1334/1334/1334
f 1335/1335/1335 1331/1331/1331 1334/1334/1334
f 1334/1334/1334 1332/1332/1332 1336/1336/1336
f 1335/1335/1335 1334/1334/1334 1337/1337/1337
f 1338/1338/1338 1335/1335/1335 1337/1337/1337
f 1334/1334/1334 1336/1336/1336 1339/1339/1339
f 1337/1337/1337 1334/1334/1334 1339/1339/1339
f 1339/1339/1339 1336/1336/1336 1340/1340/1340
f 1338/1338/1338 1337/1337/1337 1341/1341/1341
f 1342/1342/1342 1338/1338/1338 1341/1341/1341
f 1337/1337/1337 1339/1339/1339 1343/1343/1343
f 1341/1341/1341 1337/1337/1337 1343/1343/1343
f 1339/1339/1339 1340/1340/1340 1344/1344/1344
f 1343/1343/1343 1339/1339/1339 1344/1344/1344
f 1344/1344/1344 1340/1340/1340 1345/1345/1345
f 1342/1342/1342 1341/1341/1341 1346/1346/1346
f 1347/1347/1347 1342/1342/1342 1346/1346/1346
f 1341/1341/1341 1343/1343/1343 1348/1348/1348
f 1346/1346/1346 1341/1341/1341 1348/1348/1348
f 1344/1344/1344 1345/1345/1345 1349/1349/1349
f 1349/1349/1349 1345/1345/1345 1350/1350/1350
f 1343/1343/1343 1344/1344/1344 1351/1351/1351
f 1348/1348/1348 1343/1343/1343 1351/1351/1351
f 1351/1351/1351 1344/1344/1344 1349/1349/1349
f 1347/1347/1347 1346/1346/1346 1352/1352/1352
f 1353/1353/1353 1347/1347/1347 1352/1352/1352
f 1349/1349/1349 1350/1350/1350 1354/1354/1354
f 1354/1354/1354 1350/1350/1350 1355/1355/1355
f 1346/1346/1346 1348/1348/1348 1356/1356/1356
f 1352/1352/1352 1346/1346/1346 1356/1356/1356
f 1351/1351/1351 1349/1349/1349 1357/1357/1357
f 1357/1357/1357 1349/1349/1349 1354/1354/1354
f 1348/1348/1348 1351/1351/1351 1358/1358/1358
f 1356/1356/1356 1348/1348/1348 1358/1358/1358
f 1358/1358/1358 1351/1351/1351 1357/1357/1357
f 1353/1353/1353 1352/1352/1352 1359/1359/1359
f 1360/1360/1360 1353/1353/1353 1359/1359/1359
f 1354/1354/1354 1355/1355/1355 1361/1361/1361
f 1361/1361/1361 1355/1355/1355 1362/1362/1362
f 1361/1361/1361 1362/1362/1362 1363/1363/1363
f 1352/1352/1352 1356/1356/1356 1364/1364/1364
f 1359/1359/1359 1352/1352/1352 1364/1364/1364
f 1356/1356/1356 1358/1358/1358 1365/1365/1365
f 1364/1364/1364 1356/1356/1356 1365/1365/1365
f 1357/1357/1357 1354/1354/1354 1366/1366/1366
f 1366/1366/1366 1354/1354/1354 1361/1361/1361
f 1367/1367/1367 1361/1361/1361 1363/1363/1363
f 1366/1366/1366 1361/1361/1361 1367/1367/1367
f 1367/1367/1367 1363/1363/1363 1368/1368/1368
f 1358/1358/1358 1357/1357/1357 1369/1369/1369
f 1369/1369/1369 1357/1357/1357 1366/1366/1366
f 1365/1365/1365 1358/1358/1358 1369/1369/1369
f 1370/1370/1370 1366/1366/1366 1367/1367/1367
f 1369/1369/1369 1366/1366/1366 1370/1370/1370
f 1371/1371/1371 1367/1367/1367 1368/1368/1368
f 1370/1370/1370 1367/1367/1367 1371/1371/1371
f 1371/1371/1371 1368/1368/1368 1372/1372/1372
f 1365/1365/1365 1369/1369/1369 1373/1373/1373
f 1373/1373/1373 1369/1369/1369 1370/1370/1370
f 1364/1364/1364 1365/1365/1365 1374/1374/1374
f 1374/1374/1374 1365/1365/1365 1373/1373/1373
f 1375/1375/1375 1370/1370/1370 1371/1371/1371
f 1373/1373/1373 1370/1370/1370 1375/1375/1375
f 1376/1376/1376 1371/1371/1371 1372/1372/1372
f 1375/1375/1375 1371/1371/1371 1376/1376/1376
f 1376/1376/1376 1372/1372/1372 1377/1377/1377
f 1378/1378/1378 1373/1373/1373 1375/1375/1375
f 1374/1374/1374 1373/1373/1373 1378/1378/1378
f 1379/1379/1379 1364/1364/1364 1374/1374/1374
f 1359/1359/1359 1364/1364/1364 1379/1379/1379
f 1380/1380/1380 1375/1375/1375 1376/1376/1376
f 1378/1378/1378 1375/1375/1375 1380/1380/1380
f 1381/1381/1381 1376/1376/1376 1377/1377/1377
f 1380/1380/1380 1376/1376/1376 1381/1381/1381
f 1381/1381/1381 1377/1377/1377 1382/1382/1382
f 1383/1383/1383 1381/1381/1381 1382/1382/1382
f 1383/1383/1383 1382/1382/1382 1384/1384/1384
f 1385/1385/1385 1383/1383/1383 1384/1384/1384
f 1385/1385/1385 1384/1384/1384 1386/1386/1386
f 1387/1387/1387 1385/1385/1385 1386/1386/1386
f 1387/1387/1387 1386/1386/1386 1388/1388/1388
f 1389/1389/1389 1387/1387/1387 1388/1388/1388
f 1389/1389/1389 1388/1388/1388 1390/1390/1390
f 1391/1391/1391 1389/1389/1389 1390/1390/1390
f 1391/1391/1391 1390/1390/1390 1392/1392/1392
f 1393/1393/1393 1391/1391/1391 1392/1392/1392
f 1393/1393/1393 1392/1392/1392 1394/1394/1394
f 1395/1395/1395 1393/1393/1393 1394/1394/1394
f 1395/1395/1395 1394/1394/1394 1396/1396/1396
f 1397/1397/1397 1395/1395/1395 1396/1396/1396
f 1397/1397/1397 1396/1396/1396 1398/1398/1398
f 1399/1399/1399 1397/1397/1397 1398/1398/1398
f 1399/1399/1399 1398/1398/1398 1400/1400/1400
f 1401/1401/1401 1399/1399/1399 1400/1400/1400
f 1401/1401/1401 1400/1400/1400 1402/1402/1402
f 1403/1403/1403 1401/1401/1401 1402/1402/1402
f 1403/1403/1403 1402/1402/1402 1404/1404/1404
f 1405/1405/1405 1401/1401/1401 1403/1403/1403
f 1405/1405/1405 1406/1406/1406 1401/1401/1401
f 1406/1406/1406 1399/1399/1399 1401/1401/1401
f 1407/1407/1407 1406/1406/1406 1405/1405/1405
f 1408/1408/1408 1397/1397/1397 1399/1399/1399
f 1406/1406/1406 1408/1408/1408 1399/1399/1399
f 1407/1407/1407 1409/1409/1409 1406/1406/1406
f 1409/1409/1409 1408/1408/1408 1406/1406/1406
f 1410/1410/1410 1409/1409/1409 1407/1407/1407
f 1411/1411/1411 1395/1395/1395 1397/1397/1397
f 1408/1408/1408 1411/1411/1411 1397/1397/1397
f 1410/1410/1410 1412/1412/1412 1409/1409/1409
f 1413/1413/1413 1412/1412/1412 1410/1410/1410
f 1409/1409/1409 1414/1414/1414 1408/1408/1408
f 1414/1414/1414 1411/1411/1411 1408/1408/1408
f 1412/1412/1412 1414/1414/1414 1409/1409/1409
f 1411/1411/1411 1415/1415/1415 1395/1395/1395
f 1415/1415/1415 1393/1393/1393 1395/1395/1395
f 1413/1413/1413 1416/1416/1416 1412/1412/1412
f 1417/1417/1417 1416/1416/1416 1413/1413/1413
f 1414/1414/1414 1418/1418/1418 1411/1411/1411
f 1418/1418/1418 1415/1415/1415 1411/1411/1411
f 1412/1412/1412 1419/1419/1419 1414/1414/1414
f 1416/1416/1416 1419/1419/1419 1412/1412/1412
f 1419/1419/1419 1418/1418/1418 1414/1414/1414
f 1415/1415/1415 1420/1420/1420 1393/1393/1393
f 1420/1420/1420 1421/1421/1421 1393/1393/1393
f 1417/1417/1417 1422/1422/1422 1416/1416/1416
f 1423/1423/1423 1422/1422/1422 1417/1417/1417
f 1423/1423/1423 1424/1424/1424 1422/1422/1422
f 1416/1416/1416 1425/1425/1425 1419/1419/1419
f 1422/1422/1422 1425/1425/1425 1416/1416/1416
f 1424/1424/1424 1426/1426/1426 1422/1422/1422
f 1422/1422/1422 1426/1426/1426 1425/1425/1425
f 1424/1424/1424 1427/1427/1427 1426/1426/1426
f 1419/1419/1419 1428/1428/1428 1418/1418/1418
f 1425/1425/1425 1428/1428/1428 1419/1419/1419
f 1418/1418/1418 1429/1429/1429 1415/1415/1415
f 1429/1429/1429 1420/1420/1420 1415/1415/1415
f 1428/1428/1428 1429/1429/1429 1418/1418/1418
f 1420/1420/1420 1430/1430/1430 1421/1421/1421
f 1430/1430/1430 1431/1431/1431 1421/1421/1421
f 1427/1427/1427 1432/1432/1432 1426/1426/1426
f 1427/1427/1427 1433/1433/1433 1432/1432/1432
f 1426/1426/1426 1434/1434/1434 1425/1425/1425
f 1425/1425/1425 1434/1434/1434 1428/1428/1428
f 1426/1426/1426 1432/1432/1432 1434/1434/1434
f 1429/1429/1429 1435/1435/1435 1420/1420/1420
f 1435/1435/1435 1430/1430/1430 1420/1420/1420
f 1428/1428/1428 1436/1436/1436 1429/1429/1429
f 1434/1434/1434 1436/1436/1436 1428/1428/1428
f 1436/1436/1436 1435/1435/1435 1429/1429/1429
f 1430/1430/1430 1437/1437/1437 1431/1431/1431
f 1437/1437/1437 1438/1438/1438 1431/1431/1431
f 1433/1433/1433 1439/1439/1439 1432/1432/1432
f 1433/1433/1433 1440/1440/1440 1439/1439/1439
f 1432/1432/1432 1441/1441/1441 1434/1434/1434
f 1434/1434/1434 1441/1441/1441 1436/1436/1436
f 1432/1432/1432 1439/1439/1439 1441/1441/1441
f 1436/1436/1436 1442/1442/1442 1435/1435/1435
f 1441/1441/1441 1442/1442/1442 1436/1436/1436
f 1435/1435/1435 1443/1443/1443 1430/1430/1430
f 1443/1443/1443 1437/1437/1437 1430/1430/1430
f 1442/1442/1442 1443/1443/1443 1435/1435/1435
f 1437/1437/1437 1444/1444/1444 1438/1438/1438
f 1444/1444/1444 1445/1445/1445 1438/1438/1438
f 1440/1440/1440 1446/1446/1446 1439/1439/1439
f 1440/1440/1440 1447/1447/1447 1446/1446/1446
f 1439/1439/1439 1448/1448/1448 1441/1441/1441
f 1441/1441/1441 1448/1448/1448 1442/1442/1442
f 1439/1439/1439 1446/1446/1446 1448/1448/1448
f 1443/1443/1443 1449/1449/1449 1437/1437/1437
f 1449/1449/1449 1444/1444/1444 1437/1437/1437
f 1442/1442/1442 1450/1450/1450 1443/1443/1443
f 1448/1448/1448 1450/1450/1450 1442/1442/1442
f 1450/1450/1450 1449/1449/1449 1443/1443/1443
f 1444/1444/1444 1451/1451/1451 1445/1445/1445
f 1451/1451/1451 1452/1452/1452 1445/1445/1445
f 1447/1447/1447 1453/1453/1453 1446/1446/1446
f 1447/1447/1447 1454/1454/1454 1453/1453/1453
f 1446/1446/1446 1455/1455/1455 1448/1448/1448
f 1448/1448/1448 1455/1455/1455 1450/1450/1450
f 1446/1446/1446 1453/1453/1453 1455/1455/1455
f 1450/1450/1450 1456/1456/1456 1449/1449/1449
f 1455/1455/1455 1456/1456/1456 1450/1450/1450
f 1449/1449/1449 1457/1457/1457 1444/1444/1444
f 1457/1457/1457 1451/1451/1451 1444/1444/1444
f 1456/1456/1456 1457/1457/1457 1449/1449/1449
f 1451/1451/1451 1458/1458/1458 1452/1452/1452
f 1458/1458/1458 1381/1381/1381 1452/1452/1452
f 1458/1458/1458 1380/1380/1380 1381/1381/1381
f 1454/1454/1454 1459/1459/1459 1453/1453/1453
f 1454/1454/1454 1460/1460/1460 1459/1459/1459
f 1453/1453/1453 1461/1461/1461 1455/1455/1455
f 1455/1455/1455 1461/1461/1461 1456/1456/1456
f 1453/1453/1453 1459/1459/1459 1461/1461/1461
f 1457/1457/1457 1462/1462/1462 1451/1451/1451
f 1462/1462/1462 1458/1458/1458 1451/1451/1451
f 1463/1463/1463 1380/1380/1380 1458/1458/1458
f 1462/1462/1462 1463/1463/1463 1458/1458/1458
f 1463/1463/1463 1378/1378/1378 1380/1380/1380
f 1456/1456/1456 1464/1464/1464 1457/1457/1457
f 1461/1461/1461 1464/1464/1464 1456/1456/1456
f 1464/1464/1464 1462/1462/1462 1457/1457/1457
f 1460/1460/1460 1465/1465/1465 1459/1459/1459
f 1460/1460/1460 1466/1466/1466 1465/1465/1465
f 1459/1459/1459 1467/1467/1467 1461/1461/1461
f 1461/1461/1461 1467/1467/1467 1464/1464/1464
f 1459/1459/1459 1465/1465/1465 1467/1467/1467
f 1464/1464/1464 1468/1468/1468 1462/1462/1462
f 1468/1468/1468 1463/1463/1463 1462/1462/1462
f 1467/1467/1467 1468/1468/1468 1464/1464/1464
f 1469/1469/1469 1378/1378/1378 1463/1463/1463
f 1468/1468/1468 1469/1469/1469 1463/1463/1463
f 1469/1469/1469 1374/1374/1374 1378/1378/1378
f 1379/1379/1379 1374/1374/1374 1469/1469/1469
f 1467/1467/1467 1470/1470/1470 1468/1468/1468
f 1470/1470/1470 1469/1469/1469 1468/1468/1468
f 1465/1465/1465 1470/1470/1470 1467/1467/1467
f 1470/1470/1470 1379/1379/1379 1469/1469/1469
f 1466/1466/1466 1471/1471/1471 1465/1465/1465
f 1465/1465/1465 1471/1471/1471 1470/1470/1470
f 1471/1471/1471 1379/1379/1379 1470/1470/1470
f 1466/1466/1466 1360/1360/1360 1471/1471/1471
f 1471/1471/1471 1359/1359/1359 1379/1379/1379
f 1360/1360/1360 1359/1359/1359 1471/1471/1471
f 1472/1472/1472 1474/1474/1474 1473/1473/1473
f 1472/1472/1472 1473/1473/1473 1475/1475/1475
f 1476/1476/1476 1472/1472/1472 1475/1475/1475
f 1475/1475/1475 1473/1473/1473 1477/1477/1477
f 1476/1476/1476 1475/1475/1475 1478/1478/1478
f 1479/1479/1479 1476/1476/1476 1478/1478/1478
f 1475/1475/1475 1477/1477/1477 1480/1480/1480
f 1478/1478/1478 1475/1475/1475 1480/1480/1480
f 1480/1480/1480 1477/1477/1477 1481/1481/1481
f 1479/1479/1479 1478/1478/1478 1482/1482/1482
f 1483/1483/1483 1479/1479/1479 1482/1482/1482
f 1478/1478/1478 1480/1480/1480 1484/1484/1484
f 1482/1482/1482 1478/1478/1478 1484/1484/1484
f 1480/1480/1480 1481/1481/1481 1485/1485/1485
f 1484/1484/1484 1480/1480/1480 1485/1485/1485
f 1485/1485/1485 1481/1481/1481 1486/1486/1486
f 1483/1483/1483 1482/1482/1482 1487/1487/1487
f 1488/1488/1488 1483/1483/1483 1487/1487/1487
f 1482/1482/1482 1484/1484/1484 1489/1489/1489
f 1487/1487/1487 1482/1482/1482 1489/1489/1489
f 1485/1485/1485 1486/1486/1486 1490/1490/1490
f 1490/1490/1490 1486/1486/1486 1491/1491/1491
f 1484/1484/1484 1485/1485/1485 1492/1492/1492
f 1489/1489/1489 1484/1484/1484 1492/1492/1492
f 1492/1492/1492 1485/1485/1485 1490/1490/1490
f 1488/1488/1488 1487/1487/1487 1493/1493/1493
f 1494/1494/1494 1488/1488/1488 1493/1493/1493
f 1490/1490/1490 1491/1491/1491 1495/1495/1495
f 1495/1495/1495 1491/1491/1491 1496/1496/1496
f 1487/1487/1487 1489/1489/1489 1497/1497/1497
f 1493/1493/1493 1487/1487/1487 1497/1497/1497
f 1492/1492/1492 1490/1490/1490 1498/1498/1498
f 1498/1498/1498 1490/1490/1490 1495/1495/1495
f 1489/1489/1489 1492/1492/1492 1499/1499/1499
f 1497/1497/1497 1489/1489/1489 1499/1499/1499
f 1499/1499/1499 1492/1492/1492 1498/1498/1498
f 1494/1494/1494 1493/1493/1493 1500/1500/1500
f 1501/1501/1501 1494/1494/1494 1500/1500/1500
f 1493/1493/1493 1497/1497/1497 1502/1502/1502
f 1500/1500/1500 1493/1493/1493 1502/1502/1502
f 1497/1497/1497 1499/1499/1499 1503/1503/1503
f 1502/1502/1502 1497/1497/1497 1503/1503/1503
f 1499/1499/1499 1498/1498/1498 1504/1504/1504
f 1503/1503/1503 1499/1499/1499 1504/1504/1504
f 1498/1498/1498 1495/1495/1495 1505/1505/1505
f 1504/1504/1504 1498/1498/1498 1505/1505/1505
f 1501/1501/1501 1500/1500/1500 1506/1506/1506
f 1507/1507/1507 1501/1501/1501 1506/1506/1506
f 1500/1500/1500 1502/1502/1502 1508/1508/1508
f 1506/1506/1506 1500/1500/1500 1508/1508/1508
f 1502/1502/1502 1503/1503/1503 1509/1509/1509
f 1508/1508/1508 1502/1502/1502 1509/1509/1509
f 1503/1503/1503 1504/1504/1504 1510/1510/1510
f 1509/1509/1509 1503/1503/1503 1510/1510/1510
f 1507/1507/1507 1506/1506/1506 1511/1511/1511
f 1512/1512/1512 1507/1507/1507 1511/1511/1511
f 1506/1506/1506 1508/1508/1508 1513/1513/1513
f 1511/1511/1511 1506/1506/1506 1513/1513/1513
f 1508/1508/1508 1509/1509/1509 1514/1514/1514
f 1513/1513/1513 1508/1508/1508 1514/1514/1514
f 1512/1512/1512 1511/1511/1511 1515/1515/1515
f 1516/1516/1516 1512/1512/1512 1515/1515/1515
f 1511/1511/1511 1513/1513/1513 1517/1517/1517
f 1515/1515/1515 1511/1511/1511 1517/1517/1517
f 1516/1516/1516 1515/1515/1515 1518/1518/1518
f 1519/1519/1519 1516/1516/1516 1518/1518/1518
f 1510/1510/1510 1504/1504/1504 1520/1520/1520
f 1504/1504/1504 1505/1505/1505 1520/1520/1520
f 1509/1509/1509 1510/1510/1510 1521/1521/1521
f 1514/1514/1514 1509/1509/1509 1521/1521/1521
f 1513/1513/1513 1514/1514/1514 1522/1522/1522
f 1517/1517/1517 1513/1513/1513 1522/1522/1522
f 1515/1515/1515 1517/1517/1517 1523/1523/1523
f 1518/1518/1518 1515/1515/1515 1523/1523/1523
f 1519/1519/1519 1518/1518/1518 1524/1524/1524
f 1525/1525/1525 1519/1519/1519 1524/1524/1524
f 1510/1510/1510 1520/1520/1520 1526/1526/1526
f 1521/1521/1521 1510/1510/1510 1526/1526/1526
f 1514/1514/1514 1521/1521/1521 1527/1527/1527
f 1522/1522/1522 1514/1514/1514 1527/1527/1527
f 1517/1517/1517 1522/1522/1522 1528/1528/1528
f 1523/1523/1523 1517/1517/1517 1528/1528/1528
f 1518/1518/1518 1523/1523/1523 1529/1529/1529
f 1524/1524/1524 1518/1518/1518 1529/1529/1529
f 1525/1525/1525 1524/1524/1524 1530/1530/1530
f 1531/1531/1531 1525/1525/1525 1530/1530/1530
f 1521/1521/1521 1526/1526/1526 1532/1532/1532
f 1527/1527/1527 1521/1521/1521 1532/1532/1532
f 1522/1522/1522 1527/1527/1527 1533/1533/1533
f 1528/1528/1528 1522/1522/1522 1533/1533/1533
f 1523/1523/1523 1528/1528/1528 1534/1534/1534
f 1529/1529/1529 1523/1523/1523 1534/1534/1534
f 1524/1524/1524 1529/1529/1529 1535/1535/1535
f 1530/1530/1530 1524/1524/1524 1535/1535/1535
f 1531/1531/1531 1530/1530/1530 1536/1536/1536
f 1537/1537/1537 1531/1531/1531 1536/1536/1536
f 1527/1527/1527 1532/1532/1532 1538/1538/1538
f 1533/1533/1533 1527/1527/1527 1538/1538/1538
f 1528/1528/1528 1533/1533/1533 1539/1539/1539
f 1534/1534/1534 1528/1528/1528 1539/1539/1539
f 1529/1529/1529 1534/1534/1534 1540/1540/1540
f 1535/1535/1535 1529/1529/1529 1540/1540/1540
f 1530/1530/1530 1535/1535/1535 1541/1541/1541
f 1536/1536/1536 1530/1530/1530 1541/1541/1541
f 1537/1537/1537 1536/1536/1536 1542/1542/1542
f 1543/1543/1543 1537/1537/1537 1542/1542/1542
f 1543/1543/1543 1542/1542/1542 1544/1544/1544
f 1542/1542/1542 1536/1536/1536 1545/1545/1545
f 1536/1536/1536 1541/1541/1541 1545/1545/1545
f 1544/1544/1544 1542/1542/1542 1546/1546/1546
f 1542/1542/1542 1545/1545/1545 1546/1546/1546
f 1544/1544/1544 1546/1546/1546 1547/1547/1547
f 1541/1541/1541 1535/1535/1535 1548/1548/1548
f 1535/1535/1535 1540/1540/1540 1548/1548/1548
f 1540/1540/1540 1534/1534/1534 1549/1549/1549
f 1534/1534/1534 1539/1539/1539 1549/1549/1549
f 1545/1545/1545 1541/1541/1541 1550/1550/1550
f 1541/1541/1541 1548/1548/1548 1550/1550/1550
f 1547/1547/1547 1546/1546/1546 1551/1551/1551
f 1547/1547/1547 1551/1551/1551 1552/1552/1552
f 1546/1546/1546 1545/1545/1545 1553/1553/1553
f 1545/1545/1545 1550/1550/1550 1553/1553/1553
f 1546/1546/1546 1553/1553/1553 1551/1551/1551
f 1548/1548/1548 1540/1540/1540 1554/1554/1554
f 1540/1540/1540 1549/1549/1549 1554/1554/1554
f 1552/1552/1552 1551/1551/1551 1555/1555/1555
f 1552/1552/1552 1555/1555/1555 1556/1556/1556
f 1550/1550/1550 1548/1548/1548 1557/1557/1557
f 1548/1548/1548 1554/1554/1554 1557/1557/1557
f 1553/1553/1553 1550/1550/1550 1558/1558/1558
f 1550/1550/1550 1557/1557/1557 1558/1558/1558
f 1551/1551/1551 1553/1553/1553 1559/1559/1559
f 1551/1551/1551 1559/1559/1559 1555/1555/1555
f 1553/1553/1553 1558/1558/1558 1559/1559/1559
f 1556/1556/1556 1555/1555/1555 1560/1560/1560
f 1556/1556/1556 1560/1560/1560 1561/1561/1561
f 1555/1555/1555 1559/1559/1559 1562/1562/1562
f 1555/1555/1555 1562/1562/1562 1560/1560/1560
f 1559/1559/1559 1558/1558/1558 1563/1563/1563
f 1559/1559/1559 1563/1563/1563 1562/1562/1562
f 1558/1558/1558 1557/1557/1557 1564/1564/1564
f 1558/1558/1558 1564/1564/1564 1563/1563/1563
f 1557/1557/1557 1554/1554/1554 1565/1565/1565
f 1557/1557/1557 1565/1565/1565 1564/1564/1564
f 1561/1561/1561 1560/1560/1560 1566/1566/1566
f 1561/1561/1561 1566/1566/1566 1567/1567/1567
f 1560/1560/1560 1562/1562/1562 1568/1568/1568
f 1560/1560/1560 1568/1568/1568 1566/1566/1566
f 1567/1567/1567 1566/1566/1566 1569/1569/1569
f 1567/1567/1567 1569/1569/1569 1570/1570/1570
f 1566/1566/1566 1571/1571/1571 1569/1569/1569
f 1566/1566/1566 1568/1568/1568 1571/1571/1571
f 1568/1568/1568 1572/1572/1572 1571/1571/1571
f 1562/1562/1562 1573/1573/1573 1568/1568/1568
f 1568/1568/1568 1573/1573/1573 1572/1572/1572
f 1562/1562/1562 1563/1563/1563 1573/1573/1573
f 1573/1573/1573 1574/1574/1574 1572/1572/1572
f 1563/1563/1563 1575/1575/1575 1573/1573/1573
f 1573/1573/1573 1575/1575/1575 1574/1574/1574
f 1563/1563/1563 1564/1564/1564 1575/1575/1575
f 1575/1575/1575 1576/1576/1576 1574/1574/1574
f 1564/1564/1564 1577/1577/1577 1575/1575/1575
f 1575/1575/1575 1577/1577/1577 1576/1576/1576
f 1577/1577/1577 1578/1578/1578 1576/1576/1576
f 1564/1564/1564 1565/1565/1565 1577/1577/1577
f 1577/1577/1577 1579/1579/1579 1578/1578/1578
f 1565/1565/1565 1579/1579/1579 1577/1577/1577
f 1579/1579/1579 1580/1580/1580 1578/1578/1578
f 1579/1579/1579 1581/1581/1581 1580/1580/1580
f 1581/1581/1581 1582/1582/1582 1580/1580/1580
f 1581/1581/1581 1583/1583/1583 1582/1582/1582
f 1583/1583/1583 1584/1584/1584 1582/1582/1582
f 1583/1583/1583 1585/1585/1585 1584/1584/1584
f 1585/1585/1585 1586/1586/1586 1584/1584/1584
f 1585/1585/1585 1587/1587/1587 1586/1586/1586
f 1587/1587/1587 1588/1588/1588 1586/1586/1586
f 1565/1565/1565 1589/1589/1589 1579/1579/1579
f 1554/1554/1554 1589/1589/1589 1565/1565/1565
f 1589/1589/1589 1590/1590/1590 1579/1579/1579
f 1554/1554/1554 1549/1549/1549 1589/1589/1589
f 1589/1589/1589 1591/1591/1591 1590/1590/1590
f 1549/1549/1549 1591/1591/1591 1589/1589/1589
f 1591/1591/1591 1592/1592/1592 1590/1590/1590
f 1549/1549/1549 1539/1539/1539 1591/1591/1591
f 1591/1591/1591 1593/1593/1593 1592/1592/1592
f 1539/1539/1539 1593/1593/1593 1591/1591/1591
f 1539/1539/1539 1533/1533/1533 1593/1593/1593
f 1593/1593/1593 1594/1594/1594 1592/1592/1592
f 1533/1533/1533 1538/1538/1538 1593/1593/1593
f 1593/1593/1593 1538/1538/1538 1594/1594/1594
f 1538/1538/1538 1587/1587/1587 1594/1594/1594
f 1538/1538/1538 1532/1532/1532 1587/1587/1587
f 1587/1587/1587 1595/1595/1595 1588/1588/1588
f 1532/1532/1532 1595/1595/1595 1587/1587/1587
f 1595/1595/1595 1596/1596/1596 1588/1588/1588
f 1532/1532/1532 1526/1526/1526 1595/1595/1595
f 1595/1595/1595 1597/1597/1597 1596/1596/1596
f 1526/1526/1526 1597/1597/1597 1595/1595/1595
f 1597/1597/1597 1598/1598/1598 1596/1596/1596
f 1526/1526/1526 1520/1520/1520 1597/1597/1597
f 1597/1597/1597 1599/1599/1599 1598/1598/1598
f 1520/1520/1520 1599/1599/1599 1597/1597/1597
f 1599/1599/1599 1600/1600/1600 1598/1598/1598
f 1520/1520/1520 1505/1505/1505 1599/1599/1599
f 1599/1599/1599 1601/1601/1601 1600/1600/1600
f 1505/1505/1505 1601/1601/1601 1599/1599/1599
f 1505/1505/1505 1495/1495/1495 1601/1601/1601
f 1601/1601/1601 1602/1602/1602 1600/1600/1600
f 1495/1495/1495 1496/1496/1496 1601/1601/1601
f 1601/1601/1601 1496/1496/1496 1602/1602/1602
f 1496/1496/1496 1603/1603/1603 1602/1602/1602
f 1496/1496/1496 1604/1604/1604 1603/1603/1603
f 1605/1605/1605 1607/1607/1607 1606/1606/1606
f 1605/1605/1605 1606/1606/1606 1608/1608/1608
f 1609/1609/1609 1605/1605/1605 1608/1608/1608
f 1608/1608/1608 1606/1606/1606 1610/1610/1610
f 1609/1609/1609 1608/1608/1608 1611/1611/1611
f 1612/1612/1612 1609/1609/1609 1611/1611/1611
f 1608/1608/1608 1610/1610/1610 1613/1613/1613
f 1611/1611/1611 1608/1608/1608 1613/1613/1613
f 1613/1613/1613 1610/1610/1610 1614/1614/1614
f 1612/1612/1612 1611/1611/1611 1615/1615/1615
f 1616/1616/1616 1612/1612/1612 1615/1615/1615
f 1611/1611/1611 1613/1613/1613 1617/1617/1617
f 1615/1615/1615 1611/1611/1611 1617/1617/1617
f 1613/1613/1613 1614/1614/1614 1618/1618/1618
f 1617/1617/1617 1613/1613/1613 1618/1618/1618
f 1618/1618/1618 1614/1614/1614 1619/1619/1619
f 1616/1616/1616 1615/1615/1615 1620/1620/1620
f 1621/1621/1621 1616/1616/1616 1620/1620/1620
f 1615/1615/1615 1617/1617/1617 1622/1622/1622
f 1620/1620/1620 1615/1615/1615 1622/1622/1622
f 1618/1618/1618 1619/1619/1619 1623/1623/1623
f 1623/1623/1623 1619/1619/1619 1624/1624/1624
f 1617/1617/1617 1618/1618/1618 1625/1625/1625
f 1622/1622/1622 1617/1617/1617 1625/1625/1625
f 1625/1625/1625 1618/1618/1618 1623/1623/1623
f 1621/1621/1621 1620/1620/1620 1626/1626/1626
f 1627/1627/1627 1621/1621/1621 1626/1626/1626
f 1623/1623/1623 1624/1624/1624 1628/1628/1628
f 1628/1628/1628 1624/1624/1624 1629/1629/1629
f 1620/1620/1620 1622/1622/1622 1630/1630/1630
f 1626/1626/1626 1620/1620/1620 1630/1630/1630
f 1625/1625/1625 1623/1623/1623 1631/1631/1631
f 1631/1631/1631 1623/1623/1623 1628/1628/1628
f 1622/1622/1622 1625/1625/1625 1632/1632/1632
f 1630/1630/1630 1622/1622/1622 1632/1632/1632
f 1632/1632/1632 1625/1625/1625 1631/1631/1631
f 1627/1627/1627 1626/1626/1626 1633/1633/1633
f 1634/1634/1634 1627/1627/1627 1633/1633/1633
f 1628/1628/1628 1629/1629/1629 1635/1635/1635
f 1635/1635/1635 1629/1629/1629 1636/1636/1636
f 1635/1635/1635 1636/1636/1636 1637/1637/1637
f 1626/1626/1626 1630/1630/1630 1638/1638/1638
f 1633/1633/1633 1626/1626/1626 1638/1638/1638
f 1630/1630/1630 1632/1632/1632 1639/1639/1639
f 1638/1638/1638 1630/1630/1630 1639/1639/1639
f 1631/1631/1631 1628/1628/1628 1640/1640/1640
f 1640/1640/1640 1628/1628/1628 1635/1635/1635
f 1641/1641/1641 1635/1635/1635 1637/1637/1637
f 1640/1640/1640 1635/1635/1635 1641/1641/1641
f 1641/1641/1641 1637/1637/1637 1642/1642/1642
f 1632/1632/1632 1631/1631/1631 1643/1643/1643
f 1643/1643/1643 1631/1631/1631 1640/1640/1640
f 1639/1639/1639 1632/1632/1632 1643/1643/1643
f 1644/1644/1644 1640/1640/1640 1641/1641/1641
f 1643/1643/1643 1640/1640/1640 1644/1644/1644
f 1645/1645/1645 1641/1641/1641 1642/1642/1642
f 1644/1644/1644 1641/1641/1641 1645/1645/1645
f 1645/1645/1645 1642/1642/1642 1646/1646/1646
f 1639/1639/1639 1643/1643/1643 1647/1647/1647
f 1647/1647/1647 1643/1643/1643 1644/1644/1644
f 1638/1638/1638 1639/1639/1639 1648/1648/1648
f 1648/1648/1648 1639/1639/1639 1647/1647/1647
f 1649/1649/1649 1644/1644/1644 1645/1645/1645
f 1647/1647/1647 1644/1644/1644 1649/1649/1649
f 1650/1650/1650 1645/1645/1645 1646/1646/1646
f 1649/1649/1649 1645/1645/1645 1650/1650/1650
f 1650/1650/1650 1646/1646/1646 1651/1651/1651
f 1652/1652/1652 1647/1647/1647 1649/1649/1649
f 1648/1648/1648 1647/1647/1647 1652/1652/1652
f 1653/1653/1653 1638/1638/1638 1648/1648/1648
f 1633/1633/1633 1638/1638/1638 1653/1653/1653
f 1654/1654/1654 1649/1649/1649 1650/1650/1650
f 1652/1652/1652 1649/1649/1649 1654/1654/1654
f 1655/1655/1655 1650/1650/1650 1651/1651/1651
f 1654/1654/1654 1650/1650/1650 1655/1655/1655
f 1655/1655/1655 1651/1651/1651 1656/1656/1656
f 1657/1657/1657 1655/1655/1655 1656/1656/1656
f 1657/1657/1657 1656/1656/1656 1658/1658/1658
f 1659/1659/1659 1657/1657/1657 1658/1658/1658
f 1659/1659/1659 1658/1658/1658 1660/1660/1660
f 1661/1661/1661 1659/1659/1659 1660/1660/1660
f 1661/1661/1661 1660/1660/1660 1662/1662/1662
f 1663/1663/1663 1661/1661/1661 1662/1662/1662
f 1663/1663/1663 1662/1662/1662 1664/1664/1664
f 1665/1665/1665 1663/1663/1663 1664/1664/1664
f 1665/1665/1665 1664/1664/1664 1666/1666/1666
f 1667/1667/1667 1665/1665/1665 1666/1666/1666
f 1667/1667/1667 1666/1666/1666 1668/1668/1668
f 1669/1669/1669 1667/1667/1667 1668/1668/1668
f 1669/1669/1669 1668/1668/1668 1670/1670/1670
f 1671/1671/1671 1669/1669/1669 1670/1670/1670
f 1671/1671/1671 1670/1670/1670 1672/1672/1672
f 1673/1673/1673 1671/1671/1671 1672/1672/1672
f 1673/1673/1673 1672/1672/1672 1674/1674/1674
f 1675/1675/1675 1673/1673/1673 1674/1674/1674
f 1675/1675/1675 1674/1674/1674 1676/1676/1676
f 1677/1677/1677 1675/1675/1675 1676/1676/1676
f 1677/1677/1677 1676/1676/1676 1678/1678/1678
f 1679/1679/1679 1667/1667/1667 1669/1669/1669
f 1680/1680/1680 1669/1669/1669 1671/1671/1671
f 1680/1680/1680 1679/1679/1679 1669/1669/1669
f 1681/1681/1681 1671/1671/1671 1673/1673/1673
f 1681/1681/1681 1680/1680/1680 1671/1671/1671
f 1682/1682/1682 1673/1673/1673 1675/1675/1675
f 1682/1682/1682 1681/1681/1681 1673/1673/1673
f 1683/1683/1683 1675/1675/1675 1677/1677/1677
f 1683/1683/1683 1682/1682/1682 1675/1675/1675
f 1684/1684/1684 1683/1683/1683 1677/1677/1677
f 1684/1684/1684 1677/1677/1677 1685/1685/1685
f 1686/1686/1686 1683/1683/1683 1684/1684/1684
f 1686/1686/1686 1687/1687/1687 1683/1683/1683
f 1687/1687/1687 1682/1682/1682 1683/1683/1683
f 1688/1688/1688 1687/1687/1687 1686/1686/1686
f 1689/1689/1689 1681/1681/1681 1682/1682/1682
f 1687/1687/1687 1689/1689/1689 1682/1682/1682
f 1688/1688/1688 1690/1690/1690 1687/1687/1687
f 1690/1690/1690 1689/1689/1689 1687/1687/1687
f 1691/1691/1691 1690/1690/1690 1688/1688/1688
f 1692/1692/1692 1680/1680/1680 1681/1681/1681
f 1689/1689/1689 1692/1692/1692 1681/1681/1681
f 1691/1691/1691 1693/1693/1693 1690/1690/1690
f 1694/1694/1694 1693/1693/1693 1691/1691/1691
f 1690/1690/1690 1695/1695/1695 1689/1689/1689
f 1695/1695/1695 1692/1692/1692 1689/1689/1689
f 1693/1693/1693 1695/1695/1695 1690/1690/1690
f 1692/1692/1692 1696/1696/1696 1680/1680/1680
f 1696/1696/1696 1679/1679/1679 1680/1680/1680
f 1694/1694/1694 1697/1697/1697 1693/1693/1693
f 1698/1698/1698 1697/1697/1697 1694/1694/1694
f 1698/1698/1698 1699/1699/1699 1697/1697/1697
f 1695/1695/1695 1700/1700/1700 1692/1692/1692
f 1700/1700/1700 1696/1696/1696 1692/1692/1692
f 1693/1693/1693 1701/1701/1701 1695/1695/1695
f 1697/1697/1697 1701/1701/1701 1693/1693/1693
f 1701/1701/1701 1700/1700/1700 1695/1695/1695
f 1699/1699/1699 1702/1702/1702 1697/1697/1697
f 1697/1697/1697 1702/1702/1702 1701/1701/1701
f 1699/1699/1699 1703/1703/1703 1702/1702/1702
f 1701/1701/1701 1704/1704/1704 1700/1700/1700
f 1702/1702/1702 1704/1704/1704 1701/1701/1701
f 1703/1703/1703 1705/1705/1705 1702/1702/1702
f 1702/1702/1702 1705/1705/1705 1704/1704/1704
f 1703/1703/1703 1706/1706/1706 1705/1705/1705
f 1700/1700/1700 1707/1707/1707 1696/1696/1696
f 1704/1704/1704 1707/1707/1707 1700/1700/1700
f 1706/1706/1706 1708/1708/1708 1705/1705/1705
f 1706/1706/1706 1709/1709/1709 1708/1708/1708
f 1705/1705/1705 1710/1710/1710 1704/1704/1704
f 1704/1704/1704 1710/1710/1710 1707/1707/1707
f 1705/1705/1705 1708/1708/1708 1710/1710/1710
f 1707/1707/1707 1711/1711/1711 1696/1696/1696
f 1696/1696/1696 1711/1711/1711 1679/1679/1679
f 1709/1709/1709 1712/1712/1712 1708/1708/1708
f 1709/1709/1709 1713/1713/1713 1712/1712/1712
f 1708/1708/1708 1714/1714/1714 1710/1710/1710
f 1708/1708/1708 1712/1712/1712 1714/1714/1714
f 1710/1710/1710 1715/1715/1715 1707/1707/1707
f 1707/1707/1707 1715/1715/1715 1711/1711/1711
f 1710/1710/1710 1714/1714/1714 1715/1715/1715
f 1711/1711/1711 1716/1716/1716 1679/1679/1679
f 1679/1679/1679 1716/1716/1716 1667/1667/1667
f 1716/1716/1716 1717/1717/1717 1667/1667/1667
f 1713/1713/1713 1718/1718/1718 1712/1712/1712
f 1713/1713/1713 1719/1719/1719 1718/1718/1718
f 1715/1715/1715 1720/1720/1720 1711/1711/1711
f 1711/1711/1711 1720/1720/1720 1716/1716/1716
f 1716/1716/1716 1721/1721/1721 1717/1717/1717
f 1720/1720/1720 1721/1721/1721 1716/1716/1716
f 1721/1721/1721 1722/1722/1722 1717/1717/1717
f 1712/1712/1712 1723/1723/1723 1714/1714/1714
f 1712/1712/1712 1718/1718/1718 1723/1723/1723
f 1714/1714/1714 1724/1724/1724 1715/1715/1715
f 1715/1715/1715 1724/1724/1724 1720/1720/1720
f 1714/1714/1714 1723/1723/1723 1724/1724/1724
f 1719/1719/1719 1725/1725/1725 1718/1718/1718
f 1719/1719/1719 1726/1726/1726 1725/1725/1725
f 1720/1720/1720 1727/1727/1727 1721/1721/1721
f 1724/1724/1724 1727/1727/1727 1720/1720/1720
f 1721/1721/1721 1728/1728/1728 1722/1722/1722
f 1727/1727/1727 1728/1728/1728 1721/1721/1721
f 1728/1728/1728 1729/1729/1729 1722/1722/1722
f 1718/1718/1718 1730/1730/1730 1723/1723/1723
f 1718/1718/1718 1725/1725/1725 1730/1730/1730
f 1723/1723/1723 1731/1731/1731 1724/1724/1724
f 1724/1724/1724 1731/1731/1731 1727/1727/1727
f 1723/1723/1723 1730/1730/1730 1731/1731/1731
f 1726/1726/1726 1732/1732/1732 1725/1725/1725
f 1726/1726/1726 1733/1733/1733 1732/1732/1732
f 1727/1727/1727 1734/1734/1734 1728/1728/1728
f 1731/1731/1731 1734/1734/1734 1727/1727/1727
f 1728/1728/1728 1735/1735/1735 1729/1729/1729
f 1734/1734/1734 1735/1735/1735 1728/1728/1728
f 1735/1735/1735 1736/1736/1736 1729/1729/1729
f 1725/1725/1725 1737/1737/1737 1730/1730/1730
f 1725/1725/1725 1732/1732/1732 1737/1737/1737
f 1730/1730/1730 1738/1738/1738 1731/1731/1731
f 1731/1731/1731 1738/1738/1738 1734/1734/1734
f 1730/1730/1730 1737/1737/1737 1738/1738/1738
f 1733/1733/1733 1739/1739/1739 1732/1732/1732
f 1733/1733/1733 1740/1740/1740 1739/1739/1739
f 1734/1734/1734 1741/1741/1741 1735/1735/1735
f 1738/1738/1738 1741/1741/1741 1734/1734/1734
f 1735/1735/1735 1742/1742/1742 1736/1736/1736
f 1741/1741/1741 1742/1742/1742 1735/1735/1735
f 1742/1742/1742 1743/1743/1743 1736/1736/1736
f 1732/1732/1732 1744/1744/1744 1737/1737/1737
f 1732/1732/1732 1739/1739/1739 1744/1744/1744
f 1737/1737/1737 1745/1745/1745 1738/1738/1738
f 1738/1738/1738 1745/1745/1745 1741/1741/1741
f 1737/1737/1737 1744/1744/1744 1745/1745/1745
f 1740/1740/1740 1746/1746/1746 1739/1739/1739
f 1740/1740/1740 1634/1634/1634 1746/1746/1746
f 1634/1634/1634 1633/1633/1633 1746/1746/1746
f 1746/1746/1746 1633/1633/1633 1653/1653/1653
f 1739/1739/1739 1746/1746/1746 1747/1747/1747
f 1739/1739/1739 1747/1747/1747 1744/1744/1744
f 1746/1746/1746 1653/1653/1653 1747/1747/1747
f 1741/1741/1741 1748/1748/1748 1742/1742/1742
f 1745/1745/1745 1748/1748/1748 1741/1741/1741
f 1742/1742/1742 1749/1749/1749 1743/1743/1743
f 1748/1748/1748 1749/1749/1749 1742/1742/1742
f 1749/1749/1749 1655/1655/1655 1743/1743/1743
f 1749/1749/1749 1654/1654/1654 1655/1655/1655
f 1744/1744/1744 1750/1750/1750 1745/1745/1745
f 1744/1744/1744 1747/1747/1747 1750/1750/1750
f 1745/1745/1745 1750/1750/1750 1748/1748/1748
f 1747/1747/1747 1653/1653/1653 1751/1751/1751
f 1747/1747/1747 1751/1751/1751 1750/1750/1750
f 1653/1653/1653 1648/1648/1648 1751/1751/1751
f 1751/1751/1751 1648/1648/1648 1652/1652/1652
f 1752/1752/1752 1654/1654/1654 1749/1749/1749
f 1748/1748/1748 1752/1752/1752 1749/1749/1749
f 1750/1750/1750 1752/1752/1752 1748/1748/1748
f 1750/1750/1750 1751/1751/1751 1752/1752/1752
f 1751/1751/1751 1652/1652/1652 1752/1752/1752
f 1752/1752/1752 1652/1652/1652 1654/1654/1654
f 1753/1753/1753 1755/1755/1755 1754/1754/1754
f 1753/1753/1753 1754/1754/1754 1756/1756/1756
f 1757/1757/1757 1753/1753/1753 1756/1756/1756
f 1756/1756/1756 1754/1754/1754 1758/1758/1758
f 1757/1757/1757 1756/1756/1756 1759/1759/1759
f 1760/1760/1760 1757/1757/1757 1759/1759/1759
f 1756/1756/1756 1758/1758/1758 1761/1761/1761
f 1759/1759/1759 1756/1756/1756 1761/1761/1761
f 1761/1761/1761 1758/1758/1758 1762/1762/1762
f 1760/1760/1760 1759/1759/1759 1763/1763/1763
f 1764/1764/1764 1760/1760/1760 1763/1763/1763
f 1759/1759/1759 1761/1761/1761 1765/1765/1765
f 1763/1763/1763 1759/1759/1759 1765/1765/1765
f 1761/1761/1761 1762/1762/1762 1766/1766/1766
f 1765/1765/1765 1761/1761/1761 1766/1766/1766
f 1766/1766/1766 1762/1762/1762 1767/1767/1767
f 1764/1764/1764 1763/1763/1763 1768/1768/1768
f 1769/1769/1769 1764/1764/1764 1768/1768/1768
f 1763/1763/1763 1765/1765/1765 1770/1770/1770
f 1768/1768/1768 1763/1763/1763 1770/1770/1770
f 1765/1765/1765 1766/1766/1766 1771/1771/1771
f 1770/1770/1770 1765/1765/1765 1771/1771/1771
f 1766/1766/1766 1767/1767/1767 1772/1772/1772
f 1771/1771/1771 1766/1766/1766 1772/1772/1772
f 1772/1772/1772 1767/1767/1767 1773/1773/1773
f 1769/1769/1769 1768/1768/1768 1774/1774/1774
f 1775/1775/1775 1769/1769/1769 1774/1774/1774
f 1768/1768/1768 1770/1770/1770 1776/1776/1776
f 1774/1774/1774 1768/1768/1768 1776/1776/1776
f 1770/1770/1770 1771/1771/1771 1777/1777/1777
f 1776/1776/1776 1770/1770/1770 1777/1777/1777
f 1771/1771/1771 1772/1772/1772 1778/1778/1778
f 1777/1777/1777 1771/1771/1771 1778/1778/1778
f 1772/1772/1772 1773/1773/1773 1779/1779/1779
f 1778/1778/1778 1772/1772/1772 1779/1779/1779
f 1779/1779/1779 1773/1773/1773 1780/1780/1780
f 1775/1775/1775 1774/1774/1774 1781/1781/1781
f 1782/1782/1782 1775/1775/1775 1781/1781/1781
f 1774/1774/1774 1776/1776/1776 1783/1783/1783
f 1781/1781/1781 1774/1774/1774 1783/1783/1783
f 1776/1776/1776 1777/1777/1777 1784/1784/1784
f 1783/1783/1783 1776/1776/1776 1784/1784/1784
f 1777/1777/1777 1778/1778/1778 1785/1785/1785
f 1784/1784/1784 1777/1777/1777 1785/1785/1785
f 1778/1778/1778 1779/1779/1779 1786/1786/1786
f 1785/1785/1785 1778/1778/1778 1786/1786/1786
f 1779/1779/1779 1780/1780/1780 1787/1787/1787
f 1786/1786/1786 1779/1779/1779 1787/1787/1787
f 1787/1787/1787 1780/1780/1780 1788/1788/1788
f 1782/1782/1782 1781/1781/1781 1789/1789/1789
f 1790/1790/1790 1782/1782/1782 1789/1789/1789
f 1781/1781/1781 1783/1783/1783 1791/1791/1791
f 1789/1789/1789 1781/1781/1781 1791/1791/1791
f 1783/1783/1783 1784/1784/1784 1792/1792/1792
f 1791/1791/1791 1783/1783/1783 1792/1792/1792
f 1784/1784/1784 1785/1785/1785 1793/1793/1793
f 1792/1792/1792 1784/1784/1784 1793/1793/1793
f 1785/1785/1785 1786/1786/1786 1794/1794/1794
f 1793/1793/1793 1785/1785/1785 1794/1794/1794
f 1786/1786/1786 1787/1787/1787 1795/1795/1795
f 1794/1794/1794 1786/1786/1786 1795/1795/1795
f 1787/1787/1787 1788/1788/1788 1796/1796/1796
f 1795/1795/1795 1787/1787/1787 1796/1796/1796
f 1796/1796/1796 1788/1788/1788 1797/1797/1797
f 1796/1796/1796 1797/1797/1797 1798/1798/1798
f 1798/1798/1798 1797/1797/1797 1799/1799/1799
f 1795/1795/1795 1796/1796/1796 1800/1800/1800
f 1800/1800/1800 1796/1796/1796 1798/1798/1798
f 1794/1794/1794 1795/1795/1795 1801/1801/1801
f 1801/1801/1801 1795/1795/1795 1800/1800/1800
f 1793/1793/1793 1794/1794/1794 1802/1802/1802
f 1802/1802/1802 1794/1794/1794 1801/1801/1801
f 1792/1792/1792 1793/1793/1793 1803/1803/1803
f 1803/1803/1803 1793/1793/1793 1802/1802/1802
f 1798/1798/1798 1799/1799/1799 1804/1804/1804
f 1804/1804/1804 1799/1799/1799 1805/1805/1805
f 1800/1800/1800 1798/1798/1798 1806/1806/1806
f 1806/1806/1806 1798/1798/1798 1804/1804/1804
f 1801/1801/1801 1800/1800/1800 1807/1807/1807
f 1807/1807/1807 1800/1800/1800 1806/1806/1806
f 1802/1802/1802 1801/1801/1801 1808/1808/1808
f 1808/1808/1808 1801/1801/1801 1807/1807/1807
f 1804/1804/1804 1805/1805/1805 1809/1809/1809
f 1809/1809/1809 1805/1805/1805 1810/1810/1810
f 1806/1806/1806 1804/1804/1804 1811/1811/1811
f 1811/1811/1811 1804/1804/1804 1809/1809/1809
f 1807/1807/1807 1806/1806/1806 1812/1812/1812
f 1812/1812/1812 1806/1806/1806 1811/1811/1811
f 1809/1809/1809 1810/1810/1810 1813/1813/1813
f 1813/1813/1813 1810/1810/1810 1814/1814/1814
f 1811/1811/1811 1809/1809/1809 1815/1815/1815
f 1815/1815/1815 1809/1809/1809 1813/1813/1813
f 1813/1813/1813 1814/1814/1814 1816/1816/1816
f 1816/1816/1816 1814/1814/1814 1817/1817/1817
f 1818/1818/1818 1802/1802/1802 1808/1808/1808
f 1803/1803/1803 1802/1802/1802 1818/1818/1818
f 1808/1808/1808 1807/1807/1807 1819/1819/1819
f 1819/1819/1819 1807/1807/1807 1812/1812/1812
f 1812/1812/1812 1811/1811/1811 1820/1820/1820
f 1820/1820/1820 1811/1811/1811 1815/1815/1815
f 1815/1815/1815 1813/1813/1813 1821/1821/1821
f 1821/1821/1821 1813/1813/1813 1816/1816/1816
f 1816/1816/1816 1817/1817/1817 1822/1822/1822
f 1822/1822/1822 1817/1817/1817 1823/1823/1823
f 1818/1818/1818 1808/1808/1808 1824/1824/1824
f 1824/1824/1824 1808/1808/1808 1819/1819/1819
f 1819/1819/1819 1812/1812/1812 1825/1825/1825
f 1825/1825/1825 1812/1812/1812 1820/1820/1820
f 1820/1820/1820 1815/1815/1815 1826/1826/1826
f 1826/1826/1826 1815/1815/1815 1821/1821/1821
f 1821/1821/1821 1816/1816/1816 1827/1827/1827
f 1827/1827/1827 1816/1816/1816 1822/1822/1822
f 1822/1822/1822 1823/1823/1823 1828/1828/1828
f 1828/1828/1828 1823/1823/1823 1829/1829/1829
f 1824/1824/1824 1819/1819/1819 1830/1830/1830
f 1830/1830/1830 1819/1819/1819 1825/1825/1825
f 1825/1825/1825 1820/1820/1820 1831/1831/1831
f 1831/1831/1831 1820/1820/1820 1826/1826/1826
f 1826/1826/1826 1821/1821/1821 1832/1832/1832
f 1832/1832/1832 1821/1821/1821 1827/1827/1827
f 1827/1827/1827 1822/1822/1822 1833/1833/1833
f 1833/1833/1833 1822/1822/1822 1828/1828/1828
f 1828/1828/1828 1829/1829/1829 1834/1834/1834
f 1834/1834/1834 1829/1829/1829 1835/1835/1835
f 1834/1834/1834 1835/1835/1835 1836/1836/1836
f 1837/1837/1837 1828/1828/1828 1834/1834/1834
f 1833/1833/1833 1828/1828/1828 1837/1837/1837
f 1838/1838/1838 1834/1834/1834 1836/1836/1836
f 1837/1837/1837 1834/1834/1834 1838/1838/1838
f 1838/1838/1838 1836/1836/1836 1839/1839/1839
f 1840/1840/1840 1827/1827/1827 1833/1833/1833
f 1832/1832/1832 1827/1827/1827 1840/1840/1840
f 1841/1841/1841 1826/1826/1826 1832/1832/1832
f 1831/1831/1831 1826/1826/1826 1841/1841/1841
f 1842/1842/1842 1833/1833/1833 1837/1837/1837
f 1840/1840/1840 1833/1833/1833 1842/1842/1842
f 1843/1843/1843 1837/1837/1837 1838/1838/1838
f 1842/1842/1842 1837/1837/1837 1843/1843/1843
f 1844/1844/1844 1838/1838/1838 1839/1839/1839
f 1843/1843/1843 1838/1838/1838 1844/1844/1844
f 1844/1844/1844 1839/1839/1839 1845/1845/1845
f 1846/1846/1846 1832/1832/1832 1840/1840/1840
f 1841/1841/1841 1832/1832/1832 1846/1846/1846
f 1847/1847/1847 1840/1840/1840 1842/1842/1842
f 1846/1846/1846 1840/1840/1840 1847/1847/1847
f 1848/1848/1848 1842/1842/1842 1843/1843/1843
f 1847/1847/1847 1842/1842/1842 1848/1848/1848
f 1849/1849/1849 1843/1843/1843 1844/1844/1844
f 1848/1848/1848 1843/1843/1843 1849/1849/1849
f 1850/1850/1850 1844/1844/1844 1845/1845/1845
f 1849/1849/1849 1844/1844/1844 1850/1850/1850
f 1850/1850/1850 1845/1845/1845 1851/1851/1851
f 1852/1852/1852 1850/1850/1850 1851/1851/1851
f 1852/1852/1852 1851/1851/1851 1853/1853/1853
f 1854/1854/1854 1849/1849/1849 1850/1850/1850
f 1854/1854/1854 1850/1850/1850 1852/1852/1852
f 1855/1855/1855 1848/1848/1848 1849/1849/1849
f 1855/1855/1855 1849/1849/1849 1854/1854/1854
f 1856/1856/1856 1847/1847/1847 1848/1848/1848
f 1856/1856/1856 1848/1848/1848 1855/1855/1855
f 1857/1857/1857 1846/1846/1846 1847/1847/1847
f 1857/1857/1857 1847/1847/1847 1856/1856/1856
f 1858/1858/1858 1852/1852/1852 1853/1853/1853
f 1858/1858/1858 1853/1853/1853 1859/1859/1859
f 1860/1860/1860 1854/1854/1854 1852/1852/1852
f 1860/1860/1860 1852/1852/1852 1858/1858/1858
f 1861/1861/1861 1855/1855/1855 1854/1854/1854
f 1861/1861/1861 1854/1854/1854 1860/1860/1860
f 1862/1862/1862 1856/1856/1856 1855/1855/1855
f 1862/1862/1862 1855/1855/1855 1861/1861/1861
f 1863/1863/1863 1858/1858/1858 1859/1859/1859
f 1863/1863/1863 1859/1859/1859 1864/1864/1864
f 1865/1865/1865 1860/1860/1860 1858/1858/1858
f 1865/1865/1865 1858/1858/1858 1863/1863/1863
f 1866/1866/1866 1861/1861/1861 1860/1860/1860
f 1866/1866/1866 1860/1860/1860 1865/1865/1865
f 1867/1867/1867 1863/1863/1863 1864/1864/1864
f 1867/1867/1867 1864/1864/1864 1868/1868/1868
f 1869/1869/1869 1865/1865/1865 1863/1863/1863
f 1869/1869/1869 1863/1863/1863 1867/1867/1867
f 1870/1870/1870 1867/1867/1867 1868/1868/1868
f 1870/1870/1870 1868/1868/1868 1871/1871/1871
f 1872/1872/1872 1856/1856/1856 1862/1862/1862
f 1872/1872/1872 1857/1857/1857 1856/1856/1856
f 1873/1873/1873 1862/1862/1862 1861/1861/1861
f 1873/1873/1873 1861/1861/1861 1866/1866/1866
f 1874/1874/1874 1866/1866/1866 1865/1865/1865
f 1874/1874/1874 1865/1865/1865 1869/1869/1869
f 1875/1875/1875 1869/1869/1869 1867/1867/1867
f 1875/1875/1875 1867/1867/1867 1870/1870/1870
f 1876/1876/1876 1870/1870/1870 1871/1871/1871
f 1876/1876/1876 1871/1871/1871 1877/1877/1877
f 1878/1878/1878 1872/1872/1872 1862/1862/1862
f 1878/1878/1878 1862/1862/1862 1873/1873/1873
f 1879/1879/1879 1873/1873/1873 1866/1866/1866
f 1879/1879/1879 1866/1866/1866 1874/1874/1874
f 1880/1880/1880 1874/1874/1874 1869/1869/1869
f 1880/1880/1880 1869/1869/1869 1875/1875/1875
f 1881/1881/1881 1875/1875/1875 1870/1870/1870
f 1881/1881/1881 1870/1870/1870 1876/1876/1876
f 1882/1882/1882 1876/1876/1876 1877/1877/1877
f 1882/1882/1882 1877/1877/1877 1883/1883/1883
f 1884/1884/1884 1878/1878/1878 1873/1873/1873
f 1884/1884/1884 1873/1873/1873 1879/1879/1879
f 1885/1885/1885 1879/1879/1879 1874/1874/1874
f 1885/1885/1885 1874/1874/1874 1880/1880/1880
f 1886/1886/1886 1880/1880/1880 1875/1875/1875
f 1886/1886/1886 1875/1875/1875 1881/1881/1881
f 1887/1887/1887 1881/1881/1881 1876/1876/1876
f 1887/1887/1887 1876/1876/1876 1882/1882/1882
f 1888/1888/1888 1882/1882/1882 1883/1883/1883
f 1888/1888/1888 1883/1883/1883 1889/1889/1889
f 1890/1890/1890 1884/1884/1884 1879/1879/1879
f 1890/1890/1890 1879/1879/1879 1885/1885/1885
f 1891/1891/1891 1885/1885/1885 1880/1880/1880
f 1891/1891/1891 1880/1880/1880 1886/1886/1886
f 1892/1892/1892 1886/1886/1886 1881/1881/1881
f 1892/1892/1892 1881/1881/1881 1887/1887/1887
f 1893/1893/1893 1887/1887/1887 1882/1882/1882
f 1893/1893/1893 1882/1882/1882 1888/1888/1888
f 1894/1894/1894 1888/1888/1888 1889/1889/1889
f 1894/1894/1894 1889/1889/1889 1895/1895/1895
f 1896/1896/1896 1890/1890/1890 1885/1885/1885
f 1896/1896/1896 1885/1885/1885 1891/1891/1891
f 1897/1897/1897 1891/1891/1891 1886/1886/1886
f 1897/1897/1897 1886/1886/1886 1892/1892/1892
f 1898/1898/1898 1892/1892/1892 1887/1887/1887
f 1898/1898/1898 1887/1887/1887 1893/1893/1893
f 1899/1899/1899 1893/1893/1893 1888/1888/1888
f 1899/1899/1899 1888/1888/1888 1894/1894/1894
f 1900/1900/1900 1894/1894/1894 1895/1895/1895
f 1900/1900/1900 1895/1895/1895 1901/1901/1901
f 1902/1902/1902 1896/1896/1896 1891/1891/1891
f 1902/1902/1902 1891/1891/1891 1897/1897/1897
f 1903/1903/1903 1897/1897/1897 1892/1892/1892
f 1903/1903/1903 1892/1892/1892 1898/1898/1898
f 1904/1904/1904 1898/1898/1898 1893/1893/1893
f 1904/1904/1904 1893/1893/1893 1899/1899/1899
f 1905/1905/1905 1899/1899/1899 1894/1894/1894
f 1905/1905/1905 1894/1894/1894 1900/1900/1900
f 1906/1906/1906 1900/1900/1900 1901/1901/1901
f 1906/1906/1906 1901/1901/1901 1907/1907/1907
f 1908/1908/1908 1906/1906/1906 1907/1907/1907
f 1908/1908/1908 1907/1907/1907 1909/1909/1909
f 1910/1910/1910 1906/1906/1906 1908/1908/1908
f 1911/1911/1911 1900/1900/1900 1906/1906/1906
f 1910/1910/1910 1911/1911/1911 1906/1906/1906
f 1911/1911/1911 1905/1905/1905 1900/1900/1900
f 1912/1912/1912 1911/1911/1911 1910/1910/1910
f 1912/1912/1912 1913/1913/1913 1911/1911/1911
f 1913/1913/1913 1905/1905/1905 1911/1911/1911
f 1914/1914/1914 1913/1913/1913 1912/1912/1912
f 1915/1915/1915 1899/1899/1899 1905/1905/1905
f 1913/1913/1913 1915/1915/1915 1905/1905/1905
f 1915/1915/1915 1904/1904/1904 1899/1899/1899
f 1914/1914/1914 1916/1916/1916 1913/1913/1913
f 1916/1916/1916 1915/1915/1915 1913/1913/1913
f 1917/1917/1917 1916/1916/1916 1914/1914/1914
f 1918/1918/1918 1904/1904/1904 1915/1915/1915
f 1916/1916/1916 1918/1918/1918 1915/1915/1915
f 1917/1917/1917 1919/1919/1919 1916/1916/1916
f 1919/1919/1919 1918/1918/1918 1916/1916/1916
f 1920/1920/1920 1919/1919/1919 1917/1917/1917
f 1918/1918/1918 1921/1921/1921 1904/1904/1904
f 1921/1921/1921 1898/1898/1898 1904/1904/1904
f 1921/1921/1921 1903/1903/1903 1898/1898/1898
f 1920/1920/1920 1922/1922/1922 1919/1919/1919
f 1923/1923/1923 1922/1922/1922 1920/1920/1920
f 1919/1919/1919 1924/1924/1924 1918/1918/1918
f 1924/1924/1924 1921/1921/1921 1918/1918/1918
f 1922/1922/1922 1924/1924/1924 1919/1919/1919
f 1925/1925/1925 1903/1903/1903 1921/1921/1921
f 1924/1924/1924 1925/1925/1925 1921/1921/1921
f 1923/1923/1923 1926/1926/1926 1922/1922/1922
f 1927/1927/1927 1926/1926/1926 1923/1923/1923
f 1922/1922/1922 1928/1928/1928 1924/1924/1924
f 1928/1928/1928 1925/1925/1925 1924/1924/1924
f 1926/1926/1926 1928/1928/1928 1922/1922/1922
f 1925/1925/1925 1929/1929/1929 1903/1903/1903
f 1929/1929/1929 1897/1897/1897 1903/1903/1903
f 1929/1929/1929 1902/1902/1902 1897/1897/1897
f 1927/1927/1927 1930/1930/1930 1926/1926/1926
f 1931/1931/1931 1930/1930/1930 1927/1927/1927
f 1926/1926/1926 1932/1932/1932 1928/1928/1928
f 1930/1930/1930 1932/1932/1932 1926/1926/1926
f 1928/1928/1928 1933/1933/1933 1925/1925/1925
f 1933/1933/1933 1929/1929/1929 1925/1925/1925
f 1932/1932/1932 1933/1933/1933 1928/1928/1928
f 1934/1934/1934 1902/1902/1902 1929/1929/1929
f 1933/1933/1933 1934/1934/1934 1929/1929/1929
f 1931/1931/1931 1935/1935/1935 1930/1930/1930
f 1936/1936/1936 1935/1935/1935 1931/1931/1931
f 1930/1930/1930 1937/1937/1937 1932/1932/1932
f 1935/1935/1935 1937/1937/1937 1930/1930/1930
f 1932/1932/1932 1938/1938/1938 1933/1933/1933
f 1938/1938/1938 1934/1934/1934 1933/1933/1933
f 1937/1937/1937 1938/1938/1938 1932/1932/1932
f 1934/1934/1934 1939/1939/1939 1902/1902/1902
f 1939/1939/1939 1896/1896/1896 1902/1902/1902
f 1936/1936/1936 1940/1940/1940 1935/1935/1935
f 1941/1941/1941 1940/1940/1940 1936/1936/1936
f 1935/1935/1935 1942/1942/1942 1937/1937/1937
f 1940/1940/1940 1942/1942/1942 1935/1935/1935
f 1937/1937/1937 1943/1943/1943 1938/1938/1938
f 1942/1942/1942 1943/1943/1943 1937/1937/1937
f 1938/1938/1938 1944/1944/1944 1934/1934/1934
f 1944/1944/1944 1939/1939/1939 1934/1934/1934
f 1943/1943/1943 1944/1944/1944 1938/1938/1938
f 1939/1939/1939 1945/1945/1945 1896/1896/1896
f 1945/1945/1945 1890/1890/1890 1896/1896/1896
f 1941/1941/1941 1946/1946/1946 1940/1940/1940
f 1947/1947/1947 1946/1946/1946 1941/1941/1941
f 1940/1940/1940 1948/1948/1948 1942/1942/1942
f 1946/1946/1946 1948/1948/1948 1940/1940/1940
f 1942/1942/1942 1949/1949/1949 1943/1943/1943
f 1948/1948/1948 1949/1949/1949 1942/1942/1942
f 1943/1943/1943 1950/1950/1950 1944/1944/1944
f 1949/1949/1949 1950/1950/1950 1943/1943/1943
f 1944/1944/1944 1951/1951/1951 1939/1939/1939
f 1951/1951/1951 1945/1945/1945 1939/1939/1939
f 1950/1950/1950 1951/1951/1951 1944/1944/1944
f 1945/1945/1945 1952/1952/1952 1890/1890/1890
f 1952/1952/1952 1884/1884/1884 1890/1890/1890
f 1947/1947/1947 1953/1953/1953 1946/1946/1946
f 1954/1954/1954 1953/1953/1953 1947/1947/1947
f 1946/1946/1946 1955/1955/1955 1948/1948/1948
f 1953/1953/1953 1955/1955/1955 1946/1946/1946
f 1948/1948/1948 1956/1956/1956 1949/1949/1949
f 1955/1955/1955 1956/1956/1956 1948/1948/1948
f 1949/1949/1949 1957/1957/1957 1950/1950/1950
f 1956/1956/1956 1957/1957/1957 1949/1949/1949
f 1950/1950/1950 1958/1958/1958 1951/1951/1951
f 1957/1957/1957 1958/1958/1958 1950/1950/1950
f 1951/1951/1951 1959/1959/1959 1945/1945/1945
f 1958/1958/1958 1959/1959/1959 1951/1951/1951
f 1959/1959/1959 1952/1952/1952 1945/1945/1945
f 1952/1952/1952 1960/1960/1960 1884/1884/1884
f 1960/1960/1960 1878/1878/1878 1884/1884/1884
f 1959/1959/1959 1961/1961/1961 1952/1952/1952
f 1961/1961/1961 1960/1960/1960 1952/1952/1952
f 1958/1958/1958 1962/1962/1962 1959/1959/1959
f 1962/1962/1962 1961/1961/1961 1959/1959/1959
f 1957/1957/1957 1963/1963/1963 1958/1958/1958
f 1963/1963/1963 1962/1962/1962 1958/1958/1958
f 1956/1956/1956 1964/1964/1964 1957/1957/1957
f 1964/1964/1964 1963/1963/1963 1957/1957/1957
f 1960/1960/1960 1965/1965/1965 1878/1878/1878
f 1965/1965/1965 1872/1872/1872 1878/1878/1878
f 1961/1961/1961 1966/1966/1966 1960/1960/1960
f 1966/1966/1966 1965/1965/1965 1960/1960/1960
f 1962/1962/1962 1967/1967/1967 1961/1961/1961
f 1967/1967/1967 1966/1966/1966 1961/1961/1961
f 1963/1963/1963 1968/1968/1968 1962/1962/1962
f 1968/1968/1968 1967/1967/1967 1962/1962/1962
f 1965/1965/1965 1969/1969/1969 1872/1872/1872
f 1969/1969/1969 1857/1857/1857 1872/1872/1872
f 1966/1966/1966 1970/1970/1970 1965/1965/1965
f 1970/1970/1970 1969/1969/1969 1965/1965/1965
f 1967/1967/1967 1971/1971/1971 1966/1966/1966
f 1971/1971/1971 1970/1970/1970 1966/1966/1966
f 1969/1969/1969 1972/1972/1972 1857/1857/1857
f 1972/1972/1972 1846/1846/1846 1857/1857/1857
f 1972/1972/1972 1841/1841/1841 1846/1846/1846
f 1970/1970/1970 1973/1973/1973 1969/1969/1969
f 1973/1973/1973 1972/1972/1972 1969/1969/1969
f 1974/1974/1974 1841/1841/1841 1972/1972/1972
f 1973/1973/1973 1974/1974/1974 1972/1972/1972
f 1974/1974/1974 1831/1831/1831 1841/1841/1841
f 1975/1975/1975 1973/1973/1973 1970/1970/1970
f 1971/1971/1971 1975/1975/1975 1970/1970/1970
f 1976/1976/1976 1971/1971/1971 1967/1967/1967
f 1968/1968/1968 1976/1976/1976 1967/1967/1967
f 1977/1977/1977 1974/1974/1974 1973/1973/1973
f 1975/1975/1975 1977/1977/1977 1973/1973/1973
f 1978/1978/1978 1831/1831/1831 1974/1974/1974
f 1977/1977/1977 1978/1978/1978 1974/1974/1974
f 1978/1978/1978 1825/1825/1825 1831/1831/1831
f 1830/1830/1830 1825/1825/1825 1978/1978/1978
f 1979/1979/1979 1975/1975/1975 1971/1971/1971
f 1976/1976/1976 1979/1979/1979 1971/1971/1971
f 1980/1980/1980 1977/1977/1977 1975/1975/1975
f 1979/1979/1979 1980/1980/1980 1975/1975/1975
f 1981/1981/1981 1978/1978/1978 1977/1977/1977
f 1981/1981/1981 1830/1830/1830 1978/1978/1978
f 1980/1980/1980 1981/1981/1981 1977/1977/1977
f 1982/1982/1982 1830/1830/1830 1981/1981/1981
f 1982/1982/1982 1824/1824/1824 1830/1830/1830
f 1983/1983/1983 1981/1981/1981 1980/1980/1980
f 1983/1983/1983 1982/1982/1982 1981/1981/1981
f 1984/1984/1984 1980/1980/1980 1979/1979/1979
f 1984/1984/1984 1983/1983/1983 1980/1980/1980
f 1985/1985/1985 1979/1979/1979 1976/1976/1976
f 1985/1985/1985 1984/1984/1984 1979/1979/1979
f 1986/1986/1986 1824/1824/1824 1982/1982/1982
f 1986/1986/1986 1818/1818/1818 1824/1824/1824
f 1987/1987/1987 1982/1982/1982 1983/1983/1983
f 1987/1987/1987 1986/1986/1986 1982/1982/1982
f 1988/1988/1988 1983/1983/1983 1984/1984/1984
f 1988/1988/1988 1987/1987/1987 1983/1983/1983
f 1989/1989/1989 1818/1818/1818 1986/1986/1986
f 1989/1989/1989 1803/1803/1803 1818/1818/1818
f 1990/1990/1990 1986/1986/1986 1987/1987/1987
f 1990/1990/1990 1989/1989/1989 1986/1986/1986
f 1991/1991/1991 1803/1803/1803 1989/1989/1989
f 1991/1991/1991 1792/1792/1792 1803/1803/1803
f 1791/1791/1791 1792/1792/1792 1991/1991/1991
f 1992/1992/1992 1991/1991/1991 1989/1989/1989
f 1992/1992/1992 1989/1989/1989 1990/1990/1990
f 1993/1993/1993 1791/1791/1791 1991/1991/1991
f 1993/1993/1993 1991/1991/1991 1992/1992/1992
f 1789/1789/1789 1791/1791/1791 1993/1993/1993
f 1994/1994/1994 1990/1990/1990 1987/1987/1987
f 1994/1994/1994 1987/1987/1987 1988/1988/1988
f 1995/1995/1995 1988/1988/1988 1984/1984/1984
f 1995/1995/1995 1984/1984/1984 1985/1985/1985
f 1996/1996/1996 1992/1992/1992 1990/1990/1990
f 1996/1996/1996 1990/1990/1990 1994/1994/1994
f 1997/1997/1997 1789/1789/1789 1993/1993/1993
f 1790/1790/1790 1789/1789/1789 1997/1997/1997
f 1998/1998/1998 1790/1790/1790 1997/1997/1997
f 1999/1999/1999 1993/1993/1993 1992/1992/1992
f 1997/1997/1997 1993/1993/1993 1999/1999/1999
f 1999/1999/1999 1992/1992/1992 1996/1996/1996
f 1998/1998/1998 1997/1997/1997 2000/2000/2000
f 2000/2000/2000 1997/1997/1997 1999/1999/1999
f 2001/2001/2001 1998/1998/1998 2000/2000/2000
f 2002/2002/2002 1994/1994/1994 1988/1988/1988
f 2002/2002/2002 1988/1988/1988 1995/1995/1995
f 2003/2003/2003 1999/1999/1999 1996/1996/1996
f 2000/2000/2000 1999/1999/1999 2003/2003/2003
f 2001/2001/2001 2000/2000/2000 2004/2004/2004
f 2004/2004/2004 2000/2000/2000 2003/2003/2003
f 2005/2005/2005 2001/2001/2001 2004/2004/2004
f 2006/2006/2006 1996/1996/1996 1994/1994/1994
f 2003/2003/2003 1996/1996/1996 2006/2006/2006
f 2006/2006/2006 1994/1994/1994 2002/2002/2002
f 2005/2005/2005 2004/2004/2004 2007/2007/2007
f 2008/2008/2008 2005/2005/2005 2007/2007/2007
f 2004/2004/2004 2003/2003/2003 2009/2009/2009
f 2009/2009/2009 2003/2003/2003 2006/2006/2006
f 2007/2007/2007 2004/2004/2004 2009/2009/2009
f 2010/2010/2010 2006/2006/2006 2002/2002/2002
f 2009/2009/2009 2006/2006/2006 2010/2010/2010
f 2011/2011/2011 2002/2002/2002 1995/1995/1995
f 2010/2010/2010 2002/2002/2002 2011/2011/2011
f 2008/2008/2008 2007/2007/2007 2012/2012/2012
f 2013/2013/2013 2008/2008/2008 2012/2012/2012
f 2007/2007/2007 2009/2009/2009 2014/2014/2014
f 2014/2014/2014 2009/2009/2009 2010/2010/2010
f 2012/2012/2012 2007/2007/2007 2014/2014/2014
f 2013/2013/2013 2012/2012/2012 2015/2015/2015
f 2016/2016/2016 2013/2013/2013 2015/2015/2015
f 2014/2014/2014 2010/2010/2010 2017/2017/2017
f 2017/2017/2017 2010/2010/2010 2011/2011/2011
f 2012/2012/2012 2014/2014/2014 2018/2018/2018
f 2015/2015/2015 2012/2012/2012 2018/2018/2018
f 2018/2018/2018 2014/2014/2014 2017/2017/2017
f 2011/2011/2011 1995/1995/1995 2019/2019/2019
f 2019/2019/2019 1995/1995/1995 1985/1985/1985
f 2016/2016/2016 2015/2015/2015 2020/2020/2020
f 2021/2021/2021 2016/2016/2016 2020/2020/2020
f 2015/2015/2015 2018/2018/2018 2022/2022/2022
f 2020/2020/2020 2015/2015/2015 2022/2022/2022
f 2018/2018/2018 2017/2017/2017 2023/2023/2023
f 2022/2022/2022 2018/2018/2018 2023/2023/2023
f 2017/2017/2017 2011/2011/2011 2024/2024/2024
f 2024/2024/2024 2011/2011/2011 2019/2019/2019
f 2023/2023/2023 2017/2017/2017 2024/2024/2024
f 2019/2019/2019 1985/1985/1985 2025/2025/2025
f 2025/2025/2025 1985/1985/1985 1976/1976/1976
f 2025/2025/2025 1976/1976/1976 1968/1968/1968
f 2021/2021/2021 2020/2020/2020 2026/2026/2026
f 2027/2027/2027 2021/2021/2021 2026/2026/2026
f 2027/2027/2027 2026/2026/2026 2028/2028/2028
f 2020/2020/2020 2022/2022/2022 2029/2029/2029
f 2026/2026/2026 2020/2020/2020 2029/2029/2029
f 2028/2028/2028 2026/2026/2026 2030/2030/2030
f 2026/2026/2026 2029/2029/2029 2030/2030/2030
f 2028/2028/2028 2030/2030/2030 2031/2031/2031
f 2024/2024/2024 2019/2019/2019 2032/2032/2032
f 2032/2032/2032 2019/2019/2019 2025/2025/2025
f 2033/2033/2033 2025/2025/2025 1968/1968/1968
f 2032/2032/2032 2025/2025/2025 2033/2033/2033
f 2033/2033/2033 1968/1968/1968 1963/1963/1963
f 1964/1964/1964 2033/2033/2033 1963/1963/1963
f 2029/2029/2029 2022/2022/2022 2034/2034/2034
f 2022/2022/2022 2023/2023/2023 2034/2034/2034
f 2023/2023/2023 2024/2024/2024 2035/2035/2035
f 2035/2035/2035 2024/2024/2024 2032/2032/2032
f 2034/2034/2034 2023/2023/2023 2035/2035/2035
f 2036/2036/2036 2032/2032/2032 2033/2033/2033
f 2036/2036/2036 2033/2033/2033 1964/1964/1964
f 2035/2035/2035 2032/2032/2032 2036/2036/2036
f 2031/2031/2031 2030/2030/2030 2037/2037/2037
f 2031/2031/2031 2037/2037/2037 1954/1954/1954
f 1954/1954/1954 2037/2037/2037 1953/1953/1953
f 2030/2030/2030 2029/2029/2029 2038/2038/2038
f 2029/2029/2029 2034/2034/2034 2038/2038/2038
f 2030/2030/2030 2038/2038/2038 2037/2037/2037
f 2034/2034/2034 2035/2035/2035 2039/2039/2039
f 2039/2039/2039 2035/2035/2035 2036/2036/2036
f 2038/2038/2038 2034/2034/2034 2039/2039/2039
f 2040/2040/2040 2036/2036/2036 1964/1964/1964
f 2039/2039/2039 2036/2036/2036 2040/2040/2040
f 2040/2040/2040 1964/1964/1964 1956/1956/1956
f 1955/1955/1955 2040/2040/2040 1956/1956/1956
f 2037/2037/2037 2041/2041/2041 1953/1953/1953
f 2037/2037/2037 2038/2038/2038 2041/2041/2041
f 2038/2038/2038 2039/2039/2039 2041/2041/2041
f 1953/1953/1953 2041/2041/2041 1955/1955/1955
f 2041/2041/2041 2040/2040/2040 1955/1955/1955
f 2041/2041/2041 2039/2039/2039 2040/2040/2040
f 2042/2042/2042 2044/2044/2044 2043/2043/2043
f 2042/2042/2042 2045/2045/2045 2044/2044/2044
f 2045/2045/2045 2046/2046/2046 2044/2044/2044
f 2045/2045/2045 2047/2047/2047 2046/2046/2046
f 2047/2047/2047 2048/2048/2048 2046/2046/2046
f 2047/2047/2047 2049/2049/2049 2048/2048/2048
f 2049/2049/2049 2050/2050/2050 2048/2048/2048
f 2049/2049/2049 2051/2051/2051 2050/2050/2050
f 2051/2051/2051 2052/2052/2052 2050/2050/2050
f 2051/2051/2051 2053/2053/2053 2052/2052/2052
f 2053/2053/2053 2054/2054/2054 2052/2052/2052
f 2053/2053/2053 2055/2055/2055 2054/2054/2054
f 2055/2055/2055 2056/2056/2056 2054/2054/2054
f 2055/2055/2055 2057/2057/2057 2056/2056/2056
f 2058/2058/2058 2060/2060/2060 2059/2059/2059
f 2058/2058/2058 2059/2059/2059 2061/2061/2061
f 2062/2062/2062 2058/2058/2058 2061/2061/2061
f 2062/2062/2062 2061/2061/2061 2063/2063/2063
f 2064/2064/2064 2062/2062/2062 2063/2063/2063
f 2064/2064/2064 2063/2063/2063 2065/2065/2065
f 2066/2066/2066 2064/2064/2064 2065/2065/2065
f 2066/2066/2066 2065/2065/2065 2067/2067/2067
f 2068/2068/2068 2066/2066/2066 2067/2067/2067
f 2068/2068/2068 2067/2067/2067 2069/2069/2069
f 2070/2070/2070 2068/2068/2068 2069/2069/2069
f 2070/2070/2070 2069/2069/2069 2071/2071/2071
f 2072/2072/2072 2070/2070/2070 2071/2071/2071
f 2072/2072/2072 2071/2071/2071 2073/2073/2073
f 2074/2074/2074 2072/2072/2072 2073/2073/2073
f 2074/2074/2074 2073/2073/2073 2075/2075/2075
f 2076/2076/2076 2074/2074/2074 2075/2075/2075
f 2076/2076/2076 2075/2075/2075 2077/2077/2077
f 2078/2078/2078 2076/2076/2076 2077/2077/2077
f 2078/2078/2078 2077/2077/2077 2079/2079/2079
f 2080/2080/2080 2078/2078/2078 2079/2079/2079
f 2080/2080/2080 2079/2079/2079 2081/2081/2081
f 2082/2082/2082 2080/2080/2080 2081/2081/2081
f 2082/2082/2082 2081/2081/2081 2083/2083/2083
f 2084/2084/2084 2082/2082/2082 2083/2083/2083
f 2084/2084/2084 2083/2083/2083 2085/2085/2085
f 2086/2086/2086 2084/2084/2084 2085/2085/2085
f 2086/2086/2086 2085/2085/2085 2087/2087/2087
f 2088/2088/2088 2086/2086/2086 2087/2087/2087
f 2088/2088/2088 2087/2087/2087 2089/2089/2089
f 2090/2090/2090 2088/2088/2088 2089/2089/2089
f 2090/2090/2090 2089/2089/2089 2091/2091/2091
f 2092/2092/2092 2090/2090/2090 2091/2091/2091
f 2092/2092/2092 2091/2091/2091 2093/2093/2093
f 2094/2094/2094 2092/2092/2092 2093/2093/2093
f 2094/2094/2094 2093/2093/2093 2095/2095/2095
f 2096/2096/2096 2094/2094/2094 2095/2095/2095
f 2096/2096/2096 2095/2095/2095 2097/2097/2097
f 2098/2098/2098 2096/2096/2096 2097/2097/2097
f 2098/2098/2098 2097/2097/2097 2099/2099/2099
f 2100/2100/2100 2098/2098/2098 2099/2099/2099
f 2100/2100/2100 2099/2099/2099 2101/2101/2101
f 2102/2102/2102 2100/2100/2100 2101/2101/2101
f 2102/2102/2102 2101/2101/2101 2103/2103/2103
f 2104/2104/2104 2102/2102/2102 2103/2103/2103
f 2104/2104/2104 2103/2103/2103 2105/2105/2105
f 2106/2106/2106 2104/2104/2104 2105/2105/2105
f 2106/2106/2106 2105/2105/2105 2107/2107/2107
f 2108/2108/2108 2106/2106/2106 2107/2107/2107
f 2108/2108/2108 2107/2107/2107 2109/2109/2109
f 2110/2110/2110 2108/2108/2108 2109/2109/2109
f 2110/2110/2110 2109/2109/2109 2111/2111/2111
f 2112/2112/2112 2110/2110/2110 2111/2111/2111
f 2112/2112/2112 2111/2111/2111 2113/2113/2113
f 2114/2114/2114 2112/2112/2112 2113/2113/2113
f 2114/2114/2114 2113/2113/2113 2115/2115/2115
f 2116/2116/2116 2114/2114/2114 2115/2115/2115
f 2116/2116/2116 2115/2115/2115 2117/2117/2117
f 2118/2118/2118 2116/2116/2116 2117/2117/2117
f 2118/2118/2118 2117/2117/2117 2119/2119/2119
f 2120/2120/2120 2118/2118/2118 2119/2119/2119
f 2120/2120/2120 2119/2119/2119 2121/2121/2121
f 2122/2122/2122 2120/2120/2120 2121/2121/2121
f 2122/2122/2122 2121/2121/2121 2123/2123/2123
f 2124/2124/2124 2122/2122/2122 2123/2123/2123
f 2124/2124/2124 2123/2123/2123 2125/2125/2125
f 2126/2126/2126 2124/2124/2124 2125/2125/2125
f 2126/2126/2126 2125/2125/2125 2127/2127/2127
f 2128/2128/2128 2126/2126/2126 2127/2127/2127
f 2128/2128/2128 2127/2127/2127 2129/2129/2129
f 2130/2130/2130 2128/2128/2128 2129/2129/2129
f 2130/2130/2130 2129/2129/2129 2131/2131/2131
f 2132/2132/2132 2130/2130/2130 2131/2131/2131
f 2132/2132/2132 2131/2131/2131 2133/2133/2133
f 2134/2134/2134 2132/2132/2132 2133/2133/2133
f 2134/2134/2134 2133/2133/2133 2135/2135/2135
f 2136/2136/2136 2134/2134/2134 2135/2135/2135
f 2136/2136/2136 2135/2135/2135 2137/2137/2137
f 2138/2138/2138 2136/2136/2136 2137/2137/2137
f 2138/2138/2138 2137/2137/2137 2139/2139/2139
f 2140/2140/2140 2138/2138/2138 2139/2139/2139
f 2140/2140/2140 2139/2139/2139 2141/2141/2141
f 2142/2142/2142 2140/2140/2140 2141/2141/2141
f 2142/2142/2142 2141/2141/2141 2143/2143/2143
f 2144/2144/2144 2142/2142/2142 2143/2143/2143
f 2144/2144/2144 2143/2143/2143 2145/2145/2145
f 2146/2146/2146 2144/2144/2144 2145/2145/2145
f 2146/2146/2146 2145/2145/2145 2147/2147/2147
f 2148/2148/2148 2146/2146/2146 2147/2147/2147
f 2148/2148/2148 2147/2147/2147 2149/2149/2149
f 2150/2150/2150 2148/2148/2148 2149/2149/2149
f 2150/2150/2150 2149/2149/2149 2151/2151/2151
f 2152/2152/2152 2150/2150/2150 2151/2151/2151
f 2152/2152/2152 2151/2151/2151 2153/2153/2153
f 2154/2154/2154 2152/2152/2152 2153/2153/2153
f 2154/2154/2154 2153/2153/2153 2155/2155/2155
f 2156/2156/2156 2154/2154/2154 2155/2155/2155
f 2156/2156/2156 2155/2155/2155 2157/2157/2157
f 2158/2158/2158 2156/2156/2156 2157/2157/2157
f 2158/2158/2158 2157/2157/2157 2159/2159/2159
f 2160/2160/2160 2158/2158/2158 2159/2159/2159
f 2160/2160/2160 2159/2159/2159 2161/2161/2161
f 2162/2162/2162 2160/2160/2160 2161/2161/2161
f 2162/2162/2162 2161/2161/2161 2163/2163/2163
f 2164/2164/2164 2162/2162/2162 2163/2163/2163
f 2164/2164/2164 2163/2163/2163 2165/2165/2165
f 2166/2166/2166 2164/2164/2164 2165/2165/2165
f 2166/2166/2166 2165/2165/2165 2167/2167/2167
f 2168/2168/2168 2166/2166/2166 2167/2167/2167
f 2168/2168/2168 2167/2167/2167 2169/2169/2169
f 2170/2170/2170 2168/2168/2168 2169/2169/2169
f 2170/2170/2170 2169/2169/2169 2171/2171/2171
f 2172/2172/2172 2170/2170/2170 2171/2171/2171
f 2172/2172/2172 2171/2171/2171 2173/2173/2173
f 2161/2161/2161 2159/2159/2159 2174/2174/2174
f 2163/2163/2163 2161/2161/2161 2175/2175/2175
f 2161/2161/2161 2174/2174/2174 2175/2175/2175
f 2165/2165/2165 2163/2163/2163 2176/2176/2176
f 2163/2163/2163 2175/2175/2175 2176/2176/2176
f 2167/2167/2167 2165/2165/2165 2177/2177/2177
f 2165/2165/2165 2176/2176/2176 2177/2177/2177
f 2169/2169/2169 2167/2167/2167 2178/2178/2178
f 2167/2167/2167 2177/2177/2177 2178/2178/2178
f 2171/2171/2171 2169/2169/2169 2179/2179/2179
f 2169/2169/2169 2178/2178/2178 2179/2179/2179
f 2173/2173/2173 2171/2171/2171 2180/2180/2180
f 2171/2171/2171 2179/2179/2179 2180/2180/2180
f 2159/2159/2159 2181/2181/2181 2174/2174/2174
f 2159/2159/2159 2157/2157/2157 2181/2181/2181
f 2173/2173/2173 2180/2180/2180 2182/2182/2182
f 2183/2183/2183 2173/2173/2173 2182/2182/2182
f 2157/2157/2157 2184/2184/2184 2181/2181/2181
f 2157/2157/2157 2155/2155/2155 2184/2184/2184
f 2183/2183/2183 2182/2182/2182 2185/2185/2185
f 2186/2186/2186 2183/2183/2183 2185/2185/2185
f 2155/2155/2155 2187/2187/2187 2184/2184/2184
f 2155/2155/2155 2153/2153/2153 2187/2187/2187
f 2186/2186/2186 2185/2185/2185 2188/2188/2188
f 2189/2189/2189 2186/2186/2186 2188/2188/2188
f 2153/2153/2153 2190/2190/2190 2187/2187/2187
f 2153/2153/2153 2151/2151/2151 2190/2190/2190
f 2189/2189/2189 2188/2188/2188 2191/2191/2191
f 2192/2192/2192 2189/2189/2189 2191/2191/2191
f 2151/2151/2151 2193/2193/2193 2190/2190/2190
f 2151/2151/2151 2149/2149/2149 2193/2193/2193
f 2192/2192/2192 2191/2191/2191 2194/2194/2194
f 2195/2195/2195 2192/2192/2192 2194/2194/2194
f 2149/2149/2149 2196/2196/2196 2193/2193/2193
f 2149/2149/2149 2147/2147/2147 2196/2196/2196
f 2195/2195/2195 2194/2194/2194 2197/2197/2197
f 2198/2198/2198 2195/2195/2195 2197/2197/2197
f 2147/2147/2147 2199/2199/2199 2196/2196/2196
f 2147/2147/2147 2145/2145/2145 2199/2199/2199
f 2198/2198/2198 2197/2197/2197 2200/2200/2200
f 2059/2059/2059 2198/2198/2198 2200/2200/2200
f 2145/2145/2145 2201/2201/2201 2199/2199/2199
f 2145/2145/2145 2143/2143/2143 2201/2201/2201
f 2059/2059/2059 2200/2200/2200 2202/2202/2202
f 2061/2061/2061 2059/2059/2059 2202/2202/2202
f 2143/2143/2143 2203/2203/2203 2201/2201/2201
f 2143/2143/2143 2141/2141/2141 2203/2203/2203
f 2061/2061/2061 2202/2202/2202 2204/2204/2204
f 2063/2063/2063 2061/2061/2061 2204/2204/2204
f 2141/2141/2141 2205/2205/2205 2203/2203/2203
f 2141/2141/2141 2139/2139/2139 2205/2205/2205
f 2063/2063/2063 2204/2204/2204 2206/2206/2206
f 2065/2065/2065 2063/2063/2063 2206/2206/2206
f 2139/2139/2139 2207/2207/2207 2205/2205/2205
f 2139/2139/2139 2137/2137/2137 2207/2207/2207
f 2065/2065/2065 2206/2206/2206 2208/2208/2208
f 2067/2067/2067 2065/2065/2065 2208/2208/2208
f 2137/2137/2137 2209/2209/2209 2207/2207/2207
f 2137/2137/2137 2135/2135/2135 2209/2209/2209
f 2067/2067/2067 2208/2208/2208 2210/2210/2210
f 2069/2069/2069 2067/2067/2067 2210/2210/2210
f 2135/2135/2135 2211/2211/2211 2209/2209/2209
f 2135/2135/2135 2133/2133/2133 2211/2211/2211
f 2069/2069/2069 2210/2210/2210 2212/2212/2212
f 2071/2071/2071 2069/2069/2069 2212/2212/2212
f 2133/2133/2133 2213/2213/2213 2211/2211/2211
f 2133/2133/2133 2131/2131/2131 2213/2213/2213
f 2071/2071/2071 2212/2212/2212 2214/2214/2214
f 2073/2073/2073 2071/2071/2071 2214/2214/2214
f 2131/2131/2131 2215/2215/2215 2213/2213/2213
f 2131/2131/2131 2129/2129/2129 2215/2215/2215
f 2073/2073/2073 2214/2214/2214 2216/2216/2216
f 2075/2075/2075 2073/2073/2073 2216/2216/2216
f 2129/2129/2129 2217/2217/2217 2215/2215/2215
f 2129/2129/2129 2127/2127/2127 2217/2217/2217
f 2075/2075/2075 2216/2216/2216 2218/2218/2218
f 2077/2077/2077 2075/2075/2075 2218/2218/2218
f 2127/2127/2127 2219/2219/2219 2217/2217/2217
f 2127/2127/2127 2125/2125/2125 2219/2219/2219
f 2077/2077/2077 2218/2218/2218 2220/2220/2220
f 2079/2079/2079 2077/2077/2077 2220/2220/2220
f 2125/2125/2125 2221/2221/2221 2219/2219/2219
f 2125/2125/2125 2123/2123/2123 2221/2221/2221
f 2079/2079/2079 2220/2220/2220 2222/2222/2222
f 2081/2081/2081 2079/2079/2079 2222/2222/2222
f 2123/2123/2123 2223/2223/2223 2221/2221/2221
f 2123/2123/2123 2121/2121/2121 2223/2223/2223
f 2081/2081/2081 2222/2222/2222 2224/2224/2224
f 2083/2083/2083 2081/2081/2081 2224/2224/2224
f 2121/2121/2121 2225/2225/2225 2223/2223/2223
f 2121/2121/2121 2119/2119/2119 2225/2225/2225
f 2083/2083/2083 2224/2224/2224 2226/2226/2226
f 2085/2085/2085 2083/2083/2083 2226/2226/2226
f 2119/2119/2119 2227/2227/2227 2225/2225/2225
f 2119/2119/2119 2117/2117/2117 2227/2227/2227
f 2085/2085/2085 2226/2226/2226 2228/2228/2228
f 2087/2087/2087 2085/2085/2085 2228/2228/2228
f 2117/2117/2117 2229/2229/2229 2227/2227/2227
f 2117/2117/2117 2115/2115/2115 2229/2229/2229
f 2087/2087/2087 2228/2228/2228 2230/2230/2230
f 2089/2089/2089 2087/2087/2087 2230/2230/2230
f 2115/2115/2115 2231/2231/2231 2229/2229/2229
f 2115/2115/2115 2113/2113/2113 2231/2231/2231
f 2089/2089/2089 2230/2230/2230 2232/2232/2232
f 2091/2091/2091 2089/2089/2089 2232/2232/2232
f 2113/2113/2113 2233/2233/2233 2231/2231/2231
f 2113/2113/2113 2111/2111/2111 2233/2233/2233
f 2091/2091/2091 2232/2232/2232 2234/2234/2234
f 2093/2093/2093 2091/2091/2091 2234/2234/2234
f 2111/2111/2111 2235/2235/2235 2233/2233/2233
f 2111/2111/2111 2109/2109/2109 2235/2235/2235
f 2093/2093/2093 2234/2234/2234 2236/2236/2236
f 2095/2095/2095 2093/2093/2093 2236/2236/2236
f 2109/2109/2109 2237/2237/2237 2235/2235/2235
f 2109/2109/2109 2107/2107/2107 2237/2237/2237
f 2095/2095/2095 2236/2236/2236 2238/2238/2238
f 2097/2097/2097 2095/2095/2095 2238/2238/2238
f 2107/2107/2107 2239/2239/2239 2237/2237/2237
f 2107/2107/2107 2105/2105/2105 2239/2239/2239
f 2097/2097/2097 2238/2238/2238 2240/2240/2240
f 2099/2099/2099 2097/2097/2097 2240/2240/2240
f 2105/2105/2105 2241/2241/2241 2239/2239/2239
f 2105/2105/2105 2103/2103/2103 2241/2241/2241
f 2099/2099/2099 2240/2240/2240 2242/2242/2242
f 2101/2101/2101 2099/2099/2099 2242/2242/2242
f 2103/2103/2103 2101/2101/2101 2243/2243/2243
f 2103/2103/2103 2243/2243/2243 2241/2241/2241
f 2101/2101/2101 2242/2242/2242 2243/2243/2243
f 2238/2238/2238 2236/2236/2236 2244/2244/2244
f 2240/2240/2240 2238/2238/2238 2245/2245/2245
f 2238/2238/2238 2244/2244/2244 2245/2245/2245
f 2242/2242/2242 2240/2240/2240 2246/2246/2246
f 2240/2240/2240 2245/2245/2245 2246/2246/2246
f 2243/2243/2243 2242/2242/2242 2247/2247/2247
f 2242/2242/2242 2246/2246/2246 2247/2247/2247
f 2241/2241/2241 2243/2243/2243 2248/2248/2248
f 2243/2243/2243 2247/2247/2247 2248/2248/2248
f 2239/2239/2239 2241/2241/2241 2249/2249/2249
f 2241/2241/2241 2248/2248/2248 2249/2249/2249
f 2236/2236/2236 2250/2250/2250 2244/2244/2244
f 2236/2236/2236 2234/2234/2234 2250/2250/2250
f 2239/2239/2239 2249/2249/2249 2251/2251/2251
f 2237/2237/2237 2239/2239/2239 2251/2251/2251
f 2234/2234/2234 2252/2252/2252 2250/2250/2250
f 2234/2234/2234 2232/2232/2232 2252/2252/2252
f 2237/2237/2237 2251/2251/2251 2253/2253/2253
f 2235/2235/2235 2237/2237/2237 2253/2253/2253
f 2232/2232/2232 2254/2254/2254 2252/2252/2252
f 2232/2232/2232 2230/2230/2230 2254/2254/2254
f 2235/2235/2235 2253/2253/2253 2255/2255/2255
f 2233/2233/2233 2235/2235/2235 2255/2255/2255
f 2230/2230/2230 2256/2256/2256 2254/2254/2254
f 2230/2230/2230 2228/2228/2228 2256/2256/2256
f 2233/2233/2233 2255/2255/2255 2257/2257/2257
f 2231/2231/2231 2233/2233/2233 2257/2257/2257
f 2228/2228/2228 2258/2258/2258 2256/2256/2256
f 2228/2228/2228 2226/2226/2226 2258/2258/2258
f 2231/2231/2231 2257/2257/2257 2259/2259/2259
f 2229/2229/2229 2231/2231/2231 2259/2259/2259
f 2226/2226/2226 2260/2260/2260 2258/2258/2258
f 2226/2226/2226 2224/2224/2224 2260/2260/2260
f 2229/2229/2229 2259/2259/2259 2261/2261/2261
f 2227/2227/2227 2229/2229/2229 2261/2261/2261
f 2224/2224/2224 2262/2262/2262 2260/2260/2260
f 2224/2224/2224 2222/2222/2222 2262/2262/2262
f 2227/2227/2227 2261/2261/2261 2263/2263/2263
f 2225/2225/2225 2227/2227/2227 2263/2263/2263
f 2222/2222/2222 2264/2264/2264 2262/2262/2262
f 2222/2222/2222 2220/2220/2220 2264/2264/2264
f 2225/2225/2225 2263/2263/2263 2265/2265/2265
f 2223/2223/2223 2225/2225/2225 2265/2265/2265
f 2220/2220/2220 2266/2266/2266 2264/2264/2264
f 2220/2220/2220 2218/2218/2218 2266/2266/2266
f 2223/2223/2223 2265/2265/2265 2267/2267/2267
f 2221/2221/2221 2223/2223/2223 2267/2267/2267
f 2218/2218/2218 2268/2268/2268 2266/2266/2266
f 2218/2218/2218 2216/2216/2216 2268/2268/2268
f 2221/2221/2221 2267/2267/2267 2269/2269/2269
f 2219/2219/2219 2221/2221/2221 2269/2269/2269
f 2216/2216/2216 2270/2270/2270 2268/2268/2268
f 2216/2216/2216 2214/2214/2214 2270/2270/2270
f 2219/2219/2219 2269/2269/2269 2271/2271/2271
f 2217/2217/2217 2219/2219/2219 2271/2271/2271
f 2214/2214/2214 2272/2272/2272 2270/2270/2270
f 2214/2214/2214 2212/2212/2212 2272/2272/2272
f 2217/2217/2217 2271/2271/2271 2273/2273/2273
f 2215/2215/2215 2217/2217/2217 2273/2273/2273
f 2212/2212/2212 2274/2274/2274 2272/2272/2272
f 2212/2212/2212 2210/2210/2210 2274/2274/2274
f 2215/2215/2215 2273/2273/2273 2275/2275/2275
f 2213/2213/2213 2215/2215/2215 2275/2275/2275
f 2210/2210/2210 2276/2276/2276 2274/2274/2274
f 2210/2210/2210 2208/2208/2208 2276/2276/2276
f 2213/2213/2213 2275/2275/2275 2277/2277/2277
f 2211/2211/2211 2213/2213/2213 2277/2277/2277
f 2208/2208/2208 2278/2278/2278 2276/2276/2276
f 2208/2208/2208 2206/2206/2206 2278/2278/2278
f 2211/2211/2211 2277/2277/2277 2279/2279/2279
f 2209/2209/2209 2211/2211/2211 2279/2279/2279
f 2206/2206/2206 2280/2280/2280 2278/2278/2278
f 2206/2206/2206 2204/2204/2204 2280/2280/2280
f 2209/2209/2209 2279/2279/2279 2281/2281/2281
f 2207/2207/2207 2209/2209/2209 2281/2281/2281
f 2204/2204/2204 2282/2282/2282 2280/2280/2280
f 2204/2204/2204 2202/2202/2202 2282/2282/2282
f 2207/2207/2207 2281/2281/2281 2283/2283/2283
f 2205/2205/2205 2207/2207/2207 2283/2283/2283
f 2202/2202/2202 2284/2284/2284 2282/2282/2282
f 2202/2202/2202 2200/2200/2200 2284/2284/2284
f 2205/2205/2205 2283/2283/2283 2285/2285/2285
f 2203/2203/2203 2205/2205/2205 2285/2285/2285
f 2200/2200/2200 2286/2286/2286 2284/2284/2284
f 2200/2200/2200 2197/2197/2197 2286/2286/2286
f 2203/2203/2203 2285/2285/2285 2287/2287/2287
f 2201/2201/2201 2203/2203/2203 2287/2287/2287
f 2197/2197/2197 2288/2288/2288 2286/2286/2286
f 2197/2197/2197 2194/2194/2194 2288/2288/2288
f 2201/2201/2201 2287/2287/2287 2289/2289/2289
f 2199/2199/2199 2201/2201/2201 2289/2289/2289
f 2194/2194/2194 2290/2290/2290 2288/2288/2288
f 2194/2194/2194 2191/2191/2191 2290/2290/2290
f 2199/2199/2199 2289/2289/2289 2291/2291/2291
f 2196/2196/2196 2199/2199/2199 2291/2291/2291
f 2191/2191/2191 2292/2292/2292 2290/2290/2290
f 2191/2191/2191 2188/2188/2188 2292/2292/2292
f 2196/2196/2196 2291/2291/2291 2293/2293/2293
f 2193/2193/2193 2196/2196/2196 2293/2293/2293
f 2188/2188/2188 2294/2294/2294 2292/2292/2292
f 2188/2188/2188 2185/2185/2185 2294/2294/2294
f 2193/2193/2193 2293/2293/2293 2295/2295/2295
f 2190/2190/2190 2193/2193/2193 2295/2295/2295
f 2185/2185/2185 2296/2296/2296 2294/2294/2294
f 2185/2185/2185 2182/2182/2182 2296/2296/2296
f 2190/2190/2190 2295/2295/2295 2297/2297/2297
f 2187/2187/2187 2190/2190/2190 2297/2297/2297
f 2182/2182/2182 2298/2298/2298 2296/2296/2296
f 2182/2182/2182 2180/2180/2180 2298/2298/2298
f 2187/2187/2187 2297/2297/2297 2299/2299/2299
f 2184/2184/2184 2187/2187/2187 2299/2299/2299
f 2180/2180/2180 2300/2300/2300 2298/2298/2298
f 2180/2180/2180 2179/2179/2179 2300/2300/2300
f 2184/2184/2184 2299/2299/2299 2301/2301/2301
f 2181/2181/2181 2184/2184/2184 2301/2301/2301
f 2179/2179/2179 2302/2302/2302 2300/2300/2300
f 2179/2179/2179 2178/2178/2178 2302/2302/2302
f 2181/2181/2181 2301/2301/2301 2303/2303/2303
f 2174/2174/2174 2181/2181/2181 2303/2303/2303
f 2178/2178/2178 2304/2304/2304 2302/2302/2302
f 2178/2178/2178 2177/2177/2177 2304/2304/2304
f 2174/2174/2174 2303/2303/2303 2305/2305/2305
f 2175/2175/2175 2174/2174/2174 2305/2305/2305
f 2177/2177/2177 2306/2306/2306 2304/2304/2304
f 2177/2177/2177 2176/2176/2176 2306/2306/2306
f 2176/2176/2176 2175/2175/2175 2307/2307/2307
f 2175/2175/2175 2305/2305/2305 2307/2307/2307
f 2176/2176/2176 2307/2307/2307 2306/2306/2306
f 2300/2300/2300 2302/2302/2302 2308/2308/2308
f 2302/2302/2302 2304/2304/2304 2309/2309/2309
f 2302/2302/2302 2309/2309/2309 2308/2308/2308
f 2304/2304/2304 2306/2306/2306 2310/2310/2310
f 2304/2304/2304 2310/2310/2310 2309/2309/2309
f 2306/2306/2306 2307/2307/2307 2311/2311/2311
f 2306/2306/2306 2311/2311/2311 2310/2310/2310
f 2307/2307/2307 2305/2305/2305 2312/2312/2312
f 2307/2307/2307 2312/2312/2312 2311/2311/2311
f 2305/2305/2305 2303/2303/2303 2313/2313/2313
f 2305/2305/2305 2313/2313/2313 2312/2312/2312
f 2300/2300/2300 2308/2308/2308 2314/2314/2314
f 2298/2298/2298 2300/2300/2300 2314/2314/2314
f 2303/2303/2303 2315/2315/2315 2313/2313/2313
f 2303/2303/2303 2301/2301/2301 2315/2315/2315
f 2298/2298/2298 2314/2314/2314 2316/2316/2316
f 2296/2296/2296 2298/2298/2298 2316/2316/2316
f 2301/2301/2301 2317/2317/2317 2315/2315/2315
f 2301/2301/2301 2299/2299/2299 2317/2317/2317
f 2296/2296/2296 2316/2316/2316 2318/2318/2318
f 2294/2294/2294 2296/2296/2296 2318/2318/2318
f 2299/2299/2299 2319/2319/2319 2317/2317/2317
f 2299/2299/2299 2297/2297/2297 2319/2319/2319
f 2294/2294/2294 2318/2318/2318 2320/2320/2320
f 2292/2292/2292 2294/2294/2294 2320/2320/2320
f 2297/2297/2297 2321/2321/2321 2319/2319/2319
f 2297/2297/2297 2295/2295/2295 2321/2321/2321
f 2292/2292/2292 2320/2320/2320 2322/2322/2322
f 2290/2290/2290 2292/2292/2292 2322/2322/2322
f 2295/2295/2295 2323/2323/2323 2321/2321/2321
f 2295/2295/2295 2293/2293/2293 2323/2323/2323
f 2290/2290/2290 2322/2322/2322 2324/2324/2324
f 2288/2288/2288 2290/2290/2290 2324/2324/2324
f 2293/2293/2293 2325/2325/2325 2323/2323/2323
f 2293/2293/2293 2291/2291/2291 2325/2325/2325
f 2288/2288/2288 2324/2324/2324 2326/2326/2326
f 2286/2286/2286 2288/2288/2288 2326/2326/2326
f 2291/2291/2291 2327/2327/2327 2325/2325/2325
f 2291/2291/2291 2289/2289/2289 2327/2327/2327
f 2286/2286/2286 2326/2326/2326 2328/2328/2328
f 2284/2284/2284 2286/2286/2286 2328/2328/2328
f 2289/2289/2289 2329/2329/2329 2327/2327/2327
f 2289/2289/2289 2287/2287/2287 2329/2329/2329
f 2284/2284/2284 2328/2328/2328 2330/2330/2330
f 2282/2282/2282 2284/2284/2284 2330/2330/2330
f 2287/2287/2287 2331/2331/2331 2329/2329/2329
f 2287/2287/2287 2285/2285/2285 2331/2331/2331
f 2282/2282/2282 2330/2330/2330 2332/2332/2332
f 2280/2280/2280 2282/2282/2282 2332/2332/2332
f 2285/2285/2285 2333/2333/2333 2331/2331/2331
f 2285/2285/2285 2283/2283/2283 2333/2333/2333
f 2280/2280/2280 2332/2332/2332 2334/2334/2334
f 2278/2278/2278 2280/2280/2280 2334/2334/2334
f 2283/2283/2283 2335/2335/2335 2333/2333/2333
f 2283/2283/2283 2281/2281/2281 2335/2335/2335
f 2278/2278/2278 2334/2334/2334 2336/2336/2336
f 2276/2276/2276 2278/2278/2278 2336/2336/2336
f 2281/2281/2281 2337/2337/2337 2335/2335/2335
f 2281/2281/2281 2279/2279/2279 2337/2337/2337
f 2276/2276/2276 2336/2336/2336 2338/2338/2338
f 2274/2274/2274 2276/2276/2276 2338/2338/2338
f 2279/2279/2279 2339/2339/2339 2337/2337/2337
f 2279/2279/2279 2277/2277/2277 2339/2339/2339
f 2274/2274/2274 2338/2338/2338 2340/2340/2340
f 2272/2272/2272 2274/2274/2274 2340/2340/2340
f 2277/2277/2277 2341/2341/2341 2339/2339/2339
f 2277/2277/2277 2275/2275/2275 2341/2341/2341
f 2272/2272/2272 2340/2340/2340 2342/2342/2342
f 2270/2270/2270 2272/2272/2272 2342/2342/2342
f 2275/2275/2275 2343/2343/2343 2341/2341/2341
f 2275/2275/2275 2273/2273/2273 2343/2343/2343
f 2270/2270/2270 2342/2342/2342 2344/2344/2344
f 2268/2268/2268 2270/2270/2270 2344/2344/2344
f 2273/2273/2273 2345/2345/2345 2343/2343/2343
f 2273/2273/2273 2271/2271/2271 2345/2345/2345
f 2268/2268/2268 2344/2344/2344 2346/2346/2346
f 2266/2266/2266 2268/2268/2268 2346/2346/2346
f 2271/2271/2271 2347/2347/2347 2345/2345/2345
f 2271/2271/2271 2269/2269/2269 2347/2347/2347
f 2266/2266/2266 2346/2346/2346 2348/2348/2348
f 2264/2264/2264 2266/2266/2266 2348/2348/2348
f 2269/2269/2269 2349/2349/2349 2347/2347/2347
f 2269/2269/2269 2267/2267/2267 2349/2349/2349
f 2264/2264/2264 2348/2348/2348 2350/2350/2350
f 2262/2262/2262 2264/2264/2264 2350/2350/2350
f 2267/2267/2267 2351/2351/2351 2349/2349/2349
f 2267/2267/2267 2265/2265/2265 2351/2351/2351
f 2262/2262/2262 2350/2350/2350 2352/2352/2352
f 2260/2260/2260 2262/2262/2262 2352/2352/2352
f 2265/2265/2265 2353/2353/2353 2351/2351/2351
f 2265/2265/2265 2263/2263/2263 2353/2353/2353
f 2260/2260/2260 2352/2352/2352 2354/2354/2354
f 2258/2258/2258 2260/2260/2260 2354/2354/2354
f 2263/2263/2263 2355/2355/2355 2353/2353/2353
f 2263/2263/2263 2261/2261/2261 2355/2355/2355
f 2258/2258/2258 2354/2354/2354 2356/2356/2356
f 2256/2256/2256 2258/2258/2258 2356/2356/2356
f 2261/2261/2261 2357/2357/2357 2355/2355/2355
f 2261/2261/2261 2259/2259/2259 2357/2357/2357
f 2256/2256/2256 2356/2356/2356 2358/2358/2358
f 2254/2254/2254 2256/2256/2256 2358/2358/2358
f 2259/2259/2259 2359/2359/2359 2357/2357/2357
f 2259/2259/2259 2257/2257/2257 2359/2359/2359
f 2254/2254/2254 2358/2358/2358 2360/2360/2360
f 2252/2252/2252 2254/2254/2254 2360/2360/2360
f 2257/2257/2257 2361/2361/2361 2359/2359/2359
f 2257/2257/2257 2255/2255/2255 2361/2361/2361
f 2252/2252/2252 2360/2360/2360 2362/2362/2362
f 2250/2250/2250 2252/2252/2252 2362/2362/2362
f 2255/2255/2255 2363/2363/2363 2361/2361/2361
f 2255/2255/2255 2253/2253/2253 2363/2363/2363
f 2250/2250/2250 2362/2362/2362 2364/2364/2364
f 2244/2244/2244 2250/2250/2250 2364/2364/2364
f 2253/2253/2253 2365/2365/2365 2363/2363/2363
f 2253/2253/2253 2251/2251/2251 2365/2365/2365
f 2244/2244/2244 2364/2364/2364 2366/2366/2366
f 2245/2245/2245 2244/2244/2244 2366/2366/2366
f 2251/2251/2251 2367/2367/2367 2365/2365/2365
f 2251/2251/2251 2249/2249/2249 2367/2367/2367
f 2245/2245/2245 2366/2366/2366 2368/2368/2368
f 2246/2246/2246 2245/2245/2245 2368/2368/2368
f 2249/2249/2249 2369/2369/2369 2367/2367/2367
f 2249/2249/2249 2248/2248/2248 2369/2369/2369
f 2246/2246/2246 2368/2368/2368 2370/2370/2370
f 2247/2247/2247 2246/2246/2246 2370/2370/2370
f 2248/2248/2248 2247/2247/2247 2371/2371/2371
f 2248/2248/2248 2371/2371/2371 2369/2369/2369
f 2247/2247/2247 2370/2370/2370 2371/2371/2371
f 2366/2366/2366 2364/2364/2364 2372/2372/2372
f 2368/2368/2368 2366/2366/2366 2373/2373/2373
f 2366/2366/2366 2372/2372/2372 2373/2373/2373
f 2370/2370/2370 2368/2368/2368 2374/2374/2374
f 2368/2368/2368 2373/2373/2373 2374/2374/2374
f 2371/2371/2371 2370/2370/2370 2375/2375/2375
f 2370/2370/2370 2374/2374/2374 2375/2375/2375
f 2369/2369/2369 2371/2371/2371 2376/2376/2376
f 2371/2371/2371 2375/2375/2375 2376/2376/2376
f 2367/2367/2367 2369/2369/2369 2377/2377/2377
f 2369/2369/2369 2376/2376/2376 2377/2377/2377
f 2364/2364/2364 2378/2378/2378 2372/2372/2372
f 2364/2364/2364 2362/2362/2362 2378/2378/2378
f 2367/2367/2367 2377/2377/2377 2379/2379/2379
f 2365/2365/2365 2367/2367/2367 2379/2379/2379
f 2362/2362/2362 2380/2380/2380 2378/2378/2378
f 2362/2362/2362 2360/2360/2360 2380/2380/2380
f 2365/2365/2365 2379/2379/2379 2381/2381/2381
f 2363/2363/2363 2365/2365/2365 2381/2381/2381
f 2360/2360/2360 2382/2382/2382 2380/2380/2380
f 2360/2360/2360 2358/2358/2358 2382/2382/2382
f 2363/2363/2363 2381/2381/2381 2383/2383/2383
f 2361/2361/2361 2363/2363/2363 2383/2383/2383
f 2358/2358/2358 2384/2384/2384 2382/2382/2382
f 2358/2358/2358 2356/2356/2356 2384/2384/2384
f 2361/2361/2361 2383/2383/2383 2385/2385/2385
f 2359/2359/2359 2361/2361/2361 2385/2385/2385
f 2356/2356/2356 2386/2386/2386 2384/2384/2384
f 2356/2356/2356 2354/2354/2354 2386/2386/2386
f 2359/2359/2359 2385/2385/2385 2387/2387/2387
f 2357/2357/2357 2359/2359/2359 2387/2387/2387
f 2354/2354/2354 2388/2388/2388 2386/2386/2386
f 2354/2354/2354 2352/2352/2352 2388/2388/2388
f 2357/2357/2357 2387/2387/2387 2389/2389/2389
f 2355/2355/2355 2357/2357/2357 2389/2389/2389
f 2352/2352/2352 2390/2390/2390 2388/2388/2388
f 2352/2352/2352 2350/2350/2350 2390/2390/2390
f 2355/2355/2355 2389/2389/2389 2391/2391/2391
f 2353/2353/2353 2355/2355/2355 2391/2391/2391
f 2350/2350/2350 2392/2392/2392 2390/2390/2390
f 2350/2350/2350 2348/2348/2348 2392/2392/2392
f 2353/2353/2353 2391/2391/2391 2393/2393/2393
f 2351/2351/2351 2353/2353/2353 2393/2393/2393
f 2348/2348/2348 2394/2394/2394 2392/2392/2392
f 2348/2348/2348 2346/2346/2346 2394/2394/2394
f 2351/2351/2351 2393/2393/2393 2395/2395/2395
f 2349/2349/2349 2351/2351/2351 2395/2395/2395
f 2346/2346/2346 2396/2396/2396 2394/2394/2394
f 2346/2346/2346 2344/2344/2344 2396/2396/2396
f 2349/2349/2349 2395/2395/2395 2397/2397/2397
f 2347/2347/2347 2349/2349/2349 2397/2397/2397
f 2344/2344/2344 2398/2398/2398 2396/2396/2396
f 2344/2344/2344 2342/2342/2342 2398/2398/2398
f 2347/2347/2347 2397/2397/2397 2399/2399/2399
f 2345/2345/2345 2347/2347/2347 2399/2399/2399
f 2342/2342/2342 2400/2400/2400 2398/2398/2398
f 2342/2342/2342 2340/2340/2340 2400/2400/2400
f 2345/2345/2345 2399/2399/2399 2401/2401/2401
f 2343/2343/2343 2345/2345/2345 2401/2401/2401
f 2340/2340/2340 2402/2402/2402 2400/2400/2400
f 2340/2340/2340 2338/2338/2338 2402/2402/2402
f 2343/2343/2343 2401/2401/2401 2403/2403/2403
f 2341/2341/2341 2343/2343/2343 2403/2403/2403
f 2338/2338/2338 2404/2404/2404 2402/2402/2402
f 2338/2338/2338 2336/2336/2336 2404/2404/2404
f 2341/2341/2341 2403/2403/2403 2405/2405/2405
f 2339/2339/2339 2341/2341/2341 2405/2405/2405
f 2336/2336/2336 2406/2406/2406 2404/2404/2404
f 2336/2336/2336 2334/2334/2334 2406/2406/2406
f 2339/2339/2339 2405/2405/2405 2407/2407/2407
f 2337/2337/2337 2339/2339/2339 2407/2407/2407
f 2334/2334/2334 2408/2408/2408 2406/2406/2406
f 2334/2334/2334 2332/2332/2332 2408/2408/2408
f 2337/2337/2337 2407/2407/2407 2409/2409/2409
f 2335/2335/2335 2337/2337/2337 2409/2409/2409
f 2332/2332/2332 2410/2410/2410 2408/2408/2408
f 2332/2332/2332 2330/2330/2330 2410/2410/2410
f 2335/2335/2335 2409/2409/2409 2411/2411/2411
f 2333/2333/2333 2335/2335/2335 2411/2411/2411
f 2330/2330/2330 2412/2412/2412 2410/2410/2410
f 2330/2330/2330 2328/2328/2328 2412/2412/2412
f 2333/2333/2333 2411/2411/2411 2413/2413/2413
f 2331/2331/2331 2333/2333/2333 2413/2413/2413
f 2328/2328/2328 2414/2414/2414 2412/2412/2412
f 2328/2328/2328 2326/2326/2326 2414/2414/2414
f 2331/2331/2331 2413/2413/2413 2415/2415/2415
f 2329/2329/2329 2331/2331/2331 2415/2415/2415
f 2326/2326/2326 2416/2416/2416 2414/2414/2414
f 2326/2326/2326 2324/2324/2324 2416/2416/2416
f 2329/2329/2329 2415/2415/2415 2417/2417/2417
f 2327/2327/2327 2329/2329/2329 2417/2417/2417
f 2324/2324/2324 2418/2418/2418 2416/2416/2416
f 2324/2324/2324 2322/2322/2322 2418/2418/2418
f 2327/2327/2327 2417/2417/2417 2419/2419/2419
f 2325/2325/2325 2327/2327/2327 2419/2419/2419
f 2322/2322/2322 2420/2420/2420 2418/2418/2418
f 2322/2322/2322 2320/2320/2320 2420/2420/2420
f 2325/2325/2325 2419/2419/2419 2421/2421/2421
f 2323/2323/2323 2325/2325/2325 2421/2421/2421
f 2320/2320/2320 2422/2422/2422 2420/2420/2420
f 2320/2320/2320 2318/2318/2318 2422/2422/2422
f 2323/2323/2323 2421/2421/2421 2423/2423/2423
f 2321/2321/2321 2323/2323/2323 2423/2423/2423
f 2318/2318/2318 2424/2424/2424 2422/2422/2422
f 2318/2318/2318 2316/2316/2316 2424/2424/2424
f 2321/2321/2321 2423/2423/2423 2425/2425/2425
f 2319/2319/2319 2321/2321/2321 2425/2425/2425
f 2316/2316/2316 2426/2426/2426 2424/2424/2424
f 2316/2316/2316 2314/2314/2314 2426/2426/2426
f 2319/2319/2319 2425/2425/2425 2427/2427/2427
f 2317/2317/2317 2319/2319/2319 2427/2427/2427
f 2314/2314/2314 2428/2428/2428 2426/2426/2426
f 2314/2314/2314 2308/2308/2308 2428/2428/2428
f 2317/2317/2317 2427/2427/2427 2429/2429/2429
f 2315/2315/2315 2317/2317/2317 2429/2429/2429
f 2308/2308/2308 2430/2430/2430 2428/2428/2428
f 2308/2308/2308 2309/2309/2309 2430/2430/2430
f 2315/2315/2315 2429/2429/2429 2431/2431/2431
f 2313/2313/2313 2315/2315/2315 2431/2431/2431
f 2309/2309/2309 2432/2432/2432 2430/2430/2430
f 2309/2309/2309 2310/2310/2310 2432/2432/2432
f 2313/2313/2313 2431/2431/2431 2433/2433/2433
f 2312/2312/2312 2313/2313/2313 2433/2433/2433
f 2310/2310/2310 2434/2434/2434 2432/2432/2432
f 2310/2310/2310 2311/2311/2311 2434/2434/2434
f 2311/2311/2311 2312/2312/2312 2435/2435/2435
f 2312/2312/2312 2433/2433/2433 2435/2435/2435
f 2311/2311/2311 2435/2435/2435 2434/2434/2434
f 2428/2428/2428 2430/2430/2430 2436/2436/2436
f 2430/2430/2430 2432/2432/2432 2437/2437/2437
f 2430/2430/2430 2437/2437/2437 2436/2436/2436
f 2432/2432/2432 2434/2434/2434 2438/2438/2438
f 2432/2432/2432 2438/2438/2438 2437/2437/2437
f 2434/2434/2434 2435/2435/2435 2439/2439/2439
f 2434/2434/2434 2439/2439/2439 2438/2438/2438
f 2435/2435/2435 2433/2433/2433 2440/2440/2440
f 2435/2435/2435 2440/2440/2440 2439/2439/2439
f 2433/2433/2433 2431/2431/2431 2441/2441/2441
f 2433/2433/2433 2441/2441/2441 2440/2440/2440
f 2428/2428/2428 2436/2436/2436 2442/2442/2442
f 2426/2426/2426 2428/2428/2428 2442/2442/2442
f 2431/2431/2431 2443/2443/2443 2441/2441/2441
f 2431/2431/2431 2429/2429/2429 2443/2443/2443
f 2426/2426/2426 2442/2442/2442 2444/2444/2444
f 2424/2424/2424 2426/2426/2426 2444/2444/2444
f 2429/2429/2429 2445/2445/2445 2443/2443/2443
f 2429/2429/2429 2427/2427/2427 2445/2445/2445
f 2424/2424/2424 2444/2444/2444 2446/2446/2446
f 2422/2422/2422 2424/2424/2424 2446/2446/2446
f 2427/2427/2427 2447/2447/2447 2445/2445/2445
f 2427/2427/2427 2425/2425/2425 2447/2447/2447
f 2422/2422/2422 2446/2446/2446 2448/2448/2448
f 2420/2420/2420 2422/2422/2422 2448/2448/2448
f 2425/2425/2425 2449/2449/2449 2447/2447/2447
f 2425/2425/2425 2423/2423/2423 2449/2449/2449
f 2420/2420/2420 2448/2448/2448 2450/2450/2450
f 2418/2418/2418 2420/2420/2420 2450/2450/2450
f 2423/2423/2423 2451/2451/2451 2449/2449/2449
f 2423/2423/2423 2421/2421/2421 2451/2451/2451
f 2418/2418/2418 2450/2450/2450 2452/2452/2452
f 2416/2416/2416 2418/2418/2418 2452/2452/2452
f 2421/2421/2421 2453/2453/2453 2451/2451/2451
f 2421/2421/2421 2419/2419/2419 2453/2453/2453
f 2416/2416/2416 2452/2452/2452 2454/2454/2454
f 2414/2414/2414 2416/2416/2416 2454/2454/2454
f 2419/2419/2419 2455/2455/2455 2453/2453/2453
f 2419/2419/2419 2417/2417/2417 2455/2455/2455
f 2414/2414/2414 2454/2454/2454 2456/2456/2456
f 2412/2412/2412 2414/2414/2414 2456/2456/2456
f 2417/2417/2417 2457/2457/2457 2455/2455/2455
f 2417/2417/2417 2415/2415/2415 2457/2457/2457
f 2412/2412/2412 2456/2456/2456 2458/2458/2458
f 2410/2410/2410 2412/2412/2412 2458/2458/2458
f 2415/2415/2415 2459/2459/2459 2457/2457/2457
f 2415/2415/2415 2413/2413/2413 2459/2459/2459
f 2410/2410/2410 2458/2458/2458 2460/2460/2460
f 2408/2408/2408 2410/2410/2410 2460/2460/2460
f 2413/2413/2413 2461/2461/2461 2459/2459/2459
f 2413/2413/2413 2411/2411/2411 2461/2461/2461
f 2408/2408/2408 2460/2460/2460 2462/2462/2462
f 2406/2406/2406 2408/2408/2408 2462/2462/2462
f 2411/2411/2411 2463/2463/2463 2461/2461/2461
f 2411/2411/2411 2409/2409/2409 2463/2463/2463
f 2406/2406/2406 2462/2462/2462 2464/2464/2464
f 2404/2404/2404 2406/2406/2406 2464/2464/2464
f 2409/2409/2409 2465/2465/2465 2463/2463/2463
f 2409/2409/2409 2407/2407/2407 2465/2465/2465
f 2404/2404/2404 2464/2464/2464 2466/2466/2466
f 2402/2402/2402 2404/2404/2404 2466/2466/2466
f 2407/2407/2407 2467/2467/2467 2465/2465/2465
f 2407/2407/2407 2405/2405/2405 2467/2467/2467
f 2402/2402/2402 2466/2466/2466 2468/2468/2468
f 2400/2400/2400 2402/2402/2402 2468/2468/2468
f 2405/2405/2405 2469/2469/2469 2467/2467/2467
f 2405/2405/2405 2403/2403/2403 2469/2469/2469
f 2400/2400/2400 2468/2468/2468 2470/2470/2470
f 2398/2398/2398 2400/2400/2400 2470/2470/2470
f 2403/2403/2403 2471/2471/2471 2469/2469/2469
f 2403/2403/2403 2401/2401/2401 2471/2471/2471
f 2398/2398/2398 2470/2470/2470 2472/2472/2472
f 2396/2396/2396 2398/2398/2398 2472/2472/2472
f 2401/2401/2401 2473/2473/2473 2471/2471/2471
f 2401/2401/2401 2399/2399/2399 2473/2473/2473
f 2396/2396/2396 2472/2472/2472 2474/2474/2474
f 2394/2394/2394 2396/2396/2396 2474/2474/2474
f 2399/2399/2399 2475/2475/2475 2473/2473/2473
f 2399/2399/2399 2397/2397/2397 2475/2475/2475
f 2394/2394/2394 2474/2474/2474 2476/2476/2476
f 2392/2392/2392 2394/2394/2394 2476/2476/2476
f 2397/2397/2397 2477/2477/2477 2475/2475/2475
f 2397/2397/2397 2395/2395/2395 2477/2477/2477
f 2392/2392/2392 2476/2476/2476 2478/2478/2478
f 2390/2390/2390 2392/2392/2392 2478/2478/2478
f 2395/2395/2395 2479/2479/2479 2477/2477/2477
f 2395/2395/2395 2393/2393/2393 2479/2479/2479
f 2390/2390/2390 2478/2478/2478 2480/2480/2480
f 2388/2388/2388 2390/2390/2390 2480/2480/2480
f 2393/2393/2393 2481/2481/2481 2479/2479/2479
f 2393/2393/2393 2391/2391/2391 2481/2481/2481
f 2388/2388/2388 2480/2480/2480 2482/2482/2482
f 2386/2386/2386 2388/2388/2388 2482/2482/2482
f 2391/2391/2391 2483/2483/2483 2481/2481/2481
f 2391/2391/2391 2389/2389/2389 2483/2483/2483
f 2386/2386/2386 2482/2482/2482 2484/2484/2484
f 2384/2384/2384 2386/2386/2386 2484/2484/2484
f 2389/2389/2389 2485/2485/2485 2483/2483/2483
f 2389/2389/2389 2387/2387/2387 2485/2485/2485
f 2384/2384/2384 2484/2484/2484 2486/2486/2486
f 2382/2382/2382 2384/2384/2384 2486/2486/2486
f 2387/2387/2387 2487/2487/2487 2485/2485/2485
f 2387/2387/2387 2385/2385/2385 2487/2487/2487
f 2382/2382/2382 2486/2486/2486 2488/2488/2488
f 2380/2380/2380 2382/2382/2382 2488/2488/2488
f 2385/2385/2385 2489/2489/2489 2487/2487/2487
f 2385/2385/2385 2383/2383/2383 2489/2489/2489
f 2380/2380/2380 2488/2488/2488 2490/2490/2490
f 2378/2378/2378 2380/2380/2380 2490/2490/2490
f 2383/2383/2383 2491/2491/2491 2489/2489/2489
f 2383/2383/2383 2381/2381/2381 2491/2491/2491
f 2378/2378/2378 2490/2490/2490 2492/2492/2492
f 2372/2372/2372 2378/2378/2378 2492/2492/2492
f 2381/2381/2381 2493/2493/2493 2491/2491/2491
f 2381/2381/2381 2379/2379/2379 2493/2493/2493
f 2372/2372/2372 2492/2492/2492 2494/2494/2494
f 2373/2373/2373 2372/2372/2372 2494/2494/2494
f 2379/2379/2379 2495/2495/2495 2493/2493/2493
f 2379/2379/2379 2377/2377/2377 2495/2495/2495
f 2373/2373/2373 2494/2494/2494 2496/2496/2496
f 2374/2374/2374 2373/2373/2373 2496/2496/2496
f 2377/2377/2377 2497/2497/2497 2495/2495/2495
f 2377/2377/2377 2376/2376/2376 2497/2497/2497
f 2374/2374/2374 2496/2496/2496 2498/2498/2498
f 2375/2375/2375 2374/2374/2374 2498/2498/2498
f 2376/2376/2376 2375/2375/2375 2499/2499/2499
f 2376/2376/2376 2499/2499/2499 2497/2497/2497
f 2375/2375/2375 2498/2498/2498 2499/2499/2499
f 2494/2494/2494 2492/2492/2492 2500/2500/2500
f 2494/2494/2494 2500/2500/2500 2501/2501/2501
f 2496/2496/2496 2494/2494/2494 2501/2501/2501
f 2492/2492/2492 2502/2502/2502 2500/2500/2500
f 2496/2496/2496 2501/2501/2501 2503/2503/2503
f 2498/2498/2498 2496/2496/2496 2503/2503/2503
f 2492/2492/2492 2490/2490/2490 2502/2502/2502
f 2498/2498/2498 2503/2503/2503 2504/2504/2504
f 2499/2499/2499 2498/2498/2498 2504/2504/2504
f 2490/2490/2490 2505/2505/2505 2502/2502/2502
f 2499/2499/2499 2504/2504/2504 2506/2506/2506
f 2497/2497/2497 2499/2499/2499 2506/2506/2506
f 2490/2490/2490 2488/2488/2488 2505/2505/2505
f 2497/2497/2497 2506/2506/2506 2507/2507/2507
f 2488/2488/2488 2508/2508/2508 2505/2505/2505
f 2495/2495/2495 2497/2497/2497 2507/2507/2507
f 2488/2488/2488 2486/2486/2486 2508/2508/2508
f 2495/2495/2495 2507/2507/2507 2509/2509/2509
f 2486/2486/2486 2510/2510/2510 2508/2508/2508
f 2493/2493/2493 2495/2495/2495 2509/2509/2509
f 2486/2486/2486 2484/2484/2484 2510/2510/2510
f 2493/2493/2493 2509/2509/2509 2511/2511/2511
f 2484/2484/2484 2512/2512/2512 2510/2510/2510
f 2491/2491/2491 2493/2493/2493 2511/2511/2511
f 2484/2484/2484 2482/2482/2482 2512/2512/2512
f 2491/2491/2491 2511/2511/2511 2513/2513/2513
f 2482/2482/2482 2514/2514/2514 2512/2512/2512
f 2489/2489/2489 2491/2491/2491 2513/2513/2513
f 2482/2482/2482 2480/2480/2480 2514/2514/2514
f 2489/2489/2489 2513/2513/2513 2515/2515/2515
f 2480/2480/2480 2516/2516/2516 2514/2514/2514
f 2487/2487/2487 2489/2489/2489 2515/2515/2515
f 2480/2480/2480 2478/2478/2478 2516/2516/2516
f 2487/2487/2487 2515/2515/2515 2517/2517/2517
f 2478/2478/2478 2518/2518/2518 2516/2516/2516
f 2485/2485/2485 2487/2487/2487 2517/2517/2517
f 2478/2478/2478 2476/2476/2476 2518/2518/2518
f 2485/2485/2485 2517/2517/2517 2519/2519/2519
f 2476/2476/2476 2520/2520/2520 2518/2518/2518
f 2483/2483/2483 2485/2485/2485 2519/2519/2519
f 2476/2476/2476 2474/2474/2474 2520/2520/2520
f 2483/2483/2483 2519/2519/2519 2521/2521/2521
f 2474/2474/2474 2522/2522/2522 2520/2520/2520
f 2481/2481/2481 2483/2483/2483 2521/2521/2521
f 2474/2474/2474 2472/2472/2472 2522/2522/2522
f 2481/2481/2481 2521/2521/2521 2523/2523/2523
f 2472/2472/2472 2524/2524/2524 2522/2522/2522
f 2479/2479/2479 2481/2481/2481 2523/2523/2523
f 2472/2472/2472 2470/2470/2470 2524/2524/2524
f 2479/2479/2479 2523/2523/2523 2525/2525/2525
f 2470/2470/2470 2526/2526/2526 2524/2524/2524
f 2477/2477/2477 2479/2479/2479 2525/2525/2525
f 2470/2470/2470 2468/2468/2468 2526/2526/2526
f 2477/2477/2477 2525/2525/2525 2527/2527/2527
f 2468/2468/2468 2528/2528/2528 2526/2526/2526
f 2475/2475/2475 2477/2477/2477 2527/2527/2527
f 2468/2468/2468 2466/2466/2466 2528/2528/2528
f 2475/2475/2475 2527/2527/2527 2529/2529/2529
f 2466/2466/2466 2530/2530/2530 2528/2528/2528
f 2473/2473/2473 2475/2475/2475 2529/2529/2529
f 2466/2466/2466 2464/2464/2464 2530/2530/2530
f 2473/2473/2473 2529/2529/2529 2531/2531/2531
f 2464/2464/2464 2532/2532/2532 2530/2530/2530
f 2471/2471/2471 2473/2473/2473 2531/2531/2531
f 2464/2464/2464 2462/2462/2462 2532/2532/2532
f 2471/2471/2471 2531/2531/2531 2533/2533/2533
f 2462/2462/2462 2534/2534/2534 2532/2532/2532
f 2469/2469/2469 2471/2471/2471 2533/2533/2533
f 2462/2462/2462 2460/2460/2460 2534/2534/2534
f 2469/2469/2469 2533/2533/2533 2535/2535/2535
f 2460/2460/2460 2536/2536/2536 2534/2534/2534
f 2467/2467/2467 2469/2469/2469 2535/2535/2535
f 2460/2460/2460 2458/2458/2458 2536/2536/2536
f 2467/2467/2467 2535/2535/2535 2537/2537/2537
f 2458/2458/2458 2538/2538/2538 2536/2536/2536
f 2465/2465/2465 2467/2467/2467 2537/2537/2537
f 2458/2458/2458 2456/2456/2456 2538/2538/2538
f 2465/2465/2465 2537/2537/2537 2539/2539/2539
f 2456/2456/2456 2540/2540/2540 2538/2538/2538
f 2463/2463/2463 2465/2465/2465 2539/2539/2539
f 2456/2456/2456 2454/2454/2454 2540/2540/2540
f 2463/2463/2463 2539/2539/2539 2541/2541/2541
f 2454/2454/2454 2542/2542/2542 2540/2540/2540
f 2461/2461/2461 2463/2463/2463 2541/2541/2541
f 2454/2454/2454 2452/2452/2452 2542/2542/2542
f 2461/2461/2461 2541/2541/2541 2543/2543/2543
f 2452/2452/2452 2544/2544/2544 2542/2542/2542
f 2459/2459/2459 2461/2461/2461 2543/2543/2543
f 2452/2452/2452 2450/2450/2450 2544/2544/2544
f 2459/2459/2459 2543/2543/2543 2545/2545/2545
f 2450/2450/2450 2546/2546/2546 2544/2544/2544
f 2457/2457/2457 2459/2459/2459 2545/2545/2545
f 2450/2450/2450 2448/2448/2448 2546/2546/2546
f 2457/2457/2457 2545/2545/2545 2547/2547/2547
f 2448/2448/2448 2548/2548/2548 2546/2546/2546
f 2455/2455/2455 2457/2457/2457 2547/2547/2547
f 2448/2448/2448 2446/2446/2446 2548/2548/2548
f 2455/2455/2455 2547/2547/2547 2549/2549/2549
f 2446/2446/2446 2550/2550/2550 2548/2548/2548
f 2453/2453/2453 2455/2455/2455 2549/2549/2549
f 2446/2446/2446 2444/2444/2444 2550/2550/2550
f 2453/2453/2453 2549/2549/2549 2551/2551/2551
f 2444/2444/2444 2552/2552/2552 2550/2550/2550
f 2451/2451/2451 2453/2453/2453 2551/2551/2551
f 2444/2444/2444 2442/2442/2442 2552/2552/2552
f 2451/2451/2451 2551/2551/2551 2553/2553/2553
f 2442/2442/2442 2554/2554/2554 2552/2552/2552
f 2449/2449/2449 2451/2451/2451 2553/2553/2553
f 2442/2442/2442 2436/2436/2436 2554/2554/2554
f 2449/2449/2449 2553/2553/2553 2555/2555/2555
f 2436/2436/2436 2556/2556/2556 2554/2554/2554
f 2447/2447/2447 2449/2449/2449 2555/2555/2555
f 2436/2436/2436 2437/2437/2437 2556/2556/2556
f 2447/2447/2447 2555/2555/2555 2557/2557/2557
f 2437/2437/2437 2558/2558/2558 2556/2556/2556
f 2445/2445/2445 2447/2447/2447 2557/2557/2557
f 2437/2437/2437 2438/2438/2438 2558/2558/2558
f 2445/2445/2445 2557/2557/2557 2559/2559/2559
f 2438/2438/2438 2560/2560/2560 2558/2558/2558
f 2443/2443/2443 2445/2445/2445 2559/2559/2559
f 2438/2438/2438 2439/2439/2439 2560/2560/2560
f 2443/2443/2443 2559/2559/2559 2561/2561/2561
f 2439/2439/2439 2562/2562/2562 2560/2560/2560
f 2441/2441/2441 2443/2443/2443 2561/2561/2561
f 2439/2439/2439 2440/2440/2440 2562/2562/2562
f 2441/2441/2441 2561/2561/2561 2563/2563/2563
f 2440/2440/2440 2563/2563/2563 2562/2562/2562
f 2440/2440/2440 2441/2441/2441 2563/2563/2563
f 2564/2564/2564 2566/2566/2566 2565/2565/2565
f 2564/2564/2564 2565/2565/2565 2567/2567/2567
f 2568/2568/2568 2564/2564/2564 2567/2567/2567
f 2566/2566/2566 2569/2569/2569 2565/2565/2565
f 2566/2566/2566 2570/2570/2570 2569/2569/2569
f 2568/2568/2568 2567/2567/2567 2571/2571/2571
f 2572/2572/2572 2568/2568/2568 2571/2571/2571
f 2570/2570/2570 2573/2573/2573 2569/2569/2569
f 2570/2570/2570 2574/2574/2574 2573/2573/2573
f 2572/2572/2572 2571/2571/2571 2575/2575/2575
f 2576/2576/2576 2572/2572/2572 2575/2575/2575
f 2574/2574/2574 2577/2577/2577 2573/2573/2573
f 2574/2574/2574 2578/2578/2578 2577/2577/2577
f 2576/2576/2576 2575/2575/2575 2579/2579/2579
f 2580/2580/2580 2576/2576/2576 2579/2579/2579
f 2578/2578/2578 2581/2581/2581 2577/2577/2577
f 2578/2578/2578 2582/2582/2582 2581/2581/2581
f 2580/2580/2580 2579/2579/2579 2583/2583/2583
f 2584/2584/2584 2580/2580/2580 2583/2583/2583
f 2582/2582/2582 2585/2585/2585 2581/2581/2581
f 2582/2582/2582 2586/2586/2586 2585/2585/2585
f 2584/2584/2584 2583/2583/2583 2587/2587/2587
f 2588/2588/2588 2584/2584/2584 2587/2587/2587
f 2586/2586/2586 2589/2589/2589 2585/2585/2585
f 2586/2586/2586 2590/2590/2590 2589/2589/2589
f 2588/2588/2588 2587/2587/2587 2591/2591/2591
f 2592/2592/2592 2588/2588/2588 2591/2591/2591
f 2590/2590/2590 2593/2593/2593 2589/2589/2589
f 2590/2590/2590 2594/2594/2594 2593/2593/2593
f 2592/2592/2592 2591/2591/2591 2595/2595/2595
f 2596/2596/2596 2592/2592/2592 2595/2595/2595
f 2594/2594/2594 2597/2597/2597 2593/2593/2593
f 2594/2594/2594 2598/2598/2598 2597/2597/2597
f 2596/2596/2596 2595/2595/2595 2599/2599/2599
f 2600/2600/2600 2596/2596/2596 2599/2599/2599
f 2598/2598/2598 2601/2601/2601 2597/2597/2597
f 2598/2598/2598 2602/2602/2602 2601/2601/2601
f 2600/2600/2600 2599/2599/2599 2603/2603/2603
f 2604/2604/2604 2600/2600/2600 2603/2603/2603
f 2602/2602/2602 2605/2605/2605 2601/2601/2601
f 2602/2602/2602 2606/2606/2606 2605/2605/2605
f 2604/2604/2604 2603/2603/2603 2607/2607/2607
f 2608/2608/2608 2604/2604/2604 2607/2607/2607
f 2606/2606/2606 2609/2609/2609 2605/2605/2605
f 2606/2606/2606 2610/2610/2610 2609/2609/2609
f 2608/2608/2608 2607/2607/2607 2611/2611/2611
f 2612/2612/2612 2608/2608/2608 2611/2611/2611
f 2610/2610/2610 2613/2613/2613 2609/2609/2609
f 2610/2610/2610 2614/2614/2614 2613/2613/2613
f 2612/2612/2612 2611/2611/2611 2615/2615/2615
f 2616/2616/2616 2612/2612/2612 2615/2615/2615
f 2614/2614/2614 2617/2617/2617 2613/2613/2613
f 2614/2614/2614 2618/2618/2618 2617/2617/2617
f 2616/2616/2616 2615/2615/2615 2619/2619/2619
f 2620/2620/2620 2616/2616/2616 2619/2619/2619
f 2618/2618/2618 2621/2621/2621 2617/2617/2617
f 2618/2618/2618 2622/2622/2622 2621/2621/2621
f 2620/2620/2620 2619/2619/2619 2623/2623/2623
f 2624/2624/2624 2620/2620/2620 2623/2623/2623
f 2622/2622/2622 2625/2625/2625 2621/2621/2621
f 2622/2622/2622 2626/2626/2626 2625/2625/2625
f 2624/2624/2624 2623/2623/2623 2627/2627/2627
f 2628/2628/2628 2624/2624/2624 2627/2627/2627
f 2626/2626/2626 2629/2629/2629 2625/2625/2625
f 2626/2626/2626 2630/2630/2630 2629/2629/2629
f 2628/2628/2628 2627/2627/2627 2631/2631/2631
f 2632/2632/2632 2628/2628/2628 2631/2631/2631
f 2630/2630/2630 2633/2633/2633 2629/2629/2629
f 2630/2630/2630 2634/2634/2634 2633/2633/2633
f 2632/2632/2632 2631/2631/2631 2635/2635/2635
f 2636/2636/2636 2632/2632/2632 2635/2635/2635
f 2634/2634/2634 2637/2637/2637 2633/2633/2633
f 2634/2634/2634 2638/2638/2638 2637/2637/2637
f 2636/2636/2636 2635/2635/2635 2639/2639/2639
f 2640/2640/2640 2636/2636/2636 2639/2639/2639
f 2638/2638/2638 2641/2641/2641 2637/2637/2637
f 2638/2638/2638 2642/2642/2642 2641/2641/2641
f 2640/2640/2640 2639/2639/2639 2643/2643/2643
f 2644/2644/2644 2640/2640/2640 2643/2643/2643
f 2642/2642/2642 2645/2645/2645 2641/2641/2641
f 2642/2642/2642 2646/2646/2646 2645/2645/2645
f 2644/2644/2644 2643/2643/2643 2647/2647/2647
f 2648/2648/2648 2644/2644/2644 2647/2647/2647
f 2646/2646/2646 2649/2649/2649 2645/2645/2645
f 2646/2646/2646 2650/2650/2650 2649/2649/2649
f 2648/2648/2648 2647/2647/2647 2651/2651/2651
f 2652/2652/2652 2648/2648/2648 2651/2651/2651
f 2650/2650/2650 2653/2653/2653 2649/2649/2649
f 2650/2650/2650 2654/2654/2654 2653/2653/2653
f 2652/2652/2652 2651/2651/2651 2655/2655/2655
f 2656/2656/2656 2652/2652/2652 2655/2655/2655
f 2654/2654/2654 2657/2657/2657 2653/2653/2653
f 2654/2654/2654 2658/2658/2658 2657/2657/2657
f 2656/2656/2656 2655/2655/2655 2659/2659/2659
f 2660/2660/2660 2656/2656/2656 2659/2659/2659
f 2658/2658/2658 2661/2661/2661 2657/2657/2657
f 2658/2658/2658 2662/2662/2662 2661/2661/2661
f 2660/2660/2660 2659/2659/2659 2663/2663/2663
f 2664/2664/2664 2660/2660/2660 2663/2663/2663
f 2662/2662/2662 2665/2665/2665 2661/2661/2661
f 2662/2662/2662 2666/2666/2666 2665/2665/2665
f 2664/2664/2664 2663/2663/2663 2667/2667/2667
f 2668/2668/2668 2664/2664/2664 2667/2667/2667
f 2666/2666/2666 2669/2669/2669 2665/2665/2665
f 2666/2666/2666 2670/2670/2670 2669/2669/2669
f 2668/2668/2668 2667/2667/2667 2671/2671/2671
f 2672/2672/2672 2668/2668/2668 2671/2671/2671
f 2670/2670/2670 2673/2673/2673 2669/2669/2669
f 2670/2670/2670 2674/2674/2674 2673/2673/2673
f 2672/2672/2672 2671/2671/2671 2675/2675/2675
f 2676/2676/2676 2672/2672/2672 2675/2675/2675
f 2674/2674/2674 2677/2677/2677 2673/2673/2673
f 2674/2674/2674 2678/2678/2678 2677/2677/2677
f 2676/2676/2676 2675/2675/2675 2679/2679/2679
f 2680/2680/2680 2676/2676/2676 2679/2679/2679
f 2678/2678/2678 2681/2681/2681 2677/2677/2677
f 2678/2678/2678 2682/2682/2682 2681/2681/2681
f 2680/2680/2680 2679/2679/2679 2683/2683/2683
f 2684/2684/2684 2680/2680/2680 2683/2683/2683
f 2682/2682/2682 2685/2685/2685 2681/2681/2681
f 2682/2682/2682 2686/2686/2686 2685/2685/2685
f 2684/2684/2684 2683/2683/2683 2687/2687/2687
f 2688/2688/2688 2684/2684/2684 2687/2687/2687
f 2686/2686/2686 2689/2689/2689 2685/2685/2685
f 2686/2686/2686 2690/2690/2690 2689/2689/2689
f 2690/2690/2690 2688/2688/2688 2691/2691/2691
f 2688/2688/2688 2687/2687/2687 2691/2691/2691
f 2690/2690/2690 2691/2691/2691 2689/2689/2689
f 2677/2677/2677 2681/2681/2681 2692/2692/2692
f 2681/2681/2681 2685/2685/2685 2693/2693/2693
f 2681/2681/2681 2693/2693/2693 2692/2692/2692
f 2685/2685/2685 2689/2689/2689 2694/2694/2694
f 2685/2685/2685 2694/2694/2694 2693/2693/2693
f 2689/2689/2689 2691/2691/2691 2695/2695/2695
f 2689/2689/2689 2695/2695/2695 2694/2694/2694
f 2691/2691/2691 2687/2687/2687 2696/2696/2696
f 2691/2691/2691 2696/2696/2696 2695/2695/2695
f 2687/2687/2687 2683/2683/2683 2697/2697/2697
f 2687/2687/2687 2697/2697/2697 2696/2696/2696
f 2677/2677/2677 2692/2692/2692 2698/2698/2698
f 2673/2673/2673 2677/2677/2677 2698/2698/2698
f 2683/2683/2683 2699/2699/2699 2697/2697/2697
f 2683/2683/2683 2679/2679/2679 2699/2699/2699
f 2673/2673/2673 2698/2698/2698 2700/2700/2700
f 2669/2669/2669 2673/2673/2673 2700/2700/2700
f 2679/2679/2679 2701/2701/2701 2699/2699/2699
f 2679/2679/2679 2675/2675/2675 2701/2701/2701
f 2669/2669/2669 2700/2700/2700 2702/2702/2702
f 2665/2665/2665 2669/2669/2669 2702/2702/2702
f 2675/2675/2675 2703/2703/2703 2701/2701/2701
f 2675/2675/2675 2671/2671/2671 2703/2703/2703
f 2665/2665/2665 2702/2702/2702 2704/2704/2704
f 2661/2661/2661 2665/2665/2665 2704/2704/2704
f 2671/2671/2671 2705/2705/2705 2703/2703/2703
f 2671/2671/2671 2667/2667/2667 2705/2705/2705
f 2661/2661/2661 2704/2704/2704 2706/2706/2706
f 2657/2657/2657 2661/2661/2661 2706/2706/2706
f 2667/2667/2667 2707/2707/2707 2705/2705/2705
f 2667/2667/2667 2663/2663/2663 2707/2707/2707
f 2657/2657/2657 2706/2706/2706 2708/2708/2708
f 2653/2653/2653 2657/2657/2657 2708/2708/2708
f 2663/2663/2663 2709/2709/2709 2707/2707/2707
f 2663/2663/2663 2659/2659/2659 2709/2709/2709
f 2653/2653/2653 2708/2708/2708 2710/2710/2710
f 2649/2649/2649 2653/2653/2653 2710/2710/2710
f 2659/2659/2659 2711/2711/2711 2709/2709/2709
f 2659/2659/2659 2655/2655/2655 2711/2711/2711
f 2649/2649/2649 2710/2710/2710 2712/2712/2712
f 2645/2645/2645 2649/2649/2649 2712/2712/2712
f 2655/2655/2655 2713/2713/2713 2711/2711/2711
f 2655/2655/2655 2651/2651/2651 2713/2713/2713
f 2645/2645/2645 2712/2712/2712 2714/2714/2714
f 2641/2641/2641 2645/2645/2645 2714/2714/2714
f 2651/2651/2651 2715/2715/2715 2713/2713/2713
f 2651/2651/2651 2647/2647/2647 2715/2715/2715
f 2641/2641/2641 2714/2714/2714 2716/2716/2716
f 2637/2637/2637 2641/2641/2641 2716/2716/2716
f 2647/2647/2647 2717/2717/2717 2715/2715/2715
f 2647/2647/2647 2643/2643/2643 2717/2717/2717
f 2637/2637/2637 2716/2716/2716 2718/2718/2718
f 2633/2633/2633 2637/2637/2637 2718/2718/2718
f 2643/2643/2643 2719/2719/2719 2717/2717/2717
f 2643/2643/2643 2639/2639/2639 2719/2719/2719
f 2633/2633/2633 2718/2718/2718 2720/2720/2720
f 2629/2629/2629 2633/2633/2633 2720/2720/2720
f 2639/2639/2639 2721/2721/2721 2719/2719/2719
f 2639/2639/2639 2635/2635/2635 2721/2721/2721
f 2629/2629/2629 2720/2720/2720 2722/2722/2722
f 2625/2625/2625 2629/2629/2629 2722/2722/2722
f 2635/2635/2635 2723/2723/2723 2721/2721/2721
f 2635/2635/2635 2631/2631/2631 2723/2723/2723
f 2625/2625/2625 2722/2722/2722 2724/2724/2724
f 2621/2621/2621 2625/2625/2625 2724/2724/2724
f 2631/2631/2631 2725/2725/2725 2723/2723/2723
f 2631/2631/2631 2627/2627/2627 2725/2725/2725
f 2621/2621/2621 2724/2724/2724 2726/2726/2726
f 2617/2617/2617 2621/2621/2621 2726/2726/2726
f 2627/2627/2627 2727/2727/2727 2725/2725/2725
f 2627/2627/2627 2623/2623/2623 2727/2727/2727
f 2617/2617/2617 2726/2726/2726 2728/2728/2728
f 2613/2613/2613 2617/2617/2617 2728/2728/2728
f 2623/2623/2623 2729/2729/2729 2727/2727/2727
f 2623/2623/2623 2619/2619/2619 2729/2729/2729
f 2613/2613/2613 2728/2728/2728 2730/2730/2730
f 2609/2609/2609 2613/2613/2613 2730/2730/2730
f 2619/2619/2619 2731/2731/2731 2729/2729/2729
f 2619/2619/2619 2615/2615/2615 2731/2731/2731
f 2609/2609/2609 2730/2730/2730 2732/2732/2732
f 2605/2605/2605 2609/2609/2609 2732/2732/2732
f 2615/2615/2615 2733/2733/2733 2731/2731/2731
f 2615/2615/2615 2611/2611/2611 2733/2733/2733
f 2605/2605/2605 2732/2732/2732 2734/2734/2734
f 2601/2601/2601 2605/2605/2605 2734/2734/2734
f 2611/2611/2611 2735/2735/2735 2733/2733/2733
f 2611/2611/2611 2607/2607/2607 2735/2735/2735
f 2601/2601/2601 2734/2734/2734 2736/2736/2736
f 2597/2597/2597 2601/2601/2601 2736/2736/2736
f 2607/2607/2607 2737/2737/2737 2735/2735/2735
f 2607/2607/2607 2603/2603/2603 2737/2737/2737
f 2597/2597/2597 2736/2736/2736 2738/2738/2738
f 2593/2593/2593 2597/2597/2597 2738/2738/2738
f 2603/2603/2603 2739/2739/2739 2737/2737/2737
f 2603/2603/2603 2599/2599/2599 2739/2739/2739
f 2593/2593/2593 2738/2738/2738 2740/2740/2740
f 2589/2589/2589 2593/2593/2593 2740/2740/2740
f 2599/2599/2599 2741/2741/2741 2739/2739/2739
f 2599/2599/2599 2595/2595/2595 2741/2741/2741
f 2589/2589/2589 2740/2740/2740 2742/2742/2742
f 2585/2585/2585 2589/2589/2589 2742/2742/2742
f 2595/2595/2595 2743/2743/2743 2741/2741/2741
f 2595/2595/2595 2591/2591/2591 2743/2743/2743
f 2585/2585/2585 2742/2742/2742 2744/2744/2744
f 2581/2581/2581 2585/2585/2585 2744/2744/2744
f 2591/2591/2591 2745/2745/2745 2743/2743/2743
f 2591/2591/2591 2587/2587/2587 2745/2745/2745
f 2581/2581/2581 2744/2744/2744 2746/2746/2746
f 2577/2577/2577 2581/2581/2581 2746/2746/2746
f 2587/2587/2587 2747/2747/2747 2745/2745/2745
f 2587/2587/2587 2583/2583/2583 2747/2747/2747
f 2577/2577/2577 2746/2746/2746 2748/2748/2748
f 2573/2573/2573 2577/2577/2577 2748/2748/2748
f 2583/2583/2583 2749/2749/2749 2747/2747/2747
f 2583/2583/2583 2579/2579/2579 2749/2749/2749
f 2573/2573/2573 2748/2748/2748 2750/2750/2750
f 2569/2569/2569 2573/2573/2573 2750/2750/2750
f 2579/2579/2579 2751/2751/2751 2749/2749/2749
f 2579/2579/2579 2575/2575/2575 2751/2751/2751
f 2569/2569/2569 2750/2750/2750 2752/2752/2752
f 2565/2565/2565 2569/2569/2569 2752/2752/2752
f 2575/2575/2575 2753/2753/2753 2751/2751/2751
f 2575/2575/2575 2571/2571/2571 2753/2753/2753
f 2565/2565/2565 2752/2752/2752 2754/2754/2754
f 2567/2567/2567 2565/2565/2565 2754/2754/2754
f 2571/2571/2571 2567/2567/2567 2755/2755/2755
f 2571/2571/2571 2755/2755/2755 2753/2753/2753
f 2567/2567/2567 2754/2754/2754 2755/2755/2755
f 2750/2750/2750 2748/2748/2748 2756/2756/2756
f 2752/2752/2752 2750/2750/2750 2757/2757/2757
f 2750/2750/2750 2756/2756/2756 2757/2757/2757
f 2754/2754/2754 2752/2752/2752 2758/2758/2758
f 2752/2752/2752 2757/2757/2757 2758/2758/2758
f 2755/2755/2755 2754/2754/2754 2759/2759/2759
f 2754/2754/2754 2758/2758/2758 2759/2759/2759
f 2753/2753/2753 2755/2755/2755 2760/2760/2760
f 2755/2755/2755 2759/2759/2759 2760/2760/2760
f 2751/2751/2751 2753/2753/2753 2761/2761/2761
f 2753/2753/2753 2760/2760/2760 2761/2761/2761
f 2748/2748/2748 2762/2762/2762 2756/2756/2756
f 2748/2748/2748 2746/2746/2746 2762/2762/2762
f 2751/2751/2751 2761/2761/2761 2763/2763/2763
f 2749/2749/2749 2751/2751/2751 2763/2763/2763
f 2746/2746/2746 2764/2764/2764 2762/2762/2762
f 2746/2746/2746 2744/2744/2744 2764/2764/2764
f 2749/2749/2749 2763/2763/2763 2765/2765/2765
f 2747/2747/2747 2749/2749/2749 2765/2765/2765
f 2744/2744/2744 2766/2766/2766 2764/2764/2764
f 2744/2744/2744 2742/2742/2742 2766/2766/2766
f 2747/2747/2747 2765/2765/2765 2767/2767/2767
f 2745/2745/2745 2747/2747/2747 2767/2767/2767
f 2742/2742/2742 2768/2768/2768 2766/2766/2766
f 2742/2742/2742 2740/2740/2740 2768/2768/2768
f 2745/2745/2745 2767/2767/2767 2769/2769/2769
f 2743/2743/2743 2745/2745/2745 2769/2769/2769
f 2740/2740/2740 2770/2770/2770 2768/2768/2768
f 2740/2740/2740 2738/2738/2738 2770/2770/2770
f 2743/2743/2743 2769/2769/2769 2771/2771/2771
f 2741/2741/2741 2743/2743/2743 2771/2771/2771
f 2738/2738/2738 2772/2772/2772 2770/2770/2770
f 2738/2738/2738 2736/2736/2736 2772/2772/2772
f 2741/2741/2741 2771/2771/2771 2773/2773/2773
f 2739/2739/2739 2741/2741/2741 2773/2773/2773
f 2736/2736/2736 2774/2774/2774 2772/2772/2772
f 2736/2736/2736 2734/2734/2734 2774/2774/2774
f 2739/2739/2739 2773/2773/2773 2775/2775/2775
f 2737/2737/2737 2739/2739/2739 2775/2775/2775
f 2734/2734/2734 2776/2776/2776 2774/2774/2774
f 2734/2734/2734 2732/2732/2732 2776/2776/2776
f 2737/2737/2737 2775/2775/2775 2777/2777/2777
f 2735/2735/2735 2737/2737/2737 2777/2777/2777
f 2732/2732/2732 2778/2778/2778 2776/2776/2776
f 2732/2732/2732 2730/2730/2730 2778/2778/2778
f 2735/2735/2735 2777/2777/2777 2779/2779/2779
f 2733/2733/2733 2735/2735/2735 2779/2779/2779
f 2730/2730/2730 2780/2780/2780 2778/2778/2778
f 2730/2730/2730 2728/2728/2728 2780/2780/2780
f 2733/2733/2733 2779/2779/2779 2781/2781/2781
f 2731/2731/2731 2733/2733/2733 2781/2781/2781
f 2728/2728/2728 2782/2782/2782 2780/2780/2780
f 2728/2728/2728 2726/2726/2726 2782/2782/2782
f 2731/2731/2731 2781/2781/2781 2783/2783/2783
f 2729/2729/2729 2731/2731/2731 2783/2783/2783
f 2726/2726/2726 2784/2784/2784 2782/2782/2782
f 2726/2726/2726 2724/2724/2724 2784/2784/2784
f 2729/2729/2729 2783/2783/2783 2785/2785/2785
f 2727/2727/2727 2729/2729/2729 2785/2785/2785
f 2724/2724/2724 2786/2786/2786 2784/2784/2784
f 2724/2724/2724 2722/2722/2722 2786/2786/2786
f 2727/2727/2727 2785/2785/2785 2787/2787/2787
f 2725/2725/2725 2727/2727/2727 2787/2787/2787
f 2722/2722/2722 2788/2788/2788 2786/2786/2786
f 2722/2722/2722 2720/2720/2720 2788/2788/2788
f 2725/2725/2725 2787/2787/2787 2789/2789/2789
f 2723/2723/2723 2725/2725/2725 2789/2789/2789
f 2720/2720/2720 2790/2790/2790 2788/2788/2788
f 2720/2720/2720 2718/2718/2718 2790/2790/2790
f 2723/2723/2723 2789/2789/2789 2791/2791/2791
f 2721/2721/2721 2723/2723/2723 2791/2791/2791
f 2718/2718/2718 2792/2792/2792 2790/2790/2790
f 2718/2718/2718 2716/2716/2716 2792/2792/2792
f 2721/2721/2721 2791/2791/2791 2793/2793/2793
f 2719/2719/2719 2721/2721/2721 2793/2793/2793
f 2716/2716/2716 2794/2794/2794 2792/2792/2792
f 2716/2716/2716 2714/2714/2714 2794/2794/2794
f 2719/2719/2719 2793/2793/2793 2795/2795/2795
f 2717/2717/2717 2719/2719/2719 2795/2795/2795
f 2714/2714/2714 2796/2796/2796 2794/2794/2794
f 2714/2714/2714 2712/2712/2712 2796/2796/2796
f 2717/2717/2717 2795/2795/2795 2797/2797/2797
f 2715/2715/2715 2717/2717/2717 2797/2797/2797
f 2712/2712/2712 2798/2798/2798 2796/2796/2796
f 2712/2712/2712 2710/2710/2710 2798/2798/2798
f 2715/2715/2715 2797/2797/2797 2799/2799/2799
f 2713/2713/2713 2715/2715/2715 2799/2799/2799
f 2710/2710/2710 2800/2800/2800 2798/2798/2798
f 2710/2710/2710 2708/2708/2708 2800/2800/2800
f 2713/2713/2713 2799/2799/2799 2801/2801/2801
f 2711/2711/2711 2713/2713/2713 2801/2801/2801
f 2708/2708/2708 2802/2802/2802 2800/2800/2800
f 2708/2708/2708 2706/2706/2706 2802/2802/2802
f 2711/2711/2711 2801/2801/2801 2803/2803/2803
f 2709/2709/2709 2711/2711/2711 2803/2803/2803
f 2706/2706/2706 2804/2804/2804 2802/2802/2802
f 2706/2706/2706 2704/2704/2704 2804/2804/2804
f 2709/2709/2709 2803/2803/2803 2805/2805/2805
f 2707/2707/2707 2709/2709/2709 2805/2805/2805
f 2704/2704/2704 2806/2806/2806 2804/2804/2804
f 2704/2704/2704 2702/2702/2702 2806/2806/2806
f 2707/2707/2707 2805/2805/2805 2807/2807/2807
f 2705/2705/2705 2707/2707/2707 2807/2807/2807
f 2702/2702/2702 2808/2808/2808 2806/2806/2806
f 2702/2702/2702 2700/2700/2700 2808/2808/2808
f 2705/2705/2705 2807/2807/2807 2809/2809/2809
f 2703/2703/2703 2705/2705/2705 2809/2809/2809
f 2700/2700/2700 2810/2810/2810 2808/2808/2808
f 2700/2700/2700 2698/2698/2698 2810/2810/2810
f 2703/2703/2703 2809/2809/2809 2811/2811/2811
f 2701/2701/2701 2703/2703/2703 2811/2811/2811
f 2698/2698/2698 2812/2812/2812 2810/2810/2810
f 2698/2698/2698 2692/2692/2692 2812/2812/2812
f 2701/2701/2701 2811/2811/2811 2813/2813/2813
f 2699/2699/2699 2701/2701/2701 2813/2813/2813
f 2692/2692/2692 2814/2814/2814 2812/2812/2812
f 2692/2692/2692 2693/2693/2693 2814/2814/2814
f 2699/2699/2699 2813/2813/2813 2815/2815/2815
f 2697/2697/2697 2699/2699/2699 2815/2815/2815
f 2693/2693/2693 2816/2816/2816 2814/2814/2814
f 2693/2693/2693 2694/2694/2694 2816/2816/2816
f 2697/2697/2697 2815/2815/2815 2817/2817/2817
f 2696/2696/2696 2697/2697/2697 2817/2817/2817
f 2694/2694/2694 2818/2818/2818 2816/2816/2816
f 2694/2694/2694 2695/2695/2695 2818/2818/2818
f 2695/2695/2695 2696/2696/2696 2819/2819/2819
f 2696/2696/2696 2817/2817/2817 2819/2819/2819
f 2695/2695/2695 2819/2819/2819 2818/2818/2818
f 2812/2812/2812 2814/2814/2814 2820/2820/2820
f 2814/2814/2814 2816/2816/2816 2821/2821/2821
f 2814/2814/2814 2821/2821/2821 2820/2820/2820
f 2816/2816/2816 2818/2818/2818 2822/2822/2822
f 2816/2816/2816 2822/2822/2822 2821/2821/2821
f 2818/2818/2818 2819/2819/2819 2823/2823/2823
f 2818/2818/2818 2823/2823/2823 2822/2822/2822
f 2819/2819/2819 2817/2817/2817 2824/2824/2824
f 2819/2819/2819 2824/2824/2824 2823/2823/2823
f 2817/2817/2817 2815/2815/2815 2825/2825/2825
f 2817/2817/2817 2825/2825/2825 2824/2824/2824
f 2812/2812/2812 2820/2820/2820 2826/2826/2826
f 2810/2810/2810 2812/2812/2812 2826/2826/2826
f 2815/2815/2815 2827/2827/2827 2825/2825/2825
f 2815/2815/2815 2813/2813/2813 2827/2827/2827
f 2810/2810/2810 2826/2826/2826 2828/2828/2828
f 2808/2808/2808 2810/2810/2810 2828/2828/2828
f 2813/2813/2813 2829/2829/2829 2827/2827/2827
f 2813/2813/2813 2811/2811/2811 2829/2829/2829
f 2808/2808/2808 2828/2828/2828 2830/2830/2830
f 2806/2806/2806 2808/2808/2808 2830/2830/2830
f 2806/2806/2806 2830/2830/2830 2831/2831/2831
f 2804/2804/2804 2806/2806/2806 2831/2831/2831
f 2832/2832/2832 2830/2830/2830 2828/2828/2828
f 2832/2832/2832 2831/2831/2831 2830/2830/2830
f 2833/2833/2833 2828/2828/2828 2826/2826/2826
f 2833/2833/2833 2832/2832/2832 2828/2828/2828
f 2804/2804/2804 2831/2831/2831 2834/2834/2834
f 2802/2802/2802 2804/2804/2804 2834/2834/2834
f 2835/2835/2835 2831/2831/2831 2832/2832/2832
f 2835/2835/2835 2834/2834/2834 2831/2831/2831
f 2802/2802/2802 2834/2834/2834 2836/2836/2836
f 2800/2800/2800 2802/2802/2802 2836/2836/2836
f 2811/2811/2811 2837/2837/2837 2829/2829/2829
f 2811/2811/2811 2809/2809/2809 2837/2837/2837
f 2838/2838/2838 2833/2833/2833 2826/2826/2826
f 2838/2838/2838 2826/2826/2826 2820/2820/2820
f 2839/2839/2839 2832/2832/2832 2833/2833/2833
f 2839/2839/2839 2835/2835/2835 2832/2832/2832
f 2840/2840/2840 2834/2834/2834 2835/2835/2835
f 2840/2840/2840 2836/2836/2836 2834/2834/2834
f 2800/2800/2800 2836/2836/2836 2841/2841/2841
f 2798/2798/2798 2800/2800/2800 2841/2841/2841
f 2809/2809/2809 2842/2842/2842 2837/2837/2837
f 2809/2809/2809 2807/2807/2807 2842/2842/2842
f 2843/2843/2843 2839/2839/2839 2833/2833/2833
f 2843/2843/2843 2833/2833/2833 2838/2838/2838
f 2844/2844/2844 2835/2835/2835 2839/2839/2839
f 2844/2844/2844 2840/2840/2840 2835/2835/2835
f 2845/2845/2845 2836/2836/2836 2840/2840/2840
f 2845/2845/2845 2841/2841/2841 2836/2836/2836
f 2798/2798/2798 2841/2841/2841 2846/2846/2846
f 2796/2796/2796 2798/2798/2798 2846/2846/2846
f 2807/2807/2807 2847/2847/2847 2842/2842/2842
f 2807/2807/2807 2805/2805/2805 2847/2847/2847
f 2848/2848/2848 2844/2844/2844 2839/2839/2839
f 2848/2848/2848 2839/2839/2839 2843/2843/2843
f 2849/2849/2849 2840/2840/2840 2844/2844/2844
f 2849/2849/2849 2845/2845/2845 2840/2840/2840
f 2850/2850/2850 2841/2841/2841 2845/2845/2845
f 2850/2850/2850 2846/2846/2846 2841/2841/2841
f 2796/2796/2796 2846/2846/2846 2851/2851/2851
f 2794/2794/2794 2796/2796/2796 2851/2851/2851
f 2805/2805/2805 2852/2852/2852 2847/2847/2847
f 2805/2805/2805 2803/2803/2803 2852/2852/2852
f 2853/2853/2853 2849/2849/2849 2844/2844/2844
f 2853/2853/2853 2844/2844/2844 2848/2848/2848
f 2854/2854/2854 2845/2845/2845 2849/2849/2849
f 2854/2854/2854 2850/2850/2850 2845/2845/2845
f 2855/2855/2855 2846/2846/2846 2850/2850/2850
f 2855/2855/2855 2851/2851/2851 2846/2846/2846
f 2794/2794/2794 2851/2851/2851 2856/2856/2856
f 2792/2792/2792 2794/2794/2794 2856/2856/2856
f 2803/2803/2803 2857/2857/2857 2852/2852/2852
f 2803/2803/2803 2801/2801/2801 2857/2857/2857
f 2858/2858/2858 2854/2854/2854 2849/2849/2849
f 2858/2858/2858 2849/2849/2849 2853/2853/2853
f 2859/2859/2859 2850/2850/2850 2854/2854/2854
f 2859/2859/2859 2855/2855/2855 2850/2850/2850
f 2860/2860/2860 2851/2851/2851 2855/2855/2855
f 2860/2860/2860 2856/2856/2856 2851/2851/2851
f 2792/2792/2792 2856/2856/2856 2861/2861/2861
f 2790/2790/2790 2792/2792/2792 2861/2861/2861
f 2801/2801/2801 2862/2862/2862 2857/2857/2857
f 2801/2801/2801 2799/2799/2799 2862/2862/2862
f 2799/2799/2799 2863/2863/2863 2862/2862/2862
f 2863/2863/2863 2857/2857/2857 2862/2862/2862
f 2799/2799/2799 2797/2797/2797 2863/2863/2863
f 2863/2863/2863 2864/2864/2864 2857/2857/2857
f 2864/2864/2864 2852/2852/2852 2857/2857/2857
f 2797/2797/2797 2865/2865/2865 2863/2863/2863
f 2865/2865/2865 2864/2864/2864 2863/2863/2863
f 2797/2797/2797 2795/2795/2795 2865/2865/2865
f 2864/2864/2864 2866/2866/2866 2852/2852/2852
f 2866/2866/2866 2847/2847/2847 2852/2852/2852
f 2795/2795/2795 2867/2867/2867 2865/2865/2865
f 2795/2795/2795 2793/2793/2793 2867/2867/2867
f 2865/2865/2865 2868/2868/2868 2864/2864/2864
f 2868/2868/2868 2866/2866/2866 2864/2864/2864
f 2867/2867/2867 2868/2868/2868 2865/2865/2865
f 2866/2866/2866 2869/2869/2869 2847/2847/2847
f 2869/2869/2869 2842/2842/2842 2847/2847/2847
f 2793/2793/2793 2870/2870/2870 2867/2867/2867
f 2793/2793/2793 2791/2791/2791 2870/2870/2870
f 2867/2867/2867 2871/2871/2871 2868/2868/2868
f 2870/2870/2870 2871/2871/2871 2867/2867/2867
f 2868/2868/2868 2872/2872/2872 2866/2866/2866
f 2872/2872/2872 2869/2869/2869 2866/2866/2866
f 2871/2871/2871 2872/2872/2872 2868/2868/2868
f 2869/2869/2869 2873/2873/2873 2842/2842/2842
f 2873/2873/2873 2837/2837/2837 2842/2842/2842
f 2791/2791/2791 2874/2874/2874 2870/2870/2870
f 2791/2791/2791 2789/2789/2789 2874/2874/2874
f 2870/2870/2870 2875/2875/2875 2871/2871/2871
f 2874/2874/2874 2875/2875/2875 2870/2870/2870
f 2871/2871/2871 2876/2876/2876 2872/2872/2872
f 2875/2875/2875 2876/2876/2876 2871/2871/2871
f 2872/2872/2872 2877/2877/2877 2869/2869/2869
f 2877/2877/2877 2873/2873/2873 2869/2869/2869
f 2876/2876/2876 2877/2877/2877 2872/2872/2872
f 2873/2873/2873 2878/2878/2878 2837/2837/2837
f 2878/2878/2878 2829/2829/2829 2837/2837/2837
f 2789/2789/2789 2879/2879/2879 2874/2874/2874
f 2789/2789/2789 2787/2787/2787 2879/2879/2879
f 2874/2874/2874 2880/2880/2880 2875/2875/2875
f 2879/2879/2879 2880/2880/2880 2874/2874/2874
f 2875/2875/2875 2881/2881/2881 2876/2876/2876
f 2880/2880/2880 2881/2881/2881 2875/2875/2875
f 2876/2876/2876 2882/2882/2882 2877/2877/2877
f 2881/2881/2881 2882/2882/2882 2876/2876/2876
f 2877/2877/2877 2883/2883/2883 2873/2873/2873
f 2883/2883/2883 2878/2878/2878 2873/2873/2873
f 2882/2882/2882 2883/2883/2883 2877/2877/2877
f 2878/2878/2878 2884/2884/2884 2829/2829/2829
f 2884/2884/2884 2827/2827/2827 2829/2829/2829
f 2787/2787/2787 2885/2885/2885 2879/2879/2879
f 2787/2787/2787 2785/2785/2785 2885/2885/2885
f 2879/2879/2879 2886/2886/2886 2880/2880/2880
f 2885/2885/2885 2886/2886/2886 2879/2879/2879
f 2880/2880/2880 2887/2887/2887 2881/2881/2881
f 2886/2886/2886 2887/2887/2887 2880/2880/2880
f 2881/2881/2881 2888/2888/2888 2882/2882/2882
f 2887/2887/2887 2888/2888/2888 2881/2881/2881
f 2882/2882/2882 2889/2889/2889 2883/2883/2883
f 2888/2888/2888 2889/2889/2889 2882/2882/2882
f 2883/2883/2883 2890/2890/2890 2878/2878/2878
f 2889/2889/2889 2890/2890/2890 2883/2883/2883
f 2890/2890/2890 2884/2884/2884 2878/2878/2878
f 2884/2884/2884 2891/2891/2891 2827/2827/2827
f 2891/2891/2891 2825/2825/2825 2827/2827/2827
f 2890/2890/2890 2892/2892/2892 2884/2884/2884
f 2892/2892/2892 2891/2891/2891 2884/2884/2884
f 2889/2889/2889 2893/2893/2893 2890/2890/2890
f 2893/2893/2893 2892/2892/2892 2890/2890/2890
f 2888/2888/2888 2894/2894/2894 2889/2889/2889
f 2894/2894/2894 2893/2893/2893 2889/2889/2889
f 2887/2887/2887 2895/2895/2895 2888/2888/2888
f 2895/2895/2895 2894/2894/2894 2888/2888/2888
f 2891/2891/2891 2896/2896/2896 2825/2825/2825
f 2896/2896/2896 2824/2824/2824 2825/2825/2825
f 2892/2892/2892 2897/2897/2897 2891/2891/2891
f 2897/2897/2897 2896/2896/2896 2891/2891/2891
f 2893/2893/2893 2898/2898/2898 2892/2892/2892
f 2898/2898/2898 2897/2897/2897 2892/2892/2892
f 2894/2894/2894 2899/2899/2899 2893/2893/2893
f 2899/2899/2899 2898/2898/2898 2893/2893/2893
f 2896/2896/2896 2900/2900/2900 2824/2824/2824
f 2900/2900/2900 2823/2823/2823 2824/2824/2824
f 2897/2897/2897 2901/2901/2901 2896/2896/2896
f 2901/2901/2901 2900/2900/2900 2896/2896/2896
f 2898/2898/2898 2902/2902/2902 2897/2897/2897
f 2902/2902/2902 2901/2901/2901 2897/2897/2897
f 2900/2900/2900 2903/2903/2903 2823/2823/2823
f 2903/2903/2903 2822/2822/2822 2823/2823/2823
f 2901/2901/2901 2904/2904/2904 2900/2900/2900
f 2904/2904/2904 2903/2903/2903 2900/2900/2900
f 2903/2903/2903 2905/2905/2905 2822/2822/2822
f 2905/2905/2905 2821/2821/2821 2822/2822/2822
f 2906/2906/2906 2899/2899/2899 2894/2894/2894
f 2895/2895/2895 2906/2906/2906 2894/2894/2894
f 2899/2899/2899 2907/2907/2907 2898/2898/2898
f 2907/2907/2907 2902/2902/2902 2898/2898/2898
f 2902/2902/2902 2908/2908/2908 2901/2901/2901
f 2908/2908/2908 2904/2904/2904 2901/2901/2901
f 2904/2904/2904 2909/2909/2909 2903/2903/2903
f 2909/2909/2909 2905/2905/2905 2903/2903/2903
f 2905/2905/2905 2910/2910/2910 2821/2821/2821
f 2910/2910/2910 2820/2820/2820 2821/2821/2821
f 2910/2910/2910 2838/2838/2838 2820/2820/2820
f 2911/2911/2911 2910/2910/2910 2905/2905/2905
f 2909/2909/2909 2911/2911/2911 2905/2905/2905
f 2912/2912/2912 2838/2838/2838 2910/2910/2910
f 2911/2911/2911 2912/2912/2912 2910/2910/2910
f 2912/2912/2912 2843/2843/2843 2838/2838/2838
f 2913/2913/2913 2909/2909/2909 2904/2904/2904
f 2908/2908/2908 2913/2913/2913 2904/2904/2904
f 2914/2914/2914 2908/2908/2908 2902/2902/2902
f 2907/2907/2907 2914/2914/2914 2902/2902/2902
f 2915/2915/2915 2911/2911/2911 2909/2909/2909
f 2913/2913/2913 2915/2915/2915 2909/2909/2909
f 2916/2916/2916 2912/2912/2912 2911/2911/2911
f 2915/2915/2915 2916/2916/2916 2911/2911/2911
f 2917/2917/2917 2843/2843/2843 2912/2912/2912
f 2916/2916/2916 2917/2917/2917 2912/2912/2912
f 2917/2917/2917 2848/2848/2848 2843/2843/2843
f 2918/2918/2918 2913/2913/2913 2908/2908/2908
f 2914/2914/2914 2918/2918/2918 2908/2908/2908
f 2919/2919/2919 2915/2915/2915 2913/2913/2913
f 2918/2918/2918 2919/2919/2919 2913/2913/2913
f 2920/2920/2920 2916/2916/2916 2915/2915/2915
f 2919/2919/2919 2920/2920/2920 2915/2915/2915
f 2921/2921/2921 2917/2917/2917 2916/2916/2916
f 2920/2920/2920 2921/2921/2921 2916/2916/2916
f 2922/2922/2922 2848/2848/2848 2917/2917/2917
f 2921/2921/2921 2922/2922/2922 2917/2917/2917
f 2922/2922/2922 2853/2853/2853 2848/2848/2848
f 2923/2923/2923 2853/2853/2853 2922/2922/2922
f 2923/2923/2923 2858/2858/2858 2853/2853/2853
f 2924/2924/2924 2922/2922/2922 2921/2921/2921
f 2924/2924/2924 2923/2923/2923 2922/2922/2922
f 2925/2925/2925 2921/2921/2921 2920/2920/2920
f 2925/2925/2925 2924/2924/2924 2921/2921/2921
f 2926/2926/2926 2920/2920/2920 2919/2919/2919
f 2926/2926/2926 2925/2925/2925 2920/2920/2920
f 2927/2927/2927 2919/2919/2919 2918/2918/2918
f 2927/2927/2927 2926/2926/2926 2919/2919/2919
f 2928/2928/2928 2927/2927/2927 2918/2918/2918
f 2928/2928/2928 2918/2918/2918 2914/2914/2914
f 2929/2929/2929 2928/2928/2928 2914/2914/2914
f 2929/2929/2929 2914/2914/2914 2907/2907/2907
f 2930/2930/2930 2929/2929/2929 2907/2907/2907
f 2930/2930/2930 2907/2907/2907 2899/2899/2899
f 2906/2906/2906 2930/2930/2930 2899/2899/2899
f 2931/2931/2931 2923/2923/2923 2924/2924/2924
f 2932/2932/2932 2924/2924/2924 2925/2925/2925
f 2932/2932/2932 2931/2931/2931 2924/2924/2924
f 2933/2933/2933 2925/2925/2925 2926/2926/2926
f 2933/2933/2933 2932/2932/2932 2925/2925/2925
f 2934/2934/2934 2926/2926/2926 2927/2927/2927
f 2934/2934/2934 2933/2933/2933 2926/2926/2926
f 2935/2935/2935 2927/2927/2927 2928/2928/2928
f 2935/2935/2935 2934/2934/2934 2927/2927/2927
f 2936/2936/2936 2928/2928/2928 2929/2929/2929
f 2936/2936/2936 2935/2935/2935 2928/2928/2928
f 2937/2937/2937 2929/2929/2929 2930/2930/2930
f 2937/2937/2937 2936/2936/2936 2929/2929/2929
f 2931/2931/2931 2938/2938/2938 2923/2923/2923
f 2938/2938/2938 2858/2858/2858 2923/2923/2923
f 2939/2939/2939 2937/2937/2937 2930/2930/2930
f 2939/2939/2939 2930/2930/2930 2906/2906/2906
f 2938/2938/2938 2940/2940/2940 2858/2858/2858
f 2940/2940/2940 2854/2854/2854 2858/2858/2858
f 2940/2940/2940 2859/2859/2859 2854/2854/2854
f 2941/2941/2941 2939/2939/2939 2906/2906/2906
f 2941/2941/2941 2906/2906/2906 2895/2895/2895
f 2942/2942/2942 2941/2941/2941 2895/2895/2895
f 2942/2942/2942 2895/2895/2895 2887/2887/2887
f 2886/2886/2886 2942/2942/2942 2887/2887/2887
f 2943/2943/2943 2942/2942/2942 2886/2886/2886
f 2885/2885/2885 2943/2943/2943 2886/2886/2886
f 2944/2944/2944 2941/2941/2941 2942/2942/2942
f 2943/2943/2943 2944/2944/2944 2942/2942/2942
f 2945/2945/2945 2939/2939/2939 2941/2941/2941
f 2944/2944/2944 2945/2945/2945 2941/2941/2941
f 2946/2946/2946 2943/2943/2943 2885/2885/2885
f 2785/2785/2785 2946/2946/2946 2885/2885/2885
f 2785/2785/2785 2783/2783/2783 2946/2946/2946
f 2947/2947/2947 2944/2944/2944 2943/2943/2943
f 2946/2946/2946 2947/2947/2947 2943/2943/2943
f 2783/2783/2783 2948/2948/2948 2946/2946/2946
f 2948/2948/2948 2947/2947/2947 2946/2946/2946
f 2783/2783/2783 2781/2781/2781 2948/2948/2948
f 2947/2947/2947 2949/2949/2949 2944/2944/2944
f 2949/2949/2949 2945/2945/2945 2944/2944/2944
f 2945/2945/2945 2950/2950/2950 2939/2939/2939
f 2950/2950/2950 2937/2937/2937 2939/2939/2939
f 2781/2781/2781 2951/2951/2951 2948/2948/2948
f 2781/2781/2781 2779/2779/2779 2951/2951/2951
f 2948/2948/2948 2952/2952/2952 2947/2947/2947
f 2952/2952/2952 2949/2949/2949 2947/2947/2947
f 2951/2951/2951 2952/2952/2952 2948/2948/2948
f 2949/2949/2949 2953/2953/2953 2945/2945/2945
f 2953/2953/2953 2950/2950/2950 2945/2945/2945
f 2950/2950/2950 2954/2954/2954 2937/2937/2937
f 2954/2954/2954 2936/2936/2936 2937/2937/2937
f 2779/2779/2779 2955/2955/2955 2951/2951/2951
f 2779/2779/2779 2777/2777/2777 2955/2955/2955
f 2951/2951/2951 2956/2956/2956 2952/2952/2952
f 2955/2955/2955 2956/2956/2956 2951/2951/2951
f 2952/2952/2952 2957/2957/2957 2949/2949/2949
f 2957/2957/2957 2953/2953/2953 2949/2949/2949
f 2956/2956/2956 2957/2957/2957 2952/2952/2952
f 2953/2953/2953 2958/2958/2958 2950/2950/2950
f 2958/2958/2958 2954/2954/2954 2950/2950/2950
f 2954/2954/2954 2959/2959/2959 2936/2936/2936
f 2959/2959/2959 2935/2935/2935 2936/2936/2936
f 2777/2777/2777 2960/2960/2960 2955/2955/2955
f 2777/2777/2777 2775/2775/2775 2960/2960/2960
f 2955/2955/2955 2961/2961/2961 2956/2956/2956
f 2960/2960/2960 2961/2961/2961 2955/2955/2955
f 2956/2956/2956 2962/2962/2962 2957/2957/2957
f 2961/2961/2961 2962/2962/2962 2956/2956/2956
f 2957/2957/2957 2963/2963/2963 2953/2953/2953
f 2963/2963/2963 2958/2958/2958 2953/2953/2953
f 2962/2962/2962 2963/2963/2963 2957/2957/2957
f 2958/2958/2958 2964/2964/2964 2954/2954/2954
f 2964/2964/2964 2959/2959/2959 2954/2954/2954
f 2959/2959/2959 2965/2965/2965 2935/2935/2935
f 2965/2965/2965 2934/2934/2934 2935/2935/2935
f 2775/2775/2775 2966/2966/2966 2960/2960/2960
f 2775/2775/2775 2773/2773/2773 2966/2966/2966
f 2963/2963/2963 2967/2967/2967 2958/2958/2958
f 2967/2967/2967 2964/2964/2964 2958/2958/2958
f 2962/2962/2962 2968/2968/2968 2963/2963/2963
f 2968/2968/2968 2967/2967/2967 2963/2963/2963
f 2964/2964/2964 2969/2969/2969 2959/2959/2959
f 2969/2969/2969 2965/2965/2965 2959/2959/2959
f 2965/2965/2965 2970/2970/2970 2934/2934/2934
f 2970/2970/2970 2933/2933/2933 2934/2934/2934
f 2967/2967/2967 2971/2971/2971 2964/2964/2964
f 2971/2971/2971 2969/2969/2969 2964/2964/2964
f 2969/2969/2969 2972/2972/2972 2965/2965/2965
f 2972/2972/2972 2970/2970/2970 2965/2965/2965
f 2970/2970/2970 2973/2973/2973 2933/2933/2933
f 2973/2973/2973 2932/2932/2932 2933/2933/2933
f 2974/2974/2974 2968/2968/2968 2962/2962/2962
f 2961/2961/2961 2974/2974/2974 2962/2962/2962
f 2968/2968/2968 2975/2975/2975 2967/2967/2967
f 2975/2975/2975 2971/2971/2971 2967/2967/2967
f 2971/2971/2971 2976/2976/2976 2969/2969/2969
f 2976/2976/2976 2972/2972/2972 2969/2969/2969
f 2972/2972/2972 2977/2977/2977 2970/2970/2970
f 2977/2977/2977 2973/2973/2973 2970/2970/2970
f 2973/2973/2973 2978/2978/2978 2932/2932/2932
f 2978/2978/2978 2931/2931/2931 2932/2932/2932
f 2979/2979/2979 2974/2974/2974 2961/2961/2961
f 2960/2960/2960 2979/2979/2979 2961/2961/2961
f 2966/2966/2966 2979/2979/2979 2960/2960/2960
f 2980/2980/2980 2976/2976/2976 2971/2971/2971
f 2975/2975/2975 2980/2980/2980 2971/2971/2971
f 2976/2976/2976 2981/2981/2981 2972/2972/2972
f 2981/2981/2981 2977/2977/2977 2972/2972/2972
f 2977/2977/2977 2982/2982/2982 2973/2973/2973
f 2982/2982/2982 2978/2978/2978 2973/2973/2973
f 2978/2978/2978 2983/2983/2983 2931/2931/2931
f 2983/2983/2983 2938/2938/2938 2931/2931/2931
f 2980/2980/2980 2984/2984/2984 2976/2976/2976
f 2984/2984/2984 2981/2981/2981 2976/2976/2976
f 2981/2981/2981 2985/2985/2985 2977/2977/2977
f 2985/2985/2985 2982/2982/2982 2977/2977/2977
f 2982/2982/2982 2986/2986/2986 2978/2978/2978
f 2986/2986/2986 2983/2983/2983 2978/2978/2978
f 2983/2983/2983 2987/2987/2987 2938/2938/2938
f 2987/2987/2987 2940/2940/2940 2938/2938/2938
f 2984/2984/2984 2988/2988/2988 2981/2981/2981
f 2988/2988/2988 2985/2985/2985 2981/2981/2981
f 2985/2985/2985 2989/2989/2989 2982/2982/2982
f 2989/2989/2989 2986/2986/2986 2982/2982/2982
f 2986/2986/2986 2990/2990/2990 2983/2983/2983
f 2990/2990/2990 2987/2987/2987 2983/2983/2983
f 2987/2987/2987 2991/2991/2991 2940/2940/2940
f 2991/2991/2991 2859/2859/2859 2940/2940/2940
f 2988/2988/2988 2992/2992/2992 2985/2985/2985
f 2992/2992/2992 2989/2989/2989 2985/2985/2985
f 2989/2989/2989 2993/2993/2993 2986/2986/2986
f 2993/2993/2993 2990/2990/2990 2986/2986/2986
f 2990/2990/2990 2994/2994/2994 2987/2987/2987
f 2994/2994/2994 2991/2991/2991 2987/2987/2987
f 2991/2991/2991 2995/2995/2995 2859/2859/2859
f 2995/2995/2995 2855/2855/2855 2859/2859/2859
f 2995/2995/2995 2860/2860/2860 2855/2855/2855
f 2996/2996/2996 2995/2995/2995 2991/2991/2991
f 2994/2994/2994 2996/2996/2996 2991/2991/2991
f 2997/2997/2997 2994/2994/2994 2990/2990/2990
f 2993/2993/2993 2997/2997/2997 2990/2990/2990
f 2998/2998/2998 2993/2993/2993 2989/2989/2989
f 2992/2992/2992 2998/2998/2998 2989/2989/2989
f 2999/2999/2999 2860/2860/2860 2995/2995/2995
f 2996/2996/2996 2999/2999/2999 2995/2995/2995
f 3000/3000/3000 2996/2996/2996 2994/2994/2994
f 2997/2997/2997 3000/3000/3000 2994/2994/2994
f 3001/3001/3001 2997/2997/2997 2993/2993/2993
f 2998/2998/2998 3001/3001/3001 2993/2993/2993
f 2999/2999/2999 3002/3002/3002 2860/2860/2860
f 3002/3002/3002 2856/2856/2856 2860/2860/2860
f 3002/3002/3002 2861/2861/2861 2856/2856/2856
f 3003/3003/3003 2999/2999/2999 2996/2996/2996
f 3000/3000/3000 3003/3003/3003 2996/2996/2996
f 3004/3004/3004 3000/3000/3000 2997/2997/2997
f 3001/3001/3001 3004/3004/3004 2997/2997/2997
f 3005/3005/3005 3002/3002/3002 2999/2999/2999
f 3003/3003/3003 3005/3005/3005 2999/2999/2999
f 3006/3006/3006 2861/2861/2861 3002/3002/3002
f 3005/3005/3005 3006/3006/3006 3002/3002/3002
f 3007/3007/3007 3003/3003/3003 3000/3000/3000
f 3004/3004/3004 3007/3007/3007 3000/3000/3000
f 3008/3008/3008 3005/3005/3005 3003/3003/3003
f 3007/3007/3007 3008/3008/3008 3003/3003/3003
f 3006/3006/3006 3009/3009/3009 2861/2861/2861
f 2790/2790/2790 2861/2861/2861 3009/3009/3009
f 2788/2788/2788 2790/2790/2790 3009/3009/3009
f 3010/3010/3010 3006/3006/3006 3005/3005/3005
f 3008/3008/3008 3010/3010/3010 3005/3005/3005
f 2788/2788/2788 3009/3009/3009 3011/3011/3011
f 2786/2786/2786 2788/2788/2788 3011/3011/3011
f 3012/3012/3012 3009/3009/3009 3006/3006/3006
f 3010/3010/3010 3012/3012/3012 3006/3006/3006
f 3012/3012/3012 3011/3011/3011 3009/3009/3009
f 2786/2786/2786 3011/3011/3011 3013/3013/3013
f 2784/2784/2784 2786/2786/2786 3013/3013/3013
f 3014/3014/3014 3011/3011/3011 3012/3012/3012
f 3014/3014/3014 3013/3013/3013 3011/3011/3011
f 3015/3015/3015 3012/3012/3012 3010/3010/3010
f 3015/3015/3015 3014/3014/3014 3012/3012/3012
f 3016/3016/3016 3010/3010/3010 3008/3008/3008
f 3016/3016/3016 3015/3015/3015 3010/3010/3010
f 2784/2784/2784 3013/3013/3013 3017/3017/3017
f 2782/2782/2782 2784/2784/2784 3017/3017/3017
f 3018/3018/3018 3013/3013/3013 3014/3014/3014
f 3018/3018/3018 3017/3017/3017 3013/3013/3013
f 3019/3019/3019 3014/3014/3014 3015/3015/3015
f 3019/3019/3019 3018/3018/3018 3014/3014/3014
f 2782/2782/2782 3017/3017/3017 3020/3020/3020
f 2780/2780/2780 2782/2782/2782 3020/3020/3020
f 3021/3021/3021 3017/3017/3017 3018/3018/3018
f 3021/3021/3021 3020/3020/3020 3017/3017/3017
f 2780/2780/2780 3020/3020/3020 3022/3022/3022
f 2778/2778/2778 2780/2780/2780 3022/3022/3022
f 3023/3023/3023 3016/3016/3016 3008/3008/3008
f 3023/3023/3023 3008/3008/3008 3007/3007/3007
f 3024/3024/3024 3015/3015/3015 3016/3016/3016
f 3024/3024/3024 3019/3019/3019 3015/3015/3015
f 3025/3025/3025 3018/3018/3018 3019/3019/3019
f 3025/3025/3025 3021/3021/3021 3018/3018/3018
f 3026/3026/3026 3020/3020/3020 3021/3021/3021
f 3026/3026/3026 3022/3022/3022 3020/3020/3020
f 2778/2778/2778 3022/3022/3022 3027/3027/3027
f 2776/2776/2776 2778/2778/2778 3027/3027/3027
f 3028/3028/3028 3023/3023/3023 3007/3007/3007
f 3028/3028/3028 3007/3007/3007 3004/3004/3004
f 3029/3029/3029 3019/3019/3019 3024/3024/3024
f 3029/3029/3029 3025/3025/3025 3019/3019/3019
f 3030/3030/3030 3021/3021/3021 3025/3025/3025
f 3030/3030/3030 3026/3026/3026 3021/3021/3021
f 3031/3031/3031 3022/3022/3022 3026/3026/3026
f 3031/3031/3031 3027/3027/3027 3022/3022/3022
f 2776/2776/2776 3027/3027/3027 3032/3032/3032
f 2774/2774/2774 2776/2776/2776 3032/3032/3032
f 3033/3033/3033 3032/3032/3032 3027/3027/3027
f 2774/2774/2774 3032/3032/3032 3033/3033/3033
f 3033/3033/3033 3027/3027/3027 3031/3031/3031
f 2772/2772/2772 2774/2774/2774 3033/3033/3033
f 2772/2772/2772 3033/3033/3033 3034/3034/3034
f 3034/3034/3034 3033/3033/3033 3031/3031/3031
f 2770/2770/2770 2772/2772/2772 3034/3034/3034
f 3035/3035/3035 3031/3031/3031 3026/3026/3026
f 3034/3034/3034 3031/3031/3031 3035/3035/3035
f 3035/3035/3035 3026/3026/3026 3030/3030/3030
f 2770/2770/2770 3034/3034/3034 3036/3036/3036
f 3036/3036/3036 3034/3034/3034 3035/3035/3035
f 2768/2768/2768 2770/2770/2770 3036/3036/3036
f 3037/3037/3037 3035/3035/3035 3030/3030/3030
f 3036/3036/3036 3035/3035/3035 3037/3037/3037
f 2768/2768/2768 3036/3036/3036 3038/3038/3038
f 3038/3038/3038 3036/3036/3036 3037/3037/3037
f 2766/2766/2766 2768/2768/2768 3038/3038/3038
f 3037/3037/3037 3030/3030/3030 3039/3039/3039
f 3039/3039/3039 3030/3030/3030 3025/3025/3025
f 3039/3039/3039 3025/3025/3025 3029/3029/3029
f 2766/2766/2766 3038/3038/3038 3040/3040/3040
f 2764/2764/2764 2766/2766/2766 3040/3040/3040
f 3038/3038/3038 3037/3037/3037 3041/3041/3041
f 3041/3041/3041 3037/3037/3037 3039/3039/3039
f 3040/3040/3040 3038/3038/3038 3041/3041/3041
f 3042/3042/3042 3039/3039/3039 3029/3029/3029
f 3041/3041/3041 3039/3039/3039 3042/3042/3042
f 2764/2764/2764 3040/3040/3040 3043/3043/3043
f 2762/2762/2762 2764/2764/2764 3043/3043/3043
f 3040/3040/3040 3041/3041/3041 3044/3044/3044
f 3044/3044/3044 3041/3041/3041 3042/3042/3042
f 3043/3043/3043 3040/3040/3040 3044/3044/3044
f 3042/3042/3042 3029/3029/3029 3045/3045/3045
f 3045/3045/3045 3029/3029/3029 3024/3024/3024
f 2762/2762/2762 3043/3043/3043 3046/3046/3046
f 2756/2756/2756 2762/2762/2762 3046/3046/3046
f 3043/3043/3043 3044/3044/3044 3047/3047/3047
f 3046/3046/3046 3043/3043/3043 3047/3047/3047
f 3044/3044/3044 3042/3042/3042 3048/3048/3048
f 3048/3048/3048 3042/3042/3042 3045/3045/3045
f 3047/3047/3047 3044/3044/3044 3048/3048/3048
f 3045/3045/3045 3024/3024/3024 3049/3049/3049
f 3049/3049/3049 3024/3024/3024 3016/3016/3016
f 3049/3049/3049 3016/3016/3016 3023/3023/3023
f 2756/2756/2756 3046/3046/3046 3050/3050/3050
f 2757/2757/2757 2756/2756/2756 3050/3050/3050
f 3046/3046/3046 3047/3047/3047 3051/3051/3051
f 3050/3050/3050 3046/3046/3046 3051/3051/3051
f 3047/3047/3047 3048/3048/3048 3052/3052/3052
f 3051/3051/3051 3047/3047/3047 3052/3052/3052
f 3048/3048/3048 3045/3045/3045 3053/3053/3053
f 3053/3053/3053 3045/3045/3045 3049/3049/3049
f 3052/3052/3052 3048/3048/3048 3053/3053/3053
f 3054/3054/3054 3049/3049/3049 3023/3023/3023
f 3053/3053/3053 3049/3049/3049 3054/3054/3054
f 3054/3054/3054 3023/3023/3023 3028/3028/3028
f 2757/2757/2757 3050/3050/3050 3055/3055/3055
f 2758/2758/2758 2757/2757/2757 3055/3055/3055
f 3050/3050/3050 3051/3051/3051 3056/3056/3056
f 3055/3055/3055 3050/3050/3050 3056/3056/3056
f 3051/3051/3051 3052/3052/3052 3057/3057/3057
f 3056/3056/3056 3051/3051/3051 3057/3057/3057
f 3052/3052/3052 3053/3053/3053 3058/3058/3058
f 3058/3058/3058 3053/3053/3053 3054/3054/3054
f 3057/3057/3057 3052/3052/3052 3058/3058/3058
f 3059/3059/3059 3054/3054/3054 3028/3028/3028
f 3058/3058/3058 3054/3054/3054 3059/3059/3059
f 2758/2758/2758 3055/3055/3055 3060/3060/3060
f 2759/2759/2759 2758/2758/2758 3060/3060/3060
f 3055/3055/3055 3056/3056/3056 3061/3061/3061
f 3060/3060/3060 3055/3055/3055 3061/3061/3061
f 3056/3056/3056 3057/3057/3057 3062/3062/3062
f 3061/3061/3061 3056/3056/3056 3062/3062/3062
f 3057/3057/3057 3058/3058/3058 3063/3063/3063
f 3063/3063/3063 3058/3058/3058 3059/3059/3059
f 3062/3062/3062 3057/3057/3057 3063/3063/3063
f 3059/3059/3059 3028/3028/3028 3064/3064/3064
f 3064/3064/3064 3028/3028/3028 3004/3004/3004
f 3064/3064/3064 3004/3004/3004 3001/3001/3001
f 2759/2759/2759 3060/3060/3060 3065/3065/3065
f 2760/2760/2760 2759/2759/2759 3065/3065/3065
f 3060/3060/3060 3061/3061/3061 3066/3066/3066
f 3065/3065/3065 3060/3060/3060 3066/3066/3066
f 3061/3061/3061 3062/3062/3062 3067/3067/3067
f 3066/3066/3066 3061/3061/3061 3067/3067/3067
f 3062/3062/3062 3063/3063/3063 3068/3068/3068
f 3067/3067/3067 3062/3062/3062 3068/3068/3068
f 3063/3063/3063 3059/3059/3059 3069/3069/3069
f 3069/3069/3069 3059/3059/3059 3064/3064/3064
f 3068/3068/3068 3063/3063/3063 3069/3069/3069
f 3070/3070/3070 3064/3064/3064 3001/3001/3001
f 3069/3069/3069 3064/3064/3064 3070/3070/3070
f 3070/3070/3070 3001/3001/3001 2998/2998/2998
f 2760/2760/2760 3065/3065/3065 3071/3071/3071
f 2761/2761/2761 2760/2760/2760 3071/3071/3071
f 3065/3065/3065 3066/3066/3066 3072/3072/3072
f 3071/3071/3071 3065/3065/3065 3072/3072/3072
f 3066/3066/3066 3067/3067/3067 3073/3073/3073
f 3072/3072/3072 3066/3066/3066 3073/3073/3073
f 3067/3067/3067 3068/3068/3068 3074/3074/3074
f 3073/3073/3073 3067/3067/3067 3074/3074/3074
f 3068/3068/3068 3069/3069/3069 3075/3075/3075
f 3075/3075/3075 3069/3069/3069 3070/3070/3070
f 3074/3074/3074 3068/3068/3068 3075/3075/3075
f 3076/3076/3076 3070/3070/3070 2998/2998/2998
f 3075/3075/3075 3070/3070/3070 3076/3076/3076
f 3076/3076/3076 2998/2998/2998 2992/2992/2992
f 2761/2761/2761 3071/3071/3071 3077/3077/3077
f 2763/2763/2763 2761/2761/2761 3077/3077/3077
f 3071/3071/3071 3072/3072/3072 3078/3078/3078
f 3077/3077/3077 3071/3071/3071 3078/3078/3078
f 3072/3072/3072 3073/3073/3073 3079/3079/3079
f 3078/3078/3078 3072/3072/3072 3079/3079/3079
f 3073/3073/3073 3074/3074/3074 3080/3080/3080
f 3079/3079/3079 3073/3073/3073 3080/3080/3080
f 3074/3074/3074 3075/3075/3075 3081/3081/3081
f 3081/3081/3081 3075/3075/3075 3076/3076/3076
f 3080/3080/3080 3074/3074/3074 3081/3081/3081
f 3082/3082/3082 3076/3076/3076 2992/2992/2992
f 3081/3081/3081 3076/3076/3076 3082/3082/3082
f 3082/3082/3082 2992/2992/2992 2988/2988/2988
f 2763/2763/2763 3077/3077/3077 3083/3083/3083
f 2765/2765/2765 2763/2763/2763 3083/3083/3083
f 3077/3077/3077 3078/3078/3078 3084/3084/3084
f 3083/3083/3083 3077/3077/3077 3084/3084/3084
f 3078/3078/3078 3079/3079/3079 3085/3085/3085
f 3084/3084/3084 3078/3078/3078 3085/3085/3085
f 3079/3079/3079 3080/3080/3080 3086/3086/3086
f 3085/3085/3085 3079/3079/3079 3086/3086/3086
f 3080/3080/3080 3081/3081/3081 3087/3087/3087
f 3087/3087/3087 3081/3081/3081 3082/3082/3082
f 3086/3086/3086 3080/3080/3080 3087/3087/3087
f 3088/3088/3088 3082/3082/3082 2988/2988/2988
f 3087/3087/3087 3082/3082/3082 3088/3088/3088
f 3088/3088/3088 2988/2988/2988 2984/2984/2984
f 2765/2765/2765 3083/3083/3083 3089/3089/3089
f 2767/2767/2767 2765/2765/2765 3089/3089/3089
f 3083/3083/3083 3084/3084/3084 3090/3090/3090
f 3089/3089/3089 3083/3083/3083 3090/3090/3090
f 3084/3084/3084 3085/3085/3085 3091/3091/3091
f 3090/3090/3090 3084/3084/3084 3091/3091/3091
f 3085/3085/3085 3086/3086/3086 3092/3092/3092
f 3091/3091/3091 3085/3085/3085 3092/3092/3092
f 3086/3086/3086 3087/3087/3087 3093/3093/3093
f 3093/3093/3093 3087/3087/3087 3088/3088/3088
f 3092/3092/3092 3086/3086/3086 3093/3093/3093
f 3094/3094/3094 3088/3088/3088 2984/2984/2984
f 3093/3093/3093 3088/3088/3088 3094/3094/3094
f 3094/3094/3094 2984/2984/2984 2980/2980/2980
f 2767/2767/2767 3089/3089/3089 3095/3095/3095
f 2769/2769/2769 2767/2767/2767 3095/3095/3095
f 3089/3089/3089 3090/3090/3090 3096/3096/3096
f 3095/3095/3095 3089/3089/3089 3096/3096/3096
f 2769/2769/2769 3095/3095/3095 3097/3097/3097
f 3095/3095/3095 3096/3096/3096 3097/3097/3097
f 2771/2771/2771 2769/2769/2769 3097/3097/3097
f 3092/3092/3092 3093/3093/3093 3098/3098/3098
f 3098/3098/3098 3093/3093/3093 3094/3094/3094
f 3099/3099/3099 3094/3094/3094 2980/2980/2980
f 3098/3098/3098 3094/3094/3094 3099/3099/3099
f 3099/3099/3099 2980/2980/2980 2975/2975/2975
f 3096/3096/3096 3090/3090/3090 3100/3100/3100
f 3090/3090/3090 3091/3091/3091 3100/3100/3100
f 3091/3091/3091 3092/3092/3092 3101/3101/3101
f 3101/3101/3101 3092/3092/3092 3098/3098/3098
f 3100/3100/3100 3091/3091/3091 3101/3101/3101
f 2771/2771/2771 3097/3097/3097 3102/3102/3102
f 2773/2773/2773 2771/2771/2771 3102/3102/3102
f 2773/2773/2773 3102/3102/3102 2966/2966/2966
f 3097/3097/3097 3096/3096/3096 3103/3103/3103
f 3096/3096/3096 3100/3100/3100 3103/3103/3103
f 3097/3097/3097 3103/3103/3103 3102/3102/3102
f 3102/3102/3102 3104/3104/3104 2966/2966/2966
f 3102/3102/3102 3103/3103/3103 3104/3104/3104
f 2966/2966/2966 3104/3104/3104 2979/2979/2979
f 3103/3103/3103 3100/3100/3100 3105/3105/3105
f 3100/3100/3100 3101/3101/3101 3105/3105/3105
f 3103/3103/3103 3105/3105/3105 3104/3104/3104
f 3101/3101/3101 3098/3098/3098 3106/3106/3106
f 3105/3105/3105 3101/3101/3101 3106/3106/3106
f 3106/3106/3106 3098/3098/3098 3099/3099/3099
f 3104/3104/3104 3107/3107/3107 2979/2979/2979
f 3104/3104/3104 3105/3105/3105 3107/3107/3107
f 3105/3105/3105 3106/3106/3106 3107/3107/3107
f 2979/2979/2979 3107/3107/3107 2974/2974/2974
f 3106/3106/3106 3099/3099/3099 3108/3108/3108
f 3107/3107/3107 3106/3106/3106 3108/3108/3108
f 3107/3107/3107 3108/3108/3108 2974/2974/2974
f 3108/3108/3108 3099/3099/3099 2975/2975/2975
f 2974/2974/2974 3108/3108/3108 2968/2968/2968
f 3108/3108/3108 2975/2975/2975 2968/2968/2968
