# Wyeksportowano z NFSEngine Exporter
o Mesh_Cube_55098.obj
v -0.009228354 -0.009904849 -0.002625
v -0.009570318 -0.009570318 -0.002764639
v -0.009633883 -0.009633883 -0.002625
v -0.009240342 -0.009790014 -0.002772103
v -0.00875 -0.01 -0.002625
v -0.00875 -0.009904849 -0.002768506
v -0.0075 -0.01 -0.002625
v -0.0075 -0.009904849 -0.002768506
v -0.005 -0.01 -0.002625
v -0.005 -0.009904849 -0.002768506
v 0 -0.01 -0.002625
v 0 -0.009904849 -0.002768506
v 0.005 -0.01 -0.002625
v 0.005 -0.009904849 -0.002768506
v 0.0075 -0.01 -0.002625
v 0.0075 -0.009904849 -0.002768506
v 0.00875 -0.01 -0.002625
v 0.00875 -0.009904849 -0.002768506
v 0.009240342 -0.009790014 -0.002772103
v 0.009228354 -0.009904849 -0.002625
v 0.009570318 -0.009570318 -0.002764639
v 0.009633883 -0.009633883 -0.002625
v 0.009904849 -0.009228354 -0.002625
v 0.009790014 -0.009240342 -0.002772103
v 0.01 -0.00875 -0.002625
v 0.009904849 -0.00875 -0.002768506
v 0.01 -0.0075 -0.002625
v 0.009904849 -0.0075 -0.002768506
v 0.01 -0.005 -0.002625
v 0.009904849 -0.005 -0.002768506
v 0.01 0 -0.002625
v 0.009904849 0 -0.002768506
v 0.01 0.005 -0.002625
v 0.009904849 0.005 -0.002768506
v 0.01 0.0075 -0.002625
v 0.009904849 0.0075 -0.002768506
v 0.01 0.00875 -0.002625
v 0.009904849 0.00875 -0.002768506
v 0.009790014 0.009240342 -0.002772103
v 0.009904849 0.009228354 -0.002625
v 0.009570318 0.009570318 -0.002764639
v 0.009633883 0.009633883 -0.002625
v 0.009228354 0.009904849 -0.002625
v 0.009240342 0.009790014 -0.002772103
v 0.00875 0.01 -0.002625
v 0.00875 0.009904849 -0.002768506
v 0.0075 0.01 -0.002625
v 0.0075 0.009904849 -0.002768506
v 0.005 0.01 -0.002625
v 0.005 0.009904849 -0.002768506
v 0 0.01 -0.002625
v 0 0.009904849 -0.002768506
v -0.005 0.01 -0.002625
v -0.005 0.009904849 -0.002768506
v -0.0075 0.01 -0.002625
v -0.0075 0.009904849 -0.002768506
v -0.00875 0.01 -0.002625
v -0.00875 0.009904849 -0.002768506
v -0.009240342 0.009790014 -0.002772103
v -0.009228354 0.009904849 -0.002625
v -0.009570318 0.009570318 -0.002764639
v -0.009633883 0.009633883 -0.002625
v -0.009904849 0.009228354 -0.002625
v -0.009790014 0.009240342 -0.002772103
v -0.01 0.00875 -0.002625
v -0.009904849 0.00875 -0.002768506
v -0.01 0.0075 -0.002625
v -0.009904849 0.0075 -0.002768506
v -0.01 0.005 -0.002625
v -0.009904849 0.005 -0.002768506
v -0.01 0 -0.002625
v -0.009904849 0 -0.002768506
v -0.01 -0.005 -0.002625
v -0.009904849 -0.005 -0.002768506
v -0.01 -0.0075 -0.002625
v -0.009904849 -0.0075 -0.002768506
v -0.01 -0.00875 -0.002625
v -0.009904849 -0.00875 -0.002768506
v -0.009790014 -0.009240342 -0.002772103
v -0.009904849 -0.009228354 -0.002625
v -0.009570318 -0.009570318 -0.002764639
v -0.009633883 -0.009633883 -0.002625
v -0.009240342 -0.009790014 -0.002772103
v -0.009471687 -0.009471687 -0.002841506
v -0.009570318 -0.009570318 -0.002764639
v -0.009215463 -0.009570318 -0.002871095
v -0.00875 -0.009904849 -0.002768506
v -0.00875 -0.009633883 -0.002890165
v -0.0075 -0.009904849 -0.002768506
v -0.0075 -0.009633883 -0.002890165
v -0.005 -0.009904849 -0.002768506
v -0.005 -0.009633883 -0.002890165
v 0 -0.009904849 -0.002768506
v 0 -0.009633883 -0.002890165
v 0.005 -0.009904849 -0.002768506
v 0.005 -0.009633883 -0.002890165
v 0.0075 -0.009904849 -0.002768506
v 0.0075 -0.009633883 -0.002890165
v 0.00875 -0.009904849 -0.002768506
v 0.00875 -0.009633883 -0.002890165
v 0.009215463 -0.009570318 -0.002871095
v 0.009240342 -0.009790014 -0.002772103
v 0.009471687 -0.009471687 -0.002841506
v 0.009570318 -0.009570318 -0.002764639
v 0.009790014 -0.009240342 -0.002772103
v 0.009570318 -0.009215463 -0.002871095
v 0.009904849 -0.00875 -0.002768506
v 0.009240342 -0.009240342 -0.002937004
v 0.00875 -0.009228354 -0.002971455
v 0.009633883 -0.00875 -0.002890165
v 0.009904849 -0.0075 -0.002768506
v 0.009228354 -0.00875 -0.002971455
v 0.009633883 -0.0075 -0.002890165
v 0.009904849 -0.005 -0.002768506
v 0.00875 -0.00875 -0.003
v 0.0075 -0.009228354 -0.002971455
v 0.0075 -0.009633883 -0.002890165
v 0.009633883 -0.005 -0.002890165
v 0.009904849 0 -0.002768506
v 0.009228354 -0.0075 -0.002971455
v 0.009633883 0 -0.002890165
v 0.009904849 0.005 -0.002768506
v 0.009228354 -0.005 -0.002971455
v 0.009633883 0.005 -0.002890165
v 0.009904849 0.0075 -0.002768506
v 0.0075 -0.00875 -0.003
v 0.00875 -0.0075 -0.003
v 0.009228354 0 -0.002971455
v 0.009633883 0.0075 -0.002890165
v 0.009904849 0.00875 -0.002768506
v 0.0075 -0.0075 -0.003
v 0.00875 -0.005 -0.003
v 0.009228354 0.005 -0.002971455
v 0.0075 -0.005 -0.003
v 0.00875 0 -0.003
v 0.0075 0 -0.003
v 0.009633883 0.00875 -0.002890165
v 0.009228354 0.0075 -0.002971455
v 0.00875 0.005 -0.003
v 0.009570318 0.009215463 -0.002871095
v 0.009790014 0.009240342 -0.002772103
v 0.009228354 0.00875 -0.002971455
v 0.009471687 0.009471687 -0.002841506
v 0.009570318 0.009570318 -0.002764639
v 0.009240342 0.009790014 -0.002772103
v 0.009240342 0.009240342 -0.002937004
v 0.009215463 0.009570318 -0.002871095
v 0.00875 0.009904849 -0.002768506
v 0.00875 0.0075 -0.003
v 0.0075 0.005 -0.003
v 0.00875 0.00875 -0.003
v 0.00875 0.009633883 -0.002890165
v 0.0075 0.009904849 -0.002768506
v 0.00875 0.009228354 -0.002971455
v 0.0075 0.009633883 -0.002890165
v 0.005 0.009904849 -0.002768506
v 0.005 0.009633883 -0.002890165
v 0 0.009904849 -0.002768506
v 0 0.009633883 -0.002890165
v -0.005 0.009904849 -0.002768506
v -0.005 0.009633883 -0.002890165
v -0.0075 0.009904849 -0.002768506
v -0.0075 0.009633883 -0.002890165
v -0.00875 0.009904849 -0.002768506
v -0.00875 0.009633883 -0.002890165
v -0.009215463 0.009570318 -0.002871095
v -0.009240342 0.009790014 -0.002772103
v -0.009471687 0.009471687 -0.002841506
v -0.009570318 0.009570318 -0.002764639
v -0.009790014 0.009240342 -0.002772103
v -0.009570318 0.009215463 -0.002871095
v -0.009904849 0.00875 -0.002768506
v -0.009633883 0.00875 -0.002890165
v -0.009904849 0.0075 -0.002768506
v -0.009633883 0.0075 -0.002890165
v -0.009904849 0.005 -0.002768506
v -0.009633883 0.005 -0.002890165
v -0.009904849 0 -0.002768506
v -0.009633883 0 -0.002890165
v -0.009904849 -0.005 -0.002768506
v -0.009633883 -0.005 -0.002890165
v -0.009904849 -0.0075 -0.002768506
v -0.009633883 -0.0075 -0.002890165
v -0.009904849 -0.00875 -0.002768506
v -0.009633883 -0.00875 -0.002890165
v -0.009570318 -0.009215463 -0.002871095
v -0.009790014 -0.009240342 -0.002772103
v -0.009471687 -0.009471687 -0.002841506
v -0.009570318 -0.009570318 -0.002764639
v -0.009904849 -0.009228354 0.002625
v -0.009570318 -0.009570318 0.002764639
v -0.009633883 -0.009633883 0.002625
v -0.009790014 -0.009240342 0.002772103
v -0.01 -0.00875 0.002625
v -0.009904849 -0.00875 0.002768506
v -0.01 -0.0075 0.002625
v -0.009904849 -0.0075 0.002768506
v -0.01 -0.005 0.002625
v -0.009904849 -0.005 0.002768506
v -0.01 0 0.002625
v -0.009904849 0 0.002768506
v -0.01 0.005 0.002625
v -0.009904849 0.005 0.002768506
v -0.01 0.0075 0.002625
v -0.009904849 0.0075 0.002768506
v -0.01 0.00875 0.002625
v -0.009904849 0.00875 0.002768506
v -0.009790014 0.009240342 0.002772103
v -0.009904849 0.009228354 0.002625
v -0.009570318 0.009570318 0.002764639
v -0.009633883 0.009633883 0.002625
v -0.009228354 0.009904849 0.002625
v -0.009240342 0.009790014 0.002772103
v -0.00875 0.01 0.002625
v -0.00875 0.009904849 0.002768506
v -0.0075 0.01 0.002625
v -0.0075 0.009904849 0.002768506
v -0.005 0.01 0.002625
v -0.005 0.009904849 0.002768506
v 0 0.01 0.002625
v 0 0.009904849 0.002768506
v 0.005 0.01 0.002625
v 0.005 0.009904849 0.002768506
v 0.0075 0.01 0.002625
v 0.0075 0.009904849 0.002768506
v 0.00875 0.01 0.002625
v 0.00875 0.009904849 0.002768506
v 0.009240342 0.009790014 0.002772103
v 0.009228354 0.009904849 0.002625
v 0.009570318 0.009570318 0.002764639
v 0.009633883 0.009633883 0.002625
v 0.009904849 0.009228354 0.002625
v 0.009790014 0.009240342 0.002772103
v 0.01 0.00875 0.002625
v 0.009904849 0.00875 0.002768506
v 0.01 0.0075 0.002625
v 0.009904849 0.0075 0.002768506
v 0.01 0.005 0.002625
v 0.009904849 0.005 0.002768506
v 0.01 0 0.002625
v 0.009904849 0 0.002768506
v 0.01 -0.005 0.002625
v 0.009904849 -0.005 0.002768506
v 0.01 -0.0075 0.002625
v 0.009904849 -0.0075 0.002768506
v 0.01 -0.00875 0.002625
v 0.009904849 -0.00875 0.002768506
v 0.009790014 -0.009240342 0.002772103
v 0.009904849 -0.009228354 0.002625
v 0.009570318 -0.009570318 0.002764639
v 0.009633883 -0.009633883 0.002625
v 0.009228354 -0.009904849 0.002625
v 0.009240342 -0.009790014 0.002772103
v 0.00875 -0.01 0.002625
v 0.00875 -0.009904849 0.002768506
v 0.0075 -0.01 0.002625
v 0.0075 -0.009904849 0.002768506
v 0.005 -0.01 0.002625
v 0.005 -0.009904849 0.002768506
v 0 -0.01 0.002625
v 0 -0.009904849 0.002768506
v -0.005 -0.01 0.002625
v -0.005 -0.009904849 0.002768506
v -0.0075 -0.01 0.002625
v -0.0075 -0.009904849 0.002768506
v -0.00875 -0.01 0.002625
v -0.00875 -0.009904849 0.002768506
v -0.009240342 -0.009790014 0.002772103
v -0.009228354 -0.009904849 0.002625
v -0.009570318 -0.009570318 0.002764639
v -0.009633883 -0.009633883 0.002625
v -0.009790014 -0.009240342 0.002772103
v -0.009471687 -0.009471687 0.002841506
v -0.009570318 -0.009570318 0.002764639
v -0.009570318 -0.009215463 0.002871095
v -0.009904849 -0.00875 0.002768506
v -0.009633883 -0.00875 0.002890165
v -0.009904849 -0.0075 0.002768506
v -0.009633883 -0.0075 0.002890165
v -0.009904849 -0.005 0.002768506
v -0.009633883 -0.005 0.002890165
v -0.009904849 0 0.002768506
v -0.009633883 0 0.002890165
v -0.009904849 0.005 0.002768506
v -0.009633883 0.005 0.002890165
v -0.009904849 0.0075 0.002768506
v -0.009633883 0.0075 0.002890165
v -0.009904849 0.00875 0.002768506
v -0.009633883 0.00875 0.002890165
v -0.009570318 0.009215463 0.002871095
v -0.009790014 0.009240342 0.002772103
v -0.009471687 0.009471687 0.002841506
v -0.009570318 0.009570318 0.002764639
v -0.009240342 0.009790014 0.002772103
v -0.009215463 0.009570318 0.002871095
v -0.00875 0.009904849 0.002768506
v -0.00875 0.009633883 0.002890165
v -0.0075 0.009904849 0.002768506
v -0.0075 0.009633883 0.002890165
v -0.005 0.009904849 0.002768506
v -0.005 0.009633883 0.002890165
v 0 0.009904849 0.002768506
v 0 0.009633883 0.002890165
v 0.005 0.009904849 0.002768506
v 0.005 0.009633883 0.002890165
v 0.0075 0.009904849 0.002768506
v 0.0075 0.009633883 0.002890165
v 0.00875 0.009904849 0.002768506
v 0.00875 0.009633883 0.002890165
v 0.009215463 0.009570318 0.002871095
v 0.009240342 0.009790014 0.002772103
v 0.009471687 0.009471687 0.002841506
v 0.009570318 0.009570318 0.002764639
v 0.009790014 0.009240342 0.002772103
v 0.009570318 0.009215463 0.002871095
v 0.009904849 0.00875 0.002768506
v 0.009240342 0.009240342 0.002937004
v 0.00875 0.009228354 0.002971455
v 0.009633883 0.00875 0.002890165
v 0.009904849 0.0075 0.002768506
v 0.009228354 0.00875 0.002971455
v 0.009633883 0.0075 0.002890165
v 0.009904849 0.005 0.002768506
v 0.00875 0.00875 0.003
v 0.0075 0.009228354 0.002971455
v 0.0075 0.009633883 0.002890165
v 0.009633883 0.005 0.002890165
v 0.009904849 0 0.002768506
v 0.009228354 0.0075 0.002971455
v 0.0075 0.00875 0.003
v 0.00875 0.0075 0.003
v 0.005 0.009228354 0.002971455
v 0.005 0.009633883 0.002890165
v 0.005 0.00875 0.003
v 0.00875 0.00875 0.003
v 0 0.00875 0.003
v 0 0.009228354 0.002971455
v 0 0.009633883 0.002890165
v -0.005 0.00875 0.003
v -0.005 0.009228354 0.002971455
v -0.005 0.009633883 0.002890165
v -0.0075 0.00875 0.003
v -0.0075 0.009228354 0.002971455
v -0.0075 0.009633883 0.002890165
v -0.00875 0.00875 0.003
v -0.00875 0.009228354 0.002971455
v -0.00875 0.009633883 0.002890165
v -0.009215463 0.009570318 0.002871095
v -0.009240342 0.009240342 0.002937004
v -0.009471687 0.009471687 0.002841506
v -0.009570318 0.009215463 0.002871095
v -0.009228354 0.00875 0.002971455
v -0.009633883 0.00875 0.002890165
v -0.00875 0.0075 0.003
v -0.009228354 0.0075 0.002971455
v -0.009633883 0.0075 0.002890165
v -0.00875 0.005 0.003
v -0.00875 0.00875 0.003
v -0.009228354 0.005 0.002971455
v -0.009633883 0.005 0.002890165
v -0.00875 0 0.003
v -0.009228354 0 0.002971455
v -0.009633883 0 0.002890165
v -0.00875 -0.005 0.003
v -0.009228354 -0.005 0.002971455
v -0.009633883 -0.005 0.002890165
v -0.00875 -0.0075 0.003
v -0.009228354 -0.0075 0.002971455
v -0.009633883 -0.0075 0.002890165
v -0.00875 -0.00875 0.003
v -0.009228354 -0.00875 0.002971455
v -0.009633883 -0.00875 0.002890165
v -0.009570318 -0.009215463 0.002871095
v -0.009240342 -0.009240342 0.002937004
v -0.009471687 -0.009471687 0.002841506
v -0.009215463 -0.009570318 0.002871095
v -0.00875 -0.009228354 0.002971455
v -0.00875 -0.009633883 0.002890165
v -0.0075 -0.00875 0.003
v -0.0075 -0.009228354 0.002971455
v -0.0075 -0.009633883 0.002890165
v -0.005 -0.00875 0.003
v -0.00875 -0.00875 0.003
v -0.005 -0.009228354 0.002971455
v -0.005 -0.009633883 0.002890165
v 0 -0.00875 0.003
v 0 -0.009228354 0.002971455
v 0 -0.009633883 0.002890165
v 0.005 -0.00875 0.003
v 0.005 -0.009228354 0.002971455
v 0.005 -0.009633883 0.002890165
v 0.0075 -0.00875 0.003
v 0.0075 -0.009228354 0.002971455
v 0.0075 -0.009633883 0.002890165
v 0.00875 -0.00875 0.003
v 0.00875 -0.009228354 0.002971455
v 0.00875 -0.009633883 0.002890165
v 0.009240342 -0.009240342 0.002937004
v 0.009215463 -0.009570318 0.002871095
v 0.009228354 -0.00875 0.002971455
v 0.00875 -0.0075 0.003
v 0.00875 -0.009904849 0.002768506
v 0.0075 -0.009904849 0.002768506
v 0.0075 -0.009633883 0.002890165
v 0.005 -0.009904849 0.002768506
v 0.005 -0.009633883 0.002890165
v 0 -0.009904849 0.002768506
v 0 -0.009633883 0.002890165
v -0.005 -0.009904849 0.002768506
v -0.005 -0.009633883 0.002890165
v -0.0075 -0.009904849 0.002768506
v -0.0075 -0.009633883 0.002890165
v -0.00875 -0.009904849 0.002768506
v -0.00875 -0.009633883 0.002890165
v -0.009215463 -0.009570318 0.002871095
v -0.009240342 -0.009790014 0.002772103
v -0.009471687 -0.009471687 0.002841506
v -0.009570318 -0.009570318 0.002764639
v -0.006728354 -0.007404849 0.002625
v -0.00733443 -0.00733443 0.002759913
v -0.007133883 -0.007133883 0.002625
v -0.007117544 -0.0075 0.002763451
v -0.00625 -0.0075 0.002625
v -0.006823504 -0.00759515 0.002768506
v -0.005 -0.0075 0.002625
v -0.005 -0.00759515 0.002768506
v 0 -0.0075 0.002625
v 0 -0.00759515 0.002768506
v 0.005 -0.0075 0.002625
v 0.005 -0.00759515 0.002768506
v 0.00625 -0.0075 0.002625
v 0.006823504 -0.00759515 0.002768506
v -0.0075 -0.007665569 0.002874305
v -0.0075 -0.007866116 0.002890165
v 0.007117544 -0.0075 0.002763451
v 0.006728354 -0.007404849 0.002625
v -0.0075 -0.0075 0.002840663
v 0.0075 -0.007665569 0.002874305
v 0.0075 -0.007866116 0.002890165
v 0.00733443 -0.00733443 0.002759913
v 0.007133883 -0.007133883 0.002625
v 0.0075 -0.0075 0.002840663
v 0.007882455 -0.007882455 0.002929964
v 0.007665569 -0.0075 0.002874305
v 0.0075 -0.007117544 0.002763451
v -0.007882455 -0.007882455 0.002929964
v -0.008176495 -0.008271646 0.002971455
v -0.0075 -0.007866116 0.002890165
v 0.00759515 -0.006823504 0.002768506
v 0.0075 -0.00625 0.002625
v 0.007404849 -0.006728354 0.002625
v 0.0075 -0.005 0.002625
v 0.00759515 -0.005 0.002768506
v 0.0075 0 0.002625
v 0.00759515 0 0.002768506
v 0.0075 0.005 0.002625
v 0.00759515 0.005 0.002768506
v 0.0075 0.00625 0.002625
v 0.00759515 0.006823504 0.002768506
v 0.007866116 -0.0075 0.002890165
v 0.00759515 -0.005 0.002768506
v 0.007866116 -0.005 0.002890165
v 0.0075 0.007117544 0.002763451
v 0.007404849 0.006728354 0.002625
v 0.007665569 0.0075 0.002874305
v 0.007866116 0.0075 0.002890165
v 0.007866116 0.005 0.002890165
v 0.00759515 0.005 0.002768506
v 0.0075 0.0075 0.002840663
v 0.00733443 0.00733443 0.002759913
v 0.007882455 0.007882455 0.002929964
v 0.008271646 0.008176495 0.002971455
v 0.007866116 0.0075 0.002890165
v 0.007117544 0.0075 0.002763451
v 0.0075 0.007665569 0.002874305
v 0.006728354 0.007404849 0.002625
v 0.007133883 0.007133883 0.002625
v 0.00625 0.0075 0.002625
v 0.006823504 0.00759515 0.002768506
v 0.005 0.0075 0.002625
v 0.005 0.00759515 0.002768506
v 0 0.0075 0.002625
v 0 0.00759515 0.002768506
v -0.005 0.0075 0.002625
v -0.005 0.00759515 0.002768506
v -0.00625 0.0075 0.002625
v -0.006823504 0.00759515 0.002768506
v -0.007117544 0.0075 0.002763451
v -0.006728354 0.007404849 0.002625
v -0.00733443 0.00733443 0.002759913
v -0.007133883 0.007133883 0.002625
v -0.007404849 0.006728354 0.002625
v -0.0075 0.007117544 0.002763451
v -0.0075 0.00625 0.002625
v -0.0075 0.0075 0.002840663
v -0.00759515 0.006823504 0.002768506
v -0.0075 0.005 0.002625
v -0.00759515 0.005 0.002768506
v -0.0075 0 0.002625
v -0.00759515 0 0.002768506
v -0.0075 -0.005 0.002625
v -0.00759515 -0.005 0.002768506
v -0.0075 -0.00625 0.002625
v -0.00759515 -0.006823504 0.002768506
v -0.007665569 0.0075 0.002874305
v -0.0075 0.007665569 0.002874305
v -0.0075 -0.007117544 0.002763451
v -0.007404849 -0.006728354 0.002625
v -0.007133883 -0.007133883 0.002625
v -0.007665569 -0.0075 0.002874305
v -0.007866116 0.0075 0.002890165
v -0.00759515 0.005 0.002768506
v -0.007866116 0.005 0.002890165
v -0.00759515 0 0.002768506
v -0.008271646 0.008176495 0.002971455
v -0.007866116 0 0.002890165
v -0.00759515 -0.005 0.002768506
v -0.007866116 -0.005 0.002890165
v -0.007866116 -0.0075 0.002890165
v -0.008271646 -0.008176495 0.002971455
v -0.008271646 0.005 0.002971455
v -0.007882455 0.007882455 0.002929964
v -0.008271646 0 0.002971455
v -0.008271646 -0.005 0.002971455
v -0.00875 0.005 0.003
v -0.00875 0 0.003
v -0.00875 -0.005 0.003
v -0.005 -0.008271646 0.002971455
v -0.005 -0.00875 0.003
v -0.008176495 0.008271646 0.002971455
v -0.005 -0.007866116 0.002890165
v -0.0075 -0.007866116 0.002890165
v 0 -0.008271646 0.002971455
v 0 -0.00875 0.003
v -0.005 -0.00759515 0.002768506
v -0.006823504 -0.00759515 0.002768506
v 0 -0.00759515 0.002768506
v 0 -0.007866116 0.002890165
v 0.005 -0.00759515 0.002768506
v 0.005 -0.007866116 0.002890165
v 0.006823504 -0.00759515 0.002768506
v 0.0075 -0.007866116 0.002890165
v 0.005 -0.008271646 0.002971455
v 0.005 -0.00875 0.003
v 0.008176495 -0.008271646 0.002971455
v 0.00875 -0.00875 0.003
v 0.007882455 -0.007882455 0.002929964
v 0.0075 -0.007866116 0.002890165
v 0.008271646 -0.008176495 0.002971455
v 0.007866116 -0.0075 0.002890165
v 0.008271646 -0.005 0.002971455
v 0.00875 -0.005 0.003
v 0.007866116 -0.005 0.002890165
v 0.007866116 -0.0075 0.002890165
v 0.008271646 0 0.002971455
v 0.00875 0 0.003
v 0.007866116 0 0.002890165
v 0.008271646 0.005 0.002971455
v 0.00875 0.005 0.003
v 0.00759515 0 0.002768506
v 0.007866116 0.005 0.002890165
v 0.007866116 0.0075 0.002890165
v 0.008176495 0.008271646 0.002971455
v 0.005 0.008271646 0.002971455
v 0.005 0.00875 0.003
v 0 0.008271646 0.002971455
v 0 0.00875 0.003
v -0.005 0.008271646 0.002971455
v -0.005 0.00875 0.003
v 0.0075 0.007866116 0.002890165
v 0.005 0.007866116 0.002890165
v 0.006823504 0.00759515 0.002768506
v 0.007117544 0.0075 0.002763451
v 0.005 0.00759515 0.002768506
v 0 0.00759515 0.002768506
v 0 0.007866116 0.002890165
v -0.005 0.00759515 0.002768506
v -0.005 0.007866116 0.002890165
v -0.0075 0.007866116 0.002890165
v 0.007404849 0.006728354 0.002625
v 0.007133883 0.007133883 0.002625
v 0.0075 0.007117544 0.002763451
v 0.007404849 -0.006728354 0.002625
v 0.0075 -0.007117544 0.002763451
v 0.007133883 -0.007133883 0.002625
v 0.007404849 0.00625 0.0002314937
v 0.007070318 0.006715463 0.0001289045
v 0.007290014 0.006740342 0.0002278973
v 0.007133883 0.00625 0.0001098349
v 0.007404849 0.005 0.0002314937
v 0.007133883 0.005 0.000109835
v 0.007133883 0.005 0.000109835
v 0.007404849 0 0.0002314937
v 0.007133883 0 0.000109835
v 0.007404849 -0.005 0.0002314937
v 0.007133883 -0.005 0.000109835
v 0.006728354 0.005 2.854519E-05
v 0.006728354 0 2.854519E-05
v 0.006728354 0.00625 2.854514E-05
v 0.007133883 0.00625 0.0001098349
v 0.007070318 0.006715463 0.0001289045
v 0.006728354 -0.005 2.854519E-05
v 0.007133883 -0.00625 0.0001098349
v 0.006728354 -0.00625 2.854514E-05
v 0.007070318 -0.006715463 0.0001289045
v 0.00625 0.00625 0
v 0.006740342 0.006740342 6.299584E-05
v 0.00625 0.005 0
v 0.00625 0 0
v 0.00625 -0.005 0
v 0.006971688 0.006971688 0.0001584937
v 0.007290014 0.006740342 0.0002278973
v 0.007070318 0.007070318 0.0002353611
v 0.006740342 0.007290014 0.0002278973
v 0.006715463 0.007070318 0.0001289045
v 0.00625 0.007404849 0.0002314937
v 0.00625 0.006728354 2.854514E-05
v 0.00625 0.007133883 0.0001098349
v 0.005 0.007133883 0.000109835
v 0.005 0.007404849 0.0002314937
v 0.005 0.006728354 2.854519E-05
v 0.005 0.00625 0
v 0 0.007133883 0.000109835
v 0 0.007404849 0.0002314937
v 0 0.006728354 2.854519E-05
v -0.005 0.007133883 0.000109835
v -0.005 0.007404849 0.0002314937
v 0.005 0.005 0
v 0 0.00625 0
v -0.005 0.006728354 2.854519E-05
v -0.00625 0.007133883 0.0001098349
v -0.00625 0.007404849 0.0002314937
v -0.00625 0.006728354 2.854514E-05
v -0.006715463 0.007070318 0.0001289045
v -0.006740342 0.007290014 0.0002278973
v -0.005 0.00625 0
v 0 0.005 0
v -0.00625 0.00625 0
v -0.006740342 0.006740342 6.299584E-05
v -0.006971688 0.006971688 0.0001584937
v -0.007070318 0.007070318 0.0002353611
v -0.007290014 0.006740342 0.0002278973
v -0.007070318 0.006715463 0.0001289045
v -0.007404849 0.00625 0.0002314937
v -0.005 0.005 0
v -0.006728354 0.00625 2.854514E-05
v -0.00625 0.005 0
v -0.007133883 0.00625 0.0001098349
v -0.006728354 0.005 2.854519E-05
v -0.007133883 0.005 0.000109835
v -0.007404849 0.005 0.0002314937
v -0.00625 0 0
v -0.005 0 0
v -0.007133883 0 0.000109835
v -0.007404849 0 0.0002314937
v -0.006728354 0 2.854519E-05
v -0.007133883 -0.005 0.000109835
v -0.007404849 -0.005 0.0002314937
v -0.00625 -0.005 0
v -0.006728354 -0.005 2.854519E-05
v 0 0 0
v -0.007133883 -0.00625 0.0001098349
v -0.007404849 -0.00625 0.0002314937
v -0.005 -0.005 0
v -0.006728354 -0.00625 2.854514E-05
v -0.007070318 -0.006715463 0.0001289045
v -0.007290014 -0.006740342 0.0002278973
v -0.00625 -0.00625 0
v 0.005 0 0
v -0.006740342 -0.006740342 6.299584E-05
v -0.006971688 -0.006971688 0.0001584937
v -0.007070318 -0.007070318 0.0002353611
v -0.006740342 -0.007290014 0.0002278973
v -0.006715463 -0.007070318 0.0001289045
v -0.00625 -0.007404849 0.0002314937
v 0 -0.005 0
v 0.005 -0.005 0
v -0.00625 -0.006728354 2.854514E-05
v -0.005 -0.00625 0
v -0.00625 -0.007133883 0.0001098349
v 0 -0.00625 0
v -0.005 -0.006728354 2.854519E-05
v -0.005 -0.007133883 0.000109835
v -0.005 -0.007404849 0.0002314937
v 0.005 -0.00625 0
v 0 -0.006728354 2.854519E-05
v 0 -0.007133883 0.000109835
v 0 -0.007404849 0.0002314937
v 0.00625 -0.00625 0
v 0.005 -0.006728354 2.854519E-05
v 0.005 -0.007133883 0.000109835
v 0.005 -0.007404849 0.0002314937
v 0.006740342 -0.006740342 6.299584E-05
v 0.00625 -0.006728354 2.854514E-05
v 0.00625 -0.007133883 0.0001098349
v 0.00625 -0.007404849 0.0002314937
v 0.006715463 -0.007070318 0.0001289045
v 0.006740342 -0.007290014 0.0002278973
v 0.006971688 -0.006971688 0.0001584937
v 0.007290014 -0.006740342 0.0002278973
v 0.007070318 -0.007070318 0.0002353611
v 0.007404849 -0.00625 0.0002314937
v 0.007290014 -0.006740342 0.0002278973
v 0.007070318 -0.006715463 0.0001289045
v 0.007133883 -0.00625 0.0001098349
v 0.007133883 -0.005 0.000109835
v 0.007404849 -0.006728354 0.000375
v 0.007133883 -0.007133883 0.000375
v 0.007070318 -0.007070318 0.0002353611
v 0.007290014 -0.006740342 0.0002278973
v 0.0075 -0.00625 0.000375
v 0.007404849 -0.00625 0.0002314937
v 0.007404849 -0.005 0.0002314937
v 0.0075 -0.005 0.000375
v 0.007404849 0 0.0002314937
v 0.0075 0 0.000375
v 0.007404849 0.005 0.0002314937
v 0.0075 0.005 0.000375
v 0.007404849 0.00625 0.0002314937
v 0.0075 0.00625 0.000375
v 0.007290014 0.006740342 0.0002278973
v 0.007404849 0.006728354 0.000375
v 0.007070318 0.007070318 0.0002353611
v 0.007133883 0.007133883 0.000375
v 0.006728354 0.007404849 0.000375
v 0.006740342 0.007290014 0.0002278973
v 0.00625 0.0075 0.000375
v 0.00625 0.007404849 0.0002314937
v 0.005 0.007404849 0.0002314937
v 0.005 0.0075 0.000375
v 0 0.007404849 0.0002314937
v 0 0.0075 0.000375
v -0.005 0.007404849 0.0002314937
v -0.005 0.0075 0.000375
v -0.00625 0.007404849 0.0002314937
v -0.00625 0.0075 0.000375
v -0.006740342 0.007290014 0.0002278973
v -0.006728354 0.007404849 0.000375
v -0.007070318 0.007070318 0.0002353611
v -0.007133883 0.007133883 0.000375
v -0.007404849 0.006728354 0.000375
v -0.007290014 0.006740342 0.0002278973
v -0.0075 0.00625 0.000375
v -0.007404849 0.00625 0.0002314937
v -0.007404849 0.005 0.0002314937
v -0.0075 0.005 0.000375
v -0.007404849 0 0.0002314937
v -0.0075 0 0.000375
v -0.007404849 -0.005 0.0002314937
v -0.0075 -0.005 0.000375
v -0.007404849 -0.00625 0.0002314937
v -0.0075 -0.00625 0.000375
v -0.007290014 -0.006740342 0.0002278973
v -0.007404849 -0.006728354 0.000375
v -0.007070318 -0.007070318 0.0002353611
v -0.007133883 -0.007133883 0.000375
v -0.006728354 -0.007404849 0.000375
v -0.006740342 -0.007290014 0.0002278973
v -0.00625 -0.0075 0.000375
v -0.00625 -0.007404849 0.0002314937
v -0.005 -0.007404849 0.0002314937
v -0.005 -0.0075 0.000375
v 0 -0.007404849 0.0002314937
v 0 -0.0075 0.000375
v 0.005 -0.007404849 0.0002314937
v 0.005 -0.0075 0.000375
v 0.00625 -0.007404849 0.0002314937
v 0.00625 -0.0075 0.000375
v 0.006740342 -0.007290014 0.0002278973
v 0.006728354 -0.007404849 0.000375
v 0.007133883 -0.007133883 0.000375
v -0.009633883 -0.009633883 0
v -0.009904849 -0.009228354 0.002625
v -0.009633883 -0.009633883 0.002625
v -0.009904849 -0.009228354 0
v -0.009633883 -0.009633883 -0.002625
v -0.01 -0.00875 0.002625
v -0.009904849 -0.009228354 -0.002625
v -0.01 -0.00875 0
v -0.01 -0.0075 0.002625
v -0.01 -0.00875 -0.002625
v -0.01 -0.0075 0
v -0.01 -0.005 0.002625
v -0.01 -0.0075 -0.002625
v -0.01 -0.005 0
v -0.01 0 0.002625
v -0.01 -0.005 -0.002625
v -0.01 0 0
v -0.01 0.005 0.002625
v -0.01 0 -0.002625
v -0.01 0.005 0
v -0.01 0.0075 0.002625
v -0.01 0.005 -0.002625
v -0.01 0.0075 0
v -0.01 0.00875 0.002625
v -0.01 0.0075 -0.002625
v -0.01 0.00875 0
v -0.009904849 0.009228354 0.002625
v -0.01 0.00875 -0.002625
v -0.009904849 0.009228354 0
v -0.009633883 0.009633883 0.002625
v -0.009904849 0.009228354 -0.002625
v -0.009633883 0.009633883 0
v -0.009228354 0.009904849 0.002625
v -0.009633883 0.009633883 -0.002625
v -0.009228354 0.009904849 0
v -0.00875 0.01 0.002625
v -0.009228354 0.009904849 -0.002625
v -0.00875 0.01 0
v -0.0075 0.01 0.002625
v -0.00875 0.01 -0.002625
v -0.0075 0.01 0
v -0.005 0.01 0.002625
v -0.0075 0.01 -0.002625
v -0.005 0.01 0
v 0 0.01 0.002625
v -0.005 0.01 -0.002625
v 0 0.01 0
v 0.005 0.01 0.002625
v 0 0.01 -0.002625
v 0.005 0.01 0
v 0.0075 0.01 0.002625
v 0.005 0.01 -0.002625
v 0.0075 0.01 0
v 0.00875 0.01 0.002625
v 0.0075 0.01 -0.002625
v 0.00875 0.01 0
v 0.009228354 0.009904849 0.002625
v 0.00875 0.01 -0.002625
v 0.009228354 0.009904849 0
v 0.009633883 0.009633883 0.002625
v 0.009228354 0.009904849 -0.002625
v 0.009633883 0.009633883 0
v 0.009904849 0.009228354 0.002625
v 0.009633883 0.009633883 -0.002625
v 0.009904849 0.009228354 0
v 0.01 0.00875 0.002625
v 0.009904849 0.009228354 -0.002625
v 0.01 0.00875 0
v 0.01 0.0075 0.002625
v 0.01 0.00875 -0.002625
v 0.01 0.0075 0
v 0.01 0.005 0.002625
v 0.01 0.0075 -0.002625
v 0.01 0.005 0
v 0.01 0 0.002625
v 0.01 0.005 -0.002625
v 0.01 0 0
v 0.01 -0.005 0.002625
v 0.01 0 -0.002625
v 0.01 -0.005 0
v 0.01 -0.0075 0.002625
v 0.01 -0.005 -0.002625
v 0.01 -0.0075 0
v 0.01 -0.00875 0.002625
v 0.01 -0.0075 -0.002625
v 0.01 -0.00875 0
v 0.009904849 -0.009228354 0.002625
v 0.01 -0.00875 -0.002625
v 0.009904849 -0.009228354 0
v 0.009633883 -0.009633883 0.002625
v 0.009904849 -0.009228354 -0.002625
v 0.009633883 -0.009633883 0
v 0.009228354 -0.009904849 0.002625
v 0.009633883 -0.009633883 -0.002625
v 0.009228354 -0.009904849 0
v 0.00875 -0.01 0.002625
v 0.009228354 -0.009904849 -0.002625
v 0.00875 -0.01 0
v 0.0075 -0.01 0.002625
v 0.00875 -0.01 -0.002625
v 0.0075 -0.01 0
v 0.005 -0.01 0.002625
v 0.0075 -0.01 -0.002625
v 0.005 -0.01 0
v 0 -0.01 0.002625
v 0.005 -0.01 -0.002625
v 0 -0.01 0
v -0.005 -0.01 0.002625
v 0 -0.01 -0.002625
v -0.005 -0.01 0
v -0.0075 -0.01 0.002625
v -0.005 -0.01 -0.002625
v -0.0075 -0.01 0
v -0.00875 -0.01 0.002625
v -0.0075 -0.01 -0.002625
v -0.00875 -0.01 0
v -0.009228354 -0.009904849 0.002625
v -0.00875 -0.01 -0.002625
v -0.009228354 -0.009904849 0
v -0.009633883 -0.009633883 0.002625
v -0.009228354 -0.009904849 -0.002625
v -0.009633883 -0.009633883 0
v -0.009633883 -0.009633883 -0.002625
v 0.0075 0.009633883 -0.002890165
v 0.0075 0.009228354 -0.002971455
v 0.005 0.009633883 -0.002890165
v 0.0075 0.00875 -0.003
v 0.005 0.009228354 -0.002971455
v 0 0.009633883 -0.002890165
v 0.0075 0.0075 -0.003
v 0 0.009228354 -0.002971455
v -0.005 0.009633883 -0.002890165
v 0.005 0.00875 -0.003
v 0.005 0.0075 -0.003
v -0.005 0.009228354 -0.002971455
v -0.0075 0.009633883 -0.002890165
v 0 0.00875 -0.003
v 0.005 0.005 -0.003
v -0.0075 0.009228354 -0.002971455
v -0.00875 0.009633883 -0.002890165
v -0.005 0.00875 -0.003
v 0 0.0075 -0.003
v 0.005 0 -0.003
v -0.00875 0.009228354 -0.002971455
v -0.009215463 0.009570318 -0.002871095
v -0.0075 0.00875 -0.003
v 0 0.005 -0.003
v -0.005 0.0075 -0.003
v 0.005 -0.005 -0.003
v -0.009240342 0.009240342 -0.002937004
v -0.009471687 0.009471687 -0.002841506
v -0.009570318 0.009215463 -0.002871095
v -0.00875 0.00875 -0.003
v -0.009228354 0.00875 -0.002971455
v -0.009633883 0.00875 -0.002890165
v -0.009633883 0.0075 -0.002890165
v -0.009228354 0.0075 -0.002971455
v -0.009633883 0.005 -0.002890165
v -0.0075 0.0075 -0.003
v -0.009228354 0.005 -0.002971455
v -0.009633883 0 -0.002890165
v -0.00875 0.0075 -0.003
v -0.005 0.005 -0.003
v -0.009228354 0 -0.002971455
v -0.009633883 -0.005 -0.002890165
v -0.00875 0.005 -0.003
v -0.0075 0.005 -0.003
v 0 0 -0.003
v -0.009228354 -0.005 -0.002971455
v -0.009633883 -0.0075 -0.002890165
v -0.00875 0 -0.003
v -0.005 0 -0.003
v -0.0075 0 -0.003
v 0 -0.005 -0.003
v -0.009228354 -0.0075 -0.002971455
v -0.009633883 -0.00875 -0.002890165
v -0.00875 -0.005 -0.003
v -0.005 -0.005 -0.003
v -0.0075 -0.005 -0.003
v 0.005 -0.0075 -0.003
v -0.009228354 -0.00875 -0.002971455
v -0.009570318 -0.009215463 -0.002871095
v -0.00875 -0.0075 -0.003
v -0.0075 -0.0075 -0.003
v -0.005 -0.0075 -0.003
v 0 -0.0075 -0.003
v 0.005 -0.00875 -0.003
v -0.009240342 -0.009240342 -0.002937004
v -0.009471687 -0.009471687 -0.002841506
v -0.009215463 -0.009570318 -0.002871095
v -0.00875 -0.00875 -0.003
v -0.00875 -0.009228354 -0.002971455
v -0.00875 -0.009633883 -0.002890165
v -0.0075 -0.009633883 -0.002890165
v -0.0075 -0.009228354 -0.002971455
v -0.005 -0.009633883 -0.002890165
v -0.0075 -0.00875 -0.003
v -0.005 -0.009228354 -0.002971455
v 0 -0.009633883 -0.002890165
v -0.005 -0.00875 -0.003
v 0 -0.009228354 -0.002971455
v 0.005 -0.009633883 -0.002890165
v 0 -0.00875 -0.003
v 0.005 -0.009228354 -0.002971455
v 0.009240342 -0.009790014 0.002772103
v 0.009471687 -0.009471687 0.002841506
v 0.009570318 -0.009570318 0.002764639
v 0.009790014 -0.009240342 0.002772103
v 0.009570318 -0.009215463 0.002871095
v 0.009904849 -0.00875 0.002768506
v 0.009633883 -0.00875 0.002890165
v 0.009228354 -0.0075 0.002971455
v 0.009633883 -0.0075 0.002890165
v 0.009904849 -0.0075 0.002768506
v 0.00875 -0.005 0.003
v 0.009228354 -0.005 0.002971455
v 0.00875 0 0.003
v 0.009633883 -0.005 0.002890165
v 0.009904849 -0.005 0.002768506
v 0.009228354 0 0.002971455
v 0.00875 0.005 0.003
v 0.009633883 0 0.002890165
v 0.009228354 0.005 0.002971455
v -0.007404849 0.006728354 0.000375
v -0.0075 0.00625 0.000375
v -0.0075 0.00625 0.002625
v -0.0075 0.005 0.000375
v -0.007404849 0.006728354 0.002625
v -0.0075 0.005 0.002625
v -0.007133883 0.007133883 0.000375
v -0.0075 0 0.000375
v -0.007133883 0.007133883 0.002625
v -0.0075 0 0.002625
v -0.006728354 0.007404849 0.000375
v -0.0075 -0.005 0.000375
v -0.006728354 0.007404849 0.002625
v -0.0075 -0.005 0.002625
v -0.00625 0.0075 0.000375
v -0.00625 0.0075 0.002625
v -0.005 0.0075 0.002625
v -0.005 0.0075 0.000375
v 0 0.0075 0.002625
v 0 0.0075 0.000375
v 0.005 0.0075 0.002625
v 0.005 0.0075 0.000375
v -0.0075 -0.00625 0.000375
v -0.0075 -0.00625 0.002625
v -0.007404849 -0.006728354 0.002625
v -0.007404849 -0.006728354 0.000375
v -0.007133883 -0.007133883 0.002625
v -0.007133883 -0.007133883 0.000375
v -0.006728354 -0.007404849 0.002625
v -0.006728354 -0.007404849 0.000375
v 0.00625 0.0075 0.002625
v 0.00625 0.0075 0.000375
v 0.006728354 0.007404849 0.000375
v 0.006728354 0.007404849 0.002625
v 0.007133883 0.007133883 0.000375
v 0.007133883 0.007133883 0.002625
v 0.007404849 0.006728354 0.000375
v 0.007404849 0.006728354 0.002625
v -0.00625 -0.0075 0.002625
v -0.00625 -0.0075 0.000375
v -0.005 -0.0075 0.000375
v -0.005 -0.0075 0.002625
v 0 -0.0075 0.000375
v 0 -0.0075 0.002625
v 0.005 -0.0075 0.000375
v 0.005 -0.0075 0.002625
v 0.0075 0.00625 0.000375
v 0.0075 0.00625 0.002625
v 0.0075 0.005 0.002625
v 0.0075 0.005 0.000375
v 0.0075 0 0.002625
v 0.0075 0 0.000375
v 0.0075 -0.005 0.002625
v 0.0075 -0.005 0.000375
v 0.00625 -0.0075 0.000375
v 0.00625 -0.0075 0.002625
v 0.006728354 -0.007404849 0.002625
v 0.006728354 -0.007404849 0.000375
v 0.007133883 -0.007133883 0.002625
v 0.007133883 -0.007133883 0.000375
v 0.007404849 -0.006728354 0.002625
v 0.007404849 -0.006728354 0.000375
v 0.0075 -0.00625 0.002625
v 0.0075 -0.00625 0.000375
vn -0.2969156 -0.7732021 -0.5603568
vn -0.5988474 -0.5988479 -0.5317547
vn -0.5988474 -0.5988478 -0.5317547
vn -0.3558282 -0.7546886 -0.551209
vn -0.08311275 -0.8213835 -0.5642885
vn -0.08966288 -0.8201773 -0.5650396
vn 0 -0.8334424 -0.5526063
vn 0 -0.8334424 -0.5526063
vn 0 -0.8334424 -0.5526063
vn 0 -0.8334424 -0.5526063
vn 0 -0.8334424 -0.5526063
vn 0 -0.8334424 -0.5526063
vn 0 -0.8334424 -0.5526063
vn 0 -0.8334424 -0.5526063
vn 0 -0.8334424 -0.5526063
vn 0 -0.8334424 -0.5526063
vn 0.08311272 -0.8213832 -0.5642888
vn 0.08966284 -0.8201771 -0.5650399
vn 0.3558282 -0.7546889 -0.5512087
vn 0.2969156 -0.7732021 -0.5603567
vn 0.598848 -0.5988481 -0.5317537
vn 0.598848 -0.5988482 -0.5317537
vn 0.7732019 -0.296916 -0.5603567
vn 0.7546889 -0.3558289 -0.5512081
vn 0.8213827 -0.0831127 -0.5642896
vn 0.8201765 -0.08966281 -0.5650407
vn 0.8334424 0 -0.5526063
vn 0.8334424 0 -0.5526063
vn 0.8334424 0 -0.5526063
vn 0.8334424 0 -0.5526063
vn 0.8334424 0 -0.5526063
vn 0.8334424 0 -0.5526063
vn 0.8334424 0 -0.5526063
vn 0.8334424 0 -0.5526063
vn 0.8334424 0 -0.5526063
vn 0.8334424 0 -0.5526063
vn 0.8213827 0.08311263 -0.5642896
vn 0.8201765 0.08966274 -0.5650408
vn 0.7546884 0.355829 -0.5512087
vn 0.7732015 0.296916 -0.5603573
vn 0.5988474 0.5988479 -0.5317547
vn 0.5988474 0.5988478 -0.5317547
vn 0.2969156 0.7732021 -0.5603568
vn 0.3558282 0.7546886 -0.551209
vn 0.08311275 0.8213835 -0.5642885
vn 0.08966288 0.8201773 -0.5650396
vn 0 0.8334424 -0.5526063
vn 0 0.8334424 -0.5526063
vn 0 0.8334424 -0.5526063
vn 0 0.8334424 -0.5526063
vn 0 0.8334424 -0.5526063
vn 0 0.8334424 -0.5526063
vn 0 0.8334424 -0.5526063
vn 0 0.8334424 -0.5526063
vn 0 0.8334424 -0.5526063
vn 0 0.8334424 -0.5526063
vn -0.08311272 0.8213832 -0.5642888
vn -0.08966284 0.8201771 -0.5650399
vn -0.3558282 0.7546889 -0.5512087
vn -0.2969156 0.7732021 -0.5603567
vn -0.598848 0.5988481 -0.5317537
vn -0.598848 0.5988482 -0.5317537
vn -0.7732019 0.296916 -0.5603567
vn -0.7546889 0.3558289 -0.5512081
vn -0.8213827 0.0831127 -0.5642896
vn -0.8201765 0.08966281 -0.5650407
vn -0.8334424 0 -0.5526063
vn -0.8334424 0 -0.5526063
vn -0.8334424 0 -0.5526063
vn -0.8334424 0 -0.5526063
vn -0.8334424 0 -0.5526063
vn -0.8334424 0 -0.5526063
vn -0.8334424 0 -0.5526063
vn -0.8334424 0 -0.5526063
vn -0.8334424 0 -0.5526063
vn -0.8334424 0 -0.5526063
vn -0.8213827 -0.08311263 -0.5642896
vn -0.8201765 -0.08966274 -0.5650408
vn -0.7546884 -0.355829 -0.5512087
vn -0.7732015 -0.296916 -0.5603573
vn -0.5988474 -0.5988479 -0.5317547
vn -0.5988474 -0.5988478 -0.5317547
vn -0.1618939 -0.3983568 -0.9028301
vn -0.2808258 -0.2808256 -0.9177548
vn -0.3264569 -0.3264557 -0.8870472
vn -0.1538164 -0.3051832 -0.9397892
vn -0.04189793 -0.4077161 -0.912147
vn -0.03954717 -0.3081411 -0.9505184
vn 0 -0.4095916 -0.912269
vn 0 -0.3049814 -0.9523583
vn 0 -0.4095916 -0.912269
vn 0 -0.3049814 -0.9523583
vn 0 -0.4095916 -0.912269
vn 0 -0.3049814 -0.9523583
vn 0 -0.4095916 -0.912269
vn 0 -0.3049814 -0.9523583
vn 0 -0.4095916 -0.912269
vn 0 -0.3049814 -0.9523583
vn 0.04189796 -0.4077162 -0.9121469
vn 0.03954723 -0.3081412 -0.9505183
vn 0.1538163 -0.3051832 -0.9397893
vn 0.1618938 -0.3983568 -0.9028301
vn 0.2808256 -0.2808255 -0.9177549
vn 0.3264565 -0.3264556 -0.8870472
vn 0.3983585 -0.1618938 -0.9028294
vn 0.3051839 -0.1538166 -0.9397889
vn 0.407717 -0.04189777 -0.9121467
vn 0.1336841 -0.1336846 -0.981966
vn 0.0323923 -0.1291696 -0.9910933
vn 0.3081415 -0.03954711 -0.9505182
vn 0.4095916 0 -0.912269
vn 0.1291695 -0.03239245 -0.9910933
vn 0.3049814 0 -0.9523583
vn 0.4095916 0 -0.912269
vn 0.03089604 -0.0308962 -0.999045
vn 0 -0.1283622 -0.9917274
vn 0 -0.3049814 -0.9523583
vn 0.3049814 0 -0.9523583
vn 0.4095916 0 -0.912269
vn 0.1283622 0 -0.9917274
vn 0.3049814 0 -0.9523583
vn 0.4095916 0 -0.912269
vn 0.1283622 0 -0.9917274
vn 0.3049814 0 -0.9523583
vn 0.4095916 0 -0.912269
vn 0 -0.0297972 -0.9995559
vn 0.0297972 0 -0.9995559
vn 0.1283622 0 -0.9917274
vn 0.3049814 0 -0.9523583
vn 0.4077169 0.0418977 -0.9121467
vn 0 0 -1
vn 0.0297972 0 -0.9995559
vn 0.1283622 0 -0.9917274
vn 0 0 -1
vn 0.0297972 0 -0.9995559
vn 0 0 -1
vn 0.3081415 0.03954709 -0.9505182
vn 0.1283622 0 -0.9917274
vn 0.0297972 0 -0.9995559
vn 0.305184 0.1538166 -0.9397889
vn 0.3983586 0.1618936 -0.9028294
vn 0.1291695 0.03239247 -0.9910933
vn 0.2808258 0.2808256 -0.9177548
vn 0.3264569 0.3264557 -0.8870472
vn 0.1618939 0.3983568 -0.9028301
vn 0.1336841 0.1336846 -0.981966
vn 0.1538164 0.3051832 -0.9397892
vn 0.04189793 0.4077161 -0.912147
vn 0.0297972 0 -0.9995559
vn 0 0 -1
vn 0.03089605 0.0308962 -0.999045
vn 0.03954717 0.3081411 -0.9505184
vn 0 0.4095916 -0.912269
vn 0.03239226 0.1291696 -0.9910933
vn 0 0.3049814 -0.9523583
vn 0 0.4095916 -0.912269
vn 0 0.3049814 -0.9523583
vn 0 0.4095916 -0.912269
vn 0 0.3049814 -0.9523583
vn 0 0.4095916 -0.912269
vn 0 0.3049814 -0.9523583
vn 0 0.4095916 -0.912269
vn 0 0.3049814 -0.9523583
vn -0.04189796 0.4077162 -0.9121469
vn -0.03954723 0.3081412 -0.9505183
vn -0.1538163 0.3051832 -0.9397893
vn -0.1618938 0.3983568 -0.9028301
vn -0.2808256 0.2808255 -0.9177549
vn -0.3264565 0.3264556 -0.8870472
vn -0.3983585 0.1618938 -0.9028294
vn -0.3051839 0.1538166 -0.9397889
vn -0.407717 0.04189777 -0.9121467
vn -0.3081415 0.03954711 -0.9505182
vn -0.4095916 0 -0.912269
vn -0.3049814 0 -0.9523583
vn -0.4095916 0 -0.912269
vn -0.3049814 0 -0.9523583
vn -0.4095916 0 -0.912269
vn -0.3049814 0 -0.9523583
vn -0.4095916 0 -0.912269
vn -0.3049814 0 -0.9523583
vn -0.4095916 0 -0.912269
vn -0.3049814 0 -0.9523583
vn -0.4077169 -0.0418977 -0.9121467
vn -0.3081415 -0.03954709 -0.9505182
vn -0.305184 -0.1538166 -0.9397889
vn -0.3983586 -0.1618936 -0.9028294
vn -0.2808258 -0.2808256 -0.9177548
vn -0.3264569 -0.3264557 -0.8870472
vn -0.7732019 -0.296916 0.5603567
vn -0.598848 -0.5988481 0.5317537
vn -0.598848 -0.5988482 0.5317537
vn -0.7546889 -0.3558289 0.5512081
vn -0.8213827 -0.0831127 0.5642896
vn -0.8201765 -0.08966281 0.5650407
vn -0.8334424 0 0.5526063
vn -0.8334424 0 0.5526063
vn -0.8334424 0 0.5526063
vn -0.8334424 0 0.5526063
vn -0.8334424 0 0.5526063
vn -0.8334424 0 0.5526063
vn -0.8334424 0 0.5526063
vn -0.8334424 0 0.5526063
vn -0.8334424 0 0.5526063
vn -0.8334424 0 0.5526063
vn -0.8213827 0.08311263 0.5642896
vn -0.8201765 0.08966274 0.5650408
vn -0.7546884 0.355829 0.5512087
vn -0.7732015 0.296916 0.5603573
vn -0.5988474 0.5988479 0.5317547
vn -0.5988474 0.5988478 0.5317547
vn -0.2969156 0.7732021 0.5603568
vn -0.3558282 0.7546886 0.551209
vn -0.08311275 0.8213835 0.5642885
vn -0.08966288 0.8201773 0.5650396
vn 0 0.8334424 0.5526063
vn 0 0.8334424 0.5526063
vn 0 0.8334424 0.5526063
vn 0 0.8334424 0.5526063
vn 0 0.8334424 0.5526063
vn 0 0.8334424 0.5526063
vn 0 0.8334424 0.5526063
vn 0 0.8334424 0.5526063
vn 0 0.8334424 0.5526063
vn 0 0.8334424 0.5526063
vn 0.08311272 0.8213832 0.5642888
vn 0.08966284 0.8201771 0.5650399
vn 0.3558282 0.7546889 0.5512087
vn 0.2969156 0.7732021 0.5603567
vn 0.598848 0.5988481 0.5317537
vn 0.598848 0.5988482 0.5317537
vn 0.7732019 0.296916 0.5603567
vn 0.7546889 0.3558289 0.5512081
vn 0.8213827 0.0831127 0.5642896
vn 0.8201765 0.08966281 0.5650407
vn 0.8334424 0 0.5526063
vn 0.8334424 0 0.5526063
vn 0.8334424 0 0.5526063
vn 0.8334424 0 0.5526063
vn 0.8334424 0 0.5526063
vn 0.8334424 0 0.5526063
vn 0.8334424 0 0.5526063
vn 0.8334424 0 0.5526063
vn 0.8334424 0 0.5526063
vn 0.8334424 0 0.5526063
vn 0.8213827 -0.08311263 0.5642896
vn 0.8201765 -0.08966274 0.5650408
vn 0.7546884 -0.355829 0.5512087
vn 0.7732015 -0.296916 0.5603573
vn 0.5988474 -0.5988479 0.5317547
vn 0.5988474 -0.5988478 0.5317547
vn 0.2969156 -0.7732021 0.5603568
vn 0.3558282 -0.7546886 0.551209
vn 0.08311275 -0.8213835 0.5642885
vn 0.08966288 -0.8201773 0.5650396
vn 0 -0.8334424 0.5526063
vn 0 -0.8334424 0.5526063
vn 0 -0.8334424 0.5526063
vn 0 -0.8334424 0.5526063
vn 0 -0.8334424 0.5526063
vn 0 -0.8334424 0.5526063
vn 0 -0.8334424 0.5526063
vn 0 -0.8334424 0.5526063
vn 0 -0.8334424 0.5526063
vn 0 -0.8334424 0.5526063
vn -0.08311272 -0.8213832 0.5642888
vn -0.08966284 -0.8201771 0.5650399
vn -0.3558282 -0.7546889 0.5512087
vn -0.2969156 -0.7732021 0.5603567
vn -0.598848 -0.5988481 0.5317537
vn -0.598848 -0.5988482 0.5317537
vn -0.3983585 -0.1618938 0.9028294
vn -0.2808256 -0.2808255 0.9177549
vn -0.3264565 -0.3264556 0.8870472
vn -0.3051839 -0.1538166 0.9397889
vn -0.407717 -0.04189777 0.9121467
vn -0.3081415 -0.03954711 0.9505182
vn -0.4095916 0 0.912269
vn -0.3049814 0 0.9523583
vn -0.4095916 0 0.912269
vn -0.3049814 0 0.9523583
vn -0.4095916 0 0.912269
vn -0.3049814 0 0.9523583
vn -0.4095916 0 0.912269
vn -0.3049814 0 0.9523583
vn -0.4095916 0 0.912269
vn -0.3049814 0 0.9523583
vn -0.4077169 0.0418977 0.9121467
vn -0.3081415 0.03954709 0.9505182
vn -0.305184 0.1538166 0.9397889
vn -0.3983586 0.1618936 0.9028294
vn -0.2808258 0.2808256 0.9177548
vn -0.3264569 0.3264557 0.8870472
vn -0.1618939 0.3983568 0.9028301
vn -0.1538164 0.3051832 0.9397892
vn -0.04189793 0.4077161 0.912147
vn -0.03954717 0.3081411 0.9505184
vn 0 0.4095916 0.912269
vn 0 0.3049814 0.9523583
vn 0 0.4095916 0.912269
vn 0 0.3049814 0.9523583
vn 0 0.4095916 0.912269
vn 0 0.3049814 0.9523583
vn 0 0.4095916 0.912269
vn 0 0.3049814 0.9523583
vn 0 0.4095916 0.912269
vn 0 0.3049814 0.9523583
vn 0.04189796 0.4077162 0.9121469
vn 0.03954723 0.3081412 0.9505183
vn 0.1538164 0.3051832 0.9397893
vn 0.1618938 0.3983568 0.9028301
vn 0.2808256 0.2808255 0.9177549
vn 0.3264565 0.3264556 0.8870472
vn 0.3983585 0.1618938 0.9028294
vn 0.3051839 0.1538166 0.9397889
vn 0.407717 0.04189777 0.9121467
vn 0.1336841 0.1336846 0.981966
vn 0.0323923 0.1291696 0.9910933
vn 0.3081415 0.03954711 0.9505182
vn 0.4095916 0 0.912269
vn 0.1291695 0.03239245 0.9910933
vn 0.3049814 0 0.9523583
vn 0.4095916 0 0.912269
vn 0.03089604 0.0308962 0.999045
vn 0 0.1283622 0.9917274
vn 0 0.3049814 0.9523583
vn 0.3049814 0 0.9523583
vn 0.4095916 0 0.912269
vn 0.1283622 0 0.9917274
vn 0 0.0297972 0.9995559
vn 0.0297972 0 0.9995559
vn 0 0.1283622 0.9917274
vn 0 0.3049814 0.9523583
vn 0 0.0297972 0.9995559
vn -0.01551286 -0.01551276 0.9997594
vn 0 0.0297972 0.9995559
vn 0 0.1283622 0.9917274
vn 0 0.3049814 0.9523583
vn 0 0.0297972 0.9995559
vn 0 0.1283622 0.9917274
vn 0 0.3049814 0.9523583
vn 0 0.0297972 0.9995559
vn 0 0.1283622 0.9917274
vn 0 0.3049814 0.9523583
vn -0.03089605 0.0308962 0.999045
vn -0.03239226 0.1291696 0.9910933
vn -0.03954717 0.3081411 0.9505184
vn -0.1538164 0.3051832 0.9397892
vn -0.1336841 0.1336846 0.981966
vn -0.2808258 0.2808256 0.9177548
vn -0.305184 0.1538166 0.9397889
vn -0.1291695 0.03239247 0.9910933
vn -0.3081415 0.03954709 0.9505182
vn -0.0297972 0 0.9995559
vn -0.1283622 0 0.9917274
vn -0.3049814 0 0.9523583
vn -0.0297972 0 0.9995559
vn 0.01551286 -0.01551276 0.9997594
vn -0.1283622 0 0.9917274
vn -0.3049814 0 0.9523583
vn -0.0297972 0 0.9995559
vn -0.1283622 0 0.9917274
vn -0.3049814 0 0.9523583
vn -0.0297972 0 0.9995559
vn -0.1283622 0 0.9917274
vn -0.3049814 0 0.9523583
vn -0.0297972 0 0.9995559
vn -0.1283622 0 0.9917274
vn -0.3049814 0 0.9523583
vn -0.03089604 -0.0308962 0.999045
vn -0.1291695 -0.03239245 0.9910933
vn -0.3081415 -0.03954711 0.9505182
vn -0.3051839 -0.1538166 0.9397889
vn -0.1336841 -0.1336846 0.981966
vn -0.2808256 -0.2808255 0.9177549
vn -0.1538163 -0.3051832 0.9397893
vn -0.0323923 -0.1291696 0.9910933
vn -0.03954723 -0.3081412 0.9505183
vn 0 -0.0297972 0.9995559
vn 0 -0.1283622 0.9917274
vn 0 -0.3049814 0.9523583
vn 0 -0.0297972 0.9995559
vn 0.01551286 0.01551274 0.9997594
vn 0 -0.1283622 0.9917274
vn 0 -0.3049814 0.9523583
vn 0 -0.0297972 0.9995559
vn 0 -0.1283622 0.9917274
vn 0 -0.3049814 0.9523583
vn 0 -0.0297972 0.9995559
vn 0 -0.1283622 0.9917274
vn 0 -0.3049814 0.9523583
vn 0 -0.0297972 0.9995559
vn 0 -0.1283622 0.9917274
vn 0 -0.3049814 0.9523583
vn 0.03089605 -0.0308962 0.999045
vn 0.03239226 -0.1291696 0.9910933
vn 0.03954717 -0.3081411 0.9505184
vn 0.1336841 -0.1336846 0.981966
vn 0.1538164 -0.3051832 0.9397892
vn 0.1291695 -0.03239247 0.9910933
vn 0.0297972 0 0.9995559
vn 0.04189793 -0.4077161 0.912147
vn 0 -0.4095916 0.912269
vn 0 -0.3049814 0.9523583
vn 0 -0.4095916 0.912269
vn 0 -0.3049814 0.9523583
vn 0 -0.4095916 0.912269
vn 0 -0.3049814 0.9523583
vn 0 -0.4095916 0.912269
vn 0 -0.3049814 0.9523583
vn 0 -0.4095916 0.912269
vn 0 -0.3049814 0.9523583
vn -0.04189796 -0.4077162 0.9121469
vn -0.03954723 -0.3081412 0.9505183
vn -0.1538163 -0.3051832 0.9397893
vn -0.1618938 -0.3983568 0.9028301
vn -0.2808256 -0.2808255 0.9177549
vn -0.3264565 -0.3264556 0.8870472
vn 0.1601046 0.5061995 0.8474248
vn 0.2528403 0.2528402 0.9338863
vn 0.2983095 0.2983094 0.9066548
vn 0.1819736 0.2973829 0.9372561
vn 0.01741383 0.8044747 0.5937316
vn 0.06974103 0.472056 0.8788056
vn 0 0.8334423 0.5526065
vn 0 0.8334423 0.5526065
vn 0 0.8334424 0.5526063
vn 0 0.8334424 0.5526063
vn 0 0.8334423 0.5526065
vn 0 0.8334423 0.5526065
vn -0.01741384 0.8044747 0.5937316
vn -0.06974103 0.4720559 0.8788057
vn 0.1322238 0.1518598 0.9795179
vn 0.05902009 0.1615611 0.9850963
vn -0.1819736 0.2973829 0.9372561
vn -0.1601046 0.5061993 0.8474248
vn 0.1893801 0.1893801 0.9634678
vn -0.1322238 0.1518598 0.9795179
vn -0.0590201 0.1615611 0.9850963
vn -0.2528403 0.2528402 0.9338863
vn -0.2983095 0.2983093 0.9066548
vn -0.1893801 0.1893801 0.9634678
vn -0.0758785 0.07587912 0.9942257
vn -0.1518599 0.1322237 0.9795179
vn -0.2973831 0.1819734 0.9372561
vn 0.07587849 0.07587916 0.9942257
vn 0.02485476 0.06186809 0.9977748
vn 0.05902009 0.1615611 0.9850963
vn -0.4720555 0.06974128 0.8788059
vn -0.8044754 0.01741392 0.5937307
vn -0.5061984 0.1601049 0.8474253
vn -0.8334427 0 0.552606
vn -0.8334427 0 0.552606
vn -0.8334424 0 0.5526063
vn -0.8334424 0 0.5526063
vn -0.8334427 0 0.552606
vn -0.8334427 0 0.552606
vn -0.8044754 -0.01741398 0.5937307
vn -0.4720555 -0.06974148 0.8788059
vn -0.161561 0.05902025 0.9850963
vn -0.4095914 0 0.9122691
vn -0.3049814 0 0.9523583
vn -0.2973831 -0.1819735 0.9372561
vn -0.5061984 -0.1601053 0.8474252
vn -0.1518598 -0.1322238 0.9795179
vn -0.161561 -0.05902028 0.9850963
vn -0.3049814 0 0.9523583
vn -0.4095914 0 0.9122691
vn -0.1893801 -0.1893801 0.9634678
vn -0.2528403 -0.2528402 0.9338863
vn -0.07587849 -0.07587916 0.9942257
vn -0.06186876 -0.02485413 0.9977748
vn -0.161561 -0.05902028 0.9850963
vn -0.1819736 -0.2973829 0.9372561
vn -0.1322238 -0.1518598 0.9795179
vn -0.1601046 -0.5061995 0.8474248
vn -0.2983095 -0.2983094 0.9066548
vn -0.01741384 -0.804476 0.5937299
vn -0.06974103 -0.472056 0.8788056
vn 0 -0.8334429 0.5526055
vn 0 -0.8334429 0.5526055
vn 0 -0.8334424 0.5526063
vn 0 -0.8334424 0.5526063
vn 0 -0.8334429 0.5526055
vn 0 -0.8334429 0.5526055
vn 0.01741384 -0.804476 0.5937299
vn 0.06974103 -0.472056 0.8788056
vn 0.1819736 -0.2973829 0.9372561
vn 0.1601046 -0.5061993 0.8474248
vn 0.2528403 -0.2528402 0.9338863
vn 0.2983095 -0.2983093 0.9066548
vn 0.5061984 -0.1601049 0.8474253
vn 0.2973831 -0.1819734 0.9372561
vn 0.8044754 -0.01741392 0.5937307
vn 0.1893801 -0.1893801 0.9634678
vn 0.4720555 -0.06974128 0.8788059
vn 0.8334427 0 0.552606
vn 0.8334427 0 0.552606
vn 0.8334424 0 0.5526063
vn 0.8334424 0 0.5526063
vn 0.8334427 0 0.552606
vn 0.8334427 0 0.552606
vn 0.8044754 0.01741398 0.5937307
vn 0.4720555 0.06974148 0.8788059
vn 0.1518599 -0.1322237 0.979518
vn 0.1322238 -0.1518598 0.9795179
vn 0.2973831 0.1819735 0.9372561
vn 0.5061984 0.1601053 0.8474252
vn 0.2983095 0.2983094 0.9066548
vn 0.1518598 0.1322238 0.9795179
vn 0.161561 -0.05902025 0.9850963
vn 0.4095914 0 0.9122691
vn 0.3049814 0 0.9523583
vn 0.4095916 0 0.912269
vn 0.06186876 -0.02485414 0.9977748
vn 0.3049814 0 0.9523583
vn 0.4095914 0 0.9122691
vn 0.3049814 0 0.9523583
vn 0.161561 0.05902028 0.9850963
vn 0.06186876 0.02485413 0.9977748
vn 0.1283623 0 0.9917274
vn 0.0758785 -0.07587912 0.9942257
vn 0.1283622 0 0.9917274
vn 0.1283623 0 0.9917274
vn 0.02979723 0 0.9995559
vn 0.0297972 0 0.9995559
vn 0.02979723 0 0.9995559
vn 0 0.1283622 0.9917274
vn 0 0.02979718 0.9995559
vn 0.02485476 -0.06186812 0.9977748
vn 0 0.3049814 0.9523583
vn 0.05902009 0.1615611 0.9850963
vn 0 0.1283622 0.9917274
vn 0 0.0297972 0.9995559
vn 0 0.4095916 0.912269
vn 0.06974103 0.472056 0.8788056
vn 0 0.4095916 0.912269
vn 0 0.3049814 0.9523583
vn 0 0.4095916 0.912269
vn 0 0.3049814 0.9523583
vn -0.06974103 0.4720559 0.8788057
vn -0.0590201 0.1615611 0.9850963
vn 0 0.1283622 0.9917274
vn 0 0.02979718 0.9995559
vn -0.02485476 0.06186808 0.9977748
vn -0.01551286 0.01551274 0.9997594
vn -0.0758785 0.07587912 0.9942257
vn -0.0590201 0.1615611 0.9850963
vn -0.06186876 0.02485414 0.9977748
vn -0.161561 0.05902025 0.9850963
vn -0.1283623 0 0.9917274
vn -0.02979723 0 0.9995559
vn -0.3049814 0 0.9523583
vn -0.161561 0.05902025 0.9850963
vn -0.1283622 0 0.9917274
vn -0.0297972 0 0.9995559
vn -0.3049814 0 0.9523583
vn -0.1283623 0 0.9917274
vn -0.02979723 0 0.9995559
vn -0.4095916 0 0.912269
vn -0.3049814 0 0.9523583
vn -0.161561 -0.05902028 0.9850963
vn -0.02485476 -0.06186813 0.9977748
vn 0 -0.1283622 0.9917274
vn 0 -0.02979721 0.9995559
vn 0 -0.1283622 0.9917274
vn 0 -0.0297972 0.9995559
vn 0 -0.1283622 0.9917274
vn 0 -0.02979721 0.9995559
vn -0.05902009 -0.1615611 0.9850963
vn 0 -0.3049814 0.9523583
vn -0.06974103 -0.472056 0.8788056
vn -0.1819736 -0.2973829 0.9372561
vn 0 -0.4095916 0.912269
vn 0 -0.4095916 0.912269
vn 0 -0.3049814 0.9523583
vn 0 -0.4095916 0.912269
vn 0 -0.3049814 0.9523583
vn 0.0590201 -0.1615611 0.9850963
vn -0.5061984 -0.1601053 0.8474252
vn -0.2983095 -0.2983094 0.9066548
vn -0.2973831 -0.1819735 0.9372561
vn -0.5061984 0.1601049 0.8474253
vn -0.2973831 0.1819734 0.9372561
vn -0.2983095 0.2983093 0.9066548
vn -0.4077167 -0.04189781 0.9121467
vn -0.3051841 -0.1538168 0.9397889
vn -0.3983583 -0.1618939 0.9028294
vn -0.3081415 -0.03954716 0.9505182
vn -0.4095916 0 0.912269
vn -0.3049816 0 0.9523583
vn -0.3049816 0 0.9523583
vn -0.4095916 0 0.912269
vn -0.3049815 0 0.9523583
vn -0.4095916 0 0.912269
vn -0.3049815 0 0.9523583
vn -0.1283622 0 0.9917274
vn -0.1283622 0 0.9917274
vn -0.1291697 -0.03239248 0.9910933
vn -0.3081415 -0.03954716 0.9505182
vn -0.3051841 -0.1538168 0.9397889
vn -0.1283622 0 0.9917274
vn -0.3081415 0.03954712 0.9505182
vn -0.1291696 0.03239247 0.9910933
vn -0.3051842 0.1538169 0.9397889
vn -0.03089613 -0.03089614 0.999045
vn -0.1336846 -0.1336847 0.9819658
vn -0.02979711 0 0.9995559
vn -0.02979712 0 0.9995559
vn -0.02979711 0 0.9995559
vn -0.2808261 -0.280826 0.9177546
vn -0.3983583 -0.1618939 0.9028294
vn -0.3264566 -0.3264564 0.887047
vn -0.1618937 -0.3983572 0.9028299
vn -0.1538166 -0.3051836 0.9397891
vn -0.04189786 -0.4077163 0.9121469
vn -0.03239248 -0.1291698 0.9910933
vn -0.0395472 -0.3081413 0.9505183
vn 0 -0.3049816 0.9523583
vn 0 -0.4095916 0.912269
vn 0 -0.1283622 0.9917274
vn 0 -0.02979711 0.9995559
vn 0 -0.3049815 0.9523583
vn 0 -0.4095916 0.912269
vn 0 -0.1283622 0.9917274
vn 0 -0.3049816 0.9523583
vn 0 -0.4095916 0.912269
vn 0 0 1
vn 0 -0.02979712 0.9995559
vn 0 -0.1283622 0.9917274
vn 0.03954719 -0.3081414 0.9505183
vn 0.04189783 -0.4077162 0.9121469
vn 0.03239249 -0.1291698 0.9910933
vn 0.1538167 -0.3051838 0.9397889
vn 0.1618938 -0.3983574 0.9028298
vn 0 -0.02979711 0.9995559
vn 0 0 1
vn 0.03089613 -0.03089614 0.999045
vn 0.1336846 -0.1336848 0.9819658
vn 0.2808262 -0.2808263 0.9177545
vn 0.3264567 -0.3264568 0.8870468
vn 0.3983584 -0.161894 0.9028294
vn 0.3051842 -0.1538169 0.9397889
vn 0.4077168 -0.04189775 0.9121467
vn 0 0 1
vn 0.1291696 -0.03239248 0.9910933
vn 0.02979711 0 0.9995559
vn 0.3081415 -0.03954714 0.9505182
vn 0.1283622 0 0.9917274
vn 0.3049815 0 0.9523583
vn 0.4095916 0 0.912269
vn 0.02979712 0 0.9995559
vn 0 0 1
vn 0.3049816 0 0.9523583
vn 0.4095916 0 0.912269
vn 0.1283622 0 0.9917274
vn 0.3049815 0 0.9523583
vn 0.4095916 0 0.912269
vn 0.02979711 0 0.9995559
vn 0.1283622 0 0.9917274
vn 0 0 1
vn 0.3081415 0.03954718 0.9505182
vn 0.4077167 0.04189783 0.9121467
vn 0 0 1
vn 0.1291697 0.03239249 0.9910933
vn 0.3051842 0.1538168 0.9397889
vn 0.3983583 0.1618939 0.9028294
vn 0.03089613 0.03089614 0.999045
vn 0 0 1
vn 0.1336846 0.1336847 0.9819658
vn 0.2808261 0.280826 0.9177546
vn 0.3264566 0.3264564 0.887047
vn 0.1618937 0.3983572 0.9028299
vn 0.1538166 0.3051836 0.9397891
vn 0.04189786 0.4077163 0.9121469
vn 0 0 1
vn 0 0 1
vn 0.03239248 0.1291697 0.9910933
vn 0 0.02979711 0.9995559
vn 0.03954719 0.3081413 0.9505183
vn 0 0.02979712 0.9995559
vn 0 0.1283622 0.9917274
vn 0 0.3049815 0.9523583
vn 0 0.4095916 0.912269
vn 0 0.02979711 0.9995559
vn 0 0.1283622 0.9917274
vn 0 0.3049815 0.9523583
vn 0 0.4095916 0.912269
vn -0.03089613 0.03089614 0.999045
vn 0 0.1283622 0.9917274
vn 0 0.3049815 0.9523583
vn 0 0.4095916 0.912269
vn -0.1336846 0.1336848 0.9819658
vn -0.03239249 0.1291698 0.9910933
vn -0.03954719 0.3081413 0.9505183
vn -0.04189783 0.4077162 0.9121469
vn -0.1538167 0.3051838 0.9397889
vn -0.1618938 0.3983574 0.9028298
vn -0.2808262 0.2808263 0.9177545
vn -0.3983584 0.161894 0.9028294
vn -0.3264567 0.3264568 0.8870468
vn -0.4077168 0.04189774 0.9121467
vn -0.3983584 0.161894 0.9028294
vn -0.3051842 0.1538169 0.9397889
vn -0.3081415 0.03954712 0.9505182
vn -0.3049815 0 0.9523583
vn -0.7732019 0.2969153 0.5603569
vn -0.5988478 0.5988472 0.531755
vn -0.5988478 0.5988472 0.531755
vn -0.7546889 0.3558285 0.5512085
vn -0.821383 0.08311212 0.5642893
vn -0.8201768 0.08966219 0.5650405
vn -0.8334425 0 0.5526061
vn -0.8334425 0 0.5526061
vn -0.8334425 0 0.5526061
vn -0.8334425 0 0.5526061
vn -0.8334425 0 0.5526061
vn -0.8334425 0 0.5526061
vn -0.8201767 -0.08966243 0.5650406
vn -0.8213828 -0.08311234 0.5642894
vn -0.7546886 -0.3558289 0.5512085
vn -0.7732016 -0.2969158 0.5603572
vn -0.5988479 -0.5988476 0.5317544
vn -0.5988479 -0.5988476 0.5317544
vn -0.296916 -0.7732018 0.5603569
vn -0.3558288 -0.7546883 0.5512092
vn -0.08311282 -0.8213835 0.5642885
vn -0.08966292 -0.8201773 0.5650396
vn 0 -0.8334425 0.5526061
vn 0 -0.8334425 0.5526061
vn 0 -0.8334425 0.5526061
vn 0 -0.8334425 0.5526061
vn 0 -0.8334425 0.5526061
vn 0 -0.8334425 0.5526061
vn 0.08966298 -0.8201776 0.5650392
vn 0.08311286 -0.8213837 0.5642881
vn 0.3558286 -0.7546881 0.5512094
vn 0.2969159 -0.7732019 0.5603568
vn 0.5988478 -0.5988472 0.531755
vn 0.5988478 -0.5988472 0.531755
vn 0.7732019 -0.2969153 0.5603569
vn 0.7546889 -0.3558285 0.5512085
vn 0.821383 -0.08311212 0.5642893
vn 0.8201768 -0.08966217 0.5650405
vn 0.8334425 0 0.5526061
vn 0.8334425 0 0.5526061
vn 0.8334425 0 0.5526061
vn 0.8334425 0 0.5526061
vn 0.8334425 0 0.5526061
vn 0.8334425 0 0.5526061
vn 0.8201767 0.08966242 0.5650406
vn 0.8213828 0.08311233 0.5642894
vn 0.7546886 0.3558289 0.5512085
vn 0.7732016 0.2969158 0.5603572
vn 0.5988479 0.5988476 0.5317544
vn 0.5988479 0.5988476 0.5317544
vn 0.296916 0.7732018 0.5603569
vn 0.3558288 0.7546883 0.5512092
vn 0.08311281 0.8213835 0.5642885
vn 0.08966292 0.8201773 0.5650396
vn 0 0.8334425 0.5526061
vn 0 0.8334425 0.5526061
vn 0 0.8334425 0.5526061
vn 0 0.8334425 0.5526061
vn 0 0.8334425 0.5526061
vn 0 0.8334425 0.5526061
vn -0.08966298 0.8201776 0.5650392
vn -0.08311285 0.8213837 0.5642881
vn -0.3558286 0.7546881 0.5512094
vn -0.2969159 0.7732019 0.5603568
vn -0.5988478 0.5988472 0.531755
vn -0.707107 -0.7071065 0
vn -0.9238794 -0.3826836 0
vn -0.707107 -0.7071065 0
vn -0.9238794 -0.3826836 0
vn -0.707107 -0.7071065 0
vn -0.9951847 -0.09801717 0
vn -0.9238794 -0.3826836 0
vn -0.9951847 -0.09801717 0
vn -1 0 0
vn -0.9951847 -0.09801717 0
vn -1 0 0
vn -1 0 0
vn -1 0 0
vn -1 0 0
vn -1 0 0
vn -1 0 0
vn -1 0 0
vn -1 0 0
vn -1 0 0
vn -1 0 0
vn -1 0 0
vn -1 0 0
vn -1 0 0
vn -0.9951847 0.09801717 0
vn -1 0 0
vn -0.9951847 0.09801717 0
vn -0.9238794 0.3826836 0
vn -0.9951847 0.09801717 0
vn -0.9238794 0.3826836 0
vn -0.707107 0.7071065 0
vn -0.9238794 0.3826836 0
vn -0.707107 0.7071065 0
vn -0.3826837 0.9238794 0
vn -0.707107 0.7071065 0
vn -0.3826837 0.9238794 0
vn -0.09801698 0.9951847 0
vn -0.3826837 0.9238794 0
vn -0.09801698 0.9951847 0
vn 0 1 0
vn -0.09801698 0.9951847 0
vn 0 1 0
vn 0 1 0
vn 0 1 0
vn 0 1 0
vn 0 1 0
vn 0 1 0
vn 0 1 0
vn 0 1 0
vn 0 1 0
vn 0 1 0
vn 0 1 0
vn 0 1 0
vn 0 1 0
vn 0.09801698 0.9951847 0
vn 0 1 0
vn 0.09801698 0.9951847 0
vn 0.3826837 0.9238794 0
vn 0.09801698 0.9951847 0
vn 0.3826837 0.9238794 0
vn 0.707107 0.7071065 0
vn 0.3826837 0.9238794 0
vn 0.707107 0.7071065 0
vn 0.9238794 0.3826836 0
vn 0.707107 0.7071065 0
vn 0.9238794 0.3826836 0
vn 0.9951847 0.09801717 0
vn 0.9238794 0.3826836 0
vn 0.9951847 0.09801717 0
vn 1 0 0
vn 0.9951847 0.09801717 0
vn 1 0 0
vn 1 0 0
vn 1 0 0
vn 1 0 0
vn 1 0 0
vn 1 0 0
vn 1 0 0
vn 1 0 0
vn 1 0 0
vn 1 0 0
vn 1 0 0
vn 1 0 0
vn 1 0 0
vn 0.9951847 -0.09801717 0
vn 1 0 0
vn 0.9951847 -0.09801717 0
vn 0.9238794 -0.3826836 0
vn 0.9951847 -0.09801717 0
vn 0.9238794 -0.3826836 0
vn 0.707107 -0.7071065 0
vn 0.9238794 -0.3826836 0
vn 0.707107 -0.7071065 0
vn 0.3826837 -0.9238794 0
vn 0.707107 -0.7071065 0
vn 0.3826837 -0.9238794 0
vn 0.09801698 -0.9951847 0
vn 0.3826837 -0.9238794 0
vn 0.09801698 -0.9951847 0
vn 0 -1 0
vn 0.09801698 -0.9951847 0
vn 0 -1 0
vn 0 -1 0
vn 0 -1 0
vn 0 -1 0
vn 0 -1 0
vn 0 -1 0
vn 0 -1 0
vn 0 -1 0
vn 0 -1 0
vn 0 -1 0
vn 0 -1 0
vn 0 -1 0
vn 0 -1 0
vn -0.09801698 -0.9951847 0
vn 0 -1 0
vn -0.09801698 -0.9951847 0
vn -0.3826837 -0.9238794 0
vn -0.09801698 -0.9951847 0
vn -0.3826837 -0.9238794 0
vn -0.707107 -0.7071065 0
vn -0.3826837 -0.9238794 0
vn -0.707107 -0.7071065 0
vn -0.707107 -0.7071065 0
vn 0 0.3049814 -0.9523583
vn 0 0.1283622 -0.9917274
vn 0 0.3049814 -0.9523583
vn 0 0.0297972 -0.9995559
vn 0 0.1283622 -0.9917274
vn 0 0.3049814 -0.9523583
vn 0 0 -1
vn 0 0.1283622 -0.9917274
vn 0 0.3049814 -0.9523583
vn 0 0.0297972 -0.9995559
vn 0 0 -1
vn 0 0.1283622 -0.9917274
vn 0 0.3049814 -0.9523583
vn 0 0.0297972 -0.9995559
vn 0 0 -1
vn 0 0.1283622 -0.9917274
vn -0.03954723 0.3081412 -0.9505183
vn 0 0.0297972 -0.9995559
vn 0 0 -1
vn 0 0 -1
vn -0.0323923 0.1291696 -0.9910933
vn -0.1538163 0.3051832 -0.9397893
vn 0 0.0297972 -0.9995559
vn 0 0 -1
vn 0 0 -1
vn 0 0 -1
vn -0.1336841 0.1336846 -0.981966
vn -0.2808256 0.2808255 -0.9177549
vn -0.3051839 0.1538166 -0.9397889
vn -0.03089604 0.0308962 -0.999045
vn -0.1291695 0.03239245 -0.9910933
vn -0.3081415 0.03954711 -0.9505182
vn -0.3049814 0 -0.9523583
vn -0.1283622 0 -0.9917274
vn -0.3049814 0 -0.9523583
vn 0 0 -1
vn -0.1283622 0 -0.9917274
vn -0.3049814 0 -0.9523583
vn -0.0297972 0 -0.9995559
vn 0 0 -1
vn -0.1283622 0 -0.9917274
vn -0.3049814 0 -0.9523583
vn -0.0297972 0 -0.9995559
vn 0 0 -1
vn 0 0 -1
vn -0.1283622 0 -0.9917274
vn -0.3049814 0 -0.9523583
vn -0.0297972 0 -0.9995559
vn 0 0 -1
vn 0 0 -1
vn 0 0 -1
vn -0.1283622 0 -0.9917274
vn -0.3081415 -0.03954709 -0.9505182
vn -0.0297972 0 -0.9995559
vn 0 0 -1
vn 0 0 -1
vn 0 0 -1
vn -0.1291695 -0.03239247 -0.9910933
vn -0.305184 -0.1538166 -0.9397889
vn -0.0297972 0 -0.9995559
vn 0 0 -1
vn 0 0 -1
vn 0 0 -1
vn 0 -0.0297972 -0.9995559
vn -0.1336841 -0.1336846 -0.981966
vn -0.2808258 -0.2808256 -0.9177548
vn -0.1538164 -0.3051832 -0.9397892
vn -0.03089605 -0.0308962 -0.999045
vn -0.03239226 -0.1291696 -0.9910933
vn -0.03954717 -0.3081411 -0.9505184
vn 0 -0.3049814 -0.9523583
vn 0 -0.1283622 -0.9917274
vn 0 -0.3049814 -0.9523583
vn 0 -0.0297972 -0.9995559
vn 0 -0.1283622 -0.9917274
vn 0 -0.3049814 -0.9523583
vn 0 -0.0297972 -0.9995559
vn 0 -0.1283622 -0.9917274
vn 0 -0.3049814 -0.9523583
vn 0 -0.0297972 -0.9995559
vn 0 -0.1283622 -0.9917274
vn 0.1618939 -0.3983568 0.9028301
vn 0.2808258 -0.2808256 0.9177548
vn 0.3264569 -0.3264557 0.8870472
vn 0.3983586 -0.1618936 0.9028294
vn 0.305184 -0.1538166 0.9397889
vn 0.4077169 -0.0418977 0.9121467
vn 0.3081415 -0.03954709 0.9505182
vn 0.1283622 0 0.9917274
vn 0.3049814 0 0.9523583
vn 0.4095916 0 0.912269
vn 0.0297972 0 0.9995559
vn 0.1283622 0 0.9917274
vn 0.0297972 0 0.9995559
vn 0.3049814 0 0.9523583
vn 0.4095916 0 0.912269
vn 0.1283622 0 0.9917274
vn 0.0297972 0 0.9995559
vn 0.3049814 0 0.9523583
vn 0.1283622 0 0.9917274
vn 0.9238794 -0.3826837 0
vn 0.9951847 -0.09801678 0
vn 0.9951847 -0.09801678 0
vn 1 0 0
vn 0.9238794 -0.3826837 0
vn 1 0 0
vn 0.7071066 -0.7071068 0
vn 1 0 0
vn 0.7071066 -0.7071068 0
vn 1 0 0
vn 0.3826838 -0.9238794 0
vn 1 0 0
vn 0.3826838 -0.9238794 0
vn 1 0 0
vn 0.09801698 -0.9951847 0
vn 0.09801698 -0.9951847 0
vn 0 -1 0
vn 0 -1 0
vn 0 -1 0
vn 0 -1 0
vn 0 -1 0
vn 0 -1 0
vn 0.9951847 0.09801678 0
vn 0.9951847 0.09801678 0
vn 0.9238794 0.3826837 0
vn 0.9238794 0.3826837 0
vn 0.7071066 0.7071068 0
vn 0.7071066 0.7071068 0
vn 0.3826838 0.9238794 0
vn 0.3826838 0.9238794 0
vn -0.09801698 -0.9951847 0
vn -0.09801698 -0.9951847 0
vn -0.3826838 -0.9238794 0
vn -0.3826838 -0.9238794 0
vn -0.7071066 -0.7071068 0
vn -0.7071066 -0.7071068 0
vn -0.9238794 -0.3826837 0
vn -0.9238794 -0.3826837 0
vn 0.09801698 0.9951847 0
vn 0.09801698 0.9951847 0
vn 0 1 0
vn 0 1 0
vn 0 1 0
vn 0 1 0
vn 0 1 0
vn 0 1 0
vn -0.9951847 -0.09801678 0
vn -0.9951847 -0.09801678 0
vn -1 0 0
vn -1 0 0
vn -1 0 0
vn -1 0 0
vn -1 0 0
vn -1 0 0
vn -0.09801698 0.9951847 0
vn -0.09801698 0.9951847 0
vn -0.3826838 0.9238794 0
vn -0.3826838 0.9238794 0
vn -0.7071066 0.7071068 0
vn -0.7071066 0.7071068 0
vn -0.9238794 0.3826837 0
vn -0.9238794 0.3826837 0
vn -0.9951847 0.09801678 0
vn -0.9951847 0.09801678 0
vt 0.390625 0.9903544
vt 0.3848067 1
vt 0.390625 1
vt 0.3844957 0.9905043
vt 0.390625 0.984375
vt 0.3846456 0.9843749
vt 0.390625 0.96875
vt 0.3846456 0.96875
vt 0.390625 0.9375
vt 0.3846456 0.9375
vt 0.390625 0.875
vt 0.3846456 0.875
vt 0.390625 0.8125
vt 0.3846456 0.8125
vt 0.390625 0.78125
vt 0.3846456 0.78125
vt 0.390625 0.765625
vt 0.3846456 0.765625
vt 0.3844957 0.7594957
vt 0.390625 0.7596456
vt 0.3848067 0.75
vt 0.390625 0.75
vt 0.390625 0.7403544
vt 0.3844957 0.7405043
vt 0.390625 0.734375
vt 0.3846456 0.7343749
vt 0.390625 0.71875
vt 0.3846456 0.71875
vt 0.390625 0.6875
vt 0.3846456 0.6875
vt 0.390625 0.625
vt 0.3846456 0.625
vt 0.390625 0.5625
vt 0.3846456 0.5625
vt 0.390625 0.53125
vt 0.3846456 0.53125
vt 0.390625 0.515625
vt 0.3846456 0.5156249
vt 0.3844957 0.5094957
vt 0.390625 0.5096456
vt 0.3848067 0.5
vt 0.390625 0.5
vt 0.390625 0.4903544
vt 0.3844957 0.4905043
vt 0.390625 0.484375
vt 0.3846456 0.484375
vt 0.390625 0.46875
vt 0.3846456 0.46875
vt 0.390625 0.4375
vt 0.3846456 0.4375
vt 0.390625 0.375
vt 0.3846456 0.375
vt 0.390625 0.3125
vt 0.3846456 0.3125
vt 0.390625 0.28125
vt 0.3846456 0.28125
vt 0.390625 0.265625
vt 0.3846456 0.265625
vt 0.3844957 0.2594957
vt 0.390625 0.2596456
vt 0.3848067 0.25
vt 0.390625 0.25
vt 0.390625 0.2403544
vt 0.3844957 0.2405043
vt 0.390625 0.234375
vt 0.3846456 0.234375
vt 0.390625 0.21875
vt 0.3846456 0.21875
vt 0.390625 0.1875
vt 0.3846456 0.1875
vt 0.390625 0.125
vt 0.3846456 0.125
vt 0.390625 0.0625
vt 0.3846456 0.0625
vt 0.390625 0.03125
vt 0.3846456 0.03125
vt 0.390625 0.015625
vt 0.3846456 0.015625
vt 0.3844957 0.00949572
vt 0.390625 0.009645574
vt 0.3848067 0
vt 0.390625 0
vt 0.3844957 0.9905043
vt 0.3816039 1
vt 0.3848067 1
vt 0.375 0.9901933
vt 0.3846456 0.9843749
vt 0.375 0.984375
vt 0.3846456 0.96875
vt 0.375 0.96875
vt 0.3846456 0.9375
vt 0.375 0.9375
vt 0.3846456 0.875
vt 0.375 0.875
vt 0.3846456 0.8125
vt 0.375 0.8125
vt 0.3846456 0.78125
vt 0.375 0.78125
vt 0.3846456 0.765625
vt 0.3671875 0.7578125
vt 0.3700967 0.7549033
vt 0.3844957 0.7594957
vt 0.3772013 0.75
vt 0.3848067 0.75
vt 0.3844957 0.7405043
vt 0.375 0.7401933
vt 0.3846456 0.7343749
vt 0.3655043 0.7405043
vt 0.359375 0.7403545
vt 0.375 0.734375
vt 0.3846456 0.71875
vt 0.3653545 0.7343751
vt 0.375 0.71875
vt 0.3846456 0.6875
vt 0.359375 0.734375
vt 0.34375 0.7403544
vt 0.34375 0.75
vt 0.375 0.6875
vt 0.3846456 0.625
vt 0.3653544 0.71875
vt 0.375 0.625
vt 0.3846456 0.5625
vt 0.3653544 0.6875
vt 0.375 0.5625
vt 0.3846456 0.53125
vt 0.34375 0.734375
vt 0.359375 0.71875
vt 0.3653544 0.625
vt 0.375 0.53125
vt 0.3846456 0.5156249
vt 0.34375 0.71875
vt 0.359375 0.6875
vt 0.3653544 0.5625
vt 0.34375 0.6875
vt 0.359375 0.625
vt 0.34375 0.625
vt 0.375 0.515625
vt 0.3653544 0.53125
vt 0.359375 0.5625
vt 0.375 0.5098067
vt 0.3844957 0.5094957
vt 0.3653545 0.5156251
vt 0.375 0.5022013
vt 0.3848067 0.5
vt 0.3844957 0.4905043
vt 0.3655043 0.5094957
vt 0.3700967 0.4950967
vt 0.3846456 0.484375
vt 0.359375 0.53125
vt 0.34375 0.5625
vt 0.359375 0.515625
vt 0.3671875 0.4921875
vt 0.3846456 0.46875
vt 0.359375 0.5096456
vt 0.375 0.46875
vt 0.3846456 0.4375
vt 0.375 0.4375
vt 0.3846456 0.375
vt 0.375 0.375
vt 0.3846456 0.3125
vt 0.375 0.3125
vt 0.3846456 0.28125
vt 0.375 0.28125
vt 0.3846456 0.265625
vt 0.375 0.265625
vt 0.375 0.2598067
vt 0.3844957 0.2594957
vt 0.3783019 0.2533019
vt 0.3848067 0.25
vt 0.3844957 0.2405043
vt 0.375 0.2401933
vt 0.3846456 0.234375
vt 0.375 0.234375
vt 0.3846456 0.21875
vt 0.375 0.21875
vt 0.3846456 0.1875
vt 0.375 0.1875
vt 0.3846456 0.125
vt 0.375 0.125
vt 0.3846456 0.0625
vt 0.375 0.0625
vt 0.3846456 0.03125
vt 0.375 0.03125
vt 0.3846456 0.015625
vt 0.375 0.015625
vt 0.375 0.009806708
vt 0.3844957 0.00949572
vt 0.375 0.006603904
vt 0.3848067 0
vt 0.609375 0.009645574
vt 0.6151933 0
vt 0.609375 0
vt 0.6155043 0.00949572
vt 0.609375 0.015625
vt 0.6153544 0.015625
vt 0.609375 0.03125
vt 0.6153544 0.03125
vt 0.609375 0.0625
vt 0.6153544 0.0625
vt 0.609375 0.125
vt 0.6153544 0.125
vt 0.609375 0.1875
vt 0.6153544 0.1875
vt 0.609375 0.21875
vt 0.6153544 0.21875
vt 0.609375 0.234375
vt 0.6153544 0.234375
vt 0.6155043 0.2405043
vt 0.609375 0.2403544
vt 0.6151933 0.25
vt 0.609375 0.25
vt 0.609375 0.2596456
vt 0.6155043 0.2594957
vt 0.609375 0.265625
vt 0.6153544 0.265625
vt 0.609375 0.28125
vt 0.6153544 0.28125
vt 0.609375 0.3125
vt 0.6153544 0.3125
vt 0.609375 0.375
vt 0.6153544 0.375
vt 0.609375 0.4375
vt 0.6153544 0.4375
vt 0.609375 0.46875
vt 0.6153544 0.46875
vt 0.609375 0.484375
vt 0.6153544 0.484375
vt 0.6155043 0.4905043
vt 0.609375 0.4903544
vt 0.6151933 0.5
vt 0.609375 0.5
vt 0.609375 0.5096456
vt 0.6155043 0.5094957
vt 0.609375 0.515625
vt 0.6153544 0.515625
vt 0.609375 0.53125
vt 0.6153544 0.53125
vt 0.609375 0.5625
vt 0.6153544 0.5625
vt 0.609375 0.625
vt 0.6153544 0.625
vt 0.609375 0.6875
vt 0.6153544 0.6875
vt 0.609375 0.71875
vt 0.6153544 0.71875
vt 0.609375 0.734375
vt 0.6153544 0.734375
vt 0.6155043 0.7405043
vt 0.609375 0.7403544
vt 0.6151933 0.75
vt 0.609375 0.75
vt 0.609375 0.7596456
vt 0.6155043 0.7594957
vt 0.609375 0.765625
vt 0.6153544 0.765625
vt 0.609375 0.78125
vt 0.6153544 0.78125
vt 0.609375 0.8125
vt 0.6153544 0.8125
vt 0.609375 0.875
vt 0.6153544 0.875
vt 0.609375 0.9375
vt 0.6153544 0.9375
vt 0.609375 0.96875
vt 0.6153544 0.96875
vt 0.609375 0.984375
vt 0.6153544 0.984375
vt 0.6155043 0.9905043
vt 0.609375 0.9903544
vt 0.6151933 1
vt 0.609375 1
vt 0.6155043 0.00949572
vt 0.618396 0
vt 0.6151933 0
vt 0.625 0.009806708
vt 0.6153544 0.015625
vt 0.625 0.015625
vt 0.6153544 0.03125
vt 0.625 0.03125
vt 0.6153544 0.0625
vt 0.625 0.0625
vt 0.6153544 0.125
vt 0.625 0.125
vt 0.6153544 0.1875
vt 0.625 0.1875
vt 0.6153544 0.21875
vt 0.625 0.21875
vt 0.6153544 0.234375
vt 0.625 0.234375
vt 0.625 0.2401933
vt 0.6155043 0.2405043
vt 0.621698 0.2466981
vt 0.6151933 0.25
vt 0.6155043 0.2594957
vt 0.625 0.2598067
vt 0.6153544 0.265625
vt 0.625 0.265625
vt 0.6153544 0.28125
vt 0.625 0.28125
vt 0.6153544 0.3125
vt 0.625 0.3125
vt 0.6153544 0.375
vt 0.625 0.375
vt 0.6153544 0.4375
vt 0.625 0.4375
vt 0.6153544 0.46875
vt 0.625 0.46875
vt 0.6153544 0.484375
vt 0.6328125 0.4921875
vt 0.6299033 0.4950967
vt 0.6155043 0.4905043
vt 0.6227987 0.5
vt 0.6151933 0.5
vt 0.6155043 0.5094957
vt 0.625 0.5098067
vt 0.6153544 0.515625
vt 0.6344956 0.5094957
vt 0.640625 0.5096456
vt 0.625 0.515625
vt 0.6153544 0.53125
vt 0.6346456 0.515625
vt 0.625 0.53125
vt 0.6153544 0.5625
vt 0.640625 0.515625
vt 0.65625 0.5096456
vt 0.65625 0.5
vt 0.625 0.5625
vt 0.6153544 0.625
vt 0.6346456 0.53125
vt 0.65625 0.515625
vt 0.640625 0.53125
vt 0.6875 0.5096456
vt 0.6875 0.5
vt 0.6875 0.515625
vt 0.640625 0.515625
vt 0.75 0.515625
vt 0.75 0.5096456
vt 0.75 0.5
vt 0.8125 0.515625
vt 0.8125 0.5096456
vt 0.8125 0.5
vt 0.84375 0.515625
vt 0.84375 0.5096456
vt 0.84375 0.5
vt 0.859375 0.515625
vt 0.8593749 0.5096456
vt 0.859375 0.5
vt 0.8651933 0.5
vt 0.8655043 0.5094957
vt 0.868396 0.5
vt 0.875 0.5098067
vt 0.8653545 0.5156251
vt 0.875 0.515625
vt 0.859375 0.53125
vt 0.8653544 0.53125
vt 0.875 0.53125
vt 0.859375 0.5625
vt 0.859375 0.515625
vt 0.8653544 0.5625
vt 0.875 0.5625
vt 0.859375 0.625
vt 0.8653544 0.625
vt 0.875 0.625
vt 0.859375 0.6875
vt 0.8653544 0.6875
vt 0.875 0.6875
vt 0.859375 0.71875
vt 0.8653544 0.71875
vt 0.875 0.71875
vt 0.859375 0.734375
vt 0.8653545 0.7343751
vt 0.875 0.734375
vt 0.875 0.7401933
vt 0.8655043 0.7405043
vt 0.875 0.7433961
vt 0.8651933 0.75
vt 0.8593751 0.7403545
vt 0.859375 0.75
vt 0.84375 0.734375
vt 0.84375 0.7403544
vt 0.84375 0.75
vt 0.8125 0.734375
vt 0.859375 0.734375
vt 0.8125 0.7403544
vt 0.8125 0.75
vt 0.75 0.734375
vt 0.75 0.7403544
vt 0.75 0.75
vt 0.6875 0.734375
vt 0.6875 0.7403544
vt 0.6875 0.75
vt 0.65625 0.734375
vt 0.65625 0.7403544
vt 0.65625 0.75
vt 0.640625 0.734375
vt 0.6406251 0.7403545
vt 0.6328125 0.7578125
vt 0.6344957 0.7405043
vt 0.6299033 0.7549033
vt 0.6346456 0.734375
vt 0.640625 0.71875
vt 0.6153544 0.765625
vt 0.6153544 0.78125
vt 0.625 0.78125
vt 0.6153544 0.8125
vt 0.625 0.8125
vt 0.6153544 0.875
vt 0.625 0.875
vt 0.6153544 0.9375
vt 0.625 0.9375
vt 0.6153544 0.96875
vt 0.625 0.96875
vt 0.6153544 0.984375
vt 0.625 0.984375
vt 0.625 0.9901933
vt 0.6155043 0.9905043
vt 0.625 0.9933961
vt 0.6151933 1
vt 0.8341044 0.71875
vt 0.84375 0.71875
vt 0.84375 0.71875
vt 0.8389693 0.71875
vt 0.828125 0.71875
vt 0.8352938 0.7187499
vt 0.8125 0.71875
vt 0.8125 0.71875
vt 0.75 0.71875
vt 0.75 0.71875
vt 0.6875 0.71875
vt 0.6875 0.71875
vt 0.671875 0.71875
vt 0.6647062 0.7187499
vt 0.84375 0.71875
vt 0.84375 0.71875
vt 0.6610307 0.71875
vt 0.6658956 0.71875
vt 0.84375 0.71875
vt 0.65625 0.71875
vt 0.65625 0.71875
vt 0.65625 0.71875
vt 0.65625 0.71875
vt 0.65625 0.71875
vt 0.6514693 0.7235307
vt 0.65625 0.71875
vt 0.6562499 0.7139693
vt 0.8485307 0.7235307
vt 0.8522062 0.7283956
vt 0.84375 0.71875
vt 0.65625 0.7102938
vt 0.65625 0.703125
vt 0.65625 0.7091044
vt 0.65625 0.6875
vt 0.65625 0.6875
vt 0.65625 0.625
vt 0.65625 0.625
vt 0.65625 0.5625
vt 0.65625 0.5625
vt 0.65625 0.546875
vt 0.65625 0.5397062
vt 0.65625 0.71875
vt 0.65625 0.6875
vt 0.65625 0.6875
vt 0.6562499 0.5360307
vt 0.65625 0.5408955
vt 0.65625 0.53125
vt 0.65625 0.53125
vt 0.65625 0.5625
vt 0.65625 0.5625
vt 0.65625 0.53125
vt 0.65625 0.53125
vt 0.6514692 0.5264692
vt 0.6466044 0.5227938
vt 0.65625 0.53125
vt 0.6610307 0.53125
vt 0.65625 0.53125
vt 0.6658956 0.5312499
vt 0.65625 0.53125
vt 0.671875 0.53125
vt 0.6647062 0.53125
vt 0.6875 0.53125
vt 0.6875 0.53125
vt 0.75 0.53125
vt 0.75 0.53125
vt 0.8125 0.53125
vt 0.8125 0.53125
vt 0.828125 0.53125
vt 0.8352938 0.53125
vt 0.8389693 0.53125
vt 0.8341045 0.53125
vt 0.84375 0.53125
vt 0.84375 0.53125
vt 0.84375 0.5408955
vt 0.84375 0.5360307
vt 0.84375 0.546875
vt 0.84375 0.53125
vt 0.84375 0.5397062
vt 0.84375 0.5625
vt 0.84375 0.5625
vt 0.84375 0.625
vt 0.84375 0.625
vt 0.84375 0.6875
vt 0.84375 0.6875
vt 0.84375 0.703125
vt 0.84375 0.7102938
vt 0.84375 0.53125
vt 0.84375 0.53125
vt 0.84375 0.7139693
vt 0.8437499 0.7091044
vt 0.84375 0.71875
vt 0.84375 0.71875
vt 0.84375 0.53125
vt 0.84375 0.5625
vt 0.84375 0.5625
vt 0.84375 0.625
vt 0.8533956 0.5227938
vt 0.84375 0.625
vt 0.84375 0.6875
vt 0.84375 0.6875
vt 0.84375 0.71875
vt 0.8533956 0.7272062
vt 0.8533956 0.5625
vt 0.8485307 0.5264692
vt 0.8533956 0.625
vt 0.8533956 0.6875
vt 0.859375 0.5625
vt 0.859375 0.625
vt 0.859375 0.6875
vt 0.8125 0.7283956
vt 0.8125 0.734375
vt 0.8522062 0.5216044
vt 0.8125 0.71875
vt 0.84375 0.71875
vt 0.75 0.7283956
vt 0.75 0.734375
vt 0.8125 0.71875
vt 0.8352938 0.7187499
vt 0.75 0.71875
vt 0.75 0.71875
vt 0.6875 0.71875
vt 0.6875 0.71875
vt 0.6647062 0.7187499
vt 0.65625 0.71875
vt 0.6875 0.7283956
vt 0.6875 0.734375
vt 0.6477939 0.7283956
vt 0.640625 0.734375
vt 0.6514693 0.7235307
vt 0.65625 0.71875
vt 0.6466045 0.7272062
vt 0.65625 0.71875
vt 0.6466044 0.6875
vt 0.640625 0.6875
vt 0.65625 0.6875
vt 0.65625 0.71875
vt 0.6466044 0.625
vt 0.640625 0.625
vt 0.65625 0.625
vt 0.6466044 0.5625
vt 0.640625 0.5625
vt 0.65625 0.625
vt 0.65625 0.5625
vt 0.65625 0.53125
vt 0.6477938 0.5216044
vt 0.6875 0.5216044
vt 0.6875 0.515625
vt 0.75 0.5216044
vt 0.75 0.515625
vt 0.8125 0.5216044
vt 0.8125 0.515625
vt 0.65625 0.53125
vt 0.6875 0.53125
vt 0.6647062 0.53125
vt 0.6610307 0.53125
vt 0.6875 0.53125
vt 0.75 0.53125
vt 0.75 0.53125
vt 0.8125 0.53125
vt 0.8125 0.53125
vt 0.84375 0.53125
vt 0.65625 0.5408955
vt 0.65625 0.53125
vt 0.6562499 0.5360307
vt 0.65625 0.7091044
vt 0.6562499 0.7139693
vt 0.65625 0.71875
vt 0.65625 0.546875
vt 0.65625 0.5410568
vt 0.6562501 0.5407457
vt 0.65625 0.546875
vt 0.65625 0.5625
vt 0.65625 0.5625
vt 0.65625 0.5625
vt 0.65625 0.625
vt 0.65625 0.625
vt 0.65625 0.6875
vt 0.65625 0.6875
vt 0.6658956 0.5625
vt 0.6658956 0.625
vt 0.6658956 0.546875
vt 0.65625 0.546875
vt 0.65625 0.5410568
vt 0.6658956 0.6875
vt 0.65625 0.703125
vt 0.6658956 0.703125
vt 0.65625 0.7089432
vt 0.671875 0.546875
vt 0.6657457 0.5407457
vt 0.671875 0.5625
vt 0.671875 0.625
vt 0.671875 0.6875
vt 0.6584513 0.5334513
vt 0.6562501 0.5407457
vt 0.65625 0.53125
vt 0.6657457 0.53125
vt 0.6660568 0.53125
vt 0.671875 0.53125
vt 0.6718751 0.5408956
vt 0.671875 0.53125
vt 0.6875 0.53125
vt 0.6875 0.53125
vt 0.6875 0.5408956
vt 0.6875 0.546875
vt 0.75 0.53125
vt 0.75 0.53125
vt 0.75 0.5408956
vt 0.8125 0.53125
vt 0.8125 0.53125
vt 0.6875 0.5625
vt 0.75 0.546875
vt 0.8125 0.5408956
vt 0.828125 0.53125
vt 0.828125 0.53125
vt 0.828125 0.5408956
vt 0.8339432 0.53125
vt 0.8342543 0.53125
vt 0.8125 0.546875
vt 0.75 0.5625
vt 0.828125 0.546875
vt 0.8342543 0.5407457
vt 0.8415487 0.5334513
vt 0.84375 0.53125
vt 0.84375 0.5407457
vt 0.84375 0.5410568
vt 0.84375 0.546875
vt 0.8125 0.5625
vt 0.8341044 0.5468751
vt 0.828125 0.5625
vt 0.84375 0.546875
vt 0.8341044 0.5625
vt 0.84375 0.5625
vt 0.84375 0.5625
vt 0.828125 0.625
vt 0.8125 0.625
vt 0.84375 0.625
vt 0.84375 0.625
vt 0.8341044 0.625
vt 0.84375 0.6875
vt 0.84375 0.6875
vt 0.828125 0.6875
vt 0.8341044 0.6875
vt 0.75 0.625
vt 0.84375 0.703125
vt 0.84375 0.703125
vt 0.8125 0.6875
vt 0.8341044 0.7031251
vt 0.84375 0.7089432
vt 0.8437501 0.7092543
vt 0.828125 0.703125
vt 0.6875 0.625
vt 0.8342543 0.7092543
vt 0.8415487 0.7165487
vt 0.84375 0.71875
vt 0.8342543 0.71875
vt 0.8339432 0.71875
vt 0.828125 0.71875
vt 0.75 0.6875
vt 0.6875 0.6875
vt 0.8281251 0.7091045
vt 0.8125 0.703125
vt 0.828125 0.71875
vt 0.75 0.703125
vt 0.8125 0.7091044
vt 0.8125 0.71875
vt 0.8125 0.71875
vt 0.6875 0.703125
vt 0.75 0.7091044
vt 0.75 0.71875
vt 0.75 0.71875
vt 0.671875 0.703125
vt 0.6875 0.7091044
vt 0.6875 0.71875
vt 0.6875 0.71875
vt 0.6657457 0.7092543
vt 0.6718751 0.7091045
vt 0.671875 0.71875
vt 0.671875 0.71875
vt 0.6660568 0.71875
vt 0.6657457 0.7187501
vt 0.6584513 0.7165487
vt 0.6562501 0.7092543
vt 0.65625 0.71875
vt 0.65625 0.703125
vt 0.6562501 0.7092543
vt 0.65625 0.7089432
vt 0.65625 0.703125
vt 0.65625 0.6875
vt 0.65625 0.7091044
vt 0.65625 0.71875
vt 0.65625 0.71875
vt 0.6562501 0.7092543
vt 0.65625 0.703125
vt 0.65625 0.703125
vt 0.65625 0.6875
vt 0.65625 0.6875
vt 0.65625 0.625
vt 0.65625 0.625
vt 0.65625 0.5625
vt 0.65625 0.5625
vt 0.65625 0.546875
vt 0.65625 0.546875
vt 0.6562501 0.5407457
vt 0.65625 0.5408955
vt 0.65625 0.53125
vt 0.65625 0.53125
vt 0.6658956 0.53125
vt 0.6657457 0.53125
vt 0.671875 0.53125
vt 0.671875 0.53125
vt 0.6875 0.53125
vt 0.6875 0.53125
vt 0.75 0.53125
vt 0.75 0.53125
vt 0.8125 0.53125
vt 0.8125 0.53125
vt 0.828125 0.53125
vt 0.828125 0.53125
vt 0.8342543 0.53125
vt 0.8341044 0.53125
vt 0.84375 0.53125
vt 0.84375 0.53125
vt 0.84375 0.5408955
vt 0.84375 0.5407457
vt 0.84375 0.546875
vt 0.84375 0.546875
vt 0.84375 0.5625
vt 0.84375 0.5625
vt 0.84375 0.625
vt 0.84375 0.625
vt 0.84375 0.6875
vt 0.84375 0.6875
vt 0.84375 0.703125
vt 0.84375 0.703125
vt 0.8437501 0.7092543
vt 0.84375 0.7091044
vt 0.84375 0.71875
vt 0.84375 0.71875
vt 0.8341044 0.71875
vt 0.8342543 0.71875
vt 0.828125 0.71875
vt 0.828125 0.71875
vt 0.8125 0.71875
vt 0.8125 0.71875
vt 0.75 0.71875
vt 0.75 0.71875
vt 0.6875 0.71875
vt 0.6875 0.71875
vt 0.671875 0.71875
vt 0.671875 0.71875
vt 0.6657457 0.7187501
vt 0.6658956 0.71875
vt 0.65625 0.71875
vt 0.5 0
vt 0.609375 0.009645574
vt 0.609375 0
vt 0.5 0.009645574
vt 0.390625 0
vt 0.609375 0.015625
vt 0.390625 0.009645574
vt 0.5 0.015625
vt 0.609375 0.03125
vt 0.390625 0.015625
vt 0.5 0.03125
vt 0.609375 0.0625
vt 0.390625 0.03125
vt 0.5 0.0625
vt 0.609375 0.125
vt 0.390625 0.0625
vt 0.5 0.125
vt 0.609375 0.1875
vt 0.390625 0.125
vt 0.5 0.1875
vt 0.609375 0.21875
vt 0.390625 0.1875
vt 0.5 0.21875
vt 0.609375 0.234375
vt 0.390625 0.21875
vt 0.5 0.234375
vt 0.609375 0.2403544
vt 0.390625 0.234375
vt 0.5 0.2403544
vt 0.609375 0.25
vt 0.390625 0.2403544
vt 0.5 0.25
vt 0.609375 0.2596456
vt 0.390625 0.25
vt 0.5 0.2596456
vt 0.609375 0.265625
vt 0.390625 0.2596456
vt 0.5 0.265625
vt 0.609375 0.28125
vt 0.390625 0.265625
vt 0.5 0.28125
vt 0.609375 0.3125
vt 0.390625 0.28125
vt 0.5 0.3125
vt 0.609375 0.375
vt 0.390625 0.3125
vt 0.5 0.375
vt 0.609375 0.4375
vt 0.390625 0.375
vt 0.5 0.4375
vt 0.609375 0.46875
vt 0.390625 0.4375
vt 0.5 0.46875
vt 0.609375 0.484375
vt 0.390625 0.46875
vt 0.5 0.484375
vt 0.609375 0.4903544
vt 0.390625 0.484375
vt 0.5 0.4903544
vt 0.609375 0.5
vt 0.390625 0.4903544
vt 0.5 0.5
vt 0.609375 0.5096456
vt 0.390625 0.5
vt 0.5 0.5096456
vt 0.609375 0.515625
vt 0.390625 0.5096456
vt 0.5 0.515625
vt 0.609375 0.53125
vt 0.390625 0.515625
vt 0.5 0.53125
vt 0.609375 0.5625
vt 0.390625 0.53125
vt 0.5 0.5625
vt 0.609375 0.625
vt 0.390625 0.5625
vt 0.5 0.625
vt 0.609375 0.6875
vt 0.390625 0.625
vt 0.5 0.6875
vt 0.609375 0.71875
vt 0.390625 0.6875
vt 0.5 0.71875
vt 0.609375 0.734375
vt 0.390625 0.71875
vt 0.5 0.734375
vt 0.609375 0.7403544
vt 0.390625 0.734375
vt 0.5 0.7403544
vt 0.609375 0.75
vt 0.390625 0.7403544
vt 0.5 0.75
vt 0.609375 0.7596456
vt 0.390625 0.75
vt 0.5 0.7596456
vt 0.609375 0.765625
vt 0.390625 0.7596456
vt 0.5 0.765625
vt 0.609375 0.78125
vt 0.390625 0.765625
vt 0.5 0.78125
vt 0.609375 0.8125
vt 0.390625 0.78125
vt 0.5 0.8125
vt 0.609375 0.875
vt 0.390625 0.8125
vt 0.5 0.875
vt 0.609375 0.9375
vt 0.390625 0.875
vt 0.5 0.9375
vt 0.609375 0.96875
vt 0.390625 0.9375
vt 0.5 0.96875
vt 0.609375 0.984375
vt 0.390625 0.96875
vt 0.5 0.984375
vt 0.609375 0.9903544
vt 0.390625 0.984375
vt 0.5 0.9903544
vt 0.609375 1
vt 0.390625 0.9903544
vt 0.5 1
vt 0.390625 1
vt 0.34375 0.5
vt 0.34375 0.5096456
vt 0.3125 0.5
vt 0.34375 0.515625
vt 0.3125 0.5096456
vt 0.25 0.5
vt 0.34375 0.53125
vt 0.25 0.5096456
vt 0.1875 0.5
vt 0.3125 0.515625
vt 0.3125 0.53125
vt 0.1875 0.5096456
vt 0.15625 0.5
vt 0.25 0.515625
vt 0.3125 0.5625
vt 0.15625 0.5096456
vt 0.140625 0.5
vt 0.1875 0.515625
vt 0.25 0.53125
vt 0.3125 0.625
vt 0.140625 0.5096456
vt 0.1348067 0.5
vt 0.15625 0.515625
vt 0.25 0.5625
vt 0.1875 0.53125
vt 0.3125 0.6875
vt 0.1344957 0.5094957
vt 0.125 0.5066039
vt 0.125 0.5098067
vt 0.140625 0.515625
vt 0.1346456 0.515625
vt 0.125 0.515625
vt 0.125 0.53125
vt 0.1346456 0.53125
vt 0.125 0.5625
vt 0.15625 0.53125
vt 0.1346456 0.5625
vt 0.125 0.625
vt 0.140625 0.53125
vt 0.1875 0.5625
vt 0.1346456 0.625
vt 0.125 0.6875
vt 0.140625 0.5625
vt 0.15625 0.5625
vt 0.25 0.625
vt 0.1346456 0.6875
vt 0.125 0.71875
vt 0.140625 0.625
vt 0.1875 0.625
vt 0.15625 0.625
vt 0.25 0.6875
vt 0.1346456 0.71875
vt 0.125 0.734375
vt 0.140625 0.6875
vt 0.1875 0.6875
vt 0.15625 0.6875
vt 0.3125 0.71875
vt 0.1346456 0.734375
vt 0.125 0.7401933
vt 0.140625 0.71875
vt 0.15625 0.71875
vt 0.1875 0.71875
vt 0.25 0.71875
vt 0.3125 0.734375
vt 0.1344957 0.7405043
vt 0.1316039 0.75
vt 0.1348067 0.75
vt 0.140625 0.734375
vt 0.140625 0.7403545
vt 0.140625 0.75
vt 0.15625 0.75
vt 0.15625 0.7403544
vt 0.1875 0.75
vt 0.15625 0.734375
vt 0.1875 0.7403544
vt 0.25 0.75
vt 0.1875 0.734375
vt 0.25 0.7403544
vt 0.3125 0.75
vt 0.25 0.734375
vt 0.3125 0.7403544
vt 0.6155043 0.7594957
vt 0.625 0.7477987
vt 0.6151933 0.75
vt 0.6155043 0.7405043
vt 0.625 0.7401933
vt 0.6153544 0.734375
vt 0.625 0.734375
vt 0.6346456 0.71875
vt 0.625 0.71875
vt 0.6153544 0.71875
vt 0.640625 0.6875
vt 0.6346456 0.6875
vt 0.640625 0.625
vt 0.625 0.6875
vt 0.6153544 0.6875
vt 0.6346456 0.625
vt 0.640625 0.5625
vt 0.625 0.625
vt 0.6346456 0.5625
vt 0.84375 0.5408955
vt 0.84375 0.546875
vt 0.84375 0.546875
vt 0.84375 0.5625
vt 0.84375 0.5408955
vt 0.84375 0.5625
vt 0.84375 0.53125
vt 0.84375 0.625
vt 0.84375 0.53125
vt 0.84375 0.625
vt 0.8341044 0.53125
vt 0.84375 0.6875
vt 0.8341045 0.53125
vt 0.84375 0.6875
vt 0.828125 0.53125
vt 0.828125 0.53125
vt 0.8125 0.53125
vt 0.8125 0.53125
vt 0.75 0.53125
vt 0.75 0.53125
vt 0.6875 0.53125
vt 0.6875 0.53125
vt 0.84375 0.703125
vt 0.84375 0.703125
vt 0.8437499 0.7091044
vt 0.84375 0.7091044
vt 0.84375 0.71875
vt 0.84375 0.71875
vt 0.8341044 0.71875
vt 0.8341044 0.71875
vt 0.671875 0.53125
vt 0.671875 0.53125
vt 0.6658956 0.53125
vt 0.6658956 0.5312499
vt 0.65625 0.53125
vt 0.65625 0.53125
vt 0.65625 0.5408955
vt 0.65625 0.5408955
vt 0.828125 0.71875
vt 0.828125 0.71875
vt 0.8125 0.71875
vt 0.8125 0.71875
vt 0.75 0.71875
vt 0.75 0.71875
vt 0.6875 0.71875
vt 0.6875 0.71875
vt 0.65625 0.546875
vt 0.65625 0.546875
vt 0.65625 0.5625
vt 0.65625 0.5625
vt 0.65625 0.625
vt 0.65625 0.625
vt 0.65625 0.6875
vt 0.65625 0.6875
vt 0.671875 0.71875
vt 0.671875 0.71875
vt 0.6658956 0.71875
vt 0.6658956 0.71875
vt 0.65625 0.71875
vt 0.65625 0.71875
vt 0.65625 0.7091044
vt 0.65625 0.7091044
vt 0.65625 0.703125
vt 0.65625 0.703125
f 1/1/1 3/3/3 2/2/2
f 1/1/1 2/2/2 4/4/4
f 5/5/5 1/1/1 4/4/4
f 5/5/5 4/4/4 6/6/6
f 6/6/6 7/7/7 5/5/5
f 6/6/6 8/8/8 7/7/7
f 8/8/8 9/9/9 7/7/7
f 8/8/8 10/10/10 9/9/9
f 10/10/10 11/11/11 9/9/9
f 10/10/10 12/12/12 11/11/11
f 12/12/12 13/13/13 11/11/11
f 12/12/12 14/14/14 13/13/13
f 14/14/14 15/15/15 13/13/13
f 14/14/14 16/16/16 15/15/15
f 16/16/16 17/17/17 15/15/15
f 16/16/16 18/18/18 17/17/17
f 17/17/17 18/18/18 19/19/19
f 17/17/17 19/19/19 20/20/20
f 20/20/20 19/19/19 21/21/21
f 20/20/20 21/21/21 22/22/22
f 23/23/23 22/22/22 21/21/21
f 23/23/23 21/21/21 24/24/24
f 25/25/25 23/23/23 24/24/24
f 25/25/25 24/24/24 26/26/26
f 26/26/26 27/27/27 25/25/25
f 26/26/26 28/28/28 27/27/27
f 28/28/28 29/29/29 27/27/27
f 28/28/28 30/30/30 29/29/29
f 30/30/30 31/31/31 29/29/29
f 30/30/30 32/32/32 31/31/31
f 32/32/32 33/33/33 31/31/31
f 32/32/32 34/34/34 33/33/33
f 34/34/34 35/35/35 33/33/33
f 34/34/34 36/36/36 35/35/35
f 36/36/36 37/37/37 35/35/35
f 36/36/36 38/38/38 37/37/37
f 37/37/37 38/38/38 39/39/39
f 37/37/37 39/39/39 40/40/40
f 40/40/40 39/39/39 41/41/41
f 40/40/40 41/41/41 42/42/42
f 43/43/43 42/42/42 41/41/41
f 43/43/43 41/41/41 44/44/44
f 45/45/45 43/43/43 44/44/44
f 45/45/45 44/44/44 46/46/46
f 46/46/46 47/47/47 45/45/45
f 46/46/46 48/48/48 47/47/47
f 48/48/48 49/49/49 47/47/47
f 48/48/48 50/50/50 49/49/49
f 50/50/50 51/51/51 49/49/49
f 50/50/50 52/52/52 51/51/51
f 52/52/52 53/53/53 51/51/51
f 52/52/52 54/54/54 53/53/53
f 54/54/54 55/55/55 53/53/53
f 54/54/54 56/56/56 55/55/55
f 56/56/56 57/57/57 55/55/55
f 56/56/56 58/58/58 57/57/57
f 57/57/57 58/58/58 59/59/59
f 57/57/57 59/59/59 60/60/60
f 60/60/60 59/59/59 61/61/61
f 60/60/60 61/61/61 62/62/62
f 63/63/63 62/62/62 61/61/61
f 63/63/63 61/61/61 64/64/64
f 65/65/65 63/63/63 64/64/64
f 65/65/65 64/64/64 66/66/66
f 66/66/66 67/67/67 65/65/65
f 66/66/66 68/68/68 67/67/67
f 68/68/68 69/69/69 67/67/67
f 68/68/68 70/70/70 69/69/69
f 70/70/70 71/71/71 69/69/69
f 70/70/70 72/72/72 71/71/71
f 72/72/72 73/73/73 71/71/71
f 72/72/72 74/74/74 73/73/73
f 74/74/74 75/75/75 73/73/73
f 74/74/74 76/76/76 75/75/75
f 76/76/76 77/77/77 75/75/75
f 76/76/76 78/78/78 77/77/77
f 77/77/77 78/78/78 79/79/79
f 77/77/77 79/79/79 80/80/80
f 80/80/80 79/79/79 81/81/81
f 80/80/80 81/81/81 82/82/82
f 83/83/83 85/85/85 84/84/84
f 83/83/83 84/84/84 86/86/86
f 87/87/87 83/83/83 86/86/86
f 87/87/87 86/86/86 88/88/88
f 88/88/88 89/89/89 87/87/87
f 88/88/88 90/90/90 89/89/89
f 90/90/90 91/91/91 89/89/89
f 90/90/90 92/92/92 91/91/91
f 92/92/92 93/93/93 91/91/91
f 92/92/92 94/94/94 93/93/93
f 94/94/94 95/95/95 93/93/93
f 94/94/94 96/96/96 95/95/95
f 96/96/96 97/97/97 95/95/95
f 96/96/96 98/98/98 97/97/97
f 98/98/98 99/99/99 97/97/97
f 98/98/98 100/100/100 99/99/99
f 99/99/99 100/100/100 101/101/101
f 99/99/99 101/101/101 102/102/102
f 102/102/102 101/101/101 103/103/103
f 102/102/102 103/103/103 104/104/104
f 105/105/105 104/104/104 103/103/103
f 105/105/105 103/103/103 106/106/106
f 107/107/107 105/105/105 106/106/106
f 108/108/108 103/103/103 101/101/101
f 108/108/108 106/106/106 103/103/103
f 109/109/109 101/101/101 100/100/100
f 109/109/109 108/108/108 101/101/101
f 107/107/107 106/106/106 110/110/110
f 110/110/110 111/111/111 107/107/107
f 112/112/112 106/106/106 108/108/108
f 112/112/112 110/110/110 106/106/106
f 110/110/110 113/113/113 111/111/111
f 112/112/112 113/113/113 110/110/110
f 113/113/113 114/114/114 111/111/111
f 115/115/115 112/112/112 108/108/108
f 115/115/115 108/108/108 109/109/109
f 116/116/116 109/109/109 100/100/100
f 116/116/116 100/100/100 117/117/117
f 113/113/113 118/118/118 114/114/114
f 118/118/118 119/119/119 114/114/114
f 112/112/112 120/120/120 113/113/113
f 115/115/115 120/120/120 112/112/112
f 120/120/120 118/118/118 113/113/113
f 118/118/118 121/121/121 119/119/119
f 121/121/121 122/122/122 119/119/119
f 120/120/120 123/123/123 118/118/118
f 123/123/123 121/121/121 118/118/118
f 121/121/121 124/124/124 122/122/122
f 124/124/124 125/125/125 122/122/122
f 126/126/126 109/109/109 116/116/116
f 126/126/126 115/115/115 109/109/109
f 115/115/115 127/127/127 120/120/120
f 127/127/127 123/123/123 120/120/120
f 123/123/123 128/128/128 121/121/121
f 128/128/128 124/124/124 121/121/121
f 124/124/124 129/129/129 125/125/125
f 129/129/129 130/130/130 125/125/125
f 131/131/131 115/115/115 126/126/126
f 131/131/131 127/127/127 115/115/115
f 127/127/127 132/132/132 123/123/123
f 132/132/132 128/128/128 123/123/123
f 128/128/128 133/133/133 124/124/124
f 133/133/133 129/129/129 124/124/124
f 134/134/134 127/127/127 131/131/131
f 134/134/134 132/132/132 127/127/127
f 132/132/132 135/135/135 128/128/128
f 135/135/135 133/133/133 128/128/128
f 136/136/136 132/132/132 134/134/134
f 136/136/136 135/135/135 132/132/132
f 129/129/129 137/137/137 130/130/130
f 133/133/133 138/138/138 129/129/129
f 138/138/138 137/137/137 129/129/129
f 135/135/135 139/139/139 133/133/133
f 139/139/139 138/138/138 133/133/133
f 130/130/130 137/137/137 140/140/140
f 130/130/130 140/140/140 141/141/141
f 138/138/138 142/142/142 137/137/137
f 142/142/142 140/140/140 137/137/137
f 141/141/141 140/140/140 143/143/143
f 141/141/141 143/143/143 144/144/144
f 145/145/145 144/144/144 143/143/143
f 146/146/146 143/143/143 140/140/140
f 142/142/142 146/146/146 140/140/140
f 145/145/145 143/143/143 147/147/147
f 146/146/146 147/147/147 143/143/143
f 148/148/148 145/145/145 147/147/147
f 149/149/149 142/142/142 138/138/138
f 139/139/139 149/149/149 138/138/138
f 150/150/150 139/139/139 135/135/135
f 150/150/150 135/135/135 136/136/136
f 151/151/151 146/146/146 142/142/142
f 149/149/149 151/151/151 142/142/142
f 148/148/148 147/147/147 152/152/152
f 152/152/152 153/153/153 148/148/148
f 154/154/154 147/147/147 146/146/146
f 154/154/154 152/152/152 147/147/147
f 151/151/151 154/154/154 146/146/146
f 152/152/152 155/155/155 153/153/153
f 155/155/155 156/156/156 153/153/153
f 155/155/155 157/157/157 156/156/156
f 157/157/157 158/158/158 156/156/156
f 157/157/157 159/159/159 158/158/158
f 159/159/159 160/160/160 158/158/158
f 159/159/159 161/161/161 160/160/160
f 161/161/161 162/162/162 160/160/160
f 161/161/161 163/163/163 162/162/162
f 163/163/163 164/164/164 162/162/162
f 163/163/163 165/165/165 164/164/164
f 164/164/164 165/165/165 166/166/166
f 164/164/164 166/166/166 167/167/167
f 167/167/167 166/166/166 168/168/168
f 167/167/167 168/168/168 169/169/169
f 170/170/170 169/169/169 168/168/168
f 170/170/170 168/168/168 171/171/171
f 172/172/172 170/170/170 171/171/171
f 172/172/172 171/171/171 173/173/173
f 173/173/173 174/174/174 172/172/172
f 173/173/173 175/175/175 174/174/174
f 175/175/175 176/176/176 174/174/174
f 175/175/175 177/177/177 176/176/176
f 177/177/177 178/178/178 176/176/176
f 177/177/177 179/179/179 178/178/178
f 179/179/179 180/180/180 178/178/178
f 179/179/179 181/181/181 180/180/180
f 181/181/181 182/182/182 180/180/180
f 181/181/181 183/183/183 182/182/182
f 183/183/183 184/184/184 182/182/182
f 183/183/183 185/185/185 184/184/184
f 184/184/184 185/185/185 186/186/186
f 184/184/184 186/186/186 187/187/187
f 187/187/187 186/186/186 188/188/188
f 187/187/187 188/188/188 189/189/189
f 190/190/190 192/192/192 191/191/191
f 190/190/190 191/191/191 193/193/193
f 194/194/194 190/190/190 193/193/193
f 194/194/194 193/193/193 195/195/195
f 195/195/195 196/196/196 194/194/194
f 195/195/195 197/197/197 196/196/196
f 197/197/197 198/198/198 196/196/196
f 197/197/197 199/199/199 198/198/198
f 199/199/199 200/200/200 198/198/198
f 199/199/199 201/201/201 200/200/200
f 201/201/201 202/202/202 200/200/200
f 201/201/201 203/203/203 202/202/202
f 203/203/203 204/204/204 202/202/202
f 203/203/203 205/205/205 204/204/204
f 205/205/205 206/206/206 204/204/204
f 205/205/205 207/207/207 206/206/206
f 206/206/206 207/207/207 208/208/208
f 206/206/206 208/208/208 209/209/209
f 209/209/209 208/208/208 210/210/210
f 209/209/209 210/210/210 211/211/211
f 212/212/212 211/211/211 210/210/210
f 212/212/212 210/210/210 213/213/213
f 214/214/214 212/212/212 213/213/213
f 214/214/214 213/213/213 215/215/215
f 215/215/215 216/216/216 214/214/214
f 215/215/215 217/217/217 216/216/216
f 217/217/217 218/218/218 216/216/216
f 217/217/217 219/219/219 218/218/218
f 219/219/219 220/220/220 218/218/218
f 219/219/219 221/221/221 220/220/220
f 221/221/221 222/222/222 220/220/220
f 221/221/221 223/223/223 222/222/222
f 223/223/223 224/224/224 222/222/222
f 223/223/223 225/225/225 224/224/224
f 225/225/225 226/226/226 224/224/224
f 225/225/225 227/227/227 226/226/226
f 226/226/226 227/227/227 228/228/228
f 226/226/226 228/228/228 229/229/229
f 229/229/229 228/228/228 230/230/230
f 229/229/229 230/230/230 231/231/231
f 232/232/232 231/231/231 230/230/230
f 232/232/232 230/230/230 233/233/233
f 234/234/234 232/232/232 233/233/233
f 234/234/234 233/233/233 235/235/235
f 235/235/235 236/236/236 234/234/234
f 235/235/235 237/237/237 236/236/236
f 237/237/237 238/238/238 236/236/236
f 237/237/237 239/239/239 238/238/238
f 239/239/239 240/240/240 238/238/238
f 239/239/239 241/241/241 240/240/240
f 241/241/241 242/242/242 240/240/240
f 241/241/241 243/243/243 242/242/242
f 243/243/243 244/244/244 242/242/242
f 243/243/243 245/245/245 244/244/244
f 245/245/245 246/246/246 244/244/244
f 245/245/245 247/247/247 246/246/246
f 246/246/246 247/247/247 248/248/248
f 246/246/246 248/248/248 249/249/249
f 249/249/249 248/248/248 250/250/250
f 249/249/249 250/250/250 251/251/251
f 252/252/252 251/251/251 250/250/250
f 252/252/252 250/250/250 253/253/253
f 254/254/254 252/252/252 253/253/253
f 254/254/254 253/253/253 255/255/255
f 255/255/255 256/256/256 254/254/254
f 255/255/255 257/257/257 256/256/256
f 257/257/257 258/258/258 256/256/256
f 257/257/257 259/259/259 258/258/258
f 259/259/259 260/260/260 258/258/258
f 259/259/259 261/261/261 260/260/260
f 261/261/261 262/262/262 260/260/260
f 261/261/261 263/263/263 262/262/262
f 263/263/263 264/264/264 262/262/262
f 263/263/263 265/265/265 264/264/264
f 265/265/265 266/266/266 264/264/264
f 265/265/265 267/267/267 266/266/266
f 266/266/266 267/267/267 268/268/268
f 266/266/266 268/268/268 269/269/269
f 269/269/269 268/268/268 270/270/270
f 269/269/269 270/270/270 271/271/271
f 272/272/272 274/274/274 273/273/273
f 272/272/272 273/273/273 275/275/275
f 276/276/276 272/272/272 275/275/275
f 276/276/276 275/275/275 277/277/277
f 277/277/277 278/278/278 276/276/276
f 277/277/277 279/279/279 278/278/278
f 279/279/279 280/280/280 278/278/278
f 279/279/279 281/281/281 280/280/280
f 281/281/281 282/282/282 280/280/280
f 281/281/281 283/283/283 282/282/282
f 283/283/283 284/284/284 282/282/282
f 283/283/283 285/285/285 284/284/284
f 285/285/285 286/286/286 284/284/284
f 285/285/285 287/287/287 286/286/286
f 287/287/287 288/288/288 286/286/286
f 287/287/287 289/289/289 288/288/288
f 288/288/288 289/289/289 290/290/290
f 288/288/288 290/290/290 291/291/291
f 291/291/291 290/290/290 292/292/292
f 291/291/291 292/292/292 293/293/293
f 294/294/294 293/293/293 292/292/292
f 294/294/294 292/292/292 295/295/295
f 296/296/296 294/294/294 295/295/295
f 296/296/296 295/295/295 297/297/297
f 297/297/297 298/298/298 296/296/296
f 297/297/297 299/299/299 298/298/298
f 299/299/299 300/300/300 298/298/298
f 299/299/299 301/301/301 300/300/300
f 301/301/301 302/302/302 300/300/300
f 301/301/301 303/303/303 302/302/302
f 303/303/303 304/304/304 302/302/302
f 303/303/303 305/305/305 304/304/304
f 305/305/305 306/306/306 304/304/304
f 305/305/305 307/307/307 306/306/306
f 307/307/307 308/308/308 306/306/306
f 307/307/307 309/309/309 308/308/308
f 308/308/308 309/309/309 310/310/310
f 308/308/308 310/310/310 311/311/311
f 311/311/311 310/310/310 312/312/312
f 311/311/311 312/312/312 313/313/313
f 314/314/314 313/313/313 312/312/312
f 314/314/314 312/312/312 315/315/315
f 316/316/316 314/314/314 315/315/315
f 317/317/317 312/312/312 310/310/310
f 317/317/317 315/315/315 312/312/312
f 318/318/318 310/310/310 309/309/309
f 318/318/318 317/317/317 310/310/310
f 316/316/316 315/315/315 319/319/319
f 319/319/319 320/320/320 316/316/316
f 321/321/321 315/315/315 317/317/317
f 321/321/321 319/319/319 315/315/315
f 319/319/319 322/322/322 320/320/320
f 321/321/321 322/322/322 319/319/319
f 322/322/322 323/323/323 320/320/320
f 324/324/324 321/321/321 317/317/317
f 324/324/324 317/317/317 318/318/318
f 325/325/325 318/318/318 309/309/309
f 325/325/325 309/309/309 326/326/326
f 322/322/322 327/327/327 323/323/323
f 327/327/327 328/328/328 323/323/323
f 321/321/321 329/329/329 322/322/322
f 324/324/324 329/329/329 321/321/321
f 329/329/329 327/327/327 322/322/322
f 330/330/330 324/324/324 318/318/318
f 330/330/330 318/318/318 325/325/325
f 324/324/324 331/331/331 329/329/329
f 332/332/332 325/325/325 326/326/326
f 332/332/332 326/326/326 333/333/333
f 334/334/334 330/330/330 325/325/325
f 334/334/334 325/325/325 332/332/332
f 330/330/330 334/334/334 335/335/335
f 336/336/336 334/334/334 332/332/332
f 337/337/337 332/332/332 333/333/333
f 336/336/336 332/332/332 337/337/337
f 337/337/337 333/333/333 338/338/338
f 339/339/339 336/336/336 337/337/337
f 340/340/340 337/337/337 338/338/338
f 339/339/339 337/337/337 340/340/340
f 340/340/340 338/338/338 341/341/341
f 342/342/342 339/339/339 340/340/340
f 343/343/343 340/340/340 341/341/341
f 342/342/342 340/340/340 343/343/343
f 343/343/343 341/341/341 344/344/344
f 345/345/345 342/342/342 343/343/343
f 346/346/346 343/343/343 344/344/344
f 345/345/345 343/343/343 346/346/346
f 346/346/346 344/344/344 347/347/347
f 346/346/346 347/347/347 348/348/348
f 346/346/346 348/348/348 349/349/349
f 345/345/345 346/346/346 349/349/349
f 349/349/349 348/348/348 350/350/350
f 349/349/349 350/350/350 351/351/351
f 345/345/345 349/349/349 352/352/352
f 352/352/352 349/349/349 351/351/351
f 352/352/352 351/351/351 353/353/353
f 354/354/354 345/345/345 352/352/352
f 355/355/355 352/352/352 353/353/353
f 354/354/354 352/352/352 355/355/355
f 355/355/355 353/353/353 356/356/356
f 357/357/357 354/354/354 355/355/355
f 358/358/358 354/354/354 357/357/357
f 359/359/359 355/355/355 356/356/356
f 357/357/357 355/355/355 359/359/359
f 359/359/359 356/356/356 360/360/360
f 361/361/361 357/357/357 359/359/359
f 362/362/362 359/359/359 360/360/360
f 361/361/361 359/359/359 362/362/362
f 362/362/362 360/360/360 363/363/363
f 364/364/364 361/361/361 362/362/362
f 365/365/365 362/362/362 363/363/363
f 364/364/364 362/362/362 365/365/365
f 365/365/365 363/363/363 366/366/366
f 367/367/367 364/364/364 365/365/365
f 368/368/368 365/365/365 366/366/366
f 367/367/367 365/365/365 368/368/368
f 368/368/368 366/366/366 369/369/369
f 370/370/370 367/367/367 368/368/368
f 371/371/371 368/368/368 369/369/369
f 370/370/370 368/368/368 371/371/371
f 371/371/371 369/369/369 372/372/372
f 371/371/371 372/372/372 373/373/373
f 371/371/371 373/373/373 374/374/374
f 370/370/370 371/371/371 374/374/374
f 374/374/374 373/373/373 375/375/375
f 374/374/374 375/375/375 376/376/376
f 370/370/370 374/374/374 377/377/377
f 377/377/377 374/374/374 376/376/376
f 377/377/377 376/376/376 378/378/378
f 379/379/379 370/370/370 377/377/377
f 380/380/380 377/377/377 378/378/378
f 379/379/379 377/377/377 380/380/380
f 380/380/380 378/378/378 381/381/381
f 382/382/382 379/379/379 380/380/380
f 382/382/382 383/383/383 379/379/379
f 384/384/384 380/380/380 381/381/381
f 382/382/382 380/380/380 384/384/384
f 384/384/384 381/381/381 385/385/385
f 386/386/386 382/382/382 384/384/384
f 387/387/387 384/384/384 385/385/385
f 386/386/386 384/384/384 387/387/387
f 387/387/387 385/385/385 388/388/388
f 389/389/389 386/386/386 387/387/387
f 390/390/390 387/387/387 388/388/388
f 389/389/389 387/387/387 390/390/390
f 390/390/390 388/388/388 391/391/391
f 392/392/392 389/389/389 390/390/390
f 393/393/393 390/390/390 391/391/391
f 392/392/392 390/390/390 393/393/393
f 393/393/393 391/391/391 394/394/394
f 395/395/395 392/392/392 393/393/393
f 396/396/396 393/393/393 394/394/394
f 395/395/395 393/393/393 396/396/396
f 396/396/396 394/394/394 397/397/397
f 395/395/395 396/396/396 398/398/398
f 396/396/396 397/397/397 399/399/399
f 396/396/396 399/399/399 398/398/398
f 395/395/395 398/398/398 400/400/400
f 401/401/401 395/395/395 400/400/400
f 402/402/402 399/399/399 397/397/397
f 397/397/397 403/403/403 402/402/402
f 397/397/397 404/404/404 403/403/403
f 404/404/404 405/405/405 403/403/403
f 404/404/404 406/406/406 405/405/405
f 406/406/406 407/407/407 405/405/405
f 406/406/406 408/408/408 407/407/407
f 408/408/408 409/409/409 407/407/407
f 408/408/408 410/410/410 409/409/409
f 410/410/410 411/411/411 409/409/409
f 410/410/410 412/412/412 411/411/411
f 412/412/412 413/413/413 411/411/411
f 412/412/412 414/414/414 413/413/413
f 413/413/413 414/414/414 415/415/415
f 413/413/413 415/415/415 416/416/416
f 416/416/416 415/415/415 417/417/417
f 416/416/416 417/417/417 418/418/418
f 419/419/419 421/421/421 420/420/420
f 419/419/419 420/420/420 422/422/422
f 423/423/423 419/419/419 422/422/422
f 423/423/423 422/422/422 424/424/424
f 424/424/424 425/425/425 423/423/423
f 424/424/424 426/426/426 425/425/425
f 426/426/426 427/427/427 425/425/425
f 426/426/426 428/428/428 427/427/427
f 428/428/428 429/429/429 427/427/427
f 428/428/428 430/430/430 429/429/429
f 430/430/430 431/431/431 429/429/429
f 430/430/430 432/432/432 431/431/431
f 424/424/424 422/422/422 433/433/433
f 424/424/424 433/433/433 434/434/434
f 431/431/431 432/432/432 435/435/435
f 431/431/431 435/435/435 436/436/436
f 422/422/422 437/437/437 433/433/433
f 422/422/422 420/420/420 437/437/437
f 432/432/432 438/438/438 435/435/435
f 432/432/432 439/439/439 438/438/438
f 436/436/436 435/435/435 440/440/440
f 436/436/436 440/440/440 441/441/441
f 435/435/435 438/438/438 442/442/442
f 435/435/435 442/442/442 440/440/440
f 443/443/443 442/442/442 438/438/438
f 443/443/443 444/444/444 442/442/442
f 445/445/445 440/440/440 442/442/442
f 445/445/445 442/442/442 444/444/444
f 446/446/446 433/433/433 437/437/437
f 447/447/447 433/433/433 446/446/446
f 447/447/447 448/448/448 433/433/433
f 449/449/449 445/445/445 444/444/444
f 450/450/450 445/445/445 449/449/449
f 450/450/450 451/451/451 445/445/445
f 452/452/452 450/450/450 449/449/449
f 452/452/452 449/449/449 453/453/453
f 454/454/454 452/452/452 453/453/453
f 454/454/454 453/453/453 455/455/455
f 456/456/456 454/454/454 455/455/455
f 456/456/456 455/455/455 457/457/457
f 458/458/458 456/456/456 457/457/457
f 458/458/458 457/457/457 459/459/459
f 449/449/449 444/444/444 460/460/460
f 461/461/461 449/449/449 460/460/460
f 461/461/461 460/460/460 462/462/462
f 458/458/458 459/459/459 463/463/463
f 458/458/458 463/463/463 464/464/464
f 459/459/459 465/465/465 463/463/463
f 459/459/459 466/466/466 465/465/465
f 459/459/459 467/467/467 466/466/466
f 459/459/459 468/468/468 467/467/467
f 463/463/463 465/465/465 469/469/469
f 463/463/463 469/469/469 470/470/470
f 471/471/471 469/469/469 465/465/465
f 472/472/472 471/471/471 465/465/465
f 472/472/472 465/465/465 473/473/473
f 474/474/474 470/470/470 469/469/469
f 471/471/471 475/475/475 469/469/469
f 474/474/474 469/469/469 475/475/475
f 476/476/476 470/470/470 474/474/474
f 476/476/476 477/477/477 470/470/470
f 478/478/478 476/476/476 474/474/474
f 478/478/478 474/474/474 479/479/479
f 480/480/480 478/478/478 479/479/479
f 480/480/480 479/479/479 481/481/481
f 482/482/482 480/480/480 481/481/481
f 482/482/482 481/481/481 483/483/483
f 484/484/484 482/482/482 483/483/483
f 484/484/484 483/483/483 485/485/485
f 486/486/486 484/484/484 485/485/485
f 486/486/486 485/485/485 487/487/487
f 486/486/486 487/487/487 488/488/488
f 486/486/486 488/488/488 489/489/489
f 489/489/489 488/488/488 490/490/490
f 489/489/489 490/490/490 491/491/491
f 492/492/492 491/491/491 490/490/490
f 492/492/492 490/490/490 493/493/493
f 494/494/494 492/492/492 493/493/493
f 488/488/488 495/495/495 490/490/490
f 493/493/493 490/490/490 495/495/495
f 494/494/494 493/493/493 496/496/496
f 496/496/496 497/497/497 494/494/494
f 496/496/496 498/498/498 497/497/497
f 498/498/498 499/499/499 497/497/497
f 498/498/498 500/500/500 499/499/499
f 500/500/500 501/501/501 499/499/499
f 500/500/500 502/502/502 501/501/501
f 502/502/502 503/503/503 501/501/501
f 502/502/502 504/504/504 503/503/503
f 496/496/496 493/493/493 505/505/505
f 493/493/493 495/495/495 505/505/505
f 488/488/488 506/506/506 495/495/495
f 487/487/487 506/506/506 488/488/488
f 503/503/503 504/504/504 507/507/507
f 503/503/503 507/507/507 508/508/508
f 508/508/508 507/507/507 420/420/420
f 508/508/508 420/420/420 509/509/509
f 507/507/507 437/437/437 420/420/420
f 507/507/507 510/510/510 437/437/437
f 504/504/504 510/510/510 507/507/507
f 446/446/446 437/437/437 510/510/510
f 496/496/496 505/505/505 511/511/511
f 511/511/511 512/512/512 496/496/496
f 511/511/511 513/513/513 512/512/512
f 513/513/513 514/514/514 512/512/512
f 515/515/515 511/511/511 505/505/505
f 515/515/515 513/513/513 511/511/511
f 513/513/513 516/516/516 514/514/514
f 516/516/516 517/517/517 514/514/514
f 518/518/518 504/504/504 517/517/517
f 516/516/516 518/518/518 517/517/517
f 504/504/504 519/519/519 510/510/510
f 518/518/518 519/519/519 504/504/504
f 520/520/520 446/446/446 510/510/510
f 520/520/520 510/510/510 519/519/519
f 521/521/521 516/516/516 513/513/513
f 515/515/515 521/521/521 513/513/513
f 515/515/515 505/505/505 522/522/522
f 522/522/522 505/505/505 495/495/495
f 522/522/522 495/495/495 506/506/506
f 523/523/523 518/518/518 516/516/516
f 521/521/521 523/523/523 516/516/516
f 524/524/524 519/519/519 518/518/518
f 524/524/524 520/520/520 519/519/519
f 523/523/523 524/524/524 518/518/518
f 383/383/383 446/446/446 520/520/520
f 383/383/383 447/447/447 446/446/446
f 358/358/358 515/515/515 522/522/522
f 358/358/358 521/521/521 515/515/515
f 525/525/525 523/523/523 521/521/521
f 358/358/358 525/525/525 521/521/521
f 525/525/525 526/526/526 523/523/523
f 526/526/526 524/524/524 523/523/523
f 526/526/526 527/527/527 524/524/524
f 527/527/527 520/520/520 524/524/524
f 527/527/527 383/383/383 520/520/520
f 527/527/527 367/367/367 383/383/383
f 383/383/383 528/528/528 447/447/447
f 383/383/383 529/529/529 528/528/528
f 358/358/358 522/522/522 530/530/530
f 530/530/530 522/522/522 506/506/506
f 447/447/447 528/528/528 531/531/531
f 447/447/447 531/531/531 532/532/532
f 529/529/529 533/533/533 528/528/528
f 529/529/529 534/534/534 533/533/533
f 532/532/532 531/531/531 535/535/535
f 532/532/532 535/535/535 536/536/536
f 531/531/531 537/537/537 535/535/535
f 528/528/528 538/538/538 531/531/531
f 531/531/531 538/538/538 537/537/537
f 528/528/528 533/533/533 538/538/538
f 538/538/538 539/539/539 537/537/537
f 538/538/538 540/540/540 539/539/539
f 533/533/533 540/540/540 538/538/538
f 540/540/540 541/541/541 539/539/539
f 540/540/540 542/542/542 541/541/541
f 534/534/534 543/543/543 533/533/533
f 533/533/533 543/543/543 540/540/540
f 543/543/543 542/542/542 540/540/540
f 534/534/534 544/544/544 543/543/543
f 543/543/543 545/545/545 542/542/542
f 544/544/544 545/545/545 543/543/543
f 544/544/544 546/546/546 545/545/545
f 546/546/546 544/544/544 392/392/392
f 546/546/546 547/547/547 545/545/545
f 545/545/545 547/547/547 438/438/438
f 545/545/545 438/438/438 548/548/548
f 546/546/546 549/549/549 547/547/547
f 549/549/549 444/444/444 547/547/547
f 549/549/549 550/550/550 444/444/444
f 551/551/551 549/549/549 546/546/546
f 551/551/551 546/546/546 552/552/552
f 553/553/553 549/549/549 551/551/551
f 553/553/553 554/554/554 549/549/549
f 555/555/555 551/551/551 552/552/552
f 555/555/555 552/552/552 556/556/556
f 557/557/557 553/553/553 551/551/551
f 557/557/557 551/551/551 555/555/555
f 558/558/558 555/555/555 556/556/556
f 558/558/558 556/556/556 559/559/559
f 560/560/560 553/553/553 557/557/557
f 560/560/560 461/461/461 553/553/553
f 468/468/468 560/560/560 557/557/557
f 468/468/468 557/557/557 561/561/561
f 561/561/561 557/557/557 555/555/555
f 561/561/561 555/555/555 558/558/558
f 562/562/562 561/561/561 558/558/558
f 562/562/562 558/558/558 472/472/472
f 472/472/472 558/558/558 559/559/559
f 472/472/472 559/559/559 335/335/335
f 335/335/335 471/471/471 472/472/472
f 331/331/331 335/335/335 559/559/559
f 335/335/335 563/563/563 471/471/471
f 563/563/563 475/475/475 471/471/471
f 564/564/564 563/563/563 335/335/335
f 564/564/564 335/335/335 565/565/565
f 566/566/566 564/564/564 565/565/565
f 566/566/566 565/565/565 567/567/567
f 568/568/568 566/566/566 567/567/567
f 568/568/568 567/567/567 569/569/569
f 563/563/563 570/570/570 475/475/475
f 571/571/571 563/563/563 564/564/564
f 571/571/571 570/570/570 563/563/563
f 572/572/572 475/475/475 570/570/570
f 572/572/572 573/573/573 475/475/475
f 574/574/574 572/572/572 570/570/570
f 574/574/574 570/570/570 571/571/571
f 575/575/575 574/574/574 571/571/571
f 576/576/576 571/571/571 564/564/564
f 575/575/575 571/571/571 576/576/576
f 576/576/576 564/564/564 566/566/566
f 577/577/577 575/575/575 576/576/576
f 578/578/578 576/576/576 566/566/566
f 577/577/577 576/576/576 578/578/578
f 578/578/578 566/566/566 568/568/568
f 487/487/487 577/577/577 578/578/578
f 487/487/487 578/578/578 579/579/579
f 579/579/579 578/578/578 568/568/568
f 487/487/487 579/579/579 506/506/506
f 530/530/530 506/506/506 579/579/579
f 579/579/579 568/568/568 530/530/530
f 530/530/530 568/568/568 569/569/569
f 530/530/530 569/569/569 358/358/358
f 569/569/569 342/342/342 358/358/358
f 580/580/580 470/470/470 581/581/581
f 580/580/580 582/582/582 470/470/470
f 583/583/583 440/440/440 584/584/584
f 583/583/583 585/585/585 440/440/440
f 586/586/586 588/588/588 587/587/587
f 586/586/586 587/587/587 589/589/589
f 589/589/589 590/590/590 586/586/586
f 589/589/589 591/591/591 590/590/590
f 592/592/592 593/593/593 590/590/590
f 592/592/592 594/594/594 593/593/593
f 594/594/594 595/595/595 593/593/593
f 594/594/594 596/596/596 595/595/595
f 597/597/597 594/594/594 592/592/592
f 598/598/598 596/596/596 594/594/594
f 597/597/597 598/598/598 594/594/594
f 599/599/599 597/597/597 592/592/592
f 599/599/599 592/592/592 600/600/600
f 599/599/599 600/600/600 601/601/601
f 598/598/598 602/602/602 596/596/596
f 602/602/602 603/603/603 596/596/596
f 602/602/602 604/604/604 603/603/603
f 604/604/604 605/605/605 603/603/603
f 606/606/606 597/597/597 599/599/599
f 599/599/599 601/601/601 607/607/607
f 606/606/606 599/599/599 607/607/607
f 608/608/608 598/598/598 597/597/597
f 606/606/606 608/608/608 597/597/597
f 609/609/609 602/602/602 598/598/598
f 608/608/608 609/609/609 598/598/598
f 610/610/610 604/604/604 602/602/602
f 609/609/609 610/610/610 602/602/602
f 607/607/607 601/601/601 611/611/611
f 612/612/612 611/611/611 601/601/601
f 612/612/612 613/613/613 611/611/611
f 614/614/614 611/611/611 613/613/613
f 614/614/614 615/615/615 611/611/611
f 607/607/607 611/611/611 615/615/615
f 616/616/616 615/615/615 614/614/614
f 617/617/617 607/607/607 615/615/615
f 606/606/606 607/607/607 617/617/617
f 616/616/616 618/618/618 615/615/615
f 617/617/617 615/615/615 618/618/618
f 619/619/619 618/618/618 616/616/616
f 619/619/619 616/616/616 620/620/620
f 621/621/621 617/617/617 618/618/618
f 621/621/621 618/618/618 619/619/619
f 622/622/622 606/606/606 617/617/617
f 622/622/622 617/617/617 621/621/621
f 623/623/623 619/619/619 620/620/620
f 623/623/623 620/620/620 624/624/624
f 625/625/625 621/621/621 619/619/619
f 625/625/625 619/619/619 623/623/623
f 626/626/626 623/623/623 624/624/624
f 626/626/626 624/624/624 627/627/627
f 606/606/606 622/622/622 628/628/628
f 606/606/606 628/628/628 608/608/608
f 629/629/629 622/622/622 621/621/621
f 629/629/629 621/621/621 625/625/625
f 630/630/630 625/625/625 623/623/623
f 630/630/630 623/623/623 626/626/626
f 631/631/631 626/626/626 627/627/627
f 631/631/631 627/627/627 632/632/632
f 633/633/633 626/626/626 631/631/631
f 633/633/633 630/630/630 626/626/626
f 632/632/632 634/634/634 631/631/631
f 633/633/633 631/631/631 634/634/634
f 632/632/632 635/635/635 634/634/634
f 636/636/636 625/625/625 630/630/630
f 636/636/636 629/629/629 625/625/625
f 622/622/622 629/629/629 637/637/637
f 622/622/622 637/637/637 628/628/628
f 638/638/638 630/630/630 633/633/633
f 638/638/638 636/636/636 630/630/630
f 633/633/633 634/634/634 639/639/639
f 638/638/638 633/633/633 639/639/639
f 635/635/635 640/640/640 634/634/634
f 639/639/639 634/634/634 640/640/640
f 635/635/635 641/641/641 640/640/640
f 642/642/642 640/640/640 641/641/641
f 642/642/642 643/643/643 640/640/640
f 639/639/639 640/640/640 643/643/643
f 644/644/644 643/643/643 642/642/642
f 629/629/629 636/636/636 645/645/645
f 629/629/629 645/645/645 637/637/637
f 638/638/638 639/639/639 646/646/646
f 646/646/646 639/639/639 643/643/643
f 636/636/636 638/638/638 647/647/647
f 636/636/636 647/647/647 645/645/645
f 646/646/646 647/647/647 638/638/638
f 644/644/644 648/648/648 643/643/643
f 646/646/646 643/643/643 648/648/648
f 646/646/646 649/649/649 647/647/647
f 648/648/648 649/649/649 646/646/646
f 644/644/644 650/650/650 648/648/648
f 648/648/648 650/650/650 649/649/649
f 644/644/644 651/651/651 650/650/650
f 645/645/645 647/647/647 652/652/652
f 649/649/649 652/652/652 647/647/647
f 637/637/637 645/645/645 653/653/653
f 645/645/645 652/652/652 653/653/653
f 651/651/651 654/654/654 650/650/650
f 651/651/651 655/655/655 654/654/654
f 650/650/650 656/656/656 649/649/649
f 649/649/649 656/656/656 652/652/652
f 650/650/650 654/654/654 656/656/656
f 655/655/655 657/657/657 654/654/654
f 655/655/655 658/658/658 657/657/657
f 656/656/656 659/659/659 652/652/652
f 653/653/653 652/652/652 659/659/659
f 654/654/654 660/660/660 656/656/656
f 654/654/654 657/657/657 660/660/660
f 656/656/656 660/660/660 659/659/659
f 637/637/637 653/653/653 661/661/661
f 628/628/628 637/637/637 661/661/661
f 658/658/658 662/662/662 657/657/657
f 658/658/658 663/663/663 662/662/662
f 653/653/653 659/659/659 664/664/664
f 661/661/661 653/653/653 664/664/664
f 657/657/657 665/665/665 660/660/660
f 657/657/657 662/662/662 665/665/665
f 663/663/663 666/666/666 662/662/662
f 665/665/665 662/662/662 666/666/666
f 663/663/663 667/667/667 666/666/666
f 660/660/660 668/668/668 659/659/659
f 660/660/660 665/665/665 668/668/668
f 664/664/664 659/659/659 668/668/668
f 628/628/628 661/661/661 669/669/669
f 608/608/608 628/628/628 669/669/669
f 608/608/608 669/669/669 609/609/609
f 665/665/665 666/666/666 670/670/670
f 668/668/668 665/665/665 670/670/670
f 667/667/667 671/671/671 666/666/666
f 670/670/670 666/666/666 671/671/671
f 667/667/667 672/672/672 671/671/671
f 673/673/673 671/671/671 672/672/672
f 673/673/673 674/674/674 671/671/671
f 670/670/670 671/671/671 674/674/674
f 675/675/675 674/674/674 673/673/673
f 669/669/669 661/661/661 676/676/676
f 661/661/661 664/664/664 676/676/676
f 609/609/609 669/669/669 677/677/677
f 669/669/669 676/676/676 677/677/677
f 609/609/609 677/677/677 610/610/610
f 678/678/678 670/670/670 674/674/674
f 668/668/668 670/670/670 678/678/678
f 664/664/664 668/668/668 679/679/679
f 676/676/676 664/664/664 679/679/679
f 678/678/678 679/679/679 668/668/668
f 675/675/675 680/680/680 674/674/674
f 678/678/678 674/674/674 680/680/680
f 677/677/677 676/676/676 681/681/681
f 676/676/676 679/679/679 681/681/681
f 678/678/678 682/682/682 679/679/679
f 680/680/680 682/682/682 678/678/678
f 682/682/682 681/681/681 679/679/679
f 675/675/675 683/683/683 680/680/680
f 680/680/680 683/683/683 682/682/682
f 675/675/675 684/684/684 683/683/683
f 610/610/610 677/677/677 685/685/685
f 677/677/677 681/681/681 685/685/685
f 682/682/682 686/686/686 681/681/681
f 683/683/683 686/686/686 682/682/682
f 686/686/686 685/685/685 681/681/681
f 684/684/684 687/687/687 683/683/683
f 683/683/683 687/687/687 686/686/686
f 684/684/684 688/688/688 687/687/687
f 610/610/610 685/685/685 689/689/689
f 610/610/610 689/689/689 604/604/604
f 686/686/686 690/690/690 685/685/685
f 687/687/687 690/690/690 686/686/686
f 690/690/690 689/689/689 685/685/685
f 688/688/688 691/691/691 687/687/687
f 687/687/687 691/691/691 690/690/690
f 688/688/688 692/692/692 691/691/691
f 689/689/689 693/693/693 604/604/604
f 604/604/604 693/693/693 605/605/605
f 690/690/690 694/694/694 689/689/689
f 691/691/691 694/694/694 690/690/690
f 689/689/689 694/694/694 693/693/693
f 692/692/692 695/695/695 691/691/691
f 691/691/691 695/695/695 694/694/694
f 692/692/692 696/696/696 695/695/695
f 694/694/694 695/695/695 697/697/697
f 696/696/696 697/697/697 695/695/695
f 694/694/694 697/697/697 693/693/693
f 696/696/696 698/698/698 697/697/697
f 693/693/693 699/699/699 605/605/605
f 693/693/693 697/697/697 699/699/699
f 698/698/698 699/699/699 697/697/697
f 700/700/700 605/605/605 699/699/699
f 698/698/698 701/701/701 699/699/699
f 700/700/700 699/699/699 701/701/701
f 702/702/702 704/704/704 703/703/703
f 702/702/702 705/705/705 704/704/704
f 706/706/706 705/705/705 702/702/702
f 706/706/706 702/702/702 595/595/595
f 707/707/707 709/709/709 708/708/708
f 707/707/707 710/710/710 709/709/709
f 711/711/711 710/710/710 707/707/707
f 711/711/711 712/712/712 710/710/710
f 713/713/713 712/712/712 711/711/711
f 713/713/713 711/711/711 714/714/714
f 715/715/715 713/713/713 714/714/714
f 715/715/715 714/714/714 716/716/716
f 717/717/717 715/715/715 716/716/716
f 717/717/717 716/716/716 718/718/718
f 719/719/719 717/717/717 718/718/718
f 719/719/719 718/718/718 720/720/720
f 720/720/720 721/721/721 719/719/719
f 720/720/720 722/722/722 721/721/721
f 722/722/722 723/723/723 721/721/721
f 722/722/722 724/724/724 723/723/723
f 725/725/725 723/723/723 724/724/724
f 725/725/725 726/726/726 723/723/723
f 727/727/727 726/726/726 725/725/725
f 727/727/727 728/728/728 726/726/726
f 729/729/729 728/728/728 727/727/727
f 729/729/729 727/727/727 730/730/730
f 731/731/731 729/729/729 730/730/730
f 731/731/731 730/730/730 732/732/732
f 733/733/733 731/731/731 732/732/732
f 733/733/733 732/732/732 734/734/734
f 735/735/735 733/733/733 734/734/734
f 735/735/735 734/734/734 736/736/736
f 736/736/736 737/737/737 735/735/735
f 736/736/736 738/738/738 737/737/737
f 738/738/738 739/739/739 737/737/737
f 738/738/738 740/740/740 739/739/739
f 741/741/741 739/739/739 740/740/740
f 741/741/741 742/742/742 739/739/739
f 743/743/743 742/742/742 741/741/741
f 743/743/743 744/744/744 742/742/742
f 743/743/743 745/745/745 744/744/744
f 743/743/743 746/746/746 745/745/745
f 746/746/746 747/747/747 745/745/745
f 746/746/746 748/748/748 747/747/747
f 748/748/748 749/749/749 747/747/747
f 748/748/748 750/750/750 749/749/749
f 750/750/750 751/751/751 749/749/749
f 750/750/750 752/752/752 751/751/751
f 752/752/752 753/753/753 751/751/751
f 752/752/752 754/754/754 753/753/753
f 754/754/754 755/755/755 753/753/753
f 754/754/754 756/756/756 755/755/755
f 757/757/757 755/755/755 756/756/756
f 757/757/757 758/758/758 755/755/755
f 759/759/759 758/758/758 757/757/757
f 759/759/759 760/760/760 758/758/758
f 759/759/759 761/761/761 760/760/760
f 759/759/759 762/762/762 761/761/761
f 762/762/762 763/763/763 761/761/761
f 762/762/762 764/764/764 763/763/763
f 764/764/764 765/765/765 763/763/763
f 764/764/764 766/766/766 765/765/765
f 766/766/766 767/767/767 765/765/765
f 766/766/766 768/768/768 767/767/767
f 768/768/768 769/769/769 767/767/767
f 768/768/768 770/770/770 769/769/769
f 770/770/770 709/709/709 769/769/769
f 770/770/770 771/771/771 709/709/709
f 772/772/772 774/774/774 773/773/773
f 772/772/772 773/773/773 775/775/775
f 776/776/776 772/772/772 775/775/775
f 775/775/775 773/773/773 777/777/777
f 776/776/776 775/775/775 778/778/778
f 775/775/775 777/777/777 779/779/779
f 778/778/778 775/775/775 779/779/779
f 779/779/779 777/777/777 780/780/780
f 778/778/778 779/779/779 781/781/781
f 779/779/779 780/780/780 782/782/782
f 781/781/781 779/779/779 782/782/782
f 782/782/782 780/780/780 783/783/783
f 781/781/781 782/782/782 784/784/784
f 782/782/782 783/783/783 785/785/785
f 784/784/784 782/782/782 785/785/785
f 785/785/785 783/783/783 786/786/786
f 784/784/784 785/785/785 787/787/787
f 785/785/785 786/786/786 788/788/788
f 787/787/787 785/785/785 788/788/788
f 788/788/788 786/786/786 789/789/789
f 787/787/787 788/788/788 790/790/790
f 788/788/788 789/789/789 791/791/791
f 790/790/790 788/788/788 791/791/791
f 791/791/791 789/789/789 792/792/792
f 790/790/790 791/791/791 793/793/793
f 791/791/791 792/792/792 794/794/794
f 793/793/793 791/791/791 794/794/794
f 794/794/794 792/792/792 795/795/795
f 793/793/793 794/794/794 796/796/796
f 794/794/794 795/795/795 797/797/797
f 796/796/796 794/794/794 797/797/797
f 798/798/798 797/797/797 795/795/795
f 796/796/796 797/797/797 799/799/799
f 798/798/798 800/800/800 797/797/797
f 800/800/800 799/799/799 797/797/797
f 801/801/801 800/800/800 798/798/798
f 800/800/800 802/802/802 799/799/799
f 801/801/801 803/803/803 800/800/800
f 803/803/803 802/802/802 800/800/800
f 804/804/804 803/803/803 801/801/801
f 803/803/803 805/805/805 802/802/802
f 804/804/804 806/806/806 803/803/803
f 806/806/806 805/805/805 803/803/803
f 807/807/807 806/806/806 804/804/804
f 806/806/806 808/808/808 805/805/805
f 807/807/807 809/809/809 806/806/806
f 809/809/809 808/808/808 806/806/806
f 809/809/809 807/807/807 810/810/810
f 809/809/809 811/811/811 808/808/808
f 809/809/809 810/810/810 812/812/812
f 811/811/811 809/809/809 812/812/812
f 812/812/812 810/810/810 813/813/813
f 811/811/811 812/812/812 814/814/814
f 812/812/812 813/813/813 815/815/815
f 814/814/814 812/812/812 815/815/815
f 815/815/815 813/813/813 816/816/816
f 814/814/814 815/815/815 817/817/817
f 815/815/815 816/816/816 818/818/818
f 817/817/817 815/815/815 818/818/818
f 818/818/818 816/816/816 819/819/819
f 817/817/817 818/818/818 820/820/820
f 818/818/818 819/819/819 821/821/821
f 820/820/820 818/818/818 821/821/821
f 821/821/821 819/819/819 822/822/822
f 820/820/820 821/821/821 823/823/823
f 821/821/821 822/822/822 824/824/824
f 823/823/823 821/821/821 824/824/824
f 824/824/824 822/822/822 825/825/825
f 823/823/823 824/824/824 826/826/826
f 824/824/824 825/825/825 827/827/827
f 826/826/826 824/824/824 827/827/827
f 828/828/828 827/827/827 825/825/825
f 826/826/826 827/827/827 829/829/829
f 828/828/828 830/830/830 827/827/827
f 830/830/830 829/829/829 827/827/827
f 831/831/831 830/830/830 828/828/828
f 830/830/830 832/832/832 829/829/829
f 831/831/831 833/833/833 830/830/830
f 833/833/833 832/832/832 830/830/830
f 834/834/834 833/833/833 831/831/831
f 833/833/833 835/835/835 832/832/832
f 834/834/834 836/836/836 833/833/833
f 836/836/836 835/835/835 833/833/833
f 837/837/837 836/836/836 834/834/834
f 836/836/836 838/838/838 835/835/835
f 837/837/837 839/839/839 836/836/836
f 839/839/839 838/838/838 836/836/836
f 839/839/839 837/837/837 840/840/840
f 839/839/839 841/841/841 838/838/838
f 839/839/839 840/840/840 842/842/842
f 841/841/841 839/839/839 842/842/842
f 842/842/842 840/840/840 843/843/843
f 841/841/841 842/842/842 844/844/844
f 842/842/842 843/843/843 845/845/845
f 844/844/844 842/842/842 845/845/845
f 845/845/845 843/843/843 846/846/846
f 844/844/844 845/845/845 847/847/847
f 845/845/845 846/846/846 848/848/848
f 847/847/847 845/845/845 848/848/848
f 848/848/848 846/846/846 849/849/849
f 847/847/847 848/848/848 850/850/850
f 848/848/848 849/849/849 851/851/851
f 850/850/850 848/848/848 851/851/851
f 851/851/851 849/849/849 852/852/852
f 850/850/850 851/851/851 853/853/853
f 851/851/851 852/852/852 854/854/854
f 853/853/853 851/851/851 854/854/854
f 854/854/854 852/852/852 855/855/855
f 853/853/853 854/854/854 856/856/856
f 854/854/854 855/855/855 857/857/857
f 856/856/856 854/854/854 857/857/857
f 858/858/858 857/857/857 855/855/855
f 856/856/856 857/857/857 859/859/859
f 858/858/858 860/860/860 857/857/857
f 860/860/860 859/859/859 857/857/857
f 861/861/861 860/860/860 858/858/858
f 860/860/860 862/862/862 859/859/859
f 861/861/861 863/863/863 860/860/860
f 863/863/863 862/862/862 860/860/860
f 864/864/864 863/863/863 861/861/861
f 863/863/863 865/865/865 862/862/862
f 864/864/864 866/866/866 863/863/863
f 866/866/866 865/865/865 863/863/863
f 867/867/867 866/866/866 864/864/864
f 866/866/866 868/868/868 865/865/865
f 867/867/867 869/869/869 866/866/866
f 869/869/869 868/868/868 866/866/866
f 869/869/869 867/867/867 870/870/870
f 869/869/869 871/871/871 868/868/868
f 869/869/869 870/870/870 872/872/872
f 871/871/871 869/869/869 872/872/872
f 872/872/872 870/870/870 873/873/873
f 871/871/871 872/872/872 874/874/874
f 872/872/872 873/873/873 875/875/875
f 874/874/874 872/872/872 875/875/875
f 875/875/875 873/873/873 876/876/876
f 874/874/874 875/875/875 877/877/877
f 875/875/875 876/876/876 878/878/878
f 877/877/877 875/875/875 878/878/878
f 878/878/878 876/876/876 879/879/879
f 877/877/877 878/878/878 880/880/880
f 878/878/878 879/879/879 881/881/881
f 880/880/880 878/878/878 881/881/881
f 881/881/881 879/879/879 882/882/882
f 880/880/880 881/881/881 883/883/883
f 881/881/881 882/882/882 884/884/884
f 883/883/883 881/881/881 884/884/884
f 884/884/884 882/882/882 885/885/885
f 883/883/883 884/884/884 886/886/886
f 884/884/884 885/885/885 887/887/887
f 886/886/886 884/884/884 887/887/887
f 887/887/887 885/885/885 888/888/888
f 886/886/886 887/887/887 889/889/889
f 887/887/887 888/888/888 890/890/890
f 889/889/889 887/887/887 890/890/890
f 890/890/890 888/888/888 891/891/891
f 889/889/889 890/890/890 892/892/892
f 890/890/890 891/891/891 893/893/893
f 892/892/892 890/890/890 893/893/893
f 892/892/892 893/893/893 894/894/894
f 154/154/154 895/895/895 152/152/152
f 154/154/154 896/896/896 895/895/895
f 151/151/151 896/896/896 154/154/154
f 896/896/896 897/897/897 895/895/895
f 151/151/151 898/898/898 896/896/896
f 898/898/898 151/151/151 149/149/149
f 896/896/896 899/899/899 897/897/897
f 898/898/898 899/899/899 896/896/896
f 899/899/899 900/900/900 897/897/897
f 898/898/898 149/149/149 901/901/901
f 901/901/901 149/149/149 139/139/139
f 901/901/901 139/139/139 150/150/150
f 899/899/899 902/902/902 900/900/900
f 902/902/902 903/903/903 900/900/900
f 898/898/898 904/904/904 899/899/899
f 904/904/904 898/898/898 901/901/901
f 904/904/904 902/902/902 899/899/899
f 905/905/905 901/901/901 150/150/150
f 904/904/904 901/901/901 905/905/905
f 902/902/902 906/906/906 903/903/903
f 906/906/906 907/907/907 903/903/903
f 904/904/904 908/908/908 902/902/902
f 908/908/908 904/904/904 905/905/905
f 908/908/908 906/906/906 902/902/902
f 905/905/905 150/150/150 909/909/909
f 909/909/909 150/150/150 136/136/136
f 906/906/906 910/910/910 907/907/907
f 910/910/910 911/911/911 907/907/907
f 908/908/908 912/912/912 906/906/906
f 912/912/912 910/910/910 906/906/906
f 908/908/908 905/905/905 913/913/913
f 913/913/913 905/905/905 909/909/909
f 912/912/912 908/908/908 913/913/913
f 909/909/909 136/136/136 914/914/914
f 914/914/914 136/136/136 134/134/134
f 910/910/910 915/915/915 911/911/911
f 915/915/915 916/916/916 911/911/911
f 912/912/912 917/917/917 910/910/910
f 917/917/917 915/915/915 910/910/910
f 913/913/913 909/909/909 918/918/918
f 918/918/918 909/909/909 914/914/914
f 912/912/912 913/913/913 919/919/919
f 917/917/917 912/912/912 919/919/919
f 919/919/919 913/913/913 918/918/918
f 914/914/914 134/134/134 920/920/920
f 920/920/920 134/134/134 131/131/131
f 915/915/915 921/921/921 916/916/916
f 921/921/921 922/922/922 916/916/916
f 921/921/921 923/923/923 922/922/922
f 917/917/917 924/924/924 915/915/915
f 924/924/924 921/921/921 915/915/915
f 925/925/925 923/923/923 921/921/921
f 924/924/924 925/925/925 921/921/921
f 925/925/925 926/926/926 923/923/923
f 925/925/925 927/927/927 926/926/926
f 925/925/925 928/928/928 927/927/927
f 924/924/924 928/928/928 925/925/925
f 928/928/928 929/929/929 927/927/927
f 924/924/924 917/917/917 930/930/930
f 917/917/917 919/919/919 930/930/930
f 928/928/928 931/931/931 929/929/929
f 931/931/931 932/932/932 929/929/929
f 924/924/924 933/933/933 928/928/928
f 924/924/924 930/930/930 933/933/933
f 933/933/933 931/931/931 928/928/928
f 930/930/930 919/919/919 934/934/934
f 919/919/919 918/918/918 934/934/934
f 931/931/931 935/935/935 932/932/932
f 935/935/935 936/936/936 932/932/932
f 933/933/933 937/937/937 931/931/931
f 937/937/937 935/935/935 931/931/931
f 933/933/933 930/930/930 938/938/938
f 930/930/930 934/934/934 938/938/938
f 933/933/933 938/938/938 937/937/937
f 934/934/934 918/918/918 939/939/939
f 918/918/918 914/914/914 939/939/939
f 939/939/939 914/914/914 920/920/920
f 935/935/935 940/940/940 936/936/936
f 940/940/940 941/941/941 936/936/936
f 937/937/937 942/942/942 935/935/935
f 942/942/942 940/940/940 935/935/935
f 938/938/938 934/934/934 943/943/943
f 934/934/934 939/939/939 943/943/943
f 937/937/937 938/938/938 944/944/944
f 937/937/937 944/944/944 942/942/942
f 938/938/938 943/943/943 944/944/944
f 939/939/939 920/920/920 945/945/945
f 943/943/943 939/939/939 945/945/945
f 940/940/940 946/946/946 941/941/941
f 946/946/946 947/947/947 941/941/941
f 942/942/942 948/948/948 940/940/940
f 948/948/948 946/946/946 940/940/940
f 944/944/944 943/943/943 949/949/949
f 943/943/943 945/945/945 949/949/949
f 942/942/942 944/944/944 950/950/950
f 942/942/942 950/950/950 948/948/948
f 944/944/944 949/949/949 950/950/950
f 945/945/945 920/920/920 951/951/951
f 920/920/920 131/131/131 951/951/951
f 951/951/951 131/131/131 126/126/126
f 946/946/946 952/952/952 947/947/947
f 952/952/952 953/953/953 947/947/947
f 948/948/948 954/954/954 946/946/946
f 954/954/954 952/952/952 946/946/946
f 948/948/948 950/950/950 955/955/955
f 948/948/948 955/955/955 954/954/954
f 950/950/950 949/949/949 956/956/956
f 950/950/950 956/956/956 955/955/955
f 949/949/949 945/945/945 957/957/957
f 945/945/945 951/951/951 957/957/957
f 949/949/949 957/957/957 956/956/956
f 951/951/951 126/126/126 958/958/958
f 957/957/957 951/951/951 958/958/958
f 958/958/958 126/126/126 116/116/116
f 952/952/952 959/959/959 953/953/953
f 959/959/959 960/960/960 953/953/953
f 959/959/959 961/961/961 960/960/960
f 954/954/954 962/962/962 952/952/952
f 962/962/962 959/959/959 952/952/952
f 963/963/963 961/961/961 959/959/959
f 962/962/962 963/963/963 959/959/959
f 963/963/963 964/964/964 961/961/961
f 963/963/963 965/965/965 964/964/964
f 963/963/963 966/966/966 965/965/965
f 962/962/962 966/966/966 963/963/963
f 966/966/966 967/967/967 965/965/965
f 954/954/954 968/968/968 962/962/962
f 962/962/962 968/968/968 966/966/966
f 954/954/954 955/955/955 968/968/968
f 966/966/966 969/969/969 967/967/967
f 968/968/968 969/969/969 966/966/966
f 969/969/969 970/970/970 967/967/967
f 955/955/955 971/971/971 968/968/968
f 968/968/968 971/971/971 969/969/969
f 955/955/955 956/956/956 971/971/971
f 969/969/969 972/972/972 970/970/970
f 971/971/971 972/972/972 969/969/969
f 972/972/972 973/973/973 970/970/970
f 956/956/956 974/974/974 971/971/971
f 971/971/971 974/974/974 972/972/972
f 956/956/956 957/957/957 974/974/974
f 957/957/957 958/958/958 974/974/974
f 972/972/972 975/975/975 973/973/973
f 974/974/974 975/975/975 972/972/972
f 974/974/974 958/958/958 975/975/975
f 975/975/975 117/117/117 973/973/973
f 958/958/958 116/116/116 975/975/975
f 975/975/975 116/116/116 117/117/117
f 402/402/402 976/976/976 399/399/399
f 976/976/976 977/977/977 399/399/399
f 976/976/976 978/978/978 977/977/977
f 398/398/398 399/399/399 977/977/977
f 979/979/979 977/977/977 978/978/978
f 398/398/398 977/977/977 980/980/980
f 979/979/979 980/980/980 977/977/977
f 400/400/400 398/398/398 980/980/980
f 981/981/981 980/980/980 979/979/979
f 400/400/400 980/980/980 982/982/982
f 981/981/981 982/982/982 980/980/980
f 983/983/983 400/400/400 982/982/982
f 401/401/401 400/400/400 983/983/983
f 984/984/984 982/982/982 981/981/981
f 983/983/983 982/982/982 984/984/984
f 984/984/984 981/981/981 985/985/985
f 986/986/986 401/401/401 983/983/983
f 986/986/986 546/546/546 401/401/401
f 986/986/986 983/983/983 987/987/987
f 987/987/987 983/983/983 984/984/984
f 988/988/988 986/986/986 987/987/987
f 989/989/989 984/984/984 985/985/985
f 987/987/987 984/984/984 989/989/989
f 989/989/989 985/985/985 990/990/990
f 988/988/988 987/987/987 991/991/991
f 991/991/991 987/987/987 989/989/989
f 992/992/992 988/988/988 991/991/991
f 993/993/993 989/989/989 990/990/990
f 991/991/991 989/989/989 993/993/993
f 993/993/993 990/990/990 328/328/328
f 327/327/327 993/993/993 328/328/328
f 992/992/992 991/991/991 994/994/994
f 994/994/994 991/991/991 993/993/993
f 994/994/994 993/993/993 327/327/327
f 331/331/331 992/992/992 994/994/994
f 329/329/329 994/994/994 327/327/327
f 331/331/331 994/994/994 329/329/329
f 995/995/995 997/997/997 996/996/996
f 997/997/997 998/998/998 996/996/996
f 995/995/995 999/999/999 997/997/997
f 997/997/997 1000/1000/1000 998/998/998
f 1001/1001/1001 999/999/999 995/995/995
f 1000/1000/1000 1002/1002/1002 998/998/998
f 1001/1001/1001 1003/1003/1003 999/999/999
f 1000/1000/1000 1004/1004/1004 1002/1002/1002
f 1005/1005/1005 1003/1003/1003 1001/1001/1001
f 1004/1004/1004 1006/1006/1006 1002/1002/1002
f 1005/1005/1005 1007/1007/1007 1003/1003/1003
f 1004/1004/1004 1008/1008/1008 1006/1006/1006
f 1009/1009/1009 1007/1007/1007 1005/1005/1005
f 1009/1009/1009 1010/1010/1010 1007/1007/1007
f 1011/1011/1011 1010/1010/1010 1009/1009/1009
f 1011/1011/1011 1009/1009/1009 1012/1012/1012
f 1013/1013/1013 1011/1011/1011 1012/1012/1012
f 1013/1013/1013 1012/1012/1012 1014/1014/1014
f 1015/1015/1015 1013/1013/1013 1014/1014/1014
f 1015/1015/1015 1014/1014/1014 1016/1016/1016
f 1008/1008/1008 1017/1017/1017 1006/1006/1006
f 1008/1008/1008 1018/1018/1018 1017/1017/1017
f 1019/1019/1019 1017/1017/1017 1018/1018/1018
f 1019/1019/1019 1020/1020/1020 1017/1017/1017
f 1021/1021/1021 1020/1020/1020 1019/1019/1019
f 1021/1021/1021 1022/1022/1022 1020/1020/1020
f 1023/1023/1023 1022/1022/1022 1021/1021/1021
f 1023/1023/1023 1024/1024/1024 1022/1022/1022
f 1025/1025/1025 1015/1015/1015 1016/1016/1016
f 1025/1025/1025 1016/1016/1016 1026/1026/1026
f 1027/1027/1027 1025/1025/1025 1026/1026/1026
f 1027/1027/1027 1028/1028/1028 1025/1025/1025
f 1029/1029/1029 1028/1028/1028 1027/1027/1027
f 1029/1029/1029 1030/1030/1030 1028/1028/1028
f 1031/1031/1031 1030/1030/1030 1029/1029/1029
f 1031/1031/1031 1032/1032/1032 1030/1030/1030
f 1033/1033/1033 1024/1024/1024 1023/1023/1023
f 1033/1033/1033 1034/1034/1034 1024/1024/1024
f 1033/1033/1033 1035/1035/1035 1034/1034/1034
f 1033/1033/1033 1036/1036/1036 1035/1035/1035
f 1036/1036/1036 1037/1037/1037 1035/1035/1035
f 1036/1036/1036 1038/1038/1038 1037/1037/1037
f 1038/1038/1038 1039/1039/1039 1037/1037/1037
f 1038/1038/1038 1040/1040/1040 1039/1039/1039
f 1041/1041/1041 1032/1032/1032 1031/1031/1031
f 1041/1041/1041 1042/1042/1042 1032/1032/1032
f 1043/1043/1043 1042/1042/1042 1041/1041/1041
f 1043/1043/1043 1041/1041/1041 1044/1044/1044
f 1045/1045/1045 1043/1043/1043 1044/1044/1044
f 1045/1045/1045 1044/1044/1044 1046/1046/1046
f 1047/1047/1047 1045/1045/1045 1046/1046/1046
f 1047/1047/1047 1046/1046/1046 1048/1048/1048
f 1040/1040/1040 1049/1049/1049 1039/1039/1039
f 1040/1040/1040 1050/1050/1050 1049/1049/1049
f 1051/1051/1051 1049/1049/1049 1050/1050/1050
f 1051/1051/1051 1052/1052/1052 1049/1049/1049
f 1053/1053/1053 1052/1052/1052 1051/1051/1051
f 1053/1053/1053 1054/1054/1054 1052/1052/1052
f 1055/1055/1055 1054/1054/1054 1053/1053/1053
f 1055/1055/1055 1056/1056/1056 1054/1054/1054
f 1057/1057/1057 1047/1047/1047 1048/1048/1048
f 1057/1057/1057 1056/1056/1056 1055/1055/1055
f 1057/1057/1057 1048/1048/1048 1058/1058/1058
f 1057/1057/1057 1058/1058/1058 1056/1056/1056
