# Wyeksportowano z NFSEngine Exporter
o Cube_Cube_54602.obj
v -0.01 0.01 0.01
v 0.01 0.01 0.01
v 0.01 0.00875 0.01
v 0.01 0.0075 0.01
v 0.01 0.00625 0.01
v 0.01 0.005 0.01
v 0.01 0.00375 0.01
v 0.01 0.0025 0.01
v 0.01 0.00125 0.01
v 0.01 0 0.01
v 0.01 -0.00125 0.01
v 0.01 -0.0025 0.01
v 0.01 -0.00375 0.01
v 0.01 -0.005 0.01
v 0.01 -0.00625 0.01
v 0.01 -0.0075 0.01
v 0.01 -0.00875 0.01
v 0.01 -0.01 0.01
v -0.01 -0.01 0.01
v 0.01 -0.01 -0.00875
v 0.01 -0.01 -0.01
v -0.01 -0.01 -0.01
v -0.01 -0.01 0.01
v 0.01 -0.01 -0.0075
v 0.01 -0.01 -0.00625
v 0.01 -0.01 -0.005
v 0.01 -0.01 -0.00375
v 0.01 -0.01 -0.0025
v 0.01 -0.01 -0.00125
v 0.01 -0.01 0
v 0.01 -0.01 0.00125
v 0.01 -0.01 0.0025
v 0.01 -0.01 0.00375
v 0.01 -0.01 0.005
v 0.01 -0.01 0.00625
v 0.01 -0.01 0.0075
v 0.01 -0.01 0.00875
v 0.01 -0.01 0.01
v -0.01 -0.01 -0.01
v -0.01 0.01 -0.01
v -0.01 0.01 0.01
v -0.01 -0.01 0.01
v -0.01 -0.01 -0.01
v 0.01 -0.01 -0.01
v 0.01 -0.00875 -0.01
v 0.01 -0.0075 -0.01
v 0.01 -0.00625 -0.01
v 0.01 -0.005 -0.01
v 0.01 -0.00375 -0.01
v 0.01 -0.0025 -0.01
v 0.01 -0.00125 -0.01
v 0.01 0 -0.01
v 0.01 0.00125 -0.01
v 0.01 0.0025 -0.01
v 0.01 0.00375 -0.01
v 0.01 0.005 -0.01
v 0.01 0.00625 -0.01
v 0.01 0.0075 -0.01
v 0.01 0.00875 -0.01
v 0.01 0.01 -0.01
v -0.01 0.01 -0.01
v -0.01 0.01 0.01
v -0.01 0.01 -0.01
v 0.01 0.01 -0.01
v 0.01 0.01 -0.00875
v 0.01 0.01 -0.0075
v 0.01 0.01 -0.00625
v 0.01 0.01 -0.005
v 0.01 0.01 -0.00375
v 0.01 0.01 -0.0025
v 0.01 0.01 -0.00125
v 0.01 0.01 0
v 0.01 0.01 0.00125
v 0.01 0.01 0.0025
v 0.01 0.01 0.00375
v 0.01 0.01 0.005
v 0.01 0.01 0.00625
v 0.01 0.01 0.0075
v 0.01 0.01 0.00875
v 0.01 0.01 0.01
v 0.01 0.01 0.00875
v 0.01 0.00875 0.01
v 0.01 0.01 0.01
v 0.01 0.00875 0.00875
v 0.01 0.01 0.0075
v 0.01 0.0075 0.01
v 0.01 0.00875 0.0075
v 0.01 0.0075 0.00875
v 0.01 0.01 0.00625
v 0.01 0.00625 0.01
v 0.01 0.00875 0.00625
v 0.01 0.00625 0.00875
v 0.01 0.01 0.005
v 0.01 0.005 0.01
v 0.01 0.00875 0.005
v 0.01 0.005 0.00875
v 0.01 0.01 0.00375
v 0.01 0.00375 0.01
v 0.01 0.00875 0.00375
v 0.01 0.00375 0.00875
v 0.01 0.01 0.0025
v 0.01 0.0025 0.01
v 0.01 0.00875 0.0025
v 0.01 0.0025 0.00875
v 0.01 0.01 0.00125
v 0.01 0.00125 0.01
v 0.01 0.00875 0.00125
v 0.01 0.00125 0.00875
v 0.01 0.01 0
v 0.01 0 0.01
v 0.01 0.00875 0
v 0.01 0 0.00875
v 0.01 0.01 -0.00125
v 0.01 -0.00125 0.01
v 0.01 0.00875 -0.00125
v 0.01 -0.00125 0.00875
v 0.01 0.01 -0.0025
v 0.01 -0.0025 0.01
v 0.01 0.00875 -0.0025
v 0.01 -0.0025 0.00875
v 0.01 0.01 -0.00375
v 0.01 -0.00375 0.01
v 0.01 -0.00375 0.00875
v 0.01 -0.005 0.01
v 0.01 -0.005 0.00875
v 0.01 -0.00625 0.01
v 0.01 -0.00625 0.00875
v 0.01 -0.0075 0.01
v 0.01 -0.0075 0.00875
v 0.01 -0.00875 0.01
v 0.01 0.00875 -0.00375
v 0.01 -0.00875 0.00875
v 0.01 -0.01 0.01
v 0.01 -0.01 0.00875
v 0.01 -0.00875 0.0075
v 0.01 -0.01 0.0075
v 0.01 -0.00875 0.00625
v 0.01 -0.01 0.00625
v 0.01 -0.00875 0.005
v 0.01 -0.01 0.005
v 0.01 -0.00875 0.00375
v 0.01 -0.01 0.00375
v 0.01 -0.00875 0.0025
v 0.01 -0.01 0.0025
v 0.01 -0.00875 0.00125
v 0.01 -0.01 0.00125
v 0.01 -0.00875 0
v 0.01 -0.01 0
v 0.01 -0.00875 -0.00125
v 0.01 -0.01 -0.00125
v 0.01 -0.00875 -0.0025
v 0.01 -0.01 -0.0025
v 0.01 -0.00875 -0.00375
v 0.01 -0.01 -0.00375
v 0.01 -0.00875 -0.005
v 0.01 -0.01 -0.005
v 0.01 -0.0075 -0.005
v 0.01 -0.0075 -0.00375
v 0.01 -0.00875 -0.00625
v 0.01 -0.01 -0.00625
v 0.01 -0.0075 -0.00625
v 0.01 -0.00625 -0.005
v 0.01 -0.00625 -0.00375
v 0.01 -0.00875 -0.0075
v 0.01 -0.01 -0.0075
v 0.01 -0.0075 -0.0075
v 0.01 -0.00625 -0.00625
v 0.01 -0.005 -0.005
v 0.01 -0.005 -0.00375
v 0.01 -0.00875 -0.00875
v 0.01 -0.01 -0.00875
v 0.01 -0.00875 -0.01
v 0.01 -0.01 -0.01
v 0.01 -0.0075 -0.01
v 0.01 -0.0075 -0.00875
v 0.01 -0.00625 -0.01
v 0.01 -0.00625 -0.00875
v 0.01 -0.005 -0.01
v 0.01 -0.00625 -0.0075
v 0.01 -0.005 -0.00875
v 0.01 -0.00375 -0.01
v 0.01 -0.005 -0.0075
v 0.01 -0.00375 -0.00875
v 0.01 -0.0025 -0.01
v 0.01 -0.005 -0.00625
v 0.01 -0.0025 -0.00875
v 0.01 -0.00125 -0.01
v 0.01 -0.00375 -0.0075
v 0.01 -0.00375 -0.00625
v 0.01 -0.00125 -0.00875
v 0.01 0 -0.01
v 0.01 -0.0025 -0.0075
v 0.01 -0.00375 -0.005
v 0.01 -0.00375 -0.00375
v 0.01 0 -0.00875
v 0.01 0.00125 -0.01
v 0.01 -0.00125 -0.0075
v 0.01 -0.0025 -0.00625
v 0.01 -0.0025 -0.005
v 0.01 -0.0025 -0.00375
v 0.01 0.00125 -0.00875
v 0.01 0.0025 -0.01
v 0.01 0 -0.0075
v 0.01 -0.00125 -0.00625
v 0.01 -0.00125 -0.005
v 0.01 -0.00125 -0.00375
v 0.01 0.0025 -0.00875
v 0.01 0.00375 -0.01
v 0.01 0.00125 -0.0075
v 0.01 0 -0.00625
v 0.01 0 -0.005
v 0.01 0 -0.00375
v 0.01 0.00375 -0.00875
v 0.01 0.005 -0.01
v 0.01 0.00125 -0.00625
v 0.01 0.00125 -0.005
v 0.01 0.00125 -0.00375
v 0.01 0.0025 -0.0075
v 0.01 0.005 -0.00875
v 0.01 0.00625 -0.01
v 0.01 0.0025 -0.00625
v 0.01 0.0025 -0.005
v 0.01 0.0025 -0.00375
v 0.01 0.00375 -0.0075
v 0.01 0.00625 -0.00875
v 0.01 0.0075 -0.01
v 0.01 0.00375 -0.00625
v 0.01 0.00375 -0.005
v 0.01 0.00375 -0.00375
v 0.01 0.005 -0.0075
v 0.01 0.0075 -0.00875
v 0.01 0.00875 -0.01
v 0.01 0.005 -0.00625
v 0.01 0.005 -0.005
v 0.01 0.005 -0.00375
v 0.01 0.00625 -0.0075
v 0.01 0.00875 -0.00875
v 0.01 0.01 -0.01
v 0.01 0.01 -0.00875
v 0.01 0.00625 -0.00625
v 0.01 0.00625 -0.005
v 0.01 0.00625 -0.00375
v 0.01 0.0075 -0.0075
v 0.01 0.00875 -0.0075
v 0.01 0.01 -0.0075
v 0.01 0.0075 -0.00625
v 0.01 0.0075 -0.005
v 0.01 0.0075 -0.00375
v 0.01 0.00875 -0.00625
v 0.01 0.01 -0.00625
v 0.01 0.00875 -0.005
v 0.01 0.01 -0.005
v 0.006635446 -0.0025 -0.00125
v 0.008293145 -0.0025 -0.00125
v 0.008293145 -0.00125 -0.00125
v 0.006635446 -0.00125 -0.00125
v 0.008293145 0 -0.00125
v 0.006635446 0 -0.00125
v 0.008293145 0.00125 -0.00125
v 0.006635446 0.00125 -0.00125
v 0.008293145 0.0025 -0.00125
v 0.006635446 0.0025 -0.00125
v 0.008293145 -0.00125 -0.00125
v 0.008293145 -0.0025 -0.00125
v 0.008293145 -0.0025 0
v 0.008293145 -0.00125 0
v 0.008293145 0 -0.00125
v 0.008293145 -0.0025 0.00125
v 0.008293145 0 0
v 0.008293145 0.00125 -0.00125
v 0.008293145 -0.00125 0.00125
v 0.008293145 -0.0025 0.0025
v 0.008293145 -0.00125 0.0025
v 0.008293145 0 0.00125
v 0.008293145 0 0.0025
v 0.008293145 0.00125 0
v 0.008293145 0.0025 -0.00125
v 0.008293145 0.0025 0
v 0.008293145 0.00125 0.00125
v 0.008293145 0.00125 0.0025
v 0.008293145 0.0025 0.00125
v 0.008293145 0.0025 0.0025
v 0.01 -0.00875 -0.00375
v 0.006635446 -0.00875 -0.00375
v 0.006635446 -0.0075 -0.00375
v 0.01 -0.0075 -0.00375
v 0.006635446 -0.00625 -0.00375
v 0.01 -0.00625 -0.00375
v 0.006635446 -0.005 -0.00375
v 0.01 -0.005 -0.00375
v 0.006635446 -0.00375 -0.00375
v 0.01 -0.00375 -0.00375
v 0.006635446 -0.0025 -0.00375
v 0.01 -0.0025 -0.00375
v 0.006635446 -0.00125 -0.00375
v 0.01 -0.00125 -0.00375
v 0.006635446 0 -0.00375
v 0.01 0 -0.00375
v 0.006635446 0.00125 -0.00375
v 0.01 0.00125 -0.00375
v 0.006635446 0.0025 -0.00375
v 0.01 0.0025 -0.00375
v 0.006635446 0.00375 -0.00375
v 0.01 0.00375 -0.00375
v 0.006635446 0.005 -0.00375
v 0.01 0.005 -0.00375
v 0.006635446 0.00625 -0.00375
v 0.01 0.00625 -0.00375
v 0.006635446 0.0075 -0.00375
v 0.01 0.0075 -0.00375
v 0.006635446 0.00875 -0.00375
v 0.01 0.00875 -0.00375
v 0.01 0.00875 0.0075
v 0.006635446 0.00875 0.00875
v 0.01 0.00875 0.00875
v 0.006635446 0.00875 0.0075
v 0.01 0.00875 0.00625
v 0.006635446 0.00875 0.00625
v 0.01 0.00875 0.005
v 0.006635446 0.00875 0.005
v 0.01 0.00875 0.00375
v 0.006635446 0.00875 0.00375
v 0.01 0.00875 0.0025
v 0.006635446 0.00875 0.0025
v 0.01 0.00875 0.00125
v 0.006635446 0.00875 0.00125
v 0.01 0.00875 0
v 0.006635446 0.00875 0
v 0.01 0.00875 -0.00125
v 0.006635446 0.00875 -0.00125
v 0.01 0.00875 -0.0025
v 0.006635446 0.00875 -0.0025
v 0.01 0.00875 -0.00375
v 0.006635446 0.00875 -0.00375
v 0.01 -0.0075 0.00875
v 0.006635446 -0.00875 0.00875
v 0.01 -0.00875 0.00875
v 0.006635446 -0.0075 0.00875
v 0.01 -0.00625 0.00875
v 0.006635446 -0.00625 0.00875
v 0.01 -0.005 0.00875
v 0.006635446 -0.005 0.00875
v 0.01 -0.00375 0.00875
v 0.006635446 -0.00375 0.00875
v 0.01 -0.0025 0.00875
v 0.006635446 -0.0025 0.00875
v 0.01 -0.00125 0.00875
v 0.006635446 -0.00125 0.00875
v 0.01 0 0.00875
v 0.006635446 0 0.00875
v 0.01 0.00125 0.00875
v 0.006635446 0.00125 0.00875
v 0.01 0.0025 0.00875
v 0.006635446 0.0025 0.00875
v 0.01 0.00375 0.00875
v 0.006635446 0.00375 0.00875
v 0.01 0.005 0.00875
v 0.006635446 0.005 0.00875
v 0.01 0.00625 0.00875
v 0.006635446 0.00625 0.00875
v 0.01 0.0075 0.00875
v 0.006635446 0.0075 0.00875
v 0.01 0.00875 0.00875
v 0.006635446 0.00875 0.00875
v 0.01 -0.00875 -0.0025
v 0.006635446 -0.00875 -0.00375
v 0.01 -0.00875 -0.00375
v 0.006635446 -0.00875 -0.0025
v 0.01 -0.00875 -0.00125
v 0.006635446 -0.00875 -0.00125
v 0.01 -0.00875 0
v 0.006635446 -0.00875 0
v 0.01 -0.00875 0.00125
v 0.006635446 -0.00875 0.00125
v 0.01 -0.00875 0.0025
v 0.006635446 -0.00875 0.0025
v 0.01 -0.00875 0.00375
v 0.006635446 -0.00875 0.00375
v 0.01 -0.00875 0.005
v 0.006635446 -0.00875 0.005
v 0.01 -0.00875 0.00625
v 0.006635446 -0.00875 0.00625
v 0.01 -0.00875 0.0075
v 0.006635446 -0.00875 0.0075
v 0.01 -0.00875 0.00875
v 0.006635446 -0.00875 0.00875
v 0.006635446 -0.0025 0
v 0.008293145 -0.0025 -0.00125
v 0.006635446 -0.0025 -0.00125
v 0.008293145 -0.0025 0
v 0.006635446 -0.0025 0.00125
v 0.008293145 -0.0025 0.00125
v 0.006635446 -0.0025 0.0025
v 0.008293145 -0.0025 0.0025
v 0.006635446 0.0025 0.0025
v 0.008293145 0.0025 0.0025
v 0.008293145 0.00125 0.0025
v 0.006635446 0.00125 0.0025
v 0.008293145 0 0.0025
v 0.006635446 0 0.0025
v 0.008293145 -0.00125 0.0025
v 0.006635446 -0.00125 0.0025
v 0.008293145 -0.0025 0.0025
v 0.006635446 -0.0025 0.0025
v 0.006635446 0.00875 0.0075
v 0.006635446 0.0075 0.00875
v 0.006635446 0.00875 0.00875
v 0.006635446 0.0075 0.0075
v 0.006635446 0.00875 0.00625
v 0.006635446 0.00625 0.00875
v 0.006635446 0.0075 0.00625
v 0.006635446 0.00875 0.005
v 0.006635446 0.00625 0.0075
v 0.006635446 0.005 0.00875
v 0.006635446 0.0075 0.005
v 0.006635446 0.00875 0.00375
v 0.006635446 0.0075 0.00375
v 0.006635446 0.00875 0.0025
v 0.006635446 0.0075 0.0025
v 0.006635446 0.00875 0.00125
v 0.006635446 0.00625 0.00625
v 0.006635446 0.005 0.0075
v 0.006635446 0.00375 0.00875
v 0.006635446 0.00625 0.005
v 0.006635446 0.005 0.00625
v 0.006635446 0.00375 0.0075
v 0.006635446 0.0025 0.00875
v 0.006635446 0.00625 0.00375
v 0.006635446 0.005 0.005
v 0.006635446 0.005 0.00375
v 0.006635446 0.005195173 0.003451963
v 0.006635446 0.005 0.003357235
v 0.006635446 0.005500001 0.0035
v 0.006635446 0.004902058 0.003309699
v 0.006635446 0.00580483 0.003451963
v 0.006635446 0.004631923 0.003078674
v 0.006635446 0.006097944 0.003309699
v 0.006635446 0.00625 0.003179658
v 0.006635446 0.00636808 0.003078674
v 0.006635446 0.006604855 0.002767767
v 0.006635446 0.004395147 0.002767767
v 0.006635446 0.006742199 0.0025
v 0.006635445 0.006294223 0.00235988
v 0.006635445 0.006431567 0.002092113
v 0.006635446 0.006799173 0.002388926
v 0.006635445 0.006488541 0.001981039
v 0.006635446 0.006943563 0.001956708
v 0.006635446 0.007032478 0.001487726
v 0.006635446 0.007047112 0.00125
v 0.006635446 0.0075 0.00125
v 0.006635446 0.007062501 0.0009999998
v 0.006635446 0.0075 0
v 0.006635446 0.00875 0
v 0.006635446 0.007032478 0.000512274
v 0.006635446 0.006943563 4.329122E-05
v 0.006635446 0.00875 -0.00125
v 0.006635446 0.0069291 0
v 0.006635446 0.0075 -0.00125
v 0.006635446 0.006799173 -0.0003889257
v 0.006635446 0.006604855 -0.000767767
v 0.006635446 0.00636808 -0.001078674
v 0.006635446 0.00875 -0.0025
v 0.006635446 0.00625 -0.001179658
v 0.006635446 0.0075 -0.0025
v 0.006635446 0.00875 -0.00375
v 0.006635446 0.0075 -0.00375
v 0.006635446 0.00625 -0.00125
v 0.006635446 0.006167749 -0.00125
v 0.006635446 0.00625 -0.0025
v 0.006635446 0.006097944 -0.001309699
v 0.006635446 0.00580483 -0.001451963
v 0.006635446 0.005500001 -0.0015
v 0.006635446 0.005195173 -0.001451963
v 0.006635446 0.00625 -0.00375
v 0.006635446 0.005 -0.0025
v 0.006635446 0.005 -0.001357235
v 0.006635446 0.004902058 -0.001309699
v 0.006635446 0.005 -0.00375
v 0.006635446 0.004832253 -0.00125
v 0.006635446 0.00375 -0.0025
v 0.006635446 0.00375 -0.00375
v 0.006635446 0.00375 -0.00125
v 0.006635446 0.004631923 -0.001078674
v 0.006635446 0.00375 0
v 0.006635446 0.004395147 -0.000767767
v 0.006635446 0.00420083 -0.0003889257
v 0.006635446 0.004070901 0
v 0.006635446 0.004056439 4.329122E-05
v 0.006635446 0.00375 0.00125
v 0.006635446 0.003967524 0.000512274
v 0.006635446 0.003937501 0.0009999998
v 0.006635446 0.003952891 0.00125
v 0.006635446 0.00375 0.0025
v 0.006635446 0.003967524 0.001487726
v 0.006635446 0.004056439 0.001956708
v 0.006635446 0.00420083 0.002388926
v 0.006635446 0.004257802 0.0025
v 0.006635446 0.00375 0.00375
v 0.006635446 0.00375 0.005
v 0.006635446 0.00375 0.00625
v 0.006635446 0.0025 0.0075
v 0.006635446 0.00125 0.00875
v 0.006635446 0.0025 0.00625
v 0.006635446 0.00125 0.0075
v 0.006635446 0 0.00875
v 0.006635446 0.0025 0.005
v 0.006635446 0 0.0075
v 0.006635446 -0.00125 0.00875
v 0.006635446 0.00125 0.00625
v 0.006635446 0.0025 0.00375
v 0.006635446 -0.00125 0.0075
v 0.006635446 -0.0025 0.00875
v 0.006635446 0 0.00625
v 0.006635446 0.00125 0.005
v 0.006635446 0.0025 0.0025
v 0.006635446 0.0025 0.00125
v 0.006635446 0.0025 0
v 0.006635446 0.0025 -0.00125
v 0.006635446 0.00125 0.00375
v 0.006635446 0.00125 0.0025
v 0.006635446 0.0025 -0.0025
v 0.006635446 0.00125 -0.00125
v 0.006635446 0.0025 -0.00375
v 0.006635446 0.00125 -0.0025
v 0.006635446 0 -0.00125
v 0.006635446 0.00125 -0.00375
v 0.006635446 0 -0.0025
v 0.006635446 -0.00125 -0.00125
v 0.006635446 0 -0.00375
v 0.006635446 -0.00125 -0.0025
v 0.006635446 -0.00125 -0.00375
v 0.006635446 -0.0025 -0.00125
v 0.006635446 -0.0025 -0.0025
v 0.006635446 -0.0025 -0.00375
v 0.006635446 -0.00375 -0.0025
v 0.006635446 -0.00375 -0.00125
v 0.006635446 -0.00375 0
v 0.006635446 -0.00375 -0.00375
v 0.006635446 -0.0025 0
v 0.006635446 -0.005 -0.0025
v 0.006635446 -0.005 -0.00375
v 0.006635446 -0.00625 -0.0025
v 0.006635446 -0.00625 -0.00125
v 0.006635446 -0.00625 -0.00375
v 0.006635446 -0.0075 -0.0025
v 0.006635446 -0.0075 -0.00375
v 0.006635446 -0.00875 -0.0025
v 0.006635446 -0.00875 -0.00375
v 0.006635446 -0.00875 -0.00125
v 0.006635446 -0.0075 -0.00125
v 0.006635446 -0.0075 0
v 0.006635446 -0.00875 0
v 0.006635446 -0.00875 0.00125
v 0.006635446 -0.0075 0.00125
v 0.006635446 -0.00875 0.0025
v 0.006635446 -0.0075 0.0025
v 0.006635446 -0.00875 0.00375
v 0.006635446 -0.0075 0.00375
v 0.006635446 -0.00875 0.005
v 0.006635446 -0.0075 0.005
v 0.006635446 -0.00875 0.00625
v 0.006635446 -0.00625 0.00375
v 0.006635446 -0.006742199 0.0025
v 0.006635446 -0.006604855 0.002767767
v 0.006635446 -0.006799172 0.002388926
v 0.006635446 -0.006368079 0.003078674
v 0.006635446 -0.00625 0.003179657
v 0.006635446 -0.006097944 0.003309699
v 0.006635446 -0.005804829 0.003451963
v 0.006635446 -0.005 0.00375
v 0.006635446 -0.0055 0.0035
v 0.006635446 -0.006943563 0.001956708
v 0.006635446 -0.0075 0.00625
v 0.006635446 -0.00875 0.0075
v 0.006635446 -0.00625 0.005
v 0.006635446 -0.0075 0.0075
v 0.006635446 -0.00875 0.00875
v 0.006635446 -0.0075 0.00875
v 0.006635446 -0.00625 0.00625
v 0.006635446 -0.00625 0.0075
v 0.006635446 -0.00625 0.00875
v 0.006635446 -0.005 0.005
v 0.006635446 -0.005 0.00625
v 0.006635446 -0.005 0.0075
v 0.006635446 -0.005 0.00875
v 0.006635446 -0.00375 0.00375
v 0.006635446 -0.00375 0.005
v 0.006635446 -0.004902057 0.003309699
v 0.006635446 -0.005 0.003357235
v 0.006635446 -0.004631922 0.003078674
v 0.006635446 -0.005195172 0.003451963
v 0.006635446 -0.005542298 0.002812875
v 0.006635446 -0.005237469 0.002764839
v 0.006635446 -0.004395146 0.002767767
v 0.006635446 -0.004257802 0.0025
v 0.006635446 -0.00375 0.0025
v 0.006635446 -0.004200829 0.002388926
v 0.006635446 -0.004056439 0.001956708
v 0.006635446 -0.003967524 0.001487726
v 0.006635446 -0.004440933 0.001770092
v 0.006635446 -0.004352018 0.001301109
v 0.006635446 -0.00395289 0.00125
v 0.006635446 -0.00375 0.00125
v 0.006635446 -0.003937501 0.0009999998
v 0.006635446 -0.003967524 0.000512274
v 0.006635446 -0.004056439 4.329122E-05
v 0.006635446 -0.004070901 0
v 0.006635446 -0.0025 0.00125
v 0.006635446 -0.0025 0.0025
v 0.006635446 -0.004200829 -0.0003889257
v 0.006635446 -0.0025 0.00375
v 0.006635446 -0.00125 0.0025
v 0.006635446 -0.00125 0.00375
v 0.006635446 0 0.0025
v 0.006635446 -0.0025 0.005
v 0.006635446 0 0.00375
v 0.006635446 -0.00125 0.005
v 0.006635446 0 0.005
v 0.006635446 -0.00125 0.00625
v 0.006635446 -0.00375 0.00625
v 0.006635446 -0.0025 0.00625
v 0.006635446 -0.0025 0.0075
v 0.006635446 -0.00375 0.00875
v 0.006635446 -0.00375 0.0075
v 0.006635446 0.0025 -0.00125
v 0.008293145 0.0025 -0.00125
v 0.008293145 0.0025 0
v 0.006635446 0.0025 0
v 0.008293145 0.0025 0.00125
v 0.006635446 0.0025 0.00125
v 0.008293145 0.0025 0.0025
v 0.006635446 0.0025 0.0025
v 0.0012 0.007032478 0.000512274
v 0.006635446 0.006943563 4.329122E-05
v 0.0012 0.006943563 4.329122E-05
v 0.006635446 0.007032478 0.000512274
v 0.0012 0.007062501 0.0009999998
v 0.006635446 0.007062501 0.0009999998
v 0.006635446 0.007047112 0.00125
v 0.0012 0.007032478 0.001487726
v 0.006635446 0.007032478 0.001487726
v 0.0012 0.006943563 0.001956708
v 0.006635446 0.006943563 0.001956708
v 0.0012 0.006799173 -0.0003889257
v 0.006635446 0.006799173 -0.0003889257
v 0.006635446 0.006604855 -0.000767767
v 0.0012 0.006604855 -0.000767767
v 0.006635446 0.00636808 -0.001078674
v 0.0012 0.00636808 -0.001078674
v 0.0012 0.00636808 -0.001078674
v 0.006635446 0.00636808 -0.001078674
v 0.006635446 0.00625 -0.001179658
v 0.006635446 0.006167749 -0.00125
v 0.006635446 0.006097944 -0.001309699
v 0.0012 0.006097944 -0.001309699
v 0.006635446 0.00580483 -0.001451963
v 0.0012 0.00580483 -0.001451963
v 0.006635446 0.005500001 -0.0015
v 0.0012 0.005500001 -0.0015
v 0.0012 0.005195173 -0.001451963
v 0.006635446 0.005195173 -0.001451963
v 0.006635446 0.005 -0.001357235
v 0.006635446 0.004902058 -0.001309699
v 0.0012 0.004902058 -0.001309699
v 0.006635446 0.004832253 -0.00125
v 0.006635446 0.004631923 -0.001078674
v 0.0012 0.004631923 -0.001078674
v 0.0012 0.004631923 -0.001078674
v 0.006635446 0.004631923 -0.001078674
v 0.006635446 0.004395147 -0.000767767
v 0.0012 0.004395147 -0.000767767
v 0.006635446 0.00420083 -0.0003889257
v 0.0012 0.00420083 -0.0003889257
v 0.0012 0.004056439 4.329122E-05
v 0.006635446 0.004070901 0
v 0.006635446 0.004056439 4.329122E-05
v 0.0012 0.003967524 0.000512274
v 0.006635446 0.003967524 0.000512274
v 0.006635446 0.003937501 0.0009999998
v 0.0012 0.003937501 0.0009999998
v 0.0012 0.003967524 0.001487726
v 0.006635446 0.003952891 0.00125
v 0.006635446 0.003967524 0.001487726
v 0.006635446 0.004056439 0.001956708
v 0.0012 0.004056439 0.001956708
v 0.006635446 0.00420083 0.002388926
v 0.0012 0.00420083 0.002388926
v 0.0012 0.004395147 0.002767767
v 0.006635446 0.004257802 0.0025
v 0.006635446 0.004395147 0.002767767
v 0.006635446 0.004631923 0.003078674
v 0.0012 0.004631923 0.003078674
v 0.0012 0.004902058 0.003309699
v 0.006635446 0.004902058 0.003309699
v 0.006635446 0.005 0.003357235
v 0.006635446 0.005195173 0.003451963
v 0.0012 0.005195173 0.003451963
v 0.006635446 0.005500001 0.0035
v 0.0012 0.005500001 0.0035
v 0.006635446 0.00580483 0.003451963
v 0.0012 0.00580483 0.003451963
v 0.006635446 0.006097944 0.003309699
v 0.0012 0.006097944 0.003309699
v 0.006635446 0.00625 0.003179658
v 0.006635446 0.00636808 0.003078674
v 0.0012 0.00636808 0.003078674
v 0.0012 0.00636808 0.003078674
v 0.006635446 0.00636808 0.003078674
v 0.006635446 0.006604855 0.002767767
v 0.0012 0.006604855 0.002767767
v 0.0012 0.006799173 0.002388926
v 0.0012 0.006488541 0.001981039
v 0.006635445 0.006488541 0.001981039
v 0.006635446 0.006799173 0.002388926
v 0.0012 0.003967524 0.000512274
v 0.0012 0.003937501 0.0009999998
v 0.0012 0.003967524 0.001487726
v 0.0012 0.004056439 4.329122E-05
v 0.0012 0.004056439 0.001956708
v 0.0012 0.00420083 -0.0003889257
v 0.0012 0.00420083 0.002388926
v 0.0012 0.004395147 -0.000767767
v 0.0012 0.004395147 0.002767767
v 0.0012 0.004631923 -0.001078674
v 0.0012 0.004631923 0.003078674
v 0.0012 0.004902058 -0.001309699
v 0.0012 0.004902058 0.003309699
v 0.0012 0.005195173 -0.001451963
v 0.0012 0.005195173 0.003451963
v 0.0012 0.005500001 -0.0015
v 0.0012 0.005500001 0.0035
v 0.0012 0.00580483 -0.001451963
v 0.0012 0.00580483 0.003451963
v 0.0012 0.006097944 -0.001309699
v 0.0012 0.006097944 0.003309699
v 0.0012 0.00636808 -0.001078674
v 0.0012 0.00636808 0.003078674
v 0.0012 0.006604855 -0.000767767
v 0.0012 0.006604855 0.002767767
v 0.0012 0.006799173 -0.0003889257
v 0.0012 0.006799173 0.002388926
v 0.0012 0.006943563 4.329122E-05
v 0.0012 0.006943563 0.001956708
v 0.0012 0.007032478 0.000512274
v 0.0012 0.007032478 0.001487726
v 0.0012 0.007062501 0.0009999998
v 0.006635446 -0.004070901 0
v 0.006635446 -0.004200829 -0.0003889257
v 0.0012 -0.004200829 -0.0003889257
v 0.0012 -0.004056439 4.329122E-05
v 0.006635446 -0.004056439 4.329122E-05
v 0.0012 -0.003967524 0.000512274
v 0.006635446 -0.003967524 0.000512274
v 0.0012 -0.003937501 0.0009999998
v 0.006635446 -0.003937501 0.0009999998
v 0.006635446 -0.00395289 0.00125
v 0.0012 -0.003967524 0.001487726
v 0.006635446 -0.003967524 0.001487726
v 0.006635446 -0.004200829 -0.0003889257
v 0.006635446 -0.004549285 6.862685E-05
v 0.0012 -0.004549285 6.862685E-05
v 0.0012 -0.004200829 -0.0003889257
v 0.0012 -0.004395146 -0.000767767
v 0.006635446 -0.004395146 -0.000767767
v 0.006635446 -0.004631922 -0.001078674
v 0.0012 -0.004631922 -0.001078674
v 0.0012 -0.004631922 -0.001078674
v 0.006635446 -0.004631922 -0.001078674
v 0.006635446 -0.004832252 -0.00125
v 0.006635446 -0.004902057 -0.001309699
v 0.0012 -0.004902057 -0.001309699
v 0.006635446 -0.005 -0.001357236
v 0.006635446 -0.005195172 -0.001451963
v 0.0012 -0.005195172 -0.001451963
v 0.006635446 -0.0055 -0.0015
v 0.0012 -0.0055 -0.0015
v 0.006635446 -0.005804829 -0.001451963
v 0.0012 -0.005804829 -0.001451963
v 0.006635446 -0.006097944 -0.001309699
v 0.0012 -0.006097944 -0.001309699
v 0.006635446 -0.006368079 -0.001078674
v 0.006635446 -0.006119267 -0.0003338837
v 0.006635446 -0.006001188 -0.0004348671
v 0.006635446 -0.00625 -0.001179658
v 0.006635446 -0.005918937 -0.0005052096
v 0.006635446 -0.006604855 -0.000767767
v 0.006635446 -0.006167749 -0.00125
v 0.006635446 -0.005849132 -0.0005649084
v 0.006635446 -0.006097944 -0.001309699
v 0.006635446 -0.006799172 -0.0003889257
v 0.006635446 -0.0069291 0
v 0.006635446 -0.005804829 -0.001451963
v 0.006635446 -0.006943563 4.329122E-05
v 0.006635446 -0.0055 -0.0015
v 0.006635446 -0.005195172 -0.001451963
v 0.006635446 -0.005 -0.001357236
v 0.006635446 -0.007032478 0.000512274
v 0.006635446 -0.0070625 0.0009999998
v 0.006635446 -0.007047111 0.00125
v 0.006635446 -0.007032478 0.001487726
v 0.006635446 -0.006647522 0.001300886
v 0.006635446 -0.006558608 0.001769869
v 0.006635446 -0.004902057 -0.001309699
v 0.006635446 -0.004832252 -0.00125
v 0.006635446 -0.004631922 -0.001078674
v 0.006635446 -0.004395146 -0.000767767
v 0.006635446 -0.004549285 6.862685E-05
v 0.006635446 -0.004743602 -0.0003102144
v 0.0012 -0.006368079 -0.001078674
v 0.006635446 -0.006368079 -0.001078674
v 0.006635446 -0.006604855 -0.000767767
v 0.0012 -0.006604855 -0.000767767
v 0.006635446 -0.006799172 -0.0003889257
v 0.0012 -0.006799172 -0.0003889257
v 0.0012 -0.006943563 4.329122E-05
v 0.006635446 -0.0069291 0
v 0.006635446 -0.006943563 4.329122E-05
v 0.006635446 -0.007032478 0.000512274
v 0.0012 -0.007032478 0.000512274
v 0.006635446 -0.0070625 0.0009999998
v 0.0012 -0.0070625 0.0009999998
v 0.0012 -0.007032478 0.001487726
v 0.006635446 -0.007047111 0.00125
v 0.006635446 -0.007032478 0.001487726
v 0.0012 -0.006943563 0.001956708
v 0.006635446 -0.006943563 0.001956708
v 0.006635446 -0.006799172 0.002388926
v 0.0012 -0.006799172 0.002388926
v 0.0012 -0.006604855 0.002767767
v 0.006635446 -0.006742199 0.0025
v 0.006635446 -0.006604855 0.002767767
v 0.006635446 -0.006368079 0.003078674
v 0.0012 -0.006368079 0.003078674
v 0.0012 -0.006368079 0.003078674
v 0.006635446 -0.006368079 0.003078674
v 0.006635446 -0.00625 0.003179657
v 0.006635446 -0.006097944 0.003309699
v 0.0012 -0.006097944 0.003309699
v 0.006635446 -0.005804829 0.003451963
v 0.0012 -0.005804829 0.003451963
v 0.006635446 -0.0055 0.0035
v 0.0012 -0.0055 0.0035
v 0.0012 -0.005195172 0.003451963
v 0.0012 -0.005237469 0.002764839
v 0.006635446 -0.005237469 0.002764839
v 0.006635446 -0.005195172 0.003451963
v 0.0012 -0.005195172 0.003451963
v 0.006635446 -0.005195172 0.003451963
v 0.006635446 -0.005 0.003357235
v 0.006635446 -0.004902057 0.003309699
v 0.0012 -0.004902057 0.003309699
v 0.006635446 -0.004631922 0.003078674
v 0.0012 -0.004631922 0.003078674
v 0.0012 -0.004631922 0.003078674
v 0.006635446 -0.004631922 0.003078674
v 0.006635446 -0.004395146 0.002767767
v 0.0012 -0.004395146 0.002767767
v 0.006635446 -0.004257802 0.0025
v 0.0012 -0.004200829 0.002388926
v 0.006635446 -0.004200829 0.002388926
v 0.006635446 -0.004056439 0.001956708
v 0.0012 -0.004056439 0.001956708
v 0.0012 -0.004056439 0.001956708
v 0.0012 -0.004440933 0.001770092
v 0.0012 -0.004352018 0.001301109
v 0.0012 -0.003967524 0.001487726
v 0.0012 -0.007032478 0.000512274
v 0.0012 -0.0070625 0.0009999998
v 0.0012 -0.007032478 0.001487726
v 0.0012 -0.006943563 4.329122E-05
v 0.0012 -0.006943563 0.001956708
v 0.0012 -0.006799172 -0.0003889257
v 0.0012 -0.006799172 0.002388926
v 0.0012 -0.006604855 -0.000767767
v 0.0012 -0.006604855 0.002767767
v 0.0012 -0.006368079 -0.001078674
v 0.0012 -0.006368079 0.003078674
v 0.0012 -0.006097944 -0.001309699
v 0.0012 -0.006097944 0.003309699
v 0.0012 -0.005804829 -0.001451963
v 0.0012 -0.005804829 0.003451963
v 0.0012 -0.0055 -0.0015
v 0.0012 -0.0055 0.0035
v 0.0012 -0.005195172 -0.001451963
v 0.0012 -0.005195172 0.003451963
v 0.0012 -0.004902057 -0.001309699
v 0.0012 -0.004902057 0.003309699
v 0.0012 -0.004631922 -0.001078674
v 0.0012 -0.004631922 0.003078674
v 0.0012 -0.004395146 -0.000767767
v 0.0012 -0.004395146 0.002767767
v 0.0012 -0.004200829 -0.0003889257
v 0.0012 -0.004200829 0.002388926
v 0.0012 -0.004056439 4.329122E-05
v 0.0012 -0.004056439 0.001956708
v 0.0012 -0.003967524 0.000512274
v 0.0012 -0.003967524 0.001487726
v 0.0012 -0.003937501 0.0009999998
v 0.006635446 0.0069291 0
v 0.006635445 0.006535201 0.000392529
v 0.006635446 0.006943563 4.329122E-05
v 0.006635445 0.006520739 0.0003492378
v 0.006635446 0.006799173 -0.0003889257
v 0.006635445 0.006390811 -3.968794E-05
v 0.006635446 0.005195173 -0.001451963
v 0.006635446 0.005246682 -0.0006151869
v 0.006635446 0.005551511 -0.0006632238
v 0.006635446 0.005500001 -0.0015
v 0.0012 0.004056439 4.329122E-05
v 0.0012 0.004590248 0.0003023778
v 0.0012 0.004501333 0.0007713606
v 0.0012 0.003967524 0.000512274
v 0.006635446 0.004631923 0.003078674
v 0.006635446 0.004844086 0.002443588
v 0.0012 0.004844086 0.002443588
v 0.0012 0.004631923 0.003078674
v 0.0012 0.006799173 0.002388926
v 0.006635446 0.006799173 0.002388926
v 0.006635446 0.006943563 0.001956708
v 0.0012 0.006943563 0.001956708
v 0.0012 0.005551511 -0.0006632238
v 0.006635446 0.005551511 -0.0006632238
v 0.006635446 0.005246682 -0.0006151869
v 0.0012 0.005246682 -0.0006151869
v 0.0012 0.005195173 -0.001451963
v 0.0012 0.005246682 -0.0006151869
v 0.006635446 0.005246682 -0.0006151869
v 0.006635446 0.005195173 -0.001451963
v 0.006635446 0.005500001 -0.0015
v 0.006635446 0.005551511 -0.0006632238
v 0.0012 0.005551511 -0.0006632238
v 0.0012 0.005500001 -0.0015
v 0.0012 0.005500001 -0.0015
v 0.0012 0.005551511 -0.0006632238
v 0.0012 0.005246682 -0.0006151869
v 0.0012 0.005195173 -0.001451963
v 0.0012 0.004590248 0.0003023778
v 0.006635446 0.004590248 0.0003023778
v 0.006635446 0.004501333 0.0007713606
v 0.0012 0.004501333 0.0007713606
v 0.0012 0.003967524 0.000512274
v 0.0012 0.004501333 0.0007713606
v 0.006635446 0.004501333 0.0007713606
v 0.006635446 0.003967524 0.000512274
v 0.006635446 0.003967524 0.000512274
v 0.006635446 0.004501333 0.0007713606
v 0.006635446 0.004590248 0.0003023778
v 0.006635446 0.004056439 4.329122E-05
v 0.006635446 0.004056439 4.329122E-05
v 0.006635446 0.004590248 0.0003023778
v 0.0012 0.004590248 0.0003023778
v 0.0012 0.004056439 4.329122E-05
v 0.0012 0.004844086 0.002443588
v 0.006635446 0.004844086 0.002443588
v 0.006635446 0.005114221 0.002674613
v 0.0012 0.005114221 0.002674613
v 0.0012 0.004631923 0.003078674
v 0.0012 0.004844086 0.002443588
v 0.0012 0.005114221 0.002674613
v 0.0012 0.004902058 0.003309699
v 0.006635446 0.004902058 0.003309699
v 0.006635446 0.005114221 0.002674613
v 0.006635446 0.004844086 0.002443588
v 0.006635446 0.004631923 0.003078674
v 0.0012 0.004902058 0.003309699
v 0.0012 0.005114221 0.002674613
v 0.006635446 0.005114221 0.002674613
v 0.006635446 0.004902058 0.003309699
v 0.006635445 0.006431567 0.002092113
v 0.006635445 0.006488541 0.001981039
v 0.0012 0.006488541 0.001981039
v 0.0012 0.006294223 0.00235988
v 0.006635445 0.006294223 0.00235988
v 0.006635446 0.006604855 0.002767767
v 0.006635445 0.006294223 0.00235988
v 0.0012 0.006294223 0.00235988
v 0.0012 0.006604855 0.002767767
v 0.0012 0.006604855 0.002767767
v 0.0012 0.006294223 0.00235988
v 0.0012 0.006488541 0.001981039
v 0.0012 0.006799173 0.002388926
v 0.006635445 0.006520739 0.0003492378
v 0.006635445 0.006390811 -3.968794E-05
v 0.0012 0.006390811 -3.968794E-05
v 0.0012 0.006535201 0.000392529
v 0.006635445 0.006535201 0.000392529
v 0.0012 0.006943563 4.329122E-05
v 0.0012 0.006535201 0.000392529
v 0.0012 0.006390811 -3.968794E-05
v 0.0012 0.006799173 -0.0003889257
v 0.0012 0.006799173 -0.0003889257
v 0.0012 0.006390811 -3.968794E-05
v 0.006635445 0.006390811 -3.968794E-05
v 0.006635446 0.006799173 -0.0003889257
v 0.006635446 0.006943563 4.329122E-05
v 0.006635445 0.006535201 0.000392529
v 0.0012 0.006535201 0.000392529
v 0.0012 0.006943563 4.329122E-05
v 0.0012 -0.005849132 -0.0005649084
v 0.006635446 -0.005849132 -0.0005649084
v 0.006635446 -0.005918937 -0.0005052096
v 0.006635446 -0.006001188 -0.0004348671
v 0.006635446 -0.006119267 -0.0003338837
v 0.0012 -0.006119267 -0.0003338837
v 0.0012 -0.006368079 -0.001078674
v 0.0012 -0.006119267 -0.0003338837
v 0.006635446 -0.006119267 -0.0003338837
v 0.006635446 -0.006368079 -0.001078674
v 0.006635446 -0.006097944 -0.001309699
v 0.006635446 -0.005849132 -0.0005649084
v 0.0012 -0.005849132 -0.0005649084
v 0.0012 -0.006097944 -0.001309699
v 0.0012 -0.006097944 -0.001309699
v 0.0012 -0.005849132 -0.0005649084
v 0.0012 -0.006119267 -0.0003338837
v 0.0012 -0.006368079 -0.001078674
v 0.0012 -0.006647522 0.001300886
v 0.006635446 -0.006647522 0.001300886
v 0.006635446 -0.006558608 0.001769869
v 0.0012 -0.006558608 0.001769869
v 0.0012 -0.007032478 0.001487726
v 0.0012 -0.006647522 0.001300886
v 0.0012 -0.006558608 0.001769869
v 0.0012 -0.006943563 0.001956708
v 0.0012 -0.006943563 0.001956708
v 0.0012 -0.006558608 0.001769869
v 0.006635446 -0.006558608 0.001769869
v 0.006635446 -0.006943563 0.001956708
v 0.006635446 -0.007032478 0.001487726
v 0.006635446 -0.006647522 0.001300886
v 0.0012 -0.006647522 0.001300886
v 0.0012 -0.007032478 0.001487726
v 0.0012 -0.005542298 0.002812875
v 0.006635446 -0.005542298 0.002812875
v 0.006635446 -0.005237469 0.002764839
v 0.0012 -0.005237469 0.002764839
v 0.006635446 -0.0055 0.0035
v 0.006635446 -0.005542298 0.002812875
v 0.0012 -0.005542298 0.002812875
v 0.0012 -0.0055 0.0035
v 0.0012 -0.0055 0.0035
v 0.0012 -0.005542298 0.002812875
v 0.0012 -0.005237469 0.002764839
v 0.0012 -0.005195172 0.003451963
v 0.0012 -0.004440933 0.001770092
v 0.006635446 -0.004440933 0.001770092
v 0.006635446 -0.004352018 0.001301109
v 0.0012 -0.004352018 0.001301109
v 0.0012 -0.003967524 0.001487726
v 0.0012 -0.004352018 0.001301109
v 0.006635446 -0.004352018 0.001301109
v 0.006635446 -0.003967524 0.001487726
v 0.006635446 -0.004056439 0.001956708
v 0.006635446 -0.004440933 0.001770092
v 0.0012 -0.004440933 0.001770092
v 0.0012 -0.004056439 0.001956708
v 0.0012 -0.004549285 6.862685E-05
v 0.006635446 -0.004549285 6.862685E-05
v 0.006635446 -0.004743602 -0.0003102144
v 0.0012 -0.004743602 -0.0003102144
v 0.0012 -0.004200829 -0.0003889257
v 0.0012 -0.004549285 6.862685E-05
v 0.0012 -0.004743602 -0.0003102144
v 0.0012 -0.004395146 -0.000767767
v 0.0012 -0.004395146 -0.000767767
v 0.0012 -0.004743602 -0.0003102144
v 0.006635446 -0.004743602 -0.0003102144
v 0.006635446 -0.004395146 -0.000767767
vn 0 0 1
vn 0 0 1
vn 0 0 1
vn 0 0 1
vn 0 0 1
vn 0 0 1
vn 0 0 1
vn 0 0 1
vn 0 0 1
vn 0 0 1
vn 0 0 1
vn 0 0 1
vn 0 0 1
vn 0 0 1
vn 0 0 1
vn 0 0 1
vn 0 0 1
vn 0 0 1
vn 0 0 1
vn 0 -1 0
vn 0 -1 0
vn 0 -1 0
vn 0 -1 0
vn 0 -1 0
vn 0 -1 0
vn 0 -1 0
vn 0 -1 0
vn 0 -1 0
vn 0 -1 0
vn 0 -1 0
vn 0 -1 0
vn 0 -1 0
vn 0 -1 0
vn 0 -1 0
vn 0 -1 0
vn 0 -1 0
vn 0 -1 0
vn 0 -1 0
vn -1 0 0
vn -1 0 0
vn -1 0 0
vn -1 0 0
vn 0 0 -1
vn 0 0 -1
vn 0 0 -1
vn 0 0 -1
vn 0 0 -1
vn 0 0 -1
vn 0 0 -1
vn 0 0 -1
vn 0 0 -1
vn 0 0 -1
vn 0 0 -1
vn 0 0 -1
vn 0 0 -1
vn 0 0 -1
vn 0 0 -1
vn 0 0 -1
vn 0 0 -1
vn 0 0 -1
vn 0 0 -1
vn 0 1 0
vn 0 1 0
vn 0 1 0
vn 0 1 0
vn 0 1 0
vn 0 1 0
vn 0 1 0
vn 0 1 0
vn 0 1 0
vn 0 1 0
vn 0 1 0
vn 0 1 0
vn 0 1 0
vn 0 1 0
vn 0 1 0
vn 0 1 0
vn 0 1 0
vn 0 1 0
vn 0 1 0
vn 1 0 0
vn 1 0 0
vn 1 0 0
vn 1 0 0
vn 1 0 0
vn 1 0 0
vn 1 0 0
vn 1 0 0
vn 1 0 0
vn 1 0 0
vn 1 0 0
vn 1 0 0
vn 1 0 0
vn 1 0 0
vn 1 0 0
vn 1 0 0
vn 1 0 0
vn 1 0 0
vn 1 0 0
vn 1 0 0
vn 1 0 0
vn 1 0 0
vn 1 0 0
vn 1 0 0
vn 1 0 0
vn 1 0 0
vn 1 0 0
vn 1 0 0
vn 1 0 0
vn 1 0 0
vn 1 0 0
vn 1 0 0
vn 1 0 0
vn 1 0 0
vn 1 0 0
vn 1 0 0
vn 1 0 0
vn 1 0 0
vn 1 0 0
vn 1 0 0
vn 1 0 0
vn 1 0 0
vn 1 0 0
vn 1 0 0
vn 1 0 0
vn 1 0 0
vn 1 0 0
vn 1 0 0
vn 1 0 0
vn 1 0 0
vn 1 0 0
vn 1 0 0
vn 1 0 0
vn 1 0 0
vn 1 0 0
vn 1 0 0
vn 1 0 0
vn 1 0 0
vn 1 0 0
vn 1 0 0
vn 1 0 0
vn 1 0 0
vn 1 0 0
vn 1 0 0
vn 1 0 0
vn 1 0 0
vn 1 0 0
vn 1 0 0
vn 1 0 0
vn 1 0 0
vn 1 0 0
vn 1 0 0
vn 1 0 0
vn 1 0 0
vn 1 0 0
vn 1 0 0
vn 1 0 0
vn 1 0 0
vn 1 0 0
vn 1 0 0
vn 1 0 0
vn 1 0 0
vn 1 0 0
vn 1 0 0
vn 1 0 0
vn 1 0 0
vn 1 0 0
vn 1 0 0
vn 1 0 0
vn 1 0 0
vn 1 0 0
vn 1 0 0
vn 1 0 0
vn 1 0 0
vn 1 0 0
vn 1 0 0
vn 1 0 0
vn 1 0 0
vn 1 0 0
vn 1 0 0
vn 1 0 0
vn 1 0 0
vn 1 0 0
vn 1 0 0
vn 1 0 0
vn 1 0 0
vn 1 0 0
vn 1 0 0
vn 1 0 0
vn 1 0 0
vn 1 0 0
vn 1 0 0
vn 1 0 0
vn 1 0 0
vn 1 0 0
vn 1 0 0
vn 1 0 0
vn 1 0 0
vn 1 0 0
vn 1 0 0
vn 1 0 0
vn 1 0 0
vn 1 0 0
vn 1 0 0
vn 1 0 0
vn 1 0 0
vn 1 0 0
vn 1 0 0
vn 1 0 0
vn 1 0 0
vn 1 0 0
vn 1 0 0
vn 1 0 0
vn 1 0 0
vn 1 0 0
vn 1 0 0
vn 1 0 0
vn 1 0 0
vn 1 0 0
vn 1 0 0
vn 1 0 0
vn 1 0 0
vn 1 0 0
vn 1 0 0
vn 1 0 0
vn 1 0 0
vn 1 0 0
vn 1 0 0
vn 1 0 0
vn 1 0 0
vn 1 0 0
vn 1 0 0
vn 1 0 0
vn 1 0 0
vn 1 0 0
vn 1 0 0
vn 1 0 0
vn 1 0 0
vn 1 0 0
vn 1 0 0
vn 1 0 0
vn 1 0 0
vn 1 0 0
vn 1 0 0
vn 1 0 0
vn 1 0 0
vn 1 0 0
vn 1 0 0
vn 1 0 0
vn 1 0 0
vn 1 0 0
vn 1 0 0
vn 0 0 -1
vn 0 0 -1
vn 0 0 -1
vn 0 0 -1
vn 0 0 -1
vn 0 0 -1
vn 0 0 -1
vn 0 0 -1
vn 0 0 -1
vn 0 0 -1
vn 1 0 0
vn 1 0 0
vn 1 0 0
vn 1 0 0
vn 1 0 0
vn 1 0 0
vn 1 0 0
vn 1 0 0
vn 1 0 0
vn 1 0 0
vn 1 0 0
vn 1 0 0
vn 1 0 0
vn 1 0 0
vn 1 0 0
vn 1 0 0
vn 1 0 0
vn 1 0 0
vn 1 0 0
vn 1 0 0
vn 0 0 1
vn 0 0 1
vn 0 0 1
vn 0 0 1
vn 0 0 1
vn 0 0 1
vn 0 0 1
vn 0 0 1
vn 0 0 1
vn 0 0 1
vn 0 0 1
vn 0 0 1
vn 0 0 1
vn 0 0 1
vn 0 0 1
vn 0 0 1
vn 0 0 1
vn 0 0 1
vn 0 0 1
vn 0 0 1
vn 0 0 1
vn 0 0 1
vn 0 0 1
vn 0 0 1
vn 0 0 1
vn 0 0 1
vn 0 0 1
vn 0 0 1
vn 0 0 1
vn 0 0 1
vn 0 -1 0
vn 0 -1 0
vn 0 -1 0
vn 0 -1 0
vn 0 -1 0
vn 0 -1 0
vn 0 -1 0
vn 0 -1 0
vn 0 -1 0
vn 0 -1 0
vn 0 -1 0
vn 0 -1 0
vn 0 -1 0
vn 0 -1 0
vn 0 -1 0
vn 0 -1 0
vn 0 -1 0
vn 0 -1 0
vn 0 -1 0
vn 0 -1 0
vn 0 -1 0
vn 0 -1 0
vn 0 0 -1
vn 0 0 -1
vn 0 0 -1
vn 0 0 -1
vn 0 0 -1
vn 0 0 -1
vn 0 0 -1
vn 0 0 -1
vn 0 0 -1
vn 0 0 -1
vn 0 0 -1
vn 0 0 -1
vn 0 0 -1
vn 0 0 -1
vn 0 0 -1
vn 0 0 -1
vn 0 0 -1
vn 0 0 -1
vn 0 0 -1
vn 0 0 -1
vn 0 0 -1
vn 0 0 -1
vn 0 0 -1
vn 0 0 -1
vn 0 0 -1
vn 0 0 -1
vn 0 0 -1
vn 0 0 -1
vn 0 0 -1
vn 0 0 -1
vn 0 1 0
vn 0 1 0
vn 0 1 0
vn 0 1 0
vn 0 1 0
vn 0 1 0
vn 0 1 0
vn 0 1 0
vn 0 1 0
vn 0 1 0
vn 0 1 0
vn 0 1 0
vn 0 1 0
vn 0 1 0
vn 0 1 0
vn 0 1 0
vn 0 1 0
vn 0 1 0
vn 0 1 0
vn 0 1 0
vn 0 1 0
vn 0 1 0
vn 0 -1 0
vn 0 -1 0
vn 0 -1 0
vn 0 -1 0
vn 0 -1 0
vn 0 -1 0
vn 0 -1 0
vn 0 -1 0
vn 0 0 1
vn 0 0 1
vn 0 0 1
vn 0 0 1
vn 0 0 1
vn 0 0 1
vn 0 0 1
vn 0 0 1
vn 0 0 1
vn 0 0 1
vn 1 0 0
vn 1 0 0
vn 1 0 0
vn 1 0 0
vn 1 0 0
vn 1 0 0
vn 1 0 0
vn 1 0 0
vn 1 0 0
vn 1 0 0
vn 1 0 0
vn 1 0 0
vn 1 0 0
vn 1 0 0
vn 1 0 0
vn 1 0 0
vn 1 0 0
vn 1 0 0
vn 1 0 0
vn 1 0 0
vn 1 0 0
vn 1 0 0
vn 1 0 0
vn 1 0 0
vn 1 0 0
vn 1 0 0
vn 1 1.109997E-07 0
vn 1 1.416192E-07 0
vn 1 1.109997E-07 0
vn 1 1.58557E-07 0
vn 1 1.109997E-07 0
vn 1 1.58557E-07 0
vn 1 1.109997E-07 0
vn 1 1.291284E-07 0
vn 1 1.359981E-07 0
vn 1 -2.694427E-07 -1.617522E-07
vn 1 1.58557E-07 0
vn 1 -8.646622E-07 -2.940549E-07
vn 1 -1.338129E-06 -5.881085E-07
vn 1 -2.032257E-06 -5.8811E-07
vn 1 -1.132942E-06 -2.368957E-07
vn 1 -2.419361E-06 -5.881109E-07
vn 1 -2.652489E-07 0
vn 1 -2.652489E-07 0
vn 1 0 0
vn 1 0 0
vn 1 3.122569E-07 0
vn 1 0 0
vn 1 0 0
vn 1 3.122569E-07 0
vn 1 3.122569E-07 0
vn 1 0 0
vn 1 1.240782E-07 0
vn 1 0 0
vn 1 0 0
vn 1 0 0
vn 1 0 0
vn 1 0 0
vn 1 0 0
vn 1 0 0
vn 1 0 0
vn 1 0 0
vn 1 0 0
vn 1 -1.065734E-07 0
vn 1 0 0
vn 1 -1.375536E-07 0
vn 1 -1.375536E-07 0
vn 1 -1.375536E-07 0
vn 1 -1.375536E-07 0
vn 1 0 0
vn 1 0 0
vn 1 0 0
vn 1 0 0
vn 1 0 0
vn 1 0 0
vn 1 0 0
vn 1 0 0
vn 1 0 0
vn 1 0 0
vn 1 6.55829E-07 0
vn 1 0 0
vn 1 0 0
vn 1 1.042402E-06 0
vn 1 2.623316E-06 0
vn 1 7.753123E-07 0
vn 1 2.623316E-06 0
vn 1 2.623316E-06 0
vn 1 1.50867E-06 0
vn 1 1.591227E-07 0
vn 1 4.779338E-07 0
vn 1 4.779338E-07 0
vn 1 4.779338E-07 0
vn 1 2.700616E-07 0
vn 1 0 0
vn 1 0 0
vn 1 0 0
vn 1 0 0
vn 1 0 0
vn 1 0 0
vn 1 0 0
vn 1 0 0
vn 1 0 0
vn 1 0 0
vn 1 0 0
vn 1 0 0
vn 1 0 0
vn 1 0 0
vn 1 0 0
vn 1 0 0
vn 1 0 0
vn 1 0 0
vn 1 0 0
vn 1 0 0
vn 1 0 0
vn 1 0 0
vn 1 0 0
vn 1 0 0
vn 1 0 0
vn 1 0 0
vn 1 0 0
vn 1 0 0
vn 1 0 0
vn 1 0 0
vn 1 0 0
vn 1 0 0
vn 1 0 0
vn 1 0 0
vn 1 0 0
vn 1 0 0
vn 1 0 0
vn 1 0 0
vn 1 0 0
vn 1 -3.074207E-07 0
vn 1 0 0
vn 1 0 0
vn 1 0 0
vn 1 0 0
vn 1 0 0
vn 1 0 0
vn 1 0 0
vn 1 0 0
vn 1 0 0
vn 1 0 0
vn 1 0 0
vn 1 0 0
vn 1 0 0
vn 1 1.561282E-07 0
vn 1 0 0
vn 1 0 0
vn 1 0 0
vn 1 0 0
vn 1 0 0
vn 1 0 0
vn 1 0 0
vn 1 0 0
vn 1 0 0
vn 1 0 0
vn 1 0 0
vn 1 0 0
vn 1 1.35998E-07 0
vn 1 -2.652486E-07 0
vn 1 1.35998E-07 0
vn 1 0 0
vn 1 -4.439983E-07 0
vn 1 -4.439983E-07 0
vn 1 -1.902781E-07 0
vn 1 0 0
vn 1 -1.849102E-07 0
vn 1 0 0
vn 1 0 0
vn 1 0 0
vn 1 0 0
vn 1 0 0
vn 1 0 0
vn 1 0 0
vn 1 0 0
vn 1 0 0
vn 1 0 0
vn 1 0 0
vn 1 0 0
vn 1 0 0
vn 1 0 0
vn 1 0 0
vn 1 -3.171141E-07 0
vn 1 -3.623047E-07 0
vn 1 -3.171141E-07 0
vn 1 0 0
vn 1 8.807368E-07 0
vn 1 8.807368E-07 0
vn 1 -3.171141E-07 0
vn 1 0 0
vn 1 0 0
vn 1 4.779346E-07 0
vn 1 3.331778E-07 0
vn 1 2.971159E-07 0
vn 1 0 0
vn 1 0 0
vn 1 -3.424803E-07 0
vn 1 -1.87937E-07 0
vn 1 -1.229683E-06 0
vn 1 -1.229683E-06 0
vn 1 -1.229683E-06 0
vn 1 -4.886272E-07 0
vn 1 0 0
vn 1 0 0
vn 1 0 0
vn 1 0 0
vn 1 0 0
vn 1 0 0
vn 1 0 0
vn 1 0 0
vn 1 0 0
vn 1 0 0
vn 1 0 0
vn 1 0 0
vn 1 0 0
vn 1 0 0
vn 1 0 0
vn 1 0 0
vn 1 0 0
vn 0 1 0
vn 0 1 0
vn 0 1 0
vn 0 1 0
vn 0 1 0
vn 0 1 0
vn 0 1 0
vn 0 1 0
vn 0 -0.9922694 0.1241026
vn 0 -0.9824981 0.1862728
vn 0 -0.9824981 0.1862728
vn 0 -0.9922694 0.1241026
vn 0 -1 0
vn 0 -1 0
vn 0 -0.9981108 -0.0614409
vn 0 -0.9922694 -0.1241026
vn 0 -0.9922694 -0.1241026
vn 0 -0.982498 -0.1862728
vn 0 -0.982498 -0.1862728
vn 0 -0.8897797 0.4563902
vn 0 -0.8897797 0.4563902
vn 0 -0.8459789 0.5332164
vn 0 -0.8459789 0.5332164
vn 0 -0.7268505 0.6867957
vn 0 -0.7268505 0.6867957
vn 0 -0.7268505 0.6867957
vn 0 -0.7268505 0.6867957
vn 0 -0.6499476 0.759979
vn 0 -0.6499476 0.759979
vn 0 -0.5477641 0.8366328
vn 0 -0.5477641 0.8366328
vn 0 -0.2994175 0.9541222
vn 0 -0.2994175 0.9541222
vn 0 -0.05202959 0.9986456
vn 0 -0.05202959 0.9986456
vn 0 0.1489065 0.9888512
vn 0 0.1489065 0.9888512
vn 0 0.4366425 0.8996351
vn 0 0.5477641 0.8366328
vn 0 0.5477641 0.8366328
vn 0 0.6499476 0.759979
vn 0 0.7268505 0.6867957
vn 0 0.7268505 0.6867957
vn 0 0.7268505 0.6867957
vn 0 0.7268505 0.6867957
vn 0 0.8459789 0.5332164
vn 0 0.8459789 0.5332164
vn 0 0.9217708 0.3877352
vn 0 0.9217708 0.3877352
vn 0 0.9484736 0.3168559
vn 0 0.9484736 0.3168559
vn 0 0.9484736 0.3168559
vn 0 0.9981108 0.06144034
vn 0 0.9981108 0.06144034
vn 0 1 0
vn 0 1 0
vn 0 0.9922694 -0.1241026
vn 0 0.9981108 -0.06144033
vn 0 0.9922694 -0.1241026
vn 0 0.9676911 -0.2521392
vn 0 0.9676911 -0.2521392
vn 0 0.9217708 -0.3877353
vn 0 0.9217708 -0.3877353
vn 0 0.8459789 -0.5332164
vn 0 0.8897797 -0.4563903
vn 0 0.8459789 -0.5332164
vn 0 0.7955619 -0.6058724
vn 0 0.7955619 -0.6058724
vn 0 0.4366425 -0.8996351
vn 0 0.4366425 -0.8996351
vn 0 0.4366425 -0.8996351
vn 0 0.2994175 -0.9541222
vn 0 0.2994175 -0.9541222
vn 0 0 -1
vn 0 0 -1
vn 0 -0.2994175 -0.9541222
vn 0 -0.2994175 -0.9541222
vn 0 -0.5477642 -0.8366327
vn 0 -0.5477642 -0.8366327
vn 0 -0.6499479 -0.7599787
vn 0 -0.7268507 -0.6867955
vn 0 -0.7268507 -0.6867955
vn 0 -0.7268507 -0.6867955
vn 0 -0.7268507 -0.6867955
vn 0 -0.7955619 -0.6058724
vn 0 -0.7955619 -0.6058724
vn 0 0.7955623 -0.6058719
vn 0 0.7955623 -0.6058719
vn 0 0.7955623 -0.6058719
vn 0 0.7955623 -0.6058719
vn 1 0 0
vn 1 0 0
vn 1 0 0
vn 1 0 0
vn 1 0 0
vn 1 0 0
vn 1 0 0
vn 1 0 0
vn 1 0 0
vn 1 0 0
vn 1 0 0
vn 1 0 0
vn 1 0 0
vn 1 0 0
vn 1 0 0
vn 1 0 0
vn 1 0 0
vn 1 0 0
vn 1 0 0
vn 1 0 0
vn 1 0 0
vn 1 0 0
vn 1 0 0
vn 1 0 0
vn 1 0 0
vn 1 0 0
vn 1 0 0
vn 1 0 0
vn 1 0 0
vn 1 0 0
vn 1 0 0
vn 1 0 0
vn 0 -0.9484736 0.3168559
vn 0 -0.9484736 0.3168559
vn 0 -0.9484736 0.3168559
vn 0 -0.9676909 0.2521392
vn 0 -0.9676909 0.2521392
vn 0 -0.9922694 0.1241029
vn 0 -0.9922694 0.1241029
vn 0 -1 0
vn 0 -1 0
vn 0 -0.9981108 -0.0614409
vn 0 -0.9981108 -0.0614409
vn 0 -0.9981108 -0.0614409
vn 0 0.7955623 0.6058718
vn 0 0.7955623 0.6058718
vn 0 0.7955623 0.6058718
vn 0 0.7955623 0.6058718
vn 0 -0.7955619 0.6058724
vn 0 -0.7955619 0.6058724
vn 0 -0.7268505 0.6867957
vn 0 -0.7268505 0.6867957
vn 0 -0.7268505 0.6867957
vn 0 -0.7268505 0.6867957
vn 0 -0.6499476 0.759979
vn 0 -0.5477641 0.8366328
vn 0 -0.5477641 0.8366328
vn 0 -0.4366425 0.8996351
vn 0 -0.2994175 0.9541222
vn 0 -0.2994175 0.9541222
vn 0 0 1
vn 0 0 1
vn 0 0.2994175 0.9541222
vn 0 0.2994175 0.9541222
vn 0 0.4366425 0.8996351
vn 0 0.4366425 0.8996351
vn 1 -1.648921E-07 0
vn 1 -4.118341E-07 0
vn 1 -1.148933E-06 0
vn 1 -8.139069E-07 0
vn 1 -9.465587E-07 0
vn 1 0 0
vn 1 0 0
vn 1 1.393275E-06 0
vn 1 3.569688E-07 0
vn 1 0 0
vn 1 2.48156E-07 0
vn 1 0 0
vn 1 6.245129E-07 0
vn 1 0 0
vn 1 0 0
vn 1 0 0
vn 1 6.245129E-07 0
vn 1 6.245129E-07 0
vn 1 1.622322E-07 0
vn 1 -1.648962E-07 0
vn 1 0 0
vn 1 0 0
vn 1 1.799957E-07 0
vn 1 1.394566E-07 0
vn 1 0 0
vn 1 0 0
vn 1 0 0
vn 1 0 0
vn 0 0.7955619 0.6058724
vn 0 0.7955619 0.6058724
vn 0 0.8459789 0.5332164
vn 0 0.8459789 0.5332164
vn 0 0.9217708 0.3877352
vn 0 0.9217708 0.3877352
vn 0 0.9676911 0.2521389
vn 0 0.9484736 0.3168559
vn 0 0.9676911 0.2521389
vn 0 0.9922694 0.1241026
vn 0 0.9922694 0.1241026
vn 0 1 0
vn 0 1 0
vn 0 0.9981108 -0.0614409
vn 0 0.9981108 -0.0614409
vn 0 0.9981108 -0.0614409
vn 0 0.9484738 -0.3168558
vn 0 0.9484738 -0.3168558
vn 0 0.9217708 -0.3877353
vn 0 0.9217708 -0.3877353
vn 0 0.8459789 -0.5332164
vn 0 0.8897797 -0.4563903
vn 0 0.8459789 -0.5332164
vn 0 0.7268507 -0.6867955
vn 0 0.7268507 -0.6867955
vn 0 0.7268507 -0.6867955
vn 0 0.7268507 -0.6867955
vn 0 0.6499479 -0.7599787
vn 0 0.5477642 -0.8366327
vn 0 0.5477642 -0.8366327
vn 0 0.2994175 -0.9541222
vn 0 0.2994175 -0.9541222
vn 0 0.1556654 -0.9878099
vn 0 0.1556654 -0.9878099
vn 0 0.9981108 -0.06144051
vn 0 0.9981108 -0.06144051
vn 0 0.9981108 -0.06144051
vn 0 0.9981108 -0.06144051
vn 0 -0.4366425 -0.8996351
vn 0 -0.4366425 -0.8996351
vn 0 -0.4366425 -0.8996351
vn 0 -0.5477642 -0.8366327
vn 0 -0.5477642 -0.8366327
vn 0 -0.7268507 -0.6867955
vn 0 -0.7268507 -0.6867955
vn 0 -0.7268507 -0.6867955
vn 0 -0.7268507 -0.6867955
vn 0 -0.8459789 -0.5332164
vn 0 -0.8459789 -0.5332164
vn 0 -0.8897797 -0.4563903
vn 0 -0.9217708 -0.3877353
vn 0 -0.9217708 -0.3877353
vn 0 -0.9484738 -0.3168558
vn 0 -0.9484738 -0.3168558
vn -1 0 0
vn -1 0 0
vn -1 0 0
vn -1 0 0
vn 1 0 0
vn 1 0 0
vn 1 0 0
vn 1 0 0
vn 1 0 0
vn 1 0 0
vn 1 0 0
vn 1 0 0
vn 1 0 0
vn 1 0 0
vn 1 0 0
vn 1 0 0
vn 1 0 0
vn 1 0 0
vn 1 0 0
vn 1 0 0
vn 1 0 0
vn 1 0 0
vn 1 0 0
vn 1 0 0
vn 1 0 0
vn 1 0 0
vn 1 0 0
vn 1 0 0
vn 1 0 0
vn 1 0 0
vn 1 0 0
vn 1 0 0
vn 1 0 0
vn 1 0 0
vn 1 0 0
vn 1 0 0
vn 1 -5.679163E-07 3.792576E-07
vn 1 0 3.792592E-07
vn 1 0 3.792592E-07
vn 1 -3.44259E-07 3.792582E-07
vn 1 -9.121756E-07 3.792566E-07
vn 1 -9.121756E-07 3.792566E-07
vn 1 -7.232227E-07 0
vn 1 -7.232227E-07 0
vn 1 -7.232227E-07 0
vn 1 -7.232227E-07 0
vn -1 0 0
vn -1 0 0
vn -1 0 0
vn -1 0 0
vn 0 -0.9484735 -0.3168566
vn 0 -0.9484735 -0.3168566
vn 0 -0.9484735 -0.3168566
vn 0 -0.9484735 -0.3168566
vn 0 -0.9484738 -0.3168558
vn 0 -0.9484738 -0.3168558
vn 0 -0.9484738 -0.3168558
vn 0 -0.9484738 -0.3168558
vn 0 0.1556654 0.9878099
vn 0 0.1556654 0.9878099
vn 0 0.1556654 0.9878099
vn 0 0.1556654 0.9878099
vn 0 -0.9981108 0.06144095
vn 0 -0.9981108 0.06144095
vn 0 -0.9981108 0.06144095
vn 0 -0.9981108 0.06144095
vn 0 0.9981108 -0.06144095
vn 0 0.9981108 -0.06144095
vn 0 0.9981108 -0.06144095
vn 0 0.9981108 -0.06144095
vn -1 1.58205E-07 0
vn -1 1.58205E-07 0
vn -1 1.58205E-07 0
vn -1 1.58205E-07 0
vn 0 0.982498 0.1862734
vn 0 0.982498 0.1862734
vn 0 0.982498 0.1862734
vn 0 0.982498 0.1862734
vn 0 -0.1489064 0.9888514
vn 0 -0.4366422 0.8996352
vn 0 -0.4366422 0.8996352
vn 0 -0.1489064 0.9888514
vn 1 6.813297E-07 0
vn 1 6.813297E-07 0
vn 1 6.813297E-07 0
vn 1 6.813297E-07 0
vn 0 0.4366422 -0.8996353
vn 0 0.4366422 -0.8996353
vn 0 0.4366422 -0.8996353
vn 0 0.4366422 -0.8996353
vn 0 0.6499488 -0.759978
vn 0 0.6499488 -0.759978
vn 0 0.6499488 -0.759978
vn 0 0.6499488 -0.759978
vn -1 0 0
vn -1 0 0
vn -1 0 0
vn -1 0 0
vn 1 0 0
vn 1 0 0
vn 1 0 0
vn 1 0 0
vn 0 0.9484736 0.3168558
vn 0 0.9484736 0.3168558
vn 0 0.9484736 0.3168558
vn 0 0.9484736 0.3168558
vn 0 -0.8897796 -0.4563903
vn 0 -0.8897796 -0.4563903
vn 0 -0.8897796 -0.4563903
vn 0 -0.8897796 -0.4563903
vn 0 -0.8897796 -0.4563903
vn 0 -0.7955623 0.6058719
vn 0 -0.7955623 0.6058719
vn 0 -0.7955623 0.6058719
vn 0 -0.7955623 0.6058719
vn -1 7.093465E-07 3.675688E-07
vn -1 7.093465E-07 3.675688E-07
vn -1 7.093465E-07 3.675688E-07
vn -1 7.093465E-07 3.675688E-07
vn 0 -0.9484736 0.3168559
vn 0 -0.9484736 0.3168559
vn 0 -0.9484736 0.3168559
vn 0 -0.9484736 0.3168559
vn 0 -0.9484736 0.3168559
vn -1 6.156082E-07 -1.896285E-07
vn -1 6.156082E-07 -1.896285E-07
vn -1 6.156082E-07 -1.896285E-07
vn -1 6.156082E-07 -1.896285E-07
vn 0 -0.6499464 -0.75998
vn 0 -0.6499464 -0.75998
vn 0 -0.6499464 -0.75998
vn 0 -0.6499464 -0.75998
vn 0 0.6499464 0.75998
vn 0 0.6499464 0.75998
vn 0 0.6499464 0.75998
vn 0 0.6499464 0.75998
vn 0 0.6499477 0.759979
vn 0 0.6499477 0.759979
vn 0 0.6499477 0.759979
vn 0 0.6499477 0.759979
vn 0 0.6499477 0.759979
vn 0 0.6499477 0.759979
vn 0 -0.9484736 0.316856
vn 0 -0.9484736 0.316856
vn 0 -0.9484736 0.316856
vn 0 -0.9484736 0.316856
vn 0 0.9484736 -0.316856
vn 0 0.9484736 -0.316856
vn 0 0.9484736 -0.316856
vn 0 0.9484736 -0.316856
vn -1 0 0
vn -1 0 0
vn -1 0 0
vn -1 0 0
vn 0 0.982498 -0.1862728
vn 0 0.982498 -0.1862728
vn 0 0.982498 -0.1862728
vn 0 0.982498 -0.1862728
vn -1 0 0
vn -1 0 0
vn -1 0 0
vn -1 0 0
vn 0 0.436642 0.8996354
vn 0 0.436642 0.8996354
vn 0 0.436642 0.8996354
vn 0 0.436642 0.8996354
vn 0 -0.436642 -0.8996354
vn 0 -0.436642 -0.8996354
vn 0 -0.436642 -0.8996354
vn 0 -0.436642 -0.8996354
vn 0 -0.1556654 -0.9878099
vn 0 -0.1556654 -0.9878099
vn 0 -0.1556654 -0.9878099
vn 0 -0.1556654 -0.9878099
vn 0 -0.9981108 0.06144051
vn 0 -0.9981108 0.06144051
vn 0 -0.9981108 0.06144051
vn 0 -0.9981108 0.06144051
vn -1 0 0
vn -1 0 0
vn -1 0 0
vn -1 0 0
vn 0 -0.982498 -0.1862734
vn 0 -0.982498 -0.1862734
vn 0 -0.982498 -0.1862734
vn 0 -0.982498 -0.1862734
vn 0 0.436642 -0.8996353
vn 0 0.436642 -0.8996353
vn 0 0.436642 -0.8996353
vn 0 0.436642 -0.8996353
vn 0 -0.436642 0.8996353
vn 0 -0.436642 0.8996353
vn 0 -0.436642 0.8996353
vn 0 -0.436642 0.8996353
vn 0 -0.8897797 0.4563902
vn 0 -0.8897797 0.4563902
vn 0 -0.8897797 0.4563902
vn 0 -0.8897797 0.4563902
vn -1 0 0
vn -1 0 0
vn -1 0 0
vn -1 0 0
vn 0 -0.7955623 -0.6058718
vn 0 -0.7955623 -0.6058718
vn 0 -0.7955623 -0.6058718
vn 0 -0.7955623 -0.6058718
vt 0.6712148 0.004524721
vt 0.6712148 0.3288214
vt 0.691481 0.3288214
vt 0.7117473 0.3288214
vt 0.7320136 0.3288214
vt 0.7522799 0.3288214
vt 0.7725462 0.3288214
vt 0.7928125 0.3288214
vt 0.8130787 0.3288214
vt 0.833345 0.3288214
vt 0.8536113 0.3288214
vt 0.8738776 0.3288214
vt 0.8941439 0.3288214
vt 0.9144101 0.3288214
vt 0.9346764 0.3288214
vt 0.9549427 0.3288214
vt 0.975209 0.3288214
vt 0.9954753 0.3288214
vt 0.9954753 0.004524745
vt 0.6418969 0.3288214
vt 0.6621653 0.3288214
vt 0.6621653 0.004524739
vt 0.3378709 0.004524715
vt 0.6216285 0.3288214
vt 0.6013601 0.3288214
vt 0.5810917 0.3288214
vt 0.5608233 0.3288214
vt 0.5405549 0.3288214
vt 0.5202864 0.3288214
vt 0.5000181 0.3288214
vt 0.4797496 0.3288214
vt 0.4594813 0.3288214
vt 0.4392129 0.3288214
vt 0.4189444 0.3288214
vt 0.398676 0.3288214
vt 0.3784077 0.3288214
vt 0.3581392 0.3288214
vt 0.3378708 0.3288214
vt 0.3288214 0.3288214
vt 0.3288214 0.004524733
vt 0.004524747 0.004524709
vt 0.004524723 0.3288214
vt 0.9954752 0.6621675
vt 0.9954753 0.3378708
vt 0.975209 0.3378708
vt 0.9549427 0.3378708
vt 0.9346764 0.3378708
vt 0.9144102 0.3378708
vt 0.8941439 0.3378708
vt 0.8738776 0.3378708
vt 0.8536113 0.3378708
vt 0.833345 0.3378708
vt 0.8130787 0.3378708
vt 0.7928125 0.3378708
vt 0.7725462 0.3378708
vt 0.7522799 0.3378708
vt 0.7320136 0.3378708
vt 0.7117473 0.3378708
vt 0.6914811 0.3378708
vt 0.6712148 0.3378708
vt 0.6712147 0.6621675
vt 0.3378709 0.6621675
vt 0.6621653 0.6621675
vt 0.6621653 0.3378709
vt 0.641897 0.3378709
vt 0.6216285 0.3378709
vt 0.6013601 0.3378709
vt 0.5810918 0.3378709
vt 0.5608233 0.3378709
vt 0.5405549 0.3378708
vt 0.5202866 0.3378708
vt 0.5000181 0.3378708
vt 0.4797497 0.3378708
vt 0.4594813 0.3378708
vt 0.4392129 0.3378708
vt 0.4189445 0.3378708
vt 0.3986761 0.3378708
vt 0.3784077 0.3378708
vt 0.3581393 0.3378708
vt 0.3378709 0.3378708
vt 0.02479326 0.6621675
vt 0.004524719 0.641899
vt 0.004524717 0.6621675
vt 0.02479326 0.641899
vt 0.0450618 0.6621675
vt 0.00452472 0.6216304
vt 0.0450618 0.641899
vt 0.02479326 0.6216304
vt 0.06533034 0.6621675
vt 0.004524721 0.6013619
vt 0.06533035 0.641899
vt 0.02479326 0.6013619
vt 0.08559889 0.6621675
vt 0.004524723 0.5810934
vt 0.08559889 0.641899
vt 0.02479327 0.5810934
vt 0.1058674 0.6621675
vt 0.004524725 0.5608248
vt 0.1058674 0.641899
vt 0.02479327 0.5608248
vt 0.126136 0.6621675
vt 0.004524726 0.5405563
vt 0.126136 0.641899
vt 0.02479327 0.5405563
vt 0.1464045 0.6621675
vt 0.004524727 0.5202878
vt 0.1464045 0.641899
vt 0.02479327 0.5202878
vt 0.1666731 0.6621675
vt 0.004524729 0.5000192
vt 0.1666731 0.641899
vt 0.02479327 0.5000192
vt 0.1869416 0.6621675
vt 0.004524731 0.4797507
vt 0.1869416 0.641899
vt 0.02479327 0.4797507
vt 0.2072101 0.6621675
vt 0.004524732 0.4594821
vt 0.2072101 0.641899
vt 0.02479327 0.4594821
vt 0.2274787 0.6621675
vt 0.004524733 0.4392136
vt 0.02479328 0.4392136
vt 0.004524735 0.418945
vt 0.02479328 0.418945
vt 0.004524737 0.3986765
vt 0.02479328 0.3986765
vt 0.004524738 0.3784079
vt 0.02479328 0.3784079
vt 0.00452474 0.3581394
vt 0.2274787 0.641899
vt 0.02479328 0.3581394
vt 0.004524741 0.3378708
vt 0.02479328 0.3378708
vt 0.04506183 0.3581394
vt 0.04506183 0.3378709
vt 0.06533037 0.3581394
vt 0.06533037 0.3378709
vt 0.08559891 0.3581394
vt 0.08559891 0.3378709
vt 0.1058675 0.3581394
vt 0.1058675 0.3378709
vt 0.126136 0.3581394
vt 0.126136 0.3378709
vt 0.1464045 0.3581394
vt 0.1464045 0.3378709
vt 0.1666731 0.3581394
vt 0.1666731 0.3378709
vt 0.1869416 0.3581394
vt 0.1869416 0.3378709
vt 0.2072102 0.3581394
vt 0.2072102 0.3378709
vt 0.2274787 0.3581394
vt 0.2274787 0.3378709
vt 0.2477473 0.3581394
vt 0.2477473 0.3378709
vt 0.2477473 0.378408
vt 0.2274787 0.378408
vt 0.2680158 0.3581394
vt 0.2680158 0.3378709
vt 0.2680158 0.378408
vt 0.2477472 0.3986765
vt 0.2274787 0.3986765
vt 0.2882843 0.3581394
vt 0.2882843 0.3378709
vt 0.2882843 0.378408
vt 0.2680158 0.3986765
vt 0.2477472 0.418945
vt 0.2274787 0.418945
vt 0.3085529 0.3581394
vt 0.3085529 0.3378709
vt 0.3288214 0.3581394
vt 0.3288214 0.3378709
vt 0.3288214 0.378408
vt 0.3085529 0.378408
vt 0.3288214 0.3986765
vt 0.3085529 0.3986765
vt 0.3288214 0.418945
vt 0.2882843 0.3986765
vt 0.3085529 0.418945
vt 0.3288214 0.4392136
vt 0.2882843 0.418945
vt 0.3085529 0.4392136
vt 0.3288214 0.4594821
vt 0.2680158 0.418945
vt 0.3085529 0.4594821
vt 0.3288214 0.4797507
vt 0.2882843 0.4392136
vt 0.2680158 0.4392136
vt 0.3085529 0.4797507
vt 0.3288214 0.5000192
vt 0.2882843 0.4594821
vt 0.2477472 0.4392136
vt 0.2274787 0.4392136
vt 0.3085529 0.5000192
vt 0.3288214 0.5202878
vt 0.2882843 0.4797507
vt 0.2680158 0.4594821
vt 0.2477472 0.4594821
vt 0.2274787 0.4594821
vt 0.3085529 0.5202878
vt 0.3288214 0.5405563
vt 0.2882843 0.5000192
vt 0.2680158 0.4797507
vt 0.2477472 0.4797507
vt 0.2274787 0.4797507
vt 0.3085529 0.5405563
vt 0.3288214 0.5608249
vt 0.2882843 0.5202878
vt 0.2680158 0.5000192
vt 0.2477472 0.5000192
vt 0.2274787 0.5000192
vt 0.3085529 0.5608248
vt 0.3288214 0.5810934
vt 0.2680158 0.5202878
vt 0.2477472 0.5202878
vt 0.2274787 0.5202878
vt 0.2882843 0.5405563
vt 0.3085529 0.5810934
vt 0.3288214 0.6013619
vt 0.2680158 0.5405563
vt 0.2477472 0.5405563
vt 0.2274787 0.5405563
vt 0.2882843 0.5608248
vt 0.3085529 0.6013619
vt 0.3288214 0.6216305
vt 0.2680158 0.5608248
vt 0.2477472 0.5608248
vt 0.2274787 0.5608248
vt 0.2882843 0.5810934
vt 0.3085529 0.6216305
vt 0.3288214 0.641899
vt 0.2680158 0.5810934
vt 0.2477472 0.5810934
vt 0.2274787 0.5810934
vt 0.2882843 0.6013619
vt 0.3085529 0.641899
vt 0.3288214 0.6621675
vt 0.3085529 0.6621675
vt 0.2680158 0.6013619
vt 0.2477472 0.6013619
vt 0.2274787 0.6013619
vt 0.2882843 0.6216305
vt 0.2882843 0.641899
vt 0.2882843 0.6621675
vt 0.2680158 0.6216305
vt 0.2477472 0.6216305
vt 0.2274787 0.6216305
vt 0.2680158 0.641899
vt 0.2680158 0.6621675
vt 0.2477472 0.641899
vt 0.2477472 0.6621675
vt 0.5405352 0.8422526
vt 0.5674145 0.8422526
vt 0.5674145 0.8219863
vt 0.5405352 0.8219863
vt 0.5674145 0.80172
vt 0.5405352 0.80172
vt 0.5674145 0.7814537
vt 0.5405352 0.7814537
vt 0.5674145 0.7611874
vt 0.5405352 0.7611874
vt 0.5314857 0.6914856
vt 0.5314857 0.6712171
vt 0.5112172 0.6712171
vt 0.5112172 0.6914856
vt 0.5314857 0.7117541
vt 0.4909486 0.6712171
vt 0.5112172 0.7117541
vt 0.5314857 0.7320227
vt 0.4909486 0.6914856
vt 0.4706801 0.6712171
vt 0.4706801 0.6914856
vt 0.4909486 0.7117541
vt 0.4706801 0.7117541
vt 0.5112172 0.7320227
vt 0.5314857 0.7522913
vt 0.5112172 0.7522913
vt 0.4909486 0.7320227
vt 0.4706801 0.7320227
vt 0.4909486 0.7522913
vt 0.4706801 0.7522912
vt 0.2162596 0.954945
vt 0.2708153 0.954945
vt 0.2708153 0.9346787
vt 0.2162596 0.9346787
vt 0.2708153 0.9144124
vt 0.2162596 0.9144124
vt 0.2708153 0.8941461
vt 0.2162596 0.8941461
vt 0.2708153 0.8738798
vt 0.2162596 0.8738798
vt 0.2708153 0.8536136
vt 0.2162596 0.8536136
vt 0.2708153 0.8333473
vt 0.2162596 0.8333473
vt 0.2708153 0.813081
vt 0.2162596 0.813081
vt 0.2708153 0.7928147
vt 0.2162596 0.7928147
vt 0.2708153 0.7725484
vt 0.2162596 0.7725484
vt 0.2708153 0.7522821
vt 0.2162596 0.7522821
vt 0.2708153 0.7320158
vt 0.2162596 0.7320158
vt 0.2708153 0.7117496
vt 0.2162596 0.7117496
vt 0.2708153 0.6914833
vt 0.2162596 0.6914833
vt 0.2708153 0.671217
vt 0.2162596 0.671217
vt 0.407075 0.6914853
vt 0.4616306 0.6712169
vt 0.407075 0.6712169
vt 0.4616306 0.6914853
vt 0.407075 0.7117537
vt 0.4616306 0.7117537
vt 0.407075 0.7320221
vt 0.4616306 0.7320221
vt 0.407075 0.7522905
vt 0.4616306 0.7522905
vt 0.407075 0.7725589
vt 0.4616306 0.7725589
vt 0.407075 0.7928273
vt 0.4616306 0.7928273
vt 0.407075 0.8130957
vt 0.4616306 0.8130957
vt 0.407075 0.8333641
vt 0.4616306 0.8333641
vt 0.407075 0.8536325
vt 0.4616306 0.8536325
vt 0.407075 0.8739009
vt 0.4616306 0.8739009
vt 0.3344204 0.9346787
vt 0.2798647 0.954945
vt 0.3344204 0.954945
vt 0.2798647 0.9346787
vt 0.3344204 0.9144124
vt 0.2798647 0.9144124
vt 0.3344204 0.8941461
vt 0.2798647 0.8941461
vt 0.3344204 0.8738798
vt 0.2798647 0.8738798
vt 0.3344204 0.8536136
vt 0.2798647 0.8536136
vt 0.3344204 0.8333473
vt 0.2798647 0.8333473
vt 0.3344204 0.813081
vt 0.2798647 0.813081
vt 0.3344204 0.7928147
vt 0.2798647 0.7928147
vt 0.3344204 0.7725484
vt 0.2798647 0.7725484
vt 0.3344204 0.7522821
vt 0.2798647 0.7522821
vt 0.3344204 0.7320158
vt 0.2798647 0.7320158
vt 0.3344204 0.7117496
vt 0.2798647 0.7117496
vt 0.3344204 0.6914833
vt 0.2798647 0.6914833
vt 0.3344204 0.671217
vt 0.2798647 0.671217
vt 0.3980255 0.8536326
vt 0.3434698 0.8739011
vt 0.3980255 0.8739011
vt 0.3434698 0.8536326
vt 0.3980255 0.8333642
vt 0.3434698 0.8333642
vt 0.3980255 0.8130958
vt 0.3434698 0.8130958
vt 0.3980255 0.7928274
vt 0.3434698 0.7928274
vt 0.3980255 0.772559
vt 0.3434698 0.772559
vt 0.3980255 0.7522906
vt 0.3434698 0.7522906
vt 0.3980255 0.7320222
vt 0.3434698 0.7320222
vt 0.3980255 0.7117538
vt 0.3434698 0.7117538
vt 0.3980255 0.6914854
vt 0.3434698 0.6914854
vt 0.3980255 0.671217
vt 0.3434698 0.671217
vt 0.7951955 0.8089381
vt 0.7683162 0.8292065
vt 0.7951955 0.8292065
vt 0.7683162 0.8089381
vt 0.7951955 0.7886697
vt 0.7683162 0.7886697
vt 0.7951955 0.7684013
vt 0.7683162 0.7684013
vt 0.6033432 0.7611874
vt 0.5764639 0.7611874
vt 0.5764639 0.7814537
vt 0.6033432 0.7814537
vt 0.5764639 0.80172
vt 0.6033432 0.80172
vt 0.5764639 0.8219863
vt 0.6033432 0.8219863
vt 0.5764639 0.8422526
vt 0.6033432 0.8422526
vt 0.02479326 0.9549766
vt 0.004524716 0.9347081
vt 0.004524714 0.9549766
vt 0.02479326 0.9347081
vt 0.0450618 0.9549766
vt 0.004524717 0.9144396
vt 0.0450618 0.9347081
vt 0.06533034 0.9549766
vt 0.02479326 0.9144396
vt 0.004524719 0.894171
vt 0.06533034 0.9347081
vt 0.08559889 0.9549766
vt 0.08559889 0.9347081
vt 0.1058674 0.9549766
vt 0.1058674 0.9347081
vt 0.126136 0.9549766
vt 0.0450618 0.9144396
vt 0.02479326 0.894171
vt 0.00452472 0.8739024
vt 0.06533034 0.9144396
vt 0.0450618 0.894171
vt 0.02479326 0.8739024
vt 0.004524722 0.8536339
vt 0.08559889 0.9144396
vt 0.06533035 0.894171
vt 0.08559889 0.894171
vt 0.09043151 0.8973357
vt 0.09196751 0.894171
vt 0.0896526 0.9022784
vt 0.0927383 0.8925829
vt 0.09043151 0.9072212
vt 0.09648433 0.8882027
vt 0.0927383 0.911974
vt 0.09484689 0.9144396
vt 0.09648433 0.9163542
vt 0.1015256 0.9201935
vt 0.1015256 0.8843634
vt 0.1058674 0.9224205
vt 0.1081395 0.9151566
vt 0.1124812 0.9173836
vt 0.1076685 0.9233443
vt 0.1142823 0.9183074
vt 0.1146768 0.9256856
vt 0.1222813 0.9271273
vt 0.126136 0.9273646
vt 0.126136 0.9347081
vt 0.1301897 0.9276141
vt 0.1464045 0.9347081
vt 0.1464045 0.9549766
vt 0.1380981 0.9271273
vt 0.1457026 0.9256856
vt 0.166673 0.9549766
vt 0.1464045 0.925451
vt 0.1666731 0.9347081
vt 0.1527109 0.9233443
vt 0.1588537 0.9201935
vt 0.163895 0.9163542
vt 0.1869416 0.9549766
vt 0.1655325 0.9144396
vt 0.1869416 0.9347081
vt 0.2072101 0.9549766
vt 0.2072101 0.9347081
vt 0.1666731 0.9144396
vt 0.1666731 0.9131059
vt 0.1869416 0.9144396
vt 0.1676411 0.911974
vt 0.1699479 0.9072212
vt 0.1707268 0.9022784
vt 0.1699479 0.8973357
vt 0.2072101 0.9144396
vt 0.1869416 0.894171
vt 0.1684119 0.894171
vt 0.1676411 0.8925829
vt 0.2072101 0.894171
vt 0.1666731 0.891451
vt 0.1869416 0.8739024
vt 0.2072102 0.8739024
vt 0.1666731 0.8739024
vt 0.163895 0.8882027
vt 0.1464045 0.8739024
vt 0.1588537 0.8843634
vt 0.1527109 0.8812126
vt 0.1464045 0.8791058
vt 0.1457026 0.8788713
vt 0.126136 0.8739024
vt 0.1380981 0.8774296
vt 0.1301897 0.8769428
vt 0.126136 0.8771923
vt 0.1058674 0.8739024
vt 0.1222813 0.8774296
vt 0.1146768 0.8788713
vt 0.1076685 0.8812126
vt 0.1058674 0.8821364
vt 0.08559889 0.8739024
vt 0.06533035 0.8739024
vt 0.0450618 0.8739024
vt 0.02479326 0.8536339
vt 0.004524723 0.8333654
vt 0.04506181 0.8536339
vt 0.02479327 0.8333654
vt 0.004524725 0.8130968
vt 0.06533035 0.8536339
vt 0.02479327 0.8130968
vt 0.004524726 0.7928283
vt 0.04506181 0.8333654
vt 0.08559889 0.8536339
vt 0.02479327 0.7928283
vt 0.004524728 0.7725598
vt 0.04506181 0.8130968
vt 0.06533035 0.8333654
vt 0.1058674 0.8536339
vt 0.126136 0.8536339
vt 0.1464045 0.8536339
vt 0.1666731 0.8536339
vt 0.08559889 0.8333654
vt 0.1058674 0.8333654
vt 0.1869416 0.8536339
vt 0.1666731 0.8333654
vt 0.2072102 0.8536339
vt 0.1869416 0.8333654
vt 0.1666731 0.8130968
vt 0.2072102 0.8333654
vt 0.1869416 0.8130968
vt 0.1666731 0.7928283
vt 0.2072102 0.8130968
vt 0.1869416 0.7928283
vt 0.2072102 0.7928283
vt 0.1666731 0.7725598
vt 0.1869416 0.7725598
vt 0.2072102 0.7725598
vt 0.1869416 0.7522912
vt 0.1666731 0.7522912
vt 0.1464045 0.7522912
vt 0.2072102 0.7522912
vt 0.1464045 0.7725598
vt 0.1869416 0.7320226
vt 0.2072102 0.7320226
vt 0.1869416 0.7117541
vt 0.1666731 0.7117541
vt 0.2072102 0.7117541
vt 0.1869416 0.6914856
vt 0.2072102 0.6914856
vt 0.1869416 0.671217
vt 0.2072102 0.671217
vt 0.1666731 0.671217
vt 0.1666731 0.6914856
vt 0.1464045 0.6914856
vt 0.1464045 0.671217
vt 0.126136 0.671217
vt 0.126136 0.6914856
vt 0.1058674 0.671217
vt 0.1058674 0.6914856
vt 0.08559891 0.671217
vt 0.0855989 0.6914856
vt 0.06533036 0.671217
vt 0.06533036 0.6914856
vt 0.04506182 0.671217
vt 0.0855989 0.7117541
vt 0.1058674 0.7037732
vt 0.1015257 0.7060002
vt 0.1076685 0.7028494
vt 0.09648435 0.7098395
vt 0.09484691 0.7117541
vt 0.09273832 0.7142197
vt 0.09043152 0.7189725
vt 0.0855989 0.7320226
vt 0.08965261 0.7239152
vt 0.1146768 0.7005081
vt 0.04506182 0.6914856
vt 0.02479328 0.671217
vt 0.06533036 0.7117541
vt 0.02479328 0.6914856
vt 0.004524735 0.671217
vt 0.004524734 0.6914856
vt 0.04506182 0.7117541
vt 0.02479327 0.7117541
vt 0.004524732 0.7117541
vt 0.06533036 0.7320226
vt 0.04506182 0.7320226
vt 0.02479327 0.7320226
vt 0.004524731 0.7320226
vt 0.0855989 0.7522912
vt 0.06533036 0.7522912
vt 0.09273832 0.7336108
vt 0.09196752 0.7320226
vt 0.09648434 0.737991
vt 0.09043152 0.728858
vt 0.1007942 0.7232294
vt 0.1015731 0.7281721
vt 0.1015256 0.7418303
vt 0.1058674 0.7440573
vt 0.1058674 0.7522912
vt 0.1076685 0.7449811
vt 0.1146768 0.7473224
vt 0.1222813 0.7487641
vt 0.1177028 0.7410879
vt 0.1253072 0.7425296
vt 0.126136 0.7490014
vt 0.126136 0.7522912
vt 0.1301897 0.7492509
vt 0.1380981 0.7487641
vt 0.1457026 0.7473224
vt 0.1464045 0.7470878
vt 0.126136 0.7725598
vt 0.1058674 0.7725598
vt 0.1527109 0.7449811
vt 0.0855989 0.7725598
vt 0.1058674 0.7928283
vt 0.08559889 0.7928283
vt 0.1058674 0.8130968
vt 0.06533036 0.7725598
vt 0.08559889 0.8130968
vt 0.06533036 0.7928283
vt 0.06533036 0.8130968
vt 0.04506181 0.7928283
vt 0.04506182 0.7522912
vt 0.04506181 0.7725598
vt 0.02479327 0.7725598
vt 0.004524729 0.7522912
vt 0.02479327 0.7522912
vt 0.804245 0.8292065
vt 0.8311244 0.8292065
vt 0.8311244 0.8089381
vt 0.804245 0.8089381
vt 0.8311244 0.7886696
vt 0.804245 0.7886696
vt 0.8311244 0.7684013
vt 0.804245 0.7684013
vt 0.7845269 0.671217
vt 0.7921367 0.7593518
vt 0.7921367 0.671217
vt 0.7845269 0.7593518
vt 0.7766168 0.671217
vt 0.7766168 0.7593518
vt 0.772564 0.7593518
vt 0.7687102 0.671217
vt 0.7687102 0.7593518
vt 0.7611111 0.671217
vt 0.7611111 0.7593518
vt 0.9071609 0.7684013
vt 0.9071609 0.8565361
vt 0.9133154 0.8565361
vt 0.9133154 0.7684013
vt 0.9183709 0.8565361
vt 0.9183709 0.7684013
vt 0.840679 0.671217
vt 0.8406789 0.7593518
vt 0.8426178 0.7593518
vt 0.8439684 0.7593518
vt 0.8451146 0.7593518
vt 0.8451146 0.671217
vt 0.8499013 0.7593518
vt 0.8499013 0.671217
vt 0.8548551 0.7593518
vt 0.8548551 0.671217
vt 0.9278597 0.671217
vt 0.9278596 0.7593518
vt 0.9310011 0.7593518
vt 0.9325775 0.7593518
vt 0.9325775 0.671217
vt 0.9336948 0.7593518
vt 0.9369013 0.7593518
vt 0.9369013 0.671217
vt 0.7052195 0.8565361
vt 0.7052195 0.7684012
vt 0.7001925 0.7684012
vt 0.7001925 0.8565361
vt 0.6940613 0.7684012
vt 0.6940613 0.8565361
vt 0.6870617 0.8565361
vt 0.6877628 0.7684012
vt 0.6870617 0.7684012
vt 0.7014387 0.7593518
vt 0.7014387 0.6712169
vt 0.6935322 0.6712169
vt 0.6935321 0.7593518
vt 0.685622 0.7593518
vt 0.6894776 0.6712169
vt 0.685622 0.6712169
vt 0.6780123 0.6712169
vt 0.6780123 0.7593518
vt 0.6709953 0.6712169
vt 0.6709953 0.7593518
vt 0.6648408 0.7593518
vt 0.6691908 0.6712169
vt 0.6648408 0.6712169
vt 0.6597853 0.6712169
vt 0.6597853 0.7593518
vt 0.4943928 0.8494754
vt 0.4943928 0.7613405
vt 0.4927934 0.7613405
vt 0.4896061 0.7613405
vt 0.4896061 0.8494754
vt 0.4846523 0.7613405
vt 0.4846523 0.8494754
vt 0.4797218 0.7613405
vt 0.4797218 0.8494754
vt 0.4750039 0.7613405
vt 0.4750039 0.8494754
vt 0.4725701 0.7613405
vt 0.4706801 0.7613405
vt 0.4706801 0.8494754
vt 0.7414762 0.7684013
vt 0.7414762 0.8565361
vt 0.7465032 0.8565361
vt 0.7465032 0.7684013
vt 0.5027955 0.9466597
vt 0.509428 0.9466597
vt 0.509428 0.8585248
vt 0.5027955 0.8585248
vt 0.5901391 0.7210977
vt 0.5911109 0.7132341
vt 0.5911109 0.7053108
vt 0.5882328 0.7285993
vt 0.5901391 0.6976321
vt 0.5854654 0.7354504
vt 0.5882328 0.6904932
vt 0.5819431 0.7413881
vt 0.5854654 0.6841683
vt 0.5778013 0.746184
vt 0.5819431 0.6789007
vt 0.5731993 0.7496538
vt 0.5778013 0.6748926
vt 0.5683137 0.7516643
vt 0.5731992 0.6722981
vt 0.5633324 0.752138
vt 0.5683137 0.671217
vt 0.5584469 0.7510569
vt 0.5633324 0.6716908
vt 0.5538448 0.7484624
vt 0.5584469 0.6737012
vt 0.549703 0.7444544
vt 0.5538447 0.677171
vt 0.5461807 0.7391867
vt 0.549703 0.6819669
vt 0.5434133 0.7328619
vt 0.5461807 0.6879045
vt 0.5415071 0.7257229
vt 0.5434133 0.6947558
vt 0.5405352 0.7180442
vt 0.541507 0.7022573
vt 0.5405352 0.7101209
vt 0.8253154 0.7593518
vt 0.8316295 0.7593518
vt 0.8316295 0.671217
vt 0.8246126 0.671217
vt 0.8246126 0.7593518
vt 0.8170028 0.671217
vt 0.8170028 0.7593518
vt 0.8090926 0.671217
vt 0.8090926 0.7593518
vt 0.8050399 0.7593518
vt 0.8011861 0.671217
vt 0.8011861 0.7593518
vt 0.6364394 0.8583717
vt 0.6290413 0.8583717
vt 0.6290413 0.9465065
vt 0.6364394 0.9465065
vt 0.5169949 0.7613406
vt 0.5169949 0.8494754
vt 0.5220504 0.8494754
vt 0.5220504 0.7613406
vt 0.6123927 0.7611874
vt 0.6123927 0.8493223
vt 0.6156821 0.8493223
vt 0.6168283 0.8493223
vt 0.6168283 0.7611874
vt 0.6184278 0.8493223
vt 0.621615 0.8493223
vt 0.621615 0.7611874
vt 0.6265688 0.8493223
vt 0.6265688 0.7611874
vt 0.6314994 0.8493223
vt 0.6314994 0.7611874
vt 0.6362172 0.8493223
vt 0.6362172 0.7611874
vt 0.1638951 0.7098395
vt 0.1518184 0.7138739
vt 0.1534558 0.7157885
vt 0.1655325 0.7117541
vt 0.1545964 0.7171223
vt 0.1588538 0.7060002
vt 0.1666731 0.7130878
vt 0.1555644 0.7182541
vt 0.1676411 0.7142197
vt 0.1527109 0.7028494
vt 0.1464045 0.7007426
vt 0.1699479 0.7189725
vt 0.1457026 0.7005081
vt 0.1707268 0.7239152
vt 0.1699479 0.728858
vt 0.1684119 0.7320226
vt 0.1380981 0.6990664
vt 0.1301897 0.6985795
vt 0.126136 0.6988291
vt 0.1222813 0.6990664
vt 0.1253109 0.7053084
vt 0.1177064 0.7067501
vt 0.1676411 0.7336108
vt 0.1666731 0.7347426
vt 0.1638951 0.737991
vt 0.1588537 0.7418303
vt 0.1452918 0.7393309
vt 0.1514346 0.7361801
vt 0.7520617 0.7593518
vt 0.7520617 0.671217
vt 0.7470347 0.671217
vt 0.7470346 0.7593518
vt 0.7409035 0.671217
vt 0.7409035 0.7593518
vt 0.7339039 0.7593518
vt 0.734605 0.671217
vt 0.7339039 0.671217
vt 0.7263048 0.671217
vt 0.7263048 0.7593518
vt 0.7183983 0.671217
vt 0.7183983 0.7593518
vt 0.7104881 0.7593518
vt 0.7143437 0.6712169
vt 0.7104881 0.6712169
vt 0.6780123 0.8565361
vt 0.6780123 0.7684012
vt 0.6709953 0.7684012
vt 0.6709953 0.8565361
vt 0.6648408 0.8565361
vt 0.6691908 0.7684012
vt 0.6648408 0.7684012
vt 0.6597853 0.7684012
vt 0.6597853 0.8565361
vt 0.8543499 0.8565361
vt 0.85435 0.7684013
vt 0.8524111 0.7684013
vt 0.8499143 0.7684013
vt 0.8499143 0.8565361
vt 0.8451276 0.7684013
vt 0.8451276 0.8565361
vt 0.8401738 0.7684013
vt 0.8401738 0.8565361
vt 0.9076661 0.7593518
vt 0.9188102 0.7593518
vt 0.9188102 0.671217
vt 0.9076661 0.671217
vt 0.936462 0.8565361
vt 0.936462 0.7684013
vt 0.9333206 0.7684013
vt 0.9317442 0.7684013
vt 0.9317442 0.8565361
vt 0.9274204 0.7684013
vt 0.9274204 0.8565361
vt 0.7142689 0.7684013
vt 0.7142689 0.8565361
vt 0.719296 0.8565361
vt 0.719296 0.7684013
vt 0.7236295 0.8565361
vt 0.7254272 0.7684013
vt 0.7254271 0.8565361
vt 0.7324267 0.8565361
vt 0.7324267 0.7684013
vt 0.4591793 0.8829505
vt 0.4524902 0.8847621
vt 0.4524902 0.8925021
vt 0.4591793 0.8906904
vt 0.6497641 0.7210976
vt 0.6507359 0.7132341
vt 0.6507359 0.7053108
vt 0.6478578 0.7285992
vt 0.6497641 0.6976321
vt 0.6450904 0.7354504
vt 0.6478578 0.6904931
vt 0.6415681 0.7413881
vt 0.6450904 0.6841683
vt 0.6374264 0.746184
vt 0.6415681 0.6789007
vt 0.6328243 0.7496538
vt 0.6374263 0.6748925
vt 0.6279387 0.7516642
vt 0.6328242 0.6722981
vt 0.6229575 0.752138
vt 0.6279387 0.671217
vt 0.6180719 0.7510568
vt 0.6229574 0.6716908
vt 0.6134698 0.7484624
vt 0.6180719 0.6737012
vt 0.609328 0.7444543
vt 0.6134698 0.677171
vt 0.6058058 0.7391866
vt 0.609328 0.6819669
vt 0.6030383 0.7328618
vt 0.6058058 0.6879045
vt 0.601132 0.7257229
vt 0.6030383 0.6947558
vt 0.6001602 0.7180442
vt 0.601132 0.7022573
vt 0.6001602 0.7101209
vt 0.8640851 0.8745763
vt 0.8633993 0.8655856
vt 0.8633993 0.8742983
vt 0.8640852 0.8658636
vt 0.8702472 0.8770741
vt 0.8702472 0.8683613
vt 0.363729 0.8965444
vt 0.363729 0.8829505
vt 0.3587478 0.8834243
vt 0.3587478 0.8970182
vt 0.7543246 0.8772303
vt 0.7543246 0.867609
vt 0.7468538 0.8655856
vt 0.7468538 0.8752069
vt 0.7885097 0.9263908
vt 0.7987947 0.9263908
vt 0.7987947 0.8382559
vt 0.7885098 0.8382559
vt 0.4867465 0.8585248
vt 0.4867465 0.9466597
vt 0.4937461 0.9466597
vt 0.4937461 0.8585248
vt 0.6452667 0.7611874
vt 0.6452667 0.8493222
vt 0.6501973 0.8493222
vt 0.6501973 0.7611874
vt 0.8769705 0.7684013
vt 0.8633993 0.7684013
vt 0.8633993 0.8565361
vt 0.8769705 0.8565361
vt 0.8774756 0.671217
vt 0.8639044 0.671217
vt 0.8639044 0.7593518
vt 0.8774756 0.7593518
vt 0.3777597 0.8970182
vt 0.3777597 0.8834243
vt 0.3727784 0.8829506
vt 0.3727784 0.8965445
vt 0.6007222 0.9394367
vt 0.6007222 0.8513019
vt 0.5931231 0.8513019
vt 0.5931231 0.9394367
vt 0.5492526 0.8513019
vt 0.5405352 0.8513019
vt 0.5405352 0.9394367
vt 0.5492526 0.9394367
vt 0.8476445 0.8752068
vt 0.8476445 0.8655856
vt 0.8401737 0.867609
vt 0.8401737 0.8772302
vt 0.5670194 0.851302
vt 0.558302 0.851302
vt 0.558302 0.9394368
vt 0.5670194 0.9394368
vt 0.7100404 0.9537204
vt 0.7100404 0.8655855
vt 0.7056048 0.8655855
vt 0.7056047 0.9537204
vt 0.4070749 0.8851156
vt 0.4070749 0.8959728
vt 0.4124164 0.8938077
vt 0.4124164 0.8829505
vt 0.3868091 0.8829504
vt 0.3868091 0.8938076
vt 0.3921506 0.8959727
vt 0.3921506 0.8851154
vt 0.8078442 0.9263908
vt 0.8181292 0.9263908
vt 0.8181292 0.8382559
vt 0.8078442 0.8382559
vt 0.7574692 0.8565361
vt 0.7592668 0.8565361
vt 0.7592668 0.7684013
vt 0.7531357 0.7684013
vt 0.7531356 0.8565361
vt 0.7465032 0.8565361
vt 0.7531356 0.8565361
vt 0.7531357 0.7684013
vt 0.7465032 0.7684013
vt 0.4214659 0.8829505
vt 0.4214659 0.891264
vt 0.4276943 0.894242
vt 0.4276943 0.8859286
vt 0.4713829 0.9466597
vt 0.477697 0.9466597
vt 0.477697 0.8585249
vt 0.4706801 0.8585249
vt 0.4706801 0.9466597
vt 0.8861446 0.8742983
vt 0.8861446 0.8655855
vt 0.8792967 0.8683612
vt 0.8792967 0.877074
vt 0.5184774 0.9466597
vt 0.5250137 0.9466597
vt 0.5250137 0.8585249
vt 0.5184774 0.8585249
vt 0.9455115 0.8565361
vt 0.9520477 0.8565361
vt 0.9520478 0.7684013
vt 0.9455115 0.7684013
vt 0.7190899 0.8655856
vt 0.7190899 0.9537204
vt 0.7202072 0.9537204
vt 0.7215236 0.9537204
vt 0.7234136 0.9537204
vt 0.7234136 0.8655856
vt 0.8981116 0.7684013
vt 0.8860201 0.7684013
vt 0.8860201 0.8565361
vt 0.8981116 0.8565361
vt 0.8986166 0.671217
vt 0.8865251 0.671217
vt 0.8865251 0.7593518
vt 0.8986166 0.7593518
vt 0.7378045 0.8804834
vt 0.7378045 0.8677506
vt 0.7324631 0.8655856
vt 0.7324631 0.8783183
vt 0.5840737 0.9394367
vt 0.5840737 0.8513019
vt 0.5764639 0.8513019
vt 0.5764639 0.9394367
vt 0.4367438 0.8906903
vt 0.4434409 0.8925042
vt 0.4434409 0.8847643
vt 0.4367438 0.8829504
vt 0.6813098 0.8655856
vt 0.6751138 0.8655856
vt 0.6751138 0.9537204
vt 0.6813098 0.9537204
vt 0.6965553 0.8655855
vt 0.6903592 0.8655855
vt 0.6903592 0.9537204
vt 0.6965553 0.9537204
vt 0.6504194 0.9465065
vt 0.6504194 0.8583717
vt 0.6454889 0.8583717
vt 0.6454889 0.9465065
vt 0.7683163 0.9263908
vt 0.7794604 0.9263908
vt 0.7794604 0.8382559
vt 0.7683163 0.8382559
vt 0.8633994 0.8861236
vt 0.8633994 0.8972863
vt 0.8683807 0.89776
vt 0.8683807 0.8865973
vt 0.6123927 0.8583717
vt 0.6123927 0.9465065
vt 0.6199918 0.9465065
vt 0.6199918 0.8583717
vt 0.9459507 0.7593519
vt 0.9522296 0.7593519
vt 0.9522297 0.671217
vt 0.9459507 0.671217
vt 0.6597853 0.9537205
vt 0.6660643 0.9537205
vt 0.6660643 0.8655856
vt 0.6597853 0.8655856
vt 0.5034422 0.7613406
vt 0.5034422 0.8494754
vt 0.5095967 0.8494754
vt 0.5095967 0.7613406
vt 0.3496983 0.8922761
vt 0.3496983 0.8829505
vt 0.3434699 0.8859285
vt 0.3434699 0.8952541
vt 0.5169949 0.7613406
vt 0.5095967 0.7613406
vt 0.5095967 0.8494754
vt 0.5169949 0.8494754
f 1/1/1 3/3/3 2/2/2
f 3/3/3 1/1/1 4/4/4
f 4/4/4 1/1/1 5/5/5
f 5/5/5 1/1/1 6/6/6
f 6/6/6 1/1/1 7/7/7
f 7/7/7 1/1/1 8/8/8
f 8/8/8 1/1/1 9/9/9
f 9/9/9 1/1/1 10/10/10
f 10/10/10 1/1/1 11/11/11
f 11/11/11 1/1/1 12/12/12
f 12/12/12 1/1/1 13/13/13
f 13/13/13 1/1/1 14/14/14
f 14/14/14 1/1/1 15/15/15
f 15/15/15 1/1/1 16/16/16
f 16/16/16 1/1/1 17/17/17
f 17/17/17 1/1/1 18/18/18
f 18/18/18 1/1/1 19/19/19
f 20/20/20 22/22/22 21/21/21
f 22/22/22 20/20/20 23/23/23
f 23/23/23 20/20/20 24/24/24
f 23/23/23 24/24/24 25/25/25
f 23/23/23 25/25/25 26/26/26
f 23/23/23 26/26/26 27/27/27
f 23/23/23 27/27/27 28/28/28
f 23/23/23 28/28/28 29/29/29
f 23/23/23 29/29/29 30/30/30
f 23/23/23 30/30/30 31/31/31
f 23/23/23 31/31/31 32/32/32
f 23/23/23 32/32/32 33/33/33
f 23/23/23 33/33/33 34/34/34
f 23/23/23 34/34/34 35/35/35
f 23/23/23 35/35/35 36/36/36
f 23/23/23 36/36/36 37/37/37
f 23/23/23 37/37/37 38/38/38
f 39/39/39 41/41/41 40/40/40
f 39/39/39 42/42/42 41/41/41
f 43/43/43 45/45/45 44/44/44
f 45/45/45 43/43/43 46/46/46
f 46/46/46 43/43/43 47/47/47
f 47/47/47 43/43/43 48/48/48
f 48/48/48 43/43/43 49/49/49
f 49/49/49 43/43/43 50/50/50
f 50/50/50 43/43/43 51/51/51
f 51/51/51 43/43/43 52/52/52
f 52/52/52 43/43/43 53/53/53
f 53/53/53 43/43/43 54/54/54
f 54/54/54 43/43/43 55/55/55
f 55/55/55 43/43/43 56/56/56
f 56/56/56 43/43/43 57/57/57
f 57/57/57 43/43/43 58/58/58
f 58/58/58 43/43/43 59/59/59
f 59/59/59 43/43/43 60/60/60
f 60/60/60 43/43/43 61/61/61
f 62/62/62 64/64/64 63/63/63
f 64/64/64 62/62/62 65/65/65
f 65/65/65 62/62/62 66/66/66
f 66/66/66 62/62/62 67/67/67
f 67/67/67 62/62/62 68/68/68
f 68/68/68 62/62/62 69/69/69
f 69/69/69 62/62/62 70/70/70
f 70/70/70 62/62/62 71/71/71
f 71/71/71 62/62/62 72/72/72
f 72/72/72 62/62/62 73/73/73
f 73/73/73 62/62/62 74/74/74
f 74/74/74 62/62/62 75/75/75
f 75/75/75 62/62/62 76/76/76
f 76/76/76 62/62/62 77/77/77
f 77/77/77 62/62/62 78/78/78
f 78/78/78 62/62/62 79/79/79
f 79/79/79 62/62/62 80/80/80
f 81/81/81 83/83/83 82/82/82
f 81/81/81 82/82/82 84/84/84
f 85/85/85 81/81/81 84/84/84
f 84/84/84 82/82/82 86/86/86
f 85/85/85 84/84/84 87/87/87
f 84/84/84 86/86/86 88/88/88
f 89/89/89 85/85/85 87/87/87
f 88/88/88 86/86/86 90/90/90
f 89/89/89 87/87/87 91/91/91
f 88/88/88 90/90/90 92/92/92
f 93/93/93 89/89/89 91/91/91
f 92/92/92 90/90/90 94/94/94
f 93/93/93 91/91/91 95/95/95
f 92/92/92 94/94/94 96/96/96
f 97/97/97 93/93/93 95/95/95
f 96/96/96 94/94/94 98/98/98
f 97/97/97 95/95/95 99/99/99
f 96/96/96 98/98/98 100/100/100
f 101/101/101 97/97/97 99/99/99
f 100/100/100 98/98/98 102/102/102
f 101/101/101 99/99/99 103/103/103
f 100/100/100 102/102/102 104/104/104
f 105/105/105 101/101/101 103/103/103
f 104/104/104 102/102/102 106/106/106
f 105/105/105 103/103/103 107/107/107
f 104/104/104 106/106/106 108/108/108
f 109/109/109 105/105/105 107/107/107
f 108/108/108 106/106/106 110/110/110
f 109/109/109 107/107/107 111/111/111
f 108/108/108 110/110/110 112/112/112
f 113/113/113 109/109/109 111/111/111
f 112/112/112 110/110/110 114/114/114
f 113/113/113 111/111/111 115/115/115
f 112/112/112 114/114/114 116/116/116
f 117/117/117 113/113/113 115/115/115
f 116/116/116 114/114/114 118/118/118
f 117/117/117 115/115/115 119/119/119
f 116/116/116 118/118/118 120/120/120
f 121/121/121 117/117/117 119/119/119
f 120/120/120 118/118/118 122/122/122
f 120/120/120 122/122/122 123/123/123
f 123/123/123 122/122/122 124/124/124
f 123/123/123 124/124/124 125/125/125
f 125/125/125 124/124/124 126/126/126
f 125/125/125 126/126/126 127/127/127
f 127/127/127 126/126/126 128/128/128
f 127/127/127 128/128/128 129/129/129
f 129/129/129 128/128/128 130/130/130
f 121/121/121 119/119/119 131/131/131
f 129/129/129 130/130/130 132/132/132
f 132/132/132 130/130/130 133/133/133
f 132/132/132 133/133/133 134/134/134
f 135/135/135 132/132/132 134/134/134
f 135/135/135 134/134/134 136/136/136
f 137/137/137 135/135/135 136/136/136
f 137/137/137 136/136/136 138/138/138
f 139/139/139 137/137/137 138/138/138
f 139/139/139 138/138/138 140/140/140
f 141/141/141 139/139/139 140/140/140
f 141/141/141 140/140/140 142/142/142
f 143/143/143 141/141/141 142/142/142
f 143/143/143 142/142/142 144/144/144
f 145/145/145 143/143/143 144/144/144
f 145/145/145 144/144/144 146/146/146
f 147/147/147 145/145/145 146/146/146
f 147/147/147 146/146/146 148/148/148
f 149/149/149 147/147/147 148/148/148
f 149/149/149 148/148/148 150/150/150
f 151/151/151 149/149/149 150/150/150
f 151/151/151 150/150/150 152/152/152
f 153/153/153 151/151/151 152/152/152
f 153/153/153 152/152/152 154/154/154
f 155/155/155 153/153/153 154/154/154
f 155/155/155 154/154/154 156/156/156
f 157/157/157 153/153/153 155/155/155
f 157/157/157 158/158/158 153/153/153
f 159/159/159 155/155/155 156/156/156
f 159/159/159 156/156/156 160/160/160
f 161/161/161 157/157/157 155/155/155
f 161/161/161 155/155/155 159/159/159
f 162/162/162 158/158/158 157/157/157
f 162/162/162 163/163/163 158/158/158
f 164/164/164 159/159/159 160/160/160
f 164/164/164 160/160/160 165/165/165
f 166/166/166 161/161/161 159/159/159
f 166/166/166 159/159/159 164/164/164
f 167/167/167 157/157/157 161/161/161
f 167/167/167 162/162/162 157/157/157
f 168/168/168 163/163/163 162/162/162
f 168/168/168 169/169/169 163/163/163
f 170/170/170 164/164/164 165/165/165
f 170/170/170 165/165/165 171/171/171
f 172/172/172 170/170/170 171/171/171
f 172/172/172 171/171/171 173/173/173
f 174/174/174 170/170/170 172/172/172
f 175/175/175 164/164/164 170/170/170
f 174/174/174 175/175/175 170/170/170
f 176/176/176 175/175/175 174/174/174
f 175/175/175 166/166/166 164/164/164
f 176/176/176 177/177/177 175/175/175
f 177/177/177 166/166/166 175/175/175
f 178/178/178 177/177/177 176/176/176
f 177/177/177 179/179/179 166/166/166
f 179/179/179 161/161/161 166/166/166
f 179/179/179 167/167/167 161/161/161
f 178/178/178 180/180/180 177/177/177
f 180/180/180 179/179/179 177/177/177
f 181/181/181 180/180/180 178/178/178
f 182/182/182 167/167/167 179/179/179
f 180/180/180 182/182/182 179/179/179
f 181/181/181 183/183/183 180/180/180
f 183/183/183 182/182/182 180/180/180
f 184/184/184 183/183/183 181/181/181
f 182/182/182 185/185/185 167/167/167
f 185/185/185 162/162/162 167/167/167
f 185/185/185 168/168/168 162/162/162
f 184/184/184 186/186/186 183/183/183
f 187/187/187 186/186/186 184/184/184
f 183/183/183 188/188/188 182/182/182
f 188/188/188 185/185/185 182/182/182
f 186/186/186 188/188/188 183/183/183
f 189/189/189 168/168/168 185/185/185
f 188/188/188 189/189/189 185/185/185
f 187/187/187 190/190/190 186/186/186
f 191/191/191 190/190/190 187/187/187
f 186/186/186 192/192/192 188/188/188
f 192/192/192 189/189/189 188/188/188
f 190/190/190 192/192/192 186/186/186
f 189/189/189 193/193/193 168/168/168
f 193/193/193 169/169/169 168/168/168
f 193/193/193 194/194/194 169/169/169
f 191/191/191 195/195/195 190/190/190
f 196/196/196 195/195/195 191/191/191
f 190/190/190 197/197/197 192/192/192
f 195/195/195 197/197/197 190/190/190
f 192/192/192 198/198/198 189/189/189
f 198/198/198 193/193/193 189/189/189
f 197/197/197 198/198/198 192/192/192
f 199/199/199 194/194/194 193/193/193
f 198/198/198 199/199/199 193/193/193
f 199/199/199 200/200/200 194/194/194
f 196/196/196 201/201/201 195/195/195
f 202/202/202 201/201/201 196/196/196
f 195/195/195 203/203/203 197/197/197
f 201/201/201 203/203/203 195/195/195
f 197/197/197 204/204/204 198/198/198
f 204/204/204 199/199/199 198/198/198
f 203/203/203 204/204/204 197/197/197
f 205/205/205 200/200/200 199/199/199
f 204/204/204 205/205/205 199/199/199
f 205/205/205 206/206/206 200/200/200
f 202/202/202 207/207/207 201/201/201
f 208/208/208 207/207/207 202/202/202
f 201/201/201 209/209/209 203/203/203
f 207/207/207 209/209/209 201/201/201
f 203/203/203 210/210/210 204/204/204
f 210/210/210 205/205/205 204/204/204
f 209/209/209 210/210/210 203/203/203
f 211/211/211 206/206/206 205/205/205
f 210/210/210 211/211/211 205/205/205
f 211/211/211 212/212/212 206/206/206
f 208/208/208 213/213/213 207/207/207
f 214/214/214 213/213/213 208/208/208
f 209/209/209 215/215/215 210/210/210
f 215/215/215 211/211/211 210/210/210
f 216/216/216 212/212/212 211/211/211
f 215/215/215 216/216/216 211/211/211
f 216/216/216 217/217/217 212/212/212
f 207/207/207 218/218/218 209/209/209
f 218/218/218 215/215/215 209/209/209
f 213/213/213 218/218/218 207/207/207
f 214/214/214 219/219/219 213/213/213
f 220/220/220 219/219/219 214/214/214
f 221/221/221 216/216/216 215/215/215
f 218/218/218 221/221/221 215/215/215
f 222/222/222 217/217/217 216/216/216
f 221/221/221 222/222/222 216/216/216
f 222/222/222 223/223/223 217/217/217
f 213/213/213 224/224/224 218/218/218
f 224/224/224 221/221/221 218/218/218
f 219/219/219 224/224/224 213/213/213
f 220/220/220 225/225/225 219/219/219
f 226/226/226 225/225/225 220/220/220
f 227/227/227 222/222/222 221/221/221
f 224/224/224 227/227/227 221/221/221
f 228/228/228 223/223/223 222/222/222
f 227/227/227 228/228/228 222/222/222
f 228/228/228 229/229/229 223/223/223
f 219/219/219 230/230/230 224/224/224
f 230/230/230 227/227/227 224/224/224
f 225/225/225 230/230/230 219/219/219
f 226/226/226 231/231/231 225/225/225
f 232/232/232 231/231/231 226/226/226
f 233/233/233 228/228/228 227/227/227
f 230/230/230 233/233/233 227/227/227
f 234/234/234 229/229/229 228/228/228
f 233/233/233 234/234/234 228/228/228
f 234/234/234 235/235/235 229/229/229
f 225/225/225 236/236/236 230/230/230
f 236/236/236 233/233/233 230/230/230
f 231/231/231 236/236/236 225/225/225
f 232/232/232 237/237/237 231/231/231
f 238/238/238 237/237/237 232/232/232
f 238/238/238 239/239/239 237/237/237
f 240/240/240 234/234/234 233/233/233
f 236/236/236 240/240/240 233/233/233
f 241/241/241 235/235/235 234/234/234
f 240/240/240 241/241/241 234/234/234
f 241/241/241 242/242/242 235/235/235
f 231/231/231 243/243/243 236/236/236
f 237/237/237 243/243/243 231/231/231
f 243/243/243 240/240/240 236/236/236
f 239/239/239 244/244/244 237/237/237
f 237/237/237 244/244/244 243/243/243
f 239/239/239 245/245/245 244/244/244
f 243/243/243 246/246/246 240/240/240
f 246/246/246 241/241/241 240/240/240
f 244/244/244 246/246/246 243/243/243
f 247/247/247 242/242/242 241/241/241
f 246/246/246 247/247/247 241/241/241
f 247/247/247 248/248/248 242/242/242
f 245/245/245 249/249/249 244/244/244
f 244/244/244 249/249/249 246/246/246
f 249/249/249 247/247/247 246/246/246
f 245/245/245 250/250/250 249/249/249
f 251/251/251 248/248/248 247/247/247
f 249/249/249 251/251/251 247/247/247
f 250/250/250 251/251/251 249/249/249
f 251/251/251 131/131/131 248/248/248
f 250/250/250 252/252/252 251/251/251
f 252/252/252 131/131/131 251/251/251
f 252/252/252 121/121/121 131/131/131
f 253/253/253 255/255/255 254/254/254
f 253/253/253 256/256/256 255/255/255
f 256/256/256 257/257/257 255/255/255
f 256/256/256 258/258/258 257/257/257
f 258/258/258 259/259/259 257/257/257
f 258/258/258 260/260/260 259/259/259
f 260/260/260 261/261/261 259/259/259
f 260/260/260 262/262/262 261/261/261
f 263/263/263 265/265/265 264/264/264
f 263/263/263 266/266/266 265/265/265
f 267/267/267 266/266/266 263/263/263
f 266/266/266 268/268/268 265/265/265
f 267/267/267 269/269/269 266/266/266
f 270/270/270 269/269/269 267/267/267
f 266/266/266 271/271/271 268/268/268
f 269/269/269 271/271/271 266/266/266
f 271/271/271 272/272/272 268/268/268
f 271/271/271 273/273/273 272/272/272
f 274/274/274 273/273/273 271/271/271
f 269/269/269 274/274/274 271/271/271
f 274/274/274 275/275/275 273/273/273
f 270/270/270 276/276/276 269/269/269
f 276/276/276 274/274/274 269/269/269
f 277/277/277 276/276/276 270/270/270
f 277/277/277 278/278/278 276/276/276
f 279/279/279 275/275/275 274/274/274
f 276/276/276 279/279/279 274/274/274
f 278/278/278 279/279/279 276/276/276
f 279/279/279 280/280/280 275/275/275
f 278/278/278 281/281/281 279/279/279
f 281/281/281 280/280/280 279/279/279
f 281/281/281 282/282/282 280/280/280
f 283/283/283 285/285/285 284/284/284
f 283/283/283 286/286/286 285/285/285
f 286/286/286 287/287/287 285/285/285
f 286/286/286 288/288/288 287/287/287
f 288/288/288 289/289/289 287/287/287
f 288/288/288 290/290/290 289/289/289
f 290/290/290 291/291/291 289/289/289
f 290/290/290 292/292/292 291/291/291
f 292/292/292 293/293/293 291/291/291
f 292/292/292 294/294/294 293/293/293
f 294/294/294 295/295/295 293/293/293
f 294/294/294 296/296/296 295/295/295
f 296/296/296 297/297/297 295/295/295
f 296/296/296 298/298/298 297/297/297
f 298/298/298 299/299/299 297/297/297
f 298/298/298 300/300/300 299/299/299
f 300/300/300 301/301/301 299/299/299
f 300/300/300 302/302/302 301/301/301
f 302/302/302 303/303/303 301/301/301
f 302/302/302 304/304/304 303/303/303
f 304/304/304 305/305/305 303/303/303
f 304/304/304 306/306/306 305/305/305
f 306/306/306 307/307/307 305/305/305
f 306/306/306 308/308/308 307/307/307
f 308/308/308 309/309/309 307/307/307
f 308/308/308 310/310/310 309/309/309
f 310/310/310 311/311/311 309/309/309
f 310/310/310 312/312/312 311/311/311
f 313/313/313 315/315/315 314/314/314
f 313/313/313 314/314/314 316/316/316
f 317/317/317 313/313/313 316/316/316
f 317/317/317 316/316/316 318/318/318
f 319/319/319 317/317/317 318/318/318
f 319/319/319 318/318/318 320/320/320
f 321/321/321 319/319/319 320/320/320
f 321/321/321 320/320/320 322/322/322
f 323/323/323 321/321/321 322/322/322
f 323/323/323 322/322/322 324/324/324
f 325/325/325 323/323/323 324/324/324
f 325/325/325 324/324/324 326/326/326
f 327/327/327 325/325/325 326/326/326
f 327/327/327 326/326/326 328/328/328
f 329/329/329 327/327/327 328/328/328
f 329/329/329 328/328/328 330/330/330
f 331/331/331 329/329/329 330/330/330
f 331/331/331 330/330/330 332/332/332
f 333/333/333 331/331/331 332/332/332
f 333/333/333 332/332/332 334/334/334
f 335/335/335 337/337/337 336/336/336
f 335/335/335 336/336/336 338/338/338
f 339/339/339 335/335/335 338/338/338
f 339/339/339 338/338/338 340/340/340
f 341/341/341 339/339/339 340/340/340
f 341/341/341 340/340/340 342/342/342
f 343/343/343 341/341/341 342/342/342
f 343/343/343 342/342/342 344/344/344
f 345/345/345 343/343/343 344/344/344
f 345/345/345 344/344/344 346/346/346
f 347/347/347 345/345/345 346/346/346
f 347/347/347 346/346/346 348/348/348
f 349/349/349 347/347/347 348/348/348
f 349/349/349 348/348/348 350/350/350
f 351/351/351 349/349/349 350/350/350
f 351/351/351 350/350/350 352/352/352
f 353/353/353 351/351/351 352/352/352
f 353/353/353 352/352/352 354/354/354
f 355/355/355 353/353/353 354/354/354
f 355/355/355 354/354/354 356/356/356
f 357/357/357 355/355/355 356/356/356
f 357/357/357 356/356/356 358/358/358
f 359/359/359 357/357/357 358/358/358
f 359/359/359 358/358/358 360/360/360
f 361/361/361 359/359/359 360/360/360
f 361/361/361 360/360/360 362/362/362
f 363/363/363 361/361/361 362/362/362
f 363/363/363 362/362/362 364/364/364
f 365/365/365 367/367/367 366/366/366
f 365/365/365 366/366/366 368/368/368
f 369/369/369 365/365/365 368/368/368
f 369/369/369 368/368/368 370/370/370
f 371/371/371 369/369/369 370/370/370
f 371/371/371 370/370/370 372/372/372
f 373/373/373 371/371/371 372/372/372
f 373/373/373 372/372/372 374/374/374
f 375/375/375 373/373/373 374/374/374
f 375/375/375 374/374/374 376/376/376
f 377/377/377 375/375/375 376/376/376
f 377/377/377 376/376/376 378/378/378
f 379/379/379 377/377/377 378/378/378
f 379/379/379 378/378/378 380/380/380
f 381/381/381 379/379/379 380/380/380
f 381/381/381 380/380/380 382/382/382
f 383/383/383 381/381/381 382/382/382
f 383/383/383 382/382/382 384/384/384
f 385/385/385 383/383/383 384/384/384
f 385/385/385 384/384/384 386/386/386
f 387/387/387 389/389/389 388/388/388
f 387/387/387 388/388/388 390/390/390
f 391/391/391 387/387/387 390/390/390
f 391/391/391 390/390/390 392/392/392
f 393/393/393 391/391/391 392/392/392
f 393/393/393 392/392/392 394/394/394
f 395/395/395 397/397/397 396/396/396
f 395/395/395 398/398/398 397/397/397
f 398/398/398 399/399/399 397/397/397
f 398/398/398 400/400/400 399/399/399
f 400/400/400 401/401/401 399/399/399
f 400/400/400 402/402/402 401/401/401
f 402/402/402 403/403/403 401/401/401
f 402/402/402 404/404/404 403/403/403
f 405/405/405 407/407/407 406/406/406
f 405/405/405 406/406/406 408/408/408
f 409/409/409 405/405/405 408/408/408
f 408/408/408 406/406/406 410/410/410
f 409/409/409 408/408/408 411/411/411
f 412/412/412 409/409/409 411/411/411
f 408/408/408 410/410/410 413/413/413
f 411/411/411 408/408/408 413/413/413
f 413/413/413 410/410/410 414/414/414
f 412/412/412 411/411/411 415/415/415
f 416/416/416 412/412/412 415/415/415
f 416/416/416 415/415/415 417/417/417
f 418/418/418 416/416/416 417/417/417
f 418/418/418 417/417/417 419/419/419
f 420/420/420 418/418/418 419/419/419
f 411/411/411 413/413/413 421/421/421
f 415/415/415 411/411/411 421/421/421
f 413/413/413 414/414/414 422/422/422
f 421/421/421 413/413/413 422/422/422
f 422/422/422 414/414/414 423/423/423
f 415/415/415 421/421/421 424/424/424
f 417/417/417 415/415/415 424/424/424
f 421/421/421 422/422/422 425/425/425
f 424/424/424 421/421/421 425/425/425
f 422/422/422 423/423/423 426/426/426
f 425/425/425 422/422/422 426/426/426
f 426/426/426 423/423/423 427/427/427
f 417/417/417 424/424/424 428/428/428
f 428/428/428 424/424/424 429/429/429
f 424/424/424 425/425/425 429/429/429
f 428/428/428 429/429/429 430/430/430
f 430/430/430 431/431/431 428/428/428
f 431/431/431 430/430/430 432/432/432
f 428/428/428 431/431/431 433/433/433
f 430/430/430 434/434/434 432/432/432
f 428/428/428 433/433/433 435/435/435
f 430/430/430 436/436/436 434/434/434
f 428/428/428 435/435/435 437/437/437
f 428/428/428 437/437/437 438/438/438
f 439/439/439 428/428/428 438/438/438
f 428/428/428 439/439/439 417/417/417
f 417/417/417 439/439/439 440/440/440
f 430/430/430 441/441/441 436/436/436
f 417/417/417 440/440/440 442/442/442
f 442/442/442 440/440/440 443/443/443
f 442/442/442 443/443/443 444/444/444
f 417/417/417 442/442/442 419/419/419
f 445/445/445 442/442/442 444/444/444
f 445/445/445 419/419/419 442/442/442
f 445/445/445 444/444/444 446/446/446
f 419/419/419 445/445/445 447/447/447
f 419/419/419 447/447/447 448/448/448
f 419/419/419 448/448/448 449/449/449
f 419/419/419 449/449/449 450/450/450
f 420/420/420 419/419/419 450/450/450
f 451/451/451 450/450/450 449/449/449
f 450/450/450 451/451/451 452/452/452
f 453/453/453 420/420/420 450/450/450
f 453/453/453 450/450/450 452/452/452
f 454/454/454 452/452/452 451/451/451
f 455/455/455 452/452/452 454/454/454
f 456/456/456 453/453/453 452/452/452
f 452/452/452 455/455/455 457/457/457
f 456/456/456 452/452/452 458/458/458
f 457/457/457 458/458/458 452/452/452
f 459/459/459 458/458/458 457/457/457
f 460/460/460 458/458/458 459/459/459
f 461/461/461 458/458/458 460/460/460
f 462/462/462 456/456/456 458/458/458
f 463/463/463 458/458/458 461/461/461
f 462/462/462 458/458/458 464/464/464
f 465/465/465 462/462/462 464/464/464
f 465/465/465 464/464/464 466/466/466
f 458/458/458 463/463/463 467/467/467
f 464/464/464 458/458/458 467/467/467
f 468/468/468 467/467/467 463/463/463
f 466/466/466 464/464/464 469/469/469
f 464/464/464 467/467/467 469/469/469
f 468/468/468 469/469/469 467/467/467
f 470/470/470 469/469/469 468/468/468
f 471/471/471 469/469/469 470/470/470
f 472/472/472 469/469/469 471/471/471
f 473/473/473 469/469/469 472/472/472
f 466/466/466 469/469/469 474/474/474
f 474/474/474 469/469/469 475/475/475
f 476/476/476 469/469/469 473/473/473
f 469/469/469 476/476/476 475/475/475
f 477/477/477 475/475/475 476/476/476
f 474/474/474 475/475/475 478/478/478
f 479/479/479 475/475/475 477/477/477
f 478/478/478 475/475/475 480/480/480
f 478/478/478 480/480/480 481/481/481
f 482/482/482 475/475/475 479/479/479
f 475/475/475 482/482/482 480/480/480
f 483/483/483 482/482/482 479/479/479
f 482/482/482 483/483/483 484/484/484
f 484/484/484 483/483/483 485/485/485
f 484/484/484 485/485/485 486/486/486
f 484/484/484 486/486/486 487/487/487
f 488/488/488 484/484/484 487/487/487
f 484/484/484 488/488/488 489/489/489
f 489/489/489 488/488/488 490/490/490
f 489/489/489 490/490/490 491/491/491
f 492/492/492 489/489/489 491/491/491
f 492/492/492 493/493/493 489/489/489
f 493/493/493 492/492/492 494/494/494
f 493/493/493 494/494/494 495/495/495
f 493/493/493 495/495/495 496/496/496
f 493/493/493 496/496/496 497/497/497
f 497/497/497 498/498/498 493/493/493
f 498/498/498 497/497/497 441/441/441
f 498/498/498 441/441/441 430/430/430
f 430/430/430 499/499/499 498/498/498
f 430/430/430 429/429/429 499/499/499
f 429/429/429 500/500/500 499/499/499
f 429/429/429 425/425/425 500/500/500
f 425/425/425 426/426/426 500/500/500
f 500/500/500 426/426/426 501/501/501
f 426/426/426 427/427/427 501/501/501
f 501/501/501 427/427/427 502/502/502
f 499/499/499 500/500/500 503/503/503
f 500/500/500 501/501/501 503/503/503
f 501/501/501 502/502/502 504/504/504
f 503/503/503 501/501/501 504/504/504
f 504/504/504 502/502/502 505/505/505
f 498/498/498 499/499/499 506/506/506
f 499/499/499 503/503/503 506/506/506
f 504/504/504 505/505/505 507/507/507
f 507/507/507 505/505/505 508/508/508
f 503/503/503 504/504/504 509/509/509
f 506/506/506 503/503/503 509/509/509
f 509/509/509 504/504/504 507/507/507
f 498/498/498 506/506/506 510/510/510
f 493/493/493 498/498/498 510/510/510
f 507/507/507 508/508/508 511/511/511
f 511/511/511 508/508/508 512/512/512
f 509/509/509 507/507/507 513/513/513
f 513/513/513 507/507/507 511/511/511
f 506/506/506 509/509/509 514/514/514
f 510/510/510 506/506/506 514/514/514
f 514/514/514 509/509/509 513/513/513
f 493/493/493 510/510/510 515/515/515
f 489/489/489 493/493/493 515/515/515
f 489/489/489 515/515/515 516/516/516
f 484/484/484 489/489/489 516/516/516
f 484/484/484 516/516/516 517/517/517
f 482/482/482 484/484/484 517/517/517
f 482/482/482 517/517/517 518/518/518
f 480/480/480 482/482/482 518/518/518
f 515/515/515 510/510/510 519/519/519
f 510/510/510 514/514/514 519/519/519
f 515/515/515 519/519/519 520/520/520
f 480/480/480 518/518/518 521/521/521
f 481/481/481 480/480/480 521/521/521
f 521/521/521 518/518/518 522/522/522
f 481/481/481 521/521/521 523/523/523
f 521/521/521 522/522/522 524/524/524
f 523/523/523 521/521/521 524/524/524
f 524/524/524 522/522/522 525/525/525
f 523/523/523 524/524/524 526/526/526
f 524/524/524 525/525/525 527/527/527
f 526/526/526 524/524/524 527/527/527
f 527/527/527 525/525/525 528/528/528
f 526/526/526 527/527/527 529/529/529
f 527/527/527 528/528/528 530/530/530
f 529/529/529 527/527/527 530/530/530
f 529/529/529 530/530/530 531/531/531
f 530/530/530 528/528/528 532/532/532
f 531/531/531 530/530/530 533/533/533
f 530/530/530 532/532/532 533/533/533
f 531/531/531 533/533/533 534/534/534
f 534/534/534 533/533/533 535/535/535
f 533/533/533 532/532/532 536/536/536
f 533/533/533 536/536/536 535/535/535
f 532/532/532 537/537/537 536/536/536
f 534/534/534 535/535/535 538/538/538
f 532/532/532 539/539/539 537/537/537
f 538/538/538 535/535/535 540/540/540
f 538/538/538 540/540/540 541/541/541
f 541/541/541 540/540/540 542/542/542
f 540/540/540 543/543/543 542/542/542
f 541/541/541 542/542/542 544/544/544
f 544/544/544 542/542/542 545/545/545
f 544/544/544 545/545/545 546/546/546
f 546/546/546 545/545/545 547/547/547
f 546/546/546 547/547/547 548/548/548
f 545/545/545 549/549/549 547/547/547
f 542/542/542 550/550/550 545/545/545
f 545/545/545 550/550/550 549/549/549
f 542/542/542 543/543/543 550/550/550
f 543/543/543 551/551/551 550/550/550
f 550/550/550 552/552/552 549/549/549
f 550/550/550 551/551/551 552/552/552
f 551/551/551 553/553/553 552/552/552
f 551/551/551 554/554/554 553/553/553
f 554/554/554 555/555/555 553/553/553
f 554/554/554 556/556/556 555/555/555
f 556/556/556 557/557/557 555/555/555
f 556/556/556 558/558/558 557/557/557
f 558/558/558 559/559/559 557/557/557
f 558/558/558 560/560/560 559/559/559
f 560/560/560 561/561/561 559/559/559
f 562/562/562 560/560/560 558/558/558
f 558/558/558 563/563/563 562/562/562
f 563/563/563 558/558/558 556/556/556
f 562/562/562 563/563/563 564/564/564
f 556/556/556 565/565/565 563/563/563
f 562/562/562 564/564/564 566/566/566
f 562/562/562 566/566/566 567/567/567
f 568/568/568 562/562/562 567/567/567
f 562/562/562 568/568/568 569/569/569
f 562/562/562 569/569/569 570/570/570
f 570/570/570 569/569/569 571/571/571
f 556/556/556 572/572/572 565/565/565
f 560/560/560 573/573/573 561/561/561
f 573/573/573 574/574/574 561/561/561
f 562/562/562 575/575/575 560/560/560
f 570/570/570 575/575/575 562/562/562
f 575/575/575 573/573/573 560/560/560
f 573/573/573 576/576/576 574/574/574
f 576/576/576 577/577/577 574/574/574
f 576/576/576 578/578/578 577/577/577
f 575/575/575 579/579/579 573/573/573
f 579/579/579 576/576/576 573/573/573
f 580/580/580 578/578/578 576/576/576
f 579/579/579 580/580/580 576/576/576
f 580/580/580 581/581/581 578/578/578
f 582/582/582 579/579/579 575/575/575
f 570/570/570 582/582/582 575/575/575
f 583/583/583 580/580/580 579/579/579
f 582/582/582 583/583/583 579/579/579
f 584/584/584 581/581/581 580/580/580
f 583/583/583 584/584/584 580/580/580
f 584/584/584 585/585/585 581/581/581
f 586/586/586 582/582/582 570/570/570
f 586/586/586 587/587/587 582/582/582
f 587/587/587 583/583/583 582/582/582
f 570/570/570 588/588/588 586/586/586
f 588/588/588 570/570/570 589/589/589
f 586/586/586 588/588/588 590/590/590
f 570/570/570 591/591/591 589/589/589
f 570/570/570 571/571/571 591/591/591
f 591/591/591 571/571/571 592/592/592
f 591/591/591 592/592/592 593/593/593
f 586/586/586 590/590/590 594/594/594
f 586/586/586 594/594/594 595/595/595
f 586/586/586 595/595/595 596/596/596
f 597/597/597 596/596/596 595/595/595
f 596/596/596 597/597/597 598/598/598
f 596/596/596 598/598/598 599/599/599
f 599/599/599 598/598/598 600/600/600
f 599/599/599 600/600/600 601/601/601
f 596/596/596 599/599/599 602/602/602
f 596/596/596 602/602/602 603/603/603
f 604/604/604 603/603/603 602/602/602
f 603/603/603 604/604/604 537/537/537
f 605/605/605 537/537/537 604/604/604
f 606/606/606 537/537/537 605/605/605
f 537/537/537 606/606/606 607/607/607
f 539/539/539 603/603/603 537/537/537
f 539/539/539 608/608/608 603/603/603
f 608/608/608 596/596/596 603/603/603
f 607/607/607 536/536/536 537/537/537
f 608/608/608 609/609/609 596/596/596
f 609/609/609 586/586/586 596/596/596
f 610/610/610 536/536/536 607/607/607
f 609/609/609 611/611/611 586/586/586
f 612/612/612 611/611/611 609/609/609
f 611/611/611 587/587/587 586/586/586
f 612/612/612 613/613/613 611/611/611
f 614/614/614 613/613/613 612/612/612
f 611/611/611 615/615/615 587/587/587
f 613/613/613 615/615/615 611/611/611
f 614/614/614 616/616/616 613/613/613
f 520/520/520 616/616/616 614/614/614
f 520/520/520 519/519/519 616/616/616
f 616/616/616 617/617/617 613/613/613
f 613/613/613 617/617/617 615/615/615
f 519/519/519 618/618/618 616/616/616
f 616/616/616 618/618/618 617/617/617
f 519/519/519 514/514/514 618/618/618
f 514/514/514 513/513/513 618/618/618
f 618/618/618 513/513/513 619/619/619
f 618/618/618 619/619/619 617/617/617
f 513/513/513 511/511/511 619/619/619
f 615/615/615 620/620/620 587/587/587
f 587/587/587 620/620/620 583/583/583
f 620/620/620 584/584/584 583/583/583
f 617/617/617 621/621/621 615/615/615
f 617/617/617 619/619/619 621/621/621
f 615/615/615 621/621/621 620/620/620
f 619/619/619 511/511/511 622/622/622
f 619/619/619 622/622/622 621/621/621
f 511/511/511 512/512/512 622/622/622
f 622/622/622 512/512/512 623/623/623
f 620/620/620 624/624/624 584/584/584
f 621/621/621 624/624/624 620/620/620
f 621/621/621 622/622/622 624/624/624
f 622/622/622 623/623/623 624/624/624
f 624/624/624 585/585/585 584/584/584
f 624/624/624 623/623/623 585/585/585
f 625/625/625 627/627/627 626/626/626
f 625/625/625 628/628/628 627/627/627
f 628/628/628 629/629/629 627/627/627
f 628/628/628 630/630/630 629/629/629
f 630/630/630 631/631/631 629/629/629
f 630/630/630 632/632/632 631/631/631
f 633/633/633 635/635/635 634/634/634
f 633/633/633 634/634/634 636/636/636
f 637/637/637 633/633/633 636/636/636
f 637/637/637 636/636/636 638/638/638
f 639/639/639 637/637/637 638/638/638
f 637/637/637 639/639/639 640/640/640
f 640/640/640 639/639/639 641/641/641
f 642/642/642 640/640/640 641/641/641
f 642/642/642 641/641/641 643/643/643
f 644/644/644 646/646/646 645/645/645
f 644/644/644 647/647/647 646/646/646
f 647/647/647 648/648/648 646/646/646
f 647/647/647 649/649/649 648/648/648
f 650/650/650 652/652/652 651/651/651
f 652/652/652 650/650/650 653/653/653
f 653/653/653 650/650/650 654/654/654
f 654/654/654 650/650/650 655/655/655
f 655/655/655 656/656/656 654/654/654
f 655/655/655 657/657/657 656/656/656
f 657/657/657 658/658/658 656/656/656
f 657/657/657 659/659/659 658/658/658
f 660/660/660 662/662/662 661/661/661
f 662/662/662 660/660/660 663/663/663
f 663/663/663 660/660/660 664/664/664
f 664/664/664 665/665/665 663/663/663
f 665/665/665 664/664/664 666/666/666
f 666/666/666 664/664/664 667/667/667
f 668/668/668 670/670/670 669/669/669
f 668/668/668 671/671/671 670/670/670
f 671/671/671 672/672/672 670/670/670
f 671/671/671 673/673/673 672/672/672
f 674/674/674 672/672/672 673/673/673
f 672/672/672 674/674/674 675/675/675
f 675/675/675 674/674/674 676/676/676
f 677/677/677 679/679/679 678/678/678
f 677/677/677 680/680/680 679/679/679
f 681/681/681 679/679/679 680/680/680
f 679/679/679 681/681/681 682/682/682
f 682/682/682 681/681/681 683/683/683
f 681/681/681 684/684/684 683/683/683
f 681/681/681 685/685/685 684/684/684
f 685/685/685 686/686/686 684/684/684
f 685/685/685 687/687/687 686/686/686
f 688/688/688 686/686/686 687/687/687
f 686/686/686 688/688/688 689/689/689
f 689/689/689 688/688/688 690/690/690
f 688/688/688 691/691/691 690/690/690
f 688/688/688 692/692/692 691/691/691
f 693/693/693 695/695/695 694/694/694
f 695/695/695 693/693/693 696/696/696
f 696/696/696 693/693/693 697/697/697
f 697/697/697 698/698/698 696/696/696
f 697/697/697 699/699/699 698/698/698
f 699/699/699 700/700/700 698/698/698
f 699/699/699 701/701/701 700/700/700
f 701/701/701 702/702/702 700/700/700
f 701/701/701 703/703/703 702/702/702
f 703/703/703 704/704/704 702/702/702
f 704/704/704 703/703/703 705/705/705
f 705/705/705 703/703/703 706/706/706
f 707/707/707 709/709/709 708/708/708
f 707/707/707 710/710/710 709/709/709
f 711/711/711 713/713/713 712/712/712
f 711/711/711 714/714/714 713/713/713
f 715/715/715 717/717/717 716/716/716
f 717/717/717 715/715/715 718/718/718
f 717/717/717 718/718/718 719/719/719
f 719/719/719 718/718/718 720/720/720
f 719/719/719 720/720/720 721/721/721
f 721/721/721 720/720/720 722/722/722
f 721/721/721 722/722/722 723/723/723
f 723/723/723 722/722/722 724/724/724
f 723/723/723 724/724/724 725/725/725
f 725/725/725 724/724/724 726/726/726
f 725/725/725 726/726/726 727/727/727
f 727/727/727 726/726/726 728/728/728
f 727/727/727 728/728/728 729/729/729
f 729/729/729 728/728/728 730/730/730
f 729/729/729 730/730/730 731/731/731
f 731/731/731 730/730/730 732/732/732
f 731/731/731 732/732/732 733/733/733
f 733/733/733 732/732/732 734/734/734
f 733/733/733 734/734/734 735/735/735
f 735/735/735 734/734/734 736/736/736
f 735/735/735 736/736/736 737/737/737
f 737/737/737 736/736/736 738/738/738
f 737/737/737 738/738/738 739/739/739
f 739/739/739 738/738/738 740/740/740
f 739/739/739 740/740/740 741/741/741
f 741/741/741 740/740/740 742/742/742
f 741/741/741 742/742/742 743/743/743
f 743/743/743 742/742/742 744/744/744
f 743/743/743 744/744/744 745/745/745
f 745/745/745 744/744/744 746/746/746
f 747/747/747 749/749/749 748/748/748
f 749/749/749 747/747/747 750/750/750
f 750/750/750 747/747/747 751/751/751
f 752/752/752 750/750/750 751/751/751
f 752/752/752 751/751/751 753/753/753
f 754/754/754 752/752/752 753/753/753
f 754/754/754 753/753/753 755/755/755
f 756/756/756 754/754/754 755/755/755
f 754/754/754 756/756/756 757/757/757
f 757/757/757 756/756/756 758/758/758
f 759/759/759 761/761/761 760/760/760
f 759/759/759 762/762/762 761/761/761
f 763/763/763 765/765/765 764/764/764
f 763/763/763 766/766/766 765/765/765
f 767/767/767 769/769/769 768/768/768
f 769/769/769 767/767/767 770/770/770
f 770/770/770 767/767/767 771/771/771
f 771/771/771 772/772/772 770/770/770
f 772/772/772 771/771/771 773/773/773
f 773/773/773 771/771/771 774/774/774
f 774/774/774 775/775/775 773/773/773
f 774/774/774 776/776/776 775/775/775
f 776/776/776 777/777/777 775/775/775
f 776/776/776 778/778/778 777/777/777
f 778/778/778 779/779/779 777/777/777
f 778/778/778 780/780/780 779/779/779
f 781/781/781 783/783/783 782/782/782
f 781/781/781 784/784/784 783/783/783
f 784/784/784 785/785/785 783/783/783
f 781/781/781 543/543/543 784/784/784
f 786/786/786 543/543/543 781/781/781
f 784/784/784 787/787/787 785/785/785
f 784/784/784 543/543/543 787/787/787
f 787/787/787 788/788/788 785/785/785
f 787/787/787 789/789/789 788/788/788
f 551/551/551 543/543/543 786/786/786
f 551/551/551 786/786/786 790/790/790
f 551/551/551 790/790/790 791/791/791
f 543/543/543 540/540/540 787/787/787
f 787/787/787 540/540/540 789/789/789
f 791/791/791 554/554/554 551/551/551
f 789/789/789 540/540/540 792/792/792
f 554/554/554 791/791/791 793/793/793
f 792/792/792 540/540/540 794/794/794
f 794/794/794 540/540/540 795/795/795
f 795/795/795 540/540/540 796/796/796
f 554/554/554 793/793/793 797/797/797
f 554/554/554 797/797/797 798/798/798
f 799/799/799 554/554/554 798/798/798
f 799/799/799 556/556/556 554/554/554
f 556/556/556 799/799/799 800/800/800
f 556/556/556 800/800/800 572/572/572
f 572/572/572 800/800/800 801/801/801
f 572/572/572 801/801/801 802/802/802
f 535/535/535 796/796/796 540/540/540
f 796/796/796 535/535/535 803/803/803
f 803/803/803 535/535/535 804/804/804
f 804/804/804 535/535/535 536/536/536
f 536/536/536 805/805/805 804/804/804
f 805/805/805 536/536/536 806/806/806
f 806/806/806 536/536/536 610/610/610
f 806/806/806 610/610/610 807/807/807
f 806/806/806 807/807/807 808/808/808
f 809/809/809 811/811/811 810/810/810
f 809/809/809 812/812/812 811/811/811
f 812/812/812 813/813/813 811/811/811
f 812/812/812 814/814/814 813/813/813
f 815/815/815 813/813/813 814/814/814
f 813/813/813 815/815/815 816/816/816
f 816/816/816 815/815/815 817/817/817
f 815/815/815 818/818/818 817/817/817
f 815/815/815 819/819/819 818/818/818
f 819/819/819 820/820/820 818/818/818
f 819/819/819 821/821/821 820/820/820
f 822/822/822 820/820/820 821/821/821
f 820/820/820 822/822/822 823/823/823
f 823/823/823 822/822/822 824/824/824
f 825/825/825 827/827/827 826/826/826
f 825/825/825 828/828/828 827/827/827
f 829/829/829 827/827/827 828/828/828
f 827/827/827 829/829/829 830/830/830
f 830/830/830 829/829/829 831/831/831
f 829/829/829 832/832/832 831/831/831
f 829/829/829 833/833/833 832/832/832
f 834/834/834 836/836/836 835/835/835
f 836/836/836 834/834/834 837/837/837
f 837/837/837 834/834/834 838/838/838
f 838/838/838 839/839/839 837/837/837
f 838/838/838 840/840/840 839/839/839
f 840/840/840 841/841/841 839/839/839
f 840/840/840 842/842/842 841/841/841
f 843/843/843 845/845/845 844/844/844
f 843/843/843 846/846/846 845/845/845
f 847/847/847 849/849/849 848/848/848
f 849/849/849 847/847/847 850/850/850
f 850/850/850 847/847/847 851/851/851
f 851/851/851 852/852/852 850/850/850
f 851/851/851 853/853/853 852/852/852
f 854/854/854 856/856/856 855/855/855
f 854/854/854 857/857/857 856/856/856
f 857/857/857 858/858/858 856/856/856
f 859/859/859 858/858/858 857/857/857
f 858/858/858 859/859/859 860/860/860
f 859/859/859 861/861/861 860/860/860
f 859/859/859 862/862/862 861/861/861
f 863/863/863 865/865/865 864/864/864
f 863/863/863 866/866/866 865/865/865
f 867/867/867 869/869/869 868/868/868
f 869/869/869 867/867/867 870/870/870
f 869/869/869 870/870/870 871/871/871
f 871/871/871 870/870/870 872/872/872
f 871/871/871 872/872/872 873/873/873
f 873/873/873 872/872/872 874/874/874
f 873/873/873 874/874/874 875/875/875
f 875/875/875 874/874/874 876/876/876
f 875/875/875 876/876/876 877/877/877
f 877/877/877 876/876/876 878/878/878
f 877/877/877 878/878/878 879/879/879
f 879/879/879 878/878/878 880/880/880
f 879/879/879 880/880/880 881/881/881
f 881/881/881 880/880/880 882/882/882
f 881/881/881 882/882/882 883/883/883
f 883/883/883 882/882/882 884/884/884
f 883/883/883 884/884/884 885/885/885
f 885/885/885 884/884/884 886/886/886
f 885/885/885 886/886/886 887/887/887
f 887/887/887 886/886/886 888/888/888
f 887/887/887 888/888/888 889/889/889
f 889/889/889 888/888/888 890/890/890
f 889/889/889 890/890/890 891/891/891
f 891/891/891 890/890/890 892/892/892
f 891/891/891 892/892/892 893/893/893
f 893/893/893 892/892/892 894/894/894
f 893/893/893 894/894/894 895/895/895
f 895/895/895 894/894/894 896/896/896
f 895/895/895 896/896/896 897/897/897
f 897/897/897 896/896/896 898/898/898
f 899/899/899 901/901/901 900/900/900
f 899/899/899 900/900/900 902/902/902
f 903/903/903 899/899/899 902/902/902
f 903/903/903 902/902/902 904/904/904
f 905/905/905 907/907/907 906/906/906
f 905/905/905 908/908/908 907/907/907
f 909/909/909 911/911/911 910/910/910
f 909/909/909 912/912/912 911/911/911
f 913/913/913 915/915/915 914/914/914
f 913/913/913 916/916/916 915/915/915
f 917/917/917 919/919/919 918/918/918
f 917/917/917 920/920/920 919/919/919
f 921/921/921 923/923/923 922/922/922
f 921/921/921 924/924/924 923/923/923
f 925/925/925 927/927/927 926/926/926
f 925/925/925 928/928/928 927/927/927
f 929/929/929 931/931/931 930/930/930
f 929/929/929 932/932/932 931/931/931
f 933/933/933 935/935/935 934/934/934
f 933/933/933 936/936/936 935/935/935
f 937/937/937 939/939/939 938/938/938
f 937/937/937 940/940/940 939/939/939
f 941/941/941 943/943/943 942/942/942
f 941/941/941 944/944/944 943/943/943
f 945/945/945 947/947/947 946/946/946
f 945/945/945 948/948/948 947/947/947
f 949/949/949 951/951/951 950/950/950
f 949/949/949 952/952/952 951/951/951
f 953/953/953 955/955/955 954/954/954
f 953/953/953 956/956/956 955/955/955
f 957/957/957 959/959/959 958/958/958
f 957/957/957 960/960/960 959/959/959
f 961/961/961 963/963/963 962/962/962
f 961/961/961 964/964/964 963/963/963
f 965/965/965 967/967/967 966/966/966
f 965/965/965 968/968/968 967/967/967
f 969/969/969 971/971/971 970/970/970
f 971/971/971 969/969/969 972/972/972
f 972/972/972 969/969/969 973/973/973
f 974/974/974 976/976/976 975/975/975
f 974/974/974 977/977/977 976/976/976
f 978/978/978 980/980/980 979/979/979
f 978/978/978 981/981/981 980/980/980
f 982/982/982 984/984/984 983/983/983
f 984/984/984 982/982/982 985/985/985
f 985/985/985 982/982/982 986/986/986
f 987/987/987 989/989/989 988/988/988
f 987/987/987 990/990/990 989/989/989
f 991/991/991 993/993/993 992/992/992
f 991/991/991 994/994/994 993/993/993
f 995/995/995 997/997/997 996/996/996
f 995/995/995 998/998/998 997/997/997
f 999/999/999 1001/1001/1001 1000/1000/1000
f 1001/1001/1001 999/999/999 1002/1002/1002
f 1002/1002/1002 999/999/999 1003/1003/1003
f 1003/1003/1003 999/999/999 1004/1004/1004
f 1005/1005/1005 1007/1007/1007 1006/1006/1006
f 1005/1005/1005 1008/1008/1008 1007/1007/1007
f 1009/1009/1009 1011/1011/1011 1010/1010/1010
f 1009/1009/1009 1012/1012/1012 1011/1011/1011
f 1013/1013/1013 1015/1015/1015 1014/1014/1014
f 1013/1013/1013 1016/1016/1016 1015/1015/1015
f 1017/1017/1017 1019/1019/1019 1018/1018/1018
f 1017/1017/1017 1020/1020/1020 1019/1019/1019
f 1021/1021/1021 1023/1023/1023 1022/1022/1022
f 1021/1021/1021 1024/1024/1024 1023/1023/1023
f 1025/1025/1025 1027/1027/1027 1026/1026/1026
f 1025/1025/1025 1028/1028/1028 1027/1027/1027
f 1029/1029/1029 1031/1031/1031 1030/1030/1030
f 1029/1029/1029 1032/1032/1032 1031/1031/1031
f 1033/1033/1033 1035/1035/1035 1034/1034/1034
f 1033/1033/1033 1036/1036/1036 1035/1035/1035
f 1037/1037/1037 1039/1039/1039 1038/1038/1038
f 1037/1037/1037 1040/1040/1040 1039/1039/1039
f 1041/1041/1041 1043/1043/1043 1042/1042/1042
f 1041/1041/1041 1044/1044/1044 1043/1043/1043
f 1045/1045/1045 1047/1047/1047 1046/1046/1046
f 1045/1045/1045 1048/1048/1048 1047/1047/1047
f 1049/1049/1049 1051/1051/1051 1050/1050/1050
f 1049/1049/1049 1052/1052/1052 1051/1051/1051
f 1053/1053/1053 1055/1055/1055 1054/1054/1054
f 1053/1053/1053 1056/1056/1056 1055/1055/1055
f 1057/1057/1057 1059/1059/1059 1058/1058/1058
f 1057/1057/1057 1060/1060/1060 1059/1059/1059
f 1061/1061/1061 1063/1063/1063 1062/1062/1062
f 1061/1061/1061 1064/1064/1064 1063/1063/1063
f 1065/1065/1065 1067/1067/1067 1066/1066/1066
f 1065/1065/1065 1068/1068/1068 1067/1067/1067
