# Wyeksportowano z NFSEngine Exporter
o Mesh_Cube.005_65126.obj
v 0.01040961 -0.001116045 0.007247679
v 0.01026316 -0.001404853 0.007330039
v 0.01029639 -0.001244529 0.007365923
v 0.01033148 -0.00139108 0.007243906
v 0.01017192 -0.001655807 0.007247679
v 0.0101407 -0.001577808 0.007365923
v 0.009984102 -0.001932661 0.007253071
v 0.009937203 -0.001799515 0.007382841
v 0.009032657 -0.002884106 0.007253071
v 0.008899511 -0.002837207 0.007382841
v 0.008677804 -0.003040702 0.007365923
v 0.008755803 -0.00307192 0.007247679
v 0.008504848 -0.003163165 0.007330039
v 0.009105678 -0.002874311 0.007099999
v 0.009974306 -0.002005681 0.007099999
v 0.01019078 -0.001728306 0.007099999
v 0.01049693 -0.0009892029 0.007099999
v 0.01037431 -0.001371366 0.007099999
v 0.01053999 -0.0006399959 0.007099999
v 0.01047677 -0.0008189207 0.007253071
v 0.01047713 0.0005600044 0.007253071
v 0.01053999 0.0005600044 0.007099999
v 0.01047734 0.002560004 0.007253071
v 0.01053999 0.002560004 0.007099999
v 0.01047741 0.004560004 0.007253071
v 0.01053999 0.004560004 0.007099999
v 0.01047734 0.006560005 0.007253071
v 0.01053999 0.006560005 0.007099999
v 0.01047713 0.008560006 0.007253071
v 0.01053999 0.008560006 0.007099999
v 0.01047677 0.009938927 0.007253071
v 0.01053999 0.009760004 0.007099999
v 0.01053999 0.009760004 0.006499999
v 0.01053999 0.008560006 0.006499999
v 0.01053999 0.009760004 0.0055
v 0.01053999 0.006560005 0.006499999
v 0.01053999 0.008560006 0.0055
v 0.01053999 0.009760004 0.004499999
v 0.01053999 0.004560004 0.006499999
v 0.01053999 0.008560006 0.004499999
v 0.01053999 0.009760004 0.0035
v 0.01053999 0.006560005 0.0055
v 0.01053999 0.002560004 0.006499999
v 0.01053999 0.008560006 0.0035
v 0.01053999 0.009760004 0.0025
v 0.01053999 0.004560004 0.0055
v 0.01053999 0.006560005 0.004499999
v 0.01053999 0.0005600044 0.006499999
v 0.01053999 0.008560006 0.0025
v 0.01053999 0.009760004 0.001500001
v 0.01053999 0.006560005 0.0035
v 0.01053999 0.004560004 0.004499999
v 0.01053999 0.002560004 0.0055
v 0.01053999 -0.0006399959 0.006499999
v 0.01053999 0.008560006 0.001500001
v 0.01053999 0.009760004 0.000500001
v 0.01053999 0.006560005 0.0025
v 0.01053999 0.004560004 0.0035
v 0.01053999 0.002560004 0.004499999
v 0.01053999 0.0005600044 0.0055
v 0.01049693 -0.0009892029 0.006499999
v 0.01053999 0.008560006 0.000500001
v 0.01053999 0.009760004 -9.999871E-05
v 0.01053999 0.006560005 0.001500001
v 0.01053999 0.004560004 0.0025
v 0.01053999 0.002560004 0.0035
v 0.01053999 0.0005600044 0.004499999
v 0.01053999 -0.0006399959 0.0055
v 0.01053999 0.008560006 -9.999871E-05
v 0.01053999 0.006560005 0.000500001
v 0.01053999 0.004560004 0.001500001
v 0.01053999 0.002560004 0.0025
v 0.01053999 0.0005600044 0.0035
v 0.01053999 -0.0006399959 0.004499999
v 0.01049693 -0.0009892029 0.0055
v 0.01047713 0.008560006 -0.0002530718
v 0.01047677 0.009938927 -0.0002530718
v 0.01047734 0.006560005 -0.0002530718
v 0.01053999 0.006560005 -9.999871E-05
v 0.01047741 0.004560004 -0.0002530718
v 0.01053999 0.004560004 -9.999871E-05
v 0.01047734 0.002560004 -0.0002530718
v 0.01053999 0.004560004 0.000500001
v 0.01053999 0.002560004 -9.999871E-05
v 0.01047713 0.0005600044 -0.0002530718
v 0.01053999 0.002560004 0.000500001
v 0.01053999 0.002560004 0.001500001
v 0.01053999 0.0005600044 -9.999871E-05
v 0.01047677 -0.0008189207 -0.0002530718
v 0.01053999 0.0005600044 0.000500001
v 0.01053999 0.0005600044 0.001500001
v 0.01053999 0.0005600044 0.0025
v 0.01053999 -0.0006399959 -9.999871E-05
v 0.01040961 -0.001116045 -0.0002476794
v 0.01053999 -0.0006399959 0.000500001
v 0.01053999 -0.0006399959 0.001500001
v 0.01053999 -0.0006399959 0.0035
v 0.01053999 -0.0006399959 0.0025
v 0.01049693 -0.0009892029 0.004499999
v 0.01049693 -0.0009892029 0.0035
v 0.01049693 -0.0009892029 0.0025
v 0.01049693 -0.0009892029 0.001500001
v 0.01049693 -0.0009892029 0.000500001
v 0.01049693 -0.0009892029 -9.999871E-05
v 0.01037431 -0.001371366 0.0055
v 0.01037431 -0.001371366 0.004499999
v 0.01037431 -0.001371366 0.0035
v 0.01037431 -0.001371366 0.0025
v 0.01037431 -0.001371366 0.001500001
v 0.01037431 -0.001371366 0.000500001
v 0.01037431 -0.001371366 0.006499999
v 0.01019078 -0.001728306 0.006499999
v 0.01019078 -0.001728306 0.0055
v 0.009974306 -0.002005681 0.006499999
v 0.01019078 -0.001728306 0.004499999
v 0.009974306 -0.002005681 0.0055
v 0.009105678 -0.002874311 0.006499999
v 0.01019078 -0.001728306 0.0035
v 0.009974306 -0.002005681 0.004499999
v 0.01019078 -0.001728306 0.0025
v 0.008828303 -0.003090789 0.007099999
v 0.009105678 -0.002874311 0.0055
v 0.009974306 -0.002005681 0.0035
v 0.01019078 -0.001728306 0.001500001
v 0.008828303 -0.003090789 0.006499999
v 0.008491077 -0.00323148 0.007243906
v 0.009105678 -0.002874311 0.004499999
v 0.009974306 -0.002005681 0.0025
v 0.008828303 -0.003090789 0.0055
v 0.008471362 -0.00327431 0.007099999
v 0.008216041 -0.003309612 0.007247679
v 0.008344525 -0.003196394 0.007365923
v 0.009105678 -0.002874311 0.0035
v 0.008471362 -0.00327431 0.006499999
v 0.008089199 -0.003396935 0.007099999
v 0.008828303 -0.003090789 0.004499999
v 0.007739992 -0.003439995 0.007099999
v 0.007918917 -0.003376772 0.007253071
v 0.008089199 -0.003396935 0.006499999
v 0.007739992 -0.003439995 0.006499999
v 0.008471362 -0.00327431 0.0055
v 0.008089199 -0.003396935 0.0055
v 0.007739992 -0.003439995 0.0055
v 0.008471362 -0.00327431 0.004499999
v 0.008089199 -0.003396935 0.004499999
v 0.007739992 -0.003439995 0.004499999
v 0.008828303 -0.003090789 0.0035
v 0.008471362 -0.00327431 0.0035
v 0.008089199 -0.003396935 0.0035
v 0.007739992 -0.003439995 0.0035
v 0.009105678 -0.002874311 0.0025
v 0.008828303 -0.003090789 0.0025
v 0.008471362 -0.00327431 0.0025
v 0.008089199 -0.003396935 0.0025
v 0.007739992 -0.003439995 0.0025
v 0.009974306 -0.002005681 0.001500001
v 0.009105678 -0.002874311 0.001500001
v 0.008828303 -0.003090789 0.001500001
v 0.008089199 -0.003396935 0.001500001
v 0.007739992 -0.003439995 0.001500001
v 0.008471362 -0.00327431 0.001500001
v 0.01019078 -0.001728306 0.000500001
v 0.009974306 -0.002005681 0.000500001
v 0.008089199 -0.003396935 0.000500001
v 0.007739992 -0.003439995 0.000500001
v 0.009105678 -0.002874311 0.000500001
v 0.008471362 -0.00327431 0.000500001
v 0.008828303 -0.003090789 0.000500001
v 0.01037431 -0.001371366 -9.999871E-05
v 0.008089199 -0.003396935 -9.999871E-05
v 0.007739992 -0.003439995 -9.999871E-05
v 0.01019078 -0.001728306 -9.999871E-05
v 0.01033148 -0.001391081 -0.0002439058
v 0.009974306 -0.002005681 -9.999871E-05
v 0.009105678 -0.002874311 -9.999871E-05
v 0.01026316 -0.001404852 -0.0003300392
v 0.01029639 -0.001244529 -0.0003659236
v 0.01017192 -0.001655807 -0.0002476794
v 0.0101407 -0.001577808 -0.0003659236
v 0.009984102 -0.001932661 -0.0002530718
v 0.009937203 -0.001799515 -0.0003828415
v 0.008899511 -0.002837207 -0.0003828415
v 0.009032657 -0.002884106 -0.0002530718
v 0.008677804 -0.003040702 -0.0003659236
v 0.008755803 -0.00307192 -0.0002476794
v 0.00850485 -0.003163165 -0.0003300392
v 0.008828303 -0.003090789 -9.999871E-05
v 0.008491076 -0.00323148 -0.0002439058
v 0.008471362 -0.00327431 -9.999871E-05
v 0.008216041 -0.003309612 -0.0002476794
v 0.008344525 -0.003196394 -0.0003659236
v 0.007918917 -0.003376772 -0.0002530718
v 0.01047677 -0.0008189207 0.007253071
v 0.01040961 -0.001116045 0.007247679
v 0.01029639 -0.001244529 0.007365923
v 0.01029672 -0.001033785 0.007382841
v 0.01029813 0.0005600044 0.007382841
v 0.01047713 0.0005600044 0.007253071
v 0.01029893 0.002560004 0.007382841
v 0.01047734 0.002560004 0.007253071
v 0.01029919 0.004560004 0.007382841
v 0.01047741 0.004560004 0.007253071
v 0.01029893 0.006560005 0.007382841
v 0.01047734 0.006560005 0.007253071
v 0.01029813 0.008560006 0.007382841
v 0.01047713 0.008560006 0.007253071
v 0.01029672 0.01015379 0.007382841
v 0.01047677 0.009938927 0.007253071
v 0.01029639 0.01036454 0.007365923
v 0.01040961 0.01023605 0.007247679
v 0.01002726 0.01037189 0.00746955
v 0.01003022 0.008560006 0.00746955
v 0.009709418 0.01056 0.007499998
v 0.01009087 0.01054543 0.007425294
v 0.01026316 0.01052486 0.007330039
v 0.0101407 0.01069782 0.007365923
v 0.009840745 0.01074652 0.00746955
v 0.008539991 0.01172943 0.007499998
v 0.009937203 0.01091952 0.007382841
v 0.008726511 0.01186076 0.00746955
v 0.008899511 0.01195721 0.007382841
v 0.008677804 0.01216071 0.007365923
v 0.008525424 0.01211088 0.007425294
v 0.00850485 0.01228317 0.007330039
v 0.008344525 0.0123164 0.007365923
v 0.008351875 0.01204728 0.00746955
v 0.008133781 0.01231673 0.007382841
v 0.007918917 0.01249678 0.007253071
v 0.008216041 0.01242962 0.007247679
v 0.006539993 0.01231814 0.007382841
v 0.006539993 0.01249714 0.007253071
v 0.006539993 0.01205023 0.00746955
v 0.004539993 0.01231894 0.007382841
v 0.004539993 0.01249735 0.007253071
v 0.006539993 0.01173422 0.007499998
v 0.004539993 0.01205192 0.00746955
v 0.002539993 0.0123192 0.007382841
v 0.002539993 0.01249742 0.007253071
v 0.004539993 0.01173695 0.007499998
v 0.002539993 0.01205247 0.00746955
v 0.0005399924 0.01231894 0.007382841
v 0.0005399924 0.01249735 0.007253071
v 0.002539993 0.01173784 0.007499998
v 0.0005399924 0.01205192 0.00746955
v -0.001460006 0.01231814 0.007382841
v -0.001460006 0.01249714 0.007253071
v 0.0005399924 0.01173695 0.007499998
v -0.001460006 0.01205023 0.00746955
v -0.003053796 0.01231673 0.007382841
v -0.002838933 0.01249678 0.007253071
v -0.003271889 0.01204728 0.00746955
v -0.003264539 0.0123164 0.007365923
v -0.003136055 0.01242962 0.007247679
v -0.001460006 0.01173422 0.007499998
v -0.003445439 0.01211088 0.007425294
v -0.003424863 0.01228317 0.007330039
v -0.003597819 0.01216071 0.007365923
v -0.003460006 0.01172943 0.007499998
v -0.003646526 0.01186076 0.00746955
v -0.003819525 0.01195721 0.007382841
v -0.004760761 0.01074652 0.00746955
v -0.004857218 0.01091952 0.007382841
v -0.005060713 0.01069782 0.007365923
v -0.004629433 0.01056 0.007499998
v -0.005010886 0.01054543 0.007425294
v -0.005183177 0.01052486 0.007330039
v -0.005216405 0.01036454 0.007365923
v -0.003460006 0.01056 0.007499998
v -0.004947278 0.01037189 0.00746955
v -0.001460006 0.01056 0.007499998
v -0.004634225 0.008560006 0.007499998
v 0.0005399924 0.01056 0.007499998
v -0.003460006 0.008560006 0.007499998
v 0.002539993 0.01056 0.007499998
v -0.001460006 0.008560006 0.007499998
v 0.004539993 0.01056 0.007499998
v 0.0005399924 0.008560006 0.007499998
v 0.006539993 0.01056 0.007499998
v 0.002539993 0.008560006 0.007499998
v 0.008539991 0.01056 0.007499998
v 0.004539993 0.008560006 0.007499998
v 0.006539993 0.008560006 0.007499998
v 0.008539991 0.008560006 0.007499998
v 0.009714211 0.008560006 0.007499998
v 0.01003191 0.006560005 0.00746955
v 0.01003246 0.004560004 0.00746955
v 0.009716942 0.006560005 0.007499998
v 0.008539991 0.006560005 0.007499998
v 0.006539993 0.006560005 0.007499998
v 0.004539993 0.006560005 0.007499998
v 0.01003191 0.002560004 0.00746955
v 0.009717828 0.004560004 0.007499998
v 0.008539991 0.004560004 0.007499998
v 0.006539993 0.004560004 0.007499998
v 0.01003022 0.0005600044 0.00746955
v 0.009716942 0.002560004 0.007499998
v 0.008539991 0.002560004 0.007499998
v 0.01002726 -0.001251878 0.00746955
v 0.009714211 0.0005600044 0.007499998
v 0.01009087 -0.001425428 0.007425294
v 0.01026316 -0.001404853 0.007330039
v 0.0101407 -0.001577808 0.007365923
v 0.009709418 -0.001439995 0.007499998
v 0.009840745 -0.001626515 0.00746955
v 0.009937203 -0.001799515 0.007382841
v 0.008899511 -0.002837207 0.007382841
v 0.008726511 -0.00274075 0.00746955
v 0.008677804 -0.003040702 0.007365923
v 0.008539991 0.0005600044 0.007499998
v 0.008539991 -0.001439995 0.007499998
v 0.008525424 -0.002990875 0.007425294
v 0.008504848 -0.003163165 0.007330039
v 0.008344525 -0.003196394 0.007365923
v 0.008539991 -0.002609421 0.007499998
v 0.008351875 -0.002927268 0.00746955
v 0.006539993 0.0005600044 0.007499998
v 0.006539993 -0.001439995 0.007499998
v 0.006539993 -0.002614215 0.007499998
v 0.006539993 -0.002930228 0.00746955
v 0.006539993 0.002560004 0.007499998
v 0.008133781 -0.003196725 0.007382841
v 0.007918917 -0.003376772 0.007253071
v 0.008216041 -0.003309612 0.007247679
v 0.006539993 -0.003377137 0.007253071
v 0.006539993 -0.003198129 0.007382841
v 0.004539993 -0.003377345 0.007253071
v 0.004539993 -0.003198931 0.007382841
v 0.002539993 -0.003377412 0.007253071
v 0.004539993 -0.002931914 0.00746955
v 0.002539993 -0.003199189 0.007382841
v 0.0005399924 -0.003377345 0.007253071
v 0.004539993 -0.002616946 0.007499998
v 0.002539993 -0.002932461 0.00746955
v 0.0005399924 -0.003198931 0.007382841
v -0.001460006 -0.003377137 0.007253071
v 0.004539993 -0.001439995 0.007499998
v 0.002539993 -0.002617832 0.007499998
v 0.0005399924 -0.002931914 0.00746955
v -0.001460006 -0.003198129 0.007382841
v -0.002838933 -0.003376772 0.007253071
v 0.004539993 0.0005600044 0.007499998
v 0.002539993 -0.001439995 0.007499998
v 0.0005399924 -0.002616946 0.007499998
v -0.001460006 -0.002930228 0.00746955
v -0.003053796 -0.003196725 0.007382841
v 0.004539993 0.002560004 0.007499998
v 0.002539993 0.0005600044 0.007499998
v 0.0005399924 -0.001439995 0.007499998
v -0.003264539 -0.003196394 0.007365923
v -0.003136055 -0.003309612 0.007247679
v -0.001460006 -0.002614215 0.007499998
v -0.003271889 -0.002927268 0.00746955
v -0.003460006 -0.002609421 0.007499998
v -0.003445439 -0.002990875 0.007425294
v -0.003424866 -0.003163165 0.007330039
v -0.003597819 -0.003040702 0.007365923
v -0.003646526 -0.00274075 0.00746955
v -0.003819525 -0.002837207 0.007382841
v -0.004857218 -0.001799515 0.007382841
v -0.004760761 -0.001626515 0.00746955
v -0.004629433 -0.001439995 0.007499998
v -0.005060713 -0.001577808 0.007365923
v -0.005010886 -0.001425428 0.007425294
v -0.005183177 -0.001404852 0.007330039
v -0.005216405 -0.001244529 0.007365923
v -0.001460006 -0.001439995 0.007499998
v -0.003460006 -0.001439995 0.007499998
v 0.0005399924 0.0005600044 0.007499998
v -0.001460006 0.0005600044 0.007499998
v 0.002539993 0.002560004 0.007499998
v -0.004947278 -0.001251878 0.00746955
v -0.003460006 0.0005600044 0.007499998
v 0.0005399924 0.002560004 0.007499998
v 0.004539993 0.004560004 0.007499998
v 0.002539993 0.004560004 0.007499998
v -0.001460006 0.002560004 0.007499998
v 0.002539993 0.006560005 0.007499998
v 0.0005399924 0.004560004 0.007499998
v 0.0005399924 0.006560005 0.007499998
v -0.001460006 0.004560004 0.007499998
v -0.001460006 0.006560005 0.007499998
v -0.003460006 0.002560004 0.007499998
v -0.003460006 0.004560004 0.007499998
v -0.003460006 0.006560005 0.007499998
v -0.004634225 0.0005600044 0.007499998
v -0.004636957 0.002560004 0.007499998
v -0.004637844 0.004560004 0.007499998
v -0.004636957 0.006560005 0.007499998
v -0.004950239 0.0005600044 0.00746955
v -0.004951925 0.002560004 0.00746955
v -0.004952471 0.004560004 0.00746955
v -0.004951925 0.006560005 0.00746955
v -0.004950239 0.008560006 0.00746955
v -0.005216737 0.01015379 0.007382841
v -0.005218141 0.008560006 0.007382841
v -0.005396783 0.009938927 0.007253071
v -0.005329623 0.01023605 0.007247679
v -0.005397148 0.008560006 0.007253071
v -0.005218942 0.006560005 0.007382841
v -0.005397356 0.006560005 0.007253071
v -0.0052192 0.004560004 0.007382841
v -0.005397422 0.004560004 0.007253071
v -0.005218942 0.002560004 0.007382841
v -0.005397356 0.002560004 0.007253071
v -0.005218141 0.0005600044 0.007382841
v -0.005397148 0.0005600044 0.007253071
v -0.005216737 -0.001033785 0.007382841
v -0.005396783 -0.0008189207 0.007253071
v -0.005329623 -0.001116045 0.007247679
v -0.005460007 0.009760004 -9.999871E-05
v -0.005396783 0.009938927 -0.0002530718
v -0.005329623 0.01023605 -0.0002476794
v -0.005416946 0.01010921 -9.999871E-05
v -0.005416946 0.01010921 0.000500001
v -0.005460007 0.009760004 0.000500001
v -0.005416946 0.01010921 0.001500001
v -0.005460007 0.009760004 0.001500001
v -0.005416946 0.01010921 0.0025
v -0.005460007 0.009760004 0.0025
v -0.005416946 0.01010921 0.0035
v -0.005460007 0.009760004 0.0035
v -0.005416946 0.01010921 0.004499999
v -0.005460007 0.009760004 0.004499999
v -0.005416946 0.01010921 0.0055
v -0.005460007 0.009760004 0.0055
v -0.005416946 0.01010921 0.006499999
v -0.005460007 0.009760004 0.006499999
v -0.005416946 0.01010921 0.007099999
v -0.005460007 0.009760004 0.007099999
v -0.005329623 0.01023605 0.007247679
v -0.005396783 0.009938927 0.007253071
v -0.005294321 0.01049137 0.0025
v -0.005294321 0.01049137 0.0035
v -0.005294321 0.01049137 0.004499999
v -0.005294321 0.01049137 0.0055
v -0.005294321 0.01049137 0.006499999
v -0.005294321 0.01049137 0.007099999
v -0.005251491 0.01051109 0.007243906
v -0.0051108 0.01084831 0.007099999
v -0.0051108 0.01084831 0.006499999
v -0.0051108 0.01084831 0.0055
v -0.0051108 0.01084831 0.004499999
v -0.005183177 0.01052486 0.007330039
v -0.005216405 0.01036454 0.007365923
v -0.005091932 0.01077581 0.007247679
v -0.005060713 0.01069782 0.007365923
v -0.00489432 0.01112569 0.007099999
v -0.004904117 0.01105267 0.007253071
v -0.004857218 0.01091952 0.007382841
v -0.00489432 0.01112569 0.006499999
v -0.004025693 0.01199432 0.007099999
v -0.003952672 0.01200411 0.007253071
v -0.003819525 0.01195721 0.007382841
v -0.003597819 0.01216071 0.007365923
v -0.003675818 0.01219193 0.007247679
v -0.003424863 0.01228317 0.007330039
v -0.00489432 0.01112569 0.0055
v -0.004025693 0.01199432 0.006499999
v -0.003748319 0.0122108 0.007099999
v -0.003411092 0.01235149 0.007243906
v -0.003136055 0.01242962 0.007247679
v -0.003264539 0.0123164 0.007365923
v -0.00489432 0.01112569 0.004499999
v -0.004025693 0.01199432 0.0055
v -0.003748319 0.0122108 0.006499999
v -0.003391378 0.01239432 0.007099999
v -0.003009214 0.01251694 0.007099999
v -0.003391378 0.01239432 0.006499999
v -0.003748319 0.0122108 0.0055
v -0.002660007 0.01256 0.007099999
v -0.002838933 0.01249678 0.007253071
v -0.003009214 0.01251694 0.006499999
v -0.001460006 0.01256 0.007099999
v -0.001460006 0.01249714 0.007253071
v -0.004025693 0.01199432 0.004499999
v -0.003391378 0.01239432 0.0055
v -0.002660007 0.01256 0.006499999
v 0.0005399924 0.01256 0.007099999
v 0.0005399924 0.01249735 0.007253071
v -0.003748319 0.0122108 0.004499999
v -0.003009214 0.01251694 0.0055
v -0.001460006 0.01256 0.006499999
v 0.002539993 0.01256 0.007099999
v 0.002539993 0.01249742 0.007253071
v -0.003391378 0.01239432 0.004499999
v -0.002660007 0.01256 0.0055
v 0.0005399924 0.01256 0.006499999
v 0.004539993 0.01256 0.007099999
v 0.004539993 0.01249735 0.007253071
v -0.003009214 0.01251694 0.004499999
v -0.001460006 0.01256 0.0055
v 0.002539993 0.01256 0.006499999
v 0.006539993 0.01256 0.007099999
v 0.006539993 0.01249714 0.007253071
v -0.002660007 0.01256 0.004499999
v 0.0005399924 0.01256 0.0055
v 0.004539993 0.01256 0.006499999
v 0.007739992 0.01256 0.007099999
v 0.007918917 0.01249678 0.007253071
v 0.006539993 0.01256 0.006499999
v 0.007739992 0.01256 0.006499999
v 0.002539993 0.01256 0.0055
v -0.001460006 0.01256 0.004499999
v 0.004539993 0.01256 0.0055
v 0.006539993 0.01256 0.0055
v 0.007739992 0.01256 0.0055
v 0.0005399924 0.01256 0.004499999
v 0.002539993 0.01256 0.004499999
v 0.004539993 0.01256 0.004499999
v 0.006539993 0.01256 0.004499999
v 0.007739992 0.01256 0.004499999
v 0.006539993 0.01256 0.0035
v 0.007739992 0.01256 0.0035
v 0.004539993 0.01256 0.0035
v 0.002539993 0.01256 0.0035
v 0.0005399924 0.01256 0.0035
v -0.001460006 0.01256 0.0035
v 0.006539993 0.01256 0.0025
v 0.007739992 0.01256 0.0025
v 0.004539993 0.01256 0.0025
v 0.002539993 0.01256 0.0025
v 0.0005399924 0.01256 0.0025
v 0.006539993 0.01256 0.001500001
v 0.007739992 0.01256 0.001500001
v 0.004539993 0.01256 0.001500001
v 0.002539993 0.01256 0.001500001
v 0.006539993 0.01256 0.000500001
v 0.007739992 0.01256 0.000500001
v 0.004539993 0.01256 0.000500001
v 0.006539993 0.01256 -9.999871E-05
v 0.007739992 0.01256 -9.999871E-05
v 0.007918917 0.01249678 -0.0002530718
v 0.006539993 0.01249714 -0.0002530718
v 0.004539993 0.01256 -9.999871E-05
v 0.004539993 0.01249735 -0.0002530718
v 0.002539993 0.01256 -9.999871E-05
v 0.002539993 0.01249742 -0.0002530718
v 0.002539993 0.01256 0.000500001
v 0.0005399924 0.01256 -9.999871E-05
v 0.0005399924 0.01249735 -0.0002530718
v 0.0005399924 0.01256 0.000500001
v -0.001460006 0.01256 -9.999871E-05
v -0.001460006 0.01249714 -0.0002530718
v 0.0005399924 0.01256 0.001500001
v -0.002660007 0.01256 -9.999871E-05
v -0.002838933 0.01249678 -0.0002530718
v -0.003136055 0.01242962 -0.0002476794
v -0.001460006 0.01256 0.000500001
v -0.001460006 0.01256 0.001500001
v -0.002660007 0.01256 0.000500001
v -0.001460006 0.01256 0.0025
v -0.002660007 0.01256 0.001500001
v -0.003009214 0.01251694 -9.999871E-05
v -0.002660007 0.01256 0.0025
v -0.003009214 0.01251694 0.000500001
v -0.002660007 0.01256 0.0035
v -0.003009214 0.01251694 0.001500001
v -0.003009214 0.01251694 0.0025
v -0.003009214 0.01251694 0.0035
v -0.003391378 0.01239432 0.0035
v -0.003391378 0.01239432 0.0025
v -0.003391378 0.01239432 0.001500001
v -0.003391378 0.01239432 0.000500001
v -0.003748319 0.0122108 0.0035
v -0.003748319 0.0122108 0.0025
v -0.003748319 0.0122108 0.001500001
v -0.004025693 0.01199432 0.0035
v -0.004025693 0.01199432 0.0025
v -0.00489432 0.01112569 0.0035
v -0.003391378 0.01239432 -9.999871E-05
v -0.003748319 0.0122108 0.000500001
v -0.004025693 0.01199432 0.001500001
v -0.00489432 0.01112569 0.0025
v -0.0051108 0.01084831 0.0035
v -0.0051108 0.01084831 0.0025
v -0.00489432 0.01112569 0.001500001
v -0.004025693 0.01199432 0.000500001
v -0.005294321 0.01049137 0.001500001
v -0.0051108 0.01084831 0.001500001
v -0.005294321 0.01049137 0.000500001
v -0.00489432 0.01112569 0.000500001
v -0.0051108 0.01084831 0.000500001
v -0.005294321 0.01049137 -9.999871E-05
v -0.0051108 0.01084831 -9.999871E-05
v -0.005251491 0.01051109 -0.0002439058
v -0.00489432 0.01112569 -9.999871E-05
v -0.005183177 0.01052486 -0.0003300392
v -0.005216405 0.01036454 -0.0003659236
v -0.005091932 0.01077581 -0.0002476794
v -0.005060713 0.01069782 -0.0003659236
v -0.004904117 0.01105267 -0.0002530718
v -0.004857218 0.01091952 -0.0003828415
v -0.003819525 0.01195721 -0.0003828415
v -0.003952672 0.01200411 -0.0002530718
v -0.003597819 0.01216071 -0.0003659236
v -0.004025693 0.01199432 -9.999871E-05
v -0.003675818 0.01219193 -0.0002476794
v -0.003424866 0.01228317 -0.0003300392
v -0.003748319 0.0122108 -9.999871E-05
v -0.00341109 0.01235149 -0.0002439058
v -0.003264539 0.0123164 -0.0003659236
v -0.005397148 0.008560006 0.007253071
v -0.005460007 0.009760004 0.007099999
v -0.005396783 0.009938927 0.007253071
v -0.005460007 0.008560006 0.007099999
v -0.005397356 0.006560005 0.007253071
v -0.005460007 0.008560006 0.006499999
v -0.005460007 0.009760004 0.006499999
v -0.005460007 0.006560005 0.007099999
v -0.005397422 0.004560004 0.007253071
v -0.005460007 0.006560005 0.006499999
v -0.005460007 0.008560006 0.0055
v -0.005460007 0.009760004 0.0055
v -0.005460007 0.004560004 0.007099999
v -0.005397356 0.002560004 0.007253071
v -0.005460007 0.004560004 0.006499999
v -0.005460007 0.006560005 0.0055
v -0.005460007 0.008560006 0.004499999
v -0.005460007 0.009760004 0.004499999
v -0.005460007 0.002560004 0.007099999
v -0.005397148 0.0005600044 0.007253071
v -0.005460007 0.004560004 0.0055
v -0.005460007 0.006560005 0.004499999
v -0.005460007 0.008560006 0.0035
v -0.005460007 0.009760004 0.0035
v -0.005460007 0.002560004 0.006499999
v -0.005460007 0.0005600044 0.007099999
v -0.005396783 -0.0008189207 0.007253071
v -0.005460007 0.004560004 0.004499999
v -0.005460007 0.006560005 0.0035
v -0.005460007 0.008560006 0.0025
v -0.005460007 0.009760004 0.0025
v -0.005460007 0.0005600044 0.006499999
v -0.005460007 -0.0006399959 0.007099999
v -0.005329623 -0.001116045 0.007247679
v -0.005460007 0.004560004 0.0035
v -0.005460007 0.006560005 0.0025
v -0.005460007 0.008560006 0.001500001
v -0.005460007 0.009760004 0.001500001
v -0.005460007 -0.0006399959 0.006499999
v -0.005460007 0.004560004 0.0025
v -0.005460007 0.006560005 0.001500001
v -0.005460007 0.008560006 0.000500001
v -0.005460007 0.009760004 0.000500001
v -0.005460007 0.004560004 0.001500001
v -0.005460007 0.006560005 0.000500001
v -0.005460007 0.008560006 -9.999871E-05
v -0.005460007 0.009760004 -9.999871E-05
v -0.005396783 0.009938927 -0.0002530718
v -0.005397148 0.008560006 -0.0002530718
v -0.005460007 0.006560005 -9.999871E-05
v -0.005397356 0.006560005 -0.0002530718
v -0.005460007 0.004560004 -9.999871E-05
v -0.005397422 0.004560004 -0.0002530718
v -0.005460007 0.004560004 0.000500001
v -0.005460007 0.002560004 -9.999871E-05
v -0.005397356 0.002560004 -0.0002530718
v -0.005460007 0.002560004 0.000500001
v -0.005460007 0.0005600044 -9.999871E-05
v -0.005397148 0.0005600044 -0.0002530718
v -0.005460007 0.002560004 0.001500001
v -0.005460007 0.0005600044 0.000500001
v -0.005460007 -0.0006399959 -9.999871E-05
v -0.005396783 -0.0008189207 -0.0002530718
v -0.005329623 -0.001116045 -0.0002476794
v -0.005460007 0.002560004 0.0025
v -0.005460007 0.0005600044 0.001500001
v -0.005460007 -0.0006399959 0.000500001
v -0.005460007 0.002560004 0.0035
v -0.005460007 0.0005600044 0.0025
v -0.005460007 0.002560004 0.004499999
v -0.005416946 -0.0009892029 -9.999871E-05
v -0.005460007 -0.0006399959 0.001500001
v -0.005460007 0.0005600044 0.0035
v -0.005460007 0.002560004 0.0055
v -0.005460007 0.0005600044 0.004499999
v -0.005460007 0.0005600044 0.0055
v -0.005460007 -0.0006399959 0.0025
v -0.005416946 -0.0009892029 0.000500001
v -0.005460007 -0.0006399959 0.0035
v -0.005460007 -0.0006399959 0.0055
v -0.005460007 -0.0006399959 0.004499999
v -0.005416946 -0.0009892029 0.001500001
v -0.005416946 -0.0009892029 0.0025
v -0.005416946 -0.0009892029 0.0035
v -0.005416946 -0.0009892029 0.004499999
v -0.005416946 -0.0009892029 0.0055
v -0.005416946 -0.0009892029 0.006499999
v -0.005416946 -0.0009892029 0.007099999
v -0.005294321 -0.001371366 0.000500001
v -0.005294321 -0.001371366 0.001500001
v -0.005294321 -0.001371366 0.0025
v -0.005294321 -0.001371366 0.0035
v -0.005294321 -0.001371366 0.004499999
v -0.005294321 -0.001371366 0.0055
v -0.005294321 -0.001371366 0.006499999
v -0.005294321 -0.001371366 -9.999871E-05
v -0.005251491 -0.00139108 -0.0002439058
v -0.0051108 -0.001728306 -9.999871E-05
v -0.005183177 -0.001404853 -0.0003300392
v -0.005216405 -0.001244529 -0.0003659236
v -0.005091932 -0.001655807 -0.0002476794
v -0.005060713 -0.001577808 -0.0003659236
v -0.0051108 -0.001728306 0.000500001
v -0.00489432 -0.002005681 -9.999871E-05
v -0.004904117 -0.001932661 -0.0002530718
v -0.004857218 -0.001799515 -0.0003828415
v -0.0051108 -0.001728306 0.001500001
v -0.00489432 -0.002005681 0.000500001
v -0.004025693 -0.002874311 -9.999871E-05
v -0.003952672 -0.002884106 -0.0002530718
v -0.003819525 -0.002837207 -0.0003828415
v -0.003597819 -0.003040702 -0.0003659236
v -0.003675818 -0.00307192 -0.0002476794
v -0.003424863 -0.003163165 -0.0003300392
v -0.0051108 -0.001728306 0.0025
v -0.00489432 -0.002005681 0.001500001
v -0.004025693 -0.002874311 0.000500001
v -0.003748319 -0.003090789 -9.999871E-05
v -0.003411092 -0.00323148 -0.0002439058
v -0.0051108 -0.001728306 0.0035
v -0.00489432 -0.002005681 0.0025
v -0.004025693 -0.002874311 0.001500001
v -0.003748319 -0.003090789 0.000500001
v -0.0051108 -0.001728306 0.004499999
v -0.003136055 -0.003309612 -0.0002476794
v -0.003264539 -0.003196394 -0.0003659236
v -0.003391378 -0.00327431 -9.999871E-05
v -0.003009214 -0.003396935 -9.999871E-05
v -0.003391378 -0.00327431 0.000500001
v -0.003748319 -0.003090789 0.001500001
v -0.002660007 -0.003439995 -9.999871E-05
v -0.002838933 -0.003376772 -0.0002530718
v -0.003009214 -0.003396935 0.000500001
v -0.001460006 -0.003439995 -9.999871E-05
v -0.001460006 -0.003377137 -0.0002530718
v -0.004025693 -0.002874311 0.0025
v -0.003391378 -0.00327431 0.001500001
v -0.002660007 -0.003439995 0.000500001
v 0.0005399924 -0.003439995 -9.999871E-05
v 0.0005399924 -0.003377345 -0.0002530718
v -0.003748319 -0.003090789 0.0025
v -0.004025693 -0.002874311 0.0035
v -0.003009214 -0.003396935 0.001500001
v -0.001460006 -0.003439995 0.000500001
v 0.002539993 -0.003439995 -9.999871E-05
v 0.002539993 -0.003377412 -0.0002530718
v -0.003391378 -0.00327431 0.0025
v -0.002660007 -0.003439995 0.001500001
v 0.0005399924 -0.003439995 0.000500001
v 0.004539993 -0.003439995 -9.999871E-05
v 0.004539993 -0.003377345 -0.0002530718
v -0.003748319 -0.003090789 0.0035
v -0.003009214 -0.003396935 0.0025
v -0.001460006 -0.003439995 0.001500001
v 0.002539993 -0.003439995 0.000500001
v 0.006539993 -0.003439995 -9.999871E-05
v 0.006539993 -0.003377137 -0.0002530718
v -0.003391378 -0.00327431 0.0035
v -0.002660007 -0.003439995 0.0025
v 0.0005399924 -0.003439995 0.001500001
v 0.004539993 -0.003439995 0.000500001
v 0.007739992 -0.003439995 -9.999871E-05
v 0.007918917 -0.003376772 -0.0002530718
v 0.006539993 -0.003439995 0.000500001
v 0.007739992 -0.003439995 0.000500001
v 0.002539993 -0.003439995 0.001500001
v -0.001460006 -0.003439995 0.0025
v 0.004539993 -0.003439995 0.001500001
v 0.006539993 -0.003439995 0.001500001
v 0.007739992 -0.003439995 0.001500001
v 0.0005399924 -0.003439995 0.0025
v 0.002539993 -0.003439995 0.0025
v 0.006539993 -0.003439995 0.0025
v 0.007739992 -0.003439995 0.0025
v 0.004539993 -0.003439995 0.0025
v 0.006539993 -0.003439995 0.0035
v 0.007739992 -0.003439995 0.0035
v 0.004539993 -0.003439995 0.0035
v 0.002539993 -0.003439995 0.0035
v 0.0005399924 -0.003439995 0.0035
v -0.001460006 -0.003439995 0.0035
v 0.006539993 -0.003439995 0.004499999
v 0.007739992 -0.003439995 0.004499999
v 0.004539993 -0.003439995 0.004499999
v 0.002539993 -0.003439995 0.004499999
v 0.0005399924 -0.003439995 0.004499999
v 0.006539993 -0.003439995 0.0055
v 0.007739992 -0.003439995 0.0055
v 0.004539993 -0.003439995 0.0055
v 0.002539993 -0.003439995 0.0055
v 0.006539993 -0.003439995 0.006499999
v 0.007739992 -0.003439995 0.006499999
v 0.004539993 -0.003439995 0.006499999
v 0.006539993 -0.003439995 0.007099999
v 0.007739992 -0.003439995 0.007099999
v 0.007918917 -0.003376772 0.007253071
v 0.006539993 -0.003377137 0.007253071
v 0.004539993 -0.003439995 0.007099999
v 0.004539993 -0.003377345 0.007253071
v 0.002539993 -0.003439995 0.007099999
v 0.002539993 -0.003377412 0.007253071
v 0.002539993 -0.003439995 0.006499999
v 0.0005399924 -0.003439995 0.007099999
v 0.0005399924 -0.003377345 0.007253071
v 0.0005399924 -0.003439995 0.006499999
v -0.001460006 -0.003439995 0.007099999
v -0.001460006 -0.003377137 0.007253071
v 0.0005399924 -0.003439995 0.0055
v -0.001460006 -0.003439995 0.006499999
v -0.002660007 -0.003439995 0.007099999
v -0.002838933 -0.003376772 0.007253071
v -0.003136055 -0.003309612 0.007247679
v -0.001460006 -0.003439995 0.0055
v -0.002660007 -0.003439995 0.006499999
v -0.001460006 -0.003439995 0.004499999
v -0.002660007 -0.003439995 0.0055
v -0.003009214 -0.003396935 0.007099999
v -0.002660007 -0.003439995 0.004499999
v -0.003009214 -0.003396935 0.006499999
v -0.002660007 -0.003439995 0.0035
v -0.003009214 -0.003396935 0.0055
v -0.003009214 -0.003396935 0.0035
v -0.003009214 -0.003396935 0.004499999
v -0.003391378 -0.00327431 0.004499999
v -0.003391378 -0.00327431 0.0055
v -0.003391378 -0.00327431 0.006499999
v -0.003748319 -0.003090789 0.004499999
v -0.003748319 -0.003090789 0.0055
v -0.004025693 -0.002874311 0.004499999
v -0.003391378 -0.00327431 0.007099999
v -0.003748319 -0.003090789 0.006499999
v -0.004025693 -0.002874311 0.0055
v -0.00489432 -0.002005681 0.0035
v -0.00489432 -0.002005681 0.004499999
v -0.00341109 -0.00323148 0.007243906
v -0.004025693 -0.002874311 0.006499999
v -0.0051108 -0.001728306 0.0055
v -0.00489432 -0.002005681 0.0055
v -0.0051108 -0.001728306 0.006499999
v -0.00489432 -0.002005681 0.006499999
v -0.004025693 -0.002874311 0.007099999
v -0.005294321 -0.001371366 0.007099999
v -0.0051108 -0.001728306 0.007099999
v -0.005251491 -0.001391081 0.007243906
v -0.00489432 -0.002005681 0.007099999
v -0.005183177 -0.001404852 0.007330039
v -0.005216405 -0.001244529 0.007365923
v -0.005091932 -0.001655807 0.007247679
v -0.005060713 -0.001577808 0.007365923
v -0.004904117 -0.001932661 0.007253071
v -0.004857218 -0.001799515 0.007382841
v -0.003819525 -0.002837207 0.007382841
v -0.003952672 -0.002884106 0.007253071
v -0.003597819 -0.003040702 0.007365923
v -0.003675818 -0.00307192 0.007247679
v -0.003424866 -0.003163165 0.007330039
v -0.003748319 -0.003090789 0.007099999
v -0.003264539 -0.003196394 0.007365923
v -0.005396783 0.009938927 -0.0002530718
v -0.005216405 0.01036454 -0.0003659236
v -0.005329623 0.01023605 -0.0002476794
v -0.005216737 0.01015379 -0.0003828415
v -0.005397148 0.008560006 -0.0002530718
v -0.005218141 0.008560006 -0.0003828415
v -0.005397356 0.006560005 -0.0002530718
v -0.004947278 0.01037189 -0.0004695505
v -0.005218942 0.006560005 -0.0003828415
v -0.005397422 0.004560004 -0.0002530718
v -0.005010886 0.01054543 -0.000425294
v -0.004629433 0.01056 -0.0004999986
v -0.005183177 0.01052486 -0.0003300392
v -0.005060713 0.01069782 -0.0003659236
v -0.004950239 0.008560006 -0.0004695505
v -0.004760761 0.01074652 -0.0004695505
v -0.003460006 0.01172943 -0.0004999986
v -0.004857218 0.01091952 -0.0003828415
v -0.003646526 0.01186076 -0.0004695505
v -0.003819525 0.01195721 -0.0003828415
v -0.003597819 0.01216071 -0.0003659236
v -0.003445439 0.01211088 -0.000425294
v -0.003424866 0.01228317 -0.0003300392
v -0.003264539 0.0123164 -0.0003659236
v -0.003271889 0.01204728 -0.0004695505
v -0.004951925 0.006560005 -0.0004695505
v -0.004634225 0.008560006 -0.0004999986
v -0.0052192 0.004560004 -0.0003828415
v -0.005397356 0.002560004 -0.0002530718
v -0.005218942 0.002560004 -0.0003828415
v -0.005397148 0.0005600044 -0.0002530718
v -0.004952471 0.004560004 -0.0004695505
v -0.005218141 0.0005600044 -0.0003828415
v -0.005396783 -0.0008189207 -0.0002530718
v -0.004636957 0.006560005 -0.0004999986
v -0.004951925 0.002560004 -0.0004695505
v -0.004637844 0.004560004 -0.0004999986
v -0.003460006 0.008560006 -0.0004999986
v -0.003460006 0.006560005 -0.0004999986
v -0.003460006 0.004560004 -0.0004999986
v -0.003460006 0.01056 -0.0004999986
v -0.005216737 -0.001033785 -0.0003828415
v -0.004950239 0.0005600044 -0.0004695505
v -0.004636957 0.002560004 -0.0004999986
v -0.005216405 -0.001244529 -0.0003659236
v -0.005329623 -0.001116045 -0.0002476794
v -0.004947278 -0.001251878 -0.0004695505
v -0.003460006 0.002560004 -0.0004999986
v -0.004634225 0.0005600044 -0.0004999986
v -0.005010886 -0.001425428 -0.000425294
v -0.005183177 -0.001404853 -0.0003300392
v -0.005060713 -0.001577808 -0.0003659236
v -0.004629433 -0.001439995 -0.0004999986
v -0.004760761 -0.001626515 -0.0004695505
v -0.004857218 -0.001799515 -0.0003828415
v -0.003819525 -0.002837207 -0.0003828415
v -0.003646526 -0.00274075 -0.0004695505
v -0.003597819 -0.003040702 -0.0003659236
v -0.003460006 0.0005600044 -0.0004999986
v -0.003460006 -0.001439995 -0.0004999986
v -0.003460006 -0.002609421 -0.0004999986
v -0.003445439 -0.002990875 -0.000425294
v -0.003424863 -0.003163165 -0.0003300392
v -0.003264539 -0.003196394 -0.0003659236
v -0.003271889 -0.002927268 -0.0004695505
v -0.001460006 0.0005600044 -0.0004999986
v -0.001460006 -0.001439995 -0.0004999986
v -0.001460006 -0.002614215 -0.0004999986
v -0.001460006 -0.002930228 -0.0004695505
v -0.001460006 0.002560004 -0.0004999986
v -0.001460006 0.004560004 -0.0004999986
v -0.001460006 0.006560005 -0.0004999986
v -0.001460006 0.008560006 -0.0004999986
v -0.001460006 0.01056 -0.0004999986
v -0.001460006 0.01173422 -0.0004999986
v 0.0005399924 0.0005600044 -0.0004999986
v 0.0005399924 0.002560004 -0.0004999986
v 0.0005399924 0.004560004 -0.0004999986
v 0.0005399924 0.006560005 -0.0004999986
v 0.0005399924 0.008560006 -0.0004999986
v 0.0005399924 0.01056 -0.0004999986
v 0.0005399924 -0.001439995 -0.0004999986
v 0.0005399924 -0.002616946 -0.0004999986
v 0.0005399924 -0.002931914 -0.0004695505
v 0.002539993 0.004560004 -0.0004999986
v 0.002539993 0.006560005 -0.0004999986
v 0.002539993 0.008560006 -0.0004999986
v 0.002539993 0.002560004 -0.0004999986
v 0.002539993 0.0005600044 -0.0004999986
v 0.002539993 -0.001439995 -0.0004999986
v 0.002539993 -0.002617832 -0.0004999986
v 0.002539993 -0.002932461 -0.0004695505
v 0.004539993 0.004560004 -0.0004999986
v 0.004539993 0.002560004 -0.0004999986
v 0.004539993 0.0005600044 -0.0004999986
v 0.004539993 -0.001439995 -0.0004999986
v 0.004539993 -0.002616946 -0.0004999986
v 0.004539993 -0.002931914 -0.0004695505
v 0.004539993 0.006560005 -0.0004999986
v 0.006539993 0.0005600044 -0.0004999986
v 0.006539993 -0.001439995 -0.0004999986
v 0.006539993 -0.002614215 -0.0004999986
v 0.008539991 -0.002609421 -0.0004999986
v 0.006539993 0.002560004 -0.0004999986
v 0.006539993 -0.002930228 -0.0004695505
v 0.008539991 -0.001439995 -0.0004999986
v 0.009709418 -0.001439995 -0.0004999986
v 0.008539991 0.0005600044 -0.0004999986
v 0.006539993 0.004560004 -0.0004999986
v 0.008539991 0.002560004 -0.0004999986
v 0.008351875 -0.002927268 -0.0004695505
v 0.009714211 0.0005600044 -0.0004999986
v 0.006539993 -0.003198129 -0.0003828415
v 0.008133781 -0.003196725 -0.0003828415
v 0.004539993 -0.003198931 -0.0003828415
v 0.002539993 -0.003199189 -0.0003828415
v 0.0005399924 -0.003198931 -0.0003828415
v -0.001460006 -0.003198129 -0.0003828415
v -0.003053796 -0.003196725 -0.0003828415
v -0.002838933 -0.003376772 -0.0002530718
v -0.003136055 -0.003309612 -0.0002476794
v -0.001460006 -0.003377137 -0.0002530718
v 0.0005399924 -0.003377345 -0.0002530718
v 0.002539993 -0.003377412 -0.0002530718
v 0.004539993 -0.003377345 -0.0002530718
v 0.006539993 -0.003377137 -0.0002530718
v 0.007918917 -0.003376772 -0.0002530718
v 0.008344525 -0.003196394 -0.0003659236
v 0.008216041 -0.003309612 -0.0002476794
v 0.008525424 -0.002990875 -0.000425294
v 0.00850485 -0.003163165 -0.0003300392
v 0.008677804 -0.003040702 -0.0003659236
v 0.008726511 -0.00274075 -0.0004695505
v 0.008899511 -0.002837207 -0.0003828415
v 0.009937203 -0.001799515 -0.0003828415
v 0.009840745 -0.001626515 -0.0004695505
v 0.0101407 -0.001577808 -0.0003659236
v 0.01009087 -0.001425428 -0.000425294
v 0.01026316 -0.001404852 -0.0003300392
v 0.01029639 -0.001244529 -0.0003659236
v 0.01002726 -0.001251878 -0.0004695505
v 0.01003022 0.0005600044 -0.0004695505
v 0.01029672 -0.001033785 -0.0003828415
v 0.01047677 -0.0008189207 -0.0002530718
v 0.01040961 -0.001116045 -0.0002476794
v 0.01047713 0.0005600044 -0.0002530718
v 0.01029813 0.0005600044 -0.0003828415
v 0.01047734 0.002560004 -0.0002530718
v 0.01029893 0.002560004 -0.0003828415
v 0.01047741 0.004560004 -0.0002530718
v 0.01003191 0.002560004 -0.0004695505
v 0.01029919 0.004560004 -0.0003828415
v 0.01047734 0.006560005 -0.0002530718
v 0.009716942 0.002560004 -0.0004999986
v 0.01029893 0.006560005 -0.0003828415
v 0.01047713 0.008560006 -0.0002530718
v 0.01003246 0.004560004 -0.0004695505
v 0.008539991 0.004560004 -0.0004999986
v 0.01029813 0.008560006 -0.0003828415
v 0.01047677 0.009938927 -0.0002530718
v 0.009717828 0.004560004 -0.0004999986
v 0.01003191 0.006560005 -0.0004695505
v 0.006539993 0.006560005 -0.0004999986
v 0.008539991 0.006560005 -0.0004999986
v 0.009716942 0.006560005 -0.0004999986
v 0.01003022 0.008560006 -0.0004695505
v 0.01029672 0.01015379 -0.0003828415
v 0.004539993 0.008560006 -0.0004999986
v 0.006539993 0.008560006 -0.0004999986
v 0.008539991 0.008560006 -0.0004999986
v 0.01029639 0.01036454 -0.0003659236
v 0.01040961 0.01023605 -0.0002476794
v 0.01002726 0.01037189 -0.0004695505
v 0.009714211 0.008560006 -0.0004999986
v 0.002539993 0.01056 -0.0004999986
v 0.004539993 0.01056 -0.0004999986
v 0.01009087 0.01054543 -0.000425294
v 0.01026316 0.01052486 -0.0003300392
v 0.0101407 0.01069782 -0.0003659236
v 0.006539993 0.01056 -0.0004999986
v 0.009709418 0.01056 -0.0004999986
v 0.009840745 0.01074652 -0.0004695505
v 0.009937203 0.01091952 -0.0003828415
v 0.008899511 0.01195721 -0.0003828415
v 0.008539991 0.01056 -0.0004999986
v 0.008726511 0.01186076 -0.0004695505
v 0.008677804 0.01216071 -0.0003659236
v 0.008539991 0.01172943 -0.0004999986
v 0.008525424 0.01211088 -0.000425294
v 0.008504848 0.01228317 -0.0003300392
v 0.008344525 0.0123164 -0.0003659236
v 0.006539993 0.01173422 -0.0004999986
v 0.008351875 0.01204728 -0.0004695505
v 0.004539993 0.01173695 -0.0004999986
v 0.006539993 0.01205023 -0.0004695505
v 0.004539993 0.01205192 -0.0004695505
v 0.002539993 0.01173784 -0.0004999986
v 0.002539993 0.01205247 -0.0004695505
v 0.0005399924 0.01173695 -0.0004999986
v 0.0005399924 0.01205192 -0.0004695505
v -0.001460006 0.01205023 -0.0004695505
v -0.003053796 0.01231673 -0.0003828415
v -0.001460006 0.01231814 -0.0003828415
v -0.002838933 0.01249678 -0.0002530718
v -0.003136055 0.01242962 -0.0002476794
v -0.001460006 0.01249714 -0.0002530718
v 0.0005399924 0.01231894 -0.0003828415
v 0.0005399924 0.01249735 -0.0002530718
v 0.002539993 0.0123192 -0.0003828415
v 0.002539993 0.01249742 -0.0002530718
v 0.004539993 0.01231894 -0.0003828415
v 0.004539993 0.01249735 -0.0002530718
v 0.006539993 0.01231814 -0.0003828415
v 0.006539993 0.01249714 -0.0002530718
v 0.008133781 0.01231673 -0.0003828415
v 0.007918917 0.01249678 -0.0002530718
v 0.008216041 0.01242962 -0.0002476794
v 0.008216041 0.01242962 0.007247679
v 0.00850485 0.01228317 0.007330039
v 0.008344525 0.0123164 0.007365923
v 0.008491076 0.01235149 0.007243906
v 0.008755803 0.01219193 0.007247679
v 0.008677804 0.01216071 0.007365923
v 0.009032657 0.01200411 0.007253071
v 0.008899511 0.01195721 0.007382841
v 0.009984102 0.01105267 0.007253071
v 0.009937203 0.01091952 0.007382841
v 0.0101407 0.01069782 0.007365923
v 0.01017192 0.01077581 0.007247679
v 0.01026316 0.01052486 0.007330039
v 0.009974306 0.01112569 0.007099999
v 0.009105678 0.01199432 0.007099999
v 0.008828303 0.0122108 0.007099999
v 0.008089199 0.01251694 0.007099999
v 0.007739992 0.01256 0.007099999
v 0.007918917 0.01249678 0.007253071
v 0.007739992 0.01256 0.006499999
v 0.008471362 0.01239432 0.007099999
v 0.008089199 0.01251694 0.006499999
v 0.007739992 0.01256 0.0055
v 0.008471362 0.01239432 0.006499999
v 0.008089199 0.01251694 0.0055
v 0.007739992 0.01256 0.004499999
v 0.008828303 0.0122108 0.006499999
v 0.008471362 0.01239432 0.0055
v 0.008089199 0.01251694 0.004499999
v 0.007739992 0.01256 0.0035
v 0.009105678 0.01199432 0.006499999
v 0.008828303 0.0122108 0.0055
v 0.008089199 0.01251694 0.0035
v 0.007739992 0.01256 0.0025
v 0.008471362 0.01239432 0.004499999
v 0.008089199 0.01251694 0.0025
v 0.007739992 0.01256 0.001500001
v 0.008471362 0.01239432 0.0035
v 0.008828303 0.0122108 0.004499999
v 0.009105678 0.01199432 0.0055
v 0.009974306 0.01112569 0.006499999
v 0.008089199 0.01251694 0.001500001
v 0.007739992 0.01256 0.000500001
v 0.008471362 0.01239432 0.0025
v 0.008828303 0.0122108 0.0035
v 0.009105678 0.01199432 0.004499999
v 0.008089199 0.01251694 0.000500001
v 0.007739992 0.01256 -9.999871E-05
v 0.008471362 0.01239432 0.001500001
v 0.008828303 0.0122108 0.0025
v 0.009974306 0.01112569 0.0055
v 0.009105678 0.01199432 0.0035
v 0.009974306 0.01112569 0.004499999
v 0.008089199 0.01251694 -9.999871E-05
v 0.008471362 0.01239432 0.000500001
v 0.008828303 0.0122108 0.001500001
v 0.009105678 0.01199432 0.0025
v 0.009974306 0.01112569 0.0035
v 0.008216041 0.01242962 -0.0002476794
v 0.007918917 0.01249678 -0.0002530718
v 0.01019078 0.01084831 0.0055
v 0.01019078 0.01084831 0.004499999
v 0.01019078 0.01084831 0.006499999
v 0.01019078 0.01084831 0.007099999
v 0.01033148 0.01051109 0.007243906
v 0.01037431 0.01049137 0.007099999
v 0.01037431 0.01049137 0.006499999
v 0.01040961 0.01023605 0.007247679
v 0.01029639 0.01036454 0.007365923
v 0.01049693 0.01010921 0.007099999
v 0.01037431 0.01049137 0.0055
v 0.01053999 0.009760004 0.007099999
v 0.01047677 0.009938927 0.007253071
v 0.01049693 0.01010921 0.006499999
v 0.01053999 0.009760004 0.006499999
v 0.01049693 0.01010921 0.0055
v 0.01053999 0.009760004 0.0055
v 0.01037431 0.01049137 0.004499999
v 0.01049693 0.01010921 0.004499999
v 0.01053999 0.009760004 0.004499999
v 0.01019078 0.01084831 0.0035
v 0.01037431 0.01049137 0.0035
v 0.01049693 0.01010921 0.0035
v 0.01053999 0.009760004 0.0035
v 0.009974306 0.01112569 0.0025
v 0.01019078 0.01084831 0.0025
v 0.01037431 0.01049137 0.0025
v 0.01049693 0.01010921 0.0025
v 0.01053999 0.009760004 0.0025
v 0.009105678 0.01199432 0.001500001
v 0.009974306 0.01112569 0.001500001
v 0.01019078 0.01084831 0.001500001
v 0.01037431 0.01049137 0.001500001
v 0.01049693 0.01010921 0.001500001
v 0.01053999 0.009760004 0.001500001
v 0.008828303 0.0122108 0.000500001
v 0.009105678 0.01199432 0.000500001
v 0.009974306 0.01112569 0.000500001
v 0.01019078 0.01084831 0.000500001
v 0.01037431 0.01049137 0.000500001
v 0.01049693 0.01010921 0.000500001
v 0.01053999 0.009760004 0.000500001
v 0.008471362 0.01239432 -9.999871E-05
v 0.008828303 0.0122108 -9.999871E-05
v 0.008491077 0.01235149 -0.0002439058
v 0.009105678 0.01199432 -9.999871E-05
v 0.009974306 0.01112569 -9.999871E-05
v 0.01019078 0.01084831 -9.999871E-05
v 0.01037431 0.01049137 -9.999871E-05
v 0.008504848 0.01228317 -0.0003300392
v 0.008344525 0.0123164 -0.0003659236
v 0.008755803 0.01219193 -0.0002476794
v 0.008677804 0.01216071 -0.0003659236
v 0.009032657 0.01200411 -0.0002530718
v 0.008899511 0.01195721 -0.0003828415
v 0.009937203 0.01091952 -0.0003828415
v 0.009984102 0.01105267 -0.0002530718
v 0.0101407 0.01069782 -0.0003659236
v 0.01017192 0.01077581 -0.0002476794
v 0.01026316 0.01052486 -0.0003300392
v 0.01033148 0.01051109 -0.0002439058
v 0.01040961 0.01023605 -0.0002476794
v 0.01029639 0.01036454 -0.0003659236
v 0.01049693 0.01010921 -9.999871E-05
v 0.01053999 0.009760004 -9.999871E-05
v 0.01047677 0.009938927 -0.0002530718
vn 0.8562019 -0.2092671 0.4723618
vn 0.6741116 -0.316488 0.6673895
vn 0.6137585 -0.1776037 0.7692577
vn 0.8444684 -0.3616134 0.3951063
vn 0.7612108 -0.4894327 0.4254569
vn 0.5701362 -0.35991 0.7385184
vn 0.6659207 -0.5663915 0.4855413
vn 0.4635574 -0.3902813 0.7954842
vn 0.5663928 -0.66592 0.4855406
vn 0.390281 -0.4635572 0.7954845
vn 0.3599085 -0.5701361 0.7385193
vn 0.4894331 -0.7612112 0.4254561
vn 0.3164853 -0.6741118 0.6673906
vn 0.6560198 -0.7408655 0.1440703
vn 0.7408673 -0.6560178 0.1440707
vn 0.8317606 -0.536797 0.1415039
vn 0.9670486 -0.2071245 0.1480421
vn 0.9168859 -0.3759145 0.1341963
vn 0.9816108 -0.05025079 0.1841611
vn 0.8172572 -0.08118363 0.570526
vn 0.9249725 -8.93718E-05 0.3800339
vn 0.9810638 -4.554745E-05 0.1936846
vn 0.9254091 -3.180912E-05 0.3789694
vn 0.9811751 -1.620957E-05 0.1931202
vn 0.9255551 0 0.3786131
vn 0.9812122 0 0.1929313
vn 0.9254091 3.180918E-05 0.3789696
vn 0.9811751 1.62096E-05 0.1931202
vn 0.9249721 8.937214E-05 0.3800352
vn 0.9810637 4.554764E-05 0.1936852
vn 0.8172569 0.08118349 0.5705264
vn 0.9816107 0.05025095 0.1841613
vn 0.9981189 0.06130743 0
vn 1 0 0
vn 0.9981189 0.0613074 0
vn 1 0 0
vn 1 0 0
vn 0.9981189 0.06130738 0
vn 1 0 0
vn 1 0 0
vn 0.9981188 0.06130791 0
vn 1 0 0
vn 1 0 0
vn 1 0 0
vn 0.9981188 0.06130791 0
vn 1 0 0
vn 1 0 0
vn 1 0 0
vn 1 0 0
vn 0.9981188 0.06130791 0
vn 1 0 0
vn 1 0 0
vn 1 0 0
vn 0.9981189 -0.06130731 0
vn 1 0 0
vn 0.9981189 0.0613074 0
vn 1 0 0
vn 1 0 0
vn 1 0 0
vn 1 0 0
vn 0.9766357 -0.2149018 0
vn 1 0 0
vn 0.9816107 0.05025094 -0.1841612
vn 1 0 0
vn 1 0 0
vn 1 0 0
vn 1 0 0
vn 0.9981189 -0.06130728 0
vn 0.9810637 4.55476E-05 -0.193685
vn 1 0 0
vn 1 0 0
vn 1 0 0
vn 1 0 0
vn 0.9981189 -0.0613073 0
vn 0.9766357 -0.2149021 0
vn 0.9249722 8.937208E-05 -0.3800348
vn 0.8172564 0.08118346 -0.5705273
vn 0.925409 3.180918E-05 -0.3789699
vn 0.9811751 1.62096E-05 -0.1931204
vn 0.9255549 0 -0.3786134
vn 0.9812122 0 -0.1929315
vn 0.925409 -3.180919E-05 -0.3789699
vn 1 0 0
vn 0.9811751 -1.620961E-05 -0.1931204
vn 0.9249722 -8.937195E-05 -0.3800348
vn 1 0 0
vn 1 0 0
vn 0.9810637 -4.554754E-05 -0.193685
vn 0.8172566 -0.08118393 -0.5705269
vn 1 0 0
vn 1 0 0
vn 1 0 0
vn 0.9816107 -0.05025085 -0.1841613
vn 0.8562021 -0.2092671 -0.4723614
vn 0.9981189 -0.0613073 0
vn 0.9981188 -0.06130781 0
vn 0.9981188 -0.06130781 0
vn 0.9981188 -0.0613078 0
vn 0.9766357 -0.2149021 0
vn 0.9766356 -0.2149026 0
vn 0.9766356 -0.2149026 0
vn 0.9766356 -0.2149026 0
vn 0.9766356 -0.2149025 0
vn 0.9670484 -0.2071254 -0.1480423
vn 0.9238797 -0.382683 0
vn 0.9238797 -0.3826829 0
vn 0.9238799 -0.3826826 0
vn 0.9238799 -0.3826826 0
vn 0.9238799 -0.3826826 0
vn 0.9238797 -0.3826831 0
vn 0.9238799 -0.3826826 0
vn 0.8425444 -0.5386268 0
vn 0.8425443 -0.538627 0
vn 0.7491271 -0.6624263 0
vn 0.8425443 -0.538627 0
vn 0.7491271 -0.6624264 0
vn 0.6624264 -0.749127 0
vn 0.8425446 -0.5386267 0
vn 0.7491271 -0.6624264 0
vn 0.8425445 -0.5386267 0
vn 0.5367973 -0.8317606 0.1415025
vn 0.6624262 -0.7491271 0
vn 0.7491271 -0.6624264 0
vn 0.8425446 -0.5386267 0
vn 0.5386267 -0.8425445 0
vn 0.3616137 -0.844468 0.3951069
vn 0.6624263 -0.7491271 0
vn 0.749127 -0.6624264 0
vn 0.5386268 -0.8425445 0
vn 0.3759138 -0.9168863 0.1341951
vn 0.2092672 -0.8562021 0.4723611
vn 0.1776047 -0.6137574 0.7692584
vn 0.6624265 -0.7491269 0
vn 0.3826827 -0.9238798 0
vn 0.2071251 -0.9670485 0.1480419
vn 0.5386268 -0.8425444 0
vn 0.05025102 -0.9816107 0.1841617
vn 0.08118428 -0.8172569 0.5705262
vn 0.2149018 -0.9766357 0
vn 0.06130698 -0.9981189 0
vn 0.3826828 -0.9238798 0
vn 0.2149017 -0.9766357 0
vn 0.06130695 -0.9981189 0
vn 0.3826829 -0.9238797 0
vn 0.2149017 -0.9766357 0
vn 0.06130694 -0.9981189 0
vn 0.5386268 -0.8425444 0
vn 0.3826827 -0.9238798 0
vn 0.2149018 -0.9766357 0
vn 0.06130701 -0.9981189 0
vn 0.6624264 -0.749127 0
vn 0.5386268 -0.8425445 0
vn 0.3826826 -0.9238799 0
vn 0.2149018 -0.9766357 0
vn 0.06130702 -0.9981189 0
vn 0.749127 -0.6624264 0
vn 0.6624264 -0.7491271 0
vn 0.5386268 -0.8425444 0
vn 0.2149018 -0.9766357 0
vn 0.06130701 -0.9981189 0
vn 0.3826826 -0.9238799 0
vn 0.8425445 -0.5386267 0
vn 0.7491271 -0.6624262 0
vn 0.2149017 -0.9766357 0
vn 0.06130698 -0.9981189 0
vn 0.6624264 -0.7491271 0
vn 0.3826827 -0.9238798 0
vn 0.5386267 -0.8425445 0
vn 0.9168861 -0.3759144 -0.1341953
vn 0.2071248 -0.9670485 -0.1480424
vn 0.05025086 -0.9816105 -0.1841618
vn 0.8317609 -0.5367967 -0.1415033
vn 0.844468 -0.3616137 -0.3951069
vn 0.7408666 -0.6560185 -0.144071
vn 0.6560187 -0.7408665 -0.1440708
vn 0.6741114 -0.316487 -0.6673904
vn 0.6137579 -0.1776035 -0.7692581
vn 0.761211 -0.4894323 -0.4254573
vn 0.5701352 -0.3599098 -0.7385193
vn 0.6659203 -0.5663916 -0.4855418
vn 0.4635572 -0.3902813 -0.7954843
vn 0.3902816 -0.4635568 -0.7954844
vn 0.5663919 -0.6659203 -0.4855415
vn 0.3599101 -0.570136 -0.7385185
vn 0.4894325 -0.7612112 -0.4254565
vn 0.3164881 -0.6741124 -0.6673887
vn 0.5367965 -0.8317609 -0.1415032
vn 0.3616132 -0.8444683 -0.3951065
vn 0.375914 -0.9168861 -0.1341957
vn 0.209267 -0.8562019 -0.4723617
vn 0.1776038 -0.6137579 -0.7692581
vn 0.08118369 -0.8172565 -0.570527
vn 0.8172572 -0.08118363 0.570526
vn 0.8562019 -0.2092671 0.4723618
vn 0.6137585 -0.1776037 0.7692577
vn 0.5168869 -0.06122595 0.8538613
vn 0.4528934 -0.0002739363 0.8915647
vn 0.5867676 -0.0002484191 0.8097554
vn 0.4539689 -0.0001139482 0.8910175
vn 0.5879979 -9.807481E-05 0.8088624
vn 0.4543453 0 0.8908257
vn 0.5884203 0 0.8085552
vn 0.4539694 0.0001139481 0.8910172
vn 0.5879976 9.807466E-05 0.8088626
vn 0.4528933 0.0002739368 0.8915648
vn 0.5867682 0.0002484193 0.8097549
vn 0.5168871 0.06122576 0.8538613
vn 0.8172569 0.08118349 0.5705264
vn 0.6137589 0.1776036 0.7692575
vn 0.8562026 0.209267 0.4723606
vn 0.2277268 0.04821327 0.9725307
vn 0.2030721 0.0002228824 0.9791638
vn 0.08330479 0.04428956 0.9955394
vn 0.3525082 0.1672663 0.9207388
vn 0.6741096 0.316488 0.6673917
vn 0.5701354 0.3599096 0.7385193
vn 0.2318654 0.1794737 0.956048
vn 0.0442897 0.08330462 0.9955394
vn 0.4635582 0.3902811 0.7954839
vn 0.179474 0.2318653 0.9560479
vn 0.3902813 0.4635579 0.7954839
vn 0.3599096 0.5701382 0.7385171
vn 0.1672663 0.3525096 0.9207383
vn 0.3164869 0.6741137 0.6673881
vn 0.1776039 0.6137577 0.7692583
vn 0.04821428 0.2277259 0.9725309
vn 0.06122675 0.5168875 0.8538609
vn 0.08118423 0.8172561 0.5705275
vn 0.2092666 0.8562019 0.4723618
vn 0.0002739667 0.4528931 0.8915648
vn 0.0002485419 0.5867671 0.8097557
vn 0.0002228128 0.2030721 0.9791638
vn 0.0001140557 0.4539685 0.8910178
vn 9.831481E-05 0.5879966 0.8088635
vn 7.527969E-05 0.0480088 0.9988469
vn 9.923316E-05 0.2036551 0.9790426
vn 0 0.4543442 0.8908262
vn 0 0.5884188 0.8085563
vn 3.520785E-05 0.04815375 0.9988399
vn 0 0.2038635 0.9789994
vn -0.0001140558 0.4539686 0.8910177
vn -9.831483E-05 0.5879966 0.8088635
vn 0 0.04820555 0.9988374
vn -9.923328E-05 0.2036552 0.9790426
vn -0.0002739663 0.4528929 0.891565
vn -0.0002485412 0.5867662 0.8097564
vn -3.520785E-05 0.04815373 0.9988399
vn -0.0002228129 0.2030723 0.9791637
vn -0.061227 0.5168871 0.8538612
vn -0.08118474 0.8172568 0.5705264
vn -0.04821443 0.227726 0.9725309
vn -0.1776034 0.6137578 0.7692583
vn -0.2092662 0.8562011 0.4723634
vn -7.527969E-05 0.04800881 0.9988469
vn -0.1672665 0.35251 0.9207381
vn -0.3164852 0.6741127 0.6673899
vn -0.3599094 0.5701363 0.7385187
vn -0.04428986 0.08330461 0.9955394
vn -0.1794744 0.2318653 0.9560479
vn -0.3902811 0.4635566 0.7954847
vn -0.2318653 0.179474 0.9560479
vn -0.4635582 0.3902818 0.7954834
vn -0.5701357 0.3599094 0.7385191
vn -0.08330485 0.04428953 0.9955394
vn -0.3525082 0.1672666 0.9207388
vn -0.6741097 0.3164879 0.6673917
vn -0.6137581 0.1776045 0.7692577
vn 0 0 1
vn -0.2277261 0.04821301 0.9725309
vn 0 0 1
vn -0.04800937 7.531686E-05 0.9988469
vn 0 0 1
vn 0 0 1
vn 0 0 1
vn 0 0 1
vn 0 0 1
vn 0 0 1
vn 0 0 1
vn 0 0 1
vn 0 0 1
vn 0 0 1
vn 0 0 1
vn 0 0 1
vn 0.04800944 7.531716E-05 0.9988469
vn 0.2036555 9.924142E-05 0.9790426
vn 0.2038641 0 0.9789993
vn 0.0481539 3.520231E-05 0.9988399
vn 0 0 1
vn 0 0 1
vn 0 0 1
vn 0.2036555 -9.924147E-05 0.9790426
vn 0.04820586 0 0.9988374
vn 0 0 1
vn 0 0 1
vn 0.2030721 -0.0002228822 0.9791638
vn 0.0481545 -3.520233E-05 0.9988399
vn 0 0 1
vn 0.2277257 -0.04821341 0.972531
vn 0.0480088 -7.531713E-05 0.9988469
vn 0.3525085 -0.1672663 0.9207388
vn 0.6741116 -0.316488 0.6673895
vn 0.5701362 -0.35991 0.7385184
vn 0.08330432 -0.04428953 0.9955395
vn 0.2318654 -0.1794741 0.9560479
vn 0.4635574 -0.3902813 0.7954842
vn 0.390281 -0.4635572 0.7954845
vn 0.1794739 -0.231865 0.956048
vn 0.3599085 -0.5701361 0.7385193
vn 0 0 1
vn 0 0 1
vn 0.1672664 -0.3525092 0.9207384
vn 0.3164853 -0.6741118 0.6673906
vn 0.1776047 -0.6137574 0.7692584
vn 0.0442899 -0.08330469 0.9955394
vn 0.04821492 -0.2277255 0.972531
vn 0 0 1
vn 0 0 1
vn 7.529605E-05 -0.04800874 0.9988469
vn 0.0002228278 -0.203072 0.9791638
vn 0 0 1
vn 0.06122703 -0.5168871 0.8538613
vn 0.08118428 -0.8172569 0.5705262
vn 0.2092672 -0.8562021 0.4723611
vn 0.0002484196 -0.5867674 0.8097554
vn 0.0002739046 -0.4528933 0.8915647
vn 9.819254E-05 -0.5879973 0.8088628
vn 0.0001140149 -0.4539691 0.8910174
vn 0 -0.5884197 0.8085557
vn 9.923962E-05 -0.2036553 0.9790426
vn 0 -0.454345 0.8908259
vn -9.819264E-05 -0.5879976 0.8088626
vn 3.519405E-05 -0.04815378 0.9988399
vn 0 -0.203864 0.9789993
vn -0.0001140149 -0.4539694 0.8910173
vn -0.0002484193 -0.5867676 0.8097554
vn 0 0 1
vn 0 -0.04820574 0.9988374
vn -9.923966E-05 -0.2036553 0.9790426
vn -0.0002739045 -0.4528934 0.8915647
vn -0.08118467 -0.8172567 0.5705265
vn 0 0 1
vn 0 0 1
vn -3.519408E-05 -0.04815379 0.9988399
vn -0.0002228277 -0.203072 0.9791638
vn -0.06122736 -0.5168874 0.853861
vn 0 0 1
vn 0 0 1
vn 0 0 1
vn -0.1776041 -0.6137592 0.769257
vn -0.2092671 -0.8562021 0.4723614
vn -7.529599E-05 -0.04800873 0.9988469
vn -0.04821468 -0.227726 0.9725309
vn -0.0442896 -0.08330465 0.9955394
vn -0.167266 -0.3525088 0.9207386
vn -0.316487 -0.6741137 0.667388
vn -0.3599092 -0.5701365 0.7385186
vn -0.179474 -0.2318651 0.956048
vn -0.3902805 -0.4635563 0.7954851
vn -0.463557 -0.3902815 0.7954842
vn -0.2318659 -0.1794741 0.9560478
vn -0.08330432 -0.04428946 0.9955395
vn -0.5701358 -0.3599094 0.738519
vn -0.3525092 -0.1672663 0.9207385
vn -0.6741104 -0.316487 0.6673912
vn -0.6137576 -0.1776041 0.7692583
vn 0 0 1
vn 0 0 1
vn 0 0 1
vn 0 0 1
vn 0 0 1
vn -0.2277252 -0.04821297 0.9725311
vn 0 0 1
vn 0 0 1
vn 0 0 1
vn 0 0 1
vn 0 0 1
vn 0 0 1
vn 0 0 1
vn 0 0 1
vn 0 0 1
vn 0 0 1
vn 0 0 1
vn 0 0 1
vn 0 0 1
vn -0.04800874 -7.531683E-05 0.9988469
vn -0.04815454 -3.520691E-05 0.9988399
vn -0.04820605 0 0.9988374
vn -0.04815394 3.520691E-05 0.9988399
vn -0.2030718 -0.0002229096 0.9791638
vn -0.2036554 -9.918344E-05 0.9790426
vn -0.2038641 0 0.9789993
vn -0.2036554 9.918342E-05 0.9790426
vn -0.2030718 0.0002229098 0.9791638
vn -0.5168865 0.06122584 0.8538616
vn -0.4528932 0.0002739554 0.8915647
vn -0.817257 0.08118328 0.5705264
vn -0.8562031 0.2092679 0.4723592
vn -0.5867688 0.0002484015 0.8097545
vn -0.45397 0.000113805 0.8910169
vn -0.587999 9.791645E-05 0.8088617
vn -0.4543457 0 0.8908254
vn -0.5884215 0 0.8085544
vn -0.4539695 -0.0001138051 0.8910172
vn -0.5879992 -9.791659E-05 0.8088616
vn -0.4528935 -0.000273955 0.8915647
vn -0.5867682 -0.0002484013 0.809755
vn -0.5168866 -0.06122638 0.8538615
vn -0.8172572 -0.08118385 0.5705259
vn -0.8562027 -0.2092679 0.4723601
vn -0.9816107 0.05025082 -0.1841612
vn -0.8172565 0.08118364 -0.570527
vn -0.8562027 0.2092679 -0.47236
vn -0.9670484 0.2071259 -0.1480418
vn -0.9766355 0.2149031 0
vn -0.9981189 0.06130688 0
vn -0.9766355 0.214903 0
vn -0.9981189 0.06130688 0
vn -0.9766355 0.214903 0
vn -0.9981189 0.06130688 0
vn -0.9766355 0.214903 0
vn -0.9981189 0.06130686 0
vn -0.9766355 0.214903 0
vn -0.9981189 0.06130686 0
vn -0.9766355 0.214903 0
vn -0.9981189 0.06130686 0
vn -0.9766353 0.2149032 0
vn -0.9981189 0.06130691 0
vn -0.9670485 0.2071256 0.1480414
vn -0.9816108 0.05025074 0.1841612
vn -0.8562031 0.2092679 0.4723592
vn -0.817257 0.08118328 0.5705264
vn -0.9238794 0.3826837 0
vn -0.9238794 0.3826837 0
vn -0.9238794 0.3826837 0
vn -0.9238794 0.3826837 0
vn -0.9238794 0.3826837 0
vn -0.9168861 0.3759154 0.134192
vn -0.8444692 0.3616152 0.3951028
vn -0.8317611 0.5367971 0.1415003
vn -0.8425443 0.5386271 0
vn -0.8425443 0.5386271 0
vn -0.8425443 0.5386271 0
vn -0.6741097 0.3164879 0.6673917
vn -0.6137581 0.1776045 0.7692577
vn -0.7612128 0.4894331 0.4254529
vn -0.5701357 0.3599094 0.7385191
vn -0.740867 0.6560183 0.1440703
vn -0.6659216 0.5663919 0.4855396
vn -0.4635582 0.3902818 0.7954834
vn -0.7491271 0.6624264 0
vn -0.6560195 0.7408656 0.1440715
vn -0.5663923 0.6659191 0.4855424
vn -0.3902811 0.4635566 0.7954847
vn -0.3599094 0.5701363 0.7385187
vn -0.4894328 0.7612098 0.4254588
vn -0.3164852 0.6741127 0.6673899
vn -0.7491271 0.6624263 0
vn -0.6624266 0.7491269 0
vn -0.5367975 0.8317602 0.1415048
vn -0.3616125 0.8444672 0.3951095
vn -0.2092662 0.8562011 0.4723634
vn -0.1776034 0.6137578 0.7692583
vn -0.7491271 0.6624263 0
vn -0.6624266 0.7491269 0
vn -0.5386272 0.8425443 0
vn -0.3759127 0.9168864 0.1341981
vn -0.2071243 0.9670485 0.1480431
vn -0.3826821 0.9238801 0
vn -0.538627 0.8425443 0
vn -0.05025098 0.9816109 0.1841597
vn -0.08118474 0.8172568 0.5705264
vn -0.2149003 0.976636 0
vn -4.569102E-05 0.9810642 0.1936831
vn -8.965349E-05 0.9249736 0.3800311
vn -0.6624265 0.7491269 0
vn -0.3826821 0.9238801 0
vn -0.06130698 0.9981189 0
vn -1.628133E-05 0.9811757 0.1931172
vn -3.194997E-05 0.9254115 0.3789639
vn -0.5386269 0.8425444 0
vn -0.2149003 0.9766359 0
vn 0 1 0
vn 0 0.9812132 0.192927
vn 0 0.9255584 0.378605
vn -0.3826821 0.9238801 0
vn -0.06130698 0.9981189 0
vn 0 1 0
vn 1.628133E-05 0.9811757 0.1931172
vn 3.194996E-05 0.9254115 0.3789637
vn -0.2149004 0.976636 0
vn 0 1 0
vn 0 1 0
vn 4.569099E-05 0.9810638 0.1936848
vn 8.965342E-05 0.9249724 0.3800343
vn -0.06130696 0.9981189 0
vn 0 1 0
vn 0 1 0
vn 0.05025102 0.9816104 0.1841627
vn 0.08118423 0.8172561 0.5705275
vn 0 1 0
vn 0.06130698 0.9981189 0
vn 0 1 0
vn 0 1 0
vn 0 1 0
vn 0 1 0
vn 0.06130695 0.9981189 0
vn 0 1 0
vn 0 1 0
vn 0 1 0
vn 0 1 0
vn 0.06130694 0.9981189 0
vn 0 1 0
vn 0.06130701 0.9981189 0
vn 0 1 0
vn 0 1 0
vn 0 1 0
vn 0 1 0
vn 0 1 0
vn 0.06130702 0.9981189 0
vn 0 1 0
vn 0 1 0
vn 0 1 0
vn 0 1 0
vn 0.06130701 0.9981189 0
vn 0 1 0
vn 0 1 0
vn 0 1 0
vn 0.06130698 0.9981189 0
vn 0 1 0
vn 4.569693E-05 0.9810638 -0.1936848
vn 0.05025085 0.9816105 -0.1841623
vn 0.08118366 0.8172567 -0.5705267
vn 8.966507E-05 0.9249724 -0.3800343
vn 1.630093E-05 0.9811757 -0.1931172
vn 3.198843E-05 0.9254115 -0.3789637
vn 0 0.9812132 -0.192927
vn 0 0.9255584 -0.378605
vn 0 1 0
vn -1.630094E-05 0.9811757 -0.1931172
vn -3.198845E-05 0.9254115 -0.3789639
vn 0 1 0
vn -4.569696E-05 0.9810642 -0.1936831
vn -8.966513E-05 0.9249736 -0.3800311
vn 0 1 0
vn -0.05025076 0.9816109 -0.1841601
vn -0.08118397 0.8172559 -0.5705279
vn -0.2092662 0.8562015 -0.4723629
vn 0 1 0
vn 0 1 0
vn -0.06130696 0.9981189 0
vn 0 1 0
vn -0.06130699 0.9981189 0
vn -0.2071241 0.9670484 -0.1480441
vn -0.06130699 0.9981189 0
vn -0.2149003 0.976636 0
vn -0.06130699 0.9981189 0
vn -0.2149003 0.976636 0
vn -0.2149003 0.976636 0
vn -0.2149003 0.976636 0
vn -0.3826821 0.9238801 0
vn -0.3826821 0.92388 0
vn -0.3826821 0.92388 0
vn -0.3826821 0.9238801 0
vn -0.538627 0.8425443 0
vn -0.538627 0.8425443 0
vn -0.538627 0.8425443 0
vn -0.6624265 0.7491269 0
vn -0.6624265 0.7491269 0
vn -0.7491271 0.6624263 0
vn -0.3759134 0.9168862 -0.1341971
vn -0.5386271 0.8425443 0
vn -0.6624264 0.7491269 0
vn -0.7491271 0.6624263 0
vn -0.8425443 0.5386271 0
vn -0.8425443 0.5386271 0
vn -0.7491271 0.6624263 0
vn -0.6624266 0.7491269 0
vn -0.9238794 0.3826837 0
vn -0.8425443 0.5386271 0
vn -0.9238794 0.3826837 0
vn -0.7491271 0.6624263 0
vn -0.8425444 0.5386268 0
vn -0.9168863 0.3759151 -0.1341922
vn -0.8317611 0.5367971 -0.1415002
vn -0.8444689 0.3616151 -0.3951036
vn -0.7408666 0.6560187 -0.1440703
vn -0.6741114 0.3164875 -0.6673901
vn -0.6137573 0.177604 -0.7692587
vn -0.7612122 0.4894336 -0.4254536
vn -0.5701356 0.3599097 -0.7385191
vn -0.6659209 0.5663924 -0.4855401
vn -0.4635572 0.3902822 -0.7954839
vn -0.3902817 0.4635568 -0.7954843
vn -0.5663913 0.6659195 -0.4855432
vn -0.3599108 0.5701362 -0.7385181
vn -0.6560187 0.7408662 -0.144072
vn -0.4894324 0.7612108 -0.4254574
vn -0.3164884 0.6741127 -0.6673883
vn -0.5367967 0.8317606 -0.1415051
vn -0.3616117 0.844469 -0.3951063
vn -0.1776034 0.6137587 -0.7692576
vn -0.9249714 8.929466E-05 0.3800367
vn -0.9816108 0.05025074 0.1841612
vn -0.817257 0.08118328 0.5705264
vn -0.9810636 4.550817E-05 0.193686
vn -0.9254072 3.180908E-05 0.3789742
vn -1 0 0
vn -0.9981189 0.06130691 0
vn -0.9811747 1.620956E-05 0.1931227
vn -0.9255525 0 0.3786192
vn -1 0 0
vn -1 0 0
vn -0.9981189 0.06130686 0
vn -0.9812117 0 0.1929345
vn -0.9254073 -3.180902E-05 0.3789741
vn -1 0 0
vn -1 0 0
vn -1 0 0
vn -0.9981189 0.06130686 0
vn -0.9811747 -1.620953E-05 0.1931226
vn -0.9249719 -8.929432E-05 0.3800355
vn -1 0 0
vn -1 0 0
vn -1 0 0
vn -0.9981189 0.06130686 0
vn -1 0 0
vn -0.9810637 -4.5508E-05 0.1936854
vn -0.8172572 -0.08118385 0.5705259
vn -1 0 0
vn -1 0 0
vn -1 0 0
vn -0.9981189 0.06130688 0
vn -1 0 0
vn -0.9816108 -0.05025068 0.1841611
vn -0.8562027 -0.2092679 0.4723601
vn -1 0 0
vn -1 0 0
vn -1 0 0
vn -0.9981189 0.06130688 0
vn -0.9981189 -0.06130679 0
vn -1 0 0
vn -1 0 0
vn -1 0 0
vn -0.9981189 0.06130688 0
vn -1 0 0
vn -1 0 0
vn -0.9810636 4.550815E-05 -0.1936859
vn -0.9816107 0.05025082 -0.1841612
vn -0.8172565 0.08118364 -0.570527
vn -0.9249716 8.929462E-05 -0.3800363
vn -0.9811746 1.620956E-05 -0.1931229
vn -0.925407 3.180908E-05 -0.3789746
vn -0.9812115 0 -0.1929348
vn -0.9255524 0 -0.3786197
vn -1 0 0
vn -0.9811746 -1.620956E-05 -0.1931229
vn -0.9254071 -3.18091E-05 -0.3789745
vn -1 0 0
vn -0.9810636 -4.550807E-05 -0.1936859
vn -0.9249716 -8.929447E-05 -0.3800363
vn -1 0 0
vn -1 0 0
vn -0.9816107 -0.05025066 -0.1841613
vn -0.8172566 -0.08118381 -0.5705269
vn -0.8562027 -0.209268 -0.4723599
vn -1 0 0
vn -1 0 0
vn -0.9981189 -0.06130677 0
vn -1 0 0
vn -1 0 0
vn -1 0 0
vn -0.9670484 -0.2071259 -0.1480418
vn -0.9981189 -0.06130677 0
vn -1 0 0
vn -1 0 0
vn -1 0 0
vn -1 0 0
vn -0.9981189 -0.06130676 0
vn -0.9766355 -0.2149031 0
vn -0.9981189 -0.06130677 0
vn -0.9981189 -0.06130676 0
vn -0.9981189 -0.06130677 0
vn -0.9766355 -0.2149029 0
vn -0.9766355 -0.2149029 0
vn -0.9766355 -0.2149029 0
vn -0.9766355 -0.2149029 0
vn -0.9766355 -0.2149029 0
vn -0.9766355 -0.2149031 0
vn -0.9670485 -0.2071257 0.1480413
vn -0.9238797 -0.3826831 0
vn -0.9238797 -0.3826831 0
vn -0.9238797 -0.3826831 0
vn -0.9238797 -0.382683 0
vn -0.9238797 -0.382683 0
vn -0.9238797 -0.3826831 0
vn -0.9238796 -0.3826831 0
vn -0.9168862 -0.3759145 -0.1341939
vn -0.8444692 -0.3616135 -0.3951044
vn -0.8317607 -0.5367972 -0.1415023
vn -0.6741121 -0.3164882 -0.667389
vn -0.6137579 -0.1776038 -0.7692581
vn -0.7612114 -0.4894329 -0.4254558
vn -0.5701356 -0.3599102 -0.7385188
vn -0.8425443 -0.5386272 0
vn -0.7408659 -0.6560195 -0.1440701
vn -0.6659198 -0.5663923 -0.4855415
vn -0.4635566 -0.3902818 -0.7954845
vn -0.8425441 -0.5386274 0
vn -0.7491263 -0.6624272 0
vn -0.6560194 -0.7408658 -0.1440707
vn -0.5663917 -0.6659194 -0.4855428
vn -0.3902812 -0.4635562 -0.7954848
vn -0.3599098 -0.5701351 -0.7385194
vn -0.4894322 -0.7612102 -0.4254587
vn -0.3164861 -0.6741115 -0.6673906
vn -0.8425441 -0.5386274 0
vn -0.7491262 -0.6624273 0
vn -0.6624272 -0.7491263 0
vn -0.5367971 -0.8317604 -0.1415041
vn -0.3616129 -0.8444676 -0.3951083
vn -0.8425441 -0.5386274 0
vn -0.7491262 -0.6624274 0
vn -0.6624272 -0.7491263 0
vn -0.5386271 -0.8425443 0
vn -0.8425441 -0.5386273 0
vn -0.2092667 -0.8562019 -0.4723617
vn -0.1776031 -0.6137578 -0.7692584
vn -0.3759133 -0.9168864 -0.1341962
vn -0.2071249 -0.9670485 -0.1480424
vn -0.3826821 -0.92388 0
vn -0.5386271 -0.8425443 0
vn -0.05025081 -0.9816108 -0.184161
vn -0.0811841 -0.8172567 -0.5705266
vn -0.2149017 -0.9766357 0
vn -4.562687E-05 -0.9810638 -0.193685
vn -8.952758E-05 -0.9249723 -0.3800346
vn -0.6624272 -0.7491263 0
vn -0.3826821 -0.92388 0
vn -0.06130696 -0.9981189 0
vn -1.623144E-05 -0.9811751 -0.1931203
vn -3.185205E-05 -0.9254091 -0.3789696
vn -0.5386271 -0.8425443 0
vn -0.6624272 -0.7491263 0
vn -0.2149017 -0.9766357 0
vn 0 -1 0
vn 0 -0.9812123 -0.1929311
vn 0 -0.9255552 -0.3786126
vn -0.3826822 -0.92388 0
vn -0.06130699 -0.9981189 0
vn 0 -1 0
vn 1.623143E-05 -0.9811751 -0.1931202
vn 3.185203E-05 -0.9254091 -0.3789696
vn -0.5386271 -0.8425443 0
vn -0.2149017 -0.9766357 0
vn 0 -1 0
vn 0 -1 0
vn 4.562689E-05 -0.9810637 -0.1936854
vn 8.952764E-05 -0.9249719 -0.3800355
vn -0.3826822 -0.92388 0
vn -0.06130699 -0.9981189 0
vn 0 -1 0
vn 0 -1 0
vn 0.05025086 -0.9816105 -0.1841618
vn 0.08118369 -0.8172565 -0.570527
vn 0 -1 0
vn 0.06130698 -0.9981189 0
vn 0 -1 0
vn 0 -1 0
vn 0 -1 0
vn 0 -1 0
vn 0.06130701 -0.9981189 0
vn 0 -1 0
vn 0 -1 0
vn 0 -1 0
vn 0.06130702 -0.9981189 0
vn 0 -1 0
vn 0 -1 0
vn 0.06130701 -0.9981189 0
vn 0 -1 0
vn 0 -1 0
vn 0 -1 0
vn 0 -1 0
vn 0 -1 0
vn 0.06130694 -0.9981189 0
vn 0 -1 0
vn 0 -1 0
vn 0 -1 0
vn 0 -1 0
vn 0.06130695 -0.9981189 0
vn 0 -1 0
vn 0 -1 0
vn 0 -1 0
vn 0.06130698 -0.9981189 0
vn 0 -1 0
vn 4.565514E-05 -0.9810637 0.1936854
vn 0.05025102 -0.9816107 0.1841617
vn 0.08118428 -0.8172569 0.5705262
vn 8.958305E-05 -0.9249719 0.3800355
vn 1.620957E-05 -0.9811751 0.1931202
vn 3.180913E-05 -0.9254091 0.3789696
vn 0 -0.9812123 0.1929311
vn 0 -0.9255552 0.3786126
vn 0 -1 0
vn -1.620958E-05 -0.9811751 0.1931203
vn -3.180915E-05 -0.9254091 0.3789696
vn 0 -1 0
vn -4.565511E-05 -0.9810638 0.1936849
vn -8.9583E-05 -0.9249723 0.3800346
vn 0 -1 0
vn 0 -1 0
vn -0.05025099 -0.9816108 0.1841611
vn -0.08118467 -0.8172567 0.5705265
vn -0.2092671 -0.8562021 0.4723614
vn 0 -1 0
vn -0.06130698 -0.9981189 0
vn 0 -1 0
vn -0.06130698 -0.9981189 0
vn -0.2071253 -0.9670483 0.1480428
vn -0.06130696 -0.9981189 0
vn -0.2149016 -0.9766357 0
vn -0.06130699 -0.9981189 0
vn -0.2149017 -0.9766357 0
vn -0.2149016 -0.9766357 0
vn -0.2149017 -0.9766357 0
vn -0.3826822 -0.92388 0
vn -0.3826821 -0.92388 0
vn -0.3826821 -0.9238801 0
vn -0.5386271 -0.8425443 0
vn -0.538627 -0.8425443 0
vn -0.6624272 -0.7491263 0
vn -0.3759134 -0.9168861 0.1341977
vn -0.5386271 -0.8425443 0
vn -0.6624272 -0.7491263 0
vn -0.7491262 -0.6624273 0
vn -0.7491262 -0.6624273 0
vn -0.3616107 -0.8444689 0.3951074
vn -0.6624273 -0.7491262 0
vn -0.8425441 -0.5386274 0
vn -0.7491262 -0.6624273 0
vn -0.8425441 -0.5386273 0
vn -0.7491263 -0.6624272 0
vn -0.6560202 -0.7408652 0.1440704
vn -0.9168863 -0.3759145 0.1341933
vn -0.8317606 -0.5367975 0.1415021
vn -0.8444686 -0.3616142 0.395105
vn -0.7408664 -0.656019 0.1440699
vn -0.6741104 -0.316487 0.6673912
vn -0.6137576 -0.1776041 0.7692583
vn -0.761211 -0.4894331 0.4254561
vn -0.5701358 -0.3599094 0.738519
vn -0.6659202 -0.5663922 0.4855412
vn -0.463557 -0.3902815 0.7954842
vn -0.3902805 -0.4635563 0.7954851
vn -0.5663924 -0.6659192 0.4855421
vn -0.3599092 -0.5701365 0.7385186
vn -0.4894323 -0.7612105 0.4254581
vn -0.316487 -0.6741137 0.667388
vn -0.5367973 -0.8317602 0.1415049
vn -0.1776041 -0.6137592 0.769257
vn -0.8172565 0.08118364 -0.570527
vn -0.6137573 0.177604 -0.7692587
vn -0.8562027 0.2092679 -0.47236
vn -0.5168864 0.06122572 -0.8538617
vn -0.5867672 0.0002484018 -0.8097557
vn -0.4528933 0.0002739799 -0.8915647
vn -0.587998 9.79166E-05 -0.8088624
vn -0.2277255 0.04821273 -0.9725311
vn -0.4539698 0.000113805 -0.8910171
vn -0.5884206 0 -0.8085551
vn -0.3525094 0.1672663 -0.9207384
vn -0.08330528 0.04428979 -0.9955394
vn -0.6741114 0.3164875 -0.6673901
vn -0.5701356 0.3599097 -0.7385191
vn -0.2030726 0.000222939 -0.9791637
vn -0.2318657 0.1794746 -0.9560477
vn -0.04428993 0.08330517 -0.9955394
vn -0.4635572 0.3902822 -0.7954839
vn -0.1794753 0.2318659 -0.9560475
vn -0.3902817 0.4635568 -0.7954843
vn -0.3599108 0.5701362 -0.7385181
vn -0.1672665 0.3525085 -0.9207387
vn -0.3164884 0.6741127 -0.6673883
vn -0.1776034 0.6137587 -0.7692576
vn -0.04821355 0.2277266 -0.9725308
vn -0.2036562 9.918338E-05 -0.9790425
vn -0.04800915 7.532167E-05 -0.9988469
vn -0.4543455 0 -0.8908256
vn -0.5879981 -9.791664E-05 -0.8088624
vn -0.4539698 -0.0001138051 -0.8910171
vn -0.5867672 -0.0002484015 -0.8097557
vn -0.2038648 0 -0.978999
vn -0.4528933 -0.0002739796 -0.8915647
vn -0.8172566 -0.08118381 -0.5705269
vn -0.04815431 3.520691E-05 -0.9988399
vn -0.2036562 -9.918343E-05 -0.9790425
vn -0.04820643 0 -0.9988374
vn 0 0 -1
vn 0 0 -1
vn 0 0 -1
vn 0 0 -1
vn -0.5168867 -0.06122608 -0.8538616
vn -0.2030726 -0.0002229388 -0.9791637
vn -0.04815433 -3.520692E-05 -0.9988399
vn -0.6137579 -0.1776038 -0.7692581
vn -0.8562027 -0.209268 -0.4723599
vn -0.2277254 -0.04821273 -0.9725311
vn 0 0 -1
vn -0.04800917 -7.532162E-05 -0.9988469
vn -0.3525089 -0.167266 -0.9207386
vn -0.6741121 -0.3164882 -0.667389
vn -0.5701356 -0.3599102 -0.7385188
vn -0.08330521 -0.04428973 -0.9955394
vn -0.2318656 -0.1794747 -0.9560477
vn -0.4635566 -0.3902818 -0.7954845
vn -0.3902812 -0.4635562 -0.7954848
vn -0.1794751 -0.2318656 -0.9560476
vn -0.3599098 -0.5701351 -0.7385194
vn 0 0 -1
vn 0 0 -1
vn -0.04428985 -0.0833052 -0.9955394
vn -0.1672667 -0.3525097 -0.9207382
vn -0.3164861 -0.6741115 -0.6673906
vn -0.1776031 -0.6137578 -0.7692584
vn -0.04821336 -0.2277265 -0.9725308
vn 0 0 -1
vn 0 0 -1
vn -7.531804E-05 -0.0480092 -0.9988469
vn -0.0002228983 -0.203073 -0.9791636
vn 0 0 -1
vn 0 0 -1
vn 0 0 -1
vn 0 0 -1
vn 0 0 -1
vn -7.531582E-05 0.04800928 -0.9988469
vn 0 0 -1
vn 0 0 -1
vn 0 0 -1
vn 0 0 -1
vn 0 0 -1
vn 0 0 -1
vn 0 0 -1
vn -3.519945E-05 -0.04815426 -0.9988399
vn -9.923151E-05 -0.2036563 -0.9790425
vn 0 0 -1
vn 0 0 -1
vn 0 0 -1
vn 0 0 -1
vn 0 0 -1
vn 0 0 -1
vn 0 -0.04820621 -0.9988374
vn 0 -0.2038649 -0.978999
vn 0 0 -1
vn 0 0 -1
vn 0 0 -1
vn 0 0 -1
vn 3.519942E-05 -0.04815424 -0.9988399
vn 9.923147E-05 -0.2036563 -0.9790425
vn 0 0 -1
vn 0 0 -1
vn 0 0 -1
vn 7.531811E-05 -0.04800921 -0.9988469
vn 0.04428985 -0.08330522 -0.9955394
vn 0 0 -1
vn 0.0002228983 -0.2030729 -0.9791636
vn 0 0 -1
vn 0.08330519 -0.04429004 -0.9955394
vn 0 0 -1
vn 0 0 -1
vn 0 0 -1
vn 0.04821326 -0.2277264 -0.9725308
vn 0.04800923 -7.530749E-05 -0.9988469
vn 0.0002739968 -0.4528933 -0.8915648
vn 0.06122596 -0.5168872 -0.8538613
vn 0.0001139488 -0.4539691 -0.8910174
vn 0 -0.454345 -0.8908259
vn -0.0001139489 -0.4539693 -0.8910173
vn -0.0002739966 -0.4528933 -0.8915647
vn -0.06122632 -0.5168874 -0.853861
vn -0.0811841 -0.8172567 -0.5705266
vn -0.2092667 -0.8562019 -0.4723617
vn -0.000248502 -0.5867666 -0.809756
vn -9.809107E-05 -0.5879968 -0.8088632
vn 0 -0.5884188 -0.8085563
vn 9.809098E-05 -0.5879965 -0.8088635
vn 0.0002485024 -0.5867665 -0.809756
vn 0.08118369 -0.8172565 -0.570527
vn 0.1776038 -0.6137579 -0.7692581
vn 0.209267 -0.8562019 -0.4723617
vn 0.1672664 -0.3525092 -0.9207384
vn 0.3164881 -0.6741124 -0.6673887
vn 0.3599101 -0.570136 -0.7385185
vn 0.1794748 -0.2318654 -0.9560477
vn 0.3902816 -0.4635568 -0.7954844
vn 0.4635572 -0.3902813 -0.7954843
vn 0.2318656 -0.1794749 -0.9560477
vn 0.5701352 -0.3599098 -0.7385193
vn 0.3525094 -0.1672667 -0.9207383
vn 0.6741114 -0.316487 -0.6673904
vn 0.6137579 -0.1776035 -0.7692581
vn 0.2277263 -0.04821362 -0.9725308
vn 0.203073 -0.0002228725 -0.9791636
vn 0.5168872 -0.06122615 -0.8538613
vn 0.8172566 -0.08118393 -0.5705269
vn 0.8562021 -0.2092671 -0.4723614
vn 0.5867666 -0.0002484194 -0.8097562
vn 0.4528933 -0.0002739365 -0.8915648
vn 0.5879967 -9.807486E-05 -0.8088633
vn 0.4539692 -0.0001139482 -0.8910174
vn 0.5884192 0 -0.808556
vn 0.2036563 -9.924147E-05 -0.9790425
vn 0.454345 0 -0.8908258
vn 0.5879967 9.807482E-05 -0.8088634
vn 0.04815428 -3.520233E-05 -0.9988399
vn 0.4539691 0.0001139481 -0.8910174
vn 0.5867665 0.0002484196 -0.8097562
vn 0.2038648 0 -0.978999
vn 0 0 -1
vn 0.4528933 0.0002739367 -0.8915648
vn 0.8172564 0.08118346 -0.5705273
vn 0.04820623 0 -0.9988374
vn 0.2036562 9.924139E-05 -0.9790425
vn 0 0 -1
vn 0 0 -1
vn 0.04815426 3.520232E-05 -0.9988399
vn 0.2030729 0.0002228726 -0.9791636
vn 0.5168868 0.06122558 -0.8538615
vn 0 0 -1
vn 0 0 -1
vn 0 0 -1
vn 0.6137577 0.1776042 -0.7692583
vn 0.8562024 0.2092669 -0.472361
vn 0.2277261 0.0482136 -0.9725309
vn 0.04800922 7.530756E-05 -0.9988469
vn 0 0 -1
vn 0 0 -1
vn 0.3525092 0.1672667 -0.9207383
vn 0.6741112 0.3164875 -0.6673902
vn 0.5701349 0.3599092 -0.7385198
vn 0 0 -1
vn 0.08330522 0.04429004 -0.9955394
vn 0.2318654 0.1794746 -0.9560478
vn 0.4635572 0.3902815 -0.7954842
vn 0.3902819 0.4635576 -0.7954837
vn 0 0 -1
vn 0.1794751 0.2318657 -0.9560476
vn 0.3599101 0.5701365 -0.7385181
vn 0.04428995 0.08330514 -0.9955394
vn 0.167267 0.3525096 -0.9207382
vn 0.3164867 0.6741116 -0.6673901
vn 0.1776037 0.6137566 -0.7692592
vn 7.531582E-05 0.04800926 -0.9988469
vn 0.04821357 0.2277266 -0.9725308
vn 3.518997E-05 0.04815421 -0.9988399
vn 0.0002228576 0.203073 -0.9791636
vn 9.927231E-05 0.203656 -0.9790425
vn 0 0.04820601 -0.9988374
vn 0 0.2038645 -0.9789991
vn -3.518997E-05 0.04815419 -0.9988399
vn -9.927242E-05 0.2036562 -0.9790425
vn -0.0002228577 0.2030732 -0.9791635
vn -0.06122622 0.5168872 -0.8538613
vn -0.0002740036 0.4528928 -0.891565
vn -0.08118397 0.8172559 -0.5705279
vn -0.2092662 0.8562015 -0.4723629
vn -0.0002485883 0.5867653 -0.809757
vn -0.0001140823 0.4539685 -0.8910177
vn -9.826339E-05 0.5879956 -0.8088641
vn 0 0.4543442 -0.8908262
vn 0 0.588418 -0.8085569
vn 0.0001140822 0.4539685 -0.8910178
vn 9.826339E-05 0.5879957 -0.8088641
vn 0.0002740039 0.4528931 -0.8915648
vn 0.000248589 0.5867661 -0.8097564
vn 0.06122598 0.5168875 -0.853861
vn 0.08118366 0.8172567 -0.5705267
vn 0.2092662 0.8562022 -0.4723616
vn 0.2092666 0.8562019 0.4723618
vn 0.3164869 0.6741137 0.6673881
vn 0.1776039 0.6137577 0.7692583
vn 0.3616123 0.8444684 0.3951073
vn 0.4894324 0.7612115 0.4254562
vn 0.3599096 0.5701382 0.7385171
vn 0.5663916 0.6659195 0.4855426
vn 0.3902813 0.4635579 0.7954839
vn 0.6659215 0.5663913 0.4855403
vn 0.4635582 0.3902811 0.7954839
vn 0.5701354 0.3599096 0.7385193
vn 0.761212 0.4894327 0.4254549
vn 0.6741096 0.316488 0.6673917
vn 0.7408674 0.6560174 0.1440712
vn 0.6560186 0.7408661 0.1440728
vn 0.5367967 0.8317606 0.141505
vn 0.2071243 0.9670484 0.1480435
vn 0.05025102 0.9816104 0.1841627
vn 0.08118423 0.8172561 0.5705275
vn 0.06130698 0.9981189 0
vn 0.3759134 0.9168864 0.1341965
vn 0.2149003 0.9766359 0
vn 0.06130695 0.9981189 0
vn 0.3826826 0.9238799 0
vn 0.2149004 0.976636 0
vn 0.06130694 0.9981189 0
vn 0.5386268 0.8425444 0
vn 0.3826827 0.9238798 0
vn 0.2149004 0.976636 0
vn 0.06130701 0.9981189 0
vn 0.6624256 0.7491277 0
vn 0.5386268 0.8425444 0
vn 0.2149004 0.9766359 0
vn 0.06130702 0.9981189 0
vn 0.3826827 0.9238798 0
vn 0.2149004 0.9766359 0
vn 0.06130701 0.9981189 0
vn 0.3826825 0.9238799 0
vn 0.5386268 0.8425445 0
vn 0.6624255 0.7491278 0
vn 0.7491279 0.6624253 0
vn 0.2149004 0.9766359 0
vn 0.06130698 0.9981189 0
vn 0.3826825 0.9238799 0
vn 0.5386268 0.8425444 0
vn 0.6624254 0.7491278 0
vn 0.2149003 0.9766359 0
vn 0.05025085 0.9816105 -0.1841623
vn 0.3826825 0.9238799 0
vn 0.5386268 0.8425444 0
vn 0.7491279 0.6624253 0
vn 0.6624258 0.7491276 0
vn 0.7491279 0.6624253 0
vn 0.2071238 0.9670487 -0.148042
vn 0.3826826 0.9238799 0
vn 0.5386268 0.8425444 0
vn 0.6624258 0.7491276 0
vn 0.7491279 0.6624253 0
vn 0.2092662 0.8562022 -0.4723616
vn 0.08118366 0.8172567 -0.5705267
vn 0.8425446 0.5386267 0
vn 0.8425445 0.5386267 0
vn 0.8425447 0.5386265 0
vn 0.8317613 0.5367965 0.1415016
vn 0.8444684 0.3616142 0.3951055
vn 0.9168861 0.3759145 0.1341946
vn 0.9238796 0.3826831 0
vn 0.8562026 0.209267 0.4723606
vn 0.6137589 0.1776036 0.7692575
vn 0.9670486 0.2071245 0.1480421
vn 0.9238795 0.3826835 0
vn 0.9816107 0.05025095 0.1841613
vn 0.8172569 0.08118349 0.5705264
vn 0.9766357 0.214902 0
vn 0.9981189 0.06130743 0
vn 0.9766356 0.2149022 0
vn 0.9981189 0.0613074 0
vn 0.9238794 0.3826835 0
vn 0.9766356 0.2149021 0
vn 0.9981189 0.06130738 0
vn 0.8425447 0.5386264 0
vn 0.9238796 0.3826832 0
vn 0.9766355 0.2149027 0
vn 0.9981188 0.06130791 0
vn 0.7491279 0.6624253 0
vn 0.8425447 0.5386264 0
vn 0.9238796 0.3826832 0
vn 0.9766355 0.2149027 0
vn 0.9981188 0.06130791 0
vn 0.6624256 0.7491277 0
vn 0.7491279 0.6624253 0
vn 0.8425447 0.5386264 0
vn 0.9238796 0.3826832 0
vn 0.9766355 0.2149027 0
vn 0.9981188 0.06130791 0
vn 0.5386267 0.8425445 0
vn 0.6624255 0.7491277 0
vn 0.749128 0.6624252 0
vn 0.8425447 0.5386264 0
vn 0.9238794 0.3826837 0
vn 0.9766356 0.2149026 0
vn 0.9981189 0.0613074 0
vn 0.3759136 0.9168864 -0.1341949
vn 0.5367966 0.8317609 -0.1415036
vn 0.361614 0.8444676 -0.3951073
vn 0.6560178 0.7408668 -0.1440727
vn 0.7408673 0.6560176 -0.1440717
vn 0.8317613 0.5367965 -0.1415018
vn 0.916886 0.375915 -0.1341941
vn 0.3164867 0.6741116 -0.6673901
vn 0.1776037 0.6137566 -0.7692592
vn 0.4894327 0.7612113 -0.4254563
vn 0.3599101 0.5701365 -0.7385181
vn 0.5663913 0.6659202 -0.4855423
vn 0.3902819 0.4635576 -0.7954837
vn 0.4635572 0.3902815 -0.7954842
vn 0.6659209 0.5663914 -0.4855409
vn 0.5701349 0.3599092 -0.7385198
vn 0.7612113 0.4894328 -0.4254562
vn 0.6741112 0.3164875 -0.6673902
vn 0.8444681 0.3616147 -0.3951057
vn 0.8562024 0.2092669 -0.472361
vn 0.6137577 0.1776042 -0.7692583
vn 0.9670484 0.2071252 -0.1480421
vn 0.9816107 0.05025094 -0.1841612
vn 0.8172564 0.08118346 -0.5705273
vt 0.658854 0.8618109
vt 0.6585008 0.8604384
vt 0.6583469 0.8610802
vt 0.6588702 0.8606571
vt 0.658854 0.8593357
vt 0.6583469 0.8595296
vt 0.6588309 0.8579015
vt 0.6582744 0.8582483
vt 0.6588309 0.8522078
vt 0.6582744 0.8520385
vt 0.6583469 0.8507752
vt 0.658854 0.8508614
vt 0.6585008 0.8499162
vt 0.6594874 0.8524244
vt 0.6594874 0.8576225
vt 0.6594874 0.8591302
vt 0.6594874 0.8624712
vt 0.6594874 0.8608329
vt 0.6594874 0.8637959
vt 0.6588309 0.8630143
vt 0.6588309 0.867821
vt 0.6594874 0.8679782
vt 0.6588309 0.874792
vt 0.6594874 0.8749486
vt 0.6588309 0.8817626
vt 0.6594874 0.881919
vt 0.6588309 0.8887328
vt 0.6594874 0.8888894
vt 0.6588309 0.8957027
vt 0.6594874 0.8958598
vt 0.6588309 0.9005076
vt 0.6594874 0.900042
vt 0.6620605 0.900042
vt 0.6620605 0.8958598
vt 0.6663491 0.900042
vt 0.6620605 0.8888894
vt 0.6663491 0.8958598
vt 0.6706377 0.900042
vt 0.6620605 0.881919
vt 0.6706377 0.8958598
vt 0.6749262 0.9000421
vt 0.6663491 0.8888894
vt 0.6620605 0.8749486
vt 0.6749262 0.8958598
vt 0.6792148 0.9000421
vt 0.6663491 0.881919
vt 0.6706377 0.8888894
vt 0.6620605 0.8679782
vt 0.6792148 0.8958598
vt 0.6835034 0.9000421
vt 0.6749262 0.8888894
vt 0.6706377 0.881919
vt 0.6663491 0.8749486
vt 0.6620605 0.8637959
vt 0.6835034 0.8958598
vt 0.6877919 0.9000421
vt 0.6792148 0.8888894
vt 0.6749262 0.881919
vt 0.6706377 0.8749486
vt 0.6663491 0.8679782
vt 0.6620605 0.8624712
vt 0.6877919 0.8958598
vt 0.6903651 0.9000421
vt 0.6835034 0.8888894
vt 0.6792148 0.881919
vt 0.6749262 0.8749486
vt 0.6706377 0.8679782
vt 0.6663491 0.8637959
vt 0.6903651 0.8958598
vt 0.6877919 0.8888894
vt 0.6835034 0.881919
vt 0.6792148 0.8749486
vt 0.6749262 0.8679782
vt 0.6706377 0.8637959
vt 0.6663491 0.8624712
vt 0.6910216 0.8957027
vt 0.6910216 0.9005076
vt 0.6910216 0.8887328
vt 0.6903651 0.8888894
vt 0.6910216 0.8817626
vt 0.6903651 0.881919
vt 0.6910216 0.874792
vt 0.6877919 0.881919
vt 0.6903651 0.8749486
vt 0.6910216 0.867821
vt 0.6877919 0.8749486
vt 0.6835034 0.8749486
vt 0.6903651 0.8679782
vt 0.6910216 0.8630143
vt 0.6877919 0.8679782
vt 0.6835034 0.8679782
vt 0.6792148 0.8679782
vt 0.6903651 0.8637959
vt 0.6909984 0.8618109
vt 0.6877919 0.8637959
vt 0.6835034 0.8637959
vt 0.6749262 0.8637959
vt 0.6792148 0.8637959
vt 0.6706377 0.8624712
vt 0.6749262 0.8624712
vt 0.6792148 0.8624712
vt 0.6835034 0.8624712
vt 0.6877919 0.8624712
vt 0.6903651 0.8624712
vt 0.6663491 0.8608329
vt 0.6706377 0.8608329
vt 0.6749262 0.8608329
vt 0.6792148 0.8608329
vt 0.6835034 0.8608329
vt 0.6877919 0.8608329
vt 0.6620605 0.8608329
vt 0.6620605 0.8591302
vt 0.6663491 0.8591302
vt 0.6620605 0.8576225
vt 0.6706377 0.8591302
vt 0.6663491 0.8576225
vt 0.6620605 0.8524244
vt 0.6749262 0.8591302
vt 0.6706377 0.8576225
vt 0.6792148 0.8591302
vt 0.6594874 0.8509768
vt 0.6663491 0.8524244
vt 0.6749262 0.8576225
vt 0.6835034 0.8591302
vt 0.6620605 0.8509768
vt 0.6588702 0.8496437
vt 0.6706377 0.8524244
vt 0.6792148 0.8576225
vt 0.6663491 0.8509768
vt 0.6594874 0.8494452
vt 0.658854 0.8486841
vt 0.6583469 0.8493997
vt 0.6749262 0.8524244
vt 0.6620605 0.8494452
vt 0.6594874 0.8480628
vt 0.6706377 0.8509768
vt 0.6594874 0.84704
vt 0.6588309 0.8477075
vt 0.6620605 0.8480628
vt 0.6620605 0.84704
vt 0.6663491 0.8494452
vt 0.6663491 0.8480628
vt 0.6663491 0.84704
vt 0.6706377 0.8494452
vt 0.6706377 0.8480628
vt 0.6706377 0.84704
vt 0.6749262 0.8509768
vt 0.6749262 0.8494452
vt 0.6749262 0.8480628
vt 0.6749262 0.84704
vt 0.6792148 0.8524244
vt 0.6792148 0.8509768
vt 0.6792148 0.8494452
vt 0.6792148 0.8480628
vt 0.6792148 0.84704
vt 0.6835034 0.8576225
vt 0.6835034 0.8524244
vt 0.6835034 0.8509768
vt 0.6835034 0.8480628
vt 0.6835034 0.84704
vt 0.6835034 0.8494452
vt 0.6877919 0.8591302
vt 0.6877919 0.8576225
vt 0.6877919 0.8480628
vt 0.6877919 0.84704
vt 0.6877919 0.8524244
vt 0.6877919 0.8494452
vt 0.6877919 0.8509768
vt 0.6903651 0.8608329
vt 0.6903651 0.8480628
vt 0.6903651 0.84704
vt 0.6903651 0.8591302
vt 0.6909822 0.8606571
vt 0.6903651 0.8576225
vt 0.6903651 0.8524244
vt 0.6913517 0.8604384
vt 0.6915055 0.8610802
vt 0.6909984 0.8593357
vt 0.6915055 0.8595296
vt 0.6910216 0.8579015
vt 0.6915781 0.8582483
vt 0.6915781 0.8520385
vt 0.6910216 0.8522078
vt 0.6915055 0.8507752
vt 0.6909984 0.8508614
vt 0.6913517 0.8499162
vt 0.6903651 0.8509768
vt 0.6909822 0.8496437
vt 0.6903651 0.8494452
vt 0.6909984 0.8486841
vt 0.6915055 0.8493997
vt 0.6910216 0.8477075
vt 0.2474265 0.6154065
vt 0.2471384 0.6141323
vt 0.2466528 0.6135813
vt 0.2466543 0.6144851
vt 0.2466605 0.6213202
vt 0.2474282 0.6213202
vt 0.2466642 0.6298974
vt 0.2474294 0.6298973
vt 0.2466656 0.6384745
vt 0.24743 0.6384745
vt 0.2466648 0.6470516
vt 0.24743 0.6470516
vt 0.2466617 0.6556288
vt 0.2474294 0.6556287
vt 0.2466559 0.6624638
vt 0.247428 0.6615424
vt 0.2466545 0.6633677
vt 0.24714 0.6628166
vt 0.2455003 0.6633992
vt 0.2455128 0.6556288
vt 0.2441372 0.664206
vt 0.2457731 0.6641435
vt 0.246512 0.6640552
vt 0.2459868 0.6647969
vt 0.2447005 0.6650059
vt 0.2391222 0.6692213
vt 0.2451142 0.6657478
vt 0.2399222 0.6697845
vt 0.2406641 0.6701982
vt 0.2397133 0.6710709
vt 0.2390598 0.6708573
vt 0.2389716 0.6715961
vt 0.238284 0.6717387
vt 0.2383155 0.6705845
vt 0.2373803 0.6717401
vt 0.2364588 0.6725123
vt 0.2377331 0.6722242
vt 0.2305452 0.6717464
vt 0.2305452 0.672514
vt 0.2305451 0.6705974
vt 0.221968 0.6717501
vt 0.2219681 0.6725152
vt 0.2305451 0.6692422
vt 0.221968 0.6706049
vt 0.2133909 0.6717515
vt 0.2133909 0.6725158
vt 0.2219679 0.6692542
vt 0.2133908 0.6706076
vt 0.2048137 0.6717507
vt 0.2048137 0.6725158
vt 0.2133908 0.6692583
vt 0.2048137 0.6706055
vt 0.1962366 0.6717475
vt 0.1962366 0.6725152
vt 0.2048136 0.6692548
vt 0.1962365 0.6705986
vt 0.1894015 0.6717417
vt 0.190323 0.6725138
vt 0.1884661 0.6705862
vt 0.1884977 0.6717403
vt 0.1890487 0.6722258
vt 0.1962365 0.6692433
vt 0.1877219 0.670859
vt 0.1878101 0.6715978
vt 0.1870684 0.6710727
vt 0.1876593 0.6692231
vt 0.1868595 0.6697863
vt 0.1861175 0.6702
vt 0.1820808 0.665008
vt 0.1816672 0.6657499
vt 0.1807944 0.6647992
vt 0.182644 0.6642081
vt 0.1810081 0.6641456
vt 0.1802692 0.6640574
vt 0.1801267 0.6633699
vt 0.1876592 0.6642079
vt 0.1812809 0.6634014
vt 0.1962363 0.6642076
vt 0.1826232 0.6556309
vt 0.2048135 0.6642073
vt 0.1876589 0.6556308
vt 0.2133906 0.664207
vt 0.196236 0.6556305
vt 0.2219678 0.6642067
vt 0.2048132 0.6556302
vt 0.2305449 0.6642064
vt 0.2133903 0.6556299
vt 0.2391221 0.6642062
vt 0.2219675 0.6556296
vt 0.2305446 0.6556293
vt 0.2391218 0.655629
vt 0.2441575 0.6556289
vt 0.2455197 0.6470517
vt 0.2455218 0.6384745
vt 0.2441689 0.6470517
vt 0.2391215 0.6470519
vt 0.2305443 0.6470522
vt 0.2219672 0.6470525
vt 0.2455191 0.6298974
vt 0.2441724 0.6384746
vt 0.2391212 0.6384748
vt 0.2305441 0.638475
vt 0.2455116 0.6213202
vt 0.2441684 0.6298974
vt 0.2391209 0.6298976
vt 0.2454987 0.6135498
vt 0.2441564 0.6213202
vt 0.2457714 0.6128055
vt 0.2465103 0.6128938
vt 0.2459851 0.612152
vt 0.2441355 0.6127431
vt 0.2446987 0.6119432
vt 0.2451123 0.6112013
vt 0.240662 0.6067512
vt 0.2399201 0.6071649
vt 0.2397111 0.6058785
vt 0.2391206 0.6213204
vt 0.2391203 0.6127433
vt 0.2390576 0.6060922
vt 0.2389694 0.6053534
vt 0.2382818 0.6052109
vt 0.2391202 0.6077281
vt 0.2383134 0.606365
vt 0.2305435 0.6213207
vt 0.2305432 0.6127436
vt 0.230543 0.6077079
vt 0.230543 0.6063526
vt 0.2305438 0.6298979
vt 0.237378 0.6052095
vt 0.2364565 0.6044374
vt 0.2377308 0.6047254
vt 0.2305429 0.604436
vt 0.2305429 0.6052037
vt 0.2219658 0.6044354
vt 0.2219658 0.6052005
vt 0.2133886 0.6044354
vt 0.2219658 0.6063457
vt 0.2133887 0.6051997
vt 0.2048115 0.604436
vt 0.2219659 0.6076964
vt 0.2133887 0.6063436
vt 0.2048115 0.6052011
vt 0.1962343 0.6044372
vt 0.2219661 0.6127439
vt 0.2133887 0.6076929
vt 0.2048115 0.6063462
vt 0.1962344 0.6052048
vt 0.1903207 0.6044389
vt 0.2219663 0.621321
vt 0.2133889 0.6127442
vt 0.2048116 0.607697
vt 0.1962344 0.6063538
vt 0.1893993 0.6052111
vt 0.2219666 0.6298981
vt 0.2133892 0.6213213
vt 0.2048118 0.6127445
vt 0.1884955 0.6052125
vt 0.1890465 0.604727
vt 0.1962344 0.607709
vt 0.188464 0.6063667
vt 0.1876573 0.6077299
vt 0.1877197 0.6060939
vt 0.1878079 0.6053551
vt 0.1870662 0.6058803
vt 0.1868574 0.6071666
vt 0.1861154 0.606753
vt 0.1816654 0.6112034
vt 0.182079 0.6119453
vt 0.1826423 0.6127452
vt 0.1807927 0.6121542
vt 0.1810064 0.6128077
vt 0.1802675 0.612896
vt 0.180125 0.6135835
vt 0.1962346 0.6127447
vt 0.1876575 0.612745
vt 0.204812 0.6213216
vt 0.1962349 0.6213219
vt 0.2133895 0.6298984
vt 0.1812792 0.613552
vt 0.1876577 0.6213222
vt 0.2048123 0.6298987
vt 0.2219669 0.6384753
vt 0.2133898 0.6384756
vt 0.1962352 0.629899
vt 0.2133901 0.6470528
vt 0.2048126 0.6384759
vt 0.2048129 0.6470531
vt 0.1962355 0.6384762
vt 0.1962358 0.6470533
vt 0.187658 0.6298993
vt 0.1876583 0.6384764
vt 0.1876586 0.6470536
vt 0.182622 0.6213223
vt 0.1826106 0.6298995
vt 0.1826071 0.6384766
vt 0.1826112 0.6470538
vt 0.1812668 0.6213224
vt 0.1812598 0.6298995
vt 0.1812578 0.6384767
vt 0.1812604 0.6470538
vt 0.1812679 0.6556309
vt 0.1801253 0.6624661
vt 0.180119 0.655631
vt 0.1793531 0.6615446
vt 0.1796411 0.6628189
vt 0.1793513 0.6556311
vt 0.1801153 0.6470538
vt 0.1793501 0.6470539
vt 0.1801139 0.6384767
vt 0.1793496 0.6384767
vt 0.1801147 0.6298996
vt 0.1793496 0.6298996
vt 0.1801178 0.6213224
vt 0.1793502 0.6213225
vt 0.1801236 0.6144873
vt 0.1793515 0.6154088
vt 0.1796395 0.6141346
vt 0.2201321 0.9010956
vt 0.2207885 0.9004281
vt 0.2207654 0.8994515
vt 0.2201321 0.9000728
vt 0.2175589 0.9000728
vt 0.2175589 0.9010956
vt 0.2132703 0.9000728
vt 0.2132703 0.9010956
vt 0.2089818 0.9000728
vt 0.2089818 0.9010956
vt 0.2046932 0.9000728
vt 0.2046932 0.9010956
vt 0.2004046 0.9000728
vt 0.2004046 0.9010956
vt 0.196116 0.9000728
vt 0.196116 0.9010956
vt 0.1918275 0.9000728
vt 0.1918275 0.9010956
vt 0.1892543 0.9000728
vt 0.1892543 0.9010956
vt 0.188621 0.8994515
vt 0.1885979 0.9004281
vt 0.2089818 0.8986904
vt 0.2046932 0.8986904
vt 0.2004046 0.8986904
vt 0.196116 0.8986904
vt 0.1918275 0.8986904
vt 0.1892543 0.8986904
vt 0.1886372 0.8984919
vt 0.1892543 0.8971588
vt 0.1918275 0.8971588
vt 0.196116 0.8971588
vt 0.2004046 0.8971588
vt 0.1882678 0.8982194
vt 0.1881139 0.8987358
vt 0.188621 0.8972742
vt 0.1881139 0.8973603
vt 0.1892543 0.8957112
vt 0.1885979 0.8959278
vt 0.1880413 0.8960971
vt 0.1918275 0.8957112
vt 0.1892543 0.8905131
vt 0.1885979 0.8902341
vt 0.1880413 0.8898873
vt 0.1881139 0.888606
vt 0.188621 0.8887998
vt 0.1882678 0.8876972
vt 0.196116 0.8957112
vt 0.1918275 0.8905131
vt 0.1892543 0.8890054
vt 0.1886372 0.8874785
vt 0.188621 0.8863246
vt 0.1881139 0.8870554
vt 0.2004046 0.8957112
vt 0.196116 0.8905131
vt 0.1918275 0.8890054
vt 0.1892543 0.8873028
vt 0.1892543 0.8856643
vt 0.1918275 0.8873028
vt 0.196116 0.8890054
vt 0.1892543 0.8843397
vt 0.1885979 0.8851213
vt 0.1918275 0.8856643
vt 0.1892543 0.8801575
vt 0.1885979 0.8803145
vt 0.2004046 0.8905131
vt 0.196116 0.8873028
vt 0.1918275 0.8843397
vt 0.1892543 0.8731871
vt 0.1885979 0.8733436
vt 0.2004046 0.8890054
vt 0.196116 0.8856643
vt 0.1918275 0.8801575
vt 0.1892543 0.8662166
vt 0.1885979 0.866373
vt 0.2004046 0.8873028
vt 0.196116 0.8843397
vt 0.1918275 0.8731871
vt 0.1892543 0.8592462
vt 0.1885979 0.8594028
vt 0.2004046 0.8856643
vt 0.196116 0.8801575
vt 0.1918275 0.8662166
vt 0.1892543 0.8522758
vt 0.1885979 0.8524329
vt 0.2004046 0.8843397
vt 0.196116 0.8731871
vt 0.1918275 0.8592462
vt 0.1892543 0.8480936
vt 0.1885979 0.8476279
vt 0.1918275 0.8522758
vt 0.1918275 0.8480936
vt 0.1961161 0.8662166
vt 0.2004046 0.8801575
vt 0.1961161 0.8592462
vt 0.1961161 0.8522758
vt 0.1961161 0.8480936
vt 0.2004046 0.8731871
vt 0.2004046 0.8662166
vt 0.2004046 0.8592462
vt 0.2004046 0.8522758
vt 0.2004046 0.8480936
vt 0.2046932 0.8522758
vt 0.2046932 0.8480936
vt 0.2046932 0.8592462
vt 0.2046932 0.8662166
vt 0.2046932 0.8731871
vt 0.2046932 0.8801575
vt 0.2089818 0.8522758
vt 0.2089818 0.8480936
vt 0.2089818 0.8592462
vt 0.2089818 0.8662166
vt 0.2089818 0.8731871
vt 0.2132704 0.8522758
vt 0.2132704 0.8480936
vt 0.2132704 0.8592462
vt 0.2132704 0.8662166
vt 0.2175589 0.8522758
vt 0.2175589 0.8480936
vt 0.2175589 0.8592462
vt 0.2201321 0.8522758
vt 0.2201321 0.8480936
vt 0.2207885 0.8476279
vt 0.2207885 0.8524329
vt 0.2201321 0.8592462
vt 0.2207885 0.8594028
vt 0.2201321 0.8662166
vt 0.2207885 0.866373
vt 0.2175589 0.8662166
vt 0.2201321 0.8731871
vt 0.2207885 0.8733436
vt 0.2175589 0.8731871
vt 0.2201321 0.8801575
vt 0.2207885 0.8803145
vt 0.2132704 0.8731871
vt 0.2201321 0.8843397
vt 0.2207885 0.8851213
vt 0.2207654 0.8863246
vt 0.2175589 0.8801575
vt 0.2132704 0.8801575
vt 0.2175589 0.8843397
vt 0.2089818 0.8801575
vt 0.2132704 0.8843397
vt 0.2201321 0.8856643
vt 0.2089818 0.8843397
vt 0.2175589 0.8856643
vt 0.2046932 0.8843397
vt 0.2132704 0.8856643
vt 0.2089818 0.8856643
vt 0.2046932 0.8856643
vt 0.2046932 0.8873028
vt 0.2089818 0.8873028
vt 0.2132703 0.8873028
vt 0.2175589 0.8873028
vt 0.2046932 0.8890054
vt 0.2089818 0.8890054
vt 0.2132703 0.8890054
vt 0.2046932 0.8905131
vt 0.2089818 0.8905131
vt 0.2046932 0.8957112
vt 0.2201321 0.8873028
vt 0.2175589 0.8890054
vt 0.2132703 0.8905131
vt 0.2089818 0.8957112
vt 0.2046932 0.8971588
vt 0.2089818 0.8971588
vt 0.2132703 0.8957112
vt 0.2175589 0.8905131
vt 0.2132703 0.8986904
vt 0.2132703 0.8971588
vt 0.2175589 0.8986904
vt 0.2175589 0.8957112
vt 0.2175589 0.8971588
vt 0.2201321 0.8986904
vt 0.2201321 0.8971588
vt 0.2207492 0.8984919
vt 0.2201321 0.8957112
vt 0.2211186 0.8982194
vt 0.2212725 0.8987358
vt 0.2207654 0.8972743
vt 0.2212725 0.8973603
vt 0.2207885 0.8959278
vt 0.2213451 0.8960971
vt 0.2213451 0.8898873
vt 0.2207885 0.8902341
vt 0.2212725 0.888606
vt 0.2201321 0.8905131
vt 0.2207654 0.8887998
vt 0.2211186 0.8876972
vt 0.2201321 0.8890054
vt 0.2207492 0.8874785
vt 0.2212725 0.8870554
vt 0.7333581 0.532066
vt 0.7340146 0.5282364
vt 0.7333581 0.5278856
vt 0.7340146 0.5318754
vt 0.7333581 0.5381304
vt 0.7365877 0.5318754
vt 0.7365877 0.5282364
vt 0.7340146 0.5379404
vt 0.7333581 0.5441951
vt 0.7365877 0.5379404
vt 0.7408763 0.5318754
vt 0.7408763 0.5282364
vt 0.7340146 0.5440053
vt 0.7333581 0.5502603
vt 0.7365877 0.5440053
vt 0.7408763 0.5379404
vt 0.7451649 0.5318754
vt 0.7451649 0.5282364
vt 0.7340146 0.5500703
vt 0.7333581 0.5563259
vt 0.7408763 0.5440053
vt 0.7451649 0.5379404
vt 0.7494534 0.5318754
vt 0.7494534 0.5282364
vt 0.7365877 0.5500703
vt 0.7340146 0.5561352
vt 0.7333581 0.5605085
vt 0.7451649 0.5440053
vt 0.7494534 0.5379404
vt 0.753742 0.5318754
vt 0.753742 0.5282364
vt 0.7365877 0.5561352
vt 0.7340146 0.5597742
vt 0.7333812 0.5616133
vt 0.7494534 0.5440053
vt 0.753742 0.5379404
vt 0.7580306 0.5318754
vt 0.7580306 0.5282364
vt 0.7365877 0.5597742
vt 0.753742 0.5440053
vt 0.7580306 0.5379404
vt 0.7623191 0.5318754
vt 0.7623191 0.5282364
vt 0.7580306 0.5440053
vt 0.7623191 0.5379404
vt 0.7648923 0.5318754
vt 0.7648923 0.5282364
vt 0.7655488 0.5278856
vt 0.7655488 0.532066
vt 0.7648923 0.5379404
vt 0.7655488 0.5381304
vt 0.7648923 0.5440053
vt 0.7655488 0.5441951
vt 0.7623191 0.5440053
vt 0.7648923 0.5500703
vt 0.7655488 0.5502603
vt 0.7623191 0.5500703
vt 0.7648923 0.5561353
vt 0.7655488 0.5563259
vt 0.7580306 0.5500703
vt 0.7623191 0.5561353
vt 0.7648923 0.5597742
vt 0.7655488 0.5605085
vt 0.7655256 0.5616133
vt 0.753742 0.5500703
vt 0.7580306 0.5561353
vt 0.7623191 0.5597742
vt 0.7494534 0.5500703
vt 0.753742 0.5561353
vt 0.7451649 0.5500703
vt 0.7648923 0.5609638
vt 0.7580306 0.5597742
vt 0.7494534 0.5561353
vt 0.7408763 0.5500703
vt 0.7451649 0.5561353
vt 0.7408763 0.5561352
vt 0.753742 0.5597742
vt 0.7623191 0.5609638
vt 0.7494534 0.5597742
vt 0.7408763 0.5597742
vt 0.7451649 0.5597742
vt 0.7580306 0.5609638
vt 0.753742 0.5609638
vt 0.7494534 0.5609638
vt 0.7451649 0.5609638
vt 0.7408763 0.5609638
vt 0.7365877 0.5609638
vt 0.7340146 0.5609638
vt 0.7623191 0.5624946
vt 0.7580306 0.5624946
vt 0.753742 0.5624946
vt 0.7494534 0.5624946
vt 0.7451649 0.5624946
vt 0.7408763 0.5624946
vt 0.7365877 0.5624946
vt 0.7648923 0.5624946
vt 0.7655095 0.5626842
vt 0.7648923 0.5641335
vt 0.7658789 0.5629331
vt 0.7660328 0.5623462
vt 0.7655256 0.5639709
vt 0.7660328 0.563829
vt 0.7623191 0.5641335
vt 0.7648923 0.5656311
vt 0.7655488 0.56538
vt 0.7661053 0.5651184
vt 0.7580306 0.5641335
vt 0.7623191 0.5656311
vt 0.7648923 0.5708993
vt 0.7655488 0.5711504
vt 0.7661053 0.571412
vt 0.7660328 0.5727014
vt 0.7655256 0.5725595
vt 0.7658789 0.5735973
vt 0.753742 0.5641335
vt 0.7580306 0.5656311
vt 0.7623191 0.5708993
vt 0.7648923 0.5723969
vt 0.7655095 0.5738462
vt 0.7494534 0.5641335
vt 0.753742 0.5656311
vt 0.7580306 0.5708993
vt 0.7623191 0.5723969
vt 0.7451649 0.5641335
vt 0.7655256 0.5749171
vt 0.7660328 0.5741842
vt 0.7648923 0.5740358
vt 0.7648923 0.5755666
vt 0.7623191 0.5740358
vt 0.7580306 0.5723969
vt 0.7648923 0.5767561
vt 0.7655488 0.5760218
vt 0.7623191 0.5755666
vt 0.7648923 0.5803951
vt 0.7655488 0.5802045
vt 0.753742 0.5708993
vt 0.7580306 0.5740358
vt 0.7623191 0.5767561
vt 0.7648923 0.5864601
vt 0.7655488 0.5862701
vt 0.753742 0.5723969
vt 0.7494534 0.5708993
vt 0.7580306 0.5755666
vt 0.7623191 0.5803951
vt 0.7648923 0.5925251
vt 0.7655488 0.5923352
vt 0.753742 0.5740358
vt 0.7580306 0.5767561
vt 0.7623191 0.5864601
vt 0.7648923 0.59859
vt 0.7655488 0.5984
vt 0.7494534 0.5723969
vt 0.753742 0.5755666
vt 0.7580306 0.5803951
vt 0.7623191 0.5925251
vt 0.7648923 0.604655
vt 0.7655488 0.6044644
vt 0.7494534 0.5740358
vt 0.753742 0.5767561
vt 0.7580306 0.5864601
vt 0.7623191 0.59859
vt 0.7648923 0.608294
vt 0.7655488 0.6086448
vt 0.7623191 0.604655
vt 0.7623191 0.608294
vt 0.7580306 0.5925251
vt 0.753742 0.5803951
vt 0.7580306 0.59859
vt 0.7580306 0.604655
vt 0.7580306 0.608294
vt 0.753742 0.5864601
vt 0.753742 0.592525
vt 0.753742 0.604655
vt 0.753742 0.608294
vt 0.753742 0.59859
vt 0.7494534 0.604655
vt 0.7494534 0.608294
vt 0.7494534 0.59859
vt 0.7494534 0.592525
vt 0.7494534 0.5864601
vt 0.7494534 0.5803951
vt 0.7451649 0.604655
vt 0.7451649 0.608294
vt 0.7451649 0.59859
vt 0.7451649 0.592525
vt 0.7451649 0.5864601
vt 0.7408763 0.604655
vt 0.7408763 0.608294
vt 0.7408763 0.59859
vt 0.7408763 0.592525
vt 0.7365877 0.604655
vt 0.7365877 0.608294
vt 0.7365877 0.59859
vt 0.7340146 0.604655
vt 0.7340146 0.608294
vt 0.7333581 0.6086448
vt 0.7333581 0.6044644
vt 0.7340146 0.59859
vt 0.7333581 0.5984
vt 0.7340146 0.592525
vt 0.7333581 0.5923352
vt 0.7365877 0.592525
vt 0.7340146 0.5864601
vt 0.7333581 0.5862701
vt 0.7365877 0.5864601
vt 0.7340146 0.5803951
vt 0.7333581 0.5802045
vt 0.7408763 0.5864601
vt 0.7365877 0.5803951
vt 0.7340146 0.5767561
vt 0.7333581 0.5760218
vt 0.7333812 0.5749171
vt 0.7408763 0.5803951
vt 0.7365877 0.5767561
vt 0.7451649 0.5803951
vt 0.7408763 0.5767561
vt 0.7340146 0.5755666
vt 0.7451649 0.5767561
vt 0.7365877 0.5755666
vt 0.7494534 0.5767561
vt 0.7408763 0.5755666
vt 0.7494534 0.5755666
vt 0.7451649 0.5755666
vt 0.7451649 0.5740358
vt 0.7408763 0.5740358
vt 0.7365877 0.5740358
vt 0.7451649 0.5723969
vt 0.7408763 0.5723969
vt 0.7451649 0.5708993
vt 0.7340146 0.5740358
vt 0.7365877 0.5723969
vt 0.7408763 0.5708993
vt 0.7494534 0.5656311
vt 0.7451649 0.5656311
vt 0.7333974 0.5738462
vt 0.7365877 0.5708993
vt 0.7408763 0.5641335
vt 0.7408763 0.5656311
vt 0.7365877 0.5641335
vt 0.7365877 0.5656311
vt 0.7340146 0.5708993
vt 0.7340146 0.5624946
vt 0.7340146 0.5641335
vt 0.7333974 0.5626842
vt 0.7340146 0.5656311
vt 0.7330281 0.5629331
vt 0.7328742 0.5623462
vt 0.7333812 0.5639709
vt 0.7328742 0.563829
vt 0.7333581 0.56538
vt 0.7328016 0.5651184
vt 0.7328016 0.571412
vt 0.7333581 0.5711504
vt 0.7328742 0.5727014
vt 0.7333812 0.5725595
vt 0.7330281 0.5735973
vt 0.7340146 0.5723969
vt 0.7328742 0.5741842
vt 0.7164738 0.4879076
vt 0.7157003 0.4897329
vt 0.7161859 0.4891818
vt 0.7157017 0.4888291
vt 0.7164752 0.481994
vt 0.7157075 0.481994
vt 0.7164758 0.4734168
vt 0.7145461 0.4897644
vt 0.7157106 0.4734168
vt 0.7164758 0.4648397
vt 0.714819 0.4905087
vt 0.713183 0.4905712
vt 0.7155578 0.4904204
vt 0.7150326 0.4911622
vt 0.7145586 0.481994
vt 0.7137463 0.4913711
vt 0.7081681 0.4955865
vt 0.71416 0.492113
vt 0.708968 0.4961497
vt 0.7097099 0.4965634
vt 0.7087591 0.4974361
vt 0.7081056 0.4972225
vt 0.7080175 0.4979613
vt 0.7073299 0.4981039
vt 0.7073613 0.4969497
vt 0.7145655 0.4734169
vt 0.7132033 0.4819941
vt 0.7157115 0.4648397
vt 0.7164752 0.4562625
vt 0.7157101 0.4562625
vt 0.7164741 0.4476854
vt 0.7145676 0.4648397
vt 0.7157063 0.4476854
vt 0.7164723 0.4417717
vt 0.7132148 0.4734169
vt 0.714565 0.4562626
vt 0.7132183 0.4648398
vt 0.7081676 0.4819942
vt 0.7081673 0.4734171
vt 0.708167 0.4648399
vt 0.7081679 0.4905714
vt 0.7157001 0.4408503
vt 0.7145574 0.4476854
vt 0.7132142 0.4562626
vt 0.7156987 0.4399465
vt 0.7161842 0.4404975
vt 0.7145445 0.439915
vt 0.7081668 0.4562628
vt 0.7132022 0.4476855
vt 0.7148172 0.4391707
vt 0.7155561 0.439259
vt 0.7150309 0.4385172
vt 0.7131814 0.4391083
vt 0.7137445 0.4383084
vt 0.7141582 0.4375665
vt 0.7097078 0.4331164
vt 0.7089659 0.4335301
vt 0.708757 0.4322437
vt 0.7081665 0.4476856
vt 0.7081662 0.4391085
vt 0.708166 0.4340933
vt 0.7081035 0.4324574
vt 0.7080152 0.4317186
vt 0.7073277 0.4315761
vt 0.7073592 0.4327302
vt 0.6995893 0.4476859
vt 0.699589 0.4391088
vt 0.6995888 0.4340731
vt 0.6995888 0.4327178
vt 0.6995896 0.4562631
vt 0.6995899 0.4648402
vt 0.6995901 0.4734174
vt 0.6995904 0.4819945
vt 0.6995907 0.4905717
vt 0.6995909 0.4956074
vt 0.6910121 0.4476862
vt 0.6910124 0.4562634
vt 0.6910127 0.4648405
vt 0.691013 0.4734177
vt 0.6910133 0.4819948
vt 0.6910136 0.4905719
vt 0.6910119 0.4391091
vt 0.6910117 0.4340616
vt 0.6910117 0.4327109
vt 0.6824356 0.4648408
vt 0.6824359 0.4734179
vt 0.6824362 0.4819951
vt 0.6824353 0.4562636
vt 0.682435 0.4476865
vt 0.6824347 0.4391094
vt 0.6824346 0.4340581
vt 0.6824345 0.4327088
vt 0.6738585 0.4648411
vt 0.6738582 0.4562639
vt 0.6738579 0.4476868
vt 0.6738576 0.4391096
vt 0.6738574 0.4340622
vt 0.6738574 0.4327114
vt 0.6738587 0.4734182
vt 0.6652807 0.4476871
vt 0.6652805 0.4391099
vt 0.6652803 0.4340742
vt 0.6567031 0.434095
vt 0.665281 0.4562642
vt 0.6652802 0.432719
vt 0.6567033 0.4391102
vt 0.6516881 0.4391104
vt 0.6567036 0.4476874
vt 0.6652813 0.4648414
vt 0.6567039 0.4562645
vt 0.6575098 0.4327319
vt 0.6516678 0.4476875
vt 0.6652802 0.43157
vt 0.6584451 0.4315763
vt 0.6738573 0.4315663
vt 0.6824345 0.4315649
vt 0.6910116 0.4315657
vt 0.6995888 0.4315689
vt 0.7064239 0.4315747
vt 0.7055024 0.4308026
vt 0.7067766 0.4310905
vt 0.6995888 0.4308012
vt 0.6910116 0.4308006
vt 0.6824344 0.4308006
vt 0.6738573 0.4308012
vt 0.6652802 0.4308023
vt 0.6593665 0.4308041
vt 0.6575413 0.4315777
vt 0.6580923 0.4310922
vt 0.6567655 0.4324591
vt 0.6568537 0.4317203
vt 0.656112 0.4322455
vt 0.6559032 0.4335319
vt 0.6551613 0.4331182
vt 0.6507112 0.4375686
vt 0.6511249 0.4383105
vt 0.6498385 0.4385194
vt 0.6500522 0.4391729
vt 0.6493133 0.4392612
vt 0.6491709 0.4399487
vt 0.6503251 0.4399172
vt 0.6503126 0.4476876
vt 0.6491695 0.4408525
vt 0.6483974 0.441774
vt 0.6486853 0.4404998
vt 0.648396 0.4476876
vt 0.6491637 0.4476876
vt 0.6483954 0.4562648
vt 0.6491606 0.4562648
vt 0.6483954 0.4648419
vt 0.6503056 0.4562647
vt 0.6491597 0.4648419
vt 0.648396 0.4734191
vt 0.6516564 0.4562647
vt 0.6491611 0.4734191
vt 0.6483971 0.4819962
vt 0.6503036 0.4648419
vt 0.6567041 0.4648417
vt 0.6491649 0.4819962
vt 0.6483989 0.4879099
vt 0.6516529 0.4648418
vt 0.6503062 0.473419
vt 0.6652816 0.4734185
vt 0.6567044 0.4734188
vt 0.651657 0.473419
vt 0.6503137 0.4819962
vt 0.6491711 0.4888313
vt 0.673859 0.4819954
vt 0.6652819 0.4819957
vt 0.6567047 0.481996
vt 0.6491725 0.4897351
vt 0.6486869 0.4891841
vt 0.6503267 0.4897666
vt 0.651669 0.4819961
vt 0.6824365 0.4905722
vt 0.6738593 0.4905725
vt 0.6500539 0.4905109
vt 0.6493151 0.4904226
vt 0.6498403 0.4911644
vt 0.6652821 0.4905728
vt 0.6516898 0.4905733
vt 0.6511266 0.4913732
vt 0.650713 0.4921151
vt 0.6551634 0.4965652
vt 0.656705 0.4905731
vt 0.6559053 0.4961515
vt 0.6561142 0.4974379
vt 0.6567052 0.4955883
vt 0.6567677 0.4972242
vt 0.6568559 0.497963
vt 0.6575435 0.4981055
vt 0.6652823 0.4956085
vt 0.6575119 0.4969514
vt 0.6738595 0.49562
vt 0.6652824 0.4969638
vt 0.6738595 0.4969707
vt 0.6824366 0.4956235
vt 0.6824366 0.4969728
vt 0.6910138 0.4956194
vt 0.6910138 0.4969701
vt 0.699591 0.4969626
vt 0.7064261 0.4981053
vt 0.699591 0.4981115
vt 0.7055047 0.4988775
vt 0.7067789 0.4985894
vt 0.699591 0.4988793
vt 0.6910139 0.4981153
vt 0.6910139 0.4988804
vt 0.6824367 0.4981167
vt 0.6824367 0.498881
vt 0.6738595 0.4981158
vt 0.6738596 0.498881
vt 0.6652824 0.4981127
vt 0.6652824 0.4988804
vt 0.6584473 0.4981069
vt 0.6593688 0.498879
vt 0.6580946 0.498591
vt 0.699795 0.7690051
vt 0.7011149 0.7686518
vt 0.700528 0.768498
vt 0.700866 0.7690213
vt 0.7021526 0.7690051
vt 0.7020108 0.768498
vt 0.7035617 0.7689819
vt 0.7033002 0.7684254
vt 0.7093322 0.7689819
vt 0.7095937 0.7684254
vt 0.7108831 0.768498
vt 0.7107413 0.7690051
vt 0.711779 0.7686518
vt 0.7090811 0.7696384
vt 0.7038128 0.7696384
vt 0.7023153 0.7696384
vt 0.6991456 0.7696384
vt 0.697956 0.7696384
vt 0.6986903 0.7689819
vt 0.697956 0.7722116
vt 0.7006763 0.7696384
vt 0.6991456 0.7722116
vt 0.697956 0.7765002
vt 0.7006763 0.7722116
vt 0.6991456 0.7765002
vt 0.697956 0.7807887
vt 0.7023153 0.7722116
vt 0.7006763 0.7765002
vt 0.6991456 0.7807887
vt 0.697956 0.7850773
vt 0.7038128 0.7722116
vt 0.7023153 0.7765002
vt 0.6991456 0.7850773
vt 0.697956 0.7893658
vt 0.7006763 0.7807887
vt 0.6991456 0.7893658
vt 0.697956 0.7936544
vt 0.7006763 0.7850773
vt 0.7023153 0.7807887
vt 0.7038128 0.7765002
vt 0.7090811 0.7722116
vt 0.6991456 0.7936544
vt 0.697956 0.797943
vt 0.7006763 0.7893658
vt 0.7023153 0.7850773
vt 0.7038128 0.7807887
vt 0.6991456 0.797943
vt 0.697956 0.8005161
vt 0.7006763 0.7936544
vt 0.7023153 0.7893658
vt 0.7090811 0.7765002
vt 0.7038128 0.7850773
vt 0.7090811 0.7807887
vt 0.6991456 0.8005161
vt 0.7006763 0.797943
vt 0.7023153 0.7936544
vt 0.7038128 0.7893658
vt 0.7090811 0.7850773
vt 0.699795 0.8011495
vt 0.6986903 0.8011726
vt 0.7105787 0.7765002
vt 0.7105787 0.7807887
vt 0.7105787 0.7722116
vt 0.7105787 0.7696384
vt 0.7120279 0.7690213
vt 0.7122176 0.7696384
vt 0.7122176 0.7722116
vt 0.7130989 0.7690051
vt 0.7123659 0.768498
vt 0.7137483 0.7696384
vt 0.7122176 0.7765002
vt 0.7149379 0.7696384
vt 0.7142036 0.7689819
vt 0.7137483 0.7722116
vt 0.7149379 0.7722116
vt 0.7137483 0.7765002
vt 0.7149379 0.7765002
vt 0.7122176 0.7807887
vt 0.7137483 0.7807887
vt 0.7149379 0.7807887
vt 0.7105787 0.7850773
vt 0.7122176 0.7850773
vt 0.7137483 0.7850773
vt 0.7149379 0.7850773
vt 0.7090811 0.7893658
vt 0.7105787 0.7893658
vt 0.7122176 0.7893658
vt 0.7137483 0.7893658
vt 0.7149379 0.7893658
vt 0.7038128 0.7936544
vt 0.7090811 0.7936544
vt 0.7105787 0.7936544
vt 0.7122176 0.7936544
vt 0.7137483 0.7936544
vt 0.7149379 0.7936544
vt 0.7023153 0.797943
vt 0.7038128 0.797943
vt 0.7090811 0.797943
vt 0.7105787 0.797943
vt 0.7122176 0.797943
vt 0.7137483 0.797943
vt 0.7149379 0.797943
vt 0.7006763 0.8005161
vt 0.7023153 0.8005161
vt 0.700866 0.8011333
vt 0.7038128 0.8005161
vt 0.7090811 0.8005161
vt 0.7105787 0.8005161
vt 0.7122176 0.8005161
vt 0.7011149 0.8015027
vt 0.700528 0.8016566
vt 0.7021526 0.8011495
vt 0.7020108 0.8016566
vt 0.7035617 0.8011726
vt 0.7033002 0.8017291
vt 0.7095937 0.8017291
vt 0.7093322 0.8011726
vt 0.7108831 0.8016566
vt 0.7107413 0.8011495
vt 0.711779 0.8015027
vt 0.7120279 0.8011333
vt 0.7130989 0.8011495
vt 0.7123659 0.8016566
vt 0.7137483 0.8005161
vt 0.7149379 0.8005161
vt 0.7142036 0.8011726
f 1/1/1 3/3/3 2/2/2
f 1/1/1 2/2/2 4/4/4
f 5/5/5 4/4/4 2/2/2
f 5/5/5 2/2/2 6/6/6
f 7/7/7 5/5/5 6/6/6
f 7/7/7 6/6/6 8/8/8
f 8/8/8 9/9/9 7/7/7
f 8/8/8 10/10/10 9/9/9
f 9/9/9 10/10/10 11/11/11
f 9/9/9 11/11/11 12/12/12
f 12/12/12 11/11/11 13/13/13
f 7/7/7 9/9/9 14/14/14
f 14/14/14 9/9/9 12/12/12
f 15/15/15 5/5/5 7/7/7
f 7/7/7 14/14/14 15/15/15
f 16/16/16 4/4/4 5/5/5
f 15/15/15 16/16/16 5/5/5
f 17/17/17 1/1/1 4/4/4
f 16/16/16 18/18/18 4/4/4
f 17/17/17 4/4/4 18/18/18
f 19/19/19 1/1/1 17/17/17
f 19/19/19 20/20/20 1/1/1
f 21/21/21 20/20/20 19/19/19
f 21/21/21 19/19/19 22/22/22
f 23/23/23 21/21/21 22/22/22
f 23/23/23 22/22/22 24/24/24
f 25/25/25 23/23/23 24/24/24
f 25/25/25 24/24/24 26/26/26
f 27/27/27 25/25/25 26/26/26
f 27/27/27 26/26/26 28/28/28
f 29/29/29 27/27/27 28/28/28
f 29/29/29 28/28/28 30/30/30
f 31/31/31 29/29/29 30/30/30
f 31/31/31 30/30/30 32/32/32
f 33/33/33 32/32/32 30/30/30
f 33/33/33 30/30/30 34/34/34
f 34/34/34 30/30/30 28/28/28
f 35/35/35 33/33/33 34/34/34
f 36/36/36 28/28/28 26/26/26
f 34/34/34 28/28/28 36/36/36
f 35/35/35 34/34/34 37/37/37
f 37/37/37 34/34/34 36/36/36
f 38/38/38 35/35/35 37/37/37
f 39/39/39 26/26/26 24/24/24
f 36/36/36 26/26/26 39/39/39
f 38/38/38 37/37/37 40/40/40
f 41/41/41 38/38/38 40/40/40
f 37/37/37 36/36/36 42/42/42
f 42/42/42 36/36/36 39/39/39
f 40/40/40 37/37/37 42/42/42
f 39/39/39 24/24/24 43/43/43
f 43/43/43 24/24/24 22/22/22
f 41/41/41 40/40/40 44/44/44
f 45/45/45 41/41/41 44/44/44
f 42/42/42 39/39/39 46/46/46
f 46/46/46 39/39/39 43/43/43
f 40/40/40 42/42/42 47/47/47
f 44/44/44 40/40/40 47/47/47
f 47/47/47 42/42/42 46/46/46
f 43/43/43 22/22/22 48/48/48
f 48/48/48 22/22/22 19/19/19
f 45/45/45 44/44/44 49/49/49
f 50/50/50 45/45/45 49/49/49
f 44/44/44 47/47/47 51/51/51
f 49/49/49 44/44/44 51/51/51
f 47/47/47 46/46/46 52/52/52
f 51/51/51 47/47/47 52/52/52
f 46/46/46 43/43/43 53/53/53
f 53/53/53 43/43/43 48/48/48
f 52/52/52 46/46/46 53/53/53
f 48/48/48 19/19/19 54/54/54
f 17/17/17 54/54/54 19/19/19
f 50/50/50 49/49/49 55/55/55
f 56/56/56 50/50/50 55/55/55
f 49/49/49 51/51/51 57/57/57
f 55/55/55 49/49/49 57/57/57
f 51/51/51 52/52/52 58/58/58
f 57/57/57 51/51/51 58/58/58
f 52/52/52 53/53/53 59/59/59
f 58/58/58 52/52/52 59/59/59
f 53/53/53 48/48/48 60/60/60
f 60/60/60 48/48/48 54/54/54
f 59/59/59 53/53/53 60/60/60
f 17/17/17 61/61/61 54/54/54
f 18/18/18 61/61/61 17/17/17
f 56/56/56 55/55/55 62/62/62
f 63/63/63 56/56/56 62/62/62
f 55/55/55 57/57/57 64/64/64
f 62/62/62 55/55/55 64/64/64
f 57/57/57 58/58/58 65/65/65
f 64/64/64 57/57/57 65/65/65
f 58/58/58 59/59/59 66/66/66
f 65/65/65 58/58/58 66/66/66
f 59/59/59 60/60/60 67/67/67
f 66/66/66 59/59/59 67/67/67
f 60/60/60 54/54/54 68/68/68
f 61/61/61 68/68/68 54/54/54
f 67/67/67 60/60/60 68/68/68
f 63/63/63 62/62/62 69/69/69
f 62/62/62 64/64/64 70/70/70
f 69/69/69 62/62/62 70/70/70
f 64/64/64 65/65/65 71/71/71
f 70/70/70 64/64/64 71/71/71
f 65/65/65 66/66/66 72/72/72
f 71/71/71 65/65/65 72/72/72
f 66/66/66 67/67/67 73/73/73
f 72/72/72 66/66/66 73/73/73
f 67/67/67 68/68/68 74/74/74
f 73/73/73 67/67/67 74/74/74
f 61/61/61 75/75/75 68/68/68
f 75/75/75 74/74/74 68/68/68
f 76/76/76 63/63/63 69/69/69
f 76/76/76 77/77/77 63/63/63
f 78/78/78 76/76/76 69/69/69
f 78/78/78 69/69/69 79/79/79
f 80/80/80 78/78/78 79/79/79
f 69/69/69 70/70/70 79/79/79
f 80/80/80 79/79/79 81/81/81
f 82/82/82 80/80/80 81/81/81
f 79/79/79 70/70/70 83/83/83
f 79/79/79 83/83/83 81/81/81
f 70/70/70 71/71/71 83/83/83
f 82/82/82 81/81/81 84/84/84
f 85/85/85 82/82/82 84/84/84
f 81/81/81 83/83/83 86/86/86
f 81/81/81 86/86/86 84/84/84
f 83/83/83 71/71/71 87/87/87
f 83/83/83 87/87/87 86/86/86
f 71/71/71 72/72/72 87/87/87
f 85/85/85 84/84/84 88/88/88
f 89/89/89 85/85/85 88/88/88
f 84/84/84 86/86/86 90/90/90
f 84/84/84 90/90/90 88/88/88
f 86/86/86 87/87/87 91/91/91
f 86/86/86 91/91/91 90/90/90
f 87/87/87 72/72/72 92/92/92
f 87/87/87 92/92/92 91/91/91
f 72/72/72 73/73/73 92/92/92
f 89/89/89 88/88/88 93/93/93
f 93/93/93 94/94/94 89/89/89
f 88/88/88 90/90/90 95/95/95
f 88/88/88 95/95/95 93/93/93
f 90/90/90 91/91/91 96/96/96
f 90/90/90 96/96/96 95/95/95
f 92/92/92 73/73/73 97/97/97
f 73/73/73 74/74/74 97/97/97
f 91/91/91 92/92/92 98/98/98
f 91/91/91 98/98/98 96/96/96
f 92/92/92 97/97/97 98/98/98
f 99/99/99 97/97/97 74/74/74
f 75/75/75 99/99/99 74/74/74
f 100/100/100 98/98/98 97/97/97
f 99/99/99 100/100/100 97/97/97
f 101/101/101 96/96/96 98/98/98
f 100/100/100 101/101/101 98/98/98
f 102/102/102 95/95/95 96/96/96
f 101/101/101 102/102/102 96/96/96
f 103/103/103 93/93/93 95/95/95
f 102/102/102 103/103/103 95/95/95
f 103/103/103 104/104/104 93/93/93
f 93/93/93 104/104/104 94/94/94
f 105/105/105 99/99/99 75/75/75
f 106/106/106 100/100/100 99/99/99
f 105/105/105 106/106/106 99/99/99
f 107/107/107 101/101/101 100/100/100
f 106/106/106 107/107/107 100/100/100
f 108/108/108 102/102/102 101/101/101
f 107/107/107 108/108/108 101/101/101
f 109/109/109 103/103/103 102/102/102
f 108/108/108 109/109/109 102/102/102
f 110/110/110 104/104/104 103/103/103
f 109/109/109 110/110/110 103/103/103
f 111/111/111 105/105/105 75/75/75
f 111/111/111 75/75/75 61/61/61
f 18/18/18 111/111/111 61/61/61
f 16/16/16 111/111/111 18/18/18
f 16/16/16 112/112/112 111/111/111
f 112/112/112 105/105/105 111/111/111
f 15/15/15 112/112/112 16/16/16
f 112/112/112 113/113/113 105/105/105
f 113/113/113 106/106/106 105/105/105
f 15/15/15 114/114/114 112/112/112
f 114/114/114 113/113/113 112/112/112
f 114/114/114 15/15/15 14/14/14
f 113/113/113 115/115/115 106/106/106
f 115/115/115 107/107/107 106/106/106
f 114/114/114 116/116/116 113/113/113
f 116/116/116 115/115/115 113/113/113
f 114/114/114 14/14/14 117/117/117
f 116/116/116 114/114/114 117/117/117
f 115/115/115 118/118/118 107/107/107
f 118/118/118 108/108/108 107/107/107
f 116/116/116 119/119/119 115/115/115
f 119/119/119 118/118/118 115/115/115
f 118/118/118 120/120/120 108/108/108
f 120/120/120 109/109/109 108/108/108
f 121/121/121 117/117/117 14/14/14
f 14/14/14 12/12/12 121/121/121
f 116/116/116 117/117/117 122/122/122
f 119/119/119 116/116/116 122/122/122
f 119/119/119 123/123/123 118/118/118
f 123/123/123 120/120/120 118/118/118
f 120/120/120 124/124/124 109/109/109
f 124/124/124 110/110/110 109/109/109
f 121/121/121 125/125/125 117/117/117
f 125/125/125 122/122/122 117/117/117
f 121/121/121 12/12/12 126/126/126
f 12/12/12 13/13/13 126/126/126
f 119/119/119 122/122/122 127/127/127
f 123/123/123 119/119/119 127/127/127
f 123/123/123 128/128/128 120/120/120
f 128/128/128 124/124/124 120/120/120
f 125/125/125 129/129/129 122/122/122
f 129/129/129 127/127/127 122/122/122
f 130/130/130 125/125/125 121/121/121
f 121/121/121 126/126/126 130/130/130
f 131/131/131 126/126/126 13/13/13
f 131/131/131 13/13/13 132/132/132
f 123/123/123 127/127/127 133/133/133
f 128/128/128 123/123/123 133/133/133
f 130/130/130 134/134/134 125/125/125
f 134/134/134 129/129/129 125/125/125
f 135/135/135 130/130/130 126/126/126
f 135/135/135 126/126/126 131/131/131
f 135/135/135 134/134/134 130/130/130
f 129/129/129 136/136/136 127/127/127
f 136/136/136 133/133/133 127/127/127
f 137/137/137 135/135/135 131/131/131
f 137/137/137 131/131/131 138/138/138
f 137/137/137 139/139/139 135/135/135
f 135/135/135 139/139/139 134/134/134
f 137/137/137 140/140/140 139/139/139
f 134/134/134 141/141/141 129/129/129
f 139/139/139 141/141/141 134/134/134
f 141/141/141 136/136/136 129/129/129
f 140/140/140 142/142/142 139/139/139
f 139/139/139 142/142/142 141/141/141
f 140/140/140 143/143/143 142/142/142
f 141/141/141 144/144/144 136/136/136
f 142/142/142 144/144/144 141/141/141
f 143/143/143 145/145/145 142/142/142
f 142/142/142 145/145/145 144/144/144
f 143/143/143 146/146/146 145/145/145
f 136/136/136 147/147/147 133/133/133
f 144/144/144 147/147/147 136/136/136
f 145/145/145 148/148/148 144/144/144
f 144/144/144 148/148/148 147/147/147
f 146/146/146 149/149/149 145/145/145
f 145/145/145 149/149/149 148/148/148
f 146/146/146 150/150/150 149/149/149
f 147/147/147 151/151/151 133/133/133
f 128/128/128 133/133/133 151/151/151
f 148/148/148 152/152/152 147/147/147
f 147/147/147 152/152/152 151/151/151
f 149/149/149 153/153/153 148/148/148
f 148/148/148 153/153/153 152/152/152
f 150/150/150 154/154/154 149/149/149
f 149/149/149 154/154/154 153/153/153
f 150/150/150 155/155/155 154/154/154
f 156/156/156 128/128/128 151/151/151
f 128/128/128 156/156/156 124/124/124
f 152/152/152 157/157/157 151/151/151
f 156/156/156 151/151/151 157/157/157
f 153/153/153 158/158/158 152/152/152
f 152/152/152 158/158/158 157/157/157
f 155/155/155 159/159/159 154/154/154
f 155/155/155 160/160/160 159/159/159
f 154/154/154 161/161/161 153/153/153
f 153/153/153 161/161/161 158/158/158
f 154/154/154 159/159/159 161/161/161
f 156/156/156 162/162/162 124/124/124
f 124/124/124 162/162/162 110/110/110
f 163/163/163 156/156/156 157/157/157
f 156/156/156 163/163/163 162/162/162
f 160/160/160 164/164/164 159/159/159
f 160/160/160 165/165/165 164/164/164
f 158/158/158 166/166/166 157/157/157
f 163/163/163 157/157/157 166/166/166
f 159/159/159 167/167/167 161/161/161
f 159/159/159 164/164/164 167/167/167
f 161/161/161 168/168/168 158/158/158
f 158/158/158 168/168/168 166/166/166
f 161/161/161 167/167/167 168/168/168
f 162/162/162 169/169/169 110/110/110
f 110/110/110 169/169/169 104/104/104
f 165/165/165 170/170/170 164/164/164
f 165/165/165 171/171/171 170/170/170
f 163/163/163 172/172/172 162/162/162
f 162/162/162 172/172/172 169/169/169
f 104/104/104 169/169/169 173/173/173
f 172/172/172 173/173/173 169/169/169
f 104/104/104 173/173/173 94/94/94
f 174/174/174 163/163/163 166/166/166
f 163/163/163 174/174/174 172/172/172
f 168/168/168 175/175/175 166/166/166
f 174/174/174 166/166/166 175/175/175
f 94/94/94 173/173/173 176/176/176
f 94/94/94 176/176/176 177/177/177
f 172/172/172 178/178/178 173/173/173
f 178/178/178 176/176/176 173/173/173
f 174/174/174 178/178/178 172/172/172
f 178/178/178 179/179/179 176/176/176
f 180/180/180 179/179/179 178/178/178
f 174/174/174 180/180/180 178/178/178
f 180/180/180 181/181/181 179/179/179
f 180/180/180 182/182/182 181/181/181
f 174/174/174 183/183/183 180/180/180
f 180/180/180 183/183/183 182/182/182
f 174/174/174 175/175/175 183/183/183
f 183/183/183 184/184/184 182/182/182
f 183/183/183 185/185/185 184/184/184
f 175/175/175 185/185/185 183/183/183
f 185/185/185 186/186/186 184/184/184
f 175/175/175 187/187/187 185/185/185
f 168/168/168 187/187/187 175/175/175
f 167/167/167 187/187/187 168/168/168
f 185/185/185 188/188/188 186/186/186
f 187/187/187 188/188/188 185/185/185
f 167/167/167 189/189/189 187/187/187
f 187/187/187 189/189/189 188/188/188
f 164/164/164 189/189/189 167/167/167
f 164/164/164 170/170/170 189/189/189
f 170/170/170 188/188/188 189/189/189
f 190/190/190 186/186/186 188/188/188
f 170/170/170 190/190/190 188/188/188
f 190/190/190 191/191/191 186/186/186
f 171/171/171 190/190/190 170/170/170
f 171/171/171 192/192/192 190/190/190
f 193/193/193 195/195/195 194/194/194
f 193/193/193 196/196/196 195/195/195
f 197/197/197 196/196/196 193/193/193
f 197/197/197 193/193/193 198/198/198
f 199/199/199 197/197/197 198/198/198
f 199/199/199 198/198/198 200/200/200
f 201/201/201 199/199/199 200/200/200
f 201/201/201 200/200/200 202/202/202
f 203/203/203 201/201/201 202/202/202
f 203/203/203 202/202/202 204/204/204
f 205/205/205 203/203/203 204/204/204
f 205/205/205 204/204/204 206/206/206
f 207/207/207 205/205/205 206/206/206
f 207/207/207 206/206/206 208/208/208
f 208/208/208 209/209/209 207/207/207
f 208/208/208 210/210/210 209/209/209
f 211/211/211 205/205/205 207/207/207
f 211/211/211 207/207/207 209/209/209
f 212/212/212 203/203/203 205/205/205
f 211/211/211 212/212/212 205/205/205
f 213/213/213 212/212/212 211/211/211
f 211/211/211 209/209/209 214/214/214
f 213/213/213 211/211/211 214/214/214
f 214/214/214 209/209/209 215/215/215
f 214/214/214 215/215/215 216/216/216
f 217/217/217 214/214/214 216/216/216
f 213/213/213 214/214/214 217/217/217
f 218/218/218 213/213/213 217/217/217
f 217/217/217 216/216/216 219/219/219
f 220/220/220 217/217/217 219/219/219
f 218/218/218 217/217/217 220/220/220
f 220/220/220 219/219/219 221/221/221
f 220/220/220 221/221/221 222/222/222
f 220/220/220 222/222/222 223/223/223
f 218/218/218 220/220/220 223/223/223
f 223/223/223 222/222/222 224/224/224
f 223/223/223 224/224/224 225/225/225
f 218/218/218 223/223/223 226/226/226
f 226/226/226 223/223/223 225/225/225
f 226/226/226 225/225/225 227/227/227
f 228/228/228 227/227/227 225/225/225
f 228/228/228 225/225/225 229/229/229
f 230/230/230 227/227/227 228/228/228
f 230/230/230 228/228/228 231/231/231
f 232/232/232 226/226/226 227/227/227
f 232/232/232 227/227/227 230/230/230
f 233/233/233 230/230/230 231/231/231
f 233/233/233 231/231/231 234/234/234
f 235/235/235 218/218/218 226/226/226
f 235/235/235 226/226/226 232/232/232
f 236/236/236 232/232/232 230/230/230
f 236/236/236 230/230/230 233/233/233
f 237/237/237 233/233/233 234/234/234
f 237/237/237 234/234/234 238/238/238
f 239/239/239 235/235/235 232/232/232
f 239/239/239 232/232/232 236/236/236
f 240/240/240 236/236/236 233/233/233
f 240/240/240 233/233/233 237/237/237
f 241/241/241 237/237/237 238/238/238
f 241/241/241 238/238/238 242/242/242
f 243/243/243 239/239/239 236/236/236
f 243/243/243 236/236/236 240/240/240
f 244/244/244 240/240/240 237/237/237
f 244/244/244 237/237/237 241/241/241
f 245/245/245 241/241/241 242/242/242
f 245/245/245 242/242/242 246/246/246
f 247/247/247 243/243/243 240/240/240
f 247/247/247 240/240/240 244/244/244
f 248/248/248 244/244/244 241/241/241
f 248/248/248 241/241/241 245/245/245
f 249/249/249 245/245/245 246/246/246
f 249/249/249 246/246/246 250/250/250
f 251/251/251 245/245/245 249/249/249
f 251/251/251 248/248/248 245/245/245
f 250/250/250 252/252/252 249/249/249
f 251/251/251 249/249/249 252/252/252
f 250/250/250 253/253/253 252/252/252
f 254/254/254 244/244/244 248/248/248
f 254/254/254 247/247/247 244/244/244
f 251/251/251 252/252/252 255/255/255
f 255/255/255 252/252/252 256/256/256
f 255/255/255 256/256/256 257/257/257
f 258/258/258 248/248/248 251/251/251
f 258/258/258 251/251/251 255/255/255
f 258/258/258 254/254/254 248/248/248
f 259/259/259 255/255/255 257/257/257
f 258/258/258 255/255/255 259/259/259
f 259/259/259 257/257/257 260/260/260
f 260/260/260 261/261/261 259/259/259
f 260/260/260 262/262/262 261/261/261
f 261/261/261 262/262/262 263/263/263
f 259/259/259 264/264/264 258/258/258
f 259/259/259 261/261/261 264/264/264
f 261/261/261 263/263/263 265/265/265
f 264/264/264 261/261/261 265/265/265
f 265/265/265 263/263/263 266/266/266
f 265/265/265 266/266/266 267/267/267
f 254/254/254 258/258/258 268/268/268
f 268/268/268 258/258/258 264/264/264
f 264/264/264 265/265/265 269/269/269
f 269/269/269 265/265/265 267/267/267
f 254/254/254 268/268/268 270/270/270
f 247/247/247 254/254/254 270/270/270
f 268/268/268 264/264/264 271/271/271
f 271/271/271 264/264/264 269/269/269
f 247/247/247 270/270/270 272/272/272
f 243/243/243 247/247/247 272/272/272
f 270/270/270 268/268/268 273/273/273
f 268/268/268 271/271/271 273/273/273
f 243/243/243 272/272/272 274/274/274
f 239/239/239 243/243/243 274/274/274
f 272/272/272 270/270/270 275/275/275
f 270/270/270 273/273/273 275/275/275
f 239/239/239 274/274/274 276/276/276
f 235/235/235 239/239/239 276/276/276
f 274/274/274 272/272/272 277/277/277
f 272/272/272 275/275/275 277/277/277
f 235/235/235 276/276/276 278/278/278
f 218/218/218 235/235/235 278/278/278
f 276/276/276 274/274/274 279/279/279
f 274/274/274 277/277/277 279/279/279
f 218/218/218 278/278/278 280/280/280
f 218/218/218 280/280/280 213/213/213
f 278/278/278 276/276/276 281/281/281
f 276/276/276 279/279/279 281/281/281
f 280/280/280 278/278/278 282/282/282
f 278/278/278 281/281/281 282/282/282
f 213/213/213 280/280/280 283/283/283
f 280/280/280 282/282/282 283/283/283
f 213/213/213 283/283/283 284/284/284
f 213/213/213 284/284/284 212/212/212
f 284/284/284 285/285/285 212/212/212
f 212/212/212 285/285/285 203/203/203
f 285/285/285 201/201/201 203/203/203
f 285/285/285 286/286/286 201/201/201
f 286/286/286 199/199/199 201/201/201
f 284/284/284 287/287/287 285/285/285
f 287/287/287 286/286/286 285/285/285
f 284/284/284 283/283/283 288/288/288
f 284/284/284 288/288/288 287/287/287
f 283/283/283 282/282/282 289/289/289
f 283/283/283 289/289/289 288/288/288
f 282/282/282 281/281/281 290/290/290
f 282/282/282 290/290/290 289/289/289
f 286/286/286 291/291/291 199/199/199
f 291/291/291 197/197/197 199/199/199
f 287/287/287 292/292/292 286/286/286
f 292/292/292 291/291/291 286/286/286
f 287/287/287 288/288/288 293/293/293
f 287/287/287 293/293/293 292/292/292
f 288/288/288 289/289/289 294/294/294
f 288/288/288 294/294/294 293/293/293
f 291/291/291 295/295/295 197/197/197
f 295/295/295 196/196/196 197/197/197
f 292/292/292 296/296/296 291/291/291
f 296/296/296 295/295/295 291/291/291
f 292/292/292 293/293/293 297/297/297
f 292/292/292 297/297/297 296/296/296
f 295/295/295 298/298/298 196/196/196
f 298/298/298 195/195/195 196/196/196
f 296/296/296 299/299/299 295/295/295
f 299/299/299 298/298/298 295/295/295
f 298/298/298 300/300/300 195/195/195
f 300/300/300 301/301/301 195/195/195
f 300/300/300 302/302/302 301/301/301
f 303/303/303 300/300/300 298/298/298
f 299/299/299 303/303/303 298/298/298
f 304/304/304 302/302/302 300/300/300
f 303/303/303 304/304/304 300/300/300
f 304/304/304 305/305/305 302/302/302
f 304/304/304 306/306/306 305/305/305
f 304/304/304 307/307/307 306/306/306
f 303/303/303 307/307/307 304/304/304
f 307/307/307 308/308/308 306/306/306
f 296/296/296 309/309/309 299/299/299
f 296/296/296 297/297/297 309/309/309
f 299/299/299 310/310/310 303/303/303
f 299/299/299 309/309/309 310/310/310
f 307/307/307 311/311/311 308/308/308
f 311/311/311 312/312/312 308/308/308
f 311/311/311 313/313/313 312/312/312
f 303/303/303 314/314/314 307/307/307
f 314/314/314 311/311/311 307/307/307
f 303/303/303 310/310/310 314/314/314
f 315/315/315 313/313/313 311/311/311
f 314/314/314 315/315/315 311/311/311
f 297/297/297 316/316/316 309/309/309
f 309/309/309 317/317/317 310/310/310
f 309/309/309 316/316/316 317/317/317
f 310/310/310 318/318/318 314/314/314
f 310/310/310 317/317/317 318/318/318
f 314/314/314 319/319/319 315/315/315
f 314/314/314 318/318/318 319/319/319
f 297/297/297 320/320/320 316/316/316
f 293/293/293 320/320/320 297/297/297
f 293/293/293 294/294/294 320/320/320
f 315/315/315 321/321/321 313/313/313
f 322/322/322 313/313/313 321/321/321
f 322/322/322 323/323/323 313/313/313
f 321/321/321 324/324/324 322/322/322
f 315/315/315 325/325/325 321/321/321
f 321/321/321 325/325/325 324/324/324
f 315/315/315 319/319/319 325/325/325
f 325/325/325 326/326/326 324/324/324
f 325/325/325 327/327/327 326/326/326
f 319/319/319 327/327/327 325/325/325
f 327/327/327 328/328/328 326/326/326
f 319/319/319 329/329/329 327/327/327
f 318/318/318 329/329/329 319/319/319
f 327/327/327 330/330/330 328/328/328
f 329/329/329 330/330/330 327/327/327
f 330/330/330 331/331/331 328/328/328
f 318/318/318 332/332/332 329/329/329
f 317/317/317 332/332/332 318/318/318
f 329/329/329 333/333/333 330/330/330
f 332/332/332 333/333/333 329/329/329
f 330/330/330 334/334/334 331/331/331
f 333/333/333 334/334/334 330/330/330
f 334/334/334 335/335/335 331/331/331
f 317/317/317 336/336/336 332/332/332
f 316/316/316 336/336/336 317/317/317
f 332/332/332 337/337/337 333/333/333
f 336/336/336 337/337/337 332/332/332
f 333/333/333 338/338/338 334/334/334
f 337/337/337 338/338/338 333/333/333
f 334/334/334 339/339/339 335/335/335
f 338/338/338 339/339/339 334/334/334
f 339/339/339 340/340/340 335/335/335
f 316/316/316 341/341/341 336/336/336
f 320/320/320 341/341/341 316/316/316
f 336/336/336 342/342/342 337/337/337
f 341/341/341 342/342/342 336/336/336
f 337/337/337 343/343/343 338/338/338
f 342/342/342 343/343/343 337/337/337
f 338/338/338 344/344/344 339/339/339
f 343/343/343 344/344/344 338/338/338
f 339/339/339 345/345/345 340/340/340
f 344/344/344 345/345/345 339/339/339
f 320/320/320 346/346/346 341/341/341
f 294/294/294 346/346/346 320/320/320
f 341/341/341 347/347/347 342/342/342
f 346/346/346 347/347/347 341/341/341
f 342/342/342 348/348/348 343/343/343
f 347/347/347 348/348/348 342/342/342
f 340/340/340 345/345/345 349/349/349
f 340/340/340 349/349/349 350/350/350
f 343/343/343 351/351/351 344/344/344
f 348/348/348 351/351/351 343/343/343
f 344/344/344 352/352/352 345/345/345
f 352/352/352 349/349/349 345/345/345
f 351/351/351 352/352/352 344/344/344
f 351/351/351 353/353/353 352/352/352
f 352/352/352 354/354/354 349/349/349
f 353/353/353 354/354/354 352/352/352
f 354/354/354 355/355/355 349/349/349
f 354/354/354 356/356/356 355/355/355
f 357/357/357 356/356/356 354/354/354
f 353/353/353 357/357/357 354/354/354
f 357/357/357 358/358/358 356/356/356
f 359/359/359 358/358/358 357/357/357
f 359/359/359 357/357/357 360/360/360
f 360/360/360 357/357/357 353/353/353
f 360/360/360 353/353/353 361/361/361
f 360/360/360 362/362/362 359/359/359
f 360/360/360 363/363/363 362/362/362
f 361/361/361 363/363/363 360/360/360
f 363/363/363 364/364/364 362/362/362
f 363/363/363 365/365/365 364/364/364
f 366/366/366 353/353/353 351/351/351
f 348/348/348 366/366/366 351/351/351
f 367/367/367 361/361/361 353/353/353
f 366/366/366 367/367/367 353/353/353
f 368/368/368 366/366/366 348/348/348
f 347/347/347 368/368/368 348/348/348
f 369/369/369 367/367/367 366/366/366
f 368/368/368 369/369/369 366/366/366
f 370/370/370 368/368/368 347/347/347
f 346/346/346 370/370/370 347/347/347
f 361/361/361 371/371/371 363/363/363
f 371/371/371 365/365/365 363/363/363
f 369/369/369 372/372/372 367/367/367
f 372/372/372 361/361/361 367/367/367
f 373/373/373 369/369/369 368/368/368
f 370/370/370 373/373/373 368/368/368
f 374/374/374 370/370/370 346/346/346
f 294/294/294 374/374/374 346/346/346
f 289/289/289 374/374/374 294/294/294
f 289/289/289 290/290/290 374/374/374
f 374/374/374 375/375/375 370/370/370
f 290/290/290 375/375/375 374/374/374
f 375/375/375 373/373/373 370/370/370
f 373/373/373 376/376/376 369/369/369
f 376/376/376 372/372/372 369/369/369
f 290/290/290 377/377/377 375/375/375
f 281/281/281 377/377/377 290/290/290
f 281/281/281 279/279/279 377/377/377
f 375/375/375 378/378/378 373/373/373
f 377/377/377 378/378/378 375/375/375
f 378/378/378 376/376/376 373/373/373
f 279/279/279 379/379/379 377/377/377
f 377/377/377 379/379/379 378/378/378
f 279/279/279 277/277/277 379/379/379
f 378/378/378 380/380/380 376/376/376
f 379/379/379 380/380/380 378/378/378
f 277/277/277 381/381/381 379/379/379
f 379/379/379 381/381/381 380/380/380
f 277/277/277 275/275/275 381/381/381
f 376/376/376 382/382/382 372/372/372
f 380/380/380 382/382/382 376/376/376
f 381/381/381 383/383/383 380/380/380
f 380/380/380 383/383/383 382/382/382
f 275/275/275 384/384/384 381/381/381
f 381/381/381 384/384/384 383/383/383
f 275/275/275 273/273/273 384/384/384
f 382/382/382 385/385/385 372/372/372
f 372/372/372 385/385/385 361/361/361
f 383/383/383 386/386/386 382/382/382
f 382/382/382 386/386/386 385/385/385
f 384/384/384 387/387/387 383/383/383
f 383/383/383 387/387/387 386/386/386
f 273/273/273 388/388/388 384/384/384
f 384/384/384 388/388/388 387/387/387
f 273/273/273 271/271/271 388/388/388
f 361/361/361 385/385/385 389/389/389
f 361/361/361 389/389/389 371/371/371
f 385/385/385 386/386/386 390/390/390
f 385/385/385 390/390/390 389/389/389
f 386/386/386 387/387/387 391/391/391
f 386/386/386 391/391/391 390/390/390
f 387/387/387 388/388/388 392/392/392
f 387/387/387 392/392/392 391/391/391
f 388/388/388 271/271/271 393/393/393
f 388/388/388 393/393/393 392/392/392
f 271/271/271 269/269/269 393/393/393
f 393/393/393 269/269/269 394/394/394
f 269/269/269 267/267/267 394/394/394
f 392/392/392 393/393/393 395/395/395
f 393/393/393 394/394/394 395/395/395
f 396/396/396 394/394/394 267/267/267
f 395/395/395 394/394/394 396/396/396
f 396/396/396 267/267/267 397/397/397
f 395/395/395 396/396/396 398/398/398
f 392/392/392 395/395/395 399/399/399
f 399/399/399 395/395/395 398/398/398
f 391/391/391 392/392/392 399/399/399
f 399/399/399 398/398/398 400/400/400
f 391/391/391 399/399/399 401/401/401
f 401/401/401 399/399/399 400/400/400
f 390/390/390 391/391/391 401/401/401
f 401/401/401 400/400/400 402/402/402
f 390/390/390 401/401/401 403/403/403
f 403/403/403 401/401/401 402/402/402
f 389/389/389 390/390/390 403/403/403
f 403/403/403 402/402/402 404/404/404
f 389/389/389 403/403/403 405/405/405
f 405/405/405 403/403/403 404/404/404
f 371/371/371 389/389/389 405/405/405
f 405/405/405 404/404/404 406/406/406
f 371/371/371 405/405/405 407/407/407
f 407/407/407 405/405/405 406/406/406
f 371/371/371 407/407/407 365/365/365
f 407/407/407 406/406/406 408/408/408
f 408/408/408 365/365/365 407/407/407
f 408/408/408 409/409/409 365/365/365
f 410/410/410 412/412/412 411/411/411
f 410/410/410 413/413/413 412/412/412
f 414/414/414 413/413/413 410/410/410
f 414/414/414 410/410/410 415/415/415
f 416/416/416 414/414/414 415/415/415
f 416/416/416 415/415/415 417/417/417
f 418/418/418 416/416/416 417/417/417
f 418/418/418 417/417/417 419/419/419
f 420/420/420 418/418/418 419/419/419
f 420/420/420 419/419/419 421/421/421
f 422/422/422 420/420/420 421/421/421
f 422/422/422 421/421/421 423/423/423
f 424/424/424 422/422/422 423/423/423
f 424/424/424 423/423/423 425/425/425
f 426/426/426 424/424/424 425/425/425
f 426/426/426 425/425/425 427/427/427
f 428/428/428 426/426/426 427/427/427
f 428/428/428 427/427/427 429/429/429
f 429/429/429 430/430/430 428/428/428
f 429/429/429 431/431/431 430/430/430
f 432/432/432 416/416/416 418/418/418
f 433/433/433 418/418/418 420/420/420
f 433/433/433 432/432/432 418/418/418
f 434/434/434 420/420/420 422/422/422
f 434/434/434 433/433/433 420/420/420
f 435/435/435 422/422/422 424/424/424
f 435/435/435 434/434/434 422/422/422
f 436/436/436 424/424/424 426/426/426
f 436/436/436 435/435/435 424/424/424
f 437/437/437 426/426/426 428/428/428
f 437/437/437 436/436/436 426/426/426
f 428/428/428 430/430/430 438/438/438
f 428/428/428 438/438/438 437/437/437
f 439/439/439 436/436/436 437/437/437
f 439/439/439 437/437/437 438/438/438
f 440/440/440 435/435/435 436/436/436
f 439/439/439 440/440/440 436/436/436
f 441/441/441 434/434/434 435/435/435
f 440/440/440 441/441/441 435/435/435
f 442/442/442 433/433/433 434/434/434
f 441/441/441 442/442/442 434/434/434
f 430/430/430 443/443/443 438/438/438
f 430/430/430 444/444/444 443/443/443
f 445/445/445 438/438/438 443/443/443
f 439/439/439 438/438/438 445/445/445
f 445/445/445 443/443/443 446/446/446
f 447/447/447 440/440/440 439/439/439
f 447/447/447 439/439/439 445/445/445
f 448/448/448 445/445/445 446/446/446
f 447/447/447 445/445/445 448/448/448
f 448/448/448 446/446/446 449/449/449
f 450/450/450 441/441/441 440/440/440
f 447/447/447 450/450/450 440/440/440
f 451/451/451 447/447/447 448/448/448
f 450/450/450 447/447/447 451/451/451
f 452/452/452 448/448/448 449/449/449
f 451/451/451 448/448/448 452/452/452
f 452/452/452 449/449/449 453/453/453
f 452/452/452 453/453/453 454/454/454
f 452/452/452 454/454/454 455/455/455
f 451/451/451 452/452/452 455/455/455
f 455/455/455 454/454/454 456/456/456
f 450/450/450 457/457/457 441/441/441
f 457/457/457 442/442/442 441/441/441
f 450/450/450 451/451/451 458/458/458
f 457/457/457 450/450/450 458/458/458
f 451/451/451 455/455/455 459/459/459
f 459/459/459 458/458/458 451/451/451
f 455/455/455 456/456/456 460/460/460
f 459/459/459 455/455/455 460/460/460
f 461/461/461 460/460/460 456/456/456
f 461/461/461 456/456/456 462/462/462
f 457/457/457 463/463/463 442/442/442
f 457/457/457 458/458/458 464/464/464
f 463/463/463 457/457/457 464/464/464
f 459/459/459 465/465/465 458/458/458
f 465/465/465 464/464/464 458/458/458
f 459/459/459 460/460/460 466/466/466
f 466/466/466 465/465/465 459/459/459
f 467/467/467 460/460/460 461/461/461
f 467/467/467 466/466/466 460/460/460
f 466/466/466 468/468/468 465/465/465
f 467/467/467 468/468/468 466/466/466
f 465/465/465 469/469/469 464/464/464
f 468/468/468 469/469/469 465/465/465
f 470/470/470 467/467/467 461/461/461
f 470/470/470 461/461/461 471/471/471
f 467/467/467 472/472/472 468/468/468
f 470/470/470 472/472/472 467/467/467
f 471/471/471 473/473/473 470/470/470
f 471/471/471 474/474/474 473/473/473
f 469/469/469 475/475/475 464/464/464
f 463/463/463 464/464/464 475/475/475
f 468/468/468 476/476/476 469/469/469
f 472/472/472 476/476/476 468/468/468
f 470/470/470 477/477/477 472/472/472
f 477/477/477 470/470/470 473/473/473
f 474/474/474 478/478/478 473/473/473
f 474/474/474 479/479/479 478/478/478
f 469/469/469 480/480/480 475/475/475
f 476/476/476 480/480/480 469/469/469
f 472/472/472 481/481/481 476/476/476
f 477/477/477 481/481/481 472/472/472
f 477/477/477 473/473/473 482/482/482
f 482/482/482 473/473/473 478/478/478
f 479/479/479 483/483/483 478/478/478
f 479/479/479 484/484/484 483/483/483
f 476/476/476 485/485/485 480/480/480
f 481/481/481 485/485/485 476/476/476
f 477/477/477 486/486/486 481/481/481
f 486/486/486 477/477/477 482/482/482
f 482/482/482 478/478/478 487/487/487
f 487/487/487 478/478/478 483/483/483
f 484/484/484 488/488/488 483/483/483
f 484/484/484 489/489/489 488/488/488
f 481/481/481 490/490/490 485/485/485
f 486/486/486 490/490/490 481/481/481
f 486/486/486 482/482/482 491/491/491
f 491/491/491 482/482/482 487/487/487
f 487/487/487 483/483/483 492/492/492
f 492/492/492 483/483/483 488/488/488
f 489/489/489 493/493/493 488/488/488
f 489/489/489 494/494/494 493/493/493
f 486/486/486 495/495/495 490/490/490
f 495/495/495 486/486/486 491/491/491
f 491/491/491 487/487/487 496/496/496
f 496/496/496 487/487/487 492/492/492
f 492/492/492 488/488/488 497/497/497
f 497/497/497 488/488/488 493/493/493
f 494/494/494 498/498/498 493/493/493
f 494/494/494 499/499/499 498/498/498
f 500/500/500 493/493/493 498/498/498
f 497/497/497 493/493/493 500/500/500
f 500/500/500 498/498/498 501/501/501
f 502/502/502 492/492/492 497/497/497
f 496/496/496 492/492/492 502/502/502
f 503/503/503 491/491/491 496/496/496
f 495/495/495 491/491/491 503/503/503
f 504/504/504 497/497/497 500/500/500
f 502/502/502 497/497/497 504/504/504
f 505/505/505 500/500/500 501/501/501
f 504/504/504 500/500/500 505/505/505
f 505/505/505 501/501/501 506/506/506
f 507/507/507 496/496/496 502/502/502
f 503/503/503 496/496/496 507/507/507
f 508/508/508 502/502/502 504/504/504
f 507/507/507 502/502/502 508/508/508
f 509/509/509 504/504/504 505/505/505
f 508/508/508 504/504/504 509/509/509
f 510/510/510 505/505/505 506/506/506
f 509/509/509 505/505/505 510/510/510
f 510/510/510 506/506/506 511/511/511
f 512/512/512 510/510/510 511/511/511
f 512/512/512 511/511/511 513/513/513
f 514/514/514 509/509/509 510/510/510
f 514/514/514 510/510/510 512/512/512
f 515/515/515 508/508/508 509/509/509
f 515/515/515 509/509/509 514/514/514
f 516/516/516 507/507/507 508/508/508
f 516/516/516 508/508/508 515/515/515
f 517/517/517 503/503/503 507/507/507
f 517/517/517 507/507/507 516/516/516
f 518/518/518 512/512/512 513/513/513
f 518/518/518 513/513/513 519/519/519
f 520/520/520 514/514/514 512/512/512
f 520/520/520 512/512/512 518/518/518
f 521/521/521 515/515/515 514/514/514
f 521/521/521 514/514/514 520/520/520
f 522/522/522 516/516/516 515/515/515
f 522/522/522 515/515/515 521/521/521
f 523/523/523 518/518/518 519/519/519
f 523/523/523 519/519/519 524/524/524
f 525/525/525 520/520/520 518/518/518
f 525/525/525 518/518/518 523/523/523
f 526/526/526 521/521/521 520/520/520
f 526/526/526 520/520/520 525/525/525
f 527/527/527 523/523/523 524/524/524
f 527/527/527 524/524/524 528/528/528
f 529/529/529 525/525/525 523/523/523
f 529/529/529 523/523/523 527/527/527
f 530/530/530 527/527/527 528/528/528
f 530/530/530 528/528/528 531/531/531
f 532/532/532 530/530/530 531/531/531
f 532/532/532 533/533/533 530/530/530
f 534/534/534 527/527/527 530/530/530
f 533/533/533 534/534/534 530/530/530
f 534/534/534 529/529/529 527/527/527
f 533/533/533 535/535/535 534/534/534
f 535/535/535 536/536/536 534/534/534
f 536/536/536 529/529/529 534/534/534
f 535/535/535 537/537/537 536/536/536
f 538/538/538 525/525/525 529/529/529
f 536/536/536 538/538/538 529/529/529
f 538/538/538 526/526/526 525/525/525
f 537/537/537 539/539/539 536/536/536
f 539/539/539 538/538/538 536/536/536
f 537/537/537 540/540/540 539/539/539
f 541/541/541 526/526/526 538/538/538
f 539/539/539 541/541/541 538/538/538
f 540/540/540 542/542/542 539/539/539
f 542/542/542 541/541/541 539/539/539
f 540/540/540 543/543/543 542/542/542
f 541/541/541 544/544/544 526/526/526
f 544/544/544 521/521/521 526/526/526
f 544/544/544 522/522/522 521/521/521
f 543/543/543 545/545/545 542/542/542
f 543/543/543 546/546/546 545/545/545
f 545/545/545 546/546/546 547/547/547
f 542/542/542 548/548/548 541/541/541
f 548/548/548 544/544/544 541/541/541
f 545/545/545 548/548/548 542/542/542
f 549/549/549 522/522/522 544/544/544
f 548/548/548 549/549/549 544/544/544
f 545/545/545 550/550/550 548/548/548
f 550/550/550 549/549/549 548/548/548
f 549/549/549 551/551/551 522/522/522
f 551/551/551 516/516/516 522/522/522
f 551/551/551 517/517/517 516/516/516
f 552/552/552 551/551/551 549/549/549
f 550/550/550 552/552/552 549/549/549
f 550/550/550 545/545/545 553/553/553
f 545/545/545 547/547/547 553/553/553
f 554/554/554 517/517/517 551/551/551
f 552/552/552 554/554/554 551/551/551
f 552/552/552 550/550/550 555/555/555
f 550/550/550 553/553/553 555/555/555
f 554/554/554 556/556/556 517/517/517
f 556/556/556 503/503/503 517/517/517
f 556/556/556 495/495/495 503/503/503
f 554/554/554 552/552/552 557/557/557
f 552/552/552 555/555/555 557/557/557
f 556/556/556 554/554/554 558/558/558
f 554/554/554 557/557/557 558/558/558
f 495/495/495 556/556/556 559/559/559
f 556/556/556 558/558/558 559/559/559
f 495/495/495 559/559/559 490/490/490
f 490/490/490 559/559/559 560/560/560
f 490/490/490 560/560/560 485/485/485
f 559/559/559 558/558/558 561/561/561
f 559/559/559 561/561/561 560/560/560
f 558/558/558 557/557/557 562/562/562
f 558/558/558 562/562/562 561/561/561
f 557/557/557 555/555/555 563/563/563
f 557/557/557 563/563/563 562/562/562
f 485/485/485 560/560/560 564/564/564
f 485/485/485 564/564/564 480/480/480
f 560/560/560 561/561/561 565/565/565
f 560/560/560 565/565/565 564/564/564
f 561/561/561 562/562/562 566/566/566
f 561/561/561 566/566/566 565/565/565
f 480/480/480 564/564/564 567/567/567
f 480/480/480 567/567/567 475/475/475
f 564/564/564 565/565/565 568/568/568
f 564/564/564 568/568/568 567/567/567
f 569/569/569 475/475/475 567/567/567
f 569/569/569 463/463/463 475/475/475
f 555/555/555 570/570/570 563/563/563
f 555/555/555 553/553/553 570/570/570
f 562/562/562 563/563/563 571/571/571
f 562/562/562 571/571/571 566/566/566
f 565/565/565 566/566/566 572/572/572
f 565/565/565 572/572/572 568/568/568
f 573/573/573 567/567/567 568/568/568
f 573/573/573 569/569/569 567/567/567
f 463/463/463 569/569/569 574/574/574
f 463/463/463 574/574/574 442/442/442
f 442/442/442 574/574/574 433/433/433
f 574/574/574 432/432/432 433/433/433
f 569/569/569 575/575/575 574/574/574
f 574/574/574 575/575/575 432/432/432
f 569/569/569 573/573/573 575/575/575
f 576/576/576 573/573/573 568/568/568
f 576/576/576 568/568/568 572/572/572
f 566/566/566 577/577/577 572/572/572
f 566/566/566 571/571/571 577/577/577
f 575/575/575 578/578/578 432/432/432
f 432/432/432 578/578/578 416/416/416
f 578/578/578 414/414/414 416/416/416
f 573/573/573 579/579/579 575/575/575
f 575/575/575 579/579/579 578/578/578
f 573/573/573 576/576/576 579/579/579
f 578/578/578 580/580/580 414/414/414
f 579/579/579 580/580/580 578/578/578
f 580/580/580 413/413/413 414/414/414
f 581/581/581 576/576/576 572/572/572
f 581/581/581 572/572/572 577/577/577
f 576/576/576 582/582/582 579/579/579
f 579/579/579 582/582/582 580/580/580
f 576/576/576 581/581/581 582/582/582
f 580/580/580 583/583/583 413/413/413
f 582/582/582 583/583/583 580/580/580
f 581/581/581 584/584/584 582/582/582
f 582/582/582 584/584/584 583/583/583
f 413/413/413 583/583/583 585/585/585
f 584/584/584 585/585/585 583/583/583
f 413/413/413 585/585/585 412/412/412
f 586/586/586 581/581/581 577/577/577
f 581/581/581 586/586/586 584/584/584
f 412/412/412 585/585/585 587/587/587
f 412/412/412 587/587/587 588/588/588
f 584/584/584 589/589/589 585/585/585
f 589/589/589 587/587/587 585/585/585
f 586/586/586 589/589/589 584/584/584
f 589/589/589 590/590/590 587/587/587
f 591/591/591 590/590/590 589/589/589
f 586/586/586 591/591/591 589/589/589
f 591/591/591 592/592/592 590/590/590
f 593/593/593 592/592/592 591/591/591
f 593/593/593 591/591/591 594/594/594
f 594/594/594 591/591/591 586/586/586
f 594/594/594 595/595/595 593/593/593
f 586/586/586 577/577/577 596/596/596
f 594/594/594 586/586/586 596/596/596
f 571/571/571 596/596/596 577/577/577
f 594/594/594 597/597/597 595/595/595
f 596/596/596 597/597/597 594/594/594
f 597/597/597 598/598/598 595/595/595
f 571/571/571 599/599/599 596/596/596
f 596/596/596 599/599/599 597/597/597
f 563/563/563 599/599/599 571/571/571
f 563/563/563 570/570/570 599/599/599
f 599/599/599 600/600/600 597/597/597
f 599/599/599 570/570/570 600/600/600
f 597/597/597 600/600/600 598/598/598
f 553/553/553 600/600/600 570/570/570
f 553/553/553 547/547/547 600/600/600
f 547/547/547 598/598/598 600/600/600
f 547/547/547 601/601/601 598/598/598
f 602/602/602 604/604/604 603/603/603
f 602/602/602 603/603/603 605/605/605
f 606/606/606 602/602/602 605/605/605
f 607/607/607 605/605/605 603/603/603
f 607/607/607 603/603/603 608/608/608
f 606/606/606 605/605/605 609/609/609
f 610/610/610 606/606/606 609/609/609
f 611/611/611 605/605/605 607/607/607
f 611/611/611 609/609/609 605/605/605
f 612/612/612 607/607/607 608/608/608
f 612/612/612 608/608/608 613/613/613
f 610/610/610 609/609/609 614/614/614
f 615/615/615 610/610/610 614/614/614
f 616/616/616 609/609/609 611/611/611
f 616/616/616 614/614/614 609/609/609
f 617/617/617 611/611/611 607/607/607
f 617/617/617 607/607/607 612/612/612
f 618/618/618 612/612/612 613/613/613
f 618/618/618 613/613/613 619/619/619
f 615/615/615 614/614/614 620/620/620
f 621/621/621 615/615/615 620/620/620
f 622/622/622 616/616/616 611/611/611
f 622/622/622 611/611/611 617/617/617
f 623/623/623 617/617/617 612/612/612
f 623/623/623 612/612/612 618/618/618
f 624/624/624 618/618/618 619/619/619
f 624/624/624 619/619/619 625/625/625
f 626/626/626 614/614/614 616/616/616
f 626/626/626 620/620/620 614/614/614
f 621/621/621 620/620/620 627/627/627
f 628/628/628 621/621/621 627/627/627
f 629/629/629 622/622/622 617/617/617
f 629/629/629 617/617/617 623/623/623
f 630/630/630 623/623/623 618/618/618
f 630/630/630 618/618/618 624/624/624
f 631/631/631 624/624/624 625/625/625
f 631/631/631 625/625/625 632/632/632
f 633/633/633 620/620/620 626/626/626
f 633/633/633 627/627/627 620/620/620
f 628/628/628 627/627/627 634/634/634
f 634/634/634 635/635/635 628/628/628
f 636/636/636 629/629/629 623/623/623
f 636/636/636 623/623/623 630/630/630
f 637/637/637 630/630/630 624/624/624
f 637/637/637 624/624/624 631/631/631
f 638/638/638 631/631/631 632/632/632
f 638/638/638 632/632/632 639/639/639
f 640/640/640 627/627/627 633/633/633
f 640/640/640 634/634/634 627/627/627
f 641/641/641 636/636/636 630/630/630
f 641/641/641 630/630/630 637/637/637
f 642/642/642 637/637/637 631/631/631
f 642/642/642 631/631/631 638/638/638
f 643/643/643 638/638/638 639/639/639
f 643/643/643 639/639/639 644/644/644
f 645/645/645 641/641/641 637/637/637
f 645/645/645 637/637/637 642/642/642
f 646/646/646 642/642/642 638/638/638
f 646/646/646 638/638/638 643/643/643
f 647/647/647 643/643/643 644/644/644
f 647/647/647 644/644/644 648/648/648
f 649/649/649 647/647/647 648/648/648
f 649/649/649 650/650/650 647/647/647
f 651/651/651 643/643/643 647/647/647
f 650/650/650 651/651/651 647/647/647
f 651/651/651 646/646/646 643/643/643
f 650/650/650 652/652/652 651/651/651
f 652/652/652 653/653/653 651/651/651
f 653/653/653 646/646/646 651/651/651
f 652/652/652 654/654/654 653/653/653
f 655/655/655 642/642/642 646/646/646
f 653/653/653 655/655/655 646/646/646
f 655/655/655 645/645/645 642/642/642
f 654/654/654 656/656/656 653/653/653
f 656/656/656 655/655/655 653/653/653
f 654/654/654 657/657/657 656/656/656
f 658/658/658 645/645/645 655/655/655
f 656/656/656 658/658/658 655/655/655
f 657/657/657 659/659/659 656/656/656
f 659/659/659 658/658/658 656/656/656
f 657/657/657 660/660/660 659/659/659
f 658/658/658 661/661/661 645/645/645
f 661/661/661 641/641/641 645/645/645
f 659/659/659 662/662/662 658/658/658
f 662/662/662 661/661/661 658/658/658
f 660/660/660 663/663/663 659/659/659
f 663/663/663 662/662/662 659/659/659
f 660/660/660 664/664/664 663/663/663
f 663/663/663 664/664/664 665/665/665
f 661/661/661 666/666/666 641/641/641
f 666/666/666 636/636/636 641/641/641
f 662/662/662 667/667/667 661/661/661
f 667/667/667 666/666/666 661/661/661
f 663/663/663 668/668/668 662/662/662
f 668/668/668 667/667/667 662/662/662
f 666/666/666 669/669/669 636/636/636
f 669/669/669 629/629/629 636/636/636
f 667/667/667 670/670/670 666/666/666
f 670/670/670 669/669/669 666/666/666
f 669/669/669 671/671/671 629/629/629
f 671/671/671 622/622/622 629/629/629
f 663/663/663 665/665/665 672/672/672
f 668/668/668 663/663/663 672/672/672
f 668/668/668 673/673/673 667/667/667
f 673/673/673 670/670/670 667/667/667
f 670/670/670 674/674/674 669/669/669
f 674/674/674 671/671/671 669/669/669
f 671/671/671 675/675/675 622/622/622
f 675/675/675 616/616/616 622/622/622
f 675/675/675 626/626/626 616/616/616
f 676/676/676 675/675/675 671/671/671
f 674/674/674 676/676/676 671/671/671
f 677/677/677 626/626/626 675/675/675
f 676/676/676 677/677/677 675/675/675
f 677/677/677 633/633/633 626/626/626
f 678/678/678 674/674/674 670/670/670
f 673/673/673 678/678/678 670/670/670
f 673/673/673 668/668/668 679/679/679
f 668/668/668 672/672/672 679/679/679
f 680/680/680 676/676/676 674/674/674
f 678/678/678 680/680/680 674/674/674
f 681/681/681 633/633/633 677/677/677
f 681/681/681 640/640/640 633/633/633
f 682/682/682 677/677/677 676/676/676
f 680/680/680 682/682/682 676/676/676
f 682/682/682 681/681/681 677/677/677
f 678/678/678 673/673/673 683/683/683
f 673/673/673 679/679/679 683/683/683
f 680/680/680 678/678/678 684/684/684
f 678/678/678 683/683/683 684/684/684
f 682/682/682 680/680/680 685/685/685
f 680/680/680 684/684/684 685/685/685
f 681/681/681 682/682/682 686/686/686
f 682/682/682 685/685/685 686/686/686
f 640/640/640 681/681/681 687/687/687
f 681/681/681 686/686/686 687/687/687
f 640/640/640 687/687/687 688/688/688
f 634/634/634 640/640/640 688/688/688
f 634/634/634 688/688/688 689/689/689
f 634/634/634 689/689/689 635/635/635
f 683/683/683 679/679/679 690/690/690
f 684/684/684 683/683/683 691/691/691
f 683/683/683 690/690/690 691/691/691
f 685/685/685 684/684/684 692/692/692
f 684/684/684 691/691/691 692/692/692
f 686/686/686 685/685/685 693/693/693
f 685/685/685 692/692/692 693/693/693
f 687/687/687 686/686/686 694/694/694
f 686/686/686 693/693/693 694/694/694
f 688/688/688 687/687/687 695/695/695
f 687/687/687 694/694/694 695/695/695
f 689/689/689 688/688/688 696/696/696
f 688/688/688 695/695/695 696/696/696
f 679/679/679 697/697/697 690/690/690
f 679/679/679 672/672/672 697/697/697
f 672/672/672 698/698/698 697/697/697
f 672/672/672 665/665/665 698/698/698
f 690/690/690 697/697/697 699/699/699
f 699/699/699 697/697/697 698/698/698
f 665/665/665 700/700/700 698/698/698
f 665/665/665 701/701/701 700/700/700
f 702/702/702 698/698/698 700/700/700
f 699/699/699 698/698/698 702/702/702
f 702/702/702 700/700/700 703/703/703
f 690/690/690 699/699/699 704/704/704
f 691/691/691 690/690/690 704/704/704
f 705/705/705 699/699/699 702/702/702
f 704/704/704 699/699/699 705/705/705
f 706/706/706 702/702/702 703/703/703
f 705/705/705 702/702/702 706/706/706
f 706/706/706 703/703/703 707/707/707
f 691/691/691 704/704/704 708/708/708
f 692/692/692 691/691/691 708/708/708
f 704/704/704 705/705/705 709/709/709
f 708/708/708 704/704/704 709/709/709
f 706/706/706 710/710/710 705/705/705
f 709/709/709 705/705/705 710/710/710
f 707/707/707 711/711/711 706/706/706
f 706/706/706 711/711/711 710/710/710
f 707/707/707 712/712/712 711/711/711
f 711/711/711 712/712/712 713/713/713
f 711/711/711 713/713/713 714/714/714
f 710/710/710 711/711/711 714/714/714
f 714/714/714 713/713/713 715/715/715
f 692/692/692 708/708/708 716/716/716
f 693/693/693 692/692/692 716/716/716
f 708/708/708 709/709/709 717/717/717
f 716/716/716 708/708/708 717/717/717
f 709/709/709 710/710/710 718/718/718
f 717/717/717 709/709/709 718/718/718
f 710/710/710 714/714/714 719/719/719
f 718/718/718 710/710/710 719/719/719
f 714/714/714 715/715/715 720/720/720
f 719/719/719 714/714/714 720/720/720
f 693/693/693 716/716/716 721/721/721
f 694/694/694 693/693/693 721/721/721
f 716/716/716 717/717/717 722/722/722
f 721/721/721 716/716/716 722/722/722
f 717/717/717 718/718/718 723/723/723
f 722/722/722 717/717/717 723/723/723
f 718/718/718 719/719/719 724/724/724
f 723/723/723 718/718/718 724/724/724
f 694/694/694 721/721/721 725/725/725
f 695/695/695 694/694/694 725/725/725
f 726/726/726 720/720/720 715/715/715
f 726/726/726 715/715/715 727/727/727
f 719/719/719 720/720/720 728/728/728
f 724/724/724 719/719/719 728/728/728
f 729/729/729 720/720/720 726/726/726
f 729/729/729 728/728/728 720/720/720
f 724/724/724 728/728/728 730/730/730
f 730/730/730 728/728/728 729/729/729
f 723/723/723 724/724/724 731/731/731
f 731/731/731 724/724/724 730/730/730
f 732/732/732 729/729/729 726/726/726
f 732/732/732 726/726/726 733/733/733
f 730/730/730 729/729/729 734/734/734
f 734/734/734 729/729/729 732/732/732
f 733/733/733 735/735/735 732/732/732
f 733/733/733 736/736/736 735/735/735
f 737/737/737 723/723/723 731/731/731
f 722/722/722 723/723/723 737/737/737
f 731/731/731 730/730/730 738/738/738
f 738/738/738 730/730/730 734/734/734
f 734/734/734 732/732/732 739/739/739
f 735/735/735 739/739/739 732/732/732
f 736/736/736 740/740/740 735/735/735
f 736/736/736 741/741/741 740/740/740
f 737/737/737 731/731/731 742/742/742
f 742/742/742 731/731/731 738/738/738
f 722/722/722 737/737/737 743/743/743
f 743/743/743 737/737/737 742/742/742
f 738/738/738 734/734/734 744/744/744
f 744/744/744 734/734/734 739/739/739
f 735/735/735 745/745/745 739/739/739
f 740/740/740 745/745/745 735/735/735
f 741/741/741 746/746/746 740/740/740
f 741/741/741 747/747/747 746/746/746
f 742/742/742 738/738/738 748/748/748
f 748/748/748 738/738/738 744/744/744
f 744/744/744 739/739/739 749/749/749
f 745/745/745 749/749/749 739/739/739
f 740/740/740 750/750/750 745/745/745
f 746/746/746 750/750/750 740/740/740
f 747/747/747 751/751/751 746/746/746
f 747/747/747 752/752/752 751/751/751
f 753/753/753 742/742/742 748/748/748
f 743/743/743 742/742/742 753/753/753
f 748/748/748 744/744/744 754/754/754
f 754/754/754 744/744/744 749/749/749
f 745/745/745 755/755/755 749/749/749
f 750/750/750 755/755/755 745/745/745
f 746/746/746 756/756/756 750/750/750
f 751/751/751 756/756/756 746/746/746
f 752/752/752 757/757/757 751/751/751
f 752/752/752 758/758/758 757/757/757
f 753/753/753 748/748/748 759/759/759
f 759/759/759 748/748/748 754/754/754
f 754/754/754 749/749/749 760/760/760
f 755/755/755 760/760/760 749/749/749
f 750/750/750 761/761/761 755/755/755
f 756/756/756 761/761/761 750/750/750
f 751/751/751 762/762/762 756/756/756
f 757/757/757 762/762/762 751/751/751
f 758/758/758 763/763/763 757/757/757
f 758/758/758 764/764/764 763/763/763
f 763/763/763 765/765/765 757/757/757
f 757/757/757 765/765/765 762/762/762
f 763/763/763 766/766/766 765/765/765
f 762/762/762 767/767/767 756/756/756
f 756/756/756 767/767/767 761/761/761
f 761/761/761 768/768/768 755/755/755
f 755/755/755 768/768/768 760/760/760
f 765/765/765 769/769/769 762/762/762
f 762/762/762 769/769/769 767/767/767
f 766/766/766 770/770/770 765/765/765
f 765/765/765 770/770/770 769/769/769
f 766/766/766 771/771/771 770/770/770
f 767/767/767 772/772/772 761/761/761
f 761/761/761 772/772/772 768/768/768
f 769/769/769 773/773/773 767/767/767
f 767/767/767 773/773/773 772/772/772
f 771/771/771 774/774/774 770/770/770
f 771/771/771 775/775/775 774/774/774
f 770/770/770 776/776/776 769/769/769
f 769/769/769 776/776/776 773/773/773
f 770/770/770 774/774/774 776/776/776
f 775/775/775 777/777/777 774/774/774
f 775/775/775 778/778/778 777/777/777
f 774/774/774 779/779/779 776/776/776
f 774/774/774 777/777/777 779/779/779
f 776/776/776 780/780/780 773/773/773
f 776/776/776 779/779/779 780/780/780
f 773/773/773 781/781/781 772/772/772
f 773/773/773 780/780/780 781/781/781
f 772/772/772 782/782/782 768/768/768
f 772/772/772 781/781/781 782/782/782
f 778/778/778 783/783/783 777/777/777
f 778/778/778 784/784/784 783/783/783
f 777/777/777 785/785/785 779/779/779
f 777/777/777 783/783/783 785/785/785
f 779/779/779 786/786/786 780/780/780
f 779/779/779 785/785/785 786/786/786
f 780/780/780 787/787/787 781/781/781
f 780/780/780 786/786/786 787/787/787
f 784/784/784 788/788/788 783/783/783
f 784/784/784 789/789/789 788/788/788
f 783/783/783 790/790/790 785/785/785
f 783/783/783 788/788/788 790/790/790
f 785/785/785 791/791/791 786/786/786
f 785/785/785 790/790/790 791/791/791
f 789/789/789 792/792/792 788/788/788
f 789/789/789 793/793/793 792/792/792
f 788/788/788 794/794/794 790/790/790
f 788/788/788 792/792/792 794/794/794
f 793/793/793 795/795/795 792/792/792
f 793/793/793 796/796/796 795/795/795
f 797/797/797 795/795/795 796/796/796
f 797/797/797 798/798/798 795/795/795
f 792/792/792 795/795/795 799/799/799
f 798/798/798 799/799/799 795/795/795
f 792/792/792 799/799/799 794/794/794
f 798/798/798 800/800/800 799/799/799
f 800/800/800 801/801/801 799/799/799
f 794/794/794 799/799/799 801/801/801
f 800/800/800 802/802/802 801/801/801
f 790/790/790 794/794/794 803/803/803
f 794/794/794 801/801/801 803/803/803
f 790/790/790 803/803/803 791/791/791
f 802/802/802 804/804/804 801/801/801
f 803/803/803 801/801/801 804/804/804
f 802/802/802 805/805/805 804/804/804
f 791/791/791 803/803/803 806/806/806
f 803/803/803 804/804/804 806/806/806
f 805/805/805 807/807/807 804/804/804
f 806/806/806 804/804/804 807/807/807
f 805/805/805 808/808/808 807/807/807
f 791/791/791 806/806/806 809/809/809
f 786/786/786 791/791/791 809/809/809
f 786/786/786 809/809/809 787/787/787
f 806/806/806 807/807/807 810/810/810
f 809/809/809 806/806/806 810/810/810
f 808/808/808 811/811/811 807/807/807
f 810/810/810 807/807/807 811/811/811
f 808/808/808 812/812/812 811/811/811
f 811/811/811 812/812/812 813/813/813
f 787/787/787 809/809/809 814/814/814
f 809/809/809 810/810/810 814/814/814
f 810/810/810 811/811/811 815/815/815
f 814/814/814 810/810/810 815/815/815
f 787/787/787 814/814/814 816/816/816
f 781/781/781 787/787/787 816/816/816
f 781/781/781 816/816/816 782/782/782
f 816/816/816 814/814/814 817/817/817
f 814/814/814 815/815/815 817/817/817
f 818/818/818 815/815/815 811/811/811
f 811/811/811 813/813/813 818/818/818
f 782/782/782 816/816/816 819/819/819
f 816/816/816 817/817/817 819/819/819
f 820/820/820 817/817/817 815/815/815
f 818/818/818 820/820/820 815/815/815
f 782/782/782 819/819/819 821/821/821
f 768/768/768 782/782/782 821/821/821
f 768/768/768 821/821/821 760/760/760
f 822/822/822 819/819/819 817/817/817
f 820/820/820 822/822/822 817/817/817
f 823/823/823 760/760/760 821/821/821
f 823/823/823 754/754/754 760/760/760
f 759/759/759 754/754/754 823/823/823
f 824/824/824 821/821/821 819/819/819
f 824/824/824 823/823/823 821/821/821
f 822/822/822 824/824/824 819/819/819
f 825/825/825 759/759/759 823/823/823
f 825/825/825 823/823/823 824/824/824
f 826/826/826 824/824/824 822/822/822
f 826/826/826 825/825/825 824/824/824
f 827/827/827 822/822/822 820/820/820
f 827/827/827 826/826/826 822/822/822
f 828/828/828 759/759/759 825/825/825
f 828/828/828 753/753/753 759/759/759
f 829/829/829 825/825/825 826/826/826
f 829/829/829 828/828/828 825/825/825
f 830/830/830 753/753/753 828/828/828
f 830/830/830 743/743/743 753/753/753
f 831/831/831 827/827/827 820/820/820
f 831/831/831 820/820/820 818/818/818
f 832/832/832 826/826/826 827/827/827
f 832/832/832 829/829/829 826/826/826
f 833/833/833 828/828/828 829/829/829
f 833/833/833 830/830/830 828/828/828
f 834/834/834 743/743/743 830/830/830
f 722/722/722 743/743/743 834/834/834
f 721/721/721 722/722/722 834/834/834
f 725/725/725 721/721/721 834/834/834
f 834/834/834 830/830/830 835/835/835
f 725/725/725 834/834/834 835/835/835
f 835/835/835 830/830/830 833/833/833
f 818/818/818 836/836/836 831/831/831
f 818/818/818 813/813/813 836/836/836
f 837/837/837 833/833/833 829/829/829
f 837/837/837 829/829/829 832/832/832
f 838/838/838 725/725/725 835/835/835
f 695/695/695 725/725/725 838/838/838
f 696/696/696 695/695/695 838/838/838
f 835/835/835 833/833/833 839/839/839
f 838/838/838 835/835/835 839/839/839
f 839/839/839 833/833/833 837/837/837
f 696/696/696 838/838/838 840/840/840
f 840/840/840 838/838/838 839/839/839
f 839/839/839 837/837/837 841/841/841
f 840/840/840 839/839/839 841/841/841
f 842/842/842 837/837/837 832/832/832
f 841/841/841 837/837/837 842/842/842
f 843/843/843 696/696/696 840/840/840
f 689/689/689 696/696/696 843/843/843
f 844/844/844 840/840/840 841/841/841
f 843/843/843 840/840/840 844/844/844
f 689/689/689 843/843/843 845/845/845
f 844/844/844 845/845/845 843/843/843
f 689/689/689 845/845/845 635/635/635
f 844/844/844 841/841/841 846/846/846
f 841/841/841 842/842/842 846/846/846
f 635/635/635 845/845/845 847/847/847
f 635/635/635 847/847/847 848/848/848
f 844/844/844 849/849/849 845/845/845
f 849/849/849 847/847/847 845/845/845
f 846/846/846 849/849/849 844/844/844
f 849/849/849 850/850/850 847/847/847
f 851/851/851 850/850/850 849/849/849
f 846/846/846 851/851/851 849/849/849
f 851/851/851 852/852/852 850/850/850
f 851/851/851 853/853/853 852/852/852
f 846/846/846 854/854/854 851/851/851
f 851/851/851 854/854/854 853/853/853
f 846/846/846 842/842/842 854/854/854
f 854/854/854 855/855/855 853/853/853
f 854/854/854 856/856/856 855/855/855
f 842/842/842 856/856/856 854/854/854
f 856/856/856 857/857/857 855/855/855
f 842/842/842 858/858/858 856/856/856
f 842/842/842 832/832/832 858/858/858
f 858/858/858 832/832/832 827/827/827
f 858/858/858 827/827/827 831/831/831
f 858/858/858 831/831/831 836/836/836
f 858/858/858 836/836/836 856/856/856
f 856/856/856 836/836/836 857/857/857
f 813/813/813 857/857/857 836/836/836
f 813/813/813 859/859/859 857/857/857
f 860/860/860 862/862/862 861/861/861
f 860/860/860 861/861/861 863/863/863
f 863/863/863 864/864/864 860/860/860
f 863/863/863 865/865/865 864/864/864
f 865/865/865 866/866/866 864/864/864
f 867/867/867 863/863/863 861/861/861
f 867/867/867 865/865/865 863/863/863
f 865/865/865 868/868/868 866/866/866
f 868/868/868 869/869/869 866/866/866
f 867/867/867 861/861/861 870/870/870
f 871/871/871 867/867/867 870/870/870
f 870/870/870 861/861/861 872/872/872
f 870/870/870 872/872/872 873/873/873
f 867/867/867 874/874/874 865/865/865
f 874/874/874 868/868/868 865/865/865
f 871/871/871 874/874/874 867/867/867
f 875/875/875 870/870/870 873/873/873
f 871/871/871 870/870/870 875/875/875
f 876/876/876 871/871/871 875/875/875
f 875/875/875 873/873/873 877/877/877
f 878/878/878 875/875/875 877/877/877
f 876/876/876 875/875/875 878/878/878
f 878/878/878 877/877/877 879/879/879
f 878/878/878 879/879/879 880/880/880
f 878/878/878 880/880/880 881/881/881
f 876/876/876 878/878/878 881/881/881
f 881/881/881 880/880/880 882/882/882
f 881/881/881 882/882/882 883/883/883
f 876/876/876 881/881/881 884/884/884
f 884/884/884 881/881/881 883/883/883
f 874/874/874 885/885/885 868/868/868
f 871/871/871 886/886/886 874/874/874
f 886/886/886 885/885/885 874/874/874
f 885/885/885 887/887/887 868/868/868
f 868/868/868 887/887/887 869/869/869
f 887/887/887 888/888/888 869/869/869
f 887/887/887 889/889/889 888/888/888
f 889/889/889 890/890/890 888/888/888
f 885/885/885 891/891/891 887/887/887
f 891/891/891 889/889/889 887/887/887
f 889/889/889 892/892/892 890/890/890
f 892/892/892 893/893/893 890/890/890
f 886/886/886 894/894/894 885/885/885
f 894/894/894 891/891/891 885/885/885
f 891/891/891 895/895/895 889/889/889
f 895/895/895 892/892/892 889/889/889
f 894/894/894 896/896/896 891/891/891
f 896/896/896 895/895/895 891/891/891
f 871/871/871 897/897/897 886/886/886
f 886/886/886 898/898/898 894/894/894
f 886/886/886 897/897/897 898/898/898
f 894/894/894 899/899/899 896/896/896
f 894/894/894 898/898/898 899/899/899
f 871/871/871 900/900/900 897/897/897
f 876/876/876 900/900/900 871/871/871
f 892/892/892 901/901/901 893/893/893
f 895/895/895 902/902/902 892/892/892
f 902/902/902 901/901/901 892/892/892
f 896/896/896 903/903/903 895/895/895
f 903/903/903 902/902/902 895/895/895
f 893/893/893 901/901/901 904/904/904
f 893/893/893 904/904/904 905/905/905
f 902/902/902 906/906/906 901/901/901
f 906/906/906 904/904/904 901/901/901
f 896/896/896 899/899/899 907/907/907
f 896/896/896 907/907/907 903/903/903
f 903/903/903 908/908/908 902/902/902
f 908/908/908 906/906/906 902/902/902
f 906/906/906 909/909/909 904/904/904
f 909/909/909 910/910/910 904/904/904
f 909/909/909 911/911/911 910/910/910
f 912/912/912 909/909/909 906/906/906
f 908/908/908 912/912/912 906/906/906
f 913/913/913 911/911/911 909/909/909
f 912/912/912 913/913/913 909/909/909
f 913/913/913 914/914/914 911/911/911
f 913/913/913 915/915/915 914/914/914
f 913/913/913 916/916/916 915/915/915
f 912/912/912 916/916/916 913/913/913
f 916/916/916 917/917/917 915/915/915
f 903/903/903 918/918/918 908/908/908
f 903/903/903 907/907/907 918/918/918
f 908/908/908 919/919/919 912/912/912
f 908/908/908 918/918/918 919/919/919
f 912/912/912 920/920/920 916/916/916
f 912/912/912 919/919/919 920/920/920
f 916/916/916 921/921/921 917/917/917
f 920/920/920 921/921/921 916/916/916
f 921/921/921 922/922/922 917/917/917
f 921/921/921 923/923/923 922/922/922
f 920/920/920 924/924/924 921/921/921
f 924/924/924 923/923/923 921/921/921
f 907/907/907 925/925/925 918/918/918
f 918/918/918 926/926/926 919/919/919
f 918/918/918 925/925/925 926/926/926
f 919/919/919 927/927/927 920/920/920
f 919/919/919 926/926/926 927/927/927
f 920/920/920 928/928/928 924/924/924
f 920/920/920 927/927/927 928/928/928
f 907/907/907 929/929/929 925/925/925
f 899/899/899 929/929/929 907/907/907
f 899/899/899 930/930/930 929/929/929
f 898/898/898 930/930/930 899/899/899
f 898/898/898 931/931/931 930/930/930
f 897/897/897 931/931/931 898/898/898
f 897/897/897 932/932/932 931/931/931
f 900/900/900 932/932/932 897/897/897
f 900/900/900 933/933/933 932/932/932
f 876/876/876 933/933/933 900/900/900
f 876/876/876 934/934/934 933/933/933
f 934/934/934 876/876/876 884/884/884
f 929/929/929 935/935/935 925/925/925
f 930/930/930 936/936/936 929/929/929
f 929/929/929 936/936/936 935/935/935
f 931/931/931 937/937/937 930/930/930
f 930/930/930 937/937/937 936/936/936
f 932/932/932 938/938/938 931/931/931
f 931/931/931 938/938/938 937/937/937
f 933/933/933 939/939/939 932/932/932
f 932/932/932 939/939/939 938/938/938
f 934/934/934 940/940/940 933/933/933
f 933/933/933 940/940/940 939/939/939
f 925/925/925 935/935/935 941/941/941
f 925/925/925 941/941/941 926/926/926
f 926/926/926 941/941/941 942/942/942
f 926/926/926 942/942/942 927/927/927
f 927/927/927 942/942/942 943/943/943
f 927/927/927 943/943/943 928/928/928
f 938/938/938 944/944/944 937/937/937
f 939/939/939 945/945/945 938/938/938
f 938/938/938 945/945/945 944/944/944
f 940/940/940 946/946/946 939/939/939
f 939/939/939 946/946/946 945/945/945
f 937/937/937 944/944/944 947/947/947
f 937/937/937 947/947/947 936/936/936
f 936/936/936 947/947/947 948/948/948
f 936/936/936 948/948/948 935/935/935
f 935/935/935 948/948/948 949/949/949
f 935/935/935 949/949/949 941/941/941
f 941/941/941 949/949/949 950/950/950
f 941/941/941 950/950/950 942/942/942
f 942/942/942 951/951/951 943/943/943
f 942/942/942 950/950/950 951/951/951
f 945/945/945 952/952/952 944/944/944
f 944/944/944 953/953/953 947/947/947
f 944/944/944 952/952/952 953/953/953
f 947/947/947 954/954/954 948/948/948
f 947/947/947 953/953/953 954/954/954
f 948/948/948 955/955/955 949/949/949
f 948/948/948 954/954/954 955/955/955
f 949/949/949 956/956/956 950/950/950
f 949/949/949 955/955/955 956/956/956
f 950/950/950 957/957/957 951/951/951
f 950/950/950 956/956/956 957/957/957
f 945/945/945 958/958/958 952/952/952
f 946/946/946 958/958/958 945/945/945
f 953/953/953 959/959/959 954/954/954
f 954/954/954 960/960/960 955/955/955
f 954/954/954 959/959/959 960/960/960
f 955/955/955 961/961/961 956/956/956
f 955/955/955 960/960/960 961/961/961
f 960/960/960 962/962/962 961/961/961
f 952/952/952 963/963/963 953/953/953
f 953/953/953 963/963/963 959/959/959
f 956/956/956 961/961/961 964/964/964
f 956/956/956 964/964/964 957/957/957
f 959/959/959 965/965/965 960/960/960
f 960/960/960 965/965/965 962/962/962
f 965/965/965 966/966/966 962/962/962
f 959/959/959 967/967/967 965/965/965
f 963/963/963 967/967/967 959/959/959
f 967/967/967 966/966/966 965/965/965
f 952/952/952 968/968/968 963/963/963
f 958/958/958 968/968/968 952/952/952
f 963/963/963 969/969/969 967/967/967
f 968/968/968 969/969/969 963/963/963
f 961/961/961 970/970/970 964/964/964
f 961/961/961 962/962/962 970/970/970
f 967/967/967 971/971/971 966/966/966
f 969/969/969 971/971/971 967/967/967
f 957/957/957 964/964/964 972/972/972
f 964/964/964 970/970/970 973/973/973
f 964/964/964 973/973/973 972/972/972
f 957/957/957 972/972/972 974/974/974
f 951/951/951 957/957/957 974/974/974
f 951/951/951 974/974/974 975/975/975
f 943/943/943 951/951/951 975/975/975
f 943/943/943 975/975/975 976/976/976
f 928/928/928 943/943/943 976/976/976
f 928/928/928 976/976/976 977/977/977
f 924/924/924 928/928/928 977/977/977
f 924/924/924 977/977/977 978/978/978
f 924/924/924 978/978/978 923/923/923
f 979/979/979 923/923/923 978/978/978
f 979/979/979 980/980/980 923/923/923
f 978/978/978 981/981/981 979/979/979
f 978/978/978 977/977/977 981/981/981
f 977/977/977 982/982/982 981/981/981
f 977/977/977 976/976/976 982/982/982
f 976/976/976 983/983/983 982/982/982
f 976/976/976 975/975/975 983/983/983
f 975/975/975 984/984/984 983/983/983
f 975/975/975 974/974/974 984/984/984
f 974/974/974 985/985/985 984/984/984
f 974/974/974 972/972/972 985/985/985
f 972/972/972 986/986/986 985/985/985
f 972/972/972 973/973/973 986/986/986
f 986/986/986 973/973/973 987/987/987
f 986/986/986 987/987/987 988/988/988
f 970/970/970 987/987/987 973/973/973
f 970/970/970 989/989/989 987/987/987
f 989/989/989 990/990/990 987/987/987
f 989/989/989 991/991/991 990/990/990
f 962/962/962 989/989/989 970/970/970
f 992/992/992 991/991/991 989/989/989
f 962/962/962 992/992/992 989/989/989
f 992/992/992 993/993/993 991/991/991
f 994/994/994 993/993/993 992/992/992
f 995/995/995 992/992/992 962/962/962
f 994/994/994 992/992/992 995/995/995
f 995/995/995 996/996/996 994/994/994
f 995/995/995 962/962/962 966/966/966
f 995/995/995 997/997/997 996/996/996
f 966/966/966 997/997/997 995/995/995
f 997/997/997 998/998/998 996/996/996
f 997/997/997 999/999/999 998/998/998
f 966/966/966 1000/1000/1000 997/997/997
f 1000/1000/1000 999/999/999 997/997/997
f 966/966/966 1001/1001/1001 1000/1000/1000
f 966/966/966 971/971/971 1001/1001/1001
f 1000/1000/1000 1002/1002/1002 999/999/999
f 1003/1003/1003 999/999/999 1002/1002/1002
f 1003/1003/1003 1004/1004/1004 999/999/999
f 1002/1002/1002 1005/1005/1005 1003/1003/1003
f 1000/1000/1000 1006/1006/1006 1002/1002/1002
f 1002/1002/1002 1006/1006/1006 1005/1005/1005
f 1000/1000/1000 1001/1001/1001 1006/1006/1006
f 1006/1006/1006 1007/1007/1007 1005/1005/1005
f 1006/1006/1006 1008/1008/1008 1007/1007/1007
f 1001/1001/1001 1008/1008/1008 1006/1006/1006
f 1008/1008/1008 1009/1009/1009 1007/1007/1007
f 971/971/971 1010/1010/1010 1001/1001/1001
f 1001/1001/1001 1010/1010/1010 1008/1008/1008
f 1008/1008/1008 1011/1011/1011 1009/1009/1009
f 1010/1010/1010 1011/1011/1011 1008/1008/1008
f 1011/1011/1011 1012/1012/1012 1009/1009/1009
f 971/971/971 1013/1013/1013 1010/1010/1010
f 969/969/969 1013/1013/1013 971/971/971
f 1011/1011/1011 1014/1014/1014 1012/1012/1012
f 1014/1014/1014 1015/1015/1015 1012/1012/1012
f 1010/1010/1010 1016/1016/1016 1011/1011/1011
f 1013/1013/1013 1016/1016/1016 1010/1010/1010
f 1016/1016/1016 1014/1014/1014 1011/1011/1011
f 1017/1017/1017 1013/1013/1013 969/969/969
f 968/968/968 1017/1017/1017 969/969/969
f 1014/1014/1014 1018/1018/1018 1015/1015/1015
f 1018/1018/1018 1019/1019/1019 1015/1015/1015
f 1013/1013/1013 1020/1020/1020 1016/1016/1016
f 1017/1017/1017 1020/1020/1020 1013/1013/1013
f 1016/1016/1016 1021/1021/1021 1014/1014/1014
f 1021/1021/1021 1018/1018/1018 1014/1014/1014
f 1020/1020/1020 1021/1021/1021 1016/1016/1016
f 1022/1022/1022 1017/1017/1017 968/968/968
f 958/958/958 1022/1022/1022 968/968/968
f 1023/1023/1023 1020/1020/1020 1017/1017/1017
f 1022/1022/1022 1023/1023/1023 1017/1017/1017
f 1020/1020/1020 1024/1024/1024 1021/1021/1021
f 1023/1023/1023 1024/1024/1024 1020/1020/1020
f 1021/1021/1021 1025/1025/1025 1018/1018/1018
f 1024/1024/1024 1025/1025/1025 1021/1021/1021
f 1018/1018/1018 1026/1026/1026 1019/1019/1019
f 1025/1025/1025 1026/1026/1026 1018/1018/1018
f 1027/1027/1027 1022/1022/1022 958/958/958
f 946/946/946 1027/1027/1027 958/958/958
f 1028/1028/1028 1023/1023/1023 1022/1022/1022
f 1027/1027/1027 1028/1028/1028 1022/1022/1022
f 1029/1029/1029 1024/1024/1024 1023/1023/1023
f 1028/1028/1028 1029/1029/1029 1023/1023/1023
f 1019/1019/1019 1026/1026/1026 1030/1030/1030
f 1019/1019/1019 1030/1030/1030 1031/1031/1031
f 1025/1025/1025 1032/1032/1032 1026/1026/1026
f 1032/1032/1032 1030/1030/1030 1026/1026/1026
f 1024/1024/1024 1033/1033/1033 1025/1025/1025
f 1029/1029/1029 1033/1033/1033 1024/1024/1024
f 1033/1033/1033 1032/1032/1032 1025/1025/1025
f 1034/1034/1034 1027/1027/1027 946/946/946
f 940/940/940 1034/1034/1034 946/946/946
f 1035/1035/1035 1028/1028/1028 1027/1027/1027
f 1034/1034/1034 1035/1035/1035 1027/1027/1027
f 1032/1032/1032 1036/1036/1036 1030/1030/1030
f 1036/1036/1036 1037/1037/1037 1030/1030/1030
f 1036/1036/1036 1038/1038/1038 1037/1037/1037
f 1039/1039/1039 1029/1029/1029 1028/1028/1028
f 1035/1035/1035 1039/1039/1039 1028/1028/1028
f 1033/1033/1033 1040/1040/1040 1032/1032/1032
f 1040/1040/1040 1036/1036/1036 1032/1032/1032
f 1041/1041/1041 1038/1038/1038 1036/1036/1036
f 1040/1040/1040 1041/1041/1041 1036/1036/1036
f 1041/1041/1041 1042/1042/1042 1038/1038/1038
f 1043/1043/1043 1042/1042/1042 1041/1041/1041
f 1044/1044/1044 1033/1033/1033 1029/1029/1029
f 1039/1039/1039 1044/1044/1044 1029/1029/1029
f 1044/1044/1044 1040/1040/1040 1033/1033/1033
f 1043/1043/1043 1041/1041/1041 1045/1045/1045
f 1045/1045/1045 1041/1041/1041 1040/1040/1040
f 1045/1045/1045 1046/1046/1046 1043/1043/1043
f 1044/1044/1044 1047/1047/1047 1040/1040/1040
f 1045/1045/1045 1040/1040/1040 1047/1047/1047
f 1045/1045/1045 1048/1048/1048 1046/1046/1046
f 1047/1047/1047 1048/1048/1048 1045/1045/1045
f 1048/1048/1048 1049/1049/1049 1046/1046/1046
f 1048/1048/1048 1050/1050/1050 1049/1049/1049
f 1051/1051/1051 1044/1044/1044 1039/1039/1039
f 1051/1051/1051 1047/1047/1047 1044/1044/1044
f 1047/1047/1047 1052/1052/1052 1048/1048/1048
f 1052/1052/1052 1050/1050/1050 1048/1048/1048
f 1053/1053/1053 1051/1051/1051 1039/1039/1039
f 1053/1053/1053 1039/1039/1039 1035/1035/1035
f 1047/1047/1047 1051/1051/1051 1054/1054/1054
f 1047/1047/1047 1054/1054/1054 1052/1052/1052
f 1051/1051/1051 1053/1053/1053 1055/1055/1055
f 1051/1051/1051 1055/1055/1055 1054/1054/1054
f 1056/1056/1056 1053/1053/1053 1035/1035/1035
f 1056/1056/1056 1035/1035/1035 1034/1034/1034
f 1053/1053/1053 1057/1057/1057 1055/1055/1055
f 1053/1053/1053 1056/1056/1056 1057/1057/1057
f 1058/1058/1058 1056/1056/1056 1034/1034/1034
f 1058/1058/1058 1034/1034/1034 940/940/940
f 934/934/934 1058/1058/1058 940/940/940
f 1056/1056/1056 1058/1058/1058 1059/1059/1059
f 1056/1056/1056 1059/1059/1059 1057/1057/1057
f 1058/1058/1058 934/934/934 1060/1060/1060
f 1058/1058/1058 1060/1060/1060 1059/1059/1059
f 934/934/934 884/884/884 1060/1060/1060
f 1060/1060/1060 884/884/884 1061/1061/1061
f 884/884/884 883/883/883 1061/1061/1061
f 1059/1059/1059 1060/1060/1060 1062/1062/1062
f 1060/1060/1060 1061/1061/1061 1062/1062/1062
f 1063/1063/1063 1061/1061/1061 883/883/883
f 1062/1062/1062 1061/1061/1061 1063/1063/1063
f 1063/1063/1063 883/883/883 1064/1064/1064
f 1062/1062/1062 1063/1063/1063 1065/1065/1065
f 1059/1059/1059 1062/1062/1062 1066/1066/1066
f 1066/1066/1066 1062/1062/1062 1065/1065/1065
f 1057/1057/1057 1059/1059/1059 1066/1066/1066
f 1066/1066/1066 1065/1065/1065 1067/1067/1067
f 1057/1057/1057 1066/1066/1066 1068/1068/1068
f 1068/1068/1068 1066/1066/1066 1067/1067/1067
f 1055/1055/1055 1057/1057/1057 1068/1068/1068
f 1068/1068/1068 1067/1067/1067 1069/1069/1069
f 1055/1055/1055 1068/1068/1068 1070/1070/1070
f 1070/1070/1070 1068/1068/1068 1069/1069/1069
f 1054/1054/1054 1055/1055/1055 1070/1070/1070
f 1070/1070/1070 1069/1069/1069 1071/1071/1071
f 1054/1054/1054 1070/1070/1070 1072/1072/1072
f 1072/1072/1072 1070/1070/1070 1071/1071/1071
f 1052/1052/1052 1054/1054/1054 1072/1072/1072
f 1072/1072/1072 1071/1071/1071 1073/1073/1073
f 1052/1052/1052 1072/1072/1072 1074/1074/1074
f 1074/1074/1074 1072/1072/1072 1073/1073/1073
f 1052/1052/1052 1074/1074/1074 1050/1050/1050
f 1074/1074/1074 1073/1073/1073 1075/1075/1075
f 1075/1075/1075 1050/1050/1050 1074/1074/1074
f 1075/1075/1075 1076/1076/1076 1050/1050/1050
f 1077/1077/1077 1079/1079/1079 1078/1078/1078
f 1077/1077/1077 1078/1078/1078 1080/1080/1080
f 1081/1081/1081 1080/1080/1080 1078/1078/1078
f 1081/1081/1081 1078/1078/1078 1082/1082/1082
f 1083/1083/1083 1081/1081/1081 1082/1082/1082
f 1083/1083/1083 1082/1082/1082 1084/1084/1084
f 1084/1084/1084 1085/1085/1085 1083/1083/1083
f 1084/1084/1084 1086/1086/1086 1085/1085/1085
f 1085/1085/1085 1086/1086/1086 1087/1087/1087
f 1085/1085/1085 1087/1087/1087 1088/1088/1088
f 1088/1088/1088 1087/1087/1087 1089/1089/1089
f 1083/1083/1083 1085/1085/1085 1090/1090/1090
f 1090/1090/1090 1085/1085/1085 1088/1088/1088
f 1091/1091/1091 1081/1081/1081 1083/1083/1083
f 1083/1083/1083 1090/1090/1090 1091/1091/1091
f 1092/1092/1092 1080/1080/1080 1081/1081/1081
f 1091/1091/1091 1092/1092/1092 1081/1081/1081
f 1093/1093/1093 1077/1077/1077 1080/1080/1080
f 1094/1094/1094 1077/1077/1077 1093/1093/1093
f 1094/1094/1094 1095/1095/1095 1077/1077/1077
f 1093/1093/1093 1096/1096/1096 1094/1094/1094
f 1093/1093/1093 1080/1080/1080 1097/1097/1097
f 1092/1092/1092 1097/1097/1097 1080/1080/1080
f 1093/1093/1093 1098/1098/1098 1096/1096/1096
f 1097/1097/1097 1098/1098/1098 1093/1093/1093
f 1098/1098/1098 1099/1099/1099 1096/1096/1096
f 1092/1092/1092 1100/1100/1100 1097/1097/1097
f 1097/1097/1097 1100/1100/1100 1098/1098/1098
f 1098/1098/1098 1101/1101/1101 1099/1099/1099
f 1100/1100/1100 1101/1101/1101 1098/1098/1098
f 1101/1101/1101 1102/1102/1102 1099/1099/1099
f 1091/1091/1091 1103/1103/1103 1092/1092/1092
f 1092/1092/1092 1103/1103/1103 1100/1100/1100
f 1100/1100/1100 1104/1104/1104 1101/1101/1101
f 1103/1103/1103 1104/1104/1104 1100/1100/1100
f 1101/1101/1101 1105/1105/1105 1102/1102/1102
f 1104/1104/1104 1105/1105/1105 1101/1101/1101
f 1105/1105/1105 1106/1106/1106 1102/1102/1102
f 1091/1091/1091 1107/1107/1107 1103/1103/1103
f 1107/1107/1107 1091/1091/1091 1090/1090/1090
f 1103/1103/1103 1108/1108/1108 1104/1104/1104
f 1107/1107/1107 1108/1108/1108 1103/1103/1103
f 1105/1105/1105 1109/1109/1109 1106/1106/1106
f 1109/1109/1109 1110/1110/1110 1106/1106/1106
f 1104/1104/1104 1111/1111/1111 1105/1105/1105
f 1108/1108/1108 1111/1111/1111 1104/1104/1104
f 1111/1111/1111 1109/1109/1109 1105/1105/1105
f 1109/1109/1109 1112/1112/1112 1110/1110/1110
f 1112/1112/1112 1113/1113/1113 1110/1110/1110
f 1111/1111/1111 1114/1114/1114 1109/1109/1109
f 1114/1114/1114 1112/1112/1112 1109/1109/1109
f 1108/1108/1108 1115/1115/1115 1111/1111/1111
f 1115/1115/1115 1114/1114/1114 1111/1111/1111
f 1107/1107/1107 1116/1116/1116 1108/1108/1108
f 1116/1116/1116 1115/1115/1115 1108/1108/1108
f 1107/1107/1107 1090/1090/1090 1117/1117/1117
f 1116/1116/1116 1107/1107/1107 1117/1117/1117
f 1112/1112/1112 1118/1118/1118 1113/1113/1113
f 1118/1118/1118 1119/1119/1119 1113/1113/1113
f 1114/1114/1114 1120/1120/1120 1112/1112/1112
f 1120/1120/1120 1118/1118/1118 1112/1112/1112
f 1115/1115/1115 1121/1121/1121 1114/1114/1114
f 1121/1121/1121 1120/1120/1120 1114/1114/1114
f 1116/1116/1116 1122/1122/1122 1115/1115/1115
f 1122/1122/1122 1121/1121/1121 1115/1115/1115
f 1118/1118/1118 1123/1123/1123 1119/1119/1119
f 1123/1123/1123 1124/1124/1124 1119/1119/1119
f 1120/1120/1120 1125/1125/1125 1118/1118/1118
f 1125/1125/1125 1123/1123/1123 1118/1118/1118
f 1121/1121/1121 1126/1126/1126 1120/1120/1120
f 1126/1126/1126 1125/1125/1125 1120/1120/1120
f 1116/1116/1116 1117/1117/1117 1127/1127/1127
f 1122/1122/1122 1116/1116/1116 1127/1127/1127
f 1122/1122/1122 1128/1128/1128 1121/1121/1121
f 1128/1128/1128 1126/1126/1126 1121/1121/1121
f 1122/1122/1122 1127/1127/1127 1129/1129/1129
f 1128/1128/1128 1122/1122/1122 1129/1129/1129
f 1123/1123/1123 1130/1130/1130 1124/1124/1124
f 1125/1125/1125 1131/1131/1131 1123/1123/1123
f 1131/1131/1131 1130/1130/1130 1123/1123/1123
f 1126/1126/1126 1132/1132/1132 1125/1125/1125
f 1132/1132/1132 1131/1131/1131 1125/1125/1125
f 1128/1128/1128 1133/1133/1133 1126/1126/1126
f 1133/1133/1133 1132/1132/1132 1126/1126/1126
f 1128/1128/1128 1129/1129/1129 1134/1134/1134
f 1133/1133/1133 1128/1128/1128 1134/1134/1134
f 1124/1124/1124 1130/1130/1130 1135/1135/1135
f 1124/1124/1124 1135/1135/1135 1136/1136/1136
f 1137/1137/1137 1129/1129/1129 1127/1127/1127
f 1138/1138/1138 1134/1134/1134 1129/1129/1129
f 1137/1137/1137 1138/1138/1138 1129/1129/1129
f 1139/1139/1139 1137/1137/1137 1127/1127/1127
f 1139/1139/1139 1127/1127/1127 1117/1117/1117
f 1140/1140/1140 1139/1139/1139 1117/1117/1117
f 1140/1140/1140 1117/1117/1117 1090/1090/1090
f 1090/1090/1090 1088/1088/1088 1140/1140/1140
f 1140/1140/1140 1088/1088/1088 1141/1141/1141
f 1088/1088/1088 1089/1089/1089 1141/1141/1141
f 1142/1142/1142 1139/1139/1139 1140/1140/1140
f 1140/1140/1140 1141/1141/1141 1142/1142/1142
f 1143/1143/1143 1137/1137/1137 1139/1139/1139
f 1142/1142/1142 1143/1143/1143 1139/1139/1139
f 1144/1144/1144 1141/1141/1141 1089/1089/1089
f 1144/1144/1144 1089/1089/1089 1145/1145/1145
f 1146/1146/1146 1142/1142/1142 1141/1141/1141
f 1146/1146/1146 1141/1141/1141 1144/1144/1144
f 1146/1146/1146 1143/1143/1143 1142/1142/1142
f 1143/1143/1143 1147/1147/1147 1137/1137/1137
f 1147/1147/1147 1138/1138/1138 1137/1137/1137
f 1148/1148/1148 1146/1146/1146 1144/1144/1144
f 1148/1148/1148 1144/1144/1144 1149/1149/1149
f 1146/1146/1146 1150/1150/1150 1143/1143/1143
f 1148/1148/1148 1150/1150/1150 1146/1146/1146
f 1150/1150/1150 1147/1147/1147 1143/1143/1143
f 1148/1148/1148 1151/1151/1151 1150/1150/1150
f 1151/1151/1151 1152/1152/1152 1150/1150/1150
f 1150/1150/1150 1152/1152/1152 1147/1147/1147
f 1151/1151/1151 1153/1153/1153 1152/1152/1152
f 1147/1147/1147 1154/1154/1154 1138/1138/1138
f 1152/1152/1152 1154/1154/1154 1147/1147/1147
f 1153/1153/1153 1155/1155/1155 1152/1152/1152
f 1152/1152/1152 1155/1155/1155 1154/1154/1154
f 1153/1153/1153 1156/1156/1156 1155/1155/1155
f 1154/1154/1154 1157/1157/1157 1138/1138/1138
f 1138/1138/1138 1157/1157/1157 1134/1134/1134
f 1155/1155/1155 1158/1158/1158 1154/1154/1154
f 1154/1154/1154 1158/1158/1158 1157/1157/1157
f 1156/1156/1156 1159/1159/1159 1155/1155/1155
f 1155/1155/1155 1159/1159/1159 1158/1158/1158
f 1156/1156/1156 1160/1160/1160 1159/1159/1159
f 1157/1157/1157 1161/1161/1161 1134/1134/1134
f 1133/1133/1133 1134/1134/1134 1161/1161/1161
f 1158/1158/1158 1162/1162/1162 1157/1157/1157
f 1157/1157/1157 1162/1162/1162 1161/1161/1161
f 1159/1159/1159 1163/1163/1163 1158/1158/1158
f 1158/1158/1158 1163/1163/1163 1162/1162/1162
f 1160/1160/1160 1164/1164/1164 1159/1159/1159
f 1159/1159/1159 1164/1164/1164 1163/1163/1163
f 1160/1160/1160 1165/1165/1165 1164/1164/1164
f 1166/1166/1166 1133/1133/1133 1161/1161/1161
f 1133/1133/1133 1166/1166/1166 1132/1132/1132
f 1162/1162/1162 1167/1167/1167 1161/1161/1161
f 1166/1166/1166 1161/1161/1161 1167/1167/1167
f 1163/1163/1163 1168/1168/1168 1162/1162/1162
f 1162/1162/1162 1168/1168/1168 1167/1167/1167
f 1164/1164/1164 1169/1169/1169 1163/1163/1163
f 1163/1163/1163 1169/1169/1169 1168/1168/1168
f 1165/1165/1165 1170/1170/1170 1164/1164/1164
f 1164/1164/1164 1170/1170/1170 1169/1169/1169
f 1165/1165/1165 1171/1171/1171 1170/1170/1170
f 1166/1166/1166 1172/1172/1172 1132/1132/1132
f 1132/1132/1132 1172/1172/1172 1131/1131/1131
f 1173/1173/1173 1166/1166/1166 1167/1167/1167
f 1166/1166/1166 1173/1173/1173 1172/1172/1172
f 1168/1168/1168 1174/1174/1174 1167/1167/1167
f 1173/1173/1173 1167/1167/1167 1174/1174/1174
f 1169/1169/1169 1175/1175/1175 1168/1168/1168
f 1168/1168/1168 1175/1175/1175 1174/1174/1174
f 1170/1170/1170 1176/1176/1176 1169/1169/1169
f 1169/1169/1169 1176/1176/1176 1175/1175/1175
f 1171/1171/1171 1177/1177/1177 1170/1170/1170
f 1170/1170/1170 1177/1177/1177 1176/1176/1176
f 1171/1171/1171 1178/1178/1178 1177/1177/1177
f 1172/1172/1172 1179/1179/1179 1131/1131/1131
f 1131/1131/1131 1179/1179/1179 1130/1130/1130
f 1173/1173/1173 1180/1180/1180 1172/1172/1172
f 1172/1172/1172 1180/1180/1180 1179/1179/1179
f 1130/1130/1130 1179/1179/1179 1181/1181/1181
f 1180/1180/1180 1181/1181/1181 1179/1179/1179
f 1130/1130/1130 1181/1181/1181 1135/1135/1135
f 1182/1182/1182 1173/1173/1173 1174/1174/1174
f 1173/1173/1173 1182/1182/1182 1180/1180/1180
f 1175/1175/1175 1183/1183/1183 1174/1174/1174
f 1182/1182/1182 1174/1174/1174 1183/1183/1183
f 1176/1176/1176 1184/1184/1184 1175/1175/1175
f 1175/1175/1175 1184/1184/1184 1183/1183/1183
f 1177/1177/1177 1185/1185/1185 1176/1176/1176
f 1176/1176/1176 1185/1185/1185 1184/1184/1184
f 1135/1135/1135 1181/1181/1181 1186/1186/1186
f 1135/1135/1135 1186/1186/1186 1187/1187/1187
f 1180/1180/1180 1188/1188/1188 1181/1181/1181
f 1188/1188/1188 1186/1186/1186 1181/1181/1181
f 1182/1182/1182 1188/1188/1188 1180/1180/1180
f 1188/1188/1188 1189/1189/1189 1186/1186/1186
f 1190/1190/1190 1189/1189/1189 1188/1188/1188
f 1182/1182/1182 1190/1190/1190 1188/1188/1188
f 1190/1190/1190 1191/1191/1191 1189/1189/1189
f 1190/1190/1190 1192/1192/1192 1191/1191/1191
f 1182/1182/1182 1193/1193/1193 1190/1190/1190
f 1190/1190/1190 1193/1193/1193 1192/1192/1192
f 1182/1182/1182 1183/1183/1183 1193/1193/1193
f 1193/1193/1193 1194/1194/1194 1192/1192/1192
f 1183/1183/1183 1195/1195/1195 1193/1193/1193
f 1193/1193/1193 1195/1195/1195 1194/1194/1194
f 1183/1183/1183 1184/1184/1184 1195/1195/1195
f 1195/1195/1195 1196/1196/1196 1194/1194/1194
f 1184/1184/1184 1197/1197/1197 1195/1195/1195
f 1195/1195/1195 1197/1197/1197 1196/1196/1196
f 1184/1184/1184 1185/1185/1185 1197/1197/1197
f 1198/1198/1198 1196/1196/1196 1197/1197/1197
f 1198/1198/1198 1199/1199/1199 1196/1196/1196
f 1200/1200/1200 1197/1197/1197 1185/1185/1185
f 1200/1200/1200 1198/1198/1198 1197/1197/1197
f 1177/1177/1177 1200/1200/1200 1185/1185/1185
f 1178/1178/1178 1200/1200/1200 1177/1177/1177
f 1178/1178/1178 1201/1201/1201 1200/1200/1200
f 1201/1201/1201 1198/1198/1198 1200/1200/1200
f 1201/1201/1201 1202/1202/1202 1198/1198/1198
