# Wyeksportowano z NFSEngine Exporter
o Mesh_beben_wyso_A_65182.obj
v -0.01666711 0.02494409 -0.02500544
v -0.0114805 0.02771638 0.02500633
v -0.01666711 0.02494409 0.02500633
v -0.0114805 0.02771638 -0.02500544
v -0.00585271 0.02942356 0.02500633
v -0.00585271 0.02942356 -0.02500544
v 0 0.03 0.02500633
v 0 0.03 -0.02500544
v 0.00585271 0.02942356 0.02500633
v 0.00585271 0.02942356 -0.02500544
v 0.0114805 0.02771638 0.02500633
v 0.0114805 0.02771638 -0.02500544
v 0.01666711 0.02494409 0.02500633
v 0.01666711 0.02494409 -0.02500544
v 0.0212132 0.0212132 0.02500633
v 0.0212132 0.0212132 -0.02500544
v 0.02494409 0.01666711 0.02500633
v 0.02494409 0.01666711 -0.02500544
v -0.0212132 0.0212132 -0.02500544
v -0.01666711 0.02494409 -0.02500544
v -0.01666711 0.02494409 0.02500633
v -0.0212132 0.0212132 0.02500633
v -0.02494409 0.01666711 -0.02500544
v -0.02494409 0.01666711 0.02500633
v -0.02771638 0.0114805 -0.02500544
v -0.02771638 0.0114805 0.02500633
v -0.02942356 0.00585271 -0.02500544
v -0.02942356 0.00585271 0.02500633
v -0.03 0 -0.02500544
v -0.03 0 0.02500633
v -0.02942356 -0.00585271 -0.02500544
v -0.02942356 -0.00585271 0.02500633
v -0.02771638 -0.0114805 -0.02500544
v -0.02771638 -0.0114805 0.02500633
v -0.02494409 -0.01666711 -0.02500544
v -0.02494409 -0.01666711 0.02500633
v -0.0212132 -0.0212132 -0.02500544
v -0.02494409 -0.01666711 -0.02500544
v -0.02494409 -0.01666711 0.02500633
v -0.0212132 -0.0212132 0.02500633
v -0.01666711 -0.02494409 -0.02500544
v -0.01666711 -0.02494409 0.02500633
v -0.0114805 -0.02771638 -0.02500544
v -0.0114805 -0.02771638 0.02500633
v -0.00585271 -0.02942356 -0.02500544
v -0.00585271 -0.02942356 0.02500633
v 0 -0.03 -0.02500544
v 0 -0.03 0.02500633
v 0.00585271 -0.02942356 -0.02500544
v 0.00585271 -0.02942356 0.02500633
v 0.0114805 -0.02771638 -0.02500544
v 0.0114805 -0.02771638 0.02500633
v 0.01666711 -0.02494409 -0.02500544
v 0.01666711 -0.02494409 0.02500633
v 0.0212132 -0.0212132 -0.02500544
v 0.01666711 -0.02494409 -0.02500544
v 0.01666711 -0.02494409 0.02500633
v 0.0212132 -0.0212132 0.02500633
v 0.02494409 -0.01666711 -0.02500544
v 0.02494409 -0.01666711 0.02500633
v 0.02771638 -0.0114805 -0.02500544
v 0.02771638 -0.0114805 0.02500633
v 0.02942356 -0.00585271 -0.02500544
v 0.02942356 -0.00585271 0.02500633
v 0.03 0 -0.02500544
v 0.03 0 0.02500633
v 0.02942356 0.00585271 -0.02500544
v 0.02942356 0.00585271 0.02500633
v 0.02771638 0.0114805 -0.02500544
v 0.02771638 0.0114805 0.02500633
v 0.02494409 0.01666711 -0.02500544
v 0.02494409 0.01666711 0.02500633
v 0.0172223 0.02577499 -0.02901198
v 0.02150912 0.02150912 -0.02966528
v 0.02191982 0.02191982 -0.02901198
v 0.01689961 0.02529205 -0.02966528
v 0.01186292 0.02863962 -0.02901198
v 0.01164065 0.02810302 -0.02966528
v 0.006047668 0.03040368 -0.02901198
v 0.005934358 0.02983403 -0.02966528
v -4.709698E-12 0.03099932 -0.02901198
v -4.805056E-12 0.03041851 -0.02966528
v -0.006047668 0.03040368 -0.02901198
v -0.005934358 0.02983403 -0.02966528
v 0.02587519 0.01728925 0.02877267
v 0.02557189 0.01708659 0.02950624
v 0.0217471 0.0217471 0.02950624
v 0.02200503 0.02200503 0.02877267
v 0.01708659 0.02557188 0.02950624
v 0.01728925 0.02587519 0.02877267
v 0.01176944 0.02841394 0.02950624
v 0.01190904 0.02875096 0.02877267
v 0.006000015 0.03016412 0.02950624
v 0.006071179 0.03052188 0.02877267
v -4.940693E-12 0.03075505 0.02950624
v -4.920368E-12 0.03111983 0.02877267
v -0.006000015 0.03016412 0.02950624
v -0.006071179 0.03052188 0.02877267
v -0.01176944 0.02841394 0.02950624
v -0.01190904 0.02875096 0.02877267
v -0.01708659 0.02557188 0.02950624
v -0.01728925 0.02587519 0.02877267
v -0.01733731 0.02594712 0.02598519
v -0.01194215 0.02883089 0.02598519
v -0.006088053 0.03060671 0.02598519
v -4.493939E-12 0.03120633 0.02598519
v -0.006063445 0.030483 0.0255374
v -0.01189388 0.02871436 0.0255374
v -4.376496E-12 0.03108019 0.0255374
v 0.006088053 0.03060671 0.02598519
v 0.006063445 0.030483 0.0255374
v 0.01194215 0.02883089 0.02598519
v 0.006020176 0.03026547 0.02529594
v -3.391717E-12 0.0308584 0.02529594
v 0.011809 0.02850944 0.02529594
v 0.01189388 0.02871436 0.0255374
v 0.01714401 0.02565783 0.02529594
v 0.01726723 0.02584224 0.0255374
v 0.01733731 0.02594712 0.02598519
v 0.02197702 0.02197702 0.0255374
v 0.02206621 0.02206621 0.02598519
v 0.02584224 0.01726723 0.0255374
v 0.02594711 0.01733731 0.02598519
v 0.02875097 0.01190904 0.02877267
v 0.02871436 0.01189388 0.0255374
v 0.02883089 0.01194215 0.02598519
v 0.02875097 0.01190904 0.02877267
v 0.02557189 0.01708659 0.02950624
v 0.02587519 0.01728925 0.02877267
v 0.02841395 0.01176945 0.02950624
v 0.03052187 0.006071179 0.02877267
v 0.0301641 0.006000013 0.02950624
v 0.02883089 0.01194215 0.02598519
v 0.03111983 1.14726E-09 0.02877267
v 0.03075504 9.191269E-10 0.02950624
v 0.03060671 0.006088055 0.02598519
v 0.03052187 -0.006071177 0.02877267
v 0.0301641 -0.006000011 0.02950624
v 0.030483 0.006063447 0.0255374
v 0.02871436 0.01189388 0.0255374
v 0.03108019 1.031715E-09 0.0255374
v 0.03120633 1.150452E-09 0.02598519
v 0.02875097 -0.01190904 0.02877267
v 0.02841395 -0.01176944 0.02950624
v 0.03060671 -0.006088052 0.02598519
v 0.030483 -0.006063445 0.0255374
v 0.02587519 -0.01728925 0.02877267
v 0.02557189 -0.01708659 0.02950624
v 0.03026547 -0.006020176 0.02529594
v 0.0308584 8.200595E-10 0.02529594
v 0.02850944 -0.011809 0.02529594
v 0.02871436 -0.01189387 0.0255374
v 0.02565783 -0.01714401 0.02529594
v 0.02584224 -0.01726723 0.0255374
v 0.02883089 -0.01194215 0.02598519
v 0.02594711 -0.01733731 0.02598519
v 0.02197702 -0.02197702 0.0255374
v 0.02200503 -0.02200503 0.02877267
v 0.0217471 -0.0217471 0.02950624
v 0.02206621 -0.02206621 0.02598519
v 0.01726723 -0.02584224 0.0255374
v 0.01728925 -0.02587519 0.02877267
v 0.01708659 -0.02557188 0.02950624
v 0.01733731 -0.02594711 0.02598519
v 0.01189387 -0.02871435 0.0255374
v 0.01194215 -0.02883089 0.02598519
v 0.02863963 0.01186293 -0.02901198
v 0.02983402 0.005934356 -0.02966528
v 0.03040367 0.006047667 -0.02901198
v 0.02810303 0.01164066 -0.02966528
v 0.02577499 0.0172223 -0.02901198
v 0.02529206 0.01689961 -0.02966528
v 0.02191982 0.02191982 -0.02901198
v 0.02150912 0.02150912 -0.02966528
v 0.02725595 0.01128978 -0.03
v 0.02452971 0.01639023 -0.03
v 0.02086079 0.02086079 -0.03
v 0.02893476 0.005755483 -0.03
v 0.03041849 7.176947E-10 -0.02966528
v 0.01639022 0.0245297 -0.03
v 0.01689961 0.02529205 -0.02966528
v 0.02950163 1.652774E-10 -0.03
v 0.02983402 -0.005934354 -0.02966528
v 0.01128978 0.02725594 -0.03
v 0.01164065 0.02810302 -0.02966528
v 0.02893476 -0.005755483 -0.03
v 0.02810302 -0.01164065 -0.02966528
v 0.005755485 0.02893477 -0.03
v 0.005934358 0.02983403 -0.02966528
v 0.02725595 -0.01128978 -0.03
v 0.02529206 -0.01689961 -0.02966528
v -4.190395E-12 0.02950163 -0.03
v -4.805056E-12 0.03041851 -0.02966528
v 0.02452971 -0.01639023 -0.03
v 0.02150912 -0.02150912 -0.02966528
v -0.005755485 0.02893477 -0.03
v -0.005934358 0.02983403 -0.02966528
v 0.02865949 -0.005700728 -0.03
v 0.02699665 -0.01118238 -0.03
v 0.02429635 -0.0162343 -0.03
v 0.02922097 0 -0.03
v 0.02865949 0.005700728 -0.03
v 0.02699665 0.01118238 -0.03
v 0.02429635 0.0162343 -0.03
v 0.02066234 0.02066234 -0.03
v 0.01623429 0.02429634 -0.03
v 0.01118237 0.02699663 -0.03
v 0.00570073 0.0286595 -0.03
v -4.111327E-12 0.02922097 -0.03
v 0.02819629 0.005608591 -0.03
v 0.02656032 0.01100164 -0.03
v 0.02390366 0.01597192 -0.03
v 0.02032839 0.02032839 -0.03
v 0.01597191 0.02390365 -0.03
v 0.01100164 0.02656032 -0.03
v 0.005608589 0.02819628 -0.03
v 0.02874869 0 -0.03
v 0.02819629 -0.005608591 -0.03
v 0.02656032 -0.01100164 -0.03
v 0.02390366 -0.01597192 -0.03
v 0.01580177 0.02364902 -0.02994039
v 0.01088445 0.02627738 -0.02994039
v 0.02011184 0.02011184 -0.02994039
v 0.02364902 0.01580177 -0.02994039
v 0.02627738 0.01088445 -0.02994039
v 0.02789592 0.005548844 -0.02994039
v 0.02844243 0 -0.02994039
v 0.02789592 -0.005548844 -0.02994039
v 0.02627738 -0.01088445 -0.02994039
v 0.02364902 -0.01580177 -0.02994039
v 0.02345789 0.01567406 -0.02977753
v 0.01994929 0.01994929 -0.02977753
v 0.02606501 0.01079648 -0.02977753
v 0.01567406 0.02345789 -0.02977753
v 0.02767047 0.005503998 -0.02977753
v 0.02821256 0 -0.02977753
v 0.02767047 -0.005503998 -0.02977753
v 0.02606501 -0.01079648 -0.02977753
v 0.02345789 -0.01567406 -0.02977753
v 0.01079648 0.02606501 -0.02977753
v 0.01994929 -0.01994929 -0.02977753
v 0.005548845 0.02789592 -0.02994039
v 0.005503998 0.02767047 -0.02977753
v 0.02011184 -0.02011184 -0.02994039
v 0.01567406 -0.02345789 -0.02977753
v -4.948864E-12 0.02874869 -0.03
v -5.431045E-12 0.02844243 -0.02994039
v -5.819362E-12 0.02821256 -0.02977753
v 0.02032839 -0.02032839 -0.03
v 0.01580177 -0.02364902 -0.02994039
v 0.01079648 -0.02606501 -0.02977753
v -0.00570073 0.0286595 -0.03
v -0.005608589 0.02819628 -0.03
v -0.005548845 0.02789592 -0.02994039
v -0.005503998 0.02767047 -0.02977753
v 0.02066234 -0.02066234 -0.03
v 0.01597191 -0.02390365 -0.03
v 0.01088445 -0.02627738 -0.02994039
v 0.005503998 -0.02767047 -0.02977753
v -0.01088445 0.02627738 -0.02994039
v -0.01079648 0.02606501 -0.02977753
v -0.01100164 0.02656032 -0.03
v 0.02086079 -0.02086079 -0.03
v 0.01623429 -0.02429634 -0.03
v 0.01100164 -0.02656032 -0.03
v 0.005548845 -0.02789592 -0.02994039
v -5.819362E-12 -0.02821256 -0.02977753
v 0.01689961 -0.02529205 -0.02966528
v 0.02191982 -0.02191982 -0.02901198
v 0.0172223 -0.02577499 -0.02901198
v 0.01639022 -0.0245297 -0.03
v 0.01164065 -0.02810302 -0.02966528
v 0.01186292 -0.02863962 -0.02901198
v 0.01118237 -0.02699663 -0.03
v 0.005608589 -0.02819628 -0.03
v -5.431045E-12 -0.02844243 -0.02994039
v -0.005503998 -0.02767047 -0.02977753
v 0.01128978 -0.02725594 -0.03
v 0.005934356 -0.02983402 -0.02966528
v 0.006047665 -0.03040367 -0.02901198
v 0.00570073 -0.0286595 -0.03
v 0.005755484 -0.02893477 -0.03
v -4.805057E-12 -0.03041851 -0.02966528
v -4.948864E-12 -0.02874869 -0.03
v -0.005548845 -0.02789592 -0.02994039
v -0.01079648 -0.02606501 -0.02977753
v -4.190396E-12 -0.02950163 -0.03
v -0.005934356 -0.02983402 -0.02966528
v -4.111327E-12 -0.02922097 -0.03
v -0.005608589 -0.02819628 -0.03
v -0.01088445 -0.02627738 -0.02994039
v -0.01567406 -0.02345789 -0.02977753
v -0.005755484 -0.02893477 -0.03
v -0.01164065 -0.02810302 -0.02966528
v -0.00570073 -0.0286595 -0.03
v -0.01100164 -0.02656032 -0.03
v -0.01580177 -0.02364902 -0.02994039
v -0.01994929 -0.01994929 -0.02977753
v -0.01128978 -0.02725594 -0.03
v -0.01689961 -0.02529205 -0.02966528
v -0.01118237 -0.02699663 -0.03
v -0.01597191 -0.02390365 -0.03
v -0.02011184 -0.02011184 -0.02994039
v -0.02345789 -0.01567406 -0.02977753
v -0.01639022 -0.0245297 -0.03
v -0.02150912 -0.02150912 -0.02966528
v -0.01623429 -0.02429634 -0.03
v -0.02032839 -0.02032839 -0.03
v -0.02364902 -0.01580177 -0.02994039
v -0.02606501 -0.01079648 -0.02977753
v -0.02066234 -0.02066234 -0.03
v -0.02086079 -0.02086079 -0.03
v -0.02390366 -0.01597192 -0.03
v -0.02627738 -0.01088445 -0.02994039
v -0.02767047 -0.005503998 -0.02977753
v -0.02429635 -0.0162343 -0.03
v -0.02529206 -0.01689961 -0.02966528
v -0.02191982 -0.02191982 -0.02901198
v -0.02577499 -0.0172223 -0.02901198
v -0.02656032 -0.01100164 -0.03
v -0.02789592 -0.005548844 -0.02994039
v -0.02821256 0 -0.02977753
v -0.02452971 -0.01639023 -0.03
v -0.02810302 -0.01164065 -0.02966528
v -0.02863963 -0.01186292 -0.02901198
v -0.02699665 -0.01118238 -0.03
v -0.02819629 -0.005608591 -0.03
v -0.02844243 0 -0.02994039
v -0.02767047 0.005503998 -0.02977753
v -0.02725595 -0.01128978 -0.03
v -0.02983402 -0.005934354 -0.02966528
v -0.03040367 -0.006047665 -0.02901198
v -0.02865949 -0.005700728 -0.03
v -0.02893476 -0.005755483 -0.03
v -0.03041849 7.176947E-10 -0.02966528
v -0.02874869 0 -0.03
v -0.02789592 0.005548844 -0.02994039
v -0.02606501 0.01079648 -0.02977753
v -0.02950163 1.652774E-10 -0.03
v -0.02983402 0.005934356 -0.02966528
v -0.02922097 0 -0.03
v -0.02819629 0.005608591 -0.03
v -0.02627738 0.01088445 -0.02994039
v -0.02345789 0.01567406 -0.02977753
v -0.02893476 0.005755483 -0.03
v -0.02810302 0.01164066 -0.02966528
v -0.02865949 0.005700728 -0.03
v -0.02656032 0.01100164 -0.03
v -0.02364902 0.01580177 -0.02994039
v -0.01994929 0.01994929 -0.02977753
v -0.02725595 0.01128978 -0.03
v -0.02529206 0.01689961 -0.02966528
v -0.02699665 0.01118238 -0.03
v -0.02390366 0.01597192 -0.03
v -0.02011184 0.02011184 -0.02994039
v -0.01567406 0.02345789 -0.02977753
v -0.02452971 0.01639023 -0.03
v -0.02150912 0.02150912 -0.02966528
v -0.02429635 0.0162343 -0.03
v -0.02032839 0.02032839 -0.03
v -0.01580177 0.02364902 -0.02994039
v -0.01597191 0.02390365 -0.03
v -0.02066234 0.02066234 -0.03
v -0.02086079 0.02086079 -0.03
v -0.01623429 0.02429634 -0.03
v -0.01689961 0.02529205 -0.02966528
v -0.02191982 0.02191982 -0.02901198
v -0.0172223 0.02577499 -0.02901198
v -0.01118237 0.02699663 -0.03
v -0.01639022 0.0245297 -0.03
v -0.01164065 0.02810302 -0.02966528
v -0.01186292 0.02863962 -0.02901198
v -0.01128978 0.02725594 -0.03
v -0.006047668 0.03040368 -0.02901198
v 0.03040367 0.006047667 -0.02901198
v 0.02983402 0.005934356 -0.02966528
v 0.03041849 7.176947E-10 -0.02966528
v 0.03099931 1.051877E-09 -0.02901198
v 0.02983402 -0.005934354 -0.02966528
v 0.03040367 -0.006047665 -0.02901198
v 0.02810302 -0.01164065 -0.02966528
v 0.02863963 -0.01186292 -0.02901198
v 0.02529206 -0.01689961 -0.02966528
v 0.02577499 -0.0172223 -0.02901198
v 0.02150912 -0.02150912 -0.02966528
v 0.02191982 -0.02191982 -0.02901198
v 0.006047665 -0.03040367 -0.02901198
v 0.005934356 -0.02983402 -0.02966528
v -4.805057E-12 -0.03041851 -0.02966528
v -4.709698E-12 -0.03099932 -0.02901198
v -0.005934356 -0.02983402 -0.02966528
v -0.006047665 -0.03040367 -0.02901198
v -0.01164065 -0.02810302 -0.02966528
v -0.01186292 -0.02863962 -0.02901198
v -0.01689961 -0.02529205 -0.02966528
v -0.0172223 -0.02577499 -0.02901198
v -0.02150912 -0.02150912 -0.02966528
v -0.02191982 -0.02191982 -0.02901198
v -0.02587519 -0.01728925 0.02877267
v -0.02557189 -0.01708659 0.02950624
v -0.0217471 -0.0217471 0.02950624
v -0.02200503 -0.02200503 0.02877267
v -0.01708659 -0.02557188 0.02950624
v -0.02206621 -0.02206621 0.02598519
v -0.02594711 -0.01733731 0.02598519
v -0.02584224 -0.01726723 0.0255374
v -0.02197702 -0.02197702 0.0255374
v -0.01733731 -0.02594711 0.02598519
v -0.01726723 -0.02584224 0.0255374
v -0.01728925 -0.02587519 0.02877267
v -0.01176944 -0.02841394 0.02950624
v -0.01194215 -0.02883089 0.02598519
v -0.01190904 -0.02875096 0.02877267
v -0.00600001 -0.03016409 0.02950624
v -0.01189387 -0.02871435 0.0255374
v -0.01714401 -0.02565783 0.02529594
v -0.011809 -0.02850944 0.02529594
v -0.006071176 -0.03052186 0.02877267
v -4.940693E-12 -0.03075505 0.02950624
v -0.006088053 -0.03060671 0.02598519
v -0.006063445 -0.03048299 0.0255374
v -0.006020176 -0.03026547 0.02529594
v -4.920368E-12 -0.03111983 0.02877267
v 0.00600001 -0.03016409 0.02950624
v -4.493939E-12 -0.03120633 0.02598519
v -4.376496E-12 -0.03108019 0.0255374
v -3.391717E-12 -0.0308584 0.02529594
v 0.006088053 -0.03060671 0.02598519
v 0.006063445 -0.03048299 0.0255374
v 0.006071176 -0.03052186 0.02877267
v 0.01176944 -0.02841394 0.02950624
v 0.01194215 -0.02883089 0.02598519
v 0.01189387 -0.02871435 0.0255374
v 0.01190904 -0.02875096 0.02877267
v 0.01708659 -0.02557188 0.02950624
v 0.01733731 -0.02594711 0.02598519
v 0.01728925 -0.02587519 0.02877267
v -0.03040367 -0.006047665 -0.02901198
v -0.02983402 -0.005934354 -0.02966528
v -0.03041849 7.176947E-10 -0.02966528
v -0.03099931 1.051877E-09 -0.02901198
v -0.02983402 0.005934356 -0.02966528
v -0.03040367 0.006047667 -0.02901198
v -0.02810302 0.01164066 -0.02966528
v -0.02863963 0.01186293 -0.02901198
v -0.02529206 0.01689961 -0.02966528
v -0.02577499 0.0172223 -0.02901198
v -0.02150912 0.02150912 -0.02966528
v -0.02191982 0.02191982 -0.02901198
v -0.01728925 0.02587519 0.02877267
v -0.01708659 0.02557188 0.02950624
v -0.0217471 0.0217471 0.02950624
v -0.02200503 0.02200503 0.02877267
v -0.02557189 0.01708659 0.02950624
v -0.02206621 0.02206621 0.02598519
v -0.01733731 0.02594712 0.02598519
v -0.02587519 0.01728925 0.02877267
v -0.02841396 0.01176945 0.02950624
v -0.02594711 0.01733731 0.02598519
v -0.02875097 0.01190904 0.02877267
v -0.0301641 0.006000013 0.02950624
v -0.02883089 0.01194215 0.02598519
v -0.03052187 0.006071179 0.02877267
v -0.03075504 9.191269E-10 0.02950624
v -0.03060671 0.006088055 0.02598519
v -0.03111983 1.14726E-09 0.02877267
v -0.0301641 -0.006000011 0.02950624
v -0.03120633 1.150452E-09 0.02598519
v -0.03052187 -0.006071177 0.02877267
v -0.02841395 -0.01176944 0.02950624
v -0.03060671 -0.006088052 0.02598519
v -0.02875097 -0.01190904 0.02877267
v -0.02557189 -0.01708659 0.02950624
v -0.02587519 -0.01728925 0.02877267
v -0.02594711 -0.01733731 0.02598519
v -0.02883089 -0.01194215 0.02598519
v -0.02871436 -0.01189387 0.0255374
v -0.02584224 -0.01726723 0.0255374
v -0.030483 -0.006063445 0.0255374
v -0.03108019 1.031715E-09 0.0255374
v -0.030483 0.006063447 0.0255374
v -0.03026547 0.006020178 0.02529594
v -0.0308584 8.200595E-10 0.02529594
v -0.02850944 0.011809 0.02529594
v -0.02871436 0.01189388 0.0255374
v -0.02565783 0.01714401 0.02529594
v -0.02584224 0.01726723 0.0255374
v -0.02197702 0.02197702 0.0255374
v -0.01726723 0.02584224 0.0255374
v -0.01189388 0.02871436 0.0255374
v -0.01194215 0.02883089 0.02598519
v -0.006063445 0.030483 0.0255374
v -3.391717E-12 0.0308584 0.02529594
v -4.376496E-12 0.03108019 0.0255374
v -0.006020176 0.03026547 0.02529594
v -0.01189388 0.02871436 0.0255374
v -0.011809 0.02850944 0.02529594
v -0.01726723 0.02584224 0.0255374
v -0.01714401 0.02565783 0.02529594
v -0.02197702 0.02197702 0.0255374
v -0.02182019 0.02182019 0.02529594
v -0.02584224 0.01726723 0.0255374
v -0.02565783 0.01714401 0.02529594
v 0 0.03 0.02500633
v 0.00585271 0.02942356 0.02500633
v -0.00585271 0.02942356 0.02500633
v 0.006020176 0.03026547 0.02529594
v -0.0114805 0.02771638 0.02500633
v 0.0114805 0.02771638 0.02500633
v -0.01666711 0.02494409 0.02500633
v 0.011809 0.02850944 0.02529594
v -0.0212132 0.0212132 0.02500633
v 0.01666711 0.02494409 0.02500633
v -0.02494409 0.01666711 0.02500633
v -0.02850944 0.011809 0.02529594
v -0.02771638 0.0114805 0.02500633
v -0.03026547 0.006020178 0.02529594
v -0.02942356 0.00585271 0.02500633
v 0.01714401 0.02565783 0.02529594
v -0.0308584 8.200595E-10 0.02529594
v 0.0212132 0.0212132 0.02500633
v -0.03 0 0.02500633
v 0.02182019 0.02182019 0.02529594
v 0.01726723 0.02584224 0.0255374
v 0.02494409 0.01666711 0.02500633
v 0.02197702 0.02197702 0.0255374
v 0.02565783 0.01714401 0.02529594
v 0.02771638 0.0114805 0.02500633
v 0.02584224 0.01726723 0.0255374
v 0.02850945 0.011809 0.02529594
v 0.02942356 0.00585271 0.02500633
v 0.02871436 0.01189388 0.0255374
v 0.03026547 0.006020178 0.02529594
v 0.03 0 0.02500633
v 0.030483 0.006063447 0.0255374
v 0.0308584 8.200595E-10 0.02529594
v 0.03108019 1.031715E-09 0.0255374
v 0.02942356 -0.00585271 0.02500633
v 0.03026547 -0.006020176 0.02529594
v 0.02771638 -0.0114805 0.02500633
v 0.02850944 -0.011809 0.02529594
v 0.02494409 -0.01666711 0.02500633
v 0.02565783 -0.01714401 0.02529594
v 0.0212132 -0.0212132 0.02500633
v 0.02182019 -0.02182019 0.02529594
v 0.02584224 -0.01726723 0.0255374
v 0.01666711 -0.02494409 0.02500633
v 0.02197702 -0.02197702 0.0255374
v 0.01714401 -0.02565783 0.02529594
v 0.0114805 -0.02771638 0.02500633
v 0.01726723 -0.02584224 0.0255374
v 0.011809 -0.02850944 0.02529594
v 0.00585271 -0.02942356 0.02500633
v 0.01189387 -0.02871435 0.0255374
v 0.006020176 -0.03026547 0.02529594
v 0 -0.03 0.02500633
v 0.006063445 -0.03048299 0.0255374
v -3.391717E-12 -0.0308584 0.02529594
v -4.376496E-12 -0.03108019 0.0255374
v -0.00585271 -0.02942356 0.02500633
v -0.006020176 -0.03026547 0.02529594
v -0.0114805 -0.02771638 0.02500633
v -0.011809 -0.02850944 0.02529594
v -0.01666711 -0.02494409 0.02500633
v -0.01714401 -0.02565783 0.02529594
v -0.0212132 -0.0212132 0.02500633
v -0.02182019 -0.02182019 0.02529594
v -0.01726723 -0.02584224 0.0255374
v -0.02494409 -0.01666711 0.02500633
v -0.02197702 -0.02197702 0.0255374
v -0.02565783 -0.01714401 0.02529594
v -0.02771638 -0.0114805 0.02500633
v -0.02584224 -0.01726723 0.0255374
v -0.02850944 -0.011809 0.02529594
v -0.02942356 -0.00585271 0.02500633
v -0.02871436 -0.01189387 0.0255374
v -0.03026547 -0.006020176 0.02529594
v -0.030483 -0.006063445 0.0255374
v -0.03108019 1.031715E-09 0.0255374
v -0.01726799 0.02584338 -0.02554137
v -0.01194215 0.02883089 -0.02598429
v -0.0118944 0.02871562 -0.02554137
v -0.01733731 0.02594712 -0.02598429
v -0.02197799 0.02197799 -0.02554137
v -0.02206621 0.02206621 -0.02598429
v -0.02584338 0.01726799 -0.02554137
v -0.02191982 0.02191982 -0.02901198
v -0.0172223 0.02577499 -0.02901198
v -0.02577499 0.0172223 -0.02901198
v -0.02594711 0.01733731 -0.02598429
v -0.02863963 0.01186293 -0.02901198
v -0.02883089 0.01194215 -0.02598429
v -0.03040367 0.006047667 -0.02901198
v -0.02871562 0.0118944 -0.02554137
v -0.03060671 0.006088055 -0.02598429
v -0.03099931 1.051877E-09 -0.02901198
v -0.02840966 0.01176767 -0.02521326
v -0.02556802 0.01708401 -0.02521326
v -0.03015954 0.005999106 -0.02521326
v -0.03048435 0.006063714 -0.02554137
v -0.0307504 7.168955E-10 -0.02521326
v -0.03108156 1.033004E-09 -0.02554137
v -0.03120633 1.150452E-09 -0.02598429
v -0.03040367 -0.006047665 -0.02901198
v -0.03048435 -0.006063712 -0.02554137
v -0.03060671 -0.006088052 -0.02598429
v -0.02871562 -0.0118944 -0.02554137
v -0.02863963 -0.01186292 -0.02901198
v -0.02883089 -0.01194215 -0.02598429
v -0.02577499 -0.0172223 -0.02901198
v -0.02594711 -0.01733731 -0.02598429
v -0.02556802 0.01708401 -0.02521326
v -0.02584338 0.01726799 -0.02554137
v -0.02197799 0.02197799 -0.02554137
v -0.02174381 0.02174381 -0.02521326
v -0.01726799 0.02584338 -0.02554137
v -0.017084 0.02556802 -0.02521326
v -0.0118944 0.02871562 -0.02554137
v -0.01176767 0.02840966 -0.02521326
v -0.006063713 0.03048435 -0.02554137
v -0.005999105 0.03015954 -0.02521326
v -4.377772E-12 0.03108156 -0.02554137
v -2.914352E-12 0.0307504 -0.02521326
v -0.02494409 0.01666711 -0.02500544
v -0.0212132 0.0212132 -0.02500544
v -0.02771638 0.0114805 -0.02500544
v -0.01666711 0.02494409 -0.02500544
v -0.02840966 0.01176767 -0.02521326
v -0.0114805 0.02771638 -0.02500544
v -0.02942356 0.00585271 -0.02500544
v -0.00585271 0.02942356 -0.02500544
v -0.03015954 0.005999106 -0.02521326
v 0 0.03 -0.02500544
v -0.03 0 -0.02500544
v 0.005999105 0.03015954 -0.02521326
v 0.00585271 0.02942356 -0.02500544
v 0.01176767 0.02840966 -0.02521326
v 0.0114805 0.02771638 -0.02500544
v -0.0307504 7.168955E-10 -0.02521326
v 0.017084 0.02556802 -0.02521326
v -0.02942356 -0.00585271 -0.02500544
v 0.01666711 0.02494409 -0.02500544
v -0.03015954 -0.005999105 -0.02521326
v -0.03108156 1.033004E-09 -0.02554137
v -0.02771638 -0.0114805 -0.02500544
v -0.03048435 -0.006063712 -0.02554137
v -0.02840966 -0.01176767 -0.02521326
v -0.02494409 -0.01666711 -0.02500544
v -0.02871562 -0.0118944 -0.02554137
v -0.02556802 -0.01708401 -0.02521326
v -0.0212132 -0.0212132 -0.02500544
v -0.02584338 -0.01726799 -0.02554137
v -0.02174381 -0.02174381 -0.02521326
v -0.01666711 -0.02494409 -0.02500544
v -0.02197799 -0.02197799 -0.02554137
v -0.01708401 -0.02556802 -0.02521326
v -0.01726799 -0.02584338 -0.02554137
v -0.0114805 -0.02771638 -0.02500544
v -0.01176767 -0.02840966 -0.02521326
v -0.00585271 -0.02942356 -0.02500544
v -0.005999105 -0.03015953 -0.02521326
v 0 -0.03 -0.02500544
v -2.914352E-12 -0.0307504 -0.02521326
v 0.00585271 -0.02942356 -0.02500544
v 0.005999105 -0.03015953 -0.02521326
v -4.377772E-12 -0.03108156 -0.02554137
v 0.0114805 -0.02771638 -0.02500544
v 0.006063712 -0.03048434 -0.02554137
v 0.01176767 -0.02840966 -0.02521326
v 0.01666711 -0.02494409 -0.02500544
v 0.0118944 -0.02871562 -0.02554137
v 0.01708401 -0.02556802 -0.02521326
v 0.0212132 -0.0212132 -0.02500544
v 0.01726799 -0.02584338 -0.02554137
v 0.02174381 -0.02174381 -0.02521326
v 0.02494409 -0.01666711 -0.02500544
v 0.02197799 -0.02197799 -0.02554137
v 0.02556802 -0.01708401 -0.02521326
v 0.02584338 -0.01726799 -0.02554137
v 0.02771638 -0.0114805 -0.02500544
v 0.02840966 -0.01176767 -0.02521326
v 0.02942356 -0.00585271 -0.02500544
v 0.03015954 -0.005999105 -0.02521326
v 0.03 0 -0.02500544
v 0.0307504 7.168955E-10 -0.02521326
v 0.02942356 0.00585271 -0.02500544
v 0.03015954 0.005999106 -0.02521326
v 0.03108156 1.033004E-09 -0.02554137
v 0.02771638 0.0114805 -0.02500544
v 0.03048435 0.006063714 -0.02554137
v 0.02840966 0.01176767 -0.02521326
v 0.02494409 0.01666711 -0.02500544
v 0.02871562 0.0118944 -0.02554137
v 0.02556802 0.01708401 -0.02521326
v 0.0212132 0.0212132 -0.02500544
v 0.02584338 0.01726799 -0.02554137
v 0.02174381 0.02174381 -0.02521326
v 0.02197799 0.02197799 -0.02554137
v 0.01726799 0.02584338 -0.02554137
v -0.02584338 -0.01726799 -0.02554137
v -0.02883089 -0.01194215 -0.02598429
v -0.02871562 -0.0118944 -0.02554137
v -0.02594711 -0.01733731 -0.02598429
v -0.02197799 -0.02197799 -0.02554137
v -0.02206621 -0.02206621 -0.02598429
v -0.01726799 -0.02584338 -0.02554137
v -0.02191982 -0.02191982 -0.02901198
v -0.02577499 -0.0172223 -0.02901198
v -0.0172223 -0.02577499 -0.02901198
v -0.01733731 -0.02594711 -0.02598429
v -0.01186292 -0.02863962 -0.02901198
v -0.01194215 -0.02883089 -0.02598429
v -0.006047665 -0.03040367 -0.02901198
v -0.0118944 -0.02871562 -0.02554137
v -0.006088053 -0.03060671 -0.02598429
v -4.709698E-12 -0.03099932 -0.02901198
v -0.01176767 -0.02840966 -0.02521326
v -0.01708401 -0.02556802 -0.02521326
v -0.005999105 -0.03015953 -0.02521326
v -0.006063712 -0.03048434 -0.02554137
v -2.914352E-12 -0.0307504 -0.02521326
v -4.377772E-12 -0.03108156 -0.02554137
v -4.493939E-12 -0.03120633 -0.02598429
v 0.006047665 -0.03040367 -0.02901198
v 0.006063712 -0.03048434 -0.02554137
v 0.006088053 -0.03060671 -0.02598429
v 0.01186292 -0.02863962 -0.02901198
v 0.0118944 -0.02871562 -0.02554137
v 0.01194215 -0.02883089 -0.02598429
v 0.0172223 -0.02577499 -0.02901198
v 0.01726799 -0.02584338 -0.02554137
v 0.01733731 -0.02594711 -0.02598429
v 0.02197799 -0.02197799 -0.02554137
v 0.01733731 -0.02594711 -0.02598429
v 0.01726799 -0.02584338 -0.02554137
v 0.02206621 -0.02206621 -0.02598429
v 0.02584338 -0.01726799 -0.02554137
v 0.02191982 -0.02191982 -0.02901198
v 0.0172223 -0.02577499 -0.02901198
v 0.02577499 -0.0172223 -0.02901198
v 0.02594711 -0.01733731 -0.02598429
v 0.02863963 -0.01186292 -0.02901198
v 0.02883089 -0.01194215 -0.02598429
v 0.03040367 -0.006047665 -0.02901198
v 0.02871562 -0.0118944 -0.02554137
v 0.03060671 -0.006088052 -0.02598429
v 0.03099931 1.051877E-09 -0.02901198
v 0.02840966 -0.01176767 -0.02521326
v 0.02556802 -0.01708401 -0.02521326
v 0.03015954 -0.005999105 -0.02521326
v 0.03048435 -0.006063712 -0.02554137
v 0.0307504 7.168955E-10 -0.02521326
v 0.03108156 1.033004E-09 -0.02554137
v 0.03120633 1.150452E-09 -0.02598429
v 0.03040367 0.006047667 -0.02901198
v 0.03048435 0.006063714 -0.02554137
v 0.03060671 0.006088055 -0.02598429
v 0.02871562 0.0118944 -0.02554137
v 0.02863963 0.01186293 -0.02901198
v 0.02883089 0.01194215 -0.02598429
v 0.02577499 0.0172223 -0.02901198
v 0.02594711 0.01733731 -0.02598429
v 0.02584338 0.01726799 -0.02554137
v 0.02883089 0.01194215 -0.02598429
v 0.02871562 0.0118944 -0.02554137
v 0.02594711 0.01733731 -0.02598429
v 0.02197799 0.02197799 -0.02554137
v 0.02206621 0.02206621 -0.02598429
v 0.01726799 0.02584338 -0.02554137
v 0.02191982 0.02191982 -0.02901198
v 0.02577499 0.0172223 -0.02901198
v 0.0172223 0.02577499 -0.02901198
v 0.01733731 0.02594712 -0.02598429
v 0.01186292 0.02863962 -0.02901198
v 0.01194215 0.02883089 -0.02598429
v 0.006047668 0.03040368 -0.02901198
v 0.0118944 0.02871562 -0.02554137
v 0.006088053 0.03060671 -0.02598429
v -4.709698E-12 0.03099932 -0.02901198
v 0.01176767 0.02840966 -0.02521326
v 0.017084 0.02556802 -0.02521326
v 0.005999105 0.03015954 -0.02521326
v 0.006063713 0.03048435 -0.02554137
v -2.914352E-12 0.0307504 -0.02521326
v -4.377772E-12 0.03108156 -0.02554137
v -4.493939E-12 0.03120633 -0.02598429
v -0.006047668 0.03040368 -0.02901198
v -0.006063713 0.03048435 -0.02554137
v -0.006088053 0.03060671 -0.02598429
v -0.0118944 0.02871562 -0.02554137
v -0.01186292 0.02863962 -0.02901198
v -0.01194215 0.02883089 -0.02598429
v -0.0172223 0.02577499 -0.02901198
v -0.01733731 0.02594712 -0.02598429
v 0.02758574 -0.005487146 -0.02849366
v 0.02812618 0 -0.02849366
v 0.02758574 0.005487146 -0.02849366
v 0.0259852 -0.01076342 -0.02849366
v 0.0259852 0.01076342 -0.02849366
v 0.02338606 -0.01562607 -0.02849366
v 0.02338606 0.01562607 -0.02849366
v 0.01988821 -0.01988821 -0.02849366
v 0.01988821 0.01988821 -0.02849366
v 0.01562607 -0.02338606 -0.02849366
v 0.01562607 0.02338606 -0.02849366
v 0.01076342 -0.0259852 -0.02849366
v 0.01076342 0.0259852 -0.02849366
v 0.005487146 -0.02758574 -0.02849366
v 0.005487146 0.02758574 -0.02849366
v -5.974727E-12 -0.02812618 -0.02849366
v -5.974727E-12 0.02812618 -0.02849366
v -0.005487146 -0.02758574 -0.02849366
v -0.005487146 0.02758574 -0.02849366
v -0.01076342 -0.0259852 -0.02849366
v -0.01076342 0.0259852 -0.02849366
v -0.01562607 -0.02338606 -0.02849366
v -0.01562607 0.02338606 -0.02849366
v -0.01988821 -0.01988821 -0.02849366
v -0.01988821 0.01988821 -0.02849366
v -0.02338606 -0.01562607 -0.02849366
v -0.02338606 0.01562607 -0.02849366
v -0.0259852 -0.01076342 -0.02849366
v -0.0259852 0.01076342 -0.02849366
v -0.02758574 -0.005487146 -0.02849366
v -0.02758574 0.005487146 -0.02849366
v -0.02812618 0 -0.02849366
v 0.02607454 0.01080043 0.02975765
v 0.0259852 0.01076342 0.02951529
v 0.02338606 0.01562607 0.02951529
v 0.02346646 0.01567979 0.02975765
v 0.01988821 0.01988821 0.02951529
v 0.01995659 0.01995659 0.02975765
v 0.01988821 0.01988821 0.02849366
v 0.02338606 0.01562607 0.02849366
v 0.01562607 0.02338606 0.02849366
v 0.01562607 0.02338606 0.02951529
v 0.01567979 0.02346646 0.02975765
v 0.01076342 0.0259852 0.02849366
v 0.01076342 0.0259852 0.02951529
v 0.01080043 0.02607454 0.02975765
v 0.005487146 0.02758574 0.02849366
v 0.005487146 0.02758574 0.02951529
v 0.005506011 0.02768059 0.02975765
v -5.974727E-12 0.02812618 0.02849366
v -5.974727E-12 0.02812618 0.02951529
v -5.791472E-12 0.02822288 0.02975765
v -0.005487146 0.02758574 0.02849366
v -0.005487146 0.02758574 0.02951529
v -0.005506011 0.02768059 0.02975765
v -0.01076342 0.0259852 0.02849366
v -0.01076342 0.0259852 0.02951529
v -0.01080043 0.02607454 0.02975765
v -0.01562607 0.02338606 0.02849366
v -0.01562607 0.02338606 0.02951529
v 0.02768059 0.005506011 0.02975765
v 0.0259852 0.01076342 0.02951529
v 0.02607454 0.01080043 0.02975765
v 0.02758574 0.005487146 0.02951529
v 0.02822288 0 0.02975765
v 0.02812618 0 0.02951529
v 0.02768059 -0.005506011 0.02975765
v 0.02758574 -0.005487146 0.02951529
v 0.02607454 -0.01080043 0.02975765
v 0.0259852 -0.01076342 0.02951529
v 0.02346646 -0.01567979 0.02975765
v 0.02338606 -0.01562607 0.02951529
v 0.01995659 -0.01995659 0.02975765
v 0.01988821 -0.01988821 0.02951529
v 0.01567979 -0.02346646 0.02975765
v 0.01562607 -0.02338606 0.02951529
v 0.01080043 -0.02607454 0.02975765
v 0.01076342 -0.0259852 0.02951529
v 0.01988821 -0.01988821 0.02849366
v 0.01562607 -0.02338606 0.02849366
v 0.02338606 -0.01562607 0.02849366
v 0.0259852 -0.01076342 0.02849366
v 0.02758574 -0.005487146 0.02849366
v 0.02812618 0 0.02849366
v 0.02758574 0.005487146 0.02849366
v 0.0259852 0.01076342 0.02849366
v 0.02338606 0.01562607 0.02849366
v 0.02338606 0.01562607 0.02951529
v 0.005506011 -0.02768059 0.02975765
v 0.01076342 -0.0259852 0.02951529
v 0.01080043 -0.02607454 0.02975765
v 0.005487146 -0.02758574 0.02951529
v -5.791472E-12 -0.02822288 0.02975765
v -5.974727E-12 -0.02812618 0.02951529
v -0.005506011 -0.02768059 0.02975765
v -0.005487146 -0.02758574 0.02951529
v -0.01080043 -0.02607454 0.02975765
v -0.01076342 -0.0259852 0.02951529
v -0.01567979 -0.02346646 0.02975765
v -0.01562607 -0.02338606 0.02951529
v -0.01995659 -0.01995659 0.02975765
v -0.01988821 -0.01988821 0.02951529
v -0.02346646 -0.01567979 0.02975765
v -0.02338606 -0.01562607 0.02951529
v -0.02607454 -0.01080043 0.02975765
v -0.0259852 -0.01076342 0.02951529
v -0.01988821 -0.01988821 0.02849366
v -0.02338606 -0.01562607 0.02849366
v -0.01562607 -0.02338606 0.02849366
v -0.01076342 -0.0259852 0.02849366
v -0.005487146 -0.02758574 0.02849366
v -5.974727E-12 -0.02812618 0.02849366
v 0.005487146 -0.02758574 0.02849366
v 0.01076342 -0.0259852 0.02849366
v 0.01562607 -0.02338606 0.02849366
v 0.01562607 -0.02338606 0.02951529
v -0.02768059 -0.005506011 0.02975765
v -0.0259852 -0.01076342 0.02951529
v -0.02607454 -0.01080043 0.02975765
v -0.02758574 -0.005487146 0.02951529
v -0.02822288 0 0.02975765
v -0.02812618 0 0.02951529
v -0.02768059 0.005506011 0.02975765
v -0.02758574 0.005487146 0.02951529
v -0.02607454 0.01080043 0.02975765
v -0.0259852 0.01076342 0.02951529
v -0.02346646 0.01567979 0.02975765
v -0.02338606 0.01562607 0.02951529
v -0.01995659 0.01995659 0.02975765
v -0.01988821 0.01988821 0.02951529
v -0.01567979 0.02346646 0.02975765
v -0.01562607 0.02338606 0.02951529
v -0.01080043 0.02607454 0.02975765
v -0.01076342 0.0259852 0.02951529
v -0.01988821 0.01988821 0.02849366
v -0.01562607 0.02338606 0.02849366
v -0.02338606 0.01562607 0.02849366
v -0.0259852 0.01076342 0.02849366
v -0.02758574 0.005487146 0.02849366
v -0.02812618 0 0.02849366
v -0.02758574 -0.005487146 0.02849366
v -0.0259852 -0.01076342 0.02849366
v -0.02338606 -0.01562607 0.02849366
v -0.02338606 -0.01562607 0.02951529
v 0.01994929 0.01994929 -0.02977753
v 0.02338606 0.01562607 -0.02955506
v 0.02345789 0.01567406 -0.02977753
v 0.01988821 0.01988821 -0.02955506
v 0.02338606 0.01562607 -0.02849366
v 0.01567406 0.02345789 -0.02977753
v 0.01988821 0.01988821 -0.02849366
v 0.01562607 0.02338606 -0.02955506
v 0.01079648 0.02606501 -0.02977753
v 0.01562607 0.02338606 -0.02849366
v 0.01076342 0.0259852 -0.02955506
v 0.005503998 0.02767047 -0.02977753
v 0.01076342 0.0259852 -0.02849366
v 0.005487146 0.02758574 -0.02955506
v -5.819362E-12 0.02821256 -0.02977753
v 0.005487146 0.02758574 -0.02849366
v -5.974727E-12 0.02812618 -0.02955506
v -0.005503998 0.02767047 -0.02977753
v -5.974727E-12 0.02812618 -0.02849366
v -0.005487146 0.02758574 -0.02955506
v -0.01079648 0.02606501 -0.02977753
v -0.005487146 0.02758574 -0.02849366
v -0.01076342 0.0259852 -0.02955506
v -0.01076342 0.0259852 -0.02849366
v 0.01567406 -0.02345789 -0.02977753
v 0.01076342 -0.0259852 -0.02955506
v 0.01079648 -0.02606501 -0.02977753
v 0.01562607 -0.02338606 -0.02955506
v 0.01076342 -0.0259852 -0.02849366
v 0.01994929 -0.01994929 -0.02977753
v 0.01562607 -0.02338606 -0.02849366
v 0.01988821 -0.01988821 -0.02955506
v 0.02345789 -0.01567406 -0.02977753
v 0.01988821 -0.01988821 -0.02849366
v 0.02338606 -0.01562607 -0.02955506
v 0.02606501 -0.01079648 -0.02977753
v 0.02338606 -0.01562607 -0.02849366
v 0.0259852 -0.01076342 -0.02955506
v 0.02767047 -0.005503998 -0.02977753
v 0.0259852 -0.01076342 -0.02849366
v 0.02758574 -0.005487146 -0.02955506
v 0.02821256 0 -0.02977753
v 0.02758574 -0.005487146 -0.02849366
v 0.02812618 0 -0.02955506
v 0.02767047 0.005503998 -0.02977753
v 0.02812618 0 -0.02849366
v 0.02758574 0.005487146 -0.02955506
v 0.02606501 0.01079648 -0.02977753
v 0.02758574 0.005487146 -0.02849366
v 0.0259852 0.01076342 -0.02955506
v 0.02345789 0.01567406 -0.02977753
v 0.0259852 0.01076342 -0.02849366
v 0.02338606 0.01562607 -0.02955506
v 0.02338606 0.01562607 -0.02849366
v -0.02345789 -0.01567406 -0.02977753
v -0.0259852 -0.01076342 -0.02955506
v -0.02606501 -0.01079648 -0.02977753
v -0.02338606 -0.01562607 -0.02955506
v -0.01994929 -0.01994929 -0.02977753
v -0.01988821 -0.01988821 -0.02955506
v -0.02338606 -0.01562607 -0.02849366
v -0.01567406 -0.02345789 -0.02977753
v -0.01988821 -0.01988821 -0.02849366
v -0.01562607 -0.02338606 -0.02955506
v -0.01079648 -0.02606501 -0.02977753
v -0.01562607 -0.02338606 -0.02849366
v -0.01076342 -0.0259852 -0.02955506
v -0.005503998 -0.02767047 -0.02977753
v -0.01076342 -0.0259852 -0.02849366
v -0.005487146 -0.02758574 -0.02955506
v -5.819362E-12 -0.02821256 -0.02977753
v -0.005487146 -0.02758574 -0.02849366
v -5.974727E-12 -0.02812618 -0.02955506
v 0.005503998 -0.02767047 -0.02977753
v -5.974727E-12 -0.02812618 -0.02849366
v 0.005487146 -0.02758574 -0.02955506
v 0.01079648 -0.02606501 -0.02977753
v 0.005487146 -0.02758574 -0.02849366
v 0.01076342 -0.0259852 -0.02955506
v 0.01076342 -0.0259852 -0.02849366
v -0.01567406 0.02345789 -0.02977753
v -0.01076342 0.0259852 -0.02955506
v -0.01079648 0.02606501 -0.02977753
v -0.01562607 0.02338606 -0.02955506
v -0.01076342 0.0259852 -0.02849366
v -0.01994929 0.01994929 -0.02977753
v -0.01562607 0.02338606 -0.02849366
v -0.01988821 0.01988821 -0.02955506
v -0.02345789 0.01567406 -0.02977753
v -0.01988821 0.01988821 -0.02849366
v -0.02338606 0.01562607 -0.02955506
v -0.02606501 0.01079648 -0.02977753
v -0.02338606 0.01562607 -0.02849366
v -0.0259852 0.01076342 -0.02955506
v -0.02767047 0.005503998 -0.02977753
v -0.0259852 0.01076342 -0.02849366
v -0.02758574 0.005487146 -0.02955506
v -0.02821256 0 -0.02977753
v -0.02758574 0.005487146 -0.02849366
v -0.02812618 0 -0.02955506
v -0.02767047 -0.005503998 -0.02977753
v -0.02812618 0 -0.02849366
v -0.02758574 -0.005487146 -0.02955506
v -0.02606501 -0.01079648 -0.02977753
v -0.02758574 -0.005487146 -0.02849366
v -0.0259852 -0.01076342 -0.02955506
v -0.0259852 -0.01076342 -0.02849366
v -0.02338606 -0.01562607 -0.02955506
v -0.02338606 -0.01562607 -0.02849366
v 0.02477943 0.0190194 -0.02933901
v 0.02498514 0.01897848 -0.00956137
v 0.02477943 0.0190194 -0.009561369
v 0.02498514 0.01897848 -0.02933901
v 0.02515953 0.01886196 -0.00956137
v 0.02515953 0.01886196 -0.02933901
v 0.02527606 0.01868756 -0.00956137
v 0.02527606 0.01868756 -0.02933901
v 0.02531698 0.01848185 -0.00956137
v 0.02531698 0.01848185 -0.02933901
v 0.02527606 0.01827614 -0.00956137
v 0.02527606 0.01827614 -0.02933901
v 0.02457372 0.01897848 -0.02933901
v 0.02477943 0.0190194 -0.02933901
v 0.02477943 0.0190194 -0.009561369
v 0.02457372 0.01897848 -0.00956137
v 0.02439933 0.01886196 -0.02933901
v 0.02439933 0.01886196 -0.00956137
v 0.0242828 0.01868756 -0.02933901
v 0.0242828 0.01868756 -0.00956137
v 0.02424188 0.01848185 -0.02933901
v 0.02424188 0.01848185 -0.00956137
v 0.02563491 0.01848185 -0.00956137
v 0.0255698 0.01815447 -0.00956137
v 0.0255698 0.01815447 0.01021627
v 0.02563491 0.01848185 0.01021627
v 0.0255698 0.01880923 -0.00956137
v 0.0255698 0.01880923 0.01021627
v 0.02538435 0.01908677 -0.00956137
v 0.02538435 0.01908677 0.01021627
v 0.02510681 0.01927221 -0.00956137
v 0.02510681 0.01927221 0.01021627
v 0.0255698 0.01815447 -0.00956137
v 0.02538435 0.01787693 0.01021627
v 0.0255698 0.01815447 0.01021627
v 0.02538435 0.01787693 -0.00956137
v 0.02510681 0.01769148 0.01021627
v 0.02510681 0.01769148 -0.00956137
v 0.02477943 0.01762636 0.01021627
v 0.02477943 0.01762636 -0.00956137
v 0.02445205 0.01769148 0.01021627
v 0.02445205 0.01769148 -0.00956137
v 0.02527606 0.01827614 -0.02933901
v 0.02515953 0.01810175 -0.00956137
v 0.02527606 0.01827614 -0.00956137
v 0.02515953 0.01810175 -0.02933901
v 0.02498514 0.01798522 -0.00956137
v 0.02498514 0.01798522 -0.02933901
v 0.02477943 0.01794431 -0.00956137
v 0.02477943 0.01794431 -0.02933901
v 0.02457372 0.01798522 -0.00956137
v 0.02457372 0.01798522 -0.02933901
v 0.02457372 0.01798522 -0.02933901
v 0.02439933 0.01810175 -0.00956137
v 0.02457372 0.01798522 -0.00956137
v 0.02439933 0.01810175 -0.02933901
v 0.0242828 0.01827614 -0.00956137
v 0.0242828 0.01827614 -0.02933901
v 0.02424188 0.01848185 -0.00956137
v 0.02424188 0.01848185 -0.02933901
v 0.02445205 0.01769148 -0.00956137
v 0.02417451 0.01787693 0.01021627
v 0.02445205 0.01769148 0.01021627
v 0.02417451 0.01787693 -0.00956137
v 0.02398906 0.01815447 0.01021627
v 0.02398906 0.01815447 -0.00956137
v 0.02392394 0.01848185 0.01021627
v 0.02392394 0.01848185 -0.00956137
v 0.02392394 0.01848185 -0.00956137
v 0.02398906 0.01880923 0.01021627
v 0.02392394 0.01848185 0.01021627
v 0.02398906 0.01880923 -0.00956137
v 0.02417451 0.01908677 0.01021627
v 0.02417451 0.01908677 -0.00956137
v 0.02445205 0.01927221 0.01021627
v 0.02445205 0.01927221 -0.00956137
v 0.02477943 0.01933733 0.01021627
v 0.02477943 0.01933733 -0.009561369
v 0.02510681 0.01927221 0.01021627
v 0.02510681 0.01927221 -0.00956137
v 0.02531698 0.01848185 0.01021627
v 0.02527606 0.01827614 0.01021627
v 0.02527606 0.01827614 0.0299939
v 0.02531698 0.01848185 0.0299939
v 0.02527606 0.01868756 0.01021627
v 0.02527606 0.01868756 0.0299939
v 0.02515953 0.01886196 0.01021627
v 0.02515953 0.01886196 0.0299939
v 0.02498514 0.01897848 0.01021627
v 0.02498514 0.01897848 0.0299939
v 0.02477943 0.0190194 0.01021627
v 0.02477943 0.0190194 0.0299939
v 0.02527606 0.01827614 0.01021627
v 0.02515953 0.01810175 0.0299939
v 0.02527606 0.01827614 0.0299939
v 0.02515953 0.01810175 0.01021627
v 0.02498514 0.01798522 0.0299939
v 0.02498514 0.01798522 0.01021627
v 0.02477943 0.01794431 0.0299939
v 0.02477943 0.01794431 0.01021627
v 0.02457372 0.01798522 0.0299939
v 0.02457372 0.01798522 0.01021627
v 0.02457372 0.01798522 0.01021627
v 0.02439933 0.01810175 0.0299939
v 0.02457372 0.01798522 0.0299939
v 0.02439933 0.01810175 0.01021627
v 0.0242828 0.01827614 0.0299939
v 0.0242828 0.01827614 0.01021627
v 0.02424188 0.01848185 0.0299939
v 0.02424188 0.01848185 0.01021627
v 0.02424188 0.01848185 0.01021627
v 0.0242828 0.01868756 0.0299939
v 0.02424188 0.01848185 0.0299939
v 0.0242828 0.01868756 0.01021627
v 0.02439933 0.01886196 0.0299939
v 0.02439933 0.01886196 0.01021627
v 0.02457372 0.01897848 0.0299939
v 0.02457372 0.01897848 0.01021627
v 0.02477943 0.0190194 0.0299939
v 0.02477943 0.0190194 0.01021627
v 0.02552602 0.01879107 0.03081733
v 0.02558753 0.01848183 0.03081733
v 0.02552602 0.01817258 0.03081733
v 0.02535084 0.01905324 0.03081733
v 0.02535084 0.01791042 0.03081733
v 0.02508868 0.01922841 0.03081733
v 0.02508868 0.01773524 0.03081733
v 0.02477943 0.01928993 0.03081733
v 0.02477943 0.01767373 0.03081733
v 0.02447019 0.01922841 0.03081733
v 0.02447019 0.01773524 0.03081733
v 0.02420802 0.01905324 0.03081733
v 0.02420802 0.01791042 0.03081733
v 0.02403285 0.01879107 0.03081733
v 0.02403285 0.01817258 0.03081733
v 0.02397133 0.01848183 0.03081733
v 0.02477943 0.01928993 0.03042687
v 0.02477943 0.01928993 0.03081733
v 0.02447019 0.01922841 0.03081733
v 0.02447019 0.01922841 0.03042687
v 0.02420802 0.01905324 0.03081733
v 0.02420802 0.01905324 0.03042687
v 0.02403285 0.01879107 0.03081733
v 0.02403285 0.01879107 0.03042687
v 0.02397133 0.01848183 0.03081733
v 0.02397133 0.01848183 0.03042687
v 0.02508868 0.01922841 0.03042687
v 0.02477943 0.01928993 0.03081733
v 0.02477943 0.01928993 0.03042687
v 0.02508868 0.01922841 0.03081733
v 0.02535084 0.01905324 0.03042687
v 0.02535084 0.01905324 0.03081733
v 0.02552602 0.01879107 0.03042687
v 0.02552602 0.01879107 0.03081733
v 0.02558753 0.01848183 0.03042687
v 0.02558753 0.01848183 0.03081733
v 0.02552602 0.01817258 0.03042687
v 0.02552602 0.01817258 0.03081733
v 0.02520778 0.01951599 0.0299939
v 0.02477943 0.01960119 0.03042687
v 0.02477943 0.01960119 0.0299939
v 0.02520778 0.01951599 0.03042687
v 0.02557092 0.01927335 0.0299939
v 0.02557092 0.01927335 0.03042687
v 0.02581356 0.01891021 0.0299939
v 0.02581356 0.01891021 0.03042687
v 0.02589876 0.01848186 0.0299939
v 0.02589876 0.01848186 0.03042687
v 0.02581356 0.01805351 0.0299939
v 0.02581356 0.01805351 0.03042687
v 0.02477943 0.01960119 0.0299939
v 0.02477943 0.01960119 0.03042687
v 0.02435108 0.01951599 0.03042687
v 0.02435108 0.01951599 0.0299939
v 0.02398795 0.01927335 0.03042687
v 0.02398795 0.01927335 0.0299939
v 0.0237453 0.01891021 0.03042687
v 0.0237453 0.01891021 0.0299939
v 0.0236601 0.01848186 0.03042687
v 0.0236601 0.01848186 0.0299939
v 0.02557092 0.01769037 0.0299939
v 0.02581356 0.01805351 0.03042687
v 0.02581356 0.01805351 0.0299939
v 0.02557092 0.01769037 0.03042687
v 0.02520778 0.01744773 0.0299939
v 0.02520778 0.01744773 0.03042687
v 0.02477943 0.01736253 0.0299939
v 0.02477943 0.01736253 0.03042687
v 0.02435108 0.01744773 0.0299939
v 0.02435108 0.01744773 0.03042687
v 0.02398795 0.01769037 0.0299939
v 0.02435108 0.01744773 0.03042687
v 0.02435108 0.01744773 0.0299939
v 0.02398795 0.01769037 0.03042687
v 0.0237453 0.01805351 0.0299939
v 0.0237453 0.01805351 0.03042687
v 0.0236601 0.01848186 0.0299939
v 0.0236601 0.01848186 0.03042687
v 0.02397133 0.01848183 0.03042687
v 0.02397133 0.01848183 0.03081733
v 0.02403285 0.01817258 0.03081733
v 0.02403285 0.01817258 0.03042687
v 0.02420802 0.01791042 0.03081733
v 0.02420802 0.01791042 0.03042687
v 0.02447019 0.01773524 0.03081733
v 0.02447019 0.01773524 0.03042687
v 0.02477943 0.01767373 0.03081733
v 0.02477943 0.01767373 0.03042687
v 0.02477943 0.01767373 0.03042687
v 0.02477943 0.01767373 0.03081733
v 0.02508868 0.01773524 0.03081733
v 0.02508868 0.01773524 0.03042687
v 0.02535084 0.01791042 0.03081733
v 0.02535084 0.01791042 0.03042687
v 0.02552602 0.01817258 0.03081733
v 0.02552602 0.01817258 0.03042687
v 0.02552602 0.01817258 -0.03016244
v 0.02558753 0.01848183 -0.03016244
v 0.02552602 0.01879107 -0.03016244
v 0.02535084 0.01791042 -0.03016244
v 0.02535084 0.01905324 -0.03016244
v 0.02508868 0.01773524 -0.03016244
v 0.02508868 0.01922841 -0.03016244
v 0.02477943 0.01767373 -0.03016244
v 0.02477943 0.01928993 -0.03016244
v 0.02447019 0.01773524 -0.03016244
v 0.02447019 0.01922841 -0.03016244
v 0.02420802 0.01791042 -0.03016244
v 0.02420802 0.01905324 -0.03016244
v 0.02403285 0.01817258 -0.03016244
v 0.02403285 0.01879107 -0.03016244
v 0.02397133 0.01848183 -0.03016244
v 0.02477943 0.01960119 -0.02933901
v 0.02477943 0.01960119 -0.02977198
v 0.02520778 0.01951599 -0.02977198
v 0.02520778 0.01951599 -0.02933901
v 0.02557092 0.01927335 -0.02977198
v 0.02557092 0.01927335 -0.02933901
v 0.02581356 0.01891021 -0.02977198
v 0.02581356 0.01891021 -0.02933901
v 0.02589876 0.01848186 -0.02977198
v 0.02589876 0.01848186 -0.02933901
v 0.02581356 0.01805351 -0.02977198
v 0.02581356 0.01805351 -0.02933901
v 0.02435108 0.01951599 -0.02933901
v 0.02477943 0.01960119 -0.02977198
v 0.02477943 0.01960119 -0.02933901
v 0.02435108 0.01951599 -0.02977198
v 0.02398795 0.01927335 -0.02933901
v 0.02398795 0.01927335 -0.02977198
v 0.0237453 0.01891021 -0.02933901
v 0.0237453 0.01891021 -0.02977198
v 0.0236601 0.01848186 -0.02933901
v 0.0236601 0.01848186 -0.02977198
v 0.02558753 0.01848183 -0.02977198
v 0.02552602 0.01817258 -0.03016244
v 0.02552602 0.01817258 -0.02977198
v 0.02558753 0.01848183 -0.03016244
v 0.02552602 0.01879107 -0.02977198
v 0.02552602 0.01879107 -0.03016244
v 0.02535084 0.01905324 -0.02977198
v 0.02535084 0.01905324 -0.03016244
v 0.02508868 0.01922841 -0.02977198
v 0.02508868 0.01922841 -0.03016244
v 0.02477943 0.01928993 -0.02977198
v 0.02477943 0.01928993 -0.03016244
v 0.02447019 0.01922841 -0.02977198
v 0.02447019 0.01922841 -0.03016244
v 0.02420802 0.01905324 -0.02977198
v 0.02420802 0.01905324 -0.03016244
v 0.02403285 0.01879107 -0.02977198
v 0.02403285 0.01879107 -0.03016244
v 0.02397133 0.01848183 -0.02977198
v 0.02397133 0.01848183 -0.03016244
v 0.02552602 0.01817258 -0.02977198
v 0.02552602 0.01817258 -0.03016244
v 0.02535084 0.01791042 -0.03016244
v 0.02535084 0.01791042 -0.02977198
v 0.02508868 0.01773524 -0.03016244
v 0.02508868 0.01773524 -0.02977198
v 0.02477943 0.01767373 -0.03016244
v 0.02477943 0.01767373 -0.02977198
v 0.02581356 0.01805351 -0.02933901
v 0.02581356 0.01805351 -0.02977198
v 0.02557092 0.01769037 -0.02977198
v 0.02557092 0.01769037 -0.02933901
v 0.02520778 0.01744773 -0.02977198
v 0.02520778 0.01744773 -0.02933901
v 0.02477943 0.01736253 -0.02977198
v 0.02477943 0.01736253 -0.02933901
v 0.02435108 0.01744773 -0.02977198
v 0.02435108 0.01744773 -0.02933901
v 0.02435108 0.01744773 -0.02933901
v 0.02435108 0.01744773 -0.02977198
v 0.02398795 0.01769037 -0.02977198
v 0.02398795 0.01769037 -0.02933901
v 0.0237453 0.01805351 -0.02977198
v 0.0237453 0.01805351 -0.02933901
v 0.0236601 0.01848186 -0.02977198
v 0.0236601 0.01848186 -0.02933901
v 0.02403285 0.01817258 -0.02977198
v 0.02397133 0.01848183 -0.03016244
v 0.02397133 0.01848183 -0.02977198
v 0.02403285 0.01817258 -0.03016244
v 0.02420802 0.01791042 -0.02977198
v 0.02420802 0.01791042 -0.03016244
v 0.02447019 0.01773524 -0.02977198
v 0.02447019 0.01773524 -0.03016244
v 0.02477943 0.01767373 -0.02977198
v 0.02477943 0.01767373 -0.03016244
v -0.004081569 0.03096932 -0.02933901
v -0.003943275 0.03112701 -0.00956137
v -0.004081569 0.03096932 -0.009561369
v -0.003943275 0.03112701 -0.02933901
v -0.003755164 0.03121978 -0.00956137
v -0.003755164 0.03121978 -0.02933901
v -0.003545873 0.03123349 -0.00956137
v -0.003545873 0.03123349 -0.02933901
v -0.003347264 0.03116607 -0.00956137
v -0.003347264 0.03116607 -0.02933901
v -0.003189572 0.03102778 -0.00956137
v -0.003189572 0.03102778 -0.02933901
v -0.004148986 0.03077071 -0.02933901
v -0.004081569 0.03096932 -0.02933901
v -0.004081569 0.03096932 -0.009561369
v -0.004148986 0.03077071 -0.00956137
v -0.004135268 0.03056142 -0.02933901
v -0.004135268 0.03056142 -0.00956137
v -0.004042502 0.03037331 -0.02933901
v -0.004042502 0.03037331 -0.00956137
v -0.003884811 0.03023501 -0.02933901
v -0.003884811 0.03023501 -0.00956137
v -0.003188289 0.03144141 -0.00956137
v -0.002937329 0.03122133 -0.00956137
v -0.002937329 0.03122133 0.01021627
v -0.003188289 0.03144141 0.01021627
v -0.003504369 0.03154871 -0.00956137
v -0.003504369 0.03154871 0.01021627
v -0.003837449 0.03152688 -0.00956137
v -0.003837449 0.03152688 0.01021627
v -0.004136821 0.03137924 -0.00956137
v -0.004136821 0.03137924 0.01021627
v -0.002937329 0.03122133 -0.00956137
v -0.002789696 0.03092196 0.01021627
v -0.002937329 0.03122133 0.01021627
v -0.002789696 0.03092196 -0.00956137
v -0.002767866 0.03058887 0.01021627
v -0.002767866 0.03058887 -0.00956137
v -0.00287516 0.03027279 0.01021627
v -0.00287516 0.03027279 -0.00956137
v -0.003095246 0.03002183 0.01021627
v -0.003095246 0.03002183 -0.00956137
v -0.003189572 0.03102778 -0.02933901
v -0.003096807 0.03083967 -0.00956137
v -0.003189572 0.03102778 -0.00956137
v -0.003096807 0.03083967 -0.02933901
v -0.00308309 0.03063038 -0.00956137
v -0.00308309 0.03063038 -0.02933901
v -0.003150509 0.03043177 -0.00956137
v -0.003150509 0.03043177 -0.02933901
v -0.003288801 0.03027408 -0.00956137
v -0.003288801 0.03027408 -0.02933901
v -0.003288801 0.03027408 -0.02933901
v -0.003476911 0.03018131 -0.00956137
v -0.003288801 0.03027408 -0.00956137
v -0.003476911 0.03018131 -0.02933901
v -0.003686202 0.03016759 -0.00956137
v -0.003686202 0.03016759 -0.02933901
v -0.003884811 0.03023501 -0.00956137
v -0.003884811 0.03023501 -0.02933901
v -0.003095246 0.03002183 -0.00956137
v -0.003394617 0.0298742 0.01021627
v -0.003095246 0.03002183 0.01021627
v -0.003394617 0.0298742 -0.00956137
v -0.003727696 0.02985237 0.01021627
v -0.003727696 0.02985237 -0.00956137
v -0.004043776 0.02995967 0.01021627
v -0.004043776 0.02995967 -0.00956137
v -0.004043776 0.02995967 -0.00956137
v -0.004294736 0.03017975 0.01021627
v -0.004043776 0.02995967 0.01021627
v -0.004294736 0.03017975 -0.00956137
v -0.00444237 0.03047912 0.01021627
v -0.00444237 0.03047912 -0.00956137
v -0.004464202 0.0308122 0.01021627
v -0.004464202 0.0308122 -0.00956137
v -0.004356906 0.03112828 0.01021627
v -0.004356906 0.03112828 -0.009561369
v -0.004136821 0.03137924 0.01021627
v -0.004136821 0.03137924 -0.00956137
v -0.003347264 0.03116607 0.01021627
v -0.003189572 0.03102778 0.01021627
v -0.003189572 0.03102778 0.0299939
v -0.003347264 0.03116607 0.0299939
v -0.003545873 0.03123349 0.01021627
v -0.003545873 0.03123349 0.0299939
v -0.003755164 0.03121978 0.01021627
v -0.003755164 0.03121978 0.0299939
v -0.003943275 0.03112701 0.01021627
v -0.003943275 0.03112701 0.0299939
v -0.004081569 0.03096932 0.01021627
v -0.004081569 0.03096932 0.0299939
v -0.003189572 0.03102778 0.01021627
v -0.003096807 0.03083967 0.0299939
v -0.003189572 0.03102778 0.0299939
v -0.003096807 0.03083967 0.01021627
v -0.00308309 0.03063038 0.0299939
v -0.00308309 0.03063038 0.01021627
v -0.003150509 0.03043177 0.0299939
v -0.003150509 0.03043177 0.01021627
v -0.003288801 0.03027408 0.0299939
v -0.003288801 0.03027408 0.01021627
v -0.003288801 0.03027408 0.01021627
v -0.003476911 0.03018131 0.0299939
v -0.003288801 0.03027408 0.0299939
v -0.003476911 0.03018131 0.01021627
v -0.003686202 0.03016759 0.0299939
v -0.003686202 0.03016759 0.01021627
v -0.003884811 0.03023501 0.0299939
v -0.003884811 0.03023501 0.01021627
v -0.003884811 0.03023501 0.01021627
v -0.004042502 0.03037331 0.0299939
v -0.003884811 0.03023501 0.0299939
v -0.004042502 0.03037331 0.01021627
v -0.004135268 0.03056142 0.0299939
v -0.004135268 0.03056142 0.01021627
v -0.004148986 0.03077071 0.0299939
v -0.004148986 0.03077071 0.01021627
v -0.004081569 0.03096932 0.0299939
v -0.004081569 0.03096932 0.01021627
v -0.002835454 0.03090968 0.03081733
v -0.002814832 0.03059505 0.03081733
v -0.002916182 0.03029648 0.03081733
v -0.002974908 0.03119247 0.03081733
v -0.003124077 0.03005943 0.03081733
v -0.003211967 0.03140036 0.03081733
v -0.003406864 0.02991997 0.03081733
v -0.003510537 0.03150172 0.03081733
v -0.003721493 0.02989935 0.03081733
v -0.003825167 0.03148109 0.03081733
v -0.004020065 0.0300007 0.03081733
v -0.004107954 0.03134164 0.03081733
v -0.004257122 0.0302086 0.03081733
v -0.004315848 0.03110458 0.03081733
v -0.004396578 0.03049138 0.03081733
v -0.0044172 0.03080601 0.03081733
v -0.004315848 0.03110458 0.03042687
v -0.004315848 0.03110458 0.03081733
v -0.0044172 0.03080601 0.03081733
v -0.0044172 0.03080601 0.03042687
v -0.004396578 0.03049138 0.03081733
v -0.004396578 0.03049138 0.03042687
v -0.004257122 0.0302086 0.03081733
v -0.004257122 0.0302086 0.03042687
v -0.004020065 0.0300007 0.03081733
v -0.004020065 0.0300007 0.03042687
v -0.004107954 0.03134164 0.03042687
v -0.004315848 0.03110458 0.03081733
v -0.004315848 0.03110458 0.03042687
v -0.004107954 0.03134164 0.03081733
v -0.003825167 0.03148109 0.03042687
v -0.003825167 0.03148109 0.03081733
v -0.003510537 0.03150172 0.03042687
v -0.003510537 0.03150172 0.03081733
v -0.003211967 0.03140036 0.03042687
v -0.003211967 0.03140036 0.03081733
v -0.002974908 0.03119247 0.03042687
v -0.002974908 0.03119247 0.03081733
v -0.004297448 0.03158857 0.0299939
v -0.004585413 0.03126021 0.03042687
v -0.004585413 0.03126021 0.0299939
v -0.004297448 0.03158857 0.03042687
v -0.003905747 0.03178174 0.0299939
v -0.003905747 0.03178174 0.03042687
v -0.003469939 0.03181031 0.0299939
v -0.003469939 0.03181031 0.03042687
v -0.003056377 0.03166991 0.0299939
v -0.003056377 0.03166991 0.03042687
v -0.002728015 0.03138195 0.0299939
v -0.002728015 0.03138195 0.03042687
v -0.004585413 0.03126021 0.0299939
v -0.004585413 0.03126021 0.03042687
v -0.004725798 0.03084665 0.03042687
v -0.004725798 0.03084665 0.0299939
v -0.004697233 0.03041084 0.03042687
v -0.004697233 0.03041084 0.0299939
v -0.004504068 0.03001914 0.03042687
v -0.004504068 0.03001914 0.0299939
v -0.004175708 0.02973118 0.03042687
v -0.004175708 0.02973118 0.0299939
v -0.002534851 0.03099025 0.0299939
v -0.002728015 0.03138195 0.03042687
v -0.002728015 0.03138195 0.0299939
v -0.002534851 0.03099025 0.03042687
v -0.002506286 0.03055444 0.0299939
v -0.002506286 0.03055444 0.03042687
v -0.002646673 0.03014088 0.0299939
v -0.002646673 0.03014088 0.03042687
v -0.002934636 0.02981252 0.0299939
v -0.002934636 0.02981252 0.03042687
v -0.003326337 0.02961936 0.0299939
v -0.002934636 0.02981252 0.03042687
v -0.002934636 0.02981252 0.0299939
v -0.003326337 0.02961936 0.03042687
v -0.003762144 0.02959079 0.0299939
v -0.003762144 0.02959079 0.03042687
v -0.004175708 0.02973118 0.0299939
v -0.004175708 0.02973118 0.03042687
v -0.004020065 0.0300007 0.03042687
v -0.004020065 0.0300007 0.03081733
v -0.003721493 0.02989935 0.03081733
v -0.003721493 0.02989935 0.03042687
v -0.003406864 0.02991997 0.03081733
v -0.003406864 0.02991997 0.03042687
v -0.003124077 0.03005943 0.03081733
v -0.003124077 0.03005943 0.03042687
v -0.002916182 0.03029648 0.03081733
v -0.002916182 0.03029648 0.03042687
v -0.002916182 0.03029648 0.03042687
v -0.002916182 0.03029648 0.03081733
v -0.002814832 0.03059505 0.03081733
v -0.002814832 0.03059505 0.03042687
v -0.002835454 0.03090968 0.03081733
v -0.002835454 0.03090968 0.03042687
v -0.002974908 0.03119247 0.03081733
v -0.002974908 0.03119247 0.03042687
v -0.002916182 0.03029648 -0.03016244
v -0.002814832 0.03059505 -0.03016244
v -0.002835454 0.03090968 -0.03016244
v -0.002974908 0.03119247 -0.03016244
v -0.003124077 0.03005943 -0.03016244
v -0.003211967 0.03140036 -0.03016244
v -0.003406864 0.02991997 -0.03016244
v -0.003510537 0.03150172 -0.03016244
v -0.003721493 0.02989935 -0.03016244
v -0.003825167 0.03148109 -0.03016244
v -0.004020065 0.0300007 -0.03016244
v -0.004107954 0.03134164 -0.03016244
v -0.004257122 0.0302086 -0.03016244
v -0.004315848 0.03110458 -0.03016244
v -0.004396578 0.03049138 -0.03016244
v -0.0044172 0.03080601 -0.03016244
v -0.0044172 0.03080601 -0.02977198
v -0.004315848 0.03110458 -0.03016244
v -0.004315848 0.03110458 -0.02977198
v -0.0044172 0.03080601 -0.03016244
v -0.004396578 0.03049138 -0.02977198
v -0.004396578 0.03049138 -0.03016244
v -0.004257122 0.0302086 -0.02977198
v -0.004257122 0.0302086 -0.03016244
v -0.004020065 0.0300007 -0.02977198
v -0.004020065 0.0300007 -0.03016244
v -0.004315848 0.03110458 -0.02977198
v -0.004315848 0.03110458 -0.03016244
v -0.004107954 0.03134164 -0.03016244
v -0.004107954 0.03134164 -0.02977198
v -0.003825167 0.03148109 -0.03016244
v -0.003825167 0.03148109 -0.02977198
v -0.003510537 0.03150172 -0.03016244
v -0.003510537 0.03150172 -0.02977198
v -0.003211967 0.03140036 -0.03016244
v -0.003211967 0.03140036 -0.02977198
v -0.002974908 0.03119247 -0.03016244
v -0.002974908 0.03119247 -0.02977198
v -0.004585413 0.03126021 -0.02933901
v -0.004585413 0.03126021 -0.02977198
v -0.004297448 0.03158857 -0.02977198
v -0.004297448 0.03158857 -0.02933901
v -0.003905747 0.03178174 -0.02977198
v -0.003905747 0.03178174 -0.02933901
v -0.003469939 0.03181031 -0.02977198
v -0.003469939 0.03181031 -0.02933901
v -0.003056377 0.03166991 -0.02977198
v -0.003056377 0.03166991 -0.02933901
v -0.002728015 0.03138195 -0.02977198
v -0.002728015 0.03138195 -0.02933901
v -0.004725798 0.03084665 -0.02933901
v -0.004585413 0.03126021 -0.02977198
v -0.004585413 0.03126021 -0.02933901
v -0.004725798 0.03084665 -0.02977198
v -0.004697233 0.03041084 -0.02933901
v -0.004697233 0.03041084 -0.02977198
v -0.004504068 0.03001914 -0.02933901
v -0.004504068 0.03001914 -0.02977198
v -0.004175708 0.02973118 -0.02933901
v -0.004175708 0.02973118 -0.02977198
v -0.002974908 0.03119247 -0.02977198
v -0.002974908 0.03119247 -0.03016244
v -0.002835454 0.03090968 -0.03016244
v -0.002835454 0.03090968 -0.02977198
v -0.002814832 0.03059505 -0.03016244
v -0.002814832 0.03059505 -0.02977198
v -0.002916182 0.03029648 -0.03016244
v -0.002916182 0.03029648 -0.02977198
v -0.002728015 0.03138195 -0.02933901
v -0.002728015 0.03138195 -0.02977198
v -0.002534851 0.03099025 -0.02977198
v -0.002534851 0.03099025 -0.02933901
v -0.002506286 0.03055444 -0.02977198
v -0.002506286 0.03055444 -0.02933901
v -0.002646673 0.03014088 -0.02977198
v -0.002646673 0.03014088 -0.02933901
v -0.002934636 0.02981252 -0.02977198
v -0.002934636 0.02981252 -0.02933901
v -0.002934636 0.02981252 -0.02933901
v -0.002934636 0.02981252 -0.02977198
v -0.003326337 0.02961936 -0.02977198
v -0.003326337 0.02961936 -0.02933901
v -0.003762144 0.02959079 -0.02977198
v -0.003762144 0.02959079 -0.02933901
v -0.004175708 0.02973118 -0.02977198
v -0.004175708 0.02973118 -0.02933901
v -0.003721493 0.02989935 -0.02977198
v -0.004020065 0.0300007 -0.03016244
v -0.004020065 0.0300007 -0.02977198
v -0.003721493 0.02989935 -0.03016244
v -0.003406864 0.02991997 -0.02977198
v -0.003406864 0.02991997 -0.03016244
v -0.003124077 0.03005943 -0.02977198
v -0.003124077 0.03005943 -0.03016244
v -0.002916182 0.03029648 -0.02977198
v -0.002916182 0.03029648 -0.03016244
v -0.02886101 0.01194991 -0.02933901
v -0.02892843 0.01214852 -0.00956137
v -0.02886101 0.01194991 -0.009561369
v -0.02892843 0.01214852 -0.02933901
v -0.02891471 0.01235781 -0.00956137
v -0.02891471 0.01235781 -0.02933901
v -0.02882194 0.01254592 -0.00956137
v -0.02882194 0.01254592 -0.02933901
v -0.02866425 0.01268421 -0.00956137
v -0.02866425 0.01268421 -0.02933901
v -0.02846564 0.01275163 -0.00956137
v -0.02846564 0.01275163 -0.02933901
v -0.02872271 0.01179222 -0.02933901
v -0.02886101 0.01194991 -0.02933901
v -0.02886101 0.01194991 -0.009561369
v -0.02872271 0.01179222 -0.00956137
v -0.0285346 0.01169945 -0.02933901
v -0.0285346 0.01169945 -0.00956137
v -0.02832531 0.01168573 -0.02933901
v -0.02832531 0.01168573 -0.00956137
v -0.0281267 0.01175315 -0.02933901
v -0.0281267 0.01175315 -0.00956137
v -0.02882321 0.01295956 -0.00956137
v -0.02850713 0.01306685 -0.00956137
v -0.02850713 0.01306685 0.01021627
v -0.02882321 0.01295956 0.01021627
v -0.02907417 0.01273947 -0.00956137
v -0.02907417 0.01273947 0.01021627
v -0.02922181 0.0124401 -0.00956137
v -0.02922181 0.0124401 0.01021627
v -0.02924364 0.01210702 -0.00956137
v -0.02924364 0.01210702 0.01021627
v -0.02850713 0.01306685 -0.00956137
v -0.02817405 0.01304502 0.01021627
v -0.02850713 0.01306685 0.01021627
v -0.02817405 0.01304502 -0.00956137
v -0.02787468 0.01289739 0.01021627
v -0.02787468 0.01289739 -0.00956137
v -0.0276546 0.01264643 0.01021627
v -0.0276546 0.01264643 -0.00956137
v -0.0275473 0.01233035 0.01021627
v -0.0275473 0.01233035 -0.00956137
v -0.02846564 0.01275163 -0.02933901
v -0.02825635 0.01273792 -0.00956137
v -0.02846564 0.01275163 -0.00956137
v -0.02825635 0.01273792 -0.02933901
v -0.02806824 0.01264515 -0.00956137
v -0.02806824 0.01264515 -0.02933901
v -0.02792995 0.01248746 -0.00956137
v -0.02792995 0.01248746 -0.02933901
v -0.02786253 0.01228885 -0.00956137
v -0.02786253 0.01228885 -0.02933901
v -0.02786253 0.01228885 -0.02933901
v -0.02787625 0.01207956 -0.00956137
v -0.02786253 0.01228885 -0.00956137
v -0.02787625 0.01207956 -0.02933901
v -0.02796901 0.01189145 -0.00956137
v -0.02796901 0.01189145 -0.02933901
v -0.0281267 0.01175315 -0.00956137
v -0.0281267 0.01175315 -0.02933901
v -0.0275473 0.01233035 -0.00956137
v -0.02756913 0.01199727 0.01021627
v -0.0275473 0.01233035 0.01021627
v -0.02756913 0.01199727 -0.00956137
v -0.02771677 0.0116979 0.01021627
v -0.02771677 0.0116979 -0.00956137
v -0.02796773 0.01147781 0.01021627
v -0.02796773 0.01147781 -0.00956137
v -0.02796773 0.01147781 -0.00956137
v -0.0282838 0.01137052 0.01021627
v -0.02796773 0.01147781 0.01021627
v -0.0282838 0.01137052 -0.00956137
v -0.02861688 0.01139235 0.01021627
v -0.02861688 0.01139235 -0.00956137
v -0.02891626 0.01153998 0.01021627
v -0.02891626 0.01153998 -0.00956137
v -0.02913634 0.01179094 0.01021627
v -0.02913634 0.01179094 -0.009561369
v -0.02924364 0.01210702 0.01021627
v -0.02924364 0.01210702 -0.00956137
v -0.02866425 0.01268421 0.01021627
v -0.02846564 0.01275163 0.01021627
v -0.02846564 0.01275163 0.0299939
v -0.02866425 0.01268421 0.0299939
v -0.02882194 0.01254592 0.01021627
v -0.02882194 0.01254592 0.0299939
v -0.02891471 0.01235781 0.01021627
v -0.02891471 0.01235781 0.0299939
v -0.02892843 0.01214852 0.01021627
v -0.02892843 0.01214852 0.0299939
v -0.02886101 0.01194991 0.01021627
v -0.02886101 0.01194991 0.0299939
v -0.02846564 0.01275163 0.01021627
v -0.02825635 0.01273792 0.0299939
v -0.02846564 0.01275163 0.0299939
v -0.02825635 0.01273792 0.01021627
v -0.02806824 0.01264515 0.0299939
v -0.02806824 0.01264515 0.01021627
v -0.02792995 0.01248746 0.0299939
v -0.02792995 0.01248746 0.01021627
v -0.02786253 0.01228885 0.0299939
v -0.02786253 0.01228885 0.01021627
v -0.02786253 0.01228885 0.01021627
v -0.02787625 0.01207956 0.0299939
v -0.02786253 0.01228885 0.0299939
v -0.02787625 0.01207956 0.01021627
v -0.02796901 0.01189145 0.0299939
v -0.02796901 0.01189145 0.01021627
v -0.0281267 0.01175315 0.0299939
v -0.0281267 0.01175315 0.01021627
v -0.0281267 0.01175315 0.01021627
v -0.02832531 0.01168573 0.0299939
v -0.0281267 0.01175315 0.0299939
v -0.02832531 0.01168573 0.01021627
v -0.0285346 0.01169945 0.0299939
v -0.0285346 0.01169945 0.01021627
v -0.02872271 0.01179222 0.0299939
v -0.02872271 0.01179222 0.01021627
v -0.02886101 0.01194991 0.0299939
v -0.02886101 0.01194991 0.01021627
v -0.02769562 0.01262275 0.03081733
v -0.02759427 0.01232417 0.03081733
v -0.02761489 0.01200955 0.03081733
v -0.02775435 0.01172676 0.03081733
v -0.02790352 0.0128598 0.03081733
v -0.02799141 0.01151886 0.03081733
v -0.0281863 0.01299926 0.03081733
v -0.02828998 0.01141751 0.03081733
v -0.02850093 0.01301988 0.03081733
v -0.02860461 0.01143814 0.03081733
v -0.0287995 0.01291853 0.03081733
v -0.02888739 0.01157759 0.03081733
v -0.02903656 0.01271064 0.03081733
v -0.02909529 0.01181465 0.03081733
v -0.02917602 0.01242785 0.03081733
v -0.02919664 0.01211322 0.03081733
v -0.02909529 0.01181465 0.03042687
v -0.02909529 0.01181465 0.03081733
v -0.02888739 0.01157759 0.03081733
v -0.02888739 0.01157759 0.03042687
v -0.02860461 0.01143814 0.03081733
v -0.02860461 0.01143814 0.03042687
v -0.02828998 0.01141751 0.03081733
v -0.02828998 0.01141751 0.03042687
v -0.02799141 0.01151886 0.03081733
v -0.02799141 0.01151886 0.03042687
v -0.02919664 0.01211322 0.03042687
v -0.02909529 0.01181465 0.03081733
v -0.02909529 0.01181465 0.03042687
v -0.02919664 0.01211322 0.03081733
v -0.02917602 0.01242785 0.03042687
v -0.02917602 0.01242785 0.03081733
v -0.02903656 0.01271064 0.03042687
v -0.02903656 0.01271064 0.03081733
v -0.0287995 0.01291853 0.03042687
v -0.0287995 0.01291853 0.03081733
v -0.02850093 0.01301988 0.03042687
v -0.02850093 0.01301988 0.03081733
v -0.02950524 0.01207258 0.0299939
v -0.02936485 0.01165902 0.03042687
v -0.02936485 0.01165902 0.0299939
v -0.02950524 0.01207258 0.03042687
v -0.02947668 0.01250839 0.0299939
v -0.02947668 0.01250839 0.03042687
v -0.02928351 0.01290009 0.0299939
v -0.02928351 0.01290009 0.03042687
v -0.02895515 0.01318805 0.0299939
v -0.02895515 0.01318805 0.03042687
v -0.02854158 0.01332844 0.0299939
v -0.02854158 0.01332844 0.03042687
v -0.02936485 0.01165902 0.0299939
v -0.02936485 0.01165902 0.03042687
v -0.02907689 0.01133065 0.03042687
v -0.02907689 0.01133065 0.0299939
v -0.02868519 0.01113749 0.03042687
v -0.02868519 0.01113749 0.0299939
v -0.02824938 0.01110893 0.03042687
v -0.02824938 0.01110893 0.0299939
v -0.02783582 0.01124931 0.03042687
v -0.02783582 0.01124931 0.0299939
v -0.02810578 0.01329987 0.0299939
v -0.02854158 0.01332844 0.03042687
v -0.02854158 0.01332844 0.0299939
v -0.02810578 0.01329987 0.03042687
v -0.02771408 0.01310671 0.0299939
v -0.02771408 0.01310671 0.03042687
v -0.02742611 0.01277835 0.0299939
v -0.02742611 0.01277835 0.03042687
v -0.02728572 0.01236478 0.0299939
v -0.02728572 0.01236478 0.03042687
v -0.02731429 0.01192898 0.0299939
v -0.02728572 0.01236478 0.03042687
v -0.02728572 0.01236478 0.0299939
v -0.02731429 0.01192898 0.03042687
v -0.02750745 0.01153728 0.0299939
v -0.02750745 0.01153728 0.03042687
v -0.02783582 0.01124931 0.0299939
v -0.02783582 0.01124931 0.03042687
v -0.02799141 0.01151886 0.03042687
v -0.02799141 0.01151886 0.03081733
v -0.02775435 0.01172676 0.03081733
v -0.02775435 0.01172676 0.03042687
v -0.02761489 0.01200955 0.03081733
v -0.02761489 0.01200955 0.03042687
v -0.02759427 0.01232417 0.03081733
v -0.02759427 0.01232417 0.03042687
v -0.02769562 0.01262275 0.03081733
v -0.02769562 0.01262275 0.03042687
v -0.02769562 0.01262275 0.03042687
v -0.02769562 0.01262275 0.03081733
v -0.02790352 0.0128598 0.03081733
v -0.02790352 0.0128598 0.03042687
v -0.0281863 0.01299926 0.03081733
v -0.0281863 0.01299926 0.03042687
v -0.02850093 0.01301988 0.03081733
v -0.02850093 0.01301988 0.03042687
v -0.02761489 0.01200955 -0.03016244
v -0.02759427 0.01232417 -0.03016244
v -0.02769562 0.01262275 -0.03016244
v -0.02775435 0.01172676 -0.03016244
v -0.02790352 0.0128598 -0.03016244
v -0.02799141 0.01151886 -0.03016244
v -0.0281863 0.01299926 -0.03016244
v -0.02828998 0.01141751 -0.03016244
v -0.02850093 0.01301988 -0.03016244
v -0.02860461 0.01143814 -0.03016244
v -0.0287995 0.01291853 -0.03016244
v -0.02888739 0.01157759 -0.03016244
v -0.02903656 0.01271064 -0.03016244
v -0.02909529 0.01181465 -0.03016244
v -0.02917602 0.01242785 -0.03016244
v -0.02919664 0.01211322 -0.03016244
v -0.02888739 0.01157759 -0.02977198
v -0.02909529 0.01181465 -0.03016244
v -0.02909529 0.01181465 -0.02977198
v -0.02888739 0.01157759 -0.03016244
v -0.02860461 0.01143814 -0.02977198
v -0.02860461 0.01143814 -0.03016244
v -0.02828998 0.01141751 -0.02977198
v -0.02828998 0.01141751 -0.03016244
v -0.02799141 0.01151886 -0.02977198
v -0.02799141 0.01151886 -0.03016244
v -0.02909529 0.01181465 -0.02977198
v -0.02909529 0.01181465 -0.03016244
v -0.02919664 0.01211322 -0.03016244
v -0.02919664 0.01211322 -0.02977198
v -0.02917602 0.01242785 -0.03016244
v -0.02917602 0.01242785 -0.02977198
v -0.02903656 0.01271064 -0.03016244
v -0.02903656 0.01271064 -0.02977198
v -0.0287995 0.01291853 -0.03016244
v -0.0287995 0.01291853 -0.02977198
v -0.02850093 0.01301988 -0.03016244
v -0.02850093 0.01301988 -0.02977198
v -0.02936485 0.01165902 -0.02933901
v -0.02936485 0.01165902 -0.02977198
v -0.02950524 0.01207258 -0.02977198
v -0.02950524 0.01207258 -0.02933901
v -0.02947668 0.01250839 -0.02977198
v -0.02947668 0.01250839 -0.02933901
v -0.02928351 0.01290009 -0.02977198
v -0.02928351 0.01290009 -0.02933901
v -0.02895515 0.01318805 -0.02977198
v -0.02895515 0.01318805 -0.02933901
v -0.02854158 0.01332844 -0.02977198
v -0.02854158 0.01332844 -0.02933901
v -0.02907689 0.01133065 -0.02933901
v -0.02936485 0.01165902 -0.02977198
v -0.02936485 0.01165902 -0.02933901
v -0.02907689 0.01133065 -0.02977198
v -0.02868519 0.01113749 -0.02933901
v -0.02868519 0.01113749 -0.02977198
v -0.02824938 0.01110893 -0.02933901
v -0.02824938 0.01110893 -0.02977198
v -0.02783582 0.01124931 -0.02933901
v -0.02783582 0.01124931 -0.02977198
v -0.02850093 0.01301988 -0.02977198
v -0.02850093 0.01301988 -0.03016244
v -0.0281863 0.01299926 -0.03016244
v -0.0281863 0.01299926 -0.02977198
v -0.02790352 0.0128598 -0.03016244
v -0.02790352 0.0128598 -0.02977198
v -0.02769562 0.01262275 -0.03016244
v -0.02769562 0.01262275 -0.02977198
v -0.02854158 0.01332844 -0.02933901
v -0.02854158 0.01332844 -0.02977198
v -0.02810578 0.01329987 -0.02977198
v -0.02810578 0.01329987 -0.02933901
v -0.02771408 0.01310671 -0.02977198
v -0.02771408 0.01310671 -0.02933901
v -0.02742611 0.01277835 -0.02977198
v -0.02742611 0.01277835 -0.02933901
v -0.02728572 0.01236478 -0.02977198
v -0.02728572 0.01236478 -0.02933901
v -0.02728572 0.01236478 -0.02933901
v -0.02728572 0.01236478 -0.02977198
v -0.02731429 0.01192898 -0.02977198
v -0.02731429 0.01192898 -0.02933901
v -0.02750745 0.01153728 -0.02977198
v -0.02750745 0.01153728 -0.02933901
v -0.02783582 0.01124931 -0.02977198
v -0.02783582 0.01124931 -0.02933901
v -0.02775435 0.01172676 -0.02977198
v -0.02799141 0.01151886 -0.03016244
v -0.02799141 0.01151886 -0.02977198
v -0.02775435 0.01172676 -0.03016244
v -0.02761489 0.01200955 -0.02977198
v -0.02761489 0.01200955 -0.03016244
v -0.02759427 0.01232417 -0.02977198
v -0.02759427 0.01232417 -0.03016244
v -0.02769562 0.01262275 -0.02977198
v -0.02769562 0.01262275 -0.03016244
v -0.02477943 -0.0190194 -0.02933901
v -0.02498514 -0.01897849 -0.00956137
v -0.02477943 -0.0190194 -0.009561369
v -0.02498514 -0.01897849 -0.02933901
v -0.02515953 -0.01886196 -0.00956137
v -0.02515953 -0.01886196 -0.02933901
v -0.02527606 -0.01868757 -0.00956137
v -0.02527606 -0.01868757 -0.02933901
v -0.02531697 -0.01848186 -0.00956137
v -0.02531697 -0.01848186 -0.02933901
v -0.02527606 -0.01827615 -0.00956137
v -0.02527606 -0.01827615 -0.02933901
v -0.02457372 -0.01897849 -0.02933901
v -0.02477943 -0.0190194 -0.02933901
v -0.02477943 -0.0190194 -0.009561369
v -0.02457372 -0.01897849 -0.00956137
v -0.02439933 -0.01886196 -0.02933901
v -0.02439933 -0.01886196 -0.00956137
v -0.0242828 -0.01868757 -0.02933901
v -0.0242828 -0.01868757 -0.00956137
v -0.02424188 -0.01848186 -0.02933901
v -0.02424188 -0.01848186 -0.00956137
v -0.02563491 -0.01848185 -0.00956137
v -0.02556979 -0.01815447 -0.00956137
v -0.02556979 -0.01815447 0.01021627
v -0.02563491 -0.01848185 0.01021627
v -0.02556979 -0.01880923 -0.00956137
v -0.02556979 -0.01880923 0.01021627
v -0.02538435 -0.01908677 -0.00956137
v -0.02538435 -0.01908677 0.01021627
v -0.02510681 -0.01927222 -0.00956137
v -0.02510681 -0.01927222 0.01021627
v -0.02556979 -0.01815447 -0.00956137
v -0.02538435 -0.01787693 0.01021627
v -0.02556979 -0.01815447 0.01021627
v -0.02538435 -0.01787693 -0.00956137
v -0.02510681 -0.01769148 0.01021627
v -0.02510681 -0.01769148 -0.00956137
v -0.02477943 -0.01762636 0.01021627
v -0.02477943 -0.01762636 -0.00956137
v -0.02445204 -0.01769148 0.01021627
v -0.02445204 -0.01769148 -0.00956137
v -0.02527606 -0.01827615 -0.02933901
v -0.02515953 -0.01810175 -0.00956137
v -0.02527606 -0.01827615 -0.00956137
v -0.02515953 -0.01810175 -0.02933901
v -0.02498514 -0.01798523 -0.00956137
v -0.02498514 -0.01798523 -0.02933901
v -0.02477943 -0.01794431 -0.00956137
v -0.02477943 -0.01794431 -0.02933901
v -0.02457372 -0.01798523 -0.00956137
v -0.02457372 -0.01798523 -0.02933901
v -0.02457372 -0.01798523 -0.02933901
v -0.02439933 -0.01810175 -0.00956137
v -0.02457372 -0.01798523 -0.00956137
v -0.02439933 -0.01810175 -0.02933901
v -0.0242828 -0.01827615 -0.00956137
v -0.0242828 -0.01827615 -0.02933901
v -0.02424188 -0.01848186 -0.00956137
v -0.02424188 -0.01848186 -0.02933901
v -0.02445204 -0.01769148 -0.00956137
v -0.02417451 -0.01787693 0.01021627
v -0.02445204 -0.01769148 0.01021627
v -0.02417451 -0.01787693 -0.00956137
v -0.02398906 -0.01815447 0.01021627
v -0.02398906 -0.01815447 -0.00956137
v -0.02392394 -0.01848185 0.01021627
v -0.02392394 -0.01848185 -0.00956137
v -0.02392394 -0.01848185 -0.00956137
v -0.02398906 -0.01880923 0.01021627
v -0.02392394 -0.01848185 0.01021627
v -0.02398906 -0.01880923 -0.00956137
v -0.02417451 -0.01908677 0.01021627
v -0.02417451 -0.01908677 -0.00956137
v -0.02445204 -0.01927222 0.01021627
v -0.02445204 -0.01927222 -0.00956137
v -0.02477943 -0.01933734 0.01021627
v -0.02477943 -0.01933734 -0.009561369
v -0.02510681 -0.01927222 0.01021627
v -0.02510681 -0.01927222 -0.00956137
v -0.02531697 -0.01848186 0.01021627
v -0.02527606 -0.01827615 0.01021627
v -0.02527606 -0.01827615 0.0299939
v -0.02531697 -0.01848186 0.0299939
v -0.02527606 -0.01868757 0.01021627
v -0.02527606 -0.01868757 0.0299939
v -0.02515953 -0.01886196 0.01021627
v -0.02515953 -0.01886196 0.0299939
v -0.02498514 -0.01897849 0.01021627
v -0.02498514 -0.01897849 0.0299939
v -0.02477943 -0.0190194 0.01021627
v -0.02477943 -0.0190194 0.0299939
v -0.02527606 -0.01827615 0.01021627
v -0.02515953 -0.01810175 0.0299939
v -0.02527606 -0.01827615 0.0299939
v -0.02515953 -0.01810175 0.01021627
v -0.02498514 -0.01798523 0.0299939
v -0.02498514 -0.01798523 0.01021627
v -0.02477943 -0.01794431 0.0299939
v -0.02477943 -0.01794431 0.01021627
v -0.02457372 -0.01798523 0.0299939
v -0.02457372 -0.01798523 0.01021627
v -0.02457372 -0.01798523 0.01021627
v -0.02439933 -0.01810175 0.0299939
v -0.02457372 -0.01798523 0.0299939
v -0.02439933 -0.01810175 0.01021627
v -0.0242828 -0.01827615 0.0299939
v -0.0242828 -0.01827615 0.01021627
v -0.02424188 -0.01848186 0.0299939
v -0.02424188 -0.01848186 0.01021627
v -0.02424188 -0.01848186 0.01021627
v -0.0242828 -0.01868757 0.0299939
v -0.02424188 -0.01848186 0.0299939
v -0.0242828 -0.01868757 0.01021627
v -0.02439933 -0.01886196 0.0299939
v -0.02439933 -0.01886196 0.01021627
v -0.02457372 -0.01897849 0.0299939
v -0.02457372 -0.01897849 0.01021627
v -0.02477943 -0.0190194 0.0299939
v -0.02477943 -0.0190194 0.01021627
v -0.02403284 -0.01817259 0.03081733
v -0.02397133 -0.01848183 0.03081733
v -0.02403284 -0.01879108 0.03081733
v -0.02420802 -0.01791042 0.03081733
v -0.02420802 -0.01905324 0.03081733
v -0.02447018 -0.01773525 0.03081733
v -0.02447018 -0.01922842 0.03081733
v -0.02477943 -0.01767373 0.03081733
v -0.02477943 -0.01928993 0.03081733
v -0.02508868 -0.01773525 0.03081733
v -0.02508868 -0.01922842 0.03081733
v -0.02535084 -0.01791042 0.03081733
v -0.02535084 -0.01905324 0.03081733
v -0.02552602 -0.01817259 0.03081733
v -0.02552602 -0.01879108 0.03081733
v -0.02558753 -0.01848183 0.03081733
v -0.02477943 -0.01928993 0.03042687
v -0.02477943 -0.01928993 0.03081733
v -0.02447018 -0.01922842 0.03081733
v -0.02447018 -0.01922842 0.03042687
v -0.02420802 -0.01905324 0.03081733
v -0.02420802 -0.01905324 0.03042687
v -0.02403284 -0.01879108 0.03081733
v -0.02403284 -0.01879108 0.03042687
v -0.02397133 -0.01848183 0.03081733
v -0.02397133 -0.01848183 0.03042687
v -0.02508868 -0.01922842 0.03042687
v -0.02477943 -0.01928993 0.03081733
v -0.02477943 -0.01928993 0.03042687
v -0.02508868 -0.01922842 0.03081733
v -0.02535084 -0.01905324 0.03042687
v -0.02535084 -0.01905324 0.03081733
v -0.02552602 -0.01879108 0.03042687
v -0.02552602 -0.01879108 0.03081733
v -0.02558753 -0.01848183 0.03042687
v -0.02558753 -0.01848183 0.03081733
v -0.02552602 -0.01817259 0.03042687
v -0.02552602 -0.01817259 0.03081733
v -0.02520778 -0.01951599 0.0299939
v -0.02477943 -0.01960119 0.03042687
v -0.02477943 -0.01960119 0.0299939
v -0.02520778 -0.01951599 0.03042687
v -0.02557092 -0.01927335 0.0299939
v -0.02557092 -0.01927335 0.03042687
v -0.02581356 -0.01891021 0.0299939
v -0.02581356 -0.01891021 0.03042687
v -0.02589876 -0.01848186 0.0299939
v -0.02589876 -0.01848186 0.03042687
v -0.02581356 -0.01805351 0.0299939
v -0.02581356 -0.01805351 0.03042687
v -0.02477943 -0.01960119 0.0299939
v -0.02477943 -0.01960119 0.03042687
v -0.02435108 -0.01951599 0.03042687
v -0.02435108 -0.01951599 0.0299939
v -0.02398794 -0.01927335 0.03042687
v -0.02398794 -0.01927335 0.0299939
v -0.0237453 -0.01891021 0.03042687
v -0.0237453 -0.01891021 0.0299939
v -0.0236601 -0.01848186 0.03042687
v -0.0236601 -0.01848186 0.0299939
v -0.02557092 -0.01769038 0.0299939
v -0.02581356 -0.01805351 0.03042687
v -0.02581356 -0.01805351 0.0299939
v -0.02557092 -0.01769038 0.03042687
v -0.02520778 -0.01744773 0.0299939
v -0.02520778 -0.01744773 0.03042687
v -0.02477943 -0.01736253 0.0299939
v -0.02477943 -0.01736253 0.03042687
v -0.02435108 -0.01744773 0.0299939
v -0.02435108 -0.01744773 0.03042687
v -0.02398794 -0.01769038 0.0299939
v -0.02435108 -0.01744773 0.03042687
v -0.02435108 -0.01744773 0.0299939
v -0.02398794 -0.01769038 0.03042687
v -0.0237453 -0.01805351 0.0299939
v -0.0237453 -0.01805351 0.03042687
v -0.0236601 -0.01848186 0.0299939
v -0.0236601 -0.01848186 0.03042687
v -0.02397133 -0.01848183 0.03042687
v -0.02397133 -0.01848183 0.03081733
v -0.02403284 -0.01817259 0.03081733
v -0.02403284 -0.01817259 0.03042687
v -0.02420802 -0.01791042 0.03081733
v -0.02420802 -0.01791042 0.03042687
v -0.02447018 -0.01773525 0.03081733
v -0.02447018 -0.01773525 0.03042687
v -0.02477943 -0.01767373 0.03081733
v -0.02477943 -0.01767373 0.03042687
v -0.02477943 -0.01767373 0.03042687
v -0.02477943 -0.01767373 0.03081733
v -0.02508868 -0.01773525 0.03081733
v -0.02508868 -0.01773525 0.03042687
v -0.02535084 -0.01791042 0.03081733
v -0.02535084 -0.01791042 0.03042687
v -0.02552602 -0.01817259 0.03081733
v -0.02552602 -0.01817259 0.03042687
v -0.02403284 -0.01879108 -0.03016244
v -0.02397133 -0.01848183 -0.03016244
v -0.02403284 -0.01817259 -0.03016244
v -0.02420802 -0.01905324 -0.03016244
v -0.02420802 -0.01791042 -0.03016244
v -0.02447018 -0.01922842 -0.03016244
v -0.02447018 -0.01773525 -0.03016244
v -0.02477943 -0.01928993 -0.03016244
v -0.02477943 -0.01767373 -0.03016244
v -0.02508868 -0.01922842 -0.03016244
v -0.02508868 -0.01773525 -0.03016244
v -0.02535084 -0.01905324 -0.03016244
v -0.02535084 -0.01791042 -0.03016244
v -0.02552602 -0.01879108 -0.03016244
v -0.02552602 -0.01817259 -0.03016244
v -0.02558753 -0.01848183 -0.03016244
v -0.02477943 -0.01960119 -0.02933901
v -0.02477943 -0.01960119 -0.02977198
v -0.02520778 -0.01951599 -0.02977198
v -0.02520778 -0.01951599 -0.02933901
v -0.02557092 -0.01927335 -0.02977198
v -0.02557092 -0.01927335 -0.02933901
v -0.02581356 -0.01891021 -0.02977198
v -0.02581356 -0.01891021 -0.02933901
v -0.02589876 -0.01848186 -0.02977198
v -0.02589876 -0.01848186 -0.02933901
v -0.02581356 -0.01805351 -0.02977198
v -0.02581356 -0.01805351 -0.02933901
v -0.02435108 -0.01951599 -0.02933901
v -0.02477943 -0.01960119 -0.02977198
v -0.02477943 -0.01960119 -0.02933901
v -0.02435108 -0.01951599 -0.02977198
v -0.02398794 -0.01927335 -0.02933901
v -0.02398794 -0.01927335 -0.02977198
v -0.0237453 -0.01891021 -0.02933901
v -0.0237453 -0.01891021 -0.02977198
v -0.0236601 -0.01848186 -0.02933901
v -0.0236601 -0.01848186 -0.02977198
v -0.02558753 -0.01848183 -0.02977198
v -0.02552602 -0.01817259 -0.03016244
v -0.02552602 -0.01817259 -0.02977198
v -0.02558753 -0.01848183 -0.03016244
v -0.02552602 -0.01879108 -0.02977198
v -0.02552602 -0.01879108 -0.03016244
v -0.02535084 -0.01905324 -0.02977198
v -0.02535084 -0.01905324 -0.03016244
v -0.02508868 -0.01922842 -0.02977198
v -0.02508868 -0.01922842 -0.03016244
v -0.02477943 -0.01928993 -0.02977198
v -0.02477943 -0.01928993 -0.03016244
v -0.02447018 -0.01922842 -0.02977198
v -0.02447018 -0.01922842 -0.03016244
v -0.02420802 -0.01905324 -0.02977198
v -0.02420802 -0.01905324 -0.03016244
v -0.02403284 -0.01879108 -0.02977198
v -0.02403284 -0.01879108 -0.03016244
v -0.02397133 -0.01848183 -0.02977198
v -0.02397133 -0.01848183 -0.03016244
v -0.02552602 -0.01817259 -0.02977198
v -0.02552602 -0.01817259 -0.03016244
v -0.02535084 -0.01791042 -0.03016244
v -0.02535084 -0.01791042 -0.02977198
v -0.02508868 -0.01773525 -0.03016244
v -0.02508868 -0.01773525 -0.02977198
v -0.02477943 -0.01767373 -0.03016244
v -0.02477943 -0.01767373 -0.02977198
v -0.02581356 -0.01805351 -0.02933901
v -0.02581356 -0.01805351 -0.02977198
v -0.02557092 -0.01769038 -0.02977198
v -0.02557092 -0.01769038 -0.02933901
v -0.02520778 -0.01744773 -0.02977198
v -0.02520778 -0.01744773 -0.02933901
v -0.02477943 -0.01736253 -0.02977198
v -0.02477943 -0.01736253 -0.02933901
v -0.02435108 -0.01744773 -0.02977198
v -0.02435108 -0.01744773 -0.02933901
v -0.02435108 -0.01744773 -0.02933901
v -0.02435108 -0.01744773 -0.02977198
v -0.02398794 -0.01769038 -0.02977198
v -0.02398794 -0.01769038 -0.02933901
v -0.0237453 -0.01805351 -0.02977198
v -0.0237453 -0.01805351 -0.02933901
v -0.0236601 -0.01848186 -0.02977198
v -0.0236601 -0.01848186 -0.02933901
v -0.02403284 -0.01817259 -0.02977198
v -0.02397133 -0.01848183 -0.03016244
v -0.02397133 -0.01848183 -0.02977198
v -0.02403284 -0.01817259 -0.03016244
v -0.02420802 -0.01791042 -0.02977198
v -0.02420802 -0.01791042 -0.03016244
v -0.02447018 -0.01773525 -0.02977198
v -0.02447018 -0.01773525 -0.03016244
v -0.02477943 -0.01767373 -0.02977198
v -0.02477943 -0.01767373 -0.03016244
v 0.004081576 -0.03096931 -0.02933901
v 0.003943282 -0.03112701 -0.00956137
v 0.004081576 -0.03096931 -0.009561369
v 0.003943282 -0.03112701 -0.02933901
v 0.003755171 -0.03121977 -0.00956137
v 0.003755171 -0.03121977 -0.02933901
v 0.00354588 -0.03123349 -0.00956137
v 0.00354588 -0.03123349 -0.02933901
v 0.003347272 -0.03116607 -0.00956137
v 0.003347272 -0.03116607 -0.02933901
v 0.003189579 -0.03102778 -0.00956137
v 0.003189579 -0.03102778 -0.02933901
v 0.004148993 -0.0307707 -0.02933901
v 0.004081576 -0.03096931 -0.02933901
v 0.004081576 -0.03096931 -0.009561369
v 0.004148993 -0.0307707 -0.00956137
v 0.004135275 -0.03056141 -0.02933901
v 0.004135275 -0.03056141 -0.00956137
v 0.004042509 -0.0303733 -0.02933901
v 0.004042509 -0.0303733 -0.00956137
v 0.003884818 -0.03023501 -0.02933901
v 0.003884818 -0.03023501 -0.00956137
v 0.003188296 -0.03144141 -0.00956137
v 0.002937336 -0.03122132 -0.00956137
v 0.002937336 -0.03122132 0.01021627
v 0.003188296 -0.03144141 0.01021627
v 0.003504376 -0.0315487 -0.00956137
v 0.003504376 -0.0315487 0.01021627
v 0.003837457 -0.03152687 -0.00956137
v 0.003837457 -0.03152687 0.01021627
v 0.004136828 -0.03137924 -0.00956137
v 0.004136828 -0.03137924 0.01021627
v 0.002937336 -0.03122132 -0.00956137
v 0.002789703 -0.03092195 0.01021627
v 0.002937336 -0.03122132 0.01021627
v 0.002789703 -0.03092195 -0.00956137
v 0.002767873 -0.03058887 0.01021627
v 0.002767873 -0.03058887 -0.00956137
v 0.002875167 -0.03027279 0.01021627
v 0.002875167 -0.03027279 -0.00956137
v 0.003095254 -0.03002183 0.01021627
v 0.003095254 -0.03002183 -0.00956137
v 0.003189579 -0.03102778 -0.02933901
v 0.003096814 -0.03083967 -0.00956137
v 0.003189579 -0.03102778 -0.00956137
v 0.003096814 -0.03083967 -0.02933901
v 0.003083097 -0.03063038 -0.00956137
v 0.003083097 -0.03063038 -0.02933901
v 0.003150517 -0.03043177 -0.00956137
v 0.003150517 -0.03043177 -0.02933901
v 0.003288808 -0.03027408 -0.00956137
v 0.003288808 -0.03027408 -0.02933901
v 0.003288808 -0.03027408 -0.02933901
v 0.003476918 -0.03018131 -0.00956137
v 0.003288808 -0.03027408 -0.00956137
v 0.003476918 -0.03018131 -0.02933901
v 0.003686209 -0.03016759 -0.00956137
v 0.003686209 -0.03016759 -0.02933901
v 0.003884818 -0.03023501 -0.00956137
v 0.003884818 -0.03023501 -0.02933901
v 0.003095254 -0.03002183 -0.00956137
v 0.003394624 -0.0298742 0.01021627
v 0.003095254 -0.03002183 0.01021627
v 0.003394624 -0.0298742 -0.00956137
v 0.003727703 -0.02985237 0.01021627
v 0.003727703 -0.02985237 -0.00956137
v 0.004043783 -0.02995966 0.01021627
v 0.004043783 -0.02995966 -0.00956137
v 0.004043783 -0.02995966 -0.00956137
v 0.004294743 -0.03017975 0.01021627
v 0.004043783 -0.02995966 0.01021627
v 0.004294743 -0.03017975 -0.00956137
v 0.004442377 -0.03047912 0.01021627
v 0.004442377 -0.03047912 -0.00956137
v 0.004464209 -0.0308122 0.01021627
v 0.004464209 -0.0308122 -0.00956137
v 0.004356913 -0.03112828 0.01021627
v 0.004356913 -0.03112828 -0.009561369
v 0.004136828 -0.03137924 0.01021627
v 0.004136828 -0.03137924 -0.00956137
v 0.003347272 -0.03116607 0.01021627
v 0.003189579 -0.03102778 0.01021627
v 0.003189579 -0.03102778 0.0299939
v 0.003347272 -0.03116607 0.0299939
v 0.00354588 -0.03123349 0.01021627
v 0.00354588 -0.03123349 0.0299939
v 0.003755171 -0.03121977 0.01021627
v 0.003755171 -0.03121977 0.0299939
v 0.003943282 -0.03112701 0.01021627
v 0.003943282 -0.03112701 0.0299939
v 0.004081576 -0.03096931 0.01021627
v 0.004081576 -0.03096931 0.0299939
v 0.003189579 -0.03102778 0.01021627
v 0.003096814 -0.03083967 0.0299939
v 0.003189579 -0.03102778 0.0299939
v 0.003096814 -0.03083967 0.01021627
v 0.003083097 -0.03063038 0.0299939
v 0.003083097 -0.03063038 0.01021627
v 0.003150517 -0.03043177 0.0299939
v 0.003150517 -0.03043177 0.01021627
v 0.003288808 -0.03027408 0.0299939
v 0.003288808 -0.03027408 0.01021627
v 0.003288808 -0.03027408 0.01021627
v 0.003476918 -0.03018131 0.0299939
v 0.003288808 -0.03027408 0.0299939
v 0.003476918 -0.03018131 0.01021627
v 0.003686209 -0.03016759 0.0299939
v 0.003686209 -0.03016759 0.01021627
v 0.003884818 -0.03023501 0.0299939
v 0.003884818 -0.03023501 0.01021627
v 0.003884818 -0.03023501 0.01021627
v 0.004042509 -0.0303733 0.0299939
v 0.003884818 -0.03023501 0.0299939
v 0.004042509 -0.0303733 0.01021627
v 0.004135275 -0.03056141 0.0299939
v 0.004135275 -0.03056141 0.01021627
v 0.004148993 -0.0307707 0.0299939
v 0.004148993 -0.0307707 0.01021627
v 0.004081576 -0.03096931 0.0299939
v 0.004081576 -0.03096931 0.01021627
v 0.004396585 -0.03049138 0.03081733
v 0.004417207 -0.03080601 0.03081733
v 0.004315855 -0.03110458 0.03081733
v 0.00425713 -0.03020859 0.03081733
v 0.004107961 -0.03134163 0.03081733
v 0.004020072 -0.0300007 0.03081733
v 0.003825174 -0.03148109 0.03081733
v 0.003721501 -0.02989935 0.03081733
v 0.003510544 -0.03150171 0.03081733
v 0.003406872 -0.02991997 0.03081733
v 0.003211974 -0.03140036 0.03081733
v 0.003124084 -0.03005942 0.03081733
v 0.002974916 -0.03119247 0.03081733
v 0.002916189 -0.03029648 0.03081733
v 0.002835461 -0.03090968 0.03081733
v 0.002814839 -0.03059505 0.03081733
v 0.004315855 -0.03110458 0.03042687
v 0.004315855 -0.03110458 0.03081733
v 0.004417207 -0.03080601 0.03081733
v 0.004417207 -0.03080601 0.03042687
v 0.004396585 -0.03049138 0.03081733
v 0.004396585 -0.03049138 0.03042687
v 0.00425713 -0.03020859 0.03081733
v 0.00425713 -0.03020859 0.03042687
v 0.004020072 -0.0300007 0.03081733
v 0.004020072 -0.0300007 0.03042687
v 0.004107961 -0.03134163 0.03042687
v 0.004315855 -0.03110458 0.03081733
v 0.004315855 -0.03110458 0.03042687
v 0.004107961 -0.03134163 0.03081733
v 0.003825174 -0.03148109 0.03042687
v 0.003825174 -0.03148109 0.03081733
v 0.003510544 -0.03150171 0.03042687
v 0.003510544 -0.03150171 0.03081733
v 0.003211974 -0.03140036 0.03042687
v 0.003211974 -0.03140036 0.03081733
v 0.002974916 -0.03119247 0.03042687
v 0.002974916 -0.03119247 0.03081733
v 0.004297455 -0.03158857 0.0299939
v 0.00458542 -0.03126021 0.03042687
v 0.00458542 -0.03126021 0.0299939
v 0.004297455 -0.03158857 0.03042687
v 0.003905754 -0.03178173 0.0299939
v 0.003905754 -0.03178173 0.03042687
v 0.003469946 -0.0318103 0.0299939
v 0.003469946 -0.0318103 0.03042687
v 0.003056384 -0.03166991 0.0299939
v 0.003056384 -0.03166991 0.03042687
v 0.002728022 -0.03138195 0.0299939
v 0.002728022 -0.03138195 0.03042687
v 0.00458542 -0.03126021 0.0299939
v 0.00458542 -0.03126021 0.03042687
v 0.004725805 -0.03084665 0.03042687
v 0.004725805 -0.03084665 0.0299939
v 0.00469724 -0.03041084 0.03042687
v 0.00469724 -0.03041084 0.0299939
v 0.004504075 -0.03001914 0.03042687
v 0.004504075 -0.03001914 0.0299939
v 0.004175715 -0.02973118 0.03042687
v 0.004175715 -0.02973118 0.0299939
v 0.002534858 -0.03099025 0.0299939
v 0.002728022 -0.03138195 0.03042687
v 0.002728022 -0.03138195 0.0299939
v 0.002534858 -0.03099025 0.03042687
v 0.002506293 -0.03055444 0.0299939
v 0.002506293 -0.03055444 0.03042687
v 0.00264668 -0.03014088 0.0299939
v 0.00264668 -0.03014088 0.03042687
v 0.002934643 -0.02981252 0.0299939
v 0.002934643 -0.02981252 0.03042687
v 0.003326344 -0.02961935 0.0299939
v 0.002934643 -0.02981252 0.03042687
v 0.002934643 -0.02981252 0.0299939
v 0.003326344 -0.02961935 0.03042687
v 0.003762151 -0.02959079 0.0299939
v 0.003762151 -0.02959079 0.03042687
v 0.004175715 -0.02973118 0.0299939
v 0.004175715 -0.02973118 0.03042687
v 0.004020072 -0.0300007 0.03042687
v 0.004020072 -0.0300007 0.03081733
v 0.003721501 -0.02989935 0.03081733
v 0.003721501 -0.02989935 0.03042687
v 0.003406872 -0.02991997 0.03081733
v 0.003406872 -0.02991997 0.03042687
v 0.003124084 -0.03005942 0.03081733
v 0.003124084 -0.03005942 0.03042687
v 0.002916189 -0.03029648 0.03081733
v 0.002916189 -0.03029648 0.03042687
v 0.002916189 -0.03029648 0.03042687
v 0.002916189 -0.03029648 0.03081733
v 0.002814839 -0.03059505 0.03081733
v 0.002814839 -0.03059505 0.03042687
v 0.002835461 -0.03090968 0.03081733
v 0.002835461 -0.03090968 0.03042687
v 0.002974916 -0.03119247 0.03081733
v 0.002974916 -0.03119247 0.03042687
v 0.004315855 -0.03110458 -0.03016244
v 0.004417207 -0.03080601 -0.03016244
v 0.004396585 -0.03049138 -0.03016244
v 0.00425713 -0.03020859 -0.03016244
v 0.004107961 -0.03134163 -0.03016244
v 0.004020072 -0.0300007 -0.03016244
v 0.003825174 -0.03148109 -0.03016244
v 0.003721501 -0.02989935 -0.03016244
v 0.003510544 -0.03150171 -0.03016244
v 0.003406872 -0.02991997 -0.03016244
v 0.003211974 -0.03140036 -0.03016244
v 0.003124084 -0.03005942 -0.03016244
v 0.002974916 -0.03119247 -0.03016244
v 0.002916189 -0.03029648 -0.03016244
v 0.002835461 -0.03090968 -0.03016244
v 0.002814839 -0.03059505 -0.03016244
v 0.00458542 -0.03126021 -0.02933901
v 0.00458542 -0.03126021 -0.02977198
v 0.004297455 -0.03158857 -0.02977198
v 0.004297455 -0.03158857 -0.02933901
v 0.003905754 -0.03178173 -0.02977198
v 0.003905754 -0.03178173 -0.02933901
v 0.003469946 -0.0318103 -0.02977198
v 0.003469946 -0.0318103 -0.02933901
v 0.003056384 -0.03166991 -0.02977198
v 0.003056384 -0.03166991 -0.02933901
v 0.002728022 -0.03138195 -0.02977198
v 0.002728022 -0.03138195 -0.02933901
v 0.004725805 -0.03084665 -0.02933901
v 0.00458542 -0.03126021 -0.02977198
v 0.00458542 -0.03126021 -0.02933901
v 0.004725805 -0.03084665 -0.02977198
v 0.00469724 -0.03041084 -0.02933901
v 0.00469724 -0.03041084 -0.02977198
v 0.004504075 -0.03001914 -0.02933901
v 0.004504075 -0.03001914 -0.02977198
v 0.004175715 -0.02973118 -0.02933901
v 0.004175715 -0.02973118 -0.02977198
v 0.003211974 -0.03140036 -0.02977198
v 0.002974916 -0.03119247 -0.03016244
v 0.002974916 -0.03119247 -0.02977198
v 0.003211974 -0.03140036 -0.03016244
v 0.003510544 -0.03150171 -0.02977198
v 0.003510544 -0.03150171 -0.03016244
v 0.003825174 -0.03148109 -0.02977198
v 0.003825174 -0.03148109 -0.03016244
v 0.004107961 -0.03134163 -0.02977198
v 0.004107961 -0.03134163 -0.03016244
v 0.004315855 -0.03110458 -0.02977198
v 0.004315855 -0.03110458 -0.03016244
v 0.004417207 -0.03080601 -0.02977198
v 0.004417207 -0.03080601 -0.03016244
v 0.004396585 -0.03049138 -0.02977198
v 0.004396585 -0.03049138 -0.03016244
v 0.00425713 -0.03020859 -0.02977198
v 0.00425713 -0.03020859 -0.03016244
v 0.004020072 -0.0300007 -0.02977198
v 0.004020072 -0.0300007 -0.03016244
v 0.002974916 -0.03119247 -0.02977198
v 0.002974916 -0.03119247 -0.03016244
v 0.002835461 -0.03090968 -0.03016244
v 0.002835461 -0.03090968 -0.02977198
v 0.002814839 -0.03059505 -0.03016244
v 0.002814839 -0.03059505 -0.02977198
v 0.002916189 -0.03029648 -0.03016244
v 0.002916189 -0.03029648 -0.02977198
v 0.002728022 -0.03138195 -0.02933901
v 0.002728022 -0.03138195 -0.02977198
v 0.002534858 -0.03099025 -0.02977198
v 0.002534858 -0.03099025 -0.02933901
v 0.002506293 -0.03055444 -0.02977198
v 0.002506293 -0.03055444 -0.02933901
v 0.00264668 -0.03014088 -0.02977198
v 0.00264668 -0.03014088 -0.02933901
v 0.002934643 -0.02981252 -0.02977198
v 0.002934643 -0.02981252 -0.02933901
v 0.002934643 -0.02981252 -0.02933901
v 0.002934643 -0.02981252 -0.02977198
v 0.003326344 -0.02961935 -0.02977198
v 0.003326344 -0.02961935 -0.02933901
v 0.003762151 -0.02959079 -0.02977198
v 0.003762151 -0.02959079 -0.02933901
v 0.004175715 -0.02973118 -0.02977198
v 0.004175715 -0.02973118 -0.02933901
v 0.003721501 -0.02989935 -0.02977198
v 0.004020072 -0.0300007 -0.03016244
v 0.004020072 -0.0300007 -0.02977198
v 0.003721501 -0.02989935 -0.03016244
v 0.003406872 -0.02991997 -0.02977198
v 0.003406872 -0.02991997 -0.03016244
v 0.003124084 -0.03005942 -0.02977198
v 0.003124084 -0.03005942 -0.03016244
v 0.002916189 -0.03029648 -0.02977198
v 0.002916189 -0.03029648 -0.03016244
v 0.028861 -0.01194992 -0.02933901
v 0.02892842 -0.01214853 -0.00956137
v 0.028861 -0.01194992 -0.009561369
v 0.02892842 -0.01214853 -0.02933901
v 0.0289147 -0.01235782 -0.00956137
v 0.0289147 -0.01235782 -0.02933901
v 0.02882193 -0.01254593 -0.00956137
v 0.02882193 -0.01254593 -0.02933901
v 0.02866424 -0.01268422 -0.00956137
v 0.02866424 -0.01268422 -0.02933901
v 0.02846563 -0.01275164 -0.00956137
v 0.02846563 -0.01275164 -0.02933901
v 0.02872271 -0.01179223 -0.02933901
v 0.028861 -0.01194992 -0.02933901
v 0.028861 -0.01194992 -0.009561369
v 0.02872271 -0.01179223 -0.00956137
v 0.02853459 -0.01169946 -0.02933901
v 0.02853459 -0.01169946 -0.00956137
v 0.0283253 -0.01168575 -0.02933901
v 0.0283253 -0.01168575 -0.00956137
v 0.02812669 -0.01175316 -0.02933901
v 0.02812669 -0.01175316 -0.00956137
v 0.0288232 -0.01295957 -0.00956137
v 0.02850712 -0.01306686 -0.00956137
v 0.02850712 -0.01306686 0.01021627
v 0.0288232 -0.01295957 0.01021627
v 0.02907416 -0.01273948 -0.00956137
v 0.02907416 -0.01273948 0.01021627
v 0.0292218 -0.01244011 -0.00956137
v 0.0292218 -0.01244011 0.01021627
v 0.02924363 -0.01210703 -0.00956137
v 0.02924363 -0.01210703 0.01021627
v 0.02850712 -0.01306686 -0.00956137
v 0.02817404 -0.01304503 0.01021627
v 0.02850712 -0.01306686 0.01021627
v 0.02817404 -0.01304503 -0.00956137
v 0.02787467 -0.0128974 0.01021627
v 0.02787467 -0.0128974 -0.00956137
v 0.02765459 -0.01264644 0.01021627
v 0.02765459 -0.01264644 -0.00956137
v 0.02754729 -0.01233036 0.01021627
v 0.02754729 -0.01233036 -0.00956137
v 0.02846563 -0.01275164 -0.02933901
v 0.02825634 -0.01273793 -0.00956137
v 0.02846563 -0.01275164 -0.00956137
v 0.02825634 -0.01273793 -0.02933901
v 0.02806823 -0.01264516 -0.00956137
v 0.02806823 -0.01264516 -0.02933901
v 0.02792994 -0.01248747 -0.00956137
v 0.02792994 -0.01248747 -0.02933901
v 0.02786252 -0.01228886 -0.00956137
v 0.02786252 -0.01228886 -0.02933901
v 0.02786252 -0.01228886 -0.02933901
v 0.02787624 -0.01207957 -0.00956137
v 0.02786252 -0.01228886 -0.00956137
v 0.02787624 -0.01207957 -0.02933901
v 0.027969 -0.01189146 -0.00956137
v 0.027969 -0.01189146 -0.02933901
v 0.02812669 -0.01175316 -0.00956137
v 0.02812669 -0.01175316 -0.02933901
v 0.02754729 -0.01233036 -0.00956137
v 0.02756912 -0.01199728 0.01021627
v 0.02754729 -0.01233036 0.01021627
v 0.02756912 -0.01199728 -0.00956137
v 0.02771676 -0.01169791 0.01021627
v 0.02771676 -0.01169791 -0.00956137
v 0.02796772 -0.01147782 0.01021627
v 0.02796772 -0.01147782 -0.00956137
v 0.02796772 -0.01147782 -0.00956137
v 0.0282838 -0.01137053 0.01021627
v 0.02796772 -0.01147782 0.01021627
v 0.0282838 -0.01137053 -0.00956137
v 0.02861688 -0.01139236 0.01021627
v 0.02861688 -0.01139236 -0.00956137
v 0.02891625 -0.01153999 0.01021627
v 0.02891625 -0.01153999 -0.00956137
v 0.02913633 -0.01179095 0.01021627
v 0.02913633 -0.01179095 -0.009561369
v 0.02924363 -0.01210703 0.01021627
v 0.02924363 -0.01210703 -0.00956137
v 0.02866424 -0.01268422 0.01021627
v 0.02846563 -0.01275164 0.01021627
v 0.02846563 -0.01275164 0.0299939
v 0.02866424 -0.01268422 0.0299939
v 0.02882193 -0.01254593 0.01021627
v 0.02882193 -0.01254593 0.0299939
v 0.0289147 -0.01235782 0.01021627
v 0.0289147 -0.01235782 0.0299939
v 0.02892842 -0.01214853 0.01021627
v 0.02892842 -0.01214853 0.0299939
v 0.028861 -0.01194992 0.01021627
v 0.028861 -0.01194992 0.0299939
v 0.02846563 -0.01275164 0.01021627
v 0.02825634 -0.01273793 0.0299939
v 0.02846563 -0.01275164 0.0299939
v 0.02825634 -0.01273793 0.01021627
v 0.02806823 -0.01264516 0.0299939
v 0.02806823 -0.01264516 0.01021627
v 0.02792994 -0.01248747 0.0299939
v 0.02792994 -0.01248747 0.01021627
v 0.02786252 -0.01228886 0.0299939
v 0.02786252 -0.01228886 0.01021627
v 0.02786252 -0.01228886 0.01021627
v 0.02787624 -0.01207957 0.0299939
v 0.02786252 -0.01228886 0.0299939
v 0.02787624 -0.01207957 0.01021627
v 0.027969 -0.01189146 0.0299939
v 0.027969 -0.01189146 0.01021627
v 0.02812669 -0.01175316 0.0299939
v 0.02812669 -0.01175316 0.01021627
v 0.02812669 -0.01175316 0.01021627
v 0.0283253 -0.01168575 0.0299939
v 0.02812669 -0.01175316 0.0299939
v 0.0283253 -0.01168575 0.01021627
v 0.02853459 -0.01169946 0.0299939
v 0.02853459 -0.01169946 0.01021627
v 0.02872271 -0.01179223 0.0299939
v 0.02872271 -0.01179223 0.01021627
v 0.028861 -0.01194992 0.0299939
v 0.028861 -0.01194992 0.01021627
v 0.02909528 -0.01181466 0.03081733
v 0.02919663 -0.01211323 0.03081733
v 0.02917601 -0.01242786 0.03081733
v 0.02903656 -0.01271064 0.03081733
v 0.02888739 -0.0115776 0.03081733
v 0.02879949 -0.01291854 0.03081733
v 0.0286046 -0.01143815 0.03081733
v 0.02850092 -0.01301989 0.03081733
v 0.02828997 -0.01141752 0.03081733
v 0.0281863 -0.01299927 0.03081733
v 0.0279914 -0.01151887 0.03081733
v 0.02790351 -0.01285981 0.03081733
v 0.02775434 -0.01172677 0.03081733
v 0.02769561 -0.01262275 0.03081733
v 0.02761488 -0.01200956 0.03081733
v 0.02759426 -0.01232419 0.03081733
v 0.02909528 -0.01181466 0.03042687
v 0.02909528 -0.01181466 0.03081733
v 0.02888739 -0.0115776 0.03081733
v 0.02888739 -0.0115776 0.03042687
v 0.0286046 -0.01143815 0.03081733
v 0.0286046 -0.01143815 0.03042687
v 0.02828997 -0.01141752 0.03081733
v 0.02828997 -0.01141752 0.03042687
v 0.0279914 -0.01151887 0.03081733
v 0.0279914 -0.01151887 0.03042687
v 0.02919663 -0.01211323 0.03042687
v 0.02909528 -0.01181466 0.03081733
v 0.02909528 -0.01181466 0.03042687
v 0.02919663 -0.01211323 0.03081733
v 0.02917601 -0.01242786 0.03042687
v 0.02917601 -0.01242786 0.03081733
v 0.02903656 -0.01271064 0.03042687
v 0.02903656 -0.01271064 0.03081733
v 0.02879949 -0.01291854 0.03042687
v 0.02879949 -0.01291854 0.03081733
v 0.02850092 -0.01301989 0.03042687
v 0.02850092 -0.01301989 0.03081733
v 0.02950523 -0.01207259 0.0299939
v 0.02936484 -0.01165902 0.03042687
v 0.02936484 -0.01165902 0.0299939
v 0.02950523 -0.01207259 0.03042687
v 0.02947666 -0.0125084 0.0299939
v 0.02947666 -0.0125084 0.03042687
v 0.0292835 -0.0129001 0.0299939
v 0.0292835 -0.0129001 0.03042687
v 0.02895514 -0.01318806 0.0299939
v 0.02895514 -0.01318806 0.03042687
v 0.02854157 -0.01332845 0.0299939
v 0.02854157 -0.01332845 0.03042687
v 0.02936484 -0.01165902 0.0299939
v 0.02936484 -0.01165902 0.03042687
v 0.02907688 -0.01133067 0.03042687
v 0.02907688 -0.01133067 0.0299939
v 0.02868518 -0.0111375 0.03042687
v 0.02868518 -0.0111375 0.0299939
v 0.02824937 -0.01110893 0.03042687
v 0.02824937 -0.01110893 0.0299939
v 0.02783581 -0.01124932 0.03042687
v 0.02783581 -0.01124932 0.0299939
v 0.02810577 -0.01329988 0.0299939
v 0.02854157 -0.01332845 0.03042687
v 0.02854157 -0.01332845 0.0299939
v 0.02810577 -0.01329988 0.03042687
v 0.02771407 -0.01310672 0.0299939
v 0.02771407 -0.01310672 0.03042687
v 0.0274261 -0.01277836 0.0299939
v 0.0274261 -0.01277836 0.03042687
v 0.02728572 -0.01236479 0.0299939
v 0.02728572 -0.01236479 0.03042687
v 0.02731428 -0.01192899 0.0299939
v 0.02728572 -0.01236479 0.03042687
v 0.02728572 -0.01236479 0.0299939
v 0.02731428 -0.01192899 0.03042687
v 0.02750744 -0.01153728 0.0299939
v 0.02750744 -0.01153728 0.03042687
v 0.02783581 -0.01124932 0.0299939
v 0.02783581 -0.01124932 0.03042687
v 0.0279914 -0.01151887 0.03042687
v 0.0279914 -0.01151887 0.03081733
v 0.02775434 -0.01172677 0.03081733
v 0.02775434 -0.01172677 0.03042687
v 0.02761488 -0.01200956 0.03081733
v 0.02761488 -0.01200956 0.03042687
v 0.02759426 -0.01232419 0.03081733
v 0.02759426 -0.01232419 0.03042687
v 0.02769561 -0.01262275 0.03081733
v 0.02769561 -0.01262275 0.03042687
v 0.02769561 -0.01262275 0.03042687
v 0.02769561 -0.01262275 0.03081733
v 0.02790351 -0.01285981 0.03081733
v 0.02790351 -0.01285981 0.03042687
v 0.0281863 -0.01299927 0.03081733
v 0.0281863 -0.01299927 0.03042687
v 0.02850092 -0.01301989 0.03081733
v 0.02850092 -0.01301989 0.03042687
v 0.02917601 -0.01242786 -0.03016244
v 0.02919663 -0.01211323 -0.03016244
v 0.02909528 -0.01181466 -0.03016244
v 0.02903656 -0.01271064 -0.03016244
v 0.02888739 -0.0115776 -0.03016244
v 0.02879949 -0.01291854 -0.03016244
v 0.0286046 -0.01143815 -0.03016244
v 0.02850092 -0.01301989 -0.03016244
v 0.02828997 -0.01141752 -0.03016244
v 0.0281863 -0.01299927 -0.03016244
v 0.0279914 -0.01151887 -0.03016244
v 0.02790351 -0.01285981 -0.03016244
v 0.02775434 -0.01172677 -0.03016244
v 0.02769561 -0.01262275 -0.03016244
v 0.02761488 -0.01200956 -0.03016244
v 0.02759426 -0.01232419 -0.03016244
v 0.02936484 -0.01165902 -0.02933901
v 0.02936484 -0.01165902 -0.02977198
v 0.02950523 -0.01207259 -0.02977198
v 0.02950523 -0.01207259 -0.02933901
v 0.02947666 -0.0125084 -0.02977198
v 0.02947666 -0.0125084 -0.02933901
v 0.0292835 -0.0129001 -0.02977198
v 0.0292835 -0.0129001 -0.02933901
v 0.02895514 -0.01318806 -0.02977198
v 0.02895514 -0.01318806 -0.02933901
v 0.02854157 -0.01332845 -0.02977198
v 0.02854157 -0.01332845 -0.02933901
v 0.02907688 -0.01133067 -0.02933901
v 0.02936484 -0.01165902 -0.02977198
v 0.02936484 -0.01165902 -0.02933901
v 0.02907688 -0.01133067 -0.02977198
v 0.02868518 -0.0111375 -0.02933901
v 0.02868518 -0.0111375 -0.02977198
v 0.02824937 -0.01110893 -0.02933901
v 0.02824937 -0.01110893 -0.02977198
v 0.02783581 -0.01124932 -0.02933901
v 0.02783581 -0.01124932 -0.02977198
v 0.02879949 -0.01291854 -0.02977198
v 0.02850092 -0.01301989 -0.03016244
v 0.02850092 -0.01301989 -0.02977198
v 0.02879949 -0.01291854 -0.03016244
v 0.02903656 -0.01271064 -0.02977198
v 0.02903656 -0.01271064 -0.03016244
v 0.02917601 -0.01242786 -0.02977198
v 0.02917601 -0.01242786 -0.03016244
v 0.02919663 -0.01211323 -0.02977198
v 0.02919663 -0.01211323 -0.03016244
v 0.02909528 -0.01181466 -0.02977198
v 0.02909528 -0.01181466 -0.03016244
v 0.02888739 -0.0115776 -0.02977198
v 0.02888739 -0.0115776 -0.03016244
v 0.0286046 -0.01143815 -0.02977198
v 0.0286046 -0.01143815 -0.03016244
v 0.02828997 -0.01141752 -0.02977198
v 0.02828997 -0.01141752 -0.03016244
v 0.0279914 -0.01151887 -0.02977198
v 0.0279914 -0.01151887 -0.03016244
v 0.02850092 -0.01301989 -0.02977198
v 0.02850092 -0.01301989 -0.03016244
v 0.0281863 -0.01299927 -0.03016244
v 0.0281863 -0.01299927 -0.02977198
v 0.02790351 -0.01285981 -0.03016244
v 0.02790351 -0.01285981 -0.02977198
v 0.02769561 -0.01262275 -0.03016244
v 0.02769561 -0.01262275 -0.02977198
v 0.02854157 -0.01332845 -0.02933901
v 0.02854157 -0.01332845 -0.02977198
v 0.02810577 -0.01329988 -0.02977198
v 0.02810577 -0.01329988 -0.02933901
v 0.02771407 -0.01310672 -0.02977198
v 0.02771407 -0.01310672 -0.02933901
v 0.0274261 -0.01277836 -0.02977198
v 0.0274261 -0.01277836 -0.02933901
v 0.02728572 -0.01236479 -0.02977198
v 0.02728572 -0.01236479 -0.02933901
v 0.02728572 -0.01236479 -0.02933901
v 0.02728572 -0.01236479 -0.02977198
v 0.02731428 -0.01192899 -0.02977198
v 0.02731428 -0.01192899 -0.02933901
v 0.02750744 -0.01153728 -0.02977198
v 0.02750744 -0.01153728 -0.02933901
v 0.02783581 -0.01124932 -0.02977198
v 0.02783581 -0.01124932 -0.02933901
v 0.02775434 -0.01172677 -0.02977198
v 0.0279914 -0.01151887 -0.03016244
v 0.0279914 -0.01151887 -0.02977198
v 0.02775434 -0.01172677 -0.03016244
v 0.02761488 -0.01200956 -0.02977198
v 0.02761488 -0.01200956 -0.03016244
v 0.02759426 -0.01232419 -0.02977198
v 0.02759426 -0.01232419 -0.03016244
v 0.02769561 -0.01262275 -0.02977198
v 0.02769561 -0.01262275 -0.03016244
v -0.01988821 0.01988821 0.02849366
v -0.0259852 0.01076342 0.02849366
v -0.02338606 0.01562607 0.02849366
v -0.02167156 0.01476667 0.02849366
v -0.01562607 0.02338606 0.02849366
v -0.02758574 0.005487146 0.02849366
v -0.01651075 0.01813032 0.02849366
v -0.01076342 0.0259852 0.02849366
v -0.02256978 0.008814731 0.02849366
v -0.02812618 0 0.02849366
v -0.01070109 0.02072512 0.02849366
v -0.005487146 0.02758574 0.02849366
v -0.02256463 0.002342936 0.02849366
v -0.02758574 -0.005487146 0.02849366
v -0.01666977 0.01171955 0.02849366
v -0.00446585 0.02245134 0.02849366
v -5.974727E-12 0.02812618 0.02849366
v -0.02167398 -0.004311224 0.02849366
v -0.0259852 -0.01076342 0.02849366
v -0.01612538 0.004542718 0.02849366
v -0.01011243 0.01408997 0.02849366
v 0.001955356 0.02324264 0.02849366
v 0.005487146 0.02758574 0.02849366
v -0.0199504 -0.0107997 0.02849366
v -0.02338606 -0.01562607 0.02849366
v -0.003149759 0.01583491 0.02849366
v -0.0149293 -0.002969622 0.02849366
v -0.009055873 0.006514807 0.02849366
v 0.008315765 0.02306863 0.02849366
v 0.01076342 0.0259852 0.02849366
v -0.01747851 -0.01678083 0.02849366
v -0.01988821 -0.01988821 0.02849366
v 0.003950665 0.0168873 0.02849366
v -0.001627783 0.00818342 0.02849366
v -0.01315949 -0.01036784 0.02849366
v -0.00761089 -0.001513902 0.02849366
v 0.01437095 0.02193597 0.02849366
v 0.01562607 0.02338606 0.02849366
v 0.01988821 0.01988821 0.02849366
v 0.01091598 0.0172067 0.02849366
v 0.01747851 0.01678083 0.02849366
v 0.02338606 0.01562607 0.02849366
v 0.005873425 0.009484432 0.02849366
v 1.192093E-09 0 0.02849366
v -0.005873425 -0.009484432 0.02849366
v 0.0199504 0.01079971 0.02849366
v 0.0259852 0.01076342 0.02849366
v 0.01315949 0.01036784 0.02849366
v 0.007610891 0.001513902 0.02849366
v 0.02167398 0.004311224 0.02849366
v 0.02758574 0.005487146 0.02849366
v 0.0149293 0.002969622 0.02849366
v 0.001627786 -0.008183422 0.02849366
v -0.01091598 -0.0172067 0.02849366
v 0.02256464 -0.002342936 0.02849366
v 0.02812618 0 0.02849366
v 0.009055873 -0.006514807 0.02849366
v 0.01612538 -0.004542719 0.02849366
v -0.003950664 -0.0168873 0.02849366
v -0.01437095 -0.02193597 0.02849366
v -0.01562607 -0.02338606 0.02849366
v -0.01076342 -0.0259852 0.02849366
v -0.008315767 -0.02306862 0.02849366
v -0.005487146 -0.02758574 0.02849366
v -0.001955356 -0.02324264 0.02849366
v -5.974727E-12 -0.02812618 0.02849366
v 0.003149761 -0.01583491 0.02849366
v 0.004465851 -0.02245134 0.02849366
v 0.005487146 -0.02758574 0.02849366
v 0.01011243 -0.01408998 0.02849366
v 0.01070109 -0.02072512 0.02849366
v 0.01076342 -0.0259852 0.02849366
v 0.01666977 -0.01171955 0.02849366
v 0.01651075 -0.01813033 0.02849366
v 0.01562607 -0.02338606 0.02849366
v 0.02256978 -0.00881473 0.02849366
v 0.02758574 -0.005487146 0.02849366
v 0.02167156 -0.01476667 0.02849366
v 0.01988821 -0.01988821 0.02849366
v 0.0259852 -0.01076342 0.02849366
v 0.02338606 -0.01562607 0.02849366
v 0.0279914 -0.01151887 -0.02977198
v 0.02783581 -0.01124932 -0.02977198
v 0.02750744 -0.01153728 -0.02977198
v 0.02775434 -0.01172677 -0.02977198
v 0.02828997 -0.01141752 -0.02977198
v 0.02731428 -0.01192899 -0.02977198
v 0.02824937 -0.01110893 -0.02977198
v 0.02761488 -0.01200956 -0.02977198
v 0.0286046 -0.01143815 -0.02977198
v 0.02728572 -0.01236479 -0.02977198
v 0.02868518 -0.0111375 -0.02977198
v 0.02759426 -0.01232419 -0.02977198
v 0.02888739 -0.0115776 -0.02977198
v 0.0274261 -0.01277836 -0.02977198
v 0.02907688 -0.01133067 -0.02977198
v 0.02769561 -0.01262275 -0.02977198
v 0.02909528 -0.01181466 -0.02977198
v 0.02771407 -0.01310672 -0.02977198
v 0.02936484 -0.01165902 -0.02977198
v 0.02790351 -0.01285981 -0.02977198
v 0.02919663 -0.01211323 -0.02977198
v 0.02810577 -0.01329988 -0.02977198
v 0.02950523 -0.01207259 -0.02977198
v 0.0281863 -0.01299927 -0.02977198
v 0.02917601 -0.01242786 -0.02977198
v 0.02854157 -0.01332845 -0.02977198
v 0.02947666 -0.0125084 -0.02977198
v 0.02850092 -0.01301989 -0.02977198
v 0.02903656 -0.01271064 -0.02977198
v 0.02895514 -0.01318806 -0.02977198
v 0.0292835 -0.0129001 -0.02977198
v 0.02879949 -0.01291854 -0.02977198
v 0.027969 -0.01189146 -0.02933901
v 0.02783581 -0.01124932 -0.02933901
v 0.02812669 -0.01175316 -0.02933901
v 0.02750744 -0.01153728 -0.02933901
v 0.02824937 -0.01110893 -0.02933901
v 0.02787624 -0.01207957 -0.02933901
v 0.0283253 -0.01168575 -0.02933901
v 0.02731428 -0.01192899 -0.02933901
v 0.02868518 -0.0111375 -0.02933901
v 0.02786252 -0.01228886 -0.02933901
v 0.02853459 -0.01169946 -0.02933901
v 0.02728572 -0.01236479 -0.02933901
v 0.02907688 -0.01133067 -0.02933901
v 0.02792994 -0.01248747 -0.02933901
v 0.02872271 -0.01179223 -0.02933901
v 0.0274261 -0.01277836 -0.02933901
v 0.02936484 -0.01165902 -0.02933901
v 0.02806823 -0.01264516 -0.02933901
v 0.028861 -0.01194992 -0.02933901
v 0.02771407 -0.01310672 -0.02933901
v 0.02950523 -0.01207259 -0.02933901
v 0.02825634 -0.01273793 -0.02933901
v 0.02892842 -0.01214853 -0.02933901
v 0.02810577 -0.01329988 -0.02933901
v 0.02947666 -0.0125084 -0.02933901
v 0.02846563 -0.01275164 -0.02933901
v 0.0289147 -0.01235782 -0.02933901
v 0.02854157 -0.01332845 -0.02933901
v 0.0292835 -0.0129001 -0.02933901
v 0.02866424 -0.01268422 -0.02933901
v 0.02882193 -0.01254593 -0.02933901
v 0.02895514 -0.01318806 -0.02933901
v 0.02812669 -0.01175316 0.0299939
v 0.02783581 -0.01124932 0.0299939
v 0.02750744 -0.01153728 0.0299939
v 0.027969 -0.01189146 0.0299939
v 0.0283253 -0.01168575 0.0299939
v 0.02731428 -0.01192899 0.0299939
v 0.02824937 -0.01110893 0.0299939
v 0.02787624 -0.01207957 0.0299939
v 0.02853459 -0.01169946 0.0299939
v 0.02728572 -0.01236479 0.0299939
v 0.02868518 -0.0111375 0.0299939
v 0.02786252 -0.01228886 0.0299939
v 0.02872271 -0.01179223 0.0299939
v 0.0274261 -0.01277836 0.0299939
v 0.02907688 -0.01133067 0.0299939
v 0.02792994 -0.01248747 0.0299939
v 0.028861 -0.01194992 0.0299939
v 0.02771407 -0.01310672 0.0299939
v 0.02936484 -0.01165902 0.0299939
v 0.02806823 -0.01264516 0.0299939
v 0.02892842 -0.01214853 0.0299939
v 0.02810577 -0.01329988 0.0299939
v 0.02950523 -0.01207259 0.0299939
v 0.02825634 -0.01273793 0.0299939
v 0.0289147 -0.01235782 0.0299939
v 0.02854157 -0.01332845 0.0299939
v 0.02947666 -0.0125084 0.0299939
v 0.02846563 -0.01275164 0.0299939
v 0.02882193 -0.01254593 0.0299939
v 0.02895514 -0.01318806 0.0299939
v 0.0292835 -0.0129001 0.0299939
v 0.02866424 -0.01268422 0.0299939
v 0.02761488 -0.01200956 0.03042687
v 0.02731428 -0.01192899 0.03042687
v 0.02750744 -0.01153728 0.03042687
v 0.02759426 -0.01232419 0.03042687
v 0.02775434 -0.01172677 0.03042687
v 0.02728572 -0.01236479 0.03042687
v 0.02783581 -0.01124932 0.03042687
v 0.02769561 -0.01262275 0.03042687
v 0.0279914 -0.01151887 0.03042687
v 0.0274261 -0.01277836 0.03042687
v 0.02824937 -0.01110893 0.03042687
v 0.02790351 -0.01285981 0.03042687
v 0.02828997 -0.01141752 0.03042687
v 0.02771407 -0.01310672 0.03042687
v 0.02868518 -0.0111375 0.03042687
v 0.0281863 -0.01299927 0.03042687
v 0.0286046 -0.01143815 0.03042687
v 0.02810577 -0.01329988 0.03042687
v 0.02907688 -0.01133067 0.03042687
v 0.02850092 -0.01301989 0.03042687
v 0.02888739 -0.0115776 0.03042687
v 0.02854157 -0.01332845 0.03042687
v 0.02936484 -0.01165902 0.03042687
v 0.02879949 -0.01291854 0.03042687
v 0.02909528 -0.01181466 0.03042687
v 0.02895514 -0.01318806 0.03042687
v 0.02950523 -0.01207259 0.03042687
v 0.02903656 -0.01271064 0.03042687
v 0.02919663 -0.01211323 0.03042687
v 0.0292835 -0.0129001 0.03042687
v 0.02947666 -0.0125084 0.03042687
v 0.02917601 -0.01242786 0.03042687
v 0.02812669 -0.01175316 0.01021627
v 0.0282838 -0.01137053 0.01021627
v 0.0283253 -0.01168575 0.01021627
v 0.02796772 -0.01147782 0.01021627
v 0.02861688 -0.01139236 0.01021627
v 0.027969 -0.01189146 0.01021627
v 0.02853459 -0.01169946 0.01021627
v 0.02771676 -0.01169791 0.01021627
v 0.02891625 -0.01153999 0.01021627
v 0.02787624 -0.01207957 0.01021627
v 0.02872271 -0.01179223 0.01021627
v 0.02756912 -0.01199728 0.01021627
v 0.02913633 -0.01179095 0.01021627
v 0.02786252 -0.01228886 0.01021627
v 0.028861 -0.01194992 0.01021627
v 0.02754729 -0.01233036 0.01021627
v 0.02924363 -0.01210703 0.01021627
v 0.02792994 -0.01248747 0.01021627
v 0.02892842 -0.01214853 0.01021627
v 0.02765459 -0.01264644 0.01021627
v 0.0292218 -0.01244011 0.01021627
v 0.02806823 -0.01264516 0.01021627
v 0.0289147 -0.01235782 0.01021627
v 0.02787467 -0.0128974 0.01021627
v 0.02907416 -0.01273948 0.01021627
v 0.02825634 -0.01273793 0.01021627
v 0.02882193 -0.01254593 0.01021627
v 0.02817404 -0.01304503 0.01021627
v 0.0288232 -0.01295957 0.01021627
v 0.02846563 -0.01275164 0.01021627
v 0.02866424 -0.01268422 0.01021627
v 0.02850712 -0.01306686 0.01021627
v 0.02853459 -0.01169946 -0.00956137
v 0.02861688 -0.01139236 -0.00956137
v 0.0282838 -0.01137053 -0.00956137
v 0.0283253 -0.01168575 -0.00956137
v 0.02872271 -0.01179223 -0.00956137
v 0.02796772 -0.01147782 -0.00956137
v 0.02891625 -0.01153999 -0.00956137
v 0.02812669 -0.01175316 -0.00956137
v 0.028861 -0.01194992 -0.009561369
v 0.02771676 -0.01169791 -0.00956137
v 0.02913633 -0.01179095 -0.009561369
v 0.027969 -0.01189146 -0.00956137
v 0.02892842 -0.01214853 -0.00956137
v 0.02756912 -0.01199728 -0.00956137
v 0.02924363 -0.01210703 -0.00956137
v 0.02787624 -0.01207957 -0.00956137
v 0.0289147 -0.01235782 -0.00956137
v 0.02754729 -0.01233036 -0.00956137
v 0.0292218 -0.01244011 -0.00956137
v 0.02786252 -0.01228886 -0.00956137
v 0.02882193 -0.01254593 -0.00956137
v 0.02765459 -0.01264644 -0.00956137
v 0.02907416 -0.01273948 -0.00956137
v 0.02792994 -0.01248747 -0.00956137
v 0.02866424 -0.01268422 -0.00956137
v 0.02787467 -0.0128974 -0.00956137
v 0.0288232 -0.01295957 -0.00956137
v 0.02806823 -0.01264516 -0.00956137
v 0.02846563 -0.01275164 -0.00956137
v 0.02817404 -0.01304503 -0.00956137
v 0.02850712 -0.01306686 -0.00956137
v 0.02825634 -0.01273793 -0.00956137
v 0.004020072 -0.0300007 -0.02977198
v 0.004175715 -0.02973118 -0.02977198
v 0.003762151 -0.02959079 -0.02977198
v 0.003721501 -0.02989935 -0.02977198
v 0.00425713 -0.03020859 -0.02977198
v 0.003326344 -0.02961935 -0.02977198
v 0.004504075 -0.03001914 -0.02977198
v 0.003406872 -0.02991997 -0.02977198
v 0.004396585 -0.03049138 -0.02977198
v 0.002934643 -0.02981252 -0.02977198
v 0.00469724 -0.03041084 -0.02977198
v 0.003124084 -0.03005942 -0.02977198
v 0.004417207 -0.03080601 -0.02977198
v 0.00264668 -0.03014088 -0.02977198
v 0.004725805 -0.03084665 -0.02977198
v 0.002916189 -0.03029648 -0.02977198
v 0.004315855 -0.03110458 -0.02977198
v 0.002506293 -0.03055444 -0.02977198
v 0.00458542 -0.03126021 -0.02977198
v 0.002814839 -0.03059505 -0.02977198
v 0.004107961 -0.03134163 -0.02977198
v 0.002534858 -0.03099025 -0.02977198
v 0.004297455 -0.03158857 -0.02977198
v 0.002835461 -0.03090968 -0.02977198
v 0.003825174 -0.03148109 -0.02977198
v 0.002728022 -0.03138195 -0.02977198
v 0.003905754 -0.03178173 -0.02977198
v 0.002974916 -0.03119247 -0.02977198
v 0.003510544 -0.03150171 -0.02977198
v 0.003056384 -0.03166991 -0.02977198
v 0.003469946 -0.0318103 -0.02977198
v 0.003211974 -0.03140036 -0.02977198
v 0.003686209 -0.03016759 -0.02933901
v 0.004175715 -0.02973118 -0.02933901
v 0.003884818 -0.03023501 -0.02933901
v 0.003762151 -0.02959079 -0.02933901
v 0.004504075 -0.03001914 -0.02933901
v 0.003476918 -0.03018131 -0.02933901
v 0.004042509 -0.0303733 -0.02933901
v 0.003326344 -0.02961935 -0.02933901
v 0.00469724 -0.03041084 -0.02933901
v 0.003288808 -0.03027408 -0.02933901
v 0.004135275 -0.03056141 -0.02933901
v 0.002934643 -0.02981252 -0.02933901
v 0.004725805 -0.03084665 -0.02933901
v 0.003150517 -0.03043177 -0.02933901
v 0.004148993 -0.0307707 -0.02933901
v 0.00264668 -0.03014088 -0.02933901
v 0.00458542 -0.03126021 -0.02933901
v 0.003083097 -0.03063038 -0.02933901
v 0.004081576 -0.03096931 -0.02933901
v 0.002506293 -0.03055444 -0.02933901
v 0.004297455 -0.03158857 -0.02933901
v 0.003096814 -0.03083967 -0.02933901
v 0.003943282 -0.03112701 -0.02933901
v 0.002534858 -0.03099025 -0.02933901
v 0.003905754 -0.03178173 -0.02933901
v 0.003189579 -0.03102778 -0.02933901
v 0.003755171 -0.03121977 -0.02933901
v 0.002728022 -0.03138195 -0.02933901
v 0.003469946 -0.0318103 -0.02933901
v 0.003347272 -0.03116607 -0.02933901
v 0.00354588 -0.03123349 -0.02933901
v 0.003056384 -0.03166991 -0.02933901
v 0.003884818 -0.03023501 0.0299939
v 0.004175715 -0.02973118 0.0299939
v 0.003762151 -0.02959079 0.0299939
v 0.003686209 -0.03016759 0.0299939
v 0.004042509 -0.0303733 0.0299939
v 0.003326344 -0.02961935 0.0299939
v 0.004504075 -0.03001914 0.0299939
v 0.003476918 -0.03018131 0.0299939
v 0.004135275 -0.03056141 0.0299939
v 0.002934643 -0.02981252 0.0299939
v 0.00469724 -0.03041084 0.0299939
v 0.003288808 -0.03027408 0.0299939
v 0.004148993 -0.0307707 0.0299939
v 0.00264668 -0.03014088 0.0299939
v 0.004725805 -0.03084665 0.0299939
v 0.003150517 -0.03043177 0.0299939
v 0.004081576 -0.03096931 0.0299939
v 0.002506293 -0.03055444 0.0299939
v 0.00458542 -0.03126021 0.0299939
v 0.003083097 -0.03063038 0.0299939
v 0.003943282 -0.03112701 0.0299939
v 0.002534858 -0.03099025 0.0299939
v 0.004297455 -0.03158857 0.0299939
v 0.003096814 -0.03083967 0.0299939
v 0.003755171 -0.03121977 0.0299939
v 0.002728022 -0.03138195 0.0299939
v 0.003905754 -0.03178173 0.0299939
v 0.003189579 -0.03102778 0.0299939
v 0.00354588 -0.03123349 0.0299939
v 0.003056384 -0.03166991 0.0299939
v 0.003469946 -0.0318103 0.0299939
v 0.003347272 -0.03116607 0.0299939
v 0.003406872 -0.02991997 0.03042687
v 0.003326344 -0.02961935 0.03042687
v 0.003762151 -0.02959079 0.03042687
v 0.003124084 -0.03005942 0.03042687
v 0.003721501 -0.02989935 0.03042687
v 0.002934643 -0.02981252 0.03042687
v 0.004175715 -0.02973118 0.03042687
v 0.002916189 -0.03029648 0.03042687
v 0.004020072 -0.0300007 0.03042687
v 0.00264668 -0.03014088 0.03042687
v 0.004504075 -0.03001914 0.03042687
v 0.002814839 -0.03059505 0.03042687
v 0.00425713 -0.03020859 0.03042687
v 0.002506293 -0.03055444 0.03042687
v 0.00469724 -0.03041084 0.03042687
v 0.002835461 -0.03090968 0.03042687
v 0.004396585 -0.03049138 0.03042687
v 0.002534858 -0.03099025 0.03042687
v 0.004725805 -0.03084665 0.03042687
v 0.002974916 -0.03119247 0.03042687
v 0.004417207 -0.03080601 0.03042687
v 0.002728022 -0.03138195 0.03042687
v 0.00458542 -0.03126021 0.03042687
v 0.003211974 -0.03140036 0.03042687
v 0.004315855 -0.03110458 0.03042687
v 0.003056384 -0.03166991 0.03042687
v 0.004297455 -0.03158857 0.03042687
v 0.003510544 -0.03150171 0.03042687
v 0.004107961 -0.03134163 0.03042687
v 0.003469946 -0.0318103 0.03042687
v 0.003905754 -0.03178173 0.03042687
v 0.003825174 -0.03148109 0.03042687
v 0.003884818 -0.03023501 0.01021627
v 0.004294743 -0.03017975 0.01021627
v 0.004042509 -0.0303733 0.01021627
v 0.004043783 -0.02995966 0.01021627
v 0.004442377 -0.03047912 0.01021627
v 0.003686209 -0.03016759 0.01021627
v 0.004135275 -0.03056141 0.01021627
v 0.003727703 -0.02985237 0.01021627
v 0.004464209 -0.0308122 0.01021627
v 0.003476918 -0.03018131 0.01021627
v 0.004148993 -0.0307707 0.01021627
v 0.003394624 -0.0298742 0.01021627
v 0.004356913 -0.03112828 0.01021627
v 0.003288808 -0.03027408 0.01021627
v 0.004081576 -0.03096931 0.01021627
v 0.003095254 -0.03002183 0.01021627
v 0.004136828 -0.03137924 0.01021627
v 0.003150517 -0.03043177 0.01021627
v 0.003943282 -0.03112701 0.01021627
v 0.002875167 -0.03027279 0.01021627
v 0.003837457 -0.03152687 0.01021627
v 0.003083097 -0.03063038 0.01021627
v 0.003755171 -0.03121977 0.01021627
v 0.002767873 -0.03058887 0.01021627
v 0.003504376 -0.0315487 0.01021627
v 0.003096814 -0.03083967 0.01021627
v 0.00354588 -0.03123349 0.01021627
v 0.002789703 -0.03092195 0.01021627
v 0.003188296 -0.03144141 0.01021627
v 0.003189579 -0.03102778 0.01021627
v 0.003347272 -0.03116607 0.01021627
v 0.002937336 -0.03122132 0.01021627
v 0.004135275 -0.03056141 -0.00956137
v 0.004442377 -0.03047912 -0.00956137
v 0.004294743 -0.03017975 -0.00956137
v 0.004042509 -0.0303733 -0.00956137
v 0.004148993 -0.0307707 -0.00956137
v 0.004043783 -0.02995966 -0.00956137
v 0.004464209 -0.0308122 -0.00956137
v 0.003884818 -0.03023501 -0.00956137
v 0.004081576 -0.03096931 -0.009561369
v 0.003727703 -0.02985237 -0.00956137
v 0.004356913 -0.03112828 -0.009561369
v 0.003686209 -0.03016759 -0.00956137
v 0.003943282 -0.03112701 -0.00956137
v 0.003394624 -0.0298742 -0.00956137
v 0.004136828 -0.03137924 -0.00956137
v 0.003476918 -0.03018131 -0.00956137
v 0.003755171 -0.03121977 -0.00956137
v 0.003095254 -0.03002183 -0.00956137
v 0.003837457 -0.03152687 -0.00956137
v 0.003288808 -0.03027408 -0.00956137
v 0.00354588 -0.03123349 -0.00956137
v 0.002875167 -0.03027279 -0.00956137
v 0.003504376 -0.0315487 -0.00956137
v 0.003150517 -0.03043177 -0.00956137
v 0.003347272 -0.03116607 -0.00956137
v 0.002767873 -0.03058887 -0.00956137
v 0.003188296 -0.03144141 -0.00956137
v 0.003083097 -0.03063038 -0.00956137
v 0.003189579 -0.03102778 -0.00956137
v 0.002789703 -0.03092195 -0.00956137
v 0.002937336 -0.03122132 -0.00956137
v 0.003096814 -0.03083967 -0.00956137
v -0.02397133 -0.01848183 -0.02977198
v -0.0236601 -0.01848186 -0.02977198
v -0.0237453 -0.01805351 -0.02977198
v -0.02403284 -0.01817259 -0.02977198
v -0.02403284 -0.01879108 -0.02977198
v -0.02398794 -0.01769038 -0.02977198
v -0.0237453 -0.01891021 -0.02977198
v -0.02420802 -0.01791042 -0.02977198
v -0.02420802 -0.01905324 -0.02977198
v -0.02435108 -0.01744773 -0.02977198
v -0.02398794 -0.01927335 -0.02977198
v -0.02447018 -0.01773525 -0.02977198
v -0.02447018 -0.01922842 -0.02977198
v -0.02477943 -0.01736253 -0.02977198
v -0.02435108 -0.01951599 -0.02977198
v -0.02477943 -0.01767373 -0.02977198
v -0.02477943 -0.01928993 -0.02977198
v -0.02520778 -0.01744773 -0.02977198
v -0.02477943 -0.01960119 -0.02977198
v -0.02508868 -0.01773525 -0.02977198
v -0.02508868 -0.01922842 -0.02977198
v -0.02557092 -0.01769038 -0.02977198
v -0.02520778 -0.01951599 -0.02977198
v -0.02535084 -0.01791042 -0.02977198
v -0.02535084 -0.01905324 -0.02977198
v -0.02581356 -0.01805351 -0.02977198
v -0.02557092 -0.01927335 -0.02977198
v -0.02552602 -0.01817259 -0.02977198
v -0.02552602 -0.01879108 -0.02977198
v -0.02589876 -0.01848186 -0.02977198
v -0.02581356 -0.01891021 -0.02977198
v -0.02558753 -0.01848183 -0.02977198
v -0.0242828 -0.01827615 -0.02933901
v -0.0236601 -0.01848186 -0.02933901
v -0.02424188 -0.01848186 -0.02933901
v -0.0237453 -0.01805351 -0.02933901
v -0.0237453 -0.01891021 -0.02933901
v -0.02439933 -0.01810175 -0.02933901
v -0.0242828 -0.01868757 -0.02933901
v -0.02398794 -0.01769038 -0.02933901
v -0.02398794 -0.01927335 -0.02933901
v -0.02457372 -0.01798523 -0.02933901
v -0.02439933 -0.01886196 -0.02933901
v -0.02435108 -0.01744773 -0.02933901
v -0.02435108 -0.01951599 -0.02933901
v -0.02477943 -0.01794431 -0.02933901
v -0.02457372 -0.01897849 -0.02933901
v -0.02477943 -0.01736253 -0.02933901
v -0.02477943 -0.01960119 -0.02933901
v -0.02498514 -0.01798523 -0.02933901
v -0.02477943 -0.0190194 -0.02933901
v -0.02520778 -0.01744773 -0.02933901
v -0.02520778 -0.01951599 -0.02933901
v -0.02515953 -0.01810175 -0.02933901
v -0.02498514 -0.01897849 -0.02933901
v -0.02557092 -0.01769038 -0.02933901
v -0.02557092 -0.01927335 -0.02933901
v -0.02527606 -0.01827615 -0.02933901
v -0.02515953 -0.01886196 -0.02933901
v -0.02581356 -0.01805351 -0.02933901
v -0.02581356 -0.01891021 -0.02933901
v -0.02531697 -0.01848186 -0.02933901
v -0.02527606 -0.01868757 -0.02933901
v -0.02589876 -0.01848186 -0.02933901
v -0.02424188 -0.01848186 0.0299939
v -0.0236601 -0.01848186 0.0299939
v -0.0237453 -0.01805351 0.0299939
v -0.0242828 -0.01827615 0.0299939
v -0.0242828 -0.01868757 0.0299939
v -0.02398794 -0.01769038 0.0299939
v -0.0237453 -0.01891021 0.0299939
v -0.02439933 -0.01810175 0.0299939
v -0.02439933 -0.01886196 0.0299939
v -0.02435108 -0.01744773 0.0299939
v -0.02398794 -0.01927335 0.0299939
v -0.02457372 -0.01798523 0.0299939
v -0.02457372 -0.01897849 0.0299939
v -0.02477943 -0.01736253 0.0299939
v -0.02435108 -0.01951599 0.0299939
v -0.02477943 -0.01794431 0.0299939
v -0.02477943 -0.0190194 0.0299939
v -0.02520778 -0.01744773 0.0299939
v -0.02477943 -0.01960119 0.0299939
v -0.02498514 -0.01798523 0.0299939
v -0.02498514 -0.01897849 0.0299939
v -0.02557092 -0.01769038 0.0299939
v -0.02520778 -0.01951599 0.0299939
v -0.02515953 -0.01810175 0.0299939
v -0.02515953 -0.01886196 0.0299939
v -0.02581356 -0.01805351 0.0299939
v -0.02557092 -0.01927335 0.0299939
v -0.02527606 -0.01827615 0.0299939
v -0.02527606 -0.01868757 0.0299939
v -0.02589876 -0.01848186 0.0299939
v -0.02581356 -0.01891021 0.0299939
v -0.02531697 -0.01848186 0.0299939
v -0.02420802 -0.01791042 0.03042687
v -0.02398794 -0.01769038 0.03042687
v -0.0237453 -0.01805351 0.03042687
v -0.02447018 -0.01773525 0.03042687
v -0.02403284 -0.01817259 0.03042687
v -0.02435108 -0.01744773 0.03042687
v -0.0236601 -0.01848186 0.03042687
v -0.02477943 -0.01767373 0.03042687
v -0.02397133 -0.01848183 0.03042687
v -0.02477943 -0.01736253 0.03042687
v -0.0237453 -0.01891021 0.03042687
v -0.02508868 -0.01773525 0.03042687
v -0.02403284 -0.01879108 0.03042687
v -0.02520778 -0.01744773 0.03042687
v -0.02398794 -0.01927335 0.03042687
v -0.02535084 -0.01791042 0.03042687
v -0.02420802 -0.01905324 0.03042687
v -0.02557092 -0.01769038 0.03042687
v -0.02435108 -0.01951599 0.03042687
v -0.02552602 -0.01817259 0.03042687
v -0.02447018 -0.01922842 0.03042687
v -0.02581356 -0.01805351 0.03042687
v -0.02477943 -0.01960119 0.03042687
v -0.02558753 -0.01848183 0.03042687
v -0.02477943 -0.01928993 0.03042687
v -0.02589876 -0.01848186 0.03042687
v -0.02520778 -0.01951599 0.03042687
v -0.02552602 -0.01879108 0.03042687
v -0.02508868 -0.01922842 0.03042687
v -0.02581356 -0.01891021 0.03042687
v -0.02557092 -0.01927335 0.03042687
v -0.02535084 -0.01905324 0.03042687
v -0.02424188 -0.01848186 0.01021627
v -0.02398906 -0.01880923 0.01021627
v -0.0242828 -0.01868757 0.01021627
v -0.02392394 -0.01848185 0.01021627
v -0.02417451 -0.01908677 0.01021627
v -0.0242828 -0.01827615 0.01021627
v -0.02439933 -0.01886196 0.01021627
v -0.02398906 -0.01815447 0.01021627
v -0.02445204 -0.01927222 0.01021627
v -0.02439933 -0.01810175 0.01021627
v -0.02457372 -0.01897849 0.01021627
v -0.02417451 -0.01787693 0.01021627
v -0.02477943 -0.01933734 0.01021627
v -0.02457372 -0.01798523 0.01021627
v -0.02477943 -0.0190194 0.01021627
v -0.02445204 -0.01769148 0.01021627
v -0.02510681 -0.01927222 0.01021627
v -0.02477943 -0.01794431 0.01021627
v -0.02498514 -0.01897849 0.01021627
v -0.02477943 -0.01762636 0.01021627
v -0.02538435 -0.01908677 0.01021627
v -0.02498514 -0.01798523 0.01021627
v -0.02515953 -0.01886196 0.01021627
v -0.02510681 -0.01769148 0.01021627
v -0.02556979 -0.01880923 0.01021627
v -0.02515953 -0.01810175 0.01021627
v -0.02527606 -0.01868757 0.01021627
v -0.02538435 -0.01787693 0.01021627
v -0.02563491 -0.01848185 0.01021627
v -0.02527606 -0.01827615 0.01021627
v -0.02531697 -0.01848186 0.01021627
v -0.02556979 -0.01815447 0.01021627
v -0.02439933 -0.01886196 -0.00956137
v -0.02417451 -0.01908677 -0.00956137
v -0.02398906 -0.01880923 -0.00956137
v -0.0242828 -0.01868757 -0.00956137
v -0.02457372 -0.01897849 -0.00956137
v -0.02392394 -0.01848185 -0.00956137
v -0.02445204 -0.01927222 -0.00956137
v -0.02424188 -0.01848186 -0.00956137
v -0.02477943 -0.0190194 -0.009561369
v -0.02398906 -0.01815447 -0.00956137
v -0.02477943 -0.01933734 -0.009561369
v -0.0242828 -0.01827615 -0.00956137
v -0.02498514 -0.01897849 -0.00956137
v -0.02417451 -0.01787693 -0.00956137
v -0.02510681 -0.01927222 -0.00956137
v -0.02439933 -0.01810175 -0.00956137
v -0.02515953 -0.01886196 -0.00956137
v -0.02445204 -0.01769148 -0.00956137
v -0.02538435 -0.01908677 -0.00956137
v -0.02457372 -0.01798523 -0.00956137
v -0.02527606 -0.01868757 -0.00956137
v -0.02477943 -0.01762636 -0.00956137
v -0.02556979 -0.01880923 -0.00956137
v -0.02477943 -0.01794431 -0.00956137
v -0.02531697 -0.01848186 -0.00956137
v -0.02510681 -0.01769148 -0.00956137
v -0.02563491 -0.01848185 -0.00956137
v -0.02498514 -0.01798523 -0.00956137
v -0.02527606 -0.01827615 -0.00956137
v -0.02538435 -0.01787693 -0.00956137
v -0.02556979 -0.01815447 -0.00956137
v -0.02515953 -0.01810175 -0.00956137
v -0.02799141 0.01151886 -0.02977198
v -0.02783582 0.01124931 -0.02977198
v -0.02750745 0.01153728 -0.02977198
v -0.02775435 0.01172676 -0.02977198
v -0.02828998 0.01141751 -0.02977198
v -0.02731429 0.01192898 -0.02977198
v -0.02824938 0.01110893 -0.02977198
v -0.02761489 0.01200955 -0.02977198
v -0.02860461 0.01143814 -0.02977198
v -0.02728572 0.01236478 -0.02977198
v -0.02868519 0.01113749 -0.02977198
v -0.02759427 0.01232417 -0.02977198
v -0.02888739 0.01157759 -0.02977198
v -0.02742611 0.01277835 -0.02977198
v -0.02907689 0.01133065 -0.02977198
v -0.02769562 0.01262275 -0.02977198
v -0.02909529 0.01181465 -0.02977198
v -0.02771408 0.01310671 -0.02977198
v -0.02936485 0.01165902 -0.02977198
v -0.02790352 0.0128598 -0.02977198
v -0.02919664 0.01211322 -0.02977198
v -0.02810578 0.01329987 -0.02977198
v -0.02950524 0.01207258 -0.02977198
v -0.0281863 0.01299926 -0.02977198
v -0.02917602 0.01242785 -0.02977198
v -0.02854158 0.01332844 -0.02977198
v -0.02947668 0.01250839 -0.02977198
v -0.02850093 0.01301988 -0.02977198
v -0.02903656 0.01271064 -0.02977198
v -0.02895515 0.01318805 -0.02977198
v -0.02928351 0.01290009 -0.02977198
v -0.0287995 0.01291853 -0.02977198
v -0.02796901 0.01189145 -0.02933901
v -0.02783582 0.01124931 -0.02933901
v -0.0281267 0.01175315 -0.02933901
v -0.02750745 0.01153728 -0.02933901
v -0.02824938 0.01110893 -0.02933901
v -0.02787625 0.01207956 -0.02933901
v -0.02832531 0.01168573 -0.02933901
v -0.02731429 0.01192898 -0.02933901
v -0.02868519 0.01113749 -0.02933901
v -0.02786253 0.01228885 -0.02933901
v -0.0285346 0.01169945 -0.02933901
v -0.02728572 0.01236478 -0.02933901
v -0.02907689 0.01133065 -0.02933901
v -0.02792995 0.01248746 -0.02933901
v -0.02872271 0.01179222 -0.02933901
v -0.02742611 0.01277835 -0.02933901
v -0.02936485 0.01165902 -0.02933901
v -0.02806824 0.01264515 -0.02933901
v -0.02886101 0.01194991 -0.02933901
v -0.02771408 0.01310671 -0.02933901
v -0.02950524 0.01207258 -0.02933901
v -0.02825635 0.01273792 -0.02933901
v -0.02892843 0.01214852 -0.02933901
v -0.02810578 0.01329987 -0.02933901
v -0.02947668 0.01250839 -0.02933901
v -0.02846564 0.01275163 -0.02933901
v -0.02891471 0.01235781 -0.02933901
v -0.02854158 0.01332844 -0.02933901
v -0.02928351 0.01290009 -0.02933901
v -0.02866425 0.01268421 -0.02933901
v -0.02882194 0.01254592 -0.02933901
v -0.02895515 0.01318805 -0.02933901
v -0.0281267 0.01175315 0.0299939
v -0.02783582 0.01124931 0.0299939
v -0.02750745 0.01153728 0.0299939
v -0.02796901 0.01189145 0.0299939
v -0.02832531 0.01168573 0.0299939
v -0.02731429 0.01192898 0.0299939
v -0.02824938 0.01110893 0.0299939
v -0.02787625 0.01207956 0.0299939
v -0.0285346 0.01169945 0.0299939
v -0.02728572 0.01236478 0.0299939
v -0.02868519 0.01113749 0.0299939
v -0.02786253 0.01228885 0.0299939
v -0.02872271 0.01179222 0.0299939
v -0.02742611 0.01277835 0.0299939
v -0.02907689 0.01133065 0.0299939
v -0.02792995 0.01248746 0.0299939
v -0.02886101 0.01194991 0.0299939
v -0.02771408 0.01310671 0.0299939
v -0.02936485 0.01165902 0.0299939
v -0.02806824 0.01264515 0.0299939
v -0.02892843 0.01214852 0.0299939
v -0.02810578 0.01329987 0.0299939
v -0.02950524 0.01207258 0.0299939
v -0.02825635 0.01273792 0.0299939
v -0.02891471 0.01235781 0.0299939
v -0.02854158 0.01332844 0.0299939
v -0.02947668 0.01250839 0.0299939
v -0.02846564 0.01275163 0.0299939
v -0.02882194 0.01254592 0.0299939
v -0.02895515 0.01318805 0.0299939
v -0.02928351 0.01290009 0.0299939
v -0.02866425 0.01268421 0.0299939
v -0.02761489 0.01200955 0.03042687
v -0.02731429 0.01192898 0.03042687
v -0.02750745 0.01153728 0.03042687
v -0.02759427 0.01232417 0.03042687
v -0.02775435 0.01172676 0.03042687
v -0.02728572 0.01236478 0.03042687
v -0.02783582 0.01124931 0.03042687
v -0.02769562 0.01262275 0.03042687
v -0.02799141 0.01151886 0.03042687
v -0.02742611 0.01277835 0.03042687
v -0.02824938 0.01110893 0.03042687
v -0.02790352 0.0128598 0.03042687
v -0.02828998 0.01141751 0.03042687
v -0.02771408 0.01310671 0.03042687
v -0.02868519 0.01113749 0.03042687
v -0.0281863 0.01299926 0.03042687
v -0.02860461 0.01143814 0.03042687
v -0.02810578 0.01329987 0.03042687
v -0.02907689 0.01133065 0.03042687
v -0.02850093 0.01301988 0.03042687
v -0.02888739 0.01157759 0.03042687
v -0.02854158 0.01332844 0.03042687
v -0.02936485 0.01165902 0.03042687
v -0.0287995 0.01291853 0.03042687
v -0.02909529 0.01181465 0.03042687
v -0.02895515 0.01318805 0.03042687
v -0.02950524 0.01207258 0.03042687
v -0.02903656 0.01271064 0.03042687
v -0.02919664 0.01211322 0.03042687
v -0.02928351 0.01290009 0.03042687
v -0.02947668 0.01250839 0.03042687
v -0.02917602 0.01242785 0.03042687
v -0.0281267 0.01175315 0.01021627
v -0.0282838 0.01137052 0.01021627
v -0.02832531 0.01168573 0.01021627
v -0.02796773 0.01147781 0.01021627
v -0.02861688 0.01139235 0.01021627
v -0.02796901 0.01189145 0.01021627
v -0.0285346 0.01169945 0.01021627
v -0.02771677 0.0116979 0.01021627
v -0.02891626 0.01153998 0.01021627
v -0.02787625 0.01207956 0.01021627
v -0.02872271 0.01179222 0.01021627
v -0.02756913 0.01199727 0.01021627
v -0.02913634 0.01179094 0.01021627
v -0.02786253 0.01228885 0.01021627
v -0.02886101 0.01194991 0.01021627
v -0.0275473 0.01233035 0.01021627
v -0.02924364 0.01210702 0.01021627
v -0.02792995 0.01248746 0.01021627
v -0.02892843 0.01214852 0.01021627
v -0.0276546 0.01264643 0.01021627
v -0.02922181 0.0124401 0.01021627
v -0.02806824 0.01264515 0.01021627
v -0.02891471 0.01235781 0.01021627
v -0.02787468 0.01289739 0.01021627
v -0.02907417 0.01273947 0.01021627
v -0.02825635 0.01273792 0.01021627
v -0.02882194 0.01254592 0.01021627
v -0.02817405 0.01304502 0.01021627
v -0.02882321 0.01295956 0.01021627
v -0.02846564 0.01275163 0.01021627
v -0.02866425 0.01268421 0.01021627
v -0.02850713 0.01306685 0.01021627
v -0.0285346 0.01169945 -0.00956137
v -0.02861688 0.01139235 -0.00956137
v -0.0282838 0.01137052 -0.00956137
v -0.02832531 0.01168573 -0.00956137
v -0.02872271 0.01179222 -0.00956137
v -0.02796773 0.01147781 -0.00956137
v -0.02891626 0.01153998 -0.00956137
v -0.0281267 0.01175315 -0.00956137
v -0.02886101 0.01194991 -0.009561369
v -0.02771677 0.0116979 -0.00956137
v -0.02913634 0.01179094 -0.009561369
v -0.02796901 0.01189145 -0.00956137
v -0.02892843 0.01214852 -0.00956137
v -0.02756913 0.01199727 -0.00956137
v -0.02924364 0.01210702 -0.00956137
v -0.02787625 0.01207956 -0.00956137
v -0.02891471 0.01235781 -0.00956137
v -0.0275473 0.01233035 -0.00956137
v -0.02922181 0.0124401 -0.00956137
v -0.02786253 0.01228885 -0.00956137
v -0.02882194 0.01254592 -0.00956137
v -0.0276546 0.01264643 -0.00956137
v -0.02907417 0.01273947 -0.00956137
v -0.02792995 0.01248746 -0.00956137
v -0.02866425 0.01268421 -0.00956137
v -0.02787468 0.01289739 -0.00956137
v -0.02882321 0.01295956 -0.00956137
v -0.02806824 0.01264515 -0.00956137
v -0.02846564 0.01275163 -0.00956137
v -0.02817405 0.01304502 -0.00956137
v -0.02850713 0.01306685 -0.00956137
v -0.02825635 0.01273792 -0.00956137
v -0.004020065 0.0300007 -0.02977198
v -0.004175708 0.02973118 -0.02977198
v -0.003762144 0.02959079 -0.02977198
v -0.003721493 0.02989935 -0.02977198
v -0.004257122 0.0302086 -0.02977198
v -0.003326337 0.02961936 -0.02977198
v -0.004504068 0.03001914 -0.02977198
v -0.003406864 0.02991997 -0.02977198
v -0.004396578 0.03049138 -0.02977198
v -0.002934636 0.02981252 -0.02977198
v -0.004697233 0.03041084 -0.02977198
v -0.003124077 0.03005943 -0.02977198
v -0.0044172 0.03080601 -0.02977198
v -0.002646673 0.03014088 -0.02977198
v -0.004725798 0.03084665 -0.02977198
v -0.002916182 0.03029648 -0.02977198
v -0.004315848 0.03110458 -0.02977198
v -0.002506286 0.03055444 -0.02977198
v -0.004585413 0.03126021 -0.02977198
v -0.002814832 0.03059505 -0.02977198
v -0.004107954 0.03134164 -0.02977198
v -0.002534851 0.03099025 -0.02977198
v -0.004297448 0.03158857 -0.02977198
v -0.002835454 0.03090968 -0.02977198
v -0.003825167 0.03148109 -0.02977198
v -0.002728015 0.03138195 -0.02977198
v -0.003905747 0.03178174 -0.02977198
v -0.002974908 0.03119247 -0.02977198
v -0.003510537 0.03150172 -0.02977198
v -0.003056377 0.03166991 -0.02977198
v -0.003469939 0.03181031 -0.02977198
v -0.003211967 0.03140036 -0.02977198
v -0.003686202 0.03016759 -0.02933901
v -0.004175708 0.02973118 -0.02933901
v -0.003884811 0.03023501 -0.02933901
v -0.003762144 0.02959079 -0.02933901
v -0.004504068 0.03001914 -0.02933901
v -0.003476911 0.03018131 -0.02933901
v -0.004042502 0.03037331 -0.02933901
v -0.003326337 0.02961936 -0.02933901
v -0.004697233 0.03041084 -0.02933901
v -0.003288801 0.03027408 -0.02933901
v -0.004135268 0.03056142 -0.02933901
v -0.002934636 0.02981252 -0.02933901
v -0.004725798 0.03084665 -0.02933901
v -0.003150509 0.03043177 -0.02933901
v -0.004148986 0.03077071 -0.02933901
v -0.002646673 0.03014088 -0.02933901
v -0.004585413 0.03126021 -0.02933901
v -0.00308309 0.03063038 -0.02933901
v -0.004081569 0.03096932 -0.02933901
v -0.002506286 0.03055444 -0.02933901
v -0.004297448 0.03158857 -0.02933901
v -0.003096807 0.03083967 -0.02933901
v -0.003943275 0.03112701 -0.02933901
v -0.002534851 0.03099025 -0.02933901
v -0.003905747 0.03178174 -0.02933901
v -0.003189572 0.03102778 -0.02933901
v -0.003755164 0.03121978 -0.02933901
v -0.002728015 0.03138195 -0.02933901
v -0.003469939 0.03181031 -0.02933901
v -0.003347264 0.03116607 -0.02933901
v -0.003545873 0.03123349 -0.02933901
v -0.003056377 0.03166991 -0.02933901
v -0.003884811 0.03023501 0.0299939
v -0.004175708 0.02973118 0.0299939
v -0.003762144 0.02959079 0.0299939
v -0.003686202 0.03016759 0.0299939
v -0.004042502 0.03037331 0.0299939
v -0.003326337 0.02961936 0.0299939
v -0.004504068 0.03001914 0.0299939
v -0.003476911 0.03018131 0.0299939
v -0.004135268 0.03056142 0.0299939
v -0.002934636 0.02981252 0.0299939
v -0.004697233 0.03041084 0.0299939
v -0.003288801 0.03027408 0.0299939
v -0.004148986 0.03077071 0.0299939
v -0.002646673 0.03014088 0.0299939
v -0.004725798 0.03084665 0.0299939
v -0.003150509 0.03043177 0.0299939
v -0.004081569 0.03096932 0.0299939
v -0.002506286 0.03055444 0.0299939
v -0.004585413 0.03126021 0.0299939
v -0.00308309 0.03063038 0.0299939
v -0.003943275 0.03112701 0.0299939
v -0.002534851 0.03099025 0.0299939
v -0.004297448 0.03158857 0.0299939
v -0.003096807 0.03083967 0.0299939
v -0.003755164 0.03121978 0.0299939
v -0.002728015 0.03138195 0.0299939
v -0.003905747 0.03178174 0.0299939
v -0.003189572 0.03102778 0.0299939
v -0.003545873 0.03123349 0.0299939
v -0.003056377 0.03166991 0.0299939
v -0.003469939 0.03181031 0.0299939
v -0.003347264 0.03116607 0.0299939
v -0.003406864 0.02991997 0.03042687
v -0.003326337 0.02961936 0.03042687
v -0.003762144 0.02959079 0.03042687
v -0.003124077 0.03005943 0.03042687
v -0.003721493 0.02989935 0.03042687
v -0.002934636 0.02981252 0.03042687
v -0.004175708 0.02973118 0.03042687
v -0.002916182 0.03029648 0.03042687
v -0.004020065 0.0300007 0.03042687
v -0.002646673 0.03014088 0.03042687
v -0.004504068 0.03001914 0.03042687
v -0.002814832 0.03059505 0.03042687
v -0.004257122 0.0302086 0.03042687
v -0.002506286 0.03055444 0.03042687
v -0.004697233 0.03041084 0.03042687
v -0.002835454 0.03090968 0.03042687
v -0.004396578 0.03049138 0.03042687
v -0.002534851 0.03099025 0.03042687
v -0.004725798 0.03084665 0.03042687
v -0.002974908 0.03119247 0.03042687
v -0.0044172 0.03080601 0.03042687
v -0.002728015 0.03138195 0.03042687
v -0.004585413 0.03126021 0.03042687
v -0.003211967 0.03140036 0.03042687
v -0.004315848 0.03110458 0.03042687
v -0.003056377 0.03166991 0.03042687
v -0.004297448 0.03158857 0.03042687
v -0.003510537 0.03150172 0.03042687
v -0.004107954 0.03134164 0.03042687
v -0.003469939 0.03181031 0.03042687
v -0.003905747 0.03178174 0.03042687
v -0.003825167 0.03148109 0.03042687
v -0.003884811 0.03023501 0.01021627
v -0.004294736 0.03017975 0.01021627
v -0.004042502 0.03037331 0.01021627
v -0.004043776 0.02995967 0.01021627
v -0.00444237 0.03047912 0.01021627
v -0.003686202 0.03016759 0.01021627
v -0.004135268 0.03056142 0.01021627
v -0.003727696 0.02985237 0.01021627
v -0.004464202 0.0308122 0.01021627
v -0.003476911 0.03018131 0.01021627
v -0.004148986 0.03077071 0.01021627
v -0.003394617 0.0298742 0.01021627
v -0.004356906 0.03112828 0.01021627
v -0.003288801 0.03027408 0.01021627
v -0.004081569 0.03096932 0.01021627
v -0.003095246 0.03002183 0.01021627
v -0.004136821 0.03137924 0.01021627
v -0.003150509 0.03043177 0.01021627
v -0.003943275 0.03112701 0.01021627
v -0.00287516 0.03027279 0.01021627
v -0.003837449 0.03152688 0.01021627
v -0.00308309 0.03063038 0.01021627
v -0.003755164 0.03121978 0.01021627
v -0.002767866 0.03058887 0.01021627
v -0.003504369 0.03154871 0.01021627
v -0.003096807 0.03083967 0.01021627
v -0.003545873 0.03123349 0.01021627
v -0.002789696 0.03092196 0.01021627
v -0.003188289 0.03144141 0.01021627
v -0.003189572 0.03102778 0.01021627
v -0.003347264 0.03116607 0.01021627
v -0.002937329 0.03122133 0.01021627
v -0.004135268 0.03056142 -0.00956137
v -0.00444237 0.03047912 -0.00956137
v -0.004294736 0.03017975 -0.00956137
v -0.004042502 0.03037331 -0.00956137
v -0.004148986 0.03077071 -0.00956137
v -0.004043776 0.02995967 -0.00956137
v -0.004464202 0.0308122 -0.00956137
v -0.003884811 0.03023501 -0.00956137
v -0.004081569 0.03096932 -0.009561369
v -0.003727696 0.02985237 -0.00956137
v -0.004356906 0.03112828 -0.009561369
v -0.003686202 0.03016759 -0.00956137
v -0.003943275 0.03112701 -0.00956137
v -0.003394617 0.0298742 -0.00956137
v -0.004136821 0.03137924 -0.00956137
v -0.003476911 0.03018131 -0.00956137
v -0.003755164 0.03121978 -0.00956137
v -0.003095246 0.03002183 -0.00956137
v -0.003837449 0.03152688 -0.00956137
v -0.003288801 0.03027408 -0.00956137
v -0.003545873 0.03123349 -0.00956137
v -0.00287516 0.03027279 -0.00956137
v -0.003504369 0.03154871 -0.00956137
v -0.003150509 0.03043177 -0.00956137
v -0.003347264 0.03116607 -0.00956137
v -0.002767866 0.03058887 -0.00956137
v -0.003188289 0.03144141 -0.00956137
v -0.00308309 0.03063038 -0.00956137
v -0.003189572 0.03102778 -0.00956137
v -0.002789696 0.03092196 -0.00956137
v -0.002937329 0.03122133 -0.00956137
v -0.003096807 0.03083967 -0.00956137
v 0.02397133 0.01848183 -0.02977198
v 0.0236601 0.01848186 -0.02977198
v 0.0237453 0.01805351 -0.02977198
v 0.02403285 0.01817258 -0.02977198
v 0.02403285 0.01879107 -0.02977198
v 0.02398795 0.01769037 -0.02977198
v 0.0237453 0.01891021 -0.02977198
v 0.02420802 0.01791042 -0.02977198
v 0.02420802 0.01905324 -0.02977198
v 0.02435108 0.01744773 -0.02977198
v 0.02398795 0.01927335 -0.02977198
v 0.02447019 0.01773524 -0.02977198
v 0.02447019 0.01922841 -0.02977198
v 0.02477943 0.01736253 -0.02977198
v 0.02435108 0.01951599 -0.02977198
v 0.02477943 0.01767373 -0.02977198
v 0.02477943 0.01928993 -0.02977198
v 0.02520778 0.01744773 -0.02977198
v 0.02477943 0.01960119 -0.02977198
v 0.02508868 0.01773524 -0.02977198
v 0.02508868 0.01922841 -0.02977198
v 0.02557092 0.01769037 -0.02977198
v 0.02520778 0.01951599 -0.02977198
v 0.02535084 0.01791042 -0.02977198
v 0.02535084 0.01905324 -0.02977198
v 0.02581356 0.01805351 -0.02977198
v 0.02557092 0.01927335 -0.02977198
v 0.02552602 0.01817258 -0.02977198
v 0.02552602 0.01879107 -0.02977198
v 0.02589876 0.01848186 -0.02977198
v 0.02581356 0.01891021 -0.02977198
v 0.02558753 0.01848183 -0.02977198
v 0.0242828 0.01827614 -0.02933901
v 0.0236601 0.01848186 -0.02933901
v 0.02424188 0.01848185 -0.02933901
v 0.0237453 0.01805351 -0.02933901
v 0.0237453 0.01891021 -0.02933901
v 0.02439933 0.01810175 -0.02933901
v 0.0242828 0.01868756 -0.02933901
v 0.02398795 0.01769037 -0.02933901
v 0.02398795 0.01927335 -0.02933901
v 0.02457372 0.01798522 -0.02933901
v 0.02439933 0.01886196 -0.02933901
v 0.02435108 0.01744773 -0.02933901
v 0.02435108 0.01951599 -0.02933901
v 0.02477943 0.01794431 -0.02933901
v 0.02457372 0.01897848 -0.02933901
v 0.02477943 0.01736253 -0.02933901
v 0.02477943 0.01960119 -0.02933901
v 0.02498514 0.01798522 -0.02933901
v 0.02477943 0.0190194 -0.02933901
v 0.02520778 0.01744773 -0.02933901
v 0.02520778 0.01951599 -0.02933901
v 0.02515953 0.01810175 -0.02933901
v 0.02498514 0.01897848 -0.02933901
v 0.02557092 0.01769037 -0.02933901
v 0.02557092 0.01927335 -0.02933901
v 0.02527606 0.01827614 -0.02933901
v 0.02515953 0.01886196 -0.02933901
v 0.02581356 0.01805351 -0.02933901
v 0.02581356 0.01891021 -0.02933901
v 0.02531698 0.01848185 -0.02933901
v 0.02527606 0.01868756 -0.02933901
v 0.02589876 0.01848186 -0.02933901
v 0.02424188 0.01848185 0.0299939
v 0.0236601 0.01848186 0.0299939
v 0.0237453 0.01805351 0.0299939
v 0.0242828 0.01827614 0.0299939
v 0.0242828 0.01868756 0.0299939
v 0.02398795 0.01769037 0.0299939
v 0.0237453 0.01891021 0.0299939
v 0.02439933 0.01810175 0.0299939
v 0.02439933 0.01886196 0.0299939
v 0.02435108 0.01744773 0.0299939
v 0.02398795 0.01927335 0.0299939
v 0.02457372 0.01798522 0.0299939
v 0.02457372 0.01897848 0.0299939
v 0.02477943 0.01736253 0.0299939
v 0.02435108 0.01951599 0.0299939
v 0.02477943 0.01794431 0.0299939
v 0.02477943 0.0190194 0.0299939
v 0.02520778 0.01744773 0.0299939
v 0.02477943 0.01960119 0.0299939
v 0.02498514 0.01798522 0.0299939
v 0.02498514 0.01897848 0.0299939
v 0.02557092 0.01769037 0.0299939
v 0.02520778 0.01951599 0.0299939
v 0.02515953 0.01810175 0.0299939
v 0.02515953 0.01886196 0.0299939
v 0.02581356 0.01805351 0.0299939
v 0.02557092 0.01927335 0.0299939
v 0.02527606 0.01827614 0.0299939
v 0.02527606 0.01868756 0.0299939
v 0.02589876 0.01848186 0.0299939
v 0.02581356 0.01891021 0.0299939
v 0.02531698 0.01848185 0.0299939
v 0.02420802 0.01791042 0.03042687
v 0.02398795 0.01769037 0.03042687
v 0.0237453 0.01805351 0.03042687
v 0.02447019 0.01773524 0.03042687
v 0.02403285 0.01817258 0.03042687
v 0.02435108 0.01744773 0.03042687
v 0.0236601 0.01848186 0.03042687
v 0.02477943 0.01767373 0.03042687
v 0.02397133 0.01848183 0.03042687
v 0.02477943 0.01736253 0.03042687
v 0.0237453 0.01891021 0.03042687
v 0.02508868 0.01773524 0.03042687
v 0.02403285 0.01879107 0.03042687
v 0.02520778 0.01744773 0.03042687
v 0.02398795 0.01927335 0.03042687
v 0.02535084 0.01791042 0.03042687
v 0.02420802 0.01905324 0.03042687
v 0.02557092 0.01769037 0.03042687
v 0.02435108 0.01951599 0.03042687
v 0.02552602 0.01817258 0.03042687
v 0.02447019 0.01922841 0.03042687
v 0.02581356 0.01805351 0.03042687
v 0.02477943 0.01960119 0.03042687
v 0.02558753 0.01848183 0.03042687
v 0.02477943 0.01928993 0.03042687
v 0.02589876 0.01848186 0.03042687
v 0.02520778 0.01951599 0.03042687
v 0.02552602 0.01879107 0.03042687
v 0.02508868 0.01922841 0.03042687
v 0.02581356 0.01891021 0.03042687
v 0.02557092 0.01927335 0.03042687
v 0.02535084 0.01905324 0.03042687
v 0.02424188 0.01848185 0.01021627
v 0.02398906 0.01880923 0.01021627
v 0.0242828 0.01868756 0.01021627
v 0.02392394 0.01848185 0.01021627
v 0.02417451 0.01908677 0.01021627
v 0.0242828 0.01827614 0.01021627
v 0.02439933 0.01886196 0.01021627
v 0.02398906 0.01815447 0.01021627
v 0.02445205 0.01927221 0.01021627
v 0.02439933 0.01810175 0.01021627
v 0.02457372 0.01897848 0.01021627
v 0.02417451 0.01787693 0.01021627
v 0.02477943 0.01933733 0.01021627
v 0.02457372 0.01798522 0.01021627
v 0.02477943 0.0190194 0.01021627
v 0.02445205 0.01769148 0.01021627
v 0.02510681 0.01927221 0.01021627
v 0.02477943 0.01794431 0.01021627
v 0.02498514 0.01897848 0.01021627
v 0.02477943 0.01762636 0.01021627
v 0.02538435 0.01908677 0.01021627
v 0.02498514 0.01798522 0.01021627
v 0.02515953 0.01886196 0.01021627
v 0.02510681 0.01769148 0.01021627
v 0.0255698 0.01880923 0.01021627
v 0.02515953 0.01810175 0.01021627
v 0.02527606 0.01868756 0.01021627
v 0.02538435 0.01787693 0.01021627
v 0.02563491 0.01848185 0.01021627
v 0.02527606 0.01827614 0.01021627
v 0.02531698 0.01848185 0.01021627
v 0.0255698 0.01815447 0.01021627
v 0.02439933 0.01886196 -0.00956137
v 0.02417451 0.01908677 -0.00956137
v 0.02398906 0.01880923 -0.00956137
v 0.0242828 0.01868756 -0.00956137
v 0.02457372 0.01897848 -0.00956137
v 0.02392394 0.01848185 -0.00956137
v 0.02445205 0.01927221 -0.00956137
v 0.02424188 0.01848185 -0.00956137
v 0.02477943 0.0190194 -0.009561369
v 0.02398906 0.01815447 -0.00956137
v 0.02477943 0.01933733 -0.009561369
v 0.0242828 0.01827614 -0.00956137
v 0.02498514 0.01897848 -0.00956137
v 0.02417451 0.01787693 -0.00956137
v 0.02510681 0.01927221 -0.00956137
v 0.02439933 0.01810175 -0.00956137
v 0.02515953 0.01886196 -0.00956137
v 0.02445205 0.01769148 -0.00956137
v 0.02538435 0.01908677 -0.00956137
v 0.02457372 0.01798522 -0.00956137
v 0.02527606 0.01868756 -0.00956137
v 0.02477943 0.01762636 -0.00956137
v 0.0255698 0.01880923 -0.00956137
v 0.02477943 0.01794431 -0.00956137
v 0.02531698 0.01848185 -0.00956137
v 0.02510681 0.01769148 -0.00956137
v 0.02563491 0.01848185 -0.00956137
v 0.02498514 0.01798522 -0.00956137
v 0.02527606 0.01827614 -0.00956137
v 0.02538435 0.01787693 -0.00956137
v 0.0255698 0.01815447 -0.00956137
v 0.02515953 0.01810175 -0.00956137
v -0.006000015 0.03016412 0.02950624
v -0.005901805 0.02967037 0.02980206
v -0.0115768 0.02794886 0.02980206
v -0.01176944 0.02841394 0.02950624
v -4.940693E-12 0.03075505 0.02950624
v -0.01680691 0.02515332 0.02980206
v -0.01708659 0.02557188 0.02950624
v -4.533323E-12 0.03025166 0.02980206
v 0.006000015 0.03016412 0.02950624
v -0.02139115 0.02139115 0.02980206
v -0.0217471 0.0217471 0.02950624
v 0.005901805 0.02967037 0.02980206
v 0.01176944 0.02841394 0.02950624
v -0.02515333 0.01680692 0.02980206
v -0.02557189 0.01708659 0.02950624
v 0.0115768 0.02794886 0.02980206
v 0.01708659 0.02557188 0.02950624
v -0.02794887 0.01157681 0.02980206
v -0.02841396 0.01176945 0.02950624
v 0.01680691 0.02515332 0.02980206
v 0.0217471 0.0217471 0.02950624
v -0.02967038 0.005901806 0.02980206
v -0.0301641 0.006000013 0.02950624
v 0.02139115 0.02139115 0.02980206
v 0.02557189 0.01708659 0.02950624
v -0.03025165 6.12695E-10 0.02980206
v -0.03075504 9.191269E-10 0.02950624
v 0.02515333 0.01680692 0.02980206
v 0.02841395 0.01176945 0.02950624
v -0.02967038 -0.005901805 0.02980206
v -0.0301641 -0.006000011 0.02950624
v 0.02794887 0.01157681 0.02980206
v 0.0301641 0.006000013 0.02950624
v -0.02794887 -0.0115768 0.02980206
v -0.02841395 -0.01176944 0.02950624
v 0.02967038 0.005901806 0.02980206
v 0.03075504 9.191269E-10 0.02950624
v -0.02515333 -0.01680692 0.02980206
v -0.02557189 -0.01708659 0.02950624
v 0.03025165 6.12695E-10 0.02980206
v 0.0301641 -0.006000011 0.02950624
v -0.02139115 -0.02139115 0.02980206
v -0.0217471 -0.0217471 0.02950624
v 0.02967038 -0.005901805 0.02980206
v 0.02841395 -0.01176944 0.02950624
v -0.01680691 -0.02515332 0.02980206
v -0.01708659 -0.02557188 0.02950624
v 0.02794887 -0.0115768 0.02980206
v 0.02557189 -0.01708659 0.02950624
v -0.0115768 -0.02794886 0.02980206
v -0.01176944 -0.02841394 0.02950624
v 0.02515333 -0.01680692 0.02980206
v 0.0217471 -0.0217471 0.02950624
v -0.005901805 -0.02967037 0.02980206
v -0.00600001 -0.03016409 0.02950624
v 0.02139115 -0.02139115 0.02980206
v 0.01708659 -0.02557188 0.02950624
v -4.533323E-12 -0.03025166 0.02980206
v -4.940693E-12 -0.03075505 0.02950624
v 0.01680691 -0.02515332 0.02980206
v 0.01176944 -0.02841394 0.02950624
v 0.005901805 -0.02967037 0.02980206
v 0.00600001 -0.03016409 0.02950624
v 0.0115768 -0.02794886 0.02980206
v -0.005703396 -0.02867291 0.03
v -4.039194E-12 -0.02923464 0.03
v 0.005703396 -0.02867291 0.03
v 0.01118761 -0.02700927 0.03
v 0.01624189 -0.0243077 0.03
v 0.020672 -0.020672 0.03
v -0.01118761 -0.02700927 0.03
v 0.02430771 -0.0162419 0.03
v -0.01624189 -0.0243077 0.03
v 0.02700928 -0.01118761 0.03
v -0.020672 -0.020672 0.03
v 0.0286729 -0.005703394 0.03
v -0.02430771 -0.0162419 0.03
v 0.02923463 0 0.03
v -0.02700928 -0.01118761 0.03
v 0.0286729 0.005703394 0.03
v -0.0286729 -0.005703394 0.03
v 0.02700928 0.01118761 0.03
v -0.02923463 0 0.03
v 0.02430771 0.0162419 0.03
v -0.0286729 0.005703394 0.03
v 0.020672 0.020672 0.03
v -0.02700928 0.01118761 0.03
v 0.01624189 0.0243077 0.03
v -0.02430771 0.0162419 0.03
v 0.01118761 0.02700927 0.03
v -0.020672 0.020672 0.03
v 0.005703396 0.02867291 0.03
v -0.01624189 0.0243077 0.03
v -4.039194E-12 0.02923464 0.03
v -0.01118761 0.02700927 0.03
v -0.005703396 0.02867291 0.03
v -0.02396212 0.01601098 0.03
v -0.0203781 0.0203781 0.03
v -0.01601097 0.02396211 0.03
v -0.01102855 0.02662526 0.03
v -0.005622307 0.02826525 0.03
v -4.780541E-12 0.02881899 0.03
v -0.02662527 0.01102855 0.03
v 0.005622307 0.02826525 0.03
v -0.02826524 0.005622306 0.03
v 0.01102855 0.02662526 0.03
v -0.02881899 0 0.03
v 0.01601097 0.02396211 0.03
v -0.02826524 -0.005622306 0.03
v 0.0203781 0.0203781 0.03
v -0.02662527 -0.01102855 0.03
v 0.02396212 0.01601098 0.03
v -0.02396212 -0.01601098 0.03
v 0.02662527 0.01102855 0.03
v -0.0203781 -0.0203781 0.03
v 0.02826524 0.005622306 0.03
v -0.01601097 -0.02396211 0.03
v 0.02881899 0 0.03
v -0.01102855 -0.02662526 0.03
v 0.02826524 -0.005622306 0.03
v -0.005622307 -0.02826525 0.03
v 0.02662527 -0.01102855 0.03
v -4.780541E-12 -0.02881899 0.03
v 0.02396212 -0.01601098 0.03
v 0.005622307 -0.02826525 0.03
v 0.0203781 -0.0203781 0.03
v 0.01102855 -0.02662526 0.03
v 0.01601097 -0.02396211 0.03
v -5.337681E-12 -0.0284791 0.02993506
v 0.005555999 -0.0279319 0.02993506
v 0.01089848 -0.02631126 0.02993506
v 0.01582214 -0.02367951 0.02993506
v 0.02013777 -0.02013777 0.02993506
v 0.02367951 -0.01582214 0.02993506
v -0.005555999 -0.0279319 0.02993506
v 0.02631126 -0.01089848 0.02993506
v -0.01089848 -0.02631126 0.02993506
v 0.02793189 -0.005555998 0.02993506
v -0.01582214 -0.02367951 0.02993506
v 0.0284791 0 0.02993506
v -0.02013777 -0.02013777 0.02993506
v 0.02793189 0.005555998 0.02993506
v -0.02367951 -0.01582214 0.02993506
v 0.02631126 0.01089848 0.02993506
v -0.02631126 -0.01089848 0.02993506
v 0.02367951 0.01582214 0.02993506
v -0.02793189 -0.005555998 0.02993506
v 0.02013777 0.02013777 0.02993506
v -0.0284791 0 0.02993506
v 0.01582214 0.02367951 0.02993506
v -0.02793189 0.005555998 0.02993506
v 0.01089848 0.02631126 0.02993506
v -0.02631126 0.01089848 0.02993506
v 0.005555999 0.0279319 0.02993506
v -0.02367951 0.01582214 0.02993506
v -5.337681E-12 0.0284791 0.02993506
v -0.02013777 0.02013777 0.02993506
v -0.005555999 0.0279319 0.02993506
v -0.01582214 0.02367951 0.02993506
v -0.01089848 0.02631126 0.02993506
v -0.02607454 0.01080043 0.02975765
v -0.02346646 0.01567979 0.02975765
v -0.02768059 0.005506011 0.02975765
v -0.01995659 0.01995659 0.02975765
v -0.01567979 0.02346646 0.02975765
v -0.02822288 0 0.02975765
v -0.01080043 0.02607454 0.02975765
v -0.005506011 0.02768059 0.02975765
v -0.02768059 -0.005506011 0.02975765
v -5.791472E-12 0.02822288 0.02975765
v -0.02607454 -0.01080043 0.02975765
v 0.005506011 0.02768059 0.02975765
v -0.02346646 -0.01567979 0.02975765
v 0.01080043 0.02607454 0.02975765
v -0.01995659 -0.01995659 0.02975765
v 0.01567979 0.02346646 0.02975765
v -0.01567979 -0.02346646 0.02975765
v 0.01995659 0.01995659 0.02975765
v -0.01080043 -0.02607454 0.02975765
v 0.02346646 0.01567979 0.02975765
v -0.005506011 -0.02768059 0.02975765
v 0.02607454 0.01080043 0.02975765
v -5.791472E-12 -0.02822288 0.02975765
v 0.02768059 0.005506011 0.02975765
v 0.005506011 -0.02768059 0.02975765
v 0.02822288 0 0.02975765
v 0.01080043 -0.02607454 0.02975765
v 0.02768059 -0.005506011 0.02975765
v 0.01567979 -0.02346646 0.02975765
v 0.02607454 -0.01080043 0.02975765
v 0.01995659 -0.01995659 0.02975765
v 0.02346646 -0.01567979 0.02975765
vn -0.5555702 0.8314696 0
vn -0.3826832 0.9238796 0
vn -0.5555702 0.8314696 0
vn -0.3826832 0.9238796 0
vn -0.1950905 0.9807853 0
vn -0.1950905 0.9807853 0
vn 0 1 0
vn 0 1 0
vn 0.1950905 0.9807853 0
vn 0.1950905 0.9807853 0
vn 0.3826832 0.9238796 0
vn 0.3826832 0.9238796 0
vn 0.5555702 0.8314696 0
vn 0.5555702 0.8314696 0
vn 0.7071068 0.7071068 0
vn 0.7071068 0.7071068 0
vn 0.8314696 0.5555702 0
vn 0.8314696 0.5555702 0
vn -0.7071068 0.7071068 0
vn -0.5555702 0.8314696 0
vn -0.5555702 0.8314696 0
vn -0.7071068 0.7071068 0
vn -0.8314696 0.5555702 0
vn -0.8314696 0.5555702 0
vn -0.9238796 0.3826832 0
vn -0.9238796 0.3826832 0
vn -0.9807853 0.1950904 0
vn -0.9807853 0.1950904 0
vn -1 0 0
vn -1 0 0
vn -0.9807853 -0.1950904 0
vn -0.9807853 -0.1950904 0
vn -0.9238796 -0.3826832 0
vn -0.9238796 -0.3826832 0
vn -0.8314696 -0.5555702 0
vn -0.8314696 -0.5555702 0
vn -0.7071068 -0.7071068 0
vn -0.8314696 -0.5555702 0
vn -0.8314696 -0.5555702 0
vn -0.7071068 -0.7071068 0
vn -0.5555702 -0.8314696 0
vn -0.5555702 -0.8314696 0
vn -0.3826832 -0.9238796 0
vn -0.3826832 -0.9238796 0
vn -0.1950905 -0.9807853 0
vn -0.1950905 -0.9807853 0
vn 0 -1 0
vn 0 -1 0
vn 0.1950905 -0.9807853 0
vn 0.1950905 -0.9807853 0
vn 0.3826832 -0.9238796 0
vn 0.3826832 -0.9238796 0
vn 0.5555702 -0.8314696 0
vn 0.5555702 -0.8314696 0
vn 0.7071068 -0.7071068 0
vn 0.5555702 -0.8314696 0
vn 0.5555702 -0.8314696 0
vn 0.7071068 -0.7071068 0
vn 0.8314696 -0.5555702 0
vn 0.8314696 -0.5555702 0
vn 0.9238796 -0.3826832 0
vn 0.9238796 -0.3826832 0
vn 0.9807853 -0.1950904 0
vn 0.9807853 -0.1950904 0
vn 1 0 0
vn 1 0 0
vn 0.9807853 0.1950904 0
vn 0.9807853 0.1950904 0
vn 0.9238796 0.3826832 0
vn 0.9238796 0.3826832 0
vn 0.8314696 0.5555702 0
vn 0.8314696 0.5555702 0
vn 0.4152054 0.6214001 -0.6644294
vn 0.4047969 0.4047973 -0.8199259
vn 0.5284554 0.5284564 -0.6644311
vn 0.3180473 0.4759921 -0.8199254
vn 0.2860005 0.6904632 -0.6644277
vn 0.2190762 0.5288945 -0.8199245
vn 0.1458025 0.7329932 -0.6644265
vn 0.1116845 0.5614724 -0.819924
vn 0 0.7473549 -0.6644251
vn 0 0.5724726 -0.8199239
vn -0.1458025 0.7329932 -0.6644265
vn -0.1116846 0.5614724 -0.8199239
vn 0.8070303 0.539241 0.2406683
vn 0.744502 0.4974609 0.445252
vn 0.6331473 0.6331494 0.4452485
vn 0.6863227 0.6863238 0.2406673
vn 0.4974593 0.7445027 0.4452528
vn 0.5392398 0.8070306 0.24067
vn 0.3426572 0.8272447 0.4452552
vn 0.371436 0.8967234 0.2406708
vn 0.1746862 0.8781999 0.4452525
vn 0.189357 0.9519575 0.2406679
vn 1.482543E-07 0.8954057 0.4452513
vn 0 0.9706078 0.2406666
vn -0.1746861 0.8781999 0.4452525
vn -0.1893569 0.9519575 0.2406679
vn -0.3426572 0.8272447 0.4452552
vn -0.3714361 0.8967234 0.2406708
vn -0.4974593 0.7445027 0.4452528
vn -0.5392398 0.8070306 0.24067
vn -0.5515321 0.8254268 -0.1203458
vn -0.3799026 0.9171646 -0.1203453
vn -0.1936724 0.9736569 -0.1203468
vn 0 0.9927319 -0.1203475
vn -0.1710345 0.859848 -0.4810494
vn -0.3354971 0.8099593 -0.4810485
vn -1.858644E-07 0.8766934 -0.4810496
vn 0.1936724 0.9736569 -0.1203467
vn 0.1710343 0.8598481 -0.4810495
vn 0.3799026 0.9171646 -0.1203453
vn 0.1084529 0.545228 -0.8312427
vn -1.341701E-07 0.5559095 -0.8312429
vn 0.2127388 0.513594 -0.831242
vn 0.3354971 0.8099593 -0.4810485
vn 0.3088486 0.4622245 -0.8312407
vn 0.4870655 0.7289446 -0.4810477
vn 0.5515321 0.8254268 -0.1203458
vn 0.6199169 0.6199171 -0.4810467
vn 0.701967 0.7019681 -0.120346
vn 0.7289449 0.4870659 -0.481047
vn 0.8254265 0.5515326 -0.1203447
vn 0.8967238 0.3714354 0.2406701
vn 0.8099595 0.3354965 -0.4810486
vn 0.917165 0.3799022 -0.120344
vn 0.8967238 0.3714354 0.2406701
vn 0.744502 0.4974609 0.445252
vn 0.8070303 0.539241 0.2406683
vn 0.8272449 0.3426561 0.4452556
vn 0.9519568 0.189356 0.2406712
vn 0.8781976 0.1746845 0.4452576
vn 0.917165 0.3799022 -0.120344
vn 0.9706068 0 0.2406711
vn 0.8954025 1.714189E-07 0.4452574
vn 0.9736571 0.1936722 -0.1203449
vn 0.9519569 -0.1893559 0.2406706
vn 0.8781981 -0.1746844 0.4452567
vn 0.8598474 0.1710344 -0.4810505
vn 0.8099595 0.3354965 -0.4810486
vn 0.8766931 2.403847E-07 -0.4810501
vn 0.992732 0 -0.1203461
vn 0.8967239 -0.3714353 0.2406703
vn 0.8272447 -0.342656 0.4452561
vn 0.9736569 -0.1936726 -0.1203457
vn 0.8598486 -0.1710345 -0.4810485
vn 0.8070306 -0.5392407 0.2406681
vn 0.7445025 -0.4974605 0.4452516
vn 0.5452289 -0.1084524 -0.8312421
vn 0.5559095 2.361887E-07 -0.8312429
vn 0.5135939 -0.2127376 -0.8312424
vn 0.8099593 -0.3354967 -0.4810489
vn 0.4622228 -0.3088481 -0.8312418
vn 0.7289452 -0.4870656 -0.4810468
vn 0.9171646 -0.3799027 -0.1203455
vn 0.8254266 -0.5515324 -0.1203448
vn 0.6199169 -0.6199177 -0.4810458
vn 0.6863229 -0.6863237 0.2406669
vn 0.6331481 -0.6331492 0.4452477
vn 0.7019675 -0.7019677 -0.1203454
vn 0.4870655 -0.7289453 -0.4810468
vn 0.5392397 -0.8070306 0.2406703
vn 0.4974591 -0.7445023 0.4452538
vn 0.5515317 -0.8254269 -0.120346
vn 0.3354964 -0.8099601 -0.4810476
vn 0.3799017 -0.917165 -0.1203449
vn 0.6904611 0.2859983 -0.6644309
vn 0.5614728 0.1116835 -0.8199239
vn 0.7329928 0.1458009 -0.6644273
vn 0.5288935 0.2190749 -0.8199254
vn 0.6213973 0.4152048 -0.6644323
vn 0.4759909 0.3180473 -0.8199259
vn 0.5284554 0.5284564 -0.6644311
vn 0.4047969 0.4047973 -0.8199259
vn 0.1705784 0.07065597 -0.9828076
vn 0.1535167 0.1025767 -0.9828076
vn 0.1305544 0.1305544 -0.9828078
vn 0.1810835 0.03602002 -0.9828079
vn 0.5724726 0 -0.8199238
vn 0.1025759 0.1535157 -0.9828078
vn 0.3180473 0.4759921 -0.8199254
vn 0.1846292 0 -0.9828082
vn 0.5614722 -0.1116837 -0.8199242
vn 0.07065573 0.1705778 -0.9828076
vn 0.2190762 0.5288945 -0.8199245
vn 0.1810811 -0.03602015 -0.9828083
vn 0.5288945 -0.2190749 -0.8199249
vn 0.03602009 0.1810844 -0.9828076
vn 0.1116845 0.5614724 -0.819924
vn 0.170577 -0.07065615 -0.9828078
vn 0.4759917 -0.3180476 -0.8199254
vn 0 0.1846312 -0.9828079
vn 0 0.5724726 -0.8199239
vn 0.1535173 -0.1025768 -0.9828075
vn 0.404797 -0.4047978 -0.8199258
vn -0.0360202 0.1810844 -0.9828076
vn -0.1116846 0.5614724 -0.8199239
vn -3.939112E-06 0 -1
vn -1.969547E-06 0 -1
vn 0 0 -1
vn -3.939131E-06 0 -1
vn -1.969561E-06 0 -1
vn 0 0 -1
vn 0 0 -1
vn 0 0 -1
vn 0 0 -1
vn 0 0 -1
vn 0 0 -1
vn 0 0 -1
vn -0.08830227 -0.01756444 -0.9959389
vn -0.08317918 -0.03445382 -0.9959389
vn -0.07485949 -0.05001934 -0.9959388
vn -0.06366307 -0.06366274 -0.9959388
vn -0.05002006 -0.07485948 -0.9959388
vn -0.03445458 -0.08317971 -0.9959388
vn -0.01756446 -0.08830229 -0.9959389
vn -0.09003175 0 -0.9959389
vn -0.08830223 0.01756443 -0.9959389
vn -0.08317915 0.03445382 -0.9959389
vn -0.07485949 0.05001934 -0.9959388
vn -0.2123248 -0.3177666 -0.9240901
vn -0.146252 -0.3530824 -0.9240904
vn -0.2702363 -0.2702376 -0.9240909
vn -0.3177631 -0.212324 -0.9240915
vn -0.3530815 -0.1462514 -0.9240909
vn -0.3748297 -0.07455817 -0.9240908
vn -0.3821708 0 -0.9240916
vn -0.3748297 0.07455815 -0.9240908
vn -0.3530814 0.1462513 -0.924091
vn -0.3177631 0.212324 -0.9240915
vn -0.4806629 -0.3211726 -0.8159727
vn -0.408772 -0.4087753 -0.8159707
vn -0.534089 -0.2212273 -0.8159702
vn -0.3211721 -0.4806697 -0.8159688
vn -0.566987 -0.1127805 -0.8159695
vn -0.5780914 0 -0.815972
vn -0.566987 0.1127805 -0.8159695
vn -0.534089 0.2212275 -0.8159702
vn -0.4806629 0.3211726 -0.8159727
vn -0.2212275 -0.5340896 -0.8159698
vn -0.408772 0.4087753 -0.8159707
vn -0.07455792 -0.3748275 -0.9240916
vn -0.1127799 -0.5669831 -0.8159723
vn -0.2702382 0.2702375 -0.9240904
vn -0.3211696 0.4806683 -0.8159706
vn 0 -0.09003108 -0.995939
vn 0 -0.3821691 -0.9240924
vn 0 -0.5780892 -0.8159736
vn -0.06366467 0.06366272 -0.9959387
vn -0.2123254 0.3177661 -0.9240902
vn -0.2212238 0.5340884 -0.8159716
vn 0 0 -1
vn 0.01756446 -0.08830233 -0.9959389
vn 0.07455747 -0.3748275 -0.9240917
vn 0.1127789 -0.5669832 -0.8159724
vn 0 0 -1
vn -0.05002179 0.07485971 -0.9959387
vn -0.1462505 0.353082 -0.9240909
vn -0.1127789 0.5669832 -0.8159724
vn 0.1462505 -0.353082 -0.9240909
vn 0.2212238 -0.5340884 -0.8159716
vn 0.0344547 -0.08317999 -0.9959388
vn 0.1305546 -0.1305544 -0.9828078
vn 0 0 -1
vn -0.0344547 0.08317999 -0.9959388
vn -0.07455747 0.3748275 -0.9240917
vn 0 0.5780892 -0.8159736
vn 0.3180469 -0.4759914 -0.8199258
vn 0.5284551 -0.528457 -0.6644309
vn 0.4152049 -0.6213991 -0.6644307
vn 0.1025759 -0.1535157 -0.9828078
vn 0.2190761 -0.5288951 -0.8199242
vn 0.286 -0.6904641 -0.6644272
vn 0 0 -1
vn -0.01756446 0.08830233 -0.9959389
vn 0 0.3821691 -0.9240924
vn 0.1127799 0.5669831 -0.8159723
vn 0.07065598 -0.1705779 -0.9828076
vn 0.1116853 -0.5614744 -0.8199224
vn 0.1458035 -0.7329959 -0.6644233
vn 0 0 -1
vn 0.03602028 -0.1810849 -0.9828076
vn 0 -0.5724746 -0.8199224
vn 0 0.09003109 -0.995939
vn 0.07455792 0.3748275 -0.9240916
vn 0.2212275 0.5340896 -0.8159698
vn 0 -0.184632 -0.9828078
vn -0.1116848 -0.5614746 -0.8199224
vn 0 0 -1
vn 0.01756446 0.08830229 -0.9959389
vn 0.146252 0.3530824 -0.9240904
vn 0.3211721 0.4806697 -0.8159688
vn -0.03602017 -0.181085 -0.9828076
vn -0.2190756 -0.5288954 -0.8199241
vn 0 0 -1
vn 0.03445458 0.08317971 -0.9959388
vn 0.2123248 0.3177666 -0.9240901
vn 0.408772 0.4087753 -0.8159707
vn -0.07065588 -0.1705782 -0.9828076
vn -0.318047 -0.4759915 -0.8199257
vn 0 0 -1
vn 0.05002006 0.07485948 -0.9959388
vn 0.2702363 0.2702376 -0.9240909
vn 0.4806629 0.3211726 -0.8159727
vn -0.102576 -0.1535159 -0.9828078
vn -0.4047971 -0.4047975 -0.8199258
vn 0 0 -1
vn 0.06366307 0.06366274 -0.9959388
vn 0.3177631 0.212324 -0.9240915
vn 0.534089 0.2212273 -0.8159702
vn 0 0 -1
vn -0.1305544 -0.1305544 -0.9828078
vn 0.07485949 0.05001934 -0.9959388
vn 0.3530815 0.1462514 -0.9240909
vn 0.566987 0.1127805 -0.8159695
vn 0 0 -1
vn -0.4759913 -0.3180475 -0.8199257
vn -0.5284557 -0.5284566 -0.6644308
vn -0.6213978 -0.4152046 -0.664432
vn 0.08317918 0.03445382 -0.9959389
vn 0.3748297 0.07455817 -0.9240908
vn 0.5780914 0 -0.815972
vn -0.1535169 -0.1025768 -0.9828075
vn -0.5288941 -0.219075 -0.8199251
vn -0.6904618 -0.285998 -0.6644305
vn 0 0 -1
vn 0.08830227 0.01756444 -0.9959389
vn 0.3821708 0 -0.9240916
vn 0.566987 -0.1127805 -0.8159695
vn -0.1705788 -0.07065615 -0.9828075
vn -0.5614723 -0.1116837 -0.8199242
vn -0.7329926 -0.1458009 -0.6644275
vn 1.969561E-06 0 -1
vn -0.181083 -0.03602015 -0.982808
vn -0.5724726 0 -0.8199238
vn 0.09003175 0 -0.9959389
vn 0.3748297 -0.07455815 -0.9240908
vn 0.534089 -0.2212275 -0.8159702
vn -0.1846291 0 -0.9828082
vn -0.5614728 0.1116837 -0.8199238
vn 3.939131E-06 0 -1
vn 0.08830223 -0.01756443 -0.9959389
vn 0.3530814 -0.1462513 -0.924091
vn 0.4806629 -0.3211726 -0.8159727
vn -0.181082 0.03602011 -0.9828081
vn -0.5288933 0.219075 -0.8199257
vn 3.939112E-06 0 -1
vn 0.08317915 -0.03445382 -0.9959389
vn 0.3177631 -0.212324 -0.9240915
vn 0.408772 -0.4087753 -0.8159707
vn -0.1705772 0.07065607 -0.9828078
vn -0.4759909 0.3180473 -0.819926
vn 1.969547E-06 0 -1
vn 0.07485949 -0.05001934 -0.9959388
vn 0.2702382 -0.2702375 -0.9240904
vn 0.3211696 -0.4806683 -0.8159706
vn -0.1535172 0.1025767 -0.9828075
vn -0.4047971 0.4047974 -0.8199258
vn 0 0 -1
vn 0.06366467 -0.06366272 -0.9959387
vn 0.2123254 -0.3177661 -0.9240902
vn 0.05002179 -0.07485971 -0.9959387
vn 0 0 -1
vn -0.1305546 0.1305544 -0.9828078
vn 0 0 -1
vn -0.3180473 0.4759918 -0.8199254
vn -0.5284554 0.5284564 -0.6644311
vn -0.4152054 0.6214001 -0.6644294
vn 0 0 -1
vn -0.1025758 0.1535156 -0.9828078
vn -0.2190763 0.5288944 -0.8199247
vn -0.2860005 0.6904632 -0.6644277
vn -0.07065585 0.1705776 -0.9828078
vn -0.1458025 0.7329932 -0.6644265
vn 0.7329928 0.1458009 -0.6644273
vn 0.5614728 0.1116835 -0.8199239
vn 0.5724726 0 -0.8199238
vn 0.7473536 0 -0.6644265
vn 0.5614722 -0.1116837 -0.8199242
vn 0.7329926 -0.1458009 -0.6644275
vn 0.5288945 -0.2190749 -0.8199249
vn 0.6904622 -0.2859977 -0.6644299
vn 0.4759917 -0.3180476 -0.8199254
vn 0.621398 -0.415205 -0.6644317
vn 0.404797 -0.4047978 -0.8199258
vn 0.5284551 -0.528457 -0.6644309
vn 0.1458035 -0.7329959 -0.6644233
vn 0.1116853 -0.5614744 -0.8199224
vn 0 -0.5724746 -0.8199224
vn 1.389288E-07 -0.747357 -0.6644227
vn -0.1116848 -0.5614746 -0.8199224
vn -0.1458028 -0.732996 -0.6644234
vn -0.2190756 -0.5288954 -0.8199241
vn -0.2859995 -0.6904642 -0.6644273
vn -0.318047 -0.4759915 -0.8199257
vn -0.4152049 -0.6213991 -0.6644307
vn -0.4047971 -0.4047975 -0.8199258
vn -0.5284557 -0.5284566 -0.6644308
vn -0.8070301 -0.539241 0.2406685
vn -0.7445018 -0.4974608 0.4452526
vn -0.6331473 -0.6331494 0.4452486
vn -0.6863226 -0.6863239 0.2406674
vn -0.4974594 -0.7445027 0.4452528
vn -0.7019675 -0.7019677 -0.1203453
vn -0.8254268 -0.5515323 -0.1203445
vn -0.7289451 -0.4870657 -0.4810467
vn -0.6199178 -0.6199173 -0.4810452
vn -0.5515318 -0.8254268 -0.1203461
vn -0.4870653 -0.7289454 -0.4810467
vn -0.5392397 -0.8070307 0.2406698
vn -0.342655 -0.827244 0.4452583
vn -0.3799017 -0.917165 -0.1203449
vn -0.3714346 -0.8967235 0.2406728
vn -0.1746854 -0.8781984 0.4452554
vn -0.3354965 -0.8099601 -0.4810476
vn -0.3088492 -0.4622253 -0.83124
vn -0.2127388 -0.5135954 -0.8312413
vn -0.1893567 -0.9519566 0.2406711
vn 1.528871E-07 -0.8954056 0.4452516
vn -0.1936728 -0.9736569 -0.120346
vn -0.1710346 -0.8598479 -0.4810496
vn -0.1084528 -0.5452293 -0.8312419
vn 0 -0.9706072 0.2406689
vn 0.1746856 -0.8781984 0.4452554
vn 0 -0.9927319 -0.1203471
vn 0 -0.8766925 -0.4810514
vn 0 -0.55591 -0.8312424
vn 0.1936728 -0.9736569 -0.1203458
vn 0.1710346 -0.8598479 -0.4810496
vn 0.1893568 -0.9519566 0.2406713
vn 0.3426548 -0.8272435 0.4452594
vn 0.3799017 -0.917165 -0.1203449
vn 0.3354964 -0.8099601 -0.4810476
vn 0.3714346 -0.8967233 0.2406734
vn 0.4974591 -0.7445023 0.4452538
vn 0.5515317 -0.8254269 -0.120346
vn 0.5392397 -0.8070306 0.2406703
vn -0.7329926 -0.1458009 -0.6644275
vn -0.5614723 -0.1116837 -0.8199242
vn -0.5724726 0 -0.8199238
vn -0.7473536 0 -0.6644265
vn -0.5614728 0.1116837 -0.8199238
vn -0.7329925 0.1458011 -0.6644276
vn -0.5288933 0.219075 -0.8199257
vn -0.6904601 0.2859985 -0.664432
vn -0.4759909 0.3180473 -0.819926
vn -0.6213965 0.4152047 -0.6644331
vn -0.4047971 0.4047974 -0.8199258
vn -0.5284554 0.5284564 -0.6644311
vn -0.5392398 0.8070306 0.24067
vn -0.4974593 0.7445027 0.4452528
vn -0.6331473 0.6331494 0.4452485
vn -0.6863226 0.6863239 0.2406673
vn -0.7445024 0.4974612 0.445251
vn -0.701967 0.7019681 -0.120346
vn -0.5515321 0.8254268 -0.1203458
vn -0.8070304 0.5392409 0.2406678
vn -0.827246 0.3426566 0.4452533
vn -0.8254266 0.5515325 -0.1203452
vn -0.896724 0.3714355 0.2406688
vn -0.8781982 0.1746847 0.4452563
vn -0.9171649 0.379902 -0.1203449
vn -0.9519569 0.189356 0.2406705
vn -0.8954025 1.714189E-07 0.4452575
vn -0.973657 0.1936723 -0.1203454
vn -0.9706068 1.037438E-07 0.2406711
vn -0.8781981 -0.1746844 0.4452567
vn -0.992732 0 -0.1203461
vn -0.9519569 -0.1893559 0.2406706
vn -0.8272447 -0.342656 0.4452561
vn -0.973657 -0.1936726 -0.1203457
vn -0.8967238 -0.3714353 0.2406703
vn -0.7445018 -0.4974608 0.4452526
vn -0.8070301 -0.539241 0.2406685
vn -0.8254268 -0.5515323 -0.1203445
vn -0.9171646 -0.3799027 -0.1203453
vn -0.8099586 -0.3354971 -0.4810497
vn -0.7289451 -0.4870657 -0.4810467
vn -0.8598486 -0.1710345 -0.4810485
vn -0.8766931 2.403847E-07 -0.4810501
vn -0.8598472 0.1710345 -0.481051
vn -0.5452265 0.1084525 -0.8312438
vn -0.5559095 2.374253E-07 -0.8312429
vn -0.5135919 0.2127379 -0.8312436
vn -0.8099591 0.3354963 -0.4810495
vn -0.4622228 0.3088477 -0.831242
vn -0.7289448 0.4870656 -0.4810475
vn -0.6199169 0.6199171 -0.4810467
vn -0.4870655 0.7289447 -0.4810477
vn -0.3354971 0.8099593 -0.4810485
vn -0.3799026 0.9171646 -0.1203453
vn -0.1710345 0.859848 -0.4810494
vn -1.341701E-07 0.5559095 -0.8312429
vn -1.858644E-07 0.8766934 -0.4810496
vn -0.1084529 0.545228 -0.8312427
vn -0.3354971 0.8099593 -0.4810485
vn -0.2127387 0.513594 -0.8312421
vn -0.4870655 0.7289447 -0.4810477
vn -0.3088485 0.4622245 -0.8312408
vn -0.6199169 0.6199171 -0.4810467
vn -0.3930898 0.3930898 -0.8312405
vn -0.7289448 0.4870656 -0.4810475
vn -0.4622228 0.3088477 -0.831242
vn 1.400118E-07 0.3196795 -0.9475257
vn 0.06236652 0.313537 -0.9475257
vn -0.06236611 0.313537 -0.9475257
vn 0.1084529 0.545228 -0.8312427
vn -0.122336 0.2953453 -0.9475257
vn 0.1223363 0.2953453 -0.9475257
vn -0.1776044 0.2658041 -0.9475257
vn 0.2127388 0.513594 -0.831242
vn -0.2260466 0.2260479 -0.9475259
vn 0.1776046 0.2658043 -0.9475256
vn -0.265803 0.1776045 -0.9475259
vn -0.5135919 0.2127379 -0.8312436
vn -0.2953454 0.1223361 -0.9475257
vn -0.5452265 0.1084525 -0.8312438
vn -0.3135388 0.06236641 -0.9475251
vn 0.3088486 0.4622245 -0.8312407
vn -0.5559095 2.374253E-07 -0.8312429
vn 0.2260468 0.2260481 -0.9475258
vn -0.319681 0 -0.9475251
vn 0.39309 0.39309 -0.8312404
vn 0.4870655 0.7289446 -0.4810477
vn 0.2658029 0.1776045 -0.947526
vn 0.6199169 0.6199171 -0.4810467
vn 0.4622226 0.3088478 -0.831242
vn 0.2953451 0.122336 -0.9475258
vn 0.7289449 0.4870659 -0.481047
vn 0.5135919 0.2127378 -0.8312436
vn 0.3135386 0.06236628 -0.9475251
vn 0.8099595 0.3354965 -0.4810486
vn 0.5452263 0.1084524 -0.8312438
vn 0.319681 0 -0.9475251
vn 0.8598474 0.1710344 -0.4810505
vn 0.5559095 2.361887E-07 -0.8312429
vn 0.8766931 2.403847E-07 -0.4810501
vn 0.3135378 -0.06236644 -0.9475254
vn 0.5452289 -0.1084524 -0.8312421
vn 0.2953466 -0.1223362 -0.9475254
vn 0.5135939 -0.2127376 -0.8312424
vn 0.2658031 -0.1776046 -0.9475259
vn 0.4622228 -0.3088481 -0.8312418
vn 0.2260466 -0.2260479 -0.9475259
vn 0.3930893 -0.3930909 -0.8312403
vn 0.7289452 -0.4870656 -0.4810468
vn 0.1776045 -0.2658044 -0.9475256
vn 0.6199169 -0.6199177 -0.4810458
vn 0.3088491 -0.4622254 -0.83124
vn 0.1223363 -0.295346 -0.9475255
vn 0.4870655 -0.7289453 -0.4810468
vn 0.2127386 -0.5135954 -0.8312413
vn 0.0623664 -0.313538 -0.9475254
vn 0.3354964 -0.8099601 -0.4810476
vn 0.1084526 -0.5452292 -0.8312419
vn -1.377716E-07 -0.3196809 -0.9475253
vn 0.1710346 -0.8598479 -0.4810496
vn 0 -0.55591 -0.8312424
vn 0 -0.8766925 -0.4810514
vn -0.06236682 -0.3135379 -0.9475254
vn -0.1084528 -0.5452293 -0.8312419
vn -0.1223366 -0.295346 -0.9475255
vn -0.2127388 -0.5135954 -0.8312413
vn -0.1776045 -0.2658044 -0.9475256
vn -0.3088492 -0.4622253 -0.83124
vn -0.2260466 -0.2260479 -0.9475259
vn -0.3930905 -0.3930906 -0.8312398
vn -0.4870653 -0.7289454 -0.4810467
vn -0.2658031 -0.1776046 -0.9475259
vn -0.6199178 -0.6199173 -0.4810452
vn -0.4622228 -0.3088477 -0.831242
vn -0.2953466 -0.1223362 -0.9475254
vn -0.7289451 -0.4870657 -0.4810467
vn -0.5135927 -0.2127378 -0.8312432
vn -0.3135378 -0.06236644 -0.9475254
vn -0.8099586 -0.3354971 -0.4810497
vn -0.5452289 -0.1084525 -0.8312421
vn -0.8598486 -0.1710345 -0.4810485
vn -0.8766931 2.403847E-07 -0.4810501
vn -0.4809178 0.7197438 0.5006865
vn -0.3806924 0.9190705 0.1018958
vn -0.3312626 0.7997365 0.500686
vn -0.5526785 0.8271418 0.1018967
vn -0.6120921 0.6120919 0.5006864
vn -0.7034266 0.7034259 0.1018967
vn -0.7197444 0.4809173 0.5006861
vn -0.7054594 0.7054597 -0.06821658
vn -0.5542759 0.8295327 -0.06821795
vn -0.8295324 0.5542766 -0.06821539
vn -0.8271418 0.5526785 0.1018971
vn -0.9217275 0.3817919 -0.0682156
vn -0.9190705 0.3806918 0.1018967
vn -0.9785007 0.1946355 -0.06821667
vn -0.7997364 0.3312623 0.5006865
vn -0.9756804 0.1940747 0.1018966
vn -0.9976705 0 -0.06821699
vn -0.4741693 0.1964077 0.8582467
vn -0.4267426 0.2851399 0.8582459
vn -0.5033756 0.1001277 0.8582467
vn -0.8489956 0.1688757 0.500687
vn -0.5132382 0 0.8582463
vn -0.8656282 0 0.5006874
vn -0.9947949 0 0.1018974
vn -0.9785007 -0.1946356 -0.06821667
vn -0.8489956 -0.1688756 0.5006871
vn -0.9756804 -0.1940745 0.1018961
vn -0.7997368 -0.3312619 0.5006862
vn -0.9217274 -0.381792 -0.06821583
vn -0.919071 -0.3806912 0.1018962
vn -0.8295324 -0.5542766 -0.0682155
vn -0.8271416 -0.5526786 0.1018972
vn -0.4267426 0.2851399 0.8582459
vn -0.7197444 0.4809173 0.5006861
vn -0.6120921 0.6120919 0.5006864
vn -0.3629149 0.3629146 0.8582458
vn -0.4809178 0.7197438 0.5006865
vn -0.2851409 0.4267426 0.8582457
vn -0.3312626 0.7997365 0.500686
vn -0.1964087 0.4741698 0.8582463
vn -0.1688761 0.8489957 0.5006868
vn -0.1001276 0.5033755 0.8582467
vn 0 0.8656279 0.5006878
vn 0 0.5132373 0.8582467
vn -0.2219201 0.1482815 0.9637241
vn -0.1887285 0.1887272 0.9637238
vn -0.2465823 0.1021379 0.9637245
vn -0.148283 0.2219194 0.963724
vn -0.4741693 0.1964077 0.8582467
vn -0.1021387 0.2465828 0.9637243
vn -0.2617711 0.05206957 0.9637244
vn -0.0520695 0.2617709 0.9637244
vn -0.5033756 0.1001277 0.8582467
vn 0 0.2668997 0.9637243
vn -0.2668997 0 0.9637243
vn 0.1001272 0.5033756 0.8582467
vn 0.05206917 0.2617709 0.9637244
vn 0.1964076 0.4741699 0.8582464
vn 0.1021371 0.2465828 0.9637245
vn -0.5132382 0 0.8582463
vn 0.2851407 0.4267424 0.8582457
vn -0.26177 -0.05206962 0.9637247
vn 0.1482815 0.2219192 0.9637243
vn -0.5033745 -0.1001279 0.8582473
vn -0.8656282 0 0.5006874
vn -0.2465824 -0.1021379 0.9637245
vn -0.8489956 -0.1688756 0.5006871
vn -0.4741692 -0.1964081 0.8582467
vn -0.2219201 -0.1482815 0.9637241
vn -0.7997368 -0.3312619 0.5006862
vn -0.4267436 -0.2851407 0.8582451
vn -0.1887283 -0.1887269 0.963724
vn -0.7197447 -0.4809178 0.5006852
vn -0.3629161 -0.3629152 0.858245
vn -0.1482815 -0.2219192 0.9637243
vn -0.6120928 -0.6120922 0.500685
vn -0.2851415 -0.4267435 0.8582448
vn -0.4809189 -0.719744 0.500685
vn -0.1021372 -0.2465832 0.9637244
vn -0.196408 -0.4741721 0.8582451
vn -0.0520693 -0.2617716 0.9637243
vn -0.1001277 -0.5033777 0.8582455
vn 0 -0.2669004 0.9637242
vn 0 -0.513239 0.8582457
vn 0.05206962 -0.2617716 0.9637242
vn 0.1001281 -0.5033777 0.8582454
vn 0 -0.8656276 0.5006883
vn 0.1021389 -0.2465832 0.9637243
vn 0.1688755 -0.8489957 0.5006868
vn 0.1964091 -0.474172 0.858245
vn 0.1482829 -0.2219194 0.963724
vn 0.3312621 -0.7997374 0.5006851
vn 0.2851413 -0.4267431 0.8582451
vn 0.1887285 -0.1887271 0.9637238
vn 0.4809178 -0.7197442 0.5006859
vn 0.3629152 -0.3629149 0.8582454
vn 0.2219201 -0.1482815 0.9637241
vn 0.6120924 -0.612092 0.5006858
vn 0.4267436 -0.2851406 0.8582451
vn 0.7197447 -0.4809178 0.5006852
vn 0.2465824 -0.1021379 0.9637245
vn 0.4741691 -0.196408 0.8582468
vn 0.26177 -0.05206962 0.9637247
vn 0.5033745 -0.1001279 0.8582474
vn 0.2668997 0 0.9637243
vn 0.5132382 0 0.8582463
vn 0.2617711 0.05206957 0.9637244
vn 0.5033753 0.1001275 0.858247
vn 0.8656282 0 0.5006875
vn 0.2465823 0.1021379 0.9637245
vn 0.8489957 0.1688755 0.5006868
vn 0.4741689 0.1964076 0.858247
vn 0.2219201 0.1482815 0.9637241
vn 0.7997368 0.3312623 0.5006859
vn 0.4267425 0.2851399 0.8582459
vn 0.1887283 0.1887269 0.963724
vn 0.7197444 0.4809176 0.5006858
vn 0.3629152 0.3629143 0.8582457
vn 0.6120929 0.6120914 0.500686
vn 0.4809186 0.7197434 0.5006863
vn -0.7197447 -0.4809178 0.5006852
vn -0.919071 -0.3806912 0.1018962
vn -0.7997368 -0.3312619 0.5006862
vn -0.8271416 -0.5526786 0.1018972
vn -0.6120928 -0.6120922 0.500685
vn -0.7034264 -0.7034262 0.101897
vn -0.4809189 -0.719744 0.500685
vn -0.7054595 -0.7054598 -0.06821628
vn -0.8295324 -0.5542766 -0.0682155
vn -0.5542758 -0.8295328 -0.06821717
vn -0.5526788 -0.8271415 0.101897
vn -0.3817918 -0.9217274 -0.06821772
vn -0.3806913 -0.9190709 0.1018967
vn -0.1946367 -0.9785003 -0.06821687
vn -0.3312618 -0.7997374 0.5006852
vn -0.194075 -0.97568 0.1018982
vn 0 -0.9976706 -0.06821571
vn -0.196408 -0.4741721 0.8582451
vn -0.2851415 -0.4267435 0.8582448
vn -0.1001277 -0.5033777 0.8582455
vn -0.1688752 -0.8489959 0.5006868
vn 0 -0.513239 0.8582457
vn 0 -0.8656276 0.5006883
vn 0 -0.9947947 0.1018997
vn 0.1946366 -0.9785003 -0.06821706
vn 0.1688755 -0.8489957 0.5006868
vn 0.194075 -0.9756801 0.1018981
vn 0.3817918 -0.9217273 -0.06821814
vn 0.3312621 -0.7997374 0.5006851
vn 0.3806913 -0.9190709 0.1018965
vn 0.5542759 -0.8295327 -0.06821761
vn 0.4809178 -0.7197442 0.5006859
vn 0.5526786 -0.8271417 0.1018968
vn 0.6120924 -0.612092 0.5006858
vn 0.5526786 -0.8271417 0.1018968
vn 0.4809178 -0.7197442 0.5006859
vn 0.7034266 -0.7034259 0.1018967
vn 0.7197447 -0.4809178 0.5006852
vn 0.7054594 -0.7054597 -0.06821658
vn 0.5542759 -0.8295327 -0.06821761
vn 0.8295324 -0.5542766 -0.06821553
vn 0.8271418 -0.5526783 0.1018972
vn 0.9217274 -0.3817919 -0.06821574
vn 0.9190708 -0.3806916 0.1018965
vn 0.9785007 -0.1946355 -0.06821665
vn 0.7997364 -0.3312623 0.5006865
vn 0.9756804 -0.1940745 0.1018962
vn 0.9976705 0 -0.06821699
vn 0.4741691 -0.196408 0.8582468
vn 0.4267436 -0.2851406 0.8582451
vn 0.5033745 -0.1001279 0.8582474
vn 0.8489955 -0.1688756 0.5006871
vn 0.5132382 0 0.8582463
vn 0.8656282 0 0.5006875
vn 0.9947949 0 0.1018974
vn 0.9785007 0.1946355 -0.06821645
vn 0.8489957 0.1688755 0.5006868
vn 0.9756804 0.1940747 0.101896
vn 0.7997368 0.3312623 0.5006859
vn 0.9217275 0.3817919 -0.06821521
vn 0.9190707 0.3806919 0.1018958
vn 0.8295326 0.5542766 -0.06821511
vn 0.8271418 0.5526785 0.1018967
vn 0.7197444 0.4809176 0.5006858
vn 0.9190707 0.3806919 0.1018958
vn 0.7997368 0.3312623 0.5006859
vn 0.8271418 0.5526785 0.1018967
vn 0.6120929 0.6120914 0.500686
vn 0.7034268 0.7034257 0.1018967
vn 0.4809186 0.7197434 0.5006863
vn 0.7054595 0.7054598 -0.06821626
vn 0.8295326 0.5542766 -0.06821511
vn 0.5542759 0.8295328 -0.06821748
vn 0.5526788 0.8271415 0.1018968
vn 0.3817924 0.9217272 -0.06821708
vn 0.3806924 0.9190705 0.101896
vn 0.1946365 0.9785005 -0.06821498
vn 0.3312625 0.7997366 0.5006861
vn 0.1940755 0.9756801 0.1018971
vn 0 0.9976707 -0.06821378
vn 0.1964076 0.4741699 0.8582464
vn 0.2851407 0.4267424 0.8582457
vn 0.1001272 0.5033756 0.8582467
vn 0.1688758 0.8489957 0.5006868
vn 0 0.5132373 0.8582467
vn 0 0.8656279 0.5006878
vn 0 0.9947948 0.1018987
vn -0.1946366 0.9785005 -0.06821509
vn -0.1688761 0.8489957 0.5006868
vn -0.1940756 0.9756801 0.101897
vn -0.3312626 0.7997365 0.500686
vn -0.3817926 0.9217271 -0.06821746
vn -0.3806924 0.9190705 0.1018958
vn -0.5542759 0.8295327 -0.06821795
vn -0.5526785 0.8271418 0.1018967
vn 0 0 -1
vn 0 0 -1
vn 0 0 -1
vn 0 0 -1
vn 0 0 -1
vn 0 0 -1
vn 0 0 -1
vn 0 0 -1
vn 0 0 -1
vn 0 0 -1
vn 0 0 -1
vn 0 0 -1
vn 0 0 -1
vn 0 0 -1
vn 0 0 -1
vn 0 0 -1
vn 0 0 -1
vn 0 0 -1
vn 0 0 -1
vn 0 0 -1
vn 0 0 -1
vn 0 0 -1
vn 0 0 -1
vn 0 0 -1
vn 0 0 -1
vn 0 0 -1
vn 0 0 -1
vn 0 0 -1
vn 0 0 -1
vn 0 0 -1
vn 0 0 -1
vn 0 0 -1
vn -0.8580949 -0.3554353 0.3705926
vn -0.9068884 -0.3756457 0.1909026
vn -0.8161793 -0.545352 0.1908992
vn -0.7722689 -0.5160102 0.3705863
vn -0.694104 -0.6941018 0.1908989
vn -0.6567619 -0.6567573 0.3705857
vn -0.7071066 -0.7071069 0
vn -0.8314696 -0.5555702 0
vn -0.5555699 -0.8314699 0
vn -0.5453541 -0.8161784 0.1908972
vn -0.5160146 -0.7722677 0.3705827
vn -0.3826829 -0.9238797 0
vn -0.3756455 -0.9068891 0.1908994
vn -0.3554357 -0.8580973 0.3705868
vn -0.1950903 -0.9807854 0
vn -0.191502 -0.9627472 0.1909052
vn -0.181198 -0.9109471 0.3705975
vn 0 -1 0
vn 0 -0.9816081 0.1909071
vn 0 -0.9287921 0.3706011
vn 0.1950903 -0.9807854 0
vn 0.1915025 -0.9627471 0.1909052
vn 0.181199 -0.910947 0.3705975
vn 0.3826829 -0.9238797 0
vn 0.375646 -0.9068889 0.1908994
vn 0.3554367 -0.858097 0.3705866
vn 0.5555699 -0.8314699 0
vn 0.5453541 -0.8161784 0.1908972
vn -0.9109482 -0.1812004 0.3705938
vn -0.9068884 -0.3756457 0.1909026
vn -0.8580949 -0.3554353 0.3705926
vn -0.9627475 -0.191503 0.1909032
vn -0.9287968 0 0.3705896
vn -0.9816093 0 0.1909009
vn -0.9109482 0.1812004 0.3705938
vn -0.9627475 0.191503 0.1909032
vn -0.8580949 0.3554353 0.3705926
vn -0.9068884 0.3756457 0.1909026
vn -0.7722689 0.5160102 0.3705863
vn -0.8161793 0.545352 0.1908992
vn -0.6567619 0.6567573 0.3705857
vn -0.694104 0.6941018 0.1908989
vn -0.5160146 0.7722677 0.3705827
vn -0.5453541 0.8161784 0.1908972
vn -0.3554367 0.858097 0.3705866
vn -0.375646 0.9068889 0.1908994
vn -0.7071066 0.7071069 0
vn -0.5555699 0.8314699 0
vn -0.8314696 0.5555702 0
vn -0.9238796 0.3826831 0
vn -0.9807854 0.19509 0
vn -1 0 0
vn -0.9807854 -0.19509 0
vn -0.9238796 -0.3826831 0
vn -0.8314696 -0.5555702 0
vn -0.8161793 -0.545352 0.1908992
vn -0.181199 0.910947 0.3705975
vn -0.375646 0.9068889 0.1908994
vn -0.3554367 0.858097 0.3705866
vn -0.1915025 0.9627471 0.1909052
vn 0 0.9287921 0.3706011
vn 0 0.9816081 0.1909071
vn 0.181198 0.9109471 0.3705975
vn 0.191502 0.9627472 0.1909052
vn 0.3554357 0.8580973 0.3705868
vn 0.3756455 0.9068891 0.1908994
vn 0.5160146 0.7722677 0.3705827
vn 0.5453541 0.8161784 0.1908972
vn 0.6567619 0.6567573 0.3705857
vn 0.694104 0.6941018 0.1908989
vn 0.7722689 0.5160102 0.3705863
vn 0.8161793 0.545352 0.1908992
vn 0.8580949 0.3554353 0.3705926
vn 0.9068884 0.3756457 0.1909026
vn 0.7071066 0.7071069 0
vn 0.8314696 0.5555702 0
vn 0.5555699 0.8314699 0
vn 0.3826829 0.9238797 0
vn 0.1950903 0.9807854 0
vn 0 1 0
vn -0.1950903 0.9807854 0
vn -0.3826829 0.9238797 0
vn -0.5555699 0.8314699 0
vn -0.5453541 0.8161784 0.1908972
vn 0.9109482 0.1812004 0.3705938
vn 0.9068884 0.3756457 0.1909026
vn 0.8580949 0.3554353 0.3705926
vn 0.9627475 0.191503 0.1909032
vn 0.9287968 0 0.3705896
vn 0.9816093 0 0.1909009
vn 0.9109482 -0.1812004 0.3705938
vn 0.9627475 -0.191503 0.1909032
vn 0.8580949 -0.3554353 0.3705926
vn 0.9068884 -0.3756457 0.1909026
vn 0.7722689 -0.5160102 0.3705863
vn 0.8161793 -0.545352 0.1908992
vn 0.6567619 -0.6567573 0.3705857
vn 0.694104 -0.6941018 0.1908989
vn 0.5160146 -0.7722677 0.3705827
vn 0.5453541 -0.8161784 0.1908972
vn 0.3554367 -0.858097 0.3705866
vn 0.375646 -0.9068889 0.1908994
vn 0.7071066 -0.7071069 0
vn 0.5555699 -0.8314699 0
vn 0.8314696 -0.5555702 0
vn 0.9238796 -0.3826831 0
vn 0.9807854 -0.19509 0
vn 1 0 0
vn 0.9807854 0.19509 0
vn 0.9238796 0.3826831 0
vn 0.8314696 0.5555702 0
vn 0.8161793 0.545352 0.1908992
vn -0.6591637 -0.6591594 -0.3619557
vn -0.8169233 -0.5458495 -0.1862381
vn -0.7750935 -0.5178978 -0.3619558
vn -0.6947366 -0.6947348 -0.1862381
vn -0.8314695 -0.5555704 0
vn -0.5179002 -0.7750932 -0.3619528
vn -0.7071064 -0.7071071 0
vn -0.5458505 -0.8169231 -0.1862366
vn -0.3567361 -0.861238 -0.361951
vn -0.55557 -0.8314698 0
vn -0.3759882 -0.9077165 -0.1862355
vn -0.1818624 -0.9142853 -0.3619508
vn -0.3826833 -0.9238796 0
vn -0.1916773 -0.9636266 -0.1862355
vn 5.652817E-07 -0.9321987 -0.3619469
vn -0.1950904 -0.9807853 0
vn 2.900002E-07 -0.9825056 -0.1862334
vn 0.1818619 -0.9142854 -0.3619509
vn 0 -1 0
vn 0.1916771 -0.9636266 -0.1862356
vn 0.3567351 -0.8612384 -0.3619511
vn 0.1950904 -0.9807853 0
vn 0.3759876 -0.9077168 -0.1862356
vn 0.3826833 -0.9238796 0
vn -0.5179005 0.775093 -0.3619528
vn -0.3759876 0.9077168 -0.1862356
vn -0.3567351 0.8612384 -0.3619511
vn -0.5458503 0.8169231 -0.1862365
vn -0.3826833 0.9238796 0
vn -0.6591638 0.6591594 -0.3619557
vn -0.55557 0.8314698 0
vn -0.6947366 0.6947348 -0.1862381
vn -0.7750935 0.5178978 -0.3619558
vn -0.7071064 0.7071071 0
vn -0.8169233 0.5458495 -0.1862382
vn -0.8612348 0.3567352 -0.3619596
vn -0.8314695 0.5555704 0
vn -0.9077156 0.3759881 -0.1862402
vn -0.9142829 0.1818621 -0.3619572
vn -0.9238796 0.3826831 0
vn -0.9636258 0.1916772 -0.1862389
vn -0.9321959 0 -0.3619541
vn -0.9807853 0.1950905 0
vn -0.9825048 0 -0.1862372
vn -0.9142829 -0.1818621 -0.3619572
vn -1 0 0
vn -0.9636258 -0.1916772 -0.1862389
vn -0.8612348 -0.3567352 -0.3619596
vn -0.9807853 -0.1950905 0
vn -0.9077156 -0.3759881 -0.1862402
vn -0.7750935 -0.5178978 -0.3619558
vn -0.9238796 -0.3826831 0
vn -0.8169233 -0.5458495 -0.1862381
vn -0.8314695 -0.5555704 0
vn 0.7750935 0.5178978 -0.3619558
vn 0.9077156 0.3759881 -0.1862402
vn 0.8612348 0.3567352 -0.3619596
vn 0.8169233 0.5458495 -0.1862381
vn 0.6591637 0.6591594 -0.3619557
vn 0.6947366 0.6947348 -0.1862381
vn 0.8314695 0.5555704 0
vn 0.5179002 0.7750932 -0.3619528
vn 0.7071064 0.7071071 0
vn 0.5458505 0.8169231 -0.1862366
vn 0.3567361 0.861238 -0.361951
vn 0.55557 0.8314698 0
vn 0.3759882 0.9077165 -0.1862355
vn 0.1818624 0.9142853 -0.3619508
vn 0.3826833 0.9238796 0
vn 0.1916773 0.9636266 -0.1862355
vn -5.652817E-07 0.9321987 -0.3619469
vn 0.1950904 0.9807853 0
vn -2.900002E-07 0.9825056 -0.1862334
vn -0.1818619 0.9142854 -0.3619509
vn 0 1 0
vn -0.1916771 0.9636266 -0.1862356
vn -0.3567351 0.8612384 -0.3619511
vn -0.1950904 0.9807853 0
vn -0.3759876 0.9077168 -0.1862356
vn -0.3826833 0.9238796 0
vn 0.5179005 -0.775093 -0.3619528
vn 0.3759876 -0.9077168 -0.1862356
vn 0.3567351 -0.8612384 -0.3619511
vn 0.5458503 -0.8169231 -0.1862365
vn 0.3826833 -0.9238796 0
vn 0.6591638 -0.6591594 -0.3619557
vn 0.55557 -0.8314698 0
vn 0.6947366 -0.6947348 -0.1862381
vn 0.7750935 -0.5178978 -0.3619558
vn 0.7071064 -0.7071071 0
vn 0.8169233 -0.5458495 -0.1862382
vn 0.8612348 -0.3567352 -0.3619596
vn 0.8314695 -0.5555704 0
vn 0.9077156 -0.3759881 -0.1862402
vn 0.9142829 -0.1818621 -0.3619572
vn 0.9238796 -0.3826831 0
vn 0.9636258 -0.1916772 -0.1862389
vn 0.9321959 0 -0.3619541
vn 0.9807853 -0.1950905 0
vn 0.9825048 0 -0.1862372
vn 0.9142829 0.1818621 -0.3619572
vn 1 0 0
vn 0.9636258 0.1916772 -0.1862389
vn 0.8612348 0.3567352 -0.3619596
vn 0.9807853 0.1950905 0
vn 0.9077156 0.3759881 -0.1862402
vn 0.9238796 0.3826831 0
vn 0.8169233 0.5458495 -0.1862381
vn 0.8314695 0.5555704 0
vn -2.234284E-06 1 0
vn 0.3826814 0.9238803 0
vn -2.243964E-06 1 0
vn 0.3826818 0.9238802 0
vn 0.7071055 0.7071081 0
vn 0.7071055 0.7071081 0
vn 0.9238805 0.3826812 0
vn 0.9238805 0.3826812 0
vn 1 5.706603E-07 0
vn 1 5.706603E-07 0
vn 0.9238806 -0.3826807 0
vn 0.9238806 -0.3826807 0
vn -0.3826867 0.9238782 0
vn -2.234284E-06 1 0
vn -2.243964E-06 1 0
vn -0.3826864 0.9238783 0
vn -0.7071077 0.7071058 0
vn -0.7071077 0.7071058 0
vn -0.9238783 0.3826864 0
vn -0.9238783 0.3826864 0
vn -1 5.513172E-07 0
vn -1 5.513172E-07 0
vn 1 0 0
vn 0.9238803 -0.3826815 0
vn 0.9238803 -0.3826815 0
vn 1 0 0
vn 0.9238808 0.3826806 0
vn 0.9238808 0.3826806 0
vn 0.7071058 0.7071077 0
vn 0.7071058 0.7071077 0
vn 0.3826829 0.9238798 0
vn 0.3826822 0.92388 0
vn 0.9238803 -0.3826815 0
vn 0.7071051 -0.7071084 0
vn 0.9238803 -0.3826815 0
vn 0.7071051 -0.7071084 0
vn 0.3826826 -0.9238799 0
vn 0.3826826 -0.9238799 0
vn 1.412145E-06 -1 0
vn 1.412145E-06 -1 0
vn -0.382685 -0.9238789 0
vn -0.382685 -0.9238789 0
vn 0.9238806 -0.3826807 0
vn 0.7071055 -0.7071081 0
vn 0.9238806 -0.3826807 0
vn 0.7071055 -0.7071081 0
vn 0.3826802 -0.9238808 0
vn 0.3826802 -0.9238808 0
vn 0 -1 0
vn 0 -1 0
vn -0.3826831 -0.9238796 0
vn -0.3826831 -0.9238796 0
vn -0.3826831 -0.9238796 0
vn -0.7071077 -0.7071058 0
vn -0.3826831 -0.9238796 0
vn -0.7071077 -0.7071058 0
vn -0.9238785 -0.3826858 0
vn -0.9238785 -0.3826858 0
vn -1 5.513172E-07 0
vn -1 5.513172E-07 0
vn -0.382685 -0.9238789 0
vn -0.7071059 -0.7071077 0
vn -0.382685 -0.9238789 0
vn -0.7071059 -0.7071077 0
vn -0.9238792 -0.3826843 0
vn -0.9238792 -0.3826843 0
vn -1 0 0
vn -1 0 0
vn -1 0 0
vn -0.9238795 0.3826833 0
vn -1 0 0
vn -0.9238795 0.3826833 0
vn -0.7071065 0.707107 0
vn -0.7071065 0.707107 0
vn -0.3826846 0.923879 0
vn -0.3826852 0.9238788 0
vn 1.412151E-06 1 0
vn 1.412141E-06 1 0
vn 0.3826822 0.92388 0
vn 0.3826829 0.9238798 0
vn 1 5.609895E-07 0
vn 0.9238803 -0.3826814 0
vn 0.9238803 -0.3826814 0
vn 1 5.609895E-07 0
vn 0.9238801 0.3826819 0
vn 0.9238801 0.3826819 0
vn 0.7071089 0.7071046 0
vn 0.7071089 0.7071046 0
vn 0.3826824 0.92388 0
vn 0.3826818 0.9238802 0
vn -2.234268E-06 1 0
vn -2.234284E-06 1 0
vn 0.9238803 -0.3826814 0
vn 0.7071089 -0.7071046 0
vn 0.9238803 -0.3826814 0
vn 0.7071089 -0.7071046 0
vn 0.3826792 -0.9238812 0
vn 0.3826792 -0.9238812 0
vn -2.253626E-06 -1 0
vn -2.253626E-06 -1 0
vn -0.3826841 -0.9238793 0
vn -0.3826841 -0.9238793 0
vn -0.3826841 -0.9238793 0
vn -0.7071043 -0.7071092 0
vn -0.3826841 -0.9238793 0
vn -0.7071043 -0.7071092 0
vn -0.9238788 -0.382685 0
vn -0.9238788 -0.382685 0
vn -1 5.706603E-07 0
vn -1 5.706603E-07 0
vn -1 5.706603E-07 0
vn -0.9238787 0.3826856 0
vn -1 5.706603E-07 0
vn -0.9238787 0.3826856 0
vn -0.7071043 0.7071092 0
vn -0.7071043 0.7071092 0
vn -0.3826867 0.9238782 0
vn -0.3826874 0.9238779 0
vn -2.234284E-06 1 0
vn -2.234268E-06 1 0
vn -1.490709E-06 0 1
vn -1.490709E-06 0 1
vn -1.490709E-06 0 1
vn -1.490709E-06 0 1
vn -1.490709E-06 0 1
vn -1.490709E-06 0 1
vn -1.490709E-06 0 1
vn -1.490709E-06 0 1
vn -1.490709E-06 0 1
vn -1.490709E-06 0 1
vn -1.490709E-06 0 1
vn -1.490709E-06 0 1
vn -1.490709E-06 0 1
vn -1.490709E-06 0 1
vn -1.490709E-06 0 1
vn -1.490709E-06 0 1
vn 5.900058E-07 1 0
vn 5.900058E-07 1 0
vn -0.3826836 0.9238794 0
vn -0.3826836 0.9238794 0
vn -0.7071068 0.7071068 0
vn -0.7071068 0.7071068 0
vn -0.9238786 0.3826856 0
vn -0.9238786 0.3826856 0
vn -1 0 0
vn -1 0 0
vn 0.3826841 0.9238792 0
vn 5.900058E-07 1 0
vn 5.900058E-07 1 0
vn 0.3826841 0.9238792 0
vn 0.7071032 0.7071103 0
vn 0.7071032 0.7071103 0
vn 0.9238789 0.3826848 0
vn 0.9238789 0.3826848 0
vn 1 0 0
vn 1 0 0
vn 0.9238796 -0.3826833 0
vn 0.9238796 -0.3826833 0
vn 0.3826833 0.9238795 0
vn 0 1 0
vn 0 1 0
vn 0.3826833 0.9238795 0
vn 0.7071068 0.7071068 0
vn 0.7071068 0.7071068 0
vn 0.9238795 0.3826833 0
vn 0.9238795 0.3826833 0
vn 1 7.641054E-07 0
vn 1 7.641054E-07 0
vn 0.9238794 -0.3826837 0
vn 0.9238794 -0.3826837 0
vn 0 1 0
vn 0 1 0
vn -0.3826844 0.9238791 0
vn -0.3826844 0.9238791 0
vn -0.7071064 0.7071072 0
vn -0.7071064 0.7071072 0
vn -0.9238796 0.3826831 0
vn -0.9238796 0.3826831 0
vn -1 7.544326E-07 0
vn -1 7.544326E-07 0
vn 0.7071059 -0.7071076 0
vn 0.9238794 -0.3826837 0
vn 0.9238794 -0.3826837 0
vn 0.7071059 -0.7071076 0
vn 0.3826833 -0.9238795 0
vn 0.3826833 -0.9238795 0
vn 0 -1 0
vn 0 -1 0
vn -0.3826844 -0.9238791 0
vn -0.3826844 -0.9238791 0
vn -0.7071056 -0.7071079 0
vn -0.3826844 -0.9238791 0
vn -0.3826844 -0.9238791 0
vn -0.7071056 -0.7071079 0
vn -0.9238795 -0.3826834 0
vn -0.9238795 -0.3826834 0
vn -1 7.544326E-07 0
vn -1 7.544326E-07 0
vn -1 0 0
vn -1 0 0
vn -0.9238793 -0.3826841 0
vn -0.9238793 -0.3826841 0
vn -0.7071079 -0.7071056 0
vn -0.7071079 -0.7071056 0
vn -0.3826836 -0.9238794 0
vn -0.3826836 -0.9238794 0
vn 5.900058E-07 -1 0
vn 5.900058E-07 -1 0
vn 5.900058E-07 -1 0
vn 5.900058E-07 -1 0
vn 0.3826841 -0.9238792 0
vn 0.3826841 -0.9238792 0
vn 0.7071044 -0.7071091 0
vn 0.7071044 -0.7071091 0
vn 0.9238796 -0.3826833 0
vn 0.9238796 -0.3826833 0
vn 5.590157E-07 0 -1
vn 5.590157E-07 0 -1
vn 5.590157E-07 0 -1
vn 5.590157E-07 0 -1
vn 5.590157E-07 0 -1
vn 5.590157E-07 0 -1
vn 5.590157E-07 0 -1
vn 5.590157E-07 0 -1
vn 5.590157E-07 0 -1
vn 5.590157E-07 0 -1
vn 5.590157E-07 0 -1
vn 5.590157E-07 0 -1
vn 5.590157E-07 0 -1
vn 5.590157E-07 0 -1
vn 5.590157E-07 0 -1
vn 5.590157E-07 0 -1
vn 0 1 0
vn 0 1 0
vn 0.382683 0.9238797 0
vn 0.382683 0.9238797 0
vn 0.7071061 0.7071075 0
vn 0.7071061 0.7071075 0
vn 0.9238793 0.3826839 0
vn 0.9238793 0.3826839 0
vn 1 7.641054E-07 0
vn 1 7.641054E-07 0
vn 0.9238796 -0.3826832 0
vn 0.9238796 -0.3826832 0
vn -0.382685 0.9238789 0
vn 0 1 0
vn 0 1 0
vn -0.382685 0.9238789 0
vn -0.7071064 0.7071071 0
vn -0.7071064 0.7071071 0
vn -0.9238794 0.3826836 0
vn -0.9238794 0.3826836 0
vn -1 7.544326E-07 0
vn -1 7.544326E-07 0
vn 1 0 0
vn 0.9238787 -0.3826854 0
vn 0.9238787 -0.3826854 0
vn 1 0 0
vn 0.9238787 0.3826854 0
vn 0.9238787 0.3826854 0
vn 0.7071032 0.7071103 0
vn 0.7071032 0.7071103 0
vn 0.3826841 0.9238792 0
vn 0.3826841 0.9238792 0
vn 5.900058E-07 1 0
vn 5.900058E-07 1 0
vn -0.3826836 0.9238794 0
vn -0.3826836 0.9238794 0
vn -0.7071068 0.7071068 0
vn -0.7071068 0.7071068 0
vn -0.9238784 0.3826862 0
vn -0.9238784 0.3826862 0
vn -1 0 0
vn -1 0 0
vn 0.9238787 -0.3826854 0
vn 0.9238787 -0.3826854 0
vn 0.7071032 -0.7071103 0
vn 0.7071032 -0.7071103 0
vn 0.3826841 -0.9238792 0
vn 0.3826841 -0.9238792 0
vn 5.900058E-07 -1 0
vn 5.900058E-07 -1 0
vn 0.9238796 -0.3826832 0
vn 0.9238796 -0.3826832 0
vn 0.7071061 -0.7071075 0
vn 0.7071061 -0.7071075 0
vn 0.382683 -0.9238797 0
vn 0.382683 -0.9238797 0
vn 0 -1 0
vn 0 -1 0
vn -0.382685 -0.9238789 0
vn -0.382685 -0.9238789 0
vn -0.382685 -0.9238789 0
vn -0.382685 -0.9238789 0
vn -0.7071064 -0.7071071 0
vn -0.7071064 -0.7071071 0
vn -0.9238797 -0.3826829 0
vn -0.9238797 -0.3826829 0
vn -1 7.544326E-07 0
vn -1 7.544326E-07 0
vn -0.9238784 -0.3826862 0
vn -1 0 0
vn -1 0 0
vn -0.9238784 -0.3826862 0
vn -0.7071068 -0.7071068 0
vn -0.7071068 -0.7071068 0
vn -0.3826836 -0.9238794 0
vn -0.3826836 -0.9238794 0
vn 5.900058E-07 -1 0
vn 5.900058E-07 -1 0
vn -0.866026 0.499999 0
vn -0.6087647 0.7933508 0
vn -0.866026 0.499999 0
vn -0.6087644 0.793351 0
vn -0.2588211 0.9659253 0
vn -0.2588211 0.9659253 0
vn 0.1305381 0.9914433 0
vn 0.1305381 0.9914433 0
vn 0.4999998 0.8660256 0
vn 0.4999998 0.8660256 0
vn 0.7933486 0.6087676 0
vn 0.7933486 0.6087676 0
vn -0.9914455 0.1305208 0
vn -0.866026 0.499999 0
vn -0.866026 0.499999 0
vn -0.9914455 0.1305212 0
vn -0.9659262 -0.2588179 0
vn -0.9659262 -0.2588179 0
vn -0.7933562 -0.6087577 0
vn -0.7933562 -0.6087577 0
vn -0.5000032 -0.8660237 0
vn -0.5000032 -0.8660237 0
vn 0.500001 0.8660248 0
vn 0.793354 0.6087606 0
vn 0.793354 0.6087606 0
vn 0.500001 0.8660248 0
vn 0.1305263 0.9914449 0
vn 0.1305263 0.9914449 0
vn -0.258823 0.9659249 0
vn -0.258823 0.9659249 0
vn -0.6087638 0.7933515 0
vn -0.6087644 0.7933511 0
vn 0.793354 0.6087606 0
vn 0.9659263 0.2588173 0
vn 0.793354 0.6087606 0
vn 0.9659263 0.2588173 0
vn 0.9914448 -0.1305273 0
vn 0.9914448 -0.1305273 0
vn 0.8660258 -0.4999993 0
vn 0.8660258 -0.4999993 0
vn 0.6087603 -0.7933542 0
vn 0.6087603 -0.7933542 0
vn 0.7933486 0.6087676 0
vn 0.9659265 0.2588165 0
vn 0.7933486 0.6087676 0
vn 0.9659265 0.2588165 0
vn 0.9914442 -0.1305313 0
vn 0.9914442 -0.1305313 0
vn 0.8660268 -0.4999977 0
vn 0.8660268 -0.4999977 0
vn 0.6087595 -0.7933549 0
vn 0.6087595 -0.7933549 0
vn 0.6087595 -0.7933549 0
vn 0.2588182 -0.9659261 0
vn 0.6087595 -0.7933549 0
vn 0.2588182 -0.9659261 0
vn -0.1305208 -0.9914455 0
vn -0.1305208 -0.9914455 0
vn -0.5000032 -0.8660237 0
vn -0.5000032 -0.8660237 0
vn 0.6087603 -0.7933542 0
vn 0.2588177 -0.9659262 0
vn 0.6087603 -0.7933542 0
vn 0.2588177 -0.9659262 0
vn -0.1305262 -0.9914449 0
vn -0.1305262 -0.9914449 0
vn -0.500001 -0.8660248 0
vn -0.500001 -0.8660248 0
vn -0.500001 -0.8660248 0
vn -0.793353 -0.6087618 0
vn -0.500001 -0.8660248 0
vn -0.793353 -0.6087618 0
vn -0.9659253 -0.258821 0
vn -0.9659253 -0.258821 0
vn -0.9914449 0.1305261 0
vn -0.9914449 0.1305254 0
vn -0.8660251 0.5000005 0
vn -0.8660251 0.5000007 0
vn -0.6087644 0.7933511 0
vn -0.6087638 0.7933515 0
vn 0.4999998 0.8660255 0
vn 0.7933486 0.6087676 0
vn 0.7933486 0.6087676 0
vn 0.4999998 0.8660255 0
vn 0.1305381 0.9914432 0
vn 0.1305381 0.9914432 0
vn -0.2588211 0.9659253 0
vn -0.2588211 0.9659253 0
vn -0.6087639 0.7933515 0
vn -0.6087644 0.7933511 0
vn -0.866026 0.4999991 0
vn -0.866026 0.4999991 0
vn 0.7933486 0.6087676 0
vn 0.9659263 0.2588172 0
vn 0.7933486 0.6087676 0
vn 0.9659263 0.2588172 0
vn 0.9914442 -0.1305312 0
vn 0.9914442 -0.1305312 0
vn 0.8660264 -0.4999983 0
vn 0.8660264 -0.4999983 0
vn 0.6087596 -0.7933547 0
vn 0.6087596 -0.7933547 0
vn 0.6087596 -0.7933547 0
vn 0.2588185 -0.9659259 0
vn 0.6087596 -0.7933547 0
vn 0.2588185 -0.9659259 0
vn -0.1305209 -0.9914455 0
vn -0.1305209 -0.9914455 0
vn -0.5000035 -0.8660234 0
vn -0.5000035 -0.8660234 0
vn -0.5000035 -0.8660234 0
vn -0.7933561 -0.6087578 0
vn -0.5000035 -0.8660234 0
vn -0.7933561 -0.6087578 0
vn -0.9659259 -0.2588186 0
vn -0.9659259 -0.2588186 0
vn -0.9914455 0.1305208 0
vn -0.9914457 0.1305201 0
vn -0.866026 0.4999991 0
vn -0.866026 0.4999991 0
vn 5.590167E-07 0 1
vn 5.590167E-07 0 1
vn 5.590167E-07 0 1
vn 5.590167E-07 0 1
vn 5.590167E-07 0 1
vn 5.590167E-07 0 1
vn 5.590167E-07 0 1
vn 5.590167E-07 0 1
vn 5.590167E-07 0 1
vn 5.590167E-07 0 1
vn 5.590167E-07 0 1
vn 5.590167E-07 0 1
vn 5.590167E-07 0 1
vn 5.590167E-07 0 1
vn 5.590167E-07 0 1
vn 5.590167E-07 0 1
vn -0.866025 0.5000007 0
vn -0.866025 0.5000007 0
vn -0.9914446 0.1305276 0
vn -0.9914446 0.1305276 0
vn -0.9659252 -0.2588217 0
vn -0.9659252 -0.2588217 0
vn -0.7933558 -0.6087583 0
vn -0.7933558 -0.6087583 0
vn -0.5000036 -0.8660234 0
vn -0.5000036 -0.8660234 0
vn -0.6087621 0.7933527 0
vn -0.866025 0.5000007 0
vn -0.866025 0.5000007 0
vn -0.6087621 0.7933527 0
vn -0.2588215 0.9659252 0
vn -0.2588215 0.9659252 0
vn 0.1305248 0.9914449 0
vn 0.1305248 0.9914449 0
vn 0.4999976 0.8660269 0
vn 0.4999976 0.8660269 0
vn 0.793354 0.6087607 0
vn 0.793354 0.6087607 0
vn -0.6087628 0.7933523 0
vn -0.8660256 0.4999996 0
vn -0.8660256 0.4999996 0
vn -0.6087628 0.7933523 0
vn -0.2588211 0.9659253 0
vn -0.2588211 0.9659253 0
vn 0.1305285 0.9914445 0
vn 0.1305285 0.9914445 0
vn 0.4999991 0.866026 0
vn 0.4999991 0.866026 0
vn 0.7933521 0.608763 0
vn 0.7933521 0.608763 0
vn -0.8660256 0.4999996 0
vn -0.8660256 0.4999996 0
vn -0.9914449 0.1305252 0
vn -0.9914449 0.1305252 0
vn -0.9659257 -0.2588191 0
vn -0.9659257 -0.2588191 0
vn -0.7933544 -0.6087601 0
vn -0.7933544 -0.6087601 0
vn -0.5000002 -0.8660253 0
vn -0.5000002 -0.8660253 0
vn 0.9659263 0.2588173 0
vn 0.7933521 0.608763 0
vn 0.7933521 0.608763 0
vn 0.9659263 0.2588173 0
vn 0.9914448 -0.1305268 0
vn 0.9914448 -0.1305268 0
vn 0.8660255 -0.4999999 0
vn 0.8660255 -0.4999999 0
vn 0.6087593 -0.793355 0
vn 0.6087593 -0.793355 0
vn 0.2588186 -0.9659259 0
vn 0.6087593 -0.793355 0
vn 0.6087593 -0.793355 0
vn 0.2588186 -0.9659259 0
vn -0.130522 -0.9914454 0
vn -0.130522 -0.9914454 0
vn -0.5000002 -0.8660253 0
vn -0.5000002 -0.8660253 0
vn -0.5000036 -0.8660234 0
vn -0.5000036 -0.8660234 0
vn -0.1305251 -0.9914449 0
vn -0.1305251 -0.9914449 0
vn 0.258818 -0.9659261 0
vn 0.258818 -0.9659261 0
vn 0.6087611 -0.7933536 0
vn 0.6087611 -0.7933536 0
vn 0.8660253 -0.5000004 0
vn 0.8660253 -0.5000004 0
vn 0.8660253 -0.5000004 0
vn 0.8660253 -0.5000004 0
vn 0.9914449 -0.1305253 0
vn 0.9914449 -0.1305253 0
vn 0.9659269 0.2588151 0
vn 0.9659269 0.2588151 0
vn 0.793354 0.6087607 0
vn 0.793354 0.6087607 0
vn 3.726768E-07 0 -1
vn 3.726768E-07 0 -1
vn 3.726768E-07 0 -1
vn 3.726768E-07 0 -1
vn 3.726768E-07 0 -1
vn 3.726768E-07 0 -1
vn 3.726768E-07 0 -1
vn 3.726768E-07 0 -1
vn 3.726768E-07 0 -1
vn 3.726768E-07 0 -1
vn 3.726768E-07 0 -1
vn 3.726768E-07 0 -1
vn 3.726768E-07 0 -1
vn 3.726768E-07 0 -1
vn 3.726768E-07 0 -1
vn 3.726768E-07 0 -1
vn -0.9914446 0.1305276 0
vn -0.866025 0.5000007 0
vn -0.866025 0.5000007 0
vn -0.9914446 0.1305276 0
vn -0.9659249 -0.258823 0
vn -0.9659249 -0.258823 0
vn -0.793355 -0.6087593 0
vn -0.793355 -0.6087593 0
vn -0.5000036 -0.8660234 0
vn -0.5000036 -0.8660234 0
vn -0.866025 0.5000007 0
vn -0.866025 0.5000007 0
vn -0.6087621 0.7933527 0
vn -0.6087621 0.7933527 0
vn -0.2588215 0.9659252 0
vn -0.2588215 0.9659252 0
vn 0.1305256 0.9914449 0
vn 0.1305256 0.9914449 0
vn 0.4999982 0.8660264 0
vn 0.4999982 0.8660264 0
vn 0.793354 0.6087607 0
vn 0.793354 0.6087607 0
vn -0.8660253 0.5000002 0
vn -0.8660253 0.5000002 0
vn -0.6087608 0.7933539 0
vn -0.6087608 0.7933539 0
vn -0.2588198 0.9659256 0
vn -0.2588198 0.9659256 0
vn 0.1305287 0.9914445 0
vn 0.1305287 0.9914445 0
vn 0.5000005 0.8660251 0
vn 0.5000005 0.8660251 0
vn 0.793353 0.6087619 0
vn 0.793353 0.6087619 0
vn -0.9914451 0.1305247 0
vn -0.8660253 0.5000002 0
vn -0.8660253 0.5000002 0
vn -0.9914451 0.1305247 0
vn -0.9659258 -0.2588189 0
vn -0.9659258 -0.2588189 0
vn -0.7933543 -0.6087602 0
vn -0.7933543 -0.6087602 0
vn -0.5000002 -0.8660253 0
vn -0.5000002 -0.8660253 0
vn 0.793354 0.6087607 0
vn 0.793354 0.6087607 0
vn 0.9659269 0.2588151 0
vn 0.9659269 0.2588151 0
vn 0.9914449 -0.1305253 0
vn 0.9914449 -0.1305253 0
vn 0.8660253 -0.5000004 0
vn 0.8660253 -0.5000004 0
vn 0.793353 0.6087619 0
vn 0.793353 0.6087619 0
vn 0.9659262 0.2588176 0
vn 0.9659262 0.2588176 0
vn 0.9914449 -0.1305265 0
vn 0.9914449 -0.1305265 0
vn 0.8660251 -0.5000007 0
vn 0.8660251 -0.5000007 0
vn 0.6087582 -0.7933559 0
vn 0.6087582 -0.7933559 0
vn 0.6087582 -0.7933559 0
vn 0.6087582 -0.7933559 0
vn 0.2588183 -0.9659261 0
vn 0.2588183 -0.9659261 0
vn -0.1305223 -0.9914453 0
vn -0.1305223 -0.9914453 0
vn -0.5000002 -0.8660253 0
vn -0.5000002 -0.8660253 0
vn -0.1305251 -0.9914449 0
vn -0.5000036 -0.8660234 0
vn -0.5000036 -0.8660234 0
vn -0.1305251 -0.9914449 0
vn 0.258818 -0.9659261 0
vn 0.258818 -0.9659261 0
vn 0.6087611 -0.7933536 0
vn 0.6087611 -0.7933536 0
vn 0.8660253 -0.5000004 0
vn 0.8660253 -0.5000004 0
vn -0.8660258 -0.4999993 0
vn -0.9914445 -0.1305289 0
vn -0.8660258 -0.4999993 0
vn -0.9914445 -0.1305286 0
vn -0.965924 0.2588257 0
vn -0.965924 0.2588257 0
vn -0.7933462 0.6087708 0
vn -0.7933462 0.6087708 0
vn -0.500006 0.8660221 0
vn -0.500006 0.8660221 0
vn -0.1305341 0.9914438 0
vn -0.1305341 0.9914438 0
vn -0.6087534 -0.7933594 0
vn -0.8660258 -0.4999993 0
vn -0.8660258 -0.4999993 0
vn -0.6087537 -0.7933592 0
vn -0.2588152 -0.9659268 0
vn -0.2588152 -0.9659268 0
vn 0.1305205 -0.9914455 0
vn 0.1305205 -0.9914455 0
vn 0.5000045 -0.8660228 0
vn 0.5000045 -0.8660228 0
vn -0.4999985 0.8660263 0
vn -0.1305254 0.9914449 0
vn -0.1305254 0.9914449 0
vn -0.4999985 0.8660263 0
vn -0.7933525 0.6087624 0
vn -0.7933525 0.6087624 0
vn -0.9659256 0.2588198 0
vn -0.9659256 0.2588198 0
vn -0.9914449 -0.1305259 0
vn -0.9914449 -0.1305266 0
vn -0.1305254 0.9914449 0
vn 0.258824 0.9659245 0
vn -0.1305254 0.9914449 0
vn 0.258824 0.9659245 0
vn 0.6087622 0.7933528 0
vn 0.6087622 0.7933528 0
vn 0.8660228 0.5000045 0
vn 0.8660228 0.5000045 0
vn 0.9914453 0.1305225 0
vn 0.9914453 0.1305225 0
vn -0.1305341 0.9914438 0
vn 0.258822 0.965925 0
vn -0.1305341 0.9914438 0
vn 0.258822 0.965925 0
vn 0.6087651 0.7933506 0
vn 0.6087651 0.7933506 0
vn 0.8660264 0.4999984 0
vn 0.8660264 0.4999984 0
vn 0.9914453 0.130523 0
vn 0.9914453 0.130523 0
vn 0.9914453 0.130523 0
vn 0.9659256 -0.2588196 0
vn 0.9914453 0.130523 0
vn 0.9659256 -0.2588196 0
vn 0.7933578 -0.6087555 0
vn 0.7933578 -0.6087555 0
vn 0.5000045 -0.8660228 0
vn 0.5000045 -0.8660228 0
vn 0.9914453 0.1305225 0
vn 0.9659261 -0.2588183 0
vn 0.9914453 0.1305225 0
vn 0.9659261 -0.2588183 0
vn 0.7933545 -0.6087598 0
vn 0.7933545 -0.6087598 0
vn 0.4999974 -0.8660269 0
vn 0.4999974 -0.8660269 0
vn 0.4999974 -0.8660269 0
vn 0.1305288 -0.9914445 0
vn 0.4999974 -0.8660269 0
vn 0.1305288 -0.9914445 0
vn -0.2588125 -0.9659275 0
vn -0.2588125 -0.9659275 0
vn -0.6087617 -0.7933531 0
vn -0.6087611 -0.7933536 0
vn -0.8660275 -0.4999965 0
vn -0.8660274 -0.4999966 0
vn -0.9914449 -0.1305266 0
vn -0.9914449 -0.1305259 0
vn -0.5000042 0.8660229 0
vn -0.130536 0.9914436 0
vn -0.130536 0.9914436 0
vn -0.5000042 0.8660229 0
vn -0.7933471 0.6087697 0
vn -0.7933471 0.6087697 0
vn -0.965924 0.2588263 0
vn -0.965924 0.2588263 0
vn -0.9914446 -0.1305275 0
vn -0.9914446 -0.1305283 0
vn -0.8660253 -0.5000003 0
vn -0.8660253 -0.5000003 0
vn -0.130536 0.9914436 0
vn 0.2588221 0.965925 0
vn -0.130536 0.9914436 0
vn 0.2588221 0.965925 0
vn 0.6087651 0.7933506 0
vn 0.6087651 0.7933506 0
vn 0.8660264 0.4999984 0
vn 0.8660264 0.4999984 0
vn 0.9914453 0.130523 0
vn 0.9914453 0.130523 0
vn 0.9914453 0.130523 0
vn 0.9659256 -0.2588196 0
vn 0.9914453 0.130523 0
vn 0.9659256 -0.2588196 0
vn 0.7933578 -0.6087555 0
vn 0.7933578 -0.6087555 0
vn 0.5000045 -0.8660228 0
vn 0.5000045 -0.8660228 0
vn 0.5000045 -0.8660228 0
vn 0.1305205 -0.9914455 0
vn 0.5000045 -0.8660228 0
vn 0.1305205 -0.9914455 0
vn -0.2588152 -0.9659268 0
vn -0.2588152 -0.9659268 0
vn -0.6087568 -0.7933568 0
vn -0.6087562 -0.7933573 0
vn -0.8660253 -0.5000003 0
vn -0.8660253 -0.5000003 0
vn 0 0 1
vn 0 0 1
vn 0 0 1
vn 0 0 1
vn 0 0 1
vn 0 0 1
vn 0 0 1
vn 0 0 1
vn 0 0 1
vn 0 0 1
vn 0 0 1
vn 0 0 1
vn 0 0 1
vn 0 0 1
vn 0 0 1
vn 0 0 1
vn -0.8660274 -0.4999966 0
vn -0.8660274 -0.4999966 0
vn -0.6087638 -0.7933515 0
vn -0.6087638 -0.7933515 0
vn -0.2588138 -0.9659272 0
vn -0.2588138 -0.9659272 0
vn 0.1305232 -0.9914452 0
vn 0.1305232 -0.9914452 0
vn 0.4999998 -0.8660255 0
vn 0.4999998 -0.8660255 0
vn -0.9914443 -0.1305307 0
vn -0.8660274 -0.4999966 0
vn -0.8660274 -0.4999966 0
vn -0.9914443 -0.1305307 0
vn -0.965928 0.2588111 0
vn -0.965928 0.2588111 0
vn -0.7933532 0.6087616 0
vn -0.7933532 0.6087616 0
vn -0.5000001 0.8660253 0
vn -0.5000001 0.8660253 0
vn -0.1305251 0.9914449 0
vn -0.1305251 0.9914449 0
vn -0.9914445 -0.1305284 0
vn -0.8660263 -0.4999985 0
vn -0.8660263 -0.4999985 0
vn -0.9914445 -0.1305284 0
vn -0.9659261 0.2588182 0
vn -0.9659261 0.2588182 0
vn -0.7933521 0.6087629 0
vn -0.7933521 0.6087629 0
vn -0.5 0.8660254 0
vn -0.5 0.8660254 0
vn -0.1305274 0.9914448 0
vn -0.1305274 0.9914448 0
vn -0.8660263 -0.4999985 0
vn -0.8660263 -0.4999985 0
vn -0.6087596 -0.7933547 0
vn -0.6087596 -0.7933547 0
vn -0.2588169 -0.9659264 0
vn -0.2588169 -0.9659264 0
vn 0.1305268 -0.9914448 0
vn 0.1305268 -0.9914448 0
vn 0.4999994 -0.8660258 0
vn 0.4999994 -0.8660258 0
vn 0.2588206 0.9659254 0
vn -0.1305274 0.9914448 0
vn -0.1305274 0.9914448 0
vn 0.2588206 0.9659254 0
vn 0.6087638 0.7933515 0
vn 0.6087638 0.7933515 0
vn 0.8660255 0.4999999 0
vn 0.8660255 0.4999999 0
vn 0.9914449 0.1305265 0
vn 0.9914449 0.1305265 0
vn 0.9659268 -0.2588155 0
vn 0.9914449 0.1305265 0
vn 0.9914449 0.1305265 0
vn 0.9659268 -0.2588155 0
vn 0.7933539 -0.6087608 0
vn 0.7933539 -0.6087608 0
vn 0.4999994 -0.8660258 0
vn 0.4999994 -0.8660258 0
vn 0.4999998 -0.8660255 0
vn 0.4999998 -0.8660255 0
vn 0.793355 -0.6087592 0
vn 0.793355 -0.6087592 0
vn 0.9659243 -0.2588247 0
vn 0.9659243 -0.2588247 0
vn 0.9914449 0.1305256 0
vn 0.9914449 0.1305256 0
vn 0.8660226 0.5000047 0
vn 0.8660226 0.5000047 0
vn 0.8660226 0.5000047 0
vn 0.8660226 0.5000047 0
vn 0.608758 0.7933559 0
vn 0.608758 0.7933559 0
vn 0.2588242 0.9659244 0
vn 0.2588242 0.9659244 0
vn -0.1305251 0.9914449 0
vn -0.1305251 0.9914449 0
vn -5.590155E-07 0 -1
vn -5.590155E-07 0 -1
vn -5.590155E-07 0 -1
vn -5.590155E-07 0 -1
vn -5.590155E-07 0 -1
vn -5.590155E-07 0 -1
vn -5.590155E-07 0 -1
vn -5.590155E-07 0 -1
vn -5.590155E-07 0 -1
vn -5.590155E-07 0 -1
vn -5.590155E-07 0 -1
vn -5.590155E-07 0 -1
vn -5.590155E-07 0 -1
vn -5.590155E-07 0 -1
vn -5.590155E-07 0 -1
vn -5.590155E-07 0 -1
vn -0.6087638 -0.7933515 0
vn -0.8660278 -0.4999958 0
vn -0.8660278 -0.4999958 0
vn -0.6087638 -0.7933515 0
vn -0.2588141 -0.9659272 0
vn -0.2588141 -0.9659272 0
vn 0.1305237 -0.9914452 0
vn 0.1305237 -0.9914452 0
vn 0.5000004 -0.8660251 0
vn 0.5000004 -0.8660251 0
vn -0.8660278 -0.4999958 0
vn -0.8660278 -0.4999958 0
vn -0.9914444 -0.1305297 0
vn -0.9914444 -0.1305297 0
vn -0.965928 0.2588111 0
vn -0.965928 0.2588111 0
vn -0.7933532 0.6087616 0
vn -0.7933532 0.6087616 0
vn -0.5000001 0.8660253 0
vn -0.5000001 0.8660253 0
vn -0.1305251 0.9914449 0
vn -0.1305251 0.9914449 0
vn -0.8660251 -0.5000005 0
vn -0.8660251 -0.5000005 0
vn -0.9914446 -0.1305283 0
vn -0.9914446 -0.1305283 0
vn -0.9659266 0.258816 0
vn -0.9659266 0.258816 0
vn -0.7933525 0.6087624 0
vn -0.7933525 0.6087624 0
vn -0.4999985 0.8660263 0
vn -0.4999985 0.8660263 0
vn -0.1305266 0.9914448 0
vn -0.1305266 0.9914448 0
vn -0.6087579 -0.7933559 0
vn -0.8660251 -0.5000005 0
vn -0.8660251 -0.5000005 0
vn -0.6087579 -0.7933559 0
vn -0.2588178 -0.9659262 0
vn -0.2588178 -0.9659262 0
vn 0.1305262 -0.9914449 0
vn 0.1305262 -0.9914449 0
vn 0.499999 -0.866026 0
vn 0.499999 -0.866026 0
vn -0.1305251 0.9914449 0
vn -0.1305251 0.9914449 0
vn 0.2588242 0.9659244 0
vn 0.2588242 0.9659244 0
vn 0.6087596 0.7933547 0
vn 0.6087596 0.7933547 0
vn 0.8660241 0.5000021 0
vn 0.8660241 0.5000021 0
vn -0.1305266 0.9914448 0
vn -0.1305266 0.9914448 0
vn 0.2588215 0.9659252 0
vn 0.2588215 0.9659252 0
vn 0.6087644 0.7933511 0
vn 0.6087644 0.7933511 0
vn 0.8660248 0.5000011 0
vn 0.8660248 0.5000011 0
vn 0.9914446 0.1305283 0
vn 0.9914446 0.1305283 0
vn 0.9914446 0.1305283 0
vn 0.9914446 0.1305283 0
vn 0.9659267 -0.2588158 0
vn 0.9659267 -0.2588158 0
vn 0.7933534 -0.6087614 0
vn 0.7933534 -0.6087614 0
vn 0.499999 -0.866026 0
vn 0.499999 -0.866026 0
vn 0.7933559 -0.6087582 0
vn 0.5000004 -0.8660251 0
vn 0.5000004 -0.8660251 0
vn 0.7933559 -0.6087582 0
vn 0.9659246 -0.2588234 0
vn 0.9659246 -0.2588234 0
vn 0.9914451 0.1305247 0
vn 0.9914451 0.1305247 0
vn 0.8660241 0.5000021 0
vn 0.8660241 0.5000021 0
vn 2.234284E-06 -1 0
vn -0.3826814 -0.9238803 0
vn 2.243964E-06 -1 0
vn -0.3826818 -0.9238802 0
vn -0.7071055 -0.7071081 0
vn -0.7071055 -0.7071081 0
vn -0.9238805 -0.3826812 0
vn -0.9238805 -0.3826812 0
vn -1 -5.706603E-07 0
vn -1 -5.706603E-07 0
vn -0.9238806 0.3826807 0
vn -0.9238806 0.3826807 0
vn 0.3826867 -0.9238782 0
vn 2.234284E-06 -1 0
vn 2.243964E-06 -1 0
vn 0.3826864 -0.9238783 0
vn 0.7071077 -0.7071058 0
vn 0.7071077 -0.7071058 0
vn 0.9238783 -0.3826864 0
vn 0.9238783 -0.3826864 0
vn 1 -5.513172E-07 0
vn 1 -5.513172E-07 0
vn -1 0 0
vn -0.9238803 0.3826815 0
vn -0.9238803 0.3826815 0
vn -1 0 0
vn -0.9238808 -0.3826806 0
vn -0.9238808 -0.3826806 0
vn -0.7071058 -0.7071077 0
vn -0.7071058 -0.7071077 0
vn -0.3826829 -0.9238798 0
vn -0.3826822 -0.92388 0
vn -0.9238803 0.3826815 0
vn -0.7071051 0.7071084 0
vn -0.9238803 0.3826815 0
vn -0.7071051 0.7071084 0
vn -0.3826826 0.9238799 0
vn -0.3826826 0.9238799 0
vn -1.412145E-06 1 0
vn -1.412145E-06 1 0
vn 0.382685 0.9238789 0
vn 0.382685 0.9238789 0
vn -0.9238806 0.3826807 0
vn -0.7071055 0.7071081 0
vn -0.9238806 0.3826807 0
vn -0.7071055 0.7071081 0
vn -0.3826802 0.9238808 0
vn -0.3826802 0.9238808 0
vn 0 1 0
vn 0 1 0
vn 0.3826831 0.9238796 0
vn 0.3826831 0.9238796 0
vn 0.3826831 0.9238796 0
vn 0.7071077 0.7071058 0
vn 0.3826831 0.9238796 0
vn 0.7071077 0.7071058 0
vn 0.9238785 0.3826858 0
vn 0.9238785 0.3826858 0
vn 1 -5.513172E-07 0
vn 1 -5.513172E-07 0
vn 0.382685 0.9238789 0
vn 0.7071059 0.7071077 0
vn 0.382685 0.9238789 0
vn 0.7071059 0.7071077 0
vn 0.9238792 0.3826843 0
vn 0.9238792 0.3826843 0
vn 1 0 0
vn 1 0 0
vn 1 0 0
vn 0.9238795 -0.3826833 0
vn 1 0 0
vn 0.9238795 -0.3826833 0
vn 0.7071065 -0.707107 0
vn 0.7071065 -0.707107 0
vn 0.3826846 -0.923879 0
vn 0.3826852 -0.9238788 0
vn -1.412151E-06 -1 0
vn -1.412141E-06 -1 0
vn -0.3826822 -0.92388 0
vn -0.3826829 -0.9238798 0
vn -1 -5.609895E-07 0
vn -0.9238803 0.3826814 0
vn -0.9238803 0.3826814 0
vn -1 -5.609895E-07 0
vn -0.9238801 -0.3826819 0
vn -0.9238801 -0.3826819 0
vn -0.7071089 -0.7071046 0
vn -0.7071089 -0.7071046 0
vn -0.3826824 -0.92388 0
vn -0.3826818 -0.9238802 0
vn 2.234268E-06 -1 0
vn 2.234284E-06 -1 0
vn -0.9238803 0.3826814 0
vn -0.7071089 0.7071046 0
vn -0.9238803 0.3826814 0
vn -0.7071089 0.7071046 0
vn -0.3826792 0.9238812 0
vn -0.3826792 0.9238812 0
vn 2.253626E-06 1 0
vn 2.253626E-06 1 0
vn 0.3826841 0.9238793 0
vn 0.3826841 0.9238793 0
vn 0.3826841 0.9238793 0
vn 0.7071043 0.7071092 0
vn 0.3826841 0.9238793 0
vn 0.7071043 0.7071092 0
vn 0.9238788 0.382685 0
vn 0.9238788 0.382685 0
vn 1 -5.706603E-07 0
vn 1 -5.706603E-07 0
vn 1 -5.706603E-07 0
vn 0.9238787 -0.3826856 0
vn 1 -5.706603E-07 0
vn 0.9238787 -0.3826856 0
vn 0.7071043 -0.7071092 0
vn 0.7071043 -0.7071092 0
vn 0.3826867 -0.9238782 0
vn 0.3826874 -0.9238779 0
vn 2.234284E-06 -1 0
vn 2.234268E-06 -1 0
vn 1.49071E-06 0 1
vn 1.49071E-06 0 1
vn 1.49071E-06 0 1
vn 1.49071E-06 0 1
vn 1.49071E-06 0 1
vn 1.49071E-06 0 1
vn 1.49071E-06 0 1
vn 1.49071E-06 0 1
vn 1.49071E-06 0 1
vn 1.49071E-06 0 1
vn 1.49071E-06 0 1
vn 1.49071E-06 0 1
vn 1.49071E-06 0 1
vn 1.49071E-06 0 1
vn 1.49071E-06 0 1
vn 1.49071E-06 0 1
vn 5.900058E-07 -1 0
vn 5.900058E-07 -1 0
vn 0.3826841 -0.9238792 0
vn 0.3826841 -0.9238792 0
vn 0.7071068 -0.7071068 0
vn 0.7071068 -0.7071068 0
vn 0.9238786 -0.3826856 0
vn 0.9238786 -0.3826856 0
vn 1 0 0
vn 1 0 0
vn -0.3826836 -0.9238794 0
vn 5.900058E-07 -1 0
vn 5.900058E-07 -1 0
vn -0.3826836 -0.9238794 0
vn -0.707105 -0.7071086 0
vn -0.707105 -0.7071086 0
vn -0.9238788 -0.3826852 0
vn -0.9238788 -0.3826852 0
vn -1 0 0
vn -1 0 0
vn -0.9238794 0.3826837 0
vn -0.9238794 0.3826837 0
vn -0.3826824 -0.92388 0
vn 0 -1 0
vn 0 -1 0
vn -0.3826824 -0.92388 0
vn -0.7071059 -0.7071075 0
vn -0.7071059 -0.7071075 0
vn -0.9238795 -0.3826833 0
vn -0.9238795 -0.3826833 0
vn -1 -7.641054E-07 0
vn -1 -7.641054E-07 0
vn -0.9238794 0.3826837 0
vn -0.9238794 0.3826837 0
vn 0 -1 0
vn 0 -1 0
vn 0.3826854 -0.9238787 0
vn 0.3826854 -0.9238787 0
vn 0.7071061 -0.7071075 0
vn 0.7071061 -0.7071075 0
vn 0.9238798 -0.3826829 0
vn 0.9238798 -0.3826829 0
vn 1 -7.64104E-07 0
vn 1 -7.64104E-07 0
vn -0.7071052 0.7071083 0
vn -0.9238794 0.3826837 0
vn -0.9238794 0.3826837 0
vn -0.7071052 0.7071083 0
vn -0.3826824 0.92388 0
vn -0.3826824 0.92388 0
vn 0 1 0
vn 0 1 0
vn 0.3826854 0.9238787 0
vn 0.3826854 0.9238787 0
vn 0.7071052 0.7071083 0
vn 0.3826854 0.9238787 0
vn 0.3826854 0.9238787 0
vn 0.7071052 0.7071083 0
vn 0.9238796 0.3826831 0
vn 0.9238796 0.3826831 0
vn 1 -7.64104E-07 0
vn 1 -7.64104E-07 0
vn 1 0 0
vn 1 0 0
vn 0.9238793 0.3826841 0
vn 0.9238793 0.3826841 0
vn 0.7071079 0.7071056 0
vn 0.7071079 0.7071056 0
vn 0.3826841 0.9238792 0
vn 0.3826841 0.9238792 0
vn 5.900058E-07 1 0
vn 5.900058E-07 1 0
vn 5.900058E-07 1 0
vn 5.900058E-07 1 0
vn -0.3826836 0.9238794 0
vn -0.3826836 0.9238794 0
vn -0.7071061 0.7071074 0
vn -0.7071061 0.7071074 0
vn -0.9238794 0.3826837 0
vn -0.9238794 0.3826837 0
vn -5.590157E-07 0 -1
vn -5.590157E-07 0 -1
vn -5.590157E-07 0 -1
vn -5.590157E-07 0 -1
vn -5.590157E-07 0 -1
vn -5.590157E-07 0 -1
vn -5.590157E-07 0 -1
vn -5.590157E-07 0 -1
vn -5.590157E-07 0 -1
vn -5.590157E-07 0 -1
vn -5.590157E-07 0 -1
vn -5.590157E-07 0 -1
vn -5.590157E-07 0 -1
vn -5.590157E-07 0 -1
vn -5.590157E-07 0 -1
vn -5.590157E-07 0 -1
vn -3.868888E-07 -1 0
vn -3.868888E-07 -1 0
vn -0.382683 -0.9238797 0
vn -0.382683 -0.9238797 0
vn -0.7071072 -0.7071064 0
vn -0.7071072 -0.7071064 0
vn -0.9238792 -0.3826841 0
vn -0.9238792 -0.3826841 0
vn -1 -7.641058E-07 0
vn -1 -7.641058E-07 0
vn -0.9238795 0.3826834 0
vn -0.9238795 0.3826834 0
vn 0.3826846 -0.923879 0
vn -3.868888E-07 -1 0
vn -3.868888E-07 -1 0
vn 0.3826846 -0.923879 0
vn 0.7071064 -0.7071071 0
vn 0.7071064 -0.7071071 0
vn 0.9238794 -0.3826836 0
vn 0.9238794 -0.3826836 0
vn 1 -7.544326E-07 0
vn 1 -7.544326E-07 0
vn -1 0 0
vn -0.9238786 0.3826858 0
vn -0.9238786 0.3826858 0
vn -1 0 0
vn -0.9238786 -0.3826858 0
vn -0.9238786 -0.3826858 0
vn -0.707105 -0.7071086 0
vn -0.707105 -0.7071086 0
vn -0.3826836 -0.9238794 0
vn -0.3826836 -0.9238794 0
vn 5.900058E-07 -1 0
vn 5.900058E-07 -1 0
vn 0.3826841 -0.9238792 0
vn 0.3826841 -0.9238792 0
vn 0.7071068 -0.7071068 0
vn 0.7071068 -0.7071068 0
vn 0.9238784 -0.3826862 0
vn 0.9238784 -0.3826862 0
vn 1 0 0
vn 1 0 0
vn -0.9238786 0.3826858 0
vn -0.9238786 0.3826858 0
vn -0.707105 0.7071086 0
vn -0.707105 0.7071086 0
vn -0.3826836 0.9238794 0
vn -0.3826836 0.9238794 0
vn 5.900058E-07 1 0
vn 5.900058E-07 1 0
vn -0.9238795 0.3826834 0
vn -0.9238795 0.3826834 0
vn -0.7071072 0.7071064 0
vn -0.7071072 0.7071064 0
vn -0.382683 0.9238797 0
vn -0.382683 0.9238797 0
vn -3.868888E-07 1 0
vn -3.868888E-07 1 0
vn 0.3826846 0.923879 0
vn 0.3826846 0.923879 0
vn 0.3826846 0.923879 0
vn 0.3826846 0.923879 0
vn 0.7071064 0.7071071 0
vn 0.7071064 0.7071071 0
vn 0.9238797 0.3826829 0
vn 0.9238797 0.3826829 0
vn 1 -7.544326E-07 0
vn 1 -7.544326E-07 0
vn 0.9238784 0.3826862 0
vn 1 0 0
vn 1 0 0
vn 0.9238784 0.3826862 0
vn 0.7071068 0.7071068 0
vn 0.7071068 0.7071068 0
vn 0.3826841 0.9238792 0
vn 0.3826841 0.9238792 0
vn 5.900058E-07 1 0
vn 5.900058E-07 1 0
vn 0.866026 -0.499999 0
vn 0.6087607 -0.7933539 0
vn 0.866026 -0.499999 0
vn 0.6087604 -0.7933542 0
vn 0.2588162 -0.9659266 0
vn 0.2588162 -0.9659266 0
vn -0.1305328 -0.9914441 0
vn -0.1305328 -0.9914441 0
vn -0.4999987 -0.8660262 0
vn -0.4999987 -0.8660262 0
vn -0.7933512 -0.6087643 0
vn -0.7933512 -0.6087643 0
vn 0.9914455 -0.1305212 0
vn 0.866026 -0.499999 0
vn 0.866026 -0.499999 0
vn 0.9914454 -0.1305216 0
vn 0.9659254 0.2588206 0
vn 0.9659254 0.2588206 0
vn 0.7933546 0.6087598 0
vn 0.7933546 0.6087598 0
vn 0.4999988 0.866026 0
vn 0.4999988 0.866026 0
vn -0.500001 -0.8660248 0
vn -0.793354 -0.6087606 0
vn -0.793354 -0.6087606 0
vn -0.500001 -0.8660248 0
vn -0.1305263 -0.9914449 0
vn -0.1305263 -0.9914449 0
vn 0.2588199 -0.9659256 0
vn 0.2588199 -0.9659256 0
vn 0.6087593 -0.7933549 0
vn 0.6087599 -0.7933545 0
vn -0.793354 -0.6087606 0
vn -0.9659263 -0.2588175 0
vn -0.793354 -0.6087606 0
vn -0.9659263 -0.2588175 0
vn -0.9914448 0.1305266 0
vn -0.9914448 0.1305266 0
vn -0.8660259 0.4999992 0
vn -0.8660259 0.4999992 0
vn -0.6087602 0.7933542 0
vn -0.6087602 0.7933542 0
vn -0.7933512 -0.6087643 0
vn -0.9659262 -0.2588179 0
vn -0.7933512 -0.6087643 0
vn -0.9659262 -0.2588179 0
vn -0.9914445 0.1305287 0
vn -0.9914445 0.1305287 0
vn -0.8660253 0.5000001 0
vn -0.8660253 0.5000001 0
vn -0.6087607 0.7933539 0
vn -0.6087607 0.7933539 0
vn -0.6087607 0.7933539 0
vn -0.2588179 0.9659262 0
vn -0.6087607 0.7933539 0
vn -0.2588179 0.9659262 0
vn 0.1305212 0.9914455 0
vn 0.1305212 0.9914455 0
vn 0.4999988 0.866026 0
vn 0.4999988 0.866026 0
vn -0.6087602 0.7933542 0
vn -0.2588179 0.9659262 0
vn -0.6087602 0.7933542 0
vn -0.2588179 0.9659262 0
vn 0.1305262 0.9914449 0
vn 0.1305262 0.9914449 0
vn 0.499999 0.866026 0
vn 0.499999 0.866026 0
vn 0.499999 0.866026 0
vn 0.7933523 0.6087628 0
vn 0.499999 0.866026 0
vn 0.7933523 0.6087628 0
vn 0.9659257 0.2588195 0
vn 0.9659257 0.2588195 0
vn 0.9914449 -0.1305249 0
vn 0.9914451 -0.1305243 0
vn 0.8660246 -0.5000013 0
vn 0.8660246 -0.5000013 0
vn 0.6087599 -0.7933545 0
vn 0.6087593 -0.7933549 0
vn -0.499999 -0.866026 0
vn -0.7933508 -0.6087647 0
vn -0.7933508 -0.6087647 0
vn -0.499999 -0.866026 0
vn -0.130533 -0.9914439 0
vn -0.130533 -0.9914439 0
vn 0.2588162 -0.9659266 0
vn 0.2588162 -0.9659266 0
vn 0.6087598 -0.7933546 0
vn 0.6087604 -0.7933542 0
vn 0.866026 -0.4999991 0
vn 0.866026 -0.4999991 0
vn -0.7933508 -0.6087647 0
vn -0.9659262 -0.2588179 0
vn -0.7933508 -0.6087647 0
vn -0.9659262 -0.2588179 0
vn -0.9914444 0.1305294 0
vn -0.9914444 0.1305294 0
vn -0.8660254 0.5 0
vn -0.8660254 0.5 0
vn -0.6087608 0.7933539 0
vn -0.6087608 0.7933539 0
vn -0.6087608 0.7933539 0
vn -0.258818 0.9659261 0
vn -0.6087608 0.7933539 0
vn -0.258818 0.9659261 0
vn 0.1305209 0.9914455 0
vn 0.1305209 0.9914455 0
vn 0.4999987 0.8660262 0
vn 0.4999987 0.8660262 0
vn 0.4999987 0.8660262 0
vn 0.793355 0.6087593 0
vn 0.4999987 0.8660262 0
vn 0.793355 0.6087593 0
vn 0.9659254 0.2588207 0
vn 0.9659254 0.2588207 0
vn 0.9914455 -0.1305204 0
vn 0.9914457 -0.1305198 0
vn 0.866026 -0.4999991 0
vn 0.866026 -0.4999991 0
vn -1.49071E-06 0 1
vn -1.49071E-06 0 1
vn -1.49071E-06 0 1
vn -1.49071E-06 0 1
vn -1.49071E-06 0 1
vn -1.49071E-06 0 1
vn -1.49071E-06 0 1
vn -1.49071E-06 0 1
vn -1.49071E-06 0 1
vn -1.49071E-06 0 1
vn -1.49071E-06 0 1
vn -1.49071E-06 0 1
vn -1.49071E-06 0 1
vn -1.49071E-06 0 1
vn -1.49071E-06 0 1
vn -1.49071E-06 0 1
vn 0.8660256 -0.4999998 0
vn 0.8660256 -0.4999998 0
vn 0.9914446 -0.1305284 0
vn 0.9914446 -0.1305284 0
vn 0.9659257 0.2588193 0
vn 0.9659257 0.2588193 0
vn 0.7933546 0.6087598 0
vn 0.7933546 0.6087598 0
vn 0.4999997 0.8660256 0
vn 0.4999997 0.8660256 0
vn 0.6087617 -0.7933532 0
vn 0.8660256 -0.4999998 0
vn 0.8660256 -0.4999998 0
vn 0.6087617 -0.7933532 0
vn 0.2588189 -0.9659258 0
vn 0.2588189 -0.9659258 0
vn -0.130522 -0.9914454 0
vn -0.130522 -0.9914454 0
vn -0.499997 -0.8660271 0
vn -0.499997 -0.8660271 0
vn -0.7933537 -0.6087609 0
vn -0.7933537 -0.6087609 0
vn 0.6087617 -0.7933531 0
vn 0.8660263 -0.4999985 0
vn 0.8660263 -0.4999985 0
vn 0.6087617 -0.7933531 0
vn 0.2588211 -0.9659253 0
vn 0.2588211 -0.9659253 0
vn -0.1305231 -0.9914453 0
vn -0.1305231 -0.9914453 0
vn -0.4999991 -0.866026 0
vn -0.4999991 -0.866026 0
vn -0.793354 -0.6087605 0
vn -0.793354 -0.6087605 0
vn 0.8660263 -0.4999985 0
vn 0.8660263 -0.4999985 0
vn 0.9914449 -0.1305259 0
vn 0.9914449 -0.1305259 0
vn 0.9659259 0.2588184 0
vn 0.9659259 0.2588184 0
vn 0.7933515 0.6087638 0
vn 0.7933515 0.6087638 0
vn 0.500001 0.8660249 0
vn 0.500001 0.8660249 0
vn -0.9659263 -0.2588174 0
vn -0.793354 -0.6087605 0
vn -0.793354 -0.6087605 0
vn -0.9659263 -0.2588174 0
vn -0.9914449 0.1305266 0
vn -0.9914449 0.1305266 0
vn -0.8660255 0.4999999 0
vn -0.8660255 0.4999999 0
vn -0.6087614 0.7933533 0
vn -0.6087614 0.7933533 0
vn -0.2588212 0.9659253 0
vn -0.6087614 0.7933533 0
vn -0.6087614 0.7933533 0
vn -0.2588212 0.9659253 0
vn 0.1305275 0.9914446 0
vn 0.1305275 0.9914446 0
vn 0.500001 0.8660249 0
vn 0.500001 0.8660249 0
vn 0.4999997 0.8660256 0
vn 0.4999997 0.8660256 0
vn 0.1305251 0.9914449 0
vn 0.1305251 0.9914449 0
vn -0.258818 0.9659261 0
vn -0.258818 0.9659261 0
vn -0.6087609 0.7933538 0
vn -0.6087609 0.7933538 0
vn -0.8660253 0.5000003 0
vn -0.8660253 0.5000003 0
vn -0.8660253 0.5000003 0
vn -0.8660253 0.5000003 0
vn -0.9914449 0.1305251 0
vn -0.9914449 0.1305251 0
vn -0.9659263 -0.2588175 0
vn -0.9659263 -0.2588175 0
vn -0.7933537 -0.6087609 0
vn -0.7933537 -0.6087609 0
vn 0 0 -1
vn 0 0 -1
vn 0 0 -1
vn 0 0 -1
vn 0 0 -1
vn 0 0 -1
vn 0 0 -1
vn 0 0 -1
vn 0 0 -1
vn 0 0 -1
vn 0 0 -1
vn 0 0 -1
vn 0 0 -1
vn 0 0 -1
vn 0 0 -1
vn 0 0 -1
vn 0.8660253 -0.5000001 0
vn 0.8660253 -0.5000001 0
vn 0.6087604 -0.7933542 0
vn 0.6087604 -0.7933542 0
vn 0.2588207 -0.9659254 0
vn 0.2588207 -0.9659254 0
vn -0.1305233 -0.9914452 0
vn -0.1305233 -0.9914452 0
vn -0.4999994 -0.8660258 0
vn -0.4999994 -0.8660258 0
vn -0.793354 -0.6087606 0
vn -0.793354 -0.6087606 0
vn 0.9914449 -0.130526 0
vn 0.8660253 -0.5000001 0
vn 0.8660253 -0.5000001 0
vn 0.9914449 -0.130526 0
vn 0.9659259 0.2588187 0
vn 0.9659259 0.2588187 0
vn 0.7933525 0.6087625 0
vn 0.7933525 0.6087625 0
vn 0.5000026 0.866024 0
vn 0.5000026 0.866024 0
vn -0.499998 -0.8660266 0
vn -0.7933544 -0.6087601 0
vn -0.7933544 -0.6087601 0
vn -0.499998 -0.8660266 0
vn -0.130522 -0.9914454 0
vn -0.130522 -0.9914454 0
vn 0.2588189 -0.9659258 0
vn 0.2588189 -0.9659258 0
vn 0.6087617 -0.7933532 0
vn 0.6087617 -0.7933532 0
vn 0.866026 -0.4999989 0
vn 0.866026 -0.4999989 0
vn 0.9914448 -0.1305274 0
vn 0.9914448 -0.1305274 0
vn 0.9659257 0.2588193 0
vn 0.9659257 0.2588193 0
vn 0.7933546 0.6087598 0
vn 0.7933546 0.6087598 0
vn 0.4999997 0.8660256 0
vn 0.4999997 0.8660256 0
vn -0.7933544 -0.6087601 0
vn -0.7933544 -0.6087601 0
vn -0.9659263 -0.2588175 0
vn -0.9659263 -0.2588175 0
vn -0.9914449 0.1305251 0
vn -0.9914449 0.1305251 0
vn -0.8660253 0.5000003 0
vn -0.8660253 0.5000003 0
vn -0.793354 -0.6087606 0
vn -0.793354 -0.6087606 0
vn -0.9659262 -0.2588176 0
vn -0.9659262 -0.2588176 0
vn -0.9914449 0.1305263 0
vn -0.9914449 0.1305263 0
vn -0.8660251 0.5000007 0
vn -0.8660251 0.5000007 0
vn -0.6087602 0.7933542 0
vn -0.6087602 0.7933542 0
vn -0.6087602 0.7933542 0
vn -0.6087602 0.7933542 0
vn -0.2588208 0.9659254 0
vn -0.2588208 0.9659254 0
vn 0.1305279 0.9914446 0
vn 0.1305279 0.9914446 0
vn 0.5000026 0.866024 0
vn 0.5000026 0.866024 0
vn 0.1305251 0.9914449 0
vn 0.4999997 0.8660256 0
vn 0.4999997 0.8660256 0
vn 0.1305251 0.9914449 0
vn -0.258818 0.9659261 0
vn -0.258818 0.9659261 0
vn -0.6087609 0.7933538 0
vn -0.6087609 0.7933538 0
vn -0.8660253 0.5000003 0
vn -0.8660253 0.5000003 0
vn 0.8660264 0.4999984 0
vn 0.9914445 0.1305292 0
vn 0.8660263 0.4999985 0
vn 0.9914445 0.1305289 0
vn 0.9659241 -0.258825 0
vn 0.9659241 -0.258825 0
vn 0.7933495 -0.6087664 0
vn 0.7933495 -0.6087664 0
vn 0.5000026 -0.8660239 0
vn 0.5000026 -0.8660239 0
vn 0.1305289 -0.9914445 0
vn 0.1305289 -0.9914445 0
vn 0.608757 0.7933568 0
vn 0.8660264 0.4999984 0
vn 0.8660263 0.4999985 0
vn 0.6087572 0.7933565 0
vn 0.2588149 0.9659269 0
vn 0.2588149 0.9659269 0
vn -0.1305233 0.9914452 0
vn -0.1305233 0.9914452 0
vn -0.5000026 0.8660239 0
vn -0.5000026 0.8660239 0
vn 0.5000011 -0.8660248 0
vn 0.1305253 -0.9914449 0
vn 0.1305253 -0.9914449 0
vn 0.5000011 -0.8660248 0
vn 0.7933524 -0.6087627 0
vn 0.7933524 -0.6087627 0
vn 0.9659252 -0.2588215 0
vn 0.9659252 -0.2588215 0
vn 0.9914449 0.1305251 0
vn 0.9914449 0.1305258 0
vn 0.1305253 -0.9914449 0
vn -0.2588226 -0.9659249 0
vn 0.1305253 -0.9914449 0
vn -0.2588226 -0.9659249 0
vn -0.6087605 -0.793354 0
vn -0.6087605 -0.793354 0
vn -0.8660231 -0.5000039 0
vn -0.8660231 -0.5000039 0
vn -0.9914453 -0.1305231 0
vn -0.9914453 -0.1305231 0
vn 0.1305289 -0.9914445 0
vn -0.2588168 -0.9659264 0
vn 0.1305289 -0.9914445 0
vn -0.2588168 -0.9659264 0
vn -0.6087631 -0.7933521 0
vn -0.6087631 -0.7933521 0
vn -0.8660264 -0.4999984 0
vn -0.8660264 -0.4999984 0
vn -0.9914453 -0.1305228 0
vn -0.9914453 -0.1305228 0
vn -0.9914453 -0.1305228 0
vn -0.9659259 0.2588186 0
vn -0.9914453 -0.1305228 0
vn -0.9659259 0.2588186 0
vn -0.7933573 0.6087562 0
vn -0.7933573 0.6087562 0
vn -0.5000026 0.8660239 0
vn -0.5000026 0.8660239 0
vn -0.9914453 -0.1305231 0
vn -0.9659258 0.258819 0
vn -0.9914453 -0.1305231 0
vn -0.9659258 0.258819 0
vn -0.7933549 0.6087594 0
vn -0.7933549 0.6087594 0
vn -0.5 0.8660254 0
vn -0.5 0.8660254 0
vn -0.5 0.8660254 0
vn -0.1305269 0.9914448 0
vn -0.5 0.8660254 0
vn -0.1305269 0.9914448 0
vn 0.2588159 0.9659267 0
vn 0.2588159 0.9659267 0
vn 0.6087608 0.7933539 0
vn 0.6087602 0.7933542 0
vn 0.8660271 0.499997 0
vn 0.8660271 0.499997 0
vn 0.9914449 0.1305258 0
vn 0.9914449 0.1305251 0
vn 0.500001 -0.8660249 0
vn 0.1305308 -0.9914443 0
vn 0.1305308 -0.9914443 0
vn 0.500001 -0.8660249 0
vn 0.7933472 -0.6087693 0
vn 0.7933472 -0.6087693 0
vn 0.9659241 -0.258825 0
vn 0.9659241 -0.258825 0
vn 0.9914446 0.1305282 0
vn 0.9914445 0.1305289 0
vn 0.8660263 0.4999985 0
vn 0.8660263 0.4999985 0
vn 0.1305308 -0.9914443 0
vn -0.2588168 -0.9659264 0
vn 0.1305308 -0.9914443 0
vn -0.2588168 -0.9659264 0
vn -0.6087631 -0.7933521 0
vn -0.6087631 -0.7933521 0
vn -0.8660264 -0.4999984 0
vn -0.8660264 -0.4999984 0
vn -0.9914453 -0.1305228 0
vn -0.9914453 -0.1305228 0
vn -0.9914453 -0.1305228 0
vn -0.9659259 0.2588186 0
vn -0.9914453 -0.1305228 0
vn -0.9659259 0.2588186 0
vn -0.7933574 0.6087561 0
vn -0.7933574 0.6087561 0
vn -0.5000027 0.8660239 0
vn -0.5000027 0.8660239 0
vn -0.5000027 0.8660239 0
vn -0.1305233 0.9914452 0
vn -0.5000027 0.8660239 0
vn -0.1305233 0.9914452 0
vn 0.2588149 0.9659269 0
vn 0.2588149 0.9659269 0
vn 0.6087569 0.7933568 0
vn 0.6087564 0.7933573 0
vn 0.8660263 0.4999985 0
vn 0.8660263 0.4999985 0
vn 3.72677E-07 0 1
vn 3.72677E-07 0 1
vn 3.72677E-07 0 1
vn 3.72677E-07 0 1
vn 3.72677E-07 0 1
vn 3.72677E-07 0 1
vn 3.72677E-07 0 1
vn 3.72677E-07 0 1
vn 3.72677E-07 0 1
vn 3.72677E-07 0 1
vn 3.72677E-07 0 1
vn 3.72677E-07 0 1
vn 3.72677E-07 0 1
vn 3.72677E-07 0 1
vn 3.72677E-07 0 1
vn 3.72677E-07 0 1
vn 0.8660264 0.4999984 0
vn 0.8660264 0.4999984 0
vn 0.6087617 0.7933532 0
vn 0.6087617 0.7933532 0
vn 0.2588206 0.9659254 0
vn 0.2588206 0.9659254 0
vn -0.1305247 0.9914451 0
vn -0.1305247 0.9914451 0
vn -0.5000001 0.8660253 0
vn -0.5000001 0.8660253 0
vn 0.9914445 0.1305287 0
vn 0.8660264 0.4999984 0
vn 0.8660264 0.4999984 0
vn 0.9914445 0.1305287 0
vn 0.9659273 -0.2588136 0
vn 0.9659273 -0.2588136 0
vn 0.7933544 -0.6087601 0
vn 0.7933544 -0.6087601 0
vn 0.4999979 -0.8660267 0
vn 0.4999979 -0.8660267 0
vn 0.1305218 -0.9914454 0
vn 0.1305218 -0.9914454 0
vn 0.9914448 0.1305269 0
vn 0.8660256 0.4999997 0
vn 0.8660256 0.4999997 0
vn 0.9914448 0.1305269 0
vn 0.9659265 -0.2588167 0
vn 0.9659265 -0.2588167 0
vn 0.7933523 -0.6087628 0
vn 0.7933523 -0.6087628 0
vn 0.4999995 -0.8660257 0
vn 0.4999995 -0.8660257 0
vn 0.130524 -0.9914451 0
vn 0.130524 -0.9914451 0
vn 0.8660256 0.4999997 0
vn 0.8660256 0.4999997 0
vn 0.6087604 0.7933542 0
vn 0.6087604 0.7933542 0
vn 0.2588204 0.9659255 0
vn 0.2588204 0.9659255 0
vn -0.1305277 0.9914446 0
vn -0.1305277 0.9914446 0
vn -0.5000001 0.8660253 0
vn -0.5000001 0.8660253 0
vn -0.2588213 -0.9659253 0
vn 0.130524 -0.9914451 0
vn 0.130524 -0.9914451 0
vn -0.2588213 -0.9659253 0
vn -0.6087618 -0.793353 0
vn -0.6087618 -0.793353 0
vn -0.8660254 -0.5 0
vn -0.8660254 -0.5 0
vn -0.9914446 -0.130528 0
vn -0.9914446 -0.130528 0
vn -0.9659262 0.2588178 0
vn -0.9914446 -0.130528 0
vn -0.9914446 -0.130528 0
vn -0.9659262 0.2588178 0
vn -0.7933521 0.6087631 0
vn -0.7933521 0.6087631 0
vn -0.5000001 0.8660253 0
vn -0.5000001 0.8660253 0
vn -0.5000001 0.8660253 0
vn -0.5000001 0.8660253 0
vn -0.7933542 0.6087604 0
vn -0.7933542 0.6087604 0
vn -0.9659249 0.2588222 0
vn -0.9659249 0.2588222 0
vn -0.9914451 -0.1305248 0
vn -0.9914451 -0.1305248 0
vn -0.8660237 -0.500003 0
vn -0.8660237 -0.500003 0
vn -0.8660237 -0.500003 0
vn -0.8660237 -0.500003 0
vn -0.6087601 -0.7933544 0
vn -0.6087601 -0.7933544 0
vn -0.2588193 -0.9659257 0
vn -0.2588193 -0.9659257 0
vn 0.1305218 -0.9914454 0
vn 0.1305218 -0.9914454 0
vn -1.49071E-06 0 -1
vn -1.49071E-06 0 -1
vn -1.49071E-06 0 -1
vn -1.49071E-06 0 -1
vn -1.49071E-06 0 -1
vn -1.49071E-06 0 -1
vn -1.49071E-06 0 -1
vn -1.49071E-06 0 -1
vn -1.49071E-06 0 -1
vn -1.49071E-06 0 -1
vn -1.49071E-06 0 -1
vn -1.49071E-06 0 -1
vn -1.49071E-06 0 -1
vn -1.49071E-06 0 -1
vn -1.49071E-06 0 -1
vn -1.49071E-06 0 -1
vn 0.8660247 0.5000011 0
vn 0.8660247 0.5000011 0
vn 0.9914448 0.1305271 0
vn 0.9914448 0.1305271 0
vn 0.9659267 -0.2588156 0
vn 0.9659267 -0.2588156 0
vn 0.7933531 -0.6087617 0
vn 0.7933531 -0.6087617 0
vn 0.5000001 -0.8660253 0
vn 0.5000001 -0.8660253 0
vn 0.1305245 -0.9914451 0
vn 0.1305245 -0.9914451 0
vn 0.6087598 0.7933547 0
vn 0.8660247 0.5000011 0
vn 0.8660247 0.5000011 0
vn 0.6087598 0.7933547 0
vn 0.2588213 0.9659253 0
vn 0.2588213 0.9659253 0
vn -0.130528 0.9914446 0
vn -0.130528 0.9914446 0
vn -0.5000007 0.8660251 0
vn -0.5000007 0.8660251 0
vn 0.4999979 -0.8660267 0
vn 0.1305218 -0.9914454 0
vn 0.1305218 -0.9914454 0
vn 0.4999979 -0.8660267 0
vn 0.7933544 -0.6087601 0
vn 0.7933544 -0.6087601 0
vn 0.9659273 -0.2588136 0
vn 0.9659273 -0.2588136 0
vn 0.9914446 0.1305278 0
vn 0.9914446 0.1305278 0
vn 0.8660278 0.4999957 0
vn 0.8660278 0.4999957 0
vn 0.6087633 0.793352 0
vn 0.6087633 0.793352 0
vn 0.2588206 0.9659254 0
vn 0.2588206 0.9659254 0
vn -0.1305254 0.9914449 0
vn -0.1305254 0.9914449 0
vn -0.5000016 0.8660244 0
vn -0.5000016 0.8660244 0
vn 0.1305218 -0.9914454 0
vn 0.1305218 -0.9914454 0
vn -0.2588193 -0.9659257 0
vn -0.2588193 -0.9659257 0
vn -0.6087601 -0.7933544 0
vn -0.6087601 -0.7933544 0
vn -0.8660242 -0.5000021 0
vn -0.8660242 -0.5000021 0
vn 0.1305245 -0.9914451 0
vn 0.1305245 -0.9914451 0
vn -0.2588212 -0.9659253 0
vn -0.2588212 -0.9659253 0
vn -0.6087617 -0.7933531 0
vn -0.6087617 -0.7933531 0
vn -0.8660247 -0.5000012 0
vn -0.8660247 -0.5000012 0
vn -0.9914446 -0.1305275 0
vn -0.9914446 -0.1305275 0
vn -0.9914446 -0.1305275 0
vn -0.9914446 -0.1305275 0
vn -0.9659259 0.2588186 0
vn -0.9659259 0.2588186 0
vn -0.7933528 0.6087621 0
vn -0.7933528 0.6087621 0
vn -0.5000007 0.8660251 0
vn -0.5000007 0.8660251 0
vn -0.7933549 0.6087595 0
vn -0.5000016 0.8660244 0
vn -0.5000016 0.8660244 0
vn -0.7933549 0.6087595 0
vn -0.9659249 0.2588222 0
vn -0.9659249 0.2588222 0
vn -0.9914452 -0.1305238 0
vn -0.9914452 -0.1305238 0
vn -0.8660242 -0.5000021 0
vn -0.8660242 -0.5000021 0
vn 1.276317E-07 -2.616238E-07 1
vn 3.609055E-07 -2.007295E-07 1
vn -1.141618E-06 -6.960439E-07 1
vn -5.927654E-07 -2.346031E-07 1
vn 0 1.152672E-07 1
vn 5.728497E-07 0 1
vn 0 0 1
vn 0 3.345048E-07 1
vn 1.192235E-07 0 1
vn 7.884839E-07 0 1
vn 0 0 1
vn 0 2.592777E-07 1
vn 1.425153E-07 0 1
vn 7.200907E-07 0 1
vn -1.036714E-07 0 1
vn 0 0 1
vn -1.327606E-07 0 1
vn 0 0 1
vn 4.082333E-07 1.411884E-07 1
vn 0 0 1
vn 0 0 1
vn 0 -1.312162E-07 1
vn 0 -1.481765E-07 1
vn -2.129293E-07 0 1
vn 3.41856E-07 2.35374E-07 1
vn 0 0 1
vn -2.535541E-07 0 1
vn 0 0 1
vn 0 0 1
vn 3.279327E-07 4.864031E-07 1
vn 1.374166E-07 1.094463E-07 1
vn 9.271811E-07 4.245534E-07 1
vn 0 0 1
vn 0 0 1
vn -2.291831E-07 0 1
vn 1.349571E-07 0 1
vn -2.378443E-07 0 1
vn -5.708095E-07 1.432868E-07 1
vn 0 -4.251606E-07 1
vn -2.145412E-07 0 1
vn 0 0 1
vn 1.686216E-07 0 1
vn -1.167022E-07 0 1
vn 1.527764E-07 0 1
vn 1.569052E-07 0 1
vn 1.00534E-07 0 1
vn 1.698654E-07 0 1
vn -2.756191E-07 0 1
vn -1.394583E-07 0 1
vn 0 0 1
vn 0 0 1
vn -1.991037E-07 0 1
vn 2.403387E-07 1.0262E-07 1
vn -2.016691E-07 0 1
vn 0 0 1
vn -2.803205E-07 0 1
vn -1.036555E-07 0 1
vn -1.677848E-07 0 1
vn 0 0 1
vn 6.30765E-07 2.920373E-07 1
vn 1.712426E-06 8.984152E-07 1
vn -1.914473E-07 -7.018417E-07 1
vn -2.513972E-07 -2.919733E-07 1
vn -1.512928E-07 -3.417388E-07 1
vn 0 0 1
vn 0 0 1
vn 1.943285E-07 0 1
vn 1.277167E-07 0 1
vn 1.69247E-07 0 1
vn 0 0 1
vn -1.218854E-07 0 1
vn 0 0 1
vn -2.293977E-07 0 1
vn 0 0 1
vn -4.28269E-07 0 1
vn 0 0 1
vn -1.478341E-07 0 1
vn 4.466098E-07 0 1
vn 4.006021E-07 0 1
vn 1.286074E-07 0 1
vn 1.14162E-06 0 1
vn 4.868416E-06 0 -1
vn 4.868205E-06 0 -1
vn 3.245799E-06 0 -1
vn 3.245432E-06 0 -1
vn 4.058602E-07 0 -1
vn 0 0 -1
vn 4.055553E-07 0 -1
vn 0 0 -1
vn -1.217047E-06 0 -1
vn 0 0 -1
vn -1.216937E-06 0 -1
vn 0 0 -1
vn -3.245168E-06 0 -1
vn 0 0 -1
vn -3.245306E-06 0 -1
vn 0 0 -1
vn -3.245229E-06 0 -1
vn 1.622936E-06 0 -1
vn -3.245215E-06 0 -1
vn 1.62287E-06 0 -1
vn 0 0 -1
vn 1.622807E-06 0 -1
vn 0 0 -1
vn 1.622965E-06 0 -1
vn 3.245427E-06 0 -1
vn -1.622888E-06 0 -1
vn 3.245154E-06 0 -1
vn -1.622695E-06 0 -1
vn 3.245164E-06 0 -1
vn -1.622661E-06 0 -1
vn 3.245509E-06 0 -1
vn -1.622877E-06 0 -1
vn -2.019777E-06 2.494733E-06 1
vn -1.009888E-06 3.54903E-06 1
vn -1.009871E-06 3.549023E-06 1
vn -2.01975E-06 2.494741E-06 1
vn -2.777143E-06 4.062981E-06 1
vn -2.019747E-06 1.060635E-06 1
vn -2.777135E-06 4.06298E-06 1
vn -2.019772E-06 1.060645E-06 1
vn 3.282134E-06 3.958406E-06 1
vn -2.019757E-06 -5.34909E-07 1
vn 3.28202E-06 3.95841E-06 1
vn -2.01976E-06 -5.349102E-07 1
vn 7.069054E-06 3.251184E-06 1
vn -6.059288E-06 -2.049041E-06 1
vn 7.06909E-06 3.25119E-06 1
vn -6.059297E-06 -2.049044E-06 1
vn 6.059191E-06 2.049007E-06 1
vn -5.049427E-06 -3.251229E-06 1
vn 6.059195E-06 2.049006E-06 1
vn -5.049407E-06 -3.251232E-06 1
vn 8.078914E-06 5.349056E-07 1
vn -1.262359E-06 -3.958444E-06 1
vn 8.078914E-06 5.349027E-07 1
vn -1.26235E-06 -3.958447E-06 1
vn 6.059182E-06 -1.060648E-06 1
vn 7.573906E-07 -4.062987E-06 1
vn 6.059163E-06 -1.060655E-06 1
vn 7.574047E-07 -4.062985E-06 1
vn 2.019736E-06 -2.494726E-06 1
vn 1.00987E-06 -3.548995E-06 1
vn 2.019707E-06 -2.494736E-06 1
vn 1.009856E-06 -3.548988E-06 1
vn 1.009871E-06 0 -1
vn 1.009888E-06 0 -1
vn 0 0 -1
vn 0 0 -1
vn 1.767276E-06 0 -1
vn 0 0 -1
vn 1.767274E-06 0 -1
vn 0 0 -1
vn -1.262311E-06 0 -1
vn 2.01976E-06 0 -1
vn -1.262357E-06 0 -1
vn 2.019757E-06 0 -1
vn 0 0 -1
vn 0 0 -1
vn 0 0 -1
vn 0 0 -1
vn 0 0 -1
vn 0 0 -1
vn 0 0 -1
vn 0 0 -1
vn 2.019733E-06 0 -1
vn 1.262332E-06 0 -1
vn 2.019711E-06 0 -1
vn 1.262366E-06 0 -1
vn 4.039429E-06 0 -1
vn -1.767277E-06 0 -1
vn 4.039466E-06 0 -1
vn -1.767274E-06 0 -1
vn 0 0 -1
vn -1.009856E-06 0 -1
vn 0 0 -1
vn -1.00987E-06 0 -1
vn 0 0 1
vn 0 0 1
vn -3.245799E-06 0 1
vn 0 0 1
vn -3.245432E-06 0 1
vn 0 0 1
vn -3.245358E-06 0 1
vn -3.245837E-06 0 1
vn -3.245779E-06 0 1
vn -3.24584E-06 0 1
vn -1.622765E-06 0 1
vn -3.245891E-06 0 1
vn -1.622591E-06 0 1
vn -3.245758E-06 0 1
vn -1.622583E-06 0 1
vn 8.113883E-07 0 1
vn -1.62273E-06 0 1
vn 8.114671E-07 0 1
vn 3.245306E-06 0 1
vn 2.43416E-06 0 1
vn 3.245168E-06 0 1
vn 2.434257E-06 0 1
vn 3.245215E-06 0 1
vn 1.622877E-06 0 1
vn 3.245229E-06 0 1
vn 1.622661E-06 0 1
vn 0 0 1
vn -3.245159E-06 0 1
vn 0 0 1
vn -3.245504E-06 0 1
vn -3.245148E-06 0 1
vn -3.245421E-06 0 1
vn -1.098943E-06 0 1
vn -6.868478E-07 0 1
vn -6.86868E-07 0 1
vn -1.098968E-06 0 1
vn 4.120978E-07 0 1
vn 0 0 1
vn 4.121279E-07 0 1
vn 0 0 1
vn -2.197944E-06 3.297833E-06 1
vn 1.098949E-06 0 1
vn -2.198001E-06 3.297876E-06 1
vn 1.098938E-06 0 1
vn -3.296982E-06 -8.557697E-07 1
vn 0 0 1
vn -3.296935E-06 -8.558754E-07 1
vn 0 0 1
vn 0 -4.153691E-06 1
vn 0 0 1
vn 0 -4.153685E-06 1
vn 0 0 1
vn 1.098993E-06 0 1
vn 1.098962E-06 0 1
vn 1.098981E-06 0 1
vn 1.098942E-06 0 1
vn 0 0 1
vn -4.121435E-07 0 1
vn 0 0 1
vn -4.120874E-07 0 1
vn 0 0 1
vn -4.120641E-07 0 1
vn 0 0 1
vn -4.121501E-07 0 1
vn -4.12114E-07 0 -1
vn -4.121209E-07 0 -1
vn -2.060589E-06 0 -1
vn -2.060553E-06 0 -1
vn 1.098988E-06 -1.648934E-06 -1
vn -1.648432E-06 0 -1
vn 1.098973E-06 -1.648913E-06 -1
vn -1.648469E-06 0 -1
vn -1.099024E-06 4.279414E-07 -1
vn -1.098966E-06 0 -1
vn -1.098977E-06 4.278885E-07 -1
vn -1.098936E-06 0 -1
vn -2.197984E-06 2.076843E-06 -1
vn -1.09894E-06 0 -1
vn -2.197987E-06 2.076846E-06 -1
vn -1.098951E-06 0 -1
vn 0 0 -1
vn 0 0 -1
vn 0 0 -1
vn 0 0 -1
vn -1.098968E-06 0 -1
vn 0 0 -1
vn -1.098986E-06 0 -1
vn 0 0 -1
vn -5.495149E-07 0 -1
vn 0 0 -1
vn -5.494661E-07 0 -1
vn 0 0 -1
vn 9.615914E-07 0 -1
vn 4.121053E-07 0 -1
vn 9.615868E-07 0 -1
vn 4.121142E-07 0 -1
vn -3.245784E-06 0 -1
vn -3.245353E-06 0 -1
vn -3.245801E-06 0 -1
vn -3.245429E-06 0 -1
vn 0 0 -1
vn 1.622831E-06 0 -1
vn 0 0 -1
vn 1.622974E-06 0 -1
vn 0 0 -1
vn 1.622956E-06 0 -1
vn 0 0 -1
vn 1.622879E-06 0 -1
vn -3.24513E-06 0 -1
vn 0 0 -1
vn -3.245303E-06 0 -1
vn 0 0 -1
vn -3.245202E-06 0 -1
vn 0 0 -1
vn -3.245207E-06 0 -1
vn 0 0 -1
vn -1.622651E-06 0 -1
vn 0 0 -1
vn -1.622575E-06 0 -1
vn 0 0 -1
vn -1.622556E-06 0 -1
vn -3.245767E-06 0 -1
vn -1.622695E-06 0 -1
vn -3.245385E-06 0 -1
vn 1.622782E-06 0 -1
vn -1.622486E-06 0 -1
vn 1.622598E-06 0 -1
vn -1.623127E-06 0 -1
vn 7.573993E-07 4.062998E-06 1
vn -1.009911E-06 3.549033E-06 1
vn -1.00986E-06 3.54904E-06 1
vn 7.574142E-07 4.062998E-06 1
vn 0 2.494739E-06 1
vn -1.262367E-06 3.958451E-06 1
vn 0 2.494746E-06 1
vn -1.262361E-06 3.958452E-06 1
vn 2.019737E-06 1.060649E-06 1
vn -3.02965E-06 3.251245E-06 1
vn 2.01976E-06 1.060658E-06 1
vn -3.029651E-06 3.251244E-06 1
vn 2.019761E-06 -5.349008E-07 1
vn -4.039531E-06 2.049043E-06 1
vn 2.019734E-06 -5.3489E-07 1
vn -4.039531E-06 2.049042E-06 1
vn 4.039478E-06 -2.049017E-06 1
vn -2.019784E-06 5.349203E-07 1
vn 4.039478E-06 -2.049017E-06 1
vn -2.019774E-06 5.349163E-07 1
vn 3.029604E-06 -3.251197E-06 1
vn -2.019747E-06 -1.060649E-06 1
vn 3.029599E-06 -3.2512E-06 1
vn -2.019771E-06 -1.060658E-06 1
vn 1.262341E-06 -3.958379E-06 1
vn -4.039478E-06 -2.494721E-06 1
vn 1.262331E-06 -3.958381E-06 1
vn -4.039478E-06 -2.494729E-06 1
vn 2.272186E-06 -4.062933E-06 1
vn 0 -3.548978E-06 1
vn 2.272208E-06 -4.062931E-06 1
vn 0 -3.548985E-06 1
vn 1.00993E-06 0 -1
vn 1.009846E-06 0 -1
vn 2.272249E-06 0 -1
vn 2.272204E-06 0 -1
vn -2.019759E-06 0 -1
vn 3.282154E-06 0 -1
vn -2.019738E-06 0 -1
vn 3.282187E-06 0 -1
vn 0 0 -1
vn 2.019832E-06 0 -1
vn 0 0 -1
vn 2.019837E-06 0 -1
vn 0 0 -1
vn -2.019751E-06 0 -1
vn 0 0 -1
vn -2.019754E-06 0 -1
vn 2.019719E-06 0 -1
vn 0 0 -1
vn 2.019721E-06 0 -1
vn 0 0 -1
vn -2.019787E-06 0 -1
vn 0 0 -1
vn -2.019753E-06 0 -1
vn 0 0 -1
vn -3.282058E-06 0 -1
vn -2.019746E-06 0 -1
vn -3.282117E-06 0 -1
vn -2.019721E-06 0 -1
vn 7.573918E-07 0 -1
vn -2.01971E-06 0 -1
vn 7.574013E-07 0 -1
vn -2.019743E-06 0 -1
vn 2.434369E-06 0 1
vn 2.434297E-06 0 1
vn -8.115378E-07 0 1
vn 4.868825E-06 0 1
vn -8.112587E-07 0 1
vn 4.868749E-06 0 1
vn 1.623053E-06 0 1
vn 3.245868E-06 0 1
vn 1.622408E-06 0 1
vn 3.245867E-06 0 1
vn 3.245281E-06 0 1
vn 0 0 1
vn 3.24564E-06 0 1
vn 0 0 1
vn -6.490788E-06 0 1
vn 3.245547E-06 0 1
vn -6.490262E-06 0 1
vn 3.245847E-06 0 1
vn -6.490296E-06 0 1
vn 0 0 1
vn -6.490642E-06 0 1
vn 0 0 1
vn 0 0 1
vn 0 0 1
vn 0 0 1
vn 0 0 1
vn 0 0 1
vn 5.679476E-06 0 1
vn 0 0 1
vn 5.679384E-06 0 1
vn 2.433874E-06 0 1
vn 2.434084E-06 0 1
vn 1.098975E-06 0 1
vn 2.197934E-06 0 1
vn 2.197866E-06 0 1
vn 1.098895E-06 0 1
vn 0 0 1
vn -4.121286E-07 0 1
vn 0 0 1
vn -4.120922E-07 0 1
vn 2.197937E-06 4.153596E-06 1
vn 6.868478E-07 0 1
vn 2.197968E-06 4.153655E-06 1
vn 6.868375E-07 0 1
vn -1.099019E-06 8.557151E-07 1
vn -1.098939E-06 0 1
vn -1.098989E-06 8.557552E-07 1
vn -1.098941E-06 0 1
vn -2.747479E-06 -3.297915E-06 1
vn -1.098936E-06 0 1
vn -2.747457E-06 -3.297896E-06 1
vn -1.098945E-06 0 1
vn 2.060598E-06 0 1
vn 0 0 1
vn 2.060593E-06 0 1
vn 0 0 1
vn 4.120778E-07 0 1
vn 0 0 1
vn 4.121204E-07 0 1
vn 0 0 1
vn -2.197957E-06 0 1
vn -1.098986E-06 0 1
vn -2.197957E-06 0 1
vn -1.09895E-06 0 1
vn 1.098966E-06 0 -1
vn 1.098985E-06 0 -1
vn 0 0 -1
vn 0 0 -1
vn 0 -2.076827E-06 -1
vn -5.494473E-07 0 -1
vn 0 -2.076798E-06 -1
vn -5.494873E-07 0 -1
vn 1.098984E-06 -4.278776E-07 -1
vn -1.373801E-07 0 -1
vn 1.09899E-06 -4.278576E-07 -1
vn -1.373549E-07 0 -1
vn 1.648486E-06 1.648948E-06 -1
vn -1.236312E-06 0 -1
vn 1.648489E-06 1.648958E-06 -1
vn -1.236314E-06 0 -1
vn 1.23636E-06 0 -1
vn 5.494722E-07 0 -1
vn 1.236361E-06 0 -1
vn 5.494687E-07 0 -1
vn 1.373737E-07 0 -1
vn 2.197879E-06 0 -1
vn 1.373536E-07 0 -1
vn 2.19788E-06 0 -1
vn -5.495008E-07 0 -1
vn 1.098955E-06 0 -1
vn -5.494865E-07 0 -1
vn 1.098929E-06 0 -1
vn 0 0 -1
vn 0 0 -1
vn 0 0 -1
vn 0 0 -1
vn 6.490559E-06 0 -1
vn 6.491393E-06 0 -1
vn 3.245488E-06 0 -1
vn 3.245868E-06 0 -1
vn 9.736432E-06 0 -1
vn 3.245863E-06 0 -1
vn 9.73607E-06 0 -1
vn 3.245577E-06 0 -1
vn 0 0 -1
vn 1.622869E-06 0 -1
vn 0 0 -1
vn 1.622947E-06 0 -1
vn -1.622768E-06 0 -1
vn 0 0 -1
vn -1.62252E-06 0 -1
vn 0 0 -1
vn 0 0 -1
vn -1.622868E-06 0 -1
vn 0 0 -1
vn -1.622947E-06 0 -1
vn -1.622561E-06 0 -1
vn 3.245864E-06 0 -1
vn -1.622642E-06 0 -1
vn 3.245551E-06 0 -1
vn -3.245449E-06 0 -1
vn 3.245483E-06 0 -1
vn -3.245171E-06 0 -1
vn 3.245851E-06 0 -1
vn -3.24517E-06 0 -1
vn 0 0 -1
vn -3.245543E-06 0 -1
vn 0 0 -1
vn 8.079058E-06 1.568268E-06 1
vn 4.039498E-06 0 1
vn 4.039549E-06 0 1
vn 8.079058E-06 1.56826E-06 1
vn 2.019751E-06 -1.568252E-06 1
vn 2.019744E-06 2.897809E-06 1
vn 2.019728E-06 -1.568244E-06 1
vn 2.019787E-06 2.897805E-06 1
vn 4.039474E-06 -2.897767E-06 1
vn -1.514827E-06 3.786143E-06 1
vn 4.039474E-06 -2.89776E-06 1
vn -1.514827E-06 3.786143E-06 1
vn 2.52466E-06 -3.786076E-06 1
vn 0 4.098079E-06 1
vn 2.524678E-06 -3.786072E-06 1
vn 0 4.098079E-06 1
vn 0 -4.097996E-06 1
vn 1.514803E-06 3.786114E-06 1
vn 0 -4.097997E-06 1
vn 1.514825E-06 3.786111E-06 1
vn -2.524654E-06 -3.786051E-06 1
vn -2.019756E-06 2.89778E-06 1
vn -2.524659E-06 -3.78605E-06 1
vn -2.019813E-06 2.897774E-06 1
vn -6.059191E-06 -2.897743E-06 1
vn -8.079031E-06 1.568264E-06 1
vn -6.059212E-06 -2.897738E-06 1
vn -8.079031E-06 1.568256E-06 1
vn -4.039497E-06 -1.568248E-06 1
vn -4.039522E-06 0 1
vn -4.039449E-06 -1.568239E-06 1
vn -4.039472E-06 0 1
vn 0 0 -1
vn 0 0 -1
vn 0 0 -1
vn 0 0 -1
vn 2.019728E-06 0 -1
vn -2.019761E-06 0 -1
vn 2.019751E-06 0 -1
vn -2.019775E-06 0 -1
vn -2.019705E-06 0 -1
vn -4.039539E-06 0 -1
vn -2.019778E-06 0 -1
vn -4.039539E-06 0 -1
vn -6.059214E-06 0 -1
vn 0 0 -1
vn -6.059191E-06 0 -1
vn 0 0 -1
vn 0 0 -1
vn 6.059276E-06 0 -1
vn 0 0 -1
vn 6.059259E-06 0 -1
vn 4.039441E-06 0 -1
vn 2.019706E-06 0 -1
vn 4.039441E-06 0 -1
vn 2.019763E-06 0 -1
vn 2.019719E-06 0 -1
vn -2.019751E-06 0 -1
vn 2.019739E-06 0 -1
vn -2.019772E-06 0 -1
vn 0 0 -1
vn 0 0 -1
vn 0 0 -1
vn 0 0 -1
vn 3.245577E-06 0 1
vn 3.245863E-06 0 1
vn 3.245488E-06 0 1
vn 0 0 1
vn 3.245868E-06 0 1
vn 0 0 1
vn 0 0 1
vn 0 0 1
vn 0 0 1
vn 0 0 1
vn 0 0 1
vn -3.245736E-06 0 1
vn 0 0 1
vn -3.245895E-06 0 1
vn 0 0 1
vn -3.245943E-06 0 1
vn 0 0 1
vn -3.24563E-06 0 1
vn 0 0 1
vn 6.490869E-06 0 1
vn 0 0 1
vn 6.491605E-06 0 1
vn 0 0 1
vn 1.298211E-05 0 1
vn 0 0 1
vn 1.298211E-05 0 1
vn 0 0 1
vn 6.491236E-06 0 1
vn 0 0 1
vn 6.49049E-06 0 1
vn 0 0 1
vn 0 0 1
vn 0 0 1
vn 0 0 1
vn 0 0 1
vn 0 0 1
vn 0 0 1
vn 0 0 1
vn 0 0 1
vn 0 0 1
vn 3.022177E-06 8.557557E-07 1
vn 0 0 1
vn 3.02222E-06 8.557682E-07 1
vn 0 0 1
vn 0 1.711523E-06 1
vn 2.747358E-07 0 1
vn 0 1.711523E-06 1
vn 2.747365E-07 0 1
vn -3.022191E-06 8.557597E-07 1
vn 0 0 1
vn -3.02219E-06 8.557596E-07 1
vn 0 0 1
vn -1.098993E-06 0 1
vn -2.747356E-07 0 1
vn -1.098985E-06 0 1
vn -2.747402E-07 0 1
vn -1.098976E-06 0 1
vn -1.098978E-06 0 1
vn -1.098997E-06 0 1
vn -1.098949E-06 0 1
vn 0 0 1
vn -1.098948E-06 0 1
vn 0 0 1
vn -1.098981E-06 0 1
vn 1.098998E-06 0 -1
vn 1.098976E-06 0 -1
vn 0 0 -1
vn 0 0 -1
vn -1.373744E-06 -4.278841E-07 -1
vn 0 0 -1
vn -1.373692E-06 -4.278779E-07 -1
vn 0 0 -1
vn -1.098992E-06 -8.557615E-07 -1
vn 0 0 -1
vn -1.098991E-06 -8.557615E-07 -1
vn 0 0 -1
vn 2.747395E-07 -4.278798E-07 -1
vn 1.098948E-06 0 -1
vn 2.747399E-07 -4.278799E-07 -1
vn 1.098934E-06 0 -1
vn -1.098986E-06 0 -1
vn 1.648411E-06 0 -1
vn -1.098978E-06 0 -1
vn 1.648413E-06 0 -1
vn 0 0 -1
vn 1.098947E-06 0 -1
vn 0 0 -1
vn 1.098947E-06 0 -1
vn 2.197889E-06 0 -1
vn -5.494526E-07 0 -1
vn 2.197954E-06 0 -1
vn -5.494807E-07 0 -1
vn 2.197949E-06 0 -1
vn -1.09896E-06 0 -1
vn 2.197884E-06 0 -1
vn -1.098931E-06 0 -1
vn 3.245738E-06 0 -1
vn 3.245336E-06 0 -1
vn 0 0 -1
vn 0 0 -1
vn 1.216944E-06 0 -1
vn -3.245845E-06 0 -1
vn 1.217073E-06 0 -1
vn -3.245587E-06 0 -1
vn 1.217054E-06 0 -1
vn -3.245745E-06 0 -1
vn 1.216932E-06 0 -1
vn -3.245902E-06 0 -1
vn 0 0 -1
vn -6.491705E-06 0 -1
vn 0 0 -1
vn -6.491705E-06 0 -1
vn 3.245194E-06 0 -1
vn -3.245787E-06 0 -1
vn 3.245201E-06 0 -1
vn -3.245918E-06 0 -1
vn 3.245124E-06 0 -1
vn -4.057354E-07 0 -1
vn 3.245284E-06 0 -1
vn -4.056937E-07 0 -1
vn -3.245403E-06 0 -1
vn -4.056861E-07 0 -1
vn -3.245163E-06 0 -1
vn -4.057335E-07 0 -1
vn -3.245136E-06 0 -1
vn 0 0 -1
vn -3.245525E-06 0 -1
vn 0 0 -1
vn 4.039515E-06 -2.494734E-06 1
vn 2.019737E-06 -3.549038E-06 1
vn 2.019769E-06 -3.549031E-06 1
vn 4.039515E-06 -2.494743E-06 1
vn -2.272207E-06 -4.062993E-06 1
vn 2.019757E-06 -1.060639E-06 1
vn -2.272192E-06 -4.062993E-06 1
vn 2.019766E-06 -1.060642E-06 1
vn -1.262292E-06 -3.95841E-06 1
vn 2.019758E-06 5.349095E-07 1
vn -1.262357E-06 -3.958414E-06 1
vn 2.019757E-06 5.349094E-07 1
vn -1.009876E-06 -3.251184E-06 1
vn 4.039531E-06 2.049041E-06 1
vn -1.009835E-06 -3.251191E-06 1
vn 4.039531E-06 2.049047E-06 1
vn -4.039465E-06 -2.049007E-06 1
vn 4.039531E-06 3.251219E-06 1
vn -4.039466E-06 -2.04901E-06 1
vn 4.039531E-06 3.251223E-06 1
vn -2.019741E-06 -5.349094E-07 1
vn 5.049656E-07 3.958437E-06 1
vn -2.019731E-06 -5.349051E-07 1
vn 5.04911E-07 3.958439E-06 1
vn -2.01972E-06 1.060649E-06 1
vn -1.514822E-06 4.062994E-06 1
vn -2.019746E-06 1.060659E-06 1
vn -1.514811E-06 4.062994E-06 1
vn -4.039476E-06 2.494729E-06 1
vn -2.019739E-06 3.548997E-06 1
vn -4.039476E-06 2.494743E-06 1
vn -2.019761E-06 3.548993E-06 1
vn -1.009875E-06 0 -1
vn -1.009891E-06 0 -1
vn 0 0 -1
vn 0 0 -1
vn -1.767281E-06 0 -1
vn 0 0 -1
vn -1.76728E-06 0 -1
vn 0 0 -1
vn 1.262317E-06 0 -1
vn -2.019757E-06 0 -1
vn 1.262372E-06 0 -1
vn -2.019758E-06 0 -1
vn 0 0 -1
vn 0 0 -1
vn 0 0 -1
vn 0 0 -1
vn 0 0 -1
vn 0 0 -1
vn 0 0 -1
vn 0 0 -1
vn -2.019692E-06 0 -1
vn -1.262325E-06 0 -1
vn -2.01966E-06 0 -1
vn -1.262367E-06 0 -1
vn -4.03938E-06 0 -1
vn 1.767283E-06 0 -1
vn -4.039432E-06 0 -1
vn 1.767282E-06 0 -1
vn 0 0 -1
vn 1.009861E-06 0 -1
vn 0 0 -1
vn 1.009872E-06 0 -1
vn 0 0 1
vn 0 0 1
vn 0 0 1
vn 0 0 1
vn 0 0 1
vn 0 0 1
vn -1.622858E-06 0 1
vn -3.245862E-06 0 1
vn -1.622657E-06 0 1
vn -3.245858E-06 0 1
vn -3.24541E-06 0 1
vn -3.245908E-06 0 1
vn -3.24541E-06 0 1
vn -3.245776E-06 0 1
vn -1.622576E-06 0 1
vn -4.056937E-07 0 1
vn -1.622738E-06 0 1
vn -4.057354E-07 0 1
vn 3.245277E-06 0 1
vn 1.216974E-06 0 1
vn 3.24514E-06 0 1
vn 1.217211E-06 0 1
vn 3.245187E-06 0 1
vn 1.622883E-06 0 1
vn 3.245194E-06 0 1
vn 1.622675E-06 0 1
vn -6.490272E-06 0 1
vn 0 0 1
vn -6.490593E-06 0 1
vn 0 0 1
vn -6.490735E-06 0 1
vn -6.490257E-06 0 1
vn -1.098974E-06 0 1
vn -1.236349E-06 0 1
vn -1.23632E-06 0 1
vn -1.098947E-06 0 1
vn 9.615919E-07 0 1
vn -1.098942E-06 0 1
vn 9.61613E-07 0 1
vn -1.098964E-06 0 1
vn 3.296937E-06 -3.297832E-06 1
vn -3.29683E-06 0 1
vn 3.296952E-06 -3.297879E-06 1
vn -3.296841E-06 0 1
vn 2.197988E-06 8.557772E-07 1
vn -2.197886E-06 0 1
vn 2.197967E-06 8.558509E-07 1
vn -2.197889E-06 0 1
vn 0 4.153701E-06 1
vn 1.098948E-06 0 1
vn 0 4.153676E-06 1
vn 1.098946E-06 0 1
vn 0 0 1
vn 1.098942E-06 0 1
vn 0 0 1
vn 1.098962E-06 0 1
vn 0 0 1
vn -1.37371E-06 0 1
vn 0 0 1
vn -1.373686E-06 0 1
vn 1.098983E-06 0 1
vn -2.746903E-07 0 1
vn 1.098945E-06 0 1
vn -2.747762E-07 0 1
vn 0 0 -1
vn 0 0 -1
vn 5.494899E-07 0 -1
vn 5.494733E-07 0 -1
vn -1.098993E-06 1.648943E-06 -1
vn -5.494971E-07 0 -1
vn -1.098978E-06 1.64892E-06 -1
vn -5.49458E-07 0 -1
vn -1.098986E-06 -4.279217E-07 -1
vn -1.09894E-06 0 -1
vn -1.098997E-06 -4.27885E-07 -1
vn -1.098961E-06 0 -1
vn 0 -2.076838E-06 -1
vn 0 0 -1
vn 0 -2.07685E-06 -1
vn 0 0 -1
vn -1.098988E-06 0 -1
vn 1.098931E-06 0 -1
vn -1.098991E-06 0 -1
vn 1.098932E-06 0 -1
vn 0 0 -1
vn 1.098936E-06 0 -1
vn 0 0 -1
vn 1.098934E-06 0 -1
vn 1.648465E-06 0 -1
vn 5.494711E-07 0 -1
vn 1.648446E-06 0 -1
vn 5.494811E-07 0 -1
vn 2.74757E-07 0 -1
vn 2.74745E-07 0 -1
vn 2.747284E-07 0 -1
vn 2.747307E-07 0 -1
vn 1.622896E-06 0 -1
vn 1.622691E-06 0 -1
vn 1.622918E-06 0 -1
vn 1.622724E-06 0 -1
vn -3.245189E-06 0 -1
vn 3.245651E-06 0 -1
vn -3.24554E-06 0 -1
vn 3.245924E-06 0 -1
vn -3.24549E-06 0 -1
vn 3.245884E-06 0 -1
vn -3.245158E-06 0 -1
vn 3.245738E-06 0 -1
vn 0 0 -1
vn 0 0 -1
vn 0 0 -1
vn 0 0 -1
vn -3.245219E-06 0 -1
vn 0 0 -1
vn -3.24521E-06 0 -1
vn 0 0 -1
vn -4.867811E-06 0 -1
vn 3.245843E-06 0 -1
vn -4.867886E-06 0 -1
vn 3.245508E-06 0 -1
vn 8.115097E-07 0 -1
vn 0 0 -1
vn 8.111679E-07 0 -1
vn 0 0 -1
vn 2.433867E-06 0 -1
vn -3.245359E-06 0 -1
vn 2.434154E-06 0 -1
vn -3.245773E-06 0 -1
vn -1.767271E-06 -4.06304E-06 1
vn 0 -3.549035E-06 1
vn 0 -3.54904E-06 1
vn -1.76731E-06 -4.063038E-06 1
vn 0 -2.494724E-06 1
vn 1.262366E-06 -3.958477E-06 1
vn 0 -2.49473E-06 1
vn 1.262364E-06 -3.958478E-06 1
vn -2.019717E-06 -1.060642E-06 1
vn 3.02966E-06 -3.25125E-06 1
vn -2.019737E-06 -1.06065E-06 1
vn 3.029666E-06 -3.251246E-06 1
vn -2.019738E-06 5.348909E-07 1
vn 4.039531E-06 -2.049049E-06 1
vn -2.019709E-06 5.348792E-07 1
vn 4.039531E-06 -2.049048E-06 1
vn -4.039445E-06 2.049005E-06 1
vn 2.019775E-06 -5.349191E-07 1
vn -4.039445E-06 2.049001E-06 1
vn 2.019751E-06 -5.349097E-07 1
vn -5.049312E-06 3.251176E-06 1
vn 2.019771E-06 1.060658E-06 1
vn -5.049313E-06 3.251177E-06 1
vn 2.019786E-06 1.060664E-06 1
vn -3.534548E-06 3.958414E-06 1
vn 4.039523E-06 2.494752E-06 1
vn -3.534523E-06 3.958416E-06 1
vn 4.039523E-06 2.494755E-06 1
vn 5.049213E-07 4.063E-06 1
vn 3.029624E-06 3.549013E-06 1
vn 5.049494E-07 4.062998E-06 1
vn 3.02961E-06 3.549019E-06 1
vn -2.019777E-06 0 -1
vn -2.019705E-06 0 -1
vn -3.282133E-06 0 -1
vn -3.282051E-06 0 -1
vn 2.01976E-06 0 -1
vn -3.282161E-06 0 -1
vn 2.01974E-06 0 -1
vn -3.282179E-06 0 -1
vn 0 0 -1
vn -2.019794E-06 0 -1
vn 0 0 -1
vn -2.019834E-06 0 -1
vn 0 0 -1
vn 2.019767E-06 0 -1
vn 0 0 -1
vn 2.019768E-06 0 -1
vn -2.019715E-06 0 -1
vn 0 0 -1
vn -2.019725E-06 0 -1
vn 0 0 -1
vn 2.019736E-06 0 -1
vn 0 0 -1
vn 2.019723E-06 0 -1
vn 0 0 -1
vn 3.282034E-06 0 -1
vn 2.019755E-06 0 -1
vn 3.282079E-06 0 -1
vn 2.019745E-06 0 -1
vn -1.767272E-06 0 -1
vn 1.009856E-06 0 -1
vn -1.767267E-06 0 -1
vn 1.0099E-06 0 -1
vn -8.114055E-07 0 1
vn -8.114739E-07 0 1
vn -4.057217E-06 0 1
vn -3.245893E-06 0 1
vn -4.056925E-06 0 1
vn -3.245746E-06 0 1
vn 3.24598E-06 0 1
vn -3.245826E-06 0 1
vn 3.244748E-06 0 1
vn -3.245825E-06 0 1
vn 1.298162E-05 0 1
vn -6.491482E-06 0 1
vn 1.298162E-05 0 1
vn -6.491771E-06 0 1
vn 6.490359E-06 0 1
vn -6.491905E-06 0 1
vn 6.491022E-06 0 1
vn -6.491234E-06 0 1
vn 0 0 1
vn 3.245438E-06 0 1
vn 0 0 1
vn 3.24579E-06 0 1
vn 3.245189E-06 0 1
vn 3.245773E-06 0 1
vn 3.245199E-06 0 1
vn 3.245359E-06 0 1
vn 3.245278E-06 0 1
vn -4.056497E-07 0 1
vn 3.245129E-06 0 1
vn -4.056976E-07 0 1
vn -4.056509E-07 0 1
vn -4.056851E-07 0 1
vn -2.197918E-06 0 1
vn -2.197918E-06 0 1
vn -2.197918E-06 0 1
vn -2.197918E-06 0 1
vn -1.098975E-06 0 1
vn -6.868665E-07 0 1
vn -1.098945E-06 0 1
vn -6.868378E-07 0 1
vn 0 -4.15363E-06 1
vn 4.12105E-07 0 1
vn 0 -4.153691E-06 1
vn 4.120989E-07 0 1
vn 2.197972E-06 -8.557803E-07 1
vn 1.098935E-06 0 1
vn 2.197977E-06 -8.557647E-07 1
vn 1.098945E-06 0 1
vn 2.74746E-06 3.297901E-06 1
vn 1.098935E-06 0 1
vn 2.747462E-06 3.297906E-06 1
vn 1.098945E-06 0 1
vn -9.616251E-07 0 1
vn 0 0 1
vn -9.616022E-07 0 1
vn 0 0 1
vn -4.120778E-07 0 1
vn 0 0 1
vn -4.121124E-07 0 1
vn 0 0 1
vn 2.197938E-06 0 1
vn 1.098969E-06 0 1
vn 2.197937E-06 0 1
vn 1.098931E-06 0 1
vn 1.098945E-06 0 -1
vn 1.098975E-06 0 -1
vn 1.098945E-06 0 -1
vn 1.098973E-06 0 -1
vn 2.197987E-06 2.076845E-06 -1
vn 5.494881E-07 0 -1
vn 2.197955E-06 2.076815E-06 -1
vn 5.494721E-07 0 -1
vn 1.098987E-06 4.278824E-07 -1
vn -9.615882E-07 0 -1
vn 1.098994E-06 4.278901E-07 -1
vn -9.615492E-07 0 -1
vn -1.098989E-06 -1.648953E-06 -1
vn -9.615451E-07 0 -1
vn -1.098987E-06 -1.648951E-06 -1
vn -9.615753E-07 0 -1
vn -6.868585E-07 0 -1
vn -5.494679E-07 0 -1
vn -6.868663E-07 0 -1
vn -5.494535E-07 0 -1
vn -1.373699E-07 0 -1
vn -2.197879E-06 0 -1
vn -1.373536E-07 0 -1
vn -2.197879E-06 0 -1
vn 5.494993E-07 0 -1
vn -1.098949E-06 0 -1
vn 5.494879E-07 0 -1
vn -1.098936E-06 0 -1
vn 0 0 -1
vn 0 0 -1
vn 0 0 -1
vn 0 0 -1
vn -6.490579E-06 0 -1
vn -6.491413E-06 0 -1
vn -3.245477E-06 0 -1
vn -3.245858E-06 0 -1
vn -9.736422E-06 0 -1
vn -3.245853E-06 0 -1
vn -9.73606E-06 0 -1
vn -3.245566E-06 0 -1
vn 0 0 -1
vn -1.62288E-06 0 -1
vn 0 0 -1
vn -1.622958E-06 0 -1
vn 1.622768E-06 0 -1
vn 0 0 -1
vn 1.62252E-06 0 -1
vn 0 0 -1
vn 0 0 -1
vn 1.622878E-06 0 -1
vn 0 0 -1
vn 1.622958E-06 0 -1
vn 1.622561E-06 0 -1
vn -3.245864E-06 0 -1
vn 1.622642E-06 0 -1
vn -3.245551E-06 0 -1
vn 3.245449E-06 0 -1
vn -3.245483E-06 0 -1
vn 3.245171E-06 0 -1
vn -3.245851E-06 0 -1
vn 3.24517E-06 0 -1
vn 0 0 -1
vn 3.245543E-06 0 -1
vn 0 0 -1
vn -8.079023E-06 -1.568278E-06 1
vn -4.039472E-06 0 1
vn -4.039523E-06 0 1
vn -8.079023E-06 -1.56827E-06 1
vn -2.019743E-06 1.568262E-06 1
vn -2.019727E-06 -2.897783E-06 1
vn -2.01972E-06 1.568254E-06 1
vn -2.019771E-06 -2.897778E-06 1
vn -4.039474E-06 2.897738E-06 1
vn 1.514835E-06 -3.786135E-06 1
vn -4.039474E-06 2.897731E-06 1
vn 1.514836E-06 -3.786135E-06 1
vn -2.524669E-06 3.786068E-06 1
vn 0 -4.098094E-06 1
vn -2.524686E-06 3.786064E-06 1
vn 0 -4.098095E-06 1
vn 0 4.098012E-06 1
vn -1.514811E-06 -3.786152E-06 1
vn 0 4.098012E-06 1
vn -1.514833E-06 -3.78615E-06 1
vn 2.524654E-06 3.786082E-06 1
vn 2.019731E-06 -2.897782E-06 1
vn 2.524659E-06 3.78608E-06 1
vn 2.019788E-06 -2.897777E-06 1
vn 6.059176E-06 2.897739E-06 1
vn 8.078991E-06 -1.568257E-06 1
vn 6.059196E-06 2.897733E-06 1
vn 8.078991E-06 -1.568249E-06 1
vn 4.039481E-06 1.568243E-06 1
vn 4.039498E-06 0 1
vn 4.039432E-06 1.568234E-06 1
vn 4.039447E-06 0 1
vn 0 0 -1
vn 0 0 -1
vn 0 0 -1
vn 0 0 -1
vn -2.019724E-06 0 -1
vn 2.019769E-06 0 -1
vn -2.019747E-06 0 -1
vn 2.019784E-06 0 -1
vn 2.019726E-06 0 -1
vn 4.039547E-06 0 -1
vn 2.019799E-06 0 -1
vn 4.039547E-06 0 -1
vn 6.059231E-06 0 -1
vn 0 0 -1
vn 6.059208E-06 0 -1
vn 0 0 -1
vn 0 0 -1
vn -6.059308E-06 0 -1
vn 0 0 -1
vn -6.059291E-06 0 -1
vn -4.039433E-06 0 -1
vn -2.019747E-06 0 -1
vn -4.039433E-06 0 -1
vn -2.019804E-06 0 -1
vn -2.019711E-06 0 -1
vn 2.019743E-06 0 -1
vn -2.019731E-06 0 -1
vn 2.019764E-06 0 -1
vn 0 0 -1
vn 0 0 -1
vn 0 0 -1
vn 0 0 -1
vn -3.245566E-06 0 1
vn -3.245853E-06 0 1
vn -3.245477E-06 0 1
vn 0 0 1
vn -3.245858E-06 0 1
vn 0 0 1
vn 0 0 1
vn 0 0 1
vn 0 0 1
vn 0 0 1
vn 0 0 1
vn 3.245736E-06 0 1
vn 0 0 1
vn 3.245895E-06 0 1
vn 0 0 1
vn 3.245943E-06 0 1
vn 0 0 1
vn 3.24563E-06 0 1
vn 0 0 1
vn -6.490847E-06 0 1
vn 0 0 1
vn -6.491584E-06 0 1
vn 0 0 1
vn -1.298211E-05 0 1
vn 0 0 1
vn -1.298211E-05 0 1
vn 0 0 1
vn -6.491257E-06 0 1
vn 0 0 1
vn -6.490511E-06 0 1
vn 0 0 1
vn 0 0 1
vn 0 0 1
vn 0 0 1
vn 0 0 1
vn 0 0 1
vn 0 0 1
vn 0 0 1
vn 0 0 1
vn 0 0 1
vn -3.022203E-06 -8.557968E-07 1
vn 0 0 1
vn -3.022247E-06 -8.558091E-07 1
vn 0 0 1
vn 0 -1.711542E-06 1
vn -2.747346E-07 0 1
vn 0 -1.711542E-06 1
vn -2.747353E-07 0 1
vn 3.02223E-06 -8.557374E-07 1
vn 0 0 1
vn 3.02223E-06 -8.557374E-07 1
vn 0 0 1
vn 1.098984E-06 0 1
vn 2.747331E-07 0 1
vn 1.098976E-06 0 1
vn 2.747378E-07 0 1
vn 1.098966E-06 0 1
vn 1.098968E-06 0 1
vn 1.098987E-06 0 1
vn 1.098939E-06 0 1
vn 0 0 1
vn 1.098939E-06 0 1
vn 0 0 1
vn 1.098971E-06 0 1
vn -1.098994E-06 0 -1
vn -1.098971E-06 0 -1
vn 0 0 -1
vn 0 0 -1
vn 1.37377E-06 4.279046E-07 -1
vn 0 0 -1
vn 1.373719E-06 4.278984E-07 -1
vn 0 0 -1
vn 1.098995E-06 8.557709E-07 -1
vn 0 0 -1
vn 1.098995E-06 8.55771E-07 -1
vn 0 0 -1
vn -2.747578E-07 4.278687E-07 -1
vn -1.098957E-06 0 -1
vn -2.747581E-07 4.278687E-07 -1
vn -1.098943E-06 0 -1
vn 1.098986E-06 0 -1
vn -1.648418E-06 0 -1
vn 1.098978E-06 0 -1
vn -1.64842E-06 0 -1
vn 0 0 -1
vn -1.09894E-06 0 -1
vn 0 0 -1
vn -1.09894E-06 0 -1
vn -2.197904E-06 0 -1
vn 5.494671E-07 0 -1
vn -2.197969E-06 0 -1
vn 5.494951E-07 0 -1
vn -2.197964E-06 0 -1
vn 1.098969E-06 0 -1
vn -2.197898E-06 0 -1
vn 1.098941E-06 0 -1
vn -0.09884114 0.4969027 0.8621589
vn -0.07083093 0.3560866 0.9317646
vn -0.1389392 0.335427 0.9317642
vn -0.1938839 0.468074 0.8621576
vn 0 0.5066395 0.8621579
vn -0.2017076 0.3018778 0.9317639
vn -0.2814747 0.421258 0.8621565
vn 0 0.3630638 0.9317643
vn 0.09884114 0.4969027 0.8621589
vn -0.2567251 0.2567258 0.9317639
vn -0.3582501 0.3582503 0.8621563
vn 0.07083087 0.3560866 0.9317646
vn 0.1938839 0.468074 0.8621576
vn -0.3018774 0.2017084 0.9317638
vn -0.421258 0.2814758 0.862156
vn 0.1389392 0.3354269 0.9317642
vn 0.2814747 0.421258 0.8621565
vn -0.3354286 0.1389388 0.9317638
vn -0.4680769 0.1938835 0.8621562
vn 0.2017076 0.3018778 0.9317638
vn 0.3582501 0.3582503 0.8621563
vn -0.3560901 0.07083046 0.9317633
vn -0.4969097 0.0988408 0.862155
vn 0.2567251 0.2567258 0.9317639
vn 0.4212587 0.2814761 0.8621556
vn -0.3630669 0 0.9317631
vn -0.5066458 0 0.8621543
vn 0.3018778 0.2017086 0.9317637
vn 0.4680773 0.1938843 0.8621557
vn -0.3560905 -0.0708308 0.9317632
vn -0.4969095 -0.09884127 0.8621551
vn 0.3354288 0.1389392 0.9317636
vn 0.4969108 0.09884124 0.8621544
vn -0.3354289 -0.1389393 0.9317636
vn -0.4680774 -0.1938842 0.8621557
vn 0.3560906 0.07083075 0.9317631
vn 0.5066471 0 0.8621535
vn -0.3018788 -0.2017086 0.9317633
vn -0.4212604 -0.2814761 0.8621548
vn 0.3630676 0 0.9317628
vn 0.4969095 -0.09884129 0.8621551
vn -0.2567263 -0.2567261 0.9317636
vn -0.3582524 -0.3582509 0.8621552
vn 0.3560905 -0.0708308 0.9317632
vn 0.4680775 -0.1938843 0.8621556
vn -0.2017079 -0.3018779 0.9317638
vn -0.2814756 -0.4212579 0.8621562
vn 0.3354289 -0.1389393 0.9317635
vn 0.4212588 -0.2814762 0.8621554
vn -0.1389402 -0.3354297 0.9317632
vn -0.193886 -0.4680784 0.8621548
vn 0.3018779 -0.2017086 0.9317636
vn 0.3582501 -0.3582503 0.8621563
vn -0.07083256 -0.3560928 0.9317622
vn -0.09884414 -0.4969137 0.8621523
vn 0.2567251 -0.2567258 0.9317639
vn 0.2814752 -0.4212572 0.8621566
vn 0 -0.3630704 0.9317617
vn 0 -0.5066513 0.8621511
vn 0.2017077 -0.3018776 0.9317639
vn 0.1938852 -0.4680786 0.862155
vn 0.07083218 -0.3560929 0.9317622
vn 0.0988433 -0.4969137 0.8621525
vn 0.1389398 -0.3354298 0.9317632
vn -0.01987883 -0.09993872 0.994795
vn 2.151693E-07 -0.101896 0.994795
vn 0.01987935 -0.09993874 0.994795
vn 0.03899403 -0.09414016 0.994795
vn 0.05661019 -0.08472369 0.994795
vn 0.07205072 -0.07205132 0.9947951
vn -0.03899368 -0.09414007 0.994795
vn 0.08472298 -0.05661042 0.9947951
vn -0.05661007 -0.08472352 0.994795
vn 0.09413979 -0.03899398 0.994795
vn -0.07205065 -0.07205123 0.9947951
vn 0.09993851 -0.01987899 0.994795
vn -0.08472303 -0.05661046 0.9947951
vn 0.1018961 0 0.994795
vn -0.09413983 -0.038994 0.994795
vn 0.09993793 0.01987897 0.994795
vn -0.09993849 -0.01987899 0.994795
vn 0.09413975 0.03899395 0.994795
vn -0.1018961 0 0.994795
vn 0.08472298 0.05661042 0.9947951
vn -0.09993796 0.01987898 0.994795
vn 0.07205072 0.07205132 0.9947951
vn -0.09413975 0.03899395 0.994795
vn 0.05661036 0.08472349 0.994795
vn -0.08472298 0.05661042 0.9947951
vn 0.03899383 0.09413977 0.994795
vn -0.07205072 0.07205132 0.9947951
vn 0.01987879 0.09993865 0.994795
vn -0.05661036 0.08472349 0.994795
vn -2.151693E-07 0.1018962 0.994795
vn -0.03899413 0.09413978 0.994795
vn -0.0198793 0.09993865 0.994795
vn 0.07351138 -0.04911823 0.9960841
vn 0.06251653 -0.06251603 0.996084
vn 0.04911763 -0.07351121 0.9960841
vn 0.03383354 -0.08168188 0.996084
vn 0.01724842 -0.08671191 0.9960841
vn 0 -0.0884098 0.9960842
vn 0.08168028 -0.03383334 0.9960841
vn -0.01724874 -0.08671191 0.9960841
vn 0.08671269 -0.01724822 0.996084
vn -0.03383388 -0.08168188 0.996084
vn 0.08841227 0 0.996084
vn -0.04911763 -0.07351121 0.9960841
vn 0.08671266 0.01724822 0.996084
vn -0.06251653 -0.06251603 0.996084
vn 0.08168025 0.03383334 0.9960841
vn -0.07351138 -0.04911823 0.9960841
vn 0.07351138 0.04911823 0.9960841
vn -0.08168025 -0.03383334 0.9960841
vn 0.06251653 0.06251603 0.996084
vn -0.08671266 -0.01724822 0.996084
vn 0.04911763 0.07351121 0.9960841
vn -0.08841227 0 0.996084
vn 0.03383388 0.08168188 0.996084
vn -0.08671269 0.01724822 0.996084
vn 0.01724874 0.08671191 0.9960841
vn -0.08168028 0.03383334 0.9960841
vn 0 0.0884098 0.9960842
vn -0.07351138 0.04911823 0.9960841
vn -0.01724842 0.08671191 0.9960841
vn -0.06251653 0.06251603 0.996084
vn -0.03383354 0.08168188 0.996084
vn -0.04911763 0.07351121 0.9960841
vn 0 0.3757393 0.9267254
vn -0.07330325 0.3685186 0.9267258
vn -0.1437893 0.3471377 0.9267254
vn -0.2087489 0.3124156 0.9267257
vn -0.2656859 0.2656862 0.9267264
vn -0.312414 0.2087489 0.9267262
vn 0.07330325 0.3685186 0.9267258
vn -0.3471379 0.1437892 0.9267253
vn 0.1437893 0.3471377 0.9267254
vn -0.3685206 0.07330306 0.926725
vn 0.2087489 0.3124155 0.9267257
vn -0.3757398 0 0.9267252
vn 0.2656859 0.2656862 0.9267264
vn -0.3685205 -0.07330304 0.926725
vn 0.312414 0.2087489 0.9267262
vn -0.3471379 -0.1437892 0.9267254
vn 0.3471379 0.1437892 0.9267254
vn -0.312414 -0.2087489 0.9267262
vn 0.3685205 0.07330304 0.926725
vn -0.2656859 -0.2656862 0.9267264
vn 0.3757398 0 0.9267252
vn -0.2087489 -0.3124155 0.9267257
vn 0.3685206 -0.07330306 0.926725
vn -0.1437893 -0.3471377 0.9267254
vn 0.3471379 -0.1437892 0.9267253
vn -0.07330325 -0.3685186 0.9267258
vn 0.312414 -0.2087489 0.9267262
vn 0 -0.3757393 0.9267254
vn 0.2656859 -0.2656862 0.9267264
vn 0.07330325 -0.3685186 0.9267258
vn 0.2087489 -0.3124156 0.9267257
vn 0.1437893 -0.3471377 0.9267254
vn 0.525932 -0.2178479 0.8221544
vn 0.4733201 -0.316265 0.8221585
vn 0.5583255 -0.1110576 0.822155
vn 0.402525 -0.4025266 0.8221593
vn 0.3162655 -0.4733237 0.8221563
vn 0.5692608 0 0.822157
vn 0.2178476 -0.5259287 0.8221566
vn 0.1110573 -0.5583233 0.8221565
vn 0.5583255 0.1110576 0.822155
vn -4.292762E-07 -0.5692648 0.8221543
vn 0.525932 0.2178479 0.8221544
vn -0.1110577 -0.5583233 0.8221565
vn 0.4733201 0.316265 0.8221585
vn -0.2178476 -0.5259287 0.8221566
vn 0.402525 0.4025266 0.8221593
vn -0.3162655 -0.4733237 0.8221563
vn 0.3162655 0.4733237 0.8221563
vn -0.402525 -0.4025266 0.8221593
vn 0.2178476 0.5259287 0.8221566
vn -0.4733201 -0.316265 0.8221585
vn 0.1110577 0.5583233 0.8221565
vn -0.525932 -0.2178479 0.8221544
vn 4.292762E-07 0.5692648 0.8221543
vn -0.5583255 -0.1110576 0.822155
vn -0.1110573 0.5583233 0.8221565
vn -0.5692608 0 0.822157
vn -0.2178476 0.5259287 0.8221566
vn -0.5583255 0.1110576 0.822155
vn -0.3162655 0.4733237 0.8221563
vn -0.525932 0.2178479 0.8221544
vn -0.402525 0.4025266 0.8221593
vn -0.4733201 0.316265 0.8221585
vt 0.5414534 0.755879
vt 0.5638217 0.506542
vt 0.5414534 0.5059921
vt 0.5638217 0.756429
vt 0.590124 0.5069741
vt 0.590124 0.7568611
vt 0.6193497 0.5072718
vt 0.6193497 0.7571587
vt 0.6503753 0.5074235
vt 0.6503753 0.7573105
vt 0.682009 0.5074235
vt 0.682009 0.7573105
vt 0.7130349 0.5072718
vt 0.7130349 0.7571587
vt 0.7422603 0.5069741
vt 0.7422603 0.7568611
vt 0.7685627 0.506542
vt 0.7685627 0.756429
vt 0.9730672 0.7856051
vt 0.9970441 0.785173
vt 0.9970441 0.5352861
vt 0.9730672 0.5357182
vt 0.9438415 0.7859029
vt 0.9438415 0.5360158
vt 0.9128157 0.7860546
vt 0.9128157 0.5361675
vt 0.8811822 0.7860546
vt 0.8811822 0.5361675
vt 0.8501565 0.7859029
vt 0.8501565 0.5360158
vt 0.8209308 0.7856051
vt 0.8209308 0.5357182
vt 0.7946285 0.7851732
vt 0.7946285 0.5352861
vt 0.7722602 0.7846231
vt 0.7722602 0.5347362
vt 0.9730671 0.5154474
vt 0.9993694 0.5150154
vt 0.9993694 0.2651284
vt 0.9730671 0.2655606
vt 0.9438414 0.5157452
vt 0.9438414 0.2658582
vt 0.9128157 0.5158969
vt 0.9128157 0.26601
vt 0.8811821 0.5158969
vt 0.8811821 0.26601
vt 0.8501563 0.5157452
vt 0.8501563 0.2658582
vt 0.8209307 0.5154474
vt 0.8209307 0.2655606
vt 0.7946284 0.5150154
vt 0.7946284 0.2651284
vt 0.77226 0.5144655
vt 0.77226 0.2645785
vt 0.5114537 0.9574332
vt 0.5377559 0.9570011
vt 0.5377559 0.707114
vt 0.5114537 0.7075461
vt 0.4822281 0.9577309
vt 0.4822281 0.7078438
vt 0.4512024 0.9578826
vt 0.4512024 0.7079955
vt 0.4195688 0.9578826
vt 0.4195688 0.7079955
vt 0.388543 0.9577309
vt 0.388543 0.7078438
vt 0.3593175 0.9574332
vt 0.3593175 0.7075461
vt 0.333015 0.9570011
vt 0.333015 0.707114
vt 0.3106468 0.9564512
vt 0.3106468 0.7065641
vt 0.4355866 0.02249575
vt 0.4649421 0.02567285
vt 0.4664471 0.02215758
vt 0.4346597 0.02600472
vt 0.4028252 0.02266824
vt 0.4025122 0.02617384
vt 0.3694218 0.02266824
vt 0.3697348 0.02617396
vt 0.3366604 0.02249575
vt 0.3375871 0.02600474
vt 0.3057998 0.02215758
vt 0.3073048 0.02567286
vt 0.5860352 0.2709343
vt 0.5901039 0.2696517
vt 0.5895449 0.2420977
vt 0.5854697 0.2430535
vt 0.5891296 0.2114809
vt 0.5850493 0.2120735
vt 0.5888737 0.1789777
vt 0.5847907 0.1791849
vt 0.5887874 0.1458373
vt 0.5847033 0.1456514
vt 0.5888737 0.1133332
vt 0.5847907 0.1127619
vt 0.5891296 0.08271467
vt 0.5850493 0.08178007
vt 0.5895449 0.05515829
vt 0.5854697 0.05389678
vt 0.5901039 0.03172281
vt 0.5860352 0.03018342
vt 0.5707095 0.02985577
vt 0.5701424 0.05363507
vt 0.5697209 0.08159592
vt 0.5694613 0.1126638
vt 0.5672774 0.08192912
vt 0.5676971 0.05408127
vt 0.567019 0.1128714
vt 0.5693737 0.1456448
vt 0.5669316 0.1457191
vt 0.5694613 0.1792714
vt 0.5656373 0.145842
vt 0.565724 0.1132287
vt 0.565724 0.1790937
vt 0.5670189 0.1792098
vt 0.5659806 0.2117061
vt 0.5672774 0.2120566
vt 0.5697209 0.2122515
vt 0.5676971 0.2429972
vt 0.5701424 0.2433176
vt 0.568262 0.2708424
vt 0.5707096 0.2712759
vt 0.5867245 0.2946444
vt 0.5689504 0.2945223
vt 0.5714006 0.2950519
vt 0.6140957 0.03863729
vt 0.6186572 0.0168105
vt 0.6146524 0.01529524
vt 0.6181071 0.03987896
vt 0.613682 0.066084
vt 0.6176983 0.06700395
vt 0.5990084 0.03837968
vt 0.6134272 0.09658064
vt 0.6174464 0.09714313
vt 0.5985933 0.0659027
vt 0.6133412 0.1289552
vt 0.6173613 0.1291382
vt 0.5961882 0.06623068
vt 0.5966014 0.03881891
vt 0.5959338 0.09668848
vt 0.5983381 0.09648409
vt 0.6134273 0.1619636
vt 0.6174464 0.1617596
vt 0.5982519 0.1289486
vt 0.5958477 0.1290218
vt 0.613682 0.1943373
vt 0.6176983 0.1937539
vt 0.5945738 0.1291428
vt 0.5946591 0.09704017
vt 0.5946591 0.1618738
vt 0.5959337 0.1619882
vt 0.5949118 0.1939756
vt 0.5961883 0.1943206
vt 0.5983381 0.1620488
vt 0.5985933 0.1945125
vt 0.5966014 0.2247767
vt 0.6140956 0.2248321
vt 0.6181071 0.2238913
vt 0.5990084 0.2250921
vt 0.5971575 0.2521859
vt 0.6146524 0.2522764
vt 0.6186572 0.2510138
vt 0.5995665 0.2526126
vt 0.5978349 0.2754951
vt 0.6002469 0.2760163
vt 0.7598974 0.2670383
vt 0.7350146 0.2875614
vt 0.7369797 0.289956
vt 0.7575029 0.2650732
vt 0.7779037 0.24009
vt 0.7751718 0.2386298
vt 0.7903066 0.2101466
vt 0.7873423 0.2092475
vt 0.7537227 0.2619711
vt 0.7708591 0.2363247
vt 0.7826629 0.2078279
vt 0.7319123 0.2837815
vt 0.7085711 0.3052303
vt 0.7886804 0.177576
vt 0.7935469 0.1780553
vt 0.7062659 0.3009178
vt 0.6791887 0.3174009
vt 0.7886803 0.1467313
vt 0.7935469 0.1462521
vt 0.6777691 0.3127216
vt 0.6479965 0.3236053
vt 0.782663 0.1164794
vt 0.7873425 0.1150599
vt 0.6475173 0.318739
vt 0.6161933 0.3236053
vt 0.7708594 0.08798256
vt 0.7751719 0.08567749
vt 0.6166727 0.318739
vt 0.5850011 0.3174008
vt 0.753723 0.06233624
vt 0.757503 0.05923403
vt 0.6773346 0.3112891
vt 0.6473704 0.3172493
vt 0.6168193 0.3172493
vt 0.7055603 0.2995978
vt 0.7309628 0.2826243
vt 0.7525657 0.2610213
vt 0.7695392 0.2356191
vt 0.7812303 0.2073932
vt 0.7871907 0.1774292
vt 0.7871907 0.1468781
vt 0.7812304 0.1169139
vt 0.7695392 0.08868827
vt 0.7293648 0.2806772
vt 0.7506185 0.2594235
vt 0.7673175 0.2344316
vt 0.77882 0.2066622
vt 0.7846839 0.1771824
vt 0.7846841 0.1471249
vt 0.77882 0.1176451
vt 0.7043729 0.2973762
vt 0.6766035 0.3088787
vt 0.6471236 0.3147426
vt 0.6170662 0.3147426
vt 0.7830585 0.1770222
vt 0.7830585 0.1472849
vt 0.777257 0.2061882
vt 0.7658769 0.2336616
vt 0.7493559 0.2583872
vt 0.7283286 0.2794146
vt 0.7036028 0.2959358
vt 0.6761293 0.3073157
vt 0.6469635 0.3131169
vt 0.6172263 0.313117
vt 0.7647959 0.2330838
vt 0.776084 0.2058323
vt 0.7484082 0.2576095
vt 0.7818385 0.1769022
vt 0.7275507 0.2784669
vt 0.703025 0.2948545
vt 0.6757735 0.3061425
vt 0.6468434 0.311897
vt 0.6173464 0.311897
vt 0.7818385 0.1474051
vt 0.5884163 0.3061423
vt 0.7772571 0.1181192
vt 0.7760839 0.1184751
vt 0.5880606 0.3073156
vt 0.5611648 0.2948544
vt 0.7673176 0.08987568
vt 0.7658771 0.09064559
vt 0.764796 0.09122358
vt 0.5875863 0.3088785
vt 0.5605869 0.2959358
vt 0.536639 0.2784668
vt 0.7525658 0.06328576
vt 0.7506187 0.06488377
vt 0.7493563 0.06591994
vt 0.7484084 0.06669769
vt 0.5868551 0.3112891
vt 0.559817 0.297376
vt 0.5358613 0.2794145
vt 0.5157816 0.2576093
vt 0.7283287 0.04489254
vt 0.7275509 0.04584024
vt 0.7293649 0.04362995
vt 0.5864207 0.3127213
vt 0.5586296 0.2995975
vt 0.534825 0.2806771
vt 0.5148339 0.258387
vt 0.499394 0.2330835
vt 0.5556189 0.3052301
vt 0.5841019 0.3203652
vt 0.5541584 0.3079621
vt 0.5579239 0.3009177
vt 0.5291753 0.2875613
vt 0.5272102 0.2899559
vt 0.5332271 0.2826241
vt 0.5135713 0.2594232
vt 0.4983128 0.2336615
vt 0.488106 0.205832
vt 0.5322776 0.2837813
vt 0.506687 0.2650731
vt 0.5042925 0.2670381
vt 0.5116242 0.2610211
vt 0.5104671 0.2619708
vt 0.489018 0.2386297
vt 0.4968721 0.2344314
vt 0.486933 0.2061877
vt 0.4823517 0.1769019
vt 0.4933307 0.2363244
vt 0.4768476 0.2092473
vt 0.494651 0.2356188
vt 0.4853699 0.206662
vt 0.4811314 0.1770221
vt 0.4823517 0.1474049
vt 0.4815271 0.2078278
vt 0.4706431 0.1780551
vt 0.4829593 0.2073932
vt 0.479506 0.1771822
vt 0.4811316 0.1472849
vt 0.4881061 0.1184749
vt 0.4755097 0.1775757
vt 0.4706431 0.1462519
vt 0.4769994 0.1774289
vt 0.4795061 0.1471248
vt 0.486933 0.118119
vt 0.4993941 0.0912232
vt 0.4755098 0.1467311
vt 0.4768477 0.1150596
vt 0.4769994 0.1468779
vt 0.4853699 0.1176449
vt 0.4983129 0.09064531
vt 0.5157817 0.06669741
vt 0.4829594 0.1169136
vt 0.4815272 0.1164792
vt 0.4968723 0.0898755
vt 0.514834 0.06591967
vt 0.5366392 0.04584016
vt 0.494651 0.088688
vt 0.4890182 0.08567722
vt 0.4738834 0.1141604
vt 0.4862863 0.08421697
vt 0.5135713 0.06488359
vt 0.5358614 0.04489255
vt 0.561165 0.0294525
vt 0.4933307 0.08798248
vt 0.5066873 0.05923404
vt 0.5042927 0.0572687
vt 0.5116244 0.06328577
vt 0.5348253 0.04362977
vt 0.560587 0.02837143
vt 0.5884168 0.01816458
vt 0.5104673 0.06233615
vt 0.5291755 0.03674553
vt 0.5272104 0.03435105
vt 0.5332274 0.04168277
vt 0.5322779 0.04052565
vt 0.5556189 0.01907675
vt 0.5598171 0.02693076
vt 0.5880607 0.01699141
vt 0.6173468 0.01241004
vt 0.5579241 0.02338919
vt 0.5850013 0.00690609
vt 0.5586298 0.02470948
vt 0.5875866 0.01542837
vt 0.6172266 0.01118997
vt 0.6468434 0.01241004
vt 0.5864208 0.01158558
vt 0.6161936 0.0007014851
vt 0.5868553 0.01301812
vt 0.6170664 0.009564441
vt 0.6469638 0.01119006
vt 0.6757736 0.01816467
vt 0.6166729 0.005568028
vt 0.6479968 0.0007016748
vt 0.6168194 0.007057798
vt 0.647124 0.009564439
vt 0.6761295 0.01699131
vt 0.7030252 0.02945268
vt 0.6475174 0.005568027
vt 0.6791888 0.006906086
vt 0.6473707 0.007057797
vt 0.6766037 0.01542846
vt 0.7036032 0.02837142
vt 0.7043732 0.02693094
vt 0.6773349 0.01301812
vt 0.6777694 0.01158576
vt 0.7055604 0.02470957
vt 0.7085713 0.01907674
vt 0.680088 0.003942023
vt 0.7100315 0.01634492
vt 0.7309627 0.04168295
vt 0.706266 0.02338947
vt 0.7350145 0.036746
vt 0.7369798 0.03435123
vt 0.7319124 0.04052584
vt 0.7598976 0.05726879
vt 0.2071594 0.6171516
vt 0.2056564 0.6136412
vt 0.1754159 0.6133097
vt 0.1763414 0.6168138
vt 0.1433126 0.6131408
vt 0.1436251 0.6166416
vt 0.1105804 0.6131408
vt 0.110268 0.6166416
vt 0.07847721 0.6133097
vt 0.07755177 0.6168138
vt 0.04823663 0.6136412
vt 0.04673386 0.6171516
vt 0.02215223 0.4473411
vt 0.02567211 0.4458341
vt 0.02600448 0.4155109
vt 0.02249081 0.4164389
vt 0.02617396 0.3833199
vt 0.02266353 0.3836333
vt 0.02617396 0.3504984
vt 0.02266353 0.350185
vt 0.02600448 0.3183075
vt 0.02249071 0.3173794
vt 0.02567211 0.2879842
vt 0.02215223 0.2864773
vt 0.643178 0.2542627
vt 0.6472107 0.2529914
vt 0.6466566 0.2256813
vt 0.6426174 0.2266286
vt 0.6462449 0.1953356
vt 0.6274258 0.2268904
vt 0.6279879 0.2546012
vt 0.6255622 0.2541716
vt 0.6250024 0.2265729
vt 0.6270081 0.1960995
vt 0.6245862 0.1959062
vt 0.6422009 0.195923
vt 0.6459914 0.1631202
vt 0.6267509 0.1634113
vt 0.6419445 0.1633255
vt 0.6459059 0.1302732
vt 0.62433 0.1633502
vt 0.6233009 0.1955588
vt 0.6230465 0.1632352
vt 0.6418578 0.1300888
vt 0.6459914 0.09805685
vt 0.626664 0.1300823
vt 0.6242436 0.1301561
vt 0.6229607 0.1302778
vt 0.6419445 0.09749053
vt 0.6462449 0.06770936
vt 0.6267509 0.09739327
vt 0.62433 0.09759915
vt 0.6230465 0.0979532
vt 0.6270081 0.06660058
vt 0.6245863 0.06693085
vt 0.6422009 0.06678306
vt 0.6466566 0.04039692
vt 0.6274258 0.03888718
vt 0.6250023 0.03932951
vt 0.6426175 0.03914665
vt 0.6472107 0.01716897
vt 0.6279879 0.01531846
vt 0.643178 0.01564318
vt 0.2380199 0.5600163
vt 0.236515 0.556501
vt 0.2062326 0.5561693
vt 0.2071594 0.559678
vt 0.1740852 0.556
vt 0.1743979 0.5595058
vt 0.1413077 0.556
vt 0.1409947 0.5595058
vt 0.1091601 0.5561693
vt 0.1082333 0.5596781
vt 0.07887774 0.556501
vt 0.07737278 0.5600163
vt 0.2615544 0.5888582
vt 0.2602793 0.5848129
vt 0.2328829 0.5853687
vt 0.2338333 0.5894205
vt 0.2024413 0.5857815
vt 0.2340959 0.6046602
vt 0.2618942 0.6040962
vt 0.2030306 0.5898386
vt 0.1701241 0.5860359
vt 0.2032075 0.6050792
vt 0.1703301 0.5900957
vt 0.1371733 0.5861218
vt 0.1704162 0.6053372
vt 0.1369885 0.5901824
vt 0.1048553 0.5860359
vt 0.1369818 0.6054243
vt 0.1042871 0.5900957
vt 0.07441178 0.5857815
vt 0.1041895 0.6053372
vt 0.07348251 0.5898385
vt 0.04701299 0.5853687
vt 0.07329945 0.6050792
vt 0.04575876 0.5894206
vt 0.02371157 0.5848129
vt 0.02218108 0.5888582
vt 0.02185531 0.6040963
vt 0.04549855 0.6046603
vt 0.04594221 0.6070914
vt 0.02239448 0.6065298
vt 0.07363074 0.6075087
vt 0.104396 0.6077658
vt 0.1370557 0.6078525
vt 0.1371779 0.6091394
vt 0.1047512 0.6090533
vt 0.1702395 0.6090532
vt 0.1703549 0.6077659
vt 0.2026652 0.6087981
vt 0.2030137 0.6075087
vt 0.2337772 0.6070914
vt 0.2614632 0.6065298
vt 0.2850076 0.6058453
vt 0.2855341 0.6034091
vt 0.01852281 0.2449069
vt 0.007115955 0.2142638
vt 0.00597355 0.2146104
vt 0.0195757 0.2443442
vt 0.03674149 0.2721731
vt 0.03766426 0.2714158
vt 0.05992951 0.2953611
vt 0.06068682 0.2944383
vt 0.08719572 0.3135797
vt 0.08775833 0.312527
vt 0.1174922 0.326129
vt 0.1178387 0.3249867
vt 0.01153712 0.2129227
vt 0.005361935 0.1818778
vt 0.02365017 0.2421663
vt 0.0007640357 0.1823307
vt 0.04123555 0.2684848
vt 0.005362029 0.1502248
vt 0.06361792 0.2908669
vt 0.0007640342 0.1497719
vt 0.08993642 0.3084524
vt 0.01153711 0.1191799
vt 0.1191799 0.3205655
vt 0.1497719 0.3313386
vt 0.1502248 0.3267407
vt 0.1823307 0.3313386
vt 0.1818778 0.3267407
vt 0.007115856 0.1178388
vt 0.2142638 0.3249866
vt 0.02365016 0.08993636
vt 0.2129227 0.3205655
vt 0.01957569 0.08775845
vt 0.005973546 0.1174923
vt 0.04123554 0.06361781
vt 0.01852281 0.08719573
vt 0.03766425 0.06068683
vt 0.06361772 0.04123574
vt 0.03674139 0.05992955
vt 0.0606868 0.03766432
vt 0.08993641 0.02365022
vt 0.0599295 0.03674155
vt 0.08775831 0.01957564
vt 0.1191798 0.01153715
vt 0.08719571 0.01852287
vt 0.1178387 0.007115965
vt 0.1174922 0.005973631
vt 0.1502247 0.005361932
vt 0.1497718 0.0007640331
vt 0.1818777 0.005361883
vt 0.1823306 0.0007640795
vt 0.2129227 0.01153712
vt 0.2142638 0.007115937
vt 0.2421662 0.02365019
vt 0.2443442 0.01957558
vt 0.2146103 0.005973603
vt 0.2684848 0.04123567
vt 0.2449068 0.01852282
vt 0.2714157 0.03766429
vt 0.2908669 0.06361775
vt 0.272173 0.03674149
vt 0.2944381 0.06068682
vt 0.3084523 0.0899363
vt 0.295361 0.05992951
vt 0.312527 0.08775839
vt 0.3205655 0.1191799
vt 0.3135798 0.08719567
vt 0.3249866 0.1178388
vt 0.3261289 0.1174922
vt 0.3267407 0.1502248
vt 0.3313386 0.1497719
vt 0.3267406 0.1818778
vt 0.3313385 0.1823306
vt 0.3205654 0.2129226
vt 0.3249866 0.2142638
vt 0.3084523 0.2421662
vt 0.312527 0.2443442
vt 0.326129 0.2146103
vt 0.2908669 0.2684848
vt 0.3135798 0.2449069
vt 0.2944381 0.2714157
vt 0.2684848 0.2908669
vt 0.2953611 0.272173
vt 0.2714158 0.2944382
vt 0.2421662 0.3084524
vt 0.2721731 0.295361
vt 0.2443442 0.3125269
vt 0.2449069 0.3135798
vt 0.2146103 0.326129
vt 0.0493122 0.5795684
vt 0.02509967 0.5777497
vt 0.02562979 0.580195
vt 0.04887714 0.5771206
vt 0.07715964 0.5790761
vt 0.07683645 0.5766263
vt 0.1081021 0.578737
vt 0.07737278 0.5600163
vt 0.049599 0.5605073
vt 0.1082333 0.5596781
vt 0.1079029 0.5762857
vt 0.1409947 0.5595058
vt 0.1408831 0.5761123
vt 0.1743979 0.5595058
vt 0.1409503 0.5785642
vt 0.1745095 0.5761123
vt 0.2071594 0.559678
vt 0.1411289 0.580415
vt 0.1086305 0.580586
vt 0.174264 0.580415
vt 0.1744423 0.5785642
vt 0.2067623 0.580586
vt 0.2072907 0.578737
vt 0.2074898 0.5762857
vt 0.2380199 0.5600163
vt 0.238233 0.5790761
vt 0.2385564 0.5766263
vt 0.2660806 0.5795684
vt 0.2657939 0.5605073
vt 0.2665156 0.5771206
vt 0.2894134 0.5611323
vt 0.290293 0.5777497
vt 0.4506402 0.5623486
vt 0.4511584 0.5640569
vt 0.4815066 0.5514864
vt 0.4806651 0.5499118
vt 0.5088193 0.5332366
vt 0.5076868 0.5318565
vt 0.5320469 0.510009
vt 0.5306668 0.5088764
vt 0.5502968 0.4826964
vt 0.5487221 0.4818547
vt 0.5628673 0.4523481
vt 0.5611589 0.4518298
vt 0.4494658 0.5584772
vt 0.4787581 0.5463439
vt 0.4183694 0.5646625
vt 0.5051203 0.5287293
vt 0.4187659 0.5686888
vt 0.5275396 0.50631
vt 0.3866637 0.5646625
vt 0.5451543 0.4799476
vt 0.3862672 0.5686888
vt 0.5572875 0.4506554
vt 0.3555673 0.5584772
vt 0.567499 0.4199556
vt 0.563473 0.419559
vt 0.567499 0.3874568
vt 0.563473 0.3878534
vt 0.354393 0.5623485
vt 0.5611589 0.3555826
vt 0.3262751 0.5463439
vt 0.5572875 0.3567569
vt 0.3243681 0.5499118
vt 0.3538746 0.5640569
vt 0.2999128 0.5287292
vt 0.3235264 0.5514864
vt 0.2973463 0.5318565
vt 0.2774935 0.5063099
vt 0.2962137 0.5332366
vt 0.2743663 0.5088764
vt 0.2598788 0.4799476
vt 0.2729861 0.510009
vt 0.256311 0.4818548
vt 0.2477456 0.4506554
vt 0.2547364 0.4826964
vt 0.2438742 0.4518298
vt 0.2421657 0.4523481
vt 0.2415601 0.419559
vt 0.237534 0.4199556
vt 0.2415601 0.3878533
vt 0.237534 0.3874568
vt 0.2477456 0.3567569
vt 0.2438742 0.3555825
vt 0.2598788 0.3274647
vt 0.256311 0.3255576
vt 0.2421658 0.3550642
vt 0.2774935 0.3011025
vt 0.2547364 0.324716
vt 0.2743663 0.298536
vt 0.2999127 0.2786831
vt 0.2729861 0.2974033
vt 0.2973463 0.2755559
vt 0.3262751 0.2610683
vt 0.2962137 0.2741758
vt 0.3243681 0.2575006
vt 0.3555673 0.2489353
vt 0.3235264 0.255926
vt 0.354393 0.2450638
vt 0.3538746 0.2433554
vt 0.3866637 0.2427497
vt 0.3862672 0.2387237
vt 0.4183694 0.2427497
vt 0.418766 0.2387237
vt 0.4494658 0.2489352
vt 0.4506402 0.2450638
vt 0.4787581 0.2610685
vt 0.4806651 0.2575006
vt 0.4511584 0.2433554
vt 0.5051203 0.2786832
vt 0.4815067 0.255926
vt 0.5076868 0.2755559
vt 0.5275396 0.3011025
vt 0.5088193 0.2741758
vt 0.5306668 0.2985359
vt 0.5451543 0.3274647
vt 0.5320469 0.2974033
vt 0.5487221 0.3255578
vt 0.5502968 0.3247159
vt 0.5628673 0.3550642
vt 0.002573708 0.2583788
vt 0.004394792 0.2341336
vt 0.001946235 0.2346644
vt 0.005024749 0.2579431
vt 0.003066667 0.2862639
vt 0.00551981 0.2859401
vt 0.003406294 0.317248
vt 0.02215223 0.2864773
vt 0.02166051 0.2586659
vt 0.02249071 0.3173794
vt 0.005860678 0.3170485
vt 0.02266353 0.350185
vt 0.006034456 0.3500732
vt 0.02266353 0.3836333
vt 0.003579403 0.3501407
vt 0.006034456 0.383745
vt 0.02249081 0.4164389
vt 0.001726027 0.3503194
vt 0.001554733 0.3177772
vt 0.001726027 0.3834991
vt 0.003579403 0.3836776
vt 0.001554733 0.4160412
vt 0.003406294 0.4165703
vt 0.005860678 0.4167697
vt 0.02215223 0.4473411
vt 0.003066667 0.4475545
vt 0.005519619 0.4478783
vt 0.02166051 0.4751522
vt 0.002573708 0.4754395
vt 0.005024749 0.4758751
vt 0.02103466 0.4988038
vt 0.001946235 0.4991538
vt 0.004394792 0.4996847
vt 0.04652092 0.636185
vt 0.01827739 0.6342324
vt 0.01871198 0.6366766
vt 0.04619811 0.6337386
vt 0.0774207 0.6358464
vt 0.04673386 0.6171516
vt 0.01899839 0.6176419
vt 0.07755177 0.6168138
vt 0.07722189 0.6333987
vt 0.110268 0.6166416
vt 0.1101565 0.6332253
vt 0.1436251 0.6166416
vt 0.1102238 0.6356737
vt 0.1437365 0.6332253
vt 0.1763414 0.6168138
vt 0.1104019 0.637522
vt 0.07794833 0.6376928
vt 0.1434912 0.637522
vt 0.1436694 0.6356737
vt 0.1759446 0.6376928
vt 0.1764724 0.6358464
vt 0.1766711 0.6333985
vt 0.2071594 0.6171516
vt 0.2073722 0.636185
vt 0.207695 0.6337386
vt 0.2351812 0.6366767
vt 0.2348948 0.6176419
vt 0.2356156 0.6342323
vt 0.2584818 0.618266
vt 0.2593601 0.6348605
vt 0.4945078 0.002605497
vt 0.5187203 0.004424145
vt 0.5181901 0.001978884
vt 0.4949428 0.005053266
vt 0.4666604 0.003097788
vt 0.4669835 0.005547611
vt 0.4357178 0.003436937
vt 0.4664471 0.02215758
vt 0.494221 0.02166655
vt 0.4355866 0.02249575
vt 0.4359168 0.005888026
vt 0.4028252 0.02266824
vt 0.4029368 0.006061637
vt 0.3694218 0.02266824
vt 0.4028693 0.00360976
vt 0.3693103 0.006061637
vt 0.3366604 0.02249575
vt 0.4026911 0.001758964
vt 0.4351893 0.001587933
vt 0.369556 0.001758965
vt 0.3693775 0.003609784
vt 0.3370577 0.001587934
vt 0.3365292 0.003436938
vt 0.3363302 0.005888003
vt 0.3057998 0.02215758
vt 0.3055867 0.00309779
vt 0.3052634 0.005547517
vt 0.2777392 0.0026055
vt 0.2780262 0.02166653
vt 0.2773042 0.005053269
vt 0.2544064 0.02104157
vt 0.2535268 0.004424148
vt 0.2223758 0.02845335
vt 0.1964235 0.01770351
vt 0.1688728 0.01222328
vt 0.2457322 0.0440596
vt 0.1407821 0.01222328
vt 0.2655953 0.06392261
vt 0.1132314 0.01770346
vt 0.2812015 0.08727909
vt 0.0872791 0.02845325
vt 0.2919512 0.1132314
vt 0.06392262 0.04405951
vt 0.2974314 0.1407822
vt 0.04405957 0.06392245
vt 0.2974314 0.1688727
vt 0.02845327 0.08727888
vt 0.2919512 0.1964235
vt 0.01770355 0.1132312
vt 0.2812014 0.2223758
vt 0.01222335 0.1407819
vt 0.265595 0.2457321
vt 0.01222336 0.1688725
vt 0.245732 0.2655952
vt 0.01770343 0.1964233
vt 0.2223755 0.2812015
vt 0.02845326 0.2223756
vt 0.1964232 0.2919512
vt 0.04405949 0.245732
vt 0.1688726 0.2974313
vt 0.06392249 0.2655951
vt 0.1407818 0.2974313
vt 0.08727883 0.2812013
vt 0.1132311 0.2919511
vt 0.5549868 0.03788543
vt 0.5536679 0.03829336
vt 0.5542812 0.05939174
vt 0.5556021 0.05905632
vt 0.5547845 0.08420118
vt 0.5561072 0.08395117
vt 0.5492575 0.0842156
vt 0.5487541 0.05940617
vt 0.5496314 0.111783
vt 0.5551584 0.1117686
vt 0.5564825 0.1116132
vt 0.5498616 0.1410489
vt 0.5553887 0.1410344
vt 0.5567135 0.1409796
vt 0.5499395 0.1708883
vt 0.5554665 0.170874
vt 0.5567915 0.1709218
vt 0.5498616 0.2001549
vt 0.5553887 0.2001405
vt 0.5567135 0.200289
vt 0.5496314 0.2277238
vt 0.5551584 0.2277094
vt 0.5564825 0.2279527
vt 0.5492573 0.2525357
vt 0.5547844 0.2525213
vt 0.5561072 0.2528497
vt 0.5487542 0.2736369
vt 0.5542812 0.2736225
vt 0.5469645 0.2327114
vt 0.5452666 0.2572801
vt 0.5465893 0.2576086
vt 0.5456406 0.2324683
vt 0.5471957 0.2050475
vt 0.5458709 0.2048991
vt 0.5472738 0.1756802
vt 0.5459487 0.1756323
vt 0.5471956 0.1457378
vt 0.5458709 0.1457926
vt 0.5469645 0.1163714
vt 0.5456406 0.1165267
vt 0.5465893 0.08870911
vt 0.5452666 0.08895922
vt 0.5460843 0.06381407
vt 0.5447633 0.0641495
vt 0.5454689 0.04264318
vt 0.5441501 0.04305121
vt 0.5397397 0.08897355
vt 0.5392362 0.06416392
vt 0.5401135 0.1165411
vt 0.5403439 0.1458071
vt 0.5404217 0.1756468
vt 0.5403439 0.2049135
vt 0.5401135 0.2324825
vt 0.5397397 0.2572945
vt 0.5392363 0.2783958
vt 0.5447633 0.2783814
vt 0.2327114 0.5443042
vt 0.2572801 0.5460021
vt 0.2576086 0.5446795
vt 0.2324683 0.5456281
vt 0.2050477 0.5440731
vt 0.2048991 0.5453978
vt 0.1756805 0.5439951
vt 0.1756325 0.54532
vt 0.1457382 0.5440731
vt 0.1457931 0.5453978
vt 0.1163717 0.5443042
vt 0.116527 0.5456281
vt 0.08870949 0.5446795
vt 0.08895969 0.5460021
vt 0.06381465 0.5451846
vt 0.06415007 0.5465055
vt 0.04264375 0.5458
vt 0.04305169 0.5471188
vt 0.08897413 0.5515292
vt 0.0641645 0.5520326
vt 0.1165415 0.5511552
vt 0.1458073 0.5509249
vt 0.1756469 0.5508472
vt 0.2049136 0.5509249
vt 0.2324826 0.5511552
vt 0.2572944 0.5515292
vt 0.2783958 0.5520326
vt 0.2783813 0.5465055
vt 0.06453434 0.6469015
vt 0.03996585 0.6452035
vt 0.03963721 0.6465262
vt 0.06477748 0.6455775
vt 0.09219798 0.6471325
vt 0.09234653 0.6458078
vt 0.1215652 0.6472107
vt 0.121613 0.6458856
vt 0.1515072 0.6471325
vt 0.1514524 0.6458078
vt 0.1808736 0.6469015
vt 0.1807182 0.6455775
vt 0.2085357 0.6465262
vt 0.2082855 0.6452035
vt 0.2334305 0.6460212
vt 0.233095 0.6447003
vt 0.2546012 0.6454058
vt 0.2541933 0.644087
vt 0.2082711 0.6396764
vt 0.2330807 0.6391732
vt 0.1807038 0.6400506
vt 0.1514381 0.6402807
vt 0.1215985 0.6403584
vt 0.09233211 0.6402807
vt 0.06476315 0.6400506
vt 0.03995142 0.6396764
vt 0.01885017 0.6391732
vt 0.0188646 0.6447003
vt 0.3353517 0.0642956
vt 0.3360955 0.0400438
vt 0.3349178 0.03975127
vt 0.3365279 0.06451284
vt 0.3417585 0.0400438
vt 0.3356507 0.09156763
vt 0.3421912 0.06451294
vt 0.3368258 0.09170148
vt 0.335803 0.1205195
vt 0.3424891 0.09170148
vt 0.3369778 0.1205647
vt 0.335803 0.1500387
vt 0.3426409 0.1205646
vt 0.3369778 0.1499934
vt 0.3356507 0.1789905
vt 0.3426409 0.1499934
vt 0.3368258 0.1788566
vt 0.3353517 0.2062625
vt 0.3424891 0.1788566
vt 0.3365279 0.2060452
vt 0.3349178 0.2308068
vt 0.3421912 0.2060452
vt 0.3360955 0.2305143
vt 0.3417585 0.2305143
vt 0.4925191 0.02775798
vt 0.5135951 0.02840217
vt 0.5139614 0.02719078
vt 0.4922187 0.02896773
vt 0.5135952 0.03421966
vt 0.4673057 0.02820384
vt 0.4922187 0.03478523
vt 0.4670823 0.02941197
vt 0.4392899 0.02851089
vt 0.4670824 0.03522966
vt 0.4391524 0.02971826
vt 0.4095486 0.02866738
vt 0.4391524 0.03553566
vt 0.4095022 0.02987427
vt 0.3792246 0.02866738
vt 0.4095022 0.03569176
vt 0.3792711 0.02987427
vt 0.3494833 0.02851089
vt 0.3792711 0.03569176
vt 0.3496208 0.02971816
vt 0.3214677 0.02820384
vt 0.3496208 0.03553566
vt 0.3216908 0.02941198
vt 0.2962541 0.02775798
vt 0.3216908 0.03522966
vt 0.2965546 0.02896774
vt 0.2748118 0.0271907
vt 0.2965546 0.03478524
vt 0.2751779 0.02840218
vt 0.2751779 0.03421967
vt 0.04004884 0.3031664
vt 0.04073182 0.2825757
vt 0.03954909 0.282215
vt 0.04122994 0.3034631
vt 0.04042 0.3278023
vt 0.04160004 0.3280233
vt 0.04691387 0.3034779
vt 0.0406489 0.3551756
vt 0.04728407 0.3280382
vt 0.04182808 0.3553131
vt 0.040726 0.3842346
vt 0.04751221 0.3553278
vt 0.04190518 0.3842829
vt 0.0406489 0.4138623
vt 0.04758903 0.3842977
vt 0.04182809 0.41382
vt 0.04042 0.4429205
vt 0.04751222 0.4138349
vt 0.04160015 0.4427893
vt 0.04004885 0.4702924
vt 0.04728409 0.442804
vt 0.04122995 0.4700772
vt 0.03954911 0.4949258
vt 0.04691389 0.4700921
vt 0.04073184 0.4946353
vt 0.04641577 0.4946501
vt 0.03756106 0.4925728
vt 0.03686385 0.513593
vt 0.03807122 0.5139614
vt 0.03635541 0.4922698
vt 0.03106135 0.5135781
vt 0.03718198 0.467423
vt 0.03055272 0.4922548
vt 0.03597729 0.467197
vt 0.03694859 0.4394785
vt 0.03017488 0.467182
vt 0.03574466 0.4393382
vt 0.03686968 0.4098133
vt 0.02994216 0.439323
vt 0.03566622 0.4097638
vt 0.03694859 0.3795671
vt 0.02986354 0.4097487
vt 0.03574466 0.3796102
vt 0.03718198 0.3499027
vt 0.02994216 0.3795952
vt 0.03597729 0.3500368
vt 0.03756106 0.3219599
vt 0.03017498 0.3500216
vt 0.03635541 0.3221794
vt 0.03807122 0.2968123
vt 0.03055272 0.3221643
vt 0.03686385 0.2971089
vt 0.03106135 0.2970938
vt 0.03748358 0.2757887
vt 0.03168099 0.2757736
vt 0.3757794 0.147526
vt 0.3765978 0.03838918
vt 0.3757794 0.03838917
vt 0.3765978 0.147526
vt 0.3776671 0.03838918
vt 0.3776671 0.147526
vt 0.3788245 0.03838918
vt 0.3788245 0.147526
vt 0.3798937 0.03838918
vt 0.3798937 0.147526
vt 0.3807122 0.03838918
vt 0.3807122 0.147526
vt 0.5509854 0.4568546
vt 0.5520326 0.4568546
vt 0.5520326 0.3499714
vt 0.5509854 0.3499715
vt 0.549852 0.4568546
vt 0.549852 0.3499715
vt 0.5488047 0.4568546
vt 0.5488047 0.3499715
vt 0.5480032 0.4568546
vt 0.5480032 0.3499715
vt 0.1985983 0.437819
vt 0.1998739 0.437819
vt 0.1998739 0.3309356
vt 0.1985983 0.3309356
vt 0.1969317 0.437819
vt 0.1969317 0.3309356
vt 0.1951278 0.437819
vt 0.1951278 0.3309356
vt 0.1934612 0.437819
vt 0.1934612 0.3309356
vt 0.1839434 0.4425779
vt 0.18561 0.3356946
vt 0.1839434 0.3356946
vt 0.18561 0.4425779
vt 0.1874139 0.3356946
vt 0.1874139 0.4425779
vt 0.1890805 0.3356946
vt 0.1890805 0.4425779
vt 0.1903561 0.3356946
vt 0.1903561 0.4425779
vt 0.6193867 0.4330601
vt 0.6204339 0.3261772
vt 0.6193867 0.3261772
vt 0.6204339 0.4330601
vt 0.6215674 0.3261772
vt 0.6215674 0.4330601
vt 0.6226146 0.3261772
vt 0.6226146 0.4330601
vt 0.6234161 0.3261772
vt 0.6234161 0.4330601
vt 0.3347588 0.6662464
vt 0.335772 0.5628272
vt 0.3347588 0.5628272
vt 0.335772 0.6662464
vt 0.3368688 0.5628272
vt 0.3368688 0.6662464
vt 0.337882 0.5628272
vt 0.337882 0.6662464
vt 0.646999 0.4306806
vt 0.6486115 0.3272615
vt 0.646999 0.3272615
vt 0.6486115 0.4306806
vt 0.650357 0.3272615
vt 0.650357 0.4306806
vt 0.6519696 0.3272615
vt 0.6519696 0.4306806
vt 0.3014783 0.2070122
vt 0.3027807 0.09787542
vt 0.3014783 0.09787542
vt 0.3027807 0.2070122
vt 0.3044825 0.09787542
vt 0.3044825 0.2070122
vt 0.3063244 0.09787542
vt 0.3063244 0.2070122
vt 0.3080261 0.09787541
vt 0.3080261 0.2070122
vt 0.3093286 0.09787542
vt 0.3093286 0.2070122
vt 0.3989293 0.147526
vt 0.3997478 0.147526
vt 0.3997478 0.03838919
vt 0.3989293 0.03838919
vt 0.3978601 0.147526
vt 0.3978601 0.03838919
vt 0.3967027 0.147526
vt 0.3967027 0.03838919
vt 0.3956334 0.147526
vt 0.3956334 0.03838919
vt 0.394815 0.147526
vt 0.394815 0.03838919
vt 0.6098689 0.4330601
vt 0.6109161 0.3261771
vt 0.6098689 0.3261771
vt 0.6109161 0.43306
vt 0.6120496 0.3261771
vt 0.6120496 0.43306
vt 0.6130968 0.3261771
vt 0.6130968 0.43306
vt 0.6138983 0.3261771
vt 0.6138983 0.4330601
vt 0.5584271 0.1380081
vt 0.5594404 0.03458895
vt 0.5584271 0.03458895
vt 0.5594404 0.1380081
vt 0.5605371 0.03458895
vt 0.5605371 0.1380081
vt 0.5615504 0.03458895
vt 0.5615504 0.1380081
vt 0.5813155 0.4306806
vt 0.582117 0.3237975
vt 0.5813155 0.3237975
vt 0.582117 0.4306806
vt 0.5831642 0.3237975
vt 0.5831642 0.4306806
vt 0.5842977 0.3237975
vt 0.5842977 0.4306806
vt 0.5853449 0.3237975
vt 0.5853449 0.4306806
vt 0.2195384 0.3158522
vt 0.2206742 0.3147163
vt 0.2212889 0.3132323
vt 0.2180543 0.316467
vt 0.2212889 0.3116259
vt 0.2164479 0.316467
vt 0.2206742 0.3101418
vt 0.2149638 0.3158523
vt 0.2195383 0.3090059
vt 0.2138279 0.3147164
vt 0.2180542 0.3083912
vt 0.2132131 0.3132323
vt 0.2164478 0.3083912
vt 0.2132131 0.311626
vt 0.2149637 0.3090059
vt 0.2138278 0.3101418
vt 0.1237315 0.312789
vt 0.1216213 0.312789
vt 0.1216213 0.3143633
vt 0.1237315 0.3143633
vt 0.1216213 0.3160673
vt 0.1237315 0.3160673
vt 0.1216213 0.3176415
vt 0.1237315 0.3176415
vt 0.1216213 0.3188464
vt 0.1237315 0.3188464
vt 0.3140875 0.1296395
vt 0.3119329 0.1308698
vt 0.3140875 0.1308698
vt 0.3119329 0.1296395
vt 0.3140875 0.128032
vt 0.3119329 0.128032
vt 0.3140875 0.1262921
vt 0.3119329 0.1262921
vt 0.3140875 0.1246847
vt 0.3119329 0.1246847
vt 0.3140875 0.1234544
vt 0.3119329 0.1234544
vt 0.03093286 0.2409998
vt 0.02854368 0.242704
vt 0.03093286 0.242704
vt 0.02854368 0.2409998
vt 0.03093286 0.2387733
vt 0.02854368 0.2387733
vt 0.03093286 0.2363632
vt 0.02854368 0.2363632
vt 0.03093286 0.2341367
vt 0.02854368 0.2341367
vt 0.03093286 0.2324325
vt 0.02854368 0.2324325
vt 0.3069492 0.06061367
vt 0.3046094 0.06061367
vt 0.3046094 0.06279427
vt 0.3069492 0.06279427
vt 0.3046094 0.06515452
vt 0.3069492 0.06515452
vt 0.3046094 0.06733512
vt 0.3069492 0.06733512
vt 0.3046094 0.06900407
vt 0.3069492 0.06900407
vt 0.3021903 0.2357645
vt 0.2998504 0.2379451
vt 0.3021903 0.2379451
vt 0.2998504 0.2357645
vt 0.3021903 0.2334042
vt 0.2998504 0.2334042
vt 0.3021903 0.2312236
vt 0.2998504 0.2312236
vt 0.3021903 0.2295547
vt 0.2998504 0.2295547
vt 0.2712574 0.02882295
vt 0.2689934 0.03093286
vt 0.2712574 0.03093286
vt 0.2689934 0.02882295
vt 0.2712574 0.02653919
vt 0.2689934 0.02653917
vt 0.2712574 0.02442925
vt 0.2689934 0.02442925
vt 0.01189726 0.05104938
vt 0.009787087 0.05104938
vt 0.009787087 0.05262365
vt 0.01189726 0.05262365
vt 0.009787087 0.05432764
vt 0.01189726 0.05432764
vt 0.009787087 0.05590191
vt 0.01189726 0.05590191
vt 0.009787087 0.05710679
vt 0.01189726 0.05710682
vt 0.1903561 0.009581449
vt 0.1883143 0.009581449
vt 0.1883143 0.0111047
vt 0.1903561 0.0111047
vt 0.1883143 0.01275344
vt 0.1903561 0.01275344
vt 0.1883143 0.0142767
vt 0.1903561 0.0142767
vt 0.1373934 0.3149007
vt 0.1362575 0.3137648
vt 0.1347734 0.3131501
vt 0.1380081 0.3163848
vt 0.133167 0.3131501
vt 0.1380081 0.3179912
vt 0.131683 0.3137648
vt 0.1373934 0.3194753
vt 0.1305471 0.3149007
vt 0.1362575 0.3206111
vt 0.1299324 0.3163848
vt 0.1347735 0.3212259
vt 0.1299324 0.3179912
vt 0.1331671 0.3212259
vt 0.1305471 0.3194753
vt 0.131683 0.3206111
vt 0.01188752 0.08566023
vt 0.0142767 0.08566023
vt 0.0142767 0.08395609
vt 0.01188752 0.08395609
vt 0.0142767 0.08172952
vt 0.01188752 0.08172952
vt 0.0142767 0.07931949
vt 0.01188752 0.07931949
vt 0.0142767 0.07709294
vt 0.01188752 0.07709294
vt 0.0142767 0.07538876
vt 0.01188752 0.07538876
vt 0.09521766 0.2912215
vt 0.09755749 0.2890409
vt 0.09521766 0.2890409
vt 0.09755749 0.2912215
vt 0.09521766 0.2935818
vt 0.09755749 0.2935818
vt 0.09521766 0.2957624
vt 0.09755749 0.2957624
vt 0.09521766 0.2974313
vt 0.09755749 0.2974313
vt 0.01690106 0.002021946
vt 0.0190356 0.0008031373
vt 0.01690106 0.0008031373
vt 0.0190356 0.002021946
vt 0.01690106 0.003614392
vt 0.0190356 0.003614392
vt 0.01690106 0.005338079
vt 0.0190356 0.005338079
vt 0.01690106 0.006930525
vt 0.0190356 0.006930525
vt 0.01690106 0.00814931
vt 0.0190356 0.008149334
vt 0.01690106 0.00974178
vt 0.0190356 0.00974178
vt 0.01690106 0.01146544
vt 0.0190356 0.01146544
vt 0.01690106 0.01305787
vt 0.0190356 0.01305787
vt 0.01690106 0.0142767
vt 0.0190356 0.0142767
vt 0.2525595 0.04045065
vt 0.2546012 0.04045065
vt 0.2546012 0.03892738
vt 0.2525595 0.03892738
vt 0.2546012 0.03727866
vt 0.2525595 0.03727866
vt 0.2546012 0.03575541
vt 0.2525595 0.03575541
vt 0.2070518 0.2998108
vt 0.2093917 0.2998108
vt 0.2093917 0.2976302
vt 0.2070518 0.2976302
vt 0.2093917 0.29527
vt 0.2070518 0.29527
vt 0.2093917 0.2930894
vt 0.2070518 0.2930894
vt 0.2093917 0.2914204
vt 0.2070518 0.2914204
vt 0.2118866 0.02141506
vt 0.2141506 0.02141506
vt 0.2141506 0.01930515
vt 0.2118866 0.01930515
vt 0.2141506 0.01702138
vt 0.2118866 0.01702138
vt 0.2141506 0.01491146
vt 0.2118866 0.01491146
vt 0.05499664 0.01693192
vt 0.05710682 0.01535763
vt 0.05499664 0.01535763
vt 0.05710682 0.01693192
vt 0.05499664 0.0186359
vt 0.05710682 0.0186359
vt 0.05499664 0.02021015
vt 0.05710682 0.02021015
vt 0.05499664 0.02141506
vt 0.05710682 0.02141506
vt 0.1594232 0.3759533
vt 0.05028639 0.3751349
vt 0.05028638 0.3759533
vt 0.1594232 0.3751349
vt 0.05028639 0.3740656
vt 0.1594232 0.3740656
vt 0.05028639 0.3729082
vt 0.1594232 0.3729082
vt 0.05028639 0.3718389
vt 0.1594232 0.3718389
vt 0.05028639 0.3710205
vt 0.1594232 0.3710205
vt 0.5271909 0.168941
vt 0.5282381 0.168941
vt 0.5282381 0.06205786
vt 0.5271909 0.06205788
vt 0.5260574 0.168941
vt 0.5260574 0.06205788
vt 0.5250102 0.168941
vt 0.5250102 0.06205788
vt 0.5242087 0.168941
vt 0.5242087 0.06205788
vt 0.4270256 0.1451465
vt 0.4283012 0.1451465
vt 0.4283012 0.03826312
vt 0.4270256 0.03826312
vt 0.425359 0.1451465
vt 0.425359 0.03826312
vt 0.4235551 0.1451465
vt 0.4235551 0.03826312
vt 0.4218885 0.1451465
vt 0.4218885 0.03826312
vt 0.1570438 0.43306
vt 0.05016041 0.4313934
vt 0.05016041 0.4330601
vt 0.1570438 0.4313934
vt 0.05016041 0.4295895
vt 0.1570438 0.4295895
vt 0.05016041 0.4279229
vt 0.1570438 0.4279229
vt 0.05016041 0.4266474
vt 0.1570438 0.4266474
vt 0.5908333 0.4283012
vt 0.5918805 0.3214181
vt 0.5908333 0.3214181
vt 0.5918805 0.4283012
vt 0.5930141 0.3214181
vt 0.5930141 0.4283012
vt 0.5940613 0.3214181
vt 0.5940613 0.4283012
vt 0.5948628 0.3214181
vt 0.5948628 0.4283012
vt 0.3490354 0.6710052
vt 0.3500487 0.5675861
vt 0.3490354 0.5675861
vt 0.3500487 0.6710052
vt 0.3511454 0.5675861
vt 0.3511454 0.6710052
vt 0.3521587 0.5675861
vt 0.3521587 0.6710052
vt 0.3257731 0.6614874
vt 0.3273857 0.5580683
vt 0.3257731 0.5580683
vt 0.3273857 0.6614874
vt 0.3291311 0.5580683
vt 0.3291311 0.6614874
vt 0.3307437 0.5580683
vt 0.3307437 0.6614874
vt 0.1594232 0.3569176
vt 0.05028648 0.3556151
vt 0.05028648 0.3569176
vt 0.1594232 0.3556151
vt 0.05028648 0.3539134
vt 0.1594232 0.3539134
vt 0.05028648 0.3520715
vt 0.1594232 0.3520715
vt 0.05028646 0.3503698
vt 0.1594232 0.3503698
vt 0.05028648 0.3490673
vt 0.1594232 0.3490673
vt 0.1594232 0.362321
vt 0.1594232 0.3615026
vt 0.05028638 0.3615026
vt 0.05028638 0.362321
vt 0.1594232 0.3633903
vt 0.05028638 0.3633903
vt 0.1594232 0.3645477
vt 0.05028638 0.3645477
vt 0.1594232 0.365617
vt 0.05028638 0.365617
vt 0.1594232 0.3664354
vt 0.05028638 0.3664354
vt 0.5146908 0.1784588
vt 0.515738 0.07157565
vt 0.5146908 0.07157565
vt 0.515738 0.1784588
vt 0.5168716 0.07157565
vt 0.5168716 0.1784588
vt 0.5179188 0.07157565
vt 0.5179188 0.1784588
vt 0.5187203 0.07157565
vt 0.5187203 0.1784588
vt 0.3418971 0.6710051
vt 0.3429103 0.5675861
vt 0.3418971 0.5675861
vt 0.3429103 0.6710051
vt 0.3440071 0.5675861
vt 0.3440071 0.6710051
vt 0.3450204 0.5675861
vt 0.3450204 0.6710051
vt 0.5384854 0.4354395
vt 0.5392869 0.3285564
vt 0.5384854 0.3285564
vt 0.5392869 0.4354395
vt 0.5403341 0.3285564
vt 0.5403341 0.4354395
vt 0.5414676 0.3285564
vt 0.5414676 0.4354395
vt 0.5425148 0.3285564
vt 0.5425148 0.4354395
vt 0.1014611 0.001442022
vt 0.09985475 0.001441998
vt 0.09837066 0.002056741
vt 0.1029453 0.00205674
vt 0.09723478 0.003192626
vt 0.1040811 0.003192625
vt 0.09662006 0.004676711
vt 0.1046959 0.004676711
vt 0.09662006 0.006283105
vt 0.1046959 0.006283081
vt 0.09723478 0.007767191
vt 0.1040811 0.00776719
vt 0.09837069 0.008903076
vt 0.1029452 0.008903075
vt 0.09985477 0.009517794
vt 0.1014611 0.009517794
vt 0.02617396 0.0605672
vt 0.02406378 0.0605672
vt 0.02406378 0.06214147
vt 0.02617396 0.06214147
vt 0.02406378 0.06384549
vt 0.02617396 0.06384549
vt 0.02406378 0.0654197
vt 0.02617396 0.0654197
vt 0.02406378 0.06662464
vt 0.02617396 0.06662464
vt 0.2807752 0.2652682
vt 0.2786205 0.2664985
vt 0.2807752 0.2664985
vt 0.2786205 0.2652682
vt 0.2807752 0.2636607
vt 0.2786205 0.2636607
vt 0.2807752 0.2619208
vt 0.2786205 0.2619208
vt 0.2807752 0.2603134
vt 0.2786205 0.2603134
vt 0.2807752 0.259083
vt 0.2786205 0.259083
vt 0.01189724 0.183893
vt 0.009508078 0.1855972
vt 0.01189726 0.1855972
vt 0.009508078 0.183893
vt 0.01189724 0.1816665
vt 0.009508078 0.1816665
vt 0.01189724 0.1792564
vt 0.009508078 0.1792564
vt 0.01189724 0.1770299
vt 0.009508078 0.1770299
vt 0.01189726 0.1753257
vt 0.009508078 0.1753257
vt 0.2998108 0.2176574
vt 0.297471 0.2176574
vt 0.297471 0.219838
vt 0.2998108 0.219838
vt 0.297471 0.2221983
vt 0.2998108 0.2221983
vt 0.297471 0.2243789
vt 0.2998108 0.2243789
vt 0.297471 0.2260478
vt 0.2998108 0.2260478
vt 0.2974313 0.2476618
vt 0.2950915 0.2498423
vt 0.2974314 0.2498423
vt 0.2950915 0.2476618
vt 0.2974313 0.2453015
vt 0.2950915 0.2453015
vt 0.2974313 0.2431209
vt 0.2950915 0.2431209
vt 0.2974314 0.2414519
vt 0.2950915 0.2414519
vt 0.2593601 0.3119776
vt 0.2570962 0.3140875
vt 0.2593601 0.3140875
vt 0.2570962 0.3119776
vt 0.2593601 0.3096938
vt 0.2570962 0.3096938
vt 0.2593601 0.3075839
vt 0.2570962 0.3075839
vt 0.03093286 0.01535763
vt 0.02882268 0.01535763
vt 0.02882268 0.0169319
vt 0.03093286 0.0169319
vt 0.02882268 0.01863588
vt 0.03093286 0.01863588
vt 0.02882268 0.02021015
vt 0.03093286 0.02021015
vt 0.02882268 0.02141506
vt 0.03093286 0.02141506
vt 0.2308068 0.3046333
vt 0.228765 0.3046333
vt 0.228765 0.3061566
vt 0.2308068 0.3061566
vt 0.228765 0.3078053
vt 0.2308068 0.3078053
vt 0.228765 0.3093286
vt 0.2308068 0.3093286
vt 0.1633269 0.3236053
vt 0.164811 0.3229906
vt 0.1659468 0.3218547
vt 0.1665616 0.3203706
vt 0.1617205 0.3236053
vt 0.1665616 0.3187642
vt 0.1602364 0.3229906
vt 0.1659469 0.3172801
vt 0.1591005 0.3218547
vt 0.164811 0.3161443
vt 0.1584858 0.3203706
vt 0.1633269 0.3155295
vt 0.1584858 0.3187642
vt 0.1617205 0.3155295
vt 0.1591005 0.3172801
vt 0.1602364 0.3161443
vt 0.06451447 0.02407028
vt 0.06662464 0.02249599
vt 0.06451447 0.02249599
vt 0.06662464 0.02407028
vt 0.06451447 0.02577426
vt 0.06662464 0.02577426
vt 0.06451447 0.02734849
vt 0.06662464 0.02734849
vt 0.06451447 0.02855342
vt 0.06662464 0.02855342
vt 0.09064393 0.3069492
vt 0.09279858 0.3069492
vt 0.0927986 0.3057189
vt 0.09064393 0.3057189
vt 0.0927986 0.3041115
vt 0.09064393 0.3041115
vt 0.0927986 0.3023715
vt 0.09064393 0.3023715
vt 0.0927986 0.3007641
vt 0.09064393 0.3007641
vt 0.09279858 0.2995338
vt 0.09064393 0.2995338
vt 0.2379353 0.03569176
vt 0.2403245 0.03569176
vt 0.2403245 0.03398763
vt 0.2379353 0.03398763
vt 0.2403245 0.03176107
vt 0.2379353 0.03176107
vt 0.2403245 0.02935104
vt 0.2379353 0.02935104
vt 0.2403245 0.02712448
vt 0.2379353 0.02712448
vt 0.2403245 0.02542033
vt 0.2379353 0.02542033
vt 0.2927121 0.098486
vt 0.295052 0.09630539
vt 0.2927121 0.09630539
vt 0.295052 0.098486
vt 0.2927121 0.1008463
vt 0.295052 0.1008463
vt 0.2927121 0.1030269
vt 0.295052 0.1030269
vt 0.2927121 0.1046958
vt 0.295052 0.1046958
vt 0.01461439 0.2546012
vt 0.01665616 0.2546012
vt 0.01665616 0.2530779
vt 0.01461439 0.2530779
vt 0.01665616 0.2514292
vt 0.01461439 0.2514292
vt 0.01665616 0.2499059
vt 0.01461439 0.2499059
vt 0.00717796 0.2355656
vt 0.009517798 0.2355656
vt 0.009517798 0.2333851
vt 0.00717796 0.2333851
vt 0.009517798 0.2310248
vt 0.00717796 0.2310248
vt 0.009517798 0.2288442
vt 0.00717796 0.2288442
vt 0.009517798 0.2271752
vt 0.00717796 0.2271752
vt 0.3118235 0.1522849
vt 0.3140875 0.1522849
vt 0.3140875 0.150175
vt 0.3118235 0.150175
vt 0.3140875 0.1478912
vt 0.3118235 0.1478912
vt 0.3140875 0.1457813
vt 0.3118235 0.1457813
vt 0.0716528 0.01931136
vt 0.07376298 0.01773709
vt 0.0716528 0.01773709
vt 0.07376298 0.01931136
vt 0.0716528 0.02101536
vt 0.07376298 0.02101536
vt 0.0716528 0.02258964
vt 0.07376298 0.02258964
vt 0.0716528 0.02379452
vt 0.07376298 0.02379452
vt 0.1594232 0.3854711
vt 0.05028643 0.3846526
vt 0.05028643 0.3854711
vt 0.1594232 0.3846526
vt 0.05028643 0.3835834
vt 0.1594232 0.3835834
vt 0.05028643 0.382426
vt 0.1594232 0.382426
vt 0.05028643 0.3813567
vt 0.1594232 0.3813567
vt 0.05028643 0.3805383
vt 0.1594232 0.3805383
vt 0.2154828 0.437819
vt 0.21653 0.437819
vt 0.21653 0.3309356
vt 0.2154828 0.3309356
vt 0.2143493 0.437819
vt 0.2143493 0.3309356
vt 0.2133021 0.437819
vt 0.2133021 0.3309356
vt 0.2125006 0.437819
vt 0.2125006 0.3309356
vt 0.005862798 0.1094547
vt 0.007138355 0.1094547
vt 0.007138355 0.00257126
vt 0.005862798 0.00257126
vt 0.004196199 0.1094547
vt 0.004196199 0.00257126
vt 0.002392281 0.1094547
vt 0.002392281 0.00257126
vt 0.0007256884 0.1094547
vt 0.0007256884 0.00257126
vt 0.1649078 0.4425779
vt 0.1665744 0.3356946
vt 0.1649078 0.3356946
vt 0.1665744 0.4425779
vt 0.1683783 0.3356946
vt 0.1683783 0.4425779
vt 0.1700449 0.3356946
vt 0.1700449 0.4425779
vt 0.1713205 0.3356946
vt 0.1713205 0.4425779
vt 0.6384224 0.4330601
vt 0.6394696 0.3261772
vt 0.6384224 0.3261772
vt 0.6394696 0.4330601
vt 0.6406031 0.3261772
vt 0.6406031 0.4330601
vt 0.6416503 0.3261772
vt 0.6416503 0.4330601
vt 0.6424518 0.3261772
vt 0.6424518 0.4330601
vt 0.6678818 0.4259217
vt 0.6688951 0.3225029
vt 0.6678818 0.3225029
vt 0.6688951 0.4259217
vt 0.6699919 0.3225029
vt 0.6699919 0.4259217
vt 0.6710051 0.3225029
vt 0.6710051 0.4259217
vt 0.6565168 0.1237315
vt 0.6581293 0.02031244
vt 0.6565168 0.02031244
vt 0.6581293 0.1237315
vt 0.6598748 0.02031244
vt 0.6598748 0.1237315
vt 0.6614873 0.02031244
vt 0.6614873 0.1237315
vt 0.363344 0.147526
vt 0.3646465 0.03838923
vt 0.363344 0.03838923
vt 0.3646465 0.147526
vt 0.3663482 0.03838923
vt 0.3663482 0.147526
vt 0.3681902 0.03838923
vt 0.3681902 0.147526
vt 0.3698919 0.03838922
vt 0.3698919 0.147526
vt 0.3711944 0.03838923
vt 0.3711944 0.147526
vt 0.3894115 0.147526
vt 0.3902299 0.147526
vt 0.3902299 0.03838917
vt 0.3894115 0.03838917
vt 0.3883422 0.147526
vt 0.3883422 0.03838917
vt 0.3871849 0.147526
vt 0.3871849 0.03838917
vt 0.3861156 0.147526
vt 0.3861156 0.03838917
vt 0.3852971 0.147526
vt 0.3852971 0.03838917
vt 0.6289045 0.4330601
vt 0.6299517 0.3261772
vt 0.6289045 0.3261772
vt 0.6299517 0.4330601
vt 0.6310852 0.3261772
vt 0.6310852 0.4330601
vt 0.6321324 0.3261772
vt 0.6321324 0.4330601
vt 0.6329339 0.3261772
vt 0.6329339 0.4330601
vt 0.3585532 0.6710052
vt 0.3595665 0.5675861
vt 0.3585532 0.5675861
vt 0.3595665 0.6710052
vt 0.3606633 0.5675861
vt 0.3606633 0.6710052
vt 0.3616765 0.5675861
vt 0.3616765 0.6710052
vt 0.4956552 0.2117711
vt 0.4964568 0.1048879
vt 0.4956552 0.1048879
vt 0.4964568 0.2117711
vt 0.497504 0.1048879
vt 0.497504 0.2117711
vt 0.4986374 0.1048879
vt 0.4986374 0.2117711
vt 0.4996847 0.1048879
vt 0.4996847 0.2117711
vt 0.05887154 0.3194752
vt 0.05948627 0.3179911
vt 0.05948627 0.3163848
vt 0.05887153 0.3149007
vt 0.05773566 0.3206111
vt 0.05773567 0.3137648
vt 0.05625157 0.3212258
vt 0.05625155 0.31315
vt 0.05464518 0.3212259
vt 0.0546452 0.3131501
vt 0.05316109 0.3206111
vt 0.05316109 0.3137648
vt 0.05202521 0.3194752
vt 0.05202521 0.3149007
vt 0.05141048 0.3179911
vt 0.05141049 0.3163848
vt 0.3212259 0.0439111
vt 0.3191157 0.0439111
vt 0.3191157 0.04548537
vt 0.3212259 0.04548537
vt 0.3191157 0.04718932
vt 0.3212259 0.04718932
vt 0.3191157 0.04876359
vt 0.3212259 0.04876359
vt 0.3191157 0.04996848
vt 0.3212259 0.04996848
vt 0.3021902 0.09156829
vt 0.3000356 0.09279859
vt 0.3021902 0.09279859
vt 0.3000356 0.09156829
vt 0.3021902 0.08996082
vt 0.3000356 0.08996082
vt 0.3021902 0.08822091
vt 0.3000356 0.08822091
vt 0.3021902 0.08661344
vt 0.3000356 0.08661344
vt 0.3021902 0.08538313
vt 0.3000356 0.08538313
vt 0.2474629 0.03874651
vt 0.2450737 0.04045065
vt 0.2474629 0.04045065
vt 0.2450737 0.03874651
vt 0.2474629 0.03651997
vt 0.2450737 0.03651997
vt 0.2474629 0.03410994
vt 0.2450737 0.03410994
vt 0.2474629 0.03188338
vt 0.2450737 0.03188338
vt 0.2474629 0.03017923
vt 0.2450737 0.03017923
vt 0.2260479 0.2961793
vt 0.223708 0.2961793
vt 0.223708 0.2983599
vt 0.2260479 0.2983599
vt 0.223708 0.3007202
vt 0.2260479 0.3007202
vt 0.223708 0.3029008
vt 0.2260479 0.3029008
vt 0.223708 0.3045698
vt 0.2260479 0.3045698
vt 0.3117081 0.07396184
vt 0.3093683 0.07614243
vt 0.3117081 0.07614243
vt 0.3093683 0.07396184
vt 0.3117081 0.07160159
vt 0.3093683 0.07160159
vt 0.3117081 0.06942099
vt 0.3093683 0.06942099
vt 0.3117081 0.06775204
vt 0.3093683 0.06775204
vt 0.2546012 0.2953214
vt 0.2523372 0.2974313
vt 0.2546012 0.2974313
vt 0.2523372 0.2953214
vt 0.2546012 0.2930377
vt 0.2523372 0.2930377
vt 0.2546012 0.2909277
vt 0.2523372 0.2909277
vt 0.316467 0.03915213
vt 0.3143568 0.03915213
vt 0.3143568 0.04072641
vt 0.316467 0.04072641
vt 0.3143568 0.04243039
vt 0.316467 0.04243039
vt 0.3143568 0.04400466
vt 0.316467 0.04400466
vt 0.3143568 0.04520955
vt 0.316467 0.04520956
vt 0.3188464 0.1475896
vt 0.3168046 0.1475896
vt 0.3168046 0.1491129
vt 0.3188464 0.1491129
vt 0.3168046 0.1507616
vt 0.3188464 0.1507616
vt 0.3168046 0.1522849
vt 0.3188464 0.1522849
vt 0.0689218 0.3140875
vt 0.07052819 0.3140875
vt 0.07201229 0.3134729
vt 0.06743772 0.3134727
vt 0.07314818 0.312337
vt 0.06630185 0.3123369
vt 0.07376293 0.3108529
vt 0.06568716 0.3108528
vt 0.07376298 0.3092465
vt 0.06568718 0.3092464
vt 0.07314827 0.3077624
vt 0.06630194 0.3077623
vt 0.0720124 0.3066265
vt 0.06743784 0.3066265
vt 0.07052831 0.3060118
vt 0.06892194 0.3060117
vt 0.3143568 0.2049085
vt 0.316467 0.2033343
vt 0.3143568 0.2033343
vt 0.316467 0.2049085
vt 0.3143568 0.2066125
vt 0.316467 0.2066125
vt 0.3143568 0.2081867
vt 0.316467 0.2081867
vt 0.3143568 0.2093917
vt 0.316467 0.2093917
vt 0.3119329 0.1189725
vt 0.3140875 0.1189725
vt 0.3140875 0.1177422
vt 0.3119329 0.1177422
vt 0.3140875 0.1161348
vt 0.3119329 0.1161348
vt 0.3140875 0.1143949
vt 0.3119329 0.1143949
vt 0.3140875 0.1127874
vt 0.3119329 0.1127874
vt 0.3140875 0.1115571
vt 0.3119329 0.1115571
vt 0.01426698 0.2117711
vt 0.01665616 0.2117711
vt 0.01665616 0.210067
vt 0.01426698 0.210067
vt 0.01665616 0.2078404
vt 0.01426698 0.2078404
vt 0.01665616 0.2054304
vt 0.01426698 0.2054304
vt 0.01665616 0.2032038
vt 0.01426698 0.2032038
vt 0.01665616 0.2014997
vt 0.01426698 0.2014997
vt 0.2927121 0.2317352
vt 0.2950519 0.2295546
vt 0.2927121 0.2295546
vt 0.2950519 0.2317352
vt 0.2927121 0.2340955
vt 0.2950519 0.2340955
vt 0.2927121 0.2362761
vt 0.2950519 0.2362761
vt 0.2927121 0.2379451
vt 0.2950519 0.2379451
vt 0.2002116 0.2974314
vt 0.2022533 0.2974314
vt 0.2022533 0.2959081
vt 0.2002116 0.2959081
vt 0.2022533 0.2942594
vt 0.2002116 0.2942594
vt 0.2022533 0.2927362
vt 0.2002116 0.2927362
vt 0.2308463 0.3021903
vt 0.2331862 0.3021903
vt 0.2331862 0.3000097
vt 0.2308463 0.3000097
vt 0.2331862 0.2976494
vt 0.2308463 0.2976494
vt 0.2331862 0.2954688
vt 0.2308463 0.2954688
vt 0.2331862 0.2937998
vt 0.2308463 0.2937998
vt 0.1024318 0.2974313
vt 0.1046958 0.2974313
vt 0.1046958 0.2953214
vt 0.1024318 0.2953214
vt 0.1046958 0.2930377
vt 0.1024318 0.2930377
vt 0.1046958 0.2909277
vt 0.1024318 0.2909277
vt 0.3119774 0.1668373
vt 0.3140875 0.165263
vt 0.3119774 0.165263
vt 0.3140875 0.1668373
vt 0.3119774 0.1685413
vt 0.3140875 0.1685413
vt 0.3119774 0.1701155
vt 0.3140875 0.1701156
vt 0.3119774 0.1713205
vt 0.3140875 0.1713205
vt 0.1594232 0.3949888
vt 0.05028643 0.3941704
vt 0.05028642 0.3949888
vt 0.1594232 0.3941704
vt 0.05028643 0.3931011
vt 0.1594232 0.3931011
vt 0.05028643 0.3919438
vt 0.1594232 0.3919438
vt 0.05028643 0.3908745
vt 0.1594232 0.3908745
vt 0.05028643 0.3900561
vt 0.1594232 0.3900561
vt 0.5747799 0.4259217
vt 0.5758272 0.4259217
vt 0.5758272 0.3190386
vt 0.5747799 0.3190386
vt 0.5736465 0.4259217
vt 0.5736465 0.3190386
vt 0.5725992 0.4259217
vt 0.5725992 0.3190386
vt 0.5717977 0.4259217
vt 0.5717977 0.3190386
vt 0.2081161 0.437819
vt 0.2093917 0.437819
vt 0.2093917 0.3309356
vt 0.2081161 0.3309356
vt 0.2064495 0.437819
vt 0.2064495 0.3309356
vt 0.2046456 0.437819
vt 0.2046456 0.3309356
vt 0.202979 0.437819
vt 0.202979 0.3309356
vt 0.1744256 0.4425779
vt 0.1760922 0.3356946
vt 0.1744256 0.3356946
vt 0.1760922 0.4425779
vt 0.1778961 0.3356946
vt 0.1778961 0.4425779
vt 0.1795627 0.3356946
vt 0.1795627 0.4425779
vt 0.1808383 0.3356946
vt 0.1808383 0.4425779
vt 0.5242087 0.628175
vt 0.5252559 0.5212922
vt 0.5242087 0.5212922
vt 0.5252559 0.628175
vt 0.5263894 0.5212922
vt 0.5263894 0.628175
vt 0.5274366 0.5212922
vt 0.5274366 0.628175
vt 0.5282381 0.5212922
vt 0.5282381 0.628175
vt 0.4608696 0.6662464
vt 0.4618829 0.5628272
vt 0.4608696 0.5628272
vt 0.4618829 0.6662464
vt 0.4629796 0.5628272
vt 0.4629796 0.6662464
vt 0.4639929 0.5628272
vt 0.4639929 0.6662464
vt 0.4828169 0.6567285
vt 0.4844294 0.5533094
vt 0.4828169 0.5533094
vt 0.4844294 0.6567285
vt 0.4861749 0.5533094
vt 0.4861749 0.6567285
vt 0.4877875 0.5533094
vt 0.4877875 0.6567285
vt 0.2070122 0.3093286
vt 0.09787542 0.3080261
vt 0.09787542 0.3093286
vt 0.2070122 0.3080261
vt 0.09787542 0.3063244
vt 0.2070122 0.3063244
vt 0.09787542 0.3044825
vt 0.2070122 0.3044825
vt 0.09787542 0.3027807
vt 0.2070122 0.3027807
vt 0.09787542 0.3014783
vt 0.2070122 0.3014783
vt 0.1594232 0.4003923
vt 0.1594232 0.3995739
vt 0.05028645 0.3995739
vt 0.05028645 0.4003923
vt 0.1594232 0.4014616
vt 0.05028645 0.4014616
vt 0.1594232 0.402619
vt 0.05028645 0.402619
vt 0.1594232 0.4036883
vt 0.05028645 0.4036883
vt 0.1594232 0.4045067
vt 0.05028645 0.4045067
vt 0.5337265 0.6186573
vt 0.5347736 0.5117743
vt 0.5337265 0.5117743
vt 0.5347736 0.6186572
vt 0.5359072 0.5117743
vt 0.5359072 0.6186572
vt 0.5369543 0.5117743
vt 0.5369543 0.6186572
vt 0.5377559 0.5117743
vt 0.5377559 0.6186573
vt 0.6583641 0.4283012
vt 0.6593773 0.324882
vt 0.6583641 0.324882
vt 0.6593773 0.4283012
vt 0.6604741 0.324882
vt 0.6604741 0.4283012
vt 0.6614873 0.324882
vt 0.6614873 0.4283012
vt 0.6003511 0.4306806
vt 0.6011526 0.3237975
vt 0.6003511 0.3237975
vt 0.6011526 0.4306806
vt 0.6021999 0.3237975
vt 0.6021999 0.4306806
vt 0.6033333 0.3237975
vt 0.6033333 0.4306806
vt 0.6043805 0.3237975
vt 0.6043805 0.4306806
vt 0.1752241 0.3131501
vt 0.1736177 0.3131501
vt 0.1721336 0.3137649
vt 0.1767082 0.3137648
vt 0.1709977 0.3149007
vt 0.1778441 0.3149007
vt 0.170383 0.3163848
vt 0.1784588 0.3163848
vt 0.170383 0.3179912
vt 0.1784588 0.3179912
vt 0.1709978 0.3194753
vt 0.1778441 0.3194752
vt 0.1721337 0.3206112
vt 0.1767082 0.3206111
vt 0.1736178 0.3212259
vt 0.1752241 0.3212259
vt 0.02379452 0.070085
vt 0.02168435 0.070085
vt 0.02168435 0.0716593
vt 0.02379452 0.0716593
vt 0.02168435 0.07336326
vt 0.02379452 0.07336326
vt 0.02168435 0.07493751
vt 0.02379452 0.07493751
vt 0.02168435 0.07614244
vt 0.02379452 0.07614244
vt 0.3117081 0.2605093
vt 0.3095534 0.2617396
vt 0.3117081 0.2617396
vt 0.3095534 0.2605093
vt 0.3117081 0.2589018
vt 0.3095534 0.2589018
vt 0.3117081 0.2571619
vt 0.3095534 0.2571619
vt 0.3117081 0.2555545
vt 0.3095534 0.2555545
vt 0.3117081 0.2543241
vt 0.3095534 0.2543241
vt 0.2498423 0.01019309
vt 0.2474532 0.01189724
vt 0.2498423 0.01189724
vt 0.2474532 0.01019309
vt 0.2498423 0.007966529
vt 0.2474532 0.007966529
vt 0.2498423 0.005556495
vt 0.2474532 0.005556495
vt 0.2498423 0.003329937
vt 0.2474532 0.003329937
vt 0.2498423 0.001625787
vt 0.2474532 0.001625787
vt 0.3093286 0.2105191
vt 0.3069888 0.2105191
vt 0.3069888 0.2126997
vt 0.3093286 0.2126997
vt 0.3069888 0.21506
vt 0.3093286 0.21506
vt 0.3069888 0.2172405
vt 0.3093286 0.2172405
vt 0.3069888 0.2189095
vt 0.3093286 0.2189095
vt 0.3045697 0.04540843
vt 0.3022299 0.04758902
vt 0.3045697 0.04758902
vt 0.3022299 0.04540843
vt 0.3045697 0.04304817
vt 0.3022299 0.04304817
vt 0.3045697 0.04086757
vt 0.3022299 0.04086757
vt 0.3045697 0.03919861
vt 0.3022299 0.03919861
vt 0.2212889 0.0216846
vt 0.2190249 0.02379451
vt 0.2212889 0.02379451
vt 0.2190249 0.0216846
vt 0.2212889 0.01940084
vt 0.2190249 0.01940083
vt 0.2212889 0.01729091
vt 0.2190249 0.01729091
vt 0.01189726 0.09150007
vt 0.009787087 0.09150007
vt 0.009787087 0.09307436
vt 0.01189726 0.09307436
vt 0.009787087 0.09477834
vt 0.01189726 0.09477834
vt 0.009787087 0.09635258
vt 0.01189726 0.09635258
vt 0.009787087 0.09755749
vt 0.01189726 0.09755749
vt 0.2046328 0.3141512
vt 0.202591 0.3141512
vt 0.202591 0.3156744
vt 0.2046328 0.3156744
vt 0.202591 0.3173232
vt 0.2046328 0.3173232
vt 0.202591 0.3188464
vt 0.2046328 0.3188464
vt 0.2447608 0.3218547
vt 0.2458966 0.3229906
vt 0.2473807 0.3236054
vt 0.244146 0.3203707
vt 0.2489871 0.3236054
vt 0.244146 0.3187643
vt 0.2504712 0.3229906
vt 0.2447607 0.3172802
vt 0.2516071 0.3218547
vt 0.2458966 0.3161443
vt 0.2522218 0.3203706
vt 0.2473807 0.3155296
vt 0.2522218 0.3187643
vt 0.2489871 0.3155296
vt 0.2516071 0.3172802
vt 0.2504712 0.3161443
vt 0.01902588 0.2236684
vt 0.02141506 0.2236684
vt 0.02141506 0.2219642
vt 0.01902588 0.2219642
vt 0.02141506 0.2197377
vt 0.01902588 0.2197377
vt 0.02141506 0.2173276
vt 0.01902588 0.2173276
vt 0.02141506 0.2151011
vt 0.01902588 0.2151011
vt 0.02141506 0.2133969
vt 0.01902588 0.2133969
vt 0.2950915 0.04851754
vt 0.2974313 0.04633695
vt 0.2950915 0.04633695
vt 0.2974313 0.04851754
vt 0.2950915 0.05087781
vt 0.2974313 0.05087781
vt 0.2950915 0.05305841
vt 0.2974313 0.05305841
vt 0.2950915 0.05472736
vt 0.2974313 0.05472737
vt 0.02165999 0.01629867
vt 0.02379452 0.01507986
vt 0.02165999 0.01507986
vt 0.02379452 0.01629867
vt 0.02165999 0.01789111
vt 0.02379452 0.01789111
vt 0.02165999 0.0196148
vt 0.02379452 0.0196148
vt 0.02165999 0.02120725
vt 0.02379452 0.02120725
vt 0.02165999 0.02242603
vt 0.02379452 0.02242606
vt 0.02165999 0.0240185
vt 0.02379452 0.0240185
vt 0.02165999 0.02574216
vt 0.02379452 0.02574216
vt 0.02165999 0.02733459
vt 0.02379452 0.02733459
vt 0.02165999 0.02855342
vt 0.02379452 0.02855342
vt 0.02413219 0.2831547
vt 0.02617396 0.2831547
vt 0.02617396 0.2816314
vt 0.02413219 0.2816314
vt 0.02617396 0.2799827
vt 0.02413219 0.2799827
vt 0.02617396 0.2784594
vt 0.02413219 0.2784594
vt 0.05476698 0.3045697
vt 0.05710682 0.3045697
vt 0.05710682 0.3023891
vt 0.05476698 0.3023891
vt 0.05710682 0.3000289
vt 0.05476698 0.3000289
vt 0.05710682 0.2978483
vt 0.05476698 0.2978483
vt 0.05710682 0.2961793
vt 0.05476698 0.2961793
vt 0.2237838 0.007138349
vt 0.2260478 0.007138349
vt 0.2260478 0.005028439
vt 0.2237838 0.005028439
vt 0.2260478 0.002744667
vt 0.2237838 0.002744667
vt 0.2260478 0.0006347452
vt 0.2237838 0.0006347452
vt 0.007407626 0.1525606
vt 0.009517798 0.1509863
vt 0.007407626 0.1509863
vt 0.009517798 0.1525606
vt 0.007407626 0.1542646
vt 0.009517798 0.1542646
vt 0.007407626 0.1558388
vt 0.009517798 0.1558388
vt 0.007407626 0.1570438
vt 0.009517798 0.1570438
vt 0.4043328 0.147526
vt 0.4051512 0.03838921
vt 0.4043328 0.03838919
vt 0.4051512 0.147526
vt 0.4062205 0.03838921
vt 0.4062205 0.147526
vt 0.4073779 0.03838921
vt 0.4073779 0.147526
vt 0.4084472 0.03838921
vt 0.4084472 0.147526
vt 0.4092656 0.03838921
vt 0.4092656 0.147526
vt 0.5081553 0.1927355
vt 0.5092025 0.1927355
vt 0.5092025 0.08585232
vt 0.5081553 0.08585233
vt 0.5070218 0.1927355
vt 0.5070218 0.08585233
vt 0.5059746 0.1927355
vt 0.5059746 0.08585233
vt 0.5051731 0.1927355
vt 0.5051731 0.08585233
vt 0.2247723 0.4330601
vt 0.2260478 0.4330601
vt 0.2260478 0.3261767
vt 0.2247723 0.3261767
vt 0.2231057 0.4330601
vt 0.2231057 0.3261767
vt 0.2213018 0.4330601
vt 0.2213018 0.3261767
vt 0.2196352 0.4330601
vt 0.2196352 0.3261767
vt 0.4409241 0.1451465
vt 0.4425907 0.03826327
vt 0.4409241 0.03826327
vt 0.4425907 0.1451465
vt 0.4443946 0.03826327
vt 0.4443946 0.1451465
vt 0.4460612 0.03826327
vt 0.4460612 0.1451465
vt 0.4473368 0.03826327
vt 0.4473368 0.1451465
vt 0.6479401 0.1760794
vt 0.6489873 0.06919653
vt 0.6479401 0.06919653
vt 0.6489873 0.1760794
vt 0.6501208 0.06919653
vt 0.6501208 0.1760794
vt 0.651168 0.06919653
vt 0.651168 0.1760794
vt 0.6519696 0.06919653
vt 0.6519696 0.1760794
vt 0.4394546 0.6710051
vt 0.4404679 0.5675861
vt 0.4394546 0.5675861
vt 0.4404679 0.6710051
vt 0.4415646 0.5675861
vt 0.4415646 0.6710051
vt 0.4425779 0.5675861
vt 0.4425779 0.6710051
vt 0.6517579 0.2831547
vt 0.6533705 0.1797356
vt 0.6517579 0.1797356
vt 0.6533705 0.2831547
vt 0.6551159 0.1797356
vt 0.6551159 0.2831547
vt 0.6567285 0.1797356
vt 0.6567285 0.2831547
vt 0.1594232 0.3426409
vt 0.05028643 0.3413385
vt 0.05028643 0.3426409
vt 0.1594232 0.3413385
vt 0.05028643 0.3396367
vt 0.1594232 0.3396367
vt 0.05028643 0.3377948
vt 0.1594232 0.3377948
vt 0.05028642 0.3360931
vt 0.1594232 0.3360931
vt 0.05028643 0.3347906
vt 0.1594232 0.3347906
vt 0.1594232 0.4099101
vt 0.1594232 0.4090917
vt 0.05028645 0.4090917
vt 0.05028645 0.4099101
vt 0.1594232 0.4109794
vt 0.05028645 0.4109794
vt 0.1594232 0.4121368
vt 0.05028645 0.4121368
vt 0.1594232 0.413206
vt 0.05028645 0.413206
vt 0.1594232 0.4140245
vt 0.05028645 0.4140245
vt 0.4956552 0.6519696
vt 0.4967024 0.5450867
vt 0.4956552 0.5450867
vt 0.4967024 0.6519696
vt 0.497836 0.5450867
vt 0.497836 0.6519696
vt 0.4988831 0.5450867
vt 0.4988831 0.6519696
vt 0.4996847 0.5450867
vt 0.4996847 0.6519696
vt 0.663123 0.2308068
vt 0.6641363 0.1273877
vt 0.663123 0.1273877
vt 0.6641363 0.2308068
vt 0.665233 0.1273877
vt 0.665233 0.2308068
vt 0.6662463 0.1273877
vt 0.6662463 0.2308068
vt 0.5337265 0.1998739
vt 0.5345281 0.09299073
vt 0.5337265 0.09299073
vt 0.5345281 0.1998738
vt 0.5355753 0.09299073
vt 0.5355753 0.1998738
vt 0.5367087 0.09299073
vt 0.5367087 0.1998738
vt 0.537756 0.09299073
vt 0.537756 0.1998738
vt 0.3107706 0.06101051
vt 0.3113854 0.06249459
vt 0.3125213 0.06363047
vt 0.3107706 0.05940414
vt 0.3140053 0.06424518
vt 0.3113853 0.05792003
vt 0.3156117 0.06424517
vt 0.3125212 0.05678413
vt 0.3170958 0.06363042
vt 0.3140053 0.05616939
vt 0.3182317 0.06249453
vt 0.3156117 0.05616938
vt 0.3188464 0.06101045
vt 0.3170958 0.05678409
vt 0.3188464 0.05940406
vt 0.3182317 0.05791997
vt 0.1974944 0.312789
vt 0.1953842 0.312789
vt 0.1953842 0.3143633
vt 0.1974944 0.3143633
vt 0.1953842 0.3160673
vt 0.1974944 0.3160673
vt 0.1953842 0.3176415
vt 0.1974944 0.3176415
vt 0.1953842 0.3188464
vt 0.1974944 0.3188464
vt 0.3140875 0.1415368
vt 0.3119329 0.1427671
vt 0.3140875 0.1427671
vt 0.3119329 0.1415368
vt 0.3140875 0.1399293
vt 0.3119329 0.1399293
vt 0.3140875 0.1381894
vt 0.3119329 0.1381894
vt 0.3140875 0.1365819
vt 0.3119329 0.1365819
vt 0.3140875 0.1353516
vt 0.3119329 0.1353516
vt 0.004758899 0.2243437
vt 0.002369717 0.2260478
vt 0.004758899 0.2260478
vt 0.002369717 0.2243437
vt 0.004758899 0.2221171
vt 0.002369717 0.2221171
vt 0.004758899 0.2197071
vt 0.002369717 0.2197071
vt 0.004758899 0.2174805
vt 0.002369717 0.2174805
vt 0.004758899 0.2157764
vt 0.002369717 0.2157764
vt 0.3093286 0.2224164
vt 0.3069888 0.2224164
vt 0.3069888 0.2245969
vt 0.3093286 0.2245969
vt 0.3069888 0.2269572
vt 0.3093286 0.2269572
vt 0.3069888 0.2291378
vt 0.3093286 0.2291378
vt 0.3069888 0.2308068
vt 0.3093286 0.2308068
vt 0.2141506 0.3047686
vt 0.2118108 0.3069492
vt 0.2141506 0.3069492
vt 0.2118108 0.3047686
vt 0.2141506 0.3024083
vt 0.2118108 0.3024083
vt 0.2141506 0.3002278
vt 0.2118108 0.3002278
vt 0.2141506 0.2985588
vt 0.2118108 0.2985588
vt 0.009517798 0.1644516
vt 0.007253791 0.1665616
vt 0.009517798 0.1665616
vt 0.007253791 0.1644516
vt 0.009517798 0.1621679
vt 0.007253791 0.1621679
vt 0.009517798 0.160058
vt 0.007253791 0.160058
vt 0.0142767 0.191437
vt 0.01216653 0.191437
vt 0.01216653 0.1930113
vt 0.0142767 0.1930113
vt 0.01216653 0.1947152
vt 0.0142767 0.1947152
vt 0.01216653 0.1962895
vt 0.0142767 0.1962895
vt 0.01216653 0.1974944
vt 0.0142767 0.1974944
vt 0.2046328 0.01196089
vt 0.202591 0.01196089
vt 0.202591 0.01348414
vt 0.2046328 0.01348414
vt 0.202591 0.01513288
vt 0.2046328 0.01513288
vt 0.202591 0.01665616
vt 0.2046328 0.01665616
vt 0.07581971 0.3149007
vt 0.07520497 0.3163848
vt 0.07520497 0.3179912
vt 0.07581971 0.3194753
vt 0.07695557 0.3137648
vt 0.07695559 0.3206111
vt 0.07843965 0.3131501
vt 0.07843968 0.3212259
vt 0.08004605 0.3131501
vt 0.08004607 0.3212259
vt 0.08153014 0.3137648
vt 0.08153016 0.3206111
vt 0.08266602 0.3149007
vt 0.08266605 0.3194753
vt 0.08328076 0.3163848
vt 0.08328076 0.3179912
vt 0.02616423 0.2760163
vt 0.02855341 0.2760163
vt 0.02855341 0.2743122
vt 0.02616423 0.2743122
vt 0.02855341 0.2720856
vt 0.02616423 0.2720856
vt 0.02855341 0.2696756
vt 0.02616423 0.2696756
vt 0.02855341 0.267449
vt 0.02616423 0.267449
vt 0.02855341 0.2657449
vt 0.02616423 0.2657449
vt 0.2998504 0.0556559
vt 0.3021903 0.05347531
vt 0.2998504 0.05347531
vt 0.3021903 0.0556559
vt 0.2998504 0.05801617
vt 0.3021903 0.05801617
vt 0.2998504 0.06019677
vt 0.3021903 0.06019677
vt 0.2998504 0.06186573
vt 0.3021903 0.06186573
vt 0.009762726 0.02105757
vt 0.01189726 0.01983876
vt 0.009762726 0.01983876
vt 0.01189726 0.02105757
vt 0.009762726 0.02265001
vt 0.01189726 0.02265001
vt 0.009762726 0.0243737
vt 0.01189726 0.0243737
vt 0.009762726 0.02596615
vt 0.01189726 0.02596615
vt 0.009762726 0.02718493
vt 0.01189726 0.02718496
vt 0.009762726 0.0287774
vt 0.01189726 0.0287774
vt 0.009762726 0.03050106
vt 0.01189726 0.03050106
vt 0.009762726 0.03209349
vt 0.01189726 0.03209349
vt 0.009762726 0.03331232
vt 0.01189726 0.03331232
vt 0.3168046 0.08803967
vt 0.3188464 0.08803967
vt 0.3188464 0.0865164
vt 0.3168046 0.0865164
vt 0.3188464 0.08486768
vt 0.3168046 0.08486768
vt 0.3188464 0.08334442
vt 0.3168046 0.08334442
vt 0.2831943 0.2712574
vt 0.2855341 0.2712574
vt 0.2855341 0.2690768
vt 0.2831943 0.2690768
vt 0.2855341 0.2667165
vt 0.2831943 0.2667165
vt 0.2855341 0.2645359
vt 0.2831943 0.2645359
vt 0.2855341 0.262867
vt 0.2831943 0.262867
vt 0.2951674 0.195115
vt 0.2974313 0.195115
vt 0.2974313 0.1930051
vt 0.2951674 0.1930051
vt 0.2974313 0.1907213
vt 0.2951674 0.1907213
vt 0.2974313 0.1886114
vt 0.2951674 0.1886114
vt 0.3119774 0.1763551
vt 0.3140875 0.1747808
vt 0.3119774 0.1747808
vt 0.3140875 0.1763551
vt 0.3119774 0.1780591
vt 0.3140875 0.1780591
vt 0.3119774 0.1796334
vt 0.3140875 0.1796334
vt 0.3119774 0.1808383
vt 0.3140875 0.1808383
vt 0.4138506 0.147526
vt 0.414669 0.03838933
vt 0.4138506 0.03838931
vt 0.414669 0.147526
vt 0.4157383 0.03838933
vt 0.4157383 0.147526
vt 0.4168957 0.03838933
vt 0.4168957 0.147526
vt 0.417965 0.03838933
vt 0.417965 0.147526
vt 0.4187834 0.03838933
vt 0.4187834 0.147526
vt 0.232139 0.43306
vt 0.2331862 0.4330601
vt 0.2331862 0.3261767
vt 0.232139 0.3261767
vt 0.2310055 0.43306
vt 0.2310055 0.3261767
vt 0.2299583 0.43306
vt 0.2299583 0.3261767
vt 0.2291568 0.4330601
vt 0.2291568 0.3261767
vt 0.4365434 0.1451465
vt 0.437819 0.1451465
vt 0.437819 0.03826319
vt 0.4365434 0.03826319
vt 0.4348768 0.1451465
vt 0.4348768 0.03826319
vt 0.4330729 0.1451465
vt 0.4330729 0.03826319
vt 0.4314063 0.1451465
vt 0.4314063 0.03826319
vt 0.4504419 0.1451465
vt 0.4521085 0.03826328
vt 0.4504419 0.03826328
vt 0.4521085 0.1451465
vt 0.4539124 0.03826328
vt 0.4539124 0.1451465
vt 0.455579 0.03826328
vt 0.455579 0.1451465
vt 0.4568546 0.03826328
vt 0.4568546 0.1451465
vt 0.5146908 0.6376929
vt 0.5157381 0.5308099
vt 0.5146908 0.5308099
vt 0.5157381 0.6376929
vt 0.5168716 0.5308099
vt 0.5168716 0.6376929
vt 0.5179188 0.5308099
vt 0.5179188 0.6376929
vt 0.5187203 0.5308099
vt 0.5187203 0.6376929
vt 0.4537313 0.6710051
vt 0.4547445 0.5675863
vt 0.4537313 0.5675863
vt 0.4547445 0.6710051
vt 0.4558413 0.5675863
vt 0.4558413 0.6710051
vt 0.4568546 0.5675863
vt 0.4568546 0.6710051
vt 0.4709196 0.6614873
vt 0.4725322 0.5580683
vt 0.4709196 0.5580683
vt 0.4725322 0.6614873
vt 0.4742776 0.5580683
vt 0.4742776 0.6614873
vt 0.4758902 0.5580683
vt 0.4758902 0.6614873
vt 0.3490673 0.147526
vt 0.3503698 0.03838921
vt 0.3490673 0.03838921
vt 0.3503698 0.147526
vt 0.3520715 0.03838921
vt 0.3520715 0.147526
vt 0.3539135 0.03838921
vt 0.3539135 0.147526
vt 0.3556152 0.03838919
vt 0.3556152 0.147526
vt 0.3569176 0.03838921
vt 0.3569176 0.147526
vt 0.1594232 0.4194279
vt 0.1594232 0.4186095
vt 0.05028656 0.4186095
vt 0.05028656 0.4194279
vt 0.1594232 0.4204972
vt 0.05028656 0.4204972
vt 0.1594232 0.4216546
vt 0.05028656 0.4216546
vt 0.1594232 0.4227239
vt 0.05028656 0.4227239
vt 0.1594232 0.4235422
vt 0.05028656 0.4235423
vt 0.5027936 0.6472106
vt 0.5038408 0.5403277
vt 0.5027936 0.5403277
vt 0.5038408 0.6472106
vt 0.5049743 0.5403277
vt 0.5049743 0.6472106
vt 0.5060215 0.5403277
vt 0.5060215 0.6472106
vt 0.5068231 0.5403277
vt 0.5068231 0.6472106
vt 0.4465929 0.6710051
vt 0.4476062 0.5675862
vt 0.4465929 0.5675862
vt 0.4476062 0.6710051
vt 0.4487029 0.5675862
vt 0.4487029 0.6710051
vt 0.4497162 0.5675862
vt 0.4497162 0.6710051
vt 0.4623429 0.1451465
vt 0.4631444 0.03826317
vt 0.4623429 0.03826317
vt 0.4631444 0.1451465
vt 0.4641916 0.03826317
vt 0.4641916 0.1451465
vt 0.4653251 0.03826317
vt 0.4653251 0.1451465
vt 0.4663723 0.03826317
vt 0.4663723 0.1451465
vt 0.1822803 0.3179912
vt 0.182895 0.3194753
vt 0.1840309 0.3206112
vt 0.185515 0.3212259
vt 0.1822803 0.3163848
vt 0.1871214 0.3212259
vt 0.182895 0.3149007
vt 0.1886055 0.3206111
vt 0.1840309 0.3137649
vt 0.1897414 0.3194752
vt 0.185515 0.3131501
vt 0.1903561 0.3179912
vt 0.1871213 0.3131501
vt 0.1903561 0.3163848
vt 0.1886054 0.3137648
vt 0.1897413 0.3149007
vt 0.316467 0.07484391
vt 0.3143568 0.07484391
vt 0.3143568 0.0764182
vt 0.316467 0.0764182
vt 0.3143568 0.07812218
vt 0.316467 0.07812218
vt 0.3143568 0.07969642
vt 0.316467 0.07969642
vt 0.3143568 0.08090133
vt 0.316467 0.08090133
vt 0.3069492 0.2390942
vt 0.3047945 0.2403245
vt 0.3069492 0.2403245
vt 0.3047945 0.2390942
vt 0.3069492 0.2374868
vt 0.3047945 0.2374868
vt 0.3069492 0.2357469
vt 0.3047945 0.2357469
vt 0.3069492 0.2341394
vt 0.3047945 0.2341394
vt 0.3069492 0.2329091
vt 0.3047945 0.2329091
vt 0.02617396 0.231482
vt 0.02378478 0.2331862
vt 0.02617396 0.2331862
vt 0.02378478 0.231482
vt 0.02617396 0.2292555
vt 0.02378478 0.2292555
vt 0.02617396 0.2268454
vt 0.02378478 0.2268454
vt 0.02617396 0.2246189
vt 0.02378478 0.2246189
vt 0.02617396 0.2229147
vt 0.02378478 0.2229147
vt 0.3093286 0.04633697
vt 0.3069888 0.04633697
vt 0.3069888 0.04851756
vt 0.3093286 0.04851756
vt 0.3069888 0.05087782
vt 0.3093286 0.05087782
vt 0.3069888 0.05305842
vt 0.3093286 0.05305842
vt 0.3069888 0.05472737
vt 0.3093286 0.05472737
vt 0.06186571 0.3095275
vt 0.05952588 0.3117081
vt 0.06186571 0.3117081
vt 0.05952588 0.3095275
vt 0.06186571 0.3071672
vt 0.05952588 0.3071672
vt 0.06186571 0.3049866
vt 0.05952588 0.3049866
vt 0.06186571 0.3033177
vt 0.05952588 0.3033177
vt 0.3140875 0.1596927
vt 0.3118235 0.1618027
vt 0.3140875 0.1618027
vt 0.3118235 0.1596927
vt 0.3140875 0.157409
vt 0.3118235 0.157409
vt 0.3140875 0.1552991
vt 0.3118235 0.1552991
vt 0.3140875 0.1842986
vt 0.3119774 0.1842986
vt 0.3119774 0.1858729
vt 0.3140875 0.1858729
vt 0.3119774 0.1875769
vt 0.3140875 0.1875769
vt 0.3119774 0.1891512
vt 0.3140875 0.1891512
vt 0.3119774 0.1903561
vt 0.3140875 0.1903561
vt 0.1784588 0.007201963
vt 0.1764171 0.007201963
vt 0.1764171 0.008725218
vt 0.1784588 0.008725218
vt 0.1764171 0.01037396
vt 0.1784588 0.01037396
vt 0.1764171 0.01189724
vt 0.1784588 0.01189724
vt 0.1522848 0.3187642
vt 0.1516701 0.3172801
vt 0.1505342 0.3161443
vt 0.1522849 0.3203706
vt 0.1490501 0.3155295
vt 0.1516701 0.3218547
vt 0.1474438 0.3155296
vt 0.1505343 0.3229906
vt 0.1459597 0.3161443
vt 0.1490501 0.3236053
vt 0.1448238 0.3172801
vt 0.1474438 0.3236053
vt 0.1442091 0.3187643
vt 0.1459597 0.3229906
vt 0.1442091 0.3203706
vt 0.1448238 0.3218547
vt 0.009508078 0.2498423
vt 0.01189726 0.2498423
vt 0.01189726 0.2481382
vt 0.009508078 0.2481382
vt 0.01189726 0.2459116
vt 0.009508078 0.2459116
vt 0.01189726 0.2435016
vt 0.009508078 0.2435016
vt 0.01189726 0.241275
vt 0.009508078 0.241275
vt 0.01189726 0.2395709
vt 0.009508078 0.2395709
vt 0.2950915 0.1103833
vt 0.2974313 0.1082027
vt 0.2950915 0.1082027
vt 0.2974313 0.1103833
vt 0.2950915 0.1127435
vt 0.2974313 0.1127435
vt 0.2950915 0.1149241
vt 0.2974313 0.1149241
vt 0.2950915 0.1165931
vt 0.2974313 0.1165931
vt 0.009762703 0.002021946
vt 0.01189724 0.0008031373
vt 0.009762703 0.0008031373
vt 0.01189724 0.002021946
vt 0.009762703 0.003614392
vt 0.01189724 0.003614392
vt 0.009762703 0.005338079
vt 0.01189724 0.005338079
vt 0.009762703 0.006930525
vt 0.01189724 0.006930525
vt 0.009762703 0.008149334
vt 0.01189724 0.008149334
vt 0.009762703 0.00974178
vt 0.01189726 0.00974178
vt 0.009762703 0.01146544
vt 0.01189726 0.01146544
vt 0.009762703 0.01305787
vt 0.01189726 0.01305787
vt 0.009762703 0.0142767
vt 0.01189726 0.0142767
vt 0.107413 0.2974313
vt 0.1094547 0.2974313
vt 0.1094547 0.2959081
vt 0.107413 0.2959081
vt 0.1094547 0.2942594
vt 0.107413 0.2942594
vt 0.1094547 0.2927361
vt 0.107413 0.2927361
vt 0.2379847 0.3045697
vt 0.2403245 0.3045697
vt 0.2403245 0.3023891
vt 0.2379847 0.3023891
vt 0.2403245 0.3000289
vt 0.2379847 0.3000289
vt 0.2403245 0.2978483
vt 0.2379847 0.2978483
vt 0.2403245 0.2961793
vt 0.2379847 0.2961793
vt 0.05008391 0.3117081
vt 0.05234792 0.3117081
vt 0.05234792 0.3095982
vt 0.05008391 0.3095982
vt 0.05234792 0.3073144
vt 0.05008391 0.3073144
vt 0.05234792 0.3052045
vt 0.05008391 0.3052045
vt 0.3143568 0.1953907
vt 0.316467 0.1938165
vt 0.3143568 0.1938165
vt 0.316467 0.1953907
vt 0.3143568 0.1970947
vt 0.316467 0.1970947
vt 0.3143568 0.198669
vt 0.316467 0.198669
vt 0.3143568 0.1998739
vt 0.316467 0.1998739
vt 0.3240345 0.5179568
vt 0.280815 0.4824875
vt 0.300678 0.5023506
vt 0.3157863 0.4839411
vt 0.3499867 0.5287066
vt 0.2652087 0.4591311
vt 0.3442955 0.4887248
vt 0.3775375 0.5341868
vt 0.3055325 0.4569128
vt 0.2544589 0.4331788
vt 0.3727094 0.4911097
vt 0.4056281 0.5341868
vt 0.2976502 0.4295102
vt 0.2489788 0.405628
vt 0.3372909 0.4577376
vt 0.4012856 0.4900973
vt 0.4331788 0.5287066
vt 0.2930682 0.4012856
vt 0.2489788 0.3775375
vt 0.3314414 0.4278928
vt 0.3677034 0.4576523
vt 0.4295102 0.4855154
vt 0.4591312 0.5179568
vt 0.2920558 0.3727094
vt 0.2544589 0.3499867
vt 0.3978992 0.4557148
vt 0.3274507 0.3978992
vt 0.3632814 0.4260681
vt 0.4569129 0.4776329
vt 0.4824876 0.5023505
vt 0.2944407 0.3442955
vt 0.2652087 0.3240344
vt 0.4278928 0.4517241
vt 0.3947209 0.4234449
vt 0.3255133 0.3677034
vt 0.3597206 0.3947209
vt 0.4839411 0.4673792
vt 0.5023506 0.4824875
vt 0.5179569 0.4591311
vt 0.4577376 0.4458746
vt 0.4887248 0.43887
vt 0.5287066 0.4331788
vt 0.426068 0.4198841
vt 0.3915828 0.3915828
vt 0.3570974 0.3632814
vt 0.4911097 0.4104561
vt 0.5341868 0.405628
vt 0.4576522 0.4154621
vt 0.4234449 0.3884446
vt 0.4900973 0.3818799
vt 0.5341868 0.3775375
vt 0.4557148 0.3852662
vt 0.3884447 0.3597206
vt 0.3254279 0.3372909
vt 0.4855154 0.3536552
vt 0.5287066 0.3499867
vt 0.4198841 0.3570974
vt 0.4517241 0.3552727
vt 0.3552727 0.3314414
vt 0.2992245 0.3157863
vt 0.280815 0.300678
vt 0.3006779 0.280815
vt 0.3262526 0.3055326
vt 0.3240343 0.2652087
vt 0.3536553 0.2976502
vt 0.3499867 0.2544589
vt 0.3852663 0.3274506
vt 0.38188 0.2930682
vt 0.3775375 0.2489787
vt 0.4154621 0.3255133
vt 0.4104561 0.2920558
vt 0.4056281 0.2489787
vt 0.4458746 0.3254279
vt 0.4388699 0.2944407
vt 0.4331788 0.2544589
vt 0.4776329 0.3262526
vt 0.5179568 0.3240344
vt 0.4673793 0.2992245
vt 0.4591311 0.2652087
vt 0.5023506 0.300678
vt 0.4824875 0.280815
vt 0.04603383 0.04119261
vt 0.04758902 0.04088341
vt 0.04673754 0.03882773
vt 0.04541909 0.03970851
vt 0.04603381 0.04279898
vt 0.04516417 0.03725437
vt 0.04758902 0.04310848
vt 0.04428322 0.03857262
vt 0.0454191 0.04428307
vt 0.04310849 0.03640286
vt 0.04673753 0.04516418
vt 0.04279911 0.03795789
vt 0.04428321 0.04541896
vt 0.04088342 0.03640285
vt 0.04516417 0.04673754
vt 0.04119274 0.03795787
vt 0.04279911 0.04603368
vt 0.03882773 0.03725434
vt 0.04310848 0.04758902
vt 0.03970864 0.03857262
vt 0.04119273 0.04603368
vt 0.03725437 0.0388277
vt 0.04088341 0.04758902
vt 0.03857278 0.03970849
vt 0.03970864 0.04541896
vt 0.03640287 0.0408834
vt 0.03882772 0.04673752
vt 0.03795801 0.0411926
vt 0.03857274 0.04428307
vt 0.03640288 0.04310846
vt 0.03725435 0.04516415
vt 0.03795802 0.04279898
vt 0.2603712 0.0440688
vt 0.2577372 0.04201327
vt 0.2593839 0.04447773
vt 0.2597929 0.04116178
vt 0.2561638 0.04358663
vt 0.2614397 0.04406882
vt 0.2586283 0.04523332
vt 0.2620179 0.04116179
vt 0.2553124 0.04564233
vt 0.2624269 0.04447771
vt 0.2582194 0.04622056
vt 0.2640736 0.04201326
vt 0.2553124 0.04786739
vt 0.2631826 0.04523332
vt 0.2582194 0.0472891
vt 0.265647 0.04358661
vt 0.2561638 0.04992307
vt 0.2635914 0.04622053
vt 0.2586283 0.04827633
vt 0.2664985 0.0456423
vt 0.2577372 0.05149643
vt 0.2635914 0.04728911
vt 0.2593839 0.04903192
vt 0.2664985 0.04786737
vt 0.2597929 0.05234792
vt 0.2631826 0.04827634
vt 0.2603712 0.04944085
vt 0.265647 0.04992306
vt 0.262018 0.05234792
vt 0.2624269 0.04903191
vt 0.2614397 0.04944085
vt 0.2640736 0.05149641
vt 0.08536027 0.003618136
vt 0.08593857 0.0007110911
vt 0.0837135 0.0007110913
vt 0.08429173 0.00361813
vt 0.0863475 0.004027064
vt 0.0816578 0.001562607
vt 0.08799425 0.001562593
vt 0.08330452 0.004027062
vt 0.08710311 0.004782653
vt 0.08008444 0.003135954
vt 0.08956762 0.003135948
vt 0.08254891 0.004782636
vt 0.08751202 0.005769859
vt 0.07923297 0.005191633
vt 0.09041911 0.005191627
vt 0.08214001 0.005769879
vt 0.08751202 0.006838426
vt 0.07923296 0.007416692
vt 0.09041911 0.007416696
vt 0.08213998 0.006838434
vt 0.0871031 0.007825657
vt 0.08008444 0.009472391
vt 0.08956762 0.009472385
vt 0.08254892 0.007825673
vt 0.08634751 0.008581264
vt 0.0816578 0.01104575
vt 0.08799426 0.01104574
vt 0.08330449 0.00858126
vt 0.08536029 0.008990174
vt 0.08371351 0.01189724
vt 0.08593856 0.01189725
vt 0.08429171 0.008990166
vt 0.03970869 0.0147781
vt 0.03882774 0.01345985
vt 0.03725437 0.01503322
vt 0.0411928 0.01416336
vt 0.03857283 0.01591399
vt 0.04088341 0.01260833
vt 0.0364029 0.0170889
vt 0.04279917 0.01416335
vt 0.03795808 0.01739809
vt 0.04310848 0.01260832
vt 0.0364029 0.01931396
vt 0.04428326 0.01477809
vt 0.03795812 0.01900447
vt 0.04516418 0.01345981
vt 0.0372544 0.02136966
vt 0.04541914 0.01591396
vt 0.03857283 0.02048856
vt 0.04673754 0.01503316
vt 0.03882775 0.02294301
vt 0.0460339 0.01739807
vt 0.03970871 0.02162443
vt 0.04758904 0.01708886
vt 0.04088344 0.02379449
vt 0.0460339 0.01900444
vt 0.04119282 0.02223916
vt 0.04758904 0.01931393
vt 0.04310852 0.02379449
vt 0.04541918 0.02048853
vt 0.0427992 0.02223915
vt 0.04673757 0.02136961
vt 0.04516421 0.02294298
vt 0.04428328 0.02162442
vt 0.2913115 0.08583791
vt 0.2899269 0.08424924
vt 0.2902429 0.08583792
vt 0.2916275 0.08424924
vt 0.2883558 0.08490003
vt 0.2922987 0.08624682
vt 0.2892557 0.08624686
vt 0.2931986 0.0849
vt 0.2871533 0.08610252
vt 0.2930543 0.08700241
vt 0.2885001 0.08700244
vt 0.2944011 0.08610249
vt 0.2865026 0.08767366
vt 0.2934632 0.08798961
vt 0.2880912 0.08798967
vt 0.2950519 0.08767358
vt 0.2865026 0.08937424
vt 0.2934632 0.08905819
vt 0.2880912 0.08905824
vt 0.2950519 0.08937418
vt 0.2871534 0.09094539
vt 0.2930543 0.09004541
vt 0.2885001 0.09004546
vt 0.2944012 0.09094531
vt 0.2883559 0.09214786
vt 0.2922987 0.09080102
vt 0.2892557 0.09080105
vt 0.2931987 0.09214783
vt 0.289927 0.09279864
vt 0.2913115 0.09120993
vt 0.2902429 0.09120995
vt 0.2916276 0.09279861
vt 0.2946782 0.2099783
vt 0.2955781 0.2086314
vt 0.294007 0.2079807
vt 0.293691 0.2095693
vt 0.2954338 0.2107338
vt 0.2923064 0.2079807
vt 0.2967806 0.2098339
vt 0.2926224 0.2095693
vt 0.2958427 0.211721
vt 0.2907352 0.2086314
vt 0.2974313 0.2114051
vt 0.2916352 0.2099783
vt 0.2958427 0.2127896
vt 0.2895328 0.2098339
vt 0.2974313 0.2131056
vt 0.2908796 0.2107338
vt 0.2954338 0.2137769
vt 0.288882 0.2114051
vt 0.2967806 0.2146768
vt 0.2904707 0.211721
vt 0.2946782 0.2145324
vt 0.288882 0.2131056
vt 0.2955781 0.2158793
vt 0.2904707 0.2127896
vt 0.293691 0.2149414
vt 0.2895328 0.2146768
vt 0.294007 0.21653
vt 0.2908796 0.2137768
vt 0.2926224 0.2149414
vt 0.2907353 0.2158793
vt 0.2923064 0.21653
vt 0.2916352 0.2145324
vt 0.01985988 0.04119261
vt 0.02141506 0.04088341
vt 0.02056359 0.03882773
vt 0.01924513 0.03970851
vt 0.01985985 0.04279898
vt 0.01899021 0.03725437
vt 0.02141506 0.04310848
vt 0.01810927 0.03857262
vt 0.01924514 0.04428307
vt 0.01693453 0.03640286
vt 0.02056357 0.04516418
vt 0.01662515 0.03795788
vt 0.01810926 0.04541896
vt 0.01470947 0.03640285
vt 0.01899021 0.04673754
vt 0.01501879 0.03795787
vt 0.01662515 0.04603368
vt 0.01265378 0.03725433
vt 0.01693452 0.04758902
vt 0.01353469 0.03857262
vt 0.01501877 0.04603368
vt 0.01108041 0.0388277
vt 0.01470946 0.04758901
vt 0.01239883 0.03970849
vt 0.01353468 0.04541896
vt 0.01022892 0.0408834
vt 0.01265376 0.04673752
vt 0.01178406 0.0411926
vt 0.01239879 0.04428306
vt 0.01022893 0.04310846
vt 0.0110804 0.04516415
vt 0.01178407 0.04279898
vt 0.04903199 0.2593839
vt 0.04992311 0.2561639
vt 0.0482764 0.2586283
vt 0.05149645 0.2577372
vt 0.04786742 0.2553124
vt 0.04944089 0.2603712
vt 0.04728918 0.2582194
vt 0.05234792 0.2597929
vt 0.04564235 0.2553124
vt 0.04944091 0.2614397
vt 0.04622061 0.2582194
vt 0.05234792 0.262018
vt 0.04358666 0.2561638
vt 0.04903196 0.2624269
vt 0.0452334 0.2586283
vt 0.05149642 0.2640737
vt 0.04201329 0.2577372
vt 0.04827638 0.2631825
vt 0.0444778 0.2593839
vt 0.04992305 0.265647
vt 0.04116179 0.2597928
vt 0.04728913 0.2635914
vt 0.04406888 0.2603711
vt 0.04786735 0.2664985
vt 0.04116177 0.2620179
vt 0.04622057 0.2635914
vt 0.04406885 0.2614397
vt 0.04564228 0.2664985
vt 0.04201325 0.2640736
vt 0.04523337 0.2631825
vt 0.04447778 0.2624269
vt 0.0435866 0.265647
vt 0.03040526 0.05097944
vt 0.03331232 0.05040121
vt 0.03246082 0.04834552
vt 0.02999634 0.0499922
vt 0.03040525 0.05204801
vt 0.03088746 0.04677219
vt 0.03331232 0.05262629
vt 0.02924074 0.04923663
vt 0.02999632 0.05303523
vt 0.02883179 0.04592067
vt 0.0324608 0.05468198
vt 0.02825355 0.0488277
vt 0.02924074 0.0537908
vt 0.02660671 0.04592067
vt 0.03088745 0.05625533
vt 0.02718496 0.0488277
vt 0.02825353 0.05419973
vt 0.02455102 0.04677215
vt 0.02883178 0.05710683
vt 0.02619775 0.04923662
vt 0.02718496 0.05419974
vt 0.02297767 0.04834551
vt 0.02660671 0.05710682
vt 0.02544215 0.04999222
vt 0.02619771 0.0537908
vt 0.02212617 0.05040121
vt 0.02455102 0.05625533
vt 0.02503322 0.05097944
vt 0.02544213 0.05303521
vt 0.02212618 0.05262627
vt 0.02297765 0.05468196
vt 0.02503324 0.05204798
vt 0.03019089 0.02667538
vt 0.02930994 0.02535712
vt 0.02773656 0.02693048
vt 0.03167499 0.02606063
vt 0.02905501 0.02781125
vt 0.03136562 0.02450561
vt 0.02688508 0.02898616
vt 0.03328136 0.02606062
vt 0.02844029 0.02929534
vt 0.03359068 0.0245056
vt 0.02688508 0.03121123
vt 0.03476546 0.02667537
vt 0.0284403 0.03090174
vt 0.03564637 0.02535709
vt 0.02773658 0.03326693
vt 0.03590133 0.02781124
vt 0.02905501 0.03238583
vt 0.03721973 0.02693045
vt 0.02930993 0.03484028
vt 0.03651609 0.02929535
vt 0.03019089 0.0335217
vt 0.03807123 0.02898615
vt 0.03136563 0.03569177
vt 0.0365161 0.0309017
vt 0.03167501 0.03413642
vt 0.03807122 0.03121121
vt 0.03359069 0.03569176
vt 0.03590136 0.03238581
vt 0.03328137 0.03413643
vt 0.03721975 0.0332669
vt 0.03564638 0.03484026
vt 0.03476546 0.0335217
vt 0.0367102 0.2452611
vt 0.03532568 0.2436724
vt 0.03564164 0.2452611
vt 0.03702626 0.2436724
vt 0.03375455 0.2443232
vt 0.03769744 0.24567
vt 0.03465441 0.24567
vt 0.0385974 0.2443232
vt 0.03255205 0.2455257
vt 0.03845302 0.2464256
vt 0.03389885 0.2464256
vt 0.03979988 0.2455257
vt 0.03190126 0.2470968
vt 0.03886194 0.2474128
vt 0.03348991 0.2474128
vt 0.04045066 0.2470968
vt 0.03190126 0.2487974
vt 0.03886194 0.2484814
vt 0.0334899 0.2484814
vt 0.04045066 0.2487974
vt 0.03255205 0.2503685
vt 0.03845302 0.2494686
vt 0.03389881 0.2494686
vt 0.03979988 0.2503685
vt 0.03375452 0.251571
vt 0.0376974 0.2502242
vt 0.0346544 0.2502242
vt 0.03859736 0.251571
vt 0.03532566 0.2522218
vt 0.0367102 0.2506331
vt 0.03564166 0.2506331
vt 0.03702625 0.2522218
vt 0.2432906 0.2868762
vt 0.2419437 0.2859763
vt 0.241293 0.2875474
vt 0.2428816 0.2878634
vt 0.2440461 0.2861206
vt 0.241293 0.289248
vt 0.2431462 0.2847738
vt 0.2428816 0.288932
vt 0.2450334 0.2857117
vt 0.2419437 0.2908191
vt 0.2447173 0.284123
vt 0.2432905 0.2899192
vt 0.2461019 0.2857117
vt 0.2431462 0.2920216
vt 0.2464179 0.284123
vt 0.2440461 0.2906748
vt 0.2470892 0.2861206
vt 0.2447173 0.2926724
vt 0.2479891 0.2847738
vt 0.2450334 0.2910837
vt 0.2478447 0.2868762
vt 0.2464179 0.2926724
vt 0.2491916 0.2859763
vt 0.2461019 0.2910837
vt 0.2482536 0.2878634
vt 0.2479891 0.2920216
vt 0.2498423 0.2875474
vt 0.2470891 0.2906748
vt 0.2482537 0.288932
vt 0.2491916 0.2908191
vt 0.2498423 0.289248
vt 0.2478448 0.2899192
vt 0.250052 0.2774693
vt 0.2513703 0.2783504
vt 0.2522218 0.2762946
vt 0.2506667 0.2759852
vt 0.2489161 0.2786052
vt 0.2522218 0.2740696
vt 0.2497969 0.2799237
vt 0.2506667 0.2743788
vt 0.247432 0.2792199
vt 0.2513703 0.2720139
vt 0.2477412 0.2807752
vt 0.250052 0.2728947
vt 0.2458256 0.2792199
vt 0.249797 0.2704405
vt 0.2455162 0.2807752
vt 0.2489161 0.2717588
vt 0.2443415 0.2786051
vt 0.2477413 0.2695891
vt 0.2434605 0.2799237
vt 0.247432 0.2711441
vt 0.2432057 0.2774693
vt 0.2455162 0.269589
vt 0.2418871 0.2783504
vt 0.2458256 0.2711441
vt 0.2425909 0.2759852
vt 0.2434605 0.2704405
vt 0.2410356 0.2762946
vt 0.2443415 0.2717588
vt 0.2425909 0.2743788
vt 0.2418872 0.2720139
vt 0.2410356 0.2740696
vt 0.2432057 0.2728947
vt 0.2681461 0.2522455
vt 0.2648301 0.2526546
vt 0.2677372 0.2532327
vt 0.2656816 0.2505989
vt 0.2648302 0.2548796
vt 0.2689017 0.25149
vt 0.2677372 0.2543013
vt 0.267255 0.2490255
vt 0.2656817 0.2569353
vt 0.2698889 0.251081
vt 0.2681461 0.2552885
vt 0.2693107 0.248174
vt 0.267255 0.2585087
vt 0.2709575 0.251081
vt 0.2689017 0.2560441
vt 0.2715357 0.248174
vt 0.2693107 0.2593601
vt 0.2719447 0.2514899
vt 0.2698889 0.256453
vt 0.2735914 0.2490255
vt 0.2715358 0.2593601
vt 0.2727003 0.2522455
vt 0.2709575 0.256453
vt 0.2751648 0.2505988
vt 0.2735915 0.2585086
vt 0.2731092 0.2532327
vt 0.2719448 0.2560441
vt 0.2760163 0.2526545
vt 0.2751648 0.2569352
vt 0.2731092 0.2543013
vt 0.2727003 0.2552885
vt 0.2760163 0.2548796
vt 0.06632466 0.008377041
vt 0.06690295 0.005469996
vt 0.06467789 0.005469997
vt 0.06525611 0.008377035
vt 0.06731188 0.00878597
vt 0.06262219 0.006321513
vt 0.06895863 0.006321499
vt 0.06426889 0.008785967
vt 0.06806747 0.009541567
vt 0.06104882 0.00789486
vt 0.070532 0.007894853
vt 0.06351329 0.009541541
vt 0.06847641 0.01052876
vt 0.06019735 0.009950539
vt 0.0713835 0.009950533
vt 0.06310438 0.01052878
vt 0.06847639 0.01159733
vt 0.06019734 0.0121756
vt 0.0713835 0.0121756
vt 0.06310437 0.01159734
vt 0.06806748 0.01258456
vt 0.06104884 0.01423129
vt 0.070532 0.01423129
vt 0.0635133 0.01258458
vt 0.06731189 0.01334017
vt 0.06262219 0.01580465
vt 0.06895864 0.01580465
vt 0.06426888 0.01334016
vt 0.06632467 0.01374908
vt 0.06467789 0.01665614
vt 0.06690294 0.01665615
vt 0.0652561 0.01374907
vt 0.2348237 0.002880863
vt 0.2339427 0.001562614
vt 0.2323693 0.003135979
vt 0.2363078 0.002266135
vt 0.2336878 0.004016751
vt 0.2359984 0.0007110929
vt 0.2315179 0.005191663
vt 0.2379141 0.002266099
vt 0.2330731 0.005500853
vt 0.2382234 0.0007110971
vt 0.2315179 0.00741673
vt 0.2393982 0.002880842
vt 0.2330731 0.007107233
vt 0.2402791 0.001562573
vt 0.2323694 0.009472429
vt 0.2405341 0.004016708
vt 0.2336878 0.008591318
vt 0.2418525 0.003135926
vt 0.2339427 0.01104577
vt 0.2411489 0.005500814
vt 0.2348237 0.009727193
vt 0.242704 0.005191604
vt 0.2359984 0.01189725
vt 0.2411489 0.007107185
vt 0.2363078 0.01034192
vt 0.242704 0.007416666
vt 0.2382235 0.01189724
vt 0.2405342 0.008591279
vt 0.2379142 0.0103419
vt 0.2418526 0.009472359
vt 0.2402792 0.01104573
vt 0.2393983 0.009727171
vt 0.2318252 0.02397216
vt 0.2304407 0.02238347
vt 0.2307567 0.02397216
vt 0.2321413 0.02238347
vt 0.2288696 0.02303425
vt 0.2328125 0.02438108
vt 0.2297695 0.02438109
vt 0.2337124 0.02303427
vt 0.2276671 0.02423671
vt 0.2335681 0.02513668
vt 0.2290139 0.02513666
vt 0.2349149 0.02423676
vt 0.2270163 0.02580787
vt 0.233977 0.02612388
vt 0.2286049 0.02612387
vt 0.2355657 0.02580787
vt 0.2270163 0.02750844
vt 0.233977 0.02719244
vt 0.2286049 0.02719244
vt 0.2355657 0.02750846
vt 0.2276671 0.02907959
vt 0.233568 0.02817968
vt 0.2290138 0.02817968
vt 0.2349149 0.02907958
vt 0.2288695 0.03028208
vt 0.2328124 0.02893528
vt 0.2297694 0.02893527
vt 0.2337124 0.03028209
vt 0.2304407 0.03093287
vt 0.2318252 0.02934418
vt 0.2307567 0.02934417
vt 0.2321413 0.03093287
vt 0.2216708 0.2892557
vt 0.2230176 0.2883558
vt 0.2218151 0.2871533
vt 0.2209152 0.2885002
vt 0.2220797 0.2902429
vt 0.2202439 0.2865026
vt 0.2236684 0.2899269
vt 0.219928 0.2880912
vt 0.2220798 0.2913115
vt 0.2185434 0.2865026
vt 0.2236684 0.2916275
vt 0.2188594 0.2880912
vt 0.2216708 0.2922988
vt 0.2169722 0.2871534
vt 0.2230176 0.2931986
vt 0.2178722 0.2885002
vt 0.2209152 0.2930543
vt 0.2157698 0.2883559
vt 0.2218152 0.2944011
vt 0.2171166 0.2892558
vt 0.219928 0.2934633
vt 0.215119 0.289927
vt 0.220244 0.2950519
vt 0.2167077 0.290243
vt 0.2188595 0.2934633
vt 0.215119 0.2916276
vt 0.2185434 0.295052
vt 0.2167077 0.2913116
vt 0.2178723 0.2930544
vt 0.2157698 0.2931987
vt 0.2169723 0.2944012
vt 0.2171167 0.2922988
vt 0.2765178 0.2372032
vt 0.2751995 0.2363222
vt 0.274348 0.2383779
vt 0.2759031 0.2386874
vt 0.2776537 0.2360674
vt 0.274348 0.2406029
vt 0.2767729 0.2347488
vt 0.2759031 0.2402937
vt 0.2791378 0.2354526
vt 0.2751995 0.2426586
vt 0.2788285 0.2338973
vt 0.2765178 0.2417778
vt 0.2807441 0.2354526
vt 0.2767728 0.244232
vt 0.2810536 0.2338973
vt 0.2776537 0.2429137
vt 0.2822283 0.2360674
vt 0.2788285 0.2450835
vt 0.2831093 0.2347488
vt 0.2791378 0.2435284
vt 0.2833641 0.2372033
vt 0.2810536 0.2450835
vt 0.2846826 0.2363222
vt 0.2807441 0.2435284
vt 0.2839788 0.2386874
vt 0.2831093 0.244232
vt 0.2855341 0.2383779
vt 0.2822283 0.2429137
vt 0.2839788 0.2402937
vt 0.2846826 0.2426586
vt 0.2855341 0.2406029
vt 0.2833641 0.2417778
vt 0.05303529 0.02782159
vt 0.05262628 0.0245056
vt 0.05204807 0.02741266
vt 0.05468196 0.02535711
vt 0.0504012 0.02450562
vt 0.05379085 0.02857719
vt 0.0509795 0.02741268
vt 0.0562553 0.02693048
vt 0.04834551 0.02535713
vt 0.0541998 0.0295644
vt 0.04999226 0.02782161
vt 0.05710682 0.02898614
vt 0.04677216 0.02693048
vt 0.05419978 0.03063297
vt 0.0492367 0.02857717
vt 0.05710682 0.03121121
vt 0.04592069 0.02898616
vt 0.05379087 0.03162018
vt 0.04882776 0.0295644
vt 0.05625535 0.03326689
vt 0.04592069 0.03121123
vt 0.05303529 0.0323758
vt 0.04882778 0.03063297
vt 0.05468198 0.03484026
vt 0.04677217 0.03326692
vt 0.05204807 0.03278471
vt 0.04923669 0.0316202
vt 0.0526263 0.03569177
vt 0.04834553 0.03484028
vt 0.0509795 0.0327847
vt 0.04999228 0.0323758
vt 0.05040122 0.03569176
vt 0.2862215 0.07303114
vt 0.2878682 0.07056668
vt 0.2858125 0.06971519
vt 0.2852342 0.07262222
vt 0.286977 0.07378674
vt 0.2835874 0.0697152
vt 0.2894416 0.07214005
vt 0.2841657 0.07262223
vt 0.2873859 0.07477397
vt 0.2815318 0.07056667
vt 0.290293 0.07419575
vt 0.2831784 0.07303113
vt 0.2873859 0.07584251
vt 0.2799584 0.07214002
vt 0.290293 0.0764208
vt 0.2824229 0.07378673
vt 0.286977 0.07682974
vt 0.2791069 0.07419571
vt 0.2894415 0.07847648
vt 0.2820139 0.07477394
vt 0.2862214 0.07758533
vt 0.2791069 0.07642078
vt 0.2878682 0.08004984
vt 0.2820139 0.07584253
vt 0.2852342 0.07799426
vt 0.2799584 0.07847647
vt 0.2858125 0.08090133
vt 0.2824228 0.07682974
vt 0.2841657 0.07799426
vt 0.2815318 0.08004982
vt 0.2835874 0.08090133
vt 0.2831784 0.07758531
vt 0.03590146 0.004016907
vt 0.03721971 0.003135928
vt 0.03564636 0.001562578
vt 0.0365162 0.005500986
vt 0.03476559 0.002881032
vt 0.03807122 0.005191643
vt 0.03359068 0.0007111017
vt 0.03651621 0.007107387
vt 0.03328149 0.002266314
vt 0.03807122 0.00741668
vt 0.03136561 0.0007111016
vt 0.03590148 0.008591466
vt 0.03167511 0.002266314
vt 0.03721975 0.009472395
vt 0.02930991 0.001562594
vt 0.0347656 0.009727341
vt 0.03019101 0.002881032
vt 0.0356464 0.01104575
vt 0.02773656 0.003135944
vt 0.03328149 0.01034211
vt 0.02905514 0.004016907
vt 0.0335907 0.01189724
vt 0.02688507 0.005191642
vt 0.03167512 0.01034209
vt 0.0284404 0.00550102
vt 0.03136563 0.01189724
vt 0.02688507 0.007416714
vt 0.03019103 0.009727375
vt 0.02844042 0.007107387
vt 0.02930995 0.01104576
vt 0.02773658 0.009472394
vt 0.02905515 0.008591466
vt 0.08386735 0.2892558
vt 0.08186977 0.2899269
vt 0.08345844 0.290243
vt 0.08252055 0.2883558
vt 0.08186976 0.2916275
vt 0.08462293 0.2885002
vt 0.08345845 0.2913116
vt 0.08372304 0.2871534
vt 0.08252053 0.2931987
vt 0.08561017 0.2880913
vt 0.08386734 0.2922988
vt 0.08529417 0.2865026
vt 0.08372303 0.2944011
vt 0.08667872 0.2880913
vt 0.08462293 0.2930544
vt 0.08699474 0.2865026
vt 0.08529415 0.295052
vt 0.08766595 0.2885002
vt 0.08561016 0.2934633
vt 0.08856588 0.2871534
vt 0.08699474 0.295052
vt 0.08842153 0.2892558
vt 0.08667872 0.2934633
vt 0.08976836 0.2883559
vt 0.08856587 0.2944012
vt 0.08883047 0.290243
vt 0.08766595 0.2930544
vt 0.09041915 0.289927
vt 0.08976837 0.2931987
vt 0.08883046 0.2913116
vt 0.08842153 0.2922988
vt 0.09041915 0.2916276
vt 0.2547789 0.2831045
vt 0.2531902 0.2827886
vt 0.2531902 0.2844892
vt 0.2547789 0.2841731
vt 0.2551878 0.2821173
vt 0.253841 0.2860603
vt 0.253841 0.2812175
vt 0.2551878 0.2851603
vt 0.2559434 0.2813618
vt 0.2550435 0.2872628
vt 0.2550435 0.280015
vt 0.2559434 0.2859159
vt 0.2569306 0.2809528
vt 0.2566146 0.2879136
vt 0.2566147 0.2793642
vt 0.2569306 0.2863249
vt 0.2579992 0.2809528
vt 0.2583152 0.2879136
vt 0.2583152 0.2793642
vt 0.2579992 0.2863249
vt 0.2589864 0.2813618
vt 0.2598863 0.2872628
vt 0.2598864 0.280015
vt 0.2589864 0.2859159
vt 0.259742 0.2821174
vt 0.2610888 0.2860603
vt 0.2610888 0.2812175
vt 0.259742 0.2851604
vt 0.2601509 0.2831046
vt 0.2617396 0.2844892
vt 0.2617396 0.2827886
vt 0.2601509 0.2841731
vt 0.01501866 0.06175259
vt 0.01470948 0.06019741
vt 0.01265379 0.06104887
vt 0.01353456 0.06236733
vt 0.01662506 0.06175262
vt 0.01108044 0.06262223
vt 0.01693453 0.06019741
vt 0.01239867 0.0635032
vt 0.01810911 0.06236735
vt 0.0102289 0.06467788
vt 0.01899024 0.06104894
vt 0.01178393 0.06498727
vt 0.019245 0.06350325
vt 0.01022889 0.06690295
vt 0.02056358 0.06262229
vt 0.0117839 0.06659364
vt 0.01985971 0.06498735
vt 0.01108036 0.06895863
vt 0.02141504 0.06467798
vt 0.01239862 0.06807776
vt 0.01985969 0.06659374
vt 0.01265372 0.070532
vt 0.02141502 0.06690305
vt 0.01353449 0.06921364
vt 0.01924495 0.06807781
vt 0.01470937 0.07138354
vt 0.02056353 0.06895873
vt 0.01501858 0.06982841
vt 0.01810906 0.06921367
vt 0.01693445 0.07138353
vt 0.01899015 0.07053208
vt 0.01662498 0.0698284
vt 0.2701167 0.2746478
vt 0.2672096 0.2762946
vt 0.2701167 0.2757163
vt 0.2672096 0.2740695
vt 0.2680611 0.2783503
vt 0.2705256 0.2736606
vt 0.2705256 0.2767036
vt 0.2680611 0.2720139
vt 0.2696345 0.2799237
vt 0.2712812 0.272905
vt 0.2712812 0.2774592
vt 0.2696345 0.2704405
vt 0.2716901 0.2807752
vt 0.2722684 0.2724961
vt 0.2722684 0.2778681
vt 0.2716902 0.2695891
vt 0.2739152 0.2807752
vt 0.2733369 0.2724961
vt 0.2733369 0.2778681
vt 0.2739152 0.269589
vt 0.2759709 0.2799237
vt 0.2743242 0.272905
vt 0.2743241 0.2774592
vt 0.2759709 0.2704405
vt 0.2775442 0.2783504
vt 0.2750798 0.2736606
vt 0.2750798 0.2767036
vt 0.2775443 0.2720139
vt 0.2783958 0.2762946
vt 0.2754887 0.2746478
vt 0.2754887 0.2757164
vt 0.2783958 0.2740696
vt 0.2774593 0.06255304
vt 0.2799237 0.06419978
vt 0.2807752 0.0621441
vt 0.2778682 0.06156583
vt 0.2767037 0.06330863
vt 0.2807752 0.05991903
vt 0.2783504 0.06577314
vt 0.2778682 0.06049725
vt 0.2757165 0.06371754
vt 0.2799237 0.05786333
vt 0.2762947 0.06662461
vt 0.2774593 0.05951002
vt 0.2746479 0.06371754
vt 0.2783504 0.05628997
vt 0.2740696 0.06662461
vt 0.2767037 0.05875443
vt 0.2736607 0.06330863
vt 0.2762947 0.05543847
vt 0.2720139 0.06577314
vt 0.2757165 0.0583455
vt 0.2729051 0.06255304
vt 0.2740696 0.05543847
vt 0.2704405 0.06419978
vt 0.2746479 0.0583455
vt 0.2724961 0.06156578
vt 0.2720139 0.05628997
vt 0.2695891 0.06214406
vt 0.2736607 0.05875443
vt 0.2724962 0.06049723
vt 0.2704406 0.05786333
vt 0.2695891 0.059919
vt 0.2729051 0.05951002
vt 0.06506956 0.274379
vt 0.0666246 0.2740696
vt 0.06577312 0.2720139
vt 0.06506958 0.2759854
vt 0.06445483 0.2728949
vt 0.0666246 0.2762947
vt 0.06419977 0.2704405
vt 0.06445482 0.2774695
vt 0.06331895 0.2717591
vt 0.06577311 0.2783504
vt 0.06214408 0.2695891
vt 0.06331896 0.2786054
vt 0.06183486 0.2711444
vt 0.06419975 0.2799237
vt 0.05991902 0.2695891
vt 0.06183486 0.2792201
vt 0.06022848 0.2711443
vt 0.06214406 0.2807752
vt 0.05786334 0.2704406
vt 0.06022845 0.2792201
vt 0.05874439 0.271759
vt 0.05991897 0.2807752
vt 0.05628996 0.2720139
vt 0.05874438 0.2786054
vt 0.0576085 0.2728949
vt 0.05786331 0.2799237
vt 0.05543848 0.2740696
vt 0.0576085 0.2774695
vt 0.05699378 0.274379
vt 0.05628995 0.2783504
vt 0.05543847 0.2762947
vt 0.05699376 0.2759854
vt 0.04753892 0.2928501
vt 0.04565182 0.2919122
vt 0.04655171 0.2932591
vt 0.04722294 0.2912614
vt 0.04444934 0.2931147
vt 0.04860752 0.2928501
vt 0.04579613 0.2940146
vt 0.04892353 0.2912614
vt 0.04379854 0.2946858
vt 0.04959469 0.2932591
vt 0.0453872 0.2950018
vt 0.05049466 0.2919122
vt 0.04379854 0.2963864
vt 0.05035029 0.2940146
vt 0.04538719 0.2960704
vt 0.05169714 0.2931147
vt 0.04444931 0.2979575
vt 0.05075921 0.2950019
vt 0.04579611 0.2970577
vt 0.05234792 0.2946858
vt 0.04565181 0.29916
vt 0.05075924 0.2960704
vt 0.04655171 0.2978132
vt 0.05234794 0.2963864
vt 0.04722294 0.2998108
vt 0.05035027 0.2970577
vt 0.04753893 0.2982222
vt 0.05169713 0.2979576
vt 0.0489235 0.2998108
vt 0.0495947 0.2978133
vt 0.04860748 0.2982222
vt 0.05049463 0.2991601
vt 0.2861207 0.2226311
vt 0.2847739 0.2217312
vt 0.2841231 0.2233023
vt 0.2857117 0.2236183
vt 0.2868763 0.2218755
vt 0.2841231 0.2250029
vt 0.2859764 0.2205287
vt 0.2857117 0.2246868
vt 0.2878635 0.2214665
vt 0.2847739 0.226574
vt 0.2875475 0.2198779
vt 0.2861207 0.2256741
vt 0.2889321 0.2214665
vt 0.2859764 0.2277765
vt 0.2892481 0.2198779
vt 0.2868763 0.2264297
vt 0.2899193 0.2218755
vt 0.2875475 0.2284273
vt 0.2908192 0.2205287
vt 0.2878635 0.2268386
vt 0.2906749 0.2226311
vt 0.2892481 0.2284273
vt 0.2920217 0.2217312
vt 0.2889321 0.2268386
vt 0.2910838 0.2236183
vt 0.2908192 0.2277765
vt 0.2926725 0.2233023
vt 0.2899193 0.2264297
vt 0.2910838 0.2246868
vt 0.2920217 0.226574
vt 0.2926725 0.2250029
vt 0.2906749 0.2256741
vt 0.2346392 0.2812767
vt 0.2355202 0.2799584
vt 0.2334646 0.2791069
vt 0.2331551 0.280662
vt 0.2357751 0.2824126
vt 0.2312395 0.2791069
vt 0.2370936 0.2815318
vt 0.2315487 0.280662
vt 0.2363898 0.2838967
vt 0.2291838 0.2799584
vt 0.2379451 0.2835875
vt 0.2300646 0.2812767
vt 0.2363898 0.2855031
vt 0.2276105 0.2815317
vt 0.2379451 0.2858125
vt 0.2289287 0.2824126
vt 0.2357751 0.2869872
vt 0.226759 0.2835874
vt 0.2370936 0.2878682
vt 0.228314 0.2838967
vt 0.2346392 0.288123
vt 0.226759 0.2858125
vt 0.2355202 0.2894416
vt 0.228314 0.285503
vt 0.2331551 0.2887378
vt 0.2276104 0.2878682
vt 0.2334646 0.290293
vt 0.2289287 0.2869872
vt 0.2315487 0.2887378
vt 0.2291838 0.2894415
vt 0.2312395 0.290293
vt 0.2300646 0.288123
vt 0.2562489 0.2641428
vt 0.2529329 0.2645518
vt 0.25584 0.26513
vt 0.2537844 0.2624961
vt 0.2529329 0.2667769
vt 0.2570045 0.2633872
vt 0.25584 0.2661986
vt 0.2553577 0.2609228
vt 0.2537844 0.2688326
vt 0.2579917 0.2629783
vt 0.2562489 0.2671858
vt 0.2574134 0.2600712
vt 0.2553578 0.2704059
vt 0.2590602 0.2629783
vt 0.2570045 0.2679414
vt 0.2596385 0.2600712
vt 0.2574135 0.2712574
vt 0.2600474 0.2633872
vt 0.2579917 0.2683503
vt 0.2616942 0.2609227
vt 0.2596385 0.2712574
vt 0.2608031 0.2641428
vt 0.2590603 0.2683503
vt 0.2632675 0.2624961
vt 0.2616942 0.2704059
vt 0.261212 0.26513
vt 0.2600475 0.2679414
vt 0.2641191 0.2645518
vt 0.2632676 0.2688325
vt 0.261212 0.2661985
vt 0.2608031 0.2671858
vt 0.2641191 0.2667768
vt 0.05419977 0.005769875
vt 0.05710682 0.005191661
vt 0.05625533 0.003135963
vt 0.05379086 0.004782659
vt 0.05419976 0.006838441
vt 0.05468196 0.001562621
vt 0.05710682 0.007416732
vt 0.05303525 0.004027067
vt 0.05379083 0.007825665
vt 0.05262629 0.0007111112
vt 0.05625531 0.009472413
vt 0.05204805 0.003618141
vt 0.05303525 0.008581241
vt 0.05040122 0.0007111026
vt 0.05468196 0.01104576
vt 0.05097947 0.003618133
vt 0.05204803 0.008990167
vt 0.04834555 0.001562604
vt 0.05262629 0.01189726
vt 0.04999226 0.004027058
vt 0.05097947 0.008990175
vt 0.04677217 0.003135945
vt 0.05040122 0.01189726
vt 0.04923666 0.004782659
vt 0.04999222 0.008581232
vt 0.04592068 0.005191643
vt 0.04834552 0.01104576
vt 0.04882773 0.005769874
vt 0.04923666 0.007825665
vt 0.04592069 0.007416706
vt 0.04677216 0.009472395
vt 0.04882774 0.006838425
vt 0.07373212 0.280662
vt 0.07404134 0.2791069
vt 0.07181627 0.2791069
vt 0.07521623 0.2812767
vt 0.07212575 0.280662
vt 0.07609703 0.2799584
vt 0.06976059 0.2799584
vt 0.07635211 0.2824126
vt 0.07064166 0.2812767
vt 0.0776704 0.2815318
vt 0.06818723 0.2815318
vt 0.07696683 0.2838967
vt 0.06950577 0.2824126
vt 0.07852188 0.2835874
vt 0.06733575 0.2835875
vt 0.07696683 0.2855031
vt 0.06889103 0.2838967
vt 0.07852188 0.2858125
vt 0.06733575 0.2858125
vt 0.07635211 0.2869872
vt 0.06889103 0.2855031
vt 0.0776704 0.2878682
vt 0.06818723 0.2878682
vt 0.07521623 0.288123
vt 0.0695058 0.2869872
vt 0.07609703 0.2894415
vt 0.06976059 0.2894416
vt 0.07373214 0.2887378
vt 0.07064166 0.288123
vt 0.07404137 0.290293
vt 0.07181629 0.290293
vt 0.07212575 0.2887378
vt 0.288932 0.03824885
vt 0.2875475 0.03666018
vt 0.2878635 0.03824885
vt 0.2892481 0.03666018
vt 0.2859764 0.03731094
vt 0.2899193 0.03865777
vt 0.2868762 0.03865779
vt 0.2908192 0.03731096
vt 0.2847739 0.03851343
vt 0.2906748 0.03941337
vt 0.2861207 0.03941335
vt 0.2920217 0.03851346
vt 0.2841231 0.04008456
vt 0.2910838 0.04040058
vt 0.2857117 0.04040058
vt 0.2926725 0.04008458
vt 0.2841231 0.04178515
vt 0.2910838 0.04146915
vt 0.2857117 0.04146913
vt 0.2926725 0.04178517
vt 0.2847739 0.04335627
vt 0.2906748 0.04245636
vt 0.2861207 0.04245638
vt 0.2920217 0.04335629
vt 0.2859764 0.04455879
vt 0.2899192 0.04321198
vt 0.2868762 0.04321196
vt 0.2908192 0.0445588
vt 0.2875475 0.04520956
vt 0.288932 0.0436209
vt 0.2878635 0.04362088
vt 0.289248 0.04520956
vt 0.2882954 0.2511845
vt 0.2896422 0.2502846
vt 0.2884397 0.2490821
vt 0.2875398 0.2504289
vt 0.2887044 0.2521717
vt 0.2868686 0.2484313
vt 0.290293 0.2518557
vt 0.2865526 0.25002
vt 0.2887044 0.2532403
vt 0.285168 0.2484313
vt 0.290293 0.2535563
vt 0.285484 0.25002
vt 0.2882955 0.2542275
vt 0.2835969 0.2490821
vt 0.2896422 0.2551274
vt 0.2844968 0.2504289
vt 0.2875399 0.2549831
vt 0.2823944 0.2502846
vt 0.2884398 0.2563299
vt 0.2837413 0.2511845
vt 0.2865527 0.255392
vt 0.2817436 0.2518558
vt 0.2868687 0.2569807
vt 0.2833324 0.2521718
vt 0.2854841 0.255392
vt 0.2817436 0.2535563
vt 0.2851681 0.2569807
vt 0.2833323 0.2532403
vt 0.2844969 0.2549832
vt 0.2823944 0.2551275
vt 0.283597 0.25633
vt 0.2837413 0.2542276
vt 0.03657163 0.5265427
vt 0.03861693 0.5282215
vt 0.06065897 0.5061796
vt 0.05898031 0.5041342
vt 0.01896527 0.5528927
vt 0.08657741 0.4888613
vt 0.08532992 0.4865278
vt 0.02129873 0.55414
vt 0.006837731 0.582171
vt 0.1153764 0.4769323
vt 0.1146083 0.4744002
vt 0.009369944 0.5829391
vt 0.0006555511 0.6132527
vt 0.1459493 0.4708508
vt 0.14569 0.4682176
vt 0.003288765 0.6135121
vt 0.0006555493 0.6449433
vt 0.1771213 0.4708509
vt 0.1773806 0.4682175
vt 0.003288854 0.6446839
vt 0.006838128 0.676025
vt 0.2076942 0.476932
vt 0.2084623 0.4744
vt 0.009370185 0.6752568
vt 0.01896555 0.7053033
vt 0.2364933 0.4888611
vt 0.2377406 0.4865276
vt 0.02129917 0.704056
vt 0.03657204 0.731653
vt 0.2624118 0.5061792
vt 0.2640904 0.5041338
vt 0.03861746 0.7299743
vt 0.05898074 0.7540616
vt 0.2844536 0.5282211
vt 0.2864991 0.5265424
vt 0.06065925 0.7520162
vt 0.08533062 0.7716678
vt 0.3017719 0.5541395
vt 0.3041056 0.5528921
vt 0.08657791 0.7693343
vt 0.1146088 0.7837954
vt 0.3137009 0.5829386
vt 0.3162331 0.5821704
vt 0.1153769 0.7812633
vt 0.1456905 0.7899778
vt 0.3197823 0.6135114
vt 0.3224156 0.6132521
vt 0.1459499 0.7873446
vt 0.1773812 0.7899777
vt 0.3197823 0.6446833
vt 0.3224155 0.6449427
vt 0.1771219 0.7873445
vt 0.2084628 0.7837951
vt 0.3137011 0.6752563
vt 0.3162332 0.6760245
vt 0.2076946 0.7812631
vt 0.2377411 0.7716677
vt 0.3017723 0.7040554
vt 0.3041058 0.7053027
vt 0.2364938 0.7693341
vt 0.2640908 0.7540612
vt 0.2844541 0.7299739
vt 0.2864994 0.7316526
vt 0.2624122 0.7520157
vt 0.3085856 0.6737046
vt 0.2970577 0.7015356
vt 0.2803218 0.7265826
vt 0.259021 0.7478834
vt 0.2339738 0.7646195
vt 0.2061429 0.7761475
vt 0.3144622 0.6441594
vt 0.1765978 0.7820245
vt 0.3144623 0.6140355
vt 0.1464739 0.7820245
vt 0.3085853 0.5844904
vt 0.1169288 0.7761477
vt 0.2970573 0.5566595
vt 0.08909778 0.7646198
vt 0.2803213 0.5316123
vt 0.06405068 0.7478839
vt 0.2590204 0.5103116
vt 0.04274964 0.7265831
vt 0.2339733 0.4935756
vt 0.02601382 0.7015359
vt 0.2061424 0.4820477
vt 0.01448579 0.673705
vt 0.1765972 0.4761709
vt 0.008608901 0.6441599
vt 0.1464732 0.476171
vt 0.00860888 0.614036
vt 0.1169282 0.4820479
vt 0.01448543 0.5844909
vt 0.08909734 0.4935759
vt 0.02601358 0.5566598
vt 0.06405021 0.5103119
vt 0.04274931 0.5316128
vt 0.1466874 0.4783452
vt 0.1175624 0.4841385
vt 0.09012733 0.4955026
vt 0.06543618 0.5120008
vt 0.04443828 0.5329986
vt 0.0279403 0.5576898
vt 0.1763831 0.4783452
vt 0.01657617 0.5851251
vt 0.2055082 0.4841384
vt 0.0107831 0.6142502
vt 0.2329434 0.4955024
vt 0.01078304 0.6439459
vt 0.2576345 0.5120004
vt 0.01657637 0.6730708
vt 0.2786326 0.5329983
vt 0.02794055 0.700506
vt 0.2951306 0.5576893
vt 0.04443854 0.7251971
vt 0.3064947 0.5851246
vt 0.06543662 0.746195
vt 0.312288 0.6142495
vt 0.09012765 0.762693
vt 0.3122882 0.6439452
vt 0.117563 0.7740569
vt 0.3064949 0.6730704
vt 0.146688 0.7798502
vt 0.2951309 0.7005056
vt 0.1763839 0.7798502
vt 0.2786329 0.7251968
vt 0.2055087 0.7740568
vt 0.2576349 0.7461946
vt 0.232944 0.7626926
vt 0.2935553 0.6996635
vt 0.277252 0.7240632
vt 0.2565016 0.7448135
vt 0.2321016 0.7611172
vt 0.2049901 0.7723473
vt 0.1762084 0.7780723
vt 0.3047853 0.6725518
vt 0.146863 0.7780724
vt 0.3105102 0.6437702
vt 0.1180816 0.7723474
vt 0.3105102 0.6144246
vt 0.09096996 0.7611174
vt 0.3047851 0.5856431
vt 0.06657001 0.744814
vt 0.293555 0.5585315
vt 0.0458196 0.7240637
vt 0.2772515 0.5341318
vt 0.02951611 0.6996639
vt 0.2565012 0.5133814
vt 0.01828602 0.6725523
vt 0.2321012 0.497078
vt 0.01256102 0.6437707
vt 0.2049896 0.4858479
vt 0.01256091 0.6144252
vt 0.1762081 0.480123
vt 0.01828574 0.5856437
vt 0.1468625 0.4801231
vt 0.02951595 0.5585319
vt 0.1180811 0.4858481
vt 0.04581922 0.5341321
vt 0.09096944 0.4970782
vt 0.06656969 0.5133817
vt 0.176076 0.4814633
vt 0.1469946 0.4814635
vt 0.2045987 0.4871368
vt 0.1184721 0.4871369
vt 0.09160414 0.4982661
vt 0.2314664 0.4982658
vt 0.06742395 0.5144228
vt 0.0468603 0.5349866
vt 0.2556468 0.5144225
vt 0.03070369 0.5591668
vt 0.2762105 0.5349861
vt 0.01957471 0.5860347
vt 0.2923672 0.5591664
vt 0.01390128 0.6145572
vt 0.3034963 0.5860341
vt 0.01390126 0.6436387
vt 0.3091698 0.6145568
vt 0.01957491 0.6721612
vt 0.3091699 0.6436381
vt 0.03070389 0.699029
vt 0.3034965 0.6721607
vt 0.04686062 0.7232093
vt 0.2923675 0.6990285
vt 0.06742431 0.743773
vt 0.2762108 0.7232088
vt 0.09160473 0.7599296
vt 0.2556472 0.7437726
vt 0.1184725 0.7710587
vt 0.2314669 0.7599294
vt 0.1469952 0.776732
vt 0.204599 0.7710584
vt 0.1760766 0.7767319
f 1/1/1 3/3/3 2/2/2
f 1/1/1 2/2/2 4/4/4
f 4/4/4 2/2/2 5/5/5
f 4/4/4 5/5/5 6/6/6
f 6/6/6 5/5/5 7/7/7
f 6/6/6 7/7/7 8/8/8
f 8/8/8 7/7/7 9/9/9
f 8/8/8 9/9/9 10/10/10
f 10/10/10 9/9/9 11/11/11
f 10/10/10 11/11/11 12/12/12
f 12/12/12 11/11/11 13/13/13
f 12/12/12 13/13/13 14/14/14
f 14/14/14 13/13/13 15/15/15
f 14/14/14 15/15/15 16/16/16
f 16/16/16 15/15/15 17/17/17
f 16/16/16 17/17/17 18/18/18
f 19/19/19 21/21/21 20/20/20
f 19/19/19 22/22/22 21/21/21
f 23/23/23 22/22/22 19/19/19
f 23/23/23 24/24/24 22/22/22
f 25/25/25 24/24/24 23/23/23
f 25/25/25 26/26/26 24/24/24
f 27/27/27 26/26/26 25/25/25
f 27/27/27 28/28/28 26/26/26
f 29/29/29 28/28/28 27/27/27
f 29/29/29 30/30/30 28/28/28
f 31/31/31 30/30/30 29/29/29
f 31/31/31 32/32/32 30/30/30
f 33/33/33 32/32/32 31/31/31
f 33/33/33 34/34/34 32/32/32
f 35/35/35 34/34/34 33/33/33
f 35/35/35 36/36/36 34/34/34
f 37/37/37 39/39/39 38/38/38
f 37/37/37 40/40/40 39/39/39
f 41/41/41 40/40/40 37/37/37
f 41/41/41 42/42/42 40/40/40
f 43/43/43 42/42/42 41/41/41
f 43/43/43 44/44/44 42/42/42
f 45/45/45 44/44/44 43/43/43
f 45/45/45 46/46/46 44/44/44
f 47/47/47 46/46/46 45/45/45
f 47/47/47 48/48/48 46/46/46
f 49/49/49 48/48/48 47/47/47
f 49/49/49 50/50/50 48/48/48
f 51/51/51 50/50/50 49/49/49
f 51/51/51 52/52/52 50/50/50
f 53/53/53 52/52/52 51/51/51
f 53/53/53 54/54/54 52/52/52
f 55/55/55 57/57/57 56/56/56
f 55/55/55 58/58/58 57/57/57
f 59/59/59 58/58/58 55/55/55
f 59/59/59 60/60/60 58/58/58
f 61/61/61 60/60/60 59/59/59
f 61/61/61 62/62/62 60/60/60
f 63/63/63 62/62/62 61/61/61
f 63/63/63 64/64/64 62/62/62
f 65/65/65 64/64/64 63/63/63
f 65/65/65 66/66/66 64/64/64
f 67/67/67 66/66/66 65/65/65
f 67/67/67 68/68/68 66/66/66
f 69/69/69 68/68/68 67/67/67
f 69/69/69 70/70/70 68/68/68
f 71/71/71 70/70/70 69/69/69
f 71/71/71 72/72/72 70/70/70
f 73/73/73 75/75/75 74/74/74
f 73/73/73 74/74/74 76/76/76
f 77/77/77 73/73/73 76/76/76
f 77/77/77 76/76/76 78/78/78
f 79/79/79 77/77/77 78/78/78
f 79/79/79 78/78/78 80/80/80
f 81/81/81 79/79/79 80/80/80
f 81/81/81 80/80/80 82/82/82
f 83/83/83 81/81/81 82/82/82
f 83/83/83 82/82/82 84/84/84
f 85/85/85 87/87/87 86/86/86
f 85/85/85 88/88/88 87/87/87
f 88/88/88 89/89/89 87/87/87
f 88/88/88 90/90/90 89/89/89
f 90/90/90 91/91/91 89/89/89
f 90/90/90 92/92/92 91/91/91
f 92/92/92 93/93/93 91/91/91
f 92/92/92 94/94/94 93/93/93
f 94/94/94 95/95/95 93/93/93
f 94/94/94 96/96/96 95/95/95
f 96/96/96 97/97/97 95/95/95
f 96/96/96 98/98/98 97/97/97
f 98/98/98 99/99/99 97/97/97
f 98/98/98 100/100/100 99/99/99
f 100/100/100 101/101/101 99/99/99
f 100/100/100 102/102/102 101/101/101
f 103/103/103 102/102/102 100/100/100
f 103/103/103 100/100/100 104/104/104
f 104/104/104 100/100/100 98/98/98
f 105/105/105 98/98/98 96/96/96
f 104/104/104 98/98/98 105/105/105
f 106/106/106 96/96/96 94/94/94
f 105/105/105 96/96/96 106/106/106
f 104/104/104 105/105/105 107/107/107
f 104/104/104 107/107/107 108/108/108
f 105/105/105 109/109/109 107/107/107
f 105/105/105 106/106/106 109/109/109
f 106/106/106 94/94/94 110/110/110
f 110/110/110 94/94/94 92/92/92
f 106/106/106 111/111/111 109/109/109
f 106/106/106 110/110/110 111/111/111
f 110/110/110 92/92/92 112/112/112
f 112/112/112 92/92/92 90/90/90
f 109/109/109 111/111/111 113/113/113
f 109/109/109 113/113/113 114/114/114
f 111/111/111 115/115/115 113/113/113
f 110/110/110 116/116/116 111/111/111
f 111/111/111 116/116/116 115/115/115
f 110/110/110 112/112/112 116/116/116
f 116/116/116 117/117/117 115/115/115
f 116/116/116 118/118/118 117/117/117
f 112/112/112 118/118/118 116/116/116
f 112/112/112 90/90/90 119/119/119
f 112/112/112 119/119/119 118/118/118
f 119/119/119 90/90/90 88/88/88
f 119/119/119 120/120/120 118/118/118
f 119/119/119 88/88/88 121/121/121
f 119/119/119 121/121/121 120/120/120
f 121/121/121 88/88/88 85/85/85
f 121/121/121 122/122/122 120/120/120
f 121/121/121 85/85/85 123/123/123
f 121/121/121 123/123/123 122/122/122
f 123/123/123 85/85/85 124/124/124
f 123/123/123 125/125/125 122/122/122
f 123/123/123 124/124/124 126/126/126
f 123/123/123 126/126/126 125/125/125
f 127/127/127 129/129/129 128/128/128
f 127/127/127 128/128/128 130/130/130
f 131/131/131 127/127/127 130/130/130
f 131/131/131 130/130/130 132/132/132
f 133/133/133 127/127/127 131/131/131
f 134/134/134 131/131/131 132/132/132
f 134/134/134 132/132/132 135/135/135
f 133/133/133 131/131/131 136/136/136
f 136/136/136 131/131/131 134/134/134
f 137/137/137 134/134/134 135/135/135
f 137/137/137 135/135/135 138/138/138
f 133/133/133 136/136/136 139/139/139
f 133/133/133 139/139/139 140/140/140
f 136/136/136 141/141/141 139/139/139
f 136/136/136 134/134/134 142/142/142
f 142/142/142 134/134/134 137/137/137
f 136/136/136 142/142/142 141/141/141
f 143/143/143 137/137/137 138/138/138
f 143/143/143 138/138/138 144/144/144
f 142/142/142 137/137/137 145/145/145
f 145/145/145 137/137/137 143/143/143
f 142/142/142 146/146/146 141/141/141
f 142/142/142 145/145/145 146/146/146
f 147/147/147 143/143/143 144/144/144
f 147/147/147 144/144/144 148/148/148
f 141/141/141 146/146/146 149/149/149
f 141/141/141 149/149/149 150/150/150
f 146/146/146 151/151/151 149/149/149
f 146/146/146 152/152/152 151/151/151
f 145/145/145 152/152/152 146/146/146
f 152/152/152 153/153/153 151/151/151
f 152/152/152 154/154/154 153/153/153
f 145/145/145 143/143/143 155/155/155
f 145/145/145 155/155/155 152/152/152
f 155/155/155 154/154/154 152/152/152
f 155/155/155 143/143/143 147/147/147
f 155/155/155 156/156/156 154/154/154
f 155/155/155 147/147/147 156/156/156
f 156/156/156 157/157/157 154/154/154
f 158/158/158 147/147/147 148/148/148
f 156/156/156 147/147/147 158/158/158
f 158/158/158 148/148/148 159/159/159
f 156/156/156 160/160/160 157/157/157
f 156/156/156 158/158/158 160/160/160
f 160/160/160 161/161/161 157/157/157
f 162/162/162 158/158/158 159/159/159
f 160/160/160 158/158/158 162/162/162
f 162/162/162 159/159/159 163/163/163
f 160/160/160 162/162/162 164/164/164
f 160/160/160 164/164/164 161/161/161
f 164/164/164 165/165/165 161/161/161
f 164/164/164 166/166/166 165/165/165
f 167/167/167 169/169/169 168/168/168
f 167/167/167 168/168/168 170/170/170
f 171/171/171 167/167/167 170/170/170
f 171/171/171 170/170/170 172/172/172
f 173/173/173 171/171/171 172/172/172
f 173/173/173 172/172/172 174/174/174
f 168/168/168 175/175/175 170/170/170
f 170/170/170 176/176/176 172/172/172
f 170/170/170 175/175/175 176/176/176
f 172/172/172 177/177/177 174/174/174
f 172/172/172 176/176/176 177/177/177
f 168/168/168 178/178/178 175/175/175
f 179/179/179 178/178/178 168/168/168
f 174/174/174 177/177/177 180/180/180
f 174/174/174 180/180/180 181/181/181
f 179/179/179 182/182/182 178/178/178
f 183/183/183 182/182/182 179/179/179
f 181/181/181 180/180/180 184/184/184
f 181/181/181 184/184/184 185/185/185
f 183/183/183 186/186/186 182/182/182
f 187/187/187 186/186/186 183/183/183
f 185/185/185 184/184/184 188/188/188
f 185/185/185 188/188/188 189/189/189
f 187/187/187 190/190/190 186/186/186
f 191/191/191 190/190/190 187/187/187
f 189/189/189 188/188/188 192/192/192
f 189/189/189 192/192/192 193/193/193
f 191/191/191 194/194/194 190/190/190
f 195/195/195 194/194/194 191/191/191
f 193/193/193 192/192/192 196/196/196
f 193/193/193 196/196/196 197/197/197
f 198/198/198 182/182/182 186/186/186
f 199/199/199 186/186/186 190/190/190
f 199/199/199 198/198/198 186/186/186
f 200/200/200 190/190/190 194/194/194
f 200/200/200 199/199/199 190/190/190
f 198/198/198 201/201/201 182/182/182
f 201/201/201 178/178/178 182/182/182
f 201/201/201 202/202/202 178/178/178
f 202/202/202 175/175/175 178/178/178
f 202/202/202 203/203/203 175/175/175
f 203/203/203 176/176/176 175/175/175
f 203/203/203 204/204/204 176/176/176
f 204/204/204 177/177/177 176/176/176
f 204/204/204 205/205/205 177/177/177
f 205/205/205 180/180/180 177/177/177
f 205/205/205 206/206/206 180/180/180
f 206/206/206 184/184/184 180/180/180
f 206/206/206 207/207/207 184/184/184
f 207/207/207 188/188/188 184/184/184
f 207/207/207 208/208/208 188/188/188
f 208/208/208 192/192/192 188/188/188
f 208/208/208 209/209/209 192/192/192
f 209/209/209 196/196/196 192/192/192
f 210/210/210 203/203/203 202/202/202
f 211/211/211 204/204/204 203/203/203
f 210/210/210 211/211/211 203/203/203
f 212/212/212 205/205/205 204/204/204
f 211/211/211 212/212/212 204/204/204
f 213/213/213 206/206/206 205/205/205
f 212/212/212 213/213/213 205/205/205
f 214/214/214 207/207/207 206/206/206
f 213/213/213 214/214/214 206/206/206
f 215/215/215 208/208/208 207/207/207
f 214/214/214 215/215/215 207/207/207
f 216/216/216 209/209/209 208/208/208
f 215/215/215 216/216/216 208/208/208
f 217/217/217 210/210/210 202/202/202
f 217/217/217 202/202/202 201/201/201
f 218/218/218 217/217/217 201/201/201
f 218/218/218 201/201/201 198/198/198
f 219/219/219 218/218/218 198/198/198
f 219/219/219 198/198/198 199/199/199
f 220/220/220 219/219/219 199/199/199
f 220/220/220 199/199/199 200/200/200
f 215/215/215 214/214/214 221/221/221
f 216/216/216 215/215/215 222/222/222
f 215/215/215 221/221/221 222/222/222
f 214/214/214 223/223/223 221/221/221
f 214/214/214 213/213/213 223/223/223
f 213/213/213 224/224/224 223/223/223
f 213/213/213 212/212/212 224/224/224
f 212/212/212 225/225/225 224/224/224
f 212/212/212 211/211/211 225/225/225
f 211/211/211 226/226/226 225/225/225
f 211/211/211 210/210/210 226/226/226
f 210/210/210 227/227/227 226/226/226
f 210/210/210 217/217/217 227/227/227
f 217/217/217 228/228/228 227/227/227
f 217/217/217 218/218/218 228/228/228
f 218/218/218 229/229/229 228/228/228
f 218/218/218 219/219/219 229/229/229
f 219/219/219 230/230/230 229/229/229
f 219/219/219 220/220/220 230/230/230
f 223/223/223 224/224/224 231/231/231
f 223/223/223 231/231/231 232/232/232
f 224/224/224 233/233/233 231/231/231
f 221/221/221 223/223/223 232/232/232
f 224/224/224 225/225/225 233/233/233
f 221/221/221 232/232/232 234/234/234
f 225/225/225 235/235/235 233/233/233
f 225/225/225 226/226/226 235/235/235
f 226/226/226 236/236/236 235/235/235
f 226/226/226 227/227/227 236/236/236
f 227/227/227 237/237/237 236/236/236
f 227/227/227 228/228/228 237/237/237
f 228/228/228 238/238/238 237/237/237
f 228/228/228 229/229/229 238/238/238
f 229/229/229 239/239/239 238/238/238
f 222/222/222 221/221/221 234/234/234
f 229/229/229 230/230/230 239/239/239
f 222/222/222 234/234/234 240/240/240
f 230/230/230 241/241/241 239/239/239
f 242/242/242 222/222/222 240/240/240
f 216/216/216 222/222/222 242/242/242
f 242/242/242 240/240/240 243/243/243
f 230/230/230 244/244/244 241/241/241
f 220/220/220 244/244/244 230/230/230
f 244/244/244 245/245/245 241/241/241
f 246/246/246 216/216/216 242/242/242
f 216/216/216 246/246/246 209/209/209
f 247/247/247 242/242/242 243/243/243
f 246/246/246 242/242/242 247/247/247
f 247/247/247 243/243/243 248/248/248
f 220/220/220 249/249/249 244/244/244
f 249/249/249 220/220/220 200/200/200
f 244/244/244 250/250/250 245/245/245
f 249/249/249 250/250/250 244/244/244
f 250/250/250 251/251/251 245/245/245
f 246/246/246 252/252/252 209/209/209
f 209/209/209 252/252/252 196/196/196
f 253/253/253 246/246/246 247/247/247
f 246/246/246 253/253/253 252/252/252
f 254/254/254 247/247/247 248/248/248
f 253/253/253 247/247/247 254/254/254
f 254/254/254 248/248/248 255/255/255
f 249/249/249 200/200/200 256/256/256
f 256/256/256 200/200/200 194/194/194
f 249/249/249 257/257/257 250/250/250
f 257/257/257 249/249/249 256/256/256
f 250/250/250 258/258/258 251/251/251
f 257/257/257 258/258/258 250/250/250
f 258/258/258 259/259/259 251/251/251
f 260/260/260 254/254/254 255/255/255
f 260/260/260 255/255/255 261/261/261
f 262/262/262 253/253/253 254/254/254
f 262/262/262 254/254/254 260/260/260
f 256/256/256 194/194/194 263/263/263
f 195/195/195 263/263/263 194/194/194
f 257/257/257 256/256/256 264/264/264
f 264/264/264 256/256/256 263/263/263
f 257/257/257 265/265/265 258/258/258
f 265/265/265 257/257/257 264/264/264
f 258/258/258 266/266/266 259/259/259
f 265/265/265 266/266/266 258/258/258
f 266/266/266 267/267/267 259/259/259
f 268/268/268 263/263/263 195/195/195
f 269/269/269 268/268/268 195/195/195
f 269/269/269 270/270/270 268/268/268
f 264/264/264 263/263/263 271/271/271
f 268/268/268 271/271/271 263/263/263
f 270/270/270 272/272/272 268/268/268
f 272/272/272 271/271/271 268/268/268
f 270/270/270 273/273/273 272/272/272
f 265/265/265 264/264/264 274/274/274
f 274/274/274 264/264/264 271/271/271
f 265/265/265 275/275/275 266/266/266
f 275/275/275 265/265/265 274/274/274
f 266/266/266 276/276/276 267/267/267
f 275/275/275 276/276/276 266/266/266
f 276/276/276 277/277/277 267/267/267
f 272/272/272 278/278/278 271/271/271
f 274/274/274 271/271/271 278/278/278
f 273/273/273 279/279/279 272/272/272
f 279/279/279 278/278/278 272/272/272
f 273/273/273 280/280/280 279/279/279
f 275/275/275 274/274/274 281/281/281
f 281/281/281 274/274/274 278/278/278
f 279/279/279 282/282/282 278/278/278
f 281/281/281 278/278/278 282/282/282
f 283/283/283 282/282/282 279/279/279
f 275/275/275 284/284/284 276/276/276
f 284/284/284 275/275/275 281/281/281
f 276/276/276 285/285/285 277/277/277
f 284/284/284 285/285/285 276/276/276
f 285/285/285 286/286/286 277/277/277
f 283/283/283 287/287/287 282/282/282
f 288/288/288 287/287/287 283/283/283
f 289/289/289 281/281/281 282/282/282
f 284/284/284 281/281/281 289/289/289
f 289/289/289 282/282/282 287/287/287
f 284/284/284 290/290/290 285/285/285
f 290/290/290 284/284/284 289/289/289
f 285/285/285 291/291/291 286/286/286
f 290/290/290 291/291/291 285/285/285
f 291/291/291 292/292/292 286/286/286
f 288/288/288 293/293/293 287/287/287
f 294/294/294 293/293/293 288/288/288
f 295/295/295 289/289/289 287/287/287
f 290/290/290 289/289/289 295/295/295
f 295/295/295 287/287/287 293/293/293
f 290/290/290 296/296/296 291/291/291
f 296/296/296 290/290/290 295/295/295
f 291/291/291 297/297/297 292/292/292
f 296/296/296 297/297/297 291/291/291
f 297/297/297 298/298/298 292/292/292
f 294/294/294 299/299/299 293/293/293
f 300/300/300 299/299/299 294/294/294
f 301/301/301 295/295/295 293/293/293
f 296/296/296 295/295/295 301/301/301
f 301/301/301 293/293/293 299/299/299
f 296/296/296 302/302/302 297/297/297
f 302/302/302 296/296/296 301/301/301
f 297/297/297 303/303/303 298/298/298
f 302/302/302 303/303/303 297/297/297
f 303/303/303 304/304/304 298/298/298
f 300/300/300 305/305/305 299/299/299
f 306/306/306 305/305/305 300/300/300
f 307/307/307 301/301/301 299/299/299
f 302/302/302 301/301/301 307/307/307
f 307/307/307 299/299/299 305/305/305
f 302/302/302 308/308/308 303/303/303
f 308/308/308 302/302/302 307/307/307
f 303/303/303 309/309/309 304/304/304
f 308/308/308 309/309/309 303/303/303
f 309/309/309 310/310/310 304/304/304
f 311/311/311 307/307/307 305/305/305
f 308/308/308 307/307/307 311/311/311
f 306/306/306 312/312/312 305/305/305
f 311/311/311 305/305/305 312/312/312
f 308/308/308 313/313/313 309/309/309
f 313/313/313 308/308/308 311/311/311
f 309/309/309 314/314/314 310/310/310
f 313/313/313 314/314/314 309/309/309
f 314/314/314 315/315/315 310/310/310
f 313/313/313 311/311/311 316/316/316
f 316/316/316 311/311/311 312/312/312
f 317/317/317 312/312/312 306/306/306
f 318/318/318 317/317/317 306/306/306
f 318/318/318 319/319/319 317/317/317
f 313/313/313 320/320/320 314/314/314
f 320/320/320 313/313/313 316/316/316
f 314/314/314 321/321/321 315/315/315
f 320/320/320 321/321/321 314/314/314
f 321/321/321 322/322/322 315/315/315
f 317/317/317 323/323/323 312/312/312
f 316/316/316 312/312/312 323/323/323
f 319/319/319 324/324/324 317/317/317
f 324/324/324 323/323/323 317/317/317
f 319/319/319 325/325/325 324/324/324
f 320/320/320 316/316/316 326/326/326
f 326/326/326 316/316/316 323/323/323
f 320/320/320 327/327/327 321/321/321
f 327/327/327 320/320/320 326/326/326
f 321/321/321 328/328/328 322/322/322
f 327/327/327 328/328/328 321/321/321
f 328/328/328 329/329/329 322/322/322
f 324/324/324 330/330/330 323/323/323
f 326/326/326 323/323/323 330/330/330
f 325/325/325 331/331/331 324/324/324
f 331/331/331 330/330/330 324/324/324
f 325/325/325 332/332/332 331/331/331
f 327/327/327 326/326/326 333/333/333
f 333/333/333 326/326/326 330/330/330
f 331/331/331 334/334/334 330/330/330
f 333/333/333 330/330/330 334/334/334
f 335/335/335 334/334/334 331/331/331
f 327/327/327 336/336/336 328/328/328
f 336/336/336 327/327/327 333/333/333
f 328/328/328 337/337/337 329/329/329
f 336/336/336 337/337/337 328/328/328
f 337/337/337 338/338/338 329/329/329
f 335/335/335 339/339/339 334/334/334
f 340/340/340 339/339/339 335/335/335
f 341/341/341 333/333/333 334/334/334
f 336/336/336 333/333/333 341/341/341
f 341/341/341 334/334/334 339/339/339
f 336/336/336 342/342/342 337/337/337
f 342/342/342 336/336/336 341/341/341
f 337/337/337 343/343/343 338/338/338
f 342/342/342 343/343/343 337/337/337
f 343/343/343 344/344/344 338/338/338
f 340/340/340 345/345/345 339/339/339
f 346/346/346 345/345/345 340/340/340
f 347/347/347 341/341/341 339/339/339
f 342/342/342 341/341/341 347/347/347
f 347/347/347 339/339/339 345/345/345
f 342/342/342 348/348/348 343/343/343
f 348/348/348 342/342/342 347/347/347
f 343/343/343 349/349/349 344/344/344
f 348/348/348 349/349/349 343/343/343
f 349/349/349 350/350/350 344/344/344
f 346/346/346 351/351/351 345/345/345
f 352/352/352 351/351/351 346/346/346
f 353/353/353 347/347/347 345/345/345
f 348/348/348 347/347/347 353/353/353
f 353/353/353 345/345/345 351/351/351
f 348/348/348 354/354/354 349/349/349
f 354/354/354 348/348/348 353/353/353
f 349/349/349 355/355/355 350/350/350
f 354/354/354 355/355/355 349/349/349
f 355/355/355 356/356/356 350/350/350
f 352/352/352 357/357/357 351/351/351
f 358/358/358 357/357/357 352/352/352
f 359/359/359 353/353/353 351/351/351
f 354/354/354 353/353/353 359/359/359
f 359/359/359 351/351/351 357/357/357
f 354/354/354 360/360/360 355/355/355
f 360/360/360 354/354/354 359/359/359
f 355/355/355 361/361/361 356/356/356
f 360/360/360 361/361/361 355/355/355
f 361/361/361 261/261/261 356/356/356
f 361/361/361 260/260/260 261/261/261
f 362/362/362 260/260/260 361/361/361
f 360/360/360 362/362/362 361/361/361
f 362/362/362 262/262/262 260/260/260
f 360/360/360 359/359/359 363/363/363
f 363/363/363 359/359/359 357/357/357
f 362/362/362 360/360/360 363/363/363
f 358/358/358 364/364/364 357/357/357
f 363/363/363 357/357/357 364/364/364
f 362/362/362 363/363/363 365/365/365
f 262/262/262 362/362/362 365/365/365
f 365/365/365 363/363/363 364/364/364
f 366/366/366 364/364/364 358/358/358
f 367/367/367 366/366/366 358/358/358
f 367/367/367 368/368/368 366/366/366
f 262/262/262 365/365/365 369/369/369
f 253/253/253 262/262/262 369/369/369
f 253/253/253 369/369/369 252/252/252
f 365/365/365 364/364/364 370/370/370
f 366/366/366 370/370/370 364/364/364
f 369/369/369 365/365/365 370/370/370
f 368/368/368 371/371/371 366/366/366
f 371/371/371 370/370/370 366/366/366
f 368/368/368 372/372/372 371/371/371
f 252/252/252 369/369/369 373/373/373
f 369/369/369 370/370/370 373/373/373
f 371/371/371 373/373/373 370/370/370
f 252/252/252 373/373/373 196/196/196
f 197/197/197 196/196/196 373/373/373
f 197/197/197 373/373/373 371/371/371
f 372/372/372 197/197/197 371/371/371
f 372/372/372 374/374/374 197/197/197
f 375/375/375 377/377/377 376/376/376
f 375/375/375 378/378/378 377/377/377
f 378/378/378 379/379/379 377/377/377
f 378/378/378 380/380/380 379/379/379
f 380/380/380 381/381/381 379/379/379
f 380/380/380 382/382/382 381/381/381
f 382/382/382 383/383/383 381/381/381
f 382/382/382 384/384/384 383/383/383
f 384/384/384 385/385/385 383/383/383
f 384/384/384 386/386/386 385/385/385
f 387/387/387 389/389/389 388/388/388
f 387/387/387 390/390/390 389/389/389
f 390/390/390 391/391/391 389/389/389
f 390/390/390 392/392/392 391/391/391
f 392/392/392 393/393/393 391/391/391
f 392/392/392 394/394/394 393/393/393
f 394/394/394 395/395/395 393/393/393
f 394/394/394 396/396/396 395/395/395
f 396/396/396 397/397/397 395/395/395
f 396/396/396 398/398/398 397/397/397
f 399/399/399 401/401/401 400/400/400
f 399/399/399 402/402/402 401/401/401
f 402/402/402 403/403/403 401/401/401
f 404/404/404 402/402/402 399/399/399
f 404/404/404 399/399/399 405/405/405
f 404/404/404 405/405/405 406/406/406
f 404/404/404 406/406/406 407/407/407
f 408/408/408 404/404/404 407/407/407
f 408/408/408 402/402/402 404/404/404
f 408/408/408 407/407/407 409/409/409
f 402/402/402 410/410/410 403/403/403
f 408/408/408 410/410/410 402/402/402
f 410/410/410 411/411/411 403/403/403
f 412/412/412 408/408/408 409/409/409
f 412/412/412 410/410/410 408/408/408
f 410/410/410 413/413/413 411/411/411
f 412/412/412 413/413/413 410/410/410
f 413/413/413 414/414/414 411/411/411
f 412/412/412 409/409/409 415/415/415
f 415/415/415 409/409/409 416/416/416
f 415/415/415 416/416/416 417/417/417
f 413/413/413 418/418/418 414/414/414
f 418/418/418 419/419/419 414/414/414
f 420/420/420 413/413/413 412/412/412
f 420/420/420 412/412/412 415/415/415
f 420/420/420 418/418/418 413/413/413
f 421/421/421 415/415/415 417/417/417
f 420/420/420 415/415/415 421/421/421
f 421/421/421 417/417/417 422/422/422
f 418/418/418 423/423/423 419/419/419
f 423/423/423 424/424/424 419/419/419
f 425/425/425 418/418/418 420/420/420
f 425/425/425 420/420/420 421/421/421
f 425/425/425 423/423/423 418/418/418
f 426/426/426 421/421/421 422/422/422
f 425/425/425 421/421/421 426/426/426
f 426/426/426 422/422/422 427/427/427
f 428/428/428 425/425/425 426/426/426
f 428/428/428 423/423/423 425/425/425
f 428/428/428 426/426/426 429/429/429
f 423/423/423 430/430/430 424/424/424
f 428/428/428 430/430/430 423/423/423
f 430/430/430 431/431/431 424/424/424
f 432/432/432 428/428/428 429/429/429
f 432/432/432 430/430/430 428/428/428
f 432/432/432 429/429/429 433/433/433
f 430/430/430 434/434/434 431/431/431
f 432/432/432 434/434/434 430/430/430
f 434/434/434 435/435/435 431/431/431
f 436/436/436 434/434/434 432/432/432
f 434/434/434 437/437/437 435/435/435
f 436/436/436 437/437/437 434/434/434
f 438/438/438 440/440/440 439/439/439
f 438/438/438 441/441/441 440/440/440
f 441/441/441 442/442/442 440/440/440
f 441/441/441 443/443/443 442/442/442
f 443/443/443 444/444/444 442/442/442
f 443/443/443 445/445/445 444/444/444
f 445/445/445 446/446/446 444/444/444
f 445/445/445 447/447/447 446/446/446
f 447/447/447 448/448/448 446/446/446
f 447/447/447 449/449/449 448/448/448
f 450/450/450 452/452/452 451/451/451
f 450/450/450 453/453/453 452/452/452
f 453/453/453 454/454/454 452/452/452
f 455/455/455 453/453/453 450/450/450
f 455/455/455 450/450/450 456/456/456
f 453/453/453 457/457/457 454/454/454
f 457/457/457 458/458/458 454/454/454
f 459/459/459 453/453/453 455/455/455
f 459/459/459 457/457/457 453/453/453
f 457/457/457 460/460/460 458/458/458
f 460/460/460 461/461/461 458/458/458
f 462/462/462 457/457/457 459/459/459
f 462/462/462 460/460/460 457/457/457
f 460/460/460 463/463/463 461/461/461
f 463/463/463 464/464/464 461/461/461
f 465/465/465 460/460/460 462/462/462
f 465/465/465 463/463/463 460/460/460
f 463/463/463 466/466/466 464/464/464
f 466/466/466 467/467/467 464/464/464
f 468/468/468 463/463/463 465/465/465
f 468/468/468 466/466/466 463/463/463
f 466/466/466 469/469/469 467/467/467
f 469/469/469 470/470/470 467/467/467
f 471/471/471 466/466/466 468/468/468
f 471/471/471 469/469/469 466/466/466
f 469/469/469 472/472/472 470/470/470
f 472/472/472 473/473/473 470/470/470
f 472/472/472 474/474/474 473/473/473
f 475/475/475 474/474/474 472/472/472
f 476/476/476 472/472/472 469/469/469
f 475/475/475 472/472/472 476/476/476
f 476/476/476 469/469/469 471/471/471
f 475/475/475 476/476/476 477/477/477
f 475/475/475 477/477/477 478/478/478
f 476/476/476 479/479/479 477/477/477
f 476/476/476 471/471/471 479/479/479
f 471/471/471 480/480/480 479/479/479
f 471/471/471 468/468/468 480/480/480
f 468/468/468 481/481/481 480/480/480
f 468/468/468 465/465/465 481/481/481
f 480/480/480 481/481/481 482/482/482
f 480/480/480 482/482/482 483/483/483
f 481/481/481 484/484/484 482/482/482
f 465/465/465 485/485/485 481/481/481
f 481/481/481 485/485/485 484/484/484
f 485/485/485 486/486/486 484/484/484
f 465/465/465 462/462/462 485/485/485
f 485/485/485 487/487/487 486/486/486
f 462/462/462 487/487/487 485/485/485
f 462/462/462 459/459/459 487/487/487
f 459/459/459 488/488/488 487/487/487
f 459/459/459 455/455/455 488/488/488
f 455/455/455 489/489/489 488/488/488
f 455/455/455 456/456/456 489/489/489
f 456/456/456 490/490/490 489/489/489
f 456/456/456 491/491/491 490/490/490
f 492/492/492 494/494/494 493/493/493
f 492/492/492 493/493/493 495/495/495
f 496/496/496 492/492/492 495/495/495
f 496/496/496 495/495/495 497/497/497
f 498/498/498 496/496/496 497/497/497
f 498/498/498 497/497/497 499/499/499
f 500/500/500 498/498/498 499/499/499
f 500/500/500 499/499/499 501/501/501
f 502/502/502 500/500/500 501/501/501
f 502/502/502 501/501/501 503/503/503
f 504/504/504 495/495/495 493/493/493
f 505/505/505 504/504/504 493/493/493
f 504/504/504 506/506/506 495/495/495
f 506/506/506 497/497/497 495/495/495
f 505/505/505 493/493/493 507/507/507
f 506/506/506 508/508/508 497/497/497
f 508/508/508 499/499/499 497/497/497
f 509/509/509 505/505/505 507/507/507
f 508/508/508 510/510/510 499/499/499
f 510/510/510 501/501/501 499/499/499
f 509/509/509 507/507/507 511/511/511
f 510/510/510 512/512/512 501/501/501
f 512/512/512 503/503/503 501/501/501
f 513/513/513 509/509/509 511/511/511
f 512/512/512 514/514/514 503/503/503
f 514/514/514 515/515/515 503/503/503
f 514/514/514 516/516/516 515/515/515
f 516/516/516 517/517/517 515/515/515
f 516/516/516 518/518/518 517/517/517
f 513/513/513 511/511/511 519/519/519
f 518/518/518 520/520/520 517/517/517
f 521/521/521 513/513/513 519/519/519
f 518/518/518 522/522/522 520/520/520
f 521/521/521 519/519/519 523/523/523
f 524/524/524 523/523/523 519/519/519
f 525/525/525 521/521/521 523/523/523
f 524/524/524 526/526/526 523/523/523
f 525/525/525 523/523/523 527/527/527
f 526/526/526 527/527/527 523/523/523
f 528/528/528 525/525/525 527/527/527
f 526/526/526 529/529/529 527/527/527
f 528/528/528 527/527/527 530/530/530
f 529/529/529 530/530/530 527/527/527
f 531/531/531 528/528/528 530/530/530
f 529/529/529 532/532/532 530/530/530
f 531/531/531 530/530/530 533/533/533
f 532/532/532 533/533/533 530/530/530
f 534/534/534 531/531/531 533/533/533
f 532/532/532 535/535/535 533/533/533
f 534/534/534 533/533/533 536/536/536
f 535/535/535 536/536/536 533/533/533
f 535/535/535 537/537/537 536/536/536
f 538/538/538 534/534/534 536/536/536
f 538/538/538 536/536/536 539/539/539
f 540/540/540 538/538/538 539/539/539
f 540/540/540 539/539/539 541/541/541
f 542/542/542 540/540/540 541/541/541
f 542/542/542 541/541/541 543/543/543
f 544/544/544 542/542/542 543/543/543
f 544/544/544 543/543/543 545/545/545
f 546/546/546 545/545/545 543/543/543
f 547/547/547 544/544/544 545/545/545
f 546/546/546 548/548/548 545/545/545
f 547/547/547 545/545/545 549/549/549
f 548/548/548 549/549/549 545/545/545
f 550/550/550 547/547/547 549/549/549
f 548/548/548 551/551/551 549/549/549
f 550/550/550 549/549/549 552/552/552
f 551/551/551 552/552/552 549/549/549
f 553/553/553 550/550/550 552/552/552
f 551/551/551 554/554/554 552/552/552
f 553/553/553 552/552/552 555/555/555
f 554/554/554 555/555/555 552/552/552
f 556/556/556 553/553/553 555/555/555
f 554/554/554 557/557/557 555/555/555
f 556/556/556 555/555/555 558/558/558
f 557/557/557 558/558/558 555/555/555
f 557/557/557 559/559/559 558/558/558
f 560/560/560 556/556/556 558/558/558
f 560/560/560 558/558/558 561/561/561
f 562/562/562 560/560/560 561/561/561
f 562/562/562 561/561/561 563/563/563
f 564/564/564 562/562/562 563/563/563
f 564/564/564 563/563/563 565/565/565
f 566/566/566 564/564/564 565/565/565
f 566/566/566 565/565/565 567/567/567
f 568/568/568 567/567/567 565/565/565
f 569/569/569 566/566/566 567/567/567
f 568/568/568 570/570/570 567/567/567
f 569/569/569 567/567/567 571/571/571
f 570/570/570 571/571/571 567/567/567
f 572/572/572 569/569/569 571/571/571
f 570/570/570 573/573/573 571/571/571
f 572/572/572 571/571/571 574/574/574
f 573/573/573 574/574/574 571/571/571
f 575/575/575 572/572/572 574/574/574
f 573/573/573 576/576/576 574/574/574
f 575/575/575 574/574/574 577/577/577
f 576/576/576 577/577/577 574/574/574
f 522/522/522 575/575/575 577/577/577
f 576/576/576 578/578/578 577/577/577
f 522/522/522 577/577/577 520/520/520
f 578/578/578 520/520/520 577/577/577
f 578/578/578 579/579/579 520/520/520
f 580/580/580 582/582/582 581/581/581
f 580/580/580 581/581/581 583/583/583
f 584/584/584 580/580/580 583/583/583
f 584/584/584 583/583/583 585/585/585
f 586/586/586 584/584/584 585/585/585
f 587/587/587 585/585/585 583/583/583
f 587/587/587 583/583/583 588/588/588
f 589/589/589 585/585/585 587/587/587
f 589/589/589 590/590/590 585/585/585
f 586/586/586 585/585/585 590/590/590
f 591/591/591 590/590/590 589/589/589
f 591/591/591 592/592/592 590/590/590
f 593/593/593 592/592/592 591/591/591
f 594/594/594 586/586/586 590/590/590
f 594/594/594 590/590/590 592/592/592
f 593/593/593 595/595/595 592/592/592
f 596/596/596 595/595/595 593/593/593
f 597/597/597 586/586/586 594/594/594
f 597/597/597 598/598/598 586/586/586
f 599/599/599 597/597/597 594/594/594
f 600/600/600 594/594/594 592/592/592
f 599/599/599 594/594/594 600/600/600
f 600/600/600 592/592/592 595/595/595
f 601/601/601 599/599/599 600/600/600
f 601/601/601 600/600/600 602/602/602
f 602/602/602 600/600/600 595/595/595
f 596/596/596 603/603/603 595/595/595
f 602/602/602 595/595/595 603/603/603
f 604/604/604 603/603/603 596/596/596
f 605/605/605 602/602/602 603/603/603
f 604/604/604 606/606/606 603/603/603
f 605/605/605 603/603/603 606/606/606
f 607/607/607 605/605/605 606/606/606
f 608/608/608 606/606/606 604/604/604
f 607/607/607 606/606/606 609/609/609
f 608/608/608 609/609/609 606/606/606
f 610/610/610 609/609/609 608/608/608
f 610/610/610 611/611/611 609/609/609
f 612/612/612 614/614/614 613/613/613
f 612/612/612 615/615/615 614/614/614
f 615/615/615 616/616/616 614/614/614
f 615/615/615 617/617/617 616/616/616
f 617/617/617 618/618/618 616/616/616
f 617/617/617 619/619/619 618/618/618
f 619/619/619 620/620/620 618/618/618
f 619/619/619 621/621/621 620/620/620
f 621/621/621 622/622/622 620/620/620
f 621/621/621 623/623/623 622/622/622
f 624/624/624 615/615/615 612/612/612
f 624/624/624 625/625/625 615/615/615
f 625/625/625 617/617/617 615/615/615
f 626/626/626 624/624/624 612/612/612
f 625/625/625 627/627/627 617/617/617
f 627/627/627 619/619/619 617/617/617
f 626/626/626 612/612/612 628/628/628
f 627/627/627 629/629/629 619/619/619
f 629/629/629 621/621/621 619/619/619
f 630/630/630 626/626/626 628/628/628
f 629/629/629 631/631/631 621/621/621
f 631/631/631 623/623/623 621/621/621
f 630/630/630 628/628/628 632/632/632
f 631/631/631 633/633/633 623/623/623
f 634/634/634 630/630/630 632/632/632
f 633/633/633 635/635/635 623/623/623
f 633/633/633 636/636/636 635/635/635
f 636/636/636 637/637/637 635/635/635
f 636/636/636 638/638/638 637/637/637
f 634/634/634 632/632/632 639/639/639
f 638/638/638 640/640/640 637/637/637
f 641/641/641 634/634/634 639/639/639
f 638/638/638 642/642/642 640/640/640
f 641/641/641 639/639/639 643/643/643
f 643/643/643 639/639/639 644/644/644
f 645/645/645 641/641/641 643/643/643
f 643/643/643 644/644/644 646/646/646
f 645/645/645 643/643/643 647/647/647
f 647/647/647 643/643/643 646/646/646
f 648/648/648 645/645/645 647/647/647
f 647/647/647 646/646/646 649/649/649
f 648/648/648 647/647/647 650/650/650
f 650/650/650 647/647/647 649/649/649
f 651/651/651 648/648/648 650/650/650
f 650/650/650 649/649/649 652/652/652
f 651/651/651 650/650/650 653/653/653
f 653/653/653 650/650/650 652/652/652
f 654/654/654 651/651/651 653/653/653
f 653/653/653 652/652/652 655/655/655
f 654/654/654 653/653/653 656/656/656
f 656/656/656 653/653/653 655/655/655
f 656/656/656 655/655/655 657/657/657
f 658/658/658 654/654/654 656/656/656
f 658/658/658 656/656/656 659/659/659
f 660/660/660 658/658/658 659/659/659
f 660/660/660 659/659/659 661/661/661
f 662/662/662 660/660/660 661/661/661
f 662/662/662 661/661/661 663/663/663
f 664/664/664 662/662/662 663/663/663
f 664/664/664 663/663/663 665/665/665
f 665/665/665 663/663/663 666/666/666
f 667/667/667 664/664/664 665/665/665
f 665/665/665 666/666/666 668/668/668
f 667/667/667 665/665/665 669/669/669
f 669/669/669 665/665/665 668/668/668
f 670/670/670 667/667/667 669/669/669
f 669/669/669 668/668/668 671/671/671
f 670/670/670 669/669/669 672/672/672
f 672/672/672 669/669/669 671/671/671
f 673/673/673 670/670/670 672/672/672
f 672/672/672 671/671/671 674/674/674
f 673/673/673 672/672/672 675/675/675
f 675/675/675 672/672/672 674/674/674
f 676/676/676 673/673/673 675/675/675
f 675/675/675 674/674/674 677/677/677
f 676/676/676 675/675/675 678/678/678
f 678/678/678 675/675/675 677/677/677
f 678/678/678 677/677/677 679/679/679
f 680/680/680 676/676/676 678/678/678
f 680/680/680 678/678/678 681/681/681
f 682/682/682 680/680/680 681/681/681
f 682/682/682 681/681/681 683/683/683
f 684/684/684 682/682/682 683/683/683
f 684/684/684 683/683/683 685/685/685
f 686/686/686 684/684/684 685/685/685
f 686/686/686 685/685/685 687/687/687
f 687/687/687 685/685/685 688/688/688
f 689/689/689 686/686/686 687/687/687
f 687/687/687 688/688/688 690/690/690
f 689/689/689 687/687/687 691/691/691
f 691/691/691 687/687/687 690/690/690
f 692/692/692 689/689/689 691/691/691
f 691/691/691 690/690/690 693/693/693
f 692/692/692 691/691/691 694/694/694
f 694/694/694 691/691/691 693/693/693
f 695/695/695 692/692/692 694/694/694
f 694/694/694 693/693/693 696/696/696
f 695/695/695 694/694/694 697/697/697
f 697/697/697 694/694/694 696/696/696
f 642/642/642 695/695/695 697/697/697
f 697/697/697 696/696/696 698/698/698
f 642/642/642 697/697/697 640/640/640
f 640/640/640 697/697/697 698/698/698
f 640/640/640 698/698/698 699/699/699
f 700/700/700 702/702/702 701/701/701
f 700/700/700 701/701/701 703/703/703
f 704/704/704 700/700/700 703/703/703
f 704/704/704 703/703/703 705/705/705
f 706/706/706 704/704/704 705/705/705
f 707/707/707 705/705/705 703/703/703
f 707/707/707 703/703/703 708/708/708
f 709/709/709 705/705/705 707/707/707
f 709/709/709 710/710/710 705/705/705
f 706/706/706 705/705/705 710/710/710
f 711/711/711 710/710/710 709/709/709
f 711/711/711 712/712/712 710/710/710
f 713/713/713 712/712/712 711/711/711
f 714/714/714 706/706/706 710/710/710
f 714/714/714 710/710/710 712/712/712
f 713/713/713 715/715/715 712/712/712
f 716/716/716 715/715/715 713/713/713
f 717/717/717 706/706/706 714/714/714
f 717/717/717 718/718/718 706/706/706
f 719/719/719 717/717/717 714/714/714
f 720/720/720 714/714/714 712/712/712
f 719/719/719 714/714/714 720/720/720
f 720/720/720 712/712/712 715/715/715
f 721/721/721 719/719/719 720/720/720
f 721/721/721 720/720/720 722/722/722
f 722/722/722 720/720/720 715/715/715
f 716/716/716 723/723/723 715/715/715
f 722/722/722 715/715/715 723/723/723
f 724/724/724 723/723/723 716/716/716
f 725/725/725 722/722/722 723/723/723
f 724/724/724 726/726/726 723/723/723
f 725/725/725 723/723/723 726/726/726
f 727/727/727 726/726/726 724/724/724
f 728/728/728 725/725/725 726/726/726
f 727/727/727 729/729/729 726/726/726
f 728/728/728 726/726/726 729/729/729
f 730/730/730 729/729/729 727/727/727
f 731/731/731 728/728/728 729/729/729
f 730/730/730 732/732/732 729/729/729
f 731/731/731 729/729/729 732/732/732
f 733/733/733 735/735/735 734/734/734
f 733/733/733 734/734/734 736/736/736
f 737/737/737 733/733/733 736/736/736
f 738/738/738 736/736/736 734/734/734
f 738/738/738 734/734/734 739/739/739
f 740/740/740 736/736/736 738/738/738
f 740/740/740 741/741/741 736/736/736
f 737/737/737 736/736/736 741/741/741
f 742/742/742 741/741/741 740/740/740
f 742/742/742 743/743/743 741/741/741
f 744/744/744 743/743/743 742/742/742
f 745/745/745 737/737/737 741/741/741
f 745/745/745 741/741/741 743/743/743
f 744/744/744 746/746/746 743/743/743
f 747/747/747 746/746/746 744/744/744
f 748/748/748 737/737/737 745/745/745
f 748/748/748 749/749/749 737/737/737
f 750/750/750 748/748/748 745/745/745
f 751/751/751 745/745/745 743/743/743
f 750/750/750 745/745/745 751/751/751
f 751/751/751 743/743/743 746/746/746
f 752/752/752 750/750/750 751/751/751
f 752/752/752 751/751/751 753/753/753
f 753/753/753 751/751/751 746/746/746
f 747/747/747 754/754/754 746/746/746
f 753/753/753 746/746/746 754/754/754
f 755/755/755 754/754/754 747/747/747
f 756/756/756 753/753/753 754/754/754
f 755/755/755 757/757/757 754/754/754
f 756/756/756 754/754/754 757/757/757
f 758/758/758 756/756/756 757/757/757
f 759/759/759 757/757/757 755/755/755
f 758/758/758 757/757/757 760/760/760
f 759/759/759 760/760/760 757/757/757
f 761/761/761 760/760/760 759/759/759
f 761/761/761 762/762/762 760/760/760
f 763/763/763 765/765/765 764/764/764
f 763/763/763 764/764/764 766/766/766
f 767/767/767 763/763/763 766/766/766
f 767/767/767 766/766/766 768/768/768
f 769/769/769 767/767/767 768/768/768
f 770/770/770 768/768/768 766/766/766
f 770/770/770 766/766/766 771/771/771
f 772/772/772 768/768/768 770/770/770
f 772/772/772 773/773/773 768/768/768
f 769/769/769 768/768/768 773/773/773
f 774/774/774 773/773/773 772/772/772
f 774/774/774 775/775/775 773/773/773
f 776/776/776 775/775/775 774/774/774
f 777/777/777 769/769/769 773/773/773
f 777/777/777 773/773/773 775/775/775
f 776/776/776 778/778/778 775/775/775
f 779/779/779 778/778/778 776/776/776
f 780/780/780 769/769/769 777/777/777
f 780/780/780 781/781/781 769/769/769
f 782/782/782 780/780/780 777/777/777
f 783/783/783 777/777/777 775/775/775
f 782/782/782 777/777/777 783/783/783
f 783/783/783 775/775/775 778/778/778
f 784/784/784 782/782/782 783/783/783
f 784/784/784 783/783/783 785/785/785
f 785/785/785 783/783/783 778/778/778
f 779/779/779 786/786/786 778/778/778
f 785/785/785 778/778/778 786/786/786
f 787/787/787 786/786/786 779/779/779
f 788/788/788 785/785/785 786/786/786
f 787/787/787 789/789/789 786/786/786
f 788/788/788 786/786/786 789/789/789
f 790/790/790 788/788/788 789/789/789
f 791/791/791 789/789/789 787/787/787
f 790/790/790 789/789/789 792/792/792
f 791/791/791 792/792/792 789/789/789
f 793/793/793 792/792/792 791/791/791
f 793/793/793 794/794/794 792/792/792
f 795/795/795 797/797/797 796/796/796
f 797/797/797 795/795/795 798/798/798
f 797/797/797 798/798/798 799/799/799
f 799/799/799 798/798/798 800/800/800
f 799/799/799 800/800/800 801/801/801
f 801/801/801 800/800/800 802/802/802
f 801/801/801 802/802/802 803/803/803
f 803/803/803 802/802/802 804/804/804
f 803/803/803 804/804/804 805/805/805
f 805/805/805 804/804/804 806/806/806
f 805/805/805 806/806/806 807/807/807
f 807/807/807 806/806/806 808/808/808
f 807/807/807 808/808/808 809/809/809
f 809/809/809 808/808/808 810/810/810
f 809/809/809 810/810/810 811/811/811
f 811/811/811 810/810/810 812/812/812
f 811/811/811 812/812/812 813/813/813
f 813/813/813 812/812/812 814/814/814
f 813/813/813 814/814/814 815/815/815
f 815/815/815 814/814/814 816/816/816
f 815/815/815 816/816/816 817/817/817
f 817/817/817 816/816/816 818/818/818
f 817/817/817 818/818/818 819/819/819
f 819/819/819 818/818/818 820/820/820
f 819/819/819 820/820/820 821/821/821
f 821/821/821 820/820/820 822/822/822
f 821/821/821 822/822/822 823/823/823
f 823/823/823 822/822/822 824/824/824
f 823/823/823 824/824/824 825/825/825
f 825/825/825 824/824/824 826/826/826
f 827/827/827 829/829/829 828/828/828
f 827/827/827 830/830/830 829/829/829
f 830/830/830 831/831/831 829/829/829
f 830/830/830 832/832/832 831/831/831
f 829/829/829 831/831/831 833/833/833
f 829/829/829 833/833/833 834/834/834
f 831/831/831 835/835/835 833/833/833
f 832/832/832 836/836/836 831/831/831
f 831/831/831 836/836/836 835/835/835
f 832/832/832 837/837/837 836/836/836
f 836/836/836 838/838/838 835/835/835
f 837/837/837 839/839/839 836/836/836
f 836/836/836 839/839/839 838/838/838
f 837/837/837 840/840/840 839/839/839
f 839/839/839 841/841/841 838/838/838
f 840/840/840 842/842/842 839/839/839
f 839/839/839 842/842/842 841/841/841
f 840/840/840 843/843/843 842/842/842
f 842/842/842 844/844/844 841/841/841
f 843/843/843 845/845/845 842/842/842
f 842/842/842 845/845/845 844/844/844
f 843/843/843 846/846/846 845/845/845
f 845/845/845 847/847/847 844/844/844
f 846/846/846 848/848/848 845/845/845
f 845/845/845 848/848/848 847/847/847
f 846/846/846 849/849/849 848/848/848
f 848/848/848 850/850/850 847/847/847
f 849/849/849 851/851/851 848/848/848
f 848/848/848 851/851/851 850/850/850
f 849/849/849 852/852/852 851/851/851
f 851/851/851 853/853/853 850/850/850
f 851/851/851 854/854/854 853/853/853
f 855/855/855 857/857/857 856/856/856
f 855/855/855 856/856/856 858/858/858
f 859/859/859 855/855/855 858/858/858
f 859/859/859 858/858/858 860/860/860
f 861/861/861 859/859/859 860/860/860
f 861/861/861 860/860/860 862/862/862
f 863/863/863 861/861/861 862/862/862
f 863/863/863 862/862/862 864/864/864
f 865/865/865 863/863/863 864/864/864
f 865/865/865 864/864/864 866/866/866
f 867/867/867 865/865/865 866/866/866
f 867/867/867 866/866/866 868/868/868
f 869/869/869 867/867/867 868/868/868
f 869/869/869 868/868/868 870/870/870
f 871/871/871 869/869/869 870/870/870
f 871/871/871 870/870/870 872/872/872
f 870/870/870 868/868/868 873/873/873
f 870/870/870 873/873/873 874/874/874
f 868/868/868 875/875/875 873/873/873
f 868/868/868 866/866/866 875/875/875
f 866/866/866 876/876/876 875/875/875
f 866/866/866 864/864/864 876/876/876
f 864/864/864 877/877/877 876/876/876
f 864/864/864 862/862/862 877/877/877
f 862/862/862 878/878/878 877/877/877
f 862/862/862 860/860/860 878/878/878
f 860/860/860 879/879/879 878/878/878
f 860/860/860 858/858/858 879/879/879
f 858/858/858 880/880/880 879/879/879
f 858/858/858 856/856/856 880/880/880
f 856/856/856 881/881/881 880/880/880
f 856/856/856 882/882/882 881/881/881
f 883/883/883 885/885/885 884/884/884
f 883/883/883 884/884/884 886/886/886
f 887/887/887 883/883/883 886/886/886
f 887/887/887 886/886/886 888/888/888
f 889/889/889 887/887/887 888/888/888
f 889/889/889 888/888/888 890/890/890
f 891/891/891 889/889/889 890/890/890
f 891/891/891 890/890/890 892/892/892
f 893/893/893 891/891/891 892/892/892
f 893/893/893 892/892/892 894/894/894
f 895/895/895 893/893/893 894/894/894
f 895/895/895 894/894/894 896/896/896
f 897/897/897 895/895/895 896/896/896
f 897/897/897 896/896/896 898/898/898
f 899/899/899 897/897/897 898/898/898
f 899/899/899 898/898/898 900/900/900
f 898/898/898 896/896/896 901/901/901
f 898/898/898 901/901/901 902/902/902
f 896/896/896 903/903/903 901/901/901
f 896/896/896 894/894/894 903/903/903
f 894/894/894 904/904/904 903/903/903
f 894/894/894 892/892/892 904/904/904
f 892/892/892 905/905/905 904/904/904
f 892/892/892 890/890/890 905/905/905
f 890/890/890 906/906/906 905/905/905
f 890/890/890 888/888/888 906/906/906
f 888/888/888 907/907/907 906/906/906
f 888/888/888 886/886/886 907/907/907
f 886/886/886 908/908/908 907/907/907
f 886/886/886 884/884/884 908/908/908
f 884/884/884 909/909/909 908/908/908
f 884/884/884 910/910/910 909/909/909
f 911/911/911 913/913/913 912/912/912
f 911/911/911 912/912/912 914/914/914
f 915/915/915 911/911/911 914/914/914
f 915/915/915 914/914/914 916/916/916
f 917/917/917 915/915/915 916/916/916
f 917/917/917 916/916/916 918/918/918
f 919/919/919 917/917/917 918/918/918
f 919/919/919 918/918/918 920/920/920
f 921/921/921 919/919/919 920/920/920
f 921/921/921 920/920/920 922/922/922
f 923/923/923 921/921/921 922/922/922
f 923/923/923 922/922/922 924/924/924
f 925/925/925 923/923/923 924/924/924
f 925/925/925 924/924/924 926/926/926
f 927/927/927 925/925/925 926/926/926
f 927/927/927 926/926/926 928/928/928
f 926/926/926 924/924/924 929/929/929
f 926/926/926 929/929/929 930/930/930
f 924/924/924 931/931/931 929/929/929
f 924/924/924 922/922/922 931/931/931
f 922/922/922 932/932/932 931/931/931
f 922/922/922 920/920/920 932/932/932
f 920/920/920 933/933/933 932/932/932
f 920/920/920 918/918/918 933/933/933
f 918/918/918 934/934/934 933/933/933
f 918/918/918 916/916/916 934/934/934
f 916/916/916 935/935/935 934/934/934
f 916/916/916 914/914/914 935/935/935
f 914/914/914 936/936/936 935/935/935
f 914/914/914 912/912/912 936/936/936
f 912/912/912 937/937/937 936/936/936
f 912/912/912 938/938/938 937/937/937
f 939/939/939 941/941/941 940/940/940
f 939/939/939 940/940/940 942/942/942
f 942/942/942 940/940/940 943/943/943
f 944/944/944 939/939/939 942/942/942
f 942/942/942 943/943/943 945/945/945
f 944/944/944 942/942/942 946/946/946
f 946/946/946 942/942/942 945/945/945
f 947/947/947 944/944/944 946/946/946
f 946/946/946 945/945/945 948/948/948
f 947/947/947 946/946/946 949/949/949
f 949/949/949 946/946/946 948/948/948
f 950/950/950 947/947/947 949/949/949
f 949/949/949 948/948/948 951/951/951
f 950/950/950 949/949/949 952/952/952
f 952/952/952 949/949/949 951/951/951
f 953/953/953 950/950/950 952/952/952
f 952/952/952 951/951/951 954/954/954
f 953/953/953 952/952/952 955/955/955
f 955/955/955 952/952/952 954/954/954
f 956/956/956 953/953/953 955/955/955
f 955/955/955 954/954/954 957/957/957
f 956/956/956 955/955/955 958/958/958
f 958/958/958 955/955/955 957/957/957
f 959/959/959 956/956/956 958/958/958
f 958/958/958 957/957/957 960/960/960
f 959/959/959 958/958/958 961/961/961
f 961/961/961 958/958/958 960/960/960
f 961/961/961 960/960/960 962/962/962
f 963/963/963 965/965/965 964/964/964
f 963/963/963 964/964/964 966/966/966
f 966/966/966 964/964/964 967/967/967
f 968/968/968 963/963/963 966/966/966
f 966/966/966 967/967/967 969/969/969
f 968/968/968 966/966/966 970/970/970
f 970/970/970 966/966/966 969/969/969
f 971/971/971 968/968/968 970/970/970
f 970/970/970 969/969/969 972/972/972
f 971/971/971 970/970/970 973/973/973
f 973/973/973 970/970/970 972/972/972
f 974/974/974 971/971/971 973/973/973
f 973/973/973 972/972/972 975/975/975
f 974/974/974 973/973/973 976/976/976
f 976/976/976 973/973/973 975/975/975
f 977/977/977 974/974/974 976/976/976
f 976/976/976 975/975/975 978/978/978
f 977/977/977 976/976/976 979/979/979
f 979/979/979 976/976/976 978/978/978
f 980/980/980 977/977/977 979/979/979
f 979/979/979 978/978/978 981/981/981
f 980/980/980 979/979/979 982/982/982
f 982/982/982 979/979/979 981/981/981
f 983/983/983 980/980/980 982/982/982
f 982/982/982 981/981/981 984/984/984
f 983/983/983 982/982/982 985/985/985
f 985/985/985 982/982/982 984/984/984
f 986/986/986 983/983/983 985/985/985
f 985/985/985 984/984/984 987/987/987
f 986/986/986 985/985/985 988/988/988
f 988/988/988 985/985/985 987/987/987
f 989/989/989 986/986/986 988/988/988
f 988/988/988 987/987/987 990/990/990
f 989/989/989 988/988/988 991/991/991
f 991/991/991 988/988/988 990/990/990
f 991/991/991 990/990/990 992/992/992
f 993/993/993 995/995/995 994/994/994
f 993/993/993 994/994/994 996/996/996
f 997/997/997 993/993/993 996/996/996
f 997/997/997 996/996/996 998/998/998
f 998/998/998 996/996/996 999/999/999
f 1000/1000/1000 997/997/997 998/998/998
f 998/998/998 999/999/999 1001/1001/1001
f 1000/1000/1000 998/998/998 1002/1002/1002
f 1002/1002/1002 998/998/998 1001/1001/1001
f 1003/1003/1003 1000/1000/1000 1002/1002/1002
f 1002/1002/1002 1001/1001/1001 1004/1004/1004
f 1003/1003/1003 1002/1002/1002 1005/1005/1005
f 1005/1005/1005 1002/1002/1002 1004/1004/1004
f 1006/1006/1006 1003/1003/1003 1005/1005/1005
f 1005/1005/1005 1004/1004/1004 1007/1007/1007
f 1006/1006/1006 1005/1005/1005 1008/1008/1008
f 1008/1008/1008 1005/1005/1005 1007/1007/1007
f 1009/1009/1009 1006/1006/1006 1008/1008/1008
f 1008/1008/1008 1007/1007/1007 1010/1010/1010
f 1009/1009/1009 1008/1008/1008 1011/1011/1011
f 1011/1011/1011 1008/1008/1008 1010/1010/1010
f 1012/1012/1012 1009/1009/1009 1011/1011/1011
f 1011/1011/1011 1010/1010/1010 1013/1013/1013
f 1012/1012/1012 1011/1011/1011 1014/1014/1014
f 1014/1014/1014 1011/1011/1011 1013/1013/1013
f 1015/1015/1015 1012/1012/1012 1014/1014/1014
f 1014/1014/1014 1013/1013/1013 1016/1016/1016
f 1015/1015/1015 1014/1014/1014 1017/1017/1017
f 1017/1017/1017 1014/1014/1014 1016/1016/1016
f 1017/1017/1017 1016/1016/1016 1018/1018/1018
f 1019/1019/1019 1021/1021/1021 1020/1020/1020
f 1019/1019/1019 1020/1020/1020 1022/1022/1022
f 1022/1022/1022 1020/1020/1020 1023/1023/1023
f 1024/1024/1024 1019/1019/1019 1022/1022/1022
f 1022/1022/1022 1023/1023/1023 1025/1025/1025
f 1024/1024/1024 1022/1022/1022 1026/1026/1026
f 1026/1026/1026 1022/1022/1022 1025/1025/1025
f 1027/1027/1027 1024/1024/1024 1026/1026/1026
f 1026/1026/1026 1025/1025/1025 1028/1028/1028
f 1027/1027/1027 1026/1026/1026 1029/1029/1029
f 1029/1029/1029 1026/1026/1026 1028/1028/1028
f 1030/1030/1030 1027/1027/1027 1029/1029/1029
f 1029/1029/1029 1028/1028/1028 1031/1031/1031
f 1030/1030/1030 1029/1029/1029 1032/1032/1032
f 1032/1032/1032 1029/1029/1029 1031/1031/1031
f 1033/1033/1033 1030/1030/1030 1032/1032/1032
f 1032/1032/1032 1031/1031/1031 1034/1034/1034
f 1033/1033/1033 1032/1032/1032 1035/1035/1035
f 1035/1035/1035 1032/1032/1032 1034/1034/1034
f 1036/1036/1036 1033/1033/1033 1035/1035/1035
f 1035/1035/1035 1034/1034/1034 1037/1037/1037
f 1036/1036/1036 1035/1035/1035 1038/1038/1038
f 1038/1038/1038 1035/1035/1035 1037/1037/1037
f 1039/1039/1039 1036/1036/1036 1038/1038/1038
f 1038/1038/1038 1037/1037/1037 1040/1040/1040
f 1039/1039/1039 1038/1038/1038 1041/1041/1041
f 1041/1041/1041 1038/1038/1038 1040/1040/1040
f 1042/1042/1042 1039/1039/1039 1041/1041/1041
f 1041/1041/1041 1040/1040/1040 1043/1043/1043
f 1042/1042/1042 1041/1041/1041 1044/1044/1044
f 1044/1044/1044 1041/1041/1041 1043/1043/1043
f 1044/1044/1044 1043/1043/1043 1045/1045/1045
f 1046/1046/1046 1044/1044/1044 1045/1045/1045
f 1046/1046/1046 1045/1045/1045 1047/1047/1047
f 1048/1048/1048 1050/1050/1050 1049/1049/1049
f 1048/1048/1048 1049/1049/1049 1051/1051/1051
f 1051/1051/1051 1049/1049/1049 1052/1052/1052
f 1051/1051/1051 1052/1052/1052 1053/1053/1053
f 1053/1053/1053 1052/1052/1052 1054/1054/1054
f 1053/1053/1053 1054/1054/1054 1055/1055/1055
f 1055/1055/1055 1054/1054/1054 1056/1056/1056
f 1055/1055/1055 1056/1056/1056 1057/1057/1057
f 1057/1057/1057 1056/1056/1056 1058/1058/1058
f 1057/1057/1057 1058/1058/1058 1059/1059/1059
f 1060/1060/1060 1062/1062/1062 1061/1061/1061
f 1060/1060/1060 1063/1063/1063 1062/1062/1062
f 1064/1064/1064 1063/1063/1063 1060/1060/1060
f 1064/1064/1064 1065/1065/1065 1063/1063/1063
f 1066/1066/1066 1065/1065/1065 1064/1064/1064
f 1066/1066/1066 1067/1067/1067 1065/1065/1065
f 1068/1068/1068 1067/1067/1067 1066/1066/1066
f 1068/1068/1068 1069/1069/1069 1067/1067/1067
f 1070/1070/1070 1072/1072/1072 1071/1071/1071
f 1070/1070/1070 1073/1073/1073 1072/1072/1072
f 1074/1074/1074 1073/1073/1073 1070/1070/1070
f 1074/1074/1074 1075/1075/1075 1073/1073/1073
f 1076/1076/1076 1075/1075/1075 1074/1074/1074
f 1076/1076/1076 1077/1077/1077 1075/1075/1075
f 1078/1078/1078 1077/1077/1077 1076/1076/1076
f 1078/1078/1078 1079/1079/1079 1077/1077/1077
f 1080/1080/1080 1082/1082/1082 1081/1081/1081
f 1080/1080/1080 1081/1081/1081 1083/1083/1083
f 1083/1083/1083 1081/1081/1081 1084/1084/1084
f 1083/1083/1083 1084/1084/1084 1085/1085/1085
f 1085/1085/1085 1084/1084/1084 1086/1086/1086
f 1085/1085/1085 1086/1086/1086 1087/1087/1087
f 1087/1087/1087 1086/1086/1086 1088/1088/1088
f 1087/1087/1087 1088/1088/1088 1089/1089/1089
f 1090/1090/1090 1092/1092/1092 1091/1091/1091
f 1090/1090/1090 1091/1091/1091 1093/1093/1093
f 1093/1093/1093 1091/1091/1091 1094/1094/1094
f 1093/1093/1093 1094/1094/1094 1095/1095/1095
f 1095/1095/1095 1094/1094/1094 1096/1096/1096
f 1095/1095/1095 1096/1096/1096 1097/1097/1097
f 1097/1097/1097 1096/1096/1096 1098/1098/1098
f 1097/1097/1097 1098/1098/1098 1099/1099/1099
f 1100/1100/1100 1102/1102/1102 1101/1101/1101
f 1100/1100/1100 1101/1101/1101 1103/1103/1103
f 1103/1103/1103 1101/1101/1101 1104/1104/1104
f 1103/1103/1103 1104/1104/1104 1105/1105/1105
f 1105/1105/1105 1104/1104/1104 1106/1106/1106
f 1105/1105/1105 1106/1106/1106 1107/1107/1107
f 1108/1108/1108 1110/1110/1110 1109/1109/1109
f 1108/1108/1108 1109/1109/1109 1111/1111/1111
f 1111/1111/1111 1109/1109/1109 1112/1112/1112
f 1111/1111/1111 1112/1112/1112 1113/1113/1113
f 1113/1113/1113 1112/1112/1112 1114/1114/1114
f 1113/1113/1113 1114/1114/1114 1115/1115/1115
f 1116/1116/1116 1118/1118/1118 1117/1117/1117
f 1116/1116/1116 1117/1117/1117 1119/1119/1119
f 1119/1119/1119 1117/1117/1117 1120/1120/1120
f 1119/1119/1119 1120/1120/1120 1121/1121/1121
f 1121/1121/1121 1120/1120/1120 1122/1122/1122
f 1121/1121/1121 1122/1122/1122 1123/1123/1123
f 1123/1123/1123 1122/1122/1122 1124/1124/1124
f 1123/1123/1123 1124/1124/1124 1125/1125/1125
f 1125/1125/1125 1124/1124/1124 1126/1126/1126
f 1125/1125/1125 1126/1126/1126 1127/1127/1127
f 1128/1128/1128 1130/1130/1130 1129/1129/1129
f 1128/1128/1128 1131/1131/1131 1130/1130/1130
f 1132/1132/1132 1131/1131/1131 1128/1128/1128
f 1132/1132/1132 1133/1133/1133 1131/1131/1131
f 1134/1134/1134 1133/1133/1133 1132/1132/1132
f 1134/1134/1134 1135/1135/1135 1133/1133/1133
f 1136/1136/1136 1135/1135/1135 1134/1134/1134
f 1136/1136/1136 1137/1137/1137 1135/1135/1135
f 1138/1138/1138 1137/1137/1137 1136/1136/1136
f 1138/1138/1138 1139/1139/1139 1137/1137/1137
f 1140/1140/1140 1142/1142/1142 1141/1141/1141
f 1140/1140/1140 1141/1141/1141 1143/1143/1143
f 1143/1143/1143 1141/1141/1141 1144/1144/1144
f 1143/1143/1143 1144/1144/1144 1145/1145/1145
f 1145/1145/1145 1144/1144/1144 1146/1146/1146
f 1145/1145/1145 1146/1146/1146 1147/1147/1147
f 1147/1147/1147 1146/1146/1146 1148/1148/1148
f 1147/1147/1147 1148/1148/1148 1149/1149/1149
f 1150/1150/1150 1152/1152/1152 1151/1151/1151
f 1150/1150/1150 1151/1151/1151 1153/1153/1153
f 1153/1153/1153 1151/1151/1151 1154/1154/1154
f 1153/1153/1153 1154/1154/1154 1155/1155/1155
f 1155/1155/1155 1154/1154/1154 1156/1156/1156
f 1155/1155/1155 1156/1156/1156 1157/1157/1157
f 1158/1158/1158 1160/1160/1160 1159/1159/1159
f 1158/1158/1158 1159/1159/1159 1161/1161/1161
f 1161/1161/1161 1159/1159/1159 1162/1162/1162
f 1161/1161/1161 1162/1162/1162 1163/1163/1163
f 1163/1163/1163 1162/1162/1162 1164/1164/1164
f 1163/1163/1163 1164/1164/1164 1165/1165/1165
f 1165/1165/1165 1164/1164/1164 1166/1166/1166
f 1165/1165/1165 1166/1166/1166 1167/1167/1167
f 1168/1168/1168 1170/1170/1170 1169/1169/1169
f 1170/1170/1170 1168/1168/1168 1171/1171/1171
f 1170/1170/1170 1171/1171/1171 1172/1172/1172
f 1172/1172/1172 1171/1171/1171 1173/1173/1173
f 1172/1172/1172 1173/1173/1173 1174/1174/1174
f 1174/1174/1174 1173/1173/1173 1175/1175/1175
f 1174/1174/1174 1175/1175/1175 1176/1176/1176
f 1176/1176/1176 1175/1175/1175 1177/1177/1177
f 1176/1176/1176 1177/1177/1177 1178/1178/1178
f 1178/1178/1178 1177/1177/1177 1179/1179/1179
f 1178/1178/1178 1179/1179/1179 1180/1180/1180
f 1180/1180/1180 1179/1179/1179 1181/1181/1181
f 1180/1180/1180 1181/1181/1181 1182/1182/1182
f 1182/1182/1182 1181/1181/1181 1183/1183/1183
f 1184/1184/1184 1186/1186/1186 1185/1185/1185
f 1184/1184/1184 1187/1187/1187 1186/1186/1186
f 1187/1187/1187 1188/1188/1188 1186/1186/1186
f 1187/1187/1187 1189/1189/1189 1188/1188/1188
f 1189/1189/1189 1190/1190/1190 1188/1188/1188
f 1189/1189/1189 1191/1191/1191 1190/1190/1190
f 1191/1191/1191 1192/1192/1192 1190/1190/1190
f 1191/1191/1191 1193/1193/1193 1192/1192/1192
f 1194/1194/1194 1196/1196/1196 1195/1195/1195
f 1194/1194/1194 1195/1195/1195 1197/1197/1197
f 1198/1198/1198 1194/1194/1194 1197/1197/1197
f 1198/1198/1198 1197/1197/1197 1199/1199/1199
f 1200/1200/1200 1198/1198/1198 1199/1199/1199
f 1200/1200/1200 1199/1199/1199 1201/1201/1201
f 1202/1202/1202 1200/1200/1200 1201/1201/1201
f 1202/1202/1202 1201/1201/1201 1203/1203/1203
f 1204/1204/1204 1202/1202/1202 1203/1203/1203
f 1204/1204/1204 1203/1203/1203 1205/1205/1205
f 1206/1206/1206 1208/1208/1208 1207/1207/1207
f 1206/1206/1206 1207/1207/1207 1209/1209/1209
f 1210/1210/1210 1206/1206/1206 1209/1209/1209
f 1210/1210/1210 1209/1209/1209 1211/1211/1211
f 1212/1212/1212 1210/1210/1210 1211/1211/1211
f 1212/1212/1212 1211/1211/1211 1213/1213/1213
f 1214/1214/1214 1212/1212/1212 1213/1213/1213
f 1214/1214/1214 1213/1213/1213 1215/1215/1215
f 1216/1216/1216 1214/1214/1214 1215/1215/1215
f 1216/1216/1216 1215/1215/1215 1217/1217/1217
f 1218/1218/1218 1220/1220/1220 1219/1219/1219
f 1218/1218/1218 1221/1221/1221 1220/1220/1220
f 1221/1221/1221 1222/1222/1222 1220/1220/1220
f 1221/1221/1221 1223/1223/1223 1222/1222/1222
f 1223/1223/1223 1224/1224/1224 1222/1222/1222
f 1223/1223/1223 1225/1225/1225 1224/1224/1224
f 1225/1225/1225 1226/1226/1226 1224/1224/1224
f 1225/1225/1225 1227/1227/1227 1226/1226/1226
f 1228/1228/1228 1230/1230/1230 1229/1229/1229
f 1228/1228/1228 1229/1229/1229 1231/1231/1231
f 1232/1232/1232 1228/1228/1228 1231/1231/1231
f 1232/1232/1232 1231/1231/1231 1233/1233/1233
f 1234/1234/1234 1232/1232/1232 1233/1233/1233
f 1234/1234/1234 1233/1233/1233 1235/1235/1235
f 1236/1236/1236 1234/1234/1234 1235/1235/1235
f 1236/1236/1236 1235/1235/1235 1237/1237/1237
f 1238/1238/1238 1240/1240/1240 1239/1239/1239
f 1238/1238/1238 1239/1239/1239 1241/1241/1241
f 1242/1242/1242 1238/1238/1238 1241/1241/1241
f 1242/1242/1242 1241/1241/1241 1243/1243/1243
f 1244/1244/1244 1242/1242/1242 1243/1243/1243
f 1244/1244/1244 1243/1243/1243 1245/1245/1245
f 1246/1246/1246 1248/1248/1248 1247/1247/1247
f 1246/1246/1246 1249/1249/1249 1248/1248/1248
f 1249/1249/1249 1250/1250/1250 1248/1248/1248
f 1249/1249/1249 1251/1251/1251 1250/1250/1250
f 1251/1251/1251 1252/1252/1252 1250/1250/1250
f 1251/1251/1251 1253/1253/1253 1252/1252/1252
f 1253/1253/1253 1254/1254/1254 1252/1252/1252
f 1253/1253/1253 1255/1255/1255 1254/1254/1254
f 1256/1256/1256 1258/1258/1258 1257/1257/1257
f 1256/1256/1256 1259/1259/1259 1258/1258/1258
f 1259/1259/1259 1260/1260/1260 1258/1258/1258
f 1259/1259/1259 1261/1261/1261 1260/1260/1260
f 1261/1261/1261 1262/1262/1262 1260/1260/1260
f 1261/1261/1261 1263/1263/1263 1262/1262/1262
f 1264/1264/1264 1266/1266/1266 1265/1265/1265
f 1266/1266/1266 1264/1264/1264 1267/1267/1267
f 1266/1266/1266 1267/1267/1267 1268/1268/1268
f 1268/1268/1268 1267/1267/1267 1269/1269/1269
f 1268/1268/1268 1269/1269/1269 1270/1270/1270
f 1270/1270/1270 1269/1269/1269 1271/1271/1271
f 1270/1270/1270 1271/1271/1271 1272/1272/1272
f 1272/1272/1272 1271/1271/1271 1273/1273/1273
f 1272/1272/1272 1273/1273/1273 1274/1274/1274
f 1274/1274/1274 1273/1273/1273 1275/1275/1275
f 1274/1274/1274 1275/1275/1275 1276/1276/1276
f 1276/1276/1276 1275/1275/1275 1277/1277/1277
f 1276/1276/1276 1277/1277/1277 1278/1278/1278
f 1278/1278/1278 1277/1277/1277 1279/1279/1279
f 1280/1280/1280 1282/1282/1282 1281/1281/1281
f 1280/1280/1280 1283/1283/1283 1282/1282/1282
f 1283/1283/1283 1284/1284/1284 1282/1282/1282
f 1283/1283/1283 1285/1285/1285 1284/1284/1284
f 1285/1285/1285 1286/1286/1286 1284/1284/1284
f 1285/1285/1285 1287/1287/1287 1286/1286/1286
f 1287/1287/1287 1288/1288/1288 1286/1286/1286
f 1287/1287/1287 1289/1289/1289 1288/1288/1288
f 1289/1289/1289 1290/1290/1290 1288/1288/1288
f 1289/1289/1289 1291/1291/1291 1290/1290/1290
f 1292/1292/1292 1294/1294/1294 1293/1293/1293
f 1292/1292/1292 1293/1293/1293 1295/1295/1295
f 1296/1296/1296 1292/1292/1292 1295/1295/1295
f 1296/1296/1296 1295/1295/1295 1297/1297/1297
f 1298/1298/1298 1296/1296/1296 1297/1297/1297
f 1298/1298/1298 1297/1297/1297 1299/1299/1299
f 1300/1300/1300 1298/1298/1298 1299/1299/1299
f 1300/1300/1300 1299/1299/1299 1301/1301/1301
f 1302/1302/1302 1304/1304/1304 1303/1303/1303
f 1302/1302/1302 1303/1303/1303 1305/1305/1305
f 1306/1306/1306 1302/1302/1302 1305/1305/1305
f 1306/1306/1306 1305/1305/1305 1307/1307/1307
f 1308/1308/1308 1306/1306/1306 1307/1307/1307
f 1308/1308/1308 1307/1307/1307 1309/1309/1309
f 1310/1310/1310 1308/1308/1308 1309/1309/1309
f 1310/1310/1310 1309/1309/1309 1311/1311/1311
f 1312/1312/1312 1310/1310/1310 1311/1311/1311
f 1312/1312/1312 1311/1311/1311 1313/1313/1313
f 1314/1314/1314 1312/1312/1312 1313/1313/1313
f 1314/1314/1314 1313/1313/1313 1315/1315/1315
f 1316/1316/1316 1314/1314/1314 1315/1315/1315
f 1316/1316/1316 1315/1315/1315 1317/1317/1317
f 1318/1318/1318 1316/1316/1316 1317/1317/1317
f 1318/1318/1318 1317/1317/1317 1319/1319/1319
f 1320/1320/1320 1318/1318/1318 1319/1319/1319
f 1320/1320/1320 1319/1319/1319 1321/1321/1321
f 1322/1322/1322 1324/1324/1324 1323/1323/1323
f 1322/1322/1322 1325/1325/1325 1324/1324/1324
f 1325/1325/1325 1326/1326/1326 1324/1324/1324
f 1325/1325/1325 1327/1327/1327 1326/1326/1326
f 1327/1327/1327 1328/1328/1328 1326/1326/1326
f 1327/1327/1327 1329/1329/1329 1328/1328/1328
f 1330/1330/1330 1332/1332/1332 1331/1331/1331
f 1330/1330/1330 1333/1333/1333 1332/1332/1332
f 1333/1333/1333 1334/1334/1334 1332/1332/1332
f 1333/1333/1333 1335/1335/1335 1334/1334/1334
f 1335/1335/1335 1336/1336/1336 1334/1334/1334
f 1335/1335/1335 1337/1337/1337 1336/1336/1336
f 1337/1337/1337 1338/1338/1338 1336/1336/1336
f 1337/1337/1337 1339/1339/1339 1338/1338/1338
f 1340/1340/1340 1342/1342/1342 1341/1341/1341
f 1340/1340/1340 1343/1343/1343 1342/1342/1342
f 1343/1343/1343 1344/1344/1344 1342/1342/1342
f 1343/1343/1343 1345/1345/1345 1344/1344/1344
f 1345/1345/1345 1346/1346/1346 1344/1344/1344
f 1345/1345/1345 1347/1347/1347 1346/1346/1346
f 1348/1348/1348 1350/1350/1350 1349/1349/1349
f 1348/1348/1348 1349/1349/1349 1351/1351/1351
f 1352/1352/1352 1348/1348/1348 1351/1351/1351
f 1352/1352/1352 1351/1351/1351 1353/1353/1353
f 1354/1354/1354 1352/1352/1352 1353/1353/1353
f 1354/1354/1354 1353/1353/1353 1355/1355/1355
f 1356/1356/1356 1354/1354/1354 1355/1355/1355
f 1356/1356/1356 1355/1355/1355 1357/1357/1357
f 1358/1358/1358 1360/1360/1360 1359/1359/1359
f 1358/1358/1358 1359/1359/1359 1361/1361/1361
f 1361/1361/1361 1359/1359/1359 1362/1362/1362
f 1361/1361/1361 1362/1362/1362 1363/1363/1363
f 1363/1363/1363 1362/1362/1362 1364/1364/1364
f 1363/1363/1363 1364/1364/1364 1365/1365/1365
f 1365/1365/1365 1364/1364/1364 1366/1366/1366
f 1365/1365/1365 1366/1366/1366 1367/1367/1367
f 1367/1367/1367 1366/1366/1366 1368/1368/1368
f 1367/1367/1367 1368/1368/1368 1369/1369/1369
f 1370/1370/1370 1372/1372/1372 1371/1371/1371
f 1370/1370/1370 1373/1373/1373 1372/1372/1372
f 1374/1374/1374 1373/1373/1373 1370/1370/1370
f 1374/1374/1374 1375/1375/1375 1373/1373/1373
f 1376/1376/1376 1375/1375/1375 1374/1374/1374
f 1376/1376/1376 1377/1377/1377 1375/1375/1375
f 1378/1378/1378 1377/1377/1377 1376/1376/1376
f 1378/1378/1378 1379/1379/1379 1377/1377/1377
f 1380/1380/1380 1382/1382/1382 1381/1381/1381
f 1380/1380/1380 1383/1383/1383 1382/1382/1382
f 1384/1384/1384 1383/1383/1383 1380/1380/1380
f 1384/1384/1384 1385/1385/1385 1383/1383/1383
f 1386/1386/1386 1385/1385/1385 1384/1384/1384
f 1386/1386/1386 1387/1387/1387 1385/1385/1385
f 1388/1388/1388 1387/1387/1387 1386/1386/1386
f 1388/1388/1388 1389/1389/1389 1387/1387/1387
f 1390/1390/1390 1392/1392/1392 1391/1391/1391
f 1390/1390/1390 1391/1391/1391 1393/1393/1393
f 1393/1393/1393 1391/1391/1391 1394/1394/1394
f 1393/1393/1393 1394/1394/1394 1395/1395/1395
f 1395/1395/1395 1394/1394/1394 1396/1396/1396
f 1395/1395/1395 1396/1396/1396 1397/1397/1397
f 1397/1397/1397 1396/1396/1396 1398/1398/1398
f 1397/1397/1397 1398/1398/1398 1399/1399/1399
f 1400/1400/1400 1402/1402/1402 1401/1401/1401
f 1400/1400/1400 1401/1401/1401 1403/1403/1403
f 1403/1403/1403 1401/1401/1401 1404/1404/1404
f 1403/1403/1403 1404/1404/1404 1405/1405/1405
f 1405/1405/1405 1404/1404/1404 1406/1406/1406
f 1405/1405/1405 1406/1406/1406 1407/1407/1407
f 1407/1407/1407 1406/1406/1406 1408/1408/1408
f 1407/1407/1407 1408/1408/1408 1409/1409/1409
f 1410/1410/1410 1412/1412/1412 1411/1411/1411
f 1410/1410/1410 1411/1411/1411 1413/1413/1413
f 1413/1413/1413 1411/1411/1411 1414/1414/1414
f 1413/1413/1413 1414/1414/1414 1415/1415/1415
f 1415/1415/1415 1414/1414/1414 1416/1416/1416
f 1415/1415/1415 1416/1416/1416 1417/1417/1417
f 1418/1418/1418 1420/1420/1420 1419/1419/1419
f 1418/1418/1418 1419/1419/1419 1421/1421/1421
f 1421/1421/1421 1419/1419/1419 1422/1422/1422
f 1421/1421/1421 1422/1422/1422 1423/1423/1423
f 1423/1423/1423 1422/1422/1422 1424/1424/1424
f 1423/1423/1423 1424/1424/1424 1425/1425/1425
f 1426/1426/1426 1428/1428/1428 1427/1427/1427
f 1426/1426/1426 1427/1427/1427 1429/1429/1429
f 1429/1429/1429 1427/1427/1427 1430/1430/1430
f 1429/1429/1429 1430/1430/1430 1431/1431/1431
f 1431/1431/1431 1430/1430/1430 1432/1432/1432
f 1431/1431/1431 1432/1432/1432 1433/1433/1433
f 1433/1433/1433 1432/1432/1432 1434/1434/1434
f 1433/1433/1433 1434/1434/1434 1435/1435/1435
f 1435/1435/1435 1434/1434/1434 1436/1436/1436
f 1435/1435/1435 1436/1436/1436 1437/1437/1437
f 1438/1438/1438 1440/1440/1440 1439/1439/1439
f 1438/1438/1438 1441/1441/1441 1440/1440/1440
f 1442/1442/1442 1441/1441/1441 1438/1438/1438
f 1442/1442/1442 1443/1443/1443 1441/1441/1441
f 1444/1444/1444 1443/1443/1443 1442/1442/1442
f 1444/1444/1444 1445/1445/1445 1443/1443/1443
f 1446/1446/1446 1445/1445/1445 1444/1444/1444
f 1446/1446/1446 1447/1447/1447 1445/1445/1445
f 1448/1448/1448 1447/1447/1447 1446/1446/1446
f 1448/1448/1448 1449/1449/1449 1447/1447/1447
f 1450/1450/1450 1452/1452/1452 1451/1451/1451
f 1450/1450/1450 1451/1451/1451 1453/1453/1453
f 1453/1453/1453 1451/1451/1451 1454/1454/1454
f 1453/1453/1453 1454/1454/1454 1455/1455/1455
f 1455/1455/1455 1454/1454/1454 1456/1456/1456
f 1455/1455/1455 1456/1456/1456 1457/1457/1457
f 1457/1457/1457 1456/1456/1456 1458/1458/1458
f 1457/1457/1457 1458/1458/1458 1459/1459/1459
f 1460/1460/1460 1462/1462/1462 1461/1461/1461
f 1460/1460/1460 1461/1461/1461 1463/1463/1463
f 1463/1463/1463 1461/1461/1461 1464/1464/1464
f 1463/1463/1463 1464/1464/1464 1465/1465/1465
f 1465/1465/1465 1464/1464/1464 1466/1466/1466
f 1465/1465/1465 1466/1466/1466 1467/1467/1467
f 1468/1468/1468 1470/1470/1470 1469/1469/1469
f 1468/1468/1468 1469/1469/1469 1471/1471/1471
f 1471/1471/1471 1469/1469/1469 1472/1472/1472
f 1471/1471/1471 1472/1472/1472 1473/1473/1473
f 1473/1473/1473 1472/1472/1472 1474/1474/1474
f 1473/1473/1473 1474/1474/1474 1475/1475/1475
f 1475/1475/1475 1474/1474/1474 1476/1476/1476
f 1475/1475/1475 1476/1476/1476 1477/1477/1477
f 1478/1478/1478 1480/1480/1480 1479/1479/1479
f 1480/1480/1480 1478/1478/1478 1481/1481/1481
f 1480/1480/1480 1481/1481/1481 1482/1482/1482
f 1482/1482/1482 1481/1481/1481 1483/1483/1483
f 1482/1482/1482 1483/1483/1483 1484/1484/1484
f 1484/1484/1484 1483/1483/1483 1485/1485/1485
f 1484/1484/1484 1485/1485/1485 1486/1486/1486
f 1486/1486/1486 1485/1485/1485 1487/1487/1487
f 1486/1486/1486 1487/1487/1487 1488/1488/1488
f 1488/1488/1488 1487/1487/1487 1489/1489/1489
f 1488/1488/1488 1489/1489/1489 1490/1490/1490
f 1490/1490/1490 1489/1489/1489 1491/1491/1491
f 1490/1490/1490 1491/1491/1491 1492/1492/1492
f 1492/1492/1492 1491/1491/1491 1493/1493/1493
f 1494/1494/1494 1496/1496/1496 1495/1495/1495
f 1494/1494/1494 1497/1497/1497 1496/1496/1496
f 1497/1497/1497 1498/1498/1498 1496/1496/1496
f 1497/1497/1497 1499/1499/1499 1498/1498/1498
f 1499/1499/1499 1500/1500/1500 1498/1498/1498
f 1499/1499/1499 1501/1501/1501 1500/1500/1500
f 1501/1501/1501 1502/1502/1502 1500/1500/1500
f 1501/1501/1501 1503/1503/1503 1502/1502/1502
f 1504/1504/1504 1506/1506/1506 1505/1505/1505
f 1504/1504/1504 1505/1505/1505 1507/1507/1507
f 1508/1508/1508 1504/1504/1504 1507/1507/1507
f 1508/1508/1508 1507/1507/1507 1509/1509/1509
f 1510/1510/1510 1508/1508/1508 1509/1509/1509
f 1510/1510/1510 1509/1509/1509 1511/1511/1511
f 1512/1512/1512 1510/1510/1510 1511/1511/1511
f 1512/1512/1512 1511/1511/1511 1513/1513/1513
f 1514/1514/1514 1512/1512/1512 1513/1513/1513
f 1514/1514/1514 1513/1513/1513 1515/1515/1515
f 1516/1516/1516 1518/1518/1518 1517/1517/1517
f 1516/1516/1516 1517/1517/1517 1519/1519/1519
f 1520/1520/1520 1516/1516/1516 1519/1519/1519
f 1520/1520/1520 1519/1519/1519 1521/1521/1521
f 1522/1522/1522 1520/1520/1520 1521/1521/1521
f 1522/1522/1522 1521/1521/1521 1523/1523/1523
f 1524/1524/1524 1522/1522/1522 1523/1523/1523
f 1524/1524/1524 1523/1523/1523 1525/1525/1525
f 1526/1526/1526 1524/1524/1524 1525/1525/1525
f 1526/1526/1526 1525/1525/1525 1527/1527/1527
f 1528/1528/1528 1530/1530/1530 1529/1529/1529
f 1528/1528/1528 1531/1531/1531 1530/1530/1530
f 1531/1531/1531 1532/1532/1532 1530/1530/1530
f 1531/1531/1531 1533/1533/1533 1532/1532/1532
f 1533/1533/1533 1534/1534/1534 1532/1532/1532
f 1533/1533/1533 1535/1535/1535 1534/1534/1534
f 1535/1535/1535 1536/1536/1536 1534/1534/1534
f 1535/1535/1535 1537/1537/1537 1536/1536/1536
f 1538/1538/1538 1540/1540/1540 1539/1539/1539
f 1538/1538/1538 1539/1539/1539 1541/1541/1541
f 1542/1542/1542 1538/1538/1538 1541/1541/1541
f 1542/1542/1542 1541/1541/1541 1543/1543/1543
f 1544/1544/1544 1542/1542/1542 1543/1543/1543
f 1544/1544/1544 1543/1543/1543 1545/1545/1545
f 1546/1546/1546 1544/1544/1544 1545/1545/1545
f 1546/1546/1546 1545/1545/1545 1547/1547/1547
f 1548/1548/1548 1550/1550/1550 1549/1549/1549
f 1548/1548/1548 1549/1549/1549 1551/1551/1551
f 1552/1552/1552 1548/1548/1548 1551/1551/1551
f 1552/1552/1552 1551/1551/1551 1553/1553/1553
f 1554/1554/1554 1552/1552/1552 1553/1553/1553
f 1554/1554/1554 1553/1553/1553 1555/1555/1555
f 1556/1556/1556 1558/1558/1558 1557/1557/1557
f 1556/1556/1556 1559/1559/1559 1558/1558/1558
f 1559/1559/1559 1560/1560/1560 1558/1558/1558
f 1559/1559/1559 1561/1561/1561 1560/1560/1560
f 1561/1561/1561 1562/1562/1562 1560/1560/1560
f 1561/1561/1561 1563/1563/1563 1562/1562/1562
f 1563/1563/1563 1564/1564/1564 1562/1562/1562
f 1563/1563/1563 1565/1565/1565 1564/1564/1564
f 1566/1566/1566 1568/1568/1568 1567/1567/1567
f 1566/1566/1566 1569/1569/1569 1568/1568/1568
f 1569/1569/1569 1570/1570/1570 1568/1568/1568
f 1569/1569/1569 1571/1571/1571 1570/1570/1570
f 1571/1571/1571 1572/1572/1572 1570/1570/1570
f 1571/1571/1571 1573/1573/1573 1572/1572/1572
f 1574/1574/1574 1576/1576/1576 1575/1575/1575
f 1576/1576/1576 1574/1574/1574 1577/1577/1577
f 1577/1577/1577 1574/1574/1574 1578/1578/1578
f 1577/1577/1577 1578/1578/1578 1579/1579/1579
f 1579/1579/1579 1578/1578/1578 1580/1580/1580
f 1579/1579/1579 1580/1580/1580 1581/1581/1581
f 1581/1581/1581 1580/1580/1580 1582/1582/1582
f 1581/1581/1581 1582/1582/1582 1583/1583/1583
f 1583/1583/1583 1582/1582/1582 1584/1584/1584
f 1583/1583/1583 1584/1584/1584 1585/1585/1585
f 1585/1585/1585 1584/1584/1584 1586/1586/1586
f 1585/1585/1585 1586/1586/1586 1587/1587/1587
f 1587/1587/1587 1586/1586/1586 1588/1588/1588
f 1587/1587/1587 1588/1588/1588 1589/1589/1589
f 1590/1590/1590 1592/1592/1592 1591/1591/1591
f 1590/1590/1590 1591/1591/1591 1593/1593/1593
f 1594/1594/1594 1590/1590/1590 1593/1593/1593
f 1594/1594/1594 1593/1593/1593 1595/1595/1595
f 1596/1596/1596 1594/1594/1594 1595/1595/1595
f 1596/1596/1596 1595/1595/1595 1597/1597/1597
f 1598/1598/1598 1596/1596/1596 1597/1597/1597
f 1598/1598/1598 1597/1597/1597 1599/1599/1599
f 1600/1600/1600 1602/1602/1602 1601/1601/1601
f 1600/1600/1600 1603/1603/1603 1602/1602/1602
f 1603/1603/1603 1604/1604/1604 1602/1602/1602
f 1603/1603/1603 1605/1605/1605 1604/1604/1604
f 1605/1605/1605 1606/1606/1606 1604/1604/1604
f 1605/1605/1605 1607/1607/1607 1606/1606/1606
f 1607/1607/1607 1608/1608/1608 1606/1606/1606
f 1607/1607/1607 1609/1609/1609 1608/1608/1608
f 1609/1609/1609 1610/1610/1610 1608/1608/1608
f 1609/1609/1609 1611/1611/1611 1610/1610/1610
f 1612/1612/1612 1614/1614/1614 1613/1613/1613
f 1612/1612/1612 1615/1615/1615 1614/1614/1614
f 1615/1615/1615 1616/1616/1616 1614/1614/1614
f 1615/1615/1615 1617/1617/1617 1616/1616/1616
f 1617/1617/1617 1618/1618/1618 1616/1616/1616
f 1617/1617/1617 1619/1619/1619 1618/1618/1618
f 1619/1619/1619 1620/1620/1620 1618/1618/1618
f 1619/1619/1619 1621/1621/1621 1620/1620/1620
f 1621/1621/1621 1622/1622/1622 1620/1620/1620
f 1621/1621/1621 1623/1623/1623 1622/1622/1622
f 1624/1624/1624 1626/1626/1626 1625/1625/1625
f 1624/1624/1624 1625/1625/1625 1627/1627/1627
f 1628/1628/1628 1624/1624/1624 1627/1627/1627
f 1628/1628/1628 1627/1627/1627 1629/1629/1629
f 1630/1630/1630 1628/1628/1628 1629/1629/1629
f 1630/1630/1630 1629/1629/1629 1631/1631/1631
f 1632/1632/1632 1630/1630/1630 1631/1631/1631
f 1632/1632/1632 1631/1631/1631 1633/1633/1633
f 1634/1634/1634 1636/1636/1636 1635/1635/1635
f 1634/1634/1634 1637/1637/1637 1636/1636/1636
f 1637/1637/1637 1638/1638/1638 1636/1636/1636
f 1637/1637/1637 1639/1639/1639 1638/1638/1638
f 1639/1639/1639 1640/1640/1640 1638/1638/1638
f 1639/1639/1639 1641/1641/1641 1640/1640/1640
f 1642/1642/1642 1644/1644/1644 1643/1643/1643
f 1642/1642/1642 1645/1645/1645 1644/1644/1644
f 1645/1645/1645 1646/1646/1646 1644/1644/1644
f 1645/1645/1645 1647/1647/1647 1646/1646/1646
f 1647/1647/1647 1648/1648/1648 1646/1646/1646
f 1647/1647/1647 1649/1649/1649 1648/1648/1648
f 1649/1649/1649 1650/1650/1650 1648/1648/1648
f 1649/1649/1649 1651/1651/1651 1650/1650/1650
f 1652/1652/1652 1654/1654/1654 1653/1653/1653
f 1652/1652/1652 1655/1655/1655 1654/1654/1654
f 1655/1655/1655 1656/1656/1656 1654/1654/1654
f 1655/1655/1655 1657/1657/1657 1656/1656/1656
f 1657/1657/1657 1658/1658/1658 1656/1656/1656
f 1657/1657/1657 1659/1659/1659 1658/1658/1658
f 1660/1660/1660 1662/1662/1662 1661/1661/1661
f 1660/1660/1660 1661/1661/1661 1663/1663/1663
f 1664/1664/1664 1660/1660/1660 1663/1663/1663
f 1664/1664/1664 1663/1663/1663 1665/1665/1665
f 1666/1666/1666 1664/1664/1664 1665/1665/1665
f 1666/1666/1666 1665/1665/1665 1667/1667/1667
f 1668/1668/1668 1666/1666/1666 1667/1667/1667
f 1668/1668/1668 1667/1667/1667 1669/1669/1669
f 1670/1670/1670 1672/1672/1672 1671/1671/1671
f 1670/1670/1670 1671/1671/1671 1673/1673/1673
f 1673/1673/1673 1671/1671/1671 1674/1674/1674
f 1673/1673/1673 1674/1674/1674 1675/1675/1675
f 1675/1675/1675 1674/1674/1674 1676/1676/1676
f 1675/1675/1675 1676/1676/1676 1677/1677/1677
f 1677/1677/1677 1676/1676/1676 1678/1678/1678
f 1677/1677/1677 1678/1678/1678 1679/1679/1679
f 1679/1679/1679 1678/1678/1678 1680/1680/1680
f 1679/1679/1679 1680/1680/1680 1681/1681/1681
f 1682/1682/1682 1684/1684/1684 1683/1683/1683
f 1682/1682/1682 1685/1685/1685 1684/1684/1684
f 1686/1686/1686 1685/1685/1685 1682/1682/1682
f 1686/1686/1686 1687/1687/1687 1685/1685/1685
f 1688/1688/1688 1687/1687/1687 1686/1686/1686
f 1688/1688/1688 1689/1689/1689 1687/1687/1687
f 1690/1690/1690 1689/1689/1689 1688/1688/1688
f 1690/1690/1690 1691/1691/1691 1689/1689/1689
f 1692/1692/1692 1694/1694/1694 1693/1693/1693
f 1692/1692/1692 1695/1695/1695 1694/1694/1694
f 1696/1696/1696 1695/1695/1695 1692/1692/1692
f 1696/1696/1696 1697/1697/1697 1695/1695/1695
f 1698/1698/1698 1697/1697/1697 1696/1696/1696
f 1698/1698/1698 1699/1699/1699 1697/1697/1697
f 1700/1700/1700 1699/1699/1699 1698/1698/1698
f 1700/1700/1700 1701/1701/1701 1699/1699/1699
f 1702/1702/1702 1704/1704/1704 1703/1703/1703
f 1702/1702/1702 1703/1703/1703 1705/1705/1705
f 1705/1705/1705 1703/1703/1703 1706/1706/1706
f 1705/1705/1705 1706/1706/1706 1707/1707/1707
f 1707/1707/1707 1706/1706/1706 1708/1708/1708
f 1707/1707/1707 1708/1708/1708 1709/1709/1709
f 1709/1709/1709 1708/1708/1708 1710/1710/1710
f 1709/1709/1709 1710/1710/1710 1711/1711/1711
f 1712/1712/1712 1714/1714/1714 1713/1713/1713
f 1712/1712/1712 1713/1713/1713 1715/1715/1715
f 1715/1715/1715 1713/1713/1713 1716/1716/1716
f 1715/1715/1715 1716/1716/1716 1717/1717/1717
f 1717/1717/1717 1716/1716/1716 1718/1718/1718
f 1717/1717/1717 1718/1718/1718 1719/1719/1719
f 1719/1719/1719 1718/1718/1718 1720/1720/1720
f 1719/1719/1719 1720/1720/1720 1721/1721/1721
f 1722/1722/1722 1724/1724/1724 1723/1723/1723
f 1722/1722/1722 1723/1723/1723 1725/1725/1725
f 1725/1725/1725 1723/1723/1723 1726/1726/1726
f 1725/1725/1725 1726/1726/1726 1727/1727/1727
f 1727/1727/1727 1726/1726/1726 1728/1728/1728
f 1727/1727/1727 1728/1728/1728 1729/1729/1729
f 1730/1730/1730 1732/1732/1732 1731/1731/1731
f 1730/1730/1730 1731/1731/1731 1733/1733/1733
f 1733/1733/1733 1731/1731/1731 1734/1734/1734
f 1733/1733/1733 1734/1734/1734 1735/1735/1735
f 1735/1735/1735 1734/1734/1734 1736/1736/1736
f 1735/1735/1735 1736/1736/1736 1737/1737/1737
f 1738/1738/1738 1740/1740/1740 1739/1739/1739
f 1738/1738/1738 1739/1739/1739 1741/1741/1741
f 1741/1741/1741 1739/1739/1739 1742/1742/1742
f 1741/1741/1741 1742/1742/1742 1743/1743/1743
f 1743/1743/1743 1742/1742/1742 1744/1744/1744
f 1743/1743/1743 1744/1744/1744 1745/1745/1745
f 1745/1745/1745 1744/1744/1744 1746/1746/1746
f 1745/1745/1745 1746/1746/1746 1747/1747/1747
f 1747/1747/1747 1746/1746/1746 1748/1748/1748
f 1747/1747/1747 1748/1748/1748 1749/1749/1749
f 1750/1750/1750 1752/1752/1752 1751/1751/1751
f 1750/1750/1750 1753/1753/1753 1752/1752/1752
f 1754/1754/1754 1753/1753/1753 1750/1750/1750
f 1754/1754/1754 1755/1755/1755 1753/1753/1753
f 1756/1756/1756 1755/1755/1755 1754/1754/1754
f 1756/1756/1756 1757/1757/1757 1755/1755/1755
f 1758/1758/1758 1757/1757/1757 1756/1756/1756
f 1758/1758/1758 1759/1759/1759 1757/1757/1757
f 1760/1760/1760 1759/1759/1759 1758/1758/1758
f 1760/1760/1760 1761/1761/1761 1759/1759/1759
f 1762/1762/1762 1764/1764/1764 1763/1763/1763
f 1762/1762/1762 1763/1763/1763 1765/1765/1765
f 1765/1765/1765 1763/1763/1763 1766/1766/1766
f 1765/1765/1765 1766/1766/1766 1767/1767/1767
f 1767/1767/1767 1766/1766/1766 1768/1768/1768
f 1767/1767/1767 1768/1768/1768 1769/1769/1769
f 1769/1769/1769 1768/1768/1768 1770/1770/1770
f 1769/1769/1769 1770/1770/1770 1771/1771/1771
f 1772/1772/1772 1774/1774/1774 1773/1773/1773
f 1772/1772/1772 1773/1773/1773 1775/1775/1775
f 1775/1775/1775 1773/1773/1773 1776/1776/1776
f 1775/1775/1775 1776/1776/1776 1777/1777/1777
f 1777/1777/1777 1776/1776/1776 1778/1778/1778
f 1777/1777/1777 1778/1778/1778 1779/1779/1779
f 1780/1780/1780 1782/1782/1782 1781/1781/1781
f 1780/1780/1780 1781/1781/1781 1783/1783/1783
f 1783/1783/1783 1781/1781/1781 1784/1784/1784
f 1783/1783/1783 1784/1784/1784 1785/1785/1785
f 1785/1785/1785 1784/1784/1784 1786/1786/1786
f 1785/1785/1785 1786/1786/1786 1787/1787/1787
f 1787/1787/1787 1786/1786/1786 1788/1788/1788
f 1787/1787/1787 1788/1788/1788 1789/1789/1789
f 1790/1790/1790 1792/1792/1792 1791/1791/1791
f 1792/1792/1792 1790/1790/1790 1793/1793/1793
f 1793/1793/1793 1790/1790/1790 1794/1794/1794
f 1793/1793/1793 1794/1794/1794 1795/1795/1795
f 1795/1795/1795 1794/1794/1794 1796/1796/1796
f 1795/1795/1795 1796/1796/1796 1797/1797/1797
f 1797/1797/1797 1796/1796/1796 1798/1798/1798
f 1797/1797/1797 1798/1798/1798 1799/1799/1799
f 1799/1799/1799 1798/1798/1798 1800/1800/1800
f 1799/1799/1799 1800/1800/1800 1801/1801/1801
f 1801/1801/1801 1800/1800/1800 1802/1802/1802
f 1801/1801/1801 1802/1802/1802 1803/1803/1803
f 1803/1803/1803 1802/1802/1802 1804/1804/1804
f 1803/1803/1803 1804/1804/1804 1805/1805/1805
f 1806/1806/1806 1808/1808/1808 1807/1807/1807
f 1806/1806/1806 1809/1809/1809 1808/1808/1808
f 1809/1809/1809 1810/1810/1810 1808/1808/1808
f 1809/1809/1809 1811/1811/1811 1810/1810/1810
f 1811/1811/1811 1812/1812/1812 1810/1810/1810
f 1811/1811/1811 1813/1813/1813 1812/1812/1812
f 1813/1813/1813 1814/1814/1814 1812/1812/1812
f 1813/1813/1813 1815/1815/1815 1814/1814/1814
f 1816/1816/1816 1818/1818/1818 1817/1817/1817
f 1816/1816/1816 1817/1817/1817 1819/1819/1819
f 1820/1820/1820 1816/1816/1816 1819/1819/1819
f 1820/1820/1820 1819/1819/1819 1821/1821/1821
f 1822/1822/1822 1820/1820/1820 1821/1821/1821
f 1822/1822/1822 1821/1821/1821 1823/1823/1823
f 1824/1824/1824 1822/1822/1822 1823/1823/1823
f 1824/1824/1824 1823/1823/1823 1825/1825/1825
f 1826/1826/1826 1824/1824/1824 1825/1825/1825
f 1826/1826/1826 1825/1825/1825 1827/1827/1827
f 1828/1828/1828 1830/1830/1830 1829/1829/1829
f 1828/1828/1828 1829/1829/1829 1831/1831/1831
f 1832/1832/1832 1828/1828/1828 1831/1831/1831
f 1832/1832/1832 1831/1831/1831 1833/1833/1833
f 1834/1834/1834 1832/1832/1832 1833/1833/1833
f 1834/1834/1834 1833/1833/1833 1835/1835/1835
f 1836/1836/1836 1834/1834/1834 1835/1835/1835
f 1836/1836/1836 1835/1835/1835 1837/1837/1837
f 1838/1838/1838 1836/1836/1836 1837/1837/1837
f 1838/1838/1838 1837/1837/1837 1839/1839/1839
f 1840/1840/1840 1842/1842/1842 1841/1841/1841
f 1840/1840/1840 1843/1843/1843 1842/1842/1842
f 1843/1843/1843 1844/1844/1844 1842/1842/1842
f 1843/1843/1843 1845/1845/1845 1844/1844/1844
f 1845/1845/1845 1846/1846/1846 1844/1844/1844
f 1845/1845/1845 1847/1847/1847 1846/1846/1846
f 1847/1847/1847 1848/1848/1848 1846/1846/1846
f 1847/1847/1847 1849/1849/1849 1848/1848/1848
f 1850/1850/1850 1852/1852/1852 1851/1851/1851
f 1850/1850/1850 1851/1851/1851 1853/1853/1853
f 1854/1854/1854 1850/1850/1850 1853/1853/1853
f 1854/1854/1854 1853/1853/1853 1855/1855/1855
f 1856/1856/1856 1854/1854/1854 1855/1855/1855
f 1856/1856/1856 1855/1855/1855 1857/1857/1857
f 1858/1858/1858 1856/1856/1856 1857/1857/1857
f 1858/1858/1858 1857/1857/1857 1859/1859/1859
f 1860/1860/1860 1862/1862/1862 1861/1861/1861
f 1860/1860/1860 1861/1861/1861 1863/1863/1863
f 1864/1864/1864 1860/1860/1860 1863/1863/1863
f 1864/1864/1864 1863/1863/1863 1865/1865/1865
f 1866/1866/1866 1864/1864/1864 1865/1865/1865
f 1866/1866/1866 1865/1865/1865 1867/1867/1867
f 1868/1868/1868 1870/1870/1870 1869/1869/1869
f 1868/1868/1868 1871/1871/1871 1870/1870/1870
f 1871/1871/1871 1872/1872/1872 1870/1870/1870
f 1871/1871/1871 1873/1873/1873 1872/1872/1872
f 1873/1873/1873 1874/1874/1874 1872/1872/1872
f 1873/1873/1873 1875/1875/1875 1874/1874/1874
f 1875/1875/1875 1876/1876/1876 1874/1874/1874
f 1875/1875/1875 1877/1877/1877 1876/1876/1876
f 1878/1878/1878 1880/1880/1880 1879/1879/1879
f 1878/1878/1878 1881/1881/1881 1880/1880/1880
f 1881/1881/1881 1882/1882/1882 1880/1880/1880
f 1881/1881/1881 1883/1883/1883 1882/1882/1882
f 1883/1883/1883 1884/1884/1884 1882/1882/1882
f 1883/1883/1883 1885/1885/1885 1884/1884/1884
f 1886/1886/1886 1888/1888/1888 1887/1887/1887
f 1888/1888/1888 1886/1886/1886 1889/1889/1889
f 1888/1888/1888 1889/1889/1889 1890/1890/1890
f 1890/1890/1890 1889/1889/1889 1891/1891/1891
f 1890/1890/1890 1891/1891/1891 1892/1892/1892
f 1892/1892/1892 1891/1891/1891 1893/1893/1893
f 1892/1892/1892 1893/1893/1893 1894/1894/1894
f 1894/1894/1894 1893/1893/1893 1895/1895/1895
f 1894/1894/1894 1895/1895/1895 1896/1896/1896
f 1896/1896/1896 1895/1895/1895 1897/1897/1897
f 1896/1896/1896 1897/1897/1897 1898/1898/1898
f 1898/1898/1898 1897/1897/1897 1899/1899/1899
f 1898/1898/1898 1899/1899/1899 1900/1900/1900
f 1900/1900/1900 1899/1899/1899 1901/1901/1901
f 1902/1902/1902 1904/1904/1904 1903/1903/1903
f 1902/1902/1902 1903/1903/1903 1905/1905/1905
f 1906/1906/1906 1902/1902/1902 1905/1905/1905
f 1906/1906/1906 1905/1905/1905 1907/1907/1907
f 1908/1908/1908 1906/1906/1906 1907/1907/1907
f 1908/1908/1908 1907/1907/1907 1909/1909/1909
f 1910/1910/1910 1908/1908/1908 1909/1909/1909
f 1910/1910/1910 1909/1909/1909 1911/1911/1911
f 1912/1912/1912 1914/1914/1914 1913/1913/1913
f 1912/1912/1912 1915/1915/1915 1914/1914/1914
f 1915/1915/1915 1916/1916/1916 1914/1914/1914
f 1915/1915/1915 1917/1917/1917 1916/1916/1916
f 1917/1917/1917 1918/1918/1918 1916/1916/1916
f 1917/1917/1917 1919/1919/1919 1918/1918/1918
f 1919/1919/1919 1920/1920/1920 1918/1918/1918
f 1919/1919/1919 1921/1921/1921 1920/1920/1920
f 1921/1921/1921 1922/1922/1922 1920/1920/1920
f 1921/1921/1921 1923/1923/1923 1922/1922/1922
f 1924/1924/1924 1926/1926/1926 1925/1925/1925
f 1924/1924/1924 1927/1927/1927 1926/1926/1926
f 1927/1927/1927 1928/1928/1928 1926/1926/1926
f 1927/1927/1927 1929/1929/1929 1928/1928/1928
f 1929/1929/1929 1930/1930/1930 1928/1928/1928
f 1929/1929/1929 1931/1931/1931 1930/1930/1930
f 1931/1931/1931 1932/1932/1932 1930/1930/1930
f 1931/1931/1931 1933/1933/1933 1932/1932/1932
f 1933/1933/1933 1934/1934/1934 1932/1932/1932
f 1933/1933/1933 1935/1935/1935 1934/1934/1934
f 1936/1936/1936 1938/1938/1938 1937/1937/1937
f 1936/1936/1936 1937/1937/1937 1939/1939/1939
f 1940/1940/1940 1936/1936/1936 1939/1939/1939
f 1940/1940/1940 1939/1939/1939 1941/1941/1941
f 1942/1942/1942 1940/1940/1940 1941/1941/1941
f 1942/1942/1942 1941/1941/1941 1943/1943/1943
f 1944/1944/1944 1942/1942/1942 1943/1943/1943
f 1944/1944/1944 1943/1943/1943 1945/1945/1945
f 1946/1946/1946 1948/1948/1948 1947/1947/1947
f 1946/1946/1946 1949/1949/1949 1948/1948/1948
f 1949/1949/1949 1950/1950/1950 1948/1948/1948
f 1949/1949/1949 1951/1951/1951 1950/1950/1950
f 1951/1951/1951 1952/1952/1952 1950/1950/1950
f 1951/1951/1951 1953/1953/1953 1952/1952/1952
f 1954/1954/1954 1956/1956/1956 1955/1955/1955
f 1954/1954/1954 1957/1957/1957 1956/1956/1956
f 1957/1957/1957 1958/1958/1958 1956/1956/1956
f 1957/1957/1957 1959/1959/1959 1958/1958/1958
f 1959/1959/1959 1960/1960/1960 1958/1958/1958
f 1959/1959/1959 1961/1961/1961 1960/1960/1960
f 1961/1961/1961 1962/1962/1962 1960/1960/1960
f 1961/1961/1961 1963/1963/1963 1962/1962/1962
f 1964/1964/1964 1966/1966/1966 1965/1965/1965
f 1964/1964/1964 1967/1967/1967 1966/1966/1966
f 1967/1967/1967 1968/1968/1968 1966/1966/1966
f 1967/1967/1967 1969/1969/1969 1968/1968/1968
f 1969/1969/1969 1970/1970/1970 1968/1968/1968
f 1969/1969/1969 1971/1971/1971 1970/1970/1970
f 1972/1972/1972 1974/1974/1974 1973/1973/1973
f 1972/1972/1972 1973/1973/1973 1975/1975/1975
f 1976/1976/1976 1972/1972/1972 1975/1975/1975
f 1976/1976/1976 1975/1975/1975 1977/1977/1977
f 1978/1978/1978 1976/1976/1976 1977/1977/1977
f 1978/1978/1978 1977/1977/1977 1979/1979/1979
f 1980/1980/1980 1978/1978/1978 1979/1979/1979
f 1980/1980/1980 1979/1979/1979 1981/1981/1981
f 1982/1982/1982 1984/1984/1984 1983/1983/1983
f 1982/1982/1982 1983/1983/1983 1985/1985/1985
f 1985/1985/1985 1983/1983/1983 1986/1986/1986
f 1985/1985/1985 1986/1986/1986 1987/1987/1987
f 1987/1987/1987 1986/1986/1986 1988/1988/1988
f 1987/1987/1987 1988/1988/1988 1989/1989/1989
f 1989/1989/1989 1988/1988/1988 1990/1990/1990
f 1989/1989/1989 1990/1990/1990 1991/1991/1991
f 1991/1991/1991 1990/1990/1990 1992/1992/1992
f 1991/1991/1991 1992/1992/1992 1993/1993/1993
f 1994/1994/1994 1996/1996/1996 1995/1995/1995
f 1994/1994/1994 1997/1997/1997 1996/1996/1996
f 1998/1998/1998 1997/1997/1997 1994/1994/1994
f 1998/1998/1998 1999/1999/1999 1997/1997/1997
f 2000/2000/2000 1999/1999/1999 1998/1998/1998
f 2000/2000/2000 2001/2001/2001 1999/1999/1999
f 2002/2002/2002 2001/2001/2001 2000/2000/2000
f 2002/2002/2002 2003/2003/2003 2001/2001/2001
f 2004/2004/2004 2006/2006/2006 2005/2005/2005
f 2004/2004/2004 2007/2007/2007 2006/2006/2006
f 2008/2008/2008 2007/2007/2007 2004/2004/2004
f 2008/2008/2008 2009/2009/2009 2007/2007/2007
f 2010/2010/2010 2009/2009/2009 2008/2008/2008
f 2010/2010/2010 2011/2011/2011 2009/2009/2009
f 2012/2012/2012 2011/2011/2011 2010/2010/2010
f 2012/2012/2012 2013/2013/2013 2011/2011/2011
f 2014/2014/2014 2016/2016/2016 2015/2015/2015
f 2014/2014/2014 2015/2015/2015 2017/2017/2017
f 2017/2017/2017 2015/2015/2015 2018/2018/2018
f 2017/2017/2017 2018/2018/2018 2019/2019/2019
f 2019/2019/2019 2018/2018/2018 2020/2020/2020
f 2019/2019/2019 2020/2020/2020 2021/2021/2021
f 2021/2021/2021 2020/2020/2020 2022/2022/2022
f 2021/2021/2021 2022/2022/2022 2023/2023/2023
f 2024/2024/2024 2026/2026/2026 2025/2025/2025
f 2024/2024/2024 2025/2025/2025 2027/2027/2027
f 2027/2027/2027 2025/2025/2025 2028/2028/2028
f 2027/2027/2027 2028/2028/2028 2029/2029/2029
f 2029/2029/2029 2028/2028/2028 2030/2030/2030
f 2029/2029/2029 2030/2030/2030 2031/2031/2031
f 2031/2031/2031 2030/2030/2030 2032/2032/2032
f 2031/2031/2031 2032/2032/2032 2033/2033/2033
f 2034/2034/2034 2036/2036/2036 2035/2035/2035
f 2034/2034/2034 2035/2035/2035 2037/2037/2037
f 2037/2037/2037 2035/2035/2035 2038/2038/2038
f 2037/2037/2037 2038/2038/2038 2039/2039/2039
f 2039/2039/2039 2038/2038/2038 2040/2040/2040
f 2039/2039/2039 2040/2040/2040 2041/2041/2041
f 2042/2042/2042 2044/2044/2044 2043/2043/2043
f 2042/2042/2042 2043/2043/2043 2045/2045/2045
f 2045/2045/2045 2043/2043/2043 2046/2046/2046
f 2045/2045/2045 2046/2046/2046 2047/2047/2047
f 2047/2047/2047 2046/2046/2046 2048/2048/2048
f 2047/2047/2047 2048/2048/2048 2049/2049/2049
f 2050/2050/2050 2052/2052/2052 2051/2051/2051
f 2050/2050/2050 2051/2051/2051 2053/2053/2053
f 2053/2053/2053 2051/2051/2051 2054/2054/2054
f 2053/2053/2053 2054/2054/2054 2055/2055/2055
f 2055/2055/2055 2054/2054/2054 2056/2056/2056
f 2055/2055/2055 2056/2056/2056 2057/2057/2057
f 2057/2057/2057 2056/2056/2056 2058/2058/2058
f 2057/2057/2057 2058/2058/2058 2059/2059/2059
f 2059/2059/2059 2058/2058/2058 2060/2060/2060
f 2059/2059/2059 2060/2060/2060 2061/2061/2061
f 2062/2062/2062 2064/2064/2064 2063/2063/2063
f 2062/2062/2062 2065/2065/2065 2064/2064/2064
f 2066/2066/2066 2065/2065/2065 2062/2062/2062
f 2066/2066/2066 2067/2067/2067 2065/2065/2065
f 2068/2068/2068 2067/2067/2067 2066/2066/2066
f 2068/2068/2068 2069/2069/2069 2067/2067/2067
f 2070/2070/2070 2069/2069/2069 2068/2068/2068
f 2070/2070/2070 2071/2071/2071 2069/2069/2069
f 2072/2072/2072 2071/2071/2071 2070/2070/2070
f 2072/2072/2072 2073/2073/2073 2071/2071/2071
f 2074/2074/2074 2076/2076/2076 2075/2075/2075
f 2074/2074/2074 2075/2075/2075 2077/2077/2077
f 2077/2077/2077 2075/2075/2075 2078/2078/2078
f 2077/2077/2077 2078/2078/2078 2079/2079/2079
f 2079/2079/2079 2078/2078/2078 2080/2080/2080
f 2079/2079/2079 2080/2080/2080 2081/2081/2081
f 2081/2081/2081 2080/2080/2080 2082/2082/2082
f 2081/2081/2081 2082/2082/2082 2083/2083/2083
f 2084/2084/2084 2086/2086/2086 2085/2085/2085
f 2084/2084/2084 2085/2085/2085 2087/2087/2087
f 2087/2087/2087 2085/2085/2085 2088/2088/2088
f 2087/2087/2087 2088/2088/2088 2089/2089/2089
f 2089/2089/2089 2088/2088/2088 2090/2090/2090
f 2089/2089/2089 2090/2090/2090 2091/2091/2091
f 2092/2092/2092 2094/2094/2094 2093/2093/2093
f 2092/2092/2092 2093/2093/2093 2095/2095/2095
f 2095/2095/2095 2093/2093/2093 2096/2096/2096
f 2095/2095/2095 2096/2096/2096 2097/2097/2097
f 2097/2097/2097 2096/2096/2096 2098/2098/2098
f 2097/2097/2097 2098/2098/2098 2099/2099/2099
f 2099/2099/2099 2098/2098/2098 2100/2100/2100
f 2099/2099/2099 2100/2100/2100 2101/2101/2101
f 2102/2102/2102 2104/2104/2104 2103/2103/2103
f 2104/2104/2104 2102/2102/2102 2105/2105/2105
f 2104/2104/2104 2105/2105/2105 2106/2106/2106
f 2106/2106/2106 2105/2105/2105 2107/2107/2107
f 2106/2106/2106 2107/2107/2107 2108/2108/2108
f 2108/2108/2108 2107/2107/2107 2109/2109/2109
f 2108/2108/2108 2109/2109/2109 2110/2110/2110
f 2110/2110/2110 2109/2109/2109 2111/2111/2111
f 2110/2110/2110 2111/2111/2111 2112/2112/2112
f 2112/2112/2112 2111/2111/2111 2113/2113/2113
f 2112/2112/2112 2113/2113/2113 2114/2114/2114
f 2114/2114/2114 2113/2113/2113 2115/2115/2115
f 2114/2114/2114 2115/2115/2115 2116/2116/2116
f 2116/2116/2116 2115/2115/2115 2117/2117/2117
f 2118/2118/2118 2120/2120/2120 2119/2119/2119
f 2118/2118/2118 2121/2121/2121 2120/2120/2120
f 2121/2121/2121 2122/2122/2122 2120/2120/2120
f 2121/2121/2121 2123/2123/2123 2122/2122/2122
f 2123/2123/2123 2124/2124/2124 2122/2122/2122
f 2123/2123/2123 2125/2125/2125 2124/2124/2124
f 2125/2125/2125 2126/2126/2126 2124/2124/2124
f 2125/2125/2125 2127/2127/2127 2126/2126/2126
f 2128/2128/2128 2130/2130/2130 2129/2129/2129
f 2128/2128/2128 2129/2129/2129 2131/2131/2131
f 2132/2132/2132 2128/2128/2128 2131/2131/2131
f 2132/2132/2132 2131/2131/2131 2133/2133/2133
f 2134/2134/2134 2132/2132/2132 2133/2133/2133
f 2134/2134/2134 2133/2133/2133 2135/2135/2135
f 2136/2136/2136 2134/2134/2134 2135/2135/2135
f 2136/2136/2136 2135/2135/2135 2137/2137/2137
f 2138/2138/2138 2136/2136/2136 2137/2137/2137
f 2138/2138/2138 2137/2137/2137 2139/2139/2139
f 2140/2140/2140 2142/2142/2142 2141/2141/2141
f 2140/2140/2140 2141/2141/2141 2143/2143/2143
f 2144/2144/2144 2140/2140/2140 2143/2143/2143
f 2144/2144/2144 2143/2143/2143 2145/2145/2145
f 2146/2146/2146 2144/2144/2144 2145/2145/2145
f 2146/2146/2146 2145/2145/2145 2147/2147/2147
f 2148/2148/2148 2146/2146/2146 2147/2147/2147
f 2148/2148/2148 2147/2147/2147 2149/2149/2149
f 2150/2150/2150 2148/2148/2148 2149/2149/2149
f 2150/2150/2150 2149/2149/2149 2151/2151/2151
f 2152/2152/2152 2154/2154/2154 2153/2153/2153
f 2152/2152/2152 2155/2155/2155 2154/2154/2154
f 2155/2155/2155 2156/2156/2156 2154/2154/2154
f 2155/2155/2155 2157/2157/2157 2156/2156/2156
f 2157/2157/2157 2158/2158/2158 2156/2156/2156
f 2157/2157/2157 2159/2159/2159 2158/2158/2158
f 2159/2159/2159 2160/2160/2160 2158/2158/2158
f 2159/2159/2159 2161/2161/2161 2160/2160/2160
f 2162/2162/2162 2164/2164/2164 2163/2163/2163
f 2162/2162/2162 2163/2163/2163 2165/2165/2165
f 2166/2166/2166 2162/2162/2162 2165/2165/2165
f 2166/2166/2166 2165/2165/2165 2167/2167/2167
f 2168/2168/2168 2166/2166/2166 2167/2167/2167
f 2168/2168/2168 2167/2167/2167 2169/2169/2169
f 2170/2170/2170 2168/2168/2168 2169/2169/2169
f 2170/2170/2170 2169/2169/2169 2171/2171/2171
f 2172/2172/2172 2174/2174/2174 2173/2173/2173
f 2172/2172/2172 2173/2173/2173 2175/2175/2175
f 2176/2176/2176 2172/2172/2172 2175/2175/2175
f 2176/2176/2176 2175/2175/2175 2177/2177/2177
f 2178/2178/2178 2176/2176/2176 2177/2177/2177
f 2178/2178/2178 2177/2177/2177 2179/2179/2179
f 2180/2180/2180 2182/2182/2182 2181/2181/2181
f 2180/2180/2180 2183/2183/2183 2182/2182/2182
f 2183/2183/2183 2184/2184/2184 2182/2182/2182
f 2183/2183/2183 2185/2185/2185 2184/2184/2184
f 2185/2185/2185 2186/2186/2186 2184/2184/2184
f 2185/2185/2185 2187/2187/2187 2186/2186/2186
f 2187/2187/2187 2188/2188/2188 2186/2186/2186
f 2187/2187/2187 2189/2189/2189 2188/2188/2188
f 2190/2190/2190 2192/2192/2192 2191/2191/2191
f 2190/2190/2190 2193/2193/2193 2192/2192/2192
f 2193/2193/2193 2194/2194/2194 2192/2192/2192
f 2193/2193/2193 2195/2195/2195 2194/2194/2194
f 2195/2195/2195 2196/2196/2196 2194/2194/2194
f 2195/2195/2195 2197/2197/2197 2196/2196/2196
f 2198/2198/2198 2200/2200/2200 2199/2199/2199
f 2200/2200/2200 2198/2198/2198 2201/2201/2201
f 2200/2200/2200 2201/2201/2201 2202/2202/2202
f 2202/2202/2202 2201/2201/2201 2203/2203/2203
f 2202/2202/2202 2203/2203/2203 2204/2204/2204
f 2204/2204/2204 2203/2203/2203 2205/2205/2205
f 2204/2204/2204 2205/2205/2205 2206/2206/2206
f 2206/2206/2206 2205/2205/2205 2207/2207/2207
f 2206/2206/2206 2207/2207/2207 2208/2208/2208
f 2208/2208/2208 2207/2207/2207 2209/2209/2209
f 2208/2208/2208 2209/2209/2209 2210/2210/2210
f 2210/2210/2210 2209/2209/2209 2211/2211/2211
f 2210/2210/2210 2211/2211/2211 2212/2212/2212
f 2212/2212/2212 2211/2211/2211 2213/2213/2213
f 2214/2214/2214 2216/2216/2216 2215/2215/2215
f 2214/2214/2214 2217/2217/2217 2216/2216/2216
f 2217/2217/2217 2218/2218/2218 2216/2216/2216
f 2217/2217/2217 2219/2219/2219 2218/2218/2218
f 2219/2219/2219 2220/2220/2220 2218/2218/2218
f 2219/2219/2219 2221/2221/2221 2220/2220/2220
f 2221/2221/2221 2222/2222/2222 2220/2220/2220
f 2221/2221/2221 2223/2223/2223 2222/2222/2222
f 2223/2223/2223 2224/2224/2224 2222/2222/2222
f 2223/2223/2223 2225/2225/2225 2224/2224/2224
f 2226/2226/2226 2228/2228/2228 2227/2227/2227
f 2226/2226/2226 2227/2227/2227 2229/2229/2229
f 2230/2230/2230 2226/2226/2226 2229/2229/2229
f 2230/2230/2230 2229/2229/2229 2231/2231/2231
f 2232/2232/2232 2230/2230/2230 2231/2231/2231
f 2232/2232/2232 2231/2231/2231 2233/2233/2233
f 2234/2234/2234 2232/2232/2232 2233/2233/2233
f 2234/2234/2234 2233/2233/2233 2235/2235/2235
f 2236/2236/2236 2238/2238/2238 2237/2237/2237
f 2236/2236/2236 2237/2237/2237 2239/2239/2239
f 2240/2240/2240 2236/2236/2236 2239/2239/2239
f 2240/2240/2240 2239/2239/2239 2241/2241/2241
f 2242/2242/2242 2240/2240/2240 2241/2241/2241
f 2242/2242/2242 2241/2241/2241 2243/2243/2243
f 2244/2244/2244 2242/2242/2242 2243/2243/2243
f 2244/2244/2244 2243/2243/2243 2245/2245/2245
f 2246/2246/2246 2244/2244/2244 2245/2245/2245
f 2246/2246/2246 2245/2245/2245 2247/2247/2247
f 2248/2248/2248 2246/2246/2246 2247/2247/2247
f 2248/2248/2248 2247/2247/2247 2249/2249/2249
f 2250/2250/2250 2248/2248/2248 2249/2249/2249
f 2250/2250/2250 2249/2249/2249 2251/2251/2251
f 2252/2252/2252 2250/2250/2250 2251/2251/2251
f 2252/2252/2252 2251/2251/2251 2253/2253/2253
f 2254/2254/2254 2252/2252/2252 2253/2253/2253
f 2254/2254/2254 2253/2253/2253 2255/2255/2255
f 2256/2256/2256 2258/2258/2258 2257/2257/2257
f 2256/2256/2256 2259/2259/2259 2258/2258/2258
f 2259/2259/2259 2260/2260/2260 2258/2258/2258
f 2259/2259/2259 2261/2261/2261 2260/2260/2260
f 2261/2261/2261 2262/2262/2262 2260/2260/2260
f 2261/2261/2261 2263/2263/2263 2262/2262/2262
f 2264/2264/2264 2266/2266/2266 2265/2265/2265
f 2264/2264/2264 2267/2267/2267 2266/2266/2266
f 2267/2267/2267 2268/2268/2268 2266/2266/2266
f 2267/2267/2267 2269/2269/2269 2268/2268/2268
f 2269/2269/2269 2270/2270/2270 2268/2268/2268
f 2269/2269/2269 2271/2271/2271 2270/2270/2270
f 2271/2271/2271 2272/2272/2272 2270/2270/2270
f 2271/2271/2271 2273/2273/2273 2272/2272/2272
f 2274/2274/2274 2276/2276/2276 2275/2275/2275
f 2274/2274/2274 2277/2277/2277 2276/2276/2276
f 2277/2277/2277 2278/2278/2278 2276/2276/2276
f 2277/2277/2277 2279/2279/2279 2278/2278/2278
f 2279/2279/2279 2280/2280/2280 2278/2278/2278
f 2279/2279/2279 2281/2281/2281 2280/2280/2280
f 2282/2282/2282 2284/2284/2284 2283/2283/2283
f 2282/2282/2282 2283/2283/2283 2285/2285/2285
f 2286/2286/2286 2282/2282/2282 2285/2285/2285
f 2286/2286/2286 2285/2285/2285 2287/2287/2287
f 2288/2288/2288 2286/2286/2286 2287/2287/2287
f 2288/2288/2288 2287/2287/2287 2289/2289/2289
f 2290/2290/2290 2288/2288/2288 2289/2289/2289
f 2290/2290/2290 2289/2289/2289 2291/2291/2291
f 2292/2292/2292 2294/2294/2294 2293/2293/2293
f 2292/2292/2292 2293/2293/2293 2295/2295/2295
f 2295/2295/2295 2293/2293/2293 2296/2296/2296
f 2295/2295/2295 2296/2296/2296 2297/2297/2297
f 2297/2297/2297 2296/2296/2296 2298/2298/2298
f 2297/2297/2297 2298/2298/2298 2299/2299/2299
f 2299/2299/2299 2298/2298/2298 2300/2300/2300
f 2299/2299/2299 2300/2300/2300 2301/2301/2301
f 2301/2301/2301 2300/2300/2300 2302/2302/2302
f 2301/2301/2301 2302/2302/2302 2303/2303/2303
f 2304/2304/2304 2306/2306/2306 2305/2305/2305
f 2304/2304/2304 2307/2307/2307 2306/2306/2306
f 2308/2308/2308 2307/2307/2307 2304/2304/2304
f 2308/2308/2308 2309/2309/2309 2307/2307/2307
f 2310/2310/2310 2309/2309/2309 2308/2308/2308
f 2310/2310/2310 2311/2311/2311 2309/2309/2309
f 2312/2312/2312 2311/2311/2311 2310/2310/2310
f 2312/2312/2312 2313/2313/2313 2311/2311/2311
f 2314/2314/2314 2316/2316/2316 2315/2315/2315
f 2314/2314/2314 2317/2317/2317 2316/2316/2316
f 2318/2318/2318 2317/2317/2317 2314/2314/2314
f 2318/2318/2318 2319/2319/2319 2317/2317/2317
f 2320/2320/2320 2319/2319/2319 2318/2318/2318
f 2320/2320/2320 2321/2321/2321 2319/2319/2319
f 2322/2322/2322 2321/2321/2321 2320/2320/2320
f 2322/2322/2322 2323/2323/2323 2321/2321/2321
f 2324/2324/2324 2326/2326/2326 2325/2325/2325
f 2324/2324/2324 2325/2325/2325 2327/2327/2327
f 2327/2327/2327 2325/2325/2325 2328/2328/2328
f 2327/2327/2327 2328/2328/2328 2329/2329/2329
f 2329/2329/2329 2328/2328/2328 2330/2330/2330
f 2329/2329/2329 2330/2330/2330 2331/2331/2331
f 2331/2331/2331 2330/2330/2330 2332/2332/2332
f 2331/2331/2331 2332/2332/2332 2333/2333/2333
f 2334/2334/2334 2336/2336/2336 2335/2335/2335
f 2334/2334/2334 2335/2335/2335 2337/2337/2337
f 2337/2337/2337 2335/2335/2335 2338/2338/2338
f 2337/2337/2337 2338/2338/2338 2339/2339/2339
f 2339/2339/2339 2338/2338/2338 2340/2340/2340
f 2339/2339/2339 2340/2340/2340 2341/2341/2341
f 2341/2341/2341 2340/2340/2340 2342/2342/2342
f 2341/2341/2341 2342/2342/2342 2343/2343/2343
f 2344/2344/2344 2346/2346/2346 2345/2345/2345
f 2344/2344/2344 2345/2345/2345 2347/2347/2347
f 2347/2347/2347 2345/2345/2345 2348/2348/2348
f 2347/2347/2347 2348/2348/2348 2349/2349/2349
f 2349/2349/2349 2348/2348/2348 2350/2350/2350
f 2349/2349/2349 2350/2350/2350 2351/2351/2351
f 2352/2352/2352 2354/2354/2354 2353/2353/2353
f 2352/2352/2352 2353/2353/2353 2355/2355/2355
f 2355/2355/2355 2353/2353/2353 2356/2356/2356
f 2355/2355/2355 2356/2356/2356 2357/2357/2357
f 2357/2357/2357 2356/2356/2356 2358/2358/2358
f 2357/2357/2357 2358/2358/2358 2359/2359/2359
f 2360/2360/2360 2362/2362/2362 2361/2361/2361
f 2360/2360/2360 2361/2361/2361 2363/2363/2363
f 2363/2363/2363 2361/2361/2361 2364/2364/2364
f 2363/2363/2363 2364/2364/2364 2365/2365/2365
f 2365/2365/2365 2364/2364/2364 2366/2366/2366
f 2365/2365/2365 2366/2366/2366 2367/2367/2367
f 2367/2367/2367 2366/2366/2366 2368/2368/2368
f 2367/2367/2367 2368/2368/2368 2369/2369/2369
f 2369/2369/2369 2368/2368/2368 2370/2370/2370
f 2369/2369/2369 2370/2370/2370 2371/2371/2371
f 2372/2372/2372 2374/2374/2374 2373/2373/2373
f 2372/2372/2372 2375/2375/2375 2374/2374/2374
f 2376/2376/2376 2375/2375/2375 2372/2372/2372
f 2376/2376/2376 2377/2377/2377 2375/2375/2375
f 2378/2378/2378 2377/2377/2377 2376/2376/2376
f 2378/2378/2378 2379/2379/2379 2377/2377/2377
f 2380/2380/2380 2379/2379/2379 2378/2378/2378
f 2380/2380/2380 2381/2381/2381 2379/2379/2379
f 2382/2382/2382 2381/2381/2381 2380/2380/2380
f 2382/2382/2382 2383/2383/2383 2381/2381/2381
f 2384/2384/2384 2386/2386/2386 2385/2385/2385
f 2384/2384/2384 2385/2385/2385 2387/2387/2387
f 2387/2387/2387 2385/2385/2385 2388/2388/2388
f 2387/2387/2387 2388/2388/2388 2389/2389/2389
f 2389/2389/2389 2388/2388/2388 2390/2390/2390
f 2389/2389/2389 2390/2390/2390 2391/2391/2391
f 2391/2391/2391 2390/2390/2390 2392/2392/2392
f 2391/2391/2391 2392/2392/2392 2393/2393/2393
f 2394/2394/2394 2396/2396/2396 2395/2395/2395
f 2394/2394/2394 2395/2395/2395 2397/2397/2397
f 2397/2397/2397 2395/2395/2395 2398/2398/2398
f 2397/2397/2397 2398/2398/2398 2399/2399/2399
f 2399/2399/2399 2398/2398/2398 2400/2400/2400
f 2399/2399/2399 2400/2400/2400 2401/2401/2401
f 2402/2402/2402 2404/2404/2404 2403/2403/2403
f 2402/2402/2402 2403/2403/2403 2405/2405/2405
f 2405/2405/2405 2403/2403/2403 2406/2406/2406
f 2405/2405/2405 2406/2406/2406 2407/2407/2407
f 2407/2407/2407 2406/2406/2406 2408/2408/2408
f 2407/2407/2407 2408/2408/2408 2409/2409/2409
f 2409/2409/2409 2408/2408/2408 2410/2410/2410
f 2409/2409/2409 2410/2410/2410 2411/2411/2411
f 2412/2412/2412 2414/2414/2414 2413/2413/2413
f 2414/2414/2414 2412/2412/2412 2415/2415/2415
f 2414/2414/2414 2415/2415/2415 2416/2416/2416
f 2416/2416/2416 2415/2415/2415 2417/2417/2417
f 2416/2416/2416 2417/2417/2417 2418/2418/2418
f 2418/2418/2418 2417/2417/2417 2419/2419/2419
f 2418/2418/2418 2419/2419/2419 2420/2420/2420
f 2420/2420/2420 2419/2419/2419 2421/2421/2421
f 2420/2420/2420 2421/2421/2421 2422/2422/2422
f 2422/2422/2422 2421/2421/2421 2423/2423/2423
f 2422/2422/2422 2423/2423/2423 2424/2424/2424
f 2424/2424/2424 2423/2423/2423 2425/2425/2425
f 2424/2424/2424 2425/2425/2425 2426/2426/2426
f 2426/2426/2426 2425/2425/2425 2427/2427/2427
f 2428/2428/2428 2430/2430/2430 2429/2429/2429
f 2428/2428/2428 2431/2431/2431 2430/2430/2430
f 2431/2431/2431 2432/2432/2432 2430/2430/2430
f 2431/2431/2431 2433/2433/2433 2432/2432/2432
f 2433/2433/2433 2434/2434/2434 2432/2432/2432
f 2433/2433/2433 2435/2435/2435 2434/2434/2434
f 2435/2435/2435 2436/2436/2436 2434/2434/2434
f 2435/2435/2435 2437/2437/2437 2436/2436/2436
f 2438/2438/2438 2440/2440/2440 2439/2439/2439
f 2438/2438/2438 2439/2439/2439 2441/2441/2441
f 2442/2442/2442 2438/2438/2438 2441/2441/2441
f 2442/2442/2442 2441/2441/2441 2443/2443/2443
f 2444/2444/2444 2442/2442/2442 2443/2443/2443
f 2444/2444/2444 2443/2443/2443 2445/2445/2445
f 2446/2446/2446 2444/2444/2444 2445/2445/2445
f 2446/2446/2446 2445/2445/2445 2447/2447/2447
f 2448/2448/2448 2446/2446/2446 2447/2447/2447
f 2448/2448/2448 2447/2447/2447 2449/2449/2449
f 2450/2450/2450 2452/2452/2452 2451/2451/2451
f 2450/2450/2450 2451/2451/2451 2453/2453/2453
f 2454/2454/2454 2450/2450/2450 2453/2453/2453
f 2454/2454/2454 2453/2453/2453 2455/2455/2455
f 2456/2456/2456 2454/2454/2454 2455/2455/2455
f 2456/2456/2456 2455/2455/2455 2457/2457/2457
f 2458/2458/2458 2456/2456/2456 2457/2457/2457
f 2458/2458/2458 2457/2457/2457 2459/2459/2459
f 2460/2460/2460 2458/2458/2458 2459/2459/2459
f 2460/2460/2460 2459/2459/2459 2461/2461/2461
f 2462/2462/2462 2464/2464/2464 2463/2463/2463
f 2462/2462/2462 2465/2465/2465 2464/2464/2464
f 2465/2465/2465 2466/2466/2466 2464/2464/2464
f 2465/2465/2465 2467/2467/2467 2466/2466/2466
f 2467/2467/2467 2468/2468/2468 2466/2466/2466
f 2467/2467/2467 2469/2469/2469 2468/2468/2468
f 2469/2469/2469 2470/2470/2470 2468/2468/2468
f 2469/2469/2469 2471/2471/2471 2470/2470/2470
f 2472/2472/2472 2474/2474/2474 2473/2473/2473
f 2472/2472/2472 2473/2473/2473 2475/2475/2475
f 2476/2476/2476 2472/2472/2472 2475/2475/2475
f 2476/2476/2476 2475/2475/2475 2477/2477/2477
f 2478/2478/2478 2476/2476/2476 2477/2477/2477
f 2478/2478/2478 2477/2477/2477 2479/2479/2479
f 2480/2480/2480 2478/2478/2478 2479/2479/2479
f 2480/2480/2480 2479/2479/2479 2481/2481/2481
f 2482/2482/2482 2484/2484/2484 2483/2483/2483
f 2482/2482/2482 2483/2483/2483 2485/2485/2485
f 2486/2486/2486 2482/2482/2482 2485/2485/2485
f 2486/2486/2486 2485/2485/2485 2487/2487/2487
f 2488/2488/2488 2486/2486/2486 2487/2487/2487
f 2488/2488/2488 2487/2487/2487 2489/2489/2489
f 2490/2490/2490 2492/2492/2492 2491/2491/2491
f 2490/2490/2490 2493/2493/2493 2492/2492/2492
f 2493/2493/2493 2494/2494/2494 2492/2492/2492
f 2493/2493/2493 2495/2495/2495 2494/2494/2494
f 2495/2495/2495 2496/2496/2496 2494/2494/2494
f 2495/2495/2495 2497/2497/2497 2496/2496/2496
f 2497/2497/2497 2498/2498/2498 2496/2496/2496
f 2497/2497/2497 2499/2499/2499 2498/2498/2498
f 2500/2500/2500 2502/2502/2502 2501/2501/2501
f 2500/2500/2500 2503/2503/2503 2502/2502/2502
f 2503/2503/2503 2504/2504/2504 2502/2502/2502
f 2503/2503/2503 2505/2505/2505 2504/2504/2504
f 2505/2505/2505 2506/2506/2506 2504/2504/2504
f 2505/2505/2505 2507/2507/2507 2506/2506/2506
f 2508/2508/2508 2510/2510/2510 2509/2509/2509
f 2510/2510/2510 2508/2508/2508 2511/2511/2511
f 2511/2511/2511 2508/2508/2508 2512/2512/2512
f 2511/2511/2511 2512/2512/2512 2513/2513/2513
f 2513/2513/2513 2512/2512/2512 2514/2514/2514
f 2513/2513/2513 2514/2514/2514 2515/2515/2515
f 2515/2515/2515 2514/2514/2514 2516/2516/2516
f 2515/2515/2515 2516/2516/2516 2517/2517/2517
f 2517/2517/2517 2516/2516/2516 2518/2518/2518
f 2517/2517/2517 2518/2518/2518 2519/2519/2519
f 2519/2519/2519 2518/2518/2518 2520/2520/2520
f 2519/2519/2519 2520/2520/2520 2521/2521/2521
f 2521/2521/2521 2520/2520/2520 2522/2522/2522
f 2521/2521/2521 2522/2522/2522 2523/2523/2523
f 2524/2524/2524 2526/2526/2526 2525/2525/2525
f 2524/2524/2524 2527/2527/2527 2526/2526/2526
f 2527/2527/2527 2528/2528/2528 2526/2526/2526
f 2527/2527/2527 2529/2529/2529 2528/2528/2528
f 2529/2529/2529 2530/2530/2530 2528/2528/2528
f 2529/2529/2529 2531/2531/2531 2530/2530/2530
f 2531/2531/2531 2532/2532/2532 2530/2530/2530
f 2531/2531/2531 2533/2533/2533 2532/2532/2532
f 2533/2533/2533 2534/2534/2534 2532/2532/2532
f 2533/2533/2533 2535/2535/2535 2534/2534/2534
f 2536/2536/2536 2538/2538/2538 2537/2537/2537
f 2536/2536/2536 2537/2537/2537 2539/2539/2539
f 2540/2540/2540 2536/2536/2536 2539/2539/2539
f 2540/2540/2540 2539/2539/2539 2541/2541/2541
f 2542/2542/2542 2540/2540/2540 2541/2541/2541
f 2542/2542/2542 2541/2541/2541 2543/2543/2543
f 2544/2544/2544 2542/2542/2542 2543/2543/2543
f 2544/2544/2544 2543/2543/2543 2545/2545/2545
f 2546/2546/2546 2548/2548/2548 2547/2547/2547
f 2546/2546/2546 2547/2547/2547 2549/2549/2549
f 2550/2550/2550 2546/2546/2546 2549/2549/2549
f 2550/2550/2550 2549/2549/2549 2551/2551/2551
f 2552/2552/2552 2550/2550/2550 2551/2551/2551
f 2552/2552/2552 2551/2551/2551 2553/2553/2553
f 2554/2554/2554 2552/2552/2552 2553/2553/2553
f 2554/2554/2554 2553/2553/2553 2555/2555/2555
f 2556/2556/2556 2554/2554/2554 2555/2555/2555
f 2556/2556/2556 2555/2555/2555 2557/2557/2557
f 2558/2558/2558 2556/2556/2556 2557/2557/2557
f 2558/2558/2558 2557/2557/2557 2559/2559/2559
f 2560/2560/2560 2558/2558/2558 2559/2559/2559
f 2560/2560/2560 2559/2559/2559 2561/2561/2561
f 2562/2562/2562 2560/2560/2560 2561/2561/2561
f 2562/2562/2562 2561/2561/2561 2563/2563/2563
f 2564/2564/2564 2562/2562/2562 2563/2563/2563
f 2564/2564/2564 2563/2563/2563 2565/2565/2565
f 2566/2566/2566 2568/2568/2568 2567/2567/2567
f 2566/2566/2566 2569/2569/2569 2568/2568/2568
f 2569/2569/2569 2570/2570/2570 2568/2568/2568
f 2569/2569/2569 2571/2571/2571 2570/2570/2570
f 2571/2571/2571 2572/2572/2572 2570/2570/2570
f 2571/2571/2571 2573/2573/2573 2572/2572/2572
f 2574/2574/2574 2576/2576/2576 2575/2575/2575
f 2574/2574/2574 2577/2577/2577 2576/2576/2576
f 2577/2577/2577 2578/2578/2578 2576/2576/2576
f 2577/2577/2577 2579/2579/2579 2578/2578/2578
f 2579/2579/2579 2580/2580/2580 2578/2578/2578
f 2579/2579/2579 2581/2581/2581 2580/2580/2580
f 2581/2581/2581 2582/2582/2582 2580/2580/2580
f 2581/2581/2581 2583/2583/2583 2582/2582/2582
f 2584/2584/2584 2586/2586/2586 2585/2585/2585
f 2584/2584/2584 2587/2587/2587 2586/2586/2586
f 2587/2587/2587 2588/2588/2588 2586/2586/2586
f 2587/2587/2587 2589/2589/2589 2588/2588/2588
f 2589/2589/2589 2590/2590/2590 2588/2588/2588
f 2589/2589/2589 2591/2591/2591 2590/2590/2590
f 2592/2592/2592 2594/2594/2594 2593/2593/2593
f 2592/2592/2592 2593/2593/2593 2595/2595/2595
f 2596/2596/2596 2592/2592/2592 2595/2595/2595
f 2596/2596/2596 2595/2595/2595 2597/2597/2597
f 2598/2598/2598 2596/2596/2596 2597/2597/2597
f 2598/2598/2598 2597/2597/2597 2599/2599/2599
f 2600/2600/2600 2598/2598/2598 2599/2599/2599
f 2600/2600/2600 2599/2599/2599 2601/2601/2601
f 2602/2602/2602 2604/2604/2604 2603/2603/2603
f 2602/2602/2602 2603/2603/2603 2605/2605/2605
f 2605/2605/2605 2603/2603/2603 2606/2606/2606
f 2605/2605/2605 2606/2606/2606 2607/2607/2607
f 2607/2607/2607 2606/2606/2606 2608/2608/2608
f 2607/2607/2607 2608/2608/2608 2609/2609/2609
f 2609/2609/2609 2608/2608/2608 2610/2610/2610
f 2609/2609/2609 2610/2610/2610 2611/2611/2611
f 2611/2611/2611 2610/2610/2610 2612/2612/2612
f 2611/2611/2611 2612/2612/2612 2613/2613/2613
f 2614/2614/2614 2616/2616/2616 2615/2615/2615
f 2614/2614/2614 2617/2617/2617 2616/2616/2616
f 2618/2618/2618 2617/2617/2617 2614/2614/2614
f 2618/2618/2618 2619/2619/2619 2617/2617/2617
f 2620/2620/2620 2619/2619/2619 2618/2618/2618
f 2620/2620/2620 2621/2621/2621 2619/2619/2619
f 2622/2622/2622 2621/2621/2621 2620/2620/2620
f 2622/2622/2622 2623/2623/2623 2621/2621/2621
f 2624/2624/2624 2626/2626/2626 2625/2625/2625
f 2624/2624/2624 2627/2627/2627 2626/2626/2626
f 2628/2628/2628 2627/2627/2627 2624/2624/2624
f 2628/2628/2628 2629/2629/2629 2627/2627/2627
f 2630/2630/2630 2629/2629/2629 2628/2628/2628
f 2630/2630/2630 2631/2631/2631 2629/2629/2629
f 2632/2632/2632 2631/2631/2631 2630/2630/2630
f 2632/2632/2632 2633/2633/2633 2631/2631/2631
f 2634/2634/2634 2636/2636/2636 2635/2635/2635
f 2634/2634/2634 2635/2635/2635 2637/2637/2637
f 2637/2637/2637 2635/2635/2635 2638/2638/2638
f 2637/2637/2637 2638/2638/2638 2639/2639/2639
f 2639/2639/2639 2638/2638/2638 2640/2640/2640
f 2639/2639/2639 2640/2640/2640 2641/2641/2641
f 2641/2641/2641 2640/2640/2640 2642/2642/2642
f 2641/2641/2641 2642/2642/2642 2643/2643/2643
f 2644/2644/2644 2646/2646/2646 2645/2645/2645
f 2644/2644/2644 2645/2645/2645 2647/2647/2647
f 2647/2647/2647 2645/2645/2645 2648/2648/2648
f 2647/2647/2647 2648/2648/2648 2649/2649/2649
f 2649/2649/2649 2648/2648/2648 2650/2650/2650
f 2649/2649/2649 2650/2650/2650 2651/2651/2651
f 2651/2651/2651 2650/2650/2650 2652/2652/2652
f 2651/2651/2651 2652/2652/2652 2653/2653/2653
f 2654/2654/2654 2656/2656/2656 2655/2655/2655
f 2654/2654/2654 2655/2655/2655 2657/2657/2657
f 2657/2657/2657 2655/2655/2655 2658/2658/2658
f 2657/2657/2657 2658/2658/2658 2659/2659/2659
f 2659/2659/2659 2658/2658/2658 2660/2660/2660
f 2659/2659/2659 2660/2660/2660 2661/2661/2661
f 2662/2662/2662 2664/2664/2664 2663/2663/2663
f 2662/2662/2662 2663/2663/2663 2665/2665/2665
f 2665/2665/2665 2663/2663/2663 2666/2666/2666
f 2665/2665/2665 2666/2666/2666 2667/2667/2667
f 2667/2667/2667 2666/2666/2666 2668/2668/2668
f 2667/2667/2667 2668/2668/2668 2669/2669/2669
f 2670/2670/2670 2672/2672/2672 2671/2671/2671
f 2670/2670/2670 2671/2671/2671 2673/2673/2673
f 2673/2673/2673 2671/2671/2671 2674/2674/2674
f 2673/2673/2673 2674/2674/2674 2675/2675/2675
f 2675/2675/2675 2674/2674/2674 2676/2676/2676
f 2675/2675/2675 2676/2676/2676 2677/2677/2677
f 2677/2677/2677 2676/2676/2676 2678/2678/2678
f 2677/2677/2677 2678/2678/2678 2679/2679/2679
f 2679/2679/2679 2678/2678/2678 2680/2680/2680
f 2679/2679/2679 2680/2680/2680 2681/2681/2681
f 2682/2682/2682 2684/2684/2684 2683/2683/2683
f 2682/2682/2682 2685/2685/2685 2684/2684/2684
f 2686/2686/2686 2685/2685/2685 2682/2682/2682
f 2686/2686/2686 2687/2687/2687 2685/2685/2685
f 2688/2688/2688 2687/2687/2687 2686/2686/2686
f 2688/2688/2688 2689/2689/2689 2687/2687/2687
f 2690/2690/2690 2689/2689/2689 2688/2688/2688
f 2690/2690/2690 2691/2691/2691 2689/2689/2689
f 2692/2692/2692 2691/2691/2691 2690/2690/2690
f 2692/2692/2692 2693/2693/2693 2691/2691/2691
f 2694/2694/2694 2696/2696/2696 2695/2695/2695
f 2694/2694/2694 2695/2695/2695 2697/2697/2697
f 2697/2697/2697 2695/2695/2695 2698/2698/2698
f 2697/2697/2697 2698/2698/2698 2699/2699/2699
f 2699/2699/2699 2698/2698/2698 2700/2700/2700
f 2699/2699/2699 2700/2700/2700 2701/2701/2701
f 2701/2701/2701 2700/2700/2700 2702/2702/2702
f 2701/2701/2701 2702/2702/2702 2703/2703/2703
f 2704/2704/2704 2706/2706/2706 2705/2705/2705
f 2704/2704/2704 2705/2705/2705 2707/2707/2707
f 2707/2707/2707 2705/2705/2705 2708/2708/2708
f 2707/2707/2707 2708/2708/2708 2709/2709/2709
f 2709/2709/2709 2708/2708/2708 2710/2710/2710
f 2709/2709/2709 2710/2710/2710 2711/2711/2711
f 2712/2712/2712 2714/2714/2714 2713/2713/2713
f 2712/2712/2712 2713/2713/2713 2715/2715/2715
f 2715/2715/2715 2713/2713/2713 2716/2716/2716
f 2715/2715/2715 2716/2716/2716 2717/2717/2717
f 2717/2717/2717 2716/2716/2716 2718/2718/2718
f 2717/2717/2717 2718/2718/2718 2719/2719/2719
f 2719/2719/2719 2718/2718/2718 2720/2720/2720
f 2719/2719/2719 2720/2720/2720 2721/2721/2721
f 2722/2722/2722 2724/2724/2724 2723/2723/2723
f 2724/2724/2724 2722/2722/2722 2725/2725/2725
f 2725/2725/2725 2722/2722/2722 2726/2726/2726
f 2725/2725/2725 2726/2726/2726 2727/2727/2727
f 2727/2727/2727 2726/2726/2726 2728/2728/2728
f 2727/2727/2727 2728/2728/2728 2729/2729/2729
f 2729/2729/2729 2728/2728/2728 2730/2730/2730
f 2729/2729/2729 2730/2730/2730 2731/2731/2731
f 2731/2731/2731 2730/2730/2730 2732/2732/2732
f 2731/2731/2731 2732/2732/2732 2733/2733/2733
f 2733/2733/2733 2732/2732/2732 2734/2734/2734
f 2733/2733/2733 2734/2734/2734 2735/2735/2735
f 2735/2735/2735 2734/2734/2734 2736/2736/2736
f 2735/2735/2735 2736/2736/2736 2737/2737/2737
f 2738/2738/2738 2740/2740/2740 2739/2739/2739
f 2738/2738/2738 2741/2741/2741 2740/2740/2740
f 2741/2741/2741 2742/2742/2742 2740/2740/2740
f 2741/2741/2741 2743/2743/2743 2742/2742/2742
f 2743/2743/2743 2744/2744/2744 2742/2742/2742
f 2743/2743/2743 2745/2745/2745 2744/2744/2744
f 2745/2745/2745 2746/2746/2746 2744/2744/2744
f 2745/2745/2745 2747/2747/2747 2746/2746/2746
f 2748/2748/2748 2750/2750/2750 2749/2749/2749
f 2748/2748/2748 2749/2749/2749 2751/2751/2751
f 2752/2752/2752 2748/2748/2748 2751/2751/2751
f 2752/2752/2752 2751/2751/2751 2753/2753/2753
f 2754/2754/2754 2752/2752/2752 2753/2753/2753
f 2754/2754/2754 2753/2753/2753 2755/2755/2755
f 2756/2756/2756 2754/2754/2754 2755/2755/2755
f 2756/2756/2756 2755/2755/2755 2757/2757/2757
f 2758/2758/2758 2756/2756/2756 2757/2757/2757
f 2758/2758/2758 2757/2757/2757 2759/2759/2759
f 2760/2760/2760 2762/2762/2762 2761/2761/2761
f 2760/2760/2760 2761/2761/2761 2763/2763/2763
f 2764/2764/2764 2760/2760/2760 2763/2763/2763
f 2764/2764/2764 2763/2763/2763 2765/2765/2765
f 2766/2766/2766 2764/2764/2764 2765/2765/2765
f 2766/2766/2766 2765/2765/2765 2767/2767/2767
f 2768/2768/2768 2766/2766/2766 2767/2767/2767
f 2768/2768/2768 2767/2767/2767 2769/2769/2769
f 2770/2770/2770 2768/2768/2768 2769/2769/2769
f 2770/2770/2770 2769/2769/2769 2771/2771/2771
f 2772/2772/2772 2774/2774/2774 2773/2773/2773
f 2772/2772/2772 2775/2775/2775 2774/2774/2774
f 2775/2775/2775 2776/2776/2776 2774/2774/2774
f 2775/2775/2775 2777/2777/2777 2776/2776/2776
f 2777/2777/2777 2778/2778/2778 2776/2776/2776
f 2777/2777/2777 2779/2779/2779 2778/2778/2778
f 2779/2779/2779 2780/2780/2780 2778/2778/2778
f 2779/2779/2779 2781/2781/2781 2780/2780/2780
f 2782/2782/2782 2784/2784/2784 2783/2783/2783
f 2782/2782/2782 2783/2783/2783 2785/2785/2785
f 2786/2786/2786 2782/2782/2782 2785/2785/2785
f 2786/2786/2786 2785/2785/2785 2787/2787/2787
f 2788/2788/2788 2786/2786/2786 2787/2787/2787
f 2788/2788/2788 2787/2787/2787 2789/2789/2789
f 2790/2790/2790 2788/2788/2788 2789/2789/2789
f 2790/2790/2790 2789/2789/2789 2791/2791/2791
f 2792/2792/2792 2794/2794/2794 2793/2793/2793
f 2792/2792/2792 2793/2793/2793 2795/2795/2795
f 2796/2796/2796 2792/2792/2792 2795/2795/2795
f 2796/2796/2796 2795/2795/2795 2797/2797/2797
f 2798/2798/2798 2796/2796/2796 2797/2797/2797
f 2798/2798/2798 2797/2797/2797 2799/2799/2799
f 2800/2800/2800 2802/2802/2802 2801/2801/2801
f 2800/2800/2800 2803/2803/2803 2802/2802/2802
f 2803/2803/2803 2804/2804/2804 2802/2802/2802
f 2803/2803/2803 2805/2805/2805 2804/2804/2804
f 2805/2805/2805 2806/2806/2806 2804/2804/2804
f 2805/2805/2805 2807/2807/2807 2806/2806/2806
f 2807/2807/2807 2808/2808/2808 2806/2806/2806
f 2807/2807/2807 2809/2809/2809 2808/2808/2808
f 2810/2810/2810 2812/2812/2812 2811/2811/2811
f 2810/2810/2810 2813/2813/2813 2812/2812/2812
f 2813/2813/2813 2814/2814/2814 2812/2812/2812
f 2813/2813/2813 2815/2815/2815 2814/2814/2814
f 2815/2815/2815 2816/2816/2816 2814/2814/2814
f 2815/2815/2815 2817/2817/2817 2816/2816/2816
f 2818/2818/2818 2820/2820/2820 2819/2819/2819
f 2820/2820/2820 2818/2818/2818 2821/2821/2821
f 2820/2820/2820 2821/2821/2821 2822/2822/2822
f 2822/2822/2822 2821/2821/2821 2823/2823/2823
f 2822/2822/2822 2823/2823/2823 2824/2824/2824
f 2824/2824/2824 2823/2823/2823 2825/2825/2825
f 2824/2824/2824 2825/2825/2825 2826/2826/2826
f 2826/2826/2826 2825/2825/2825 2827/2827/2827
f 2826/2826/2826 2827/2827/2827 2828/2828/2828
f 2828/2828/2828 2827/2827/2827 2829/2829/2829
f 2828/2828/2828 2829/2829/2829 2830/2830/2830
f 2830/2830/2830 2829/2829/2829 2831/2831/2831
f 2830/2830/2830 2831/2831/2831 2832/2832/2832
f 2832/2832/2832 2831/2831/2831 2833/2833/2833
f 2834/2834/2834 2836/2836/2836 2835/2835/2835
f 2834/2834/2834 2837/2837/2837 2836/2836/2836
f 2837/2837/2837 2838/2838/2838 2836/2836/2836
f 2837/2837/2837 2839/2839/2839 2838/2838/2838
f 2839/2839/2839 2840/2840/2840 2838/2838/2838
f 2839/2839/2839 2841/2841/2841 2840/2840/2840
f 2841/2841/2841 2842/2842/2842 2840/2840/2840
f 2841/2841/2841 2843/2843/2843 2842/2842/2842
f 2843/2843/2843 2844/2844/2844 2842/2842/2842
f 2843/2843/2843 2845/2845/2845 2844/2844/2844
f 2846/2846/2846 2848/2848/2848 2847/2847/2847
f 2846/2846/2846 2847/2847/2847 2849/2849/2849
f 2850/2850/2850 2846/2846/2846 2849/2849/2849
f 2850/2850/2850 2849/2849/2849 2851/2851/2851
f 2852/2852/2852 2850/2850/2850 2851/2851/2851
f 2852/2852/2852 2851/2851/2851 2853/2853/2853
f 2854/2854/2854 2852/2852/2852 2853/2853/2853
f 2854/2854/2854 2853/2853/2853 2855/2855/2855
f 2856/2856/2856 2858/2858/2858 2857/2857/2857
f 2856/2856/2856 2857/2857/2857 2859/2859/2859
f 2860/2860/2860 2856/2856/2856 2859/2859/2859
f 2860/2860/2860 2859/2859/2859 2861/2861/2861
f 2862/2862/2862 2860/2860/2860 2861/2861/2861
f 2862/2862/2862 2861/2861/2861 2863/2863/2863
f 2864/2864/2864 2862/2862/2862 2863/2863/2863
f 2864/2864/2864 2863/2863/2863 2865/2865/2865
f 2866/2866/2866 2864/2864/2864 2865/2865/2865
f 2866/2866/2866 2865/2865/2865 2867/2867/2867
f 2868/2868/2868 2866/2866/2866 2867/2867/2867
f 2868/2868/2868 2867/2867/2867 2869/2869/2869
f 2870/2870/2870 2868/2868/2868 2869/2869/2869
f 2870/2870/2870 2869/2869/2869 2871/2871/2871
f 2872/2872/2872 2870/2870/2870 2871/2871/2871
f 2872/2872/2872 2871/2871/2871 2873/2873/2873
f 2874/2874/2874 2872/2872/2872 2873/2873/2873
f 2874/2874/2874 2873/2873/2873 2875/2875/2875
f 2876/2876/2876 2878/2878/2878 2877/2877/2877
f 2876/2876/2876 2879/2879/2879 2878/2878/2878
f 2879/2879/2879 2880/2880/2880 2878/2878/2878
f 2879/2879/2879 2881/2881/2881 2880/2880/2880
f 2881/2881/2881 2882/2882/2882 2880/2880/2880
f 2881/2881/2881 2883/2883/2883 2882/2882/2882
f 2884/2884/2884 2886/2886/2886 2885/2885/2885
f 2884/2884/2884 2887/2887/2887 2886/2886/2886
f 2887/2887/2887 2888/2888/2888 2886/2886/2886
f 2887/2887/2887 2889/2889/2889 2888/2888/2888
f 2889/2889/2889 2890/2890/2890 2888/2888/2888
f 2889/2889/2889 2891/2891/2891 2890/2890/2890
f 2891/2891/2891 2892/2892/2892 2890/2890/2890
f 2891/2891/2891 2893/2893/2893 2892/2892/2892
f 2894/2894/2894 2896/2896/2896 2895/2895/2895
f 2894/2894/2894 2897/2897/2897 2896/2896/2896
f 2897/2897/2897 2898/2898/2898 2896/2896/2896
f 2897/2897/2897 2899/2899/2899 2898/2898/2898
f 2899/2899/2899 2900/2900/2900 2898/2898/2898
f 2899/2899/2899 2901/2901/2901 2900/2900/2900
f 2902/2902/2902 2904/2904/2904 2903/2903/2903
f 2902/2902/2902 2903/2903/2903 2905/2905/2905
f 2906/2906/2906 2902/2902/2902 2905/2905/2905
f 2906/2906/2906 2905/2905/2905 2907/2907/2907
f 2908/2908/2908 2906/2906/2906 2907/2907/2907
f 2908/2908/2908 2907/2907/2907 2909/2909/2909
f 2910/2910/2910 2908/2908/2908 2909/2909/2909
f 2910/2910/2910 2909/2909/2909 2911/2911/2911
f 2912/2912/2912 2914/2914/2914 2913/2913/2913
f 2912/2912/2912 2913/2913/2913 2915/2915/2915
f 2916/2916/2916 2912/2912/2912 2915/2915/2915
f 2915/2915/2915 2913/2913/2913 2917/2917/2917
f 2916/2916/2916 2915/2915/2915 2918/2918/2918
f 2919/2919/2919 2916/2916/2916 2918/2918/2918
f 2915/2915/2915 2917/2917/2917 2920/2920/2920
f 2918/2918/2918 2915/2915/2915 2920/2920/2920
f 2920/2920/2920 2917/2917/2917 2921/2921/2921
f 2919/2919/2919 2918/2918/2918 2922/2922/2922
f 2923/2923/2923 2919/2919/2919 2922/2922/2922
f 2920/2920/2920 2921/2921/2921 2924/2924/2924
f 2924/2924/2924 2921/2921/2921 2925/2925/2925
f 2918/2918/2918 2920/2920/2920 2926/2926/2926
f 2922/2922/2922 2918/2918/2918 2926/2926/2926
f 2926/2926/2926 2920/2920/2920 2924/2924/2924
f 2923/2923/2923 2922/2922/2922 2927/2927/2927
f 2928/2928/2928 2923/2923/2923 2927/2927/2927
f 2924/2924/2924 2925/2925/2925 2929/2929/2929
f 2929/2929/2929 2925/2925/2925 2930/2930/2930
f 2926/2926/2926 2924/2924/2924 2931/2931/2931
f 2931/2931/2931 2924/2924/2924 2929/2929/2929
f 2922/2922/2922 2926/2926/2926 2932/2932/2932
f 2927/2927/2927 2922/2922/2922 2932/2932/2932
f 2932/2932/2932 2926/2926/2926 2931/2931/2931
f 2928/2928/2928 2927/2927/2927 2933/2933/2933
f 2934/2934/2934 2928/2928/2928 2933/2933/2933
f 2929/2929/2929 2930/2930/2930 2935/2935/2935
f 2935/2935/2935 2930/2930/2930 2936/2936/2936
f 2927/2927/2927 2932/2932/2932 2937/2937/2937
f 2933/2933/2933 2927/2927/2927 2937/2937/2937
f 2931/2931/2931 2929/2929/2929 2938/2938/2938
f 2938/2938/2938 2929/2929/2929 2935/2935/2935
f 2932/2932/2932 2931/2931/2931 2939/2939/2939
f 2937/2937/2937 2932/2932/2932 2939/2939/2939
f 2939/2939/2939 2931/2931/2931 2938/2938/2938
f 2934/2934/2934 2933/2933/2933 2940/2940/2940
f 2941/2941/2941 2934/2934/2934 2940/2940/2940
f 2935/2935/2935 2936/2936/2936 2942/2942/2942
f 2942/2942/2942 2936/2936/2936 2943/2943/2943
f 2933/2933/2933 2937/2937/2937 2944/2944/2944
f 2940/2940/2940 2933/2933/2933 2944/2944/2944
f 2937/2937/2937 2939/2939/2939 2945/2945/2945
f 2944/2944/2944 2937/2937/2937 2945/2945/2945
f 2938/2938/2938 2935/2935/2935 2946/2946/2946
f 2946/2946/2946 2935/2935/2935 2942/2942/2942
f 2939/2939/2939 2938/2938/2938 2947/2947/2947
f 2945/2945/2945 2939/2939/2939 2947/2947/2947
f 2947/2947/2947 2938/2938/2938 2946/2946/2946
f 2941/2941/2941 2940/2940/2940 2948/2948/2948
f 2949/2949/2949 2941/2941/2941 2948/2948/2948
f 2949/2949/2949 2948/2948/2948 2950/2950/2950
f 2940/2940/2940 2944/2944/2944 2951/2951/2951
f 2948/2948/2948 2940/2940/2940 2951/2951/2951
f 2950/2950/2950 2948/2948/2948 2952/2952/2952
f 2948/2948/2948 2951/2951/2951 2952/2952/2952
f 2950/2950/2950 2952/2952/2952 2953/2953/2953
f 2944/2944/2944 2945/2945/2945 2954/2954/2954
f 2951/2951/2951 2944/2944/2944 2954/2954/2954
f 2945/2945/2945 2947/2947/2947 2955/2955/2955
f 2954/2954/2954 2945/2945/2945 2955/2955/2955
f 2947/2947/2947 2946/2946/2946 2956/2956/2956
f 2955/2955/2955 2947/2947/2947 2956/2956/2956
f 2953/2953/2953 2952/2952/2952 2957/2957/2957
f 2953/2953/2953 2957/2957/2957 2958/2958/2958
f 2952/2952/2952 2951/2951/2951 2959/2959/2959
f 2951/2951/2951 2954/2954/2954 2959/2959/2959
f 2952/2952/2952 2959/2959/2959 2957/2957/2957
f 2954/2954/2954 2955/2955/2955 2960/2960/2960
f 2959/2959/2959 2954/2954/2954 2960/2960/2960
f 2958/2958/2958 2957/2957/2957 2961/2961/2961
f 2958/2958/2958 2961/2961/2961 2962/2962/2962
f 2957/2957/2957 2959/2959/2959 2963/2963/2963
f 2959/2959/2959 2960/2960/2960 2963/2963/2963
f 2957/2957/2957 2963/2963/2963 2961/2961/2961
f 2960/2960/2960 2955/2955/2955 2964/2964/2964
f 2955/2955/2955 2956/2956/2956 2964/2964/2964
f 2956/2956/2956 2946/2946/2946 2965/2965/2965
f 2946/2946/2946 2942/2942/2942 2965/2965/2965
f 2962/2962/2962 2961/2961/2961 2966/2966/2966
f 2962/2962/2962 2966/2966/2966 2967/2967/2967
f 2963/2963/2963 2960/2960/2960 2968/2968/2968
f 2960/2960/2960 2964/2964/2964 2968/2968/2968
f 2961/2961/2961 2963/2963/2963 2969/2969/2969
f 2961/2961/2961 2969/2969/2969 2966/2966/2966
f 2963/2963/2963 2968/2968/2968 2969/2969/2969
f 2964/2964/2964 2956/2956/2956 2970/2970/2970
f 2956/2956/2956 2965/2965/2965 2970/2970/2970
f 2965/2965/2965 2942/2942/2942 2971/2971/2971
f 2942/2942/2942 2943/2943/2943 2971/2971/2971
f 2971/2971/2971 2943/2943/2943 2972/2972/2972
f 2971/2971/2971 2972/2972/2972 2973/2973/2973
f 2965/2965/2965 2971/2971/2971 2974/2974/2974
f 2974/2974/2974 2971/2971/2971 2973/2973/2973
f 2970/2970/2970 2965/2965/2965 2974/2974/2974
f 2974/2974/2974 2973/2973/2973 2975/2975/2975
f 2976/2976/2976 2974/2974/2974 2975/2975/2975
f 2970/2970/2970 2974/2974/2974 2976/2976/2976
f 2976/2976/2976 2975/2975/2975 2977/2977/2977
f 2964/2964/2964 2970/2970/2970 2978/2978/2978
f 2968/2968/2968 2964/2964/2964 2978/2978/2978
f 2978/2978/2978 2970/2970/2970 2976/2976/2976
f 2979/2979/2979 2976/2976/2976 2977/2977/2977
f 2978/2978/2978 2976/2976/2976 2979/2979/2979
f 2979/2979/2979 2977/2977/2977 2980/2980/2980
f 2968/2968/2968 2978/2978/2978 2981/2981/2981
f 2981/2981/2981 2978/2978/2978 2979/2979/2979
f 2969/2969/2969 2968/2968/2968 2981/2981/2981
f 2982/2982/2982 2979/2979/2979 2980/2980/2980
f 2981/2981/2981 2979/2979/2979 2982/2982/2982
f 2982/2982/2982 2980/2980/2980 2983/2983/2983
f 2969/2969/2969 2981/2981/2981 2984/2984/2984
f 2984/2984/2984 2981/2981/2981 2982/2982/2982
f 2966/2966/2966 2969/2969/2969 2984/2984/2984
f 2985/2985/2985 2982/2982/2982 2983/2983/2983
f 2984/2984/2984 2982/2982/2982 2985/2985/2985
f 2985/2985/2985 2983/2983/2983 2986/2986/2986
f 2966/2966/2966 2984/2984/2984 2987/2987/2987
f 2987/2987/2987 2984/2984/2984 2985/2985/2985
f 2967/2967/2967 2966/2966/2966 2987/2987/2987
f 2967/2967/2967 2987/2987/2987 2988/2988/2988
f 2989/2989/2989 2985/2985/2985 2986/2986/2986
f 2987/2987/2987 2985/2985/2985 2989/2989/2989
f 2988/2988/2988 2987/2987/2987 2989/2989/2989
f 2989/2989/2989 2986/2986/2986 2990/2990/2990
f 2988/2988/2988 2989/2989/2989 2991/2991/2991
f 2991/2991/2991 2989/2989/2989 2990/2990/2990
f 2991/2991/2991 2990/2990/2990 2992/2992/2992
f 2993/2993/2993 2995/2995/2995 2994/2994/2994
f 2993/2993/2993 2996/2996/2996 2995/2995/2995
f 2997/2997/2997 2993/2993/2993 2994/2994/2994
f 2996/2996/2996 2998/2998/2998 2995/2995/2995
f 2997/2997/2997 2994/2994/2994 2999/2999/2999
f 2996/2996/2996 3000/3000/3000 2998/2998/2998
f 3001/3001/3001 2997/2997/2997 2999/2999/2999
f 3000/3000/3000 3002/3002/3002 2998/2998/2998
f 3001/3001/3001 2999/2999/2999 3003/3003/3003
f 3000/3000/3000 3004/3004/3004 3002/3002/3002
f 3005/3005/3005 3001/3001/3001 3003/3003/3003
f 3004/3004/3004 3006/3006/3006 3002/3002/3002
f 3005/3005/3005 3003/3003/3003 3007/3007/3007
f 3004/3004/3004 3008/3008/3008 3006/3006/3006
f 3009/3009/3009 3005/3005/3005 3007/3007/3007
f 3008/3008/3008 3010/3010/3010 3006/3006/3006
f 3009/3009/3009 3007/3007/3007 3011/3011/3011
f 3008/3008/3008 3012/3012/3012 3010/3010/3010
f 3013/3013/3013 3009/3009/3009 3011/3011/3011
f 3012/3012/3012 3014/3014/3014 3010/3010/3010
f 3013/3013/3013 3011/3011/3011 3015/3015/3015
f 3012/3012/3012 3016/3016/3016 3014/3014/3014
f 3017/3017/3017 3013/3013/3013 3015/3015/3015
f 3016/3016/3016 3018/3018/3018 3014/3014/3014
f 3017/3017/3017 3015/3015/3015 3019/3019/3019
f 3016/3016/3016 3020/3020/3020 3018/3018/3018
f 3021/3021/3021 3017/3017/3017 3019/3019/3019
f 3020/3020/3020 3022/3022/3022 3018/3018/3018
f 3021/3021/3021 3019/3019/3019 3023/3023/3023
f 3020/3020/3020 3024/3024/3024 3022/3022/3022
f 3024/3024/3024 3021/3021/3021 3023/3023/3023
f 3024/3024/3024 3023/3023/3023 3022/3022/3022
f 3025/3025/3025 3027/3027/3027 3026/3026/3026
f 3025/3025/3025 3026/3026/3026 3028/3028/3028
f 3027/3027/3027 3029/3029/3029 3026/3026/3026
f 3030/3030/3030 3025/3025/3025 3028/3028/3028
f 3027/3027/3027 3031/3031/3031 3029/3029/3029
f 3030/3030/3030 3028/3028/3028 3032/3032/3032
f 3031/3031/3031 3033/3033/3033 3029/3029/3029
f 3034/3034/3034 3030/3030/3030 3032/3032/3032
f 3031/3031/3031 3035/3035/3035 3033/3033/3033
f 3034/3034/3034 3032/3032/3032 3036/3036/3036
f 3035/3035/3035 3037/3037/3037 3033/3033/3033
f 3038/3038/3038 3034/3034/3034 3036/3036/3036
f 3035/3035/3035 3039/3039/3039 3037/3037/3037
f 3038/3038/3038 3036/3036/3036 3040/3040/3040
f 3039/3039/3039 3041/3041/3041 3037/3037/3037
f 3042/3042/3042 3038/3038/3038 3040/3040/3040
f 3039/3039/3039 3043/3043/3043 3041/3041/3041
f 3042/3042/3042 3040/3040/3040 3044/3044/3044
f 3043/3043/3043 3045/3045/3045 3041/3041/3041
f 3046/3046/3046 3042/3042/3042 3044/3044/3044
f 3043/3043/3043 3047/3047/3047 3045/3045/3045
f 3046/3046/3046 3044/3044/3044 3048/3048/3048
f 3047/3047/3047 3049/3049/3049 3045/3045/3045
f 3050/3050/3050 3046/3046/3046 3048/3048/3048
f 3047/3047/3047 3051/3051/3051 3049/3049/3049
f 3050/3050/3050 3048/3048/3048 3052/3052/3052
f 3051/3051/3051 3053/3053/3053 3049/3049/3049
f 3054/3054/3054 3050/3050/3050 3052/3052/3052
f 3051/3051/3051 3055/3055/3055 3053/3053/3053
f 3054/3054/3054 3052/3052/3052 3056/3056/3056
f 3055/3055/3055 3056/3056/3056 3053/3053/3053
f 3055/3055/3055 3054/3054/3054 3056/3056/3056
f 3057/3057/3057 3059/3059/3059 3058/3058/3058
f 3057/3057/3057 3060/3060/3060 3059/3059/3059
f 3061/3061/3061 3057/3057/3057 3058/3058/3058
f 3060/3060/3060 3062/3062/3062 3059/3059/3059
f 3061/3061/3061 3058/3058/3058 3063/3063/3063
f 3060/3060/3060 3064/3064/3064 3062/3062/3062
f 3065/3065/3065 3061/3061/3061 3063/3063/3063
f 3064/3064/3064 3066/3066/3066 3062/3062/3062
f 3065/3065/3065 3063/3063/3063 3067/3067/3067
f 3064/3064/3064 3068/3068/3068 3066/3066/3066
f 3069/3069/3069 3065/3065/3065 3067/3067/3067
f 3068/3068/3068 3070/3070/3070 3066/3066/3066
f 3069/3069/3069 3067/3067/3067 3071/3071/3071
f 3068/3068/3068 3072/3072/3072 3070/3070/3070
f 3073/3073/3073 3069/3069/3069 3071/3071/3071
f 3072/3072/3072 3074/3074/3074 3070/3070/3070
f 3073/3073/3073 3071/3071/3071 3075/3075/3075
f 3072/3072/3072 3076/3076/3076 3074/3074/3074
f 3077/3077/3077 3073/3073/3073 3075/3075/3075
f 3076/3076/3076 3078/3078/3078 3074/3074/3074
f 3077/3077/3077 3075/3075/3075 3079/3079/3079
f 3076/3076/3076 3080/3080/3080 3078/3078/3078
f 3081/3081/3081 3077/3077/3077 3079/3079/3079
f 3080/3080/3080 3082/3082/3082 3078/3078/3078
f 3081/3081/3081 3079/3079/3079 3083/3083/3083
f 3080/3080/3080 3084/3084/3084 3082/3082/3082
f 3085/3085/3085 3081/3081/3081 3083/3083/3083
f 3084/3084/3084 3086/3086/3086 3082/3082/3082
f 3085/3085/3085 3083/3083/3083 3087/3087/3087
f 3084/3084/3084 3088/3088/3088 3086/3086/3086
f 3088/3088/3088 3085/3085/3085 3087/3087/3087
f 3088/3088/3088 3087/3087/3087 3086/3086/3086
f 3089/3089/3089 3091/3091/3091 3090/3090/3090
f 3092/3092/3092 3089/3089/3089 3090/3090/3090
f 3089/3089/3089 3093/3093/3093 3091/3091/3091
f 3092/3092/3092 3090/3090/3090 3094/3094/3094
f 3093/3093/3093 3095/3095/3095 3091/3091/3091
f 3096/3096/3096 3092/3092/3092 3094/3094/3094
f 3093/3093/3093 3097/3097/3097 3095/3095/3095
f 3096/3096/3096 3094/3094/3094 3098/3098/3098
f 3097/3097/3097 3099/3099/3099 3095/3095/3095
f 3100/3100/3100 3096/3096/3096 3098/3098/3098
f 3097/3097/3097 3101/3101/3101 3099/3099/3099
f 3100/3100/3100 3098/3098/3098 3102/3102/3102
f 3101/3101/3101 3103/3103/3103 3099/3099/3099
f 3104/3104/3104 3100/3100/3100 3102/3102/3102
f 3101/3101/3101 3105/3105/3105 3103/3103/3103
f 3104/3104/3104 3102/3102/3102 3106/3106/3106
f 3105/3105/3105 3107/3107/3107 3103/3103/3103
f 3108/3108/3108 3104/3104/3104 3106/3106/3106
f 3105/3105/3105 3109/3109/3109 3107/3107/3107
f 3108/3108/3108 3106/3106/3106 3110/3110/3110
f 3109/3109/3109 3111/3111/3111 3107/3107/3107
f 3112/3112/3112 3108/3108/3108 3110/3110/3110
f 3109/3109/3109 3113/3113/3113 3111/3111/3111
f 3112/3112/3112 3110/3110/3110 3114/3114/3114
f 3113/3113/3113 3115/3115/3115 3111/3111/3111
f 3116/3116/3116 3112/3112/3112 3114/3114/3114
f 3113/3113/3113 3117/3117/3117 3115/3115/3115
f 3116/3116/3116 3114/3114/3114 3118/3118/3118
f 3117/3117/3117 3119/3119/3119 3115/3115/3115
f 3120/3120/3120 3116/3116/3116 3118/3118/3118
f 3117/3117/3117 3120/3120/3120 3119/3119/3119
f 3120/3120/3120 3118/3118/3118 3119/3119/3119
f 3121/3121/3121 3123/3123/3123 3122/3122/3122
f 3121/3121/3121 3122/3122/3122 3124/3124/3124
f 3123/3123/3123 3125/3125/3125 3122/3122/3122
f 3126/3126/3126 3121/3121/3121 3124/3124/3124
f 3123/3123/3123 3127/3127/3127 3125/3125/3125
f 3126/3126/3126 3124/3124/3124 3128/3128/3128
f 3127/3127/3127 3129/3129/3129 3125/3125/3125
f 3130/3130/3130 3126/3126/3126 3128/3128/3128
f 3127/3127/3127 3131/3131/3131 3129/3129/3129
f 3130/3130/3130 3128/3128/3128 3132/3132/3132
f 3131/3131/3131 3133/3133/3133 3129/3129/3129
f 3134/3134/3134 3130/3130/3130 3132/3132/3132
f 3131/3131/3131 3135/3135/3135 3133/3133/3133
f 3134/3134/3134 3132/3132/3132 3136/3136/3136
f 3135/3135/3135 3137/3137/3137 3133/3133/3133
f 3138/3138/3138 3134/3134/3134 3136/3136/3136
f 3135/3135/3135 3139/3139/3139 3137/3137/3137
f 3138/3138/3138 3136/3136/3136 3140/3140/3140
f 3139/3139/3139 3141/3141/3141 3137/3137/3137
f 3142/3142/3142 3138/3138/3138 3140/3140/3140
f 3139/3139/3139 3143/3143/3143 3141/3141/3141
f 3142/3142/3142 3140/3140/3140 3144/3144/3144
f 3143/3143/3143 3145/3145/3145 3141/3141/3141
f 3146/3146/3146 3142/3142/3142 3144/3144/3144
f 3143/3143/3143 3147/3147/3147 3145/3145/3145
f 3146/3146/3146 3144/3144/3144 3148/3148/3148
f 3147/3147/3147 3149/3149/3149 3145/3145/3145
f 3150/3150/3150 3146/3146/3146 3148/3148/3148
f 3147/3147/3147 3151/3151/3151 3149/3149/3149
f 3150/3150/3150 3148/3148/3148 3152/3152/3152
f 3151/3151/3151 3152/3152/3152 3149/3149/3149
f 3151/3151/3151 3150/3150/3150 3152/3152/3152
f 3153/3153/3153 3155/3155/3155 3154/3154/3154
f 3153/3153/3153 3156/3156/3156 3155/3155/3155
f 3157/3157/3157 3153/3153/3153 3154/3154/3154
f 3156/3156/3156 3158/3158/3158 3155/3155/3155
f 3157/3157/3157 3154/3154/3154 3159/3159/3159
f 3156/3156/3156 3160/3160/3160 3158/3158/3158
f 3161/3161/3161 3157/3157/3157 3159/3159/3159
f 3160/3160/3160 3162/3162/3162 3158/3158/3158
f 3161/3161/3161 3159/3159/3159 3163/3163/3163
f 3160/3160/3160 3164/3164/3164 3162/3162/3162
f 3165/3165/3165 3161/3161/3161 3163/3163/3163
f 3164/3164/3164 3166/3166/3166 3162/3162/3162
f 3165/3165/3165 3163/3163/3163 3167/3167/3167
f 3164/3164/3164 3168/3168/3168 3166/3166/3166
f 3169/3169/3169 3165/3165/3165 3167/3167/3167
f 3168/3168/3168 3170/3170/3170 3166/3166/3166
f 3169/3169/3169 3167/3167/3167 3171/3171/3171
f 3168/3168/3168 3172/3172/3172 3170/3170/3170
f 3173/3173/3173 3169/3169/3169 3171/3171/3171
f 3172/3172/3172 3174/3174/3174 3170/3170/3170
f 3173/3173/3173 3171/3171/3171 3175/3175/3175
f 3172/3172/3172 3176/3176/3176 3174/3174/3174
f 3177/3177/3177 3173/3173/3173 3175/3175/3175
f 3176/3176/3176 3178/3178/3178 3174/3174/3174
f 3177/3177/3177 3175/3175/3175 3179/3179/3179
f 3176/3176/3176 3180/3180/3180 3178/3178/3178
f 3181/3181/3181 3177/3177/3177 3179/3179/3179
f 3180/3180/3180 3182/3182/3182 3178/3178/3178
f 3181/3181/3181 3179/3179/3179 3183/3183/3183
f 3180/3180/3180 3184/3184/3184 3182/3182/3182
f 3184/3184/3184 3181/3181/3181 3183/3183/3183
f 3184/3184/3184 3183/3183/3183 3182/3182/3182
f 3185/3185/3185 3187/3187/3187 3186/3186/3186
f 3185/3185/3185 3188/3188/3188 3187/3187/3187
f 3189/3189/3189 3185/3185/3185 3186/3186/3186
f 3188/3188/3188 3190/3190/3190 3187/3187/3187
f 3189/3189/3189 3186/3186/3186 3191/3191/3191
f 3188/3188/3188 3192/3192/3192 3190/3190/3190
f 3193/3193/3193 3189/3189/3189 3191/3191/3191
f 3192/3192/3192 3194/3194/3194 3190/3190/3190
f 3193/3193/3193 3191/3191/3191 3195/3195/3195
f 3192/3192/3192 3196/3196/3196 3194/3194/3194
f 3197/3197/3197 3193/3193/3193 3195/3195/3195
f 3196/3196/3196 3198/3198/3198 3194/3194/3194
f 3197/3197/3197 3195/3195/3195 3199/3199/3199
f 3196/3196/3196 3200/3200/3200 3198/3198/3198
f 3201/3201/3201 3197/3197/3197 3199/3199/3199
f 3200/3200/3200 3202/3202/3202 3198/3198/3198
f 3201/3201/3201 3199/3199/3199 3203/3203/3203
f 3200/3200/3200 3204/3204/3204 3202/3202/3202
f 3205/3205/3205 3201/3201/3201 3203/3203/3203
f 3204/3204/3204 3206/3206/3206 3202/3202/3202
f 3205/3205/3205 3203/3203/3203 3207/3207/3207
f 3204/3204/3204 3208/3208/3208 3206/3206/3206
f 3209/3209/3209 3205/3205/3205 3207/3207/3207
f 3208/3208/3208 3210/3210/3210 3206/3206/3206
f 3209/3209/3209 3207/3207/3207 3211/3211/3211
f 3208/3208/3208 3212/3212/3212 3210/3210/3210
f 3213/3213/3213 3209/3209/3209 3211/3211/3211
f 3212/3212/3212 3214/3214/3214 3210/3210/3210
f 3213/3213/3213 3211/3211/3211 3215/3215/3215
f 3212/3212/3212 3216/3216/3216 3214/3214/3214
f 3216/3216/3216 3213/3213/3213 3215/3215/3215
f 3216/3216/3216 3215/3215/3215 3214/3214/3214
f 3217/3217/3217 3219/3219/3219 3218/3218/3218
f 3217/3217/3217 3218/3218/3218 3220/3220/3220
f 3219/3219/3219 3221/3221/3221 3218/3218/3218
f 3222/3222/3222 3217/3217/3217 3220/3220/3220
f 3219/3219/3219 3223/3223/3223 3221/3221/3221
f 3222/3222/3222 3220/3220/3220 3224/3224/3224
f 3223/3223/3223 3225/3225/3225 3221/3221/3221
f 3226/3226/3226 3222/3222/3222 3224/3224/3224
f 3223/3223/3223 3227/3227/3227 3225/3225/3225
f 3226/3226/3226 3224/3224/3224 3228/3228/3228
f 3227/3227/3227 3229/3229/3229 3225/3225/3225
f 3230/3230/3230 3226/3226/3226 3228/3228/3228
f 3227/3227/3227 3231/3231/3231 3229/3229/3229
f 3230/3230/3230 3228/3228/3228 3232/3232/3232
f 3231/3231/3231 3233/3233/3233 3229/3229/3229
f 3234/3234/3234 3230/3230/3230 3232/3232/3232
f 3231/3231/3231 3235/3235/3235 3233/3233/3233
f 3234/3234/3234 3232/3232/3232 3236/3236/3236
f 3235/3235/3235 3237/3237/3237 3233/3233/3233
f 3238/3238/3238 3234/3234/3234 3236/3236/3236
f 3235/3235/3235 3239/3239/3239 3237/3237/3237
f 3238/3238/3238 3236/3236/3236 3240/3240/3240
f 3239/3239/3239 3241/3241/3241 3237/3237/3237
f 3242/3242/3242 3238/3238/3238 3240/3240/3240
f 3239/3239/3239 3243/3243/3243 3241/3241/3241
f 3242/3242/3242 3240/3240/3240 3244/3244/3244
f 3243/3243/3243 3245/3245/3245 3241/3241/3241
f 3246/3246/3246 3242/3242/3242 3244/3244/3244
f 3243/3243/3243 3247/3247/3247 3245/3245/3245
f 3246/3246/3246 3244/3244/3244 3248/3248/3248
f 3247/3247/3247 3248/3248/3248 3245/3245/3245
f 3247/3247/3247 3246/3246/3246 3248/3248/3248
f 3249/3249/3249 3251/3251/3251 3250/3250/3250
f 3249/3249/3249 3252/3252/3252 3251/3251/3251
f 3253/3253/3253 3249/3249/3249 3250/3250/3250
f 3252/3252/3252 3254/3254/3254 3251/3251/3251
f 3253/3253/3253 3250/3250/3250 3255/3255/3255
f 3252/3252/3252 3256/3256/3256 3254/3254/3254
f 3257/3257/3257 3253/3253/3253 3255/3255/3255
f 3256/3256/3256 3258/3258/3258 3254/3254/3254
f 3257/3257/3257 3255/3255/3255 3259/3259/3259
f 3256/3256/3256 3260/3260/3260 3258/3258/3258
f 3261/3261/3261 3257/3257/3257 3259/3259/3259
f 3260/3260/3260 3262/3262/3262 3258/3258/3258
f 3261/3261/3261 3259/3259/3259 3263/3263/3263
f 3260/3260/3260 3264/3264/3264 3262/3262/3262
f 3265/3265/3265 3261/3261/3261 3263/3263/3263
f 3264/3264/3264 3266/3266/3266 3262/3262/3262
f 3265/3265/3265 3263/3263/3263 3267/3267/3267
f 3264/3264/3264 3268/3268/3268 3266/3266/3266
f 3269/3269/3269 3265/3265/3265 3267/3267/3267
f 3268/3268/3268 3270/3270/3270 3266/3266/3266
f 3269/3269/3269 3267/3267/3267 3271/3271/3271
f 3268/3268/3268 3272/3272/3272 3270/3270/3270
f 3273/3273/3273 3269/3269/3269 3271/3271/3271
f 3272/3272/3272 3274/3274/3274 3270/3270/3270
f 3273/3273/3273 3271/3271/3271 3275/3275/3275
f 3272/3272/3272 3276/3276/3276 3274/3274/3274
f 3277/3277/3277 3273/3273/3273 3275/3275/3275
f 3276/3276/3276 3278/3278/3278 3274/3274/3274
f 3277/3277/3277 3275/3275/3275 3279/3279/3279
f 3276/3276/3276 3280/3280/3280 3278/3278/3278
f 3280/3280/3280 3277/3277/3277 3279/3279/3279
f 3280/3280/3280 3279/3279/3279 3278/3278/3278
f 3281/3281/3281 3283/3283/3283 3282/3282/3282
f 3284/3284/3284 3281/3281/3281 3282/3282/3282
f 3281/3281/3281 3285/3285/3285 3283/3283/3283
f 3284/3284/3284 3282/3282/3282 3286/3286/3286
f 3285/3285/3285 3287/3287/3287 3283/3283/3283
f 3288/3288/3288 3284/3284/3284 3286/3286/3286
f 3285/3285/3285 3289/3289/3289 3287/3287/3287
f 3288/3288/3288 3286/3286/3286 3290/3290/3290
f 3289/3289/3289 3291/3291/3291 3287/3287/3287
f 3292/3292/3292 3288/3288/3288 3290/3290/3290
f 3289/3289/3289 3293/3293/3293 3291/3291/3291
f 3292/3292/3292 3290/3290/3290 3294/3294/3294
f 3293/3293/3293 3295/3295/3295 3291/3291/3291
f 3296/3296/3296 3292/3292/3292 3294/3294/3294
f 3293/3293/3293 3297/3297/3297 3295/3295/3295
f 3296/3296/3296 3294/3294/3294 3298/3298/3298
f 3297/3297/3297 3299/3299/3299 3295/3295/3295
f 3300/3300/3300 3296/3296/3296 3298/3298/3298
f 3297/3297/3297 3301/3301/3301 3299/3299/3299
f 3300/3300/3300 3298/3298/3298 3302/3302/3302
f 3301/3301/3301 3303/3303/3303 3299/3299/3299
f 3304/3304/3304 3300/3300/3300 3302/3302/3302
f 3301/3301/3301 3305/3305/3305 3303/3303/3303
f 3304/3304/3304 3302/3302/3302 3306/3306/3306
f 3305/3305/3305 3307/3307/3307 3303/3303/3303
f 3308/3308/3308 3304/3304/3304 3306/3306/3306
f 3305/3305/3305 3309/3309/3309 3307/3307/3307
f 3308/3308/3308 3306/3306/3306 3310/3310/3310
f 3309/3309/3309 3311/3311/3311 3307/3307/3307
f 3312/3312/3312 3308/3308/3308 3310/3310/3310
f 3309/3309/3309 3312/3312/3312 3311/3311/3311
f 3312/3312/3312 3310/3310/3310 3311/3311/3311
f 3313/3313/3313 3315/3315/3315 3314/3314/3314
f 3313/3313/3313 3314/3314/3314 3316/3316/3316
f 3315/3315/3315 3317/3317/3317 3314/3314/3314
f 3318/3318/3318 3313/3313/3313 3316/3316/3316
f 3315/3315/3315 3319/3319/3319 3317/3317/3317
f 3318/3318/3318 3316/3316/3316 3320/3320/3320
f 3319/3319/3319 3321/3321/3321 3317/3317/3317
f 3322/3322/3322 3318/3318/3318 3320/3320/3320
f 3319/3319/3319 3323/3323/3323 3321/3321/3321
f 3322/3322/3322 3320/3320/3320 3324/3324/3324
f 3323/3323/3323 3325/3325/3325 3321/3321/3321
f 3326/3326/3326 3322/3322/3322 3324/3324/3324
f 3323/3323/3323 3327/3327/3327 3325/3325/3325
f 3326/3326/3326 3324/3324/3324 3328/3328/3328
f 3327/3327/3327 3329/3329/3329 3325/3325/3325
f 3330/3330/3330 3326/3326/3326 3328/3328/3328
f 3327/3327/3327 3331/3331/3331 3329/3329/3329
f 3330/3330/3330 3328/3328/3328 3332/3332/3332
f 3331/3331/3331 3333/3333/3333 3329/3329/3329
f 3334/3334/3334 3330/3330/3330 3332/3332/3332
f 3331/3331/3331 3335/3335/3335 3333/3333/3333
f 3334/3334/3334 3332/3332/3332 3336/3336/3336
f 3335/3335/3335 3337/3337/3337 3333/3333/3333
f 3338/3338/3338 3334/3334/3334 3336/3336/3336
f 3335/3335/3335 3339/3339/3339 3337/3337/3337
f 3338/3338/3338 3336/3336/3336 3340/3340/3340
f 3339/3339/3339 3341/3341/3341 3337/3337/3337
f 3342/3342/3342 3338/3338/3338 3340/3340/3340
f 3339/3339/3339 3343/3343/3343 3341/3341/3341
f 3342/3342/3342 3340/3340/3340 3344/3344/3344
f 3343/3343/3343 3344/3344/3344 3341/3341/3341
f 3343/3343/3343 3342/3342/3342 3344/3344/3344
f 3345/3345/3345 3347/3347/3347 3346/3346/3346
f 3345/3345/3345 3348/3348/3348 3347/3347/3347
f 3349/3349/3349 3345/3345/3345 3346/3346/3346
f 3348/3348/3348 3350/3350/3350 3347/3347/3347
f 3349/3349/3349 3346/3346/3346 3351/3351/3351
f 3348/3348/3348 3352/3352/3352 3350/3350/3350
f 3353/3353/3353 3349/3349/3349 3351/3351/3351
f 3352/3352/3352 3354/3354/3354 3350/3350/3350
f 3353/3353/3353 3351/3351/3351 3355/3355/3355
f 3352/3352/3352 3356/3356/3356 3354/3354/3354
f 3357/3357/3357 3353/3353/3353 3355/3355/3355
f 3356/3356/3356 3358/3358/3358 3354/3354/3354
f 3357/3357/3357 3355/3355/3355 3359/3359/3359
f 3356/3356/3356 3360/3360/3360 3358/3358/3358
f 3361/3361/3361 3357/3357/3357 3359/3359/3359
f 3360/3360/3360 3362/3362/3362 3358/3358/3358
f 3361/3361/3361 3359/3359/3359 3363/3363/3363
f 3360/3360/3360 3364/3364/3364 3362/3362/3362
f 3365/3365/3365 3361/3361/3361 3363/3363/3363
f 3364/3364/3364 3366/3366/3366 3362/3362/3362
f 3365/3365/3365 3363/3363/3363 3367/3367/3367
f 3364/3364/3364 3368/3368/3368 3366/3366/3366
f 3369/3369/3369 3365/3365/3365 3367/3367/3367
f 3368/3368/3368 3370/3370/3370 3366/3366/3366
f 3369/3369/3369 3367/3367/3367 3371/3371/3371
f 3368/3368/3368 3372/3372/3372 3370/3370/3370
f 3373/3373/3373 3369/3369/3369 3371/3371/3371
f 3372/3372/3372 3374/3374/3374 3370/3370/3370
f 3373/3373/3373 3371/3371/3371 3375/3375/3375
f 3372/3372/3372 3376/3376/3376 3374/3374/3374
f 3376/3376/3376 3373/3373/3373 3375/3375/3375
f 3376/3376/3376 3375/3375/3375 3374/3374/3374
f 3377/3377/3377 3379/3379/3379 3378/3378/3378
f 3377/3377/3377 3380/3380/3380 3379/3379/3379
f 3381/3381/3381 3377/3377/3377 3378/3378/3378
f 3380/3380/3380 3382/3382/3382 3379/3379/3379
f 3381/3381/3381 3378/3378/3378 3383/3383/3383
f 3380/3380/3380 3384/3384/3384 3382/3382/3382
f 3385/3385/3385 3381/3381/3381 3383/3383/3383
f 3384/3384/3384 3386/3386/3386 3382/3382/3382
f 3385/3385/3385 3383/3383/3383 3387/3387/3387
f 3384/3384/3384 3388/3388/3388 3386/3386/3386
f 3389/3389/3389 3385/3385/3385 3387/3387/3387
f 3388/3388/3388 3390/3390/3390 3386/3386/3386
f 3389/3389/3389 3387/3387/3387 3391/3391/3391
f 3388/3388/3388 3392/3392/3392 3390/3390/3390
f 3393/3393/3393 3389/3389/3389 3391/3391/3391
f 3392/3392/3392 3394/3394/3394 3390/3390/3390
f 3393/3393/3393 3391/3391/3391 3395/3395/3395
f 3392/3392/3392 3396/3396/3396 3394/3394/3394
f 3397/3397/3397 3393/3393/3393 3395/3395/3395
f 3396/3396/3396 3398/3398/3398 3394/3394/3394
f 3397/3397/3397 3395/3395/3395 3399/3399/3399
f 3396/3396/3396 3400/3400/3400 3398/3398/3398
f 3401/3401/3401 3397/3397/3397 3399/3399/3399
f 3400/3400/3400 3402/3402/3402 3398/3398/3398
f 3401/3401/3401 3399/3399/3399 3403/3403/3403
f 3400/3400/3400 3404/3404/3404 3402/3402/3402
f 3405/3405/3405 3401/3401/3401 3403/3403/3403
f 3404/3404/3404 3406/3406/3406 3402/3402/3402
f 3405/3405/3405 3403/3403/3403 3407/3407/3407
f 3404/3404/3404 3408/3408/3408 3406/3406/3406
f 3408/3408/3408 3405/3405/3405 3407/3407/3407
f 3408/3408/3408 3407/3407/3407 3406/3406/3406
f 3409/3409/3409 3411/3411/3411 3410/3410/3410
f 3409/3409/3409 3410/3410/3410 3412/3412/3412
f 3411/3411/3411 3413/3413/3413 3410/3410/3410
f 3414/3414/3414 3409/3409/3409 3412/3412/3412
f 3411/3411/3411 3415/3415/3415 3413/3413/3413
f 3414/3414/3414 3412/3412/3412 3416/3416/3416
f 3415/3415/3415 3417/3417/3417 3413/3413/3413
f 3418/3418/3418 3414/3414/3414 3416/3416/3416
f 3415/3415/3415 3419/3419/3419 3417/3417/3417
f 3418/3418/3418 3416/3416/3416 3420/3420/3420
f 3419/3419/3419 3421/3421/3421 3417/3417/3417
f 3422/3422/3422 3418/3418/3418 3420/3420/3420
f 3419/3419/3419 3423/3423/3423 3421/3421/3421
f 3422/3422/3422 3420/3420/3420 3424/3424/3424
f 3423/3423/3423 3425/3425/3425 3421/3421/3421
f 3426/3426/3426 3422/3422/3422 3424/3424/3424
f 3423/3423/3423 3427/3427/3427 3425/3425/3425
f 3426/3426/3426 3424/3424/3424 3428/3428/3428
f 3427/3427/3427 3429/3429/3429 3425/3425/3425
f 3430/3430/3430 3426/3426/3426 3428/3428/3428
f 3427/3427/3427 3431/3431/3431 3429/3429/3429
f 3430/3430/3430 3428/3428/3428 3432/3432/3432
f 3431/3431/3431 3433/3433/3433 3429/3429/3429
f 3434/3434/3434 3430/3430/3430 3432/3432/3432
f 3431/3431/3431 3435/3435/3435 3433/3433/3433
f 3434/3434/3434 3432/3432/3432 3436/3436/3436
f 3435/3435/3435 3437/3437/3437 3433/3433/3433
f 3438/3438/3438 3434/3434/3434 3436/3436/3436
f 3435/3435/3435 3439/3439/3439 3437/3437/3437
f 3438/3438/3438 3436/3436/3436 3440/3440/3440
f 3439/3439/3439 3440/3440/3440 3437/3437/3437
f 3439/3439/3439 3438/3438/3438 3440/3440/3440
f 3441/3441/3441 3443/3443/3443 3442/3442/3442
f 3441/3441/3441 3444/3444/3444 3443/3443/3443
f 3445/3445/3445 3441/3441/3441 3442/3442/3442
f 3444/3444/3444 3446/3446/3446 3443/3443/3443
f 3445/3445/3445 3442/3442/3442 3447/3447/3447
f 3444/3444/3444 3448/3448/3448 3446/3446/3446
f 3449/3449/3449 3445/3445/3445 3447/3447/3447
f 3448/3448/3448 3450/3450/3450 3446/3446/3446
f 3449/3449/3449 3447/3447/3447 3451/3451/3451
f 3448/3448/3448 3452/3452/3452 3450/3450/3450
f 3453/3453/3453 3449/3449/3449 3451/3451/3451
f 3452/3452/3452 3454/3454/3454 3450/3450/3450
f 3453/3453/3453 3451/3451/3451 3455/3455/3455
f 3452/3452/3452 3456/3456/3456 3454/3454/3454
f 3457/3457/3457 3453/3453/3453 3455/3455/3455
f 3456/3456/3456 3458/3458/3458 3454/3454/3454
f 3457/3457/3457 3455/3455/3455 3459/3459/3459
f 3456/3456/3456 3460/3460/3460 3458/3458/3458
f 3461/3461/3461 3457/3457/3457 3459/3459/3459
f 3460/3460/3460 3462/3462/3462 3458/3458/3458
f 3461/3461/3461 3459/3459/3459 3463/3463/3463
f 3460/3460/3460 3464/3464/3464 3462/3462/3462
f 3465/3465/3465 3461/3461/3461 3463/3463/3463
f 3464/3464/3464 3466/3466/3466 3462/3462/3462
f 3465/3465/3465 3463/3463/3463 3467/3467/3467
f 3464/3464/3464 3468/3468/3468 3466/3466/3466
f 3469/3469/3469 3465/3465/3465 3467/3467/3467
f 3468/3468/3468 3470/3470/3470 3466/3466/3466
f 3469/3469/3469 3467/3467/3467 3471/3471/3471
f 3468/3468/3468 3472/3472/3472 3470/3470/3470
f 3472/3472/3472 3469/3469/3469 3471/3471/3471
f 3472/3472/3472 3471/3471/3471 3470/3470/3470
f 3473/3473/3473 3475/3475/3475 3474/3474/3474
f 3476/3476/3476 3473/3473/3473 3474/3474/3474
f 3473/3473/3473 3477/3477/3477 3475/3475/3475
f 3476/3476/3476 3474/3474/3474 3478/3478/3478
f 3477/3477/3477 3479/3479/3479 3475/3475/3475
f 3480/3480/3480 3476/3476/3476 3478/3478/3478
f 3477/3477/3477 3481/3481/3481 3479/3479/3479
f 3480/3480/3480 3478/3478/3478 3482/3482/3482
f 3481/3481/3481 3483/3483/3483 3479/3479/3479
f 3484/3484/3484 3480/3480/3480 3482/3482/3482
f 3481/3481/3481 3485/3485/3485 3483/3483/3483
f 3484/3484/3484 3482/3482/3482 3486/3486/3486
f 3485/3485/3485 3487/3487/3487 3483/3483/3483
f 3488/3488/3488 3484/3484/3484 3486/3486/3486
f 3485/3485/3485 3489/3489/3489 3487/3487/3487
f 3488/3488/3488 3486/3486/3486 3490/3490/3490
f 3489/3489/3489 3491/3491/3491 3487/3487/3487
f 3492/3492/3492 3488/3488/3488 3490/3490/3490
f 3489/3489/3489 3493/3493/3493 3491/3491/3491
f 3492/3492/3492 3490/3490/3490 3494/3494/3494
f 3493/3493/3493 3495/3495/3495 3491/3491/3491
f 3496/3496/3496 3492/3492/3492 3494/3494/3494
f 3493/3493/3493 3497/3497/3497 3495/3495/3495
f 3496/3496/3496 3494/3494/3494 3498/3498/3498
f 3497/3497/3497 3499/3499/3499 3495/3495/3495
f 3500/3500/3500 3496/3496/3496 3498/3498/3498
f 3497/3497/3497 3501/3501/3501 3499/3499/3499
f 3500/3500/3500 3498/3498/3498 3502/3502/3502
f 3501/3501/3501 3503/3503/3503 3499/3499/3499
f 3504/3504/3504 3500/3500/3500 3502/3502/3502
f 3501/3501/3501 3504/3504/3504 3503/3503/3503
f 3504/3504/3504 3502/3502/3502 3503/3503/3503
f 3505/3505/3505 3507/3507/3507 3506/3506/3506
f 3505/3505/3505 3506/3506/3506 3508/3508/3508
f 3507/3507/3507 3509/3509/3509 3506/3506/3506
f 3510/3510/3510 3505/3505/3505 3508/3508/3508
f 3507/3507/3507 3511/3511/3511 3509/3509/3509
f 3510/3510/3510 3508/3508/3508 3512/3512/3512
f 3511/3511/3511 3513/3513/3513 3509/3509/3509
f 3514/3514/3514 3510/3510/3510 3512/3512/3512
f 3511/3511/3511 3515/3515/3515 3513/3513/3513
f 3514/3514/3514 3512/3512/3512 3516/3516/3516
f 3515/3515/3515 3517/3517/3517 3513/3513/3513
f 3518/3518/3518 3514/3514/3514 3516/3516/3516
f 3515/3515/3515 3519/3519/3519 3517/3517/3517
f 3518/3518/3518 3516/3516/3516 3520/3520/3520
f 3519/3519/3519 3521/3521/3521 3517/3517/3517
f 3522/3522/3522 3518/3518/3518 3520/3520/3520
f 3519/3519/3519 3523/3523/3523 3521/3521/3521
f 3522/3522/3522 3520/3520/3520 3524/3524/3524
f 3523/3523/3523 3525/3525/3525 3521/3521/3521
f 3526/3526/3526 3522/3522/3522 3524/3524/3524
f 3523/3523/3523 3527/3527/3527 3525/3525/3525
f 3526/3526/3526 3524/3524/3524 3528/3528/3528
f 3527/3527/3527 3529/3529/3529 3525/3525/3525
f 3530/3530/3530 3526/3526/3526 3528/3528/3528
f 3527/3527/3527 3531/3531/3531 3529/3529/3529
f 3530/3530/3530 3528/3528/3528 3532/3532/3532
f 3531/3531/3531 3533/3533/3533 3529/3529/3529
f 3534/3534/3534 3530/3530/3530 3532/3532/3532
f 3531/3531/3531 3535/3535/3535 3533/3533/3533
f 3534/3534/3534 3532/3532/3532 3536/3536/3536
f 3535/3535/3535 3536/3536/3536 3533/3533/3533
f 3535/3535/3535 3534/3534/3534 3536/3536/3536
f 3537/3537/3537 3539/3539/3539 3538/3538/3538
f 3537/3537/3537 3540/3540/3540 3539/3539/3539
f 3541/3541/3541 3537/3537/3537 3538/3538/3538
f 3540/3540/3540 3542/3542/3542 3539/3539/3539
f 3541/3541/3541 3538/3538/3538 3543/3543/3543
f 3540/3540/3540 3544/3544/3544 3542/3542/3542
f 3545/3545/3545 3541/3541/3541 3543/3543/3543
f 3544/3544/3544 3546/3546/3546 3542/3542/3542
f 3545/3545/3545 3543/3543/3543 3547/3547/3547
f 3544/3544/3544 3548/3548/3548 3546/3546/3546
f 3549/3549/3549 3545/3545/3545 3547/3547/3547
f 3548/3548/3548 3550/3550/3550 3546/3546/3546
f 3549/3549/3549 3547/3547/3547 3551/3551/3551
f 3548/3548/3548 3552/3552/3552 3550/3550/3550
f 3553/3553/3553 3549/3549/3549 3551/3551/3551
f 3552/3552/3552 3554/3554/3554 3550/3550/3550
f 3553/3553/3553 3551/3551/3551 3555/3555/3555
f 3552/3552/3552 3556/3556/3556 3554/3554/3554
f 3557/3557/3557 3553/3553/3553 3555/3555/3555
f 3556/3556/3556 3558/3558/3558 3554/3554/3554
f 3557/3557/3557 3555/3555/3555 3559/3559/3559
f 3556/3556/3556 3560/3560/3560 3558/3558/3558
f 3561/3561/3561 3557/3557/3557 3559/3559/3559
f 3560/3560/3560 3562/3562/3562 3558/3558/3558
f 3561/3561/3561 3559/3559/3559 3563/3563/3563
f 3560/3560/3560 3564/3564/3564 3562/3562/3562
f 3565/3565/3565 3561/3561/3561 3563/3563/3563
f 3564/3564/3564 3566/3566/3566 3562/3562/3562
f 3565/3565/3565 3563/3563/3563 3567/3567/3567
f 3564/3564/3564 3568/3568/3568 3566/3566/3566
f 3568/3568/3568 3565/3565/3565 3567/3567/3567
f 3568/3568/3568 3567/3567/3567 3566/3566/3566
f 3569/3569/3569 3571/3571/3571 3570/3570/3570
f 3569/3569/3569 3572/3572/3572 3571/3571/3571
f 3573/3573/3573 3569/3569/3569 3570/3570/3570
f 3572/3572/3572 3574/3574/3574 3571/3571/3571
f 3573/3573/3573 3570/3570/3570 3575/3575/3575
f 3572/3572/3572 3576/3576/3576 3574/3574/3574
f 3577/3577/3577 3573/3573/3573 3575/3575/3575
f 3576/3576/3576 3578/3578/3578 3574/3574/3574
f 3577/3577/3577 3575/3575/3575 3579/3579/3579
f 3576/3576/3576 3580/3580/3580 3578/3578/3578
f 3581/3581/3581 3577/3577/3577 3579/3579/3579
f 3580/3580/3580 3582/3582/3582 3578/3578/3578
f 3581/3581/3581 3579/3579/3579 3583/3583/3583
f 3580/3580/3580 3584/3584/3584 3582/3582/3582
f 3585/3585/3585 3581/3581/3581 3583/3583/3583
f 3584/3584/3584 3586/3586/3586 3582/3582/3582
f 3585/3585/3585 3583/3583/3583 3587/3587/3587
f 3584/3584/3584 3588/3588/3588 3586/3586/3586
f 3589/3589/3589 3585/3585/3585 3587/3587/3587
f 3588/3588/3588 3590/3590/3590 3586/3586/3586
f 3589/3589/3589 3587/3587/3587 3591/3591/3591
f 3588/3588/3588 3592/3592/3592 3590/3590/3590
f 3593/3593/3593 3589/3589/3589 3591/3591/3591
f 3592/3592/3592 3594/3594/3594 3590/3590/3590
f 3593/3593/3593 3591/3591/3591 3595/3595/3595
f 3592/3592/3592 3596/3596/3596 3594/3594/3594
f 3597/3597/3597 3593/3593/3593 3595/3595/3595
f 3596/3596/3596 3598/3598/3598 3594/3594/3594
f 3597/3597/3597 3595/3595/3595 3599/3599/3599
f 3596/3596/3596 3600/3600/3600 3598/3598/3598
f 3600/3600/3600 3597/3597/3597 3599/3599/3599
f 3600/3600/3600 3599/3599/3599 3598/3598/3598
f 3601/3601/3601 3603/3603/3603 3602/3602/3602
f 3601/3601/3601 3602/3602/3602 3604/3604/3604
f 3603/3603/3603 3605/3605/3605 3602/3602/3602
f 3606/3606/3606 3601/3601/3601 3604/3604/3604
f 3603/3603/3603 3607/3607/3607 3605/3605/3605
f 3606/3606/3606 3604/3604/3604 3608/3608/3608
f 3607/3607/3607 3609/3609/3609 3605/3605/3605
f 3610/3610/3610 3606/3606/3606 3608/3608/3608
f 3607/3607/3607 3611/3611/3611 3609/3609/3609
f 3610/3610/3610 3608/3608/3608 3612/3612/3612
f 3611/3611/3611 3613/3613/3613 3609/3609/3609
f 3614/3614/3614 3610/3610/3610 3612/3612/3612
f 3611/3611/3611 3615/3615/3615 3613/3613/3613
f 3614/3614/3614 3612/3612/3612 3616/3616/3616
f 3615/3615/3615 3617/3617/3617 3613/3613/3613
f 3618/3618/3618 3614/3614/3614 3616/3616/3616
f 3615/3615/3615 3619/3619/3619 3617/3617/3617
f 3618/3618/3618 3616/3616/3616 3620/3620/3620
f 3619/3619/3619 3621/3621/3621 3617/3617/3617
f 3622/3622/3622 3618/3618/3618 3620/3620/3620
f 3619/3619/3619 3623/3623/3623 3621/3621/3621
f 3622/3622/3622 3620/3620/3620 3624/3624/3624
f 3623/3623/3623 3625/3625/3625 3621/3621/3621
f 3626/3626/3626 3622/3622/3622 3624/3624/3624
f 3623/3623/3623 3627/3627/3627 3625/3625/3625
f 3626/3626/3626 3624/3624/3624 3628/3628/3628
f 3627/3627/3627 3629/3629/3629 3625/3625/3625
f 3630/3630/3630 3626/3626/3626 3628/3628/3628
f 3627/3627/3627 3631/3631/3631 3629/3629/3629
f 3630/3630/3630 3628/3628/3628 3632/3632/3632
f 3631/3631/3631 3632/3632/3632 3629/3629/3629
f 3631/3631/3631 3630/3630/3630 3632/3632/3632
f 3633/3633/3633 3635/3635/3635 3634/3634/3634
f 3633/3633/3633 3636/3636/3636 3635/3635/3635
f 3637/3637/3637 3633/3633/3633 3634/3634/3634
f 3636/3636/3636 3638/3638/3638 3635/3635/3635
f 3637/3637/3637 3634/3634/3634 3639/3639/3639
f 3636/3636/3636 3640/3640/3640 3638/3638/3638
f 3641/3641/3641 3637/3637/3637 3639/3639/3639
f 3640/3640/3640 3642/3642/3642 3638/3638/3638
f 3641/3641/3641 3639/3639/3639 3643/3643/3643
f 3640/3640/3640 3644/3644/3644 3642/3642/3642
f 3645/3645/3645 3641/3641/3641 3643/3643/3643
f 3644/3644/3644 3646/3646/3646 3642/3642/3642
f 3645/3645/3645 3643/3643/3643 3647/3647/3647
f 3644/3644/3644 3648/3648/3648 3646/3646/3646
f 3649/3649/3649 3645/3645/3645 3647/3647/3647
f 3648/3648/3648 3650/3650/3650 3646/3646/3646
f 3649/3649/3649 3647/3647/3647 3651/3651/3651
f 3648/3648/3648 3652/3652/3652 3650/3650/3650
f 3653/3653/3653 3649/3649/3649 3651/3651/3651
f 3652/3652/3652 3654/3654/3654 3650/3650/3650
f 3653/3653/3653 3651/3651/3651 3655/3655/3655
f 3652/3652/3652 3656/3656/3656 3654/3654/3654
f 3657/3657/3657 3653/3653/3653 3655/3655/3655
f 3656/3656/3656 3658/3658/3658 3654/3654/3654
f 3657/3657/3657 3655/3655/3655 3659/3659/3659
f 3656/3656/3656 3660/3660/3660 3658/3658/3658
f 3661/3661/3661 3657/3657/3657 3659/3659/3659
f 3660/3660/3660 3662/3662/3662 3658/3658/3658
f 3661/3661/3661 3659/3659/3659 3663/3663/3663
f 3660/3660/3660 3664/3664/3664 3662/3662/3662
f 3664/3664/3664 3661/3661/3661 3663/3663/3663
f 3664/3664/3664 3663/3663/3663 3662/3662/3662
f 3665/3665/3665 3667/3667/3667 3666/3666/3666
f 3668/3668/3668 3665/3665/3665 3666/3666/3666
f 3665/3665/3665 3669/3669/3669 3667/3667/3667
f 3668/3668/3668 3666/3666/3666 3670/3670/3670
f 3669/3669/3669 3671/3671/3671 3667/3667/3667
f 3672/3672/3672 3668/3668/3668 3670/3670/3670
f 3669/3669/3669 3673/3673/3673 3671/3671/3671
f 3672/3672/3672 3670/3670/3670 3674/3674/3674
f 3673/3673/3673 3675/3675/3675 3671/3671/3671
f 3676/3676/3676 3672/3672/3672 3674/3674/3674
f 3673/3673/3673 3677/3677/3677 3675/3675/3675
f 3676/3676/3676 3674/3674/3674 3678/3678/3678
f 3677/3677/3677 3679/3679/3679 3675/3675/3675
f 3680/3680/3680 3676/3676/3676 3678/3678/3678
f 3677/3677/3677 3681/3681/3681 3679/3679/3679
f 3680/3680/3680 3678/3678/3678 3682/3682/3682
f 3681/3681/3681 3683/3683/3683 3679/3679/3679
f 3684/3684/3684 3680/3680/3680 3682/3682/3682
f 3681/3681/3681 3685/3685/3685 3683/3683/3683
f 3684/3684/3684 3682/3682/3682 3686/3686/3686
f 3685/3685/3685 3687/3687/3687 3683/3683/3683
f 3688/3688/3688 3684/3684/3684 3686/3686/3686
f 3685/3685/3685 3689/3689/3689 3687/3687/3687
f 3688/3688/3688 3686/3686/3686 3690/3690/3690
f 3689/3689/3689 3691/3691/3691 3687/3687/3687
f 3692/3692/3692 3688/3688/3688 3690/3690/3690
f 3689/3689/3689 3693/3693/3693 3691/3691/3691
f 3692/3692/3692 3690/3690/3690 3694/3694/3694
f 3693/3693/3693 3695/3695/3695 3691/3691/3691
f 3696/3696/3696 3692/3692/3692 3694/3694/3694
f 3693/3693/3693 3696/3696/3696 3695/3695/3695
f 3696/3696/3696 3694/3694/3694 3695/3695/3695
f 3697/3697/3697 3699/3699/3699 3698/3698/3698
f 3697/3697/3697 3698/3698/3698 3700/3700/3700
f 3699/3699/3699 3701/3701/3701 3698/3698/3698
f 3702/3702/3702 3697/3697/3697 3700/3700/3700
f 3699/3699/3699 3703/3703/3703 3701/3701/3701
f 3702/3702/3702 3700/3700/3700 3704/3704/3704
f 3703/3703/3703 3705/3705/3705 3701/3701/3701
f 3706/3706/3706 3702/3702/3702 3704/3704/3704
f 3703/3703/3703 3707/3707/3707 3705/3705/3705
f 3706/3706/3706 3704/3704/3704 3708/3708/3708
f 3707/3707/3707 3709/3709/3709 3705/3705/3705
f 3710/3710/3710 3706/3706/3706 3708/3708/3708
f 3707/3707/3707 3711/3711/3711 3709/3709/3709
f 3710/3710/3710 3708/3708/3708 3712/3712/3712
f 3711/3711/3711 3713/3713/3713 3709/3709/3709
f 3714/3714/3714 3710/3710/3710 3712/3712/3712
f 3711/3711/3711 3715/3715/3715 3713/3713/3713
f 3714/3714/3714 3712/3712/3712 3716/3716/3716
f 3715/3715/3715 3717/3717/3717 3713/3713/3713
f 3718/3718/3718 3714/3714/3714 3716/3716/3716
f 3715/3715/3715 3719/3719/3719 3717/3717/3717
f 3718/3718/3718 3716/3716/3716 3720/3720/3720
f 3719/3719/3719 3721/3721/3721 3717/3717/3717
f 3722/3722/3722 3718/3718/3718 3720/3720/3720
f 3719/3719/3719 3723/3723/3723 3721/3721/3721
f 3722/3722/3722 3720/3720/3720 3724/3724/3724
f 3723/3723/3723 3725/3725/3725 3721/3721/3721
f 3726/3726/3726 3722/3722/3722 3724/3724/3724
f 3723/3723/3723 3727/3727/3727 3725/3725/3725
f 3726/3726/3726 3724/3724/3724 3728/3728/3728
f 3727/3727/3727 3728/3728/3728 3725/3725/3725
f 3727/3727/3727 3726/3726/3726 3728/3728/3728
f 3729/3729/3729 3731/3731/3731 3730/3730/3730
f 3729/3729/3729 3732/3732/3732 3731/3731/3731
f 3733/3733/3733 3729/3729/3729 3730/3730/3730
f 3732/3732/3732 3734/3734/3734 3731/3731/3731
f 3733/3733/3733 3730/3730/3730 3735/3735/3735
f 3732/3732/3732 3736/3736/3736 3734/3734/3734
f 3737/3737/3737 3733/3733/3733 3735/3735/3735
f 3736/3736/3736 3738/3738/3738 3734/3734/3734
f 3737/3737/3737 3735/3735/3735 3739/3739/3739
f 3736/3736/3736 3740/3740/3740 3738/3738/3738
f 3741/3741/3741 3737/3737/3737 3739/3739/3739
f 3740/3740/3740 3742/3742/3742 3738/3738/3738
f 3741/3741/3741 3739/3739/3739 3743/3743/3743
f 3740/3740/3740 3744/3744/3744 3742/3742/3742
f 3745/3745/3745 3741/3741/3741 3743/3743/3743
f 3744/3744/3744 3746/3746/3746 3742/3742/3742
f 3745/3745/3745 3743/3743/3743 3747/3747/3747
f 3744/3744/3744 3748/3748/3748 3746/3746/3746
f 3749/3749/3749 3745/3745/3745 3747/3747/3747
f 3748/3748/3748 3750/3750/3750 3746/3746/3746
f 3749/3749/3749 3747/3747/3747 3751/3751/3751
f 3748/3748/3748 3752/3752/3752 3750/3750/3750
f 3753/3753/3753 3749/3749/3749 3751/3751/3751
f 3752/3752/3752 3754/3754/3754 3750/3750/3750
f 3753/3753/3753 3751/3751/3751 3755/3755/3755
f 3752/3752/3752 3756/3756/3756 3754/3754/3754
f 3757/3757/3757 3753/3753/3753 3755/3755/3755
f 3756/3756/3756 3758/3758/3758 3754/3754/3754
f 3757/3757/3757 3755/3755/3755 3759/3759/3759
f 3756/3756/3756 3760/3760/3760 3758/3758/3758
f 3760/3760/3760 3757/3757/3757 3759/3759/3759
f 3760/3760/3760 3759/3759/3759 3758/3758/3758
f 3761/3761/3761 3763/3763/3763 3762/3762/3762
f 3761/3761/3761 3764/3764/3764 3763/3763/3763
f 3765/3765/3765 3761/3761/3761 3762/3762/3762
f 3764/3764/3764 3766/3766/3766 3763/3763/3763
f 3765/3765/3765 3762/3762/3762 3767/3767/3767
f 3764/3764/3764 3768/3768/3768 3766/3766/3766
f 3769/3769/3769 3765/3765/3765 3767/3767/3767
f 3768/3768/3768 3770/3770/3770 3766/3766/3766
f 3769/3769/3769 3767/3767/3767 3771/3771/3771
f 3768/3768/3768 3772/3772/3772 3770/3770/3770
f 3773/3773/3773 3769/3769/3769 3771/3771/3771
f 3772/3772/3772 3774/3774/3774 3770/3770/3770
f 3773/3773/3773 3771/3771/3771 3775/3775/3775
f 3772/3772/3772 3776/3776/3776 3774/3774/3774
f 3777/3777/3777 3773/3773/3773 3775/3775/3775
f 3776/3776/3776 3778/3778/3778 3774/3774/3774
f 3777/3777/3777 3775/3775/3775 3779/3779/3779
f 3776/3776/3776 3780/3780/3780 3778/3778/3778
f 3781/3781/3781 3777/3777/3777 3779/3779/3779
f 3780/3780/3780 3782/3782/3782 3778/3778/3778
f 3781/3781/3781 3779/3779/3779 3783/3783/3783
f 3780/3780/3780 3784/3784/3784 3782/3782/3782
f 3785/3785/3785 3781/3781/3781 3783/3783/3783
f 3784/3784/3784 3786/3786/3786 3782/3782/3782
f 3785/3785/3785 3783/3783/3783 3787/3787/3787
f 3784/3784/3784 3788/3788/3788 3786/3786/3786
f 3789/3789/3789 3785/3785/3785 3787/3787/3787
f 3788/3788/3788 3790/3790/3790 3786/3786/3786
f 3789/3789/3789 3787/3787/3787 3791/3791/3791
f 3788/3788/3788 3792/3792/3792 3790/3790/3790
f 3792/3792/3792 3789/3789/3789 3791/3791/3791
f 3792/3792/3792 3791/3791/3791 3790/3790/3790
f 3793/3793/3793 3795/3795/3795 3794/3794/3794
f 3793/3793/3793 3794/3794/3794 3796/3796/3796
f 3795/3795/3795 3797/3797/3797 3794/3794/3794
f 3798/3798/3798 3793/3793/3793 3796/3796/3796
f 3795/3795/3795 3799/3799/3799 3797/3797/3797
f 3798/3798/3798 3796/3796/3796 3800/3800/3800
f 3799/3799/3799 3801/3801/3801 3797/3797/3797
f 3802/3802/3802 3798/3798/3798 3800/3800/3800
f 3799/3799/3799 3803/3803/3803 3801/3801/3801
f 3802/3802/3802 3800/3800/3800 3804/3804/3804
f 3803/3803/3803 3805/3805/3805 3801/3801/3801
f 3806/3806/3806 3802/3802/3802 3804/3804/3804
f 3803/3803/3803 3807/3807/3807 3805/3805/3805
f 3806/3806/3806 3804/3804/3804 3808/3808/3808
f 3807/3807/3807 3809/3809/3809 3805/3805/3805
f 3810/3810/3810 3806/3806/3806 3808/3808/3808
f 3807/3807/3807 3811/3811/3811 3809/3809/3809
f 3810/3810/3810 3808/3808/3808 3812/3812/3812
f 3811/3811/3811 3813/3813/3813 3809/3809/3809
f 3814/3814/3814 3810/3810/3810 3812/3812/3812
f 3811/3811/3811 3815/3815/3815 3813/3813/3813
f 3814/3814/3814 3812/3812/3812 3816/3816/3816
f 3815/3815/3815 3817/3817/3817 3813/3813/3813
f 3818/3818/3818 3814/3814/3814 3816/3816/3816
f 3815/3815/3815 3819/3819/3819 3817/3817/3817
f 3818/3818/3818 3816/3816/3816 3820/3820/3820
f 3819/3819/3819 3821/3821/3821 3817/3817/3817
f 3822/3822/3822 3818/3818/3818 3820/3820/3820
f 3819/3819/3819 3823/3823/3823 3821/3821/3821
f 3822/3822/3822 3820/3820/3820 3824/3824/3824
f 3823/3823/3823 3824/3824/3824 3821/3821/3821
f 3823/3823/3823 3822/3822/3822 3824/3824/3824
f 3825/3825/3825 3827/3827/3827 3826/3826/3826
f 3825/3825/3825 3828/3828/3828 3827/3827/3827
f 3829/3829/3829 3825/3825/3825 3826/3826/3826
f 3828/3828/3828 3830/3830/3830 3827/3827/3827
f 3829/3829/3829 3826/3826/3826 3831/3831/3831
f 3828/3828/3828 3832/3832/3832 3830/3830/3830
f 3833/3833/3833 3829/3829/3829 3831/3831/3831
f 3832/3832/3832 3834/3834/3834 3830/3830/3830
f 3833/3833/3833 3831/3831/3831 3835/3835/3835
f 3832/3832/3832 3836/3836/3836 3834/3834/3834
f 3837/3837/3837 3833/3833/3833 3835/3835/3835
f 3836/3836/3836 3838/3838/3838 3834/3834/3834
f 3837/3837/3837 3835/3835/3835 3839/3839/3839
f 3836/3836/3836 3840/3840/3840 3838/3838/3838
f 3841/3841/3841 3837/3837/3837 3839/3839/3839
f 3840/3840/3840 3842/3842/3842 3838/3838/3838
f 3841/3841/3841 3839/3839/3839 3843/3843/3843
f 3840/3840/3840 3844/3844/3844 3842/3842/3842
f 3845/3845/3845 3841/3841/3841 3843/3843/3843
f 3844/3844/3844 3846/3846/3846 3842/3842/3842
f 3845/3845/3845 3843/3843/3843 3847/3847/3847
f 3844/3844/3844 3848/3848/3848 3846/3846/3846
f 3849/3849/3849 3845/3845/3845 3847/3847/3847
f 3848/3848/3848 3850/3850/3850 3846/3846/3846
f 3849/3849/3849 3847/3847/3847 3851/3851/3851
f 3848/3848/3848 3852/3852/3852 3850/3850/3850
f 3853/3853/3853 3849/3849/3849 3851/3851/3851
f 3852/3852/3852 3854/3854/3854 3850/3850/3850
f 3853/3853/3853 3851/3851/3851 3855/3855/3855
f 3852/3852/3852 3856/3856/3856 3854/3854/3854
f 3856/3856/3856 3853/3853/3853 3855/3855/3855
f 3856/3856/3856 3855/3855/3855 3854/3854/3854
f 3857/3857/3857 3859/3859/3859 3858/3858/3858
f 3860/3860/3860 3857/3857/3857 3858/3858/3858
f 3857/3857/3857 3861/3861/3861 3859/3859/3859
f 3860/3860/3860 3858/3858/3858 3862/3862/3862
f 3861/3861/3861 3863/3863/3863 3859/3859/3859
f 3864/3864/3864 3860/3860/3860 3862/3862/3862
f 3861/3861/3861 3865/3865/3865 3863/3863/3863
f 3864/3864/3864 3862/3862/3862 3866/3866/3866
f 3865/3865/3865 3867/3867/3867 3863/3863/3863
f 3868/3868/3868 3864/3864/3864 3866/3866/3866
f 3865/3865/3865 3869/3869/3869 3867/3867/3867
f 3868/3868/3868 3866/3866/3866 3870/3870/3870
f 3869/3869/3869 3871/3871/3871 3867/3867/3867
f 3872/3872/3872 3868/3868/3868 3870/3870/3870
f 3869/3869/3869 3873/3873/3873 3871/3871/3871
f 3872/3872/3872 3870/3870/3870 3874/3874/3874
f 3873/3873/3873 3875/3875/3875 3871/3871/3871
f 3876/3876/3876 3872/3872/3872 3874/3874/3874
f 3873/3873/3873 3877/3877/3877 3875/3875/3875
f 3876/3876/3876 3874/3874/3874 3878/3878/3878
f 3877/3877/3877 3879/3879/3879 3875/3875/3875
f 3880/3880/3880 3876/3876/3876 3878/3878/3878
f 3877/3877/3877 3881/3881/3881 3879/3879/3879
f 3880/3880/3880 3878/3878/3878 3882/3882/3882
f 3881/3881/3881 3883/3883/3883 3879/3879/3879
f 3884/3884/3884 3880/3880/3880 3882/3882/3882
f 3881/3881/3881 3885/3885/3885 3883/3883/3883
f 3884/3884/3884 3882/3882/3882 3886/3886/3886
f 3885/3885/3885 3887/3887/3887 3883/3883/3883
f 3888/3888/3888 3884/3884/3884 3886/3886/3886
f 3885/3885/3885 3888/3888/3888 3887/3887/3887
f 3888/3888/3888 3886/3886/3886 3887/3887/3887
f 3889/3889/3889 3891/3891/3891 3890/3890/3890
f 3889/3889/3889 3890/3890/3890 3892/3892/3892
f 3891/3891/3891 3893/3893/3893 3890/3890/3890
f 3894/3894/3894 3889/3889/3889 3892/3892/3892
f 3891/3891/3891 3895/3895/3895 3893/3893/3893
f 3894/3894/3894 3892/3892/3892 3896/3896/3896
f 3895/3895/3895 3897/3897/3897 3893/3893/3893
f 3898/3898/3898 3894/3894/3894 3896/3896/3896
f 3895/3895/3895 3899/3899/3899 3897/3897/3897
f 3898/3898/3898 3896/3896/3896 3900/3900/3900
f 3899/3899/3899 3901/3901/3901 3897/3897/3897
f 3902/3902/3902 3898/3898/3898 3900/3900/3900
f 3899/3899/3899 3903/3903/3903 3901/3901/3901
f 3902/3902/3902 3900/3900/3900 3904/3904/3904
f 3903/3903/3903 3905/3905/3905 3901/3901/3901
f 3906/3906/3906 3902/3902/3902 3904/3904/3904
f 3903/3903/3903 3907/3907/3907 3905/3905/3905
f 3906/3906/3906 3904/3904/3904 3908/3908/3908
f 3907/3907/3907 3909/3909/3909 3905/3905/3905
f 3910/3910/3910 3906/3906/3906 3908/3908/3908
f 3907/3907/3907 3911/3911/3911 3909/3909/3909
f 3910/3910/3910 3908/3908/3908 3912/3912/3912
f 3911/3911/3911 3913/3913/3913 3909/3909/3909
f 3914/3914/3914 3910/3910/3910 3912/3912/3912
f 3911/3911/3911 3915/3915/3915 3913/3913/3913
f 3914/3914/3914 3912/3912/3912 3916/3916/3916
f 3915/3915/3915 3917/3917/3917 3913/3913/3913
f 3918/3918/3918 3914/3914/3914 3916/3916/3916
f 3915/3915/3915 3919/3919/3919 3917/3917/3917
f 3918/3918/3918 3916/3916/3916 3920/3920/3920
f 3919/3919/3919 3920/3920/3920 3917/3917/3917
f 3919/3919/3919 3918/3918/3918 3920/3920/3920
f 3921/3921/3921 3923/3923/3923 3922/3922/3922
f 3921/3921/3921 3924/3924/3924 3923/3923/3923
f 3925/3925/3925 3921/3921/3921 3922/3922/3922
f 3924/3924/3924 3926/3926/3926 3923/3923/3923
f 3925/3925/3925 3922/3922/3922 3927/3927/3927
f 3924/3924/3924 3928/3928/3928 3926/3926/3926
f 3929/3929/3929 3925/3925/3925 3927/3927/3927
f 3928/3928/3928 3930/3930/3930 3926/3926/3926
f 3929/3929/3929 3927/3927/3927 3931/3931/3931
f 3928/3928/3928 3932/3932/3932 3930/3930/3930
f 3933/3933/3933 3929/3929/3929 3931/3931/3931
f 3932/3932/3932 3934/3934/3934 3930/3930/3930
f 3933/3933/3933 3931/3931/3931 3935/3935/3935
f 3932/3932/3932 3936/3936/3936 3934/3934/3934
f 3937/3937/3937 3933/3933/3933 3935/3935/3935
f 3936/3936/3936 3938/3938/3938 3934/3934/3934
f 3937/3937/3937 3935/3935/3935 3939/3939/3939
f 3936/3936/3936 3940/3940/3940 3938/3938/3938
f 3941/3941/3941 3937/3937/3937 3939/3939/3939
f 3940/3940/3940 3942/3942/3942 3938/3938/3938
f 3941/3941/3941 3939/3939/3939 3943/3943/3943
f 3940/3940/3940 3944/3944/3944 3942/3942/3942
f 3945/3945/3945 3941/3941/3941 3943/3943/3943
f 3944/3944/3944 3946/3946/3946 3942/3942/3942
f 3945/3945/3945 3943/3943/3943 3947/3947/3947
f 3944/3944/3944 3948/3948/3948 3946/3946/3946
f 3949/3949/3949 3945/3945/3945 3947/3947/3947
f 3948/3948/3948 3950/3950/3950 3946/3946/3946
f 3949/3949/3949 3947/3947/3947 3951/3951/3951
f 3948/3948/3948 3952/3952/3952 3950/3950/3950
f 3952/3952/3952 3949/3949/3949 3951/3951/3951
f 3952/3952/3952 3951/3951/3951 3950/3950/3950
f 3953/3953/3953 3955/3955/3955 3954/3954/3954
f 3953/3953/3953 3956/3956/3956 3955/3955/3955
f 3957/3957/3957 3953/3953/3953 3954/3954/3954
f 3956/3956/3956 3958/3958/3958 3955/3955/3955
f 3957/3957/3957 3954/3954/3954 3959/3959/3959
f 3956/3956/3956 3960/3960/3960 3958/3958/3958
f 3961/3961/3961 3957/3957/3957 3959/3959/3959
f 3960/3960/3960 3962/3962/3962 3958/3958/3958
f 3961/3961/3961 3959/3959/3959 3963/3963/3963
f 3960/3960/3960 3964/3964/3964 3962/3962/3962
f 3965/3965/3965 3961/3961/3961 3963/3963/3963
f 3964/3964/3964 3966/3966/3966 3962/3962/3962
f 3965/3965/3965 3963/3963/3963 3967/3967/3967
f 3964/3964/3964 3968/3968/3968 3966/3966/3966
f 3969/3969/3969 3965/3965/3965 3967/3967/3967
f 3968/3968/3968 3970/3970/3970 3966/3966/3966
f 3969/3969/3969 3967/3967/3967 3971/3971/3971
f 3968/3968/3968 3972/3972/3972 3970/3970/3970
f 3973/3973/3973 3969/3969/3969 3971/3971/3971
f 3972/3972/3972 3974/3974/3974 3970/3970/3970
f 3973/3973/3973 3971/3971/3971 3975/3975/3975
f 3972/3972/3972 3976/3976/3976 3974/3974/3974
f 3977/3977/3977 3973/3973/3973 3975/3975/3975
f 3976/3976/3976 3978/3978/3978 3974/3974/3974
f 3977/3977/3977 3975/3975/3975 3979/3979/3979
f 3976/3976/3976 3980/3980/3980 3978/3978/3978
f 3981/3981/3981 3977/3977/3977 3979/3979/3979
f 3980/3980/3980 3982/3982/3982 3978/3978/3978
f 3981/3981/3981 3979/3979/3979 3983/3983/3983
f 3980/3980/3980 3984/3984/3984 3982/3982/3982
f 3984/3984/3984 3981/3981/3981 3983/3983/3983
f 3984/3984/3984 3983/3983/3983 3982/3982/3982
f 3985/3985/3985 3987/3987/3987 3986/3986/3986
f 3985/3985/3985 3986/3986/3986 3988/3988/3988
f 3987/3987/3987 3989/3989/3989 3986/3986/3986
f 3990/3990/3990 3985/3985/3985 3988/3988/3988
f 3987/3987/3987 3991/3991/3991 3989/3989/3989
f 3990/3990/3990 3988/3988/3988 3992/3992/3992
f 3991/3991/3991 3993/3993/3993 3989/3989/3989
f 3994/3994/3994 3990/3990/3990 3992/3992/3992
f 3991/3991/3991 3995/3995/3995 3993/3993/3993
f 3994/3994/3994 3992/3992/3992 3996/3996/3996
f 3995/3995/3995 3997/3997/3997 3993/3993/3993
f 3998/3998/3998 3994/3994/3994 3996/3996/3996
f 3995/3995/3995 3999/3999/3999 3997/3997/3997
f 3998/3998/3998 3996/3996/3996 4000/4000/4000
f 3999/3999/3999 4001/4001/4001 3997/3997/3997
f 4002/4002/4002 3998/3998/3998 4000/4000/4000
f 3999/3999/3999 4003/4003/4003 4001/4001/4001
f 4002/4002/4002 4000/4000/4000 4004/4004/4004
f 4003/4003/4003 4005/4005/4005 4001/4001/4001
f 4006/4006/4006 4002/4002/4002 4004/4004/4004
f 4003/4003/4003 4007/4007/4007 4005/4005/4005
f 4006/4006/4006 4004/4004/4004 4008/4008/4008
f 4007/4007/4007 4009/4009/4009 4005/4005/4005
f 4010/4010/4010 4006/4006/4006 4008/4008/4008
f 4007/4007/4007 4011/4011/4011 4009/4009/4009
f 4010/4010/4010 4008/4008/4008 4012/4012/4012
f 4011/4011/4011 4013/4013/4013 4009/4009/4009
f 4014/4014/4014 4010/4010/4010 4012/4012/4012
f 4011/4011/4011 4015/4015/4015 4013/4013/4013
f 4014/4014/4014 4012/4012/4012 4016/4016/4016
f 4015/4015/4015 4016/4016/4016 4013/4013/4013
f 4015/4015/4015 4014/4014/4014 4016/4016/4016
f 4017/4017/4017 4019/4019/4019 4018/4018/4018
f 4017/4017/4017 4020/4020/4020 4019/4019/4019
f 4021/4021/4021 4017/4017/4017 4018/4018/4018
f 4020/4020/4020 4022/4022/4022 4019/4019/4019
f 4021/4021/4021 4018/4018/4018 4023/4023/4023
f 4020/4020/4020 4024/4024/4024 4022/4022/4022
f 4025/4025/4025 4021/4021/4021 4023/4023/4023
f 4024/4024/4024 4026/4026/4026 4022/4022/4022
f 4025/4025/4025 4023/4023/4023 4027/4027/4027
f 4024/4024/4024 4028/4028/4028 4026/4026/4026
f 4029/4029/4029 4025/4025/4025 4027/4027/4027
f 4028/4028/4028 4030/4030/4030 4026/4026/4026
f 4029/4029/4029 4027/4027/4027 4031/4031/4031
f 4028/4028/4028 4032/4032/4032 4030/4030/4030
f 4033/4033/4033 4029/4029/4029 4031/4031/4031
f 4032/4032/4032 4034/4034/4034 4030/4030/4030
f 4033/4033/4033 4031/4031/4031 4035/4035/4035
f 4032/4032/4032 4036/4036/4036 4034/4034/4034
f 4037/4037/4037 4033/4033/4033 4035/4035/4035
f 4036/4036/4036 4038/4038/4038 4034/4034/4034
f 4037/4037/4037 4035/4035/4035 4039/4039/4039
f 4036/4036/4036 4040/4040/4040 4038/4038/4038
f 4041/4041/4041 4037/4037/4037 4039/4039/4039
f 4040/4040/4040 4042/4042/4042 4038/4038/4038
f 4041/4041/4041 4039/4039/4039 4043/4043/4043
f 4040/4040/4040 4044/4044/4044 4042/4042/4042
f 4045/4045/4045 4041/4041/4041 4043/4043/4043
f 4044/4044/4044 4046/4046/4046 4042/4042/4042
f 4045/4045/4045 4043/4043/4043 4047/4047/4047
f 4044/4044/4044 4048/4048/4048 4046/4046/4046
f 4048/4048/4048 4045/4045/4045 4047/4047/4047
f 4048/4048/4048 4047/4047/4047 4046/4046/4046
f 4049/4049/4049 4051/4051/4051 4050/4050/4050
f 4052/4052/4052 4049/4049/4049 4050/4050/4050
f 4049/4049/4049 4053/4053/4053 4051/4051/4051
f 4052/4052/4052 4050/4050/4050 4054/4054/4054
f 4053/4053/4053 4055/4055/4055 4051/4051/4051
f 4056/4056/4056 4052/4052/4052 4054/4054/4054
f 4053/4053/4053 4057/4057/4057 4055/4055/4055
f 4056/4056/4056 4054/4054/4054 4058/4058/4058
f 4057/4057/4057 4059/4059/4059 4055/4055/4055
f 4060/4060/4060 4056/4056/4056 4058/4058/4058
f 4057/4057/4057 4061/4061/4061 4059/4059/4059
f 4060/4060/4060 4058/4058/4058 4062/4062/4062
f 4061/4061/4061 4063/4063/4063 4059/4059/4059
f 4064/4064/4064 4060/4060/4060 4062/4062/4062
f 4061/4061/4061 4065/4065/4065 4063/4063/4063
f 4064/4064/4064 4062/4062/4062 4066/4066/4066
f 4065/4065/4065 4067/4067/4067 4063/4063/4063
f 4068/4068/4068 4064/4064/4064 4066/4066/4066
f 4065/4065/4065 4069/4069/4069 4067/4067/4067
f 4068/4068/4068 4066/4066/4066 4070/4070/4070
f 4069/4069/4069 4071/4071/4071 4067/4067/4067
f 4072/4072/4072 4068/4068/4068 4070/4070/4070
f 4069/4069/4069 4073/4073/4073 4071/4071/4071
f 4072/4072/4072 4070/4070/4070 4074/4074/4074
f 4073/4073/4073 4075/4075/4075 4071/4071/4071
f 4076/4076/4076 4072/4072/4072 4074/4074/4074
f 4073/4073/4073 4077/4077/4077 4075/4075/4075
f 4076/4076/4076 4074/4074/4074 4078/4078/4078
f 4077/4077/4077 4079/4079/4079 4075/4075/4075
f 4080/4080/4080 4076/4076/4076 4078/4078/4078
f 4077/4077/4077 4080/4080/4080 4079/4079/4079
f 4080/4080/4080 4078/4078/4078 4079/4079/4079
f 4081/4081/4081 4083/4083/4083 4082/4082/4082
f 4081/4081/4081 4082/4082/4082 4084/4084/4084
f 4083/4083/4083 4085/4085/4085 4082/4082/4082
f 4086/4086/4086 4081/4081/4081 4084/4084/4084
f 4083/4083/4083 4087/4087/4087 4085/4085/4085
f 4086/4086/4086 4084/4084/4084 4088/4088/4088
f 4087/4087/4087 4089/4089/4089 4085/4085/4085
f 4090/4090/4090 4086/4086/4086 4088/4088/4088
f 4087/4087/4087 4091/4091/4091 4089/4089/4089
f 4090/4090/4090 4088/4088/4088 4092/4092/4092
f 4091/4091/4091 4093/4093/4093 4089/4089/4089
f 4094/4094/4094 4090/4090/4090 4092/4092/4092
f 4091/4091/4091 4095/4095/4095 4093/4093/4093
f 4094/4094/4094 4092/4092/4092 4096/4096/4096
f 4095/4095/4095 4097/4097/4097 4093/4093/4093
f 4098/4098/4098 4094/4094/4094 4096/4096/4096
f 4095/4095/4095 4099/4099/4099 4097/4097/4097
f 4098/4098/4098 4096/4096/4096 4100/4100/4100
f 4099/4099/4099 4101/4101/4101 4097/4097/4097
f 4102/4102/4102 4098/4098/4098 4100/4100/4100
f 4099/4099/4099 4103/4103/4103 4101/4101/4101
f 4102/4102/4102 4100/4100/4100 4104/4104/4104
f 4103/4103/4103 4105/4105/4105 4101/4101/4101
f 4106/4106/4106 4102/4102/4102 4104/4104/4104
f 4103/4103/4103 4107/4107/4107 4105/4105/4105
f 4106/4106/4106 4104/4104/4104 4108/4108/4108
f 4107/4107/4107 4109/4109/4109 4105/4105/4105
f 4110/4110/4110 4106/4106/4106 4108/4108/4108
f 4107/4107/4107 4111/4111/4111 4109/4109/4109
f 4110/4110/4110 4108/4108/4108 4112/4112/4112
f 4111/4111/4111 4112/4112/4112 4109/4109/4109
f 4111/4111/4111 4110/4110/4110 4112/4112/4112
f 4113/4113/4113 4115/4115/4115 4114/4114/4114
f 4113/4113/4113 4116/4116/4116 4115/4115/4115
f 4117/4117/4117 4113/4113/4113 4114/4114/4114
f 4116/4116/4116 4118/4118/4118 4115/4115/4115
f 4117/4117/4117 4114/4114/4114 4119/4119/4119
f 4116/4116/4116 4120/4120/4120 4118/4118/4118
f 4121/4121/4121 4117/4117/4117 4119/4119/4119
f 4120/4120/4120 4122/4122/4122 4118/4118/4118
f 4121/4121/4121 4119/4119/4119 4123/4123/4123
f 4120/4120/4120 4124/4124/4124 4122/4122/4122
f 4125/4125/4125 4121/4121/4121 4123/4123/4123
f 4124/4124/4124 4126/4126/4126 4122/4122/4122
f 4125/4125/4125 4123/4123/4123 4127/4127/4127
f 4124/4124/4124 4128/4128/4128 4126/4126/4126
f 4129/4129/4129 4125/4125/4125 4127/4127/4127
f 4128/4128/4128 4130/4130/4130 4126/4126/4126
f 4129/4129/4129 4127/4127/4127 4131/4131/4131
f 4128/4128/4128 4132/4132/4132 4130/4130/4130
f 4133/4133/4133 4129/4129/4129 4131/4131/4131
f 4132/4132/4132 4134/4134/4134 4130/4130/4130
f 4133/4133/4133 4131/4131/4131 4135/4135/4135
f 4132/4132/4132 4136/4136/4136 4134/4134/4134
f 4137/4137/4137 4133/4133/4133 4135/4135/4135
f 4136/4136/4136 4138/4138/4138 4134/4134/4134
f 4137/4137/4137 4135/4135/4135 4139/4139/4139
f 4136/4136/4136 4140/4140/4140 4138/4138/4138
f 4141/4141/4141 4137/4137/4137 4139/4139/4139
f 4140/4140/4140 4142/4142/4142 4138/4138/4138
f 4141/4141/4141 4139/4139/4139 4143/4143/4143
f 4140/4140/4140 4144/4144/4144 4142/4142/4142
f 4144/4144/4144 4141/4141/4141 4143/4143/4143
f 4144/4144/4144 4143/4143/4143 4142/4142/4142
f 4145/4145/4145 4147/4147/4147 4146/4146/4146
f 4145/4145/4145 4148/4148/4148 4147/4147/4147
f 4149/4149/4149 4145/4145/4145 4146/4146/4146
f 4148/4148/4148 4150/4150/4150 4147/4147/4147
f 4148/4148/4148 4151/4151/4151 4150/4150/4150
f 4149/4149/4149 4146/4146/4146 4152/4152/4152
f 4153/4153/4153 4149/4149/4149 4152/4152/4152
f 4151/4151/4151 4154/4154/4154 4150/4150/4150
f 4151/4151/4151 4155/4155/4155 4154/4154/4154
f 4153/4153/4153 4152/4152/4152 4156/4156/4156
f 4157/4157/4157 4153/4153/4153 4156/4156/4156
f 4155/4155/4155 4158/4158/4158 4154/4154/4154
f 4155/4155/4155 4159/4159/4159 4158/4158/4158
f 4157/4157/4157 4156/4156/4156 4160/4160/4160
f 4161/4161/4161 4157/4157/4157 4160/4160/4160
f 4159/4159/4159 4162/4162/4162 4158/4158/4158
f 4159/4159/4159 4163/4163/4163 4162/4162/4162
f 4161/4161/4161 4160/4160/4160 4164/4164/4164
f 4165/4165/4165 4161/4161/4161 4164/4164/4164
f 4163/4163/4163 4166/4166/4166 4162/4162/4162
f 4163/4163/4163 4167/4167/4167 4166/4166/4166
f 4165/4165/4165 4164/4164/4164 4168/4168/4168
f 4169/4169/4169 4165/4165/4165 4168/4168/4168
f 4167/4167/4167 4170/4170/4170 4166/4166/4166
f 4167/4167/4167 4171/4171/4171 4170/4170/4170
f 4169/4169/4169 4168/4168/4168 4172/4172/4172
f 4173/4173/4173 4169/4169/4169 4172/4172/4172
f 4171/4171/4171 4174/4174/4174 4170/4170/4170
f 4171/4171/4171 4175/4175/4175 4174/4174/4174
f 4173/4173/4173 4172/4172/4172 4176/4176/4176
f 4177/4177/4177 4173/4173/4173 4176/4176/4176
f 4175/4175/4175 4178/4178/4178 4174/4174/4174
f 4175/4175/4175 4179/4179/4179 4178/4178/4178
f 4177/4177/4177 4176/4176/4176 4180/4180/4180
f 4181/4181/4181 4177/4177/4177 4180/4180/4180
f 4179/4179/4179 4182/4182/4182 4178/4178/4178
f 4179/4179/4179 4183/4183/4183 4182/4182/4182
f 4181/4181/4181 4180/4180/4180 4184/4184/4184
f 4185/4185/4185 4181/4181/4181 4184/4184/4184
f 4183/4183/4183 4186/4186/4186 4182/4182/4182
f 4183/4183/4183 4187/4187/4187 4186/4186/4186
f 4185/4185/4185 4184/4184/4184 4188/4188/4188
f 4189/4189/4189 4185/4185/4185 4188/4188/4188
f 4187/4187/4187 4190/4190/4190 4186/4186/4186
f 4187/4187/4187 4191/4191/4191 4190/4190/4190
f 4189/4189/4189 4188/4188/4188 4192/4192/4192
f 4193/4193/4193 4189/4189/4189 4192/4192/4192
f 4191/4191/4191 4194/4194/4194 4190/4190/4190
f 4191/4191/4191 4195/4195/4195 4194/4194/4194
f 4193/4193/4193 4192/4192/4192 4196/4196/4196
f 4197/4197/4197 4193/4193/4193 4196/4196/4196
f 4195/4195/4195 4198/4198/4198 4194/4194/4194
f 4195/4195/4195 4199/4199/4199 4198/4198/4198
f 4197/4197/4197 4196/4196/4196 4200/4200/4200
f 4201/4201/4201 4197/4197/4197 4200/4200/4200
f 4199/4199/4199 4202/4202/4202 4198/4198/4198
f 4199/4199/4199 4203/4203/4203 4202/4202/4202
f 4201/4201/4201 4200/4200/4200 4204/4204/4204
f 4205/4205/4205 4201/4201/4201 4204/4204/4204
f 4203/4203/4203 4206/4206/4206 4202/4202/4202
f 4203/4203/4203 4207/4207/4207 4206/4206/4206
f 4207/4207/4207 4205/4205/4205 4208/4208/4208
f 4205/4205/4205 4204/4204/4204 4208/4208/4208
f 4207/4207/4207 4208/4208/4208 4206/4206/4206
f 4209/4209/4209 4194/4194/4194 4198/4198/4198
f 4210/4210/4210 4198/4198/4198 4202/4202/4202
f 4210/4210/4210 4209/4209/4209 4198/4198/4198
f 4211/4211/4211 4202/4202/4202 4206/4206/4206
f 4211/4211/4211 4210/4210/4210 4202/4202/4202
f 4212/4212/4212 4206/4206/4206 4208/4208/4208
f 4212/4212/4212 4211/4211/4211 4206/4206/4206
f 4213/4213/4213 4208/4208/4208 4204/4204/4204
f 4213/4213/4213 4212/4212/4212 4208/4208/4208
f 4214/4214/4214 4204/4204/4204 4200/4200/4200
f 4214/4214/4214 4213/4213/4213 4204/4204/4204
f 4209/4209/4209 4215/4215/4215 4194/4194/4194
f 4215/4215/4215 4190/4190/4190 4194/4194/4194
f 4216/4216/4216 4214/4214/4214 4200/4200/4200
f 4216/4216/4216 4200/4200/4200 4196/4196/4196
f 4215/4215/4215 4217/4217/4217 4190/4190/4190
f 4217/4217/4217 4186/4186/4186 4190/4190/4190
f 4218/4218/4218 4216/4216/4216 4196/4196/4196
f 4218/4218/4218 4196/4196/4196 4192/4192/4192
f 4217/4217/4217 4219/4219/4219 4186/4186/4186
f 4219/4219/4219 4182/4182/4182 4186/4186/4186
f 4220/4220/4220 4218/4218/4218 4192/4192/4192
f 4220/4220/4220 4192/4192/4192 4188/4188/4188
f 4219/4219/4219 4221/4221/4221 4182/4182/4182
f 4221/4221/4221 4178/4178/4178 4182/4182/4182
f 4222/4222/4222 4220/4220/4220 4188/4188/4188
f 4222/4222/4222 4188/4188/4188 4184/4184/4184
f 4221/4221/4221 4223/4223/4223 4178/4178/4178
f 4223/4223/4223 4174/4174/4174 4178/4178/4178
f 4224/4224/4224 4222/4222/4222 4184/4184/4184
f 4224/4224/4224 4184/4184/4184 4180/4180/4180
f 4223/4223/4223 4225/4225/4225 4174/4174/4174
f 4225/4225/4225 4170/4170/4170 4174/4174/4174
f 4226/4226/4226 4224/4224/4224 4180/4180/4180
f 4226/4226/4226 4180/4180/4180 4176/4176/4176
f 4225/4225/4225 4227/4227/4227 4170/4170/4170
f 4227/4227/4227 4166/4166/4166 4170/4170/4170
f 4228/4228/4228 4226/4226/4226 4176/4176/4176
f 4228/4228/4228 4176/4176/4176 4172/4172/4172
f 4227/4227/4227 4229/4229/4229 4166/4166/4166
f 4229/4229/4229 4162/4162/4162 4166/4166/4166
f 4230/4230/4230 4228/4228/4228 4172/4172/4172
f 4230/4230/4230 4172/4172/4172 4168/4168/4168
f 4229/4229/4229 4231/4231/4231 4162/4162/4162
f 4231/4231/4231 4158/4158/4158 4162/4162/4162
f 4232/4232/4232 4230/4230/4230 4168/4168/4168
f 4232/4232/4232 4168/4168/4168 4164/4164/4164
f 4231/4231/4231 4233/4233/4233 4158/4158/4158
f 4233/4233/4233 4154/4154/4154 4158/4158/4158
f 4234/4234/4234 4232/4232/4232 4164/4164/4164
f 4234/4234/4234 4164/4164/4164 4160/4160/4160
f 4233/4233/4233 4235/4235/4235 4154/4154/4154
f 4235/4235/4235 4150/4150/4150 4154/4154/4154
f 4236/4236/4236 4234/4234/4234 4160/4160/4160
f 4236/4236/4236 4160/4160/4160 4156/4156/4156
f 4235/4235/4235 4237/4237/4237 4150/4150/4150
f 4237/4237/4237 4147/4147/4147 4150/4150/4150
f 4238/4238/4238 4236/4236/4236 4156/4156/4156
f 4238/4238/4238 4156/4156/4156 4152/4152/4152
f 4237/4237/4237 4239/4239/4239 4147/4147/4147
f 4239/4239/4239 4146/4146/4146 4147/4147/4147
f 4240/4240/4240 4152/4152/4152 4146/4146/4146
f 4240/4240/4240 4238/4238/4238 4152/4152/4152
f 4239/4239/4239 4240/4240/4240 4146/4146/4146
f 4241/4241/4241 4235/4235/4235 4233/4233/4233
f 4242/4242/4242 4237/4237/4237 4235/4235/4235
f 4241/4241/4241 4242/4242/4242 4235/4235/4235
f 4243/4243/4243 4239/4239/4239 4237/4237/4237
f 4242/4242/4242 4243/4243/4243 4237/4237/4237
f 4244/4244/4244 4240/4240/4240 4239/4239/4239
f 4243/4243/4243 4244/4244/4244 4239/4239/4239
f 4245/4245/4245 4238/4238/4238 4240/4240/4240
f 4244/4244/4244 4245/4245/4245 4240/4240/4240
f 4246/4246/4246 4236/4236/4236 4238/4238/4238
f 4245/4245/4245 4246/4246/4246 4238/4238/4238
f 4247/4247/4247 4241/4241/4241 4233/4233/4233
f 4247/4247/4247 4233/4233/4233 4231/4231/4231
f 4246/4246/4246 4248/4248/4248 4236/4236/4236
f 4248/4248/4248 4234/4234/4234 4236/4236/4236
f 4249/4249/4249 4247/4247/4247 4231/4231/4231
f 4249/4249/4249 4231/4231/4231 4229/4229/4229
f 4248/4248/4248 4250/4250/4250 4234/4234/4234
f 4250/4250/4250 4232/4232/4232 4234/4234/4234
f 4251/4251/4251 4249/4249/4249 4229/4229/4229
f 4251/4251/4251 4229/4229/4229 4227/4227/4227
f 4250/4250/4250 4252/4252/4252 4232/4232/4232
f 4252/4252/4252 4230/4230/4230 4232/4232/4232
f 4253/4253/4253 4251/4251/4251 4227/4227/4227
f 4253/4253/4253 4227/4227/4227 4225/4225/4225
f 4252/4252/4252 4254/4254/4254 4230/4230/4230
f 4254/4254/4254 4228/4228/4228 4230/4230/4230
f 4255/4255/4255 4253/4253/4253 4225/4225/4225
f 4255/4255/4255 4225/4225/4225 4223/4223/4223
f 4254/4254/4254 4256/4256/4256 4228/4228/4228
f 4256/4256/4256 4226/4226/4226 4228/4228/4228
f 4257/4257/4257 4255/4255/4255 4223/4223/4223
f 4257/4257/4257 4223/4223/4223 4221/4221/4221
f 4256/4256/4256 4258/4258/4258 4226/4226/4226
f 4258/4258/4258 4224/4224/4224 4226/4226/4226
f 4259/4259/4259 4257/4257/4257 4221/4221/4221
f 4259/4259/4259 4221/4221/4221 4219/4219/4219
f 4258/4258/4258 4260/4260/4260 4224/4224/4224
f 4260/4260/4260 4222/4222/4222 4224/4224/4224
f 4261/4261/4261 4259/4259/4259 4219/4219/4219
f 4261/4261/4261 4219/4219/4219 4217/4217/4217
f 4260/4260/4260 4262/4262/4262 4222/4222/4222
f 4262/4262/4262 4220/4220/4220 4222/4222/4222
f 4263/4263/4263 4261/4261/4261 4217/4217/4217
f 4263/4263/4263 4217/4217/4217 4215/4215/4215
f 4262/4262/4262 4264/4264/4264 4220/4220/4220
f 4264/4264/4264 4218/4218/4218 4220/4220/4220
f 4265/4265/4265 4263/4263/4263 4215/4215/4215
f 4265/4265/4265 4215/4215/4215 4209/4209/4209
f 4264/4264/4264 4266/4266/4266 4218/4218/4218
f 4266/4266/4266 4216/4216/4216 4218/4218/4218
f 4267/4267/4267 4265/4265/4265 4209/4209/4209
f 4267/4267/4267 4209/4209/4209 4210/4210/4210
f 4266/4266/4266 4268/4268/4268 4216/4216/4216
f 4268/4268/4268 4214/4214/4214 4216/4216/4216
f 4269/4269/4269 4267/4267/4267 4210/4210/4210
f 4269/4269/4269 4210/4210/4210 4211/4211/4211
f 4268/4268/4268 4270/4270/4270 4214/4214/4214
f 4270/4270/4270 4213/4213/4213 4214/4214/4214
f 4271/4271/4271 4269/4269/4269 4211/4211/4211
f 4271/4271/4271 4211/4211/4211 4212/4212/4212
f 4272/4272/4272 4212/4212/4212 4213/4213/4213
f 4270/4270/4270 4272/4272/4272 4213/4213/4213
f 4272/4272/4272 4271/4271/4271 4212/4212/4212
f 4265/4265/4265 4267/4267/4267 4273/4273/4273
f 4267/4267/4267 4269/4269/4269 4274/4274/4274
f 4267/4267/4267 4274/4274/4274 4273/4273/4273
f 4269/4269/4269 4271/4271/4271 4275/4275/4275
f 4269/4269/4269 4275/4275/4275 4274/4274/4274
f 4271/4271/4271 4272/4272/4272 4276/4276/4276
f 4271/4271/4271 4276/4276/4276 4275/4275/4275
f 4272/4272/4272 4270/4270/4270 4277/4277/4277
f 4272/4272/4272 4277/4277/4277 4276/4276/4276
f 4270/4270/4270 4268/4268/4268 4278/4278/4278
f 4270/4270/4270 4278/4278/4278 4277/4277/4277
f 4265/4265/4265 4273/4273/4273 4279/4279/4279
f 4263/4263/4263 4265/4265/4265 4279/4279/4279
f 4268/4268/4268 4280/4280/4280 4278/4278/4278
f 4268/4268/4268 4266/4266/4266 4280/4280/4280
f 4263/4263/4263 4279/4279/4279 4281/4281/4281
f 4261/4261/4261 4263/4263/4263 4281/4281/4281
f 4266/4266/4266 4282/4282/4282 4280/4280/4280
f 4266/4266/4266 4264/4264/4264 4282/4282/4282
f 4261/4261/4261 4281/4281/4281 4283/4283/4283
f 4259/4259/4259 4261/4261/4261 4283/4283/4283
f 4264/4264/4264 4284/4284/4284 4282/4282/4282
f 4264/4264/4264 4262/4262/4262 4284/4284/4284
f 4259/4259/4259 4283/4283/4283 4285/4285/4285
f 4257/4257/4257 4259/4259/4259 4285/4285/4285
f 4262/4262/4262 4286/4286/4286 4284/4284/4284
f 4262/4262/4262 4260/4260/4260 4286/4286/4286
f 4257/4257/4257 4285/4285/4285 4287/4287/4287
f 4255/4255/4255 4257/4257/4257 4287/4287/4287
f 4260/4260/4260 4288/4288/4288 4286/4286/4286
f 4260/4260/4260 4258/4258/4258 4288/4288/4288
f 4255/4255/4255 4287/4287/4287 4289/4289/4289
f 4253/4253/4253 4255/4255/4255 4289/4289/4289
f 4258/4258/4258 4290/4290/4290 4288/4288/4288
f 4258/4258/4258 4256/4256/4256 4290/4290/4290
f 4253/4253/4253 4289/4289/4289 4291/4291/4291
f 4251/4251/4251 4253/4253/4253 4291/4291/4291
f 4256/4256/4256 4292/4292/4292 4290/4290/4290
f 4256/4256/4256 4254/4254/4254 4292/4292/4292
f 4251/4251/4251 4291/4291/4291 4293/4293/4293
f 4249/4249/4249 4251/4251/4251 4293/4293/4293
f 4254/4254/4254 4294/4294/4294 4292/4292/4292
f 4254/4254/4254 4252/4252/4252 4294/4294/4294
f 4249/4249/4249 4293/4293/4293 4295/4295/4295
f 4247/4247/4247 4249/4249/4249 4295/4295/4295
f 4252/4252/4252 4296/4296/4296 4294/4294/4294
f 4252/4252/4252 4250/4250/4250 4296/4296/4296
f 4247/4247/4247 4295/4295/4295 4297/4297/4297
f 4241/4241/4241 4247/4247/4247 4297/4297/4297
f 4250/4250/4250 4298/4298/4298 4296/4296/4296
f 4250/4250/4250 4248/4248/4248 4298/4298/4298
f 4241/4241/4241 4297/4297/4297 4299/4299/4299
f 4242/4242/4242 4241/4241/4241 4299/4299/4299
f 4248/4248/4248 4300/4300/4300 4298/4298/4298
f 4248/4248/4248 4246/4246/4246 4300/4300/4300
f 4242/4242/4242 4299/4299/4299 4301/4301/4301
f 4243/4243/4243 4242/4242/4242 4301/4301/4301
f 4246/4246/4246 4302/4302/4302 4300/4300/4300
f 4246/4246/4246 4245/4245/4245 4302/4302/4302
f 4243/4243/4243 4301/4301/4301 4303/4303/4303
f 4244/4244/4244 4243/4243/4243 4303/4303/4303
f 4245/4245/4245 4244/4244/4244 4304/4304/4304
f 4245/4245/4245 4304/4304/4304 4302/4302/4302
f 4244/4244/4244 4303/4303/4303 4304/4304/4304
f 4299/4299/4299 4297/4297/4297 4305/4305/4305
f 4299/4299/4299 4305/4305/4305 4306/4306/4306
f 4301/4301/4301 4299/4299/4299 4306/4306/4306
f 4297/4297/4297 4307/4307/4307 4305/4305/4305
f 4301/4301/4301 4306/4306/4306 4308/4308/4308
f 4303/4303/4303 4301/4301/4301 4308/4308/4308
f 4297/4297/4297 4295/4295/4295 4307/4307/4307
f 4303/4303/4303 4308/4308/4308 4309/4309/4309
f 4304/4304/4304 4303/4303/4303 4309/4309/4309
f 4295/4295/4295 4310/4310/4310 4307/4307/4307
f 4304/4304/4304 4309/4309/4309 4311/4311/4311
f 4302/4302/4302 4304/4304/4304 4311/4311/4311
f 4295/4295/4295 4293/4293/4293 4310/4310/4310
f 4302/4302/4302 4311/4311/4311 4312/4312/4312
f 4293/4293/4293 4313/4313/4313 4310/4310/4310
f 4300/4300/4300 4302/4302/4302 4312/4312/4312
f 4293/4293/4293 4291/4291/4291 4313/4313/4313
f 4300/4300/4300 4312/4312/4312 4314/4314/4314
f 4291/4291/4291 4315/4315/4315 4313/4313/4313
f 4298/4298/4298 4300/4300/4300 4314/4314/4314
f 4291/4291/4291 4289/4289/4289 4315/4315/4315
f 4298/4298/4298 4314/4314/4314 4316/4316/4316
f 4289/4289/4289 4317/4317/4317 4315/4315/4315
f 4296/4296/4296 4298/4298/4298 4316/4316/4316
f 4289/4289/4289 4287/4287/4287 4317/4317/4317
f 4296/4296/4296 4316/4316/4316 4318/4318/4318
f 4287/4287/4287 4319/4319/4319 4317/4317/4317
f 4294/4294/4294 4296/4296/4296 4318/4318/4318
f 4287/4287/4287 4285/4285/4285 4319/4319/4319
f 4294/4294/4294 4318/4318/4318 4320/4320/4320
f 4285/4285/4285 4321/4321/4321 4319/4319/4319
f 4292/4292/4292 4294/4294/4294 4320/4320/4320
f 4285/4285/4285 4283/4283/4283 4321/4321/4321
f 4292/4292/4292 4320/4320/4320 4322/4322/4322
f 4283/4283/4283 4323/4323/4323 4321/4321/4321
f 4290/4290/4290 4292/4292/4292 4322/4322/4322
f 4283/4283/4283 4281/4281/4281 4323/4323/4323
f 4290/4290/4290 4322/4322/4322 4324/4324/4324
f 4281/4281/4281 4325/4325/4325 4323/4323/4323
f 4288/4288/4288 4290/4290/4290 4324/4324/4324
f 4281/4281/4281 4279/4279/4279 4325/4325/4325
f 4288/4288/4288 4324/4324/4324 4326/4326/4326
f 4279/4279/4279 4327/4327/4327 4325/4325/4325
f 4286/4286/4286 4288/4288/4288 4326/4326/4326
f 4279/4279/4279 4273/4273/4273 4327/4327/4327
f 4286/4286/4286 4326/4326/4326 4328/4328/4328
f 4273/4273/4273 4329/4329/4329 4327/4327/4327
f 4284/4284/4284 4286/4286/4286 4328/4328/4328
f 4273/4273/4273 4274/4274/4274 4329/4329/4329
f 4284/4284/4284 4328/4328/4328 4330/4330/4330
f 4274/4274/4274 4331/4331/4331 4329/4329/4329
f 4282/4282/4282 4284/4284/4284 4330/4330/4330
f 4274/4274/4274 4275/4275/4275 4331/4331/4331
f 4282/4282/4282 4330/4330/4330 4332/4332/4332
f 4275/4275/4275 4333/4333/4333 4331/4331/4331
f 4280/4280/4280 4282/4282/4282 4332/4332/4332
f 4275/4275/4275 4276/4276/4276 4333/4333/4333
f 4280/4280/4280 4332/4332/4332 4334/4334/4334
f 4276/4276/4276 4335/4335/4335 4333/4333/4333
f 4278/4278/4278 4280/4280/4280 4334/4334/4334
f 4276/4276/4276 4277/4277/4277 4335/4335/4335
f 4278/4278/4278 4334/4334/4334 4336/4336/4336
f 4277/4277/4277 4336/4336/4336 4335/4335/4335
f 4277/4277/4277 4278/4278/4278 4336/4336/4336
