# Wyeksportowano z NFSEngine Exporter
o Mesh_Cube.002_59472.obj
v 0.01040961 0.01792395 0.007247679
v 0.01026316 0.01763514 0.007330039
v 0.01029639 0.01779547 0.007365923
v 0.01033148 0.01764891 0.007243906
v 0.01017192 0.01738419 0.007247679
v 0.0101407 0.01746219 0.007365923
v 0.009984102 0.01710733 0.007253071
v 0.009937203 0.01724048 0.007382841
v 0.009032657 0.01615589 0.007253071
v 0.008899511 0.01620279 0.007382841
v 0.008677804 0.01599929 0.007365923
v 0.008755803 0.01596808 0.007247679
v 0.008504848 0.01587683 0.007330039
v 0.009105678 0.01616568 0.007099999
v 0.009974306 0.01703431 0.007099999
v 0.01019078 0.01731169 0.007099999
v 0.01049693 0.01805079 0.007099999
v 0.01037431 0.01766863 0.007099999
v 0.01053999 0.0184 0.007099999
v 0.01047677 0.01822107 0.007253071
v 0.01047713 0.0196 0.007253071
v 0.01053999 0.0196 0.007099999
v 0.01047734 0.0216 0.007253071
v 0.01053999 0.0216 0.007099999
v 0.01047741 0.0236 0.007253071
v 0.01053999 0.0236 0.007099999
v 0.01047734 0.0256 0.007253071
v 0.01053999 0.0256 0.007099999
v 0.01047713 0.0276 0.007253071
v 0.01053999 0.0276 0.007099999
v 0.01047677 0.02897892 0.007253071
v 0.01053999 0.0288 0.007099999
v 0.01053999 0.0288 0.006499999
v 0.01053999 0.0276 0.006499999
v 0.01053999 0.0288 0.0055
v 0.01053999 0.0256 0.006499999
v 0.01053999 0.0276 0.0055
v 0.01053999 0.0288 0.004499999
v 0.01053999 0.0236 0.006499999
v 0.01053999 0.0276 0.004499999
v 0.01053999 0.0288 0.0035
v 0.01053999 0.0256 0.0055
v 0.01053999 0.0216 0.006499999
v 0.01053999 0.0276 0.0035
v 0.01053999 0.0288 0.0025
v 0.01053999 0.0236 0.0055
v 0.01053999 0.0256 0.004499999
v 0.01053999 0.0196 0.006499999
v 0.01053999 0.0276 0.0025
v 0.01053999 0.0288 0.001500001
v 0.01053999 0.0256 0.0035
v 0.01053999 0.0236 0.004499999
v 0.01053999 0.0216 0.0055
v 0.01053999 0.0184 0.006499999
v 0.01053999 0.0276 0.001500001
v 0.01053999 0.0288 0.000500001
v 0.01053999 0.0256 0.0025
v 0.01053999 0.0236 0.0035
v 0.01053999 0.0216 0.004499999
v 0.01053999 0.0196 0.0055
v 0.01049693 0.01805079 0.006499999
v 0.01053999 0.0276 0.000500001
v 0.01053999 0.0288 -9.999871E-05
v 0.01053999 0.0256 0.001500001
v 0.01053999 0.0236 0.0025
v 0.01053999 0.0216 0.0035
v 0.01053999 0.0196 0.004499999
v 0.01053999 0.0184 0.0055
v 0.01053999 0.0276 -9.999871E-05
v 0.01053999 0.0256 0.000500001
v 0.01053999 0.0236 0.001500001
v 0.01053999 0.0216 0.0025
v 0.01053999 0.0196 0.0035
v 0.01053999 0.0184 0.004499999
v 0.01049693 0.01805079 0.0055
v 0.01047713 0.0276 -0.0002530718
v 0.01047677 0.02897892 -0.0002530718
v 0.01047734 0.0256 -0.0002530718
v 0.01053999 0.0256 -9.999871E-05
v 0.01047741 0.0236 -0.0002530718
v 0.01053999 0.0236 -9.999871E-05
v 0.01047734 0.0216 -0.0002530718
v 0.01053999 0.0236 0.000500001
v 0.01053999 0.0216 -9.999871E-05
v 0.01047713 0.0196 -0.0002530718
v 0.01053999 0.0216 0.000500001
v 0.01053999 0.0216 0.001500001
v 0.01053999 0.0196 -9.999871E-05
v 0.01047677 0.01822107 -0.0002530718
v 0.01053999 0.0196 0.000500001
v 0.01053999 0.0196 0.001500001
v 0.01053999 0.0196 0.0025
v 0.01053999 0.0184 -9.999871E-05
v 0.01040961 0.01792395 -0.0002476794
v 0.01053999 0.0184 0.000500001
v 0.01053999 0.0184 0.001500001
v 0.01053999 0.0184 0.0035
v 0.01053999 0.0184 0.0025
v 0.01049693 0.01805079 0.004499999
v 0.01049693 0.01805079 0.0035
v 0.01049693 0.01805079 0.0025
v 0.01049693 0.01805079 0.001500001
v 0.01049693 0.01805079 0.000500001
v 0.01049693 0.01805079 -9.999871E-05
v 0.01037431 0.01766863 0.0055
v 0.01037431 0.01766863 0.004499999
v 0.01037431 0.01766863 0.0035
v 0.01037431 0.01766863 0.0025
v 0.01037431 0.01766863 0.001500001
v 0.01037431 0.01766863 0.000500001
v 0.01037431 0.01766863 0.006499999
v 0.01019078 0.01731169 0.006499999
v 0.01019078 0.01731169 0.0055
v 0.009974306 0.01703431 0.006499999
v 0.01019078 0.01731169 0.004499999
v 0.009974306 0.01703431 0.0055
v 0.009105678 0.01616568 0.006499999
v 0.01019078 0.01731169 0.0035
v 0.009974306 0.01703431 0.004499999
v 0.01019078 0.01731169 0.0025
v 0.008828303 0.01594921 0.007099999
v 0.009105678 0.01616568 0.0055
v 0.009974306 0.01703431 0.0035
v 0.01019078 0.01731169 0.001500001
v 0.008828303 0.01594921 0.006499999
v 0.008491077 0.01580852 0.007243906
v 0.009105678 0.01616568 0.004499999
v 0.009974306 0.01703431 0.0025
v 0.008828303 0.01594921 0.0055
v 0.008471362 0.01576568 0.007099999
v 0.008216041 0.01573038 0.007247679
v 0.008344525 0.0158436 0.007365923
v 0.009105678 0.01616568 0.0035
v 0.008471362 0.01576568 0.006499999
v 0.008089199 0.01564306 0.007099999
v 0.008828303 0.01594921 0.004499999
v 0.007739992 0.0156 0.007099999
v 0.007918917 0.01566322 0.007253071
v 0.008089199 0.01564306 0.006499999
v 0.007739992 0.0156 0.006499999
v 0.008471362 0.01576568 0.0055
v 0.008089199 0.01564306 0.0055
v 0.007739992 0.0156 0.0055
v 0.008471362 0.01576568 0.004499999
v 0.008089199 0.01564306 0.004499999
v 0.007739992 0.0156 0.004499999
v 0.008828303 0.01594921 0.0035
v 0.008471362 0.01576568 0.0035
v 0.008089199 0.01564306 0.0035
v 0.007739992 0.0156 0.0035
v 0.009105678 0.01616568 0.0025
v 0.008828303 0.01594921 0.0025
v 0.008471362 0.01576568 0.0025
v 0.008089199 0.01564306 0.0025
v 0.007739992 0.0156 0.0025
v 0.009974306 0.01703431 0.001500001
v 0.009105678 0.01616568 0.001500001
v 0.008828303 0.01594921 0.001500001
v 0.008089199 0.01564306 0.001500001
v 0.007739992 0.0156 0.001500001
v 0.008471362 0.01576568 0.001500001
v 0.01019078 0.01731169 0.000500001
v 0.009974306 0.01703431 0.000500001
v 0.008089199 0.01564306 0.000500001
v 0.007739992 0.0156 0.000500001
v 0.009105678 0.01616568 0.000500001
v 0.008471362 0.01576568 0.000500001
v 0.008828303 0.01594921 0.000500001
v 0.01037431 0.01766863 -9.999871E-05
v 0.008089199 0.01564306 -9.999871E-05
v 0.007739992 0.0156 -9.999871E-05
v 0.01019078 0.01731169 -9.999871E-05
v 0.01033148 0.01764891 -0.0002439058
v 0.009974306 0.01703431 -9.999871E-05
v 0.009105678 0.01616568 -9.999871E-05
v 0.01026316 0.01763514 -0.0003300392
v 0.01029639 0.01779547 -0.0003659236
v 0.01017192 0.01738419 -0.0002476794
v 0.0101407 0.01746219 -0.0003659236
v 0.009984102 0.01710733 -0.0002530718
v 0.009937203 0.01724048 -0.0003828415
v 0.008899511 0.01620279 -0.0003828415
v 0.009032657 0.01615589 -0.0002530718
v 0.008677804 0.01599929 -0.0003659236
v 0.008755803 0.01596808 -0.0002476794
v 0.00850485 0.01587683 -0.0003300392
v 0.008828303 0.01594921 -9.999871E-05
v 0.008491076 0.01580852 -0.0002439058
v 0.008471362 0.01576568 -9.999871E-05
v 0.008216041 0.01573038 -0.0002476794
v 0.008344525 0.0158436 -0.0003659236
v 0.007918917 0.01566322 -0.0002530718
v 0.01047677 0.01822107 0.007253071
v 0.01040961 0.01792395 0.007247679
v 0.01029639 0.01779547 0.007365923
v 0.01029672 0.01800621 0.007382841
v 0.01029813 0.0196 0.007382841
v 0.01047713 0.0196 0.007253071
v 0.01029893 0.0216 0.007382841
v 0.01047734 0.0216 0.007253071
v 0.01029919 0.0236 0.007382841
v 0.01047741 0.0236 0.007253071
v 0.01029893 0.0256 0.007382841
v 0.01047734 0.0256 0.007253071
v 0.01029813 0.0276 0.007382841
v 0.01047713 0.0276 0.007253071
v 0.01029672 0.02919379 0.007382841
v 0.01047677 0.02897892 0.007253071
v 0.01029639 0.02940453 0.007365923
v 0.01040961 0.02927605 0.007247679
v 0.01002726 0.02941188 0.00746955
v 0.01003022 0.0276 0.00746955
v 0.009709418 0.0296 0.007499998
v 0.01009087 0.02958543 0.007425294
v 0.01026316 0.02956485 0.007330039
v 0.0101407 0.02973781 0.007365923
v 0.009840745 0.02978652 0.00746955
v 0.008539991 0.03076942 0.007499998
v 0.009937203 0.02995952 0.007382841
v 0.008726511 0.03090075 0.00746955
v 0.008899511 0.03099721 0.007382841
v 0.008677804 0.0312007 0.007365923
v 0.008525424 0.03115088 0.007425294
v 0.00850485 0.03132317 0.007330039
v 0.008344525 0.03135639 0.007365923
v 0.008351875 0.03108727 0.00746955
v 0.008133781 0.03135673 0.007382841
v 0.007918917 0.03153677 0.007253071
v 0.008216041 0.03146961 0.007247679
v 0.006539993 0.03135813 0.007382841
v 0.006539993 0.03153714 0.007253071
v 0.006539993 0.03109023 0.00746955
v 0.004539993 0.03135893 0.007382841
v 0.004539993 0.03153735 0.007253071
v 0.006539993 0.03077422 0.007499998
v 0.004539993 0.03109192 0.00746955
v 0.002539993 0.03135919 0.007382841
v 0.002539993 0.03153741 0.007253071
v 0.004539993 0.03077695 0.007499998
v 0.002539993 0.03109246 0.00746955
v 0.0005399924 0.03135893 0.007382841
v 0.0005399924 0.03153735 0.007253071
v 0.002539993 0.03077783 0.007499998
v 0.0005399924 0.03109192 0.00746955
v -0.001460006 0.03135813 0.007382841
v -0.001460006 0.03153714 0.007253071
v 0.0005399924 0.03077695 0.007499998
v -0.001460006 0.03109023 0.00746955
v -0.003053796 0.03135673 0.007382841
v -0.002838933 0.03153677 0.007253071
v -0.003271889 0.03108727 0.00746955
v -0.003264539 0.03135639 0.007365923
v -0.003136055 0.03146961 0.007247679
v -0.001460006 0.03077422 0.007499998
v -0.003445439 0.03115088 0.007425294
v -0.003424863 0.03132317 0.007330039
v -0.003597819 0.0312007 0.007365923
v -0.003460006 0.03076942 0.007499998
v -0.003646526 0.03090075 0.00746955
v -0.003819525 0.03099721 0.007382841
v -0.004760761 0.02978652 0.00746955
v -0.004857218 0.02995952 0.007382841
v -0.005060713 0.02973781 0.007365923
v -0.004629433 0.0296 0.007499998
v -0.005010886 0.02958543 0.007425294
v -0.005183177 0.02956485 0.007330039
v -0.005216405 0.02940453 0.007365923
v -0.003460006 0.0296 0.007499998
v -0.004947278 0.02941188 0.00746955
v -0.001460006 0.0296 0.007499998
v -0.004634225 0.0276 0.007499998
v 0.0005399924 0.0296 0.007499998
v -0.003460006 0.0276 0.007499998
v 0.002539993 0.0296 0.007499998
v -0.001460006 0.0276 0.007499998
v 0.004539993 0.0296 0.007499998
v 0.0005399924 0.0276 0.007499998
v 0.006539993 0.0296 0.007499998
v 0.002539993 0.0276 0.007499998
v 0.008539991 0.0296 0.007499998
v 0.004539993 0.0276 0.007499998
v 0.006539993 0.0276 0.007499998
v 0.008539991 0.0276 0.007499998
v 0.009714211 0.0276 0.007499998
v 0.01003191 0.0256 0.00746955
v 0.01003246 0.0236 0.00746955
v 0.009716942 0.0256 0.007499998
v 0.008539991 0.0256 0.007499998
v 0.006539993 0.0256 0.007499998
v 0.004539993 0.0256 0.007499998
v 0.01003191 0.0216 0.00746955
v 0.009717828 0.0236 0.007499998
v 0.008539991 0.0236 0.007499998
v 0.006539993 0.0236 0.007499998
v 0.01003022 0.0196 0.00746955
v 0.009716942 0.0216 0.007499998
v 0.008539991 0.0216 0.007499998
v 0.01002726 0.01778812 0.00746955
v 0.009714211 0.0196 0.007499998
v 0.01009087 0.01761457 0.007425294
v 0.01026316 0.01763514 0.007330039
v 0.0101407 0.01746219 0.007365923
v 0.009709418 0.0176 0.007499998
v 0.009840745 0.01741348 0.00746955
v 0.009937203 0.01724048 0.007382841
v 0.008899511 0.01620279 0.007382841
v 0.008726511 0.01629925 0.00746955
v 0.008677804 0.01599929 0.007365923
v 0.008539991 0.0196 0.007499998
v 0.008539991 0.0176 0.007499998
v 0.008525424 0.01604912 0.007425294
v 0.008504848 0.01587683 0.007330039
v 0.008344525 0.0158436 0.007365923
v 0.008539991 0.01643057 0.007499998
v 0.008351875 0.01611273 0.00746955
v 0.006539993 0.0196 0.007499998
v 0.006539993 0.0176 0.007499998
v 0.006539993 0.01642578 0.007499998
v 0.006539993 0.01610977 0.00746955
v 0.006539993 0.0216 0.007499998
v 0.008133781 0.01584327 0.007382841
v 0.007918917 0.01566322 0.007253071
v 0.008216041 0.01573038 0.007247679
v 0.006539993 0.01566286 0.007253071
v 0.006539993 0.01584187 0.007382841
v 0.004539993 0.01566265 0.007253071
v 0.004539993 0.01584106 0.007382841
v 0.002539993 0.01566258 0.007253071
v 0.004539993 0.01610808 0.00746955
v 0.002539993 0.01584081 0.007382841
v 0.0005399924 0.01566265 0.007253071
v 0.004539993 0.01642305 0.007499998
v 0.002539993 0.01610753 0.00746955
v 0.0005399924 0.01584106 0.007382841
v -0.001460006 0.01566286 0.007253071
v 0.004539993 0.0176 0.007499998
v 0.002539993 0.01642216 0.007499998
v 0.0005399924 0.01610808 0.00746955
v -0.001460006 0.01584187 0.007382841
v -0.002838933 0.01566322 0.007253071
v 0.004539993 0.0196 0.007499998
v 0.002539993 0.0176 0.007499998
v 0.0005399924 0.01642305 0.007499998
v -0.001460006 0.01610977 0.00746955
v -0.003053796 0.01584327 0.007382841
v 0.004539993 0.0216 0.007499998
v 0.002539993 0.0196 0.007499998
v 0.0005399924 0.0176 0.007499998
v -0.003264539 0.0158436 0.007365923
v -0.003136055 0.01573038 0.007247679
v -0.001460006 0.01642578 0.007499998
v -0.003271889 0.01611273 0.00746955
v -0.003460006 0.01643057 0.007499998
v -0.003445439 0.01604912 0.007425294
v -0.003424866 0.01587683 0.007330039
v -0.003597819 0.01599929 0.007365923
v -0.003646526 0.01629925 0.00746955
v -0.003819525 0.01620279 0.007382841
v -0.004857218 0.01724048 0.007382841
v -0.004760761 0.01741348 0.00746955
v -0.004629433 0.0176 0.007499998
v -0.005060713 0.01746219 0.007365923
v -0.005010886 0.01761457 0.007425294
v -0.005183177 0.01763514 0.007330039
v -0.005216405 0.01779547 0.007365923
v -0.001460006 0.0176 0.007499998
v -0.003460006 0.0176 0.007499998
v 0.0005399924 0.0196 0.007499998
v -0.001460006 0.0196 0.007499998
v 0.002539993 0.0216 0.007499998
v -0.004947278 0.01778812 0.00746955
v -0.003460006 0.0196 0.007499998
v 0.0005399924 0.0216 0.007499998
v 0.004539993 0.0236 0.007499998
v 0.002539993 0.0236 0.007499998
v -0.001460006 0.0216 0.007499998
v 0.002539993 0.0256 0.007499998
v 0.0005399924 0.0236 0.007499998
v 0.0005399924 0.0256 0.007499998
v -0.001460006 0.0236 0.007499998
v -0.001460006 0.0256 0.007499998
v -0.003460006 0.0216 0.007499998
v -0.003460006 0.0236 0.007499998
v -0.003460006 0.0256 0.007499998
v -0.004634225 0.0196 0.007499998
v -0.004636957 0.0216 0.007499998
v -0.004637844 0.0236 0.007499998
v -0.004636957 0.0256 0.007499998
v -0.004950239 0.0196 0.00746955
v -0.004951925 0.0216 0.00746955
v -0.004952471 0.0236 0.00746955
v -0.004951925 0.0256 0.00746955
v -0.004950239 0.0276 0.00746955
v -0.005216737 0.02919379 0.007382841
v -0.005218141 0.0276 0.007382841
v -0.005396783 0.02897892 0.007253071
v -0.005329623 0.02927605 0.007247679
v -0.005397148 0.0276 0.007253071
v -0.005218942 0.0256 0.007382841
v -0.005397356 0.0256 0.007253071
v -0.0052192 0.0236 0.007382841
v -0.005397422 0.0236 0.007253071
v -0.005218942 0.0216 0.007382841
v -0.005397356 0.0216 0.007253071
v -0.005218141 0.0196 0.007382841
v -0.005397148 0.0196 0.007253071
v -0.005216737 0.01800621 0.007382841
v -0.005396783 0.01822107 0.007253071
v -0.005329623 0.01792395 0.007247679
v -0.005460007 0.0288 -9.999871E-05
v -0.005396783 0.02897892 -0.0002530718
v -0.005329623 0.02927605 -0.0002476794
v -0.005416946 0.0291492 -9.999871E-05
v -0.005416946 0.0291492 0.000500001
v -0.005460007 0.0288 0.000500001
v -0.005416946 0.0291492 0.001500001
v -0.005460007 0.0288 0.001500001
v -0.005416946 0.0291492 0.0025
v -0.005460007 0.0288 0.0025
v -0.005416946 0.0291492 0.0035
v -0.005460007 0.0288 0.0035
v -0.005416946 0.0291492 0.004499999
v -0.005460007 0.0288 0.004499999
v -0.005416946 0.0291492 0.0055
v -0.005460007 0.0288 0.0055
v -0.005416946 0.0291492 0.006499999
v -0.005460007 0.0288 0.006499999
v -0.005416946 0.0291492 0.007099999
v -0.005460007 0.0288 0.007099999
v -0.005329623 0.02927605 0.007247679
v -0.005396783 0.02897892 0.007253071
v -0.005294321 0.02953137 0.0025
v -0.005294321 0.02953137 0.0035
v -0.005294321 0.02953137 0.004499999
v -0.005294321 0.02953137 0.0055
v -0.005294321 0.02953137 0.006499999
v -0.005294321 0.02953137 0.007099999
v -0.005251491 0.02955108 0.007243906
v -0.0051108 0.02988831 0.007099999
v -0.0051108 0.02988831 0.006499999
v -0.0051108 0.02988831 0.0055
v -0.0051108 0.02988831 0.004499999
v -0.005183177 0.02956485 0.007330039
v -0.005216405 0.02940453 0.007365923
v -0.005091932 0.02981581 0.007247679
v -0.005060713 0.02973781 0.007365923
v -0.00489432 0.03016568 0.007099999
v -0.004904117 0.03009266 0.007253071
v -0.004857218 0.02995952 0.007382841
v -0.00489432 0.03016568 0.006499999
v -0.004025693 0.03103431 0.007099999
v -0.003952672 0.03104411 0.007253071
v -0.003819525 0.03099721 0.007382841
v -0.003597819 0.0312007 0.007365923
v -0.003675818 0.03123192 0.007247679
v -0.003424863 0.03132317 0.007330039
v -0.00489432 0.03016568 0.0055
v -0.004025693 0.03103431 0.006499999
v -0.003748319 0.03125079 0.007099999
v -0.003411092 0.03139148 0.007243906
v -0.003136055 0.03146961 0.007247679
v -0.003264539 0.03135639 0.007365923
v -0.00489432 0.03016568 0.004499999
v -0.004025693 0.03103431 0.0055
v -0.003748319 0.03125079 0.006499999
v -0.003391378 0.03143431 0.007099999
v -0.003009214 0.03155694 0.007099999
v -0.003391378 0.03143431 0.006499999
v -0.003748319 0.03125079 0.0055
v -0.002660007 0.0316 0.007099999
v -0.002838933 0.03153677 0.007253071
v -0.003009214 0.03155694 0.006499999
v -0.001460006 0.0316 0.007099999
v -0.001460006 0.03153714 0.007253071
v -0.004025693 0.03103431 0.004499999
v -0.003391378 0.03143431 0.0055
v -0.002660007 0.0316 0.006499999
v 0.0005399924 0.0316 0.007099999
v 0.0005399924 0.03153735 0.007253071
v -0.003748319 0.03125079 0.004499999
v -0.003009214 0.03155694 0.0055
v -0.001460006 0.0316 0.006499999
v 0.002539993 0.0316 0.007099999
v 0.002539993 0.03153741 0.007253071
v -0.003391378 0.03143431 0.004499999
v -0.002660007 0.0316 0.0055
v 0.0005399924 0.0316 0.006499999
v 0.004539993 0.0316 0.007099999
v 0.004539993 0.03153735 0.007253071
v -0.003009214 0.03155694 0.004499999
v -0.001460006 0.0316 0.0055
v 0.002539993 0.0316 0.006499999
v 0.006539993 0.0316 0.007099999
v 0.006539993 0.03153714 0.007253071
v -0.002660007 0.0316 0.004499999
v 0.0005399924 0.0316 0.0055
v 0.004539993 0.0316 0.006499999
v 0.007739992 0.0316 0.007099999
v 0.007918917 0.03153677 0.007253071
v 0.006539993 0.0316 0.006499999
v 0.007739992 0.0316 0.006499999
v 0.002539993 0.0316 0.0055
v -0.001460006 0.0316 0.004499999
v 0.004539993 0.0316 0.0055
v 0.006539993 0.0316 0.0055
v 0.007739992 0.0316 0.0055
v 0.0005399924 0.0316 0.004499999
v 0.002539993 0.0316 0.004499999
v 0.004539993 0.0316 0.004499999
v 0.006539993 0.0316 0.004499999
v 0.007739992 0.0316 0.004499999
v 0.006539993 0.0316 0.0035
v 0.007739992 0.0316 0.0035
v 0.004539993 0.0316 0.0035
v 0.002539993 0.0316 0.0035
v 0.0005399924 0.0316 0.0035
v -0.001460006 0.0316 0.0035
v 0.006539993 0.0316 0.0025
v 0.007739992 0.0316 0.0025
v 0.004539993 0.0316 0.0025
v 0.002539993 0.0316 0.0025
v 0.0005399924 0.0316 0.0025
v 0.006539993 0.0316 0.001500001
v 0.007739992 0.0316 0.001500001
v 0.004539993 0.0316 0.001500001
v 0.002539993 0.0316 0.001500001
v 0.006539993 0.0316 0.000500001
v 0.007739992 0.0316 0.000500001
v 0.004539993 0.0316 0.000500001
v 0.006539993 0.0316 -9.999871E-05
v 0.007739992 0.0316 -9.999871E-05
v 0.007918917 0.03153677 -0.0002530718
v 0.006539993 0.03153714 -0.0002530718
v 0.004539993 0.0316 -9.999871E-05
v 0.004539993 0.03153735 -0.0002530718
v 0.002539993 0.0316 -9.999871E-05
v 0.002539993 0.03153741 -0.0002530718
v 0.002539993 0.0316 0.000500001
v 0.0005399924 0.0316 -9.999871E-05
v 0.0005399924 0.03153735 -0.0002530718
v 0.0005399924 0.0316 0.000500001
v -0.001460006 0.0316 -9.999871E-05
v -0.001460006 0.03153714 -0.0002530718
v 0.0005399924 0.0316 0.001500001
v -0.002660007 0.0316 -9.999871E-05
v -0.002838933 0.03153677 -0.0002530718
v -0.003136055 0.03146961 -0.0002476794
v -0.001460006 0.0316 0.000500001
v -0.001460006 0.0316 0.001500001
v -0.002660007 0.0316 0.000500001
v -0.001460006 0.0316 0.0025
v -0.002660007 0.0316 0.001500001
v -0.003009214 0.03155694 -9.999871E-05
v -0.002660007 0.0316 0.0025
v -0.003009214 0.03155694 0.000500001
v -0.002660007 0.0316 0.0035
v -0.003009214 0.03155694 0.001500001
v -0.003009214 0.03155694 0.0025
v -0.003009214 0.03155694 0.0035
v -0.003391378 0.03143431 0.0035
v -0.003391378 0.03143431 0.0025
v -0.003391378 0.03143431 0.001500001
v -0.003391378 0.03143431 0.000500001
v -0.003748319 0.03125079 0.0035
v -0.003748319 0.03125079 0.0025
v -0.003748319 0.03125079 0.001500001
v -0.004025693 0.03103431 0.0035
v -0.004025693 0.03103431 0.0025
v -0.00489432 0.03016568 0.0035
v -0.003391378 0.03143431 -9.999871E-05
v -0.003748319 0.03125079 0.000500001
v -0.004025693 0.03103431 0.001500001
v -0.00489432 0.03016568 0.0025
v -0.0051108 0.02988831 0.0035
v -0.0051108 0.02988831 0.0025
v -0.00489432 0.03016568 0.001500001
v -0.004025693 0.03103431 0.000500001
v -0.005294321 0.02953137 0.001500001
v -0.0051108 0.02988831 0.001500001
v -0.005294321 0.02953137 0.000500001
v -0.00489432 0.03016568 0.000500001
v -0.0051108 0.02988831 0.000500001
v -0.005294321 0.02953137 -9.999871E-05
v -0.0051108 0.02988831 -9.999871E-05
v -0.005251491 0.02955108 -0.0002439058
v -0.00489432 0.03016568 -9.999871E-05
v -0.005183177 0.02956485 -0.0003300392
v -0.005216405 0.02940453 -0.0003659236
v -0.005091932 0.02981581 -0.0002476794
v -0.005060713 0.02973781 -0.0003659236
v -0.004904117 0.03009266 -0.0002530718
v -0.004857218 0.02995952 -0.0003828415
v -0.003819525 0.03099721 -0.0003828415
v -0.003952672 0.03104411 -0.0002530718
v -0.003597819 0.0312007 -0.0003659236
v -0.004025693 0.03103431 -9.999871E-05
v -0.003675818 0.03123192 -0.0002476794
v -0.003424866 0.03132317 -0.0003300392
v -0.003748319 0.03125079 -9.999871E-05
v -0.00341109 0.03139148 -0.0002439058
v -0.003264539 0.03135639 -0.0003659236
v -0.005397148 0.0276 0.007253071
v -0.005460007 0.0288 0.007099999
v -0.005396783 0.02897892 0.007253071
v -0.005460007 0.0276 0.007099999
v -0.005397356 0.0256 0.007253071
v -0.005460007 0.0276 0.006499999
v -0.005460007 0.0288 0.006499999
v -0.005460007 0.0256 0.007099999
v -0.005397422 0.0236 0.007253071
v -0.005460007 0.0256 0.006499999
v -0.005460007 0.0276 0.0055
v -0.005460007 0.0288 0.0055
v -0.005460007 0.0236 0.007099999
v -0.005397356 0.0216 0.007253071
v -0.005460007 0.0236 0.006499999
v -0.005460007 0.0256 0.0055
v -0.005460007 0.0276 0.004499999
v -0.005460007 0.0288 0.004499999
v -0.005460007 0.0216 0.007099999
v -0.005397148 0.0196 0.007253071
v -0.005460007 0.0236 0.0055
v -0.005460007 0.0256 0.004499999
v -0.005460007 0.0276 0.0035
v -0.005460007 0.0288 0.0035
v -0.005460007 0.0216 0.006499999
v -0.005460007 0.0196 0.007099999
v -0.005396783 0.01822107 0.007253071
v -0.005460007 0.0236 0.004499999
v -0.005460007 0.0256 0.0035
v -0.005460007 0.0276 0.0025
v -0.005460007 0.0288 0.0025
v -0.005460007 0.0196 0.006499999
v -0.005460007 0.0184 0.007099999
v -0.005329623 0.01792395 0.007247679
v -0.005460007 0.0236 0.0035
v -0.005460007 0.0256 0.0025
v -0.005460007 0.0276 0.001500001
v -0.005460007 0.0288 0.001500001
v -0.005460007 0.0184 0.006499999
v -0.005460007 0.0236 0.0025
v -0.005460007 0.0256 0.001500001
v -0.005460007 0.0276 0.000500001
v -0.005460007 0.0288 0.000500001
v -0.005460007 0.0236 0.001500001
v -0.005460007 0.0256 0.000500001
v -0.005460007 0.0276 -9.999871E-05
v -0.005460007 0.0288 -9.999871E-05
v -0.005396783 0.02897892 -0.0002530718
v -0.005397148 0.0276 -0.0002530718
v -0.005460007 0.0256 -9.999871E-05
v -0.005397356 0.0256 -0.0002530718
v -0.005460007 0.0236 -9.999871E-05
v -0.005397422 0.0236 -0.0002530718
v -0.005460007 0.0236 0.000500001
v -0.005460007 0.0216 -9.999871E-05
v -0.005397356 0.0216 -0.0002530718
v -0.005460007 0.0216 0.000500001
v -0.005460007 0.0196 -9.999871E-05
v -0.005397148 0.0196 -0.0002530718
v -0.005460007 0.0216 0.001500001
v -0.005460007 0.0196 0.000500001
v -0.005460007 0.0184 -9.999871E-05
v -0.005396783 0.01822107 -0.0002530718
v -0.005329623 0.01792395 -0.0002476794
v -0.005460007 0.0216 0.0025
v -0.005460007 0.0196 0.001500001
v -0.005460007 0.0184 0.000500001
v -0.005460007 0.0216 0.0035
v -0.005460007 0.0196 0.0025
v -0.005460007 0.0216 0.004499999
v -0.005416946 0.01805079 -9.999871E-05
v -0.005460007 0.0184 0.001500001
v -0.005460007 0.0196 0.0035
v -0.005460007 0.0216 0.0055
v -0.005460007 0.0196 0.004499999
v -0.005460007 0.0196 0.0055
v -0.005460007 0.0184 0.0025
v -0.005416946 0.01805079 0.000500001
v -0.005460007 0.0184 0.0035
v -0.005460007 0.0184 0.0055
v -0.005460007 0.0184 0.004499999
v -0.005416946 0.01805079 0.001500001
v -0.005416946 0.01805079 0.0025
v -0.005416946 0.01805079 0.0035
v -0.005416946 0.01805079 0.004499999
v -0.005416946 0.01805079 0.0055
v -0.005416946 0.01805079 0.006499999
v -0.005416946 0.01805079 0.007099999
v -0.005294321 0.01766863 0.000500001
v -0.005294321 0.01766863 0.001500001
v -0.005294321 0.01766863 0.0025
v -0.005294321 0.01766863 0.0035
v -0.005294321 0.01766863 0.004499999
v -0.005294321 0.01766863 0.0055
v -0.005294321 0.01766863 0.006499999
v -0.005294321 0.01766863 -9.999871E-05
v -0.005251491 0.01764891 -0.0002439058
v -0.0051108 0.01731169 -9.999871E-05
v -0.005183177 0.01763514 -0.0003300392
v -0.005216405 0.01779547 -0.0003659236
v -0.005091932 0.01738419 -0.0002476794
v -0.005060713 0.01746219 -0.0003659236
v -0.0051108 0.01731169 0.000500001
v -0.00489432 0.01703431 -9.999871E-05
v -0.004904117 0.01710733 -0.0002530718
v -0.004857218 0.01724048 -0.0003828415
v -0.0051108 0.01731169 0.001500001
v -0.00489432 0.01703431 0.000500001
v -0.004025693 0.01616568 -9.999871E-05
v -0.003952672 0.01615589 -0.0002530718
v -0.003819525 0.01620279 -0.0003828415
v -0.003597819 0.01599929 -0.0003659236
v -0.003675818 0.01596808 -0.0002476794
v -0.003424863 0.01587683 -0.0003300392
v -0.0051108 0.01731169 0.0025
v -0.00489432 0.01703431 0.001500001
v -0.004025693 0.01616568 0.000500001
v -0.003748319 0.01594921 -9.999871E-05
v -0.003411092 0.01580852 -0.0002439058
v -0.0051108 0.01731169 0.0035
v -0.00489432 0.01703431 0.0025
v -0.004025693 0.01616568 0.001500001
v -0.003748319 0.01594921 0.000500001
v -0.0051108 0.01731169 0.004499999
v -0.003136055 0.01573038 -0.0002476794
v -0.003264539 0.0158436 -0.0003659236
v -0.003391378 0.01576568 -9.999871E-05
v -0.003009214 0.01564306 -9.999871E-05
v -0.003391378 0.01576568 0.000500001
v -0.003748319 0.01594921 0.001500001
v -0.002660007 0.0156 -9.999871E-05
v -0.002838933 0.01566322 -0.0002530718
v -0.003009214 0.01564306 0.000500001
v -0.001460006 0.0156 -9.999871E-05
v -0.001460006 0.01566286 -0.0002530718
v -0.004025693 0.01616568 0.0025
v -0.003391378 0.01576568 0.001500001
v -0.002660007 0.0156 0.000500001
v 0.0005399924 0.0156 -9.999871E-05
v 0.0005399924 0.01566265 -0.0002530718
v -0.003748319 0.01594921 0.0025
v -0.004025693 0.01616568 0.0035
v -0.003009214 0.01564306 0.001500001
v -0.001460006 0.0156 0.000500001
v 0.002539993 0.0156 -9.999871E-05
v 0.002539993 0.01566258 -0.0002530718
v -0.003391378 0.01576568 0.0025
v -0.002660007 0.0156 0.001500001
v 0.0005399924 0.0156 0.000500001
v 0.004539993 0.0156 -9.999871E-05
v 0.004539993 0.01566265 -0.0002530718
v -0.003748319 0.01594921 0.0035
v -0.003009214 0.01564306 0.0025
v -0.001460006 0.0156 0.001500001
v 0.002539993 0.0156 0.000500001
v 0.006539993 0.0156 -9.999871E-05
v 0.006539993 0.01566286 -0.0002530718
v -0.003391378 0.01576568 0.0035
v -0.002660007 0.0156 0.0025
v 0.0005399924 0.0156 0.001500001
v 0.004539993 0.0156 0.000500001
v 0.007739992 0.0156 -9.999871E-05
v 0.007918917 0.01566322 -0.0002530718
v 0.006539993 0.0156 0.000500001
v 0.007739992 0.0156 0.000500001
v 0.002539993 0.0156 0.001500001
v -0.001460006 0.0156 0.0025
v 0.004539993 0.0156 0.001500001
v 0.006539993 0.0156 0.001500001
v 0.007739992 0.0156 0.001500001
v 0.0005399924 0.0156 0.0025
v 0.002539993 0.0156 0.0025
v 0.006539993 0.0156 0.0025
v 0.007739992 0.0156 0.0025
v 0.004539993 0.0156 0.0025
v 0.006539993 0.0156 0.0035
v 0.007739992 0.0156 0.0035
v 0.004539993 0.0156 0.0035
v 0.002539993 0.0156 0.0035
v 0.0005399924 0.0156 0.0035
v -0.001460006 0.0156 0.0035
v 0.006539993 0.0156 0.004499999
v 0.007739992 0.0156 0.004499999
v 0.004539993 0.0156 0.004499999
v 0.002539993 0.0156 0.004499999
v 0.0005399924 0.0156 0.004499999
v 0.006539993 0.0156 0.0055
v 0.007739992 0.0156 0.0055
v 0.004539993 0.0156 0.0055
v 0.002539993 0.0156 0.0055
v 0.006539993 0.0156 0.006499999
v 0.007739992 0.0156 0.006499999
v 0.004539993 0.0156 0.006499999
v 0.006539993 0.0156 0.007099999
v 0.007739992 0.0156 0.007099999
v 0.007918917 0.01566322 0.007253071
v 0.006539993 0.01566286 0.007253071
v 0.004539993 0.0156 0.007099999
v 0.004539993 0.01566265 0.007253071
v 0.002539993 0.0156 0.007099999
v 0.002539993 0.01566258 0.007253071
v 0.002539993 0.0156 0.006499999
v 0.0005399924 0.0156 0.007099999
v 0.0005399924 0.01566265 0.007253071
v 0.0005399924 0.0156 0.006499999
v -0.001460006 0.0156 0.007099999
v -0.001460006 0.01566286 0.007253071
v 0.0005399924 0.0156 0.0055
v -0.001460006 0.0156 0.006499999
v -0.002660007 0.0156 0.007099999
v -0.002838933 0.01566322 0.007253071
v -0.003136055 0.01573038 0.007247679
v -0.001460006 0.0156 0.0055
v -0.002660007 0.0156 0.006499999
v -0.001460006 0.0156 0.004499999
v -0.002660007 0.0156 0.0055
v -0.003009214 0.01564306 0.007099999
v -0.002660007 0.0156 0.004499999
v -0.003009214 0.01564306 0.006499999
v -0.002660007 0.0156 0.0035
v -0.003009214 0.01564306 0.0055
v -0.003009214 0.01564306 0.0035
v -0.003009214 0.01564306 0.004499999
v -0.003391378 0.01576568 0.004499999
v -0.003391378 0.01576568 0.0055
v -0.003391378 0.01576568 0.006499999
v -0.003748319 0.01594921 0.004499999
v -0.003748319 0.01594921 0.0055
v -0.004025693 0.01616568 0.004499999
v -0.003391378 0.01576568 0.007099999
v -0.003748319 0.01594921 0.006499999
v -0.004025693 0.01616568 0.0055
v -0.00489432 0.01703431 0.0035
v -0.00489432 0.01703431 0.004499999
v -0.00341109 0.01580852 0.007243906
v -0.004025693 0.01616568 0.006499999
v -0.0051108 0.01731169 0.0055
v -0.00489432 0.01703431 0.0055
v -0.0051108 0.01731169 0.006499999
v -0.00489432 0.01703431 0.006499999
v -0.004025693 0.01616568 0.007099999
v -0.005294321 0.01766863 0.007099999
v -0.0051108 0.01731169 0.007099999
v -0.005251491 0.01764891 0.007243906
v -0.00489432 0.01703431 0.007099999
v -0.005183177 0.01763514 0.007330039
v -0.005216405 0.01779547 0.007365923
v -0.005091932 0.01738419 0.007247679
v -0.005060713 0.01746219 0.007365923
v -0.004904117 0.01710733 0.007253071
v -0.004857218 0.01724048 0.007382841
v -0.003819525 0.01620279 0.007382841
v -0.003952672 0.01615589 0.007253071
v -0.003597819 0.01599929 0.007365923
v -0.003675818 0.01596808 0.007247679
v -0.003424866 0.01587683 0.007330039
v -0.003748319 0.01594921 0.007099999
v -0.003264539 0.0158436 0.007365923
v -0.005396783 0.02897892 -0.0002530718
v -0.005216405 0.02940453 -0.0003659236
v -0.005329623 0.02927605 -0.0002476794
v -0.005216737 0.02919379 -0.0003828415
v -0.005397148 0.0276 -0.0002530718
v -0.005218141 0.0276 -0.0003828415
v -0.005397356 0.0256 -0.0002530718
v -0.004947278 0.02941188 -0.0004695505
v -0.005218942 0.0256 -0.0003828415
v -0.005397422 0.0236 -0.0002530718
v -0.005010886 0.02958543 -0.000425294
v -0.004629433 0.0296 -0.0004999986
v -0.005183177 0.02956485 -0.0003300392
v -0.005060713 0.02973781 -0.0003659236
v -0.004950239 0.0276 -0.0004695505
v -0.004760761 0.02978652 -0.0004695505
v -0.003460006 0.03076942 -0.0004999986
v -0.004857218 0.02995952 -0.0003828415
v -0.003646526 0.03090075 -0.0004695505
v -0.003819525 0.03099721 -0.0003828415
v -0.003597819 0.0312007 -0.0003659236
v -0.003445439 0.03115088 -0.000425294
v -0.003424866 0.03132317 -0.0003300392
v -0.003264539 0.03135639 -0.0003659236
v -0.003271889 0.03108727 -0.0004695505
v -0.004951925 0.0256 -0.0004695505
v -0.004634225 0.0276 -0.0004999986
v -0.0052192 0.0236 -0.0003828415
v -0.005397356 0.0216 -0.0002530718
v -0.005218942 0.0216 -0.0003828415
v -0.005397148 0.0196 -0.0002530718
v -0.004952471 0.0236 -0.0004695505
v -0.005218141 0.0196 -0.0003828415
v -0.005396783 0.01822107 -0.0002530718
v -0.004636957 0.0256 -0.0004999986
v -0.004951925 0.0216 -0.0004695505
v -0.004637844 0.0236 -0.0004999986
v -0.003460006 0.0276 -0.0004999986
v -0.003460006 0.0256 -0.0004999986
v -0.003460006 0.0236 -0.0004999986
v -0.003460006 0.0296 -0.0004999986
v -0.005216737 0.01800621 -0.0003828415
v -0.004950239 0.0196 -0.0004695505
v -0.004636957 0.0216 -0.0004999986
v -0.005216405 0.01779547 -0.0003659236
v -0.005329623 0.01792395 -0.0002476794
v -0.004947278 0.01778812 -0.0004695505
v -0.003460006 0.0216 -0.0004999986
v -0.004634225 0.0196 -0.0004999986
v -0.005010886 0.01761457 -0.000425294
v -0.005183177 0.01763514 -0.0003300392
v -0.005060713 0.01746219 -0.0003659236
v -0.004629433 0.0176 -0.0004999986
v -0.004760761 0.01741348 -0.0004695505
v -0.004857218 0.01724048 -0.0003828415
v -0.003819525 0.01620279 -0.0003828415
v -0.003646526 0.01629925 -0.0004695505
v -0.003597819 0.01599929 -0.0003659236
v -0.003460006 0.0196 -0.0004999986
v -0.003460006 0.0176 -0.0004999986
v -0.003460006 0.01643057 -0.0004999986
v -0.003445439 0.01604912 -0.000425294
v -0.003424863 0.01587683 -0.0003300392
v -0.003264539 0.0158436 -0.0003659236
v -0.003271889 0.01611273 -0.0004695505
v -0.001460006 0.0196 -0.0004999986
v -0.001460006 0.0176 -0.0004999986
v -0.001460006 0.01642578 -0.0004999986
v -0.001460006 0.01610977 -0.0004695505
v -0.001460006 0.0216 -0.0004999986
v -0.001460006 0.0236 -0.0004999986
v -0.001460006 0.0256 -0.0004999986
v -0.001460006 0.0276 -0.0004999986
v -0.001460006 0.0296 -0.0004999986
v -0.001460006 0.03077422 -0.0004999986
v 0.0005399924 0.0196 -0.0004999986
v 0.0005399924 0.0216 -0.0004999986
v 0.0005399924 0.0236 -0.0004999986
v 0.0005399924 0.0256 -0.0004999986
v 0.0005399924 0.0276 -0.0004999986
v 0.0005399924 0.0296 -0.0004999986
v 0.0005399924 0.0176 -0.0004999986
v 0.0005399924 0.01642305 -0.0004999986
v 0.0005399924 0.01610808 -0.0004695505
v 0.002539993 0.0236 -0.0004999986
v 0.002539993 0.0256 -0.0004999986
v 0.002539993 0.0276 -0.0004999986
v 0.002539993 0.0216 -0.0004999986
v 0.002539993 0.0196 -0.0004999986
v 0.002539993 0.0176 -0.0004999986
v 0.002539993 0.01642216 -0.0004999986
v 0.002539993 0.01610753 -0.0004695505
v 0.004539993 0.0236 -0.0004999986
v 0.004539993 0.0216 -0.0004999986
v 0.004539993 0.0196 -0.0004999986
v 0.004539993 0.0176 -0.0004999986
v 0.004539993 0.01642305 -0.0004999986
v 0.004539993 0.01610808 -0.0004695505
v 0.004539993 0.0256 -0.0004999986
v 0.006539993 0.0196 -0.0004999986
v 0.006539993 0.0176 -0.0004999986
v 0.006539993 0.01642578 -0.0004999986
v 0.008539991 0.01643057 -0.0004999986
v 0.006539993 0.0216 -0.0004999986
v 0.006539993 0.01610977 -0.0004695505
v 0.008539991 0.0176 -0.0004999986
v 0.009709418 0.0176 -0.0004999986
v 0.008539991 0.0196 -0.0004999986
v 0.006539993 0.0236 -0.0004999986
v 0.008539991 0.0216 -0.0004999986
v 0.008351875 0.01611273 -0.0004695505
v 0.009714211 0.0196 -0.0004999986
v 0.006539993 0.01584187 -0.0003828415
v 0.008133781 0.01584327 -0.0003828415
v 0.004539993 0.01584106 -0.0003828415
v 0.002539993 0.01584081 -0.0003828415
v 0.0005399924 0.01584106 -0.0003828415
v -0.001460006 0.01584187 -0.0003828415
v -0.003053796 0.01584327 -0.0003828415
v -0.002838933 0.01566322 -0.0002530718
v -0.003136055 0.01573038 -0.0002476794
v -0.001460006 0.01566286 -0.0002530718
v 0.0005399924 0.01566265 -0.0002530718
v 0.002539993 0.01566258 -0.0002530718
v 0.004539993 0.01566265 -0.0002530718
v 0.006539993 0.01566286 -0.0002530718
v 0.007918917 0.01566322 -0.0002530718
v 0.008344525 0.0158436 -0.0003659236
v 0.008216041 0.01573038 -0.0002476794
v 0.008525424 0.01604912 -0.000425294
v 0.00850485 0.01587683 -0.0003300392
v 0.008677804 0.01599929 -0.0003659236
v 0.008726511 0.01629925 -0.0004695505
v 0.008899511 0.01620279 -0.0003828415
v 0.009937203 0.01724048 -0.0003828415
v 0.009840745 0.01741348 -0.0004695505
v 0.0101407 0.01746219 -0.0003659236
v 0.01009087 0.01761457 -0.000425294
v 0.01026316 0.01763514 -0.0003300392
v 0.01029639 0.01779547 -0.0003659236
v 0.01002726 0.01778812 -0.0004695505
v 0.01003022 0.0196 -0.0004695505
v 0.01029672 0.01800621 -0.0003828415
v 0.01047677 0.01822107 -0.0002530718
v 0.01040961 0.01792395 -0.0002476794
v 0.01047713 0.0196 -0.0002530718
v 0.01029813 0.0196 -0.0003828415
v 0.01047734 0.0216 -0.0002530718
v 0.01029893 0.0216 -0.0003828415
v 0.01047741 0.0236 -0.0002530718
v 0.01003191 0.0216 -0.0004695505
v 0.01029919 0.0236 -0.0003828415
v 0.01047734 0.0256 -0.0002530718
v 0.009716942 0.0216 -0.0004999986
v 0.01029893 0.0256 -0.0003828415
v 0.01047713 0.0276 -0.0002530718
v 0.01003246 0.0236 -0.0004695505
v 0.008539991 0.0236 -0.0004999986
v 0.01029813 0.0276 -0.0003828415
v 0.01047677 0.02897892 -0.0002530718
v 0.009717828 0.0236 -0.0004999986
v 0.01003191 0.0256 -0.0004695505
v 0.006539993 0.0256 -0.0004999986
v 0.008539991 0.0256 -0.0004999986
v 0.009716942 0.0256 -0.0004999986
v 0.01003022 0.0276 -0.0004695505
v 0.01029672 0.02919379 -0.0003828415
v 0.004539993 0.0276 -0.0004999986
v 0.006539993 0.0276 -0.0004999986
v 0.008539991 0.0276 -0.0004999986
v 0.01029639 0.02940453 -0.0003659236
v 0.01040961 0.02927605 -0.0002476794
v 0.01002726 0.02941188 -0.0004695505
v 0.009714211 0.0276 -0.0004999986
v 0.002539993 0.0296 -0.0004999986
v 0.004539993 0.0296 -0.0004999986
v 0.01009087 0.02958543 -0.000425294
v 0.01026316 0.02956485 -0.0003300392
v 0.0101407 0.02973781 -0.0003659236
v 0.006539993 0.0296 -0.0004999986
v 0.009709418 0.0296 -0.0004999986
v 0.009840745 0.02978652 -0.0004695505
v 0.009937203 0.02995952 -0.0003828415
v 0.008899511 0.03099721 -0.0003828415
v 0.008539991 0.0296 -0.0004999986
v 0.008726511 0.03090075 -0.0004695505
v 0.008677804 0.0312007 -0.0003659236
v 0.008539991 0.03076942 -0.0004999986
v 0.008525424 0.03115088 -0.000425294
v 0.008504848 0.03132317 -0.0003300392
v 0.008344525 0.03135639 -0.0003659236
v 0.006539993 0.03077422 -0.0004999986
v 0.008351875 0.03108727 -0.0004695505
v 0.004539993 0.03077695 -0.0004999986
v 0.006539993 0.03109023 -0.0004695505
v 0.004539993 0.03109192 -0.0004695505
v 0.002539993 0.03077783 -0.0004999986
v 0.002539993 0.03109246 -0.0004695505
v 0.0005399924 0.03077695 -0.0004999986
v 0.0005399924 0.03109192 -0.0004695505
v -0.001460006 0.03109023 -0.0004695505
v -0.003053796 0.03135673 -0.0003828415
v -0.001460006 0.03135813 -0.0003828415
v -0.002838933 0.03153677 -0.0002530718
v -0.003136055 0.03146961 -0.0002476794
v -0.001460006 0.03153714 -0.0002530718
v 0.0005399924 0.03135893 -0.0003828415
v 0.0005399924 0.03153735 -0.0002530718
v 0.002539993 0.03135919 -0.0003828415
v 0.002539993 0.03153741 -0.0002530718
v 0.004539993 0.03135893 -0.0003828415
v 0.004539993 0.03153735 -0.0002530718
v 0.006539993 0.03135813 -0.0003828415
v 0.006539993 0.03153714 -0.0002530718
v 0.008133781 0.03135673 -0.0003828415
v 0.007918917 0.03153677 -0.0002530718
v 0.008216041 0.03146961 -0.0002476794
v 0.008216041 0.03146961 0.007247679
v 0.00850485 0.03132317 0.007330039
v 0.008344525 0.03135639 0.007365923
v 0.008491076 0.03139148 0.007243906
v 0.008755803 0.03123192 0.007247679
v 0.008677804 0.0312007 0.007365923
v 0.009032657 0.03104411 0.007253071
v 0.008899511 0.03099721 0.007382841
v 0.009984102 0.03009266 0.007253071
v 0.009937203 0.02995952 0.007382841
v 0.0101407 0.02973781 0.007365923
v 0.01017192 0.02981581 0.007247679
v 0.01026316 0.02956485 0.007330039
v 0.009974306 0.03016568 0.007099999
v 0.009105678 0.03103431 0.007099999
v 0.008828303 0.03125079 0.007099999
v 0.008089199 0.03155694 0.007099999
v 0.007739992 0.0316 0.007099999
v 0.007918917 0.03153677 0.007253071
v 0.007739992 0.0316 0.006499999
v 0.008471362 0.03143431 0.007099999
v 0.008089199 0.03155694 0.006499999
v 0.007739992 0.0316 0.0055
v 0.008471362 0.03143431 0.006499999
v 0.008089199 0.03155694 0.0055
v 0.007739992 0.0316 0.004499999
v 0.008828303 0.03125079 0.006499999
v 0.008471362 0.03143431 0.0055
v 0.008089199 0.03155694 0.004499999
v 0.007739992 0.0316 0.0035
v 0.009105678 0.03103431 0.006499999
v 0.008828303 0.03125079 0.0055
v 0.008089199 0.03155694 0.0035
v 0.007739992 0.0316 0.0025
v 0.008471362 0.03143431 0.004499999
v 0.008089199 0.03155694 0.0025
v 0.007739992 0.0316 0.001500001
v 0.008471362 0.03143431 0.0035
v 0.008828303 0.03125079 0.004499999
v 0.009105678 0.03103431 0.0055
v 0.009974306 0.03016568 0.006499999
v 0.008089199 0.03155694 0.001500001
v 0.007739992 0.0316 0.000500001
v 0.008471362 0.03143431 0.0025
v 0.008828303 0.03125079 0.0035
v 0.009105678 0.03103431 0.004499999
v 0.008089199 0.03155694 0.000500001
v 0.007739992 0.0316 -9.999871E-05
v 0.008471362 0.03143431 0.001500001
v 0.008828303 0.03125079 0.0025
v 0.009974306 0.03016568 0.0055
v 0.009105678 0.03103431 0.0035
v 0.009974306 0.03016568 0.004499999
v 0.008089199 0.03155694 -9.999871E-05
v 0.008471362 0.03143431 0.000500001
v 0.008828303 0.03125079 0.001500001
v 0.009105678 0.03103431 0.0025
v 0.009974306 0.03016568 0.0035
v 0.008216041 0.03146961 -0.0002476794
v 0.007918917 0.03153677 -0.0002530718
v 0.01019078 0.02988831 0.0055
v 0.01019078 0.02988831 0.004499999
v 0.01019078 0.02988831 0.006499999
v 0.01019078 0.02988831 0.007099999
v 0.01033148 0.02955108 0.007243906
v 0.01037431 0.02953137 0.007099999
v 0.01037431 0.02953137 0.006499999
v 0.01040961 0.02927605 0.007247679
v 0.01029639 0.02940453 0.007365923
v 0.01049693 0.0291492 0.007099999
v 0.01037431 0.02953137 0.0055
v 0.01053999 0.0288 0.007099999
v 0.01047677 0.02897892 0.007253071
v 0.01049693 0.0291492 0.006499999
v 0.01053999 0.0288 0.006499999
v 0.01049693 0.0291492 0.0055
v 0.01053999 0.0288 0.0055
v 0.01037431 0.02953137 0.004499999
v 0.01049693 0.0291492 0.004499999
v 0.01053999 0.0288 0.004499999
v 0.01019078 0.02988831 0.0035
v 0.01037431 0.02953137 0.0035
v 0.01049693 0.0291492 0.0035
v 0.01053999 0.0288 0.0035
v 0.009974306 0.03016568 0.0025
v 0.01019078 0.02988831 0.0025
v 0.01037431 0.02953137 0.0025
v 0.01049693 0.0291492 0.0025
v 0.01053999 0.0288 0.0025
v 0.009105678 0.03103431 0.001500001
v 0.009974306 0.03016568 0.001500001
v 0.01019078 0.02988831 0.001500001
v 0.01037431 0.02953137 0.001500001
v 0.01049693 0.0291492 0.001500001
v 0.01053999 0.0288 0.001500001
v 0.008828303 0.03125079 0.000500001
v 0.009105678 0.03103431 0.000500001
v 0.009974306 0.03016568 0.000500001
v 0.01019078 0.02988831 0.000500001
v 0.01037431 0.02953137 0.000500001
v 0.01049693 0.0291492 0.000500001
v 0.01053999 0.0288 0.000500001
v 0.008471362 0.03143431 -9.999871E-05
v 0.008828303 0.03125079 -9.999871E-05
v 0.008491077 0.03139148 -0.0002439058
v 0.009105678 0.03103431 -9.999871E-05
v 0.009974306 0.03016568 -9.999871E-05
v 0.01019078 0.02988831 -9.999871E-05
v 0.01037431 0.02953137 -9.999871E-05
v 0.008504848 0.03132317 -0.0003300392
v 0.008344525 0.03135639 -0.0003659236
v 0.008755803 0.03123192 -0.0002476794
v 0.008677804 0.0312007 -0.0003659236
v 0.009032657 0.03104411 -0.0002530718
v 0.008899511 0.03099721 -0.0003828415
v 0.009937203 0.02995952 -0.0003828415
v 0.009984102 0.03009266 -0.0002530718
v 0.0101407 0.02973781 -0.0003659236
v 0.01017192 0.02981581 -0.0002476794
v 0.01026316 0.02956485 -0.0003300392
v 0.01033148 0.02955108 -0.0002439058
v 0.01040961 0.02927605 -0.0002476794
v 0.01029639 0.02940453 -0.0003659236
v 0.01049693 0.0291492 -9.999871E-05
v 0.01053999 0.0288 -9.999871E-05
v 0.01047677 0.02897892 -0.0002530718
vn 0.8562028 -0.2092671 0.4723601
vn 0.6741109 -0.3164878 0.6673905
vn 0.613759 -0.1776037 0.7692573
vn 0.8444684 -0.3616134 0.3951063
vn 0.7612112 -0.489433 0.4254562
vn 0.5701358 -0.3599098 0.7385188
vn 0.6659204 -0.5663909 0.4855424
vn 0.4635571 -0.3902812 0.7954845
vn 0.5663924 -0.6659195 0.4855419
vn 0.3902808 -0.4635569 0.7954847
vn 0.3599082 -0.5701355 0.73852
vn 0.4894332 -0.7612116 0.4254551
vn 0.3164846 -0.6741103 0.6673926
vn 0.6560196 -0.7408655 0.1440711
vn 0.7408672 -0.6560177 0.1440715
vn 0.8317607 -0.536797 0.1415026
vn 0.9670486 -0.2071245 0.148042
vn 0.9168859 -0.3759145 0.1341963
vn 0.9816108 -0.0502508 0.1841609
vn 0.8172573 -0.08118376 0.5705256
vn 0.9249726 -8.93718E-05 0.3800339
vn 0.9810638 -4.554746E-05 0.1936845
vn 0.9254091 -3.180912E-05 0.3789694
vn 0.9811751 -1.620957E-05 0.1931202
vn 0.9255548 0 0.3786139
vn 0.9812122 0 0.1929317
vn 0.925409 3.180922E-05 0.3789702
vn 0.9811751 1.620962E-05 0.1931206
vn 0.9249721 8.937212E-05 0.3800352
vn 0.9810637 4.554763E-05 0.1936852
vn 0.8172569 0.0811831 0.5705264
vn 0.9816107 0.05025076 0.1841614
vn 0.9981189 0.06130731 0
vn 1 0 0
vn 0.9981189 0.06130728 0
vn 1 0 0
vn 1 0 0
vn 0.9981189 0.0613073 0
vn 1 0 0
vn 1 0 0
vn 0.9981188 0.06130782 0
vn 1 0 0
vn 1 0 0
vn 1 0 0
vn 0.9981188 0.0613078 0
vn 1 0 0
vn 1 0 0
vn 1 0 0
vn 1 0 0
vn 0.9981188 0.06130781 0
vn 1 0 0
vn 1 0 0
vn 1 0 0
vn 0.9981189 -0.06130731 0
vn 1 0 0
vn 0.9981189 0.0613073 0
vn 1 0 0
vn 1 0 0
vn 1 0 0
vn 1 0 0
vn 0.9766357 -0.2149018 0
vn 1 0 0
vn 0.9816105 0.05025082 -0.1841618
vn 1 0 0
vn 1 0 0
vn 1 0 0
vn 1 0 0
vn 0.9981189 -0.06130728 0
vn 0.9810637 4.554759E-05 -0.1936851
vn 1 0 0
vn 1 0 0
vn 1 0 0
vn 1 0 0
vn 0.9981189 -0.0613073 0
vn 0.9766357 -0.2149021 0
vn 0.9249722 8.937204E-05 -0.3800349
vn 0.8172559 0.08118327 -0.5705281
vn 0.925409 3.180918E-05 -0.37897
vn 0.9811751 1.62096E-05 -0.1931204
vn 0.9255548 0 -0.3786136
vn 0.9812122 0 -0.1929315
vn 0.925409 -3.180919E-05 -0.3789699
vn 1 0 0
vn 0.9811751 -1.620961E-05 -0.1931204
vn 0.9249722 -8.937196E-05 -0.3800348
vn 1 0 0
vn 1 0 0
vn 0.9810637 -4.554754E-05 -0.193685
vn 0.8172566 -0.08118396 -0.5705267
vn 1 0 0
vn 1 0 0
vn 1 0 0
vn 0.9816107 -0.05025084 -0.1841614
vn 0.856203 -0.2092672 -0.4723598
vn 0.9981189 -0.0613073 0
vn 0.9981188 -0.06130781 0
vn 0.9981188 -0.06130781 0
vn 0.9981188 -0.0613078 0
vn 0.9766357 -0.2149021 0
vn 0.9766356 -0.2149026 0
vn 0.9766356 -0.2149026 0
vn 0.9766356 -0.2149026 0
vn 0.9766356 -0.2149025 0
vn 0.9670483 -0.2071254 -0.1480426
vn 0.9238797 -0.382683 0
vn 0.9238797 -0.3826829 0
vn 0.9238799 -0.3826826 0
vn 0.9238799 -0.3826826 0
vn 0.9238799 -0.3826826 0
vn 0.9238797 -0.3826831 0
vn 0.9238799 -0.3826826 0
vn 0.8425444 -0.5386268 0
vn 0.8425443 -0.538627 0
vn 0.7491271 -0.6624263 0
vn 0.8425443 -0.538627 0
vn 0.7491271 -0.6624264 0
vn 0.6624264 -0.749127 0
vn 0.8425446 -0.5386267 0
vn 0.7491271 -0.6624264 0
vn 0.8425445 -0.5386267 0
vn 0.5367976 -0.8317608 0.1415007
vn 0.6624262 -0.7491271 0
vn 0.7491271 -0.6624264 0
vn 0.8425446 -0.5386267 0
vn 0.5386267 -0.8425445 0
vn 0.3616139 -0.8444684 0.3951056
vn 0.6624263 -0.7491271 0
vn 0.749127 -0.6624264 0
vn 0.5386268 -0.8425445 0
vn 0.375914 -0.9168867 0.1341922
vn 0.2092673 -0.8562017 0.472362
vn 0.1776042 -0.6137554 0.76926
vn 0.6624265 -0.7491269 0
vn 0.3826827 -0.9238798 0
vn 0.2071252 -0.9670486 0.148041
vn 0.5386268 -0.8425444 0
vn 0.05025103 -0.9816105 0.1841623
vn 0.08118418 -0.8172563 0.5705271
vn 0.2149018 -0.9766357 0
vn 0.06130698 -0.9981189 0
vn 0.3826828 -0.9238798 0
vn 0.2149017 -0.9766357 0
vn 0.06130695 -0.9981189 0
vn 0.3826829 -0.9238797 0
vn 0.2149017 -0.9766357 0
vn 0.06130694 -0.9981189 0
vn 0.5386268 -0.8425444 0
vn 0.3826827 -0.9238798 0
vn 0.2149018 -0.9766357 0
vn 0.06130701 -0.9981189 0
vn 0.6624264 -0.749127 0
vn 0.5386268 -0.8425445 0
vn 0.3826826 -0.9238799 0
vn 0.2149018 -0.9766357 0
vn 0.06130702 -0.9981189 0
vn 0.749127 -0.6624264 0
vn 0.6624264 -0.7491271 0
vn 0.5386268 -0.8425444 0
vn 0.2149018 -0.9766357 0
vn 0.06130701 -0.9981189 0
vn 0.3826826 -0.9238799 0
vn 0.8425445 -0.5386267 0
vn 0.7491271 -0.6624262 0
vn 0.2149017 -0.9766357 0
vn 0.06130698 -0.9981189 0
vn 0.6624264 -0.7491271 0
vn 0.3826827 -0.9238798 0
vn 0.5386267 -0.8425445 0
vn 0.9168861 -0.3759144 -0.1341952
vn 0.2071249 -0.9670485 -0.148042
vn 0.05025087 -0.9816105 -0.1841623
vn 0.8317609 -0.5367967 -0.1415027
vn 0.8444676 -0.3616136 -0.3951076
vn 0.7408665 -0.6560183 -0.144072
vn 0.6560186 -0.7408664 -0.1440718
vn 0.6741108 -0.3164868 -0.6673911
vn 0.6137584 -0.1776036 -0.7692578
vn 0.761211 -0.4894323 -0.4254572
vn 0.5701354 -0.3599098 -0.7385193
vn 0.6659198 -0.5663911 -0.4855432
vn 0.463557 -0.3902812 -0.7954844
vn 0.3902815 -0.4635568 -0.7954845
vn 0.5663913 -0.6659198 -0.4855427
vn 0.3599099 -0.5701354 -0.7385191
vn 0.4894328 -0.7612118 -0.4254552
vn 0.3164876 -0.6741116 -0.6673898
vn 0.5367966 -0.8317611 -0.1415017
vn 0.3616136 -0.8444694 -0.395104
vn 0.3759141 -0.9168863 -0.1341944
vn 0.209267 -0.8562015 -0.4723625
vn 0.1776039 -0.6137583 -0.7692578
vn 0.08118365 -0.8172562 -0.5705274
vn 0.8172573 -0.08118376 0.5705256
vn 0.8562028 -0.2092671 0.4723601
vn 0.613759 -0.1776037 0.7692573
vn 0.5168884 -0.06122629 0.8538605
vn 0.4528926 -0.0002739365 0.891565
vn 0.5867667 -0.0002484192 0.809756
vn 0.453969 -0.0001139482 0.8910175
vn 0.5879978 -9.80748E-05 0.8088625
vn 0.4543453 0 0.8908256
vn 0.5884213 0 0.8085545
vn 0.4539694 0.0001139481 0.8910172
vn 0.5879989 9.807466E-05 0.8088618
vn 0.4528933 0.0002739365 0.8915647
vn 0.586768 0.0002484192 0.809755
vn 0.5168878 0.06122613 0.8538609
vn 0.8172569 0.0811831 0.5705264
vn 0.6137583 0.1776036 0.769258
vn 0.8562036 0.2092674 0.4723587
vn 0.227727 0.04821334 0.9725307
vn 0.2030723 0.0002228821 0.9791637
vn 0.08330482 0.04428953 0.9955394
vn 0.3525089 0.1672667 0.9207385
vn 0.6741092 0.3164879 0.6673921
vn 0.570135 0.3599093 0.7385197
vn 0.2318657 0.1794738 0.9560479
vn 0.04428986 0.0833051 0.9955394
vn 0.4635584 0.3902816 0.7954834
vn 0.1794741 0.2318657 0.9560478
vn 0.3902819 0.4635583 0.7954834
vn 0.3599072 0.5701344 0.7385212
vn 0.167267 0.3525111 0.9207376
vn 0.3164848 0.6741102 0.6673926
vn 0.1776042 0.6137587 0.7692574
vn 0.04821459 0.2277271 0.9725305
vn 0.06122694 0.5168898 0.8538596
vn 0.08118408 0.8172557 0.570528
vn 0.2092665 0.8562021 0.4723614
vn 0.0002739684 0.452896 0.8915634
vn 0.0002485436 0.5867708 0.809753
vn 0.0002228139 0.203073 0.9791636
vn 0.0001140561 0.4539695 0.8910172
vn 9.831521E-05 0.5879982 0.8088623
vn 7.527986E-05 0.04800886 0.9988469
vn 9.92334E-05 0.2036555 0.9790426
vn 0 0.4543439 0.8908263
vn 0 0.5884188 0.8085563
vn 3.520789E-05 0.04815398 0.9988399
vn 0 0.2038637 0.9789993
vn -0.0001140561 0.4539694 0.8910172
vn -9.831521E-05 0.5879981 0.8088623
vn 0 0.04820611 0.9988374
vn -9.923339E-05 0.2036554 0.9790426
vn -0.0002739683 0.4528961 0.8915632
vn -0.0002485435 0.5867711 0.8097529
vn -3.520789E-05 0.04815396 0.9988399
vn -0.0002228134 0.2030727 0.9791636
vn -0.06122697 0.5168884 0.8538604
vn -0.08118419 0.817255 0.570529
vn -0.04821458 0.2277262 0.9725308
vn -0.1776022 0.6137536 0.7692619
vn -0.2092667 0.8562028 0.4723601
vn -7.527938E-05 0.04800863 0.9988469
vn -0.1672672 0.3525112 0.9207374
vn -0.3164824 0.674107 0.6673969
vn -0.3599078 0.5701336 0.7385215
vn -0.04429001 0.08330493 0.9955394
vn -0.1794753 0.2318665 0.9560474
vn -0.3902821 0.4635577 0.7954835
vn -0.2318651 0.1794741 0.956048
vn -0.4635571 0.3902811 0.7954845
vn -0.5701343 0.3599085 0.7385207
vn -0.08330429 0.04428919 0.9955395
vn -0.3525078 0.1672663 0.920739
vn -0.6741094 0.3164878 0.667392
vn -0.613759 0.1776048 0.769257
vn 0 0 1
vn -0.2277264 0.04821293 0.9725308
vn 0 0 1
vn -0.04800938 7.531688E-05 0.9988469
vn 0 0 1
vn 0 0 1
vn 0 0 1
vn 0 0 1
vn 0 0 1
vn 0 0 1
vn 0 0 1
vn 0 0 1
vn 0 0 1
vn 0 0 1
vn 0 0 1
vn 0 0 1
vn 0.04800941 7.531713E-05 0.9988469
vn 0.2036555 9.924141E-05 0.9790426
vn 0.2038641 0 0.9789993
vn 0.04815445 3.520229E-05 0.9988399
vn 0 0 1
vn 0 0 1
vn 0 0 1
vn 0.2036556 -9.924148E-05 0.9790426
vn 0.04820644 0 0.9988374
vn 0 0 1
vn 0 0 1
vn 0.2030724 -0.0002228822 0.9791637
vn 0.04815452 -3.520235E-05 0.9988399
vn 0 0 1
vn 0.2277264 -0.04821343 0.9725308
vn 0.04800945 -7.531716E-05 0.9988469
vn 0.3525081 -0.1672661 0.9207389
vn 0.6741109 -0.3164878 0.6673905
vn 0.5701358 -0.3599098 0.7385188
vn 0.08330472 -0.04428953 0.9955394
vn 0.2318657 -0.1794744 0.9560477
vn 0.4635571 -0.3902812 0.7954845
vn 0.3902808 -0.4635569 0.7954847
vn 0.1794744 -0.2318655 0.9560478
vn 0.3599082 -0.5701355 0.73852
vn 0 0 1
vn 0 0 1
vn 0.1672663 -0.352509 0.9207385
vn 0.3164846 -0.6741103 0.6673926
vn 0.1776042 -0.6137554 0.76926
vn 0.0442899 -0.08330466 0.9955394
vn 0.04821498 -0.2277258 0.9725309
vn 0 0 1
vn 0 0 1
vn 7.529601E-05 -0.04800872 0.9988469
vn 0.0002228279 -0.203072 0.9791638
vn 0 0 1
vn 0.06122666 -0.5168849 0.8538626
vn 0.08118418 -0.8172563 0.5705271
vn 0.2092673 -0.8562017 0.472362
vn 0.0002484195 -0.5867671 0.8097557
vn 0.0002739047 -0.4528931 0.8915648
vn 9.81924E-05 -0.5879966 0.8088635
vn 0.0001140148 -0.453969 0.8910174
vn 0 -0.5884188 0.8085563
vn 9.923965E-05 -0.2036557 0.9790426
vn 0 -0.4543453 0.8908256
vn -9.819242E-05 -0.5879965 0.8088635
vn 3.519404E-05 -0.04815375 0.9988399
vn 0 -0.2038648 0.978999
vn -0.0001140148 -0.4539689 0.8910175
vn -0.0002484187 -0.5867662 0.8097563
vn 0 0 1
vn 0 -0.04820568 0.9988374
vn -9.923965E-05 -0.2036556 0.9790426
vn -0.0002739037 -0.4528922 0.8915652
vn -0.08118467 -0.8172567 0.5705266
vn 0 0 1
vn 0 0 1
vn -3.519404E-05 -0.04815373 0.9988399
vn -0.0002228275 -0.2030717 0.9791638
vn -0.06122719 -0.5168858 0.853862
vn 0 0 1
vn 0 0 1
vn 0 0 1
vn -0.1776042 -0.6137596 0.7692568
vn -0.2092671 -0.8562016 0.4723621
vn -7.529626E-05 -0.04800885 0.9988469
vn -0.04821474 -0.2277261 0.9725308
vn -0.04428964 -0.08330484 0.9955394
vn -0.1672655 -0.3525079 0.9207391
vn -0.3164865 -0.674113 0.667389
vn -0.359909 -0.570136 0.7385191
vn -0.1794742 -0.2318654 0.9560478
vn -0.3902808 -0.4635567 0.7954848
vn -0.4635573 -0.3902817 0.795484
vn -0.2318661 -0.1794744 0.9560477
vn -0.08330448 -0.04428933 0.9955395
vn -0.570136 -0.3599096 0.7385188
vn -0.3525099 -0.1672665 0.9207382
vn -0.6741098 -0.3164868 0.667392
vn -0.6137584 -0.1776042 0.7692576
vn 0 0 1
vn 0 0 1
vn 0 0 1
vn 0 0 1
vn 0 0 1
vn -0.2277265 -0.04821306 0.9725308
vn 0 0 1
vn 0 0 1
vn 0 0 1
vn 0 0 1
vn 0 0 1
vn 0 0 1
vn 0 0 1
vn 0 0 1
vn 0 0 1
vn 0 0 1
vn 0 0 1
vn 0 0 1
vn 0 0 1
vn -0.04800938 -7.531685E-05 0.9988469
vn -0.04815454 -3.520692E-05 0.9988399
vn -0.04820666 0 0.9988374
vn -0.04815455 3.520691E-05 0.9988399
vn -0.2030721 -0.0002229097 0.9791638
vn -0.2036553 -9.918342E-05 0.9790426
vn -0.2038641 0 0.9789993
vn -0.2036555 9.918341E-05 0.9790426
vn -0.203072 0.0002229096 0.9791638
vn -0.5168885 0.06122645 0.8538604
vn -0.4528933 0.0002739551 0.8915647
vn -0.8172562 0.081183 0.5705274
vn -0.8562045 0.2092684 0.4723563
vn -0.5867686 0.0002484014 0.8097546
vn -0.4539702 0.000113805 0.8910168
vn -0.5880004 9.791645E-05 0.8088607
vn -0.4543459 0 0.8908254
vn -0.5884227 0 0.8085535
vn -0.4539694 -0.0001138051 0.8910172
vn -0.587999 -9.791657E-05 0.8088616
vn -0.4528927 -0.0002739552 0.891565
vn -0.5867673 -0.0002484014 0.8097555
vn -0.5168883 -0.0612268 0.8538605
vn -0.817257 -0.08118392 0.5705262
vn -0.8562039 -0.2092681 0.4723577
vn -0.9816107 0.05025074 -0.1841615
vn -0.8172564 0.08118351 -0.5705272
vn -0.8562042 0.2092681 -0.4723573
vn -0.9670484 0.2071257 -0.1480415
vn -0.9766355 0.2149031 0
vn -0.9981189 0.06130677 0
vn -0.9766355 0.2149029 0
vn -0.9981189 0.06130677 0
vn -0.9766355 0.2149029 0
vn -0.9981189 0.06130676 0
vn -0.9766355 0.2149029 0
vn -0.9981189 0.06130677 0
vn -0.9766355 0.2149029 0
vn -0.9981189 0.06130677 0
vn -0.9766355 0.2149029 0
vn -0.9981189 0.06130676 0
vn -0.9766355 0.2149031 0
vn -0.9981189 0.06130679 0
vn -0.9670484 0.2071254 0.1480421
vn -0.9816107 0.05025059 0.1841618
vn -0.8562045 0.2092684 0.4723563
vn -0.8172562 0.081183 0.5705274
vn -0.9238794 0.3826837 0
vn -0.9238794 0.3826837 0
vn -0.9238794 0.3826837 0
vn -0.9238794 0.3826837 0
vn -0.9238794 0.3826837 0
vn -0.9168862 0.3759153 0.1341917
vn -0.8444689 0.3616149 0.3951038
vn -0.8317611 0.5367972 0.1414997
vn -0.8425443 0.5386271 0
vn -0.8425443 0.5386271 0
vn -0.8425443 0.5386271 0
vn -0.6741094 0.3164878 0.667392
vn -0.613759 0.1776048 0.769257
vn -0.7612116 0.4894324 0.4254559
vn -0.5701343 0.3599085 0.7385207
vn -0.7408668 0.656018 0.1440723
vn -0.665921 0.5663913 0.485541
vn -0.4635571 0.3902811 0.7954845
vn -0.7491271 0.6624264 0
vn -0.656019 0.7408652 0.1440763
vn -0.5663909 0.6659176 0.4855462
vn -0.3902821 0.4635577 0.7954835
vn -0.3599078 0.5701336 0.7385215
vn -0.4894313 0.7612072 0.4254653
vn -0.3164824 0.674107 0.6673969
vn -0.7491271 0.6624263 0
vn -0.6624266 0.7491269 0
vn -0.5367972 0.8317596 0.1415087
vn -0.3616115 0.8444651 0.3951149
vn -0.2092667 0.8562028 0.4723601
vn -0.1776022 0.6137536 0.7692619
vn -0.7491271 0.6624263 0
vn -0.6624266 0.7491269 0
vn -0.5386272 0.8425443 0
vn -0.3759127 0.916887 0.1341938
vn -0.2071243 0.9670482 0.1480453
vn -0.3826821 0.9238801 0
vn -0.538627 0.8425443 0
vn -0.05025094 0.9816102 0.1841637
vn -0.08118419 0.817255 0.570529
vn -0.2149003 0.976636 0
vn -4.569093E-05 0.9810636 0.1936857
vn -8.965327E-05 0.9249717 0.380036
vn -0.6624265 0.7491269 0
vn -0.3826821 0.9238801 0
vn -0.06130698 0.9981189 0
vn -1.628131E-05 0.9811748 0.1931213
vn -3.194989E-05 0.9254083 0.3789716
vn -0.5386269 0.8425444 0
vn -0.2149003 0.9766359 0
vn 0 1 0
vn 0 0.9812119 0.1929331
vn 0 0.9255536 0.3786165
vn -0.3826821 0.9238801 0
vn -0.06130698 0.9981189 0
vn 0 1 0
vn 1.62813E-05 0.9811749 0.1931213
vn 3.194988E-05 0.9254083 0.3789715
vn -0.2149004 0.976636 0
vn 0 1 0
vn 0 1 0
vn 4.569084E-05 0.9810631 0.193689
vn 8.965303E-05 0.9249691 0.3800423
vn -0.06130696 0.9981189 0
vn 0 1 0
vn 0 1 0
vn 0.05025105 0.9816094 0.184168
vn 0.08118408 0.8172557 0.570528
vn 0 1 0
vn 0.06130698 0.9981189 0
vn 0 1 0
vn 0 1 0
vn 0 1 0
vn 0 1 0
vn 0.06130695 0.9981189 0
vn 0 1 0
vn 0 1 0
vn 0 1 0
vn 0 1 0
vn 0.06130694 0.9981189 0
vn 0 1 0
vn 0.06130701 0.9981189 0
vn 0 1 0
vn 0 1 0
vn 0 1 0
vn 0 1 0
vn 0 1 0
vn 0.06130702 0.9981189 0
vn 0 1 0
vn 0 1 0
vn 0 1 0
vn 0 1 0
vn 0.06130701 0.9981189 0
vn 0 1 0
vn 0 1 0
vn 0 1 0
vn 0.06130698 0.9981189 0
vn 0 1 0
vn 4.569678E-05 0.9810629 -0.193689
vn 0.0502509 0.9816095 -0.1841672
vn 0.08118361 0.8172571 -0.5705261
vn 8.966468E-05 0.9249691 -0.3800423
vn 1.630091E-05 0.9811749 -0.1931213
vn 3.198836E-05 0.9254083 -0.3789715
vn 0 0.9812119 -0.1929331
vn 0 0.9255536 -0.3786165
vn 0 1 0
vn -1.630091E-05 0.9811748 -0.1931213
vn -3.198837E-05 0.9254083 -0.3789716
vn 0 1 0
vn -4.569687E-05 0.9810636 -0.1936857
vn -8.966492E-05 0.9249717 -0.380036
vn 0 1 0
vn -0.05025078 0.9816104 -0.184163
vn -0.08118378 0.8172564 -0.5705272
vn -0.2092665 0.8562024 -0.4723611
vn 0 1 0
vn 0 1 0
vn -0.06130696 0.9981189 0
vn 0 1 0
vn -0.06130699 0.9981189 0
vn -0.2071241 0.9670483 -0.1480445
vn -0.06130699 0.9981189 0
vn -0.2149003 0.976636 0
vn -0.06130699 0.9981189 0
vn -0.2149003 0.976636 0
vn -0.2149003 0.976636 0
vn -0.2149003 0.976636 0
vn -0.3826821 0.9238801 0
vn -0.3826821 0.92388 0
vn -0.3826821 0.92388 0
vn -0.3826821 0.9238801 0
vn -0.538627 0.8425443 0
vn -0.538627 0.8425443 0
vn -0.538627 0.8425443 0
vn -0.6624265 0.7491269 0
vn -0.6624265 0.7491269 0
vn -0.7491271 0.6624263 0
vn -0.3759132 0.9168861 -0.1341982
vn -0.5386271 0.8425443 0
vn -0.6624264 0.7491269 0
vn -0.7491271 0.6624263 0
vn -0.8425443 0.5386271 0
vn -0.8425443 0.5386271 0
vn -0.7491271 0.6624263 0
vn -0.6624266 0.7491269 0
vn -0.9238794 0.3826837 0
vn -0.8425443 0.5386271 0
vn -0.9238794 0.3826837 0
vn -0.7491271 0.6624263 0
vn -0.8425444 0.5386268 0
vn -0.9168863 0.375915 -0.1341923
vn -0.8317611 0.5367971 -0.1415003
vn -0.8444681 0.3616146 -0.3951057
vn -0.7408664 0.6560184 -0.1440726
vn -0.674111 0.3164873 -0.6673905
vn -0.6137574 0.177604 -0.7692585
vn -0.7612112 0.4894329 -0.4254563
vn -0.5701349 0.3599092 -0.7385197
vn -0.6659203 0.5663918 -0.4855413
vn -0.4635571 0.3902822 -0.7954839
vn -0.3902822 0.4635573 -0.7954838
vn -0.56639 0.6659179 -0.4855468
vn -0.3599097 0.5701344 -0.73852
vn -0.6560183 0.7408658 -0.1440765
vn -0.4894308 0.7612081 -0.4254641
vn -0.3164876 0.6741115 -0.6673898
vn -0.5367963 0.83176 -0.1415096
vn -0.3616109 0.8444676 -0.3951101
vn -0.1776037 0.6137597 -0.7692568
vn -0.9249714 8.929466E-05 0.3800367
vn -0.9816107 0.05025059 0.1841618
vn -0.8172562 0.081183 0.5705274
vn -0.9810636 4.550817E-05 0.193686
vn -0.925407 3.180912E-05 0.3789749
vn -1 0 0
vn -0.9981189 0.06130679 0
vn -0.9811746 1.620958E-05 0.1931231
vn -0.9255522 0 0.3786201
vn -1 0 0
vn -1 0 0
vn -0.9981189 0.06130676 0
vn -0.9812115 0 0.192935
vn -0.9254073 -3.180902E-05 0.3789741
vn -1 0 0
vn -1 0 0
vn -1 0 0
vn -0.9981189 0.06130677 0
vn -0.9811747 -1.620953E-05 0.1931226
vn -0.9249719 -8.929433E-05 0.3800355
vn -1 0 0
vn -1 0 0
vn -1 0 0
vn -0.9981189 0.06130677 0
vn -1 0 0
vn -0.9810637 -4.550799E-05 0.1936854
vn -0.817257 -0.08118392 0.5705262
vn -1 0 0
vn -1 0 0
vn -1 0 0
vn -0.9981189 0.06130676 0
vn -1 0 0
vn -0.9816108 -0.05025067 0.1841611
vn -0.8562039 -0.2092681 0.4723577
vn -1 0 0
vn -1 0 0
vn -1 0 0
vn -0.9981189 0.06130677 0
vn -0.9981189 -0.06130679 0
vn -1 0 0
vn -1 0 0
vn -1 0 0
vn -0.9981189 0.06130677 0
vn -1 0 0
vn -1 0 0
vn -0.9810636 4.550813E-05 -0.1936858
vn -0.9816107 0.05025074 -0.1841615
vn -0.8172564 0.08118351 -0.5705272
vn -0.9249716 8.929458E-05 -0.3800363
vn -0.9811746 1.620956E-05 -0.1931228
vn -0.9254071 3.180908E-05 -0.3789744
vn -0.9812115 0 -0.1929348
vn -0.9255524 0 -0.3786197
vn -1 0 0
vn -0.9811746 -1.620956E-05 -0.1931229
vn -0.9254071 -3.18091E-05 -0.3789745
vn -1 0 0
vn -0.9810636 -4.550808E-05 -0.1936858
vn -0.9249716 -8.92945E-05 -0.3800363
vn -1 0 0
vn -1 0 0
vn -0.9816108 -0.05025067 -0.1841612
vn -0.8172571 -0.08118392 -0.5705261
vn -0.8562041 -0.2092682 -0.4723574
vn -1 0 0
vn -1 0 0
vn -0.9981189 -0.06130677 0
vn -1 0 0
vn -1 0 0
vn -1 0 0
vn -0.9670484 -0.2071258 -0.1480413
vn -0.9981189 -0.06130677 0
vn -1 0 0
vn -1 0 0
vn -1 0 0
vn -1 0 0
vn -0.9981189 -0.06130676 0
vn -0.9766355 -0.2149031 0
vn -0.9981189 -0.06130677 0
vn -0.9981189 -0.06130676 0
vn -0.9981189 -0.06130677 0
vn -0.9766355 -0.2149029 0
vn -0.9766355 -0.2149029 0
vn -0.9766355 -0.2149029 0
vn -0.9766355 -0.2149029 0
vn -0.9766355 -0.2149029 0
vn -0.9766355 -0.2149031 0
vn -0.9670485 -0.2071258 0.1480413
vn -0.9238797 -0.3826831 0
vn -0.9238797 -0.3826831 0
vn -0.9238797 -0.3826831 0
vn -0.9238797 -0.382683 0
vn -0.9238797 -0.382683 0
vn -0.9238797 -0.3826831 0
vn -0.9238796 -0.3826831 0
vn -0.9168863 -0.3759145 -0.1341933
vn -0.8444694 -0.3616135 -0.395104
vn -0.8317608 -0.5367973 -0.1415017
vn -0.6741114 -0.3164879 -0.6673899
vn -0.613759 -0.177604 -0.7692573
vn -0.7612116 -0.4894331 -0.4254551
vn -0.5701354 -0.3599101 -0.7385191
vn -0.8425443 -0.5386272 0
vn -0.7408655 -0.656019 -0.1440738
vn -0.665919 -0.5663913 -0.4855438
vn -0.4635566 -0.3902818 -0.7954844
vn -0.8425441 -0.5386274 0
vn -0.7491263 -0.6624272 0
vn -0.656019 -0.7408653 -0.1440749
vn -0.5663908 -0.6659184 -0.4855453
vn -0.3902817 -0.4635567 -0.7954844
vn -0.3599097 -0.5701346 -0.7385198
vn -0.4894328 -0.7612112 -0.4254563
vn -0.3164856 -0.6741108 -0.6673915
vn -0.8425441 -0.5386274 0
vn -0.7491262 -0.6624273 0
vn -0.6624272 -0.7491263 0
vn -0.5367972 -0.8317606 -0.1415028
vn -0.3616135 -0.8444692 -0.3951045
vn -0.8425441 -0.5386274 0
vn -0.7491262 -0.6624274 0
vn -0.6624272 -0.7491263 0
vn -0.5386271 -0.8425443 0
vn -0.8425441 -0.5386273 0
vn -0.2092667 -0.8562014 -0.4723628
vn -0.1776032 -0.6137581 -0.7692581
vn -0.3759134 -0.9168866 -0.134194
vn -0.2071249 -0.9670485 -0.1480422
vn -0.3826821 -0.92388 0
vn -0.5386271 -0.8425443 0
vn -0.05025079 -0.9816109 -0.1841597
vn -0.08118404 -0.8172562 -0.5705273
vn -0.2149017 -0.9766357 0
vn -4.56269E-05 -0.981064 -0.1936841
vn -8.952768E-05 -0.9249729 -0.3800331
vn -0.6624272 -0.7491263 0
vn -0.3826821 -0.92388 0
vn -0.06130696 -0.9981189 0
vn -1.623144E-05 -0.9811748 -0.1931213
vn -3.185203E-05 -0.9254083 -0.3789716
vn -0.5386271 -0.8425443 0
vn -0.6624272 -0.7491263 0
vn -0.2149017 -0.9766357 0
vn 0 -1 0
vn 0 -0.9812119 -0.1929331
vn 0 -0.9255536 -0.3786165
vn -0.3826822 -0.92388 0
vn -0.06130699 -0.9981189 0
vn 0 -1 0
vn 1.623146E-05 -0.9811752 -0.1931192
vn 3.18521E-05 -0.92541 -0.3789676
vn -0.5386271 -0.8425443 0
vn -0.2149017 -0.9766357 0
vn 0 -1 0
vn 0 -1 0
vn 4.56269E-05 -0.9810641 -0.1936838
vn 8.952768E-05 -0.9249732 -0.3800324
vn -0.3826822 -0.92388 0
vn -0.06130699 -0.9981189 0
vn 0 -1 0
vn 0 -1 0
vn 0.05025087 -0.9816105 -0.1841623
vn 0.08118365 -0.8172562 -0.5705274
vn 0 -1 0
vn 0.06130698 -0.9981189 0
vn 0 -1 0
vn 0 -1 0
vn 0 -1 0
vn 0 -1 0
vn 0.06130701 -0.9981189 0
vn 0 -1 0
vn 0 -1 0
vn 0 -1 0
vn 0.06130702 -0.9981189 0
vn 0 -1 0
vn 0 -1 0
vn 0.06130701 -0.9981189 0
vn 0 -1 0
vn 0 -1 0
vn 0 -1 0
vn 0 -1 0
vn 0 -1 0
vn 0.06130694 -0.9981189 0
vn 0 -1 0
vn 0 -1 0
vn 0 -1 0
vn 0 -1 0
vn 0.06130695 -0.9981189 0
vn 0 -1 0
vn 0 -1 0
vn 0 -1 0
vn 0.06130698 -0.9981189 0
vn 0 -1 0
vn 4.565515E-05 -0.9810641 0.1936838
vn 0.05025103 -0.9816105 0.1841623
vn 0.08118418 -0.8172563 0.5705271
vn 8.958307E-05 -0.9249732 0.3800324
vn 1.62096E-05 -0.9811752 0.1931192
vn 3.18092E-05 -0.92541 0.3789676
vn 0 -0.9812119 0.1929331
vn 0 -0.9255536 0.3786165
vn 0 -1 0
vn -1.620958E-05 -0.9811748 0.1931213
vn -3.180914E-05 -0.9254083 0.3789716
vn 0 -1 0
vn -4.565515E-05 -0.981064 0.1936841
vn -8.958309E-05 -0.9249729 0.3800331
vn 0 -1 0
vn 0 -1 0
vn -0.05025098 -0.9816109 0.1841597
vn -0.08118467 -0.8172567 0.5705266
vn -0.2092671 -0.8562016 0.4723621
vn 0 -1 0
vn -0.06130698 -0.9981189 0
vn 0 -1 0
vn -0.06130698 -0.9981189 0
vn -0.2071253 -0.9670484 0.1480426
vn -0.06130696 -0.9981189 0
vn -0.2149016 -0.9766357 0
vn -0.06130699 -0.9981189 0
vn -0.2149017 -0.9766357 0
vn -0.2149016 -0.9766357 0
vn -0.2149017 -0.9766357 0
vn -0.3826822 -0.92388 0
vn -0.3826821 -0.92388 0
vn -0.3826821 -0.9238801 0
vn -0.5386271 -0.8425443 0
vn -0.538627 -0.8425443 0
vn -0.6624272 -0.7491263 0
vn -0.3759134 -0.9168863 0.1341967
vn -0.5386271 -0.8425443 0
vn -0.6624272 -0.7491263 0
vn -0.7491262 -0.6624273 0
vn -0.7491262 -0.6624273 0
vn -0.3616111 -0.84447 0.3951051
vn -0.6624273 -0.7491262 0
vn -0.8425441 -0.5386274 0
vn -0.7491262 -0.6624273 0
vn -0.8425441 -0.5386273 0
vn -0.7491263 -0.6624272 0
vn -0.6560197 -0.7408647 0.144075
vn -0.9168864 -0.3759145 0.1341925
vn -0.8317606 -0.5367975 0.141502
vn -0.8444685 -0.3616142 0.3951053
vn -0.7408659 -0.6560185 0.1440739
vn -0.6741098 -0.3164868 0.667392
vn -0.6137584 -0.1776042 0.7692576
vn -0.761211 -0.4894332 0.4254562
vn -0.570136 -0.3599096 0.7385188
vn -0.665919 -0.5663912 0.4855438
vn -0.4635573 -0.3902817 0.795484
vn -0.3902808 -0.4635567 0.7954848
vn -0.5663911 -0.6659179 0.4855455
vn -0.359909 -0.570136 0.7385191
vn -0.4894325 -0.7612108 0.4254572
vn -0.3164865 -0.674113 0.667389
vn -0.5367973 -0.8317602 0.1415049
vn -0.1776042 -0.6137596 0.7692568
vn -0.8172564 0.08118351 -0.5705272
vn -0.6137574 0.177604 -0.7692585
vn -0.8562042 0.2092681 -0.4723573
vn -0.516888 0.061226 -0.8538607
vn -0.5867672 0.0002484017 -0.8097557
vn -0.4528933 0.0002739796 -0.8915648
vn -0.5879982 9.791662E-05 -0.8088623
vn -0.2277254 0.04821264 -0.9725311
vn -0.45397 0.0001138051 -0.891017
vn -0.5884206 0 -0.808555
vn -0.3525095 0.1672663 -0.9207383
vn -0.08330487 0.04428953 -0.9955394
vn -0.674111 0.3164873 -0.6673905
vn -0.5701349 0.3599092 -0.7385197
vn -0.2030725 0.0002229387 -0.9791637
vn -0.2318657 0.1794748 -0.9560477
vn -0.04429008 0.08330548 -0.9955394
vn -0.4635571 0.3902822 -0.7954839
vn -0.1794758 0.2318665 -0.9560472
vn -0.3902822 0.4635573 -0.7954838
vn -0.3599097 0.5701344 -0.73852
vn -0.167267 0.3525098 -0.9207381
vn -0.3164876 0.6741115 -0.6673898
vn -0.1776037 0.6137597 -0.7692568
vn -0.04821387 0.2277275 -0.9725305
vn -0.2036563 9.91834E-05 -0.9790425
vn -0.04800919 7.532167E-05 -0.9988469
vn -0.4543457 0 -0.8908255
vn -0.587998 -9.791664E-05 -0.8088624
vn -0.4539697 -0.000113805 -0.8910171
vn -0.5867671 -0.0002484015 -0.8097557
vn -0.2038649 0 -0.978999
vn -0.4528933 -0.0002739796 -0.8915648
vn -0.8172571 -0.08118392 -0.5705261
vn -0.04815433 3.520691E-05 -0.9988399
vn -0.2036562 -9.918343E-05 -0.9790425
vn -0.04820644 0 -0.9988374
vn 0 0 -1
vn 0 0 -1
vn 0 0 -1
vn 0 0 -1
vn -0.5168889 -0.06122648 -0.8538602
vn -0.2030726 -0.0002229388 -0.9791637
vn -0.04815434 -3.520694E-05 -0.9988399
vn -0.613759 -0.177604 -0.7692573
vn -0.8562041 -0.2092682 -0.4723574
vn -0.2277259 -0.04821283 -0.9725309
vn 0 0 -1
vn -0.04800921 -7.532167E-05 -0.9988469
vn -0.3525087 -0.1672658 -0.9207387
vn -0.6741114 -0.3164879 -0.6673899
vn -0.5701354 -0.3599101 -0.7385191
vn -0.08330509 -0.04428967 -0.9955394
vn -0.2318657 -0.1794749 -0.9560476
vn -0.4635566 -0.3902818 -0.7954844
vn -0.3902817 -0.4635567 -0.7954844
vn -0.1794753 -0.2318659 -0.9560475
vn -0.3599097 -0.5701346 -0.7385198
vn 0 0 -1
vn 0 0 -1
vn -0.04428985 -0.08330527 -0.9955394
vn -0.1672661 -0.3525086 -0.9207387
vn -0.3164856 -0.6741108 -0.6673915
vn -0.1776032 -0.6137581 -0.7692581
vn -0.04821337 -0.2277265 -0.9725308
vn 0 0 -1
vn 0 0 -1
vn -7.531831E-05 -0.04800932 -0.9988469
vn -0.000222898 -0.2030727 -0.9791637
vn 0 0 -1
vn 0 0 -1
vn 0 0 -1
vn 0 0 -1
vn 0 0 -1
vn -7.531553E-05 0.0480091 -0.9988469
vn 0 0 -1
vn 0 0 -1
vn 0 0 -1
vn 0 0 -1
vn 0 0 -1
vn 0 0 -1
vn 0 0 -1
vn -3.519941E-05 -0.04815421 -0.9988399
vn -9.923149E-05 -0.2036566 -0.9790424
vn 0 0 -1
vn 0 0 -1
vn 0 0 -1
vn 0 0 -1
vn 0 0 -1
vn 0 0 -1
vn 0 -0.04820615 -0.9988374
vn 0 -0.2038658 -0.9789989
vn 0 0 -1
vn 0 0 -1
vn 0 0 -1
vn 0 0 -1
vn 3.519941E-05 -0.04815421 -0.9988399
vn 9.92315E-05 -0.2036566 -0.9790424
vn 0 0 -1
vn 0 0 -1
vn 0 0 -1
vn 7.531807E-05 -0.04800919 -0.9988469
vn 0.04428989 -0.08330531 -0.9955394
vn 0 0 -1
vn 0.0002228984 -0.2030729 -0.9791636
vn 0 0 -1
vn 0.08330514 -0.04429001 -0.9955394
vn 0 0 -1
vn 0 0 -1
vn 0 0 -1
vn 0.04821339 -0.2277269 -0.9725307
vn 0.04800923 -7.530749E-05 -0.9988469
vn 0.0002739968 -0.4528931 -0.8915648
vn 0.06122573 -0.5168858 -0.853862
vn 0.0001139488 -0.453969 -0.8910175
vn 0 -0.4543453 -0.8908256
vn -0.0001139488 -0.4539689 -0.8910175
vn -0.0002739957 -0.4528922 -0.8915652
vn -0.06122599 -0.5168849 -0.8538626
vn -0.08118404 -0.8172562 -0.5705273
vn -0.2092667 -0.8562014 -0.4723628
vn -0.0002485015 -0.5867654 -0.8097569
vn -9.809085E-05 -0.5879956 -0.8088641
vn 0 -0.588418 -0.8085569
vn 9.809083E-05 -0.5879956 -0.8088641
vn 0.0002485022 -0.5867661 -0.8097564
vn 0.08118365 -0.8172562 -0.5705274
vn 0.1776039 -0.6137583 -0.7692578
vn 0.209267 -0.8562015 -0.4723625
vn 0.1672661 -0.3525087 -0.9207387
vn 0.3164876 -0.6741116 -0.6673898
vn 0.3599099 -0.5701354 -0.7385191
vn 0.1794753 -0.2318661 -0.9560475
vn 0.3902815 -0.4635568 -0.7954845
vn 0.463557 -0.3902812 -0.7954844
vn 0.2318661 -0.1794754 -0.9560475
vn 0.5701354 -0.3599098 -0.7385193
vn 0.35251 -0.167267 -0.9207381
vn 0.6741108 -0.3164868 -0.6673911
vn 0.6137584 -0.1776036 -0.7692578
vn 0.2277266 -0.04821369 -0.9725308
vn 0.2030729 -0.0002228725 -0.9791636
vn 0.5168891 -0.0612265 -0.85386
vn 0.8172566 -0.08118396 -0.5705267
vn 0.856203 -0.2092672 -0.4723598
vn 0.5867664 -0.0002484193 -0.8097562
vn 0.4528933 -0.0002739365 -0.8915648
vn 0.5879967 -9.807486E-05 -0.8088633
vn 0.4539691 -0.0001139481 -0.8910174
vn 0.5884191 0 -0.808556
vn 0.2036562 -9.924143E-05 -0.9790425
vn 0.454345 0 -0.8908258
vn 0.5879968 9.807484E-05 -0.8088632
vn 0.04815428 -3.520234E-05 -0.9988399
vn 0.4539693 0.0001139481 -0.8910173
vn 0.5867665 0.0002484195 -0.809756
vn 0.2038648 0 -0.978999
vn 0 0 -1
vn 0.4528932 0.0002739365 -0.8915648
vn 0.8172559 0.08118327 -0.5705281
vn 0.04820621 0 -0.9988374
vn 0.2036562 9.924138E-05 -0.9790425
vn 0 0 -1
vn 0 0 -1
vn 0.04815424 3.520229E-05 -0.9988399
vn 0.2030728 0.0002228724 -0.9791636
vn 0.5168892 0.061226 -0.85386
vn 0 0 -1
vn 0 0 -1
vn 0 0 -1
vn 0.6137587 0.1776043 -0.7692575
vn 0.8562042 0.2092672 -0.4723577
vn 0.2277265 0.04821372 -0.9725308
vn 0.04800922 7.530751E-05 -0.9988469
vn 0 0 -1
vn 0 0 -1
vn 0.3525094 0.1672667 -0.9207382
vn 0.6741109 0.3164874 -0.6673905
vn 0.5701342 0.3599087 -0.7385207
vn 0 0 -1
vn 0.0833052 0.04428998 -0.9955394
vn 0.2318654 0.1794745 -0.9560478
vn 0.4635569 0.3902813 -0.7954845
vn 0.3902827 0.4635584 -0.7954829
vn 0 0 -1
vn 0.1794756 0.2318667 -0.9560472
vn 0.3599085 0.5701338 -0.738521
vn 0.0442901 0.08330563 -0.9955394
vn 0.1672679 0.3525112 -0.9207374
vn 0.3164852 0.6741093 -0.6673933
vn 0.1776042 0.6137583 -0.7692577
vn 7.531601E-05 0.04800933 -0.9988469
vn 0.04821371 0.2277271 -0.9725307
vn 3.519001E-05 0.04815444 -0.9988399
vn 0.0002228586 0.2030739 -0.9791633
vn 9.927255E-05 0.2036564 -0.9790425
vn 0 0.04820658 -0.9988374
vn 0 0.2038646 -0.9789991
vn -3.519001E-05 0.04815443 -0.9988399
vn -9.927255E-05 0.2036564 -0.9790425
vn -0.0002228581 0.2030737 -0.9791635
vn -0.06122626 0.5168889 -0.8538603
vn -0.0002740056 0.4528961 -0.8915632
vn -0.08118378 0.8172564 -0.5705272
vn -0.2092665 0.8562024 -0.4723611
vn -0.0002485906 0.5867703 -0.8097534
vn -0.0001140826 0.4539694 -0.8910172
vn -9.82638E-05 0.5879972 -0.8088629
vn 0 0.4543439 -0.8908263
vn 0 0.588418 -0.8085569
vn 0.0001140826 0.4539694 -0.8910172
vn 9.82638E-05 0.5879973 -0.8088629
vn 0.0002740056 0.4528959 -0.8915634
vn 0.0002485907 0.5867699 -0.8097537
vn 0.06122608 0.5168895 -0.8538599
vn 0.08118361 0.8172571 -0.5705261
vn 0.2092663 0.856203 -0.47236
vn 0.2092665 0.8562021 0.4723614
vn 0.3164848 0.6741102 0.6673926
vn 0.1776042 0.6137587 0.7692574
vn 0.3616107 0.8444657 0.3951145
vn 0.4894301 0.7612076 0.4254656
vn 0.3599072 0.5701344 0.7385212
vn 0.5663913 0.665919 0.4855439
vn 0.3902819 0.4635583 0.7954834
vn 0.6659221 0.566392 0.4855387
vn 0.4635584 0.3902816 0.7954834
vn 0.570135 0.3599093 0.7385197
vn 0.7612115 0.4894323 0.4254562
vn 0.6741092 0.3164879 0.6673921
vn 0.7408674 0.6560171 0.1440725
vn 0.6560183 0.7408658 0.1440762
vn 0.5367963 0.83176 0.1415096
vn 0.2071243 0.9670483 0.1480448
vn 0.05025105 0.9816094 0.184168
vn 0.08118408 0.8172557 0.570528
vn 0.06130698 0.9981189 0
vn 0.3759132 0.916886 0.1341994
vn 0.2149003 0.9766359 0
vn 0.06130695 0.9981189 0
vn 0.3826826 0.9238799 0
vn 0.2149004 0.976636 0
vn 0.06130694 0.9981189 0
vn 0.5386268 0.8425444 0
vn 0.3826827 0.9238798 0
vn 0.2149004 0.976636 0
vn 0.06130701 0.9981189 0
vn 0.6624256 0.7491277 0
vn 0.5386268 0.8425444 0
vn 0.2149004 0.9766359 0
vn 0.06130702 0.9981189 0
vn 0.3826827 0.9238798 0
vn 0.2149004 0.9766359 0
vn 0.06130701 0.9981189 0
vn 0.3826825 0.9238799 0
vn 0.5386268 0.8425445 0
vn 0.6624255 0.7491278 0
vn 0.7491279 0.6624253 0
vn 0.2149004 0.9766359 0
vn 0.06130698 0.9981189 0
vn 0.3826825 0.9238799 0
vn 0.5386268 0.8425444 0
vn 0.6624254 0.7491278 0
vn 0.2149003 0.9766359 0
vn 0.0502509 0.9816095 -0.1841672
vn 0.3826825 0.9238799 0
vn 0.5386268 0.8425444 0
vn 0.7491279 0.6624253 0
vn 0.6624258 0.7491276 0
vn 0.7491279 0.6624253 0
vn 0.2071238 0.9670487 -0.148042
vn 0.3826826 0.9238799 0
vn 0.5386268 0.8425444 0
vn 0.6624258 0.7491276 0
vn 0.7491279 0.6624253 0
vn 0.2092663 0.856203 -0.47236
vn 0.08118361 0.8172571 -0.5705261
vn 0.8425446 0.5386267 0
vn 0.8425445 0.5386267 0
vn 0.8425447 0.5386265 0
vn 0.8317613 0.5367966 0.1415007
vn 0.8444681 0.361614 0.3951062
vn 0.9168863 0.3759144 0.1341937
vn 0.9238796 0.3826831 0
vn 0.8562036 0.2092674 0.4723587
vn 0.6137583 0.1776036 0.769258
vn 0.9670488 0.2071241 0.1480413
vn 0.9238795 0.3826835 0
vn 0.9816107 0.05025076 0.1841614
vn 0.8172569 0.0811831 0.5705264
vn 0.9766357 0.2149018 0
vn 0.9981189 0.06130731 0
vn 0.9766357 0.2149021 0
vn 0.9981189 0.06130728 0
vn 0.9238794 0.3826835 0
vn 0.9766357 0.2149021 0
vn 0.9981189 0.0613073 0
vn 0.8425447 0.5386264 0
vn 0.9238796 0.3826832 0
vn 0.9766356 0.2149026 0
vn 0.9981188 0.06130782 0
vn 0.7491279 0.6624253 0
vn 0.8425447 0.5386264 0
vn 0.9238796 0.3826832 0
vn 0.9766356 0.2149026 0
vn 0.9981188 0.0613078 0
vn 0.6624256 0.7491277 0
vn 0.7491279 0.6624253 0
vn 0.8425447 0.5386264 0
vn 0.9238796 0.3826832 0
vn 0.9766356 0.2149026 0
vn 0.9981188 0.06130781 0
vn 0.5386267 0.8425445 0
vn 0.6624255 0.7491277 0
vn 0.749128 0.6624252 0
vn 0.8425447 0.5386264 0
vn 0.9238794 0.3826837 0
vn 0.9766356 0.2149025 0
vn 0.9981189 0.0613073 0
vn 0.3759135 0.9168861 -0.1341978
vn 0.5367962 0.8317602 -0.1415087
vn 0.3616128 0.8444656 -0.3951128
vn 0.6560175 0.7408664 -0.1440764
vn 0.7408672 0.6560174 -0.1440725
vn 0.8317614 0.5367965 -0.1415012
vn 0.916886 0.3759149 -0.1341943
vn 0.3164852 0.6741093 -0.6673933
vn 0.1776042 0.6137583 -0.7692577
vn 0.4894304 0.7612076 -0.4254653
vn 0.3599085 0.5701338 -0.738521
vn 0.5663906 0.6659192 -0.4855443
vn 0.3902827 0.4635584 -0.7954829
vn 0.4635569 0.3902813 -0.7954845
vn 0.6659213 0.5663921 -0.4855396
vn 0.5701342 0.3599087 -0.7385207
vn 0.7612105 0.4894322 -0.4254583
vn 0.6741109 0.3164874 -0.6673905
vn 0.8444676 0.3616144 -0.3951071
vn 0.8562042 0.2092672 -0.4723577
vn 0.6137587 0.1776043 -0.7692575
vn 0.9670483 0.2071251 -0.1480432
vn 0.9816105 0.05025082 -0.1841618
vn 0.8172559 0.08118327 -0.5705281
vt 0.6092245 0.861811
vt 0.6088713 0.8604384
vt 0.6087174 0.8610802
vt 0.6092407 0.8606572
vt 0.6092245 0.8593358
vt 0.6087174 0.8595296
vt 0.6092014 0.8579015
vt 0.6086448 0.8582484
vt 0.6092014 0.8522078
vt 0.6086448 0.8520386
vt 0.6087174 0.8507753
vt 0.6092245 0.8508614
vt 0.6088713 0.8499162
vt 0.6098579 0.8524244
vt 0.6098579 0.8576226
vt 0.6098579 0.8591303
vt 0.6098579 0.8624713
vt 0.6098579 0.8608329
vt 0.6098579 0.8637959
vt 0.6092014 0.8630143
vt 0.6092014 0.8678211
vt 0.6098579 0.8679782
vt 0.6092014 0.874792
vt 0.6098579 0.8749486
vt 0.6092014 0.8817626
vt 0.6098579 0.881919
vt 0.6092014 0.8887329
vt 0.6098579 0.8888894
vt 0.6092014 0.8957027
vt 0.6098579 0.8958598
vt 0.6092014 0.9005076
vt 0.6098579 0.9000421
vt 0.612431 0.9000421
vt 0.612431 0.8958598
vt 0.6167195 0.9000421
vt 0.612431 0.8888894
vt 0.6167195 0.8958598
vt 0.6210082 0.9000421
vt 0.612431 0.881919
vt 0.6210082 0.8958598
vt 0.6252967 0.9000421
vt 0.6167195 0.8888894
vt 0.612431 0.8749486
vt 0.6252967 0.8958598
vt 0.6295853 0.9000421
vt 0.6167195 0.881919
vt 0.6210082 0.8888894
vt 0.612431 0.8679782
vt 0.6295853 0.8958598
vt 0.6338739 0.9000421
vt 0.6252967 0.8888894
vt 0.6210082 0.881919
vt 0.6167195 0.8749486
vt 0.612431 0.8637959
vt 0.6338739 0.8958598
vt 0.6381624 0.9000421
vt 0.6295853 0.8888894
vt 0.6252967 0.881919
vt 0.6210082 0.8749486
vt 0.6167195 0.8679782
vt 0.612431 0.8624713
vt 0.6381624 0.8958598
vt 0.6407356 0.9000421
vt 0.6338739 0.8888894
vt 0.6295853 0.881919
vt 0.6252967 0.8749486
vt 0.6210082 0.8679782
vt 0.6167195 0.8637959
vt 0.6407356 0.8958598
vt 0.6381624 0.8888894
vt 0.6338739 0.881919
vt 0.6295853 0.8749486
vt 0.6252967 0.8679782
vt 0.6210082 0.8637959
vt 0.6167195 0.8624713
vt 0.6413921 0.8957027
vt 0.6413921 0.9005077
vt 0.6413921 0.8887329
vt 0.6407356 0.8888894
vt 0.6413921 0.8817626
vt 0.6407356 0.881919
vt 0.6413921 0.874792
vt 0.6381624 0.881919
vt 0.6407356 0.8749486
vt 0.6413921 0.8678211
vt 0.6381624 0.8749486
vt 0.6338739 0.8749486
vt 0.6407356 0.8679782
vt 0.6413921 0.8630143
vt 0.6381624 0.8679782
vt 0.6338739 0.8679782
vt 0.6295853 0.8679782
vt 0.6407356 0.8637959
vt 0.6413689 0.861811
vt 0.6381624 0.8637959
vt 0.6338739 0.8637959
vt 0.6252967 0.8637959
vt 0.6295853 0.8637959
vt 0.6210082 0.8624713
vt 0.6252967 0.8624713
vt 0.6295853 0.8624713
vt 0.6338739 0.8624713
vt 0.6381624 0.8624713
vt 0.6407356 0.8624713
vt 0.6167195 0.8608329
vt 0.6210082 0.8608329
vt 0.6252967 0.8608329
vt 0.6295853 0.8608329
vt 0.6338739 0.8608329
vt 0.6381624 0.8608329
vt 0.612431 0.8608329
vt 0.612431 0.8591303
vt 0.6167195 0.8591303
vt 0.612431 0.8576226
vt 0.6210082 0.8591303
vt 0.6167195 0.8576226
vt 0.612431 0.8524244
vt 0.6252967 0.8591303
vt 0.6210082 0.8576226
vt 0.6295853 0.8591303
vt 0.6098579 0.8509768
vt 0.6167195 0.8524244
vt 0.6252967 0.8576226
vt 0.6338739 0.8591303
vt 0.612431 0.8509768
vt 0.6092407 0.8496438
vt 0.6210082 0.8524244
vt 0.6295853 0.8576226
vt 0.6167195 0.8509768
vt 0.6098579 0.8494452
vt 0.6092245 0.8486841
vt 0.6087174 0.8493998
vt 0.6252967 0.8524244
vt 0.612431 0.8494452
vt 0.6098579 0.8480628
vt 0.6210082 0.8509768
vt 0.6098579 0.8470401
vt 0.6092014 0.8477075
vt 0.612431 0.8480628
vt 0.612431 0.8470401
vt 0.6167195 0.8494452
vt 0.6167195 0.8480628
vt 0.6167195 0.8470401
vt 0.6210082 0.8494452
vt 0.6210082 0.8480628
vt 0.6210082 0.8470401
vt 0.6252967 0.8509768
vt 0.6252967 0.8494452
vt 0.6252967 0.8480628
vt 0.6252967 0.8470401
vt 0.6295853 0.8524244
vt 0.6295853 0.8509768
vt 0.6295853 0.8494452
vt 0.6295853 0.8480628
vt 0.6295853 0.8470401
vt 0.6338739 0.8576226
vt 0.6338739 0.8524244
vt 0.6338739 0.8509768
vt 0.6338739 0.8480628
vt 0.6338739 0.8470401
vt 0.6338739 0.8494452
vt 0.6381624 0.8591303
vt 0.6381624 0.8576226
vt 0.6381624 0.8480628
vt 0.6381624 0.8470401
vt 0.6381624 0.8524244
vt 0.6381624 0.8494452
vt 0.6381624 0.8509768
vt 0.6407356 0.8608329
vt 0.6407356 0.8480628
vt 0.6407356 0.8470401
vt 0.6407356 0.8591303
vt 0.6413527 0.8606572
vt 0.6407356 0.8576226
vt 0.6407356 0.8524244
vt 0.6417221 0.8604384
vt 0.641876 0.8610802
vt 0.6413689 0.8593358
vt 0.641876 0.8595296
vt 0.6413921 0.8579015
vt 0.6419486 0.8582484
vt 0.6419486 0.8520386
vt 0.6413921 0.8522078
vt 0.641876 0.8507753
vt 0.6413689 0.8508614
vt 0.6417221 0.8499163
vt 0.6407356 0.8509768
vt 0.6413527 0.8496438
vt 0.6407356 0.8494452
vt 0.6413689 0.8486841
vt 0.641876 0.8493998
vt 0.6413921 0.8477075
vt 0.6320661 0.5261779
vt 0.6317781 0.5249037
vt 0.6312925 0.5243527
vt 0.631294 0.5252565
vt 0.6313002 0.5320916
vt 0.6320679 0.5320916
vt 0.6313039 0.5406687
vt 0.6320691 0.5406687
vt 0.6313053 0.5492459
vt 0.6320696 0.5492459
vt 0.6313045 0.5578231
vt 0.6320696 0.5578231
vt 0.6313013 0.5664002
vt 0.632069 0.5664002
vt 0.6312956 0.5732353
vt 0.6320677 0.5723138
vt 0.6312941 0.5741391
vt 0.6317797 0.5735881
vt 0.63014 0.5741706
vt 0.6301524 0.5664002
vt 0.6287769 0.5749775
vt 0.6304128 0.5749149
vt 0.6311517 0.5748267
vt 0.6306265 0.5755684
vt 0.6293401 0.5757773
vt 0.6237619 0.5799928
vt 0.6297538 0.5765193
vt 0.6245618 0.580556
vt 0.6253037 0.5809696
vt 0.624353 0.5818423
vt 0.6236995 0.5816287
vt 0.6236113 0.5823675
vt 0.6229237 0.5825101
vt 0.6229552 0.5813559
vt 0.6220199 0.5825115
vt 0.6210985 0.5832837
vt 0.6223727 0.5829957
vt 0.6151848 0.5825178
vt 0.6151848 0.5832855
vt 0.6151848 0.5813689
vt 0.6066077 0.5825215
vt 0.6066077 0.5832866
vt 0.6151847 0.5800136
vt 0.6066077 0.5813764
vt 0.5980306 0.5825229
vt 0.5980306 0.5832872
vt 0.6066076 0.5800256
vt 0.5980305 0.581379
vt 0.5894534 0.5825221
vt 0.5894534 0.5832872
vt 0.5980304 0.5800297
vt 0.5894533 0.581377
vt 0.5808762 0.5825189
vt 0.5808763 0.5832866
vt 0.5894533 0.5800262
vt 0.5808762 0.58137
vt 0.5740411 0.5825132
vt 0.5749626 0.5832853
vt 0.5731058 0.5813576
vt 0.5731373 0.5825117
vt 0.5736884 0.5829973
vt 0.5808762 0.5800148
vt 0.5723615 0.5816304
vt 0.5724498 0.5823693
vt 0.571708 0.5818441
vt 0.572299 0.5799945
vt 0.5714991 0.5805577
vt 0.5707572 0.5809714
vt 0.5667205 0.5757794
vt 0.5663068 0.5765213
vt 0.5654341 0.5755706
vt 0.5672837 0.5749795
vt 0.5656478 0.5749171
vt 0.5649089 0.5748289
vt 0.5647663 0.5741413
vt 0.5722988 0.5749793
vt 0.5659205 0.5741728
vt 0.580876 0.574979
vt 0.5672628 0.5664024
vt 0.5894532 0.5749788
vt 0.5722985 0.5664022
vt 0.5980303 0.5749785
vt 0.5808757 0.5664019
vt 0.6066074 0.5749782
vt 0.5894529 0.5664016
vt 0.6151846 0.5749779
vt 0.59803 0.5664013
vt 0.6237617 0.5749776
vt 0.6066071 0.566401
vt 0.6151843 0.5664008
vt 0.6237614 0.5664005
vt 0.6287972 0.5664003
vt 0.6301594 0.5578231
vt 0.6301614 0.549246
vt 0.6288086 0.5578231
vt 0.6237612 0.5578233
vt 0.615184 0.5578236
vt 0.6066068 0.5578239
vt 0.6301588 0.5406688
vt 0.6288121 0.549246
vt 0.6237609 0.5492461
vt 0.6151837 0.5492464
vt 0.6301513 0.5320917
vt 0.628808 0.5406688
vt 0.6237606 0.540669
vt 0.6301383 0.5243213
vt 0.628796 0.5320917
vt 0.6304111 0.523577
vt 0.6311499 0.5236652
vt 0.6306248 0.5229235
vt 0.6287752 0.5235146
vt 0.6293384 0.5227146
vt 0.629752 0.5219727
vt 0.6253017 0.5175226
vt 0.6245597 0.5179363
vt 0.6243508 0.51665
vt 0.6237603 0.5320919
vt 0.62376 0.5235147
vt 0.6236973 0.5168636
vt 0.6236091 0.5161248
vt 0.6229215 0.5159823
vt 0.6237599 0.5184996
vt 0.6229531 0.5171365
vt 0.6151832 0.5320922
vt 0.6151829 0.523515
vt 0.6151827 0.5184793
vt 0.6151826 0.517124
vt 0.6151834 0.5406693
vt 0.6220177 0.5159809
vt 0.6210962 0.5152088
vt 0.6223705 0.5154968
vt 0.6151826 0.5152074
vt 0.6151826 0.5159751
vt 0.6066055 0.5152068
vt 0.6066055 0.515972
vt 0.5980283 0.5152068
vt 0.6066055 0.5171171
vt 0.5980283 0.5159711
vt 0.5894511 0.5152074
vt 0.6066055 0.5184678
vt 0.5980284 0.517115
vt 0.5894512 0.5159726
vt 0.580874 0.5152085
vt 0.6066057 0.5235153
vt 0.5980284 0.5184643
vt 0.5894512 0.5171177
vt 0.580874 0.5159763
vt 0.5749604 0.5152103
vt 0.606606 0.5320925
vt 0.5980285 0.5235156
vt 0.5894513 0.5184684
vt 0.5808741 0.5171252
vt 0.5740389 0.5159825
vt 0.6066063 0.5406696
vt 0.5980288 0.5320927
vt 0.5894514 0.5235159
vt 0.5731351 0.5159839
vt 0.5736861 0.5154984
vt 0.5808741 0.5184804
vt 0.5731037 0.5171381
vt 0.572297 0.5185013
vt 0.5723594 0.5168654
vt 0.5724476 0.5161265
vt 0.5717059 0.5166517
vt 0.571497 0.5179381
vt 0.5707551 0.5175244
vt 0.566305 0.5219748
vt 0.5667187 0.5227167
vt 0.567282 0.5235166
vt 0.5654324 0.5229256
vt 0.5656461 0.5235791
vt 0.5649072 0.5236674
vt 0.5647647 0.5243549
vt 0.5808743 0.5235161
vt 0.5722971 0.5235164
vt 0.5894517 0.532093
vt 0.5808746 0.5320933
vt 0.5980291 0.5406699
vt 0.5659189 0.5243234
vt 0.5722974 0.5320936
vt 0.589452 0.5406702
vt 0.6066066 0.5492467
vt 0.5980294 0.549247
vt 0.5808749 0.5406705
vt 0.5980297 0.5578242
vt 0.5894523 0.5492473
vt 0.5894526 0.5578244
vt 0.5808752 0.5492476
vt 0.5808754 0.5578247
vt 0.5722977 0.5406708
vt 0.572298 0.5492479
vt 0.5722983 0.557825
vt 0.5672617 0.5320938
vt 0.5672503 0.5406709
vt 0.5672467 0.549248
vt 0.5672508 0.5578252
vt 0.5659064 0.5320938
vt 0.5658995 0.5406709
vt 0.5658975 0.5492481
vt 0.5659001 0.5578253
vt 0.5659076 0.5664024
vt 0.5647649 0.5732375
vt 0.5647587 0.5664024
vt 0.5639927 0.5723161
vt 0.5642808 0.5735903
vt 0.563991 0.5664024
vt 0.564755 0.5578253
vt 0.5639898 0.5578253
vt 0.5647535 0.5492481
vt 0.5639892 0.5492482
vt 0.5647544 0.540671
vt 0.5639892 0.540671
vt 0.5647575 0.5320938
vt 0.5639898 0.5320939
vt 0.5647633 0.5252587
vt 0.5639912 0.5261802
vt 0.5642792 0.524906
vt 0.1705026 0.9010956
vt 0.1711591 0.9004281
vt 0.1711359 0.8994515
vt 0.1705026 0.9000728
vt 0.1679295 0.9000728
vt 0.1679295 0.9010956
vt 0.1636409 0.9000728
vt 0.1636409 0.9010956
vt 0.1593523 0.9000728
vt 0.1593523 0.9010956
vt 0.1550637 0.9000728
vt 0.1550637 0.9010956
vt 0.1507752 0.9000728
vt 0.1507752 0.9010956
vt 0.1464866 0.9000728
vt 0.1464866 0.9010956
vt 0.142198 0.9000728
vt 0.142198 0.9010956
vt 0.1396249 0.9000728
vt 0.1396249 0.9010956
vt 0.1389915 0.8994515
vt 0.1389684 0.9004281
vt 0.1593523 0.8986904
vt 0.1550637 0.8986904
vt 0.1507752 0.8986904
vt 0.1464866 0.8986904
vt 0.142198 0.8986904
vt 0.1396249 0.8986904
vt 0.1390077 0.8984919
vt 0.1396249 0.8971588
vt 0.142198 0.8971588
vt 0.1464866 0.8971588
vt 0.1507752 0.8971588
vt 0.1386383 0.8982193
vt 0.1384844 0.8987358
vt 0.1389915 0.8972742
vt 0.1384844 0.8973603
vt 0.1396249 0.8957111
vt 0.1389684 0.8959278
vt 0.1384119 0.8960971
vt 0.142198 0.8957111
vt 0.1396249 0.8905131
vt 0.1389684 0.8902341
vt 0.1384119 0.8898873
vt 0.1384844 0.888606
vt 0.1389915 0.8887998
vt 0.1386383 0.8876972
vt 0.1464866 0.8957111
vt 0.142198 0.8905131
vt 0.1396249 0.8890054
vt 0.1390077 0.8874785
vt 0.1389915 0.8863246
vt 0.1384844 0.8870554
vt 0.1507752 0.8957111
vt 0.1464866 0.8905131
vt 0.142198 0.8890054
vt 0.1396249 0.8873027
vt 0.1396249 0.8856643
vt 0.142198 0.8873027
vt 0.1464866 0.8890054
vt 0.1396249 0.8843397
vt 0.1389684 0.8851213
vt 0.142198 0.8856643
vt 0.1396249 0.8801575
vt 0.1389684 0.8803145
vt 0.1507752 0.8905131
vt 0.1464866 0.8873028
vt 0.142198 0.8843397
vt 0.1396249 0.8731871
vt 0.1389684 0.8733436
vt 0.1507752 0.8890054
vt 0.1464866 0.8856643
vt 0.142198 0.8801575
vt 0.1396249 0.8662166
vt 0.1389684 0.866373
vt 0.1507752 0.8873028
vt 0.1464866 0.8843397
vt 0.142198 0.8731871
vt 0.1396249 0.8592462
vt 0.1389684 0.8594028
vt 0.1507752 0.8856643
vt 0.1464866 0.8801575
vt 0.142198 0.8662166
vt 0.1396249 0.8522758
vt 0.1389684 0.8524329
vt 0.1507752 0.8843397
vt 0.1464866 0.8731871
vt 0.142198 0.8592462
vt 0.1396249 0.8480936
vt 0.1389684 0.8476279
vt 0.142198 0.8522758
vt 0.142198 0.8480936
vt 0.1464866 0.8662166
vt 0.1507752 0.8801575
vt 0.1464866 0.8592462
vt 0.1464866 0.8522758
vt 0.1464866 0.8480936
vt 0.1507752 0.8731871
vt 0.1507752 0.8662166
vt 0.1507752 0.8592462
vt 0.1507752 0.8522758
vt 0.1507752 0.8480936
vt 0.1550637 0.8522758
vt 0.1550637 0.8480936
vt 0.1550637 0.8592462
vt 0.1550637 0.8662166
vt 0.1550637 0.8731871
vt 0.1550637 0.8801575
vt 0.1593523 0.8522758
vt 0.1593523 0.8480936
vt 0.1593523 0.8592462
vt 0.1593523 0.8662166
vt 0.1593523 0.8731871
vt 0.1636409 0.8522758
vt 0.1636409 0.8480936
vt 0.1636409 0.8592462
vt 0.1636409 0.8662166
vt 0.1679295 0.8522758
vt 0.1679295 0.8480936
vt 0.1679295 0.8592462
vt 0.1705026 0.8522758
vt 0.1705026 0.8480936
vt 0.1711591 0.8476279
vt 0.1711591 0.8524329
vt 0.1705026 0.8592462
vt 0.1711591 0.8594028
vt 0.1705026 0.8662166
vt 0.1711591 0.866373
vt 0.1679295 0.8662166
vt 0.1705026 0.8731871
vt 0.1711591 0.8733436
vt 0.1679295 0.8731871
vt 0.1705026 0.8801575
vt 0.1711591 0.8803145
vt 0.1636409 0.8731871
vt 0.1705026 0.8843397
vt 0.1711591 0.8851213
vt 0.1711359 0.8863246
vt 0.1679295 0.8801575
vt 0.1636409 0.8801575
vt 0.1679295 0.8843397
vt 0.1593523 0.8801575
vt 0.1636409 0.8843397
vt 0.1705026 0.8856643
vt 0.1593523 0.8843397
vt 0.1679295 0.8856643
vt 0.1550637 0.8843397
vt 0.1636409 0.8856643
vt 0.1593523 0.8856643
vt 0.1550637 0.8856643
vt 0.1550637 0.8873028
vt 0.1593523 0.8873028
vt 0.1636409 0.8873028
vt 0.1679295 0.8873028
vt 0.1550637 0.8890054
vt 0.1593523 0.8890054
vt 0.1636409 0.8890054
vt 0.1550637 0.8905131
vt 0.1593523 0.8905131
vt 0.1550637 0.8957111
vt 0.1705026 0.8873028
vt 0.1679295 0.8890054
vt 0.1636409 0.8905131
vt 0.1593523 0.8957111
vt 0.1550637 0.8971588
vt 0.1593523 0.8971588
vt 0.1636409 0.8957111
vt 0.1679295 0.8905131
vt 0.1636409 0.8986904
vt 0.1636409 0.8971588
vt 0.1679295 0.8986904
vt 0.1679295 0.8957111
vt 0.1679295 0.8971588
vt 0.1705026 0.8986904
vt 0.1705026 0.8971588
vt 0.1711198 0.8984919
vt 0.1705026 0.8957111
vt 0.1714891 0.8982193
vt 0.171643 0.8987358
vt 0.1711359 0.8972742
vt 0.171643 0.8973603
vt 0.1711591 0.8959278
vt 0.1717156 0.8960971
vt 0.1717156 0.8898873
vt 0.1711591 0.8902341
vt 0.171643 0.888606
vt 0.1705026 0.8905131
vt 0.1711359 0.8887998
vt 0.1714891 0.8876972
vt 0.1705026 0.8890054
vt 0.1711198 0.8874785
vt 0.171643 0.8870554
vt 0.2664412 0.5969356
vt 0.2670976 0.593106
vt 0.2664412 0.5927551
vt 0.2670976 0.596745
vt 0.2664412 0.6029999
vt 0.2696708 0.596745
vt 0.2696708 0.593106
vt 0.2670976 0.6028099
vt 0.2664412 0.6090646
vt 0.2696708 0.6028099
vt 0.2739593 0.596745
vt 0.2739593 0.593106
vt 0.2670976 0.6088749
vt 0.2664412 0.6151298
vt 0.2696708 0.6088749
vt 0.2739593 0.6028099
vt 0.2782479 0.596745
vt 0.2782479 0.593106
vt 0.2670976 0.6149399
vt 0.2664412 0.6211954
vt 0.2739593 0.6088749
vt 0.2782479 0.6028099
vt 0.2825365 0.596745
vt 0.2825365 0.593106
vt 0.2696708 0.6149399
vt 0.2670976 0.6210048
vt 0.2664412 0.6253781
vt 0.2782479 0.6088749
vt 0.2825365 0.6028099
vt 0.2868251 0.596745
vt 0.2868251 0.593106
vt 0.2696708 0.6210048
vt 0.2670976 0.6246438
vt 0.2664643 0.6264828
vt 0.2825365 0.6088749
vt 0.2868251 0.6028099
vt 0.2911136 0.596745
vt 0.2911136 0.593106
vt 0.2696708 0.6246438
vt 0.2868251 0.6088749
vt 0.2911136 0.6028099
vt 0.2954022 0.596745
vt 0.2954022 0.593106
vt 0.2911136 0.6088749
vt 0.2954022 0.6028099
vt 0.2979754 0.596745
vt 0.2979754 0.593106
vt 0.2986318 0.5927551
vt 0.2986318 0.5969356
vt 0.2979754 0.6028099
vt 0.2986318 0.6029999
vt 0.2979754 0.6088749
vt 0.2986318 0.6090647
vt 0.2954022 0.6088749
vt 0.2979754 0.6149399
vt 0.2986318 0.6151298
vt 0.2954022 0.6149399
vt 0.2979754 0.6210048
vt 0.2986318 0.6211954
vt 0.2911136 0.6149399
vt 0.2954022 0.6210048
vt 0.2979754 0.6246438
vt 0.2986318 0.6253781
vt 0.2986087 0.6264828
vt 0.2868251 0.6149399
vt 0.2911136 0.6210048
vt 0.2954022 0.6246438
vt 0.2825365 0.6149399
vt 0.2868251 0.6210048
vt 0.2782479 0.6149399
vt 0.2979754 0.6258333
vt 0.2911136 0.6246438
vt 0.2825365 0.6210048
vt 0.2739593 0.6149399
vt 0.2782479 0.6210048
vt 0.2739593 0.6210048
vt 0.2868251 0.6246438
vt 0.2954022 0.6258333
vt 0.2825365 0.6246438
vt 0.2739593 0.6246438
vt 0.2782479 0.6246438
vt 0.2911136 0.6258333
vt 0.2868251 0.6258333
vt 0.2825365 0.6258333
vt 0.2782479 0.6258333
vt 0.2739593 0.6258333
vt 0.2696708 0.6258333
vt 0.2670976 0.6258333
vt 0.2954022 0.6273641
vt 0.2911136 0.6273641
vt 0.2868251 0.6273641
vt 0.2825365 0.6273641
vt 0.2782479 0.6273641
vt 0.2739593 0.6273641
vt 0.2696708 0.6273641
vt 0.2979754 0.6273641
vt 0.2985925 0.6275538
vt 0.2979754 0.629003
vt 0.2989619 0.6278027
vt 0.2991158 0.6272157
vt 0.2986087 0.6288404
vt 0.2991158 0.6286985
vt 0.2954022 0.629003
vt 0.2979754 0.6305006
vt 0.2986318 0.6302495
vt 0.2991883 0.629988
vt 0.2911136 0.629003
vt 0.2954022 0.6305006
vt 0.2979754 0.6357688
vt 0.2986318 0.6360199
vt 0.2991883 0.6362815
vt 0.2991158 0.6375709
vt 0.2986087 0.6374291
vt 0.2989619 0.6384668
vt 0.2868251 0.629003
vt 0.2911136 0.6305006
vt 0.2954022 0.6357688
vt 0.2979754 0.6372664
vt 0.2985925 0.6387157
vt 0.2825365 0.629003
vt 0.2868251 0.6305006
vt 0.2911136 0.6357688
vt 0.2954022 0.6372664
vt 0.2782479 0.629003
vt 0.2986087 0.6397867
vt 0.2991158 0.6390537
vt 0.2979754 0.6389053
vt 0.2979754 0.6404361
vt 0.2954022 0.6389053
vt 0.2911136 0.6372664
vt 0.2979754 0.6416256
vt 0.2986318 0.6408914
vt 0.2954022 0.6404361
vt 0.2979754 0.6452646
vt 0.2986318 0.645074
vt 0.2868251 0.6357688
vt 0.2911136 0.6389053
vt 0.2954022 0.6416256
vt 0.2979754 0.6513296
vt 0.2986318 0.6511396
vt 0.2868251 0.6372664
vt 0.2825365 0.6357688
vt 0.2911136 0.6404361
vt 0.2954022 0.6452646
vt 0.2979754 0.6573946
vt 0.2986318 0.6572048
vt 0.2868251 0.6389053
vt 0.2911136 0.6416256
vt 0.2954022 0.6513296
vt 0.2979754 0.6634595
vt 0.2986318 0.6632695
vt 0.2825365 0.6372664
vt 0.2868251 0.6404361
vt 0.2911136 0.6452646
vt 0.2954022 0.6573946
vt 0.2979754 0.6695245
vt 0.2986318 0.6693339
vt 0.2825365 0.6389053
vt 0.2868251 0.6416256
vt 0.2911136 0.6513296
vt 0.2954022 0.6634595
vt 0.2979754 0.6731635
vt 0.2986318 0.6735143
vt 0.2954022 0.6695245
vt 0.2954022 0.6731635
vt 0.2911136 0.6573946
vt 0.2868251 0.6452646
vt 0.2911136 0.6634595
vt 0.2911136 0.6695245
vt 0.2911136 0.6731635
vt 0.2868251 0.6513296
vt 0.2868251 0.6573946
vt 0.2868251 0.6695245
vt 0.2868251 0.6731635
vt 0.2868251 0.6634595
vt 0.2825365 0.6695245
vt 0.2825365 0.6731635
vt 0.2825365 0.6634595
vt 0.2825365 0.6573946
vt 0.2825365 0.6513296
vt 0.2825365 0.6452646
vt 0.2782479 0.6695245
vt 0.2782479 0.6731635
vt 0.2782479 0.6634595
vt 0.2782479 0.6573946
vt 0.2782479 0.6513296
vt 0.2739593 0.6695245
vt 0.2739593 0.6731635
vt 0.2739593 0.6634595
vt 0.2739593 0.6573946
vt 0.2696708 0.6695245
vt 0.2696708 0.6731635
vt 0.2696708 0.6634595
vt 0.2670976 0.6695245
vt 0.2670976 0.6731635
vt 0.2664412 0.6735143
vt 0.2664412 0.6693339
vt 0.2670976 0.6634595
vt 0.2664412 0.6632695
vt 0.2670976 0.6573946
vt 0.2664412 0.6572048
vt 0.2696708 0.6573946
vt 0.2670976 0.6513296
vt 0.2664412 0.6511396
vt 0.2696708 0.6513296
vt 0.2670976 0.6452646
vt 0.2664412 0.645074
vt 0.2739593 0.6513296
vt 0.2696708 0.6452646
vt 0.2670976 0.6416256
vt 0.2664412 0.6408914
vt 0.2664643 0.6397867
vt 0.2739593 0.6452646
vt 0.2696708 0.6416256
vt 0.2782479 0.6452646
vt 0.2739593 0.6416256
vt 0.2670976 0.6404361
vt 0.2782479 0.6416256
vt 0.2696708 0.6404361
vt 0.2825365 0.6416256
vt 0.2739593 0.6404361
vt 0.2825365 0.6404361
vt 0.2782479 0.6404361
vt 0.2782479 0.6389053
vt 0.2739593 0.6389053
vt 0.2696708 0.6389053
vt 0.2782479 0.6372664
vt 0.2739593 0.6372664
vt 0.2782479 0.6357688
vt 0.2670976 0.6389053
vt 0.2696708 0.6372664
vt 0.2739593 0.6357688
vt 0.2825365 0.6305006
vt 0.2782479 0.6305006
vt 0.2664805 0.6387157
vt 0.2696708 0.6357688
vt 0.2739593 0.629003
vt 0.2739593 0.6305006
vt 0.2696708 0.629003
vt 0.2696708 0.6305006
vt 0.2670976 0.6357688
vt 0.2670976 0.6273641
vt 0.2670976 0.629003
vt 0.2664805 0.6275538
vt 0.2670976 0.6305006
vt 0.2661111 0.6278027
vt 0.2659572 0.6272157
vt 0.2664643 0.6288404
vt 0.2659572 0.6286985
vt 0.2664412 0.6302495
vt 0.2658846 0.629988
vt 0.2658846 0.6362815
vt 0.2664412 0.6360199
vt 0.2659572 0.6375709
vt 0.2664643 0.6374291
vt 0.2661111 0.6384668
vt 0.2670976 0.6372664
vt 0.2659572 0.6390537
vt 0.6320676 0.65672
vt 0.6312941 0.6585453
vt 0.6317797 0.6579943
vt 0.6312956 0.6576415
vt 0.632069 0.6508064
vt 0.6313013 0.6508064
vt 0.6320696 0.6422293
vt 0.6301399 0.6585768
vt 0.6313045 0.6422293
vt 0.6320696 0.6336521
vt 0.6304128 0.6593211
vt 0.6287769 0.6593837
vt 0.6311517 0.6592329
vt 0.6306265 0.6599746
vt 0.6301524 0.6508064
vt 0.6293401 0.6601835
vt 0.6237619 0.664399
vt 0.6297538 0.6609254
vt 0.6245618 0.6649622
vt 0.6253037 0.6653758
vt 0.624353 0.6662486
vt 0.6236995 0.6660349
vt 0.6236113 0.6667737
vt 0.6229237 0.6669163
vt 0.6229552 0.6657621
vt 0.6301594 0.6422293
vt 0.6287972 0.6508065
vt 0.6313053 0.6336521
vt 0.6320691 0.6250749
vt 0.6313039 0.625075
vt 0.6320679 0.6164978
vt 0.6301614 0.6336522
vt 0.6313002 0.6164978
vt 0.6320661 0.6105841
vt 0.6288086 0.6422293
vt 0.6301588 0.625075
vt 0.6288121 0.6336522
vt 0.6237614 0.6508067
vt 0.6237612 0.6422295
vt 0.6237609 0.6336524
vt 0.6237617 0.6593838
vt 0.631294 0.6096627
vt 0.6301513 0.6164979
vt 0.628808 0.625075
vt 0.6312925 0.6087589
vt 0.6317781 0.6093099
vt 0.6301383 0.6087275
vt 0.6237606 0.6250752
vt 0.628796 0.6164979
vt 0.6304111 0.6079832
vt 0.6311499 0.6080714
vt 0.6306247 0.6073297
vt 0.6287752 0.6079208
vt 0.6293384 0.6071208
vt 0.629752 0.6063789
vt 0.6253016 0.6019288
vt 0.6245597 0.6023425
vt 0.6243508 0.6010562
vt 0.6237603 0.6164981
vt 0.62376 0.6079209
vt 0.6237599 0.6029058
vt 0.6236973 0.6012698
vt 0.6236091 0.600531
vt 0.6229215 0.6003885
vt 0.6229531 0.6015427
vt 0.6151831 0.6164984
vt 0.6151829 0.6079212
vt 0.6151827 0.6028855
vt 0.6151826 0.6015303
vt 0.6151834 0.6250755
vt 0.6151837 0.6336526
vt 0.615184 0.6422298
vt 0.6151843 0.650807
vt 0.6151845 0.6593841
vt 0.6151847 0.6644198
vt 0.606606 0.6164986
vt 0.6066063 0.6250758
vt 0.6066065 0.6336529
vt 0.6066068 0.6422301
vt 0.6066071 0.6508073
vt 0.6066074 0.6593844
vt 0.6066057 0.6079215
vt 0.6066055 0.602874
vt 0.6066055 0.6015233
vt 0.5980294 0.6336532
vt 0.5980297 0.6422304
vt 0.59803 0.6508075
vt 0.5980291 0.6250761
vt 0.5980288 0.6164989
vt 0.5980285 0.6079218
vt 0.5980284 0.6028705
vt 0.5980284 0.6015213
vt 0.5894523 0.6336535
vt 0.589452 0.6250764
vt 0.5894517 0.6164992
vt 0.5894514 0.6079221
vt 0.5894513 0.6028746
vt 0.5894512 0.6015239
vt 0.5894526 0.6422306
vt 0.5808746 0.6164995
vt 0.5808743 0.6079224
vt 0.5808741 0.6028866
vt 0.572297 0.6029075
vt 0.5808749 0.6250767
vt 0.580874 0.6015314
vt 0.5722971 0.6079226
vt 0.567282 0.6079228
vt 0.5722974 0.6164998
vt 0.5808751 0.6336538
vt 0.5722977 0.6250769
vt 0.5731037 0.6015443
vt 0.5672617 0.6165
vt 0.580874 0.6003824
vt 0.5740389 0.6003887
vt 0.5894511 0.6003788
vt 0.5980283 0.6003773
vt 0.6066055 0.6003782
vt 0.6151826 0.6003813
vt 0.6220177 0.6003871
vt 0.6210962 0.599615
vt 0.6223704 0.599903
vt 0.6151826 0.5996136
vt 0.6066054 0.599613
vt 0.5980283 0.599613
vt 0.5894511 0.5996136
vt 0.580874 0.5996148
vt 0.5749604 0.5996165
vt 0.5731351 0.6003901
vt 0.5736861 0.5999046
vt 0.5723594 0.6012716
vt 0.5724476 0.6005327
vt 0.5717059 0.6010579
vt 0.571497 0.6023443
vt 0.5707551 0.6019306
vt 0.566305 0.606381
vt 0.5667187 0.6071229
vt 0.5654324 0.6073318
vt 0.5656461 0.6079853
vt 0.5649072 0.6080736
vt 0.5647647 0.6087611
vt 0.5659189 0.6087296
vt 0.5659064 0.6165
vt 0.5647633 0.609665
vt 0.5639912 0.6105865
vt 0.5642792 0.6093122
vt 0.5639898 0.6165001
vt 0.5647575 0.6165
vt 0.5639892 0.6250772
vt 0.5647544 0.6250772
vt 0.5639892 0.6336544
vt 0.5658995 0.6250771
vt 0.5647535 0.6336544
vt 0.5639898 0.6422315
vt 0.5672503 0.6250771
vt 0.564755 0.6422315
vt 0.563991 0.6508086
vt 0.5658974 0.6336543
vt 0.572298 0.6336541
vt 0.5647587 0.6508086
vt 0.5639927 0.6567222
vt 0.5672467 0.6336542
vt 0.5659001 0.6422315
vt 0.5808754 0.6422309
vt 0.5722983 0.6422312
vt 0.5672508 0.6422314
vt 0.5659076 0.6508086
vt 0.5647649 0.6576437
vt 0.5894529 0.6508078
vt 0.5808757 0.6508081
vt 0.5722985 0.6508084
vt 0.5647663 0.6585475
vt 0.5642808 0.6579965
vt 0.5659205 0.658579
vt 0.5672628 0.6508086
vt 0.5980303 0.6593847
vt 0.5894531 0.659385
vt 0.5656478 0.6593233
vt 0.5649089 0.6592351
vt 0.5654341 0.6599768
vt 0.580876 0.6593853
vt 0.5672837 0.6593857
vt 0.5667205 0.6601856
vt 0.5663068 0.6609275
vt 0.5707572 0.6653776
vt 0.5722988 0.6593855
vt 0.5714991 0.664964
vt 0.571708 0.6662503
vt 0.572299 0.6644007
vt 0.5723615 0.6660366
vt 0.5724498 0.6667755
vt 0.5731373 0.6669179
vt 0.5808762 0.664421
vt 0.5731058 0.6657638
vt 0.5894533 0.6644324
vt 0.5808762 0.6657762
vt 0.5894533 0.6657832
vt 0.5980304 0.6644359
vt 0.5980305 0.6657852
vt 0.6066076 0.6644318
vt 0.6066076 0.6657826
vt 0.6151848 0.6657751
vt 0.6220199 0.6669177
vt 0.6151848 0.666924
vt 0.6210985 0.6676899
vt 0.6223727 0.6674019
vt 0.6151848 0.6676916
vt 0.6066077 0.6669277
vt 0.6066077 0.6676928
vt 0.5980305 0.6669291
vt 0.5980306 0.6676934
vt 0.5894534 0.6669283
vt 0.5894534 0.6676934
vt 0.5808762 0.6669251
vt 0.5808762 0.6676928
vt 0.5740411 0.6669194
vt 0.5749626 0.6676915
vt 0.5736884 0.6674035
vt 0.05963137 0.7390507
vt 0.06095127 0.7386975
vt 0.06036433 0.7385436
vt 0.06070234 0.7390669
vt 0.06198898 0.7390507
vt 0.06184712 0.7385436
vt 0.06339808 0.7390276
vt 0.06313654 0.738471
vt 0.06916856 0.7390276
vt 0.0694301 0.738471
vt 0.07071952 0.7385436
vt 0.07057765 0.7390507
vt 0.07161537 0.7386975
vt 0.06891742 0.739684
vt 0.06364921 0.739684
vt 0.06215162 0.739684
vt 0.05898192 0.739684
vt 0.05779238 0.739684
vt 0.05852669 0.7390276
vt 0.05779238 0.7422572
vt 0.06051268 0.739684
vt 0.05898192 0.7422572
vt 0.05779238 0.7465458
vt 0.06051268 0.7422572
vt 0.05898192 0.7465458
vt 0.05779238 0.7508343
vt 0.06215162 0.7422572
vt 0.06051268 0.7465458
vt 0.05898192 0.7508343
vt 0.05779238 0.7551229
vt 0.06364921 0.7422572
vt 0.06215162 0.7465458
vt 0.05898192 0.7551229
vt 0.05779238 0.7594115
vt 0.06051268 0.7508343
vt 0.05898192 0.7594115
vt 0.05779238 0.7637001
vt 0.06051268 0.7551229
vt 0.06215162 0.7508343
vt 0.06364921 0.7465458
vt 0.06891742 0.7422572
vt 0.05898192 0.7637001
vt 0.05779238 0.7679886
vt 0.06051268 0.7594115
vt 0.06215162 0.7551229
vt 0.06364921 0.7508343
vt 0.05898192 0.7679886
vt 0.05779238 0.7705618
vt 0.06051268 0.7637001
vt 0.06215162 0.7594115
vt 0.06891742 0.7465458
vt 0.06364921 0.7551229
vt 0.06891742 0.7508343
vt 0.05898192 0.7705618
vt 0.06051268 0.7679886
vt 0.06215162 0.7637001
vt 0.06364921 0.7594115
vt 0.06891742 0.7551229
vt 0.05963137 0.7711951
vt 0.05852669 0.7712182
vt 0.07041503 0.7465458
vt 0.07041503 0.7508343
vt 0.07041503 0.7422572
vt 0.07041503 0.739684
vt 0.07186429 0.7390669
vt 0.07205395 0.739684
vt 0.07205395 0.7422572
vt 0.07293526 0.7390507
vt 0.07220231 0.7385436
vt 0.07358472 0.739684
vt 0.07205395 0.7465458
vt 0.07477427 0.739684
vt 0.07403996 0.7390276
vt 0.07358472 0.7422572
vt 0.07477427 0.7422572
vt 0.07358472 0.7465458
vt 0.07477427 0.7465458
vt 0.07205395 0.7508343
vt 0.07358472 0.7508343
vt 0.07477427 0.7508343
vt 0.07041503 0.7551229
vt 0.07205395 0.7551229
vt 0.07358472 0.7551229
vt 0.07477427 0.7551229
vt 0.06891742 0.7594115
vt 0.07041503 0.7594115
vt 0.07205395 0.7594115
vt 0.07358472 0.7594115
vt 0.07477427 0.7594115
vt 0.06364921 0.7637001
vt 0.06891742 0.7637001
vt 0.07041503 0.7637001
vt 0.07205395 0.7637001
vt 0.07358472 0.7637001
vt 0.07477427 0.7637001
vt 0.06215162 0.7679886
vt 0.06364921 0.7679886
vt 0.06891742 0.7679886
vt 0.07041503 0.7679886
vt 0.07205395 0.7679886
vt 0.07358472 0.7679886
vt 0.07477427 0.7679886
vt 0.06051268 0.7705618
vt 0.06215162 0.7705618
vt 0.06070235 0.7711789
vt 0.06364921 0.7705618
vt 0.06891742 0.7705618
vt 0.07041503 0.7705618
vt 0.07205395 0.7705618
vt 0.06095127 0.7715483
vt 0.06036433 0.7717022
vt 0.06198898 0.7711951
vt 0.06184712 0.7717022
vt 0.06339808 0.7712182
vt 0.06313654 0.7717748
vt 0.0694301 0.7717748
vt 0.06916856 0.7712182
vt 0.07071952 0.7717022
vt 0.07057765 0.7711951
vt 0.07161537 0.7715483
vt 0.07186429 0.7711789
vt 0.07293526 0.7711951
vt 0.07220231 0.7717022
vt 0.07358472 0.7705618
vt 0.07477427 0.7705618
vt 0.07403996 0.7712182
f 1/1/1 3/3/3 2/2/2
f 1/1/1 2/2/2 4/4/4
f 5/5/5 4/4/4 2/2/2
f 5/5/5 2/2/2 6/6/6
f 7/7/7 5/5/5 6/6/6
f 7/7/7 6/6/6 8/8/8
f 8/8/8 9/9/9 7/7/7
f 8/8/8 10/10/10 9/9/9
f 9/9/9 10/10/10 11/11/11
f 9/9/9 11/11/11 12/12/12
f 12/12/12 11/11/11 13/13/13
f 7/7/7 9/9/9 14/14/14
f 14/14/14 9/9/9 12/12/12
f 15/15/15 5/5/5 7/7/7
f 7/7/7 14/14/14 15/15/15
f 16/16/16 4/4/4 5/5/5
f 15/15/15 16/16/16 5/5/5
f 17/17/17 1/1/1 4/4/4
f 16/16/16 18/18/18 4/4/4
f 17/17/17 4/4/4 18/18/18
f 19/19/19 1/1/1 17/17/17
f 19/19/19 20/20/20 1/1/1
f 21/21/21 20/20/20 19/19/19
f 21/21/21 19/19/19 22/22/22
f 23/23/23 21/21/21 22/22/22
f 23/23/23 22/22/22 24/24/24
f 25/25/25 23/23/23 24/24/24
f 25/25/25 24/24/24 26/26/26
f 27/27/27 25/25/25 26/26/26
f 27/27/27 26/26/26 28/28/28
f 29/29/29 27/27/27 28/28/28
f 29/29/29 28/28/28 30/30/30
f 31/31/31 29/29/29 30/30/30
f 31/31/31 30/30/30 32/32/32
f 33/33/33 32/32/32 30/30/30
f 33/33/33 30/30/30 34/34/34
f 34/34/34 30/30/30 28/28/28
f 35/35/35 33/33/33 34/34/34
f 36/36/36 28/28/28 26/26/26
f 34/34/34 28/28/28 36/36/36
f 35/35/35 34/34/34 37/37/37
f 37/37/37 34/34/34 36/36/36
f 38/38/38 35/35/35 37/37/37
f 39/39/39 26/26/26 24/24/24
f 36/36/36 26/26/26 39/39/39
f 38/38/38 37/37/37 40/40/40
f 41/41/41 38/38/38 40/40/40
f 37/37/37 36/36/36 42/42/42
f 42/42/42 36/36/36 39/39/39
f 40/40/40 37/37/37 42/42/42
f 39/39/39 24/24/24 43/43/43
f 43/43/43 24/24/24 22/22/22
f 41/41/41 40/40/40 44/44/44
f 45/45/45 41/41/41 44/44/44
f 42/42/42 39/39/39 46/46/46
f 46/46/46 39/39/39 43/43/43
f 40/40/40 42/42/42 47/47/47
f 44/44/44 40/40/40 47/47/47
f 47/47/47 42/42/42 46/46/46
f 43/43/43 22/22/22 48/48/48
f 48/48/48 22/22/22 19/19/19
f 45/45/45 44/44/44 49/49/49
f 50/50/50 45/45/45 49/49/49
f 44/44/44 47/47/47 51/51/51
f 49/49/49 44/44/44 51/51/51
f 47/47/47 46/46/46 52/52/52
f 51/51/51 47/47/47 52/52/52
f 46/46/46 43/43/43 53/53/53
f 53/53/53 43/43/43 48/48/48
f 52/52/52 46/46/46 53/53/53
f 48/48/48 19/19/19 54/54/54
f 17/17/17 54/54/54 19/19/19
f 50/50/50 49/49/49 55/55/55
f 56/56/56 50/50/50 55/55/55
f 49/49/49 51/51/51 57/57/57
f 55/55/55 49/49/49 57/57/57
f 51/51/51 52/52/52 58/58/58
f 57/57/57 51/51/51 58/58/58
f 52/52/52 53/53/53 59/59/59
f 58/58/58 52/52/52 59/59/59
f 53/53/53 48/48/48 60/60/60
f 60/60/60 48/48/48 54/54/54
f 59/59/59 53/53/53 60/60/60
f 17/17/17 61/61/61 54/54/54
f 18/18/18 61/61/61 17/17/17
f 56/56/56 55/55/55 62/62/62
f 63/63/63 56/56/56 62/62/62
f 55/55/55 57/57/57 64/64/64
f 62/62/62 55/55/55 64/64/64
f 57/57/57 58/58/58 65/65/65
f 64/64/64 57/57/57 65/65/65
f 58/58/58 59/59/59 66/66/66
f 65/65/65 58/58/58 66/66/66
f 59/59/59 60/60/60 67/67/67
f 66/66/66 59/59/59 67/67/67
f 60/60/60 54/54/54 68/68/68
f 61/61/61 68/68/68 54/54/54
f 67/67/67 60/60/60 68/68/68
f 63/63/63 62/62/62 69/69/69
f 62/62/62 64/64/64 70/70/70
f 69/69/69 62/62/62 70/70/70
f 64/64/64 65/65/65 71/71/71
f 70/70/70 64/64/64 71/71/71
f 65/65/65 66/66/66 72/72/72
f 71/71/71 65/65/65 72/72/72
f 66/66/66 67/67/67 73/73/73
f 72/72/72 66/66/66 73/73/73
f 67/67/67 68/68/68 74/74/74
f 73/73/73 67/67/67 74/74/74
f 61/61/61 75/75/75 68/68/68
f 75/75/75 74/74/74 68/68/68
f 76/76/76 63/63/63 69/69/69
f 76/76/76 77/77/77 63/63/63
f 78/78/78 76/76/76 69/69/69
f 78/78/78 69/69/69 79/79/79
f 80/80/80 78/78/78 79/79/79
f 69/69/69 70/70/70 79/79/79
f 80/80/80 79/79/79 81/81/81
f 82/82/82 80/80/80 81/81/81
f 79/79/79 70/70/70 83/83/83
f 79/79/79 83/83/83 81/81/81
f 70/70/70 71/71/71 83/83/83
f 82/82/82 81/81/81 84/84/84
f 85/85/85 82/82/82 84/84/84
f 81/81/81 83/83/83 86/86/86
f 81/81/81 86/86/86 84/84/84
f 83/83/83 71/71/71 87/87/87
f 83/83/83 87/87/87 86/86/86
f 71/71/71 72/72/72 87/87/87
f 85/85/85 84/84/84 88/88/88
f 89/89/89 85/85/85 88/88/88
f 84/84/84 86/86/86 90/90/90
f 84/84/84 90/90/90 88/88/88
f 86/86/86 87/87/87 91/91/91
f 86/86/86 91/91/91 90/90/90
f 87/87/87 72/72/72 92/92/92
f 87/87/87 92/92/92 91/91/91
f 72/72/72 73/73/73 92/92/92
f 89/89/89 88/88/88 93/93/93
f 93/93/93 94/94/94 89/89/89
f 88/88/88 90/90/90 95/95/95
f 88/88/88 95/95/95 93/93/93
f 90/90/90 91/91/91 96/96/96
f 90/90/90 96/96/96 95/95/95
f 92/92/92 73/73/73 97/97/97
f 73/73/73 74/74/74 97/97/97
f 91/91/91 92/92/92 98/98/98
f 91/91/91 98/98/98 96/96/96
f 92/92/92 97/97/97 98/98/98
f 99/99/99 97/97/97 74/74/74
f 75/75/75 99/99/99 74/74/74
f 100/100/100 98/98/98 97/97/97
f 99/99/99 100/100/100 97/97/97
f 101/101/101 96/96/96 98/98/98
f 100/100/100 101/101/101 98/98/98
f 102/102/102 95/95/95 96/96/96
f 101/101/101 102/102/102 96/96/96
f 103/103/103 93/93/93 95/95/95
f 102/102/102 103/103/103 95/95/95
f 103/103/103 104/104/104 93/93/93
f 93/93/93 104/104/104 94/94/94
f 105/105/105 99/99/99 75/75/75
f 106/106/106 100/100/100 99/99/99
f 105/105/105 106/106/106 99/99/99
f 107/107/107 101/101/101 100/100/100
f 106/106/106 107/107/107 100/100/100
f 108/108/108 102/102/102 101/101/101
f 107/107/107 108/108/108 101/101/101
f 109/109/109 103/103/103 102/102/102
f 108/108/108 109/109/109 102/102/102
f 110/110/110 104/104/104 103/103/103
f 109/109/109 110/110/110 103/103/103
f 111/111/111 105/105/105 75/75/75
f 111/111/111 75/75/75 61/61/61
f 18/18/18 111/111/111 61/61/61
f 16/16/16 111/111/111 18/18/18
f 16/16/16 112/112/112 111/111/111
f 112/112/112 105/105/105 111/111/111
f 15/15/15 112/112/112 16/16/16
f 112/112/112 113/113/113 105/105/105
f 113/113/113 106/106/106 105/105/105
f 15/15/15 114/114/114 112/112/112
f 114/114/114 113/113/113 112/112/112
f 114/114/114 15/15/15 14/14/14
f 113/113/113 115/115/115 106/106/106
f 115/115/115 107/107/107 106/106/106
f 114/114/114 116/116/116 113/113/113
f 116/116/116 115/115/115 113/113/113
f 114/114/114 14/14/14 117/117/117
f 116/116/116 114/114/114 117/117/117
f 115/115/115 118/118/118 107/107/107
f 118/118/118 108/108/108 107/107/107
f 116/116/116 119/119/119 115/115/115
f 119/119/119 118/118/118 115/115/115
f 118/118/118 120/120/120 108/108/108
f 120/120/120 109/109/109 108/108/108
f 121/121/121 117/117/117 14/14/14
f 14/14/14 12/12/12 121/121/121
f 116/116/116 117/117/117 122/122/122
f 119/119/119 116/116/116 122/122/122
f 119/119/119 123/123/123 118/118/118
f 123/123/123 120/120/120 118/118/118
f 120/120/120 124/124/124 109/109/109
f 124/124/124 110/110/110 109/109/109
f 121/121/121 125/125/125 117/117/117
f 125/125/125 122/122/122 117/117/117
f 121/121/121 12/12/12 126/126/126
f 12/12/12 13/13/13 126/126/126
f 119/119/119 122/122/122 127/127/127
f 123/123/123 119/119/119 127/127/127
f 123/123/123 128/128/128 120/120/120
f 128/128/128 124/124/124 120/120/120
f 125/125/125 129/129/129 122/122/122
f 129/129/129 127/127/127 122/122/122
f 130/130/130 125/125/125 121/121/121
f 121/121/121 126/126/126 130/130/130
f 131/131/131 126/126/126 13/13/13
f 131/131/131 13/13/13 132/132/132
f 123/123/123 127/127/127 133/133/133
f 128/128/128 123/123/123 133/133/133
f 130/130/130 134/134/134 125/125/125
f 134/134/134 129/129/129 125/125/125
f 135/135/135 130/130/130 126/126/126
f 135/135/135 126/126/126 131/131/131
f 135/135/135 134/134/134 130/130/130
f 129/129/129 136/136/136 127/127/127
f 136/136/136 133/133/133 127/127/127
f 137/137/137 135/135/135 131/131/131
f 137/137/137 131/131/131 138/138/138
f 137/137/137 139/139/139 135/135/135
f 135/135/135 139/139/139 134/134/134
f 137/137/137 140/140/140 139/139/139
f 134/134/134 141/141/141 129/129/129
f 139/139/139 141/141/141 134/134/134
f 141/141/141 136/136/136 129/129/129
f 140/140/140 142/142/142 139/139/139
f 139/139/139 142/142/142 141/141/141
f 140/140/140 143/143/143 142/142/142
f 141/141/141 144/144/144 136/136/136
f 142/142/142 144/144/144 141/141/141
f 143/143/143 145/145/145 142/142/142
f 142/142/142 145/145/145 144/144/144
f 143/143/143 146/146/146 145/145/145
f 136/136/136 147/147/147 133/133/133
f 144/144/144 147/147/147 136/136/136
f 145/145/145 148/148/148 144/144/144
f 144/144/144 148/148/148 147/147/147
f 146/146/146 149/149/149 145/145/145
f 145/145/145 149/149/149 148/148/148
f 146/146/146 150/150/150 149/149/149
f 147/147/147 151/151/151 133/133/133
f 128/128/128 133/133/133 151/151/151
f 148/148/148 152/152/152 147/147/147
f 147/147/147 152/152/152 151/151/151
f 149/149/149 153/153/153 148/148/148
f 148/148/148 153/153/153 152/152/152
f 150/150/150 154/154/154 149/149/149
f 149/149/149 154/154/154 153/153/153
f 150/150/150 155/155/155 154/154/154
f 156/156/156 128/128/128 151/151/151
f 128/128/128 156/156/156 124/124/124
f 152/152/152 157/157/157 151/151/151
f 156/156/156 151/151/151 157/157/157
f 153/153/153 158/158/158 152/152/152
f 152/152/152 158/158/158 157/157/157
f 155/155/155 159/159/159 154/154/154
f 155/155/155 160/160/160 159/159/159
f 154/154/154 161/161/161 153/153/153
f 153/153/153 161/161/161 158/158/158
f 154/154/154 159/159/159 161/161/161
f 156/156/156 162/162/162 124/124/124
f 124/124/124 162/162/162 110/110/110
f 163/163/163 156/156/156 157/157/157
f 156/156/156 163/163/163 162/162/162
f 160/160/160 164/164/164 159/159/159
f 160/160/160 165/165/165 164/164/164
f 158/158/158 166/166/166 157/157/157
f 163/163/163 157/157/157 166/166/166
f 159/159/159 167/167/167 161/161/161
f 159/159/159 164/164/164 167/167/167
f 161/161/161 168/168/168 158/158/158
f 158/158/158 168/168/168 166/166/166
f 161/161/161 167/167/167 168/168/168
f 162/162/162 169/169/169 110/110/110
f 110/110/110 169/169/169 104/104/104
f 165/165/165 170/170/170 164/164/164
f 165/165/165 171/171/171 170/170/170
f 163/163/163 172/172/172 162/162/162
f 162/162/162 172/172/172 169/169/169
f 104/104/104 169/169/169 173/173/173
f 172/172/172 173/173/173 169/169/169
f 104/104/104 173/173/173 94/94/94
f 174/174/174 163/163/163 166/166/166
f 163/163/163 174/174/174 172/172/172
f 168/168/168 175/175/175 166/166/166
f 174/174/174 166/166/166 175/175/175
f 94/94/94 173/173/173 176/176/176
f 94/94/94 176/176/176 177/177/177
f 172/172/172 178/178/178 173/173/173
f 178/178/178 176/176/176 173/173/173
f 174/174/174 178/178/178 172/172/172
f 178/178/178 179/179/179 176/176/176
f 180/180/180 179/179/179 178/178/178
f 174/174/174 180/180/180 178/178/178
f 180/180/180 181/181/181 179/179/179
f 180/180/180 182/182/182 181/181/181
f 174/174/174 183/183/183 180/180/180
f 180/180/180 183/183/183 182/182/182
f 174/174/174 175/175/175 183/183/183
f 183/183/183 184/184/184 182/182/182
f 183/183/183 185/185/185 184/184/184
f 175/175/175 185/185/185 183/183/183
f 185/185/185 186/186/186 184/184/184
f 175/175/175 187/187/187 185/185/185
f 168/168/168 187/187/187 175/175/175
f 167/167/167 187/187/187 168/168/168
f 185/185/185 188/188/188 186/186/186
f 187/187/187 188/188/188 185/185/185
f 167/167/167 189/189/189 187/187/187
f 187/187/187 189/189/189 188/188/188
f 164/164/164 189/189/189 167/167/167
f 164/164/164 170/170/170 189/189/189
f 170/170/170 188/188/188 189/189/189
f 190/190/190 186/186/186 188/188/188
f 170/170/170 190/190/190 188/188/188
f 190/190/190 191/191/191 186/186/186
f 171/171/171 190/190/190 170/170/170
f 171/171/171 192/192/192 190/190/190
f 193/193/193 195/195/195 194/194/194
f 193/193/193 196/196/196 195/195/195
f 197/197/197 196/196/196 193/193/193
f 197/197/197 193/193/193 198/198/198
f 199/199/199 197/197/197 198/198/198
f 199/199/199 198/198/198 200/200/200
f 201/201/201 199/199/199 200/200/200
f 201/201/201 200/200/200 202/202/202
f 203/203/203 201/201/201 202/202/202
f 203/203/203 202/202/202 204/204/204
f 205/205/205 203/203/203 204/204/204
f 205/205/205 204/204/204 206/206/206
f 207/207/207 205/205/205 206/206/206
f 207/207/207 206/206/206 208/208/208
f 208/208/208 209/209/209 207/207/207
f 208/208/208 210/210/210 209/209/209
f 211/211/211 205/205/205 207/207/207
f 211/211/211 207/207/207 209/209/209
f 212/212/212 203/203/203 205/205/205
f 211/211/211 212/212/212 205/205/205
f 213/213/213 212/212/212 211/211/211
f 211/211/211 209/209/209 214/214/214
f 213/213/213 211/211/211 214/214/214
f 214/214/214 209/209/209 215/215/215
f 214/214/214 215/215/215 216/216/216
f 217/217/217 214/214/214 216/216/216
f 213/213/213 214/214/214 217/217/217
f 218/218/218 213/213/213 217/217/217
f 217/217/217 216/216/216 219/219/219
f 220/220/220 217/217/217 219/219/219
f 218/218/218 217/217/217 220/220/220
f 220/220/220 219/219/219 221/221/221
f 220/220/220 221/221/221 222/222/222
f 220/220/220 222/222/222 223/223/223
f 218/218/218 220/220/220 223/223/223
f 223/223/223 222/222/222 224/224/224
f 223/223/223 224/224/224 225/225/225
f 218/218/218 223/223/223 226/226/226
f 226/226/226 223/223/223 225/225/225
f 226/226/226 225/225/225 227/227/227
f 228/228/228 227/227/227 225/225/225
f 228/228/228 225/225/225 229/229/229
f 230/230/230 227/227/227 228/228/228
f 230/230/230 228/228/228 231/231/231
f 232/232/232 226/226/226 227/227/227
f 232/232/232 227/227/227 230/230/230
f 233/233/233 230/230/230 231/231/231
f 233/233/233 231/231/231 234/234/234
f 235/235/235 218/218/218 226/226/226
f 235/235/235 226/226/226 232/232/232
f 236/236/236 232/232/232 230/230/230
f 236/236/236 230/230/230 233/233/233
f 237/237/237 233/233/233 234/234/234
f 237/237/237 234/234/234 238/238/238
f 239/239/239 235/235/235 232/232/232
f 239/239/239 232/232/232 236/236/236
f 240/240/240 236/236/236 233/233/233
f 240/240/240 233/233/233 237/237/237
f 241/241/241 237/237/237 238/238/238
f 241/241/241 238/238/238 242/242/242
f 243/243/243 239/239/239 236/236/236
f 243/243/243 236/236/236 240/240/240
f 244/244/244 240/240/240 237/237/237
f 244/244/244 237/237/237 241/241/241
f 245/245/245 241/241/241 242/242/242
f 245/245/245 242/242/242 246/246/246
f 247/247/247 243/243/243 240/240/240
f 247/247/247 240/240/240 244/244/244
f 248/248/248 244/244/244 241/241/241
f 248/248/248 241/241/241 245/245/245
f 249/249/249 245/245/245 246/246/246
f 249/249/249 246/246/246 250/250/250
f 251/251/251 245/245/245 249/249/249
f 251/251/251 248/248/248 245/245/245
f 250/250/250 252/252/252 249/249/249
f 251/251/251 249/249/249 252/252/252
f 250/250/250 253/253/253 252/252/252
f 254/254/254 244/244/244 248/248/248
f 254/254/254 247/247/247 244/244/244
f 251/251/251 252/252/252 255/255/255
f 255/255/255 252/252/252 256/256/256
f 255/255/255 256/256/256 257/257/257
f 258/258/258 248/248/248 251/251/251
f 258/258/258 251/251/251 255/255/255
f 258/258/258 254/254/254 248/248/248
f 259/259/259 255/255/255 257/257/257
f 258/258/258 255/255/255 259/259/259
f 259/259/259 257/257/257 260/260/260
f 260/260/260 261/261/261 259/259/259
f 260/260/260 262/262/262 261/261/261
f 261/261/261 262/262/262 263/263/263
f 259/259/259 264/264/264 258/258/258
f 259/259/259 261/261/261 264/264/264
f 261/261/261 263/263/263 265/265/265
f 264/264/264 261/261/261 265/265/265
f 265/265/265 263/263/263 266/266/266
f 265/265/265 266/266/266 267/267/267
f 254/254/254 258/258/258 268/268/268
f 268/268/268 258/258/258 264/264/264
f 264/264/264 265/265/265 269/269/269
f 269/269/269 265/265/265 267/267/267
f 254/254/254 268/268/268 270/270/270
f 247/247/247 254/254/254 270/270/270
f 268/268/268 264/264/264 271/271/271
f 271/271/271 264/264/264 269/269/269
f 247/247/247 270/270/270 272/272/272
f 243/243/243 247/247/247 272/272/272
f 270/270/270 268/268/268 273/273/273
f 268/268/268 271/271/271 273/273/273
f 243/243/243 272/272/272 274/274/274
f 239/239/239 243/243/243 274/274/274
f 272/272/272 270/270/270 275/275/275
f 270/270/270 273/273/273 275/275/275
f 239/239/239 274/274/274 276/276/276
f 235/235/235 239/239/239 276/276/276
f 274/274/274 272/272/272 277/277/277
f 272/272/272 275/275/275 277/277/277
f 235/235/235 276/276/276 278/278/278
f 218/218/218 235/235/235 278/278/278
f 276/276/276 274/274/274 279/279/279
f 274/274/274 277/277/277 279/279/279
f 218/218/218 278/278/278 280/280/280
f 218/218/218 280/280/280 213/213/213
f 278/278/278 276/276/276 281/281/281
f 276/276/276 279/279/279 281/281/281
f 280/280/280 278/278/278 282/282/282
f 278/278/278 281/281/281 282/282/282
f 213/213/213 280/280/280 283/283/283
f 280/280/280 282/282/282 283/283/283
f 213/213/213 283/283/283 284/284/284
f 213/213/213 284/284/284 212/212/212
f 284/284/284 285/285/285 212/212/212
f 212/212/212 285/285/285 203/203/203
f 285/285/285 201/201/201 203/203/203
f 285/285/285 286/286/286 201/201/201
f 286/286/286 199/199/199 201/201/201
f 284/284/284 287/287/287 285/285/285
f 287/287/287 286/286/286 285/285/285
f 284/284/284 283/283/283 288/288/288
f 284/284/284 288/288/288 287/287/287
f 283/283/283 282/282/282 289/289/289
f 283/283/283 289/289/289 288/288/288
f 282/282/282 281/281/281 290/290/290
f 282/282/282 290/290/290 289/289/289
f 286/286/286 291/291/291 199/199/199
f 291/291/291 197/197/197 199/199/199
f 287/287/287 292/292/292 286/286/286
f 292/292/292 291/291/291 286/286/286
f 287/287/287 288/288/288 293/293/293
f 287/287/287 293/293/293 292/292/292
f 288/288/288 289/289/289 294/294/294
f 288/288/288 294/294/294 293/293/293
f 291/291/291 295/295/295 197/197/197
f 295/295/295 196/196/196 197/197/197
f 292/292/292 296/296/296 291/291/291
f 296/296/296 295/295/295 291/291/291
f 292/292/292 293/293/293 297/297/297
f 292/292/292 297/297/297 296/296/296
f 295/295/295 298/298/298 196/196/196
f 298/298/298 195/195/195 196/196/196
f 296/296/296 299/299/299 295/295/295
f 299/299/299 298/298/298 295/295/295
f 298/298/298 300/300/300 195/195/195
f 300/300/300 301/301/301 195/195/195
f 300/300/300 302/302/302 301/301/301
f 303/303/303 300/300/300 298/298/298
f 299/299/299 303/303/303 298/298/298
f 304/304/304 302/302/302 300/300/300
f 303/303/303 304/304/304 300/300/300
f 304/304/304 305/305/305 302/302/302
f 304/304/304 306/306/306 305/305/305
f 304/304/304 307/307/307 306/306/306
f 303/303/303 307/307/307 304/304/304
f 307/307/307 308/308/308 306/306/306
f 296/296/296 309/309/309 299/299/299
f 296/296/296 297/297/297 309/309/309
f 299/299/299 310/310/310 303/303/303
f 299/299/299 309/309/309 310/310/310
f 307/307/307 311/311/311 308/308/308
f 311/311/311 312/312/312 308/308/308
f 311/311/311 313/313/313 312/312/312
f 303/303/303 314/314/314 307/307/307
f 314/314/314 311/311/311 307/307/307
f 303/303/303 310/310/310 314/314/314
f 315/315/315 313/313/313 311/311/311
f 314/314/314 315/315/315 311/311/311
f 297/297/297 316/316/316 309/309/309
f 309/309/309 317/317/317 310/310/310
f 309/309/309 316/316/316 317/317/317
f 310/310/310 318/318/318 314/314/314
f 310/310/310 317/317/317 318/318/318
f 314/314/314 319/319/319 315/315/315
f 314/314/314 318/318/318 319/319/319
f 297/297/297 320/320/320 316/316/316
f 293/293/293 320/320/320 297/297/297
f 293/293/293 294/294/294 320/320/320
f 315/315/315 321/321/321 313/313/313
f 322/322/322 313/313/313 321/321/321
f 322/322/322 323/323/323 313/313/313
f 321/321/321 324/324/324 322/322/322
f 315/315/315 325/325/325 321/321/321
f 321/321/321 325/325/325 324/324/324
f 315/315/315 319/319/319 325/325/325
f 325/325/325 326/326/326 324/324/324
f 325/325/325 327/327/327 326/326/326
f 319/319/319 327/327/327 325/325/325
f 327/327/327 328/328/328 326/326/326
f 319/319/319 329/329/329 327/327/327
f 318/318/318 329/329/329 319/319/319
f 327/327/327 330/330/330 328/328/328
f 329/329/329 330/330/330 327/327/327
f 330/330/330 331/331/331 328/328/328
f 318/318/318 332/332/332 329/329/329
f 317/317/317 332/332/332 318/318/318
f 329/329/329 333/333/333 330/330/330
f 332/332/332 333/333/333 329/329/329
f 330/330/330 334/334/334 331/331/331
f 333/333/333 334/334/334 330/330/330
f 334/334/334 335/335/335 331/331/331
f 317/317/317 336/336/336 332/332/332
f 316/316/316 336/336/336 317/317/317
f 332/332/332 337/337/337 333/333/333
f 336/336/336 337/337/337 332/332/332
f 333/333/333 338/338/338 334/334/334
f 337/337/337 338/338/338 333/333/333
f 334/334/334 339/339/339 335/335/335
f 338/338/338 339/339/339 334/334/334
f 339/339/339 340/340/340 335/335/335
f 316/316/316 341/341/341 336/336/336
f 320/320/320 341/341/341 316/316/316
f 336/336/336 342/342/342 337/337/337
f 341/341/341 342/342/342 336/336/336
f 337/337/337 343/343/343 338/338/338
f 342/342/342 343/343/343 337/337/337
f 338/338/338 344/344/344 339/339/339
f 343/343/343 344/344/344 338/338/338
f 339/339/339 345/345/345 340/340/340
f 344/344/344 345/345/345 339/339/339
f 320/320/320 346/346/346 341/341/341
f 294/294/294 346/346/346 320/320/320
f 341/341/341 347/347/347 342/342/342
f 346/346/346 347/347/347 341/341/341
f 342/342/342 348/348/348 343/343/343
f 347/347/347 348/348/348 342/342/342
f 340/340/340 345/345/345 349/349/349
f 340/340/340 349/349/349 350/350/350
f 343/343/343 351/351/351 344/344/344
f 348/348/348 351/351/351 343/343/343
f 344/344/344 352/352/352 345/345/345
f 352/352/352 349/349/349 345/345/345
f 351/351/351 352/352/352 344/344/344
f 351/351/351 353/353/353 352/352/352
f 352/352/352 354/354/354 349/349/349
f 353/353/353 354/354/354 352/352/352
f 354/354/354 355/355/355 349/349/349
f 354/354/354 356/356/356 355/355/355
f 357/357/357 356/356/356 354/354/354
f 353/353/353 357/357/357 354/354/354
f 357/357/357 358/358/358 356/356/356
f 359/359/359 358/358/358 357/357/357
f 359/359/359 357/357/357 360/360/360
f 360/360/360 357/357/357 353/353/353
f 360/360/360 353/353/353 361/361/361
f 360/360/360 362/362/362 359/359/359
f 360/360/360 363/363/363 362/362/362
f 361/361/361 363/363/363 360/360/360
f 363/363/363 364/364/364 362/362/362
f 363/363/363 365/365/365 364/364/364
f 366/366/366 353/353/353 351/351/351
f 348/348/348 366/366/366 351/351/351
f 367/367/367 361/361/361 353/353/353
f 366/366/366 367/367/367 353/353/353
f 368/368/368 366/366/366 348/348/348
f 347/347/347 368/368/368 348/348/348
f 369/369/369 367/367/367 366/366/366
f 368/368/368 369/369/369 366/366/366
f 370/370/370 368/368/368 347/347/347
f 346/346/346 370/370/370 347/347/347
f 361/361/361 371/371/371 363/363/363
f 371/371/371 365/365/365 363/363/363
f 369/369/369 372/372/372 367/367/367
f 372/372/372 361/361/361 367/367/367
f 373/373/373 369/369/369 368/368/368
f 370/370/370 373/373/373 368/368/368
f 374/374/374 370/370/370 346/346/346
f 294/294/294 374/374/374 346/346/346
f 289/289/289 374/374/374 294/294/294
f 289/289/289 290/290/290 374/374/374
f 374/374/374 375/375/375 370/370/370
f 290/290/290 375/375/375 374/374/374
f 375/375/375 373/373/373 370/370/370
f 373/373/373 376/376/376 369/369/369
f 376/376/376 372/372/372 369/369/369
f 290/290/290 377/377/377 375/375/375
f 281/281/281 377/377/377 290/290/290
f 281/281/281 279/279/279 377/377/377
f 375/375/375 378/378/378 373/373/373
f 377/377/377 378/378/378 375/375/375
f 378/378/378 376/376/376 373/373/373
f 279/279/279 379/379/379 377/377/377
f 377/377/377 379/379/379 378/378/378
f 279/279/279 277/277/277 379/379/379
f 378/378/378 380/380/380 376/376/376
f 379/379/379 380/380/380 378/378/378
f 277/277/277 381/381/381 379/379/379
f 379/379/379 381/381/381 380/380/380
f 277/277/277 275/275/275 381/381/381
f 376/376/376 382/382/382 372/372/372
f 380/380/380 382/382/382 376/376/376
f 381/381/381 383/383/383 380/380/380
f 380/380/380 383/383/383 382/382/382
f 275/275/275 384/384/384 381/381/381
f 381/381/381 384/384/384 383/383/383
f 275/275/275 273/273/273 384/384/384
f 382/382/382 385/385/385 372/372/372
f 372/372/372 385/385/385 361/361/361
f 383/383/383 386/386/386 382/382/382
f 382/382/382 386/386/386 385/385/385
f 384/384/384 387/387/387 383/383/383
f 383/383/383 387/387/387 386/386/386
f 273/273/273 388/388/388 384/384/384
f 384/384/384 388/388/388 387/387/387
f 273/273/273 271/271/271 388/388/388
f 361/361/361 385/385/385 389/389/389
f 361/361/361 389/389/389 371/371/371
f 385/385/385 386/386/386 390/390/390
f 385/385/385 390/390/390 389/389/389
f 386/386/386 387/387/387 391/391/391
f 386/386/386 391/391/391 390/390/390
f 387/387/387 388/388/388 392/392/392
f 387/387/387 392/392/392 391/391/391
f 388/388/388 271/271/271 393/393/393
f 388/388/388 393/393/393 392/392/392
f 271/271/271 269/269/269 393/393/393
f 393/393/393 269/269/269 394/394/394
f 269/269/269 267/267/267 394/394/394
f 392/392/392 393/393/393 395/395/395
f 393/393/393 394/394/394 395/395/395
f 396/396/396 394/394/394 267/267/267
f 395/395/395 394/394/394 396/396/396
f 396/396/396 267/267/267 397/397/397
f 395/395/395 396/396/396 398/398/398
f 392/392/392 395/395/395 399/399/399
f 399/399/399 395/395/395 398/398/398
f 391/391/391 392/392/392 399/399/399
f 399/399/399 398/398/398 400/400/400
f 391/391/391 399/399/399 401/401/401
f 401/401/401 399/399/399 400/400/400
f 390/390/390 391/391/391 401/401/401
f 401/401/401 400/400/400 402/402/402
f 390/390/390 401/401/401 403/403/403
f 403/403/403 401/401/401 402/402/402
f 389/389/389 390/390/390 403/403/403
f 403/403/403 402/402/402 404/404/404
f 389/389/389 403/403/403 405/405/405
f 405/405/405 403/403/403 404/404/404
f 371/371/371 389/389/389 405/405/405
f 405/405/405 404/404/404 406/406/406
f 371/371/371 405/405/405 407/407/407
f 407/407/407 405/405/405 406/406/406
f 371/371/371 407/407/407 365/365/365
f 407/407/407 406/406/406 408/408/408
f 408/408/408 365/365/365 407/407/407
f 408/408/408 409/409/409 365/365/365
f 410/410/410 412/412/412 411/411/411
f 410/410/410 413/413/413 412/412/412
f 414/414/414 413/413/413 410/410/410
f 414/414/414 410/410/410 415/415/415
f 416/416/416 414/414/414 415/415/415
f 416/416/416 415/415/415 417/417/417
f 418/418/418 416/416/416 417/417/417
f 418/418/418 417/417/417 419/419/419
f 420/420/420 418/418/418 419/419/419
f 420/420/420 419/419/419 421/421/421
f 422/422/422 420/420/420 421/421/421
f 422/422/422 421/421/421 423/423/423
f 424/424/424 422/422/422 423/423/423
f 424/424/424 423/423/423 425/425/425
f 426/426/426 424/424/424 425/425/425
f 426/426/426 425/425/425 427/427/427
f 428/428/428 426/426/426 427/427/427
f 428/428/428 427/427/427 429/429/429
f 429/429/429 430/430/430 428/428/428
f 429/429/429 431/431/431 430/430/430
f 432/432/432 416/416/416 418/418/418
f 433/433/433 418/418/418 420/420/420
f 433/433/433 432/432/432 418/418/418
f 434/434/434 420/420/420 422/422/422
f 434/434/434 433/433/433 420/420/420
f 435/435/435 422/422/422 424/424/424
f 435/435/435 434/434/434 422/422/422
f 436/436/436 424/424/424 426/426/426
f 436/436/436 435/435/435 424/424/424
f 437/437/437 426/426/426 428/428/428
f 437/437/437 436/436/436 426/426/426
f 428/428/428 430/430/430 438/438/438
f 428/428/428 438/438/438 437/437/437
f 439/439/439 436/436/436 437/437/437
f 439/439/439 437/437/437 438/438/438
f 440/440/440 435/435/435 436/436/436
f 439/439/439 440/440/440 436/436/436
f 441/441/441 434/434/434 435/435/435
f 440/440/440 441/441/441 435/435/435
f 442/442/442 433/433/433 434/434/434
f 441/441/441 442/442/442 434/434/434
f 430/430/430 443/443/443 438/438/438
f 430/430/430 444/444/444 443/443/443
f 445/445/445 438/438/438 443/443/443
f 439/439/439 438/438/438 445/445/445
f 445/445/445 443/443/443 446/446/446
f 447/447/447 440/440/440 439/439/439
f 447/447/447 439/439/439 445/445/445
f 448/448/448 445/445/445 446/446/446
f 447/447/447 445/445/445 448/448/448
f 448/448/448 446/446/446 449/449/449
f 450/450/450 441/441/441 440/440/440
f 447/447/447 450/450/450 440/440/440
f 451/451/451 447/447/447 448/448/448
f 450/450/450 447/447/447 451/451/451
f 452/452/452 448/448/448 449/449/449
f 451/451/451 448/448/448 452/452/452
f 452/452/452 449/449/449 453/453/453
f 452/452/452 453/453/453 454/454/454
f 452/452/452 454/454/454 455/455/455
f 451/451/451 452/452/452 455/455/455
f 455/455/455 454/454/454 456/456/456
f 450/450/450 457/457/457 441/441/441
f 457/457/457 442/442/442 441/441/441
f 450/450/450 451/451/451 458/458/458
f 457/457/457 450/450/450 458/458/458
f 451/451/451 455/455/455 459/459/459
f 459/459/459 458/458/458 451/451/451
f 455/455/455 456/456/456 460/460/460
f 459/459/459 455/455/455 460/460/460
f 461/461/461 460/460/460 456/456/456
f 461/461/461 456/456/456 462/462/462
f 457/457/457 463/463/463 442/442/442
f 457/457/457 458/458/458 464/464/464
f 463/463/463 457/457/457 464/464/464
f 459/459/459 465/465/465 458/458/458
f 465/465/465 464/464/464 458/458/458
f 459/459/459 460/460/460 466/466/466
f 466/466/466 465/465/465 459/459/459
f 467/467/467 460/460/460 461/461/461
f 467/467/467 466/466/466 460/460/460
f 466/466/466 468/468/468 465/465/465
f 467/467/467 468/468/468 466/466/466
f 465/465/465 469/469/469 464/464/464
f 468/468/468 469/469/469 465/465/465
f 470/470/470 467/467/467 461/461/461
f 470/470/470 461/461/461 471/471/471
f 467/467/467 472/472/472 468/468/468
f 470/470/470 472/472/472 467/467/467
f 471/471/471 473/473/473 470/470/470
f 471/471/471 474/474/474 473/473/473
f 469/469/469 475/475/475 464/464/464
f 463/463/463 464/464/464 475/475/475
f 468/468/468 476/476/476 469/469/469
f 472/472/472 476/476/476 468/468/468
f 470/470/470 477/477/477 472/472/472
f 477/477/477 470/470/470 473/473/473
f 474/474/474 478/478/478 473/473/473
f 474/474/474 479/479/479 478/478/478
f 469/469/469 480/480/480 475/475/475
f 476/476/476 480/480/480 469/469/469
f 472/472/472 481/481/481 476/476/476
f 477/477/477 481/481/481 472/472/472
f 477/477/477 473/473/473 482/482/482
f 482/482/482 473/473/473 478/478/478
f 479/479/479 483/483/483 478/478/478
f 479/479/479 484/484/484 483/483/483
f 476/476/476 485/485/485 480/480/480
f 481/481/481 485/485/485 476/476/476
f 477/477/477 486/486/486 481/481/481
f 486/486/486 477/477/477 482/482/482
f 482/482/482 478/478/478 487/487/487
f 487/487/487 478/478/478 483/483/483
f 484/484/484 488/488/488 483/483/483
f 484/484/484 489/489/489 488/488/488
f 481/481/481 490/490/490 485/485/485
f 486/486/486 490/490/490 481/481/481
f 486/486/486 482/482/482 491/491/491
f 491/491/491 482/482/482 487/487/487
f 487/487/487 483/483/483 492/492/492
f 492/492/492 483/483/483 488/488/488
f 489/489/489 493/493/493 488/488/488
f 489/489/489 494/494/494 493/493/493
f 486/486/486 495/495/495 490/490/490
f 495/495/495 486/486/486 491/491/491
f 491/491/491 487/487/487 496/496/496
f 496/496/496 487/487/487 492/492/492
f 492/492/492 488/488/488 497/497/497
f 497/497/497 488/488/488 493/493/493
f 494/494/494 498/498/498 493/493/493
f 494/494/494 499/499/499 498/498/498
f 500/500/500 493/493/493 498/498/498
f 497/497/497 493/493/493 500/500/500
f 500/500/500 498/498/498 501/501/501
f 502/502/502 492/492/492 497/497/497
f 496/496/496 492/492/492 502/502/502
f 503/503/503 491/491/491 496/496/496
f 495/495/495 491/491/491 503/503/503
f 504/504/504 497/497/497 500/500/500
f 502/502/502 497/497/497 504/504/504
f 505/505/505 500/500/500 501/501/501
f 504/504/504 500/500/500 505/505/505
f 505/505/505 501/501/501 506/506/506
f 507/507/507 496/496/496 502/502/502
f 503/503/503 496/496/496 507/507/507
f 508/508/508 502/502/502 504/504/504
f 507/507/507 502/502/502 508/508/508
f 509/509/509 504/504/504 505/505/505
f 508/508/508 504/504/504 509/509/509
f 510/510/510 505/505/505 506/506/506
f 509/509/509 505/505/505 510/510/510
f 510/510/510 506/506/506 511/511/511
f 512/512/512 510/510/510 511/511/511
f 512/512/512 511/511/511 513/513/513
f 514/514/514 509/509/509 510/510/510
f 514/514/514 510/510/510 512/512/512
f 515/515/515 508/508/508 509/509/509
f 515/515/515 509/509/509 514/514/514
f 516/516/516 507/507/507 508/508/508
f 516/516/516 508/508/508 515/515/515
f 517/517/517 503/503/503 507/507/507
f 517/517/517 507/507/507 516/516/516
f 518/518/518 512/512/512 513/513/513
f 518/518/518 513/513/513 519/519/519
f 520/520/520 514/514/514 512/512/512
f 520/520/520 512/512/512 518/518/518
f 521/521/521 515/515/515 514/514/514
f 521/521/521 514/514/514 520/520/520
f 522/522/522 516/516/516 515/515/515
f 522/522/522 515/515/515 521/521/521
f 523/523/523 518/518/518 519/519/519
f 523/523/523 519/519/519 524/524/524
f 525/525/525 520/520/520 518/518/518
f 525/525/525 518/518/518 523/523/523
f 526/526/526 521/521/521 520/520/520
f 526/526/526 520/520/520 525/525/525
f 527/527/527 523/523/523 524/524/524
f 527/527/527 524/524/524 528/528/528
f 529/529/529 525/525/525 523/523/523
f 529/529/529 523/523/523 527/527/527
f 530/530/530 527/527/527 528/528/528
f 530/530/530 528/528/528 531/531/531
f 532/532/532 530/530/530 531/531/531
f 532/532/532 533/533/533 530/530/530
f 534/534/534 527/527/527 530/530/530
f 533/533/533 534/534/534 530/530/530
f 534/534/534 529/529/529 527/527/527
f 533/533/533 535/535/535 534/534/534
f 535/535/535 536/536/536 534/534/534
f 536/536/536 529/529/529 534/534/534
f 535/535/535 537/537/537 536/536/536
f 538/538/538 525/525/525 529/529/529
f 536/536/536 538/538/538 529/529/529
f 538/538/538 526/526/526 525/525/525
f 537/537/537 539/539/539 536/536/536
f 539/539/539 538/538/538 536/536/536
f 537/537/537 540/540/540 539/539/539
f 541/541/541 526/526/526 538/538/538
f 539/539/539 541/541/541 538/538/538
f 540/540/540 542/542/542 539/539/539
f 542/542/542 541/541/541 539/539/539
f 540/540/540 543/543/543 542/542/542
f 541/541/541 544/544/544 526/526/526
f 544/544/544 521/521/521 526/526/526
f 544/544/544 522/522/522 521/521/521
f 543/543/543 545/545/545 542/542/542
f 543/543/543 546/546/546 545/545/545
f 545/545/545 546/546/546 547/547/547
f 542/542/542 548/548/548 541/541/541
f 548/548/548 544/544/544 541/541/541
f 545/545/545 548/548/548 542/542/542
f 549/549/549 522/522/522 544/544/544
f 548/548/548 549/549/549 544/544/544
f 545/545/545 550/550/550 548/548/548
f 550/550/550 549/549/549 548/548/548
f 549/549/549 551/551/551 522/522/522
f 551/551/551 516/516/516 522/522/522
f 551/551/551 517/517/517 516/516/516
f 552/552/552 551/551/551 549/549/549
f 550/550/550 552/552/552 549/549/549
f 550/550/550 545/545/545 553/553/553
f 545/545/545 547/547/547 553/553/553
f 554/554/554 517/517/517 551/551/551
f 552/552/552 554/554/554 551/551/551
f 552/552/552 550/550/550 555/555/555
f 550/550/550 553/553/553 555/555/555
f 554/554/554 556/556/556 517/517/517
f 556/556/556 503/503/503 517/517/517
f 556/556/556 495/495/495 503/503/503
f 554/554/554 552/552/552 557/557/557
f 552/552/552 555/555/555 557/557/557
f 556/556/556 554/554/554 558/558/558
f 554/554/554 557/557/557 558/558/558
f 495/495/495 556/556/556 559/559/559
f 556/556/556 558/558/558 559/559/559
f 495/495/495 559/559/559 490/490/490
f 490/490/490 559/559/559 560/560/560
f 490/490/490 560/560/560 485/485/485
f 559/559/559 558/558/558 561/561/561
f 559/559/559 561/561/561 560/560/560
f 558/558/558 557/557/557 562/562/562
f 558/558/558 562/562/562 561/561/561
f 557/557/557 555/555/555 563/563/563
f 557/557/557 563/563/563 562/562/562
f 485/485/485 560/560/560 564/564/564
f 485/485/485 564/564/564 480/480/480
f 560/560/560 561/561/561 565/565/565
f 560/560/560 565/565/565 564/564/564
f 561/561/561 562/562/562 566/566/566
f 561/561/561 566/566/566 565/565/565
f 480/480/480 564/564/564 567/567/567
f 480/480/480 567/567/567 475/475/475
f 564/564/564 565/565/565 568/568/568
f 564/564/564 568/568/568 567/567/567
f 569/569/569 475/475/475 567/567/567
f 569/569/569 463/463/463 475/475/475
f 555/555/555 570/570/570 563/563/563
f 555/555/555 553/553/553 570/570/570
f 562/562/562 563/563/563 571/571/571
f 562/562/562 571/571/571 566/566/566
f 565/565/565 566/566/566 572/572/572
f 565/565/565 572/572/572 568/568/568
f 573/573/573 567/567/567 568/568/568
f 573/573/573 569/569/569 567/567/567
f 463/463/463 569/569/569 574/574/574
f 463/463/463 574/574/574 442/442/442
f 442/442/442 574/574/574 433/433/433
f 574/574/574 432/432/432 433/433/433
f 569/569/569 575/575/575 574/574/574
f 574/574/574 575/575/575 432/432/432
f 569/569/569 573/573/573 575/575/575
f 576/576/576 573/573/573 568/568/568
f 576/576/576 568/568/568 572/572/572
f 566/566/566 577/577/577 572/572/572
f 566/566/566 571/571/571 577/577/577
f 575/575/575 578/578/578 432/432/432
f 432/432/432 578/578/578 416/416/416
f 578/578/578 414/414/414 416/416/416
f 573/573/573 579/579/579 575/575/575
f 575/575/575 579/579/579 578/578/578
f 573/573/573 576/576/576 579/579/579
f 578/578/578 580/580/580 414/414/414
f 579/579/579 580/580/580 578/578/578
f 580/580/580 413/413/413 414/414/414
f 581/581/581 576/576/576 572/572/572
f 581/581/581 572/572/572 577/577/577
f 576/576/576 582/582/582 579/579/579
f 579/579/579 582/582/582 580/580/580
f 576/576/576 581/581/581 582/582/582
f 580/580/580 583/583/583 413/413/413
f 582/582/582 583/583/583 580/580/580
f 581/581/581 584/584/584 582/582/582
f 582/582/582 584/584/584 583/583/583
f 413/413/413 583/583/583 585/585/585
f 584/584/584 585/585/585 583/583/583
f 413/413/413 585/585/585 412/412/412
f 586/586/586 581/581/581 577/577/577
f 581/581/581 586/586/586 584/584/584
f 412/412/412 585/585/585 587/587/587
f 412/412/412 587/587/587 588/588/588
f 584/584/584 589/589/589 585/585/585
f 589/589/589 587/587/587 585/585/585
f 586/586/586 589/589/589 584/584/584
f 589/589/589 590/590/590 587/587/587
f 591/591/591 590/590/590 589/589/589
f 586/586/586 591/591/591 589/589/589
f 591/591/591 592/592/592 590/590/590
f 593/593/593 592/592/592 591/591/591
f 593/593/593 591/591/591 594/594/594
f 594/594/594 591/591/591 586/586/586
f 594/594/594 595/595/595 593/593/593
f 586/586/586 577/577/577 596/596/596
f 594/594/594 586/586/586 596/596/596
f 571/571/571 596/596/596 577/577/577
f 594/594/594 597/597/597 595/595/595
f 596/596/596 597/597/597 594/594/594
f 597/597/597 598/598/598 595/595/595
f 571/571/571 599/599/599 596/596/596
f 596/596/596 599/599/599 597/597/597
f 563/563/563 599/599/599 571/571/571
f 563/563/563 570/570/570 599/599/599
f 599/599/599 600/600/600 597/597/597
f 599/599/599 570/570/570 600/600/600
f 597/597/597 600/600/600 598/598/598
f 553/553/553 600/600/600 570/570/570
f 553/553/553 547/547/547 600/600/600
f 547/547/547 598/598/598 600/600/600
f 547/547/547 601/601/601 598/598/598
f 602/602/602 604/604/604 603/603/603
f 602/602/602 603/603/603 605/605/605
f 606/606/606 602/602/602 605/605/605
f 607/607/607 605/605/605 603/603/603
f 607/607/607 603/603/603 608/608/608
f 606/606/606 605/605/605 609/609/609
f 610/610/610 606/606/606 609/609/609
f 611/611/611 605/605/605 607/607/607
f 611/611/611 609/609/609 605/605/605
f 612/612/612 607/607/607 608/608/608
f 612/612/612 608/608/608 613/613/613
f 610/610/610 609/609/609 614/614/614
f 615/615/615 610/610/610 614/614/614
f 616/616/616 609/609/609 611/611/611
f 616/616/616 614/614/614 609/609/609
f 617/617/617 611/611/611 607/607/607
f 617/617/617 607/607/607 612/612/612
f 618/618/618 612/612/612 613/613/613
f 618/618/618 613/613/613 619/619/619
f 615/615/615 614/614/614 620/620/620
f 621/621/621 615/615/615 620/620/620
f 622/622/622 616/616/616 611/611/611
f 622/622/622 611/611/611 617/617/617
f 623/623/623 617/617/617 612/612/612
f 623/623/623 612/612/612 618/618/618
f 624/624/624 618/618/618 619/619/619
f 624/624/624 619/619/619 625/625/625
f 626/626/626 614/614/614 616/616/616
f 626/626/626 620/620/620 614/614/614
f 621/621/621 620/620/620 627/627/627
f 628/628/628 621/621/621 627/627/627
f 629/629/629 622/622/622 617/617/617
f 629/629/629 617/617/617 623/623/623
f 630/630/630 623/623/623 618/618/618
f 630/630/630 618/618/618 624/624/624
f 631/631/631 624/624/624 625/625/625
f 631/631/631 625/625/625 632/632/632
f 633/633/633 620/620/620 626/626/626
f 633/633/633 627/627/627 620/620/620
f 628/628/628 627/627/627 634/634/634
f 634/634/634 635/635/635 628/628/628
f 636/636/636 629/629/629 623/623/623
f 636/636/636 623/623/623 630/630/630
f 637/637/637 630/630/630 624/624/624
f 637/637/637 624/624/624 631/631/631
f 638/638/638 631/631/631 632/632/632
f 638/638/638 632/632/632 639/639/639
f 640/640/640 627/627/627 633/633/633
f 640/640/640 634/634/634 627/627/627
f 641/641/641 636/636/636 630/630/630
f 641/641/641 630/630/630 637/637/637
f 642/642/642 637/637/637 631/631/631
f 642/642/642 631/631/631 638/638/638
f 643/643/643 638/638/638 639/639/639
f 643/643/643 639/639/639 644/644/644
f 645/645/645 641/641/641 637/637/637
f 645/645/645 637/637/637 642/642/642
f 646/646/646 642/642/642 638/638/638
f 646/646/646 638/638/638 643/643/643
f 647/647/647 643/643/643 644/644/644
f 647/647/647 644/644/644 648/648/648
f 649/649/649 647/647/647 648/648/648
f 649/649/649 650/650/650 647/647/647
f 651/651/651 643/643/643 647/647/647
f 650/650/650 651/651/651 647/647/647
f 651/651/651 646/646/646 643/643/643
f 650/650/650 652/652/652 651/651/651
f 652/652/652 653/653/653 651/651/651
f 653/653/653 646/646/646 651/651/651
f 652/652/652 654/654/654 653/653/653
f 655/655/655 642/642/642 646/646/646
f 653/653/653 655/655/655 646/646/646
f 655/655/655 645/645/645 642/642/642
f 654/654/654 656/656/656 653/653/653
f 656/656/656 655/655/655 653/653/653
f 654/654/654 657/657/657 656/656/656
f 658/658/658 645/645/645 655/655/655
f 656/656/656 658/658/658 655/655/655
f 657/657/657 659/659/659 656/656/656
f 659/659/659 658/658/658 656/656/656
f 657/657/657 660/660/660 659/659/659
f 658/658/658 661/661/661 645/645/645
f 661/661/661 641/641/641 645/645/645
f 659/659/659 662/662/662 658/658/658
f 662/662/662 661/661/661 658/658/658
f 660/660/660 663/663/663 659/659/659
f 663/663/663 662/662/662 659/659/659
f 660/660/660 664/664/664 663/663/663
f 663/663/663 664/664/664 665/665/665
f 661/661/661 666/666/666 641/641/641
f 666/666/666 636/636/636 641/641/641
f 662/662/662 667/667/667 661/661/661
f 667/667/667 666/666/666 661/661/661
f 663/663/663 668/668/668 662/662/662
f 668/668/668 667/667/667 662/662/662
f 666/666/666 669/669/669 636/636/636
f 669/669/669 629/629/629 636/636/636
f 667/667/667 670/670/670 666/666/666
f 670/670/670 669/669/669 666/666/666
f 669/669/669 671/671/671 629/629/629
f 671/671/671 622/622/622 629/629/629
f 663/663/663 665/665/665 672/672/672
f 668/668/668 663/663/663 672/672/672
f 668/668/668 673/673/673 667/667/667
f 673/673/673 670/670/670 667/667/667
f 670/670/670 674/674/674 669/669/669
f 674/674/674 671/671/671 669/669/669
f 671/671/671 675/675/675 622/622/622
f 675/675/675 616/616/616 622/622/622
f 675/675/675 626/626/626 616/616/616
f 676/676/676 675/675/675 671/671/671
f 674/674/674 676/676/676 671/671/671
f 677/677/677 626/626/626 675/675/675
f 676/676/676 677/677/677 675/675/675
f 677/677/677 633/633/633 626/626/626
f 678/678/678 674/674/674 670/670/670
f 673/673/673 678/678/678 670/670/670
f 673/673/673 668/668/668 679/679/679
f 668/668/668 672/672/672 679/679/679
f 680/680/680 676/676/676 674/674/674
f 678/678/678 680/680/680 674/674/674
f 681/681/681 633/633/633 677/677/677
f 681/681/681 640/640/640 633/633/633
f 682/682/682 677/677/677 676/676/676
f 680/680/680 682/682/682 676/676/676
f 682/682/682 681/681/681 677/677/677
f 678/678/678 673/673/673 683/683/683
f 673/673/673 679/679/679 683/683/683
f 680/680/680 678/678/678 684/684/684
f 678/678/678 683/683/683 684/684/684
f 682/682/682 680/680/680 685/685/685
f 680/680/680 684/684/684 685/685/685
f 681/681/681 682/682/682 686/686/686
f 682/682/682 685/685/685 686/686/686
f 640/640/640 681/681/681 687/687/687
f 681/681/681 686/686/686 687/687/687
f 640/640/640 687/687/687 688/688/688
f 634/634/634 640/640/640 688/688/688
f 634/634/634 688/688/688 689/689/689
f 634/634/634 689/689/689 635/635/635
f 683/683/683 679/679/679 690/690/690
f 684/684/684 683/683/683 691/691/691
f 683/683/683 690/690/690 691/691/691
f 685/685/685 684/684/684 692/692/692
f 684/684/684 691/691/691 692/692/692
f 686/686/686 685/685/685 693/693/693
f 685/685/685 692/692/692 693/693/693
f 687/687/687 686/686/686 694/694/694
f 686/686/686 693/693/693 694/694/694
f 688/688/688 687/687/687 695/695/695
f 687/687/687 694/694/694 695/695/695
f 689/689/689 688/688/688 696/696/696
f 688/688/688 695/695/695 696/696/696
f 679/679/679 697/697/697 690/690/690
f 679/679/679 672/672/672 697/697/697
f 672/672/672 698/698/698 697/697/697
f 672/672/672 665/665/665 698/698/698
f 690/690/690 697/697/697 699/699/699
f 699/699/699 697/697/697 698/698/698
f 665/665/665 700/700/700 698/698/698
f 665/665/665 701/701/701 700/700/700
f 702/702/702 698/698/698 700/700/700
f 699/699/699 698/698/698 702/702/702
f 702/702/702 700/700/700 703/703/703
f 690/690/690 699/699/699 704/704/704
f 691/691/691 690/690/690 704/704/704
f 705/705/705 699/699/699 702/702/702
f 704/704/704 699/699/699 705/705/705
f 706/706/706 702/702/702 703/703/703
f 705/705/705 702/702/702 706/706/706
f 706/706/706 703/703/703 707/707/707
f 691/691/691 704/704/704 708/708/708
f 692/692/692 691/691/691 708/708/708
f 704/704/704 705/705/705 709/709/709
f 708/708/708 704/704/704 709/709/709
f 706/706/706 710/710/710 705/705/705
f 709/709/709 705/705/705 710/710/710
f 707/707/707 711/711/711 706/706/706
f 706/706/706 711/711/711 710/710/710
f 707/707/707 712/712/712 711/711/711
f 711/711/711 712/712/712 713/713/713
f 711/711/711 713/713/713 714/714/714
f 710/710/710 711/711/711 714/714/714
f 714/714/714 713/713/713 715/715/715
f 692/692/692 708/708/708 716/716/716
f 693/693/693 692/692/692 716/716/716
f 708/708/708 709/709/709 717/717/717
f 716/716/716 708/708/708 717/717/717
f 709/709/709 710/710/710 718/718/718
f 717/717/717 709/709/709 718/718/718
f 710/710/710 714/714/714 719/719/719
f 718/718/718 710/710/710 719/719/719
f 714/714/714 715/715/715 720/720/720
f 719/719/719 714/714/714 720/720/720
f 693/693/693 716/716/716 721/721/721
f 694/694/694 693/693/693 721/721/721
f 716/716/716 717/717/717 722/722/722
f 721/721/721 716/716/716 722/722/722
f 717/717/717 718/718/718 723/723/723
f 722/722/722 717/717/717 723/723/723
f 718/718/718 719/719/719 724/724/724
f 723/723/723 718/718/718 724/724/724
f 694/694/694 721/721/721 725/725/725
f 695/695/695 694/694/694 725/725/725
f 726/726/726 720/720/720 715/715/715
f 726/726/726 715/715/715 727/727/727
f 719/719/719 720/720/720 728/728/728
f 724/724/724 719/719/719 728/728/728
f 729/729/729 720/720/720 726/726/726
f 729/729/729 728/728/728 720/720/720
f 724/724/724 728/728/728 730/730/730
f 730/730/730 728/728/728 729/729/729
f 723/723/723 724/724/724 731/731/731
f 731/731/731 724/724/724 730/730/730
f 732/732/732 729/729/729 726/726/726
f 732/732/732 726/726/726 733/733/733
f 730/730/730 729/729/729 734/734/734
f 734/734/734 729/729/729 732/732/732
f 733/733/733 735/735/735 732/732/732
f 733/733/733 736/736/736 735/735/735
f 737/737/737 723/723/723 731/731/731
f 722/722/722 723/723/723 737/737/737
f 731/731/731 730/730/730 738/738/738
f 738/738/738 730/730/730 734/734/734
f 734/734/734 732/732/732 739/739/739
f 735/735/735 739/739/739 732/732/732
f 736/736/736 740/740/740 735/735/735
f 736/736/736 741/741/741 740/740/740
f 737/737/737 731/731/731 742/742/742
f 742/742/742 731/731/731 738/738/738
f 722/722/722 737/737/737 743/743/743
f 743/743/743 737/737/737 742/742/742
f 738/738/738 734/734/734 744/744/744
f 744/744/744 734/734/734 739/739/739
f 735/735/735 745/745/745 739/739/739
f 740/740/740 745/745/745 735/735/735
f 741/741/741 746/746/746 740/740/740
f 741/741/741 747/747/747 746/746/746
f 742/742/742 738/738/738 748/748/748
f 748/748/748 738/738/738 744/744/744
f 744/744/744 739/739/739 749/749/749
f 745/745/745 749/749/749 739/739/739
f 740/740/740 750/750/750 745/745/745
f 746/746/746 750/750/750 740/740/740
f 747/747/747 751/751/751 746/746/746
f 747/747/747 752/752/752 751/751/751
f 753/753/753 742/742/742 748/748/748
f 743/743/743 742/742/742 753/753/753
f 748/748/748 744/744/744 754/754/754
f 754/754/754 744/744/744 749/749/749
f 745/745/745 755/755/755 749/749/749
f 750/750/750 755/755/755 745/745/745
f 746/746/746 756/756/756 750/750/750
f 751/751/751 756/756/756 746/746/746
f 752/752/752 757/757/757 751/751/751
f 752/752/752 758/758/758 757/757/757
f 753/753/753 748/748/748 759/759/759
f 759/759/759 748/748/748 754/754/754
f 754/754/754 749/749/749 760/760/760
f 755/755/755 760/760/760 749/749/749
f 750/750/750 761/761/761 755/755/755
f 756/756/756 761/761/761 750/750/750
f 751/751/751 762/762/762 756/756/756
f 757/757/757 762/762/762 751/751/751
f 758/758/758 763/763/763 757/757/757
f 758/758/758 764/764/764 763/763/763
f 763/763/763 765/765/765 757/757/757
f 757/757/757 765/765/765 762/762/762
f 763/763/763 766/766/766 765/765/765
f 762/762/762 767/767/767 756/756/756
f 756/756/756 767/767/767 761/761/761
f 761/761/761 768/768/768 755/755/755
f 755/755/755 768/768/768 760/760/760
f 765/765/765 769/769/769 762/762/762
f 762/762/762 769/769/769 767/767/767
f 766/766/766 770/770/770 765/765/765
f 765/765/765 770/770/770 769/769/769
f 766/766/766 771/771/771 770/770/770
f 767/767/767 772/772/772 761/761/761
f 761/761/761 772/772/772 768/768/768
f 769/769/769 773/773/773 767/767/767
f 767/767/767 773/773/773 772/772/772
f 771/771/771 774/774/774 770/770/770
f 771/771/771 775/775/775 774/774/774
f 770/770/770 776/776/776 769/769/769
f 769/769/769 776/776/776 773/773/773
f 770/770/770 774/774/774 776/776/776
f 775/775/775 777/777/777 774/774/774
f 775/775/775 778/778/778 777/777/777
f 774/774/774 779/779/779 776/776/776
f 774/774/774 777/777/777 779/779/779
f 776/776/776 780/780/780 773/773/773
f 776/776/776 779/779/779 780/780/780
f 773/773/773 781/781/781 772/772/772
f 773/773/773 780/780/780 781/781/781
f 772/772/772 782/782/782 768/768/768
f 772/772/772 781/781/781 782/782/782
f 778/778/778 783/783/783 777/777/777
f 778/778/778 784/784/784 783/783/783
f 777/777/777 785/785/785 779/779/779
f 777/777/777 783/783/783 785/785/785
f 779/779/779 786/786/786 780/780/780
f 779/779/779 785/785/785 786/786/786
f 780/780/780 787/787/787 781/781/781
f 780/780/780 786/786/786 787/787/787
f 784/784/784 788/788/788 783/783/783
f 784/784/784 789/789/789 788/788/788
f 783/783/783 790/790/790 785/785/785
f 783/783/783 788/788/788 790/790/790
f 785/785/785 791/791/791 786/786/786
f 785/785/785 790/790/790 791/791/791
f 789/789/789 792/792/792 788/788/788
f 789/789/789 793/793/793 792/792/792
f 788/788/788 794/794/794 790/790/790
f 788/788/788 792/792/792 794/794/794
f 793/793/793 795/795/795 792/792/792
f 793/793/793 796/796/796 795/795/795
f 797/797/797 795/795/795 796/796/796
f 797/797/797 798/798/798 795/795/795
f 792/792/792 795/795/795 799/799/799
f 798/798/798 799/799/799 795/795/795
f 792/792/792 799/799/799 794/794/794
f 798/798/798 800/800/800 799/799/799
f 800/800/800 801/801/801 799/799/799
f 794/794/794 799/799/799 801/801/801
f 800/800/800 802/802/802 801/801/801
f 790/790/790 794/794/794 803/803/803
f 794/794/794 801/801/801 803/803/803
f 790/790/790 803/803/803 791/791/791
f 802/802/802 804/804/804 801/801/801
f 803/803/803 801/801/801 804/804/804
f 802/802/802 805/805/805 804/804/804
f 791/791/791 803/803/803 806/806/806
f 803/803/803 804/804/804 806/806/806
f 805/805/805 807/807/807 804/804/804
f 806/806/806 804/804/804 807/807/807
f 805/805/805 808/808/808 807/807/807
f 791/791/791 806/806/806 809/809/809
f 786/786/786 791/791/791 809/809/809
f 786/786/786 809/809/809 787/787/787
f 806/806/806 807/807/807 810/810/810
f 809/809/809 806/806/806 810/810/810
f 808/808/808 811/811/811 807/807/807
f 810/810/810 807/807/807 811/811/811
f 808/808/808 812/812/812 811/811/811
f 811/811/811 812/812/812 813/813/813
f 787/787/787 809/809/809 814/814/814
f 809/809/809 810/810/810 814/814/814
f 810/810/810 811/811/811 815/815/815
f 814/814/814 810/810/810 815/815/815
f 787/787/787 814/814/814 816/816/816
f 781/781/781 787/787/787 816/816/816
f 781/781/781 816/816/816 782/782/782
f 816/816/816 814/814/814 817/817/817
f 814/814/814 815/815/815 817/817/817
f 818/818/818 815/815/815 811/811/811
f 811/811/811 813/813/813 818/818/818
f 782/782/782 816/816/816 819/819/819
f 816/816/816 817/817/817 819/819/819
f 820/820/820 817/817/817 815/815/815
f 818/818/818 820/820/820 815/815/815
f 782/782/782 819/819/819 821/821/821
f 768/768/768 782/782/782 821/821/821
f 768/768/768 821/821/821 760/760/760
f 822/822/822 819/819/819 817/817/817
f 820/820/820 822/822/822 817/817/817
f 823/823/823 760/760/760 821/821/821
f 823/823/823 754/754/754 760/760/760
f 759/759/759 754/754/754 823/823/823
f 824/824/824 821/821/821 819/819/819
f 824/824/824 823/823/823 821/821/821
f 822/822/822 824/824/824 819/819/819
f 825/825/825 759/759/759 823/823/823
f 825/825/825 823/823/823 824/824/824
f 826/826/826 824/824/824 822/822/822
f 826/826/826 825/825/825 824/824/824
f 827/827/827 822/822/822 820/820/820
f 827/827/827 826/826/826 822/822/822
f 828/828/828 759/759/759 825/825/825
f 828/828/828 753/753/753 759/759/759
f 829/829/829 825/825/825 826/826/826
f 829/829/829 828/828/828 825/825/825
f 830/830/830 753/753/753 828/828/828
f 830/830/830 743/743/743 753/753/753
f 831/831/831 827/827/827 820/820/820
f 831/831/831 820/820/820 818/818/818
f 832/832/832 826/826/826 827/827/827
f 832/832/832 829/829/829 826/826/826
f 833/833/833 828/828/828 829/829/829
f 833/833/833 830/830/830 828/828/828
f 834/834/834 743/743/743 830/830/830
f 722/722/722 743/743/743 834/834/834
f 721/721/721 722/722/722 834/834/834
f 725/725/725 721/721/721 834/834/834
f 834/834/834 830/830/830 835/835/835
f 725/725/725 834/834/834 835/835/835
f 835/835/835 830/830/830 833/833/833
f 818/818/818 836/836/836 831/831/831
f 818/818/818 813/813/813 836/836/836
f 837/837/837 833/833/833 829/829/829
f 837/837/837 829/829/829 832/832/832
f 838/838/838 725/725/725 835/835/835
f 695/695/695 725/725/725 838/838/838
f 696/696/696 695/695/695 838/838/838
f 835/835/835 833/833/833 839/839/839
f 838/838/838 835/835/835 839/839/839
f 839/839/839 833/833/833 837/837/837
f 696/696/696 838/838/838 840/840/840
f 840/840/840 838/838/838 839/839/839
f 839/839/839 837/837/837 841/841/841
f 840/840/840 839/839/839 841/841/841
f 842/842/842 837/837/837 832/832/832
f 841/841/841 837/837/837 842/842/842
f 843/843/843 696/696/696 840/840/840
f 689/689/689 696/696/696 843/843/843
f 844/844/844 840/840/840 841/841/841
f 843/843/843 840/840/840 844/844/844
f 689/689/689 843/843/843 845/845/845
f 844/844/844 845/845/845 843/843/843
f 689/689/689 845/845/845 635/635/635
f 844/844/844 841/841/841 846/846/846
f 841/841/841 842/842/842 846/846/846
f 635/635/635 845/845/845 847/847/847
f 635/635/635 847/847/847 848/848/848
f 844/844/844 849/849/849 845/845/845
f 849/849/849 847/847/847 845/845/845
f 846/846/846 849/849/849 844/844/844
f 849/849/849 850/850/850 847/847/847
f 851/851/851 850/850/850 849/849/849
f 846/846/846 851/851/851 849/849/849
f 851/851/851 852/852/852 850/850/850
f 851/851/851 853/853/853 852/852/852
f 846/846/846 854/854/854 851/851/851
f 851/851/851 854/854/854 853/853/853
f 846/846/846 842/842/842 854/854/854
f 854/854/854 855/855/855 853/853/853
f 854/854/854 856/856/856 855/855/855
f 842/842/842 856/856/856 854/854/854
f 856/856/856 857/857/857 855/855/855
f 842/842/842 858/858/858 856/856/856
f 842/842/842 832/832/832 858/858/858
f 858/858/858 832/832/832 827/827/827
f 858/858/858 827/827/827 831/831/831
f 858/858/858 831/831/831 836/836/836
f 858/858/858 836/836/836 856/856/856
f 856/856/856 836/836/836 857/857/857
f 813/813/813 857/857/857 836/836/836
f 813/813/813 859/859/859 857/857/857
f 860/860/860 862/862/862 861/861/861
f 860/860/860 861/861/861 863/863/863
f 863/863/863 864/864/864 860/860/860
f 863/863/863 865/865/865 864/864/864
f 865/865/865 866/866/866 864/864/864
f 867/867/867 863/863/863 861/861/861
f 867/867/867 865/865/865 863/863/863
f 865/865/865 868/868/868 866/866/866
f 868/868/868 869/869/869 866/866/866
f 867/867/867 861/861/861 870/870/870
f 871/871/871 867/867/867 870/870/870
f 870/870/870 861/861/861 872/872/872
f 870/870/870 872/872/872 873/873/873
f 867/867/867 874/874/874 865/865/865
f 874/874/874 868/868/868 865/865/865
f 871/871/871 874/874/874 867/867/867
f 875/875/875 870/870/870 873/873/873
f 871/871/871 870/870/870 875/875/875
f 876/876/876 871/871/871 875/875/875
f 875/875/875 873/873/873 877/877/877
f 878/878/878 875/875/875 877/877/877
f 876/876/876 875/875/875 878/878/878
f 878/878/878 877/877/877 879/879/879
f 878/878/878 879/879/879 880/880/880
f 878/878/878 880/880/880 881/881/881
f 876/876/876 878/878/878 881/881/881
f 881/881/881 880/880/880 882/882/882
f 881/881/881 882/882/882 883/883/883
f 876/876/876 881/881/881 884/884/884
f 884/884/884 881/881/881 883/883/883
f 874/874/874 885/885/885 868/868/868
f 871/871/871 886/886/886 874/874/874
f 886/886/886 885/885/885 874/874/874
f 885/885/885 887/887/887 868/868/868
f 868/868/868 887/887/887 869/869/869
f 887/887/887 888/888/888 869/869/869
f 887/887/887 889/889/889 888/888/888
f 889/889/889 890/890/890 888/888/888
f 885/885/885 891/891/891 887/887/887
f 891/891/891 889/889/889 887/887/887
f 889/889/889 892/892/892 890/890/890
f 892/892/892 893/893/893 890/890/890
f 886/886/886 894/894/894 885/885/885
f 894/894/894 891/891/891 885/885/885
f 891/891/891 895/895/895 889/889/889
f 895/895/895 892/892/892 889/889/889
f 894/894/894 896/896/896 891/891/891
f 896/896/896 895/895/895 891/891/891
f 871/871/871 897/897/897 886/886/886
f 886/886/886 898/898/898 894/894/894
f 886/886/886 897/897/897 898/898/898
f 894/894/894 899/899/899 896/896/896
f 894/894/894 898/898/898 899/899/899
f 871/871/871 900/900/900 897/897/897
f 876/876/876 900/900/900 871/871/871
f 892/892/892 901/901/901 893/893/893
f 895/895/895 902/902/902 892/892/892
f 902/902/902 901/901/901 892/892/892
f 896/896/896 903/903/903 895/895/895
f 903/903/903 902/902/902 895/895/895
f 893/893/893 901/901/901 904/904/904
f 893/893/893 904/904/904 905/905/905
f 902/902/902 906/906/906 901/901/901
f 906/906/906 904/904/904 901/901/901
f 896/896/896 899/899/899 907/907/907
f 896/896/896 907/907/907 903/903/903
f 903/903/903 908/908/908 902/902/902
f 908/908/908 906/906/906 902/902/902
f 906/906/906 909/909/909 904/904/904
f 909/909/909 910/910/910 904/904/904
f 909/909/909 911/911/911 910/910/910
f 912/912/912 909/909/909 906/906/906
f 908/908/908 912/912/912 906/906/906
f 913/913/913 911/911/911 909/909/909
f 912/912/912 913/913/913 909/909/909
f 913/913/913 914/914/914 911/911/911
f 913/913/913 915/915/915 914/914/914
f 913/913/913 916/916/916 915/915/915
f 912/912/912 916/916/916 913/913/913
f 916/916/916 917/917/917 915/915/915
f 903/903/903 918/918/918 908/908/908
f 903/903/903 907/907/907 918/918/918
f 908/908/908 919/919/919 912/912/912
f 908/908/908 918/918/918 919/919/919
f 912/912/912 920/920/920 916/916/916
f 912/912/912 919/919/919 920/920/920
f 916/916/916 921/921/921 917/917/917
f 920/920/920 921/921/921 916/916/916
f 921/921/921 922/922/922 917/917/917
f 921/921/921 923/923/923 922/922/922
f 920/920/920 924/924/924 921/921/921
f 924/924/924 923/923/923 921/921/921
f 907/907/907 925/925/925 918/918/918
f 918/918/918 926/926/926 919/919/919
f 918/918/918 925/925/925 926/926/926
f 919/919/919 927/927/927 920/920/920
f 919/919/919 926/926/926 927/927/927
f 920/920/920 928/928/928 924/924/924
f 920/920/920 927/927/927 928/928/928
f 907/907/907 929/929/929 925/925/925
f 899/899/899 929/929/929 907/907/907
f 899/899/899 930/930/930 929/929/929
f 898/898/898 930/930/930 899/899/899
f 898/898/898 931/931/931 930/930/930
f 897/897/897 931/931/931 898/898/898
f 897/897/897 932/932/932 931/931/931
f 900/900/900 932/932/932 897/897/897
f 900/900/900 933/933/933 932/932/932
f 876/876/876 933/933/933 900/900/900
f 876/876/876 934/934/934 933/933/933
f 934/934/934 876/876/876 884/884/884
f 929/929/929 935/935/935 925/925/925
f 930/930/930 936/936/936 929/929/929
f 929/929/929 936/936/936 935/935/935
f 931/931/931 937/937/937 930/930/930
f 930/930/930 937/937/937 936/936/936
f 932/932/932 938/938/938 931/931/931
f 931/931/931 938/938/938 937/937/937
f 933/933/933 939/939/939 932/932/932
f 932/932/932 939/939/939 938/938/938
f 934/934/934 940/940/940 933/933/933
f 933/933/933 940/940/940 939/939/939
f 925/925/925 935/935/935 941/941/941
f 925/925/925 941/941/941 926/926/926
f 926/926/926 941/941/941 942/942/942
f 926/926/926 942/942/942 927/927/927
f 927/927/927 942/942/942 943/943/943
f 927/927/927 943/943/943 928/928/928
f 938/938/938 944/944/944 937/937/937
f 939/939/939 945/945/945 938/938/938
f 938/938/938 945/945/945 944/944/944
f 940/940/940 946/946/946 939/939/939
f 939/939/939 946/946/946 945/945/945
f 937/937/937 944/944/944 947/947/947
f 937/937/937 947/947/947 936/936/936
f 936/936/936 947/947/947 948/948/948
f 936/936/936 948/948/948 935/935/935
f 935/935/935 948/948/948 949/949/949
f 935/935/935 949/949/949 941/941/941
f 941/941/941 949/949/949 950/950/950
f 941/941/941 950/950/950 942/942/942
f 942/942/942 951/951/951 943/943/943
f 942/942/942 950/950/950 951/951/951
f 945/945/945 952/952/952 944/944/944
f 944/944/944 953/953/953 947/947/947
f 944/944/944 952/952/952 953/953/953
f 947/947/947 954/954/954 948/948/948
f 947/947/947 953/953/953 954/954/954
f 948/948/948 955/955/955 949/949/949
f 948/948/948 954/954/954 955/955/955
f 949/949/949 956/956/956 950/950/950
f 949/949/949 955/955/955 956/956/956
f 950/950/950 957/957/957 951/951/951
f 950/950/950 956/956/956 957/957/957
f 945/945/945 958/958/958 952/952/952
f 946/946/946 958/958/958 945/945/945
f 953/953/953 959/959/959 954/954/954
f 954/954/954 960/960/960 955/955/955
f 954/954/954 959/959/959 960/960/960
f 955/955/955 961/961/961 956/956/956
f 955/955/955 960/960/960 961/961/961
f 960/960/960 962/962/962 961/961/961
f 952/952/952 963/963/963 953/953/953
f 953/953/953 963/963/963 959/959/959
f 956/956/956 961/961/961 964/964/964
f 956/956/956 964/964/964 957/957/957
f 959/959/959 965/965/965 960/960/960
f 960/960/960 965/965/965 962/962/962
f 965/965/965 966/966/966 962/962/962
f 959/959/959 967/967/967 965/965/965
f 963/963/963 967/967/967 959/959/959
f 967/967/967 966/966/966 965/965/965
f 952/952/952 968/968/968 963/963/963
f 958/958/958 968/968/968 952/952/952
f 963/963/963 969/969/969 967/967/967
f 968/968/968 969/969/969 963/963/963
f 961/961/961 970/970/970 964/964/964
f 961/961/961 962/962/962 970/970/970
f 967/967/967 971/971/971 966/966/966
f 969/969/969 971/971/971 967/967/967
f 957/957/957 964/964/964 972/972/972
f 964/964/964 970/970/970 973/973/973
f 964/964/964 973/973/973 972/972/972
f 957/957/957 972/972/972 974/974/974
f 951/951/951 957/957/957 974/974/974
f 951/951/951 974/974/974 975/975/975
f 943/943/943 951/951/951 975/975/975
f 943/943/943 975/975/975 976/976/976
f 928/928/928 943/943/943 976/976/976
f 928/928/928 976/976/976 977/977/977
f 924/924/924 928/928/928 977/977/977
f 924/924/924 977/977/977 978/978/978
f 924/924/924 978/978/978 923/923/923
f 979/979/979 923/923/923 978/978/978
f 979/979/979 980/980/980 923/923/923
f 978/978/978 981/981/981 979/979/979
f 978/978/978 977/977/977 981/981/981
f 977/977/977 982/982/982 981/981/981
f 977/977/977 976/976/976 982/982/982
f 976/976/976 983/983/983 982/982/982
f 976/976/976 975/975/975 983/983/983
f 975/975/975 984/984/984 983/983/983
f 975/975/975 974/974/974 984/984/984
f 974/974/974 985/985/985 984/984/984
f 974/974/974 972/972/972 985/985/985
f 972/972/972 986/986/986 985/985/985
f 972/972/972 973/973/973 986/986/986
f 986/986/986 973/973/973 987/987/987
f 986/986/986 987/987/987 988/988/988
f 970/970/970 987/987/987 973/973/973
f 970/970/970 989/989/989 987/987/987
f 989/989/989 990/990/990 987/987/987
f 989/989/989 991/991/991 990/990/990
f 962/962/962 989/989/989 970/970/970
f 992/992/992 991/991/991 989/989/989
f 962/962/962 992/992/992 989/989/989
f 992/992/992 993/993/993 991/991/991
f 994/994/994 993/993/993 992/992/992
f 995/995/995 992/992/992 962/962/962
f 994/994/994 992/992/992 995/995/995
f 995/995/995 996/996/996 994/994/994
f 995/995/995 962/962/962 966/966/966
f 995/995/995 997/997/997 996/996/996
f 966/966/966 997/997/997 995/995/995
f 997/997/997 998/998/998 996/996/996
f 997/997/997 999/999/999 998/998/998
f 966/966/966 1000/1000/1000 997/997/997
f 1000/1000/1000 999/999/999 997/997/997
f 966/966/966 1001/1001/1001 1000/1000/1000
f 966/966/966 971/971/971 1001/1001/1001
f 1000/1000/1000 1002/1002/1002 999/999/999
f 1003/1003/1003 999/999/999 1002/1002/1002
f 1003/1003/1003 1004/1004/1004 999/999/999
f 1002/1002/1002 1005/1005/1005 1003/1003/1003
f 1000/1000/1000 1006/1006/1006 1002/1002/1002
f 1002/1002/1002 1006/1006/1006 1005/1005/1005
f 1000/1000/1000 1001/1001/1001 1006/1006/1006
f 1006/1006/1006 1007/1007/1007 1005/1005/1005
f 1006/1006/1006 1008/1008/1008 1007/1007/1007
f 1001/1001/1001 1008/1008/1008 1006/1006/1006
f 1008/1008/1008 1009/1009/1009 1007/1007/1007
f 971/971/971 1010/1010/1010 1001/1001/1001
f 1001/1001/1001 1010/1010/1010 1008/1008/1008
f 1008/1008/1008 1011/1011/1011 1009/1009/1009
f 1010/1010/1010 1011/1011/1011 1008/1008/1008
f 1011/1011/1011 1012/1012/1012 1009/1009/1009
f 971/971/971 1013/1013/1013 1010/1010/1010
f 969/969/969 1013/1013/1013 971/971/971
f 1011/1011/1011 1014/1014/1014 1012/1012/1012
f 1014/1014/1014 1015/1015/1015 1012/1012/1012
f 1010/1010/1010 1016/1016/1016 1011/1011/1011
f 1013/1013/1013 1016/1016/1016 1010/1010/1010
f 1016/1016/1016 1014/1014/1014 1011/1011/1011
f 1017/1017/1017 1013/1013/1013 969/969/969
f 968/968/968 1017/1017/1017 969/969/969
f 1014/1014/1014 1018/1018/1018 1015/1015/1015
f 1018/1018/1018 1019/1019/1019 1015/1015/1015
f 1013/1013/1013 1020/1020/1020 1016/1016/1016
f 1017/1017/1017 1020/1020/1020 1013/1013/1013
f 1016/1016/1016 1021/1021/1021 1014/1014/1014
f 1021/1021/1021 1018/1018/1018 1014/1014/1014
f 1020/1020/1020 1021/1021/1021 1016/1016/1016
f 1022/1022/1022 1017/1017/1017 968/968/968
f 958/958/958 1022/1022/1022 968/968/968
f 1023/1023/1023 1020/1020/1020 1017/1017/1017
f 1022/1022/1022 1023/1023/1023 1017/1017/1017
f 1020/1020/1020 1024/1024/1024 1021/1021/1021
f 1023/1023/1023 1024/1024/1024 1020/1020/1020
f 1021/1021/1021 1025/1025/1025 1018/1018/1018
f 1024/1024/1024 1025/1025/1025 1021/1021/1021
f 1018/1018/1018 1026/1026/1026 1019/1019/1019
f 1025/1025/1025 1026/1026/1026 1018/1018/1018
f 1027/1027/1027 1022/1022/1022 958/958/958
f 946/946/946 1027/1027/1027 958/958/958
f 1028/1028/1028 1023/1023/1023 1022/1022/1022
f 1027/1027/1027 1028/1028/1028 1022/1022/1022
f 1029/1029/1029 1024/1024/1024 1023/1023/1023
f 1028/1028/1028 1029/1029/1029 1023/1023/1023
f 1019/1019/1019 1026/1026/1026 1030/1030/1030
f 1019/1019/1019 1030/1030/1030 1031/1031/1031
f 1025/1025/1025 1032/1032/1032 1026/1026/1026
f 1032/1032/1032 1030/1030/1030 1026/1026/1026
f 1024/1024/1024 1033/1033/1033 1025/1025/1025
f 1029/1029/1029 1033/1033/1033 1024/1024/1024
f 1033/1033/1033 1032/1032/1032 1025/1025/1025
f 1034/1034/1034 1027/1027/1027 946/946/946
f 940/940/940 1034/1034/1034 946/946/946
f 1035/1035/1035 1028/1028/1028 1027/1027/1027
f 1034/1034/1034 1035/1035/1035 1027/1027/1027
f 1032/1032/1032 1036/1036/1036 1030/1030/1030
f 1036/1036/1036 1037/1037/1037 1030/1030/1030
f 1036/1036/1036 1038/1038/1038 1037/1037/1037
f 1039/1039/1039 1029/1029/1029 1028/1028/1028
f 1035/1035/1035 1039/1039/1039 1028/1028/1028
f 1033/1033/1033 1040/1040/1040 1032/1032/1032
f 1040/1040/1040 1036/1036/1036 1032/1032/1032
f 1041/1041/1041 1038/1038/1038 1036/1036/1036
f 1040/1040/1040 1041/1041/1041 1036/1036/1036
f 1041/1041/1041 1042/1042/1042 1038/1038/1038
f 1043/1043/1043 1042/1042/1042 1041/1041/1041
f 1044/1044/1044 1033/1033/1033 1029/1029/1029
f 1039/1039/1039 1044/1044/1044 1029/1029/1029
f 1044/1044/1044 1040/1040/1040 1033/1033/1033
f 1043/1043/1043 1041/1041/1041 1045/1045/1045
f 1045/1045/1045 1041/1041/1041 1040/1040/1040
f 1045/1045/1045 1046/1046/1046 1043/1043/1043
f 1044/1044/1044 1047/1047/1047 1040/1040/1040
f 1045/1045/1045 1040/1040/1040 1047/1047/1047
f 1045/1045/1045 1048/1048/1048 1046/1046/1046
f 1047/1047/1047 1048/1048/1048 1045/1045/1045
f 1048/1048/1048 1049/1049/1049 1046/1046/1046
f 1048/1048/1048 1050/1050/1050 1049/1049/1049
f 1051/1051/1051 1044/1044/1044 1039/1039/1039
f 1051/1051/1051 1047/1047/1047 1044/1044/1044
f 1047/1047/1047 1052/1052/1052 1048/1048/1048
f 1052/1052/1052 1050/1050/1050 1048/1048/1048
f 1053/1053/1053 1051/1051/1051 1039/1039/1039
f 1053/1053/1053 1039/1039/1039 1035/1035/1035
f 1047/1047/1047 1051/1051/1051 1054/1054/1054
f 1047/1047/1047 1054/1054/1054 1052/1052/1052
f 1051/1051/1051 1053/1053/1053 1055/1055/1055
f 1051/1051/1051 1055/1055/1055 1054/1054/1054
f 1056/1056/1056 1053/1053/1053 1035/1035/1035
f 1056/1056/1056 1035/1035/1035 1034/1034/1034
f 1053/1053/1053 1057/1057/1057 1055/1055/1055
f 1053/1053/1053 1056/1056/1056 1057/1057/1057
f 1058/1058/1058 1056/1056/1056 1034/1034/1034
f 1058/1058/1058 1034/1034/1034 940/940/940
f 934/934/934 1058/1058/1058 940/940/940
f 1056/1056/1056 1058/1058/1058 1059/1059/1059
f 1056/1056/1056 1059/1059/1059 1057/1057/1057
f 1058/1058/1058 934/934/934 1060/1060/1060
f 1058/1058/1058 1060/1060/1060 1059/1059/1059
f 934/934/934 884/884/884 1060/1060/1060
f 1060/1060/1060 884/884/884 1061/1061/1061
f 884/884/884 883/883/883 1061/1061/1061
f 1059/1059/1059 1060/1060/1060 1062/1062/1062
f 1060/1060/1060 1061/1061/1061 1062/1062/1062
f 1063/1063/1063 1061/1061/1061 883/883/883
f 1062/1062/1062 1061/1061/1061 1063/1063/1063
f 1063/1063/1063 883/883/883 1064/1064/1064
f 1062/1062/1062 1063/1063/1063 1065/1065/1065
f 1059/1059/1059 1062/1062/1062 1066/1066/1066
f 1066/1066/1066 1062/1062/1062 1065/1065/1065
f 1057/1057/1057 1059/1059/1059 1066/1066/1066
f 1066/1066/1066 1065/1065/1065 1067/1067/1067
f 1057/1057/1057 1066/1066/1066 1068/1068/1068
f 1068/1068/1068 1066/1066/1066 1067/1067/1067
f 1055/1055/1055 1057/1057/1057 1068/1068/1068
f 1068/1068/1068 1067/1067/1067 1069/1069/1069
f 1055/1055/1055 1068/1068/1068 1070/1070/1070
f 1070/1070/1070 1068/1068/1068 1069/1069/1069
f 1054/1054/1054 1055/1055/1055 1070/1070/1070
f 1070/1070/1070 1069/1069/1069 1071/1071/1071
f 1054/1054/1054 1070/1070/1070 1072/1072/1072
f 1072/1072/1072 1070/1070/1070 1071/1071/1071
f 1052/1052/1052 1054/1054/1054 1072/1072/1072
f 1072/1072/1072 1071/1071/1071 1073/1073/1073
f 1052/1052/1052 1072/1072/1072 1074/1074/1074
f 1074/1074/1074 1072/1072/1072 1073/1073/1073
f 1052/1052/1052 1074/1074/1074 1050/1050/1050
f 1074/1074/1074 1073/1073/1073 1075/1075/1075
f 1075/1075/1075 1050/1050/1050 1074/1074/1074
f 1075/1075/1075 1076/1076/1076 1050/1050/1050
f 1077/1077/1077 1079/1079/1079 1078/1078/1078
f 1077/1077/1077 1078/1078/1078 1080/1080/1080
f 1081/1081/1081 1080/1080/1080 1078/1078/1078
f 1081/1081/1081 1078/1078/1078 1082/1082/1082
f 1083/1083/1083 1081/1081/1081 1082/1082/1082
f 1083/1083/1083 1082/1082/1082 1084/1084/1084
f 1084/1084/1084 1085/1085/1085 1083/1083/1083
f 1084/1084/1084 1086/1086/1086 1085/1085/1085
f 1085/1085/1085 1086/1086/1086 1087/1087/1087
f 1085/1085/1085 1087/1087/1087 1088/1088/1088
f 1088/1088/1088 1087/1087/1087 1089/1089/1089
f 1083/1083/1083 1085/1085/1085 1090/1090/1090
f 1090/1090/1090 1085/1085/1085 1088/1088/1088
f 1091/1091/1091 1081/1081/1081 1083/1083/1083
f 1083/1083/1083 1090/1090/1090 1091/1091/1091
f 1092/1092/1092 1080/1080/1080 1081/1081/1081
f 1091/1091/1091 1092/1092/1092 1081/1081/1081
f 1093/1093/1093 1077/1077/1077 1080/1080/1080
f 1094/1094/1094 1077/1077/1077 1093/1093/1093
f 1094/1094/1094 1095/1095/1095 1077/1077/1077
f 1093/1093/1093 1096/1096/1096 1094/1094/1094
f 1093/1093/1093 1080/1080/1080 1097/1097/1097
f 1092/1092/1092 1097/1097/1097 1080/1080/1080
f 1093/1093/1093 1098/1098/1098 1096/1096/1096
f 1097/1097/1097 1098/1098/1098 1093/1093/1093
f 1098/1098/1098 1099/1099/1099 1096/1096/1096
f 1092/1092/1092 1100/1100/1100 1097/1097/1097
f 1097/1097/1097 1100/1100/1100 1098/1098/1098
f 1098/1098/1098 1101/1101/1101 1099/1099/1099
f 1100/1100/1100 1101/1101/1101 1098/1098/1098
f 1101/1101/1101 1102/1102/1102 1099/1099/1099
f 1091/1091/1091 1103/1103/1103 1092/1092/1092
f 1092/1092/1092 1103/1103/1103 1100/1100/1100
f 1100/1100/1100 1104/1104/1104 1101/1101/1101
f 1103/1103/1103 1104/1104/1104 1100/1100/1100
f 1101/1101/1101 1105/1105/1105 1102/1102/1102
f 1104/1104/1104 1105/1105/1105 1101/1101/1101
f 1105/1105/1105 1106/1106/1106 1102/1102/1102
f 1091/1091/1091 1107/1107/1107 1103/1103/1103
f 1107/1107/1107 1091/1091/1091 1090/1090/1090
f 1103/1103/1103 1108/1108/1108 1104/1104/1104
f 1107/1107/1107 1108/1108/1108 1103/1103/1103
f 1105/1105/1105 1109/1109/1109 1106/1106/1106
f 1109/1109/1109 1110/1110/1110 1106/1106/1106
f 1104/1104/1104 1111/1111/1111 1105/1105/1105
f 1108/1108/1108 1111/1111/1111 1104/1104/1104
f 1111/1111/1111 1109/1109/1109 1105/1105/1105
f 1109/1109/1109 1112/1112/1112 1110/1110/1110
f 1112/1112/1112 1113/1113/1113 1110/1110/1110
f 1111/1111/1111 1114/1114/1114 1109/1109/1109
f 1114/1114/1114 1112/1112/1112 1109/1109/1109
f 1108/1108/1108 1115/1115/1115 1111/1111/1111
f 1115/1115/1115 1114/1114/1114 1111/1111/1111
f 1107/1107/1107 1116/1116/1116 1108/1108/1108
f 1116/1116/1116 1115/1115/1115 1108/1108/1108
f 1107/1107/1107 1090/1090/1090 1117/1117/1117
f 1116/1116/1116 1107/1107/1107 1117/1117/1117
f 1112/1112/1112 1118/1118/1118 1113/1113/1113
f 1118/1118/1118 1119/1119/1119 1113/1113/1113
f 1114/1114/1114 1120/1120/1120 1112/1112/1112
f 1120/1120/1120 1118/1118/1118 1112/1112/1112
f 1115/1115/1115 1121/1121/1121 1114/1114/1114
f 1121/1121/1121 1120/1120/1120 1114/1114/1114
f 1116/1116/1116 1122/1122/1122 1115/1115/1115
f 1122/1122/1122 1121/1121/1121 1115/1115/1115
f 1118/1118/1118 1123/1123/1123 1119/1119/1119
f 1123/1123/1123 1124/1124/1124 1119/1119/1119
f 1120/1120/1120 1125/1125/1125 1118/1118/1118
f 1125/1125/1125 1123/1123/1123 1118/1118/1118
f 1121/1121/1121 1126/1126/1126 1120/1120/1120
f 1126/1126/1126 1125/1125/1125 1120/1120/1120
f 1116/1116/1116 1117/1117/1117 1127/1127/1127
f 1122/1122/1122 1116/1116/1116 1127/1127/1127
f 1122/1122/1122 1128/1128/1128 1121/1121/1121
f 1128/1128/1128 1126/1126/1126 1121/1121/1121
f 1122/1122/1122 1127/1127/1127 1129/1129/1129
f 1128/1128/1128 1122/1122/1122 1129/1129/1129
f 1123/1123/1123 1130/1130/1130 1124/1124/1124
f 1125/1125/1125 1131/1131/1131 1123/1123/1123
f 1131/1131/1131 1130/1130/1130 1123/1123/1123
f 1126/1126/1126 1132/1132/1132 1125/1125/1125
f 1132/1132/1132 1131/1131/1131 1125/1125/1125
f 1128/1128/1128 1133/1133/1133 1126/1126/1126
f 1133/1133/1133 1132/1132/1132 1126/1126/1126
f 1128/1128/1128 1129/1129/1129 1134/1134/1134
f 1133/1133/1133 1128/1128/1128 1134/1134/1134
f 1124/1124/1124 1130/1130/1130 1135/1135/1135
f 1124/1124/1124 1135/1135/1135 1136/1136/1136
f 1137/1137/1137 1129/1129/1129 1127/1127/1127
f 1138/1138/1138 1134/1134/1134 1129/1129/1129
f 1137/1137/1137 1138/1138/1138 1129/1129/1129
f 1139/1139/1139 1137/1137/1137 1127/1127/1127
f 1139/1139/1139 1127/1127/1127 1117/1117/1117
f 1140/1140/1140 1139/1139/1139 1117/1117/1117
f 1140/1140/1140 1117/1117/1117 1090/1090/1090
f 1090/1090/1090 1088/1088/1088 1140/1140/1140
f 1140/1140/1140 1088/1088/1088 1141/1141/1141
f 1088/1088/1088 1089/1089/1089 1141/1141/1141
f 1142/1142/1142 1139/1139/1139 1140/1140/1140
f 1140/1140/1140 1141/1141/1141 1142/1142/1142
f 1143/1143/1143 1137/1137/1137 1139/1139/1139
f 1142/1142/1142 1143/1143/1143 1139/1139/1139
f 1144/1144/1144 1141/1141/1141 1089/1089/1089
f 1144/1144/1144 1089/1089/1089 1145/1145/1145
f 1146/1146/1146 1142/1142/1142 1141/1141/1141
f 1146/1146/1146 1141/1141/1141 1144/1144/1144
f 1146/1146/1146 1143/1143/1143 1142/1142/1142
f 1143/1143/1143 1147/1147/1147 1137/1137/1137
f 1147/1147/1147 1138/1138/1138 1137/1137/1137
f 1148/1148/1148 1146/1146/1146 1144/1144/1144
f 1148/1148/1148 1144/1144/1144 1149/1149/1149
f 1146/1146/1146 1150/1150/1150 1143/1143/1143
f 1148/1148/1148 1150/1150/1150 1146/1146/1146
f 1150/1150/1150 1147/1147/1147 1143/1143/1143
f 1148/1148/1148 1151/1151/1151 1150/1150/1150
f 1151/1151/1151 1152/1152/1152 1150/1150/1150
f 1150/1150/1150 1152/1152/1152 1147/1147/1147
f 1151/1151/1151 1153/1153/1153 1152/1152/1152
f 1147/1147/1147 1154/1154/1154 1138/1138/1138
f 1152/1152/1152 1154/1154/1154 1147/1147/1147
f 1153/1153/1153 1155/1155/1155 1152/1152/1152
f 1152/1152/1152 1155/1155/1155 1154/1154/1154
f 1153/1153/1153 1156/1156/1156 1155/1155/1155
f 1154/1154/1154 1157/1157/1157 1138/1138/1138
f 1138/1138/1138 1157/1157/1157 1134/1134/1134
f 1155/1155/1155 1158/1158/1158 1154/1154/1154
f 1154/1154/1154 1158/1158/1158 1157/1157/1157
f 1156/1156/1156 1159/1159/1159 1155/1155/1155
f 1155/1155/1155 1159/1159/1159 1158/1158/1158
f 1156/1156/1156 1160/1160/1160 1159/1159/1159
f 1157/1157/1157 1161/1161/1161 1134/1134/1134
f 1133/1133/1133 1134/1134/1134 1161/1161/1161
f 1158/1158/1158 1162/1162/1162 1157/1157/1157
f 1157/1157/1157 1162/1162/1162 1161/1161/1161
f 1159/1159/1159 1163/1163/1163 1158/1158/1158
f 1158/1158/1158 1163/1163/1163 1162/1162/1162
f 1160/1160/1160 1164/1164/1164 1159/1159/1159
f 1159/1159/1159 1164/1164/1164 1163/1163/1163
f 1160/1160/1160 1165/1165/1165 1164/1164/1164
f 1166/1166/1166 1133/1133/1133 1161/1161/1161
f 1133/1133/1133 1166/1166/1166 1132/1132/1132
f 1162/1162/1162 1167/1167/1167 1161/1161/1161
f 1166/1166/1166 1161/1161/1161 1167/1167/1167
f 1163/1163/1163 1168/1168/1168 1162/1162/1162
f 1162/1162/1162 1168/1168/1168 1167/1167/1167
f 1164/1164/1164 1169/1169/1169 1163/1163/1163
f 1163/1163/1163 1169/1169/1169 1168/1168/1168
f 1165/1165/1165 1170/1170/1170 1164/1164/1164
f 1164/1164/1164 1170/1170/1170 1169/1169/1169
f 1165/1165/1165 1171/1171/1171 1170/1170/1170
f 1166/1166/1166 1172/1172/1172 1132/1132/1132
f 1132/1132/1132 1172/1172/1172 1131/1131/1131
f 1173/1173/1173 1166/1166/1166 1167/1167/1167
f 1166/1166/1166 1173/1173/1173 1172/1172/1172
f 1168/1168/1168 1174/1174/1174 1167/1167/1167
f 1173/1173/1173 1167/1167/1167 1174/1174/1174
f 1169/1169/1169 1175/1175/1175 1168/1168/1168
f 1168/1168/1168 1175/1175/1175 1174/1174/1174
f 1170/1170/1170 1176/1176/1176 1169/1169/1169
f 1169/1169/1169 1176/1176/1176 1175/1175/1175
f 1171/1171/1171 1177/1177/1177 1170/1170/1170
f 1170/1170/1170 1177/1177/1177 1176/1176/1176
f 1171/1171/1171 1178/1178/1178 1177/1177/1177
f 1172/1172/1172 1179/1179/1179 1131/1131/1131
f 1131/1131/1131 1179/1179/1179 1130/1130/1130
f 1173/1173/1173 1180/1180/1180 1172/1172/1172
f 1172/1172/1172 1180/1180/1180 1179/1179/1179
f 1130/1130/1130 1179/1179/1179 1181/1181/1181
f 1180/1180/1180 1181/1181/1181 1179/1179/1179
f 1130/1130/1130 1181/1181/1181 1135/1135/1135
f 1182/1182/1182 1173/1173/1173 1174/1174/1174
f 1173/1173/1173 1182/1182/1182 1180/1180/1180
f 1175/1175/1175 1183/1183/1183 1174/1174/1174
f 1182/1182/1182 1174/1174/1174 1183/1183/1183
f 1176/1176/1176 1184/1184/1184 1175/1175/1175
f 1175/1175/1175 1184/1184/1184 1183/1183/1183
f 1177/1177/1177 1185/1185/1185 1176/1176/1176
f 1176/1176/1176 1185/1185/1185 1184/1184/1184
f 1135/1135/1135 1181/1181/1181 1186/1186/1186
f 1135/1135/1135 1186/1186/1186 1187/1187/1187
f 1180/1180/1180 1188/1188/1188 1181/1181/1181
f 1188/1188/1188 1186/1186/1186 1181/1181/1181
f 1182/1182/1182 1188/1188/1188 1180/1180/1180
f 1188/1188/1188 1189/1189/1189 1186/1186/1186
f 1190/1190/1190 1189/1189/1189 1188/1188/1188
f 1182/1182/1182 1190/1190/1190 1188/1188/1188
f 1190/1190/1190 1191/1191/1191 1189/1189/1189
f 1190/1190/1190 1192/1192/1192 1191/1191/1191
f 1182/1182/1182 1193/1193/1193 1190/1190/1190
f 1190/1190/1190 1193/1193/1193 1192/1192/1192
f 1182/1182/1182 1183/1183/1183 1193/1193/1193
f 1193/1193/1193 1194/1194/1194 1192/1192/1192
f 1183/1183/1183 1195/1195/1195 1193/1193/1193
f 1193/1193/1193 1195/1195/1195 1194/1194/1194
f 1183/1183/1183 1184/1184/1184 1195/1195/1195
f 1195/1195/1195 1196/1196/1196 1194/1194/1194
f 1184/1184/1184 1197/1197/1197 1195/1195/1195
f 1195/1195/1195 1197/1197/1197 1196/1196/1196
f 1184/1184/1184 1185/1185/1185 1197/1197/1197
f 1198/1198/1198 1196/1196/1196 1197/1197/1197
f 1198/1198/1198 1199/1199/1199 1196/1196/1196
f 1200/1200/1200 1197/1197/1197 1185/1185/1185
f 1200/1200/1200 1198/1198/1198 1197/1197/1197
f 1177/1177/1177 1200/1200/1200 1185/1185/1185
f 1178/1178/1178 1200/1200/1200 1177/1177/1177
f 1178/1178/1178 1201/1201/1201 1200/1200/1200
f 1201/1201/1201 1198/1198/1198 1200/1200/1200
f 1201/1201/1201 1202/1202/1202 1198/1198/1198
